역명,연월,승차,하차,무임,어린이,청소년
다대포해수욕장역,2014년 1월,0,0,0,0,0
다대포해수욕장역,2014년 2월,0,0,0,0,0
다대포해수욕장역,2014년 3월,0,0,0,0,0
다대포해수욕장역,2014년 4월,0,0,0,0,0
다대포해수욕장역,2014년 5월,0,0,0,0,0
다대포해수욕장역,2014년 6월,0,0,0,0,0
다대포해수욕장역,2014년 7월,0,0,0,0,0
다대포해수욕장역,2014년 8월,0,0,0,0,0
다대포해수욕장역,2014년 9월,0,0,0,0,0
다대포해수욕장역,2014년 10월,0,0,0,0,0
다대포해수욕장역,2014년 11월,0,0,0,0,0
다대포해수욕장역,2014년 12월,0,0,0,0,0
다대포해수욕장역,2015년 1월,0,0,0,0,0
다대포해수욕장역,2015년 2월,0,0,0,0,0
다대포해수욕장역,2015년 3월,0,0,0,0,0
다대포해수욕장역,2015년 4월,0,0,0,0,0
다대포해수욕장역,2015년 5월,0,0,0,0,0
다대포해수욕장역,2015년 6월,0,0,0,0,0
다대포해수욕장역,2015년 7월,0,0,0,0,0
다대포해수욕장역,2015년 8월,0,0,0,0,0
다대포해수욕장역,2015년 9월,0,0,0,0,0
다대포해수욕장역,2015년 10월,0,0,0,0,0
다대포해수욕장역,2015년 11월,0,0,0,0,0
다대포해수욕장역,2015년 12월,0,0,0,0,0
다대포해수욕장역,2016년 1월,0,0,0,0,0
다대포해수욕장역,2016년 2월,0,0,0,0,0
다대포해수욕장역,2016년 3월,0,0,0,0,0
다대포해수욕장역,2016년 4월,0,0,0,0,0
다대포해수욕장역,2016년 5월,0,0,0,0,0
다대포해수욕장역,2016년 6월,0,0,0,0,0
다대포해수욕장역,2016년 7월,0,0,0,0,0
다대포해수욕장역,2016년 8월,0,0,0,0,0
다대포해수욕장역,2016년 9월,0,0,0,0,0
다대포해수욕장역,2016년 10월,0,0,0,0,0
다대포해수욕장역,2016년 11월,0,0,0,0,0
다대포해수욕장역,2016년 12월,0,0,0,0,0
다대포해수욕장역,2017년 1월,0,0,0,0,0
다대포해수욕장역,2017년 2월,251,254,11,41,64
다대포해수욕장역,2017년 3월,275,380,66,0,4
다대포해수욕장역,2017년 4월,99620,98473,43595,2131,3256
다대포해수욕장역,2017년 5월,210138,198882,83901,6033,10771
다대포해수욕장역,2017년 6월,181117,167337,73468,4805,7578
다대포해수욕장역,2017년 7월,198939,182236,81360,6008,9148
다대포해수욕장역,2017년 8월,204158,184616,81605,7474,9441
다대포해수욕장역,2017년 9월,154072,134568,52961,4310,7909
다대포해수욕장역,2017년 10월,168787,151168,50033,5254,9896
다대포해수욕장역,2017년 11월,146300,125630,49167,3782,8543
다대포해수욕장역,2017년 12월,138299,115072,41574,4063,10070
다대포해수욕장역,2018년 1월,126557,104637,39807,3885,7142
다대포해수욕장역,2018년 2월,113925,93007,35938,3519,6895
다대포해수욕장역,2018년 3월,143384,120586,49272,3882,7803
다대포해수욕장역,2018년 4월,141380,118739,48042,3357,6860
다대포해수욕장역,2018년 5월,156540,130845,52795,4639,9041
다대포해수욕장역,2018년 6월,153662,129239,55036,4402,7273
다대포해수욕장역,2018년 7월,192313,166352,83048,5324,8824
다대포해수욕장역,2018년 8월,192764,165759,80547,6353,8731
다대포해수욕장역,2018년 9월,138704,111559,47937,4033,6777
다대포해수욕장역,2018년 10월,155033,126536,55320,4213,8260
다대포해수욕장역,2018년 11월,143118,115430,50507,3456,7759
다대포해수욕장역,2018년 12월,138640,110652,45231,3965,8510
다대포해수욕장역,2019년 1월,136913,109221,46621,3889,7199
다대포해수욕장역,2019년 2월,127595,103459,45089,3637,6921
다대포해수욕장역,2019년 3월,145865,118183,53842,3203,7278
다대포해수욕장역,2019년 4월,146102,119130,53715,3402,6730
다대포해수욕장역,2019년 5월,167069,138204,62288,4141,8437
다대포해수욕장역,2019년 6월,155925,130142,60022,4285,6317
다대포해수욕장역,2019년 7월,169863,141569,65287,4995,7925
다대포해수욕장역,2019년 8월,191996,163918,79198,6092,8185
다대포해수욕장역,2019년 9월,145019,118002,53784,3400,6180
다대포해수욕장역,2019년 10월,173854,143640,61574,4514,8313
다대포해수욕장역,2019년 11월,151543,122386,56237,3938,7291
다대포해수욕장역,2019년 12월,149370,118556,53182,3968,8073
다대포해수욕장역,2020년 1월,136976,109584,48690,3721,6330
다대포해수욕장역,2020년 2월,109653,88206,41953,1936,4565
다대포해수욕장역,2020년 3월,88969,74493,38032,1002,1888
다대포해수욕장역,2020년 4월,108503,91475,47611,1624,2900
다대포해수욕장역,2020년 5월,131345,110749,58215,2128,3574
다대포해수욕장역,2020년 6월,137410,115968,59736,2194,5370
다대포해수욕장역,2020년 7월,139945,117652,58626,2419,5132
다대포해수욕장역,2020년 8월,134955,114771,61216,2338,4208
다대포해수욕장역,2020년 9월,115984,96206,50069,1616,3923
다대포해수욕장역,2020년 10월,134118,113345,58549,2143,4645
다대포해수욕장역,2020년 11월,126901,104920,53076,1815,4526
다대포해수욕장역,2020년 12월,100479,80896,43428,1247,3167
다대포해수욕장역,2021년 1월,101888,82523,44339,1356,3364
다대포해수욕장역,2021년 2월,107219,87320,45799,1683,4194
다대포해수욕장역,2021년 3월,128519,103644,57415,1769,4859
다대포해수욕장역,2021년 4월,126000,104070,58040,1596,4295
다대포해수욕장역,2021년 5월,134721,111257,60045,2454,5743
다대포해수욕장역,2021년 6월,139637,115151,62120,2252,4868
다대포해수욕장역,2021년 7월,144207,120214,66817,2236,5913
다대포해수욕장역,2021년 8월,133226,111357,65186,1761,4681
다대포해수욕장역,2021년 9월,126751,102923,56958,1966,4862
다대포해수욕장역,2021년 10월,146701,121887,67283,2303,5903
다대포해수욕장역,2021년 11월,137848,111997,60520,1845,5334
다대포해수욕장역,2021년 12월,129553,103957,53211,1768,6624
다대포해수욕장역,2022년 1월,127790,102443,54778,2058,5997
다대포해수욕장역,2022년 2월,109596,88684,49251,1494,4527
다대포해수욕장역,2022년 3월,122661,101325,55641,1574,5352
다대포해수욕장역,2022년 4월,139962,117088,63198,2430,5806
다대포해수욕장역,2022년 5월,163999,138875,72136,3354,8158
다대포해수욕장역,2022년 6월,148462,123531,65400,2875,6113
다대포해수욕장역,2022년 7월,174321,147424,79224,3682,8374
다대포해수욕장역,2022년 8월,166375,139670,76816,3399,6636
다대포해수욕장역,2022년 9월,143055,116849,62715,2167,6061
다대포해수욕장역,2022년 10월,159489,132358,70414,2735,7122
다대포해수욕장역,2022년 11월,148187,121726,64821,2232,6342
다대포해수욕장역,2022년 12월,137440,110339,55478,2304,7372
다대포해수욕장역,2023년 1월,129448,103821,52690,2219,6315
다대포해수욕장역,2023년 2월,138690,114377,61613,2371,6274
다대포해수욕장역,2023년 3월,152459,125881,69208,2322,6858
다대포해수욕장역,2023년 4월,146779,121091,65324,2770,6238
다대포해수욕장역,2023년 5월,150741,123897,66907,2555,6846
다대포해수욕장역,2023년 6월,155757,130380,71907,2789,6163
다대포해수욕장역,2023년 7월,154695,129243,73002,2843,7577
다대포해수욕장역,2023년 8월,187092,160852,85514,3624,7789
다대포해수욕장역,2023년 9월,154871,128823,69647,2355,6125
다대포해수욕장역,2023년 10월,186610,160311,90018,2812,7106
다대포해수욕장역,2023년 11월,157499,132259,72445,2103,6460
다대포해수욕장역,2023년 12월,146978,122745,63188,2619,7425
다대포해수욕장역,2024년 1월,147906,124242,67091,2532,6276
다대포해수욕장역,2024년 2월,136058,114063,61488,2731,5817
다대포해수욕장역,2024년 3월,155452,130790,73643,2556,6537
다대포해수욕장역,2024년 4월,161485,137435,79488,2852,5794
다대포해수욕장역,2024년 5월,183747,158714,92756,3712,7644
다대포해수욕장역,2024년 6월,177980,154487,93808,3739,5796
다대포해수욕장역,2024년 7월,218258,196970,109264,5148,9399
다대포해수욕장역,2024년 8월,213928,189801,120331,4291,6940
다대포해수욕장역,2024년 9월,174901,150236,91889,3020,5643
다대포해수욕장역,2024년 10월,186712,159996,96386,3714,6992
다대포해수욕장역,2024년 11월,165508,139234,81817,3172,6758
다대포해수욕장역,2024년 12월,150835,124790,70597,3024,7716
다대포항역,2014년 1월,0,0,0,0,0
다대포항역,2014년 2월,0,0,0,0,0
다대포항역,2014년 3월,0,0,0,0,0
다대포항역,2014년 4월,0,0,0,0,0
다대포항역,2014년 5월,0,0,0,0,0
다대포항역,2014년 6월,0,0,0,0,0
다대포항역,2014년 7월,0,0,0,0,0
다대포항역,2014년 8월,0,0,0,0,0
다대포항역,2014년 9월,0,0,0,0,0
다대포항역,2014년 10월,0,0,0,0,0
다대포항역,2014년 11월,0,0,0,0,0
다대포항역,2014년 12월,0,0,0,0,0
다대포항역,2015년 1월,0,0,0,0,0
다대포항역,2015년 2월,0,0,0,0,0
다대포항역,2015년 3월,0,0,0,0,0
다대포항역,2015년 4월,0,0,0,0,0
다대포항역,2015년 5월,0,0,0,0,0
다대포항역,2015년 6월,0,0,0,0,0
다대포항역,2015년 7월,0,0,0,0,0
다대포항역,2015년 8월,0,0,0,0,0
다대포항역,2015년 9월,0,0,0,0,0
다대포항역,2015년 10월,0,0,0,0,0
다대포항역,2015년 11월,0,0,0,0,0
다대포항역,2015년 12월,0,0,0,0,0
다대포항역,2016년 1월,0,0,0,0,0
다대포항역,2016년 2월,0,0,0,0,0
다대포항역,2016년 3월,0,0,0,0,0
다대포항역,2016년 4월,0,0,0,0,0
다대포항역,2016년 5월,0,0,0,0,0
다대포항역,2016년 6월,0,0,0,0,0
다대포항역,2016년 7월,0,0,0,0,0
다대포항역,2016년 8월,0,0,0,0,0
다대포항역,2016년 9월,0,0,0,0,0
다대포항역,2016년 10월,0,0,0,0,0
다대포항역,2016년 11월,0,0,0,0,0
다대포항역,2016년 12월,0,0,0,0,0
다대포항역,2017년 1월,0,0,0,0,0
다대포항역,2017년 2월,189,203,0,38,56
다대포항역,2017년 3월,58,62,28,0,1
다대포항역,2017년 4월,49043,49945,17946,1015,1913
다대포항역,2017년 5월,112918,119517,41310,2967,5767
다대포항역,2017년 6월,103322,112387,37803,2561,4565
다대포항역,2017년 7월,101917,112585,35988,3046,4795
다대포항역,2017년 8월,103528,116351,36474,3423,4682
다대포항역,2017년 9월,103995,117619,37420,2710,4412
다대포항역,2017년 10월,100470,112084,34770,2837,4759
다대포항역,2017년 11월,103215,116477,36782,2412,4745
다대포항역,2017년 12월,103966,116342,34616,2990,5553
다대포항역,2018년 1월,96888,108650,31911,2571,4334
다대포항역,2018년 2월,87665,98904,28848,2358,4649
다대포항역,2018년 3월,107680,121943,38464,2492,4975
다대포항역,2018년 4월,106573,120822,38220,2260,4634
다대포항역,2018년 5월,111192,125651,38710,2800,5261
다대포항역,2018년 6월,101347,115993,35068,2476,4163
다대포항역,2018년 7월,103490,120413,36671,2795,4695
다대포항역,2018년 8월,102128,119239,37317,2857,4146
다대포항역,2018년 9월,97421,112991,34381,2525,4250
다대포항역,2018년 10월,113090,129845,42503,2540,4564
다대포항역,2018년 11월,109248,124736,39533,2406,4574
다대포항역,2018년 12월,109033,124392,37696,2694,4923
다대포항역,2019년 1월,104135,119523,37209,2658,4003
다대포항역,2019년 2월,93185,105172,32518,2579,4072
다대포항역,2019년 3월,110598,126983,41270,2444,4699
다대포항역,2019년 4월,108867,125185,40511,2553,4473
다대포항역,2019년 5월,114411,130788,42199,2940,4968
다대포항역,2019년 6월,103498,117842,38825,2743,3797
다대포항역,2019년 7월,105554,122157,40038,2567,4197
다대포항역,2019년 8월,107138,124606,41952,2913,3985
다대포항역,2019년 9월,102497,118583,40410,2145,3937
다대포항역,2019년 10월,114385,131571,46133,2254,4481
다대포항역,2019년 11월,112383,129228,45102,2297,4320
다대포항역,2019년 12월,115117,132406,44068,2575,4639
다대포항역,2020년 1월,102516,117764,39105,2482,3244
다대포항역,2020년 2월,82229,94638,30978,1634,2668
다대포항역,2020년 3월,65282,74118,25256,936,1155
다대포항역,2020년 4월,76423,86915,30541,1207,1562
다대포항역,2020년 5월,89730,102003,37677,1663,2115
다대포항역,2020년 6월,92320,105679,37044,1732,3548
다대포항역,2020년 7월,94216,108127,37234,1875,3523
다대포항역,2020년 8월,81806,95729,33120,1418,2488
다대포항역,2020년 9월,80663,93092,33685,1255,2463
다대포항역,2020년 10월,90082,102753,38417,1568,2719
다대포항역,2020년 11월,90394,103734,37408,1573,2967
다대포항역,2020년 12월,75917,88511,31947,1146,2091
다대포항역,2021년 1월,74940,85834,31158,1103,1914
다대포항역,2021년 2월,76239,86041,31299,1172,2247
다대포항역,2021년 3월,94345,107489,40113,1416,2970
다대포항역,2021년 4월,88544,99915,37418,1086,2394
다대포항역,2021년 5월,91089,102667,38717,1399,2818
다대포항역,2021년 6월,90723,103732,38189,1285,2899
다대포항역,2021년 7월,88205,101766,36970,1413,3062
다대포항역,2021년 8월,81478,95270,35714,1181,2452
다대포항역,2021년 9월,87534,101298,38913,1338,2886
다대포항역,2021년 10월,96524,111279,43234,1449,3288
다대포항역,2021년 11월,95550,108998,41547,1347,3179
다대포항역,2021년 12월,93472,107977,39138,1466,3468
다대포항역,2022년 1월,89859,103170,39019,1360,2735
다대포항역,2022년 2월,77444,87897,33668,1158,2536
다대포항역,2022년 3월,86142,99263,38013,1200,2706
다대포항역,2022년 4월,97617,110322,43249,1542,3042
다대포항역,2022년 5월,107145,119945,47366,1807,3617
다대포항역,2022년 6월,99801,112589,44105,1552,3132
다대포항역,2022년 7월,103224,117299,45450,1650,3565
다대포항역,2022년 8월,98613,112677,44148,1592,3031
다대포항역,2022년 9월,97392,111285,43500,1371,2954
다대포항역,2022년 10월,105572,119266,48084,1651,3299
다대포항역,2022년 11월,104638,118104,47751,1567,3191
다대포항역,2022년 12월,103129,116874,45382,1686,3629
다대포항역,2023년 1월,92697,103671,40669,1564,3052
다대포항역,2023년 2월,93471,103577,42678,1499,3105
다대포항역,2023년 3월,107324,120500,49629,1522,3794
다대포항역,2023년 4월,101450,114259,46730,1585,3406
다대포항역,2023년 5월,102587,114869,46973,1471,3694
다대포항역,2023년 6월,102319,114623,47790,1540,3455
다대포항역,2023년 7월,96374,108601,45148,1437,3320
다대포항역,2023년 8월,99026,112293,45916,1544,3087
다대포항역,2023년 9월,100381,113439,47210,1284,3020
다대포항역,2023년 10월,113192,125686,56082,1168,3325
다대포항역,2023년 11월,109318,122608,52627,984,3334
다대포항역,2023년 12월,108100,121139,51085,1302,3753
다대포항역,2024년 1월,105214,116531,51153,1270,3242
다대포항역,2024년 2월,95079,105827,44757,1317,3020
다대포항역,2024년 3월,110353,123084,52884,1485,3694
다대포항역,2024년 4월,109485,121126,52303,1395,3751
다대포항역,2024년 5월,112230,124243,54064,1719,4114
다대포항역,2024년 6월,102722,113497,49101,1654,3312
다대포항역,2024년 7월,107055,117103,49729,1882,4043
다대포항역,2024년 8월,101962,114949,49776,1632,3492
다대포항역,2024년 9월,98047,110155,47329,1485,3257
다대포항역,2024년 10월,108769,121771,54072,1513,3577
다대포항역,2024년 11월,109419,121024,53664,1484,3625
다대포항역,2024년 12월,106880,118269,51077,1775,4093
낫개역,2014년 1월,0,0,0,0,0
낫개역,2014년 2월,0,0,0,0,0
낫개역,2014년 3월,0,0,0,0,0
낫개역,2014년 4월,0,0,0,0,0
낫개역,2014년 5월,0,0,0,0,0
낫개역,2014년 6월,0,0,0,0,0
낫개역,2014년 7월,0,0,0,0,0
낫개역,2014년 8월,0,0,0,0,0
낫개역,2014년 9월,0,0,0,0,0
낫개역,2014년 10월,0,0,0,0,0
낫개역,2014년 11월,0,0,0,0,0
낫개역,2014년 12월,0,0,0,0,0
낫개역,2015년 1월,0,0,0,0,0
낫개역,2015년 2월,0,0,0,0,0
낫개역,2015년 3월,0,0,0,0,0
낫개역,2015년 4월,0,0,0,0,0
낫개역,2015년 5월,0,0,0,0,0
낫개역,2015년 6월,0,0,0,0,0
낫개역,2015년 7월,0,0,0,0,0
낫개역,2015년 8월,0,0,0,0,0
낫개역,2015년 9월,0,0,0,0,0
낫개역,2015년 10월,0,0,0,0,0
낫개역,2015년 11월,0,0,0,0,0
낫개역,2015년 12월,0,0,0,0,0
낫개역,2016년 1월,0,0,0,0,0
낫개역,2016년 2월,0,0,0,0,0
낫개역,2016년 3월,0,0,0,0,0
낫개역,2016년 4월,0,0,0,0,0
낫개역,2016년 5월,0,0,0,0,0
낫개역,2016년 6월,0,0,0,0,0
낫개역,2016년 7월,0,0,0,0,0
낫개역,2016년 8월,0,0,0,0,0
낫개역,2016년 9월,0,0,0,0,0
낫개역,2016년 10월,0,0,0,0,0
낫개역,2016년 11월,0,0,0,0,0
낫개역,2016년 12월,0,0,0,0,0
낫개역,2017년 1월,0,0,0,0,0
낫개역,2017년 2월,201,190,1,37,50
낫개역,2017년 3월,512,406,28,15,0
낫개역,2017년 4월,61085,61684,14715,1588,3062
낫개역,2017년 5월,147609,149409,40151,4532,9446
낫개역,2017년 6월,142218,142332,40166,4062,7256
낫개역,2017년 7월,144739,145100,39275,5204,8700
낫개역,2017년 8월,144793,142103,39460,5823,8746
낫개역,2017년 9월,145716,144097,41450,4544,7544
낫개역,2017년 10월,145359,141461,39314,5168,8636
낫개역,2017년 11월,157745,152389,43944,4499,8320
낫개역,2017년 12월,161982,154550,42234,5661,10709
낫개역,2018년 1월,142997,140760,38192,4978,7918
낫개역,2018년 2월,130975,128025,34941,4788,8429
낫개역,2018년 3월,156254,154115,44245,4769,8995
낫개역,2018년 4월,151133,150736,43706,4544,7625
낫개역,2018년 5월,158670,158758,46009,5179,9297
낫개역,2018년 6월,147611,147236,44240,4563,7084
낫개역,2018년 7월,150470,152016,44895,4882,8169
낫개역,2018년 8월,145973,146135,43258,5000,7785
낫개역,2018년 9월,141482,141232,42622,4286,7053
낫개역,2018년 10월,157053,158715,49161,4304,7859
낫개역,2018년 11월,155591,156353,48072,3875,7933
낫개역,2018년 12월,156047,155489,45982,4387,9271
낫개역,2019년 1월,153066,152315,47122,4453,7753
낫개역,2019년 2월,137935,136850,41859,4134,7780
낫개역,2019년 3월,159375,160537,50797,4080,7775
낫개역,2019년 4월,156303,157967,50605,3994,6570
낫개역,2019년 5월,165916,167249,52673,4634,8031
낫개역,2019년 6월,152924,154239,49647,4320,6208
낫개역,2019년 7월,157445,159239,50387,4365,7497
낫개역,2019년 8월,151893,152721,48867,4616,7076
낫개역,2019년 9월,145814,146866,47905,3315,5992
낫개역,2019년 10월,162992,165439,54421,3817,7058
낫개역,2019년 11월,161518,163228,53183,3908,7067
낫개역,2019년 12월,164919,165638,53794,4352,8421
낫개역,2020년 1월,151110,149309,49189,4177,6860
낫개역,2020년 2월,120992,121499,39925,2481,5022
낫개역,2020년 3월,92659,91623,31176,1318,2277
낫개역,2020년 4월,109123,107795,37774,1905,3256
낫개역,2020년 5월,127467,126617,45934,2419,4118
낫개역,2020년 6월,132397,135319,47416,2452,5248
낫개역,2020년 7월,136095,140032,47411,2612,5580
낫개역,2020년 8월,114340,117357,39694,2218,4442
낫개역,2020년 9월,113581,116681,40953,1901,4072
낫개역,2020년 10월,127470,130148,47213,2218,4829
낫개역,2020년 11월,131193,134917,48013,2121,4812
낫개역,2020년 12월,105727,110313,39955,1398,3712
낫개역,2021년 1월,105662,108977,38760,1517,4268
낫개역,2021년 2월,109363,111043,40748,1900,4649
낫개역,2021년 3월,131629,134329,49516,1935,5657
낫개역,2021년 4월,122340,125961,45687,1600,4902
낫개역,2021년 5월,128821,132928,49371,2095,5733
낫개역,2021년 6월,131142,135814,50083,2063,5182
낫개역,2021년 7월,126036,131357,47875,1989,5564
낫개역,2021년 8월,112892,118056,44286,1749,4618
낫개역,2021년 9월,121718,125457,48238,1819,5137
낫개역,2021년 10월,135914,139096,53617,2246,6048
낫개역,2021년 11월,138787,141297,53618,1924,5799
낫개역,2021년 12월,133634,137061,49483,1968,6481
낫개역,2022년 1월,126948,130104,48718,2011,5690
낫개역,2022년 2월,109390,111939,42845,1752,4827
낫개역,2022년 3월,123802,126419,48434,1778,5757
낫개역,2022년 4월,137577,139559,53395,2058,6204
낫개역,2022년 5월,152239,154675,59174,2691,7576
낫개역,2022년 6월,140662,143024,55834,2537,5643
낫개역,2022년 7월,142249,145143,56171,2743,6655
낫개역,2022년 8월,133568,136640,53723,2450,5442
낫개역,2022년 9월,135188,137549,53734,2333,5285
낫개역,2022년 10월,145293,147112,59014,2514,5833
낫개역,2022년 11월,143763,146489,58316,2266,5264
낫개역,2022년 12월,141806,143958,54663,2370,6330
낫개역,2023년 1월,131429,132194,51066,2360,5976
낫개역,2023년 2월,130755,131726,53361,2241,5843
낫개역,2023년 3월,148186,151772,60854,2354,6354
낫개역,2023년 4월,140073,142872,57571,2565,5401
낫개역,2023년 5월,144642,147782,59985,2544,6233
낫개역,2023년 6월,142381,146780,59671,2600,5240
낫개역,2023년 7월,135486,139997,56281,2411,5906
낫개역,2023년 8월,134023,139507,55411,2448,5387
낫개역,2023년 9월,136864,142352,57270,2250,5127
낫개역,2023년 10월,151498,155775,65896,2322,5966
낫개역,2023년 11월,146968,152151,62489,1810,5371
낫개역,2023년 12월,144998,148186,58320,2509,6478
낫개역,2024년 1월,142005,145672,60075,2190,6086
낫개역,2024년 2월,131354,134385,54767,2368,5583
낫개역,2024년 3월,147403,153321,62375,2427,6035
낫개역,2024년 4월,146795,152052,63601,2205,5372
낫개역,2024년 5월,154506,159541,67420,2741,6447
낫개역,2024년 6월,143398,148159,63617,2583,5041
낫개역,2024년 7월,150212,156537,64998,2850,6158
낫개역,2024년 8월,139509,145245,61466,2916,5662
낫개역,2024년 9월,137055,144238,60175,2465,5007
낫개역,2024년 10월,151017,157623,67971,2854,5611
낫개역,2024년 11월,150603,157795,67114,2689,6034
낫개역,2024년 12월,150795,156036,64873,3018,7038
신장림역,2014년 1월,0,0,0,0,0
신장림역,2014년 2월,0,0,0,0,0
신장림역,2014년 3월,0,0,0,0,0
신장림역,2014년 4월,0,0,0,0,0
신장림역,2014년 5월,0,0,0,0,0
신장림역,2014년 6월,0,0,0,0,0
신장림역,2014년 7월,0,0,0,0,0
신장림역,2014년 8월,0,0,0,0,0
신장림역,2014년 9월,0,0,0,0,0
신장림역,2014년 10월,0,0,0,0,0
신장림역,2014년 11월,0,0,0,0,0
신장림역,2014년 12월,0,0,0,0,0
신장림역,2015년 1월,0,0,0,0,0
신장림역,2015년 2월,0,0,0,0,0
신장림역,2015년 3월,0,0,0,0,0
신장림역,2015년 4월,0,0,0,0,0
신장림역,2015년 5월,0,0,0,0,0
신장림역,2015년 6월,0,0,0,0,0
신장림역,2015년 7월,0,0,0,0,0
신장림역,2015년 8월,0,0,0,0,0
신장림역,2015년 9월,0,0,0,0,0
신장림역,2015년 10월,0,0,0,0,0
신장림역,2015년 11월,0,0,0,0,0
신장림역,2015년 12월,0,0,0,0,0
신장림역,2016년 1월,0,0,0,0,0
신장림역,2016년 2월,0,0,0,0,0
신장림역,2016년 3월,0,0,0,0,0
신장림역,2016년 4월,0,0,0,0,0
신장림역,2016년 5월,0,0,0,0,0
신장림역,2016년 6월,0,0,0,0,0
신장림역,2016년 7월,0,0,0,0,0
신장림역,2016년 8월,0,0,0,0,0
신장림역,2016년 9월,0,0,0,0,0
신장림역,2016년 10월,0,0,0,0,0
신장림역,2016년 11월,0,0,0,0,0
신장림역,2016년 12월,0,0,0,0,0
신장림역,2017년 1월,0,0,0,0,0
신장림역,2017년 2월,238,245,2,51,74
신장림역,2017년 3월,191,163,84,7,0
신장림역,2017년 4월,35359,31074,8379,810,1615
신장림역,2017년 5월,88246,78569,22773,2566,4979
신장림역,2017년 6월,86512,77030,23271,2258,4005
신장림역,2017년 7월,89978,79767,24070,2837,4438
신장림역,2017년 8월,91582,79896,25073,3009,4474
신장림역,2017년 9월,92927,82316,25936,2584,4133
신장림역,2017년 10월,89684,78481,24145,2828,4291
신장림역,2017년 11월,89073,81857,25045,2658,4118
신장림역,2017년 12월,89227,81495,24636,2731,4383
신장림역,2018년 1월,90495,80145,24759,2547,4027
신장림역,2018년 2월,80417,70991,21960,2225,3957
신장림역,2018년 3월,95916,84041,26329,2456,4985
신장림역,2018년 4월,94646,83520,26563,2306,4569
신장림역,2018년 5월,100047,88234,28624,2775,5038
신장림역,2018년 6월,93873,83010,27646,2428,4095
신장림역,2018년 7월,97311,87425,28102,2692,4708
신장림역,2018년 8월,96034,84522,28006,2980,4529
신장림역,2018년 9월,90431,79759,26598,2352,4321
신장림역,2018년 10월,101403,90569,30576,2541,4776
신장림역,2018년 11월,102184,92243,32461,2116,4618
신장림역,2018년 12월,103016,90916,31461,2522,4832
신장림역,2019년 1월,100104,88729,32222,2385,3881
신장림역,2019년 2월,88982,77996,28847,2083,3849
신장림역,2019년 3월,103076,90887,34423,2048,4427
신장림역,2019년 4월,103503,92270,35816,1935,3986
신장림역,2019년 5월,111413,99422,38699,2478,4811
신장림역,2019년 6월,100997,90653,35208,2311,3680
신장림역,2019년 7월,108548,98035,37419,2708,4290
신장림역,2019년 8월,105515,94242,36837,2820,4011
신장림역,2019년 9월,99206,89390,34929,1948,3630
신장림역,2019년 10월,110287,99778,39072,2469,4258
신장림역,2019년 11월,109049,98481,38238,2352,4196
신장림역,2019년 12월,112140,100320,38619,2566,4662
신장림역,2020년 1월,103071,92867,36640,2173,3442
신장림역,2020년 2월,82547,75425,28833,1295,2664
신장림역,2020년 3월,62839,57894,20964,690,1148
신장림역,2020년 4월,71798,64928,24576,968,1546
신장림역,2020년 5월,82459,73981,29259,1323,1974
신장림역,2020년 6월,87786,79716,30212,1441,2905
신장림역,2020년 7월,92670,84106,32006,1448,3043
신장림역,2020년 8월,78978,71712,27259,1236,2305
신장림역,2020년 9월,79109,72049,27688,1179,2303
신장림역,2020년 10월,83883,76414,29591,1402,2683
신장림역,2020년 11월,87958,80873,31243,1411,2782
신장림역,2020년 12월,73997,68823,26204,941,1942
신장림역,2021년 1월,72054,67191,25558,1002,2040
신장림역,2021년 2월,71983,67206,25704,1144,2154
신장림역,2021년 3월,87630,81750,31679,1271,2790
신장림역,2021년 4월,82571,77319,29301,1185,2589
신장림역,2021년 5월,85919,80134,31937,1386,3018
신장림역,2021년 6월,90217,83567,33269,1325,2806
신장림역,2021년 7월,87859,81726,32286,1278,3042
신장림역,2021년 8월,80460,75331,30587,1230,2580
신장림역,2021년 9월,82699,76898,31989,1242,2783
신장림역,2021년 10월,89633,83338,34765,1196,3284
신장림역,2021년 11월,92290,84497,34710,1148,3229
신장림역,2021년 12월,90352,83721,32903,1106,3275
신장림역,2022년 1월,87156,80103,33527,1212,2887
신장림역,2022년 2월,73559,67956,27719,999,2347
신장림역,2022년 3월,82990,77271,31316,1017,2893
신장림역,2022년 4월,91466,84083,34534,1088,3004
신장림역,2022년 5월,101654,92383,39343,1427,3732
신장림역,2022년 6월,95057,87244,37426,1312,2738
신장림역,2022년 7월,98055,89714,38171,1352,3180
신장림역,2022년 8월,92590,84514,37294,1265,2842
신장림역,2022년 9월,93106,84797,37661,1164,3099
신장림역,2022년 10월,98456,89544,40114,1276,3119
신장림역,2022년 11월,99316,90158,40252,1093,2881
신장림역,2022년 12월,99474,90747,38860,1334,3374
신장림역,2023년 1월,89392,82641,35216,1314,2904
신장림역,2023년 2월,88793,82210,36620,1147,2805
신장림역,2023년 3월,100385,93380,41790,1273,3196
신장림역,2023년 4월,94970,88541,39531,1277,2824
신장림역,2023년 5월,98119,90969,41505,1178,3200
신장림역,2023년 6월,98133,91332,41540,1279,2687
신장림역,2023년 7월,94753,89915,40432,1284,3065
신장림역,2023년 8월,95856,90783,40257,1447,2609
신장림역,2023년 9월,95740,90631,40970,1053,2477
신장림역,2023년 10월,102583,97166,44454,1035,2932
신장림역,2023년 11월,101719,95853,43424,718,2919
신장림역,2023년 12월,98865,92486,40777,902,3131
신장림역,2024년 1월,98209,93436,42147,1027,2905
신장림역,2024년 2월,92532,87484,40412,1119,2630
신장림역,2024년 3월,101537,96948,44365,1093,2926
신장림역,2024년 4월,101842,97150,44741,1085,2889
신장림역,2024년 5월,106469,101105,47355,1330,3578
신장림역,2024년 6월,99518,94455,44613,1303,2879
신장림역,2024년 7월,106671,100809,47400,1331,3348
신장림역,2024년 8월,100283,95476,45531,1624,2851
신장림역,2024년 9월,96947,91779,43557,1250,3170
신장림역,2024년 10월,104298,99366,47721,1225,3244
신장림역,2024년 11월,102018,97271,46060,1161,3263
신장림역,2024년 12월,103204,98547,46004,1256,3782
장림역,2014년 1월,0,0,0,0,0
장림역,2014년 2월,0,0,0,0,0
장림역,2014년 3월,0,0,0,0,0
장림역,2014년 4월,0,0,0,0,0
장림역,2014년 5월,0,0,0,0,0
장림역,2014년 6월,0,0,0,0,0
장림역,2014년 7월,0,0,0,0,0
장림역,2014년 8월,0,0,0,0,0
장림역,2014년 9월,0,0,0,0,0
장림역,2014년 10월,0,0,0,0,0
장림역,2014년 11월,0,0,0,0,0
장림역,2014년 12월,0,0,0,0,0
장림역,2015년 1월,0,0,0,0,0
장림역,2015년 2월,0,0,0,0,0
장림역,2015년 3월,0,0,0,0,0
장림역,2015년 4월,0,0,0,0,0
장림역,2015년 5월,0,0,0,0,0
장림역,2015년 6월,0,0,0,0,0
장림역,2015년 7월,0,0,0,0,0
장림역,2015년 8월,0,0,0,0,0
장림역,2015년 9월,0,0,0,0,0
장림역,2015년 10월,0,0,0,0,0
장림역,2015년 11월,0,0,0,0,0
장림역,2015년 12월,0,0,0,0,0
장림역,2016년 1월,0,0,0,0,0
장림역,2016년 2월,0,0,0,0,0
장림역,2016년 3월,0,0,0,0,0
장림역,2016년 4월,0,0,0,0,0
장림역,2016년 5월,0,0,0,0,0
장림역,2016년 6월,0,0,0,0,0
장림역,2016년 7월,0,0,0,0,0
장림역,2016년 8월,0,0,0,0,0
장림역,2016년 9월,0,0,0,0,0
장림역,2016년 10월,0,0,0,0,0
장림역,2016년 11월,0,0,0,0,0
장림역,2016년 12월,0,0,0,0,0
장림역,2017년 1월,0,0,0,0,0
장림역,2017년 2월,248,300,6,40,59
장림역,2017년 3월,117,131,43,3,8
장림역,2017년 4월,36232,31900,9486,930,2788
장림역,2017년 5월,90749,81388,26091,2671,6939
장림역,2017년 6월,87301,78229,26246,2325,5457
장림역,2017년 7월,87475,77654,24880,2643,5966
장림역,2017년 8월,86235,76223,24497,2559,5244
장림역,2017년 9월,91681,80250,25924,2738,6576
장림역,2017년 10월,87843,77204,24188,2718,6271
장림역,2017년 11월,95803,84075,27625,2437,6841
장림역,2017년 12월,97643,85123,26129,2855,6701
장림역,2018년 1월,88215,78443,23941,2400,4329
장림역,2018년 2월,81352,71809,21427,2509,4986
장림역,2018년 3월,104125,93369,30431,2910,6963
장림역,2018년 4월,102615,91438,29775,2828,6647
장림역,2018년 5월,108451,96061,31285,3209,7882
장림역,2018년 6월,101140,89753,30211,2701,6523
장림역,2018년 7월,100682,88577,29305,2753,6236
장림역,2018년 8월,94059,83129,27477,2800,5249
장림역,2018년 9월,92718,81685,27015,2594,6051
장림역,2018년 10월,106592,93840,32500,2606,7021
장림역,2018년 11월,109599,97327,33545,2379,6923
장림역,2018년 12월,109645,97500,31537,2707,6751
장림역,2019년 1월,100844,90718,30038,2537,4553
장림역,2019년 2월,89941,80695,26694,2282,4348
장림역,2019년 3월,114548,103150,36645,2681,7077
장림역,2019년 4월,115169,103168,37366,2754,6544
장림역,2019년 5월,117568,105062,37747,3206,7734
장림역,2019년 6월,106223,96183,34595,2790,6083
장림역,2019년 7월,110242,98957,34892,2811,6572
장림역,2019년 8월,101878,91702,31735,2830,5482
장림역,2019년 9월,101694,90343,32080,2486,6272
장림역,2019년 10월,117027,104678,38495,2925,7280
장림역,2019년 11월,115195,103247,37709,2692,6715
장림역,2019년 12월,118366,105418,38342,2976,7195
장림역,2020년 1월,98368,89208,30827,2347,4135
장림역,2020년 2월,82637,75673,27069,1498,2967
장림역,2020년 3월,62742,57296,20265,689,1029
장림역,2020년 4월,71800,65225,23645,1001,1576
장림역,2020년 5월,80903,72728,27695,1363,2346
장림역,2020년 6월,91991,80613,30606,1995,5473
장림역,2020년 7월,95744,84962,31201,1904,5368
장림역,2020년 8월,76280,69095,24277,1362,3075
장림역,2020년 9월,78277,70301,25507,1298,3482
장림역,2020년 10월,86640,77653,29081,1570,4009
장림역,2020년 11월,90988,81529,30522,1526,4404
장림역,2020년 12월,74497,68607,24623,1093,2684
장림역,2021년 1월,72584,67828,23434,985,2332
장림역,2021년 2월,72852,67415,23328,1173,2607
장림역,2021년 3월,93371,85613,31868,1659,4238
장림역,2021년 4월,88448,81771,29671,1381,3947
장림역,2021년 5월,90358,84058,30850,1632,4211
장림역,2021년 6월,92358,84933,31124,1520,3973
장림역,2021년 7월,86047,79108,28543,1480,3740
장림역,2021년 8월,75938,70116,25987,1097,3280
장림역,2021년 9월,82927,76218,28829,1358,4218
장림역,2021년 10월,93725,86565,32918,1539,4953
장림역,2021년 11월,96980,89525,33496,1546,4763
장림역,2021년 12월,95986,88944,32407,1431,4920
장림역,2022년 1월,87712,82722,30342,1447,3222
장림역,2022년 2월,75035,70799,25494,1131,2914
장림역,2022년 3월,91433,85247,32946,1284,4645
장림역,2022년 4월,104807,96590,38682,1575,5297
장림역,2022년 5월,110392,102312,40662,1832,5636
장림역,2022년 6월,105244,97147,39486,1565,5054
장림역,2022년 7월,105217,98054,38967,1580,4857
장림역,2022년 8월,96742,89394,35229,1428,4165
장림역,2022년 9월,97867,90170,35259,1468,4736
장림역,2022년 10월,108536,100120,41156,1513,5308
장림역,2022년 11월,110138,101251,41642,1437,5160
장림역,2022년 12월,109176,100417,39679,1295,5903
장림역,2023년 1월,93434,85990,33362,1310,3768
장림역,2023년 2월,95276,87954,35549,1406,4219
장림역,2023년 3월,113757,104635,44474,1569,6287
장림역,2023년 4월,107609,99960,41756,1519,5305
장림역,2023년 5월,110395,102336,43081,1473,6029
장림역,2023년 6월,105089,97037,40391,1514,5328
장림역,2023년 7월,99283,90907,38224,1588,5015
장림역,2023년 8월,96402,88918,36314,1520,4349
장림역,2023년 9월,99455,90940,38959,1407,4602
장림역,2023년 10월,110421,101100,44891,1440,5063
장림역,2023년 11월,110904,101760,45100,1319,5124
장림역,2023년 12월,109924,100810,42885,1402,5456
장림역,2024년 1월,104904,97606,41667,1526,4127
장림역,2024년 2월,92348,85569,35364,1515,3792
장림역,2024년 3월,116190,107601,48221,1958,5695
장림역,2024년 4월,116044,107351,48741,1919,5130
장림역,2024년 5월,119860,111178,49935,2108,6240
장림역,2024년 6월,109697,101072,45674,1990,5143
장림역,2024년 7월,117777,110423,48811,2151,5589
장림역,2024년 8월,102367,94784,40914,1907,4543
장림역,2024년 9월,103016,95501,42002,1789,4843
장림역,2024년 10월,118040,107765,49588,2194,5846
장림역,2024년 11월,122583,112329,50770,1965,6137
장림역,2024년 12월,124041,113771,49318,2245,7040
동매역,2014년 1월,0,0,0,0,0
동매역,2014년 2월,0,0,0,0,0
동매역,2014년 3월,0,0,0,0,0
동매역,2014년 4월,0,0,0,0,0
동매역,2014년 5월,0,0,0,0,0
동매역,2014년 6월,0,0,0,0,0
동매역,2014년 7월,0,0,0,0,0
동매역,2014년 8월,0,0,0,0,0
동매역,2014년 9월,0,0,0,0,0
동매역,2014년 10월,0,0,0,0,0
동매역,2014년 11월,0,0,0,0,0
동매역,2014년 12월,0,0,0,0,0
동매역,2015년 1월,0,0,0,0,0
동매역,2015년 2월,0,0,0,0,0
동매역,2015년 3월,0,0,0,0,0
동매역,2015년 4월,0,0,0,0,0
동매역,2015년 5월,0,0,0,0,0
동매역,2015년 6월,0,0,0,0,0
동매역,2015년 7월,0,0,0,0,0
동매역,2015년 8월,0,0,0,0,0
동매역,2015년 9월,0,0,0,0,0
동매역,2015년 10월,0,0,0,0,0
동매역,2015년 11월,0,0,0,0,0
동매역,2015년 12월,0,0,0,0,0
동매역,2016년 1월,0,0,0,0,0
동매역,2016년 2월,0,0,0,0,0
동매역,2016년 3월,0,0,0,0,0
동매역,2016년 4월,0,0,0,0,0
동매역,2016년 5월,0,0,0,0,0
동매역,2016년 6월,0,0,0,0,0
동매역,2016년 7월,0,0,0,0,0
동매역,2016년 8월,0,0,0,0,0
동매역,2016년 9월,0,0,0,0,0
동매역,2016년 10월,0,0,0,0,0
동매역,2016년 11월,0,0,0,0,0
동매역,2016년 12월,0,0,0,0,0
동매역,2017년 1월,0,0,0,0,0
동매역,2017년 2월,400,405,51,62,81
동매역,2017년 3월,276,205,48,3,32
동매역,2017년 4월,37220,32783,10882,911,1581
동매역,2017년 5월,98756,86642,29309,2498,5050
동매역,2017년 6월,100269,87364,29753,2205,4199
동매역,2017년 7월,105173,95318,30544,2751,4952
동매역,2017년 8월,104189,88307,31023,2914,4853
동매역,2017년 9월,106669,91144,31991,2434,4825
동매역,2017년 10월,102434,87823,29753,2701,5109
동매역,2017년 11월,111475,96045,33116,2386,5147
동매역,2017년 12월,110372,94866,31202,2559,5376
동매역,2018년 1월,109303,94984,30916,2348,4255
동매역,2018년 2월,97497,83703,27387,2301,4287
동매역,2018년 3월,117332,101912,34414,2382,5137
동매역,2018년 4월,114115,98643,33843,2450,4340
동매역,2018년 5월,118974,103382,35977,2924,4968
동매역,2018년 6월,113268,98662,34432,2495,4329
동매역,2018년 7월,118174,102456,35223,2650,5009
동매역,2018년 8월,115681,98783,35992,2610,4320
동매역,2018년 9월,108346,93345,33580,2414,4021
동매역,2018년 10월,121719,104890,37908,2373,4766
동매역,2018년 11월,120338,104128,37294,2101,4480
동매역,2018년 12월,118145,101779,35449,2574,4857
동매역,2019년 1월,119764,104126,37154,2323,4048
동매역,2019년 2월,105180,90580,32916,2169,3878
동매역,2019년 3월,122591,106046,39096,2300,4603
동매역,2019년 4월,124035,107621,39290,2416,4237
동매역,2019년 5월,129558,111680,41270,2669,5042
동매역,2019년 6월,118162,101723,38905,2431,3883
동매역,2019년 7월,124864,107857,39965,2696,4537
동매역,2019년 8월,120251,103829,40282,2779,4232
동매역,2019년 9월,116906,101670,38625,2378,4107
동매역,2019년 10월,129149,112506,43271,2492,4634
동매역,2019년 11월,129143,113065,43531,2508,4594
동매역,2019년 12월,130187,112716,43235,2768,4842
동매역,2020년 1월,120159,104946,39040,2306,3171
동매역,2020년 2월,99965,88153,32287,1503,2436
동매역,2020년 3월,80577,72530,25009,798,1100
동매역,2020년 4월,88618,78867,28975,1252,1642
동매역,2020년 5월,100230,89072,35032,1500,2288
동매역,2020년 6월,109688,96415,37238,1564,4286
동매역,2020년 7월,114695,100796,38723,1818,4110
동매역,2020년 8월,95341,84006,32451,1355,2788
동매역,2020년 9월,98233,87400,33245,1169,2918
동매역,2020년 10월,104924,92785,36532,1416,3493
동매역,2020년 11월,109895,98426,37942,1300,3996
동매역,2020년 12월,94506,86684,32502,928,2814
동매역,2021년 1월,91784,83593,30750,1017,2367
동매역,2021년 2월,90908,82269,31742,1165,2716
동매역,2021년 3월,110710,99940,38461,1460,4115
동매역,2021년 4월,103134,93624,35468,1285,3608
동매역,2021년 5월,106159,95613,38883,1571,3747
동매역,2021년 6월,111423,100040,40066,1472,3890
동매역,2021년 7월,108675,97003,38438,1411,3817
동매역,2021년 8월,96167,86664,35865,1273,2876
동매역,2021년 9월,102070,91042,38011,1338,3754
동매역,2021년 10월,112038,99382,42302,1415,4266
동매역,2021년 11월,116654,102773,42253,1441,4269
동매역,2021년 12월,115934,103121,41281,1314,4369
동매역,2022년 1월,110277,98581,40591,1322,3063
동매역,2022년 2월,95708,86518,35186,1216,2788
동매역,2022년 3월,109901,97809,39722,1475,4060
동매역,2022년 4월,119666,106297,42942,1661,4250
동매역,2022년 5월,129288,114701,47316,1879,4855
동매역,2022년 6월,122217,107188,44183,1740,4181
동매역,2022년 7월,126319,111117,46552,1805,4412
동매역,2022년 8월,122041,107934,48278,1840,3886
동매역,2022년 9월,125130,110195,48321,1725,4280
동매역,2022년 10월,133304,117940,54966,1907,4718
동매역,2022년 11월,134160,119303,53851,1580,4757
동매역,2022년 12월,134467,119055,52944,1761,5315
동매역,2023년 1월,122171,108348,46735,1769,3341
동매역,2023년 2월,120687,107374,46798,1677,3554
동매역,2023년 3월,136594,122618,53241,1792,4822
동매역,2023년 4월,124802,112664,48232,1673,4259
동매역,2023년 5월,128159,115394,50961,1644,4488
동매역,2023년 6월,125422,112848,49028,1728,4040
동매역,2023년 7월,120842,108448,46106,1722,4287
동매역,2023년 8월,120175,107444,47451,1585,3587
동매역,2023년 9월,119823,107545,46896,1566,3695
동매역,2023년 10월,129172,115817,52180,1549,4221
동매역,2023년 11월,130925,117829,51441,1516,4336
동매역,2023년 12월,126958,113309,49363,1371,4392
동매역,2024년 1월,127017,114075,50094,1456,3350
동매역,2024년 2월,115693,103643,45216,1514,3361
동매역,2024년 3월,127392,115479,51698,1572,3879
동매역,2024년 4월,127650,116283,51823,1684,3423
동매역,2024년 5월,130128,118939,53795,1872,3928
동매역,2024년 6월,119647,109646,50373,1640,3258
동매역,2024년 7월,127254,116797,52332,1838,4054
동매역,2024년 8월,117956,107382,49531,1562,3397
동매역,2024년 9월,113223,103309,47225,1420,3324
동매역,2024년 10월,124447,114797,53243,1557,3630
동매역,2024년 11월,123627,112874,51230,1681,3906
동매역,2024년 12월,128109,116733,56062,1852,4318
신평역,2014년 1월,275944,249778,57151,6799,12857
신평역,2014년 2월,256465,235652,53055,5578,12929
신평역,2014년 3월,290856,270004,60958,4855,14289
신평역,2014년 4월,293109,270824,63059,4870,13429
신평역,2014년 5월,297561,275504,61807,6628,15656
신평역,2014년 6월,274609,254005,58794,5015,11878
신평역,2014년 7월,287532,267177,62680,5833,12933
신평역,2014년 8월,265520,246986,56993,6706,11664
신평역,2014년 9월,272353,251337,57532,5097,12321
신평역,2014년 10월,307435,283259,75336,5609,13876
신평역,2014년 11월,288005,265988,62074,5411,16095
신평역,2014년 12월,302044,275601,61109,6466,15777
신평역,2015년 1월,282877,261687,62129,6193,12595
신평역,2015년 2월,252751,234398,57962,5381,12164
신평역,2015년 3월,294643,273419,64071,4992,13585
신평역,2015년 4월,296772,277272,70248,4906,12260
신평역,2015년 5월,293083,270125,63598,7184,14740
신평역,2015년 6월,257709,238934,55955,3805,10070
신평역,2015년 7월,284816,264328,63120,5669,12026
신평역,2015년 8월,271479,252845,62253,6309,11967
신평역,2015년 9월,275960,256227,59093,5036,11733
신평역,2015년 10월,302136,278459,65747,6223,13731
신평역,2015년 11월,291193,270159,63473,5264,13723
신평역,2015년 12월,307541,280063,63220,6741,14437
신평역,2016년 1월,274102,252908,57720,6123,11226
신평역,2016년 2월,258610,238371,53741,5881,12340
신평역,2016년 3월,298952,276046,65036,4935,13931
신평역,2016년 4월,286397,262561,61962,5013,12804
신평역,2016년 5월,297304,274412,63036,6479,15465
신평역,2016년 6월,289157,264022,62826,5061,12731
신평역,2016년 7월,290752,267350,64484,5793,13181
신평역,2016년 8월,288089,266079,69499,6499,12556
신평역,2016년 9월,269693,246884,56990,5108,12443
신평역,2016년 10월,293911,270155,66163,5723,14291
신평역,2016년 11월,291615,267750,62797,5098,14604
신평역,2016년 12월,302725,275282,61697,6427,16123
신평역,2017년 1월,266781,245513,56217,5788,11512
신평역,2017년 2월,264544,245192,57913,5162,12383
신평역,2017년 3월,300851,280214,67223,4850,15531
신평역,2017년 4월,267796,255819,60901,4375,12066
신평역,2017년 5월,229647,219872,52010,4315,9773
신평역,2017년 6월,220501,213405,51605,3677,8063
신평역,2017년 7월,217385,211542,49625,4304,8298
신평역,2017년 8월,212530,205560,49273,4299,7670
신평역,2017년 9월,221300,215283,52241,3591,7907
신평역,2017년 10월,204893,199312,47545,3726,7667
신평역,2017년 11월,218475,214118,51744,3473,8028
신평역,2017년 12월,216373,209706,48858,4264,9401
신평역,2018년 1월,204965,199477,46276,3760,6693
신평역,2018년 2월,184087,178440,41646,3538,6509
신평역,2018년 3월,216772,213560,52035,3662,7628
신평역,2018년 4월,208878,206018,50830,3643,6653
신평역,2018년 5월,215692,213168,52404,4204,7982
신평역,2018년 6월,203386,200307,49571,3673,6412
신평역,2018년 7월,208828,206981,50974,3889,6726
신평역,2018년 8월,199482,196844,48629,3959,6097
신평역,2018년 9월,194059,189361,46810,3523,5855
신평역,2018년 10월,221781,216942,55526,3671,6847
신평역,2018년 11월,220309,217155,53806,3739,6875
신평역,2018년 12월,214305,209447,49838,4268,7303
신평역,2019년 1월,212687,209144,51403,3897,5771
신평역,2019년 2월,187373,181895,44710,3829,5755
신평역,2019년 3월,216049,213358,53298,3875,6560
신평역,2019년 4월,216441,214071,53701,3604,5625
신평역,2019년 5월,226491,224421,55359,4123,6840
신평역,2019년 6월,207612,205479,51703,3838,5121
신평역,2019년 7월,218461,217322,53834,3899,6116
신평역,2019년 8월,206772,204154,50857,4106,5359
신평역,2019년 9월,198993,197644,49427,3324,5397
신평역,2019년 10월,221149,220040,56846,3817,6103
신평역,2019년 11월,218349,215269,55979,3764,6343
신평역,2019년 12월,221359,218226,55620,4123,7426
신평역,2020년 1월,201105,198498,49626,3508,5185
신평역,2020년 2월,166579,165578,40850,2028,3574
신평역,2020년 3월,135388,136502,31914,1056,1425
신평역,2020년 4월,147185,147554,36199,1562,2024
신평역,2020년 5월,163865,163358,42842,2046,2898
신평역,2020년 6월,177408,179151,45280,2448,5690
신평역,2020년 7월,184705,187207,46966,2462,5668
신평역,2020년 8월,154555,157390,38547,2068,3843
신평역,2020년 9월,153932,156315,38750,1670,3726
신평역,2020년 10월,166641,168035,42772,2110,4203
신평역,2020년 11월,174821,177028,44893,1988,4573
신평역,2020년 12월,146503,150236,37701,1337,3181
신평역,2021년 1월,144220,147061,36645,1421,3647
신평역,2021년 2월,141538,143401,36628,1816,3295
신평역,2021년 3월,173780,177440,46474,2098,5248
신평역,2021년 4월,170725,173733,46607,1946,4938
신평역,2021년 5월,173870,176419,50563,2276,5364
신평역,2021년 6월,185058,187933,56289,2145,5132
신평역,2021년 7월,178000,180733,48012,2144,5570
신평역,2021년 8월,159981,163040,42455,1863,4884
신평역,2021년 9월,165556,169057,45588,1997,5021
신평역,2021년 10월,180656,184135,51362,2239,5670
신평역,2021년 11월,185986,188146,51492,2199,5380
신평역,2021년 12월,188914,190092,50221,2294,6456
신평역,2022년 1월,174667,178392,46939,2196,4703
신평역,2022년 2월,157827,159683,42644,2456,4833
신평역,2022년 3월,172481,177035,48637,2078,5255
신평역,2022년 4월,180044,185450,50308,2084,5441
신평역,2022년 5월,195005,200010,55357,2617,5955
신평역,2022년 6월,184173,189370,52242,2368,4876
신평역,2022년 7월,189197,193214,53481,2536,5263
신평역,2022년 8월,179045,183472,50878,2502,4837
신평역,2022년 9월,179584,183338,51094,2253,4772
신평역,2022년 10월,190758,195498,56012,2668,5405
신평역,2022년 11월,189872,195368,55264,2141,4822
신평역,2022년 12월,190123,195044,53050,2387,5791
신평역,2023년 1월,175489,179857,50089,2166,4458
신평역,2023년 2월,173150,178344,51147,2077,4319
신평역,2023년 3월,191356,196176,58987,2057,5437
신평역,2023년 4월,180510,185660,56568,2080,4595
신평역,2023년 5월,184646,189381,58871,2029,5050
신평역,2023년 6월,183418,188908,58603,2262,4519
신평역,2023년 7월,171786,177046,56453,2295,4893
신평역,2023년 8월,181571,187352,55062,2307,4754
신평역,2023년 9월,181278,187333,57528,1992,4483
신평역,2023년 10월,192990,199671,63426,2012,4862
신평역,2023년 11월,191708,198368,60899,1801,4868
신평역,2023년 12월,187567,194334,57548,2289,5610
신평역,2024년 1월,188047,194288,59213,2212,4374
신평역,2024년 2월,170873,176088,52972,2263,4084
신평역,2024년 3월,189371,196509,61288,2189,5169
신평역,2024년 4월,188780,195772,61393,2106,4872
신평역,2024년 5월,194995,201237,65072,2602,5369
신평역,2024년 6월,182240,189226,62032,2535,4352
신평역,2024년 7월,201006,207207,67164,2931,5240
신평역,2024년 8월,185362,191151,62419,2854,4564
신평역,2024년 9월,180494,186956,61541,2459,4645
신평역,2024년 10월,196592,204866,69189,2708,5094
신평역,2024년 11월,194802,201316,67188,2374,5252
신평역,2024년 12월,194654,200673,66436,2591,6036
하단역,2014년 1월,447750,398271,86248,8696,18695
하단역,2014년 2월,421935,378874,78715,7685,20568
하단역,2014년 3월,531290,483977,94813,7789,24634
하단역,2014년 4월,519522,470079,95986,7318,20839
하단역,2014년 5월,538844,487672,96215,9572,26005
하단역,2014년 6월,477728,431260,90967,7512,17810
하단역,2014년 7월,478760,425388,91866,8333,19225
하단역,2014년 8월,458886,404262,85974,9324,18861
하단역,2014년 9월,491587,439099,87069,7886,19658
하단역,2014년 10월,533196,474029,98906,9075,23110
하단역,2014년 11월,513876,456440,92725,8073,22886
하단역,2014년 12월,533142,466108,94999,9156,23086
하단역,2015년 1월,482256,423988,92578,8799,19133
하단역,2015년 2월,416565,366165,77450,7687,19211
하단역,2015년 3월,544578,488752,97343,8036,24383
하단역,2015년 4월,524292,465698,97353,7508,20783
하단역,2015년 5월,535876,476076,98153,9928,25298
하단역,2015년 6월,449896,397905,84188,5724,15520
하단역,2015년 7월,487979,423970,94866,8393,19494
하단역,2015년 8월,466113,409358,89310,8855,18917
하단역,2015년 9월,500812,443136,90030,7623,19144
하단역,2015년 10월,541714,473215,100772,9158,23116
하단역,2015년 11월,519896,456796,93878,7557,21805
하단역,2015년 12월,546294,473640,99726,9233,23138
하단역,2016년 1월,479509,421465,91952,8520,19577
하단역,2016년 2월,448881,393826,83220,8255,22100
하단역,2016년 3월,552804,493894,101210,7228,24673
하단역,2016년 4월,536153,474404,99388,7400,22894
하단역,2016년 5월,558154,496989,100554,8792,27521
하단역,2016년 6월,516058,459294,98844,7104,20731
하단역,2016년 7월,506717,444947,99081,8112,23030
하단역,2016년 8월,492429,437492,98969,8861,20764
하단역,2016년 9월,501688,445938,90587,6913,21335
하단역,2016년 10월,540841,476785,100925,8160,25214
하단역,2016년 11월,547508,484210,98238,7829,24965
하단역,2016년 12월,557679,485100,100044,8979,26977
하단역,2017년 1월,482152,422690,89409,8637,21474
하단역,2017년 2월,475500,416067,89633,8073,23678
하단역,2017년 3월,590061,530323,107095,8238,30406
하단역,2017년 4월,581747,519617,108033,8404,28059
하단역,2017년 5월,657033,600340,117618,11104,37526
하단역,2017년 6월,610980,553618,116354,8835,27159
하단역,2017년 7월,600532,542433,113411,10741,28520
하단역,2017년 8월,587801,534667,112847,12170,27541
하단역,2017년 9월,624439,571997,117752,8718,27103
하단역,2017년 10월,589348,541325,108912,9921,28935
하단역,2017년 11월,635082,580405,118450,8831,27869
하단역,2017년 12월,637164,579812,115790,10161,30765
하단역,2018년 1월,582651,529715,109375,9794,24219
하단역,2018년 2월,521379,475306,97317,9209,25933
하단역,2018년 3월,658557,606480,125926,8614,31606
하단역,2018년 4월,638616,586066,125124,8382,27037
하단역,2018년 5월,661705,606013,126132,10356,32988
하단역,2018년 6월,601917,551177,119843,9109,22962
하단역,2018년 7월,609530,552007,122208,10377,26947
하단역,2018년 8월,591215,536494,119005,11592,24282
하단역,2018년 9월,590022,543651,113381,9739,23812
하단역,2018년 10월,662218,604550,132949,9779,27680
하단역,2018년 11월,660769,606485,130248,10066,28507
하단역,2018년 12월,655323,599131,127171,11803,30729
하단역,2019년 1월,620721,566443,130160,11745,24822
하단역,2019년 2월,546564,500600,111987,11147,25016
하단역,2019년 3월,673255,622771,138376,10833,30506
하단역,2019년 4월,660642,607774,138941,9687,25928
하단역,2019년 5월,702173,647821,142364,12313,33562
하단역,2019년 6월,632445,579571,134839,11522,23788
하단역,2019년 7월,641071,585557,138170,12524,26366
하단역,2019년 8월,618791,563887,132140,13750,24934
하단역,2019년 9월,615320,569476,128409,10030,22875
하단역,2019년 10월,690219,631082,147437,11444,26992
하단역,2019년 11월,682064,624848,143774,11399,27198
하단역,2019년 12월,686039,629001,145213,12595,29293
하단역,2020년 1월,603509,552337,130245,11423,21546
하단역,2020년 2월,474155,434084,102872,6575,16234
하단역,2020년 3월,342048,312543,76100,2835,6121
하단역,2020년 4월,393102,358862,91578,3901,8725
하단역,2020년 5월,455394,416877,110023,5481,11561
하단역,2020년 6월,487256,444897,114395,5953,16605
하단역,2020년 7월,505370,462464,115554,6479,17044
하단역,2020년 8월,428525,392144,97701,5625,14565
하단역,2020년 9월,414071,376793,95630,4183,12530
하단역,2020년 10월,461050,422184,107239,5566,15974
하단역,2020년 11월,494080,452065,109919,5088,17105
하단역,2020년 12월,381208,344511,89815,3175,11049
하단역,2021년 1월,378962,344694,87580,3707,11555
하단역,2021년 2월,386308,352312,87813,4619,14949
하단역,2021년 3월,494353,455472,113514,5183,21002
하단역,2021년 4월,457708,419230,106609,4307,16789
하단역,2021년 5월,477480,441010,111176,5886,21169
하단역,2021년 6월,490304,449682,115397,5374,17406
하단역,2021년 7월,462500,423582,109784,5193,18246
하단역,2021년 8월,413227,378378,101189,4638,14874
하단역,2021년 9월,436862,402327,108294,4906,16974
하단역,2021년 10월,506042,466406,125633,6113,20587
하단역,2021년 11월,523742,480912,124751,5601,19685
하단역,2021년 12월,507899,464845,115502,5276,22443
하단역,2022년 1월,467259,425630,111994,5478,18658
하단역,2022년 2월,397990,364634,96427,4520,15865
하단역,2022년 3월,477400,440793,110590,4507,24260
하단역,2022년 4월,532318,488100,126276,5969,24512
하단역,2022년 5월,592208,542826,139340,7707,31048
하단역,2022년 6월,546895,500077,134057,6891,21481
하단역,2022년 7월,547496,497588,133715,7335,24110
하단역,2022년 8월,514341,468700,127635,7141,20438
하단역,2022년 9월,540708,495101,126780,6110,20965
하단역,2022년 10월,582800,532150,142918,7231,23609
하단역,2022년 11월,575295,522404,137948,5837,21509
하단역,2022년 12월,575990,519767,133986,7217,27112
하단역,2023년 1월,498313,453346,117500,6845,20583
하단역,2023년 2월,507597,459913,126258,7053,22554
하단역,2023년 3월,613455,560902,149358,6794,30666
하단역,2023년 4월,570917,518552,141989,6681,25141
하단역,2023년 5월,586296,537092,142971,6719,29048
하단역,2023년 6월,556522,508495,140782,6405,21661
하단역,2023년 7월,534435,485533,133512,7059,25094
하단역,2023년 8월,535515,495263,135960,7279,22687
하단역,2023년 9월,563197,521206,139569,5951,21492
하단역,2023년 10월,607645,560835,160073,6798,25028
하단역,2023년 11월,601149,551965,151567,5436,23713
하단역,2023년 12월,600810,550588,148118,7859,29776
하단역,2024년 1월,559837,515000,147803,7371,22705
하단역,2024년 2월,512940,470128,131520,8424,24259
하단역,2024년 3월,624760,578355,163854,7842,32264
하단역,2024년 4월,614323,568537,165269,7646,27534
하단역,2024년 5월,634134,585191,169028,8918,33668
하단역,2024년 6월,574317,529701,159164,9016,24328
하단역,2024년 7월,585292,537668,161010,8736,28838
하단역,2024년 8월,550016,502054,150941,9932,25401
하단역,2024년 9월,551894,507528,142807,8650,24005
하단역,2024년 10월,610699,559487,167206,8794,26270
하단역,2024년 11월,611221,560011,161925,8111,27675
하단역,2024년 12월,613041,560863,159882,9665,33698
당리역,2014년 1월,187827,170361,51532,5081,9312
당리역,2014년 2월,174396,158888,46091,4677,9069
당리역,2014년 3월,196797,182113,55160,4659,9822
당리역,2014년 4월,192874,179097,54320,4240,8725
당리역,2014년 5월,200855,185956,55705,5426,10407
당리역,2014년 6월,185528,170981,53800,4439,8093
당리역,2014년 7월,195792,179004,56143,5163,8702
당리역,2014년 8월,182916,166996,51155,5295,8252
당리역,2014년 9월,186341,171505,51753,4749,8171
당리역,2014년 10월,202125,186434,58446,5126,8979
당리역,2014년 11월,193047,179192,54320,5182,10417
당리역,2014년 12월,205152,188207,54462,5694,11278
당리역,2015년 1월,192555,177244,53569,5400,8904
당리역,2015년 2월,166325,152937,45513,4630,8310
당리역,2015년 3월,197894,185453,56765,4673,9302
당리역,2015년 4월,192864,182022,56693,4741,8082
당리역,2015년 5월,197437,185138,57035,5640,9381
당리역,2015년 6월,171190,160125,49276,4212,7416
당리역,2015년 7월,191494,179002,54965,5252,8854
당리역,2015년 8월,183886,171987,52892,5299,8327
당리역,2015년 9월,189102,177861,55659,5004,7795
당리역,2015년 10월,205298,195875,60842,5601,9125
당리역,2015년 11월,195962,187967,57282,5103,9504
당리역,2015년 12월,209508,195827,59842,5642,10111
당리역,2016년 1월,190660,180401,55379,5037,8507
당리역,2016년 2월,182654,172835,51776,5068,9088
당리역,2016년 3월,204281,196871,61739,4739,9277
당리역,2016년 4월,195929,187567,58061,4668,8594
당리역,2016년 5월,204282,197578,60512,5311,9561
당리역,2016년 6월,197484,189425,58792,4894,8513
당리역,2016년 7월,197704,189493,57056,5322,9338
당리역,2016년 8월,193573,184837,56199,5548,8946
당리역,2016년 9월,187840,180143,54284,4807,8750
당리역,2016년 10월,202752,195694,60566,5326,9825
당리역,2016년 11월,203625,196925,59833,5095,10497
당리역,2016년 12월,212144,202134,59925,5624,11622
당리역,2017년 1월,189601,183750,54196,4924,9250
당리역,2017년 2월,184366,179007,53684,4634,9128
당리역,2017년 3월,204681,203071,63276,4925,9983
당리역,2017년 4월,198936,196705,60423,4581,9513
당리역,2017년 5월,217565,217952,66928,5320,11481
당리역,2017년 6월,213560,213085,67708,5057,9948
당리역,2017년 7월,210590,208497,65172,4909,10358
당리역,2017년 8월,208739,206831,65676,4853,9861
당리역,2017년 9월,216815,214752,68766,4609,10441
당리역,2017년 10월,203367,200276,63497,4661,10102
당리역,2017년 11월,221218,221055,70533,4774,11370
당리역,2017년 12월,216910,215139,65670,4893,12231
당리역,2018년 1월,204154,204995,63172,4415,9463
당리역,2018년 2월,184624,184929,57279,4361,9191
당리역,2018년 3월,217993,221391,70398,4643,11005
당리역,2018년 4월,212444,216127,69267,4480,9844
당리역,2018년 5월,219690,223704,72144,5036,10650
당리역,2018년 6월,207603,209189,68265,4572,9427
당리역,2018년 7월,213883,215906,69085,4765,9886
당리역,2018년 8월,204981,206466,67315,4705,9103
당리역,2018년 9월,198224,199125,66661,4383,9226
당리역,2018년 10월,222785,227605,75599,4746,10195
당리역,2018년 11월,222202,229114,75113,5119,10822
당리역,2018년 12월,221781,225678,71884,5343,11149
당리역,2019년 1월,217515,224295,74479,5165,9027
당리역,2019년 2월,188449,192255,63900,4370,7754
당리역,2019년 3월,221633,229471,78484,4779,9269
당리역,2019년 4월,221068,231861,79724,4693,8433
당리역,2019년 5월,226611,237446,81967,4943,8937
당리역,2019년 6월,209965,219090,77269,4708,7842
당리역,2019년 7월,220296,229732,80414,4738,8810
당리역,2019년 8월,204768,214073,72511,4712,8032
당리역,2019년 9월,198130,208665,69711,4152,7586
당리역,2019년 10월,220652,233594,79924,4663,8387
당리역,2019년 11월,219077,232297,78964,4538,8906
당리역,2019년 12월,221525,232422,78419,4771,9502
당리역,2020년 1월,200022,208836,71050,3993,6793
당리역,2020년 2월,160758,168964,57061,2728,5736
당리역,2020년 3월,119580,124345,41993,982,2094
당리역,2020년 4월,140610,146010,51585,1804,3438
당리역,2020년 5월,164736,170914,63512,2622,4865
당리역,2020년 6월,176276,183862,65762,3272,7218
당리역,2020년 7월,183300,189013,66797,3663,7448
당리역,2020년 8월,153290,159222,56063,2632,5447
당리역,2020년 9월,152918,159154,57143,2560,5562
당리역,2020년 10월,164076,170942,61364,2824,6351
당리역,2020년 11월,170916,179551,63823,3029,7600
당리역,2020년 12월,140366,148331,52622,1829,4811
당리역,2021년 1월,137832,146595,51238,2073,4803
당리역,2021년 2월,139081,146689,52293,2396,5180
당리역,2021년 3월,166296,176172,63124,2704,6524
당리역,2021년 4월,159445,168354,61021,2531,6015
당리역,2021년 5월,165437,173098,64659,2734,6562
당리역,2021년 6월,172077,182304,66847,2854,6921
당리역,2021년 7월,163842,174427,62673,2566,6986
당리역,2021년 8월,147920,157920,58435,2184,5585
당리역,2021년 9월,157984,166270,62982,2498,6668
당리역,2021년 10월,174048,185234,70229,2790,7710
당리역,2021년 11월,179462,192168,71456,2727,7454
당리역,2021년 12월,171949,184793,65719,2504,7553
당리역,2022년 1월,164018,175472,65936,2285,6449
당리역,2022년 2월,138607,147516,54934,1828,5296
당리역,2022년 3월,157586,169008,63204,2127,6852
당리역,2022년 4월,174440,186014,69873,2837,7753
당리역,2022년 5월,188122,202090,76120,2994,8118
당리역,2022년 6월,178770,191396,72371,2894,7537
당리역,2022년 7월,182967,195202,73986,2906,7740
당리역,2022년 8월,172459,183390,70330,2670,7088
당리역,2022년 9월,174130,186607,70487,2634,7051
당리역,2022년 10월,188137,201192,77244,2869,8163
당리역,2022년 11월,189851,205023,76902,2658,7683
당리역,2022년 12월,188040,201249,73118,2482,8729
당리역,2023년 1월,171679,181925,67409,2519,6784
당리역,2023년 2월,173640,184266,71173,2587,7300
당리역,2023년 3월,193973,209796,80136,2631,8659
당리역,2023년 4월,184520,199385,77667,2708,8156
당리역,2023년 5월,187146,203090,79634,2435,7926
당리역,2023년 6월,186007,201255,79204,2741,7770
당리역,2023년 7월,180647,193727,75654,2730,7650
당리역,2023년 8월,182230,187595,75525,2774,7475
당리역,2023년 9월,183962,190056,77449,2659,7658
당리역,2023년 10월,196257,203433,84335,2775,8236
당리역,2023년 11월,197563,207660,84366,2885,8178
당리역,2023년 12월,193183,201575,80016,2827,8694
당리역,2024년 1월,191786,199412,80712,2902,8108
당리역,2024년 2월,174914,181570,73918,2962,7265
당리역,2024년 3월,197122,207057,84380,3447,9256
당리역,2024년 4월,197722,207778,85365,3421,8736
당리역,2024년 5월,205349,215012,89712,3800,9209
당리역,2024년 6월,191857,199972,84257,3560,8628
당리역,2024년 7월,199998,209262,86793,3478,9011
당리역,2024년 8월,187061,195260,81209,3409,8202
당리역,2024년 9월,184546,193353,79866,3300,8472
당리역,2024년 10월,199701,210430,89510,3517,9048
당리역,2024년 11월,200719,210981,88538,3738,9900
당리역,2024년 12월,199223,208599,87003,3367,9945
사하역,2014년 1월,144599,117855,46639,4398,6441
사하역,2014년 2월,134245,109281,42443,3947,6687
사하역,2014년 3월,151591,125665,48934,4001,7809
사하역,2014년 4월,151115,123677,49378,3831,7130
사하역,2014년 5월,157717,128861,50883,4563,8370
사하역,2014년 6월,144645,118208,49279,3583,6319
사하역,2014년 7월,150688,122813,50926,4430,7171
사하역,2014년 8월,141581,115893,47416,4379,5921
사하역,2014년 9월,145945,119546,47977,3851,6257
사하역,2014년 10월,156086,127608,53851,4042,6748
사하역,2014년 11월,147296,120433,49777,3725,7514
사하역,2014년 12월,154124,126409,50032,4273,7518
사하역,2015년 1월,144025,118879,49071,3867,5539
사하역,2015년 2월,127547,105622,42748,3588,5765
사하역,2015년 3월,149711,124902,51460,3767,6596
사하역,2015년 4월,145629,120812,50448,3600,6462
사하역,2015년 5월,150716,124215,51864,4562,7035
사하역,2015년 6월,132323,109321,45182,3231,5586
사하역,2015년 7월,146205,121094,50886,4083,6069
사하역,2015년 8월,136716,113265,47587,3979,5369
사하역,2015년 9월,140270,115785,47931,3653,5700
사하역,2015년 10월,150984,124402,52100,4121,6361
사하역,2015년 11월,142511,116979,48840,3747,6141
사하역,2015년 12월,152369,124861,51465,4480,6597
사하역,2016년 1월,136527,113778,46909,3787,4623
사하역,2016년 2월,131338,109028,44371,3689,5373
사하역,2016년 3월,148742,123648,52056,3731,6420
사하역,2016년 4월,144968,119273,50631,3794,5764
사하역,2016년 5월,151601,124931,52461,4278,6891
사하역,2016년 6월,147109,119902,52296,3708,6182
사하역,2016년 7월,147405,119452,51485,4173,6633
사하역,2016년 8월,141540,116723,50109,3937,5429
사하역,2016년 9월,140339,114052,48250,3464,6375
사하역,2016년 10월,151262,123289,53248,3833,7023
사하역,2016년 11월,151866,123601,53335,3631,7408
사하역,2016년 12월,154261,124321,52110,4030,7745
사하역,2017년 1월,137649,112514,46877,3672,5196
사하역,2017년 2월,132188,108826,45944,3404,5587
사하역,2017년 3월,150853,124262,53270,3640,6877
사하역,2017년 4월,147329,121728,51953,3672,6455
사하역,2017년 5월,157588,132756,57087,4316,7531
사하역,2017년 6월,152881,127764,56053,3891,6762
사하역,2017년 7월,149909,126067,54395,4019,7071
사하역,2017년 8월,145852,122799,53929,3762,5840
사하역,2017년 9월,151280,126770,55995,3499,6670
사하역,2017년 10월,144136,121518,51940,3607,6264
사하역,2017년 11월,151834,127985,55381,3570,6936
사하역,2017년 12월,152604,128429,54041,3946,7084
사하역,2018년 1월,142551,121181,51785,3172,4930
사하역,2018년 2월,129818,110219,46474,3203,5113
사하역,2018년 3월,155377,131755,57585,3808,6612
사하역,2018년 4월,150468,128324,56611,3616,6074
사하역,2018년 5월,156055,133413,59318,4179,6616
사하역,2018년 6월,148998,127852,57169,3876,5873
사하역,2018년 7월,151775,130665,58138,4276,6258
사하역,2018년 8월,143922,122939,55777,3857,5289
사하역,2018년 9월,138729,118533,53374,3614,5455
사하역,2018년 10월,153788,131068,60300,3857,6197
사하역,2018년 11월,152816,130323,58481,4075,6633
사하역,2018년 12월,152610,129134,58038,4121,6720
사하역,2019년 1월,147320,126131,58252,3614,4809
사하역,2019년 2월,130427,111530,50523,3292,4491
사하역,2019년 3월,151176,131011,59517,3961,6657
사하역,2019년 4월,149706,128317,59352,3931,6628
사하역,2019년 5월,153924,132014,61365,4306,7091
사하역,2019년 6월,143221,122921,57342,3932,5873
사하역,2019년 7월,149643,129710,60217,4144,6256
사하역,2019년 8월,141206,122640,58060,3700,5081
사하역,2019년 9월,137333,118785,55743,3299,5676
사하역,2019년 10월,153242,133434,63841,3743,6291
사하역,2019년 11월,147717,127695,60439,3513,6130
사하역,2019년 12월,147493,126531,59541,3756,6446
사하역,2020년 1월,132384,115486,54550,3018,3429
사하역,2020년 2월,107534,94044,43281,2066,3332
사하역,2020년 3월,83654,72885,32730,1053,941
사하역,2020년 4월,94802,83444,39408,1459,1393
사하역,2020년 5월,111464,97144,47855,1926,2512
사하역,2020년 6월,120014,103852,50102,2513,4920
사하역,2020년 7월,124787,107870,50786,2799,5724
사하역,2020년 8월,106017,92648,44264,2215,3699
사하역,2020년 9월,104182,91746,44267,1752,3582
사하역,2020년 10월,113222,98434,48046,2126,4298
사하역,2020년 11월,118986,104038,50736,2320,4921
사하역,2020년 12월,98161,88347,42623,1491,2922
사하역,2021년 1월,93633,84084,40466,1396,2111
사하역,2021년 2월,96300,86269,41131,1654,2516
사하역,2021년 3월,120094,106758,50819,2475,4440
사하역,2021년 4월,114217,102566,48197,1999,3967
사하역,2021년 5월,116146,102880,49554,2253,3973
사하역,2021년 6월,121288,106396,50817,2184,4444
사하역,2021년 7월,116824,103878,49001,1981,4144
사하역,2021년 8월,104642,93911,45323,1515,3147
사하역,2021년 9월,111483,98510,47947,1684,4510
사하역,2021년 10월,121445,107166,51880,2129,5287
사하역,2021년 11월,124340,109049,52020,1937,5188
사하역,2021년 12월,120921,106984,48738,1775,5383
사하역,2022년 1월,112202,99018,47796,1647,3107
사하역,2022년 2월,95609,84879,40149,1369,3125
사하역,2022년 3월,109379,96859,46222,1857,4354
사하역,2022년 4월,120001,105001,50464,2309,5307
사하역,2022년 5월,130240,113195,54881,2574,5722
사하역,2022년 6월,123279,107774,52849,2286,5061
사하역,2022년 7월,127060,110528,55056,2427,5014
사하역,2022년 8월,119576,104464,52909,2124,4176
사하역,2022년 9월,120353,104632,51040,2035,4985
사하역,2022년 10월,128381,111539,55913,2141,5610
사하역,2022년 11월,127901,111341,55386,1829,5438
사하역,2022년 12월,127131,111119,53836,2170,6135
사하역,2023년 1월,115572,100983,49281,2002,3553
사하역,2023년 2월,118518,104469,51963,1908,4300
사하역,2023년 3월,137494,122525,59433,2454,5999
사하역,2023년 4월,131320,117352,56923,2635,5557
사하역,2023년 5월,135804,120696,58830,2337,5940
사하역,2023년 6월,134573,119799,58349,2420,5909
사하역,2023년 7월,130800,116904,56863,2405,5559
사하역,2023년 8월,129936,116391,55751,2431,4884
사하역,2023년 9월,132242,118353,57552,2274,5543
사하역,2023년 10월,142244,127524,63331,2377,5912
사하역,2023년 11월,142259,127434,61961,2085,6375
사하역,2023년 12월,140469,126194,59215,2549,7098
사하역,2024년 1월,134307,121203,58872,2481,4510
사하역,2024년 2월,125737,113183,54832,2546,4794
사하역,2024년 3월,142376,128572,63077,3468,6347
사하역,2024년 4월,142230,127270,63178,3538,6163
사하역,2024년 5월,148255,133025,66644,3845,7129
사하역,2024년 6월,137948,123316,63260,3630,6107
사하역,2024년 7월,147587,132957,67710,3735,6836
사하역,2024년 8월,137100,123925,63801,3738,5765
사하역,2024년 9월,134244,121003,61549,3367,6259
사하역,2024년 10월,143336,129434,67534,3440,6640
사하역,2024년 11월,141652,127880,65658,3137,7110
사하역,2024년 12월,141112,126457,63437,3384,7915
괴정역,2014년 1월,332536,284393,83028,7225,16475
괴정역,2014년 2월,308537,266096,75201,6214,17219
괴정역,2014년 3월,348788,303274,88647,5686,18356
괴정역,2014년 4월,345314,299097,89803,5609,16588
괴정역,2014년 5월,364327,311967,92300,7740,19546
괴정역,2014년 6월,328356,281106,86857,5995,15140
괴정역,2014년 7월,339107,291363,88610,6824,16807
괴정역,2014년 8월,319586,272321,83493,7328,15503
괴정역,2014년 9월,330192,281021,85017,6182,15481
괴정역,2014년 10월,355987,306354,96744,6676,16856
괴정역,2014년 11월,344359,293462,89679,6446,19636
괴정역,2014년 12월,367396,314076,91460,7373,20116
괴정역,2015년 1월,343756,296451,89732,7212,15081
괴정역,2015년 2월,304084,258417,77179,6579,15974
괴정역,2015년 3월,356704,310663,94655,6190,17009
괴정역,2015년 4월,345407,299347,93629,6109,14818
괴정역,2015년 5월,362176,311971,95937,8061,17765
괴정역,2015년 6월,301811,258686,80238,5093,12200
괴정역,2015년 7월,341938,292268,91317,7396,15988
괴정역,2015년 8월,324227,277863,85086,7363,14548
괴정역,2015년 9월,331767,285091,88269,6518,14353
괴정역,2015년 10월,363489,312050,97811,7491,16780
괴정역,2015년 11월,347235,299539,91578,6656,17351
괴정역,2015년 12월,373208,321121,96235,7592,18464
괴정역,2016년 1월,338887,293414,88980,6910,14301
괴정역,2016년 2월,325517,280431,83560,7067,16343
괴정역,2016년 3월,363101,319357,96948,6003,17325
괴정역,2016년 4월,354931,308914,94970,6220,16011
괴정역,2016년 5월,374312,323376,98622,7786,19324
괴정역,2016년 6월,356593,308014,95850,6268,16095
괴정역,2016년 7월,356701,308595,94211,7242,17629
괴정역,2016년 8월,347021,303126,92521,7620,16077
괴정역,2016년 9월,339758,292218,89271,6360,15825
괴정역,2016년 10월,367918,317678,100551,6878,17749
괴정역,2016년 11월,372350,322093,98101,6589,18794
괴정역,2016년 12월,390115,333699,99621,7477,20908
괴정역,2017년 1월,353326,303404,90596,7445,15923
괴정역,2017년 2월,344014,294299,89867,6748,16900
괴정역,2017년 3월,385942,336764,103906,6380,18911
괴정역,2017년 4월,353104,313198,98433,6090,17215
괴정역,2017년 5월,339720,315365,103180,7137,18183
괴정역,2017년 6월,321852,301061,102320,6146,14776
괴정역,2017년 7월,316792,298007,99648,6659,15235
괴정역,2017년 8월,309458,291598,100224,6907,13367
괴정역,2017년 9월,323261,304248,104917,6019,14409
괴정역,2017년 10월,310401,290970,96130,6496,14249
괴정역,2017년 11월,325453,308216,103352,5485,15677
괴정역,2017년 12월,326294,307438,99827,6335,16713
괴정역,2018년 1월,308128,295424,97020,5724,12051
괴정역,2018년 2월,280330,264893,87359,5473,12945
괴정역,2018년 3월,327845,312952,105965,5690,14959
괴정역,2018년 4월,321973,307098,104702,5782,13435
괴정역,2018년 5월,335296,318283,109794,6555,15656
괴정역,2018년 6월,312683,296961,104333,5826,12624
괴정역,2018년 7월,316518,301724,104909,6277,14276
괴정역,2018년 8월,303907,289308,102533,6426,11748
괴정역,2018년 9월,294497,278337,98719,5677,12118
괴정역,2018년 10월,332249,314747,114869,6030,14559
괴정역,2018년 11월,329985,315569,112101,6193,14731
괴정역,2018년 12월,331270,314953,109042,6963,15416
괴정역,2019년 1월,320964,309253,112132,6453,11168
괴정역,2019년 2월,284714,273313,96523,6139,10818
괴정역,2019년 3월,331255,319305,117386,6368,13092
괴정역,2019년 4월,327361,316408,117992,6182,11623
괴정역,2019년 5월,341104,328067,120591,7006,14022
괴정역,2019년 6월,310418,299002,112466,6436,10756
괴정역,2019년 7월,319770,309735,115186,6742,12552
괴정역,2019년 8월,302370,294849,109159,6729,10820
괴정역,2019년 9월,294254,285680,105538,5651,11086
괴정역,2019년 10월,327731,317274,119602,6115,13228
괴정역,2019년 11월,322610,312118,116700,6151,13437
괴정역,2019년 12월,331776,320486,119312,6487,14747
괴정역,2020년 1월,299439,292764,109627,6051,9064
괴정역,2020년 2월,239226,233461,86563,3764,7601
괴정역,2020년 3월,175175,173721,61846,2040,2696
괴정역,2020년 4월,207110,203813,77293,2791,3754
괴정역,2020년 5월,243357,238421,94596,3760,5401
괴정역,2020년 6월,249072,250797,93563,4137,9828
괴정역,2020년 7월,263429,253620,97955,4176,10488
괴정역,2020년 8월,221906,216403,83248,3363,7269
괴정역,2020년 9월,219755,215261,84603,2935,7020
괴정역,2020년 10월,237507,231381,91028,3620,8706
괴정역,2020년 11월,246646,239952,94170,3626,9494
괴정역,2020년 12월,202314,200321,78490,2528,6071
괴정역,2021년 1월,196683,196593,75598,2750,4824
괴정역,2021년 2월,201246,199140,76741,3029,6338
괴정역,2021년 3월,244158,241008,93910,3502,8864
괴정역,2021년 4월,230281,228740,89300,2971,7972
괴정역,2021년 5월,238201,236027,93805,3422,8358
괴정역,2021년 6월,246257,243927,96883,3391,8759
괴정역,2021년 7월,234858,233691,91250,3150,8343
괴정역,2021년 8월,210056,210674,83350,2803,6788
괴정역,2021년 9월,228696,227492,91917,3130,8816
괴정역,2021년 10월,255231,252070,103557,3593,10370
괴정역,2021년 11월,260276,256975,103486,3347,9180
괴정역,2021년 12월,251878,249900,96686,3282,9892
괴정역,2022년 1월,238418,239566,95132,3384,6936
괴정역,2022년 2월,203463,204260,79943,2834,6447
괴정역,2022년 3월,229302,229608,91372,2925,8737
괴정역,2022년 4월,253396,251467,101283,3637,10163
괴정역,2022년 5월,278732,274971,111914,4411,12045
괴정역,2022년 6월,261888,259070,106324,3859,9687
괴정역,2022년 7월,264698,263165,107794,4234,9987
괴정역,2022년 8월,248997,248055,102767,3867,8449
괴정역,2022년 9월,251119,249529,102353,3601,9588
괴정역,2022년 10월,273077,270559,114620,3945,10409
괴정역,2022년 11월,267869,267844,111518,3393,9943
괴정역,2022년 12월,270104,267116,108550,3829,11389
괴정역,2023년 1월,244906,244620,100347,3666,7407
괴정역,2023년 2월,244510,244585,103643,3747,8338
괴정역,2023년 3월,276813,273930,117496,3629,10996
괴정역,2023년 4월,261851,258150,111366,3497,9519
괴정역,2023년 5월,270203,266098,115124,3364,10349
괴정역,2023년 6월,264378,260642,114337,3068,9043
괴정역,2023년 7월,252573,252297,108484,3323,8996
괴정역,2023년 8월,254165,253181,107922,3399,8347
괴정역,2023년 9월,256891,255835,110068,2967,8575
괴정역,2023년 10월,281276,277467,123503,2797,9710
괴정역,2023년 11월,279381,277651,120218,2058,10263
괴정역,2023년 12월,280009,277619,119359,2551,11149
괴정역,2024년 1월,272280,273124,120192,3065,7729
괴정역,2024년 2월,251089,250452,107525,3178,7920
괴정역,2024년 3월,282951,282736,123879,3330,10305
괴정역,2024년 4월,279930,280624,123764,3197,9400
괴정역,2024년 5월,291645,289616,129851,3859,11085
괴정역,2024년 6월,269417,269129,122241,3192,8861
괴정역,2024년 7월,277749,277544,123619,3267,10614
괴정역,2024년 8월,260588,260063,115599,3580,9130
괴정역,2024년 9월,255664,255217,114167,2963,9288
괴정역,2024년 10월,279520,278132,129407,3180,9615
괴정역,2024년 11월,275490,274894,124545,2976,10386
괴정역,2024년 12월,278666,278110,125854,3105,10972
대티역,2014년 1월,111667,111612,37289,3348,5171
대티역,2014년 2월,106735,108230,34596,2904,6221
대티역,2014년 3월,142236,141006,40754,4108,12361
대티역,2014년 4월,138642,139299,40908,3885,10792
대티역,2014년 5월,140633,139455,41551,4569,10536
대티역,2014년 6월,123468,124185,39707,3653,7536
대티역,2014년 7월,120682,120713,41525,3539,6480
대티역,2014년 8월,109123,109856,37668,3126,4872
대티역,2014년 9월,126907,125844,38337,3791,7986
대티역,2014년 10월,138972,139127,43041,4180,9873
대티역,2014년 11월,132047,133096,41547,3730,8306
대티역,2014년 12월,135690,135253,42455,4175,7864
대티역,2015년 1월,116503,116836,41637,3130,4721
대티역,2015년 2월,104503,104986,34791,3144,6042
대티역,2015년 3월,143676,144315,42606,4689,11361
대티역,2015년 4월,138650,138295,41787,4754,9936
대티역,2015년 5월,136178,136453,41924,4805,9007
대티역,2015년 6월,120392,119786,36198,4152,7074
대티역,2015년 7월,120148,120025,41384,3873,5483
대티역,2015년 8월,111529,111149,39314,3245,4568
대티역,2015년 9월,129609,129017,40084,4269,7226
대티역,2015년 10월,141515,142148,43831,4577,9355
대티역,2015년 11월,131773,133729,41993,3864,7168
대티역,2015년 12월,133694,135043,43090,4042,7317
대티역,2016년 1월,112496,115097,39301,2942,4279
대티역,2016년 2월,110320,112233,37431,2925,5807
대티역,2016년 3월,148341,148882,45446,4417,11622
대티역,2016년 4월,139232,140137,43557,4233,9349
대티역,2016년 5월,144089,144712,44777,4246,9711
대티역,2016년 6월,133822,134588,43367,3999,7651
대티역,2016년 7월,122576,123431,43002,4077,5868
대티역,2016년 8월,117938,119244,41980,3155,4562
대티역,2016년 9월,129603,129473,40715,3749,7298
대티역,2016년 10월,139649,140570,44919,4063,8436
대티역,2016년 11월,137485,140851,44473,3797,6940
대티역,2016년 12월,133654,136607,44557,3677,6824
대티역,2017년 1월,113622,116326,40991,3022,4494
대티역,2017년 2월,114260,117809,40701,2905,6173
대티역,2017년 3월,149177,151056,47322,4593,11701
대티역,2017년 4월,138247,135271,45174,3813,9055
대티역,2017년 5월,143839,133597,47752,4283,9775
대티역,2017년 6월,130880,121621,47265,3622,6938
대티역,2017년 7월,118306,109051,45677,3465,5854
대티역,2017년 8월,117556,107423,45066,3020,4762
대티역,2017년 9월,133918,125202,46624,3652,7126
대티역,2017년 10월,127535,118341,44622,3608,7108
대티역,2017년 11월,135066,127004,48099,3399,6562
대티역,2017년 12월,124287,116010,44670,3220,6035
대티역,2018년 1월,110335,104030,42946,2547,3897
대티역,2018년 2월,102877,97585,37081,2375,5690
대티역,2018년 3월,139216,130701,47096,4137,9905
대티역,2018년 4월,134011,126222,47243,4105,8069
대티역,2018년 5월,138331,130456,48996,4195,8052
대티역,2018년 6월,122570,113459,46071,3937,5642
대티역,2018년 7월,115771,106638,46788,3454,4653
대티역,2018년 8월,112927,104805,45586,2962,4071
대티역,2018년 9월,119631,111248,43801,3215,5704
대티역,2018년 10월,136988,128664,50139,3335,7376
대티역,2018년 11월,132831,125628,49630,3343,6155
대티역,2018년 12월,123339,115624,47228,3059,5146
대티역,2019년 1월,116391,110548,49841,2531,3955
대티역,2019년 2월,103151,97958,42191,2425,3812
대티역,2019년 3월,137671,130276,50392,4008,8461
대티역,2019년 4월,135960,129076,51102,3764,7026
대티역,2019년 5월,140487,133152,52871,3822,7495
대티역,2019년 6월,122496,117778,48875,3314,5155
대티역,2019년 7월,116584,111393,49594,2911,4546
대티역,2019년 8월,111281,105056,48052,2794,3620
대티역,2019년 9월,122052,116632,46727,2683,5063
대티역,2019년 10월,135023,130033,52832,2896,5708
대티역,2019년 11월,133564,128405,52269,2920,5196
대티역,2019년 12월,131540,126388,53097,2995,4844
대티역,2020년 1월,112505,107535,47389,2549,3098
대티역,2020년 2월,90472,88297,37714,1511,2567
대티역,2020년 3월,65423,64047,25398,698,893
대티역,2020년 4월,77907,75635,32049,1094,1395
대티역,2020년 5월,95571,91743,40703,1410,2511
대티역,2020년 6월,106383,102242,41852,2075,4572
대티역,2020년 7월,106683,102430,41591,2160,4286
대티역,2020년 8월,84371,81438,34864,1396,2415
대티역,2020년 9월,84128,81079,35139,1251,2469
대티역,2020년 10월,98348,95764,39777,1611,3891
대티역,2020년 11월,104760,101797,41789,1783,4622
대티역,2020년 12월,79913,79042,34232,915,2339
대티역,2021년 1월,76065,75297,31926,965,1890
대티역,2021년 2월,78665,76869,33815,968,2444
대티역,2021년 3월,108526,104745,41252,2078,6058
대티역,2021년 4월,98697,96392,37664,1511,4136
대티역,2021년 5월,99133,97236,41624,1748,3714
대티역,2021년 6월,104707,101485,42424,1974,4463
대티역,2021년 7월,93410,89830,39730,1527,3326
대티역,2021년 8월,83342,80453,37120,1226,2434
대티역,2021년 9월,94036,91808,39486,1691,3602
대티역,2021년 10월,108137,105393,44498,1854,4673
대티역,2021년 11월,112907,110372,44966,1655,4773
대티역,2021년 12월,105092,103248,41881,1536,4612
대티역,2022년 1월,94585,93130,41525,1424,2737
대티역,2022년 2월,81413,80557,34788,1162,2773
대티역,2022년 3월,103719,100592,39782,2053,5537
대티역,2022년 4월,116060,111896,44831,2506,5855
대티역,2022년 5월,129296,123636,50181,2991,6784
대티역,2022년 6월,119003,114065,48965,2591,4951
대티역,2022년 7월,114409,108064,50043,2145,4256
대티역,2022년 8월,108128,102424,47314,1955,3638
대티역,2022년 9월,117247,111336,46451,1977,4806
대티역,2022년 10월,125381,120046,51698,2049,5105
대티역,2022년 11월,123982,119920,50650,1903,4777
대티역,2022년 12월,119457,114034,49779,1862,4971
대티역,2023년 1월,103118,98456,45459,1650,3122
대티역,2023년 2월,103600,99627,47483,1681,3299
대티역,2023년 3월,129265,124627,53371,2644,6660
대티역,2023년 4월,120270,115610,50805,2380,5346
대티역,2023년 5월,124945,119225,52281,2459,6429
대티역,2023년 6월,118027,114743,51878,2472,4730
대티역,2023년 7월,106198,102572,48520,1905,4017
대티역,2023년 8월,107874,102798,47873,1800,3427
대티역,2023년 9월,118567,113848,50432,1938,4569
대티역,2023년 10월,127010,122988,55305,1763,4754
대티역,2023년 11월,128766,125867,54911,1454,4804
대티역,2023년 12월,122270,117916,51992,1767,5237
대티역,2024년 1월,113329,111354,52905,1619,3415
대티역,2024년 2월,105349,103157,48326,1782,3368
대티역,2024년 3월,129036,126961,55232,2877,6885
대티역,2024년 4월,128824,127040,55944,2826,5908
대티역,2024년 5월,134329,132271,58177,3127,7351
대티역,2024년 6월,119952,118865,54516,2698,5350
대티역,2024년 7월,118347,116102,55492,2476,5247
대티역,2024년 8월,109372,105340,52163,2166,3840
대티역,2024년 9월,118109,113935,52078,2348,5472
대티역,2024년 10월,128274,125866,57375,2441,5796
대티역,2024년 11월,126493,125073,55966,2352,5553
대티역,2024년 12월,124880,123784,55635,2168,6178
서대신역,2014년 1월,88010,85728,32081,1884,3220
서대신역,2014년 2월,81904,80636,29015,1791,3461
서대신역,2014년 3월,94588,93266,34076,1854,4844
서대신역,2014년 4월,92366,92090,34135,1766,4500
서대신역,2014년 5월,99073,98312,36600,2150,4709
서대신역,2014년 6월,88037,87692,33095,1719,4085
서대신역,2014년 7월,90054,89629,33222,2012,4246
서대신역,2014년 8월,84047,82925,31161,1847,3255
서대신역,2014년 9월,87704,85978,32123,1877,3688
서대신역,2014년 10월,92517,91606,34808,1962,3700
서대신역,2014년 11월,92028,90876,34369,1782,3983
서대신역,2014년 12월,98234,95644,35384,2260,4256
서대신역,2015년 1월,95426,92082,35575,2258,3222
서대신역,2015년 2월,83686,80963,29987,2020,3293
서대신역,2015년 3월,100959,98287,36571,2339,4805
서대신역,2015년 4월,97121,94969,35936,2232,4187
서대신역,2015년 5월,102139,100761,38965,2447,4266
서대신역,2015년 6월,84388,82846,31383,1701,3617
서대신역,2015년 7월,90493,89447,34623,2180,3631
서대신역,2015년 8월,84715,82766,32456,2058,3290
서대신역,2015년 9월,88519,87030,33668,1845,3689
서대신역,2015년 10월,95250,93953,36702,2115,3918
서대신역,2015년 11월,90559,89188,34409,1855,4072
서대신역,2015년 12월,95294,93398,35416,1989,3879
서대신역,2016년 1월,87914,85173,32967,1848,2552
서대신역,2016년 2월,82125,78913,29612,1886,2927
서대신역,2016년 3월,95189,95189,35829,1839,3845
서대신역,2016년 4월,91314,92400,34245,2031,3892
서대신역,2016년 5월,99221,99376,37937,2202,4225
서대신역,2016년 6월,90561,90728,34445,1848,3954
서대신역,2016년 7월,89589,88457,33959,1863,3695
서대신역,2016년 8월,85354,84296,33037,1892,3072
서대신역,2016년 9월,85437,84039,31901,1867,3821
서대신역,2016년 10월,90445,89782,34834,1830,3863
서대신역,2016년 11월,90778,90073,34151,1761,3934
서대신역,2016년 12월,92142,90614,34443,1916,4192
서대신역,2017년 1월,84867,81951,31813,1886,2459
서대신역,2017년 2월,80334,80113,30651,1622,2716
서대신역,2017년 3월,92670,92240,35415,1881,4663
서대신역,2017년 4월,92303,90581,34936,1999,5004
서대신역,2017년 5월,101401,103084,39267,2389,5628
서대신역,2017년 6월,92038,93877,35129,2107,4987
서대신역,2017년 7월,91509,93780,33952,2056,4131
서대신역,2017년 8월,87008,87946,32944,1995,3577
서대신역,2017년 9월,90370,92294,34660,1757,4771
서대신역,2017년 10월,86162,87161,32653,1858,4289
서대신역,2017년 11월,90290,93124,33692,1823,4752
서대신역,2017년 12월,87284,89829,32376,1842,4371
서대신역,2018년 1월,83209,84905,32108,1529,2533
서대신역,2018년 2월,73732,75497,27583,1469,3065
서대신역,2018년 3월,88765,93086,33045,1889,5455
서대신역,2018년 4월,87700,91256,32822,1861,5016
서대신역,2018년 5월,95211,100684,37516,1906,5060
서대신역,2018년 6월,84356,88786,32422,1612,4319
서대신역,2018년 7월,85273,90399,32379,1641,3989
서대신역,2018년 8월,80139,84927,31622,1715,3215
서대신역,2018년 9월,78661,82669,30922,1749,3722
서대신역,2018년 10월,89640,95151,35584,1908,4316
서대신역,2018년 11월,89767,95326,34695,2193,4259
서대신역,2018년 12월,87981,93183,33977,2041,4265
서대신역,2019년 1월,86121,90908,34852,1728,2440
서대신역,2019년 2월,75001,78664,29783,1478,2527
서대신역,2019년 3월,89865,96373,35449,1947,4478
서대신역,2019년 4월,89336,96898,35572,1856,4214
서대신역,2019년 5월,98907,107234,40551,2105,4431
서대신역,2019년 6월,84132,90593,34082,1615,3432
서대신역,2019년 7월,87890,94560,34773,1996,3496
서대신역,2019년 8월,82163,88768,33801,1706,2919
서대신역,2019년 9월,80705,87611,32083,1474,3417
서대신역,2019년 10월,90452,97547,36407,2016,3792
서대신역,2019년 11월,88582,95073,35138,1929,3822
서대신역,2019년 12월,90260,96236,36520,1860,3727
서대신역,2020년 1월,83787,87580,34644,1540,1832
서대신역,2020년 2월,66830,70006,26828,968,1865
서대신역,2020년 3월,52794,55374,21127,447,543
서대신역,2020년 4월,60790,63436,25228,621,796
서대신역,2020년 5월,74826,78628,32629,847,1290
서대신역,2020년 6월,76414,81052,30966,1102,3671
서대신역,2020년 7월,78802,84125,30897,1160,3546
서대신역,2020년 8월,66420,70574,26740,892,1936
서대신역,2020년 9월,65703,69927,27483,772,2017
서대신역,2020년 10월,73811,77668,29548,1020,2463
서대신역,2020년 11월,80344,84573,31372,1133,3335
서대신역,2020년 12월,68664,72316,26904,920,2212
서대신역,2021년 1월,68455,71938,26802,970,1444
서대신역,2021년 2월,68135,70573,26749,1036,1668
서대신역,2021년 3월,81378,85161,30827,1380,3486
서대신역,2021년 4월,78603,83074,29687,1103,3130
서대신역,2021년 5월,82568,88217,32916,1219,3149
서대신역,2021년 6월,81700,86611,31050,1286,3627
서대신역,2021년 7월,78105,83158,29323,1221,2874
서대신역,2021년 8월,71239,75855,27619,1092,2158
서대신역,2021년 9월,75014,79816,29561,1075,3102
서대신역,2021년 10월,83067,88716,33063,1224,3473
서대신역,2021년 11월,84325,89441,32449,1229,3351
서대신역,2021년 12월,83066,88110,31474,1231,3905
서대신역,2022년 1월,77796,81726,31343,1160,1933
서대신역,2022년 2월,65472,69203,25965,879,1583
서대신역,2022년 3월,76736,82328,29746,1280,3658
서대신역,2022년 4월,84434,89741,32505,1479,4586
서대신역,2022년 5월,94879,100848,37667,1690,4924
서대신역,2022년 6월,86311,91619,33702,1630,4241
서대신역,2022년 7월,85561,90074,33629,1514,3551
서대신역,2022년 8월,83374,88304,32553,1462,3295
서대신역,2022년 9월,87601,91412,33327,1440,3780
서대신역,2022년 10월,95572,99741,36731,1956,4395
서대신역,2022년 11월,95085,99442,36013,1567,4068
서대신역,2022년 12월,95122,98145,35831,1577,4350
서대신역,2023년 1월,87287,89987,33753,1393,2688
서대신역,2023년 2월,86254,89793,34353,1435,2612
서대신역,2023년 3월,101017,104811,39098,2063,5322
서대신역,2023년 4월,94365,97862,36664,1612,4551
서대신역,2023년 5월,103296,106548,42114,1600,5208
서대신역,2023년 6월,96168,100527,38106,1656,4746
서대신역,2023년 7월,91855,96166,36660,1425,3989
서대신역,2023년 8월,92383,96958,35818,1468,3416
서대신역,2023년 9월,95549,99962,37502,1406,4305
서대신역,2023년 10월,101951,106278,40875,1227,4393
서대신역,2023년 11월,102844,108036,40485,1078,4640
서대신역,2023년 12월,103271,106736,39912,1278,5157
서대신역,2024년 1월,102381,106408,40254,1566,3827
서대신역,2024년 2월,92199,95077,36257,1470,2706
서대신역,2024년 3월,105986,110783,41738,1706,5149
서대신역,2024년 4월,104656,108847,41280,1663,5311
서대신역,2024년 5월,112534,118236,46432,1674,5488
서대신역,2024년 6월,100762,106366,40939,1598,4591
서대신역,2024년 7월,105349,110444,42812,1657,4612
서대신역,2024년 8월,97775,102617,39817,1902,3865
서대신역,2024년 9월,96863,101497,39941,1516,4265
서대신역,2024년 10월,105678,111101,43828,1727,4572
서대신역,2024년 11월,104503,109538,42272,1577,4585
서대신역,2024년 12월,106710,110980,43187,1731,5400
동대신역,2014년 1월,186338,170012,71803,4818,8524
동대신역,2014년 2월,173115,158657,66160,4155,8111
동대신역,2014년 3월,202652,186502,78124,4277,9429
동대신역,2014년 4월,200477,184169,78331,4259,8315
동대신역,2014년 5월,207359,188815,78966,5165,10049
동대신역,2014년 6월,190656,173026,76775,4549,7934
동대신역,2014년 7월,195767,176549,78239,4882,8480
동대신역,2014년 8월,181365,164930,71842,4737,7940
동대신역,2014년 9월,188752,169929,72908,4595,8098
동대신역,2014년 10월,201260,181287,80458,4769,8243
동대신역,2014년 11월,194672,176098,76198,4876,9304
동대신역,2014년 12월,201472,182388,77424,4884,9151
동대신역,2015년 1월,191847,175255,75082,5016,8165
동대신역,2015년 2월,168018,152474,64730,4248,7577
동대신역,2015년 3월,200341,183615,79195,4726,7784
동대신역,2015년 4월,193817,179015,78163,4734,7126
동대신역,2015년 5월,202299,185092,80523,5553,8377
동대신역,2015년 6월,171382,156577,67657,4202,6284
동대신역,2015년 7월,191440,173240,76964,4859,7446
동대신역,2015년 8월,181991,163627,71323,4826,7295
동대신역,2015년 9월,186346,167162,73282,4595,7029
동대신역,2015년 10월,202666,180241,80527,5152,7713
동대신역,2015년 11월,193557,173769,75905,4697,8192
동대신역,2015년 12월,205823,185540,79106,5205,8819
동대신역,2016년 1월,191028,173136,72633,4875,7814
동대신역,2016년 2월,179572,163106,67334,4578,7775
동대신역,2016년 3월,207409,188606,80946,4677,8458
동대신역,2016년 4월,200266,181547,77793,4525,8345
동대신역,2016년 5월,206166,186174,79390,4823,9343
동대신역,2016년 6월,198162,178855,77843,4409,8235
동대신역,2016년 7월,196762,178218,75963,4810,8359
동대신역,2016년 8월,189774,171558,72754,4882,7891
동대신역,2016년 9월,185232,167333,70651,4237,8293
동대신역,2016년 10월,201694,179043,78496,4848,9180
동대신역,2016년 11월,200203,179355,77365,4595,8817
동대신역,2016년 12월,207068,185744,77615,5037,9914
동대신역,2017년 1월,186514,167287,70066,4773,8131
동대신역,2017년 2월,184006,166366,69382,4090,8705
동대신역,2017년 3월,208066,189532,81210,4484,9772
동대신역,2017년 4월,202781,183773,79478,4136,9258
동대신역,2017년 5월,215747,193710,85225,5053,10098
동대신역,2017년 6월,209867,187980,85296,4468,8816
동대신역,2017년 7월,204404,184007,81589,4810,8936
동대신역,2017년 8월,199005,177812,79085,4855,8246
동대신역,2017년 9월,209275,186329,84442,4282,8660
동대신역,2017년 10월,196756,172928,76956,4413,8604
동대신역,2017년 11월,211300,186532,83912,4379,8490
동대신역,2017년 12월,209692,185340,81337,4372,8827
동대신역,2018년 1월,198587,178540,77190,4519,7442
동대신역,2018년 2월,180311,160061,69914,4020,7347
동대신역,2018년 3월,216289,193421,85203,4550,8900
동대신역,2018년 4월,210404,187512,83728,4253,8100
동대신역,2018년 5월,221487,195797,87370,4953,9147
동대신역,2018년 6월,209980,185356,83175,4499,7826
동대신역,2018년 7월,214845,190326,83283,4782,8521
동대신역,2018년 8월,205227,181774,80077,4603,7637
동대신역,2018년 9월,199553,176825,78481,4319,7632
동대신역,2018년 10월,222080,195981,88697,4468,8319
동대신역,2018년 11월,220000,194527,86652,4690,8351
동대신역,2018년 12월,220552,195717,84451,4982,8540
동대신역,2019년 1월,218013,194274,86991,4627,7192
동대신역,2019년 2월,190875,169862,74332,4469,6705
동대신역,2019년 3월,227862,202613,90579,4610,8904
동대신역,2019년 4월,223017,198499,89840,4327,7857
동대신역,2019년 5월,233287,205689,92714,4850,8702
동대신역,2019년 6월,212321,187421,86911,4355,7136
동대신역,2019년 7월,223107,197239,89924,4482,7894
동대신역,2019년 8월,212178,185885,84516,4622,7303
동대신역,2019년 9월,206073,180863,81916,3877,7246
동대신역,2019년 10월,230090,201798,93161,4530,7958
동대신역,2019년 11월,228840,199999,91121,4651,8068
동대신역,2019년 12월,232807,203952,93071,4705,8488
동대신역,2020년 1월,210373,185384,84094,4504,6275
동대신역,2020년 2월,165576,147446,64800,2996,4946
동대신역,2020년 3월,125646,111169,48825,1493,2204
동대신역,2020년 4월,145884,129232,58703,2135,3291
동대신역,2020년 5월,167833,149257,69799,2729,4393
동대신역,2020년 6월,179717,159178,72998,3120,6113
동대신역,2020년 7월,184967,163780,72332,3295,6203
동대신역,2020년 8월,159941,142587,64480,2691,4944
동대신역,2020년 9월,156554,139485,63677,2509,5135
동대신역,2020년 10월,167942,147993,68436,2756,5588
동대신역,2020년 11월,175946,155482,71163,2656,5841
동대신역,2020년 12월,146665,132257,59900,1997,4036
동대신역,2021년 1월,145267,131392,57732,2256,4285
동대신역,2021년 2월,146723,132442,58369,2336,4675
동대신역,2021년 3월,178690,160516,71000,2691,6178
동대신역,2021년 4월,168782,152736,68094,2366,4904
동대신역,2021년 5월,172262,155747,69466,2747,5645
동대신역,2021년 6월,177933,160630,71923,2500,5367
동대신역,2021년 7월,172073,155730,68280,2548,5635
동대신역,2021년 8월,153293,139079,62389,2059,5020
동대신역,2021년 9월,163806,148550,67837,2293,5473
동대신역,2021년 10월,182754,164203,75407,2699,6011
동대신역,2021년 11월,189123,169122,75850,2470,5782
동대신역,2021년 12월,182955,164097,70941,2427,6382
동대신역,2022년 1월,176010,158054,70812,2314,5546
동대신역,2022년 2월,148243,133686,59685,1781,4605
동대신역,2022년 3월,167251,149950,67073,2038,6367
동대신역,2022년 4월,185273,165367,74654,2400,6732
동대신역,2022년 5월,201981,178330,82398,2798,7568
동대신역,2022년 6월,189961,167947,77751,2454,6250
동대신역,2022년 7월,192395,170446,78110,2563,6716
동대신역,2022년 8월,181977,160424,74616,2364,6264
동대신역,2022년 9월,185127,163467,74379,2249,6392
동대신역,2022년 10월,198477,174071,82180,2624,6762
동대신역,2022년 11월,198206,174859,80446,2365,6694
동대신역,2022년 12월,196550,172980,77195,2555,7174
동대신역,2023년 1월,179536,159318,71359,2545,6205
동대신역,2023년 2월,179683,159202,74397,2423,6172
동대신역,2023년 3월,206493,181638,85290,2637,7968
동대신역,2023년 4월,192680,171307,80852,2309,6863
동대신역,2023년 5월,197699,174439,83025,2546,7455
동대신역,2023년 6월,193616,169814,81866,2507,6735
동대신역,2023년 7월,187672,164341,78238,2573,7312
동대신역,2023년 8월,190025,164659,77699,2570,6949
동대신역,2023년 9월,193084,167546,79442,2296,6879
동대신역,2023년 10월,208097,180897,88948,2033,7058
동대신역,2023년 11월,212275,183659,88449,1778,7316
동대신역,2023년 12월,209816,181828,85647,2231,7916
동대신역,2024년 1월,205935,179152,85314,2212,7570
동대신역,2024년 2월,186136,163604,76437,2133,7224
동대신역,2024년 3월,209780,184115,86455,2424,8427
동대신역,2024년 4월,209130,183745,86924,2431,7865
동대신역,2024년 5월,215000,188853,90132,2552,8692
동대신역,2024년 6월,199597,174114,85319,2344,7424
동대신역,2024년 7월,206842,182115,86861,2359,8514
동대신역,2024년 8월,195358,171664,82004,2618,8160
동대신역,2024년 9월,192673,169290,80484,2432,7807
동대신역,2024년 10월,209379,183924,89942,2510,8202
동대신역,2024년 11월,208923,183492,87691,2425,8497
동대신역,2024년 12월,207315,182817,87811,2751,8460
토성역,2014년 1월,264717,254188,69917,5177,9597
토성역,2014년 2월,252594,244563,65789,4474,8797
토성역,2014년 3월,316114,308464,76478,5461,13921
토성역,2014년 4월,309384,300689,76694,5347,12389
토성역,2014년 5월,317545,309318,77735,6293,13268
토성역,2014년 6월,279853,271023,74715,5297,9616
토성역,2014년 7월,283283,272732,78050,5454,9074
토성역,2014년 8월,266854,257082,70770,5398,8321
토성역,2014년 9월,287940,278051,72116,5439,9281
토성역,2014년 10월,310327,300877,79662,5904,10076
토성역,2014년 11월,302230,294274,76096,5686,11871
토성역,2014년 12월,301976,291277,77145,5740,10278
토성역,2015년 1월,282039,271380,74659,5502,10340
토성역,2015년 2월,243623,235348,63498,4556,9930
토성역,2015년 3월,326365,318450,79213,5831,13118
토성역,2015년 4월,313670,304611,77621,5848,11742
토성역,2015년 5월,319918,310854,78063,6698,12939
토성역,2015년 6월,257581,245004,66402,4616,8534
토성역,2015년 7월,276367,265853,75040,5070,8611
토성역,2015년 8월,277213,270642,72278,5450,8909
토성역,2015년 9월,295917,286918,72162,5779,9593
토성역,2015년 10월,317120,310418,78623,6187,10547
토성역,2015년 11월,309737,303096,74712,5732,11828
토성역,2015년 12월,311065,306315,78336,5975,10491
토성역,2016년 1월,285634,278778,72564,5461,11614
토성역,2016년 2월,263378,258815,66929,4665,11580
토성역,2016년 3월,334046,327997,80955,5781,13548
토성역,2016년 4월,312266,307181,77746,5437,10999
토성역,2016년 5월,325136,320936,79500,6568,12597
토성역,2016년 6월,300866,294436,78926,5453,8864
토성역,2016년 7월,289682,278892,77930,5457,8463
토성역,2016년 8월,287619,275632,77746,5463,7881
토성역,2016년 9월,295838,285745,73500,5327,8750
토성역,2016년 10월,312580,304796,80011,5990,9071
토성역,2016년 11월,316763,309399,79995,5444,9276
토성역,2016년 12월,313747,303665,81571,5457,10215
토성역,2017년 1월,273583,261340,74164,4713,10066
토성역,2017년 2월,271608,262982,73411,4426,10642
토성역,2017년 3월,335938,328486,83887,5738,14183
토성역,2017년 4월,318236,310536,81183,5655,12032
토성역,2017년 5월,338511,331770,85595,6763,14822
토성역,2017년 6월,311630,302488,86630,5491,9668
토성역,2017년 7월,295126,281709,84140,5391,8642
토성역,2017년 8월,289748,277074,83846,5430,7878
토성역,2017년 9월,322453,314142,85876,5584,9503
토성역,2017년 10월,295884,289296,77657,5095,8481
토성역,2017년 11월,324763,316494,86091,5562,9112
토성역,2017년 12월,307612,297844,81426,5395,10267
토성역,2018년 1월,282669,270686,80382,4703,7556
토성역,2018년 2월,249070,239022,70545,3954,8112
토성역,2018년 3월,331879,324435,86504,5802,12796
토성역,2018년 4월,326213,319857,86050,5949,10489
토성역,2018년 5월,329766,322157,86894,6218,11451
토성역,2018년 6월,294604,286131,82552,5257,7616
토성역,2018년 7월,290380,277568,85360,4904,6781
토성역,2018년 8월,280549,267385,82570,4947,6049
토성역,2018년 9월,281477,274994,75799,4563,7112
토성역,2018년 10월,325185,318528,89630,5008,7632
토성역,2018년 11월,323491,317485,88759,5139,7604
토성역,2018년 12월,306778,298200,85005,5140,8517
토성역,2019년 1월,288014,277781,87034,4593,6699
토성역,2019년 2월,250714,243190,74121,3825,6729
토성역,2019년 3월,330329,326175,88731,5438,10999
토성역,2019년 4월,332806,330831,89533,5692,9574
토성역,2019년 5월,336128,333338,91559,5469,9726
토성역,2019년 6월,295930,291553,84720,5372,7270
토성역,2019년 7월,298050,291504,90804,4690,6180
토성역,2019년 8월,282891,272832,86030,4911,5660
토성역,2019년 9월,299239,294933,82992,4186,6653
토성역,2019년 10월,328929,324755,92558,4584,6664
토성역,2019년 11월,321015,315909,90324,4713,6373
토성역,2019년 12월,314859,308554,91316,4678,7667
토성역,2020년 1월,273496,264332,83525,4083,5489
토성역,2020년 2월,210427,202515,64838,2378,3327
토성역,2020년 3월,159618,152677,50380,1342,1337
토성역,2020년 4월,183414,175932,60313,1781,1734
토성역,2020년 5월,204468,194742,68359,2246,2539
토성역,2020년 6월,222061,212297,72826,2734,3663
토성역,2020년 7월,234431,223606,75301,3049,3859
토성역,2020년 8월,201459,189169,64952,2272,2917
토성역,2020년 9월,197290,186648,62879,1941,2818
토성역,2020년 10월,208616,198815,66874,2279,3282
토성역,2020년 11월,238627,230456,71242,2459,4436
토성역,2020년 12월,188316,181412,62025,1709,2437
토성역,2021년 1월,179872,173294,58316,1797,2533
토성역,2021년 2월,179023,172705,57562,1798,3216
토성역,2021년 3월,240265,233747,72621,2673,7447
토성역,2021년 4월,221883,215543,68685,2015,5111
토성역,2021년 5월,221229,214598,69025,2243,5392
토성역,2021년 6월,231910,225729,72513,2552,4852
토성역,2021년 7월,215291,206095,69451,2341,3763
토성역,2021년 8월,190932,183818,63384,1958,2924
토성역,2021년 9월,194678,188143,64644,1916,3386
토성역,2021년 10월,220973,213394,70796,2315,4438
토성역,2021년 11월,240463,232710,72938,2436,4835
토성역,2021년 12월,232557,224618,69766,2123,5042
토성역,2022년 1월,206936,199613,67046,1891,3263
토성역,2022년 2월,178834,173267,58376,1646,3295
토성역,2022년 3월,225444,219332,65503,2260,9031
토성역,2022년 4월,240963,233709,71362,2742,8588
토성역,2022년 5월,261920,254852,78315,2814,8736
토성역,2022년 6월,240811,233160,76415,2445,6237
토성역,2022년 7월,230248,220612,75853,2227,4517
토성역,2022년 8월,227628,217817,75580,2566,4126
토성역,2022년 9월,255739,249388,73231,2260,6112
토성역,2022년 10월,265524,260043,78069,2368,5824
토성역,2022년 11월,274521,268751,79043,2352,5526
토성역,2022년 12월,256464,249646,76497,2411,5889
토성역,2023년 1월,219291,212247,71804,2280,3861
토성역,2023년 2월,218783,212635,73135,2124,4397
토성역,2023년 3월,292689,288469,83989,2931,10546
토성역,2023년 4월,274262,269778,79031,2916,9127
토성역,2023년 5월,283064,277392,83270,2594,8559
토성역,2023년 6월,261544,255007,82410,2415,6317
토성역,2023년 7월,231491,223908,76096,2314,5228
토성역,2023년 8월,238093,228347,78476,2233,4230
토성역,2023년 9월,271743,263670,78455,2116,6143
토성역,2023년 10월,286640,279835,86127,1589,5995
토성역,2023년 11월,294302,287139,86498,1418,5610
토성역,2023년 12월,275686,266007,84232,1790,6687
토성역,2024년 1월,261526,252313,87653,1772,5191
토성역,2024년 2월,230109,222530,76746,1598,3957
토성역,2024년 3월,291409,285172,82106,2246,10617
토성역,2024년 4월,291063,285244,81938,2592,9773
토성역,2024년 5월,293169,286168,84070,2403,9579
토성역,2024년 6월,258078,250379,79463,2329,7418
토성역,2024년 7월,259981,249197,86072,2220,6017
토성역,2024년 8월,244157,233834,80290,2509,5385
토성역,2024년 9월,262510,254484,77051,1857,6867
토성역,2024년 10월,286733,279688,84677,2037,7223
토성역,2024년 11월,285147,276716,82836,2123,7503
토성역,2024년 12월,272415,262149,83474,2320,7716
자갈치역,2014년 1월,715530,730620,279993,14037,27608
자갈치역,2014년 2월,615328,623037,213328,11837,30081
자갈치역,2014년 3월,653936,665859,255482,8906,19346
자갈치역,2014년 4월,617218,637311,248131,7315,14283
자갈치역,2014년 5월,720787,734146,259029,13729,25839
자갈치역,2014년 6월,631068,651732,242210,9803,17192
자갈치역,2014년 7월,644720,672154,242280,11216,22426
자갈치역,2014년 8월,727940,749722,255990,16133,27267
자갈치역,2014년 9월,610337,636891,240869,9908,17376
자갈치역,2014년 10월,673275,702524,266234,11211,19454
자갈치역,2014년 11월,630429,654295,253543,8900,19821
자갈치역,2014년 12월,752123,760597,276506,16083,30001
자갈치역,2015년 1월,772866,783208,289905,16270,33878
자갈치역,2015년 2월,671171,685044,240283,12823,34817
자갈치역,2015년 3월,642511,665520,257628,8399,16934
자갈치역,2015년 4월,602897,628238,248983,7025,12708
자갈치역,2015년 5월,689065,710357,258703,14196,24511
자갈치역,2015년 6월,515462,539982,215454,4954,10483
자갈치역,2015년 7월,623161,648693,242008,9368,21867
자갈치역,2015년 8월,681796,707322,242251,12332,25267
자갈치역,2015년 9월,624352,659174,261315,8638,14689
자갈치역,2015년 10월,692634,721249,272978,11633,21246
자갈치역,2015년 11월,610844,639570,245936,7970,18286
자갈치역,2015년 12월,751603,760393,277150,15568,30959
자갈치역,2016년 1월,722194,734199,270485,13631,33888
자갈치역,2016년 2월,656523,671529,228964,13448,38349
자갈치역,2016년 3월,631785,652365,262180,7538,16174
자갈치역,2016년 4월,611649,637506,250930,7532,14154
자갈치역,2016년 5월,666733,685132,260036,11575,22508
자갈치역,2016년 6월,624185,647062,249789,7963,15048
자갈치역,2016년 7월,641859,668619,245010,10531,24620
자갈치역,2016년 8월,665014,695689,253197,11811,24259
자갈치역,2016년 9월,583285,612939,243982,8287,15529
자갈치역,2016년 10월,641051,667702,261098,9621,19881
자갈치역,2016년 11월,617267,644473,253065,7972,18368
자갈치역,2016년 12월,732548,744701,273130,14434,31482
자갈치역,2017년 1월,681196,704229,267138,12768,31439
자갈치역,2017년 2월,625334,644699,227695,11170,35925
자갈치역,2017년 3월,637842,663754,266167,7680,17101
자갈치역,2017년 4월,616796,641835,252683,8036,15952
자갈치역,2017년 5월,715824,729418,276069,14046,28286
자갈치역,2017년 6월,636495,657347,268792,8075,15774
자갈치역,2017년 7월,644364,666931,259159,10748,23328
자갈치역,2017년 8월,673192,699882,267207,13281,24322
자갈치역,2017년 9월,654666,680504,292753,8002,15040
자갈치역,2017년 10월,694721,708610,267493,13652,24603
자갈치역,2017년 11월,631318,649077,269547,7811,16895
자갈치역,2017년 12월,712764,721557,270939,14295,29750
자갈치역,2018년 1월,635797,648421,259315,10631,24729
자갈치역,2018년 2월,596353,609547,233324,11046,29228
자갈치역,2018년 3월,625792,644960,261705,8111,16731
자갈치역,2018년 4월,604850,627876,259463,7174,12899
자갈치역,2018년 5월,649543,668595,272355,10441,20390
자갈치역,2018년 6월,595812,617849,257079,7629,12480
자갈치역,2018년 7월,602327,623682,255375,8700,18945
자갈치역,2018년 8월,615868,641997,255568,10570,18277
자갈치역,2018년 9월,612842,638012,271584,8896,14077
자갈치역,2018년 10월,662296,688247,290465,9400,16612
자갈치역,2018년 11월,634134,659414,277366,7522,15450
자갈치역,2018년 12월,704481,722799,280089,13222,26111
자갈치역,2019년 1월,683723,702107,303713,10566,21997
자갈치역,2019년 2월,596387,616044,238686,11532,24956
자갈치역,2019년 3월,647927,671293,283317,8518,15273
자갈치역,2019년 4월,607735,635644,272581,6729,10568
자갈치역,2019년 5월,651867,678436,285918,8965,16945
자갈치역,2019년 6월,606021,634405,267496,8316,11315
자갈치역,2019년 7월,609803,639358,265872,9043,16150
자갈치역,2019년 8월,635806,666713,274932,10316,15757
자갈치역,2019년 9월,567383,596898,258533,6986,10834
자갈치역,2019년 10월,654541,686881,295019,8894,13865
자갈치역,2019년 11월,622244,650437,280564,7798,13167
자갈치역,2019년 12월,690044,712013,293482,11781,21176
자갈치역,2020년 1월,621707,642030,279674,9594,16326
자갈치역,2020년 2월,418681,432687,191593,4059,8740
자갈치역,2020년 3월,309356,316251,155976,1751,2719
자갈치역,2020년 4월,377532,389755,193056,2835,3841
자갈치역,2020년 5월,452281,468589,226387,4431,5440
자갈치역,2020년 6월,450974,465298,224976,3850,6898
자갈치역,2020년 7월,461320,475077,223923,3974,6848
자갈치역,2020년 8월,415675,428518,197217,4321,7461
자갈치역,2020년 9월,396604,408363,214600,2462,4263
자갈치역,2020년 10월,426866,439523,215261,3420,6868
자갈치역,2020년 11월,437405,448975,221796,3068,6814
자갈치역,2020년 12월,348717,350492,187308,1771,3963
자갈치역,2021년 1월,369241,369992,197232,2307,5051
자갈치역,2021년 2월,375238,380577,185492,3104,7931
자갈치역,2021년 3월,425142,430631,217528,2545,6843
자갈치역,2021년 4월,407797,410488,211165,2408,5280
자갈치역,2021년 5월,428510,432043,214127,3443,8405
자갈치역,2021년 6월,435655,444396,221353,3054,6089
자갈치역,2021년 7월,404110,409753,204136,2924,7632
자갈치역,2021년 8월,371438,374108,193502,2471,5767
자갈치역,2021년 9월,426840,433613,228519,3062,6244
자갈치역,2021년 10월,477674,483547,245281,3667,8521
자갈치역,2021년 11월,485633,494385,242883,3368,8092
자갈치역,2021년 12월,471187,475034,227538,3294,10952
자갈치역,2022년 1월,480116,482652,248301,3608,9546
자갈치역,2022년 2월,367716,371539,181207,2679,8141
자갈치역,2022년 3월,400461,405406,209559,2382,6242
자갈치역,2022년 4월,452121,467316,231576,3538,7089
자갈치역,2022년 5월,516171,530730,257066,5198,11337
자갈치역,2022년 6월,482733,497746,241028,4248,7276
자갈치역,2022년 7월,485202,503025,237036,4923,11248
자갈치역,2022년 8월,484866,503843,238020,5173,9651
자갈치역,2022년 9월,466883,484256,236028,4713,8468
자갈치역,2022년 10월,552301,571017,272577,5920,10951
자갈치역,2022년 11월,503423,516320,250679,3922,9197
자갈치역,2022년 12월,545941,554255,258642,6169,15103
자갈치역,2023년 1월,494660,506916,241731,5598,12542
자갈치역,2023년 2월,483520,492794,232986,5812,13320
자갈치역,2023년 3월,521776,530923,263531,4081,9229
자갈치역,2023년 4월,505046,515200,249367,4616,8020
자갈치역,2023년 5월,514570,527200,255944,4776,10325
자갈치역,2023년 6월,503420,517911,251748,4817,7542
자갈치역,2023년 7월,481029,495744,235877,5007,10742
자갈치역,2023년 8월,508263,522893,244142,5898,9876
자갈치역,2023년 9월,523915,543494,264250,4690,7880
자갈치역,2023년 10월,595275,613602,296088,5419,10523
자갈치역,2023년 11월,556694,568877,281272,3189,9590
자갈치역,2023년 12월,621534,629313,296776,7436,17014
자갈치역,2024년 1월,551159,556772,279103,5027,12127
자갈치역,2024년 2월,501552,509119,240053,6135,13154
자갈치역,2024년 3월,557429,566274,273286,4896,10362
자갈치역,2024년 4월,539127,549910,268694,4030,7595
자갈치역,2024년 5월,572220,583697,282671,5295,11237
자갈치역,2024년 6월,521407,535475,261814,4954,8079
자갈치역,2024년 7월,514320,527230,254728,4765,10907
자갈치역,2024년 8월,514609,530801,251918,5975,9917
자갈치역,2024년 9월,503988,520189,257043,4298,7695
자갈치역,2024년 10월,570624,590486,290155,4854,9081
자갈치역,2024년 11월,543508,555271,274422,4240,9248
자갈치역,2024년 12월,580708,584858,288140,6349,14591
남포역,2014년 1월,689571,753808,133512,15867,39622
남포역,2014년 2월,648816,696064,115928,12878,44317
남포역,2014년 3월,705345,758068,135597,10516,34551
남포역,2014년 4월,664799,713285,133220,8515,27709
남포역,2014년 5월,778567,827740,140710,15418,43834
남포역,2014년 6월,653575,702452,126802,10367,29053
남포역,2014년 7월,680323,734008,133630,12613,34689
남포역,2014년 8월,736558,787730,130336,16876,39241
남포역,2014년 9월,676108,750837,128157,12225,32858
남포역,2014년 10월,725283,786129,142487,13717,36399
남포역,2014년 11월,684345,753830,132324,11253,38108
남포역,2014년 12월,861456,963936,146376,21169,60151
남포역,2015년 1월,749303,810445,141487,18293,47847
남포역,2015년 2월,670504,729126,116892,15452,48989
남포역,2015년 3월,701635,754756,137098,10600,32265
남포역,2015년 4월,700717,708212,134653,9313,26041
남포역,2015년 5월,766885,819990,143327,17104,43331
남포역,2015년 6월,555860,604858,117730,6479,20228
남포역,2015년 7월,664607,725717,135023,12692,33027
남포역,2015년 8월,729641,785261,136887,15826,38284
남포역,2015년 9월,656857,712256,128990,11363,27332
남포역,2015년 10월,743794,793805,145791,15204,39695
남포역,2015년 11월,667483,720994,127571,10563,34022
남포역,2015년 12월,844722,925488,145038,20708,58261
남포역,2016년 1월,715866,767762,132180,16300,44259
남포역,2016년 2월,690203,750173,120345,15729,51952
남포역,2016년 3월,692822,749142,137066,10231,33195
남포역,2016년 4월,672207,725533,132588,10053,29221
남포역,2016년 5월,736141,799278,141471,14261,40208
남포역,2016년 6월,676755,737700,135319,10428,27092
남포역,2016년 7월,706168,773687,136735,14112,37373
남포역,2016년 8월,732651,797966,146966,16636,36948
남포역,2016년 9월,645316,710314,124915,11252,28474
남포역,2016년 10월,700292,764215,137816,12679,36682
남포역,2016년 11월,678728,747112,134001,10431,34367
남포역,2016년 12월,823474,921739,143792,19790,55197
남포역,2017년 1월,681003,752784,129458,16357,40412
남포역,2017년 2월,657559,715570,125419,13405,44276
남포역,2017년 3월,705229,760481,147182,9905,34550
남포역,2017년 4월,681939,729167,140798,10410,31657
남포역,2017년 5월,770138,817576,152903,15676,45339
남포역,2017년 6월,674093,727379,147778,10134,28010
남포역,2017년 7월,698483,751552,150316,13721,35697
남포역,2017년 8월,715668,771913,153576,16229,34408
남포역,2017년 9월,686761,753190,149633,10365,29431
남포역,2017년 10월,724705,777925,143047,15228,38685
남포역,2017년 11월,678900,742236,147022,9751,29351
남포역,2017년 12월,808593,891342,153810,18952,50056
남포역,2018년 1월,650723,708891,141602,12351,32049
남포역,2018년 2월,609535,668637,122321,12358,36627
남포역,2018년 3월,700195,753840,146504,10043,32158
남포역,2018년 4월,672046,719138,145455,9045,26486
남포역,2018년 5월,716179,769902,154927,12355,36027
남포역,2018년 6월,644637,695600,143681,10005,23000
남포역,2018년 7월,673718,730804,158196,12158,28747
남포역,2018년 8월,682869,735266,161596,14553,27304
남포역,2018년 9월,638671,698618,139818,10837,23533
남포역,2018년 10월,703030,756866,158889,10877,28408
남포역,2018년 11월,675204,734309,153000,9436,28462
남포역,2018년 12월,784001,857948,162877,17756,43789
남포역,2019년 1월,664360,724288,161415,12670,28386
남포역,2019년 2월,612766,667386,133894,13091,31264
남포역,2019년 3월,704992,750883,160324,10670,27954
남포역,2019년 4월,667359,707499,155111,9085,22147
남포역,2019년 5월,716608,766534,164241,11768,30557
남포역,2019년 6월,661449,706421,155615,10670,21152
남포역,2019년 7월,660361,711419,156474,12464,26643
남포역,2019년 8월,678687,730649,163441,13929,24317
남포역,2019년 9월,612446,662772,142679,8502,20540
남포역,2019년 10월,698152,749297,166042,10552,25495
남포역,2019년 11월,678697,733790,159822,10174,25681
남포역,2019년 12월,761633,828792,170900,16401,37077
남포역,2020년 1월,618549,673580,150569,11604,21249
남포역,2020년 2월,428725,467283,108627,4713,13044
남포역,2020년 3월,285053,318656,81039,1937,3930
남포역,2020년 4월,350580,387536,103179,3285,5878
남포역,2020년 5월,438411,481866,127696,5156,9636
남포역,2020년 6월,450376,494867,130115,4579,14399
남포역,2020년 7월,462274,508486,127581,4574,14685
남포역,2020년 8월,417341,453317,114421,4967,12722
남포역,2020년 9월,367103,411879,107870,3018,9601
남포역,2020년 10월,427097,471891,120239,4479,13841
남포역,2020년 11월,442989,486206,122645,4052,14599
남포역,2020년 12월,341918,378417,101936,2421,8379
남포역,2021년 1월,341526,376881,102275,2861,8769
남포역,2021년 2월,358432,394104,98173,3660,12059
남포역,2021년 3월,429869,469585,121514,3467,16106
남포역,2021년 4월,406160,443528,118664,3037,13040
남포역,2021년 5월,427280,467552,119501,4631,16061
남포역,2021년 6월,435581,474040,121693,4010,14101
남포역,2021년 7월,410294,447975,117420,4008,14134
남포역,2021년 8월,367339,402492,107831,3525,11059
남포역,2021년 9월,401409,442882,115291,3923,14136
남포역,2021년 10월,465348,508543,132466,4746,16962
남포역,2021년 11월,489944,531705,132595,4341,16955
남포역,2021년 12월,488787,531299,126367,4794,22207
남포역,2022년 1월,435331,476617,125301,4478,14237
남포역,2022년 2월,355957,386380,100464,3091,12413
남포역,2022년 3월,402381,435984,114442,3170,17112
남포역,2022년 4월,466654,500473,132266,4863,18630
남포역,2022년 5월,533768,575310,147244,6744,25350
남포역,2022년 6월,482780,520056,138154,5386,16732
남포역,2022년 7월,493104,534776,142058,6155,19233
남포역,2022년 8월,480943,518511,138630,6296,16324
남포역,2022년 9월,469505,510732,129568,4942,17174
남포역,2022년 10월,543823,583166,150707,6559,20265
남포역,2022년 11월,510577,549087,141597,4805,18611
남포역,2022년 12월,569429,615963,149299,8021,29523
남포역,2023년 1월,471926,512113,133051,6496,16297
남포역,2023년 2월,463611,497898,134400,6301,17020
남포역,2023년 3월,543650,575093,155407,5174,22020
남포역,2023년 4월,534454,559626,148520,5910,19021
남포역,2023년 5월,543164,573594,150278,6207,21950
남포역,2023년 6월,528028,560647,150320,6295,17295
남포역,2023년 7월,508969,542861,143181,7062,19495
남포역,2023년 8월,526422,554298,150535,7802,18013
남포역,2023년 9월,529085,557323,146538,5391,16737
남포역,2023년 10월,596433,624339,169177,6505,20598
남포역,2023년 11월,575622,603345,162554,4666,20671
남포역,2023년 12월,651278,689469,180112,10462,31445
남포역,2024년 1월,525989,555572,156741,7100,17168
남포역,2024년 2월,493605,522629,139228,7534,17551
남포역,2024년 3월,581080,602480,162078,6549,22116
남포역,2024년 4월,561483,584985,160327,6264,19471
남포역,2024년 5월,600199,625393,169985,6764,24181
남포역,2024년 6월,547543,571716,161527,6773,17265
남포역,2024년 7월,551565,578107,163624,7435,21237
남포역,2024년 8월,557438,580218,167066,9665,19399
남포역,2024년 9월,533305,559113,153922,6215,17399
남포역,2024년 10월,585833,607972,172735,6521,20101
남포역,2024년 11월,574899,603176,165985,6054,22192
남포역,2024년 12월,626868,660906,176441,9718,32300
중앙역,2014년 1월,335514,316909,67206,3409,5404
중앙역,2014년 2월,322269,303828,62898,2974,5108
중앙역,2014년 3월,351245,328895,71702,2635,4753
중앙역,2014년 4월,353447,330704,71223,2771,4921
중앙역,2014년 5월,347725,319077,70476,3371,6129
중앙역,2014년 6월,319422,299965,66446,2734,4464
중앙역,2014년 7월,349928,334212,71007,3152,5305
중앙역,2014년 8월,323361,300002,63680,3395,5506
중앙역,2014년 9월,310363,289107,63029,2675,4632
중앙역,2014년 10월,338506,317970,69464,2979,5416
중앙역,2014년 11월,323942,302608,67335,2773,5562
중앙역,2014년 12월,359975,338141,73362,3553,7016
중앙역,2015년 1월,346122,326539,71688,3358,6210
중앙역,2015년 2월,289820,273436,59375,2630,5570
중앙역,2015년 3월,353957,332755,73513,2689,4762
중앙역,2015년 4월,347794,327701,72619,2615,4541
중앙역,2015년 5월,338075,310640,70846,3504,5884
중앙역,2015년 6월,316656,298771,65300,2192,3609
중앙역,2015년 7월,342295,325819,70770,2816,4633
중앙역,2015년 8월,328011,307462,66560,3235,5239
중앙역,2015년 9월,310675,289114,63669,2606,4164
중앙역,2015년 10월,340858,318196,69535,3242,4992
중앙역,2015년 11월,328946,305501,67130,2528,4857
중앙역,2015년 12월,357869,335223,71351,3492,6328
중앙역,2016년 1월,326012,306109,66028,3068,5575
중앙역,2016년 2월,296143,277085,60060,2457,5423
중앙역,2016년 3월,344651,325680,69628,2386,4629
중앙역,2016년 4월,325785,307737,67258,2581,4253
중앙역,2016년 5월,333416,312501,68928,3023,4847
중앙역,2016년 6월,330162,314848,68142,2392,3843
중앙역,2016년 7월,332539,318495,68555,2831,4819
중앙역,2016년 8월,335331,318929,67092,3200,5021
중앙역,2016년 9월,303188,285116,61606,2474,4339
중앙역,2016년 10월,323717,304476,67177,2694,4886
중앙역,2016년 11월,334227,315672,67949,2607,4694
중앙역,2016년 12월,352659,334463,70112,3251,6038
중앙역,2017년 1월,313067,297348,64090,2638,5107
중앙역,2017년 2월,311790,298797,63476,2474,5076
중앙역,2017년 3월,338687,322078,70545,2358,4239
중앙역,2017년 4월,315772,299028,66050,2481,3796
중앙역,2017년 5월,323294,302920,69519,2923,4836
중앙역,2017년 6월,320743,305945,69935,2505,3550
중앙역,2017년 7월,318271,305740,68612,2717,4308
중앙역,2017년 8월,316492,303157,66973,3076,4239
중앙역,2017년 9월,313070,299362,66436,2268,3642
중앙역,2017년 10월,284220,266541,61295,2683,3869
중앙역,2017년 11월,324397,309487,68387,2428,3656
중앙역,2017년 12월,326516,312207,69461,2812,4807
중앙역,2018년 1월,322849,311123,67631,2529,4034
중앙역,2018년 2월,274671,263658,57810,2009,4054
중앙역,2018년 3월,321473,307999,69328,2073,3465
중앙역,2018년 4월,316020,300960,68230,2083,3163
중앙역,2018년 5월,319651,303367,70034,2553,4031
중앙역,2018년 6월,293894,282991,65193,2177,2803
중앙역,2018년 7월,319563,308903,70358,2610,3867
중앙역,2018년 8월,309635,298826,67015,3063,3686
중앙역,2018년 9월,268925,255653,59703,2255,2662
중앙역,2018년 10월,317750,303239,69222,2501,3142
중앙역,2018년 11월,319991,306689,69135,2537,3621
중앙역,2018년 12월,317468,305991,69335,2928,4890
중앙역,2019년 1월,318829,308786,69310,2729,3478
중앙역,2019년 2월,266897,257327,58021,2455,3657
중앙역,2019년 3월,309150,296621,68228,2332,3046
중앙역,2019년 4월,318351,305400,69091,2354,2467
중앙역,2019년 5월,319478,308571,70869,2702,3499
중앙역,2019년 6월,290598,280119,65686,2323,2386
중앙역,2019년 7월,321967,313575,70482,2731,3202
중앙역,2019년 8월,302966,294336,66668,2958,3300
중앙역,2019년 9월,282051,272051,62364,2069,2560
중앙역,2019년 10월,314768,303334,69257,2655,3500
중앙역,2019년 11월,311385,300526,68272,2318,3348
중앙역,2019년 12월,320674,311462,70028,2768,4550
중앙역,2020년 1월,292462,282904,63630,2361,2841
중앙역,2020년 2월,246524,237864,52252,1535,1966
중앙역,2020년 3월,207306,201266,44925,1216,702
중앙역,2020년 4월,213622,208850,49333,1185,871
중앙역,2020년 5월,229601,224226,54951,1263,1033
중앙역,2020년 6월,253361,247559,58808,1440,1523
중앙역,2020년 7월,267123,262587,60007,1567,1882
중앙역,2020년 8월,231228,225396,52169,1407,1648
중앙역,2020년 9월,225299,219190,50736,1130,1264
중앙역,2020년 10월,233607,226872,53446,1196,1562
중앙역,2020년 11월,248374,242464,54875,1176,1812
중앙역,2020년 12월,224525,217929,50144,922,1385
중앙역,2021년 1월,217943,211365,48748,1001,1299
중앙역,2021년 2월,208096,201913,45994,1022,1535
중앙역,2021년 3월,255185,248500,56690,1251,2006
중앙역,2021년 4월,249212,242837,54860,1313,1759
중앙역,2021년 5월,237431,232014,53961,1264,1932
중앙역,2021년 6월,259042,253030,56137,1304,1874
중앙역,2021년 7월,255156,249729,55630,1183,1995
중앙역,2021년 8월,227291,222130,52139,1109,1589
중앙역,2021년 9월,229114,222827,51703,1150,1733
중앙역,2021년 10월,254506,248445,57646,1252,2272
중앙역,2021년 11월,293264,284874,61059,1356,2519
중앙역,2021년 12월,288739,282462,60297,1259,2960
중앙역,2022년 1월,249474,245581,54730,1017,2252
중앙역,2022년 2월,212375,208720,47043,754,2093
중앙역,2022년 3월,231547,226421,51731,825,2484
중앙역,2022년 4월,254450,249737,56101,999,2656
중앙역,2022년 5월,272723,268897,60426,1399,3327
중앙역,2022년 6월,259941,257146,58430,1227,2364
중앙역,2022년 7월,266075,265602,59637,1204,2461
중앙역,2022년 8월,260199,260171,57275,1335,2235
중앙역,2022년 9월,248848,245317,55543,1008,2292
중앙역,2022년 10월,264204,258612,59377,1244,2682
중앙역,2022년 11월,275324,271060,60083,1059,2607
중앙역,2022년 12월,280824,279063,61760,999,2916
중앙역,2023년 1월,252047,250201,56095,1027,2349
중앙역,2023년 2월,254208,252652,56640,976,2650
중앙역,2023년 3월,282823,279858,64178,716,2765
중앙역,2023년 4월,267471,263268,60441,943,2387
중앙역,2023년 5월,272994,271161,62009,1105,2904
중앙역,2023년 6월,269844,268482,62150,995,2368
중앙역,2023년 7월,268988,267605,61511,1174,2664
중앙역,2023년 8월,272490,270602,60347,1388,2466
중앙역,2023년 9월,252980,250090,57117,871,2091
중앙역,2023년 10월,266185,261575,62144,881,2440
중앙역,2023년 11월,282797,278212,64460,681,3014
중앙역,2023년 12월,276059,273314,64446,998,3325
중앙역,2024년 1월,280417,281395,64839,907,2711
중앙역,2024년 2월,250652,250264,57293,1046,2599
중앙역,2024년 3월,275955,273823,64055,903,2803
중앙역,2024년 4월,278103,275836,64358,1043,2512
중앙역,2024년 5월,281957,280405,66659,910,3174
중앙역,2024년 6월,262568,261963,62430,1051,2470
중앙역,2024년 7월,290297,292635,66529,991,2890
중앙역,2024년 8월,270979,272160,63439,1283,2657
중앙역,2024년 9월,247829,247274,59121,795,2374
중앙역,2024년 10월,275411,272587,65208,971,2528
중앙역,2024년 11월,279107,275981,64674,904,3631
중앙역,2024년 12월,281196,284262,66761,938,3928
부산역,2014년 1월,653970,675475,119119,11042,22244
부산역,2014년 2월,639068,674044,111417,8991,24393
부산역,2014년 3월,633863,675550,124932,6944,15779
부산역,2014년 4월,635579,672469,130056,6680,12915
부산역,2014년 5월,718764,765544,133183,11354,20510
부산역,2014년 6월,644495,681912,121636,9168,15476
부산역,2014년 7월,671877,697651,122110,9789,20233
부산역,2014년 8월,728082,761585,119323,12216,22549
부산역,2014년 9월,616793,641593,120932,8377,13154
부산역,2014년 10월,685552,721878,131162,9335,16571
부산역,2014년 11월,642708,677280,124970,7891,17636
부산역,2014년 12월,709120,739841,127384,9702,19282
부산역,2015년 1월,694875,729550,125865,12256,26241
부산역,2015년 2월,626918,656207,106306,9579,25666
부산역,2015년 3월,645082,679533,128319,7236,13663
부산역,2015년 4월,633283,672104,129224,6802,11599
부산역,2015년 5월,712341,753428,135169,12134,19068
부산역,2015년 6월,522278,549214,106603,4869,9462
부산역,2015년 7월,652259,676410,120274,8447,19189
부산역,2015년 8월,734342,768469,119821,11354,23692
부산역,2015년 9월,608187,638859,119474,7767,12012
부산역,2015년 10월,701926,741296,140022,9834,17002
부산역,2015년 11월,648337,685784,126756,7575,17017
부산역,2015년 12월,722358,747842,134806,10170,21731
부산역,2016년 1월,687904,719356,122104,10661,29074
부산역,2016년 2월,664239,682320,111939,10104,31548
부산역,2016년 3월,643631,672151,131605,6521,13720
부산역,2016년 4월,647588,679188,132355,6853,12611
부산역,2016년 5월,691360,728484,137699,9374,17771
부산역,2016년 6월,658838,689165,131727,8047,13142
부산역,2016년 7월,691174,712835,127385,9319,20647
부산역,2016년 8월,724007,743165,126541,10909,21936
부산역,2016년 9월,606214,632083,120096,7221,12094
부산역,2016년 10월,673958,704627,138457,8386,16512
부산역,2016년 11월,657195,691859,134161,7407,16200
부산역,2016년 12월,727145,749500,137789,9364,22019
부산역,2017년 1월,693223,719253,131280,11369,25671
부산역,2017년 2월,684722,710445,123087,9640,32512
부산역,2017년 3월,675672,702830,142023,6468,15064
부산역,2017년 4월,687698,712014,139794,7439,14289
부산역,2017년 5월,753864,797120,150539,11476,21520
부산역,2017년 6월,674856,704514,141187,7481,13677
부산역,2017년 7월,703708,723632,132599,9198,20456
부산역,2017년 8월,727424,751984,133728,11753,21477
부산역,2017년 9월,657635,679933,136774,6994,12290
부산역,2017년 10월,716692,753377,137719,10359,18389
부산역,2017년 11월,683548,711961,139957,7028,14695
부산역,2017년 12월,740964,761011,136343,9147,22456
부산역,2018년 1월,671652,698353,126995,9357,22943
부산역,2018년 2월,635262,655009,112250,8881,25074
부산역,2018년 3월,678281,702892,137018,6599,14531
부산역,2018년 4월,678970,710044,141537,6547,11954
부산역,2018년 5월,713616,745867,148113,9016,17204
부산역,2018년 6월,665217,691619,139600,7229,12301
부산역,2018년 7월,679346,700032,133167,8529,17626
부산역,2018년 8월,710670,729558,131029,10696,19044
부산역,2018년 9월,633497,650965,128474,7488,12193
부산역,2018년 10월,718334,748848,154666,8260,15080
부산역,2018년 11월,704672,739700,147613,7336,15702
부산역,2018년 12월,729372,757584,141781,8911,20679
부산역,2019년 1월,682220,707606,141553,9350,20497
부산역,2019년 2월,647041,665660,123689,9686,23233
부산역,2019년 3월,693675,721048,150332,7219,13427
부산역,2019년 4월,680790,709749,149891,6566,10215
부산역,2019년 5월,716269,745710,154557,8676,14435
부산역,2019년 6월,672739,699537,142928,8206,11714
부산역,2019년 7월,711669,719575,145314,9789,16201
부산역,2019년 8월,755264,763830,142505,11484,18295
부산역,2019년 9월,652196,665989,138249,7159,10653
부산역,2019년 10월,733895,761763,161090,9099,14645
부산역,2019년 11월,727381,755943,153996,7413,14305
부산역,2019년 12월,771404,793460,156521,9270,18791
부산역,2020년 1월,691681,711773,139783,9954,18929
부산역,2020년 2월,460030,473339,99842,3493,8833
부산역,2020년 3월,282364,294011,70772,1556,2130
부산역,2020년 4월,344741,352570,86924,1953,3078
부산역,2020년 5월,439190,453139,109299,3071,5037
부산역,2020년 6월,454023,468061,113055,2975,6617
부산역,2020년 7월,507246,519567,114812,3719,7634
부산역,2020년 8월,468235,480644,99075,4542,9315
부산역,2020년 9월,364313,372348,90750,2366,4888
부산역,2020년 10월,431873,444271,106798,2931,6976
부산역,2020년 11월,463334,478646,110687,2911,7317
부산역,2020년 12월,335249,346959,87039,1706,4249
부산역,2021년 1월,339157,352123,84244,1977,4975
부산역,2021년 2월,377209,385414,86761,2674,8466
부산역,2021년 3월,447892,462329,110394,2483,8144
부산역,2021년 4월,431036,445263,107108,2327,6423
부산역,2021년 5월,461291,475526,109701,3163,9097
부산역,2021년 6월,476746,488098,112584,2748,7546
부산역,2021년 7월,443839,453887,105351,2764,8416
부산역,2021년 8월,401622,416583,97383,2555,6389
부산역,2021년 9월,415376,430391,104834,2519,6727
부산역,2021년 10월,508943,528242,123535,3427,9286
부산역,2021년 11월,552003,577386,125257,3595,9672
부산역,2021년 12월,543459,558340,115373,3090,11516
부산역,2022년 1월,482975,500640,106482,3694,12318
부산역,2022년 2월,416191,431890,91729,2776,12467
부산역,2022년 3월,424735,436729,101882,2274,8752
부산역,2022년 4월,513119,523391,119022,3485,9181
부산역,2022년 5월,622844,655440,142274,5554,15001
부산역,2022년 6월,597046,613881,132739,5012,9588
부산역,2022년 7월,628084,632381,128874,6134,15481
부산역,2022년 8월,635782,645694,125126,6564,14972
부산역,2022년 9월,567711,577786,123784,4630,8928
부산역,2022년 10월,688003,703393,148031,6619,13380
부산역,2022년 11월,639557,657845,139066,4559,11169
부산역,2022년 12월,675158,690794,135265,5766,15478
부산역,2023년 1월,611696,623689,122932,6915,18347
부산역,2023년 2월,625275,639363,127286,7196,21854
부산역,2023년 3월,650559,663748,147773,4376,10812
부산역,2023년 4월,664679,681172,148709,5451,9606
부산역,2023년 5월,682031,702863,149070,6260,13138
부산역,2023년 6월,659174,674604,145949,5989,10437
부산역,2023년 7월,663599,676955,130213,6752,16222
부산역,2023년 8월,698289,712518,131297,8133,15645
부산역,2023년 9월,639602,648033,131432,5317,9654
부산역,2023년 10월,722819,753724,158924,5735,12975
부산역,2023년 11월,702627,727644,149756,4006,11577
부산역,2023년 12월,730172,748792,146697,6294,17346
부산역,2024년 1월,667779,690683,140293,6124,19714
부산역,2024년 2월,658119,675006,128981,7274,21314
부산역,2024년 3월,694625,714719,149166,4678,12654
부산역,2024년 4월,692695,714767,153950,4841,9708
부산역,2024년 5월,741476,767119,161796,5987,14745
부산역,2024년 6월,698345,716380,150120,6939,11476
부산역,2024년 7월,710501,722865,143905,7061,17769
부산역,2024년 8월,740540,752663,139879,9118,17255
부산역,2024년 9월,664822,677277,137719,5644,9980
부산역,2024년 10월,737025,759441,162236,6153,12488
부산역,2024년 11월,734439,757523,155699,5319,14254
부산역,2024년 12월,721803,742588,152745,6047,17377
초량역,2014년 1월,177788,170937,53981,2669,4600
초량역,2014년 2월,171582,166165,50603,2348,4656
초량역,2014년 3월,196694,189590,61331,2729,6106
초량역,2014년 4월,194902,188582,60354,2708,5438
초량역,2014년 5월,197344,188746,60518,3120,6337
초량역,2014년 6월,185464,177562,58485,2707,5249
초량역,2014년 7월,192703,184764,59026,2926,5420
초량역,2014년 8월,173376,162842,51960,2732,4437
초량역,2014년 9월,179003,173074,54894,2788,4943
초량역,2014년 10월,195155,187061,59872,2907,5018
초량역,2014년 11월,191812,182897,58840,3021,6001
초량역,2014년 12월,203563,194161,60104,3132,5790
초량역,2015년 1월,193146,184932,56783,2755,4191
초량역,2015년 2월,165242,156370,48150,2432,4182
초량역,2015년 3월,203790,196260,61316,2838,5593
초량역,2015년 4월,198314,192015,58792,2860,5010
초량역,2015년 5월,194370,186265,58607,3294,5053
초량역,2015년 6월,180087,173078,52347,2596,4340
초량역,2015년 7월,191642,181208,55869,3062,4654
초량역,2015년 8월,176762,166459,50262,2947,4265
초량역,2015년 9월,183441,173528,53800,2873,4476
초량역,2015년 10월,201814,194033,60135,3264,5229
초량역,2015년 11월,196110,189042,57611,3000,5670
초량역,2015년 12월,205751,196766,60566,3553,5482
초량역,2016년 1월,186995,179402,54130,2748,3810
초량역,2016년 2월,175058,167835,49650,2527,4490
초량역,2016년 3월,207309,199700,60644,3114,5602
초량역,2016년 4월,197089,190809,58434,3272,5526
초량역,2016년 5월,199521,193550,58764,3218,5713
초량역,2016년 6월,193340,187036,56390,2888,5209
초량역,2016년 7월,188989,181059,53688,3065,5432
초량역,2016년 8월,176888,167961,48921,2714,4445
초량역,2016년 9월,171678,163873,49490,2859,5768
초량역,2016년 10월,190871,184546,54669,3552,7631
초량역,2016년 11월,199226,192081,55017,4835,10173
초량역,2016년 12월,212937,202076,54500,5916,14152
초량역,2017년 1월,176662,170886,49106,3429,4374
초량역,2017년 2월,181903,177592,50388,3346,6635
초량역,2017년 3월,199885,194734,58469,3220,6271
초량역,2017년 4월,191471,185295,54690,3484,6224
초량역,2017년 5월,194882,190407,57236,3866,7199
초량역,2017년 6월,191612,185332,57194,3278,6480
초량역,2017년 7월,188721,181708,54348,3560,7493
초량역,2017년 8월,179948,172617,50348,3649,4713
초량역,2017년 9월,188799,181963,55240,3665,6762
초량역,2017년 10월,177360,172135,50861,3581,7037
초량역,2017년 11월,200948,195076,56493,4492,10676
초량역,2017년 12월,198986,194606,53597,4791,12891
초량역,2018년 1월,183391,179567,51953,2685,4464
초량역,2018년 2월,164123,159814,45326,2579,6256
초량역,2018년 3월,193666,189772,54893,2546,5837
초량역,2018년 4월,192559,188460,54909,2979,5824
초량역,2018년 5월,197055,191967,57201,3486,6730
초량역,2018년 6월,182675,176981,54075,2597,5707
초량역,2018년 7월,188624,181877,53881,3183,6845
초량역,2018년 8월,177918,170650,49959,3151,5308
초량역,2018년 9월,165185,158023,48877,2821,5047
초량역,2018년 10월,196485,190032,57509,3202,6850
초량역,2018년 11월,199158,193131,57625,3550,7912
초량역,2018년 12월,198646,192158,57946,3868,10407
초량역,2019년 1월,192681,187713,60479,2485,3511
초량역,2019년 2월,163976,157850,49345,2399,3622
초량역,2019년 3월,198928,192523,60205,2756,5560
초량역,2019년 4월,202680,195878,60138,3400,5811
초량역,2019년 5월,204221,197368,61565,3919,7400
초량역,2019년 6월,183286,175863,56315,2968,5016
초량역,2019년 7월,198579,190224,58096,4124,7298
초량역,2019년 8월,185292,176077,53531,3242,4815
초량역,2019년 9월,181407,174252,53158,2644,5313
초량역,2019년 10월,210006,202464,61348,3921,8696
초량역,2019년 11월,206502,197590,60142,3876,8346
초량역,2019년 12월,211038,200911,60238,3976,10169
초량역,2020년 1월,187933,178360,55753,2715,3196
초량역,2020년 2월,153655,147841,44097,1673,2678
초량역,2020년 3월,118469,112471,32458,790,1062
초량역,2020년 4월,131179,123408,37289,1090,1395
초량역,2020년 5월,150230,141294,44413,1525,2076
초량역,2020년 6월,164774,154101,47710,2074,4414
초량역,2020년 7월,175126,165128,49548,2406,5100
초량역,2020년 8월,147213,137833,41536,1873,3677
초량역,2020년 9월,142681,133189,41255,1332,3042
초량역,2020년 10월,152349,143104,44808,1712,3825
초량역,2020년 11월,163186,153087,48230,1811,5014
초량역,2020년 12월,135624,128952,39749,1101,2573
초량역,2021년 1월,133017,126262,38173,1139,2005
초량역,2021년 2월,132650,125707,38175,1235,2433
초량역,2021년 3월,166346,157495,47688,1898,4167
초량역,2021년 4월,161508,154283,45264,1704,3775
초량역,2021년 5월,158742,151143,45701,1791,4087
초량역,2021년 6월,169354,160568,47812,2129,4539
초량역,2021년 7월,163728,154048,45566,1841,4349
초량역,2021년 8월,143515,135863,40982,1312,2986
초량역,2021년 9월,150250,142903,42979,1543,4478
초량역,2021년 10월,169762,164512,48919,1726,4716
초량역,2021년 11월,184936,179531,50349,1880,5003
초량역,2021년 12월,179670,176724,48165,1672,5137
초량역,2022년 1월,161404,160706,45900,1440,2489
초량역,2022년 2월,134975,135047,38373,1043,2460
초량역,2022년 3월,152606,151606,42652,1435,4118
초량역,2022년 4월,167549,165972,47479,1815,4696
초량역,2022년 5월,179847,176884,52132,1937,5147
초량역,2022년 6월,169868,168220,50077,2105,4804
초량역,2022년 7월,173091,170552,49720,1914,4192
초량역,2022년 8월,169744,165785,48274,2049,3813
초량역,2022년 9월,164085,161391,47073,1786,4430
초량역,2022년 10월,177843,177197,51833,2052,4668
초량역,2022년 11월,181849,182042,51834,1836,4773
초량역,2022년 12월,183531,183239,51792,1972,5163
초량역,2023년 1월,166449,167942,47342,1597,2555
초량역,2023년 2월,168462,170204,49595,1577,3081
초량역,2023년 3월,188308,190313,54991,1853,5021
초량역,2023년 4월,181677,183884,52527,2247,4844
초량역,2023년 5월,182651,184540,53051,2163,5066
초량역,2023년 6월,179321,182114,52902,1816,4766
초량역,2023년 7월,173600,176168,50357,1925,4755
초량역,2023년 8월,175726,175749,48243,2078,4317
초량역,2023년 9월,172807,173527,49269,1860,5773
초량역,2023년 10월,185579,185826,55435,1431,5044
초량역,2023년 11월,190008,192224,54737,1506,5669
초량역,2023년 12월,182049,184360,52170,1494,5546
초량역,2024년 1월,185034,188459,54205,1297,3068
초량역,2024년 2월,170194,171828,49118,1545,3201
초량역,2024년 3월,189177,193480,55093,1523,4979
초량역,2024년 4월,191468,195089,55787,1596,5081
초량역,2024년 5월,194343,196427,57013,2594,5492
초량역,2024년 6월,181042,182978,53936,2268,4778
초량역,2024년 7월,193312,195610,55267,1960,5390
초량역,2024년 8월,180030,180526,51657,1853,4321
초량역,2024년 9월,172260,174045,51024,1727,4898
초량역,2024년 10월,191432,195126,58247,1916,5285
초량역,2024년 11월,193007,195995,57768,1677,6044
초량역,2024년 12월,192408,195156,57395,1776,6067
부산진역,2014년 1월,273043,252185,98084,4149,6664
부산진역,2014년 2월,257218,237765,88273,3802,7179
부산진역,2014년 3월,293101,270080,101430,4558,9507
부산진역,2014년 4월,295973,271978,102757,4244,9078
부산진역,2014년 5월,301367,275132,106103,4897,9878
부산진역,2014년 6월,274656,251792,99140,4067,8332
부산진역,2014년 7월,282987,258243,101422,4129,8557
부산진역,2014년 8월,258663,234529,95956,4029,7022
부산진역,2014년 9월,272876,247063,98599,3875,8617
부산진역,2014년 10월,297756,271170,109141,4309,9643
부산진역,2014년 11월,285046,261186,102228,4273,9864
부산진역,2014년 12월,304313,278689,107549,4231,9986
부산진역,2015년 1월,282399,260318,105149,3990,6635
부산진역,2015년 2월,239237,219104,88761,3484,6816
부산진역,2015년 3월,293190,270165,106567,4149,9152
부산진역,2015년 4월,285004,262633,103494,4240,8077
부산진역,2015년 5월,287550,263932,106796,4913,8975
부산진역,2015년 6월,258703,238944,92967,3934,7143
부산진역,2015년 7월,279566,257453,101637,4598,7515
부산진역,2015년 8월,255068,232413,94305,4211,6659
부산진역,2015년 9월,269179,243794,98258,4175,7411
부산진역,2015년 10월,294081,268418,107643,4764,9005
부산진역,2015년 11월,281164,258034,101357,4291,8798
부산진역,2015년 12월,295787,272919,106087,4529,9192
부산진역,2016년 1월,267718,246184,100609,4221,6344
부산진역,2016년 2월,248108,227244,92281,3868,6966
부산진역,2016년 3월,290629,266846,107702,3839,8041
부산진역,2016년 4월,278472,255936,103970,3961,7705
부산진역,2016년 5월,286017,261942,108376,4143,8066
부산진역,2016년 6월,275858,251101,103416,3953,7502
부산진역,2016년 7월,266134,244064,100712,3945,7313
부산진역,2016년 8월,259058,234738,96713,4112,6616
부산진역,2016년 9월,253086,229497,94200,3739,7124
부산진역,2016년 10월,278257,254631,105732,4176,7521
부산진역,2016년 11월,281322,257615,104965,4335,7731
부산진역,2016년 12월,289655,266565,107047,4376,8121
부산진역,2017년 1월,259745,238072,98441,4087,5730
부산진역,2017년 2월,254289,233226,95565,3897,6015
부산진역,2017년 3월,287850,265483,108991,3752,7707
부산진역,2017년 4월,279837,255864,106263,3674,7031
부산진역,2017년 5월,289731,262042,112453,4212,7824
부산진역,2017년 6월,279196,252381,107535,3864,6617
부산진역,2017년 7월,269046,242959,103882,3894,6538
부산진역,2017년 8월,261175,234231,100256,3729,5744
부산진역,2017년 9월,281753,253100,108827,3841,6737
부산진역,2017년 10월,261129,235923,103067,3729,6156
부산진역,2017년 11월,289455,262671,111575,3607,6877
부산진역,2017년 12월,283008,255517,107945,3764,7244
부산진역,2018년 1월,267872,242972,102066,3164,4700
부산진역,2018년 2월,239098,214827,90821,3088,5553
부산진역,2018년 3월,285040,258128,109466,3417,6335
부산진역,2018년 4월,278696,252893,107871,3455,5920
부산진역,2018년 5월,291431,264144,114397,3689,6743
부산진역,2018년 6월,270209,244123,106701,3267,5360
부산진역,2018년 7월,270108,243621,104346,3432,5829
부산진역,2018년 8월,257366,230822,100840,3419,4843
부산진역,2018년 9월,250000,223226,99578,3244,5345
부산진역,2018년 10월,290152,259817,115308,3388,6109
부산진역,2018년 11월,290902,261785,112535,3413,6197
부산진역,2018년 12월,284402,257045,110844,3412,6439
부산진역,2019년 1월,281655,253486,112434,3170,4458
부산진역,2019년 2월,237903,213882,95068,3037,4207
부산진역,2019년 3월,285642,256748,114431,3329,5703
부산진역,2019년 4월,286562,255797,113124,3316,5554
부산진역,2019년 5월,296939,265591,118460,3503,6357
부산진역,2019년 6월,267785,240972,108045,3333,4829
부산진역,2019년 7월,277143,250162,110353,3542,5034
부산진역,2019년 8월,265211,237154,105988,3550,4623
부산진역,2019년 9월,264196,236619,104216,3113,5274
부산진역,2019년 10월,299675,271124,118329,3611,5716
부산진역,2019년 11월,303224,274664,116893,3860,5975
부산진역,2019년 12월,311970,282532,120033,4130,6311
부산진역,2020년 1월,284036,254554,110127,3532,4174
부산진역,2020년 2월,227445,206686,85304,2303,3020
부산진역,2020년 3월,168239,152396,56004,1401,1160
부산진역,2020년 4월,188157,168480,66327,1646,1470
부산진역,2020년 5월,217280,194961,81493,2131,2285
부산진역,2020년 6월,227801,205486,81010,2581,4272
부산진역,2020년 7월,233025,210581,81660,2554,4187
부산진역,2020년 8월,192600,171856,69398,1945,3062
부산진역,2020년 9월,189242,169648,68418,1841,3051
부산진역,2020년 10월,204972,183129,75471,2059,3573
부산진역,2020년 11월,215251,194070,78485,1995,4025
부산진역,2020년 12월,179984,163217,64380,1398,2758
부산진역,2021년 1월,175258,158338,62804,1298,2191
부산진역,2021년 2월,176526,158591,63847,1545,2670
부산진역,2021년 3월,218728,196412,81570,1979,4085
부산진역,2021년 4월,209113,188463,77756,1725,3613
부산진역,2021년 5월,207704,187815,79498,1903,3723
부산진역,2021년 6월,215067,193419,79784,1967,3699
부산진역,2021년 7월,205016,185685,74999,1762,3620
부산진역,2021년 8월,184716,166990,69065,1579,2657
부산진역,2021년 9월,196393,179879,75559,1723,3767
부산진역,2021년 10월,217726,200759,83414,1934,4100
부산진역,2021년 11월,229954,214899,84751,1851,3745
부산진역,2021년 12월,221254,206514,80849,1846,4017
부산진역,2022년 1월,199184,186564,78254,1557,2505
부산진역,2022년 2월,170824,160981,66869,1354,2359
부산진역,2022년 3월,189565,177673,75641,1487,3752
부산진역,2022년 4월,208051,195136,82862,1770,3972
부산진역,2022년 5월,225465,211139,91872,1905,4228
부산진역,2022년 6월,209187,196520,84913,1668,3474
부산진역,2022년 7월,209026,197125,84706,1656,3458
부산진역,2022년 8월,200034,188051,81915,1657,2928
부산진역,2022년 9월,201796,188848,81361,1468,3178
부산진역,2022년 10월,218795,204416,90939,1648,3380
부산진역,2022년 11월,221688,208298,89832,1533,3286
부산진역,2022년 12월,219780,206728,88751,1612,3503
부산진역,2023년 1월,198144,186378,80809,1489,2330
부산진역,2023년 2월,198913,187338,82769,1445,2525
부산진역,2023년 3월,225807,212641,94124,1425,3550
부산진역,2023년 4월,211866,199959,88691,1342,2994
부산진역,2023년 5월,218392,206975,93181,1294,3103
부산진역,2023년 6월,212256,202574,90701,1209,2855
부산진역,2023년 7월,201479,191718,84402,1316,2769
부산진역,2023년 8월,202577,191371,82794,1461,2764
부산진역,2023년 9월,206415,193030,85943,1338,2902
부산진역,2023년 10월,221843,208533,95763,838,3387
부산진역,2023년 11월,226735,213107,94667,648,3395
부산진역,2023년 12월,221479,210037,93549,897,3250
부산진역,2024년 1월,221567,208979,95077,978,2369
부산진역,2024년 2월,201553,190552,85037,977,2323
부산진역,2024년 3월,224109,211899,96502,844,3215
부산진역,2024년 4월,224334,212589,97047,910,2981
부산진역,2024년 5월,232688,220912,102664,1116,3316
부산진역,2024년 6월,216562,206416,94223,1115,2847
부산진역,2024년 7월,228115,216871,97642,1122,3186
부산진역,2024년 8월,211987,200729,91904,1364,3048
부산진역,2024년 9월,206787,194805,89217,1310,2993
부산진역,2024년 10월,226644,213339,100384,1102,2909
부산진역,2024년 11월,225328,212512,98247,1042,3289
부산진역,2024년 12월,222633,211770,97486,1106,3492
좌천역,2014년 1월,110646,94214,34979,2255,3353
좌천역,2014년 2월,104761,89739,31830,2015,3272
좌천역,2014년 3월,123169,105074,37989,2286,4812
좌천역,2014년 4월,121726,104227,38014,2138,4109
좌천역,2014년 5월,123117,104020,38129,2591,4728
좌천역,2014년 6월,114650,96714,36512,2243,3889
좌천역,2014년 7월,121285,103983,37666,2470,4007
좌천역,2014년 8월,113396,95706,35553,2221,3562
좌천역,2014년 9월,117151,98247,36327,2223,3867
좌천역,2014년 10월,125993,107532,40050,2438,4162
좌천역,2014년 11월,122483,106205,38422,2406,4045
좌천역,2014년 12월,128735,109339,39000,2526,4437
좌천역,2015년 1월,120130,103809,37947,2274,3069
좌천역,2015년 2월,104544,90241,33026,2065,3143
좌천역,2015년 3월,128610,111265,41252,2126,4030
좌천역,2015년 4월,124152,107197,40195,1951,3586
좌천역,2015년 5월,124563,107383,40636,2437,4120
좌천역,2015년 6월,112596,95949,36473,1662,3178
좌천역,2015년 7월,120000,102967,39002,2151,3829
좌천역,2015년 8월,114462,97394,36996,2179,3270
좌천역,2015년 9월,118844,101279,38770,2124,3675
좌천역,2015년 10월,128664,110192,42575,2252,3966
좌천역,2015년 11월,122848,106227,39570,2060,3978
좌천역,2015년 12월,126921,109819,41295,2341,3798
좌천역,2016년 1월,115137,100139,37793,2069,3067
좌천역,2016년 2월,108216,93638,34924,1898,3036
좌천역,2016년 3월,130105,112366,42661,2032,4259
좌천역,2016년 4월,124888,107613,41100,2091,3751
좌천역,2016년 5월,127930,110765,42359,2180,4273
좌천역,2016년 6월,123024,106652,40007,2020,3766
좌천역,2016년 7월,121651,104890,40027,2141,3930
좌천역,2016년 8월,118767,101853,38637,2205,3687
좌천역,2016년 9월,116205,99691,38201,2059,3840
좌천역,2016년 10월,126134,110420,42393,2288,4077
좌천역,2016년 11월,127658,111044,42260,2289,3945
좌천역,2016년 12월,128241,111556,42465,2339,4173
좌천역,2017년 1월,114371,99291,38783,2014,2807
좌천역,2017년 2월,111747,98598,37645,2001,3035
좌천역,2017년 3월,127343,110755,43348,2144,3957
좌천역,2017년 4월,124218,106682,42365,2146,3643
좌천역,2017년 5월,127716,109267,43681,2369,4014
좌천역,2017년 6월,121933,104973,43063,2091,3408
좌천역,2017년 7월,118120,101105,40532,2208,3630
좌천역,2017년 8월,117611,98985,40584,2127,3242
좌천역,2017년 9월,125229,105679,43366,2379,3897
좌천역,2017년 10월,117709,98704,41177,2306,3540
좌천역,2017년 11월,127964,109222,44858,2174,3937
좌천역,2017년 12월,125195,106276,43048,2393,4311
좌천역,2018년 1월,116642,100489,40875,1980,2621
좌천역,2018년 2월,106035,91279,37550,1939,2944
좌천역,2018년 3월,124415,107093,44513,2133,3976
좌천역,2018년 4월,122426,105209,44722,2006,3456
좌천역,2018년 5월,127102,109568,46369,2296,3730
좌천역,2018년 6월,119230,102680,43703,2066,3109
좌천역,2018년 7월,118312,100600,42750,2198,3223
좌천역,2018년 8월,112723,96060,41404,2148,2584
좌천역,2018년 9월,114087,98888,41261,2040,2947
좌천역,2018년 10월,139804,126390,50580,2463,3382
좌천역,2018년 11월,138735,123998,50227,2452,3510
좌천역,2018년 12월,137154,122493,49678,2497,3468
좌천역,2019년 1월,135498,120396,50609,2479,2303
좌천역,2019년 2월,116685,102767,43263,2281,2517
좌천역,2019년 3월,139842,124145,52475,2520,3445
좌천역,2019년 4월,140083,125420,52261,2448,3024
좌천역,2019년 5월,144721,129935,53873,2585,3487
좌천역,2019년 6월,132645,117631,49994,2451,2783
좌천역,2019년 7월,136437,120430,50591,2480,3232
좌천역,2019년 8월,129361,113697,48316,2468,2537
좌천역,2019년 9월,125737,110893,46412,2129,2784
좌천역,2019년 10월,142150,126757,54212,2481,2814
좌천역,2019년 11월,141759,126226,53127,2373,2782
좌천역,2019년 12월,143279,128409,52899,2499,3096
좌천역,2020년 1월,131102,115463,49010,2069,2012
좌천역,2020년 2월,106108,92425,38779,1435,1530
좌천역,2020년 3월,78723,68089,27965,631,438
좌천역,2020년 4월,88206,76928,33181,811,626
좌천역,2020년 5월,100551,86822,39040,1182,1036
좌천역,2020년 6월,106097,91266,39735,1356,2017
좌천역,2020년 7월,108556,93343,39712,1231,2237
좌천역,2020년 8월,92496,78160,33649,1060,1419
좌천역,2020년 9월,90970,77432,33600,976,1573
좌천역,2020년 10월,97917,83938,36533,1118,1761
좌천역,2020년 11월,104405,89773,37981,1138,1994
좌천역,2020년 12월,89289,77369,32505,757,1334
좌천역,2021년 1월,86580,75528,31331,768,1010
좌천역,2021년 2월,85862,74264,31251,829,1302
좌천역,2021년 3월,106584,92480,39003,1181,2536
좌천역,2021년 4월,101952,88304,37358,1060,1824
좌천역,2021년 5월,100721,88238,37855,1159,2111
좌천역,2021년 6월,103796,90403,38027,1086,2167
좌천역,2021년 7월,102050,89642,36218,1013,2023
좌천역,2021년 8월,93754,81493,34057,899,1640
좌천역,2021년 9월,99335,85899,36335,1035,2410
좌천역,2021년 10월,111979,96874,41541,1137,2744
좌천역,2021년 11월,114949,100673,41020,1122,2500
좌천역,2021년 12월,111743,97162,39424,982,2513
좌천역,2022년 1월,102028,89507,37774,1115,1541
좌천역,2022년 2월,88519,78456,32213,886,1479
좌천역,2022년 3월,101047,89308,36752,906,2571
좌천역,2022년 4월,109806,95890,40408,1089,2743
좌천역,2022년 5월,119364,105432,44014,1133,2918
좌천역,2022년 6월,113264,100898,41567,978,2529
좌천역,2022년 7월,114385,100980,41797,1098,2511
좌천역,2022년 8월,111039,97384,40645,1178,2611
좌천역,2022년 9월,110849,97210,40308,1017,2545
좌천역,2022년 10월,121236,107707,46810,1053,2615
좌천역,2022년 11월,119851,106325,44832,970,2423
좌천역,2022년 12월,117406,105100,43708,963,2451
좌천역,2023년 1월,108152,95406,40848,1192,1594
좌천역,2023년 2월,109272,98283,43081,1046,1816
좌천역,2023년 3월,123295,111092,48716,1095,2834
좌천역,2023년 4월,116698,104455,46161,1153,2502
좌천역,2023년 5월,117955,105620,46527,1150,2705
좌천역,2023년 6월,117496,106627,47232,1056,2483
좌천역,2023년 7월,117362,105065,46564,1186,2963
좌천역,2023년 8월,121709,107119,46467,1183,2792
좌천역,2023년 9월,123703,109209,47706,1086,2765
좌천역,2023년 10월,133131,119254,53436,934,3104
좌천역,2023년 11월,134302,121202,52785,811,3064
좌천역,2023년 12월,132862,119336,51652,927,3194
좌천역,2024년 1월,132576,119345,51749,997,2436
좌천역,2024년 2월,120788,107585,47504,965,2220
좌천역,2024년 3월,136404,122134,54606,772,3030
좌천역,2024년 4월,135188,121958,54091,798,2736
좌천역,2024년 5월,138878,124799,56394,793,2979
좌천역,2024년 6월,129779,115940,52828,846,2625
좌천역,2024년 7월,134434,120352,53974,908,2851
좌천역,2024년 8월,124128,109234,49328,1062,2734
좌천역,2024년 9월,124169,108996,50050,845,2413
좌천역,2024년 10월,136040,121005,56343,843,2647
좌천역,2024년 11월,136004,121670,55681,838,2824
좌천역,2024년 12월,136212,122538,55866,917,2862
범일역,2014년 1월,515319,522186,175781,5993,9063
범일역,2014년 2월,473943,480389,154995,5122,8805
범일역,2014년 3월,548252,552282,184228,4836,8707
범일역,2014년 4월,550882,556725,187154,4686,8195
범일역,2014년 5월,574739,579045,196923,5817,9228
범일역,2014년 6월,534364,540670,189220,5084,7812
범일역,2014년 7월,551412,557562,198140,5173,7197
범일역,2014년 8월,500541,504085,175252,5358,7307
범일역,2014년 9월,502710,505871,171854,4448,6890
범일역,2014년 10월,541994,549317,189178,5118,7645
범일역,2014년 11월,523675,528983,182665,5060,7586
범일역,2014년 12월,560336,567865,188276,5563,8417
범일역,2015년 1월,526110,533843,183942,5411,7401
범일역,2015년 2월,445591,450804,153498,4554,7151
범일역,2015년 3월,553363,559634,191085,4693,7571
범일역,2015년 4월,537455,545543,187786,4657,6855
범일역,2015년 5월,563297,568197,200119,5570,7993
범일역,2015년 6월,488445,496046,175056,3797,5407
범일역,2015년 7월,534693,541411,195873,4755,6699
범일역,2015년 8월,502251,504633,177874,5145,6766
범일역,2015년 9월,507426,508574,173986,4223,6338
범일역,2015년 10월,580153,589669,202338,5085,7152
범일역,2015년 11월,546934,554959,185531,4847,7853
범일역,2015년 12월,583027,587941,196141,5393,8761
범일역,2016년 1월,534801,536642,183198,5354,7361
범일역,2016년 2월,483795,485124,163121,4806,7573
범일역,2016년 3월,570502,572947,198066,4345,7663
범일역,2016년 4월,561699,564143,197260,4651,7012
범일역,2016년 5월,578167,583010,206982,4951,7844
범일역,2016년 6월,566159,572190,207665,4444,6090
범일역,2016년 7월,552423,555938,201556,4621,6658
범일역,2016년 8월,527739,527452,189353,5166,6275
범일역,2016년 9월,499721,503207,174213,3964,5844
범일역,2016년 10월,556885,562835,196709,4627,6525
범일역,2016년 11월,560642,562542,194383,4836,6854
범일역,2016년 12월,586151,582534,200406,5377,7955
범일역,2017년 1월,502081,503889,177283,4934,6729
범일역,2017년 2월,508765,507784,179443,4632,7078
범일역,2017년 3월,570313,570489,204863,4326,7108
범일역,2017년 4월,546934,550220,195565,4171,6485
범일역,2017년 5월,577212,580088,213834,4539,7244
범일역,2017년 6월,564324,565885,214340,4122,5730
범일역,2017년 7월,541080,542585,209893,3985,5578
범일역,2017년 8월,509623,512375,195042,4216,5380
범일역,2017년 9월,538216,543789,200093,3849,5645
범일역,2017년 10월,492648,497828,183416,4135,5407
범일역,2017년 11월,550333,557244,202764,4031,5688
범일역,2017년 12월,546283,554558,197695,4348,6625
범일역,2018년 1월,505421,510408,184979,4065,5673
범일역,2018년 2월,443065,445394,162228,3708,5375
범일역,2018년 3월,540530,547416,201953,3771,5553
범일역,2018년 4월,525959,532602,198959,3523,4934
범일역,2018년 5월,549346,555057,211860,4162,6136
범일역,2018년 6월,530207,537365,206004,3757,4637
범일역,2018년 7월,535977,541698,206716,4162,5180
범일역,2018년 8월,502079,506784,194320,4339,4679
범일역,2018년 9월,473483,478214,178149,3743,4496
범일역,2018년 10월,567507,576208,217375,4333,4980
범일역,2018년 11월,557419,565090,207953,4124,5275
범일역,2018년 12월,554079,560526,202872,4662,5478
범일역,2019년 1월,548477,554806,208229,4550,5243
범일역,2019년 2월,465065,471070,173448,4104,4854
범일역,2019년 3월,567012,574555,216413,4334,5409
범일역,2019년 4월,565098,573275,215241,4041,4537
범일역,2019년 5월,594980,602910,231965,4245,5112
범일역,2019년 6월,547379,553479,215168,3775,3834
범일역,2019년 7월,559518,566762,223026,3912,4095
범일역,2019년 8월,527799,532159,205982,4262,4291
범일역,2019년 9월,492210,497395,187251,3152,3591
범일역,2019년 10월,569604,582721,219534,3726,4148
범일역,2019년 11월,576599,586242,216582,3863,4453
범일역,2019년 12월,588390,597638,219628,4061,4684
범일역,2020년 1월,519384,522405,194371,4291,4311
범일역,2020년 2월,404009,409633,148856,2603,2883
범일역,2020년 3월,293976,298983,109628,1498,1119
범일역,2020년 4월,347446,351090,137806,1885,1400
범일역,2020년 5월,424952,429313,177159,2306,1960
범일역,2020년 6월,451430,456212,188490,2407,2479
범일역,2020년 7월,450084,455946,183175,2506,2607
범일역,2020년 8월,376990,377276,152287,2284,2295
범일역,2020년 9월,357533,360302,142283,1896,1764
범일역,2020년 10월,393449,398436,160218,2102,1962
범일역,2020년 11월,406574,412950,163497,2110,2103
범일역,2020년 12월,332347,334540,131609,1680,1552
범일역,2021년 1월,325607,326831,128193,1678,1690
범일역,2021년 2월,321740,324095,126302,1753,1999
범일역,2021년 3월,411173,413865,164865,2076,3012
범일역,2021년 4월,401983,404450,162010,1901,2614
범일역,2021년 5월,402853,404320,165038,2147,2942
범일역,2021년 6월,413907,415038,169800,1954,2716
범일역,2021년 7월,400888,401138,164675,2153,2537
범일역,2021년 8월,343901,345287,141176,1960,1913
범일역,2021년 9월,363192,364785,149547,1898,2147
범일역,2021년 10월,431446,429913,179303,2179,2684
범일역,2021년 11월,444686,444392,177469,2193,2727
범일역,2021년 12월,418113,419672,161037,2014,2796
범일역,2022년 1월,387022,388237,158087,1903,2422
범일역,2022년 2월,322809,325730,130721,1608,1960
범일역,2022년 3월,366218,370383,149850,1722,2563
범일역,2022년 4월,416766,423248,174408,1946,2745
범일역,2022년 5월,459374,466335,195961,2290,3299
범일역,2022년 6월,440616,447500,190508,2220,2534
범일역,2022년 7월,445233,451391,194598,2301,2562
범일역,2022년 8월,405973,410596,173682,2394,2381
범일역,2022년 9월,400752,408093,167645,2082,2356
범일역,2022년 10월,449151,459570,192903,2483,2817
범일역,2022년 11월,442378,453481,187722,2226,2650
범일역,2022년 12월,451494,461708,191338,2268,3401
범일역,2023년 1월,390181,398309,166335,2221,2354
범일역,2023년 2월,405454,415227,177610,2100,2433
범일역,2023년 3월,461761,473540,206077,2032,3189
범일역,2023년 4월,433144,445007,192876,1909,2779
범일역,2023년 5월,447703,458771,201469,1958,3181
범일역,2023년 6월,444273,454487,202831,2166,2368
범일역,2023년 7월,428695,438550,194445,2200,2584
범일역,2023년 8월,411223,418680,184116,2169,2249
범일역,2023년 9월,405594,415914,178261,2025,2450
범일역,2023년 10월,452812,465745,206427,1533,2799
범일역,2023년 11월,451338,462099,200486,1241,2992
범일역,2023년 12월,446202,454301,198100,1436,3064
범일역,2024년 1월,441027,447942,199216,1491,2460
범일역,2024년 2월,383608,392121,170635,1526,2448
범일역,2024년 3월,456238,465990,206670,1402,3134
범일역,2024년 4월,449137,459831,204029,1222,2649
범일역,2024년 5월,467002,478538,217974,1364,3247
범일역,2024년 6월,445081,455702,211004,1470,2515
범일역,2024년 7월,430926,442548,202244,1387,2807
범일역,2024년 8월,386103,394414,178318,1716,2499
범일역,2024년 9월,445552,453420,185653,2891,3711
범일역,2024년 10월,473034,484922,213106,2052,3283
범일역,2024년 11월,470313,482934,210309,1969,3196
범일역,2024년 12월,474869,483681,213574,1979,4003
범내골역,2014년 1월,299348,294404,75357,4749,7537
범내골역,2014년 2월,283853,277851,69182,4187,7288
범내골역,2014년 3월,316690,306813,80183,3746,7722
범내골역,2014년 4월,324005,315037,82198,3773,7001
범내골역,2014년 5월,326215,316807,83822,4513,8276
범내골역,2014년 6월,304058,297317,79801,3986,6863
범내골역,2014년 7월,317252,309195,81662,4230,7140
범내골역,2014년 8월,288754,276815,74800,4225,6975
범내골역,2014년 9월,289177,278921,75218,3675,6348
범내골역,2014년 10월,318897,309220,83296,4283,6474
범내골역,2014년 11월,305472,299021,78677,3879,7111
범내골역,2014년 12월,327542,318920,81594,4340,7329
범내골역,2015년 1월,305008,299062,78031,4010,6834
범내골역,2015년 2월,257336,247695,66044,3410,6395
범내골역,2015년 3월,317225,308350,80922,3580,6649
범내골역,2015년 4월,306841,298206,79779,3383,5936
범내골역,2015년 5월,302838,290667,78993,4016,6885
범내골역,2015년 6월,273607,264888,72350,2817,5112
범내골역,2015년 7월,293671,283724,77143,3769,6120
범내골역,2015년 8월,280334,266538,71720,3689,6680
범내골역,2015년 9월,281627,269623,72837,3305,5923
범내골역,2015년 10월,311412,301616,81508,3650,6302
범내골역,2015년 11월,300325,290463,75849,3265,6447
범내골역,2015년 12월,312548,302867,78395,3416,6369
범내골역,2016년 1월,289066,280782,73402,3443,6449
범내골역,2016년 2월,267888,258174,68152,3269,6419
범내골역,2016년 3월,308630,299374,81901,2929,6031
범내골역,2016년 4월,300786,289276,80018,2866,5834
범내골역,2016년 5월,304759,293438,80548,3259,6554
범내골역,2016년 6월,298937,287890,79713,3152,5597
범내골역,2016년 7월,293051,279097,77473,3194,6185
범내골역,2016년 8월,287082,270291,74371,3513,6522
범내골역,2016년 9월,273544,260503,72744,3047,5661
범내골역,2016년 10월,300944,287999,81258,3252,6209
범내골역,2016년 11월,312076,297180,81789,3535,6588
범내골역,2016년 12월,326174,310967,82836,4104,7415
범내골역,2017년 1월,284820,274408,73590,3506,6626
범내골역,2017년 2월,286244,274594,73037,3227,7211
범내골역,2017년 3월,311576,300631,82314,2990,6646
범내골역,2017년 4월,300554,287096,78097,3015,5902
범내골역,2017년 5월,304636,287998,81288,3352,6434
범내골역,2017년 6월,299165,284016,81150,3023,5391
범내골역,2017년 7월,295689,280232,76469,3110,6061
범내골역,2017년 8월,287901,270725,75305,3135,5788
범내골역,2017년 9월,303058,288941,81294,2686,5304
범내골역,2017년 10월,275589,260396,73061,2768,5325
범내골역,2017년 11월,303272,292445,81668,2611,5480
범내골역,2017년 12월,297600,286537,77265,2681,5712
범내골역,2018년 1월,290014,279736,74320,2926,5453
범내골역,2018년 2월,257722,247992,65753,2705,5473
범내골역,2018년 3월,307007,297029,79869,2660,5663
범내골역,2018년 4월,304421,293132,78836,2788,5148
범내골역,2018년 5월,304834,293558,80713,3026,5873
범내골역,2018년 6월,289848,276955,77028,2847,4620
범내골역,2018년 7월,304146,291033,77775,3130,5088
범내골역,2018년 8월,296619,281043,76050,3254,4711
범내골역,2018년 9월,275809,262842,72701,2695,4290
범내골역,2018년 10월,319521,307591,84491,3009,4698
범내골역,2018년 11월,317176,306617,81828,2878,5275
범내골역,2018년 12월,309336,300044,80417,2920,5240
범내골역,2019년 1월,309250,298379,82120,2938,4863
범내골역,2019년 2월,264524,255101,68756,2685,4738
범내골역,2019년 3월,311958,300965,82988,2630,4977
범내골역,2019년 4월,316125,306392,83184,2641,4502
범내골역,2019년 5월,323533,312079,85686,2969,5247
범내골역,2019년 6월,298288,288736,79714,2525,3915
범내골역,2019년 7월,316174,305948,83098,2861,4908
범내골역,2019년 8월,298874,284656,78070,2794,4352
범내골역,2019년 9월,283853,273616,74238,2268,3594
범내골역,2019년 10월,324262,319070,86040,2525,4012
범내골역,2019년 11월,328890,321165,84798,2795,4362
범내골역,2019년 12월,336723,331251,86380,2881,4847
범내골역,2020년 1월,305386,297664,79064,2767,3888
범내골역,2020년 2월,251316,247752,63955,1696,2857
범내골역,2020년 3월,191497,189110,49689,1011,1052
범내골역,2020년 4월,211641,206338,57600,1150,1355
범내골역,2020년 5월,236141,229363,66025,1400,1812
범내골역,2020년 6월,253237,245881,68498,1632,2818
범내골역,2020년 7월,264798,257961,69585,1776,3250
범내골역,2020년 8월,228739,220094,60083,1510,2791
범내골역,2020년 9월,226825,219491,61062,1308,2385
범내골역,2020년 10월,240477,232958,65172,1409,2582
범내골역,2020년 11월,257168,249654,67590,1511,2543
범내골역,2020년 12월,225278,220630,58706,1195,2017
범내골역,2021년 1월,216855,213102,55956,1059,2081
범내골역,2021년 2월,214599,210102,54387,1255,2706
범내골역,2021년 3월,269593,263883,71605,1534,3226
범내골역,2021년 4월,257138,251139,67537,1338,2646
범내골역,2021년 5월,248509,242249,65343,1392,2965
범내골역,2021년 6월,261800,253599,67172,1466,2683
범내골역,2021년 7월,257470,246484,64828,1356,2868
범내골역,2021년 8월,232918,222839,59218,1228,2400
범내골역,2021년 9월,237544,226445,63123,1373,2760
범내골역,2021년 10월,264891,251509,71342,1512,3003
범내골역,2021년 11월,284643,271128,72749,1700,2971
범내골역,2021년 12월,284965,273949,70571,1612,3727
범내골역,2022년 1월,254706,247151,66015,1574,3325
범내골역,2022년 2월,220612,214102,56496,1167,2912
범내골역,2022년 3월,241432,234377,64460,1170,3076
범내골역,2022년 4월,262192,254636,69797,1346,3215
범내골역,2022년 5월,284642,277258,76499,1633,3804
범내골역,2022년 6월,268001,261961,71814,1462,2957
범내골역,2022년 7월,272388,265034,71956,1516,3494
범내골역,2022년 8월,264117,255986,70150,1504,3153
범내골역,2022년 9월,259798,253072,69550,1282,2907
범내골역,2022년 10월,278917,273712,75956,1597,3396
범내골역,2022년 11월,285808,281917,76744,1387,3159
범내골역,2022년 12월,287844,284121,75624,1635,4236
범내골역,2023년 1월,261820,257863,69207,1573,3403
범내골역,2023년 2월,262747,260336,71569,1519,3473
범내골역,2023년 3월,293768,290552,82217,1395,3807
범내골역,2023년 4월,276017,272208,76126,1357,3359
범내골역,2023년 5월,282068,277068,78761,1395,3707
범내골역,2023년 6월,277615,273982,79990,1377,3514
범내골역,2023년 7월,266451,264648,76111,1523,3937
범내골역,2023년 8월,277050,269935,75586,1435,3699
범내골역,2023년 9월,274776,269209,76220,1046,3354
범내골역,2023년 10월,291162,286958,83861,982,3846
범내골역,2023년 11월,304194,303695,85356,836,4436
범내골역,2023년 12월,296858,295791,83497,921,4499
범내골역,2024년 1월,294250,295368,84493,964,4259
범내골역,2024년 2월,265680,264413,75642,1002,4028
범내골역,2024년 3월,299391,298446,85319,890,4238
범내골역,2024년 4월,301274,298138,85908,1066,3768
범내골역,2024년 5월,305634,301956,89540,1029,4443
범내골역,2024년 6월,288468,285568,84742,1183,4226
범내골역,2024년 7월,308300,303747,88754,1391,4814
범내골역,2024년 8월,293116,287242,83995,1389,4483
범내골역,2024년 9월,278230,274859,81697,969,3977
범내골역,2024년 10월,308672,306178,92950,990,4250
범내골역,2024년 11월,311432,310384,91720,1080,4654
범내골역,2024년 12월,309542,308783,91665,1221,4998
1서면역,2014년 1월,1202601,1320885,287127,20778,62812
1서면역,2014년 2월,1151500,1255547,259639,20132,69996
1서면역,2014년 3월,1230546,1337175,296415,16957,55631
1서면역,2014년 4월,1145921,1257181,289865,14673,42616
1서면역,2014년 5월,1256475,1371450,301505,22405,62679
1서면역,2014년 6월,1102806,1216041,282910,15904,42007
1서면역,2014년 7월,1201347,1323983,293389,19940,54308
1서면역,2014년 8월,1168074,1297081,275770,21091,53211
1서면역,2014년 9월,1085125,1195541,270896,16300,42711
1서면역,2014년 10월,1136278,1250338,289668,17557,45894
1서면역,2014년 11월,1142296,1245690,281674,16441,54464
1서면역,2014년 12월,1265759,1392841,299980,20286,63114
1서면역,2015년 1월,1245156,1365732,297302,21578,64035
1서면역,2015년 2월,1105258,1217504,249077,19472,67041
1서면역,2015년 3월,1227047,1335759,303315,16550,50839
1서면역,2015년 4월,1144290,1289578,292777,14444,38913
1서면역,2015년 5월,1239409,1370637,300667,21556,57322
1서면역,2015년 6월,1013586,1128802,261960,11564,31161
1서면역,2015년 7월,1199956,1334955,297820,19157,50958
1서면역,2015년 8월,1197999,1333901,285802,20227,52002
1서면역,2015년 9월,1116579,1258211,275996,15308,39865
1서면역,2015년 10월,1208194,1353642,303896,18246,49708
1서면역,2015년 11월,1161182,1294187,285000,16068,47449
1서면역,2015년 12월,1283947,1448849,306962,20039,60986
1서면역,2016년 1월,1245579,1382897,292506,21106,62564
1서면역,2016년 2월,1200355,1335093,267491,21139,72681
1서면역,2016년 3월,1251685,1385134,310902,16082,51161
1서면역,2016년 4월,1180637,1319941,295807,15475,44169
1서면역,2016년 5월,1232048,1375498,299996,18697,56805
1서면역,2016년 6월,1155629,1297974,294845,14532,38626
1서면역,2016년 7월,1234853,1384838,295217,19110,54307
1서면역,2016년 8월,1227222,1376579,295258,19726,51342
1서면역,2016년 9월,1113962,1264688,271411,15363,42307
1서면역,2016년 10월,1191257,1340835,297102,16847,49722
1서면역,2016년 11월,1232866,1384157,294583,17846,50188
1서면역,2016년 12월,1323930,1503695,310524,20917,65715
1서면역,2017년 1월,1235363,1382045,283552,20579,65735
1서면역,2017년 2월,1246120,1390690,285464,19777,74672
1서면역,2017년 3월,1280360,1428809,316862,16024,54229
1서면역,2017년 4월,1196777,1333068,297645,15542,44794
1서면역,2017년 5월,1265578,1410965,311873,19028,59503
1서면역,2017년 6월,1177748,1320844,311330,14668,40381
1서면역,2017년 7월,1242482,1388502,308317,19464,54327
1서면역,2017년 8월,1221478,1368772,303411,20361,51634
1서면역,2017년 9월,1181069,1333765,303304,15681,40483
1서면역,2017년 10월,1157737,1307021,281354,18162,51640
1서면역,2017년 11월,1204880,1347097,304974,15476,43553
1서면역,2017년 12월,1287922,1449116,311172,19398,61115
1서면역,2018년 1월,1244437,1379306,302023,19078,58225
1서면역,2018년 2월,1153420,1290618,266262,19557,66318
1서면역,2018년 3월,1285734,1419296,317999,16716,51251
1서면역,2018년 4월,1203819,1330445,306604,15219,40131
1서면역,2018년 5월,1270401,1410048,319911,18425,53907
1서면역,2018년 6월,1159748,1296636,306141,15043,34420
1서면역,2018년 7월,1247384,1386212,313943,19194,50358
1서면역,2018년 8월,1216301,1364285,308611,19409,45715
1서면역,2018년 9월,1118798,1267030,282948,16282,37861
1서면역,2018년 10월,1219764,1363321,318331,15833,42957
1서면역,2018년 11월,1219072,1367220,311520,15788,42767
1서면역,2018년 12월,1287021,1445768,318994,18947,55555
1서면역,2019년 1월,1275912,1422577,326399,18971,55301
1서면역,2019년 2월,1167799,1309305,283947,19939,60266
1서면역,2019년 3월,1281725,1422020,332038,16718,46967
1서면역,2019년 4월,1204012,1344918,320148,14279,34428
1서면역,2019년 5월,1277710,1431699,332961,16683,47793
1서면역,2019년 6월,1178589,1316519,317007,14510,32568
1서면역,2019년 7월,1273287,1430880,330230,18733,46689
1서면역,2019년 8월,1269444,1451981,321979,21156,45159
1서면역,2019년 9월,1142385,1301212,297846,14565,34012
1서면역,2019년 10월,1254282,1436817,337296,16721,40222
1서면역,2019년 11월,1270574,1461759,329645,15778,40892
1서면역,2019년 12월,1356524,1569461,345648,19725,53237
1서면역,2020년 1월,1250918,1444468,314615,19568,50324
1서면역,2020년 2월,914456,1046361,234827,10787,32597
1서면역,2020년 3월,580071,664126,163274,5099,10768
1서면역,2020년 4월,703392,812227,197065,6954,15557
1서면역,2020년 5월,847842,977572,240294,9090,20476
1서면역,2020년 6월,875176,1015132,252289,8636,23563
1서면역,2020년 7월,950145,1105782,260390,9097,23953
1서면역,2020년 8월,829001,954812,227589,9631,26620
1서면역,2020년 9월,711229,825202,209731,6369,17759
1서면역,2020년 10월,805731,939764,229891,8187,24265
1서면역,2020년 11월,857380,992473,243487,7798,23380
1서면역,2020년 12월,638437,711977,194942,5362,15100
1서면역,2021년 1월,683125,762809,194764,6970,22631
1서면역,2021년 2월,739878,847721,195021,8503,32000
1서면역,2021년 3월,876109,1006072,244727,8048,31336
1서면역,2021년 4월,814370,914147,234323,6704,22872
1서면역,2021년 5월,855187,966094,233254,9376,33066
1서면역,2021년 6월,854993,990835,241654,7596,22948
1서면역,2021년 7월,809111,922220,232207,7633,27287
1서면역,2021년 8월,714771,801672,212469,6612,20863
1서면역,2021년 9월,783732,883368,231281,7051,22478
1서면역,2021년 10월,893811,1018062,265757,8502,29301
1서면역,2021년 11월,928646,1086525,267608,7567,27294
1서면역,2021년 12월,911847,1041210,251300,7821,34319
1서면역,2022년 1월,909381,1014318,253730,8906,40277
1서면역,2022년 2월,748345,834096,211720,6887,31112
1서면역,2022년 3월,803126,891334,232450,5708,29164
1서면역,2022년 4월,894120,1018398,261215,7452,29081
1서면역,2022년 5월,1010982,1159633,290132,9949,41377
1서면역,2022년 6월,938224,1072820,282497,8412,25532
1서면역,2022년 7월,984849,1137300,289207,9628,37135
1서면역,2022년 8월,939782,1086891,275872,9481,31789
1서면역,2022년 9월,895367,1028986,268630,8001,26608
1서면역,2022년 10월,984494,1131417,297137,9240,31034
1서면역,2022년 11월,962692,1102159,288094,7231,28140
1서면역,2022년 12월,1041325,1199997,300035,9576,41930
1서면역,2023년 1월,954727,1102450,270978,9836,42860
1서면역,2023년 2월,957898,1103690,280305,9890,43537
1서면역,2023년 3월,1010453,1161565,309483,7226,32163
1서면역,2023년 4월,956408,1101462,292871,7831,27698
1서면역,2023년 5월,1002080,1154588,303122,7798,34067
1서면역,2023년 6월,966563,1119287,300027,7665,24781
1서면역,2023년 7월,984952,1136963,293512,9038,36504
1서면역,2023년 8월,972585,1125768,293180,9280,29995
1서면역,2023년 9월,937333,1090846,286917,6766,24327
1서면역,2023년 10월,1023343,1180069,322692,6417,30775
1서면역,2023년 11월,1017361,1161264,311514,4981,28701
1서면역,2023년 12월,1082323,1248080,319738,7960,45782
1서면역,2024년 1월,1049834,1199909,319165,7851,43808
1서면역,2024년 2월,986747,1138657,284496,8428,46644
1서면역,2024년 3월,1068216,1221495,324634,6757,36554
1서면역,2024년 4월,1018453,1168126,317778,6774,28429
1서면역,2024년 5월,1096629,1258294,339252,7512,41182
1서면역,2024년 6월,999279,1137640,319738,7563,27639
1서면역,2024년 7월,1055215,1200932,330468,8074,40173
1서면역,2024년 8월,1034303,1180813,322565,10354,36608
1서면역,2024년 9월,962058,1096247,305711,7221,28115
1서면역,2024년 10월,1037801,1190199,337653,7050,33073
1서면역,2024년 11월,1053290,1207944,332803,6927,35595
1서면역,2024년 12월,1137830,1300275,353828,9977,53349
부전역,2014년 1월,540121,538269,253815,5991,9894
부전역,2014년 2월,463751,458324,202196,4831,9479
부전역,2014년 3월,537956,534419,244361,4683,10020
부전역,2014년 4월,536462,535018,246319,4621,9040
부전역,2014년 5월,604233,609082,274305,8327,14009
부전역,2014년 6월,543341,545987,255659,5562,9744
부전역,2014년 7월,550662,547561,254465,5557,10514
부전역,2014년 8월,541093,539979,252287,6060,10662
부전역,2014년 9월,537593,537597,250207,5323,9398
부전역,2014년 10월,567106,570117,259099,7259,12305
부전역,2014년 11월,538316,541208,250024,5553,11290
부전역,2014년 12월,565701,563050,256147,5748,11323
부전역,2015년 1월,553368,546589,257366,5997,10220
부전역,2015년 2월,497691,494067,232162,4887,10533
부전역,2015년 3월,562753,563322,259651,4761,9903
부전역,2015년 4월,550367,555057,257123,4692,8899
부전역,2015년 5월,579893,581929,268307,6937,12327
부전역,2015년 6월,497368,494707,235636,3865,7662
부전역,2015년 7월,545681,540061,258131,5117,9480
부전역,2015년 8월,526403,517223,243392,5641,9948
부전역,2015년 9월,550519,548419,262842,4940,8541
부전역,2015년 10월,560734,555798,258595,5987,11630
부전역,2015년 11월,532092,525336,244315,4695,10235
부전역,2015년 12월,562640,556323,259152,5456,10977
부전역,2016년 1월,531914,525160,249202,5717,9983
부전역,2016년 2월,499448,492232,231376,5095,10629
부전역,2016년 3월,561062,556819,264170,4480,9752
부전역,2016년 4월,551006,549473,259147,4879,9038
부전역,2016년 5월,568293,566984,264353,5847,10834
부전역,2016년 6월,539892,537128,257482,4428,8542
부전역,2016년 7월,532582,527564,253065,4852,8855
부전역,2016년 8월,535997,533139,255152,5066,9103
부전역,2016년 9월,533588,537749,258583,4302,7944
부전역,2016년 10월,548231,549875,265179,4697,9700
부전역,2016년 11월,552538,546093,262722,4891,9564
부전역,2016년 12월,564384,557973,264546,5071,10007
부전역,2017년 1월,552449,562018,266918,5357,9515
부전역,2017년 2월,515277,520608,240917,5295,10784
부전역,2017년 3월,585191,594851,283110,4546,9852
부전역,2017년 4월,566087,575626,270323,5082,9745
부전역,2017년 5월,585309,592832,282316,5984,11409
부전역,2017년 6월,563534,566950,279820,4444,8289
부전역,2017년 7월,543217,542992,267125,4769,8428
부전역,2017년 8월,536943,536671,264050,5192,8384
부전역,2017년 9월,589118,593848,296062,4694,8715
부전역,2017년 10월,528180,530659,255266,5698,10489
부전역,2017년 11월,553897,556442,270558,4544,8813
부전역,2017년 12월,541896,539638,260379,4651,9049
부전역,2018년 1월,526728,527137,255044,4620,7764
부전역,2018년 2월,492051,492369,240042,4266,8851
부전역,2018년 3월,557826,563512,272819,4293,8186
부전역,2018년 4월,552403,558052,275079,4470,7615
부전역,2018년 5월,570729,574598,284239,5214,9293
부전역,2018년 6월,534778,537373,272356,4309,6525
부전역,2018년 7월,531005,532816,268621,4169,7313
부전역,2018년 8월,522723,522766,267968,4684,6775
부전역,2018년 9월,538500,542120,278026,4437,6751
부전역,2018년 10월,561746,568758,282080,4687,8160
부전역,2018년 11월,547218,557566,273216,4510,8089
부전역,2018년 12월,544505,543102,270758,4624,8485
부전역,2019년 1월,564323,565733,294626,4443,6927
부전역,2019년 2월,476354,476465,240561,3953,7105
부전역,2019년 3월,558090,562109,284902,4031,7731
부전역,2019년 4월,553058,556477,283450,4204,6766
부전역,2019년 5월,578448,583736,295683,5122,8771
부전역,2019년 6월,544760,549821,283876,4056,6054
부전역,2019년 7월,560143,563958,288731,4517,6736
부전역,2019년 8월,553760,558815,286063,4701,6579
부전역,2019년 9월,543220,552192,277622,3859,5958
부전역,2019년 10월,602378,617266,305853,5345,7658
부전역,2019년 11월,586588,600569,294620,5017,7460
부전역,2019년 12월,588597,599946,291628,5086,7956
부전역,2020년 1월,558331,571014,285807,4685,6239
부전역,2020년 2월,410544,418960,202817,2712,4016
부전역,2020년 3월,326213,328134,164080,1632,1638
부전역,2020년 4월,383419,390313,201187,2055,2164
부전역,2020년 5월,438269,446257,230864,2653,3008
부전역,2020년 6월,456468,465788,236606,2720,4590
부전역,2020년 7월,467816,479831,239415,2626,4492
부전역,2020년 8월,407526,417198,210170,2364,3896
부전역,2020년 9월,427681,440259,231755,2099,3231
부전역,2020년 10월,418861,427849,217694,2244,3960
부전역,2020년 11월,443189,456908,230374,2422,4387
부전역,2020년 12월,372437,377465,193311,1825,2878
부전역,2021년 1월,373388,376878,194495,2014,3291
부전역,2021년 2월,372694,378402,192274,2152,4030
부전역,2021년 3월,450326,456698,231026,2394,5059
부전역,2021년 4월,440718,447702,229680,2210,4219
부전역,2021년 5월,439103,445272,226152,2460,5314
부전역,2021년 6월,444311,450013,229715,2356,4477
부전역,2021년 7월,423243,428453,217600,2125,4496
부전역,2021년 8월,388694,394221,202300,1959,3706
부전역,2021년 9월,435606,447090,235656,2060,4191
부전역,2021년 10월,459398,471575,243076,2263,4932
부전역,2021년 11월,469846,477532,242326,2406,5016
부전역,2021년 12월,447777,455136,224467,2288,5106
부전역,2022년 1월,455677,478375,244053,2399,4446
부전역,2022년 2월,355432,366359,181121,1840,3847
부전역,2022년 3월,409081,423408,216276,1721,4411
부전역,2022년 4월,458024,478886,242429,2306,5032
부전역,2022년 5월,502627,527747,264424,3253,6933
부전역,2022년 6월,461656,481466,247462,2439,4440
부전역,2022년 7월,463460,481944,247720,2492,4835
부전역,2022년 8월,453096,474634,244665,2674,4614
부전역,2022년 9월,462595,485068,249271,2339,4644
부전역,2022년 10월,488079,516515,261610,2681,5445
부전역,2022년 11월,483864,507706,256988,2287,5390
부전역,2022년 12월,482054,502192,253648,2419,5494
부전역,2023년 1월,454910,476552,243498,2530,4872
부전역,2023년 2월,439945,461054,235609,2415,5091
부전역,2023년 3월,500492,527176,269226,2441,5538
부전역,2023년 4월,478480,505257,255774,2654,5653
부전역,2023년 5월,494937,521526,266497,2685,6104
부전역,2023년 6월,482518,507968,260285,2505,4911
부전역,2023년 7월,455089,478735,244543,2464,5116
부전역,2023년 8월,459622,483812,247269,2563,4978
부전역,2023년 9월,490975,520090,269166,2294,4616
부전역,2023년 10월,502994,534480,273160,2061,5275
부전역,2023년 11월,499049,526262,268027,1391,5245
부전역,2023년 12월,487294,514943,260058,1674,5813
부전역,2024년 1월,494795,520028,268860,1780,5121
부전역,2024년 2월,448897,472103,240411,2039,5062
부전역,2024년 3월,504143,530806,273021,1971,5015
부전역,2024년 4월,506503,532325,276767,2100,4633
부전역,2024년 5월,537371,568285,298257,2358,6160
부전역,2024년 6월,491458,517134,273712,2189,4586
부전역,2024년 7월,495355,519671,272284,1837,5277
부전역,2024년 8월,477142,501997,264385,2230,5045
부전역,2024년 9월,484875,514071,270841,1815,4377
부전역,2024년 10월,513286,544075,286960,1932,5188
부전역,2024년 11월,508739,540376,283467,1937,5268
부전역,2024년 12월,512978,537491,283606,2169,5923
양정역,2014년 1월,408755,393789,125177,8112,19515
양정역,2014년 2월,399410,388441,114792,7724,24585
양정역,2014년 3월,531000,512963,134143,10471,52510
양정역,2014년 4월,524238,509656,135480,10389,46616
양정역,2014년 5월,518554,503462,132543,12046,46184
양정역,2014년 6월,455144,443543,126956,9538,34237
양정역,2014년 7월,437203,425248,129154,9407,29833
양정역,2014년 8월,391953,379729,120153,8527,21412
양정역,2014년 9월,461017,447806,122267,9284,31238
양정역,2014년 10월,494964,483555,133738,9962,32978
양정역,2014년 11월,473026,462435,127608,9371,30607
양정역,2014년 12월,480049,468959,131261,9727,31107
양정역,2015년 1월,411915,401733,126856,7884,17870
양정역,2015년 2월,363235,354799,107285,7329,20419
양정역,2015년 3월,528717,514419,134708,11198,46737
양정역,2015년 4월,509773,498787,132394,10706,40223
양정역,2015년 5월,502141,486229,132621,11329,37861
양정역,2015년 6월,439397,432464,119461,8541,31198
양정역,2015년 7월,429013,419202,130145,8514,24212
양정역,2015년 8월,391439,379995,117794,8248,20739
양정역,2015년 9월,463429,452047,123395,9173,30263
양정역,2015년 10월,497253,489452,135857,9848,31928
양정역,2015년 11월,476663,469339,128025,9349,28982
양정역,2015년 12월,473562,466866,133240,9246,26292
양정역,2016년 1월,403014,396219,125609,7225,15952
양정역,2016년 2월,388869,380852,116095,7681,21373
양정역,2016년 3월,525862,517558,138820,9906,45714
양정역,2016년 4월,499027,490180,133020,9806,38889
양정역,2016년 5월,508198,499494,134992,10230,39300
양정역,2016년 6월,468842,459887,130895,8875,32880
양정역,2016년 7월,418742,407977,125617,8441,25230
양정역,2016년 8월,409133,401270,122387,7897,22160
양정역,2016년 9월,447404,436082,122028,8660,29432
양정역,2016년 10월,477835,470182,134535,9226,29740
양정역,2016년 11월,487841,479465,133787,9362,30050
양정역,2016년 12월,470033,461869,135790,9134,27304
양정역,2017년 1월,389097,380662,122307,7170,14503
양정역,2017년 2월,396320,392195,121137,7232,19849
양정역,2017년 3월,519390,508980,138276,9768,45535
양정역,2017년 4월,486386,477253,132220,9128,37083
양정역,2017년 5월,493127,484734,138925,9507,36079
양정역,2017년 6월,467866,459227,140896,8822,30342
양정역,2017년 7월,416729,407464,132898,8509,23880
양정역,2017년 8월,410558,401069,130404,8170,20103
양정역,2017년 9월,479756,471204,137930,8792,28783
양정역,2017년 10월,425353,415921,124238,8132,22968
양정역,2017년 11월,479650,472671,137483,8496,25221
양정역,2017년 12월,448224,439513,132064,8307,22647
양정역,2018년 1월,405344,396422,128545,6590,13152
양정역,2018년 2월,367601,357612,114425,6675,17462
양정역,2018년 3월,500064,488694,139670,9042,36236
양정역,2018년 4월,489920,479603,139492,8704,31301
양정역,2018년 5월,493468,479129,143039,9116,31431
양정역,2018년 6월,450119,438502,139227,7588,24962
양정역,2018년 7월,421451,408646,138006,7557,21868
양정역,2018년 8월,393273,380709,129207,6499,17386
양정역,2018년 9월,420640,405921,124712,7394,21349
양정역,2018년 10월,477053,465587,144916,7712,22968
양정역,2018년 11월,476811,465117,142211,8081,22696
양정역,2018년 12월,445481,433365,138702,7289,19922
양정역,2019년 1월,409477,400255,139762,6085,12654
양정역,2019년 2월,357209,348856,118474,5691,13042
양정역,2019년 3월,486249,474411,143448,7802,31958
양정역,2019년 4월,489831,477062,144252,7866,29351
양정역,2019년 5월,498347,483514,149100,7713,28848
양정역,2019년 6월,435542,424998,138927,6574,21663
양정역,2019년 7월,427985,417516,145245,6431,19811
양정역,2019년 8월,395092,382617,134074,5895,15437
양정역,2019년 9월,436395,420178,129128,6443,20597
양정역,2019년 10월,495434,472020,147659,7065,21382
양정역,2019년 11월,493983,470009,144021,6943,20883
양정역,2019년 12월,478864,459541,145421,6861,18001
양정역,2020년 1월,382851,377292,128056,4854,8704
양정역,2020년 2월,305367,305103,101110,3455,7813
양정역,2020년 3월,225407,225065,72562,1680,2570
양정역,2020년 4월,259089,257395,87183,2242,4014
양정역,2020년 5월,305594,303665,103930,3057,7212
양정역,2020년 6월,351867,349751,110669,4442,17557
양정역,2020년 7월,373259,370483,112770,4859,19084
양정역,2020년 8월,291354,290398,95905,3206,9515
양정역,2020년 9월,303551,302254,93261,3210,11530
양정역,2020년 10월,322799,322989,100067,3476,12727
양정역,2020년 11월,350767,351299,106144,3949,14137
양정역,2020년 12월,276071,278314,87927,2589,8072
양정역,2021년 1월,255393,258324,83867,2411,5392
양정역,2021년 2월,254892,257844,83921,2509,6322
양정역,2021년 3월,356560,357910,108494,3719,18610
양정역,2021년 4월,331738,334267,104282,3176,15330
양정역,2021년 5월,323873,325020,103685,3233,14312
양정역,2021년 6월,329594,329537,105421,3283,14773
양정역,2021년 7월,299539,301992,101585,2627,10772
양정역,2021년 8월,263349,265404,92120,2174,8172
양정역,2021년 9월,295547,294316,98628,2691,13015
양정역,2021년 10월,332242,332110,110529,3035,13528
양정역,2021년 11월,348057,348130,112881,3181,11938
양정역,2021년 12월,328899,330422,106563,3041,11272
양정역,2022년 1월,287368,290566,100578,2545,5822
양정역,2022년 2월,246753,250868,84949,1975,6361
양정역,2022년 3월,310755,311457,96787,2320,17201
양정역,2022년 4월,343816,341072,108306,2876,18239
양정역,2022년 5월,366155,365566,115389,3320,18372
양정역,2022년 6월,334670,335045,111615,2818,14598
양정역,2022년 7월,317358,316808,111592,2618,10761
양정역,2022년 8월,302138,302333,106389,2407,10626
양정역,2022년 9월,329665,327673,105775,2453,12773
양정역,2022년 10월,351723,352797,115516,2666,13016
양정역,2022년 11월,357338,357693,115095,2666,12403
양정역,2022년 12월,348186,348624,114759,2882,12615
양정역,2023년 1월,294791,296728,103945,2521,5651
양정역,2023년 2월,302620,305179,107749,2512,7419
양정역,2023년 3월,378908,381446,125910,2966,18522
양정역,2023년 4월,354739,357257,118491,2902,16080
양정역,2023년 5월,366188,368630,123650,2956,16429
양정역,2023년 6월,350031,352902,123517,2631,13535
양정역,2023년 7월,319476,323246,117187,2579,10646
양정역,2023년 8월,313289,315765,112218,2317,9689
양정역,2023년 9월,341041,342698,113830,2203,12243
양정역,2023년 10월,363690,367302,126514,1717,11683
양정역,2023년 11월,375285,381190,127899,1576,12160
양정역,2023년 12월,359759,367167,124245,1795,11459
양정역,2024년 1월,338250,342965,126469,1884,6388
양정역,2024년 2월,312738,315160,112821,1805,7009
양정역,2024년 3월,381822,383162,130224,1964,16438
양정역,2024년 4월,382031,384050,131221,1941,15682
양정역,2024년 5월,389410,391289,135217,2058,16262
양정역,2024년 6월,353567,356456,126915,2125,12509
양정역,2024년 7월,352278,354296,130467,1949,11846
양정역,2024년 8월,325662,326149,119535,1931,10937
양정역,2024년 9월,336934,338417,117681,1755,12022
양정역,2024년 10월,375069,377227,135193,1867,12351
양정역,2024년 11월,379814,380275,134265,2088,13678
양정역,2024년 12월,377557,381471,139334,2093,12999
시청역,2014년 1월,383229,389077,108909,5666,9833
시청역,2014년 2월,371666,376102,103011,5238,10426
시청역,2014년 3월,426748,431493,122939,5081,12462
시청역,2014년 4월,433458,439567,124287,5089,11841
시청역,2014년 5월,443983,449294,125234,7759,18688
시청역,2014년 6월,399367,403265,117649,5165,10497
시청역,2014년 7월,415873,418859,121310,5701,11529
시청역,2014년 8월,378034,380905,109586,5676,10187
시청역,2014년 9월,392686,396979,111934,5090,10198
시청역,2014년 10월,433067,435922,126755,5319,10970
시청역,2014년 11월,415932,421031,120799,5269,11636
시청역,2014년 12월,434970,441503,120708,5634,12334
시청역,2015년 1월,407360,413979,116610,5051,9591
시청역,2015년 2월,343813,348870,97977,4361,8845
시청역,2015년 3월,436817,443930,124936,4845,10828
시청역,2015년 4월,421386,428358,120691,4823,10157
시청역,2015년 5월,413259,419517,119999,5712,11367
시청역,2015년 6월,380316,384894,109836,4343,9314
시청역,2015년 7월,407702,413928,119966,5321,10171
시청역,2015년 8월,371875,376735,109741,5265,9010
시청역,2015년 9월,390771,397685,112916,5042,9273
시청역,2015년 10월,431324,440753,125953,5532,10620
시청역,2015년 11월,413129,422476,117655,5035,10906
시청역,2015년 12월,433066,443211,121791,5593,11195
시청역,2016년 1월,393130,401257,109640,5071,9386
시청역,2016년 2월,368967,373887,100778,4713,9586
시청역,2016년 3월,440536,447249,121709,5029,11611
시청역,2016년 4월,426286,433779,118466,5196,10760
시청역,2016년 5월,436718,442768,120410,5516,12083
시청역,2016년 6월,430204,434744,120287,4892,9908
시청역,2016년 7월,419974,423786,116508,5203,11190
시청역,2016년 8월,399314,399948,109654,4982,9670
시청역,2016년 9월,395786,400072,107772,4575,9615
시청역,2016년 10월,424453,429059,119054,4903,10732
시청역,2016년 11월,439625,444928,117995,5438,11632
시청역,2016년 12월,450455,459477,119577,5822,12834
시청역,2017년 1월,396707,399461,104825,5066,9550
시청역,2017년 2월,406844,406193,108439,4951,10364
시청역,2017년 3월,459936,461398,124655,5020,12780
시청역,2017년 4월,436421,441099,118874,5223,11457
시청역,2017년 5월,442990,445380,123968,5617,12066
시청역,2017년 6월,440014,443246,124483,5099,10133
시청역,2017년 7월,417564,418275,116461,5199,10207
시청역,2017년 8월,411334,412227,116284,5202,9166
시청역,2017년 9월,439857,443361,123602,4766,10011
시청역,2017년 10월,388225,389802,109424,4647,9215
시청역,2017년 11월,445001,449178,122223,4868,10167
시청역,2017년 12월,435683,440028,117862,5191,11643
시청역,2018년 1월,415078,418861,112311,4644,8311
시청역,2018년 2월,365820,368729,98899,4141,8151
시청역,2018년 3월,446990,451010,123775,4512,9870
시청역,2018년 4월,443539,448218,124841,4567,8971
시청역,2018년 5월,448480,451608,127816,5074,10120
시청역,2018년 6월,415210,417683,121041,4340,7944
시청역,2018년 7월,427848,429031,121092,4619,8589
시청역,2018년 8월,409188,410477,118192,4572,7324
시청역,2018년 9월,385848,390457,112737,4011,7451
시청역,2018년 10월,447563,453590,131769,4575,8594
시청역,2018년 11월,445963,451920,128605,4126,8573
시청역,2018년 12월,445851,451217,127184,4672,9800
시청역,2019년 1월,443128,448523,129093,4498,6816
시청역,2019년 2월,381011,385344,110010,4046,6435
시청역,2019년 3월,454490,459109,131272,4329,8822
시청역,2019년 4월,460339,465087,132362,4250,7935
시청역,2019년 5월,471188,473713,136804,4863,9150
시청역,2019년 6월,431159,433425,128837,4142,7041
시청역,2019년 7월,449378,454040,129199,4710,7793
시청역,2019년 8월,420233,421133,120218,4560,6896
시청역,2019년 9월,420312,419439,119625,3754,7162
시청역,2019년 10월,475976,469077,136652,4215,8187
시청역,2019년 11월,478391,473376,131876,4535,9422
시청역,2019년 12월,482755,479804,133050,4740,9173
시청역,2020년 1월,438674,433477,119241,4726,6225
시청역,2020년 2월,360438,357521,96128,2900,4777
시청역,2020년 3월,285132,283857,70139,1749,1956
시청역,2020년 4월,313949,311929,81306,2200,2665
시청역,2020년 5월,361179,359663,100298,2880,3979
시청역,2020년 6월,390105,388022,108195,3057,6017
시청역,2020년 7월,412179,409919,113268,3296,6465
시청역,2020년 8월,343329,340570,92774,3057,5056
시청역,2020년 9월,328844,324540,87424,2469,4558
시청역,2020년 10월,358094,355613,97382,2980,5378
시청역,2020년 11월,381044,377889,103113,3061,5890
시청역,2020년 12월,315774,314059,82931,2158,4239
시청역,2021년 1월,310650,310641,80467,2468,3685
시청역,2021년 2월,309917,307930,81452,2459,4322
시청역,2021년 3월,385675,382251,103981,2821,6741
시청역,2021년 4월,370839,367516,99375,2540,5899
시청역,2021년 5월,362656,358967,98587,2616,6027
시청역,2021년 6월,374918,369875,101763,2733,5725
시청역,2021년 7월,365199,362751,97657,2583,6034
시청역,2021년 8월,328346,325794,89774,2182,4656
시청역,2021년 9월,341585,340032,96461,2336,5493
시청역,2021년 10월,377423,375256,108496,2585,6171
시청역,2021년 11월,402999,397928,111863,2558,6180
시청역,2021년 12월,396246,393244,105767,2508,7269
시청역,2022년 1월,365585,361848,100812,2446,4894
시청역,2022년 2월,311272,308355,85987,1952,4389
시청역,2022년 3월,348084,344947,97114,1946,5922
시청역,2022년 4월,386875,380913,107859,2608,6241
시청역,2022년 5월,414794,408749,117278,2776,6796
시청역,2022년 6월,394834,390452,114016,2459,5586
시청역,2022년 7월,395292,388745,113886,2722,5680
시청역,2022년 8월,376284,370407,108965,2598,5241
시청역,2022년 9월,384728,379288,110840,2246,5449
시청역,2022년 10월,413837,409117,124129,2682,5788
시청역,2022년 11월,419565,412997,120238,2567,5661
시청역,2022년 12월,421674,415093,118884,2894,6544
시청역,2023년 1월,376519,369773,106646,2833,4751
시청역,2023년 2월,382218,376170,112140,2755,4863
시청역,2023년 3월,430105,425651,127472,3001,6205
시청역,2023년 4월,408670,402645,121116,2865,5772
시청역,2023년 5월,419213,411911,124464,2826,6389
시청역,2023년 6월,414221,408081,126387,2845,5521
시청역,2023년 7월,397876,392411,118702,2998,5665
시청역,2023년 8월,398726,388350,116887,3175,4989
시청역,2023년 9월,402743,395199,119105,2727,5263
시청역,2023년 10월,438419,430367,133985,2339,5674
시청역,2023년 11월,451731,441832,130525,1851,5910
시청역,2023년 12월,447242,436514,129383,2320,6444
시청역,2024년 1월,442860,433937,127679,2480,5248
시청역,2024년 2월,401409,390911,114040,2548,4976
시청역,2024년 3월,454546,444114,131859,2297,6709
시청역,2024년 4월,454235,444215,132295,2165,6374
시청역,2024년 5월,462852,451855,138702,2265,7248
시청역,2024년 6월,429700,420561,129885,2538,6017
시청역,2024년 7월,453860,443724,132327,2368,6219
시청역,2024년 8월,427302,416374,125804,2959,5719
시청역,2024년 9월,415491,405090,123276,2362,5631
시청역,2024년 10월,455868,447478,140715,2648,5927
시청역,2024년 11월,458287,447519,134804,2391,6230
시청역,2024년 12월,460313,450940,137925,2609,6897
1연산역,2014년 1월,625837,642570,171570,8115,18541
1연산역,2014년 2월,594481,607972,160780,7333,19462
1연산역,2014년 3월,687892,700150,184734,7504,23683
1연산역,2014년 4월,682192,693178,182794,7596,21965
1연산역,2014년 5월,690719,697739,184919,8831,23799
1연산역,2014년 6월,632226,647103,173497,7441,18596
1연산역,2014년 7월,642868,660998,179827,8354,18710
1연산역,2014년 8월,599312,611977,167023,8409,17265
1연산역,2014년 9월,616805,628803,165247,7410,18204
1연산역,2014년 10월,683410,696122,186434,8267,20046
1연산역,2014년 11월,653037,670465,179186,7800,19934
1연산역,2014년 12월,697413,717885,187493,8765,20636
1연산역,2015년 1월,655603,682452,184304,8366,16752
1연산역,2015년 2월,556674,576150,151872,7204,16901
1연산역,2015년 3월,701147,718531,192299,7517,22092
1연산역,2015년 4월,672766,691608,185249,7075,19522
1연산역,2015년 5월,670006,690766,182728,8485,20847
1연산역,2015년 6월,599436,619514,163605,6048,15306
1연산역,2015년 7월,640114,664316,180776,7564,17177
1연산역,2015년 8월,595248,615402,166120,7477,15865
1연산역,2015년 9월,616375,629307,166513,6899,17465
1연산역,2015년 10월,678450,700868,184406,7322,19490
1연산역,2015년 11월,655302,676526,176312,6737,18014
1연산역,2015년 12월,705408,737086,190704,8126,19350
1연산역,2016년 1월,637433,665594,174945,7460,15517
1연산역,2016년 2월,589852,613576,157820,7166,17872
1연산역,2016년 3월,702542,725391,191427,7398,22353
1연산역,2016년 4월,676038,699497,183210,7199,20112
1연산역,2016년 5월,687812,706214,186654,8169,22157
1연산역,2016년 6월,663567,686872,186722,7019,17972
1연산역,2016년 7월,638155,664704,181018,7595,17679
1연산역,2016년 8월,618428,639961,174007,7615,16298
1연산역,2016년 9월,615518,632148,166631,6646,17370
1연산역,2016년 10월,671158,694674,186620,7420,19533
1연산역,2016년 11월,682947,706991,186210,7318,19137
1연산역,2016년 12월,714284,745941,195334,8168,19649
1연산역,2017년 1월,622348,648747,172891,7699,16241
1연산역,2017년 2월,628022,652999,178329,7243,17458
1연산역,2017년 3월,702815,726241,199141,7152,20891
1연산역,2017년 4월,673683,695626,187502,7351,18770
1연산역,2017년 5월,689152,712044,195023,8226,20887
1연산역,2017년 6월,663664,693553,196375,6984,16043
1연산역,2017년 7월,634134,664762,188617,7261,15930
1연산역,2017년 8월,616467,642652,185066,7676,14370
1연산역,2017년 9월,667341,685433,194395,7102,15777
1연산역,2017년 10월,610081,627884,172636,7016,16043
1연산역,2017년 11월,680553,699856,194622,7090,16124
1연산역,2017년 12월,687933,712403,195856,7525,17551
1연산역,2018년 1월,649838,668788,189021,7059,13762
1연산역,2018년 2월,569572,588018,162910,6496,15026
1연산역,2018년 3월,687128,708919,199043,6728,18752
1연산역,2018년 4월,663710,686266,192000,6701,16554
1연산역,2018년 5월,674107,695437,197425,7209,17297
1연산역,2018년 6월,628816,654654,188639,6142,13640
1연산역,2018년 7월,623749,654360,187278,6094,14241
1연산역,2018년 8월,596766,622115,181289,6199,12070
1연산역,2018년 9월,585093,606431,172534,6357,12701
1연산역,2018년 10월,672480,692513,200772,9243,14990
1연산역,2018년 11월,662885,688649,195345,6435,13905
1연산역,2018년 12월,669336,694830,197976,6985,15125
1연산역,2019년 1월,657998,685393,202409,6777,12632
1연산역,2019년 2월,568679,591516,170717,6555,12488
1연산역,2019년 3월,683034,707668,206311,6516,16169
1연산역,2019년 4월,673300,695891,203329,6056,14422
1연산역,2019년 5월,689504,708080,207794,6507,15510
1연산역,2019년 6월,632836,656625,194969,6056,11997
1연산역,2019년 7월,644156,671631,201072,6381,12285
1연산역,2019년 8월,612329,634113,191170,6346,11175
1연산역,2019년 9월,599959,616861,181768,5275,10928
1연산역,2019년 10월,680394,690535,207259,6304,12840
1연산역,2019년 11월,688649,698289,205130,6107,12912
1연산역,2019년 12월,714329,730094,214356,6933,13458
1연산역,2020년 1월,617505,633508,188805,6090,9928
1연산역,2020년 2월,489565,501369,146471,3933,6998
1연산역,2020년 3월,361661,367050,98772,2245,2974
1연산역,2020년 4월,411532,418061,117859,2928,4063
1연산역,2020년 5월,476560,487154,140202,3538,5908
1연산역,2020년 6월,508207,518088,150223,3625,8436
1연산역,2020년 7월,524790,535515,155293,3767,8711
1연산역,2020년 8월,436610,444008,129350,3409,6638
1연산역,2020년 9월,409168,410247,117054,2804,5860
1연산역,2020년 10월,452573,458416,132515,3143,7451
1연산역,2020년 11월,488434,494358,144954,3325,7736
1연산역,2020년 12월,395595,400153,114913,2218,5316
1연산역,2021년 1월,386258,391636,110598,2429,5335
1연산역,2021년 2월,389462,396081,110443,2531,6592
1연산역,2021년 3월,489924,498139,142453,3210,9373
1연산역,2021년 4월,466164,476446,138022,2906,7394
1연산역,2021년 5월,464522,471444,137070,3531,8726
1연산역,2021년 6월,476368,484543,140112,3303,7512
1연산역,2021년 7월,451049,462571,136390,3036,7456
1연산역,2021년 8월,392958,400303,118744,2642,5989
1연산역,2021년 9월,422987,431139,131414,2753,7054
1연산역,2021년 10월,481644,495470,153613,3266,8158
1연산역,2021년 11월,508927,521477,157929,3088,7692
1연산역,2021년 12월,495150,508064,147380,2957,8592
1연산역,2022년 1월,464566,477807,143637,3008,6935
1연산역,2022년 2월,395721,406668,121811,2417,6228
1연산역,2022년 3월,444792,455521,135798,2566,9143
1연산역,2022년 4월,499703,512059,152833,3362,9749
1연산역,2022년 5월,544241,559078,170488,3596,11426
1연산역,2022년 6월,509975,525984,161089,3289,8670
1연산역,2022년 7월,509461,526487,161995,3320,8814
1연산역,2022년 8월,484845,497778,154806,3275,7700
1연산역,2022년 9월,491114,505515,153665,3319,8174
1연산역,2022년 10월,532147,552344,171233,3758,8687
1연산역,2022년 11월,532584,552743,168589,3426,8310
1연산역,2022년 12월,545362,569167,172540,3323,9557
1연산역,2023년 1월,481168,501602,152964,3253,7333
1연산역,2023년 2월,489074,510217,162393,3124,7916
1연산역,2023년 3월,551006,570139,181416,3098,10566
1연산역,2023년 4월,518871,538681,171260,3111,9230
1연산역,2023년 5월,530402,551621,175251,3252,9868
1연산역,2023년 6월,521174,540853,174304,3171,8393
1연산역,2023년 7월,484080,505881,158543,2843,8341
1연산역,2023년 8월,492409,510781,161598,3129,7529
1연산역,2023년 9월,493386,515313,160070,2892,7705
1연산역,2023년 10월,527662,546587,177120,2567,8356
1연산역,2023년 11월,542415,561877,177321,2021,8385
1연산역,2023년 12월,548862,571787,181292,2367,9326
1연산역,2024년 1월,530222,548375,178215,2510,7607
1연산역,2024년 2월,477208,493423,155218,2603,7637
1연산역,2024년 3월,547373,565644,180216,2467,10245
1연산역,2024년 4월,539788,558394,178000,2840,9167
1연산역,2024년 5월,554286,573208,185263,2749,10484
1연산역,2024년 6월,513196,535146,173586,2694,8266
1연산역,2024년 7월,527420,551163,176563,2499,9258
1연산역,2024년 8월,487948,507957,162625,2884,8060
1연산역,2024년 9월,479474,496283,159231,2549,8105
1연산역,2024년 10월,533506,553439,183656,2663,8966
1연산역,2024년 11월,538549,558853,179288,2636,9775
1연산역,2024년 12월,554952,578484,189460,2886,11482
교대역,2014년 1월,339406,326466,74784,8500,15629
교대역,2014년 2월,323740,308884,69505,8591,14966
교대역,2014년 3월,381999,363288,81211,9349,20198
교대역,2014년 4월,388066,372095,83895,8897,18408
교대역,2014년 5월,388566,371033,84903,10765,20424
교대역,2014년 6월,352581,337788,79357,8764,15990
교대역,2014년 7월,354731,339981,79855,9646,16985
교대역,2014년 8월,325788,312053,73640,8964,15286
교대역,2014년 9월,348178,331127,76929,8552,15587
교대역,2014년 10월,380133,365497,86235,9774,16699
교대역,2014년 11월,367939,352520,81933,9647,18073
교대역,2014년 12월,379831,361260,81057,9947,17797
교대역,2015년 1월,347048,333400,78551,8781,13914
교대역,2015년 2월,294892,282637,66451,7532,13429
교대역,2015년 3월,386279,368734,86437,8716,18943
교대역,2015년 4월,370766,355512,83028,8193,16465
교대역,2015년 5월,367773,352398,83288,9969,18322
교대역,2015년 6월,327236,316073,73883,7010,13598
교대역,2015년 7월,345189,333034,81019,8721,14788
교대역,2015년 8월,320843,306567,74741,7968,14104
교대역,2015년 9월,344427,330094,78873,8318,14529
교대역,2015년 10월,375898,364176,87614,9164,16294
교대역,2015년 11월,364054,350733,83366,8429,16825
교대역,2015년 12월,372044,355980,85053,8909,16083
교대역,2016년 1월,327927,317208,77552,7550,13199
교대역,2016년 2월,304281,292525,71061,7501,13742
교대역,2016년 3월,382966,371030,91881,8447,19244
교대역,2016년 4월,384072,378409,91739,9204,18482
교대역,2016년 5월,377976,365791,87624,9533,18909
교대역,2016년 6월,360840,351227,84823,8621,15992
교대역,2016년 7월,340972,330567,80034,8584,15854
교대역,2016년 8월,324620,315707,75154,7920,14885
교대역,2016년 9월,334936,322176,76180,8191,15134
교대역,2016년 10월,366206,356464,88296,9015,16295
교대역,2016년 11월,373670,363862,86383,9013,16682
교대역,2016년 12월,383012,368806,87890,9543,17587
교대역,2017년 1월,372819,355006,92475,8284,15729
교대역,2017년 2월,382185,367254,96481,8396,17108
교대역,2017년 3월,455005,434587,111608,8984,22827
교대역,2017년 4월,454822,442062,111879,9525,21863
교대역,2017년 5월,455645,437531,112306,10435,22396
교대역,2017년 6월,432320,419945,110493,8847,17688
교대역,2017년 7월,414440,401972,107392,9464,17747
교대역,2017년 8월,405179,390677,105801,8814,16176
교대역,2017년 9월,445141,427072,112162,8656,17465
교대역,2017년 10월,413144,397340,105198,9277,17823
교대역,2017년 11월,461247,442770,116829,9123,18269
교대역,2017년 12월,445796,422751,111028,9308,18791
교대역,2018년 1월,411091,391915,104775,7994,15051
교대역,2018년 2월,367603,349784,93284,7758,15880
교대역,2018년 3월,470207,450331,119079,8883,20988
교대역,2018년 4월,463759,447561,119672,8892,18139
교대역,2018년 5월,468097,448456,121049,9743,19542
교대역,2018년 6월,436230,421310,116721,8887,14988
교대역,2018년 7월,431604,416075,114928,8675,16496
교대역,2018년 8월,409318,394430,111118,8203,14059
교대역,2018년 9월,412167,393812,109231,8322,14584
교대역,2018년 10월,473741,457234,129820,9403,16110
교대역,2018년 11월,474221,457332,126381,9170,16942
교대역,2018년 12월,461319,438590,121115,9412,18263
교대역,2019년 1월,439122,419690,122716,8472,14448
교대역,2019년 2월,383395,363392,104168,8042,13973
교대역,2019년 3월,492243,473183,132666,9356,19949
교대역,2019년 4월,491307,472408,132519,9033,17555
교대역,2019년 5월,507877,483224,136383,9904,19374
교대역,2019년 6월,455927,435679,127999,9024,14866
교대역,2019년 7월,459708,441823,130035,9022,16296
교대역,2019년 8월,434345,418448,123759,8119,14348
교대역,2019년 9월,444901,421789,120161,7857,14514
교대역,2019년 10월,507910,479822,140109,9301,16639
교대역,2019년 11월,510992,479740,136826,9474,17508
교대역,2019년 12월,514366,477984,136885,9812,19314
교대역,2020년 1월,432004,411657,119265,7856,13014
교대역,2020년 2월,339231,326085,91014,5373,9185
교대역,2020년 3월,247180,243492,64270,2358,3499
교대역,2020년 4월,288454,280353,81600,3058,4833
교대역,2020년 5월,342527,329136,101010,4012,6411
교대역,2020년 6월,375113,360326,107835,5248,11755
교대역,2020년 7월,393461,376370,111073,5614,12612
교대역,2020년 8월,326524,315410,92242,4591,9815
교대역,2020년 9월,309591,301782,87186,3983,8470
교대역,2020년 10월,343495,331762,98477,4473,9944
교대역,2020년 11월,372987,359835,106017,4752,11203
교대역,2020년 12월,292789,290456,82730,3142,7767
교대역,2021년 1월,284304,281555,79490,3109,6824
교대역,2021년 2월,288953,281782,81294,3314,8293
교대역,2021년 3월,375963,366372,106758,4571,13336
교대역,2021년 4월,356617,350645,103090,3971,11173
교대역,2021년 5월,354752,347159,103748,4394,11834
교대역,2021년 6월,365109,358042,104908,4269,11363
교대역,2021년 7월,343507,338618,100625,3954,11055
교대역,2021년 8월,301690,300567,90408,3315,8624
교대역,2021년 9월,325325,319490,98608,4103,10657
교대역,2021년 10월,375562,368291,115850,4793,12307
교대역,2021년 11월,400487,391064,118064,4970,12120
교대역,2021년 12월,380482,372239,108146,4398,13475
교대역,2022년 1월,360941,351185,108854,4059,10382
교대역,2022년 2월,303756,295248,90599,3514,9552
교대역,2022년 3월,351953,343913,103722,4010,14379
교대역,2022년 4월,415822,404071,121077,5235,16570
교대역,2022년 5월,454936,435495,132827,6148,20100
교대역,2022년 6월,413349,393499,125586,5044,14014
교대역,2022년 7월,409152,391996,123228,5044,14903
교대역,2022년 8월,388237,372367,117348,4795,12907
교대역,2022년 9월,394743,376681,115939,4941,13416
교대역,2022년 10월,440430,418961,136036,5946,15412
교대역,2022년 11월,438784,419571,132969,5103,13929
교대역,2022년 12월,429206,407195,127029,5290,16621
교대역,2023년 1월,375573,357126,112811,4417,12471
교대역,2023년 2월,380549,363035,119310,4740,13460
교대역,2023년 3월,459698,441960,142398,5319,18612
교대역,2023년 4월,432315,416414,134501,5209,16005
교대역,2023년 5월,439955,421511,135441,5381,17373
교대역,2023년 6월,422982,404544,134464,4880,14132
교대역,2023년 7월,401890,389007,125790,4762,14320
교대역,2023년 8월,384621,373995,119526,4493,12809
교대역,2023년 9월,401636,388526,123546,4621,13065
교대역,2023년 10월,438977,422859,142482,4785,14008
교대역,2023년 11월,444524,427742,138559,3608,14831
교대역,2023년 12월,429416,411694,134286,4161,15675
교대역,2024년 1월,408381,392605,131846,3820,12727
교대역,2024년 2월,373274,356961,116801,4072,12761
교대역,2024년 3월,446199,432713,140968,4619,17767
교대역,2024년 4월,439235,427489,139608,4518,16251
교대역,2024년 5월,453906,441001,144911,5240,18282
교대역,2024년 6월,409410,396833,136026,4454,13720
교대역,2024년 7월,417870,406992,135400,4267,15107
교대역,2024년 8월,389779,380882,126837,4298,14102
교대역,2024년 9월,393525,383053,124726,4132,13639
교대역,2024년 10월,433797,420569,144818,4651,14525
교대역,2024년 11월,441154,428358,141343,4164,15928
교대역,2024년 12월,429046,415269,139312,4381,18157
1동래역,2014년 1월,575010,667520,130323,11155,31601
1동래역,2014년 2월,548605,628760,120053,10177,32987
1동래역,2014년 3월,637223,728570,139917,10663,38493
1동래역,2014년 4월,630991,719632,143364,10026,34366
1동래역,2014년 5월,651822,748362,143826,12984,39426
1동래역,2014년 6월,588212,671803,136299,10630,30251
1동래역,2014년 7월,594579,683386,137519,11903,31970
1동래역,2014년 8월,562834,653562,128447,11936,29484
1동래역,2014년 9월,578843,673864,129616,10557,28704
1동래역,2014년 10월,631234,727820,148448,11723,31070
1동래역,2014년 11월,606530,695133,139102,10495,32843
1동래역,2014년 12월,625497,728068,139539,11657,33972
1동래역,2015년 1월,584912,676465,138178,10792,27797
1동래역,2015년 2월,516835,600826,116120,9540,28178
1동래역,2015년 3월,638091,731193,147949,10253,34031
1동래역,2015년 4월,610149,698701,143921,9644,29525
1동래역,2015년 5월,626420,717524,144929,11835,33149
1동래역,2015년 6월,521896,601652,120758,7818,23900
1동래역,2015년 7월,573017,660883,136910,9860,26858
1동래역,2015년 8월,540668,622756,124135,10652,25712
1동래역,2015년 9월,565841,654976,130153,9163,25535
1동래역,2015년 10월,631827,728566,152281,10906,28878
1동래역,2015년 11월,594249,683171,138466,9392,27553
1동래역,2015년 12월,627176,726511,143505,10701,30299
1동래역,2016년 1월,565767,647963,130928,9825,25284
1동래역,2016년 2월,540895,622290,122018,9539,27281
1동래역,2016년 3월,623774,709643,145657,9106,32019
1동래역,2016년 4월,611239,698913,144207,9245,28741
1동래역,2016년 5월,626114,706928,147723,10465,32069
1동래역,2016년 6월,587325,668806,144468,8965,25507
1동래역,2016년 7월,566740,650661,134965,9525,26566
1동래역,2016년 8월,545719,624936,128484,10026,25833
1동래역,2016년 9월,550951,637610,129115,8653,24827
1동래역,2016년 10월,608508,696582,149853,10072,27627
1동래역,2016년 11월,606705,694811,145143,9215,27295
1동래역,2016년 12월,625450,722983,146014,10691,30385
1동래역,2017년 1월,554197,638696,131247,9660,24717
1동래역,2017년 2월,549927,628655,133723,9366,27043
1동래역,2017년 3월,623948,708926,149311,9146,32576
1동래역,2017년 4월,600186,684231,145430,9189,29102
1동래역,2017년 5월,611988,693814,149473,10276,31568
1동래역,2017년 6월,576646,660589,147512,8619,25093
1동래역,2017년 7월,543043,622485,135838,9179,25789
1동래역,2017년 8월,526527,605085,131416,9404,22900
1동래역,2017년 9월,567846,651359,143215,8539,24780
1동래역,2017년 10월,552634,636902,137099,9360,24792
1동래역,2017년 11월,581470,665325,145131,8699,24987
1동래역,2017년 12월,572088,669491,138334,8935,27192
1동래역,2018년 1월,529061,608143,131343,8573,21777
1동래역,2018년 2월,485386,562153,116827,8455,23118
1동래역,2018년 3월,588533,673458,144808,9243,29334
1동래역,2018년 4월,574544,653073,144980,8781,25721
1동래역,2018년 5월,593011,671985,149783,9955,28292
1동래역,2018년 6월,546653,624931,141686,8409,22224
1동래역,2018년 7월,525018,601839,131050,8817,23755
1동래역,2018년 8월,504005,579049,125849,8931,20456
1동래역,2018년 9월,517194,595333,128405,8331,21184
1동래역,2018년 10월,591671,675289,156078,9263,24634
1동래역,2018년 11월,580678,661312,148803,8028,23738
1동래역,2018년 12월,577815,661263,144944,8643,24994
1동래역,2019년 1월,550103,626529,147815,8188,20187
1동래역,2019년 2월,490340,564952,126957,7625,19396
1동래역,2019년 3월,595977,679255,155825,8153,25907
1동래역,2019년 4월,578342,657525,155483,7389,22542
1동래역,2019년 5월,604885,683128,160734,8245,25585
1동래역,2019년 6월,551456,625269,150220,7553,19862
1동래역,2019년 7월,554713,632209,149076,7925,21494
1동래역,2019년 8월,524932,600660,137398,8383,18968
1동래역,2019년 9월,523987,601126,135639,6605,18808
1동래역,2019년 10월,605095,685903,163082,8074,20847
1동래역,2019년 11월,605335,684443,157910,7511,21694
1동래역,2019년 12월,617587,697847,160053,7981,23287
1동래역,2020년 1월,545707,617480,140833,7659,18248
1동래역,2020년 2월,408664,457222,104397,4347,12437
1동래역,2020년 3월,285746,318744,73053,2052,4645
1동래역,2020년 4월,346490,394701,92316,2940,7007
1동래역,2020년 5월,422355,480097,118203,4030,9314
1동래역,2020년 6월,444731,504495,121602,4314,15152
1동래역,2020년 7월,469521,533397,125391,4722,15862
1동래역,2020년 8월,389490,440942,103016,3903,12315
1동래역,2020년 9월,375335,426275,100602,3267,10854
1동래역,2020년 10월,421678,479463,113249,4131,13359
1동래역,2020년 11월,442717,498407,117607,3989,14388
1동래역,2020년 12월,333491,362564,91222,2605,9099
1동래역,2021년 1월,333567,362674,91858,2786,9032
1동래역,2021년 2월,347515,384381,91166,3335,11158
1동래역,2021년 3월,440579,492440,117720,4024,16230
1동래역,2021년 4월,421124,461753,112815,3578,14198
1동래역,2021년 5월,434165,476823,115010,4163,15054
1동래역,2021년 6월,437843,486628,116760,3790,14116
1동래역,2021년 7월,403957,450253,107684,3734,14175
1동래역,2021년 8월,357359,389629,99071,3347,11046
1동래역,2021년 9월,394733,436638,109379,3515,13232
1동래역,2021년 10월,456760,508326,130378,4084,15155
1동래역,2021년 11월,473507,532254,130194,3832,14371
1동래역,2021년 12월,448927,494151,117144,3626,16454
1동래역,2022년 1월,426800,464875,115461,3587,12947
1동래역,2022년 2월,364661,392842,98766,3111,11726
1동래역,2022년 3월,416307,455946,111967,3304,17116
1동래역,2022년 4월,474316,532608,127276,4340,18430
1동래역,2022년 5월,519580,579681,144376,4788,20995
1동래역,2022년 6월,481795,539036,138252,4315,16065
1동래역,2022년 7월,469394,527966,132187,4376,16535
1동래역,2022년 8월,441146,496631,125626,4203,14531
1동래역,2022년 9월,459139,521415,126748,3927,15451
1동래역,2022년 10월,514347,578064,150180,4639,16862
1동래역,2022년 11월,508232,568355,145861,4037,15580
1동래역,2022년 12월,509293,570343,142302,4281,18333
1동래역,2023년 1월,452041,504585,127559,3978,13537
1동래역,2023년 2월,450435,502401,133218,4263,14665
1동래역,2023년 3월,525343,587090,157173,4486,19662
1동래역,2023년 4월,497274,553525,150125,4473,17477
1동래역,2023년 5월,499632,555931,149963,4208,18173
1동래역,2023년 6월,483102,542688,149713,4121,15516
1동래역,2023년 7월,455379,508965,137593,3957,15498
1동래역,2023년 8월,444462,498777,132639,4089,13766
1동래역,2023년 9월,465809,527792,135854,3717,14226
1동래역,2023년 10월,521523,580813,163024,3773,15420
1동래역,2023년 11월,509885,570795,153693,2826,15558
1동래역,2023년 12월,510369,572402,150693,3655,17538
1동래역,2024년 1월,488161,540900,152363,3619,13917
1동래역,2024년 2월,446113,500342,132741,3664,13586
1동래역,2024년 3월,518031,578987,160509,3752,18935
1동래역,2024년 4월,508272,569587,159881,3548,17174
1동래역,2024년 5월,523564,585343,165324,3963,19725
1동래역,2024년 6월,480445,536940,154811,3419,15352
1동래역,2024년 7월,478495,535465,151350,3621,16897
1동래역,2024년 8월,447643,503469,139239,3907,14227
1동래역,2024년 9월,450830,511504,137504,3307,14520
1동래역,2024년 10월,505176,573199,165987,3704,15825
1동래역,2024년 11월,506284,574876,159830,3577,17375
1동래역,2024년 12월,516446,582482,161695,3792,19798
명륜역,2014년 1월,317469,347915,75490,8979,17027
명륜역,2014년 2월,299628,326897,69466,8315,18393
명륜역,2014년 3월,346592,378392,82434,8224,23389
명륜역,2014년 4월,338730,367902,82231,7553,22352
명륜역,2014년 5월,357755,389274,84132,10031,24984
명륜역,2014년 6월,315877,348364,78986,8008,19033
명륜역,2014년 7월,328910,362634,82413,9223,20432
명륜역,2014년 8월,308932,339824,75139,9082,17120
명륜역,2014년 9월,318491,349284,74980,8533,19636
명륜역,2014년 10월,350955,381215,91350,9517,21027
명륜역,2014년 11월,333396,364533,80095,8781,23177
명륜역,2014년 12월,355567,387534,83030,10328,24101
명륜역,2015년 1월,324121,353075,82538,8790,15913
명륜역,2015년 2월,286360,310177,68470,8099,16314
명륜역,2015년 3월,343279,373543,85136,8434,21357
명륜역,2015년 4월,335138,363280,85035,8312,20162
명륜역,2015년 5월,342690,373875,84394,9973,20808
명륜역,2015년 6월,292387,319313,73865,6747,16491
명륜역,2015년 7월,325119,353007,84861,9409,18678
명륜역,2015년 8월,308582,340303,78365,9059,16617
명륜역,2015년 9월,314690,344754,78573,7878,17923
명륜역,2015년 10월,347384,378679,89277,8692,20312
명륜역,2015년 11월,325047,354800,81261,7971,19876
명륜역,2015년 12월,340778,369772,83446,9308,20336
명륜역,2016년 1월,305673,331009,77960,7821,14659
명륜역,2016년 2월,289987,315324,70347,8071,16046
명륜역,2016년 3월,335506,363988,86704,7883,20049
명륜역,2016년 4월,325728,349966,83937,7948,19266
명륜역,2016년 5월,339478,368076,86861,9121,20850
명륜역,2016년 6월,321240,348062,85341,7787,18414
명륜역,2016년 7월,322335,349580,84944,8780,19036
명륜역,2016년 8월,311748,338192,82618,8430,16611
명륜역,2016년 9월,302271,327402,78741,7769,17366
명륜역,2016년 10월,328692,355147,87904,8176,18747
명륜역,2016년 11월,328465,355441,86190,8480,19449
명륜역,2016년 12월,341332,368113,86868,9669,21877
명륜역,2017년 1월,300363,324147,78335,7832,14591
명륜역,2017년 2월,294838,317036,79474,7569,15528
명륜역,2017년 3월,337923,361750,91751,8477,20746
명륜역,2017년 4월,327667,348111,88039,8357,19567
명륜역,2017년 5월,335527,359734,89826,9129,19970
명륜역,2017년 6월,318968,343629,89982,7705,16704
명륜역,2017년 7월,314302,340568,87517,8662,17419
명륜역,2017년 8월,303847,330330,84997,8595,15532
명륜역,2017년 9월,329731,360472,94630,8929,17344
명륜역,2017년 10월,316959,336781,84316,9082,19703
명륜역,2017년 11월,334536,359313,91070,8427,18329
명륜역,2017년 12월,334619,359706,87001,8682,21190
명륜역,2018년 1월,305241,327684,82909,7345,13551
명륜역,2018년 2월,274617,295520,73631,7038,13984
명륜역,2018년 3월,330059,352550,91198,7676,17844
명륜역,2018년 4월,319924,341644,89509,7594,16875
명륜역,2018년 5월,329451,353550,92850,8787,18259
명륜역,2018년 6월,306525,330194,87479,7502,15637
명륜역,2018년 7월,311296,338206,89649,7772,16324
명륜역,2018년 8월,296799,324345,86034,7786,13587
명륜역,2018년 9월,290052,315641,81601,7444,14515
명륜역,2018년 10월,327561,354574,94739,9092,19829
명륜역,2018년 11월,321729,351684,92007,7675,18091
명륜역,2018년 12월,317268,344625,88721,7856,17442
명륜역,2019년 1월,303702,331600,90365,6927,12007
명륜역,2019년 2월,268189,291249,77337,6863,11626
명륜역,2019년 3월,320095,345073,94223,7488,16207
명륜역,2019년 4월,315199,342003,95556,7269,15465
명륜역,2019년 5월,326149,354923,97253,8424,17465
명륜역,2019년 6월,297084,325196,90115,7431,13718
명륜역,2019년 7월,306297,333704,93394,7757,14748
명륜역,2019년 8월,290137,318012,88095,7443,12320
명륜역,2019년 9월,283497,309324,84307,6498,13010
명륜역,2019년 10월,317768,345832,96092,7463,14552
명륜역,2019년 11월,320827,345942,95083,7430,16290
명륜역,2019년 12월,322705,347564,94933,7513,15707
명륜역,2020년 1월,286561,308145,86061,6703,10054
명륜역,2020년 2월,218347,235102,61700,4158,8141
명륜역,2020년 3월,155183,164431,40565,1967,2959
명륜역,2020년 4월,184844,197181,52448,2860,4163
명륜역,2020년 5월,220671,236620,66970,3720,5935
명륜역,2020년 6월,242780,261545,73377,4439,11313
명륜역,2020년 7월,253444,273052,74450,4706,11900
명륜역,2020년 8월,216609,234716,62757,3948,8716
명륜역,2020년 9월,209299,226387,59356,3526,8241
명륜역,2020년 10월,228909,245964,67597,4016,8722
명륜역,2020년 11월,241092,258868,71341,4024,9888
명륜역,2020년 12월,195749,209599,55278,2700,6877
명륜역,2021년 1월,190754,203692,52448,2808,6454
명륜역,2021년 2월,194940,207225,54679,3271,7294
명륜역,2021년 3월,244417,258843,70575,4038,11100
명륜역,2021년 4월,236183,251012,68461,3402,10075
명륜역,2021년 5월,238989,254531,69887,3806,10583
명륜역,2021년 6월,242397,257610,70234,3843,10833
명륜역,2021년 7월,233080,249063,66664,3535,10993
명륜역,2021년 8월,206593,220266,60502,2914,7737
명륜역,2021년 9월,222680,237648,66701,3437,10874
명륜역,2021년 10월,249982,267009,76438,3768,12145
명륜역,2021년 11월,260499,275439,78204,3728,11407
명륜역,2021년 12월,254496,270092,71161,3630,12806
명륜역,2022년 1월,239126,252626,67962,3788,8585
명륜역,2022년 2월,209647,221231,59186,3182,8208
명륜역,2022년 3월,238813,251446,68088,3461,11172
명륜역,2022년 4월,269687,280442,77902,4387,12700
명륜역,2022년 5월,295806,308448,86343,5100,15034
명륜역,2022년 6월,282031,294146,84817,4466,12636
명륜역,2022년 7월,289770,301173,86011,4785,13476
명륜역,2022년 8월,274504,285063,81392,4685,11716
명륜역,2022년 9월,277765,288710,81121,4356,12343
명륜역,2022년 10월,302474,313452,91277,5023,13446
명륜역,2022년 11월,302307,313788,89244,4320,12937
명륜역,2022년 12월,308794,318769,88844,4793,15542
명륜역,2023년 1월,275638,283550,79423,4416,10148
명륜역,2023년 2월,277133,284396,83851,4451,10598
명륜역,2023년 3월,323662,333423,97324,5087,16368
명륜역,2023년 4월,305902,316293,92516,4852,14365
명륜역,2023년 5월,317376,327345,95016,5029,16552
명륜역,2023년 6월,309496,321882,94823,4662,13858
명륜역,2023년 7월,300477,311252,92609,4431,14763
명륜역,2023년 8월,288790,301525,88838,4124,12268
명륜역,2023년 9월,294571,303809,88763,3947,12601
명륜역,2023년 10월,315640,325403,97535,3651,13639
명륜역,2023년 11월,319552,329880,95430,3483,15407
명륜역,2023년 12월,320611,331277,94870,3800,16326
명륜역,2024년 1월,303831,312819,92664,3826,11419
명륜역,2024년 2월,281214,288822,85908,3922,10791
명륜역,2024년 3월,320995,329705,98155,4554,15853
명륜역,2024년 4월,318258,327056,100287,4156,14851
명륜역,2024년 5월,332659,342694,105756,4797,16922
명륜역,2024년 6월,306328,316313,98073,4449,13681
명륜역,2024년 7월,313447,323632,100360,3963,15079
명륜역,2024년 8월,290081,299608,92979,4187,13466
명륜역,2024년 9월,288085,299635,91358,3714,13736
명륜역,2024년 10월,313775,324831,102599,4131,15179
명륜역,2024년 11월,320097,331125,100520,3958,16383
명륜역,2024년 12월,328178,337287,102863,4196,18561
온천장역,2014년 1월,486305,487146,157983,9008,17641
온천장역,2014년 2월,451662,451358,147924,7818,17856
온천장역,2014년 3월,529635,525807,175663,7825,24046
온천장역,2014년 4월,523923,522827,174578,7122,22307
온천장역,2014년 5월,546590,533018,178330,10025,25594
온천장역,2014년 6월,490697,481851,166478,7606,18942
온천장역,2014년 7월,483043,483744,159869,8692,21333
온천장역,2014년 8월,463274,464973,147483,8905,17523
온천장역,2014년 9월,487066,482682,158562,8134,20034
온천장역,2014년 10월,536933,533181,182859,8824,21299
온천장역,2014년 11월,516314,519089,174760,8097,22304
온천장역,2014년 12월,538252,543591,177323,9538,22562
온천장역,2015년 1월,494670,499598,166065,8646,16210
온천장역,2015년 2월,435061,434038,146381,7428,15997
온천장역,2015년 3월,531272,529829,181323,7797,21139
온천장역,2015년 4월,514120,515365,175914,7640,19700
온천장역,2015년 5월,533870,531355,179199,9453,22324
온천장역,2015년 6월,446961,444709,150231,6236,16561
온천장역,2015년 7월,477873,480227,162401,8041,17659
온천장역,2015년 8월,450844,456724,145510,8042,16241
온천장역,2015년 9월,480087,473792,158636,7807,18164
온천장역,2015년 10월,534896,532961,181645,8185,20154
온천장역,2015년 11월,505189,505379,169286,6964,19298
온천장역,2015년 12월,540542,545030,178550,8470,20344
온천장역,2016년 1월,490436,491728,160627,8212,15516
온천장역,2016년 2월,470143,468597,152481,8568,17357
온천장역,2016년 3월,548085,542924,184983,8167,21903
온천장역,2016년 4월,535844,535018,177648,8571,20963
온천장역,2016년 5월,553337,548251,180043,9539,23820
온천장역,2016년 6월,518483,514869,172774,7845,19511
온천장역,2016년 7월,498188,499551,162223,8563,19262
온천장역,2016년 8월,476837,480470,152001,8861,17299
온천장역,2016년 9월,485152,479430,154803,7834,18589
온천장역,2016년 10월,541043,536094,179787,8607,20929
온천장역,2016년 11월,543870,542008,180622,8156,21346
온천장역,2016년 12월,564018,569770,186677,9236,23017
온천장역,2017년 1월,491384,490015,161711,8423,16026
온천장역,2017년 2월,488556,488190,167430,7870,17162
온천장역,2017년 3월,561420,578646,195046,7958,23185
온천장역,2017년 4월,544024,544498,186436,8028,20830
온천장역,2017년 5월,555532,551671,189268,9547,22713
온천장역,2017년 6월,525806,523750,185986,8032,18641
온천장역,2017년 7월,494198,497513,168389,8452,17964
온천장역,2017년 8월,484287,484152,164225,8754,15770
온천장역,2017년 9월,520130,518089,181075,7833,17843
온천장역,2017년 10월,519556,516475,178559,8799,18024
온천장역,2017년 11월,554843,553484,193656,7932,18573
온천장역,2017년 12월,556031,560717,190030,8738,19956
온천장역,2018년 1월,495597,501010,167805,7857,13863
온천장역,2018년 2월,455521,455389,155914,7606,14729
온천장역,2018년 3월,549018,548315,193388,7550,18868
온천장역,2018년 4월,537951,539104,190875,7820,17273
온천장역,2018년 5월,547656,543110,192313,8649,17670
온천장역,2018년 6월,511158,508362,180972,7911,14774
온천장역,2018년 7월,489388,492544,169467,7607,15072
온천장역,2018년 8월,467778,470205,161925,7636,12726
온천장역,2018년 9월,471356,467681,164279,7205,13993
온천장역,2018년 10월,542923,541408,196437,7807,15983
온천장역,2018년 11월,539295,538556,193858,7320,16622
온천장역,2018년 12월,536212,546448,190826,7799,16667
온천장역,2019년 1월,504961,509897,184141,7337,12000
온천장역,2019년 2월,456904,457674,166173,7183,11952
온천장역,2019년 3월,535127,538283,199219,6734,15289
온천장역,2019년 4월,528260,531002,196010,6534,14197
온천장역,2019년 5월,546521,546582,199985,7596,15882
온천장역,2019년 6월,506042,507431,189994,6714,12129
온천장역,2019년 7월,496200,499603,183101,6729,12496
온천장역,2019년 8월,468625,473873,168548,7096,11405
온천장역,2019년 9월,468614,467809,169281,5713,11927
온천장역,2019년 10월,541409,540564,201008,6942,14106
온천장역,2019년 11월,549415,550422,202385,6845,14547
온천장역,2019년 12월,566242,573034,207667,7544,15303
온천장역,2020년 1월,491647,491176,177535,6831,10201
온천장역,2020년 2월,379534,382053,135155,3899,7813
온천장역,2020년 3월,274632,276329,91161,1921,2910
온천장역,2020년 4월,326228,326936,115173,2645,3998
온천장역,2020년 5월,388037,388316,144571,3723,5504
온천장역,2020년 6월,405103,405938,148284,3692,8984
온천장역,2020년 7월,418706,418539,149617,4264,9958
온천장역,2020년 8월,352739,356982,124588,3875,7610
온천장역,2020년 9월,335538,335079,117023,3187,7000
온천장역,2020년 10월,374226,371963,132225,3550,8298
온천장역,2020년 11월,398278,397471,142723,3638,8679
온천장역,2020년 12월,319139,323888,114223,2533,6117
온천장역,2021년 1월,309965,313639,107438,2631,5592
온천장역,2021년 2월,314930,315243,110148,3063,6464
온천장역,2021년 3월,391223,391224,138560,3506,9917
온천장역,2021년 4월,378560,381515,133356,3220,9090
온천장역,2021년 5월,383089,384299,135910,3630,9477
온천장역,2021년 6월,388463,388188,135465,3593,9448
온천장역,2021년 7월,366515,367455,128072,3069,8928
온천장역,2021년 8월,327585,331154,116376,2627,6527
온천장역,2021년 9월,352540,352971,127352,2787,8604
온천장역,2021년 10월,405821,405107,149693,3397,10106
온천장역,2021년 11월,421625,417972,150107,3543,10299
온천장역,2021년 12월,399575,401597,137240,3204,10710
온천장역,2022년 1월,380673,382835,135634,2987,7716
온천장역,2022년 2월,323816,327592,115372,2598,6469
온천장역,2022년 3월,365572,367069,129436,2753,10142
온천장역,2022년 4월,414833,413569,146379,3487,11693
온천장역,2022년 5월,452685,448369,160692,4305,13157
온천장역,2022년 6월,424286,423652,153149,3616,10704
온천장역,2022년 7월,415464,416082,149270,3521,10493
온천장역,2022년 8월,393386,393281,143087,3749,8987
온천장역,2022년 9월,403533,400642,145275,3502,9788
온천장역,2022년 10월,451391,448713,169368,3878,10905
온천장역,2022년 11월,451432,448919,169265,3425,11071
온천장역,2022년 12월,456892,459638,170284,3599,12368
온천장역,2023년 1월,404113,403046,149193,3679,8292
온천장역,2023년 2월,410482,408386,159619,3496,8610
온천장역,2023년 3월,468639,467408,181232,3298,12434
온천장역,2023년 4월,445646,446510,172956,3402,11279
온천장역,2023년 5월,452466,450110,174061,3681,12308
온천장역,2023년 6월,435248,436374,168323,3370,10123
온천장역,2023년 7월,411146,413062,156138,3543,10549
온천장역,2023년 8월,398306,401511,150004,3460,8866
온천장역,2023년 9월,411975,410652,155158,3117,9781
온천장역,2023년 10월,457596,455288,181028,3105,10195
온천장역,2023년 11월,455968,454798,176943,2682,11304
온천장역,2023년 12월,457652,459892,176272,3289,12332
온천장역,2024년 1월,436906,438995,172010,3306,8975
온천장역,2024년 2월,405873,407545,158834,3697,8957
온천장역,2024년 3월,465113,467245,184112,3595,12580
온천장역,2024년 4월,452106,455618,178692,3584,11333
온천장역,2024년 5월,473059,474785,188954,3842,12791
온천장역,2024년 6월,429812,433008,172611,3801,10366
온천장역,2024년 7월,430488,436143,168655,3455,12141
온천장역,2024년 8월,399618,406435,157213,3651,9901
온천장역,2024년 9월,399453,401846,156706,3229,10724
온천장역,2024년 10월,457853,458520,185919,3445,12316
온천장역,2024년 11월,475213,475660,189895,3447,13686
온천장역,2024년 12월,494822,499591,198202,4312,15351
부산대역,2014년 1월,497186,526846,61487,16462,44422
부산대역,2014년 2월,483698,509538,55997,16840,54096
부산대역,2014년 3월,633070,675728,66749,16174,58750
부산대역,2014년 4월,575896,619985,66617,13908,46600
부산대역,2014년 5월,631510,676375,70949,20340,62314
부산대역,2014년 6월,518283,559338,65674,14392,38618
부산대역,2014년 7월,512704,565446,67118,17852,42469
부산대역,2014년 8월,491370,523624,63204,16767,40199
부산대역,2014년 9월,557115,603429,64071,15921,40047
부산대역,2014년 10월,572125,613558,70589,17261,42858
부산대역,2014년 11월,574969,616102,68976,16202,45578
부산대역,2014년 12월,569017,600717,68124,18645,47212
부산대역,2015년 1월,510992,540572,68392,16400,41549
부산대역,2015년 2월,466222,487091,56981,16611,48464
부산대역,2015년 3월,627740,667824,70976,16790,53011
부산대역,2015년 4월,568463,606803,70153,15084,43099
부산대역,2015년 5월,607094,646925,72517,20563,55967
부산대역,2015년 6월,472394,511436,62227,11426,29627
부산대역,2015년 7월,492686,523446,68192,17025,38852
부산대역,2015년 8월,468437,501596,64186,16467,34812
부산대역,2015년 9월,545775,590801,66404,15546,35770
부산대역,2015년 10월,572155,612807,73789,17294,42060
부산대역,2015년 11월,555480,594770,68389,15087,39622
부산대역,2015년 12월,559665,593911,71125,17850,42670
부산대역,2016년 1월,488574,520485,64785,15251,37372
부산대역,2016년 2월,484722,513738,59663,17328,47684
부산대역,2016년 3월,613227,656984,70972,15741,51441
부산대역,2016년 4월,566013,604128,70321,15186,44450
부산대역,2016년 5월,606815,651873,73430,18927,55673
부산대역,2016년 6월,524363,560799,70559,13911,37642
부산대역,2016년 7월,504502,540365,68946,17010,41848
부산대역,2016년 8월,485053,524024,66144,16510,36633
부산대역,2016년 9월,539503,581027,65715,15126,37825
부산대역,2016년 10월,568379,609164,73223,17640,46866
부산대역,2016년 11월,580505,618841,71944,15166,40594
부산대역,2016년 12월,570627,601748,73307,18625,46686
부산대역,2017년 1월,490183,524481,64248,16216,39363
부산대역,2017년 2월,487243,514762,64497,16192,45729
부산대역,2017년 3월,630282,669271,75226,16662,55837
부산대역,2017년 4월,570363,607761,72700,15682,45613
부산대역,2017년 5월,608849,649293,77381,19428,53962
부산대역,2017년 6월,528182,563024,74031,14544,36977
부산대역,2017년 7월,493647,526831,70721,16695,38295
부산대역,2017년 8월,483935,518239,69274,16607,36068
부산대역,2017년 9월,565044,604932,74728,15038,36144
부산대역,2017년 10월,539259,579260,71443,17469,38605
부산대역,2017년 11월,585173,622671,78193,15940,36366
부산대역,2017년 12월,569149,597165,75135,17700,41964
부산대역,2018년 1월,498187,527351,71357,15558,33256
부산대역,2018년 2월,456966,480538,63347,16194,37739
부산대역,2018년 3월,624331,658351,78783,17350,49010
부산대역,2018년 4월,575094,607825,79201,15714,39867
부산대역,2018년 5월,612159,647607,82950,18557,47243
부산대역,2018년 6월,522731,554012,76109,14910,31155
부산대역,2018년 7월,499279,532331,74777,15589,34601
부산대역,2018년 8월,468495,501267,72406,13722,27806
부산대역,2018년 9월,523540,559485,72050,14407,29798
부산대역,2018년 10월,569589,608564,84651,15737,33485
부산대역,2018년 11월,579474,613705,81931,15138,33725
부산대역,2018년 12월,548130,575698,79637,16108,34726
부산대역,2019년 1월,498652,524515,79547,14273,28869
부산대역,2019년 2월,454345,476073,68646,16187,32707
부산대역,2019년 3월,600730,631165,84453,16571,41318
부산대역,2019년 4월,560107,590205,85333,14760,33231
부산대역,2019년 5월,598487,629849,89156,16856,39822
부산대역,2019년 6월,506482,535154,80720,14581,27632
부산대역,2019년 7월,493150,522487,81384,14988,30449
부산대역,2019년 8월,470733,500587,76663,14836,26681
부산대역,2019년 9월,510744,542265,75576,12739,25782
부산대역,2019년 10월,552277,585779,88442,14547,29155
부산대역,2019년 11월,562224,593035,86757,13940,30077
부산대역,2019년 12월,540267,565187,87311,14421,30820
부산대역,2020년 1월,466022,491781,77505,13120,24426
부산대역,2020년 2월,347807,365879,59682,8313,18224
부산대역,2020년 3월,233516,245477,42536,3647,6599
부산대역,2020년 4월,280595,294925,52636,4932,9214
부산대역,2020년 5월,352919,372677,66967,7033,12849
부산대역,2020년 6월,384464,403121,69809,7479,19437
부산대역,2020년 7월,396138,413710,71965,7997,18799
부산대역,2020년 8월,334954,353783,62387,7062,16428
부산대역,2020년 9월,329038,347036,60562,5636,13337
부산대역,2020년 10월,367233,387965,66468,7017,16691
부산대역,2020년 11월,392348,411652,70209,6738,17404
부산대역,2020년 12월,291910,303027,56927,4159,11341
부산대역,2021년 1월,279207,293872,52811,4476,12113
부산대역,2021년 2월,298246,313839,54961,5685,15307
부산대역,2021년 3월,399381,415873,69493,6397,24282
부산대역,2021년 4월,370654,383274,67187,5646,19913
부산대역,2021년 5월,382931,398311,69313,7097,22249
부산대역,2021년 6월,377762,391454,68779,6078,18311
부산대역,2021년 7월,346283,361930,66145,6066,19496
부산대역,2021년 8월,306011,321362,61376,5082,14168
부산대역,2021년 9월,345659,360052,67859,6085,16838
부산대역,2021년 10월,396302,408024,76306,7451,21142
부산대역,2021년 11월,423852,435507,76525,6708,19499
부산대역,2021년 12월,400443,410574,70938,6301,21404
부산대역,2022년 1월,357809,367861,69748,6011,17140
부산대역,2022년 2월,303679,313197,60621,5008,16400
부산대역,2022년 3월,397378,403162,68157,5718,27903
부산대역,2022년 4월,438825,445963,77569,7435,28888
부산대역,2022년 5월,498993,515221,86917,9261,35350
부산대역,2022년 6월,425788,437944,80669,7811,23236
부산대역,2022년 7월,408452,423495,81088,7874,25029
부산대역,2022년 8월,378203,391517,77080,7140,20180
부산대역,2022년 9월,442044,456392,78845,7088,22022
부산대역,2022년 10월,463771,479426,88014,8363,24415
부산대역,2022년 11월,471390,483572,86671,6790,21710
부산대역,2022년 12월,453436,459881,84137,7389,26838
부산대역,2023년 1월,385752,397152,75693,6811,20771
부산대역,2023년 2월,381084,390620,79338,6961,23429
부산대역,2023년 3월,511881,521457,92001,7344,34275
부산대역,2023년 4월,462188,471818,87655,7671,28120
부산대역,2023년 5월,489960,501830,90794,7443,32645
부산대역,2023년 6월,439133,449517,88670,6947,23368
부산대역,2023년 7월,404467,416956,85729,7092,24962
부산대역,2023년 8월,385505,395992,83502,6678,20261
부산대역,2023년 9월,451176,459973,87511,6354,22353
부산대역,2023년 10월,468893,480244,95963,6753,23746
부산대역,2023년 11월,484120,489548,92981,5306,23639
부산대역,2023년 12월,457040,460500,89976,6673,27193
부산대역,2024년 1월,408462,416495,88642,6634,21581
부산대역,2024년 2월,384213,391311,82147,7708,23754
부산대역,2024년 3월,508275,513077,95458,8039,36111
부산대역,2024년 4월,478247,483472,95068,7378,30465
부산대역,2024년 5월,522963,530976,101246,9094,38581
부산대역,2024년 6월,429769,436358,92128,8067,24053
부산대역,2024년 7월,415757,422083,94346,7749,27560
부산대역,2024년 8월,384856,390645,86634,8072,22189
부산대역,2024년 9월,432033,440723,86436,7428,23174
부산대역,2024년 10월,460161,465166,99496,8267,25374
부산대역,2024년 11월,475363,478657,97433,7335,26363
부산대역,2024년 12월,453231,454989,95575,7963,30970
장전역,2014년 1월,323578,315922,71887,7966,14901
장전역,2014년 2월,301467,301150,65943,6949,14978
장전역,2014년 3월,383342,383157,78821,8134,22557
장전역,2014년 4월,382182,377583,80705,7948,20150
장전역,2014년 5월,395097,386813,82810,9371,21142
장전역,2014년 6월,352568,343003,77881,7909,16892
장전역,2014년 7월,349648,339382,79482,8043,16154
장전역,2014년 8월,329897,320894,73042,8428,15061
장전역,2014년 9월,364015,356404,76548,8395,17515
장전역,2014년 10월,388158,376207,85134,8944,16798
장전역,2014년 11월,374123,366908,80746,8641,17761
장전역,2014년 12월,374934,363024,80957,8959,16921
장전역,2015년 1월,337426,327718,77332,8254,13127
장전역,2015년 2월,293330,285391,66640,7093,13508
장전역,2015년 3월,380516,377096,81046,8418,19558
장전역,2015년 4월,368875,362915,79965,8112,17972
장전역,2015년 5월,379078,367994,83131,8990,18157
장전역,2015년 6월,327194,315665,72659,6930,14852
장전역,2015년 7월,337294,324668,78374,7799,14413
장전역,2015년 8월,319675,309780,72360,7896,13927
장전역,2015년 9월,349361,343632,75655,7931,15287
장전역,2015년 10월,379272,368707,85342,8415,16161
장전역,2015년 11월,361806,357828,79384,8049,16064
장전역,2015년 12월,369417,355418,82342,8256,15383
장전역,2016년 1월,320758,312624,74289,7188,11863
장전역,2016년 2월,298438,291259,67998,6874,12380
장전역,2016년 3월,373540,371703,82296,7643,19580
장전역,2016년 4월,366170,357912,80662,7720,17133
장전역,2016년 5월,376534,370431,82663,7937,17805
장전역,2016년 6월,352596,345076,80686,7010,15211
장전역,2016년 7월,336622,329728,78015,6856,14449
장전역,2016년 8월,325713,318888,73882,7166,13615
장전역,2016년 9월,339379,339136,73665,6613,14762
장전역,2016년 10월,366933,360432,83728,7306,15041
장전역,2016년 11월,372539,371010,82136,7240,15413
장전역,2016년 12월,371832,361158,82076,7816,16313
장전역,2017년 1월,319776,312315,73597,6740,11887
장전역,2017년 2월,314836,309182,72949,6461,13265
장전역,2017년 3월,381371,378867,85633,6595,20424
장전역,2017년 4월,369888,364498,83424,6694,17994
장전역,2017년 5월,376094,371687,86030,7283,17869
장전역,2017년 6월,354958,346555,84155,6651,14788
장전역,2017년 7월,337483,332266,80023,6780,13494
장전역,2017년 8월,328961,323331,78243,7164,12675
장전역,2017년 9월,368406,365817,84952,6792,14729
장전역,2017년 10월,341172,335254,78897,6708,12988
장전역,2017년 11월,375215,371230,86149,6964,14610
장전역,2017년 12월,363226,355228,82779,7126,14709
장전역,2018년 1월,327752,327133,76902,6461,10849
장전역,2018년 2월,292987,290079,69290,6167,10717
장전역,2018년 3월,376901,378328,85721,6907,18120
장전역,2018년 4월,368270,369529,85585,6682,15857
장전역,2018년 5월,381048,381197,87636,7170,15896
장전역,2018년 6월,351756,347223,84518,6406,13232
장전역,2018년 7월,339999,338424,81648,6430,12153
장전역,2018년 8월,327777,324945,78737,6760,11061
장전역,2018년 9월,344218,342722,80646,6177,12438
장전역,2018년 10월,379836,378267,92728,6671,13769
장전역,2018년 11월,381382,379029,90779,6644,14438
장전역,2018년 12월,362297,357631,86634,6469,12673
장전역,2019년 1월,338539,338925,85861,6256,10514
장전역,2019년 2월,294234,292083,74297,5620,9386
장전역,2019년 3월,373390,375888,91179,6277,16244
장전역,2019년 4월,369487,370001,91646,5738,14740
장전역,2019년 5월,389603,388173,95659,6621,15826
장전역,2019년 6월,347892,345681,88470,5762,12447
장전역,2019년 7월,347207,344372,88700,5826,10373
장전역,2019년 8월,333934,332338,84239,6023,9700
장전역,2019년 9월,345021,347595,82842,5275,11379
장전역,2019년 10월,377437,375402,95691,5794,11726
장전역,2019년 11월,387172,382024,95241,6009,13093
장전역,2019년 12월,378823,372852,94701,6117,12400
장전역,2020년 1월,331095,324894,84607,5881,10147
장전역,2020년 2월,254439,252895,64838,3664,6787
장전역,2020년 3월,180307,181699,44859,1890,2783
장전역,2020년 4월,214586,214494,56747,2509,3917
장전역,2020년 5월,261636,260657,72294,3345,5603
장전역,2020년 6월,280755,282519,76822,3616,8972
장전역,2020년 7월,301822,302097,79738,3736,9283
장전역,2020년 8월,260677,263036,69628,3547,7313
장전역,2020년 9월,246761,247479,64714,3213,6732
장전역,2020년 10월,270970,271256,72949,3550,7588
장전역,2020년 11월,291292,292199,77177,3657,8485
장전역,2020년 12월,225434,226946,59587,2517,5447
장전역,2021년 1월,219475,223601,57065,2758,4895
장전역,2021년 2월,224767,224726,59333,2899,5735
장전역,2021년 3월,287941,292552,76019,3634,10518
장전역,2021년 4월,276211,282584,74341,3321,8947
장전역,2021년 5월,284248,290493,75992,3630,9319
장전역,2021년 6월,282903,287165,77282,3375,8917
장전역,2021년 7월,271021,275703,73899,3292,8312
장전역,2021년 8월,241133,248562,66905,2838,6875
장전역,2021년 9월,260985,264494,74075,3007,8437
장전역,2021년 10월,297174,303021,85244,3372,9309
장전역,2021년 11월,311558,315837,86128,3377,8781
장전역,2021년 12월,292001,295292,77143,3038,8662
장전역,2022년 1월,271182,272202,75299,3127,7387
장전역,2022년 2월,229925,232268,65047,2642,6406
장전역,2022년 3월,272180,279732,73804,2849,10949
장전역,2022년 4월,301362,305200,84419,3383,11088
장전역,2022년 5월,334205,336542,92933,3953,12620
장전역,2022년 6월,306579,307079,88201,3410,10104
장전역,2022년 7월,307104,303761,88863,3696,9625
장전역,2022년 8월,290206,291437,84388,3353,8496
장전역,2022년 9월,308200,310611,85688,3314,9124
장전역,2022년 10월,330714,331913,96463,3862,9777
장전역,2022년 11월,330811,333934,93821,3393,9070
장전역,2022년 12월,324125,322942,91528,3462,10274
장전역,2023년 1월,285251,284458,82612,3282,8064
장전역,2023년 2월,285826,284770,86687,3332,8630
장전역,2023년 3월,343242,347244,100427,3338,13511
장전역,2023년 4월,318485,324977,95374,2897,11916
장전역,2023년 5월,329656,334595,97746,2994,12321
장전역,2023년 6월,316340,319052,96932,3057,10260
장전역,2023년 7월,304543,305235,91653,3232,10072
장전역,2023년 8월,298226,301186,89398,3446,9167
장전역,2023년 9월,319459,322110,94412,3089,9303
장전역,2023년 10월,338703,343773,106158,2797,9610
장전역,2023년 11월,338958,343780,100515,2600,10234
장전역,2023년 12월,328817,328014,96166,2980,10659
장전역,2024년 1월,309918,310633,95798,3206,8707
장전역,2024년 2월,286078,286047,88446,3317,9031
장전역,2024년 3월,339630,343227,103187,3503,12669
장전역,2024년 4월,333859,336816,103658,3735,12115
장전역,2024년 5월,357646,356046,110495,4402,13470
장전역,2024년 6월,320200,320540,102051,3687,10777
장전역,2024년 7월,323781,324450,101127,3750,11002
장전역,2024년 8월,302378,305012,94044,3876,9754
장전역,2024년 9월,311037,315460,94591,3316,10237
장전역,2024년 10월,336016,339786,107934,3600,10320
장전역,2024년 11월,340862,341876,104705,3487,10822
장전역,2024년 12월,333659,331875,103144,3624,11719
구서역,2014년 1월,288812,276662,69832,10229,20120
구서역,2014년 2월,275161,258978,63122,10080,21143
구서역,2014년 3월,324339,303189,74889,11732,27322
구서역,2014년 4월,321317,305031,75137,9526,25333
구서역,2014년 5월,343729,317596,79820,16762,30264
구서역,2014년 6월,308322,290219,74153,11710,24679
구서역,2014년 7월,314697,301425,75288,13141,26210
구서역,2014년 8월,288444,276412,68481,11381,21301
구서역,2014년 9월,306881,290017,71062,11302,24785
구서역,2014년 10월,334046,312818,80936,12772,27275
구서역,2014년 11월,322703,304724,75599,11871,27498
구서역,2014년 12월,336408,311694,76884,13033,28858
구서역,2015년 1월,304850,291752,74916,10209,19624
구서역,2015년 2월,267996,254969,63577,9452,20367
구서역,2015년 3월,339522,315882,79628,11802,28619
구서역,2015년 4월,328733,307653,77724,11505,26292
구서역,2015년 5월,335843,314658,79478,13308,27643
구서역,2015년 6월,295806,277108,68395,10439,24217
구서역,2015년 7월,315800,300621,76832,11951,25160
구서역,2015년 8월,296576,283769,72416,11232,22697
구서역,2015년 9월,313068,294390,75227,11225,24916
구서역,2015년 10월,342320,318872,82951,12488,27377
구서역,2015년 11월,325476,305274,76150,11251,26627
구서역,2015년 12월,337947,317180,79495,12344,26523
구서역,2016년 1월,296793,285740,73444,9545,17737
구서역,2016년 2월,281692,269294,67668,9920,19897
구서역,2016년 3월,334181,316412,80959,11773,27187
구서역,2016년 4월,322404,304079,79094,11886,24825
구서역,2016년 5월,331485,314028,80547,12536,26930
구서역,2016년 6월,318048,301533,79191,10982,24646
구서역,2016년 7월,312060,299482,77954,11313,23960
구서역,2016년 8월,299626,288236,75474,10721,21356
구서역,2016년 9월,302947,285607,73597,10146,23529
구서역,2016년 10월,326905,309773,82109,11143,24669
구서역,2016년 11월,336258,313935,82383,11676,26918
구서역,2016년 12월,342769,319448,84984,12281,26990
구서역,2017년 1월,296171,284133,77034,9557,17684
구서역,2017년 2월,294916,282649,75829,9644,20322
구서역,2017년 3월,346691,324552,87518,11243,29047
구서역,2017년 4월,326147,307684,82629,11379,26081
구서역,2017년 5월,342192,320193,88401,12806,26666
구서역,2017년 6월,330644,310547,88485,11442,23998
구서역,2017년 7월,314211,300418,82153,10809,22812
구서역,2017년 8월,303851,291162,79985,11231,19877
구서역,2017년 9월,328377,309982,85528,11742,23325
구서역,2017년 10월,302261,285986,78796,10574,21110
구서역,2017년 11월,332149,312732,86059,11295,23879
구서역,2017년 12월,325628,306074,82442,11352,23224
구서역,2018년 1월,298405,284706,77727,9418,16179
구서역,2018년 2월,268510,254442,69186,8930,16899
구서역,2018년 3월,333549,310274,85911,11143,24583
구서역,2018년 4월,326326,302530,84584,10761,22424
구서역,2018년 5월,335197,312615,87670,11600,23429
구서역,2018년 6월,312238,292110,83380,10100,19752
구서역,2018년 7월,309684,293158,81198,10003,20236
구서역,2018년 8월,297430,286656,79296,9728,17533
구서역,2018년 9월,301020,282019,78144,10020,19661
구서역,2018년 10월,337598,314146,90809,10760,22020
구서역,2018년 11월,336045,326925,89706,10111,21985
구서역,2018년 12월,323506,303705,85860,9423,21025
구서역,2019년 1월,307581,294801,87369,8519,14972
구서역,2019년 2월,270720,257589,75603,7956,14240
구서역,2019년 3월,329308,309200,91120,9895,21479
구서역,2019년 4월,325392,303238,90272,9299,20192
구서역,2019년 5월,336696,313828,93105,9932,22455
구서역,2019년 6월,306908,287914,86632,8753,18348
구서역,2019년 7월,315060,298763,89555,8904,19201
구서역,2019년 8월,294209,280477,83455,8653,16597
구서역,2019년 9월,294797,277453,81948,7455,18172
구서역,2019년 10월,326982,304598,93338,8708,20388
구서역,2019년 11월,329830,307042,93372,8474,20498
구서역,2019년 12월,331778,310224,93997,8834,20178
구서역,2020년 1월,291445,279654,84073,7930,12308
구서역,2020년 2월,229696,222688,64955,5109,10478
구서역,2020년 3월,168444,164299,46235,2480,3604
구서역,2020년 4월,195995,190933,56438,3469,5181
구서역,2020년 5월,231808,222380,69156,4336,7924
구서역,2020년 6월,256526,243329,74160,5707,14448
구서역,2020년 7월,270394,255773,76561,6332,15681
구서역,2020년 8월,228952,220555,65830,4812,11501
구서역,2020년 9월,225682,216691,65479,4288,10993
구서역,2020년 10월,246528,233140,72314,4963,12501
구서역,2020년 11월,261610,248122,76759,5218,13549
구서역,2020년 12월,209616,201883,60815,3398,9586
구서역,2021년 1월,201556,194395,57539,3577,8174
구서역,2021년 2월,204242,197554,58419,3801,8615
구서역,2021년 3월,260776,247620,75732,5193,14932
구서역,2021년 4월,253651,240236,74679,4561,14201
구서역,2021년 5월,257308,244213,76682,5416,14838
구서역,2021년 6월,260858,247947,77302,4860,14416
구서역,2021년 7월,250650,241809,74442,4610,14000
구서역,2021년 8월,221813,215178,66319,3899,11392
구서역,2021년 9월,240004,228908,72387,4389,14471
구서역,2021년 10월,268177,255515,82583,5065,16393
구서역,2021년 11월,277134,261800,83796,4765,15569
구서역,2021년 12월,265077,251427,76851,4422,15405
구서역,2022년 1월,245134,237261,74208,3996,10308
구서역,2022년 2월,210132,202903,64002,3343,9758
구서역,2022년 3월,248509,233515,72344,4750,17217
구서역,2022년 4월,274627,258110,80240,5750,19178
구서역,2022년 5월,300032,281137,88232,6443,20857
구서역,2022년 6월,282278,266093,86168,5866,17836
구서역,2022년 7월,278753,267729,85782,5670,16920
구서역,2022년 8월,265669,255196,84742,5306,15011
구서역,2022년 9월,277137,262180,85199,5146,17392
구서역,2022년 10월,299165,281063,95217,5855,18443
구서역,2022년 11월,301938,285099,94473,5162,17780
구서역,2022년 12월,297373,280430,90753,5202,19252
구서역,2023년 1월,258813,249439,81876,4506,11982
구서역,2023년 2월,260436,250795,85512,4469,13274
구서역,2023년 3월,306431,287852,96793,5833,20730
구서역,2023년 4월,286002,270138,91164,5032,19599
구서역,2023년 5월,292223,275523,93531,4968,19850
구서역,2023년 6월,286020,268794,91995,5039,18809
구서역,2023년 7월,278007,266193,93632,4682,16981
구서역,2023년 8월,271373,259736,90670,4410,15411
구서역,2023년 9월,278894,263570,91858,4522,16600
구서역,2023년 10월,299266,280074,100790,3858,17843
구서역,2023년 11월,300906,280323,97947,3693,19176
구서역,2023년 12월,295130,274869,95484,3602,18969
구서역,2024년 1월,279343,266918,94188,3683,12828
구서역,2024년 2월,259087,246912,84622,3923,13180
구서역,2024년 3월,299978,282488,97806,5470,20655
구서역,2024년 4월,299718,281714,98222,5638,20718
구서역,2024년 5월,310471,292609,103046,6160,22437
구서역,2024년 6월,285763,269409,96290,5811,19642
구서역,2024년 7월,294474,280422,98819,5192,19654
구서역,2024년 8월,271051,259235,91047,4941,16798
구서역,2024년 9월,274644,258130,91108,4706,18813
구서역,2024년 10월,299654,280801,103790,5035,19921
구서역,2024년 11월,304001,286450,103104,4786,21700
구서역,2024년 12월,301464,283073,101142,4675,23124
두실역,2014년 1월,253088,210874,66087,7863,13516
두실역,2014년 2월,237712,197855,61143,7394,13132
두실역,2014년 3월,275758,231008,72911,7588,15292
두실역,2014년 4월,271894,228363,74501,7361,14184
두실역,2014년 5월,282638,235910,76925,9073,15490
두실역,2014년 6월,260924,218035,72577,8010,12803
두실역,2014년 7월,266183,222116,72747,8504,13573
두실역,2014년 8월,247225,204191,66887,8241,11719
두실역,2014년 9월,254482,210902,67791,7917,12340
두실역,2014년 10월,271613,228689,74241,8222,13230
두실역,2014년 11월,263880,221496,70646,8159,14423
두실역,2014년 12월,276483,230351,71720,8654,15464
두실역,2015년 1월,257784,217854,69324,7619,11706
두실역,2015년 2월,227457,190456,59292,7000,11881
두실역,2015년 3월,277918,235334,75360,7763,14072
두실역,2015년 4월,271024,229337,75562,7889,13183
두실역,2015년 5월,277652,232826,77408,8902,13677
두실역,2015년 6월,248178,208499,67685,7279,11196
두실역,2015년 7월,266106,222370,73894,8457,12693
두실역,2015년 8월,251589,207694,69037,8271,11685
두실역,2015년 9월,259232,214923,71224,7789,12150
두실역,2015년 10월,281018,234678,79799,8548,13671
두실역,2015년 11월,270544,227579,77675,8048,13833
두실역,2015년 12월,285211,237280,79504,8944,15029
두실역,2016년 1월,259557,217901,73841,7482,11468
두실역,2016년 2월,244040,203529,66804,7560,12397
두실역,2016년 3월,280896,238613,79423,7844,14671
두실역,2016년 4월,271517,231061,76805,7753,13689
두실역,2016년 5월,282034,240276,79996,8341,14686
두실역,2016년 6월,268949,230180,77508,7356,12718
두실역,2016년 7월,264896,224648,75759,7975,13256
두실역,2016년 8월,255079,215003,73153,7507,11357
두실역,2016년 9월,251798,212833,71205,7039,12216
두실역,2016년 10월,265208,229261,78029,6527,12357
두실역,2016년 11월,272328,232908,78187,8247,13162
두실역,2016년 12월,278381,238361,79482,8356,14348
두실역,2017년 1월,248548,212238,70504,7191,11064
두실역,2017년 2월,245234,210553,71327,7186,11717
두실역,2017년 3월,278278,240469,83455,7750,12624
두실역,2017년 4월,267130,230012,79747,7392,11437
두실역,2017년 5월,277849,237603,83922,8291,12307
두실역,2017년 6월,269055,230606,81316,7773,11159
두실역,2017년 7월,259123,220424,78175,7955,10785
두실역,2017년 8월,253248,214317,77508,7476,10172
두실역,2017년 9월,265228,226032,82479,7529,10384
두실역,2017년 10월,248514,210510,74953,7521,10114
두실역,2017년 11월,265938,228305,81925,7284,10395
두실역,2017년 12월,264839,226399,79952,7802,11201
두실역,2018년 1월,249717,214955,76145,6695,8667
두실역,2018년 2월,223309,191222,66648,6393,8751
두실역,2018년 3월,267406,228126,83024,7551,10238
두실역,2018년 4월,261228,223705,82233,7402,9385
두실역,2018년 5월,271427,231551,85507,7998,9913
두실역,2018년 6월,251522,213777,78875,7096,8503
두실역,2018년 7월,250255,212492,77918,7152,8698
두실역,2018년 8월,242617,203853,75416,7266,8247
두실역,2018년 9월,237888,200761,74125,6323,8165
두실역,2018년 10월,264361,224958,84291,7133,9278
두실역,2018년 11월,262940,224722,83559,6728,9672
두실역,2018년 12월,257732,220154,80186,6695,10224
두실역,2019년 1월,250360,216661,80222,6255,8214
두실역,2019년 2월,220755,189803,68871,5807,7285
두실역,2019년 3월,260500,225352,84076,6731,9311
두실역,2019년 4월,256098,221884,84228,6195,8042
두실역,2019년 5월,268860,232344,88558,6775,9083
두실역,2019년 6월,244176,210533,81292,5879,7418
두실역,2019년 7월,250846,215805,83185,5892,8086
두실역,2019년 8월,239311,204887,79182,6066,7428
두실역,2019년 9월,234053,201379,76928,5143,7630
두실역,2019년 10월,258178,224256,86438,5558,8189
두실역,2019년 11월,255102,221535,84745,5553,8945
두실역,2019년 12월,259578,223462,86219,5600,9242
두실역,2020년 1월,234053,203630,77051,5026,6457
두실역,2020년 2월,186082,161753,60138,3533,5324
두실역,2020년 3월,136693,118723,41847,1551,2088
두실역,2020년 4월,159971,138257,52572,2191,2608
두실역,2020년 5월,194715,169371,68431,3044,3532
두실역,2020년 6월,209601,180631,73435,3559,5943
두실역,2020년 7월,218252,188256,75729,3716,6272
두실역,2020년 8월,186570,159559,64661,3223,4554
두실역,2020년 9월,177866,152922,60971,2822,4354
두실역,2020년 10월,192579,165770,67017,3197,5372
두실역,2020년 11월,202535,174472,70236,3397,6271
두실역,2020년 12월,162654,142899,55617,2074,3678
두실역,2021년 1월,156829,137369,51623,2167,3303
두실역,2021년 2월,159737,138698,53823,2352,3563
두실역,2021년 3월,199698,174734,68615,3239,5528
두실역,2021년 4월,193004,170625,67123,2675,4811
두실역,2021년 5월,195378,171725,68304,3094,5232
두실역,2021년 6월,200457,174893,69601,2968,5383
두실역,2021년 7월,192994,168435,67270,2578,5331
두실역,2021년 8월,171668,149864,61465,2016,3889
두실역,2021년 9월,182854,160228,66330,2406,5310
두실역,2021년 10월,202017,176291,73443,2801,6464
두실역,2021년 11월,208842,181247,73775,2790,6495
두실역,2021년 12월,199489,173430,68946,2190,6251
두실역,2022년 1월,186336,165279,66083,2371,4868
두실역,2022년 2월,158682,140750,56631,1812,3801
두실역,2022년 3월,179489,158553,63546,2552,5687
두실역,2022년 4월,200687,174970,71631,3150,6100
두실역,2022년 5월,218568,190364,78463,3493,6951
두실역,2022년 6월,205442,178319,75280,3089,5973
두실역,2022년 7월,204183,175982,75046,3055,5705
두실역,2022년 8월,194253,166411,72475,2899,5238
두실역,2022년 9월,197024,169863,72291,2638,5878
두실역,2022년 10월,212654,183926,79350,2934,6407
두실역,2022년 11월,211933,184472,78278,2591,6553
두실역,2022년 12월,213067,184554,77142,2528,7453
두실역,2023년 1월,194975,169523,71197,2500,5287
두실역,2023년 2월,193810,170680,75291,2272,4999
두실역,2023년 3월,223300,195338,85315,2826,7168
두실역,2023년 4월,209432,183858,81203,2658,6393
두실역,2023년 5월,212490,187101,83250,2544,6411
두실역,2023년 6월,207741,180950,80979,2680,6480
두실역,2023년 7월,200477,173817,78279,2603,6232
두실역,2023년 8월,197728,171684,77146,2533,5260
두실역,2023년 9월,202970,176101,77521,2543,6261
두실역,2023년 10월,216200,189096,84764,2511,6606
두실역,2023년 11월,216360,188748,83260,2132,6901
두실역,2023년 12월,214019,186075,80956,2279,7408
두실역,2024년 1월,206505,182482,79516,2123,5653
두실역,2024년 2월,191052,167690,72944,2243,5189
두실역,2024년 3월,219198,193277,85375,3324,6878
두실역,2024년 4월,220192,193903,86335,3557,6846
두실역,2024년 5월,227819,201072,90742,3624,7542
두실역,2024년 6월,210261,184534,84000,3260,6559
두실역,2024년 7월,216368,188813,86273,2923,7080
두실역,2024년 8월,201158,173648,80295,2942,6227
두실역,2024년 9월,199612,173327,78894,2515,6900
두실역,2024년 10월,218100,192071,89116,2831,7172
두실역,2024년 11월,217439,191491,86938,2512,7863
두실역,2024년 12월,219603,193265,88504,2453,8593
남산역,2014년 1월,202592,179596,56552,5605,9032
남산역,2014년 2월,199102,180071,51370,5432,10666
남산역,2014년 3월,290912,278675,60676,6572,18443
남산역,2014년 4월,247924,226457,60948,5828,13286
남산역,2014년 5월,251826,228318,61588,6942,13633
남산역,2014년 6월,222815,202305,58510,5770,10207
남산역,2014년 7월,214357,189186,59824,5729,9836
남산역,2014년 8월,196852,172690,54425,5627,8529
남산역,2014년 9월,222354,202423,56351,5638,9961
남산역,2014년 10월,236188,216646,62047,6193,10388
남산역,2014년 11월,231385,214466,58609,6247,12101
남산역,2014년 12월,229885,210375,58551,6109,10690
남산역,2015년 1월,207738,183865,57552,5764,8098
남산역,2015년 2월,183099,161534,48849,5027,8464
남산역,2015년 3월,250662,232352,60433,6052,14111
남산역,2015년 4월,239032,220758,58928,5918,12386
남산역,2015년 5월,239797,217632,59292,6929,12419
남산역,2015년 6월,210412,190410,53193,5523,9574
남산역,2015년 7월,212355,183348,58124,6197,9213
남산역,2015년 8월,201766,172123,54390,5818,8756
남산역,2015년 9월,223105,201157,55534,6142,9998
남산역,2015년 10월,238981,216732,62370,6476,10308
남산역,2015년 11월,228432,209211,58761,5792,10144
남산역,2015년 12월,230538,205364,60148,6610,10401
남산역,2016년 1월,200724,175260,55758,5665,7295
남산역,2016년 2월,192090,165748,51791,5505,8110
남산역,2016년 3월,253421,230022,62570,6195,14183
남산역,2016년 4월,241528,219068,61233,6141,12309
남산역,2016년 5월,248228,228313,62541,6586,12949
남산역,2016년 6월,227470,206535,60883,5499,9938
남산역,2016년 7월,213716,186804,60454,5364,8953
남산역,2016년 8월,209697,183692,58460,5366,8406
남산역,2016년 9월,217170,201781,56050,5111,8822
남산역,2016년 10월,228684,212526,61776,5534,8804
남산역,2016년 11월,230209,216571,60003,5573,9345
남산역,2016년 12월,222266,203534,59314,5750,8616
남산역,2017년 1월,192195,170556,53338,5156,6870
남산역,2017년 2월,184972,164308,52431,4769,7482
남산역,2017년 3월,236803,222822,59708,5572,14027
남산역,2017년 4월,222565,208704,56950,5318,11794
남산역,2017년 5월,230936,216480,59274,5778,11884
남산역,2017년 6월,215749,199003,58760,5626,9499
남산역,2017년 7월,195614,171027,56699,5239,7185
남산역,2017년 8월,191492,167356,56205,5433,6913
남산역,2017년 9월,216583,200616,58438,5108,7868
남산역,2017년 10월,200190,184829,54428,5096,6631
남산역,2017년 11월,218469,204882,58384,5114,7243
남산역,2017년 12월,206438,188761,55643,5419,6782
남산역,2018년 1월,185856,164882,52904,4954,5441
남산역,2018년 2월,163509,144098,47025,4393,5617
남산역,2018년 3월,222284,208667,58296,5277,11504
남산역,2018년 4월,214617,202825,57975,4954,9435
남산역,2018년 5월,223161,211154,59590,5776,9904
남산역,2018년 6월,201693,186237,56840,4776,7387
남산역,2018년 7월,189663,166233,56589,4442,6001
남산역,2018년 8월,181175,157313,54554,4518,5624
남산역,2018년 9월,194145,179548,53244,4438,6265
남산역,2018년 10월,214269,200943,60019,4363,6739
남산역,2018년 11월,215067,201771,59295,4407,6880
남산역,2018년 12월,203516,187687,57819,4342,6416
남산역,2019년 1월,188565,168343,59162,3926,5267
남산역,2019년 2월,165450,146703,50328,3584,5613
남산역,2019년 3월,217771,206217,61246,4303,10090
남산역,2019년 4월,209798,201741,59692,3883,8357
남산역,2019년 5월,220257,211300,61619,4494,8972
남산역,2019년 6월,194358,183177,57573,3787,6329
남산역,2019년 7월,187015,167459,58831,3715,5414
남산역,2019년 8월,177331,157384,56051,3724,5141
남산역,2019년 9월,189699,181349,54297,3345,5549
남산역,2019년 10월,208193,199436,62143,3712,5756
남산역,2019년 11월,210135,201034,61794,3749,5975
남산역,2019년 12월,207972,196184,64126,4124,5754
남산역,2020년 1월,176264,160057,56404,3582,4085
남산역,2020년 2월,138103,124212,43738,2205,3191
남산역,2020년 3월,103502,93159,30507,1438,1837
남산역,2020년 4월,121532,109142,38159,1811,2132
남산역,2020년 5월,146425,130946,48539,2162,2931
남산역,2020년 6월,158131,143295,51947,2383,4469
남산역,2020년 7월,161067,144283,52447,2408,4465
남산역,2020년 8월,138353,122803,44964,2177,3571
남산역,2020년 9월,132027,118737,42534,1802,3183
남산역,2020년 10월,148878,134387,47516,2205,3713
남산역,2020년 11월,161830,150572,49731,2304,3987
남산역,2020년 12월,124460,114818,40293,1520,2541
남산역,2021년 1월,117491,107590,37435,1626,2211
남산역,2021년 2월,119504,108301,38487,1581,2673
남산역,2021년 3월,156944,146804,49131,2126,5881
남산역,2021년 4월,151672,142925,46774,1984,5297
남산역,2021년 5월,156213,145716,49166,2273,5087
남산역,2021년 6월,153891,141915,49775,2203,4306
남산역,2021년 7월,142376,127085,47604,2008,3640
남산역,2021년 8월,128342,114503,43314,1756,2853
남산역,2021년 9월,139290,125080,48449,1843,3463
남산역,2021년 10월,160085,146063,53716,2123,4163
남산역,2021년 11월,166266,155016,53419,2102,4209
남산역,2021년 12월,154083,142647,49651,1958,3851
남산역,2022년 1월,140846,128440,47826,1835,2996
남산역,2022년 2월,121810,111122,41794,1463,2581
남산역,2022년 3월,155316,148840,47774,1849,6239
남산역,2022년 4월,168446,160341,53609,2001,6118
남산역,2022년 5월,183134,173127,57711,2400,6406
남산역,2022년 6월,167753,157665,56824,1947,4928
남산역,2022년 7월,159557,144757,57082,1861,4011
남산역,2022년 8월,150630,136717,54042,1887,3309
남산역,2022년 9월,165540,156257,54069,1804,4053
남산역,2022년 10월,177636,167195,59058,2015,4094
남산역,2022년 11월,178017,170300,57667,1833,4019
남산역,2022년 12월,170917,160656,56854,1962,4244
남산역,2023년 1월,143739,132636,50173,1753,3070
남산역,2023년 2월,145214,134655,53221,1698,3414
남산역,2023년 3월,185701,178119,60028,2012,7507
남산역,2023년 4월,172258,167069,57340,1600,6095
남산역,2023년 5월,178265,172684,59138,1580,6005
남산역,2023년 6월,168246,159591,58259,1599,5130
남산역,2023년 7월,152504,140364,55446,1668,4250
남산역,2023년 8월,149006,136556,53953,1554,3434
남산역,2023년 9월,162677,158456,55825,1441,3790
남산역,2023년 10월,173064,169059,60896,1084,4059
남산역,2023년 11월,173442,170536,59564,903,4074
남산역,2023년 12월,167879,161654,58467,927,4259
남산역,2024년 1월,152834,145304,56869,1034,3506
남산역,2024년 2월,142079,134692,52715,1092,3443
남산역,2024년 3월,176710,174972,60694,1532,6650
남산역,2024년 4월,173566,172100,61124,1337,5715
남산역,2024년 5월,182161,179012,65079,1462,5942
남산역,2024년 6월,160312,154894,59532,1354,4460
남산역,2024년 7월,159134,149736,60502,1337,4896
남산역,2024년 8월,151271,141210,57633,1361,4036
남산역,2024년 9월,158378,154349,57409,1158,4314
남산역,2024년 10월,169768,166491,62867,1348,4443
남산역,2024년 11월,170701,168585,62868,1226,4547
남산역,2024년 12월,165859,160397,61817,1245,4950
범어사역,2014년 1월,291298,235677,81019,7346,13619
범어사역,2014년 2월,262684,211012,74043,5965,12563
범어사역,2014년 3월,304897,239438,86422,6298,14989
범어사역,2014년 4월,345440,289234,90289,7828,18151
범어사역,2014년 5월,362619,307119,95954,8493,17636
범어사역,2014년 6월,312447,256720,86178,7185,14211
범어사역,2014년 7월,298595,236093,88516,7561,14014
범어사역,2014년 8월,286003,224938,85002,7469,12356
범어사역,2014년 9월,345164,285324,91235,8427,15465
범어사역,2014년 10월,349289,283914,94265,8380,16144
범어사역,2014년 11월,336045,272182,88414,8378,17524
범어사역,2014년 12월,318852,250428,84151,8135,15581
범어사역,2015년 1월,285597,224290,82649,7588,11543
범어사역,2015년 2월,266000,216180,75535,7091,12259
범어사역,2015년 3월,339305,278452,91955,7431,17737
범어사역,2015년 4월,337042,269415,92575,7658,17438
범어사역,2015년 5월,353005,288726,101322,8613,16276
범어사역,2015년 6월,293572,235936,83041,6739,13218
범어사역,2015년 7월,292118,233710,92360,7695,12110
범어사역,2015년 8월,287933,230347,90548,7773,11484
범어사역,2015년 9월,335688,271941,92408,8167,14138
범어사역,2015년 10월,349626,282012,98358,8133,15411
범어사역,2015년 11월,322725,257525,88009,7497,13971
범어사역,2015년 12월,314583,248379,89153,7937,13729
범어사역,2016년 1월,270711,216515,81562,6873,10490
범어사역,2016년 2월,273358,223118,81574,7111,11725
범어사역,2016년 3월,333102,265620,94501,8026,16136
범어사역,2016년 4월,326488,259198,95195,8007,15252
범어사역,2016년 5월,342801,276133,101215,7939,15263
범어사역,2016년 6월,304563,240362,94686,6935,11570
범어사역,2016년 7월,284563,221859,92503,6554,10460
범어사역,2016년 8월,287753,225048,92746,6882,11025
범어사역,2016년 9월,315958,250474,92595,7265,12922
범어사역,2016년 10월,324181,255319,99124,7266,12734
범어사역,2016년 11월,327748,258445,98282,7418,13085
범어사역,2016년 12월,307168,239444,95031,7116,13278
범어사역,2017년 1월,277502,222196,87651,6502,10989
범어사역,2017년 2월,263026,209434,87162,5806,10856
범어사역,2017년 3월,322538,256527,100268,7238,14894
범어사역,2017년 4월,317761,251467,99796,7604,14417
범어사역,2017년 5월,330188,263984,106068,7717,13912
범어사역,2017년 6월,303752,240376,101427,6844,11998
범어사역,2017년 7월,280679,220143,97449,6710,10081
범어사역,2017년 8월,278504,216449,97103,7001,9450
범어사역,2017년 9월,311501,243165,102536,6907,11743
범어사역,2017년 10월,311975,250512,99878,7415,11129
범어사역,2017년 11월,315006,249858,100907,7190,11307
범어사역,2017년 12월,289761,228345,93282,6871,10964
범어사역,2018년 1월,258542,204215,87102,6102,8835
범어사역,2018년 2월,250346,202183,83566,6033,8751
범어사역,2018년 3월,305208,240401,98959,7469,12276
범어사역,2018년 4월,304874,242194,101184,7356,12009
범어사역,2018년 5월,318140,254020,106676,7241,11971
범어사역,2018년 6월,286673,226490,97791,7021,9993
범어사역,2018년 7월,276652,217363,97956,6610,8968
범어사역,2018년 8월,270902,211382,97030,6548,8183
범어사역,2018년 9월,297693,234681,98630,6662,9625
범어사역,2018년 10월,318133,251560,107124,6512,9787
범어사역,2018년 11월,310234,244622,102166,6453,9556
범어사역,2018년 12월,284664,222040,96144,6209,9289
범어사역,2019년 1월,268030,213849,96263,6070,7532
범어사역,2019년 2월,254030,205573,89553,5996,7626
범어사역,2019년 3월,301892,241298,104518,6533,10511
범어사역,2019년 4월,301470,240049,104880,6618,10354
범어사역,2019년 5월,319908,254211,113562,6662,10394
범어사역,2019년 6월,283407,226331,103227,5727,8966
범어사역,2019년 7월,277242,223130,105145,5605,7831
범어사역,2019년 8월,269387,214373,101354,5673,7541
범어사역,2019년 9월,288573,228643,101474,5260,8754
범어사역,2019년 10월,308835,245872,110462,5854,8643
범어사역,2019년 11월,307020,245549,106962,5892,9050
범어사역,2019년 12월,293029,231335,105425,5789,9250
범어사역,2020년 1월,270878,220267,100732,5516,7400
범어사역,2020년 2월,202799,164411,75822,3057,5190
범어사역,2020년 3월,143284,115817,48277,1358,2206
범어사역,2020년 4월,176880,143901,64887,1906,2978
범어사역,2020년 5월,216361,177992,85284,2449,4007
범어사역,2020년 6월,224200,181654,86312,3433,5997
범어사역,2020년 7월,230929,184470,87554,3580,6376
범어사역,2020년 8월,203550,164148,79203,2888,4985
범어사역,2020년 9월,193001,155338,72347,2436,4580
범어사역,2020년 10월,220180,179163,83825,3006,5150
범어사역,2020년 11월,231751,187138,86748,3254,6015
범어사역,2020년 12월,173586,144628,65009,2151,3982
범어사역,2021년 1월,166670,136754,59521,2071,3940
범어사역,2021년 2월,176779,145517,66508,2577,4378
범어사역,2021년 3월,223929,179654,84243,3432,7012
범어사역,2021년 4월,219390,177280,82519,2965,6351
범어사역,2021년 5월,228337,185745,87380,3290,6653
범어사역,2021년 6월,225232,180865,86316,3196,6349
범어사역,2021년 7월,213234,170838,83560,3021,5991
범어사역,2021년 8월,191299,156439,76028,2339,4739
범어사역,2021년 9월,212981,175373,85997,2940,5809
범어사역,2021년 10월,242747,197076,96231,3333,6739
범어사역,2021년 11월,250403,202754,94867,3375,6206
범어사역,2021년 12월,222461,181872,83420,2785,6309
범어사역,2022년 1월,208921,174277,80667,2659,5505
범어사역,2022년 2월,181540,150571,70799,2438,4555
범어사역,2022년 3월,205935,169655,77664,2875,6033
범어사역,2022년 4월,236459,192193,91652,3330,6702
범어사역,2022년 5월,266389,216906,104963,4009,7341
범어사역,2022년 6월,240666,195424,96199,3522,6249
범어사역,2022년 7월,240876,195091,97951,3346,6506
범어사역,2022년 8월,230410,188352,94415,3010,5938
범어사역,2022년 9월,244097,198922,96396,3205,6541
범어사역,2022년 10월,260874,212625,103928,3496,6989
범어사역,2022년 11월,260996,213031,101361,3338,6978
범어사역,2022년 12월,244063,196388,95310,3325,7425
범어사역,2023년 1월,223081,182964,88463,3318,5812
범어사역,2023년 2월,219549,179228,91952,2921,5912
범어사역,2023년 3월,261730,211372,106704,3909,7963
범어사역,2023년 4월,248851,200412,103004,3471,6956
범어사역,2023년 5월,257983,208861,106874,3580,7095
범어사역,2023년 6월,244990,197659,102873,3503,6532
범어사역,2023년 7월,231302,186258,97804,3239,6540
범어사역,2023년 8월,229214,186653,96436,3091,5787
범어사역,2023년 9월,254629,201553,102106,3312,5857
범어사역,2023년 10월,276953,220565,112266,3215,6688
범어사역,2023년 11월,268830,213249,105167,2932,6140
범어사역,2023년 12월,251504,197266,100092,2887,6700
범어사역,2024년 1월,235959,188888,98404,2839,5630
범어사역,2024년 2월,229924,186786,96663,3000,5562
범어사역,2024년 3월,262890,208702,106809,3912,7481
범어사역,2024년 4월,266428,212917,110028,3997,7535
범어사역,2024년 5월,284757,230214,119617,4527,8281
범어사역,2024년 6월,247940,200534,106101,4071,6812
범어사역,2024년 7월,246145,198797,106072,3939,6595
범어사역,2024년 8월,234727,189566,103252,3502,6335
범어사역,2024년 9월,247602,197496,102045,3943,6509
범어사역,2024년 10월,265844,212836,112280,4104,6779
범어사역,2024년 11월,269730,217045,109536,4156,7163
범어사역,2024년 12월,255384,204089,107400,4192,7525
노포역,2014년 1월,553475,532142,109157,8667,29632
노포역,2014년 2월,515410,500845,99032,6422,32229
노포역,2014년 3월,581908,568328,127746,4783,25629
노포역,2014년 4월,557560,546873,133721,4312,20406
노포역,2014년 5월,629671,624444,136086,7620,28026
노포역,2014년 6월,548817,541921,123430,5584,20344
노포역,2014년 7월,542830,533347,121057,6422,24069
노포역,2014년 8월,589400,580394,119414,9135,28333
노포역,2014년 9월,563956,556658,124035,5994,21095
노포역,2014년 10월,581543,576775,130618,6420,24889
노포역,2014년 11월,559994,551280,126689,5272,23870
노포역,2014년 12월,547763,536001,112854,5904,24231
노포역,2015년 1월,546542,533299,113398,7966,29811
노포역,2015년 2월,529609,517238,104162,7011,33694
노포역,2015년 3월,574633,564698,133002,4881,24030
노포역,2015년 4월,549861,545957,135505,4433,18837
노포역,2015년 5월,638257,629517,140407,8240,29143
노포역,2015년 6월,457089,453774,106949,3147,15271
노포역,2015년 7월,531558,525115,115693,5577,23129
노포역,2015년 8월,584615,576164,119489,7912,28226
노포역,2015년 9월,537547,529757,116937,5455,19017
노포역,2015년 10월,577543,571176,133669,5964,24319
노포역,2015년 11월,531953,525786,118594,4537,21061
노포역,2015년 12월,546744,534913,116700,5727,23997
노포역,2016년 1월,517494,506738,107807,6797,27789
노포역,2016년 2월,531851,521114,102133,7240,35683
노포역,2016년 3월,527679,526381,124460,3998,22739
노포역,2016년 4월,523178,520128,125797,4473,19465
노포역,2016년 5월,567385,559486,129066,6085,26722
노포역,2016년 6월,497422,489527,115751,4342,18088
노포역,2016년 7월,518778,504325,115372,5496,24555
노포역,2016년 8월,547772,531429,125299,6878,24541
노포역,2016년 9월,501219,485023,110375,4915,18219
노포역,2016년 10월,547243,526543,128318,5104,22484
노포역,2016년 11월,521902,502467,121655,4136,19671
노포역,2016년 12월,527449,502025,113565,4997,23335
노포역,2017년 1월,501677,478153,104008,6504,27365
노포역,2017년 2월,490168,467916,103794,5415,32450
노포역,2017년 3월,517304,499043,127402,4065,22498
노포역,2017년 4월,513312,493632,130449,4490,19364
노포역,2017년 5월,559567,539611,131693,6031,26785
노포역,2017년 6월,484782,466129,121892,4128,16949
노포역,2017년 7월,479297,461422,115317,5064,21419
노포역,2017년 8월,508858,485417,120702,6324,23247
노포역,2017년 9월,478959,458993,121325,4116,16451
노포역,2017년 10월,517876,495143,120837,5902,23352
노포역,2017년 11월,482912,464705,121077,3757,16813
노포역,2017년 12월,483720,459042,107984,4331,21206
노포역,2018년 1월,440367,418387,97992,5039,21809
노포역,2018년 2월,446022,425986,97460,5233,26124
노포역,2018년 3월,484141,467184,122086,3791,19566
노포역,2018년 4월,483836,467257,132270,3626,16054
노포역,2018년 5월,510730,492849,126419,5036,21386
노포역,2018년 6월,453169,437916,117110,3899,14762
노포역,2018년 7월,460293,444720,121446,3987,18284
노포역,2018년 8월,472153,456806,121904,5164,18537
노포역,2018년 9월,471276,456386,117668,4619,15870
노포역,2018년 10월,488371,468601,133240,4247,18665
노포역,2018년 11월,482452,463863,126155,3433,17188
노포역,2018년 12월,466285,444884,113521,4022,18800
노포역,2019년 1월,445956,425056,113175,4661,19715
노포역,2019년 2월,449708,433431,107398,4992,23471
노포역,2019년 3월,490754,471647,135375,3566,19043
노포역,2019년 4월,466914,449005,136627,3051,14212
노포역,2019년 5월,501904,486348,134410,4229,18915
노포역,2019년 6월,450516,434404,122920,3531,14081
노포역,2019년 7월,449040,429544,121135,3630,15955
노포역,2019년 8월,468734,450748,121289,4753,17272
노포역,2019년 9월,436615,418028,110988,3443,13004
노포역,2019년 10월,478845,457059,133807,3779,15461
노포역,2019년 11월,494443,469682,133884,3475,15991
노포역,2019년 12월,474620,447685,121999,3866,17715
노포역,2020년 1월,442640,420730,108385,4676,17591
노포역,2020년 2월,301444,288856,79603,1824,9743
노포역,2020년 3월,188439,182539,55929,714,2841
노포역,2020년 4월,244256,240224,79067,1061,4482
노포역,2020년 5월,317271,311471,101123,1585,6808
노포역,2020년 6월,317752,311486,100033,1372,8031
노포역,2020년 7월,327703,320837,94677,1398,8368
노포역,2020년 8월,303753,298341,89768,1817,8646
노포역,2020년 9월,264463,262606,84168,1052,6070
노포역,2020년 10월,315925,306566,97515,1418,8151
노포역,2020년 11월,329933,319775,101395,1333,7963
노포역,2020년 12월,228502,222798,74257,766,4434
노포역,2021년 1월,222193,216366,69302,884,4930
노포역,2021년 2월,254449,247987,76291,1285,7637
노포역,2021년 3월,316080,310030,103655,1169,9773
노포역,2021년 4월,301476,298822,105737,1059,7170
노포역,2021년 5월,316709,313523,103418,1530,9438
노포역,2021년 6월,308343,303650,99595,1268,7434
노포역,2021년 7월,285557,284298,94423,1234,7977
노포역,2021년 8월,265703,265214,91517,1246,6674
노포역,2021년 9월,293290,291691,95673,1337,7471
노포역,2021년 10월,341678,336746,119033,1558,9524
노포역,2021년 11월,348113,337680,113520,1324,8550
노포역,2021년 12월,309360,300898,92809,1161,9512
노포역,2022년 1월,296893,287115,92739,1486,9433
노포역,2022년 2월,249691,246308,80584,1096,8165
노포역,2022년 3월,282422,278281,95084,914,9124
노포역,2022년 4월,341342,333885,120181,1380,9774
노포역,2022년 5월,388028,377522,126093,1984,13831
노포역,2022년 6월,340438,332606,110425,1714,8486
노포역,2022년 7월,345432,339536,110753,1961,11355
노포역,2022년 8월,337987,330151,106387,2282,10806
노포역,2022년 9월,347103,337051,106746,1836,9056
노포역,2022년 10월,383192,371511,126750,2233,10636
노포역,2022년 11월,365972,351407,118762,1619,9665
노포역,2022년 12월,347542,331998,104400,1782,11930
노포역,2023년 1월,326177,312635,94324,2207,11922
노포역,2023년 2월,328512,317173,107114,2092,13542
노포역,2023년 3월,368609,355299,124413,1622,11388
노포역,2023년 4월,359148,350105,126723,1609,9884
노포역,2023년 5월,363916,352697,117637,1674,11901
노포역,2023년 6월,331549,323180,110436,1725,9067
노포역,2023년 7월,320492,310125,101565,1834,11483
노포역,2023년 8월,335005,325068,110640,2012,10477
노포역,2023년 9월,344692,331436,108438,1716,8788
노포역,2023년 10월,375837,367115,126598,1851,10621
노포역,2023년 11월,351581,336635,114171,1206,9301
노포역,2023년 12월,339915,324532,103001,1699,12550
노포역,2024년 1월,317508,305978,102291,1845,11902
노포역,2024년 2월,320387,309084,97982,2105,13649
노포역,2024년 3월,354489,339464,120049,1747,12443
노포역,2024년 4월,352132,340298,125229,1652,11111
노포역,2024년 5월,373580,361777,124701,1945,14418
노포역,2024년 6월,325485,315701,110359,1766,9982
노포역,2024년 7월,318895,308786,105286,1584,12193
노포역,2024년 8월,332267,321524,112524,2056,12581
노포역,2024년 9월,337642,326579,109114,1786,10304
노포역,2024년 10월,347920,335362,118764,1767,10911
노포역,2024년 11월,355115,342013,116852,1616,11634
노포역,2024년 12월,343841,328598,110276,1643,14545
장산역,2014년 1월,492307,466591,93304,17238,37530
장산역,2014년 2월,464589,441281,85155,14943,35961
장산역,2014년 3월,522015,498534,101245,13444,33502
장산역,2014년 4월,507598,485351,101142,12272,28586
장산역,2014년 5월,548619,524727,103404,17656,38197
장산역,2014년 6월,503249,480129,97810,14215,30554
장산역,2014년 7월,523392,505093,102143,16116,34821
장산역,2014년 8월,494697,472433,91875,17297,36009
장산역,2014년 9월,484645,461274,94600,12958,28602
장산역,2014년 10월,534620,506954,103764,15677,33030
장산역,2014년 11월,517789,492722,100419,15303,36870
장산역,2014년 12월,544987,518658,101513,15932,37527
장산역,2015년 1월,521178,493783,100167,16306,36253
장산역,2015년 2월,452109,430220,84657,13920,32953
장산역,2015년 3월,545706,518792,107740,12890,32068
장산역,2015년 4월,528914,499801,104985,11836,27964
장산역,2015년 5월,554288,522249,105501,17046,34994
장산역,2015년 6월,461046,434539,90091,9753,24269
장산역,2015년 7월,518455,494014,103202,14887,31768
장산역,2015년 8월,514476,487580,98801,16743,33868
장산역,2015년 9월,490671,463959,96095,12520,26438
장산역,2015년 10월,548937,517250,108245,15724,31323
장산역,2015년 11월,517024,490747,99567,14065,33197
장산역,2015년 12월,540410,511665,104549,15393,36093
장산역,2016년 1월,502474,474851,97127,15530,33634
장산역,2016년 2월,467477,442469,89727,13963,31981
장산역,2016년 3월,537756,509508,106606,12674,29180
장산역,2016년 4월,523018,493332,104116,13162,27119
장산역,2016년 5월,549908,519133,107099,16128,32468
장산역,2016년 6월,528679,504385,106233,13760,26594
장산역,2016년 7월,534520,513500,104859,15983,32407
장산역,2016년 8월,529083,507919,104477,16328,31322
장산역,2016년 9월,483241,460773,94288,13302,25720
장산역,2016년 10월,541293,512629,106643,15940,30206
장산역,2016년 11월,540434,513014,106289,14694,30495
장산역,2016년 12월,559671,526124,107875,16211,35768
장산역,2017년 1월,492255,465034,94810,15534,31649
장산역,2017년 2월,484013,458410,95649,14993,31901
장산역,2017년 3월,533491,508780,107816,13358,29537
장산역,2017년 4월,509677,486297,102510,13426,27270
장산역,2017년 5월,536141,511162,105925,16442,32034
장산역,2017년 6월,515090,490774,106053,13402,25699
장산역,2017년 7월,513209,491555,102420,16515,30330
장산역,2017년 8월,508257,481818,100415,17656,29892
장산역,2017년 9월,508685,481507,103342,15005,26096
장산역,2017년 10월,500395,474905,97344,15851,27678
장산역,2017년 11월,521681,496614,106552,15253,27710
장산역,2017년 12월,520299,493104,101450,16521,32426
장산역,2018년 1월,490377,465088,97168,15264,29307
장산역,2018년 2월,434067,414013,85362,13774,26168
장산역,2018년 3월,513536,488027,104852,13974,25646
장산역,2018년 4월,502291,474345,104452,12382,22752
장산역,2018년 5월,520446,494052,107048,14696,27015
장산역,2018년 6월,485105,459844,101635,12946,21558
장산역,2018년 7월,500263,477028,105780,14978,25534
장산역,2018년 8월,488556,466000,101683,14909,25284
장산역,2018년 9월,455580,431511,93451,12396,21122
장산역,2018년 10월,522927,495963,110330,14010,23511
장산역,2018년 11월,515201,489986,108926,13509,25748
장산역,2018년 12월,508413,481881,104891,14251,27094
장산역,2019년 1월,497307,470820,106785,13748,25364
장산역,2019년 2월,439539,416995,92158,12997,23964
장산역,2019년 3월,510987,485663,110871,13105,23241
장산역,2019년 4월,504251,479687,111188,11701,19107
장산역,2019년 5월,532163,503758,114951,14930,24252
장산역,2019년 6월,489656,464661,106591,12998,19708
장산역,2019년 7월,512298,487844,111942,14251,23824
장산역,2019년 8월,506237,481225,109125,15329,23749
장산역,2019년 9월,466194,443839,101556,10950,18682
장산역,2019년 10월,528879,500437,115940,12761,21829
장산역,2019년 11월,532675,506526,114272,13624,23889
장산역,2019년 12월,533613,505340,114555,14047,25662
장산역,2020년 1월,479439,456736,103375,12367,22148
장산역,2020년 2월,370146,354143,78072,7720,15430
장산역,2020년 3월,262288,252163,53663,3441,6094
장산역,2020년 4월,311800,299156,67066,5086,8664
장산역,2020년 5월,374289,358467,84598,6921,11632
장산역,2020년 6월,397766,381850,90408,7496,13602
장산역,2020년 7월,417579,402442,90782,7817,14602
장산역,2020년 8월,370464,357816,77677,7664,15096
장산역,2020년 9월,339730,326998,72880,5858,12199
장산역,2020년 10월,381134,367970,84242,7066,14192
장산역,2020년 11월,399503,383666,88493,7251,15285
장산역,2020년 12월,318644,308152,70006,4882,11232
장산역,2021년 1월,322440,310702,68005,5890,14621
장산역,2021년 2월,327795,314750,67666,6543,15096
장산역,2021년 3월,395063,378325,87933,6774,15270
장산역,2021년 4월,384042,369528,87606,6359,13214
장산역,2021년 5월,388152,372636,84780,7544,16537
장산역,2021년 6월,396466,382909,86663,6889,14345
장산역,2021년 7월,389378,377169,83244,7529,18376
장산역,2021년 8월,343787,335747,75702,6274,14612
장산역,2021년 9월,353034,343895,78649,5939,13888
장산역,2021년 10월,401442,388630,92707,7291,16678
장산역,2021년 11월,419289,404245,95395,6896,16476
장산역,2021년 12월,412529,398262,88005,6919,19610
장산역,2022년 1월,391352,379070,85304,6995,19014
장산역,2022년 2월,333115,323190,72380,5791,15854
장산역,2022년 3월,360198,351976,80427,5580,14603
장산역,2022년 4월,406239,396875,92114,6631,15878
장산역,2022년 5월,456503,444218,102901,8410,21127
장산역,2022년 6월,426059,414597,98821,7482,16034
장산역,2022년 7월,440710,429191,99763,8757,20833
장산역,2022년 8월,418777,408685,94873,8193,18836
장산역,2022년 9월,401542,390183,92010,6550,15515
장산역,2022년 10월,441059,426171,102876,7844,18297
장산역,2022년 11월,439647,426084,102309,6822,17704
장산역,2022년 12월,451799,436029,102037,7609,22512
장산역,2023년 1월,407719,392070,92017,7197,20660
장산역,2023년 2월,409366,394869,98026,7321,21029
장산역,2023년 3월,455506,441836,110936,6755,19979
장산역,2023년 4월,438756,425089,103703,7074,18932
장산역,2023년 5월,450261,435861,108528,6672,20516
장산역,2023년 6월,444272,430694,109636,6880,18743
장산역,2023년 7월,433475,421096,104208,7061,21569
장산역,2023년 8월,432604,423503,103770,7129,19891
장산역,2023년 9월,422346,410097,101628,5887,17294
장산역,2023년 10월,459339,445793,114018,5923,19873
장산역,2023년 11월,457637,444857,111585,6187,20329
장산역,2023년 12월,455198,438090,108033,6312,23858
장산역,2024년 1월,441287,427368,107752,6783,22303
장산역,2024년 2월,406321,393878,97114,6982,20672
장산역,2024년 3월,452735,439952,112573,6528,20937
장산역,2024년 4월,449913,436549,112660,7463,18908
장산역,2024년 5월,472667,461270,119388,8161,23369
장산역,2024년 6월,442111,428016,112478,7548,19604
장산역,2024년 7월,461475,449804,114807,7777,24106
장산역,2024년 8월,442794,430748,108882,8702,22915
장산역,2024년 9월,418763,405625,103962,6824,19545
장산역,2024년 10월,459472,446073,117565,8021,22108
장산역,2024년 11월,469161,454243,118689,7673,23296
장산역,2024년 12월,472137,455348,119802,7848,27222
중동역,2014년 1월,180212,162362,40612,5125,10932
중동역,2014년 2월,171236,154270,36925,4555,10767
중동역,2014년 3월,199292,177326,44801,4359,11199
중동역,2014년 4월,194268,173378,44424,4060,9843
중동역,2014년 5월,205799,185293,46088,5575,11681
중동역,2014년 6월,191556,173930,44589,4725,9575
중동역,2014년 7월,195467,178953,45877,5119,10677
중동역,2014년 8월,187058,172152,43589,5310,10350
중동역,2014년 9월,183669,164119,43792,4020,8841
중동역,2014년 10월,202398,179082,47223,4906,9866
중동역,2014년 11월,192764,169733,44834,4803,11182
중동역,2014년 12월,202120,183693,45569,5162,11022
중동역,2015년 1월,187721,172525,44935,4825,10214
중동역,2015년 2월,162544,149341,38254,4130,9079
중동역,2015년 3월,195120,176652,46335,4215,10041
중동역,2015년 4월,190942,172578,45252,3980,9186
중동역,2015년 5월,197936,179346,47388,5303,10477
중동역,2015년 6월,166869,150725,40096,3393,8119
중동역,2015년 7월,184836,169834,46000,4365,9477
중동역,2015년 8월,184209,170727,43326,4973,9420
중동역,2015년 9월,181064,161942,43988,4125,8232
중동역,2015년 10월,200394,178791,47733,4758,8998
중동역,2015년 11월,190046,168621,45240,4250,9421
중동역,2015년 12월,199136,179350,46666,4934,10031
중동역,2016년 1월,185437,168099,43468,4769,10007
중동역,2016년 2월,174454,157678,40489,4504,9783
중동역,2016년 3월,201621,181933,48018,4482,9310
중동역,2016년 4월,196692,176711,46565,4595,8568
중동역,2016년 5월,205118,182454,48534,5444,10095
중동역,2016년 6월,198024,178552,47725,4918,8378
중동역,2016년 7월,196559,181814,46768,5493,9258
중동역,2016년 8월,197603,182293,45479,5704,9570
중동역,2016년 9월,182210,163091,43746,4562,7808
중동역,2016년 10월,199263,176649,48777,5293,8628
중동역,2016년 11월,197467,174677,47657,4837,9344
중동역,2016년 12월,206746,185753,48636,5075,11068
중동역,2017년 1월,183957,166747,44207,4617,9593
중동역,2017년 2월,183193,164771,44178,4528,10563
중동역,2017년 3월,202000,180793,50001,4547,9367
중동역,2017년 4월,196997,175430,47977,4462,9012
중동역,2017년 5월,205723,184020,50184,5666,9853
중동역,2017년 6월,196729,176209,51001,4776,8006
중동역,2017년 7월,197327,179383,49395,5593,8809
중동역,2017년 8월,195282,179385,49106,5861,8533
중동역,2017년 9월,195700,175419,50328,4984,7746
중동역,2017년 10월,188453,168228,46447,5231,7666
중동역,2017년 11월,196365,174360,50095,4623,7852
중동역,2017년 12월,200078,178682,48670,5257,9531
중동역,2018년 1월,190112,172354,46604,4719,8750
중동역,2018년 2월,172323,156744,41481,4245,8705
중동역,2018년 3월,201357,181157,49956,4516,8872
중동역,2018년 4월,200719,180805,49882,4309,7948
중동역,2018년 5월,210787,190325,52253,5151,9145
중동역,2018년 6월,197284,180219,50775,4611,7353
중동역,2018년 7월,200405,185888,51580,5154,8830
중동역,2018년 8월,195218,181093,49203,5380,7787
중동역,2018년 9월,184210,166883,47435,4476,7060
중동역,2018년 10월,205739,184474,53507,4975,7580
중동역,2018년 11월,205955,186223,53442,4799,8178
중동역,2018년 12월,208238,189359,52592,5053,8843
중동역,2019년 1월,205584,188136,54713,5006,8262
중동역,2019년 2월,179693,164899,45998,4566,7706
중동역,2019년 3월,212145,193867,55118,4726,8187
중동역,2019년 4월,209372,190374,54561,4544,7465
중동역,2019년 5월,222958,205511,59127,5439,8575
중동역,2019년 6월,207960,191194,54562,5177,7042
중동역,2019년 7월,214913,196649,56112,5745,8040
중동역,2019년 8월,216199,199512,54126,5840,8036
중동역,2019년 9월,200693,182561,51758,4561,6940
중동역,2019년 10월,223019,202007,57717,5156,7501
중동역,2019년 11월,227103,205593,58148,5235,8241
중동역,2019년 12월,226691,207124,58762,5669,8461
중동역,2020년 1월,201245,184436,52905,4771,7579
중동역,2020년 2월,153282,140367,39384,3040,5177
중동역,2020년 3월,107613,98420,27277,1475,2026
중동역,2020년 4월,126918,116830,33560,1947,2886
중동역,2020년 5월,154258,142078,42433,2834,4085
중동역,2020년 6월,167932,155461,46045,3246,5211
중동역,2020년 7월,182119,169068,47156,3582,5969
중동역,2020년 8월,162497,152691,40453,3477,5448
중동역,2020년 9월,150386,140754,39583,2814,4673
중동역,2020년 10월,167701,156214,45308,3515,5386
중동역,2020년 11월,177662,166370,47449,3626,5485
중동역,2020년 12월,145355,140507,38680,2561,4378
중동역,2021년 1월,146629,139252,37714,2659,5299
중동역,2021년 2월,150510,141846,37825,2839,5478
중동역,2021년 3월,182957,170308,48046,3170,6289
중동역,2021년 4월,177613,166329,46456,2948,5569
중동역,2021년 5월,180442,168931,46348,3451,6604
중동역,2021년 6월,186904,174322,46590,3472,6441
중동역,2021년 7월,184453,173758,45677,3617,7260
중동역,2021년 8월,164220,154774,42253,2978,5800
중동역,2021년 9월,169259,157405,45451,3087,5774
중동역,2021년 10월,191477,178529,51978,3449,6770
중동역,2021년 11월,198623,183975,51560,3568,7086
중동역,2021년 12월,197509,184401,48440,3499,7840
중동역,2022년 1월,190410,177447,48344,3582,7570
중동역,2022년 2월,161567,151617,40314,2973,6478
중동역,2022년 3월,174788,161327,45372,3052,6279
중동역,2022년 4월,200724,184914,52056,3826,7271
중동역,2022년 5월,226053,207320,58508,4553,9171
중동역,2022년 6월,212278,194867,56092,4090,7202
중동역,2022년 7월,215925,199907,55846,4573,8919
중동역,2022년 8월,210269,195795,53668,4650,7839
중동역,2022년 9월,200780,182223,53520,3585,6671
중동역,2022년 10월,222186,204125,59130,4281,7719
중동역,2022년 11월,220215,201107,59463,3614,7702
중동역,2022년 12월,227796,207824,58994,4264,9124
중동역,2023년 1월,204028,187241,53749,3989,8523
중동역,2023년 2월,204120,187608,55483,3906,8910
중동역,2023년 3월,228464,209474,62820,3794,8330
중동역,2023년 4월,225448,205632,60248,3870,8079
중동역,2023년 5월,228626,209393,62297,4035,9194
중동역,2023년 6월,224262,206507,61616,3865,7941
중동역,2023년 7월,219654,205553,58915,4088,9576
중동역,2023년 8월,220472,206768,57016,4440,8776
중동역,2023년 9월,215249,197331,58686,3413,7462
중동역,2023년 10월,233243,213539,64519,3962,8519
중동역,2023년 11월,234627,213328,64750,3378,8709
중동역,2023년 12월,236664,216776,64059,4029,10109
중동역,2024년 1월,228380,209965,63912,4442,9230
중동역,2024년 2월,209596,192729,56808,4439,9011
중동역,2024년 3월,236118,216409,66296,4483,9152
중동역,2024년 4월,237600,216692,66126,4619,8641
중동역,2024년 5월,248896,227773,71466,5197,9462
중동역,2024년 6월,229872,211863,66081,5096,8319
중동역,2024년 7월,238727,220775,66619,5247,10603
중동역,2024년 8월,231457,215006,62492,6021,9211
중동역,2024년 9월,219395,200447,61329,4470,8091
중동역,2024년 10월,240088,218894,67802,5272,9179
중동역,2024년 11월,245106,222296,69472,5466,10094
중동역,2024년 12월,243932,221073,69050,5383,12082
해운대역,2014년 1월,380594,407476,70872,9748,31784
해운대역,2014년 2월,369915,396263,64756,7600,33355
해운대역,2014년 3월,352594,382455,73438,6865,23341
해운대역,2014년 4월,345103,373018,76806,5746,20346
해운대역,2014년 5월,441641,476521,80493,11314,31298
해운대역,2014년 6월,467135,501032,75839,14462,36584
해운대역,2014년 7월,446261,482625,75750,10656,35334
해운대역,2014년 8월,516373,552970,70439,13636,41846
해운대역,2014년 9월,334072,366754,65335,6098,20183
해운대역,2014년 10월,402521,439658,74662,8489,25001
해운대역,2014년 11월,343655,377279,69834,6971,25997
해운대역,2014년 12월,397390,432101,73815,8381,32709
해운대역,2015년 1월,404117,430934,76997,9129,34688
해운대역,2015년 2월,365699,392593,62676,7202,33600
해운대역,2015년 3월,359371,389292,81448,5943,21575
해운대역,2015년 4월,341331,376396,73917,5512,18417
해운대역,2015년 5월,457422,497166,80535,12810,33471
해운대역,2015년 6월,313106,345232,64396,4740,17845
해운대역,2015년 7월,446324,487781,76054,10017,35652
해운대역,2015년 8월,575192,621290,78895,13955,45234
해운대역,2015년 9월,340347,375855,65787,6289,20542
해운대역,2015년 10월,432736,476661,78460,8669,26512
해운대역,2015년 11월,359227,394605,69257,6526,24812
해운대역,2015년 12월,417712,457873,76712,8373,34291
해운대역,2016년 1월,422619,453756,76193,9466,37209
해운대역,2016년 2월,410101,443895,71332,8178,40448
해운대역,2016년 3월,358853,398387,78863,5913,21278
해운대역,2016년 4월,368908,407396,77572,6449,20380
해운대역,2016년 5월,438190,477403,82065,11147,29190
해운대역,2016년 6월,413936,459363,78589,8423,22578
해운대역,2016년 7월,483692,532919,81498,11343,36552
해운대역,2016년 8월,537192,584046,84274,13098,37575
해운대역,2016년 9월,337754,379118,66292,5866,18938
해운대역,2016년 10월,392552,436060,76995,7396,23369
해운대역,2016년 11월,366998,408285,76914,6615,23757
해운대역,2016년 12월,420909,463413,81502,8549,32561
해운대역,2017년 1월,393427,419847,76588,8700,32432
해운대역,2017년 2월,421649,451421,79479,8868,42159
해운대역,2017년 3월,370330,403083,84956,6254,20904
해운대역,2017년 4월,381680,413446,83658,7329,20093
해운대역,2017년 5월,467437,498737,91680,13029,30047
해운대역,2017년 6월,399931,433872,86884,8574,22632
해운대역,2017년 7월,463108,501339,84979,11209,31357
해운대역,2017년 8월,502391,544399,87710,12661,33142
해운대역,2017년 9월,361525,398526,78366,6872,19827
해운대역,2017년 10월,423235,461476,76192,9388,23275
해운대역,2017년 11월,362579,396494,81014,7208,21343
해운대역,2017년 12월,406002,443704,79101,9248,30500
해운대역,2018년 1월,373059,397447,77103,8160,28990
해운대역,2018년 2월,356059,382816,65066,8144,33612
해운대역,2018년 3월,373164,409366,83238,7154,20119
해운대역,2018년 4월,370666,402526,79509,6779,16825
해운대역,2018년 5월,432661,468887,88354,11730,25950
해운대역,2018년 6월,403149,440052,82747,8175,19887
해운대역,2018년 7월,461814,502757,84544,10829,29106
해운대역,2018년 8월,513619,557981,84187,13225,31775
해운대역,2018년 9월,365579,403855,70957,7040,17142
해운대역,2018년 10월,425265,466476,82908,8280,22476
해운대역,2018년 11월,391924,430717,81205,7593,23447
해운대역,2018년 12월,423825,466137,78752,8882,29639
해운대역,2019년 1월,405100,436648,85938,8166,27552
해운대역,2019년 2월,393415,426176,75145,8561,31060
해운대역,2019년 3월,395793,428907,85785,6905,18573
해운대역,2019년 4월,385103,414623,83117,6573,15105
해운대역,2019년 5월,442183,469930,90943,9825,22605
해운대역,2019년 6월,414808,449331,81596,8270,17141
해운대역,2019년 7월,455110,493724,84670,10090,25076
해운대역,2019년 8월,547267,595976,88186,12854,30127
해운대역,2019년 9월,360263,394062,73316,5677,14383
해운대역,2019년 10월,425930,465256,86646,7632,18981
해운대역,2019년 11월,436113,481579,87466,8053,22020
해운대역,2019년 12월,489670,535244,92275,11328,32540
해운대역,2020년 1월,411690,445424,81051,8936,26439
해운대역,2020년 2월,263077,286154,51697,4165,14398
해운대역,2020년 3월,146433,162774,34623,1559,3608
해운대역,2020년 4월,181414,202652,44160,2183,5211
해운대역,2020년 5월,245967,269730,58681,3445,7797
해운대역,2020년 6월,263338,289727,59865,3950,11981
해운대역,2020년 7월,306236,336347,59813,4358,13486
해운대역,2020년 8월,311544,337113,52552,5027,14234
해운대역,2020년 9월,202822,223712,44757,2882,8234
해운대역,2020년 10월,257936,283632,57799,3992,10972
해운대역,2020년 11월,269777,291797,58355,4011,11975
해운대역,2020년 12월,193292,210379,46223,2522,7810
해운대역,2021년 1월,199181,213704,44344,2769,8757
해운대역,2021년 2월,246062,266851,47331,3831,15612
해운대역,2021년 3월,265143,287969,58089,3451,11944
해운대역,2021년 4월,250822,270128,56844,3190,10242
해운대역,2021년 5월,292294,311499,59101,5441,15892
해운대역,2021년 6월,293177,316688,56720,3891,12331
해운대역,2021년 7월,290495,317017,53151,4278,15644
해운대역,2021년 8월,255178,274672,49207,3363,10172
해운대역,2021년 9월,250205,273083,52226,3393,10989
해운대역,2021년 10월,306225,331612,61888,4855,16753
해운대역,2021년 11월,311441,337812,61212,4674,16610
해운대역,2021년 12월,336599,361950,57919,5284,23933
해운대역,2022년 1월,316445,330603,56796,4849,21287
해운대역,2022년 2월,270501,282911,48769,3800,19104
해운대역,2022년 3월,247691,263167,52291,3234,11436
해운대역,2022년 4월,296172,318239,61306,4937,13811
해운대역,2022년 5월,399002,424077,75288,9141,25818
해운대역,2022년 6월,354103,379021,67241,6465,14829
해운대역,2022년 7월,408848,437718,68688,7465,26121
해운대역,2022년 8월,420121,440548,65453,7377,22204
해운대역,2022년 9월,303434,331180,61543,4603,12642
해운대역,2022년 10월,381851,408347,70570,6440,18534
해운대역,2022년 11월,343857,372527,67451,4732,17485
해운대역,2022년 12월,400810,427588,67761,6739,30048
해운대역,2023년 1월,356102,373233,62729,6349,26536
해운대역,2023년 2월,374828,388954,68844,7024,30166
해운대역,2023년 3월,346678,371119,74715,4757,16133
해운대역,2023년 4월,370918,395611,72912,6096,15629
해운대역,2023년 5월,393800,416346,75738,6911,20083
해운대역,2023년 6월,392929,416418,74584,6990,17679
해운대역,2023년 7월,412133,439103,71473,7750,24680
해운대역,2023년 8월,443940,467148,72308,8467,23671
해운대역,2023년 9월,357024,385992,69343,4897,14340
해운대역,2023년 10월,416838,441550,83110,5667,18910
해운대역,2023년 11월,380984,409545,76058,4215,18197
해운대역,2023년 12월,438884,467125,80165,7312,30931
해운대역,2024년 1월,382112,399182,76668,6371,26313
해운대역,2024년 2월,368933,385554,70568,6787,26378
해운대역,2024년 3월,378048,399082,79272,5634,17156
해운대역,2024년 4월,383391,402656,81694,6117,14865
해운대역,2024년 5월,450014,469693,95454,8552,23211
해운대역,2024년 6월,410848,428144,86339,8479,17457
해운대역,2024년 7월,444965,466353,86625,9538,26451
해운대역,2024년 8월,481210,503767,84047,10632,24519
해운대역,2024년 9월,388869,411715,77280,6148,16241
해운대역,2024년 10월,436712,461613,86193,6679,21631
해운대역,2024년 11월,417220,442214,83300,5901,21967
해운대역,2024년 12월,439399,461899,88475,7684,32165
동백역,2014년 1월,208637,200036,49733,6996,14005
동백역,2014년 2월,195713,189728,46201,6346,12098
동백역,2014년 3월,212149,207175,54875,5804,11626
동백역,2014년 4월,213409,210673,56228,5344,10079
동백역,2014년 5월,231245,226424,56294,7309,12888
동백역,2014년 6월,222052,215867,54849,6126,11202
동백역,2014년 7월,228740,226495,56906,7300,12675
동백역,2014년 8월,222542,218022,51257,7520,12849
동백역,2014년 9월,207358,204179,52224,5265,9457
동백역,2014년 10월,233127,230974,57871,6500,11246
동백역,2014년 11월,217362,214040,55115,5988,11813
동백역,2014년 12월,238678,233417,56010,7039,13681
동백역,2015년 1월,226273,220066,54909,7330,13986
동백역,2015년 2월,194971,190623,45172,6427,11616
동백역,2015년 3월,224713,220785,57935,5578,10223
동백역,2015년 4월,218645,213831,56257,5173,8953
동백역,2015년 5월,244707,237984,58557,7872,11770
동백역,2015년 6월,196597,193988,49781,4587,8246
동백역,2015년 7월,229112,225766,56420,6590,11169
동백역,2015년 8월,236039,231862,53947,7247,12116
동백역,2015년 9월,207342,203968,52787,5572,8258
동백역,2015년 10월,241695,239249,60370,6760,10338
동백역,2015년 11월,218224,215784,56389,5430,9780
동백역,2015년 12월,238055,234710,58246,6893,12936
동백역,2016년 1월,220445,214400,53294,6734,13510
동백역,2016년 2월,205479,200343,48671,6436,12419
동백역,2016년 3월,221058,215680,58358,5558,8955
동백역,2016년 4월,221187,215721,56965,5505,8379
동백역,2016년 5월,237181,229416,59693,7151,10322
동백역,2016년 6월,232739,226574,58443,6419,9033
동백역,2016년 7월,234475,229603,57677,7268,11741
동백역,2016년 8월,234411,229811,56428,7529,11753
동백역,2016년 9월,201726,198753,51866,5781,7899
동백역,2016년 10월,233289,229714,59960,6896,10508
동백역,2016년 11월,227327,222848,59310,6331,9985
동백역,2016년 12월,243441,238492,61014,7450,12966
동백역,2017년 1월,219601,214724,54272,7388,13242
동백역,2017년 2월,225381,219456,55243,7245,14750
동백역,2017년 3월,228857,225677,62870,6037,9440
동백역,2017년 4월,226429,222699,60060,6080,9185
동백역,2017년 5월,251950,242201,64461,8093,11472
동백역,2017년 6월,231782,226793,63878,6269,9041
동백역,2017년 7월,231956,228198,60951,7595,10739
동백역,2017년 8월,232680,227724,59734,7885,11323
동백역,2017년 9월,226771,223607,63155,6312,7600
동백역,2017년 10월,229826,227038,59332,6832,9200
동백역,2017년 11월,230677,230361,64111,6216,8451
동백역,2017년 12월,233068,233328,61729,6934,11571
동백역,2018년 1월,216645,216325,57402,6541,11814
동백역,2018년 2월,194118,193272,50262,5970,11306
동백역,2018년 3월,219883,221708,62452,5247,7964
동백역,2018년 4월,219357,218937,61950,5238,6842
동백역,2018년 5월,229830,229837,64556,6687,9002
동백역,2018년 6월,218288,217981,62695,5683,7178
동백역,2018년 7월,220528,221740,61508,6835,9140
동백역,2018년 8월,218865,217320,59490,6698,9051
동백역,2018년 9월,198306,197350,55995,5292,6674
동백역,2018년 10월,234835,235473,66441,6055,8333
동백역,2018년 11월,226544,227874,65568,5710,8059
동백역,2018년 12월,229014,226519,63676,6461,10114
동백역,2019년 1월,222793,222394,63100,6328,10126
동백역,2019년 2월,199511,199073,54671,6015,9715
동백역,2019년 3월,226492,226057,66377,5484,7351
동백역,2019년 4월,224782,225723,66894,5005,5961
동백역,2019년 5월,241295,240738,69519,6702,7665
동백역,2019년 6월,219774,220410,66275,5491,6294
동백역,2019년 7월,227810,227320,66726,6653,8233
동백역,2019년 8월,227387,226640,63807,6634,8436
동백역,2019년 9월,201518,201983,59936,4604,5548
동백역,2019년 10월,232902,234495,69042,5832,7179
동백역,2019년 11월,243038,246404,69461,5886,8468
동백역,2019년 12월,242214,247602,70059,5842,10121
동백역,2020년 1월,214867,216660,60550,5555,9765
동백역,2020년 2월,160934,163054,46250,3637,6181
동백역,2020년 3월,104776,107410,31932,1432,1945
동백역,2020년 4월,127042,129280,39958,2235,3422
동백역,2020년 5월,161104,163165,51546,3237,5293
동백역,2020년 6월,175234,177548,55826,3744,7072
동백역,2020년 7월,187909,190969,56460,3879,7751
동백역,2020년 8월,164243,166485,47496,3804,6691
동백역,2020년 9월,148045,151220,45831,3012,5279
동백역,2020년 10월,168437,172512,52147,3594,6741
동백역,2020년 11월,177395,181163,53958,3542,7060
동백역,2020년 12월,141540,145696,42906,2600,5241
동백역,2021년 1월,140148,143595,40991,2746,5754
동백역,2021년 2월,146986,149314,41811,3069,7176
동백역,2021년 3월,174673,177649,53662,2991,6641
동백역,2021년 4월,172302,176797,52740,2819,5883
동백역,2021년 5월,175232,179462,52432,3495,7104
동백역,2021년 6월,178947,185258,53168,3301,6601
동백역,2021년 7월,173711,178383,51186,3265,7271
동백역,2021년 8월,152464,156092,46129,2633,5830
동백역,2021년 9월,159740,162638,49936,2799,6462
동백역,2021년 10월,183996,189689,57284,3287,8088
동백역,2021년 11월,192037,196536,58067,3092,8172
동백역,2021년 12월,187720,193284,53639,3093,9262
동백역,2022년 1월,178677,183397,51872,3224,8409
동백역,2022년 2월,151600,156459,44134,2672,7252
동백역,2022년 3월,159279,164362,49404,2579,6109
동백역,2022년 4월,185296,190990,57063,3175,7256
동백역,2022년 5월,211844,215771,64442,4125,8942
동백역,2022년 6월,198071,202812,61312,3844,7047
동백역,2022년 7월,203326,206669,61425,4368,8909
동백역,2022년 8월,197033,198957,58700,3967,8614
동백역,2022년 9월,184190,187461,58622,3633,6414
동백역,2022년 10월,207431,212157,65936,4207,8068
동백역,2022년 11월,202479,207511,65115,3546,7818
동백역,2022년 12월,210354,215992,64299,3936,9996
동백역,2023년 1월,183610,186128,56344,3697,8264
동백역,2023년 2월,189857,192198,60441,3789,9335
동백역,2023년 3월,205600,210742,69514,3426,6907
동백역,2023년 4월,201523,206128,65447,3600,6625
동백역,2023년 5월,205931,210037,66897,3605,7512
동백역,2023년 6월,211118,216742,69120,3790,7001
동백역,2023년 7월,202685,207571,64935,3828,8777
동백역,2023년 8월,196257,201147,61902,3864,8392
동백역,2023년 9월,192758,198308,65240,3281,6935
동백역,2023년 10월,211429,216496,71896,3330,8479
동백역,2023년 11월,210254,215983,70101,3018,8757
동백역,2023년 12월,206403,213293,67459,3048,9639
동백역,2024년 1월,199268,203298,66112,3383,9433
동백역,2024년 2월,182334,186463,60359,3430,8968
동백역,2024년 3월,200771,206077,69333,3353,7688
동백역,2024년 4월,203049,208369,70253,3792,6906
동백역,2024년 5월,216163,220250,75023,3979,8656
동백역,2024년 6월,202649,207503,71145,4042,7543
동백역,2024년 7월,207349,211794,70974,3974,8940
동백역,2024년 8월,195547,199526,65166,4057,8606
동백역,2024년 9월,186185,188949,64626,3390,6687
동백역,2024년 10월,205789,209809,72593,3622,8315
동백역,2024년 11월,212733,217730,72858,3848,9174
동백역,2024년 12월,207977,215536,73022,3581,10353
벡스코역,2014년 1월,184462,163405,55573,7596,12766
벡스코역,2014년 2월,175428,156901,50499,6387,14770
벡스코역,2014년 3월,207334,182408,61502,6577,19444
벡스코역,2014년 4월,205857,182172,61030,6607,18938
벡스코역,2014년 5월,221811,199599,61755,9578,25205
벡스코역,2014년 6월,210860,191126,59160,8265,20868
벡스코역,2014년 7월,200208,178027,57795,8587,19491
벡스코역,2014년 8월,182095,162802,51643,8247,15864
벡스코역,2014년 9월,182809,160408,52538,6070,16676
벡스코역,2014년 10월,210578,188341,59628,7998,19575
벡스코역,2014년 11월,210261,188690,58196,8503,23623
벡스코역,2014년 12월,217670,191589,61087,8086,22891
벡스코역,2015년 1월,190382,167689,56605,7288,13420
벡스코역,2015년 2월,166380,147529,48403,6129,13671
벡스코역,2015년 3월,212758,187876,62683,6796,19504
벡스코역,2015년 4월,205958,181665,60900,6605,17729
벡스코역,2015년 5월,215892,192648,62749,8788,19803
벡스코역,2015년 6월,178615,159257,52958,5353,16198
벡스코역,2015년 7월,199278,175948,59134,7748,17192
벡스코역,2015년 8월,194221,172266,54450,8996,16703
벡스코역,2015년 9월,197409,177321,56478,6893,17008
벡스코역,2015년 10월,221823,200373,62676,8354,19248
벡스코역,2015년 11월,220934,199727,61253,8456,22544
벡스코역,2015년 12월,220159,196594,63963,8040,19984
벡스코역,2016년 1월,197335,175605,58915,7353,12401
벡스코역,2016년 2월,181098,161949,53040,6781,13554
벡스코역,2016년 3월,219992,195017,64747,7219,18737
벡스코역,2016년 4월,214979,188814,63404,7538,17030
벡스코역,2016년 5월,228304,200355,65240,8979,20377
벡스코역,2016년 6월,225065,198755,65449,8108,18044
벡스코역,2016년 7월,219106,191542,62718,9456,18975
벡스코역,2016년 8월,211723,182785,59536,9475,17247
벡스코역,2016년 9월,203622,176985,58640,7391,16867
벡스코역,2016년 10월,227575,200659,65976,8272,18254
벡스코역,2016년 11월,233124,213839,65018,8815,21275
벡스코역,2016년 12월,238267,220368,69042,9204,20641
벡스코역,2017년 1월,232113,210607,72376,8605,13840
벡스코역,2017년 2월,242635,226307,76905,8220,17902
벡스코역,2017년 3월,278202,252591,89049,8138,22068
벡스코역,2017년 4월,276383,253526,85366,8408,20577
벡스코역,2017년 5월,292707,270685,88420,10365,23655
벡스코역,2017년 6월,279001,259067,89364,8455,19134
벡스코역,2017년 7월,276320,254660,85020,9833,21370
벡스코역,2017년 8월,265640,240831,81234,9988,16332
벡스코역,2017년 9월,275238,256046,86714,8451,18708
벡스코역,2017년 10월,267583,245635,79817,8980,17415
벡스코역,2017년 11월,294237,285728,87322,9952,23268
벡스코역,2017년 12월,281704,263811,86317,9256,22126
벡스코역,2018년 1월,248155,225804,80078,7704,14321
벡스코역,2018년 2월,226264,208520,70834,7437,15578
벡스코역,2018년 3월,287244,267900,92055,8422,20091
벡스코역,2018년 4월,287955,272140,92509,8127,18977
벡스코역,2018년 5월,297470,274360,95254,9764,21115
벡스코역,2018년 6월,288678,278568,92529,8361,17419
벡스코역,2018년 7월,284869,263595,90299,9032,19241
벡스코역,2018년 8월,272031,246451,85898,8798,15822
벡스코역,2018년 9월,267130,248290,84638,7606,16278
벡스코역,2018년 10월,303492,283549,95926,8947,18801
벡스코역,2018년 11월,315530,304335,94940,9789,24583
벡스코역,2018년 12월,298315,277770,94515,8503,21175
벡스코역,2019년 1월,274987,252886,93489,7678,13121
벡스코역,2019년 2월,245627,227065,80964,7071,13705
벡스코역,2019년 3월,303739,282800,102135,7524,17875
벡스코역,2019년 4월,298107,279065,101272,7338,15645
벡스코역,2019년 5월,317653,296749,106180,9109,19488
벡스코역,2019년 6월,291666,275131,100920,7186,14589
벡스코역,2019년 7월,298069,278748,101854,7610,16489
벡스코역,2019년 8월,290077,265457,94791,8293,15281
벡스코역,2019년 9월,278737,258831,93116,5997,15196
벡스코역,2019년 10월,311775,292995,104816,7267,16781
벡스코역,2019년 11월,334978,317779,104761,8654,22083
벡스코역,2019년 12월,322739,304501,107995,8333,19218
벡스코역,2020년 1월,273080,250983,93609,7174,11103
벡스코역,2020년 2월,209240,194234,70955,4088,8631
벡스코역,2020년 3월,127141,114508,40057,1451,2557
벡스코역,2020년 4월,155292,139425,52365,2089,3612
벡스코역,2020년 5월,201431,186581,70850,3188,6380
벡스코역,2020년 6월,231596,212981,80743,4163,12034
벡스코역,2020년 7월,248022,228780,83207,4540,12697
벡스코역,2020년 8월,208064,189406,66350,3916,9229
벡스코역,2020년 9월,177970,160472,55539,2840,8540
벡스코역,2020년 10월,219728,205160,74303,3767,9761
벡스코역,2020년 11월,237765,219075,80784,4197,11250
벡스코역,2020년 12월,175549,161708,57372,2563,7030
벡스코역,2021년 1월,170642,156596,54060,2708,6210
벡스코역,2021년 2월,187704,171471,61639,3349,7361
벡스코역,2021년 3월,235971,214454,81354,3720,10807
벡스코역,2021년 4월,226916,210350,78505,3397,9469
벡스코역,2021년 5월,231482,212328,78123,4034,10911
벡스코역,2021년 6월,243136,223767,81177,4133,10882
벡스코역,2021년 7월,233403,213671,77955,3843,10883
벡스코역,2021년 8월,202995,183700,69325,3331,8146
벡스코역,2021년 9월,218380,199391,74602,3510,10531
벡스코역,2021년 10월,251129,234173,87502,4027,11917
벡스코역,2021년 11월,262834,241803,88125,3892,11559
벡스코역,2021년 12월,255691,234536,84766,3853,12657
벡스코역,2022년 1월,254944,232101,85327,3876,10238
벡스코역,2022년 2월,213761,198197,70872,2939,9376
벡스코역,2022년 3월,238384,220666,78723,3077,12275
벡스코역,2022년 4월,286486,264403,93584,4544,15054
벡스코역,2022년 5월,334120,310425,104746,5656,20906
벡스코역,2022년 6월,307085,289312,101411,4915,14549
벡스코역,2022년 7월,311869,290873,99022,5494,16794
벡스코역,2022년 8월,296632,276554,93683,5206,14313
벡스코역,2022년 9월,285224,264424,91267,4215,14748
벡스코역,2022년 10월,319501,300611,103769,5003,16449
벡스코역,2022년 11월,323870,307701,102864,4613,18575
벡스코역,2022년 12월,326072,305913,100867,4934,20513
벡스코역,2023년 1월,280389,258542,90193,4736,14078
벡스코역,2023년 2월,295166,279156,96042,5484,17508
벡스코역,2023년 3월,330594,310850,111646,4438,18237
벡스코역,2023년 4월,324493,303495,107832,5068,17106
벡스코역,2023년 5월,329778,303818,108979,5294,19572
벡스코역,2023년 6월,325030,304523,108513,4951,17897
벡스코역,2023년 7월,322355,300008,103312,5584,20119
벡스코역,2023년 8월,308784,284934,99294,5380,17107
벡스코역,2023년 9월,308480,290682,101123,4279,16139
벡스코역,2023년 10월,340146,319522,114305,4892,19432
벡스코역,2023년 11월,346799,327060,112488,4142,20214
벡스코역,2023년 12월,346923,332799,112727,4818,22261
벡스코역,2024년 1월,314647,293726,108499,4880,17322
벡스코역,2024년 2월,289258,269794,96151,5372,16470
벡스코역,2024년 3월,340206,318360,117078,5021,19920
벡스코역,2024년 4월,334896,316787,117452,5665,18125
벡스코역,2024년 5월,352172,330301,122158,5883,21274
벡스코역,2024년 6월,324562,303645,113958,6241,17999
벡스코역,2024년 7월,329305,308216,109753,6038,21079
벡스코역,2024년 8월,313447,288106,101162,6327,17940
벡스코역,2024년 9월,299634,276590,99942,4866,16718
벡스코역,2024년 10월,324084,303451,111829,5318,18000
벡스코역,2024년 11월,345042,323035,110740,5451,21900
벡스코역,2024년 12월,331872,308632,113032,5434,22501
센텀시티역,2014년 1월,585609,597104,76538,19672,37212
센텀시티역,2014년 2월,587213,590072,70088,18358,46517
센텀시티역,2014년 3월,596633,609409,86775,13357,29943
센텀시티역,2014년 4월,552691,565640,77558,10653,24740
센텀시티역,2014년 5월,632426,649221,80343,18416,42890
센텀시티역,2014년 6월,656281,666231,86388,17565,35885
센텀시티역,2014년 7월,619698,636514,80434,19123,40035
센텀시티역,2014년 8월,634641,648025,73159,21572,40847
센텀시티역,2014년 9월,579090,598417,78157,12564,28502
센텀시티역,2014년 10월,672225,681033,79784,15356,36201
센텀시티역,2014년 11월,700262,698616,80225,23073,75595
센텀시티역,2014년 12월,691863,698570,83277,19077,47213
센텀시티역,2015년 1월,636140,642020,90061,18630,39854
센텀시티역,2015년 2월,566441,564321,70002,15300,41166
센텀시티역,2015년 3월,623659,632672,94221,11135,27683
센텀시티역,2015년 4월,573192,583866,79063,10122,23785
센텀시티역,2015년 5월,655099,672241,85603,19848,42297
센텀시티역,2015년 6월,488352,504580,66978,7133,20122
센텀시티역,2015년 7월,609901,626216,83149,15254,35316
센텀시티역,2015년 8월,644977,655475,82221,19447,39610
센텀시티역,2015년 9월,573871,584226,77120,12168,28146
센텀시티역,2015년 10월,695848,703683,90861,15557,35526
센텀시티역,2015년 11월,670011,667011,82207,16940,55425
센텀시티역,2015년 12월,662124,671509,81425,18044,46519
센텀시티역,2016년 1월,601788,603274,85608,16757,33947
센텀시티역,2016년 2월,566029,565494,70200,15447,42056
센텀시티역,2016년 3월,674923,686896,91687,12746,30324
센텀시티역,2016년 4월,628256,645700,84070,12921,25473
센텀시티역,2016년 5월,693703,707915,88544,18681,42505
센텀시티역,2016년 6월,713703,727112,96178,16897,30854
센텀시티역,2016년 7월,702013,709591,85858,22088,49101
센텀시티역,2016년 8월,710063,715706,92263,23253,37544
센텀시티역,2016년 9월,620044,630102,78404,14143,30601
센텀시티역,2016년 10월,711510,718932,91493,16037,35046
센텀시티역,2016년 11월,728119,716585,87572,18449,55314
센텀시티역,2016년 12월,731391,728733,90401,19373,49181
센텀시티역,2017년 1월,623032,622236,75488,18573,37312
센텀시티역,2017년 2월,635747,628191,76423,17636,48884
센텀시티역,2017년 3월,639282,641888,88164,12000,30059
센텀시티역,2017년 4월,598877,610396,77030,12341,27035
센텀시티역,2017년 5월,647848,649971,82200,18315,38827
센텀시티역,2017년 6월,626760,634053,84348,13035,25433
센텀시티역,2017년 7월,653951,653479,80219,20952,42773
센텀시티역,2017년 8월,652999,653171,80362,21512,35911
센텀시티역,2017년 9월,620784,625838,80629,13547,26519
센텀시티역,2017년 10월,657352,650372,76705,16216,32823
센텀시티역,2017년 11월,690855,664459,85045,17308,46349
센텀시티역,2017년 12월,709108,699806,82040,20442,52919
센텀시티역,2018년 1월,607794,606935,73240,16970,36348
센텀시티역,2018년 2월,558047,550644,65503,15116,36785
센텀시티역,2018년 3월,627098,624567,81284,12046,28087
센텀시티역,2018년 4월,614102,615531,80425,12155,23845
센텀시티역,2018년 5월,638389,637548,78875,16008,33384
센텀시티역,2018년 6월,640599,635409,85188,14097,24416
센텀시티역,2018년 7월,653977,650511,85630,18096,37091
센텀시티역,2018년 8월,652690,648966,87220,18366,30627
센텀시티역,2018년 9월,585777,586006,76104,12460,24121
센텀시티역,2018년 10월,691569,684821,85540,14068,29634
센텀시티역,2018년 11월,705302,673068,86383,17350,51749
센텀시티역,2018년 12월,674288,666071,80810,16950,42993
센텀시티역,2019년 1월,604313,600777,78661,14739,29933
센텀시티역,2019년 2월,553213,543807,70939,14022,32330
센텀시티역,2019년 3월,616785,611945,86122,11443,23728
센텀시티역,2019년 4월,597096,600017,79317,10020,19138
센텀시티역,2019년 5월,645012,645023,83771,15174,30931
센텀시티역,2019년 6월,640941,639583,88609,13190,21507
센텀시티역,2019년 7월,629806,624785,80837,16978,32784
센텀시티역,2019년 8월,648966,639794,84556,17578,30069
센텀시티역,2019년 9월,579419,571691,77165,10273,19850
센텀시티역,2019년 10월,688536,678134,87359,14113,29914
센텀시티역,2019년 11월,710458,673963,88132,17299,44285
센텀시티역,2019년 12월,694608,675186,88662,16594,40174
센텀시티역,2020년 1월,573429,560565,72693,13135,28043
센텀시티역,2020년 2월,415514,410322,53706,6042,16226
센텀시티역,2020년 3월,273059,273618,32308,2638,5763
센텀시티역,2020년 4월,315496,312396,41851,3607,7781
센텀시티역,2020년 5월,402083,396191,61686,5259,10520
센텀시티역,2020년 6월,437091,432884,66316,5587,12815
센텀시티역,2020년 7월,482554,472445,66745,6376,14573
센텀시티역,2020년 8월,431499,426291,55003,7002,16062
센텀시티역,2020년 9월,360921,364445,48084,4116,9615
센텀시티역,2020년 10월,437932,431488,63149,5451,13510
센텀시티역,2020년 11월,449326,446506,61700,5669,14648
센텀시티역,2020년 12월,351179,352391,46272,3427,9228
센텀시티역,2021년 1월,359370,354977,48050,4384,14004
센텀시티역,2021년 2월,376353,370899,48232,5519,16547
센텀시티역,2021년 3월,445811,444020,61524,5213,15154
센텀시티역,2021년 4월,427331,425577,58991,4762,11989
센텀시티역,2021년 5월,439468,440142,58332,6428,16081
센텀시티역,2021년 6월,468769,468618,65728,5810,13703
센텀시티역,2021년 7월,456210,458202,59099,6128,19198
센텀시티역,2021년 8월,378496,381841,47843,4371,12156
센텀시티역,2021년 9월,408176,412470,56804,4817,12255
센텀시티역,2021년 10월,498180,496715,71004,5839,17314
센텀시티역,2021년 11월,509179,503027,70034,6127,18534
센텀시티역,2021년 12월,506449,506209,64319,5585,22925
센텀시티역,2022년 1월,455331,454886,61245,6045,20980
센텀시티역,2022년 2월,384975,382987,52100,4861,17915
센텀시티역,2022년 3월,405027,408245,55916,4234,14384
센텀시티역,2022년 4월,467460,468476,67277,6017,15178
센텀시티역,2022년 5월,557876,552398,77136,8963,26917
센텀시티역,2022년 6월,547004,538558,83678,7798,17155
센텀시티역,2022년 7월,575059,569201,77942,10139,28589
센텀시티역,2022년 8월,563481,552358,78835,10179,22808
센텀시티역,2022년 9월,504244,503555,70648,6605,17522
센텀시티역,2022년 10월,607400,599744,85025,8166,20200
센텀시티역,2022년 11월,590828,572850,79294,7280,28709
센텀시티역,2022년 12월,616214,601932,81136,9088,31069
센텀시티역,2023년 1월,516915,509296,72147,8639,28940
센텀시티역,2023년 2월,530257,514545,74985,8889,31409
센텀시티역,2023년 3월,562587,555370,87475,6660,21616
센텀시티역,2023년 4월,552813,547804,77421,7403,19136
센텀시티역,2023년 5월,575312,572412,77316,8326,25404
센텀시티역,2023년 6월,574331,568046,81490,8554,21704
센텀시티역,2023년 7월,618900,600464,88879,10506,35728
센텀시티역,2023년 8월,599482,591476,87300,9954,24952
센텀시티역,2023년 9월,565829,558869,81909,6991,18827
센텀시티역,2023년 10월,651625,640769,91171,7487,25920
센텀시티역,2023년 11월,650016,628415,88767,7059,30454
센텀시티역,2023년 12월,669541,648655,98881,8652,35905
센텀시티역,2024년 1월,582523,571983,90502,8823,32941
센텀시티역,2024년 2월,543391,534853,79568,8855,29253
센텀시티역,2024년 3월,579581,573153,89853,6854,22943
센텀시티역,2024년 4월,570821,566555,89184,8105,19303
센텀시티역,2024년 5월,614843,606914,92017,9715,27370
센텀시티역,2024년 6월,613084,607571,90180,10731,24812
센텀시티역,2024년 7월,661728,650391,97454,12420,42132
센텀시티역,2024년 8월,645303,632369,93632,12994,28928
센텀시티역,2024년 9월,575489,569228,90315,8083,23845
센텀시티역,2024년 10월,672148,663970,97394,9357,25853
센텀시티역,2024년 11월,678675,654885,95693,10146,35220
센텀시티역,2024년 12월,657781,649058,103347,10504,39738
민락역,2014년 1월,64909,60718,18205,1201,2975
민락역,2014년 2월,61274,57299,17029,1033,2775
민락역,2014년 3월,70062,65765,20013,868,2662
민락역,2014년 4월,69791,65499,20380,782,2474
민락역,2014년 5월,72954,70857,20984,1006,2951
민락역,2014년 6월,69988,66940,20134,831,2488
민락역,2014년 7월,71750,69108,20586,985,2600
민락역,2014년 8월,70400,68294,19625,1242,2861
민락역,2014년 9월,73925,69566,21431,1186,2446
민락역,2014년 10월,87726,80201,23638,1603,3423
민락역,2014년 11월,80023,74357,22483,1388,3333
민락역,2014년 12월,88459,81465,22677,1461,3902
민락역,2015년 1월,82879,76187,22249,1332,3653
민락역,2015년 2월,71853,65930,18919,1280,3217
민락역,2015년 3월,86747,79754,23736,1200,3441
민락역,2015년 4월,86395,78527,23389,1237,3081
민락역,2015년 5월,88123,83481,23580,1490,3402
민락역,2015년 6월,77236,70987,20856,1087,2508
민락역,2015년 7월,95283,89951,25894,1648,3254
민락역,2015년 8월,86684,83805,22331,1555,3614
민락역,2015년 9월,82266,75881,22562,1265,2819
민락역,2015년 10월,95696,86874,26412,1716,3656
민락역,2015년 11월,89822,82465,25676,1574,3115
민락역,2015년 12월,93548,87379,26358,1588,3337
민락역,2016년 1월,83628,77541,23195,1480,3292
민락역,2016년 2월,77207,71800,20904,1385,3260
민락역,2016년 3월,90390,83243,25571,1280,2985
민락역,2016년 4월,88532,83037,24796,1360,2803
민락역,2016년 5월,93075,89562,25637,1751,3311
민락역,2016년 6월,90353,85355,25447,1479,2802
민락역,2016년 7월,90015,85227,25043,1620,3318
민락역,2016년 8월,89476,85243,25207,1503,2896
민락역,2016년 9월,81942,75301,23113,1258,2519
민락역,2016년 10월,92257,84691,25806,1524,3164
민락역,2016년 11월,89489,83464,25511,1481,2925
민락역,2016년 12월,92879,86863,25949,1501,3467
민락역,2017년 1월,83227,77110,23010,1593,3132
민락역,2017년 2월,82976,76999,23515,1339,3170
민락역,2017년 3월,92882,87181,27030,1361,2992
민락역,2017년 4월,91811,87699,26322,1405,2852
민락역,2017년 5월,96754,94566,27271,1726,3661
민락역,2017년 6월,97860,93644,28047,1653,3183
민락역,2017년 7월,96808,92227,26663,1903,3500
민락역,2017년 8월,98552,94104,26310,1983,3562
민락역,2017년 9월,104474,97058,29112,1780,3173
민락역,2017년 10월,105540,97283,27143,2188,3762
민락역,2017년 11월,110413,101373,29705,1872,3524
민락역,2017년 12월,110262,101221,28423,1941,3860
민락역,2018년 1월,104253,95191,26890,1991,3498
민락역,2018년 2월,93992,85159,24058,1891,3491
민락역,2018년 3월,113146,103606,30063,1765,3491
민락역,2018년 4월,111789,103195,30099,1803,3155
민락역,2018년 5월,115426,107501,30745,2062,3910
민락역,2018년 6월,110751,103229,30226,1872,3272
민락역,2018년 7월,114574,106827,29729,2321,3718
민락역,2018년 8월,111706,103804,28819,2033,3575
민락역,2018년 9월,104206,95881,27644,1817,3204
민락역,2018년 10월,119136,109342,32564,1906,3530
민락역,2018년 11월,112731,104017,31336,1642,3167
민락역,2018년 12월,113234,104366,30828,1749,3350
민락역,2019년 1월,111041,101470,31273,1860,3358
민락역,2019년 2월,98721,90818,27266,1689,3322
민락역,2019년 3월,116463,107862,33140,1814,3261
민락역,2019년 4월,115136,105980,33148,1597,2732
민락역,2019년 5월,121460,112509,34237,1880,3424
민락역,2019년 6월,111953,103821,32202,1738,2743
민락역,2019년 7월,118129,109113,33882,1823,3318
민락역,2019년 8월,118287,111825,32714,1834,3279
민락역,2019년 9월,110300,103925,31715,1482,2516
민락역,2019년 10월,118072,110171,35258,1407,2850
민락역,2019년 11월,123904,115090,35180,1623,3331
민락역,2019년 12월,119198,111386,34262,1520,3529
민락역,2020년 1월,106204,99122,30419,1476,3161
민락역,2020년 2월,83945,77546,23458,941,2194
민락역,2020년 3월,60915,56120,16117,458,1096
민락역,2020년 4월,71709,66775,20099,662,1510
민락역,2020년 5월,88162,82812,26318,964,1986
민락역,2020년 6월,97173,91732,29128,1084,2419
민락역,2020년 7월,104163,97973,30364,1243,2571
민락역,2020년 8월,89587,84268,25231,1155,2369
민락역,2020년 9월,81478,76059,23322,910,2007
민락역,2020년 10월,90554,84248,27044,1084,2270
민락역,2020년 11월,94585,88105,28531,1144,2369
민락역,2020년 12월,75506,71256,22512,748,1887
민락역,2021년 1월,75118,71177,21512,853,2158
민락역,2021년 2월,77675,72632,22188,1008,2340
민락역,2021년 3월,95692,90495,28691,1278,2648
민락역,2021년 4월,93309,87969,28066,1150,2325
민락역,2021년 5월,94451,90987,28664,1206,2566
민락역,2021년 6월,97005,91912,28624,1177,2548
민락역,2021년 7월,94278,88817,27537,1112,2618
민락역,2021년 8월,83285,79549,24940,926,2219
민락역,2021년 9월,86970,82260,26571,981,2351
민락역,2021년 10월,99465,94801,31212,1155,2892
민락역,2021년 11월,103345,99283,31456,1197,2826
민락역,2021년 12월,99173,95737,29070,1026,3083
민락역,2022년 1월,92659,89123,27982,1155,2744
민락역,2022년 2월,78758,75499,24298,880,2401
민락역,2022년 3월,85454,81834,26340,979,2879
민락역,2022년 4월,98634,95098,30723,1332,3250
민락역,2022년 5월,110853,106583,34130,1603,3822
민락역,2022년 6월,105638,102039,32866,1367,3156
민락역,2022년 7월,108335,104299,33133,1421,3346
민락역,2022년 8월,103312,101268,31578,1479,3142
민락역,2022년 9월,98781,94837,31318,1053,2799
민락역,2022년 10월,106711,103712,34572,1159,3144
민락역,2022년 11월,105573,102343,34344,1103,3151
민락역,2022년 12월,108451,105725,33746,1294,3582
민락역,2023년 1월,96367,92847,30245,1269,3100
민락역,2023년 2월,97111,94664,31897,1311,3281
민락역,2023년 3월,108888,104621,36812,1492,3362
민락역,2023년 4월,106489,102367,35473,1441,3064
민락역,2023년 5월,108498,103512,36278,1453,3380
민락역,2023년 6월,107602,103492,36568,1566,3013
민락역,2023년 7월,104224,100137,34979,1562,3396
민락역,2023년 8월,104873,100429,34040,1612,3048
민락역,2023년 9월,104329,98965,34889,1374,2631
민락역,2023년 10월,111883,106433,38951,1362,2906
민락역,2023년 11월,114149,107509,38624,1272,3036
민락역,2023년 12월,112458,108207,38297,1426,3258
민락역,2024년 1월,107251,101499,37198,1532,3136
민락역,2024년 2월,99323,94143,33621,1596,3298
민락역,2024년 3월,112766,107966,39597,1803,3309
민락역,2024년 4월,113273,108064,40166,1756,3012
민락역,2024년 5월,117256,111144,41768,1763,3653
민락역,2024년 6월,110901,105394,39151,1803,3233
민락역,2024년 7월,115885,110377,39756,1893,3761
민락역,2024년 8월,108378,103763,36623,1970,3415
민락역,2024년 9월,102798,97673,35450,1740,2867
민락역,2024년 10월,111024,106766,39992,1698,2994
민락역,2024년 11월,116218,110270,40233,1804,3514
민락역,2024년 12월,113857,109797,39854,1659,3738
수영역,2014년 1월,380556,360862,105951,7696,14772
수영역,2014년 2월,360691,342980,97612,6892,15055
수영역,2014년 3월,417029,392962,115818,6693,17163
수영역,2014년 4월,414482,387165,116751,6557,15944
수영역,2014년 5월,428052,402806,119036,7703,17058
수영역,2014년 6월,403952,379054,114647,7173,14715
수영역,2014년 7월,413679,389816,117330,7927,15789
수영역,2014년 8월,390917,368098,106831,8167,15345
수영역,2014년 9월,388565,362869,107530,6746,13744
수영역,2014년 10월,450916,415763,124391,8482,16294
수영역,2014년 11월,409615,385654,114760,7160,15463
수영역,2014년 12월,429192,410456,117912,7758,16337
수영역,2015년 1월,411621,395054,120245,7496,14092
수영역,2015년 2월,355747,339192,99498,6897,13617
수영역,2015년 3월,435885,413132,123991,7059,16141
수영역,2015년 4월,426058,402540,121835,6600,14648
수영역,2015년 5월,428596,407994,121512,7987,16200
수영역,2015년 6월,368182,346395,101128,5493,12101
수영역,2015년 7월,410017,388623,116203,7298,14094
수영역,2015년 8월,398533,376969,108092,7503,14051
수영역,2015년 9월,400358,374334,109411,6586,13368
수영역,2015년 10월,453401,418380,123381,7739,15952
수영역,2015년 11월,420887,397175,116054,6471,14610
수영역,2015년 12월,447247,428530,123052,6972,15601
수영역,2016년 1월,411727,395690,114175,6762,13448
수영역,2016년 2월,389078,371796,105035,6735,14792
수영역,2016년 3월,456129,431064,126477,6453,15516
수영역,2016년 4월,445314,420399,122551,6390,14363
수영역,2016년 5월,461624,435542,126907,7676,17306
수영역,2016년 6월,448379,423718,125057,6755,14076
수영역,2016년 7월,445605,421669,121987,7593,15184
수영역,2016년 8월,441093,420512,121030,8187,14814
수영역,2016년 9월,418801,395044,112481,6512,13156
수영역,2016년 10월,469240,434673,127126,8159,15754
수영역,2016년 11월,462150,437616,127020,7286,14524
수영역,2016년 12월,475703,456141,129939,8134,16006
수영역,2017년 1월,425977,406823,116148,7691,12840
수영역,2017년 2월,419673,401669,116153,7099,13813
수영역,2017년 3월,473155,450088,134275,6981,14143
수영역,2017년 4월,461106,434400,129318,7249,13049
수영역,2017년 5월,474969,452216,133806,8362,15038
수영역,2017년 6월,456603,435541,132196,7189,12031
수영역,2017년 7월,449646,429316,128980,8157,13090
수영역,2017년 8월,442357,422138,127040,8519,12725
수영역,2017년 9월,450299,427239,130178,7234,11559
수영역,2017년 10월,440964,411241,121506,8221,12976
수영역,2017년 11월,460695,441630,132279,7757,11928
수영역,2017년 12월,460049,442911,129117,7944,12783
수영역,2018년 1월,443126,427683,125084,7444,11834
수영역,2018년 2월,394810,381064,110150,7008,11789
수영역,2018년 3월,478014,460015,136427,7709,13386
수영역,2018년 4월,469559,447977,134270,7416,12002
수영역,2018년 5월,478561,459841,136724,7761,13243
수영역,2018년 6월,455966,433379,131135,7307,10536
수영역,2018년 7월,464855,443794,133072,7719,12000
수영역,2018년 8월,452434,435054,127861,7978,11873
수영역,2018년 9월,422924,404285,118427,6815,11292
수영역,2018년 10월,480407,453068,138720,7195,12457
수영역,2018년 11월,460015,444165,134955,6274,11692
수영역,2018년 12월,457450,441055,130717,6524,12234
수영역,2019년 1월,448903,434441,133116,6436,11039
수영역,2019년 2월,395679,383517,114509,6041,10546
수영역,2019년 3월,470465,452136,140234,6396,12341
수영역,2019년 4월,468074,450265,139630,6057,10930
수영역,2019년 5월,479126,461654,142312,7166,12593
수영역,2019년 6월,448493,431019,135494,6637,10123
수영역,2019년 7월,465203,449042,141569,6749,11091
수영역,2019년 8월,453675,438215,137469,6725,10715
수영역,2019년 9월,433124,417048,130424,5455,9378
수영역,2019년 10월,480963,460221,148033,5993,10224
수영역,2019년 11월,495216,468235,146963,6803,11548
수영역,2019년 12월,489726,474957,148763,6558,10596
수영역,2020년 1월,441381,427968,132386,5807,9149
수영역,2020년 2월,354662,342896,102958,3739,6592
수영역,2020년 3월,265024,254952,69418,2045,2531
수영역,2020년 4월,305027,293715,85637,2773,3662
수영역,2020년 5월,361472,348550,109914,3555,5227
수영역,2020년 6월,388110,373746,117643,3901,6650
수영역,2020년 7월,415638,399810,120806,4394,7627
수영역,2020년 8월,359757,348035,101923,3858,6810
수영역,2020년 9월,336313,321975,94852,3254,5778
수영역,2020년 10월,369034,356368,109035,3817,6476
수영역,2020년 11월,386979,371500,115177,3974,6833
수영역,2020년 12월,321450,310822,92438,2674,4787
수영역,2021년 1월,319044,309914,89302,3023,5569
수영역,2021년 2월,320194,311109,90544,3140,6294
수영역,2021년 3월,393161,380975,115897,3620,7318
수영역,2021년 4월,377414,366442,110370,3312,6527
수영역,2021년 5월,380924,367205,111840,3671,7249
수영역,2021년 6월,390034,376281,113015,3464,6517
수영역,2021년 7월,382609,369555,110212,3456,7188
수영역,2021년 8월,343666,332210,100701,3030,5725
수영역,2021년 9월,359123,346292,107762,3086,6336
수영역,2021년 10월,399543,386054,122821,3604,7142
수영역,2021년 11월,411364,399852,122598,3524,6776
수영역,2021년 12월,409508,400389,114759,3450,8055
수영역,2022년 1월,391094,382119,111219,3353,7076
수영역,2022년 2월,335080,327278,95888,2583,6581
수영역,2022년 3월,369246,359975,107365,2745,6833
수영역,2022년 4월,413540,400787,122361,3256,7564
수영역,2022년 5월,448045,435680,133135,3765,9341
수영역,2022년 6월,428574,416494,130306,3465,7449
수영역,2022년 7월,434162,423592,130550,3952,8574
수영역,2022년 8월,414796,407147,125141,3742,7804
수영역,2022년 9월,405350,392733,121862,3154,7357
수영역,2022년 10월,439273,426350,135470,3515,8248
수영역,2022년 11월,436017,421198,132387,3241,7837
수영역,2022년 12월,450277,436245,131782,3566,9156
수영역,2023년 1월,405295,397517,119848,3343,7920
수영역,2023년 2월,407185,395449,128124,3172,7907
수영역,2023년 3월,459455,442390,145170,3354,8797
수영역,2023년 4월,445762,426155,138472,3278,8065
수영역,2023년 5월,451552,432451,141314,3258,8586
수영역,2023년 6월,447004,427420,140717,3244,7493
수영역,2023년 7월,435922,422023,136800,3446,8712
수영역,2023년 8월,433438,418339,133278,3671,7942
수영역,2023년 9월,425337,407388,132499,3076,7034
수영역,2023년 10월,453354,435758,146474,2608,7989
수영역,2023년 11월,470469,445127,145063,2825,9063
수영역,2023년 12월,462460,447514,143299,3055,8917
수영역,2024년 1월,452551,441211,144485,3052,8298
수영역,2024년 2월,414593,403552,129648,3072,8328
수영역,2024년 3월,467905,453279,148359,3052,8973
수영역,2024년 4월,467810,450763,149990,2948,7987
수영역,2024년 5월,484256,466924,157616,3632,9345
수영역,2024년 6월,455738,442000,149049,3241,7383
수영역,2024년 7월,472851,461340,152807,3434,9033
수영역,2024년 8월,447141,437604,143490,3697,8232
수영역,2024년 9월,431888,419513,140963,3028,7415
수영역,2024년 10월,472444,457788,158891,3222,7880
수영역,2024년 11월,498669,468578,158331,4044,10902
수영역,2024년 12월,482619,471881,158626,3572,9864
광안역,2014년 1월,279926,301038,81155,6407,15468
광안역,2014년 2월,271472,296489,74780,5513,15147
광안역,2014년 3월,277321,298058,86273,5234,11017
광안역,2014년 4월,273755,294192,84940,5006,10381
광안역,2014년 5월,319412,353873,84479,7009,15760
광안역,2014년 6월,292283,327446,80638,5930,12420
광안역,2014년 7월,303182,341149,78833,6968,15349
광안역,2014년 8월,317899,361722,73766,7350,17333
광안역,2014년 9월,262054,285725,75258,5230,11000
광안역,2014년 10월,314370,372968,87542,7152,16018
광안역,2014년 11월,275077,296988,84260,5397,12878
광안역,2014년 12월,304670,332383,88661,6257,15692
광안역,2015년 1월,316734,340600,88860,6860,17790
광안역,2015년 2월,290235,311255,75061,5782,18562
광안역,2015년 3월,311703,328778,92160,5542,13095
광안역,2015년 4월,303642,321716,90132,5229,11445
광안역,2015년 5월,353803,386294,89044,7770,18961
광안역,2015년 6월,264153,281792,71620,4186,10440
광안역,2015년 7월,324723,358835,83178,6703,17070
광안역,2015년 8월,353974,404005,79015,8067,20071
광안역,2015년 9월,284573,303810,80162,5431,10865
광안역,2015년 10월,349553,400670,94113,7644,18344
광안역,2015년 11월,296011,312276,88375,5436,12597
광안역,2015년 12월,324926,349525,92704,6545,16275
광안역,2016년 1월,311762,330811,87691,6606,16664
광안역,2016년 2월,295427,314472,79082,6075,17284
광안역,2016년 3월,309508,323613,94347,5604,11102
광안역,2016년 4월,322737,340370,92825,6137,11485
광안역,2016년 5월,340737,371374,92199,7213,15915
광안역,2016년 6월,318506,349820,86658,6342,11549
광안역,2016년 7월,333558,374748,85653,7818,16450
광안역,2016년 8월,338902,382093,82136,8397,16848
광안역,2016년 9월,278304,294879,77862,5638,9807
광안역,2016년 10월,332178,378837,89451,7710,15158
광안역,2016년 11월,302188,322557,88093,6012,11782
광안역,2016년 12월,325357,351811,90727,7078,15635
광안역,2017년 1월,303919,323324,82907,6981,15269
광안역,2017년 2월,313591,337495,81901,6694,19360
광안역,2017년 3월,313772,334350,92603,5865,11576
광안역,2017년 4월,325107,347932,89025,6164,11874
광안역,2017년 5월,356758,398779,91534,8272,17330
광안역,2017년 6월,318514,351936,88204,6623,11718
광안역,2017년 7월,330716,370625,84015,7619,15790
광안역,2017년 8월,340884,390883,83630,8071,16191
광안역,2017년 9월,305850,328357,85923,6496,10736
광안역,2017년 10월,338184,389983,81819,8400,16489
광안역,2017년 11월,307813,328361,88230,6320,11360
광안역,2017년 12월,324763,351554,86565,7145,15601
광안역,2018년 1월,309576,330690,82564,6755,14737
광안역,2018년 2월,286249,307438,73170,6327,16402
광안역,2018년 3월,324354,344556,90324,6306,11574
광안역,2018년 4월,325910,344164,89084,6316,10479
광안역,2018년 5월,337266,368028,90049,6941,14019
광안역,2018년 6월,320299,351825,84646,6190,10836
광안역,2018년 7월,336565,374662,85212,7563,15629
광안역,2018년 8월,339236,387540,82493,7686,15863
광안역,2018년 9월,294989,316170,79186,5889,9979
광안역,2018년 10월,346114,384823,91212,7539,16439
광안역,2018년 11월,302013,318570,86298,5307,11820
광안역,2018년 12월,313675,333240,86009,5701,15058
광안역,2019년 1월,312618,325911,88372,6184,15178
광안역,2019년 2월,287509,305913,76958,5816,16737
광안역,2019년 3월,311336,326911,90826,5858,11011
광안역,2019년 4월,310227,320769,91689,5311,8120
광안역,2019년 5월,331247,355089,91694,6840,13790
광안역,2019년 6월,307585,329579,86346,5582,9685
광안역,2019년 7월,324126,351156,88244,6629,14232
광안역,2019년 8월,335645,379948,82733,6913,15873
광안역,2019년 9월,276864,291602,79984,4663,7982
광안역,2019년 10월,319994,337909,91125,5657,12030
광안역,2019년 11월,345138,392096,92518,6672,15693
광안역,2019년 12월,328342,350421,92708,5735,14679
광안역,2020년 1월,299096,312429,83059,5392,13606
광안역,2020년 2월,225727,236454,63798,3244,8487
광안역,2020년 3월,154945,161897,42087,1604,2985
광안역,2020년 4월,182675,191199,51365,2292,4602
광안역,2020년 5월,229620,244646,65129,3330,6770
광안역,2020년 6월,241649,257108,70304,3560,8202
광안역,2020년 7월,265035,283584,72071,3728,7723
광안역,2020년 8월,239061,259059,61376,3752,9557
광안역,2020년 9월,202003,212323,58513,2497,5442
광안역,2020년 10월,236575,250491,66589,3383,9029
광안역,2020년 11월,248019,261111,70363,3452,8587
광안역,2020년 12월,192746,199170,57599,2238,5539
광안역,2021년 1월,195811,201250,54776,2622,6624
광안역,2021년 2월,218862,229595,57284,3155,10933
광안역,2021년 3월,250885,260263,71305,3304,9094
광안역,2021년 4월,240812,250777,67690,2915,7481
광안역,2021년 5월,263817,279594,70082,3977,13548
광안역,2021년 6월,264384,279387,71330,3309,8773
광안역,2021년 7월,253866,265953,67825,3365,11282
광안역,2021년 8월,223755,234333,62063,2572,7813
광안역,2021년 9월,236090,244999,66156,2943,8676
광안역,2021년 10월,272377,286484,74501,3694,13908
광안역,2021년 11월,279426,293765,74745,3206,12155
광안역,2021년 12월,277999,291319,69997,3079,14327
광안역,2022년 1월,272424,280546,68997,3313,14666
광안역,2022년 2월,230206,242200,58637,2479,12737
광안역,2022년 3월,238024,246455,65600,3009,10066
광안역,2022년 4월,277201,288289,74008,3827,11200
광안역,2022년 5월,327022,345708,81504,5128,20311
광안역,2022년 6월,296084,313556,78238,3812,10642
광안역,2022년 7월,324699,348609,78024,4840,20153
광안역,2022년 8월,311924,342794,76159,4378,15435
광안역,2022년 9월,273146,286774,74134,3317,10275
광안역,2022년 10월,328613,352019,84674,4971,16057
광안역,2022년 11월,301270,320843,80826,3117,14498
광안역,2022년 12월,336164,374120,81066,4130,23408
광안역,2023년 1월,293985,311395,72095,3342,18169
광안역,2023년 2월,307739,329407,76719,3976,21578
광안역,2023년 3월,311026,325774,85807,4120,13049
광안역,2023년 4월,318323,341065,82328,4125,12772
광안역,2023년 5월,322333,346812,82973,4380,15255
광안역,2023년 6월,314436,344379,81199,4380,12441
광안역,2023년 7월,322555,365491,80044,4294,19788
광안역,2023년 8월,334945,370312,78724,4319,18109
광안역,2023년 9월,303103,328779,80234,3908,11288
광안역,2023년 10월,341061,366177,89326,3786,19032
광안역,2023년 11월,344444,389740,89020,3487,18829
광안역,2023년 12월,345320,385462,87562,3401,23392
광안역,2024년 1월,329880,352391,86879,3667,20950
광안역,2024년 2월,312532,337434,79354,3992,22662
광안역,2024년 3월,327102,347923,90248,5201,14914
광안역,2024년 4월,324658,342321,90956,4943,11618
광안역,2024년 5월,366734,402381,95365,5912,20590
광안역,2024년 6월,322034,348500,87918,5016,12653
광안역,2024년 7월,348526,381041,90390,5111,21096
광안역,2024년 8월,346195,391296,85618,5577,19569
광안역,2024년 9월,300479,325631,82929,4163,12179
광안역,2024년 10월,331478,354766,91680,4267,16650
광안역,2024년 11월,353645,409656,90446,4726,20973
광안역,2024년 12월,342050,373142,89124,4158,25273
금련산역,2014년 1월,159283,161440,46654,3770,7709
금련산역,2014년 2월,154282,157006,43864,3504,7527
금련산역,2014년 3월,171911,174174,51161,3333,6857
금련산역,2014년 4월,172204,173469,52691,3124,6260
금련산역,2014년 5월,184098,185770,52988,4156,7767
금련산역,2014년 6월,171885,173962,51762,3734,6734
금련산역,2014년 7월,182142,186244,53495,4334,8201
금련산역,2014년 8월,177794,181208,50255,4485,8804
금련산역,2014년 9월,161509,164455,48218,3159,6433
금련산역,2014년 10월,196287,201738,55496,4655,8128
금련산역,2014년 11월,169271,170036,51973,3228,6703
금련산역,2014년 12월,180216,184278,53820,3135,6892
금련산역,2015년 1월,177202,179923,53317,3438,7432
금련산역,2015년 2월,151279,153023,44254,3038,6597
금련산역,2015년 3월,178446,180265,55437,3179,5896
금련산역,2015년 4월,176525,177641,53969,3032,5164
금련산역,2015년 5월,185074,184629,53919,3988,7110
금련산역,2015년 6월,148119,149798,43479,2159,4636
금련산역,2015년 7월,172536,179617,50345,3116,6389
금련산역,2015년 8월,171325,178016,46520,3668,7089
금련산역,2015년 9월,161514,163248,48268,2936,5336
금련산역,2015년 10월,193844,198086,55005,4267,7009
금련산역,2015년 11월,166896,168113,50840,2926,5659
금련산역,2015년 12월,178906,180159,53653,3159,6262
금련산역,2016년 1월,164453,166777,48229,3324,6507
금련산역,2016년 2월,155754,157642,45839,2997,6157
금련산역,2016년 3월,177178,178814,54806,2726,5233
금련산역,2016년 4월,177637,178076,53411,3198,5478
금련산역,2016년 5월,179091,180623,53732,3208,6257
금련산역,2016년 6월,172783,175208,52434,2709,5149
금련산역,2016년 7월,177764,182381,51663,3555,6301
금련산역,2016년 8월,175254,178932,49805,3622,6233
금련산역,2016년 9월,156276,159296,46052,2415,4545
금련산역,2016년 10월,186840,188741,52758,3594,6211
금련산역,2016년 11월,171288,173291,51550,2711,5422
금련산역,2016년 12월,179060,182215,53027,3070,6124
금련산역,2017년 1월,164070,164677,48626,2923,6058
금련산역,2017년 2월,164917,166929,48318,2732,5915
금련산역,2017년 3월,181062,183029,57773,2635,5045
금련산역,2017년 4월,177878,179325,53835,2737,4756
금련산역,2017년 5월,184430,186996,55073,3531,6059
금련산역,2017년 6월,174140,177773,54240,2786,4265
금련산역,2017년 7월,177065,181584,52061,3363,5682
금련산역,2017년 8월,176767,182089,50503,3425,5628
금련산역,2017년 9월,173162,175377,53469,2781,4272
금련산역,2017년 10월,185165,185413,50634,3775,6072
금련산역,2017년 11월,174943,177240,54504,2753,4307
금련산역,2017년 12월,178029,181223,52622,2818,5504
금련산역,2018년 1월,173182,173959,51703,3140,5462
금련산역,2018년 2월,154302,155584,44773,2709,5188
금련산역,2018년 3월,187275,187085,56086,2995,5152
금련산역,2018년 4월,185608,185466,55480,3013,4502
금련산역,2018년 5월,192125,192828,58136,3342,5819
금련산역,2018년 6월,181877,183917,55191,2863,4617
금련산역,2018년 7월,188645,191694,55343,3456,5430
금련산역,2018년 8월,185476,190742,53351,3363,5629
금련산역,2018년 9월,169686,171440,50690,2923,4305
금련산역,2018년 10월,209030,209483,60302,3991,6028
금련산역,2018년 11월,186213,188954,57903,2933,4622
금련산역,2018년 12월,188950,190671,57947,3176,5690
금련산역,2019년 1월,189676,189729,59908,3197,5690
금련산역,2019년 2월,167523,170392,50367,2829,5663
금련산역,2019년 3월,197163,198959,61276,2990,4835
금련산역,2019년 4월,191973,194153,59889,2768,3874
금련산역,2019년 5월,201417,205358,62973,3344,5212
금련산역,2019년 6월,187639,191827,59453,2816,4099
금련산역,2019년 7월,198918,206200,61502,3337,5552
금련산역,2019년 8월,198985,210381,57980,3599,5885
금련산역,2019년 9월,176074,181129,55297,2540,3803
금련산역,2019년 10월,199707,206578,62693,2930,4913
금련산역,2019년 11월,221589,229799,64016,4246,6577
금련산역,2019년 12월,205019,213817,63530,3184,5766
금련산역,2020년 1월,187996,192555,56933,3287,5993
금련산역,2020년 2월,144902,149484,43530,2076,3617
금련산역,2020년 3월,104424,108572,31124,1059,1373
금련산역,2020년 4월,121306,126359,37601,1429,2102
금련산역,2020년 5월,147683,155103,47262,1782,2999
금련산역,2020년 6월,160772,168851,51133,2137,3423
금련산역,2020년 7월,176717,187008,52741,2279,3999
금련산역,2020년 8월,159701,170092,45839,2016,4840
금련산역,2020년 9월,140556,145157,42687,1518,3096
금련산역,2020년 10월,157073,164981,48075,2029,4174
금련산역,2020년 11월,165411,173156,49898,2024,4083
금련산역,2020년 12월,131760,136709,40666,1390,2498
금련산역,2021년 1월,131839,137013,38317,1519,3502
금련산역,2021년 2월,143496,150075,38605,1718,5502
금련산역,2021년 3월,173570,178494,50012,1895,4745
금련산역,2021년 4월,166170,172809,47943,1761,3918
금련산역,2021년 5월,176380,186265,50089,2033,6090
금련산역,2021년 6월,182580,194351,50936,1999,4667
금련산역,2021년 7월,176962,188036,48254,2130,6521
금련산역,2021년 8월,157716,166538,45079,1756,4729
금련산역,2021년 9월,163265,172528,47683,1817,4669
금련산역,2021년 10월,187020,199282,52597,2108,6856
금련산역,2021년 11월,190065,201679,53089,1967,5810
금련산역,2021년 12월,189380,201400,50158,2039,7480
금련산역,2022년 1월,184926,196512,48725,2000,8267
금련산역,2022년 2월,160954,171037,41875,1653,7464
금련산역,2022년 3월,165174,174802,45809,1666,5271
금련산역,2022년 4월,193282,205737,54116,2189,5868
금련산역,2022년 5월,219922,235701,58076,2682,10246
금련산역,2022년 6월,204662,220270,56658,2553,5694
금련산역,2022년 7월,222010,240435,57471,2855,10665
금련산역,2022년 8월,212972,235212,53981,2682,9176
금련산역,2022년 9월,188747,201846,53724,1921,5810
금련산역,2022년 10월,214356,227707,58815,2582,7906
금련산역,2022년 11월,199198,207963,57815,2039,6203
금련산역,2022년 12월,219168,227436,58200,2506,9994
금련산역,2023년 1월,191204,198214,52802,1823,8655
금련산역,2023년 2월,201079,208631,55512,2051,10318
금련산역,2023년 3월,211528,220582,63274,1885,6381
금련산역,2023년 4월,213929,222362,60026,2248,6088
금련산역,2023년 5월,213041,222605,61396,2111,7441
금련산역,2023년 6월,211880,223488,61228,1993,5964
금련산역,2023년 7월,216655,231706,61385,2153,8579
금련산역,2023년 8월,217441,231435,58979,2273,8343
금련산역,2023년 9월,201721,212921,59038,1870,5541
금련산역,2023년 10월,224075,236550,67164,1821,7216
금련산역,2023년 11월,235595,247551,67103,2148,9043
금련산역,2023년 12월,224276,237951,65306,1687,9115
금련산역,2024년 1월,220247,229404,65860,1799,9672
금련산역,2024년 2월,203475,213345,57842,1721,9463
금련산역,2024년 3월,224041,235254,66970,1906,7008
금련산역,2024년 4월,224656,234414,67460,1901,6076
금련산역,2024년 5월,240578,253013,71375,2740,8737
금련산역,2024년 6월,219930,233248,67613,2213,6552
금련산역,2024년 7월,241616,264677,71386,2577,11003
금련산역,2024년 8월,238933,270663,66103,2826,10359
금련산역,2024년 9월,212182,230100,63369,2016,6500
금련산역,2024년 10월,235929,255309,71337,2062,8042
금련산역,2024년 11월,252334,286105,70633,2936,11469
금련산역,2024년 12월,233229,253840,70036,2178,10563
남천역,2014년 1월,197521,203545,57968,7136,14625
남천역,2014년 2월,185484,190556,54054,6359,12999
남천역,2014년 3월,219558,227080,63593,6628,15994
남천역,2014년 4월,213954,221615,64057,6312,12648
남천역,2014년 5월,226450,234274,63846,7032,15577
남천역,2014년 6월,207359,214679,60041,6482,13048
남천역,2014년 7월,210986,216699,63297,6614,13144
남천역,2014년 8월,199166,206467,55481,7511,15200
남천역,2014년 9월,201711,211132,58825,6344,12336
남천역,2014년 10월,234718,243577,68200,7451,13280
남천역,2014년 11월,222505,234223,64568,7738,15621
남천역,2014년 12월,226378,238429,63619,6945,13234
남천역,2015년 1월,206649,214747,58866,7286,13944
남천역,2015년 2월,175151,180983,50177,5609,11982
남천역,2015년 3월,226783,237785,68151,6344,14273
남천역,2015년 4월,215307,225679,64720,6139,12007
남천역,2015년 5월,220014,228967,66532,7047,12696
남천역,2015년 6월,182517,191753,52350,5193,9543
남천역,2015년 7월,204878,211909,62909,6588,12779
남천역,2015년 8월,193582,199837,56893,7061,12797
남천역,2015년 9월,204470,214114,62654,6233,10894
남천역,2015년 10월,232874,240605,69279,7388,12106
남천역,2015년 11월,213894,224002,63598,6664,12116
남천역,2015년 12월,223940,235223,66375,6734,11954
남천역,2016년 1월,199413,204161,57302,6873,13179
남천역,2016년 2월,185874,190770,55720,6023,11673
남천역,2016년 3월,225030,235565,68493,6058,13769
남천역,2016년 4월,216764,226857,66557,6068,11406
남천역,2016년 5월,221355,230446,68490,6060,11401
남천역,2016년 6월,207017,217020,61469,5804,10723
남천역,2016년 7월,201532,208031,58135,6445,11924
남천역,2016년 8월,207569,214989,59101,7236,13503
남천역,2016년 9월,193766,203596,57356,5617,10613
남천역,2016년 10월,220518,230317,65573,6964,12104
남천역,2016년 11월,224589,238475,68376,6414,12288
남천역,2016년 12월,227290,238512,66676,6868,12937
남천역,2017년 1월,200044,207531,62181,6176,12208
남천역,2017년 2월,200531,206249,62573,5959,12880
남천역,2017년 3월,225392,236964,72627,6117,13254
남천역,2017년 4월,220086,231253,69284,6025,11684
남천역,2017년 5월,220910,231898,72640,6071,11250
남천역,2017년 6월,213559,223795,70378,5757,10475
남천역,2017년 7월,208572,215936,68461,6144,11011
남천역,2017년 8월,203409,210745,64961,6213,11843
남천역,2017년 9월,218081,228444,71664,6179,10147
남천역,2017년 10월,206811,213937,66518,5846,9773
남천역,2017년 11월,224263,239623,76364,5774,9830
남천역,2017년 12월,219327,231298,69314,5959,10742
남천역,2018년 1월,208315,217492,67949,6198,11165
남천역,2018년 2월,182919,190218,58509,5123,9975
남천역,2018년 3월,223682,236904,75013,6047,11963
남천역,2018년 4월,216298,229973,71854,5563,9642
남천역,2018년 5월,225533,238155,78442,6030,11230
남천역,2018년 6월,200331,211240,66113,5518,9084
남천역,2018년 7월,203686,213418,67881,5929,10225
남천역,2018년 8월,193250,202223,64122,5960,9987
남천역,2018년 9월,187504,198322,62280,5229,8744
남천역,2018년 10월,217756,230001,73379,5787,9382
남천역,2018년 11월,214550,229382,72396,5523,9428
남천역,2018년 12월,213098,225496,71033,5709,10211
남천역,2019년 1월,206525,218360,71178,5766,9553
남천역,2019년 2월,177340,185181,59457,4898,9792
남천역,2019년 3월,212924,228769,74660,5182,9836
남천역,2019년 4월,206264,221543,73070,4815,8084
남천역,2019년 5월,215037,230083,77947,5273,9162
남천역,2019년 6월,193732,207115,69416,4963,7988
남천역,2019년 7월,202509,212575,73470,5388,8641
남천역,2019년 8월,187904,199082,62979,4975,9235
남천역,2019년 9월,182313,196409,63029,3929,7557
남천역,2019년 10월,208509,223851,74359,4501,8681
남천역,2019년 11월,213293,228373,71952,4764,9054
남천역,2019년 12월,208575,223987,70798,4634,8908
남천역,2020년 1월,184812,195135,63132,4354,8955
남천역,2020년 2월,138219,147931,43756,2846,6252
남천역,2020년 3월,95966,103206,28476,1254,2549
남천역,2020년 4월,113855,121381,34976,1739,4033
남천역,2020년 5월,141645,150950,46886,2447,5449
남천역,2020년 6월,152014,164335,49793,2948,6238
남천역,2020년 7월,162150,174730,50591,3666,7034
남천역,2020년 8월,138706,147288,42416,2802,6463
남천역,2020년 9월,132528,141830,41311,2509,6152
남천역,2020년 10월,145816,155673,47005,2866,6550
남천역,2020년 11월,154925,166480,49407,2990,6892
남천역,2020년 12월,125002,133898,39000,1909,5272
남천역,2021년 1월,125078,132211,36685,2263,6547
남천역,2021년 2월,128936,136354,38779,2324,6370
남천역,2021년 3월,158151,170186,48876,2716,7256
남천역,2021년 4월,151377,162133,45413,2532,6784
남천역,2021년 5월,156347,166919,49938,2857,7118
남천역,2021년 6월,157880,169180,48305,2921,7033
남천역,2021년 7월,150213,160370,45320,2689,7044
남천역,2021년 8월,132991,142202,40654,2199,6557
남천역,2021년 9월,140748,150752,44543,2228,6549
남천역,2021년 10월,160593,170890,51122,2574,7111
남천역,2021년 11월,170280,181276,53302,2696,7418
남천역,2021년 12월,162357,172974,48868,2386,7387
남천역,2022년 1월,156745,165377,48964,2414,7678
남천역,2022년 2월,133516,141356,41263,2073,6408
남천역,2022년 3월,148091,157584,45606,2400,7764
남천역,2022년 4월,168883,179623,52557,3022,8150
남천역,2022년 5월,187732,196138,60243,3256,8642
남천역,2022년 6월,182350,192012,63135,2900,7830
남천역,2022년 7월,182502,191170,62743,3033,8542
남천역,2022년 8월,166225,175015,53670,2868,8259
남천역,2022년 9월,172073,181765,61503,2571,7407
남천역,2022년 10월,189757,200050,68074,3058,8412
남천역,2022년 11월,193844,204739,68432,3002,8359
남천역,2022년 12월,203569,211818,68293,3086,9493
남천역,2023년 1월,179908,187422,62298,2993,8969
남천역,2023년 2월,185772,194474,66533,2834,9584
남천역,2023년 3월,211498,223650,77566,3374,10085
남천역,2023년 4월,205238,215362,73626,3073,9191
남천역,2023년 5월,211434,219822,78517,2854,9199
남천역,2023년 6월,206347,217354,74249,2787,8795
남천역,2023년 7월,201186,211163,71724,3200,9945
남천역,2023년 8월,196915,206435,67366,3013,9192
남천역,2023년 9월,200282,210293,70700,2653,8594
남천역,2023년 10월,222297,233192,82023,2746,9435
남천역,2023년 11월,236759,244708,83330,3015,10962
남천역,2023년 12월,224966,235382,78564,3048,10234
남천역,2024년 1월,219462,229909,78106,3460,11047
남천역,2024년 2월,206160,213300,71449,3238,10963
남천역,2024년 3월,240253,251847,83797,3968,12014
남천역,2024년 4월,237501,249975,83928,4348,10714
남천역,2024년 5월,245638,255033,89033,4716,11546
남천역,2024년 6월,223535,231134,79226,4197,10894
남천역,2024년 7월,232135,239395,80001,4574,11961
남천역,2024년 8월,208471,214812,67751,4239,11408
남천역,2024년 9월,209809,217310,73668,3709,10215
남천역,2024년 10월,236613,246276,87070,4016,11114
남천역,2024년 11월,253895,256160,87088,4568,13200
남천역,2024년 12월,244299,252521,85606,4058,12578
경성대부경대역,2014년 1월,484473,533996,49428,10154,33831
경성대부경대역,2014년 2월,471879,522626,47736,10085,43000
경성대부경대역,2014년 3월,705194,756086,56876,12332,65791
경성대부경대역,2014년 4월,655120,707319,56786,11264,54044
경성대부경대역,2014년 5월,677098,728496,57685,14689,59278
경성대부경대역,2014년 6월,561969,610324,53982,10228,41522
경성대부경대역,2014년 7월,511432,557001,54239,10774,36027
경성대부경대역,2014년 8월,476446,521784,50959,11071,32597
경성대부경대역,2014년 9월,592577,646845,53275,9748,36766
경성대부경대역,2014년 10월,635579,690307,58956,11747,40638
경성대부경대역,2014년 11월,636965,688565,59141,11994,53258
경성대부경대역,2014년 12월,596892,650424,59345,11550,41311
경성대부경대역,2015년 1월,495765,544387,57912,10264,32288
경성대부경대역,2015년 2월,448216,487987,48120,9727,39110
경성대부경대역,2015년 3월,712968,762656,61553,12019,62127
경성대부경대역,2015년 4월,660138,706753,60714,11392,51053
경성대부경대역,2015년 5월,669609,718836,61419,13966,55159
경성대부경대역,2015년 6월,530093,575016,52434,8369,34151
경성대부경대역,2015년 7월,502380,543707,57873,10064,32061
경성대부경대역,2015년 8월,487122,529139,53206,10835,30563
경성대부경대역,2015년 9월,605290,653042,55380,11632,35751
경성대부경대역,2015년 10월,644809,693812,63753,12481,38274
경성대부경대역,2015년 11월,633515,679135,59177,11836,45955
경성대부경대역,2015년 12월,596021,637233,60994,11626,38497
경성대부경대역,2016년 1월,489098,526925,54130,10229,32718
경성대부경대역,2016년 2월,468964,500050,50226,10114,39926
경성대부경대역,2016년 3월,701524,737483,62564,11781,59742
경성대부경대역,2016년 4월,643110,673328,60938,11474,50022
경성대부경대역,2016년 5월,664453,707080,59990,13952,54029
경성대부경대역,2016년 6월,574708,607319,59505,9970,37161
경성대부경대역,2016년 7월,513697,542645,56448,11755,35879
경성대부경대역,2016년 8월,494594,529044,54833,11468,30524
경성대부경대역,2016년 9월,582390,618286,53066,10986,35508
경성대부경대역,2016년 10월,603512,643741,59913,12329,37231
경성대부경대역,2016년 11월,642859,680058,59695,12427,42255
경성대부경대역,2016년 12월,597736,632470,60926,12391,42553
경성대부경대역,2017년 1월,475947,511528,53667,10336,32351
경성대부경대역,2017년 2월,487399,519562,54675,10769,41103
경성대부경대역,2017년 3월,695477,737475,63729,12957,63833
경성대부경대역,2017년 4월,630562,663257,61620,11742,50162
경성대부경대역,2017년 5월,658810,700410,63154,14613,53842
경성대부경대역,2017년 6월,581539,616024,63444,10836,37815
경성대부경대역,2017년 7월,511521,542848,59230,12116,33626
경성대부경대역,2017년 8월,496463,532112,58603,11785,30430
경성대부경대역,2017년 9월,621509,658205,62747,11406,35234
경성대부경대역,2017년 10월,565011,605404,57760,12064,33929
경성대부경대역,2017년 11월,637519,675003,63773,11705,34475
경성대부경대역,2017년 12월,598897,628171,61180,12478,41468
경성대부경대역,2018년 1월,488437,522391,57049,9874,28436
경성대부경대역,2018년 2월,449210,474185,50452,9900,33241
경성대부경대역,2018년 3월,685609,715993,63709,11871,56369
경성대부경대역,2018년 4월,638131,669134,62861,11022,44534
경성대부경대역,2018년 5월,666148,694922,64028,13352,48085
경성대부경대역,2018년 6월,572796,596091,60432,10190,33387
경성대부경대역,2018년 7월,518136,542668,59591,10954,30501
경성대부경대역,2018년 8월,492055,516297,57806,11266,26005
경성대부경대역,2018년 9월,567601,595441,56551,9986,28877
경성대부경대역,2018년 10월,636942,664338,66818,11473,32376
경성대부경대역,2018년 11월,654249,679787,65574,11767,37769
경성대부경대역,2018년 12월,593228,614962,63354,11425,33751
경성대부경대역,2019년 1월,502972,529467,63568,9333,25304
경성대부경대역,2019년 2월,454377,475642,55454,9296,28676
경성대부경대역,2019년 3월,682002,709688,67995,11447,48676
경성대부경대역,2019년 4월,649983,678088,68542,10396,39389
경성대부경대역,2019년 5월,677036,703815,69932,12219,42656
경성대부경대역,2019년 6월,565942,590734,65132,9623,28696
경성대부경대역,2019년 7월,521860,544606,65744,9397,25902
경성대부경대역,2019년 8월,499542,519584,61786,9729,23964
경성대부경대역,2019년 9월,577839,606559,60365,8780,25393
경성대부경대역,2019년 10월,628775,656276,70754,10143,27208
경성대부경대역,2019년 11월,656770,681551,71062,10738,33341
경성대부경대역,2019년 12월,611588,636979,72126,10691,29446
경성대부경대역,2020년 1월,476385,498009,62151,8548,20520
경성대부경대역,2020년 2월,363512,380551,47975,5381,15832
경성대부경대역,2020년 3월,234519,250232,31946,2339,6280
경성대부경대역,2020년 4월,279743,297927,39777,3054,8284
경성대부경대역,2020년 5월,344367,364129,50167,4176,11716
경성대부경대역,2020년 6월,392058,412195,53630,4662,16861
경성대부경대역,2020년 7월,410300,431405,55149,4909,16081
경성대부경대역,2020년 8월,347948,367663,46302,4509,14304
경성대부경대역,2020년 9월,326809,343541,43750,3310,12398
경성대부경대역,2020년 10월,378202,402111,50111,4468,15349
경성대부경대역,2020년 11월,405706,432301,52362,4411,15512
경성대부경대역,2020년 12월,289237,304448,40990,2632,10648
경성대부경대역,2021년 1월,281017,299170,38420,3077,10576
경성대부경대역,2021년 2월,299974,317017,39923,3723,13284
경성대부경대역,2021년 3월,403479,423669,52698,4378,21963
경성대부경대역,2021년 4월,371221,388520,51011,3804,16986
경성대부경대역,2021년 5월,376504,394137,51201,4433,18727
경성대부경대역,2021년 6월,377516,394013,52185,4094,14658
경성대부경대역,2021년 7월,355543,375632,48967,3949,15268
경성대부경대역,2021년 8월,306829,324837,43633,3182,11501
경성대부경대역,2021년 9월,339361,358852,47655,3594,13998
경성대부경대역,2021년 10월,388833,408799,54464,4240,17002
경성대부경대역,2021년 11월,431084,450183,56730,4150,16676
경성대부경대역,2021년 12월,409081,428934,52575,4237,19101
경성대부경대역,2022년 1월,353754,371653,49271,3862,15126
경성대부경대역,2022년 2월,302396,321092,42759,3175,14733
경성대부경대역,2022년 3월,404855,422256,47883,3844,31164
경성대부경대역,2022년 4월,457438,473646,55573,5091,30164
경성대부경대역,2022년 5월,528789,553031,61134,6071,35633
경성대부경대역,2022년 6월,454536,471717,58771,5093,23928
경성대부경대역,2022년 7월,401280,418337,56846,5151,21301
경성대부경대역,2022년 8월,378331,394650,53817,4987,17618
경성대부경대역,2022년 9월,485047,503390,56147,5135,22264
경성대부경대역,2022년 10월,502870,523875,63612,5442,21394
경성대부경대역,2022년 11월,522616,542629,63254,4841,19595
경성대부경대역,2022년 12월,483247,497435,61360,5043,22179
경성대부경대역,2023년 1월,371886,385068,54278,4632,16844
경성대부경대역,2023년 2월,375359,388149,57816,4693,20440
경성대부경대역,2023년 3월,581974,603227,67969,5106,44872
경성대부경대역,2023년 4월,529139,544895,63617,5604,35818
경성대부경대역,2023년 5월,545867,565369,64874,5671,36843
경성대부경대역,2023년 6월,488502,502428,63810,5013,26788
경성대부경대역,2023년 7월,404656,415522,60088,5019,21622
경성대부경대역,2023년 8월,393985,403116,59036,4873,17603
경성대부경대역,2023년 9월,497643,509866,60295,4527,22079
경성대부경대역,2023년 10월,511231,533367,68840,4698,21542
경성대부경대역,2023년 11월,541070,558666,67953,3923,21606
경성대부경대역,2023년 12월,492115,501660,66953,4305,22415
경성대부경대역,2024년 1월,405842,416857,65043,4884,18219
경성대부경대역,2024년 2월,379806,388822,59033,4920,21917
경성대부경대역,2024년 3월,571344,585998,71509,5282,45783
경성대부경대역,2024년 4월,548248,564395,70754,4996,37906
경성대부경대역,2024년 5월,571325,580417,74012,6204,40444
경성대부경대역,2024년 6월,488302,499529,69038,5466,27545
경성대부경대역,2024년 7월,430509,436964,68722,5704,24347
경성대부경대역,2024년 8월,408584,413282,63299,6301,20320
경성대부경대역,2024년 9월,482687,497059,62432,5109,23172
경성대부경대역,2024년 10월,518177,532425,73747,6204,23261
경성대부경대역,2024년 11월,535621,545630,72517,5506,23632
경성대부경대역,2024년 12월,501050,510336,73000,5477,24443
대연역,2014년 1월,273109,263639,79656,5692,10421
대연역,2014년 2월,257078,249164,72480,5045,11571
대연역,2014년 3월,302933,295019,85465,5430,15462
대연역,2014년 4월,301141,293986,85986,5556,15146
대연역,2014년 5월,314140,303152,86470,6746,16986
대연역,2014년 6월,289423,277527,83258,5702,14580
대연역,2014년 7월,296506,282309,88616,6055,13738
대연역,2014년 8월,279770,265497,78288,6240,12743
대연역,2014년 9월,280729,269798,79306,5306,13176
대연역,2014년 10월,308186,297892,86590,5944,14971
대연역,2014년 11월,299391,288368,83311,5837,17327
대연역,2014년 12월,303468,292137,84252,5774,15270
대연역,2015년 1월,281106,269859,82447,5484,11017
대연역,2015년 2월,242873,232487,69868,4715,10438
대연역,2015년 3월,306134,298224,87937,5332,14902
대연역,2015년 4월,300664,293812,85299,5372,14251
대연역,2015년 5월,309817,297881,85876,6349,16228
대연역,2015년 6월,264783,254023,73590,4488,12505
대연역,2015년 7월,288641,273779,84234,5304,13026
대연역,2015년 8월,279252,264832,77991,5693,12042
대연역,2015년 9월,280717,269887,79746,5115,12884
대연역,2015년 10월,308573,297352,88902,5817,13951
대연역,2015년 11월,295882,286324,83095,5428,15213
대연역,2015년 12월,307882,294427,87856,5632,14979
대연역,2016년 1월,277989,267157,81116,5012,10965
대연역,2016년 2월,257788,247459,74055,4538,10444
대연역,2016년 3월,309709,300265,89781,5003,14536
대연역,2016년 4월,301103,291913,87253,5280,13954
대연역,2016년 5월,307606,295908,88353,5760,14985
대연역,2016년 6월,300134,286625,87163,5935,13530
대연역,2016년 7월,292623,277097,84410,5691,12878
대연역,2016년 8월,282604,268757,80073,5850,11394
대연역,2016년 9월,273306,262585,76390,5359,12185
대연역,2016년 10월,296717,288379,85912,5646,12490
대연역,2016년 11월,295776,291677,84764,5356,14181
대연역,2016년 12월,303425,292164,86367,5806,14840
대연역,2017년 1월,266674,256391,78464,5337,10037
대연역,2017년 2월,267300,259339,79999,5054,10587
대연역,2017년 3월,305633,298141,91877,5194,14188
대연역,2017년 4월,294581,284839,86868,5562,13498
대연역,2017년 5월,304420,292556,89394,5816,14077
대연역,2017년 6월,294612,283345,90625,5627,12603
대연역,2017년 7월,284167,273523,85508,5803,11930
대연역,2017년 8월,280768,267160,83348,6055,11051
대연역,2017년 9월,295338,282349,88904,5515,12475
대연역,2017년 10월,276639,265300,80856,5288,11160
대연역,2017년 11월,297670,287897,89047,5245,12179
대연역,2017년 12월,296502,284240,87085,5508,12228
대연역,2018년 1월,276042,265816,83946,5236,9020
대연역,2018년 2월,244876,235539,73120,4521,8808
대연역,2018년 3월,304409,295306,90210,5047,12881
대연역,2018년 4월,297654,290025,88929,4616,11089
대연역,2018년 5월,304586,294282,90847,5372,11751
대연역,2018년 6월,289093,279074,88046,4600,10636
대연역,2018년 7월,289091,277154,88913,4812,9883
대연역,2018년 8월,283381,269171,86069,4753,8829
대연역,2018년 9월,275351,264478,82179,4192,9207
대연역,2018년 10월,315701,305097,97032,4811,10333
대연역,2018년 11월,317861,307816,95848,4582,11629
대연역,2018년 12월,313728,301864,93531,5025,11651
대연역,2019년 1월,303935,291647,96754,4744,7631
대연역,2019년 2월,266887,256207,83380,4304,8035
대연역,2019년 3월,325262,313111,101464,4548,11811
대연역,2019년 4월,319231,308445,100888,4784,10538
대연역,2019년 5월,329691,315755,102859,5223,11535
대연역,2019년 6월,304887,290265,96239,4535,9722
대연역,2019년 7월,310200,295732,97757,5063,9659
대연역,2019년 8월,299714,281424,91368,5145,8411
대연역,2019년 9월,285864,274057,87532,3961,9017
대연역,2019년 10월,317482,304857,100784,4711,9545
대연역,2019년 11월,324567,311450,99929,4917,11634
대연역,2019년 12월,324690,309472,101216,4825,10615
대연역,2020년 1월,289542,275760,91777,4411,6606
대연역,2020년 2월,227741,218061,69959,2712,5003
대연역,2020년 3월,164793,160271,46712,1354,2208
대연역,2020년 4월,193477,186123,58577,1971,3058
대연역,2020년 5월,229907,221567,72262,2656,4618
대연역,2020년 6월,247703,238249,76224,3057,7807
대연역,2020년 7월,262572,252493,78880,3353,8341
대연역,2020년 8월,226611,216023,66672,2669,6116
대연역,2020년 9월,213878,204177,64127,2258,6174
대연역,2020년 10월,234044,226234,72474,2598,6963
대연역,2020년 11월,249721,240442,76773,2890,8459
대연역,2020년 12월,202982,199104,62176,2045,5317
대연역,2021년 1월,195524,192299,59482,1858,4349
대연역,2021년 2월,198772,193097,61095,2119,4762
대연역,2021년 3월,252785,244037,79722,2496,7645
대연역,2021년 4월,245214,238114,76878,2518,6958
대연역,2021년 5월,248922,241288,77480,2809,7188
대연역,2021년 6월,254686,245993,78253,2699,7182
대연역,2021년 7월,243952,236079,73050,2638,7383
대연역,2021년 8월,218058,213063,66947,2039,5796
대연역,2021년 9월,231888,226226,72405,2318,7519
대연역,2021년 10월,261593,255050,83808,2651,7721
대연역,2021년 11월,270717,263742,85256,2491,7166
대연역,2021년 12월,262682,258150,79131,2390,7401
대연역,2022년 1월,244968,241850,77035,2385,5553
대연역,2022년 2월,208927,209117,64819,1904,5216
대연역,2022년 3월,238888,234599,73247,2092,7856
대연역,2022년 4월,267424,259909,82397,2756,8850
대연역,2022년 5월,294443,284567,92670,3018,10360
대연역,2022년 6월,276549,266306,88656,2594,8320
대연역,2022년 7월,277254,266480,86088,2937,8639
대연역,2022년 8월,264205,252420,81842,2914,8202
대연역,2022년 9월,263832,253909,82135,2519,8169
대연역,2022년 10월,289601,279132,93743,2870,8679
대연역,2022년 11월,288875,280151,92360,3195,8675
대연역,2022년 12월,289681,280145,93082,2585,8728
대연역,2023년 1월,260090,250355,84906,2606,6603
대연역,2023년 2월,261262,251629,89129,2467,6458
대연역,2023년 3월,301934,290697,102849,2546,9184
대연역,2023년 4월,286862,277042,96131,2447,8633
대연역,2023년 5월,295254,282691,99067,2620,8759
대연역,2023년 6월,288810,277790,97442,2611,7979
대연역,2023년 7월,282079,270644,92071,2733,8836
대연역,2023년 8월,278408,265249,89838,2811,7934
대연역,2023년 9월,279410,266384,91857,2511,7768
대연역,2023년 10월,301248,290140,105207,2268,8359
대연역,2023년 11월,306719,296302,104787,2347,8765
대연역,2023년 12월,301534,290600,102152,2249,8020
대연역,2024년 1월,290826,283602,103482,2205,6442
대연역,2024년 2월,266951,259117,91862,2291,6366
대연역,2024년 3월,308344,299937,106257,2143,9306
대연역,2024년 4월,303399,296783,104801,2536,9192
대연역,2024년 5월,317542,308391,110556,2992,9490
대연역,2024년 6월,294339,287225,103256,3019,8313
대연역,2024년 7월,307197,297192,104467,3209,9231
대연역,2024년 8월,290088,279361,95731,3051,8087
대연역,2024년 9월,280106,271801,94020,2548,7702
대연역,2024년 10월,308429,299808,107960,3048,8458
대연역,2024년 11월,313911,304305,107052,3157,8763
대연역,2024년 12월,316828,307050,109580,2987,9281
못골역,2014년 1월,127346,132296,46344,2765,6523
못골역,2014년 2월,122442,129061,42741,2766,8345
못골역,2014년 3월,149139,157429,50287,3288,15331
못골역,2014년 4월,149158,158333,50581,3305,16386
못골역,2014년 5월,152938,160167,51876,4001,16131
못골역,2014년 6월,140452,147486,48752,3298,14032
못골역,2014년 7월,141568,149555,49466,3511,13453
못골역,2014년 8월,126940,133148,45720,2986,7882
못골역,2014년 9월,137372,144287,46839,3262,14032
못골역,2014년 10월,152109,161456,55612,3544,14179
못골역,2014년 11월,142134,152570,49542,3141,13538
못골역,2014년 12월,145262,154917,49500,3455,13851
못골역,2015년 1월,126526,135160,48215,2586,5193
못골역,2015년 2월,115366,122976,41109,2536,7551
못골역,2015년 3월,148297,160034,50603,3295,14946
못골역,2015년 4월,144079,154940,49599,3138,14804
못골역,2015년 5월,143649,153679,50000,3398,13618
못골역,2015년 6월,129573,139201,42591,2698,14380
못골역,2015년 7월,137472,146202,48794,2947,11341
못골역,2015년 8월,129362,137212,45473,2681,9646
못골역,2015년 9월,136910,144308,46708,2938,12870
못골역,2015년 10월,147619,157722,51671,3013,12657
못골역,2015년 11월,142736,152328,48089,2896,13921
못골역,2015년 12월,145297,153263,50363,2982,11793
못골역,2016년 1월,123662,131830,45964,2208,4940
못골역,2016년 2월,119665,126533,42547,2347,7108
못골역,2016년 3월,151904,160687,50459,2866,15678
못골역,2016년 4월,146175,154940,49519,2649,13994
못골역,2016년 5월,150912,159313,51815,2943,14309
못골역,2016년 6월,147458,154189,49908,2975,15001
못골역,2016년 7월,140128,147244,48601,2807,11523
못골역,2016년 8월,135843,141890,47193,2538,9611
못골역,2016년 9월,134775,140073,44870,2501,12606
못골역,2016년 10월,144571,151896,49883,2587,11605
못골역,2016년 11월,147509,156429,50136,2692,13387
못골역,2016년 12월,145534,154711,49235,2485,11251
못골역,2017년 1월,125398,132401,45592,2113,4851
못골역,2017년 2월,126681,135238,44964,2143,6929
못골역,2017년 3월,153312,162021,53928,2735,14110
못골역,2017년 4월,145484,153942,50689,2589,12637
못골역,2017년 5월,148728,155903,51537,3050,12944
못골역,2017년 6월,144746,151832,50998,2927,12710
못골역,2017년 7월,136572,142927,48466,2685,9920
못골역,2017년 8월,133111,138486,47952,2783,8072
못골역,2017년 9월,145302,151251,50951,3039,12208
못골역,2017년 10월,132183,138304,46397,2816,9990
못골역,2017년 11월,146510,153105,50669,2990,11508
못골역,2017년 12월,142365,148579,48023,2960,10994
못골역,2018년 1월,128948,137136,46826,2192,4709
못골역,2018년 2월,114240,120614,41227,2112,6018
못골역,2018년 3월,157093,162761,52887,3242,12127
못골역,2018년 4월,160309,166365,53693,3390,11551
못골역,2018년 5월,170159,175204,57151,3977,11851
못골역,2018년 6월,164393,168778,55580,3812,11827
못골역,2018년 7월,162927,168186,55083,3664,9863
못골역,2018년 8월,154644,160701,52210,3436,8207
못골역,2018년 9월,153346,157486,50915,3334,9935
못골역,2018년 10월,173486,181673,58319,3498,11044
못골역,2018년 11월,175493,182283,57889,3529,11747
못골역,2018년 12월,169919,176836,57344,3455,10648
못골역,2019년 1월,160810,168273,57731,3011,5732
못골역,2019년 2월,141364,147520,49453,2822,5752
못골역,2019년 3월,175264,182795,59405,3292,11528
못골역,2019년 4월,174159,183473,59462,3084,11253
못골역,2019년 5월,178349,188877,60431,3531,11500
못골역,2019년 6월,164421,172643,55894,3307,9722
못골역,2019년 7월,166322,174351,57954,3184,9567
못골역,2019년 8월,153703,160624,53224,3317,6524
못골역,2019년 9월,152618,160212,51589,2862,9264
못골역,2019년 10월,169106,179259,58139,3156,10033
못골역,2019년 11월,168751,178984,55817,3507,10791
못골역,2019년 12월,164982,175303,54103,3089,9893
못골역,2020년 1월,142779,153091,48599,2593,5264
못골역,2020년 2월,112143,122376,36682,1666,4113
못골역,2020년 3월,79063,87599,25032,854,1082
못골역,2020년 4월,91776,99992,30814,1073,1806
못골역,2020년 5월,110348,118929,38118,1548,3408
못골역,2020년 6월,127010,136240,40530,2079,9431
못골역,2020년 7월,134870,144378,42006,2145,10084
못골역,2020년 8월,108408,117572,34517,1552,4885
못골역,2020년 9월,105227,113831,33782,1333,5207
못골역,2020년 10월,115858,123725,37394,1578,6690
못골역,2020년 11월,124266,132029,39502,1828,8395
못골역,2020년 12월,98343,108312,30996,1201,5116
못골역,2021년 1월,93722,103516,29279,1326,3948
못골역,2021년 2월,94610,103174,29664,1341,3673
못골역,2021년 3월,123952,132959,38458,1776,8031
못골역,2021년 4월,119732,130490,37640,1726,7466
못골역,2021년 5월,118344,128962,37270,1774,6922
못골역,2021년 6월,123900,132653,37402,1884,7785
못골역,2021년 7월,116393,126469,35564,1673,6566
못골역,2021년 8월,104687,114450,33349,1473,4974
못골역,2021년 9월,111917,119064,35582,1578,7284
못골역,2021년 10월,125099,131850,40368,1785,7676
못골역,2021년 11월,129594,135259,41292,1840,6481
못골역,2021년 12월,127228,133245,38384,1842,7889
못골역,2022년 1월,113647,120296,36521,1550,4038
못골역,2022년 2월,98862,105516,31692,1319,4200
못골역,2022년 3월,113303,120046,35713,1585,7501
못골역,2022년 4월,127820,133611,39609,2105,9296
못골역,2022년 5월,140380,146234,44229,2378,10171
못골역,2022년 6월,132873,138741,42500,2245,8855
못골역,2022년 7월,131089,136954,42227,2332,7151
못골역,2022년 8월,125391,130296,39928,2204,7211
못골역,2022년 9월,127007,132997,40245,2019,8526
못골역,2022년 10월,139855,147108,44226,2267,8458
못골역,2022년 11월,138773,147107,43711,2092,9276
못골역,2022년 12월,137401,143959,42463,1970,9693
못골역,2023년 1월,117925,124994,38438,1914,4560
못골역,2023년 2월,122650,128949,40935,1952,5282
못골역,2023년 3월,145818,154487,46188,2274,10992
못골역,2023년 4월,140714,148943,44369,2672,10151
못골역,2023년 5월,142634,149522,44954,2773,10598
못골역,2023년 6월,140099,147691,44552,2408,10206
못골역,2023년 7월,134604,139790,42930,2275,8710
못골역,2023년 8월,134530,137478,41105,2122,9089
못골역,2023년 9월,135714,138658,42203,2006,9370
못골역,2023년 10월,149123,153617,48181,2035,9397
못골역,2023년 11월,152078,158171,48304,1776,10973
못골역,2023년 12월,148362,152835,47306,1845,10051
못골역,2024년 1월,138753,144745,46881,2041,5259
못골역,2024년 2월,128111,131335,42043,1899,5205
못골역,2024년 3월,154594,159064,48758,2126,11139
못골역,2024년 4월,155679,160209,48957,2497,11166
못골역,2024년 5월,160538,165219,50957,3012,11059
못골역,2024년 6월,149368,154279,47417,2800,9949
못골역,2024년 7월,158429,162882,50185,2657,10037
못골역,2024년 8월,148416,150758,46828,2766,8248
못골역,2024년 9월,146826,150192,45797,2878,9721
못골역,2024년 10월,162565,167152,52030,2761,10176
못골역,2024년 11월,162476,167227,51168,2889,10413
못골역,2024년 12월,159378,163823,51075,2666,10383
지게골역,2014년 1월,102447,92897,38865,1992,4319
지게골역,2014년 2월,97158,89122,35174,1861,6165
지게골역,2014년 3월,116943,107698,40180,2297,11083
지게골역,2014년 4월,115201,106657,39796,2349,11488
지게골역,2014년 5월,118197,107372,40972,2878,10951
지게골역,2014년 6월,110597,100642,38738,2562,10339
지게골역,2014년 7월,111531,101449,39803,2504,9320
지게골역,2014년 8월,101635,90235,37276,2250,5612
지게골역,2014년 9월,106342,96469,37461,2414,9467
지게골역,2014년 10월,113977,104092,41200,2376,8935
지게골역,2014년 11월,108153,99102,38606,2352,8756
지게골역,2014년 12월,112393,102748,38967,2783,9230
지게골역,2015년 1월,101849,93400,38596,2134,4021
지게골역,2015년 2월,90514,83161,33054,1841,5404
지게골역,2015년 3월,114712,106216,40250,2490,10214
지게골역,2015년 4월,111161,102908,39899,2210,9523
지게골역,2015년 5월,112093,102246,40793,2583,8923
지게골역,2015년 6월,100897,92270,35356,2024,10251
지게골역,2015년 7월,107426,98704,40583,2041,7530
지게골역,2015년 8월,101966,92026,38034,2092,6963
지게골역,2015년 9월,106254,96534,38601,2056,9155
지게골역,2015년 10월,115330,104954,42055,2224,8874
지게골역,2015년 11월,109079,99899,39238,2146,8737
지게골역,2015년 12월,112399,102756,41020,2223,7716
지게골역,2016년 1월,97208,90125,37234,1860,3382
지게골역,2016년 2월,92144,84731,33962,1874,4893
지게골역,2016년 3월,113243,104953,39748,2284,10287
지게골역,2016년 4월,109074,101023,39012,2188,9419
지게골역,2016년 5월,109279,101604,39259,2276,9133
지게골역,2016년 6월,107008,99206,38059,2140,10181
지게골역,2016년 7월,103664,95931,37962,2277,8040
지게골역,2016년 8월,100164,92138,36532,2322,7960
지게골역,2016년 9월,98755,90786,35287,2113,8759
지게골역,2016년 10월,106991,98635,38951,2379,9056
지게골역,2016년 11월,107508,100240,38531,2354,9707
지게골역,2016년 12월,109112,100603,38922,2603,8198
지게골역,2017년 1월,92737,86117,35515,1793,3765
지게골역,2017년 2월,92806,86587,35661,1816,5169
지게골역,2017년 3월,110480,104144,40897,2519,10239
지게골역,2017년 4월,106219,99561,39201,2422,8977
지게골역,2017년 5월,107352,99730,40425,2637,8491
지게골역,2017년 6월,104219,98486,39804,2554,8497
지게골역,2017년 7월,101484,95496,38833,2468,6987
지게골역,2017년 8월,97185,90596,38354,2479,5396
지게골역,2017년 9월,104949,97162,40878,2622,7878
지게골역,2017년 10월,96718,90368,36881,2678,6360
지게골역,2017년 11월,104405,97224,40473,2472,7132
지게골역,2017년 12월,101667,95235,39311,2466,6312
지게골역,2018년 1월,94252,88542,37977,1782,3653
지게골역,2018년 2월,84500,78855,33849,1751,4131
지게골역,2018년 3월,106509,99322,41626,2614,8247
지게골역,2018년 4월,103453,97116,41147,2508,7700
지게골역,2018년 5월,104550,97597,41820,2535,7418
지게골역,2018년 6월,98453,91629,39157,2246,6971
지게골역,2018년 7월,96127,90452,38870,2069,5865
지게골역,2018년 8월,91715,84873,37902,1973,4661
지게골역,2018년 9월,90766,82996,36479,2034,6090
지게골역,2018년 10월,103143,95024,41848,2362,6980
지게골역,2018년 11월,100434,93455,40208,2337,6936
지게골역,2018년 12월,97893,91653,39562,2222,5926
지게골역,2019년 1월,92920,86864,39793,1761,2825
지게골역,2019년 2월,82032,76830,34658,1620,3068
지게골역,2019년 3월,101088,94865,41074,2334,6908
지게골역,2019년 4월,99880,94905,41202,2224,6826
지게골역,2019년 5월,101580,95733,42412,2485,6608
지게골역,2019년 6월,92440,87784,39262,1977,5251
지게골역,2019년 7월,93657,89264,40343,1870,4510
지게골역,2019년 8월,87271,82129,37856,1625,3503
지게골역,2019년 9월,85928,81113,35530,1933,5272
지게골역,2019년 10월,95939,91912,40160,1996,5613
지게골역,2019년 11월,95525,91001,39479,2126,5657
지게골역,2019년 12월,94672,91663,39488,1939,4713
지게골역,2020년 1월,82299,79553,36418,1216,1684
지게골역,2020년 2월,68007,66478,28786,1007,2082
지게골역,2020년 3월,50580,49744,20797,425,400
지게골역,2020년 4월,57759,56448,24800,565,804
지게골역,2020년 5월,67730,65857,29550,849,1585
지게골역,2020년 6월,75302,74113,30273,1442,5371
지게골역,2020년 7월,79190,78028,31508,1540,5788
지게골역,2020년 8월,66853,65210,27300,1090,3114
지게골역,2020년 9월,64883,63105,26050,1113,3741
지게골역,2020년 10월,71205,70044,28376,1185,3899
지게골역,2020년 11월,76420,74689,30483,1239,4522
지게골역,2020년 12월,61925,62044,24675,806,2829
지게골역,2021년 1월,57495,57974,23333,708,1620
지게골역,2021년 2월,57623,57696,24280,693,1645
지게골역,2021년 3월,75419,74957,30696,1093,4463
지게골역,2021년 4월,73121,73143,28815,1121,4964
지게골역,2021년 5월,72649,72323,29432,1137,4416
지게골역,2021년 6월,75715,75677,29939,1156,5674
지게골역,2021년 7월,70359,70741,29103,1024,4017
지게골역,2021년 8월,61477,62207,26354,727,2684
지게골역,2021년 9월,67332,67326,27693,948,4860
지게골역,2021년 10월,75497,74851,31477,992,5248
지게골역,2021년 11월,76873,75844,32456,883,4088
지게골역,2021년 12월,75304,74839,30534,955,4968
지게골역,2022년 1월,67465,67440,29333,777,1796
지게골역,2022년 2월,57638,57770,25267,539,1256
지게골역,2022년 3월,68987,69082,28284,953,5386
지게골역,2022년 4월,78001,77464,31160,1043,6512
지게골역,2022년 5월,84529,82965,33972,1204,6050
지게골역,2022년 6월,79832,78384,32130,1177,5837
지게골역,2022년 7월,78422,76929,32470,963,3911
지게골역,2022년 8월,75112,72949,31181,980,4117
지게골역,2022년 9월,75260,74091,30528,948,4515
지게골역,2022년 10월,82412,80565,34071,1069,4880
지게골역,2022년 11월,81632,79358,33527,902,4614
지게골역,2022년 12월,82022,80396,33569,1014,4863
지게골역,2023년 1월,71301,69232,30669,757,2077
지게골역,2023년 2월,70822,68905,31011,621,1872
지게골역,2023년 3월,85722,83919,35655,901,6641
지게골역,2023년 4월,81361,79481,33882,894,5986
지게골역,2023년 5월,81044,80186,34328,836,5786
지게골역,2023년 6월,78629,78739,33881,805,5642
지게골역,2023년 7월,74192,74125,32425,814,4154
지게골역,2023년 8월,75597,72324,31540,799,4273
지게골역,2023년 9월,76906,73894,31676,679,5316
지게골역,2023년 10월,82765,80359,35863,471,5155
지게골역,2023년 11월,82884,80665,35160,427,5330
지게골역,2023년 12월,81432,78949,34696,472,4843
지게골역,2024년 1월,77500,75074,34848,585,1853
지게골역,2024년 2월,70924,69058,31258,551,2299
지게골역,2024년 3월,85430,83479,36731,514,6699
지게골역,2024년 4월,84441,83160,35954,557,6498
지게골역,2024년 5월,87175,85724,38182,521,6118
지게골역,2024년 6월,82119,80887,36626,509,5585
지게골역,2024년 7월,83844,82688,37520,549,4876
지게골역,2024년 8월,76163,74828,33793,632,3991
지게골역,2024년 9월,75467,73541,32632,559,4970
지게골역,2024년 10월,84649,83294,36905,509,5557
지게골역,2024년 11월,87131,85305,37615,564,5405
지게골역,2024년 12월,85271,83868,36594,483,5380
문현역,2014년 1월,145111,133280,37552,4485,7705
문현역,2014년 2월,136987,127453,34177,4247,7804
문현역,2014년 3월,157848,146670,40613,4255,9609
문현역,2014년 4월,158604,147367,41375,4159,9217
문현역,2014년 5월,162372,149199,42132,5069,10463
문현역,2014년 6월,152194,142696,40330,4431,8817
문현역,2014년 7월,154996,145162,40694,4759,8680
문현역,2014년 8월,143768,132801,38470,4610,7284
문현역,2014년 9월,148161,136876,39691,4163,7831
문현역,2014년 10월,164761,153801,44362,4949,8724
문현역,2014년 11월,160253,150481,41965,5066,10073
문현역,2014년 12월,166209,156862,41842,5140,10996
문현역,2015년 1월,149541,140570,41493,4212,7027
문현역,2015년 2월,126372,118501,34770,3631,6587
문현역,2015년 3월,161881,152696,43751,4259,8806
문현역,2015년 4월,158626,150258,43083,3981,7979
문현역,2015년 5월,161291,152424,43233,4959,8859
문현역,2015년 6월,143201,136336,37943,3722,7389
문현역,2015년 7월,152363,142909,41058,4463,8024
문현역,2015년 8월,144652,134367,37912,4458,7509
문현역,2015년 9월,147685,138373,39006,4221,7754
문현역,2015년 10월,168221,158986,44988,4605,8625
문현역,2015년 11월,160531,152519,41591,4379,8943
문현역,2015년 12월,163942,155046,42241,4729,9395
문현역,2016년 1월,146055,138178,38831,4090,6406
문현역,2016년 2월,135147,128006,35563,3564,7045
문현역,2016년 3월,163250,154216,43060,4342,8370
문현역,2016년 4월,160664,151895,42321,4422,7862
문현역,2016년 5월,165078,153761,42891,4651,9165
문현역,2016년 6월,158991,148948,42255,4343,7936
문현역,2016년 7월,154807,144821,41012,4897,7977
문현역,2016년 8월,149675,138761,40496,4482,7130
문현역,2016년 9월,144507,134487,37884,4170,7455
문현역,2016년 10월,164060,154361,43565,4700,8562
문현역,2016년 11월,165992,154523,42160,4776,9128
문현역,2016년 12월,173045,158174,43646,5204,9467
문현역,2017년 1월,142559,132708,38309,3697,5987
문현역,2017년 2월,145768,135609,38798,3989,6745
문현역,2017년 3월,164864,153938,44172,4222,8955
문현역,2017년 4월,162024,151644,42982,4062,8253
문현역,2017년 5월,163965,152527,44542,4596,8873
문현역,2017년 6월,159164,148063,44744,4281,7397
문현역,2017년 7월,152038,141292,41684,4289,7405
문현역,2017년 8월,145497,134816,40560,4241,6354
문현역,2017년 9월,160007,149535,44221,4104,7323
문현역,2017년 10월,147817,138687,40735,4011,6849
문현역,2017년 11월,166272,158026,44991,4330,7621
문현역,2017년 12월,159641,151019,42556,4385,7963
문현역,2018년 1월,146577,138712,40286,3822,5450
문현역,2018년 2월,128841,121138,35600,3385,5343
문현역,2018년 3월,160669,152461,44412,3670,6974
문현역,2018년 4월,160124,150395,44801,3494,6504
문현역,2018년 5월,162388,151791,45781,4125,7398
문현역,2018년 6월,153897,143691,43569,3553,6084
문현역,2018년 7월,151441,141524,41953,3820,6364
문현역,2018년 8월,145644,134550,41498,3647,5584
문현역,2018년 9월,141893,132220,40338,3296,5641
문현역,2018년 10월,165103,154872,47492,3630,6145
문현역,2018년 11월,163665,154300,46465,3519,6462
문현역,2018년 12월,158815,150610,44367,3427,6537
문현역,2019년 1월,152379,143749,45048,3114,4456
문현역,2019년 2월,134016,125590,39209,3165,4315
문현역,2019년 3월,161176,152779,47098,3413,5282
문현역,2019년 4월,161383,152708,46493,3475,5082
문현역,2019년 5월,167287,158013,49016,3862,6115
문현역,2019년 6월,155844,146623,46180,3771,4852
문현역,2019년 7월,159216,149276,46787,3684,5045
문현역,2019년 8월,150661,140372,44490,3482,4632
문현역,2019년 9월,149504,140207,43738,3172,4637
문현역,2019년 10월,171877,162577,50325,3705,5317
문현역,2019년 11월,176288,166562,50709,4083,5868
문현역,2019년 12월,176028,166077,50738,3885,5651
문현역,2020년 1월,154307,144111,44902,3520,4140
문현역,2020년 2월,126382,118973,36217,2429,3105
문현역,2020년 3월,93340,87543,26014,1258,1264
문현역,2020년 4월,106603,98369,31041,1550,1812
문현역,2020년 5월,126441,117152,37910,2035,2465
문현역,2020년 6월,137422,128309,39145,2501,3836
문현역,2020년 7월,141468,132261,39644,2644,4162
문현역,2020년 8월,118418,110257,33268,2101,3120
문현역,2020년 9월,116445,108040,33453,1935,3060
문현역,2020년 10월,127111,119073,36596,2201,3589
문현역,2020년 11월,136369,129149,38317,2206,3931
문현역,2020년 12월,111952,106136,31715,1629,2900
문현역,2021년 1월,108592,102826,30831,1594,2868
문현역,2021년 2월,108939,102871,30622,1752,3508
문현역,2021년 3월,138461,130753,39413,2275,4454
문현역,2021년 4월,134888,127881,38790,2065,3991
문현역,2021년 5월,134485,126922,38216,2193,4243
문현역,2021년 6월,139060,130846,38876,2175,4469
문현역,2021년 7월,131433,124033,37070,2009,4353
문현역,2021년 8월,116153,109563,33785,1797,3284
문현역,2021년 9월,122949,117233,36163,2046,4064
문현역,2021년 10월,139473,132448,40884,2164,4413
문현역,2021년 11월,147945,139448,41845,2383,4807
문현역,2021년 12월,142588,135086,38591,2084,5003
문현역,2022년 1월,129192,122634,37129,1928,4066
문현역,2022년 2월,110680,104896,31653,1606,3650
문현역,2022년 3월,126308,119524,35967,1687,4819
문현역,2022년 4월,142691,134141,40945,1952,5153
문현역,2022년 5월,155351,143772,44651,2310,5942
문현역,2022년 6월,147173,137842,43102,2048,4933
문현역,2022년 7월,148808,138276,42628,2574,6686
문현역,2022년 8월,137039,127904,40784,2182,4603
문현역,2022년 9월,141083,131509,41000,2087,5170
문현역,2022년 10월,154678,144332,45975,2130,5149
문현역,2022년 11월,154831,146073,45839,2030,5056
문현역,2022년 12월,154061,145197,44478,1992,6282
문현역,2023년 1월,132720,122743,39871,1955,4243
문현역,2023년 2월,136729,127068,42857,2029,4409
문현역,2023년 3월,157631,146887,49043,2005,5904
문현역,2023년 4월,150013,141106,46741,1854,5414
문현역,2023년 5월,152533,143638,47340,1832,5845
문현역,2023년 6월,151171,143499,47207,1991,6176
문현역,2023년 7월,143292,135691,44085,1766,5824
문현역,2023년 8월,142260,133211,43141,1594,5226
문현역,2023년 9월,145952,137258,44856,1721,5178
문현역,2023년 10월,157309,149100,50360,1525,5476
문현역,2023년 11월,161683,154164,50226,1620,5774
문현역,2023년 12월,157765,149773,48655,1514,5853
문현역,2024년 1월,151703,144034,48577,1537,5097
문현역,2024년 2월,136601,128314,44299,1444,4927
문현역,2024년 3월,161042,153157,52488,1825,6189
문현역,2024년 4월,159012,150162,52055,1561,5940
문현역,2024년 5월,164013,154306,53476,2031,6852
문현역,2024년 6월,155146,145852,51005,1759,5654
문현역,2024년 7월,158312,147962,50301,2331,6726
문현역,2024년 8월,145745,135540,46569,2004,5206
문현역,2024년 9월,143092,134003,46788,1673,5222
문현역,2024년 10월,159692,150776,52662,1868,5910
문현역,2024년 11월,164986,155786,52697,2395,6113
문현역,2024년 12월,165371,156279,52782,1968,6952
국제금융센터·부산은행역,2014년 1월,75953,76671,22128,1789,2683
국제금융센터·부산은행역,2014년 2월,71587,72254,20368,1650,3379
국제금융센터·부산은행역,2014년 3월,85981,85706,23910,2049,6936
국제금융센터·부산은행역,2014년 4월,85548,85537,23939,2081,6551
국제금융센터·부산은행역,2014년 5월,87527,87180,24102,2264,7019
국제금융센터·부산은행역,2014년 6월,80944,80366,22907,2055,6390
국제금융센터·부산은행역,2014년 7월,81721,82050,23523,1975,5122
국제금융센터·부산은행역,2014년 8월,75163,75032,22396,1835,3246
국제금융센터·부산은행역,2014년 9월,84373,83490,23084,2005,6044
국제금융센터·부산은행역,2014년 10월,99042,99627,25823,2131,5938
국제금융센터·부산은행역,2014년 11월,100983,102101,24662,1985,6107
국제금융센터·부산은행역,2014년 12월,123973,128203,25147,2318,7854
국제금융센터·부산은행역,2015년 1월,115879,122446,24956,1903,3053
국제금융센터·부산은행역,2015년 2월,102565,107570,21998,1661,3731
국제금융센터·부산은행역,2015년 3월,132012,136767,27055,2182,7399
국제금융센터·부산은행역,2015년 4월,130907,136409,26516,2097,7232
국제금융센터·부산은행역,2015년 5월,127102,131714,28877,2495,6965
국제금융센터·부산은행역,2015년 6월,120920,126271,23867,1996,7525
국제금융센터·부산은행역,2015년 7월,129164,135036,26319,2276,6412
국제금융센터·부산은행역,2015년 8월,120337,123609,25232,2338,5527
국제금융센터·부산은행역,2015년 9월,126440,130192,26316,2368,7675
국제금융센터·부산은행역,2015년 10월,136407,140047,27923,2413,8390
국제금융센터·부산은행역,2015년 11월,132493,137712,26596,2244,9497
국제금융센터·부산은행역,2015년 12월,134655,140606,27686,2333,6206
국제금융센터·부산은행역,2016년 1월,121023,128029,26132,1894,2508
국제금융센터·부산은행역,2016년 2월,113258,118842,24503,1841,3712
국제금융센터·부산은행역,2016년 3월,137408,143264,28783,2275,7856
국제금융센터·부산은행역,2016년 4월,129619,135006,27958,2452,6705
국제금융센터·부산은행역,2016년 5월,133437,139240,29307,2600,7353
국제금융센터·부산은행역,2016년 6월,132900,138158,28740,2215,7747
국제금융센터·부산은행역,2016년 7월,132278,138135,28736,2261,6690
국제금융센터·부산은행역,2016년 8월,130807,134608,27878,2361,6912
국제금융센터·부산은행역,2016년 9월,125134,128272,27050,2102,7196
국제금융센터·부산은행역,2016년 10월,134571,138517,29595,2212,7442
국제금융센터·부산은행역,2016년 11월,139525,142968,29527,2190,8035
국제금융센터·부산은행역,2016년 12월,140323,144631,29746,2286,6881
국제금융센터·부산은행역,2017년 1월,125119,131504,28198,1812,2202
국제금융센터·부산은행역,2017년 2월,122310,128767,26832,1657,3106
국제금융센터·부산은행역,2017년 3월,141700,146479,31559,1950,6902
국제금융센터·부산은행역,2017년 4월,134971,138934,30244,1959,7124
국제금융센터·부산은행역,2017년 5월,134476,138305,31405,2266,7044
국제금융센터·부산은행역,2017년 6월,136069,141703,31309,2200,6994
국제금융센터·부산은행역,2017년 7월,137934,141797,30969,2357,6383
국제금융센터·부산은행역,2017년 8월,133823,137985,30084,2290,4725
국제금융센터·부산은행역,2017년 9월,140231,144249,32283,2120,7062
국제금융센터·부산은행역,2017년 10월,122454,125719,27952,1901,5878
국제금융센터·부산은행역,2017년 11월,141676,146309,31533,2011,7011
국제금융센터·부산은행역,2017년 12월,136625,141091,29706,2290,6486
국제금융센터·부산은행역,2018년 1월,133835,140588,29681,1858,2287
국제금융센터·부산은행역,2018년 2월,119388,124545,26423,1715,3271
국제금융센터·부산은행역,2018년 3월,142598,147080,31712,1893,4936
국제금융센터·부산은행역,2018년 4월,140143,144686,31085,2106,5039
국제금융센터·부산은행역,2018년 5월,140877,144578,31707,2119,5523
국제금융센터·부산은행역,2018년 6월,131897,135217,29747,1896,5004
국제금융센터·부산은행역,2018년 7월,142464,147381,31543,1982,4508
국제금융센터·부산은행역,2018년 8월,139002,142838,30435,2038,3704
국제금융센터·부산은행역,2018년 9월,128906,131696,29366,1957,4586
국제금융센터·부산은행역,2018년 10월,147549,150954,32486,2223,5531
국제금융센터·부산은행역,2018년 11월,148731,153511,32117,2058,6183
국제금융센터·부산은행역,2018년 12월,140896,145850,30595,2006,5149
국제금융센터·부산은행역,2019년 1월,145272,152899,32511,1782,2330
국제금융센터·부산은행역,2019년 2월,122820,127957,27893,1696,2306
국제금융센터·부산은행역,2019년 3월,144937,148064,32335,1964,4654
국제금융센터·부산은행역,2019년 4월,154349,158689,33005,2236,4617
국제금융센터·부산은행역,2019년 5월,158838,163523,33396,2771,5172
국제금융센터·부산은행역,2019년 6월,135869,139714,30964,1770,3870
국제금융센터·부산은행역,2019년 7월,149783,154901,33501,1817,3676
국제금융센터·부산은행역,2019년 8월,145035,148182,31820,2165,3264
국제금융센터·부산은행역,2019년 9월,141694,145050,32176,1947,4345
국제금융센터·부산은행역,2019년 10월,156091,160447,35255,1823,4743
국제금융센터·부산은행역,2019년 11월,157445,162594,34318,1907,4839
국제금융센터·부산은행역,2019년 12월,167216,173160,34644,2176,4924
국제금융센터·부산은행역,2020년 1월,156350,165409,32017,2171,2672
국제금융센터·부산은행역,2020년 2월,127266,133674,26103,1218,2007
국제금융센터·부산은행역,2020년 3월,99879,105139,20237,536,530
국제금융센터·부산은행역,2020년 4월,105104,111154,23489,686,744
국제금융센터·부산은행역,2020년 5월,116319,121571,26396,937,1380
국제금융센터·부산은행역,2020년 6월,130571,135419,27670,1199,3465
국제금융센터·부산은행역,2020년 7월,137936,143136,28039,1304,3662
국제금융센터·부산은행역,2020년 8월,117701,122081,24404,1119,2133
국제금융센터·부산은행역,2020년 9월,113626,118903,24069,965,2358
국제금융센터·부산은행역,2020년 10월,117899,122943,25398,1067,2585
국제금융센터·부산은행역,2020년 11월,126350,131926,26088,1088,3023
국제금융센터·부산은행역,2020년 12월,110269,115798,22655,845,2070
국제금융센터·부산은행역,2021년 1월,105743,112005,21703,835,1040
국제금융센터·부산은행역,2021년 2월,103028,108051,21681,877,1072
국제금융센터·부산은행역,2021년 3월,133635,137713,26971,1313,3830
국제금융센터·부산은행역,2021년 4월,127523,131922,26462,994,2663
국제금융센터·부산은행역,2021년 5월,123819,128403,26447,1017,2688
국제금융센터·부산은행역,2021년 6월,136737,142020,26279,1277,3484
국제금융센터·부산은행역,2021년 7월,125473,131607,25711,1001,2014
국제금융센터·부산은행역,2021년 8월,113666,118024,23585,988,2061
국제금융센터·부산은행역,2021년 9월,114209,117680,25036,915,2973
국제금융센터·부산은행역,2021년 10월,123934,128100,27310,1012,3226
국제금융센터·부산은행역,2021년 11월,135327,139714,27284,980,3148
국제금융센터·부산은행역,2021년 12월,133456,138760,26241,995,2884
국제금융센터·부산은행역,2022년 1월,120888,127073,25477,879,1598
국제금융센터·부산은행역,2022년 2월,104116,108918,21944,792,1873
국제금융센터·부산은행역,2022년 3월,118319,122466,24175,861,3895
국제금융센터·부산은행역,2022년 4월,134141,139609,27431,1434,4006
국제금융센터·부산은행역,2022년 5월,143047,148416,29309,1411,4852
국제금융센터·부산은행역,2022년 6월,134142,138914,27176,1176,3883
국제금융센터·부산은행역,2022년 7월,134002,139635,27289,1226,3048
국제금융센터·부산은행역,2022년 8월,130490,134984,26519,1226,2894
국제금융센터·부산은행역,2022년 9월,127447,132282,26365,983,3397
국제금융센터·부산은행역,2022년 10월,132681,137365,28602,1137,3371
국제금융센터·부산은행역,2022년 11월,140403,146909,28666,986,3508
국제금융센터·부산은행역,2022년 12월,144029,149753,28163,1135,4675
국제금융센터·부산은행역,2023년 1월,128379,135243,26044,1193,2152
국제금융센터·부산은행역,2023년 2월,124963,132666,26433,1008,2022
국제금융센터·부산은행역,2023년 3월,141806,148941,29857,1022,4080
국제금융센터·부산은행역,2023년 4월,143646,150054,28873,1061,3720
국제금융센터·부산은행역,2023년 5월,141964,149756,29192,1049,4531
국제금융센터·부산은행역,2023년 6월,140115,148165,29501,1106,4330
국제금융센터·부산은행역,2023년 7월,133194,140561,28122,861,3107
국제금융센터·부산은행역,2023년 8월,134801,140331,28247,971,2998
국제금융센터·부산은행역,2023년 9월,133312,138282,28710,777,3283
국제금융센터·부산은행역,2023년 10월,139868,146609,30857,535,3641
국제금융센터·부산은행역,2023년 11월,149519,156581,31056,496,4731
국제금융센터·부산은행역,2023년 12월,139994,146102,30023,490,3618
국제금융센터·부산은행역,2024년 1월,137934,145692,29947,441,1984
국제금융센터·부산은행역,2024년 2월,126582,132749,27143,558,2634
국제금융센터·부산은행역,2024년 3월,145843,150710,31113,536,4401
국제금융센터·부산은행역,2024년 4월,146373,152187,31307,825,4221
국제금융센터·부산은행역,2024년 5월,147307,152991,33110,552,4358
국제금융센터·부산은행역,2024년 6월,136875,142642,30418,674,4213
국제금융센터·부산은행역,2024년 7월,154744,161876,32113,833,4485
국제금융센터·부산은행역,2024년 8월,144223,148649,30868,940,2913
국제금융센터·부산은행역,2024년 9월,136605,141130,30391,627,3745
국제금융센터·부산은행역,2024년 10월,151273,157664,33138,800,4463
국제금융센터·부산은행역,2024년 11월,153019,161187,32608,696,4560
국제금융센터·부산은행역,2024년 12월,153434,161721,32432,902,5181
전포역,2014년 1월,152589,149463,31883,3758,11465
전포역,2014년 2월,148385,147174,29047,3643,12482
전포역,2014년 3월,181312,180433,34620,4808,21210
전포역,2014년 4월,181271,178912,34795,4645,21679
전포역,2014년 5월,189207,186698,36382,5855,22450
전포역,2014년 6월,176635,174432,34799,4729,19165
전포역,2014년 7월,182229,178787,34567,5066,20015
전포역,2014년 8월,164031,160329,31703,4262,13608
전포역,2014년 9월,173894,170298,32210,4730,17755
전포역,2014년 10월,191433,188043,35292,5414,19820
전포역,2014년 11월,185890,187386,33668,5621,19395
전포역,2014년 12월,186512,186683,34261,5467,19468
전포역,2015년 1월,168118,165436,32485,4189,11478
전포역,2015년 2월,145546,144023,28042,3829,11667
전포역,2015년 3월,187664,185544,34794,4683,19403
전포역,2015년 4월,184186,184151,33674,5269,19323
전포역,2015년 5월,180787,181067,33852,5552,18390
전포역,2015년 6월,164367,166459,30275,4351,17832
전포역,2015년 7월,175901,176553,33945,5040,17501
전포역,2015년 8월,163113,162291,30143,4475,14048
전포역,2015년 9월,166489,166254,30751,4810,15579
전포역,2015년 10월,178862,179210,33385,5273,16552
전포역,2015년 11월,172932,174641,31227,5282,16978
전포역,2015년 12월,176767,180717,32751,5170,15706
전포역,2016년 1월,159537,164331,29891,3596,9833
전포역,2016년 2월,151822,159463,27470,3795,10608
전포역,2016년 3월,188763,196190,33636,4961,18526
전포역,2016년 4월,180046,183632,32219,4973,16989
전포역,2016년 5월,185070,190370,32164,5346,18037
전포역,2016년 6월,177672,183704,31492,5114,17605
전포역,2016년 7월,180672,185149,30661,5107,17359
전포역,2016년 8월,172710,176047,28968,4415,14817
전포역,2016년 9월,172166,175536,28685,4930,16945
전포역,2016년 10월,187715,192806,31438,5391,17270
전포역,2016년 11월,192876,198690,31394,5480,17753
전포역,2016년 12월,193659,201032,32067,5362,16793
전포역,2017년 1월,170525,179109,29157,3499,8820
전포역,2017년 2월,175187,184232,29081,4148,11946
전포역,2017년 3월,204043,213893,33301,5185,18884
전포역,2017년 4월,196566,205212,32626,4931,16753
전포역,2017년 5월,202776,210827,33158,5695,16975
전포역,2017년 6월,194645,202542,32626,5284,16268
전포역,2017년 7월,196685,206157,31759,5103,15073
전포역,2017년 8월,192162,200273,31058,4759,13340
전포역,2017년 9월,200363,210133,32897,5171,16113
전포역,2017년 10월,183193,194824,30240,4378,13666
전포역,2017년 11월,202132,214592,32615,5023,15899
전포역,2017년 12월,199676,212503,31723,4858,14749
전포역,2018년 1월,190271,202426,30282,3907,9754
전포역,2018년 2월,176375,187088,27039,3823,11211
전포역,2018년 3월,214602,227652,33615,4827,16126
전포역,2018년 4월,207950,221533,33206,5108,14930
전포역,2018년 5월,215203,229424,33987,5214,16125
전포역,2018년 6월,202644,213902,32788,4732,14584
전포역,2018년 7월,213298,225763,33202,4690,14700
전포역,2018년 8월,207156,218731,31558,4505,12780
전포역,2018년 9월,193257,206150,30180,4587,13425
전포역,2018년 10월,217647,232926,35196,4674,14869
전포역,2018년 11월,218094,234997,34205,4857,15743
전포역,2018년 12월,215264,233572,33201,4477,15278
전포역,2019년 1월,209794,226176,33644,3785,10130
전포역,2019년 2월,192340,208128,29601,3632,10597
전포역,2019년 3월,226381,242804,35711,4492,13431
전포역,2019년 4월,220138,235466,35215,4738,13015
전포역,2019년 5월,231096,248877,35970,5300,14295
전포역,2019년 6월,212623,229259,33573,4550,12653
전포역,2019년 7월,228181,246025,34940,4804,14127
전포역,2019년 8월,223214,238671,32838,4114,12348
전포역,2019년 9월,205837,220989,31957,4098,12099
전포역,2019년 10월,230549,248322,36382,4379,14126
전포역,2019년 11월,237460,257492,36282,4493,14465
전포역,2019년 12월,241601,263717,36111,4636,15605
전포역,2020년 1월,213226,234327,32643,3251,8601
전포역,2020년 2월,176936,193281,26767,2436,7306
전포역,2020년 3월,124576,132429,19582,1123,2170
전포역,2020년 4월,147462,160751,23492,1626,3523
전포역,2020년 5월,173677,189298,27885,2296,5705
전포역,2020년 6월,193145,210377,29591,3085,12545
전포역,2020년 7월,214813,236455,29983,3407,14203
전포역,2020년 8월,183576,200445,25652,2456,9769
전포역,2020년 9월,164857,178696,24768,2232,9163
전포역,2020년 10월,183499,201754,27715,2611,9810
전포역,2020년 11월,205531,221646,29828,2835,12315
전포역,2020년 12월,163166,170204,25766,1864,7303
전포역,2021년 1월,164862,177089,24622,1675,5570
전포역,2021년 2월,179683,197265,25102,2042,7823
전포역,2021년 3월,219959,240166,30958,2744,12539
전포역,2021년 4월,210983,228931,30305,2426,11232
전포역,2021년 5월,217797,240415,30448,2650,12018
전포역,2021년 6월,222008,247389,30959,3008,12600
전포역,2021년 7월,212952,235343,29910,2379,11219
전포역,2021년 8월,191175,211551,27567,1912,8921
전포역,2021년 9월,202798,230644,29433,2228,12455
전포역,2021년 10월,227116,257431,31964,2583,14099
전포역,2021년 11월,237493,269997,32505,2544,12856
전포역,2021년 12월,241665,272420,30623,2479,15219
전포역,2022년 1월,224744,257150,29460,2159,9795
전포역,2022년 2월,195915,219195,25791,1982,9222
전포역,2022년 3월,215971,240201,29767,1986,14422
전포역,2022년 4월,237423,268758,32162,2535,15900
전포역,2022년 5월,259956,297768,34562,3028,17910
전포역,2022년 6월,245229,282624,32669,2931,15202
전포역,2022년 7월,253454,299201,32700,2727,15261
전포역,2022년 8월,246461,288129,31567,2620,14144
전포역,2022년 9월,230676,272553,31402,2497,13886
전포역,2022년 10월,251802,294544,34000,2930,15940
전포역,2022년 11월,247816,293712,33511,2581,15218
전포역,2022년 12월,268664,320856,33810,2590,19416
전포역,2023년 1월,235265,285995,29439,2346,12017
전포역,2023년 2월,241981,290122,30378,2302,15090
전포역,2023년 3월,258315,304933,34872,2412,17697
전포역,2023년 4월,244815,288760,33047,2354,14589
전포역,2023년 5월,254886,304242,33834,2317,16964
전포역,2023년 6월,248190,301111,33411,2135,14703
전포역,2023년 7월,252250,310943,32211,2099,15103
전포역,2023년 8월,257009,312831,31675,2140,14555
전포역,2023년 9월,242197,299159,31543,1988,13947
전포역,2023년 10월,257332,316031,34304,1837,15524
전포역,2023년 11월,264075,322008,34156,2037,16029
전포역,2023년 12월,282996,351462,33650,1660,20965
전포역,2024년 1월,263830,323424,32474,1823,14580
전포역,2024년 2월,256523,319468,30316,1793,17312
전포역,2024년 3월,274983,335929,35149,2173,17669
전포역,2024년 4월,262797,316442,35356,2049,15546
전포역,2024년 5월,283673,348129,36184,2164,19750
전포역,2024년 6월,264695,326231,34784,2263,15828
전포역,2024년 7월,285427,352130,35831,2301,18706
전포역,2024년 8월,284335,354163,33033,2630,16827
전포역,2024년 9월,255093,319077,32386,2033,14904
전포역,2024년 10월,273566,334887,35356,2300,17043
전포역,2024년 11월,280665,348838,35447,2344,18128
전포역,2024년 12월,302681,376227,35950,2549,24242
2서면역,2014년 1월,810297,937708,165583,15703,51622
2서면역,2014년 2월,780590,897343,146836,14887,60767
2서면역,2014년 3월,814064,958791,169567,12677,45940
2서면역,2014년 4월,747132,881855,167633,10359,32699
2서면역,2014년 5월,846223,980914,176228,17438,51882
2서면역,2014년 6월,749664,863246,164440,11883,36114
2서면역,2014년 7월,828433,941970,170480,15628,46848
2서면역,2014년 8월,812407,923046,161454,15883,46396
2서면역,2014년 9월,736631,875677,159958,11259,34225
2서면역,2014년 10월,776540,909667,170161,13027,38722
2서면역,2014년 11월,772166,913757,164333,12368,47137
2서면역,2014년 12월,842051,1003272,171848,14466,49823
2서면역,2015년 1월,844672,973379,172621,15834,52153
2서면역,2015년 2월,767380,886332,146928,14486,56450
2서면역,2015년 3월,833476,984643,177266,11762,41090
2서면역,2015년 4월,772008,909467,172805,9964,30497
2서면역,2015년 5월,861977,1004984,177505,15818,48108
2서면역,2015년 6월,677389,797464,150312,7659,24758
2서면역,2015년 7월,825918,955010,172639,13743,42179
2서면역,2015년 8월,833979,948558,164384,14865,44113
2서면역,2015년 9월,753287,897722,164186,10919,31661
2서면역,2015년 10월,823198,969636,178442,13051,41379
2서면역,2015년 11월,783683,932255,168169,11271,39175
2서면역,2015년 12월,860493,1027647,178873,14333,49716
2서면역,2016년 1월,851941,972114,172362,15141,51423
2서면역,2016년 2월,826796,953122,157558,15731,60892
2서면역,2016년 3월,842927,993817,182983,11163,40702
2서면역,2016년 4월,797233,938444,174903,11327,34934
2서면역,2016년 5월,845607,977931,179065,14680,46928
2서면역,2016년 6월,786877,914599,174712,10939,30772
2서면역,2016년 7월,859907,983445,175406,15501,46369
2서면역,2016년 8월,858665,968739,172904,15495,43761
2서면역,2016년 9월,758657,903642,162830,11203,33352
2서면역,2016년 10월,811497,952732,176925,13167,40864
2서면역,2016년 11월,830131,970705,176874,12889,40565
2서면역,2016년 12월,895170,1073022,185341,15264,52779
2서면역,2017년 1월,847375,987651,171407,15872,55374
2서면역,2017년 2월,861275,993470,170008,15338,65537
2서면역,2017년 3월,860555,1010976,187915,11536,45289
2서면역,2017년 4월,799169,938956,175824,11179,36084
2서면역,2017년 5월,848944,990587,183353,13892,49474
2서면역,2017년 6월,785849,915650,184319,10168,31252
2서면역,2017년 7월,842531,965120,177226,14534,44418
2서면역,2017년 8월,840895,957425,177647,14995,44331
2서면역,2017년 9월,792751,935194,183251,10792,31770
2서면역,2017년 10월,786652,915859,168089,13620,43009
2서면역,2017년 11월,798310,940949,181961,10839,33835
2서면역,2017년 12월,857162,1017311,184045,13719,48832
2서면역,2018년 1월,834068,963933,177094,13967,48342
2서면역,2018년 2월,785830,910908,157485,14449,56179
2서면역,2018년 3월,868605,1020575,189053,11931,41546
2서면역,2018년 4월,808235,942825,183987,10572,31064
2서면역,2018년 5월,861950,1000143,191391,13912,44910
2서면역,2018년 6월,788680,913557,181941,10203,27039
2서면역,2018년 7월,859311,973347,186097,14021,43059
2서면역,2018년 8월,848369,954532,185080,14629,39732
2서면역,2018년 9월,772360,896189,175225,11218,30902
2서면역,2018년 10월,825583,949554,192836,11830,35419
2서면역,2018년 11월,818874,952391,188121,10594,34966
2서면역,2018년 12월,859913,1006893,190427,13233,45009
2서면역,2019년 1월,860377,979968,197583,13379,45552
2서면역,2019년 2월,795596,908991,169229,14165,52531
2서면역,2019년 3월,865424,996980,199877,11244,37879
2서면역,2019년 4월,798469,922489,192524,9351,25357
2서면역,2019년 5월,861601,993646,200439,12062,38319
2서면역,2019년 6월,791861,906257,190675,9648,24625
2서면역,2019년 7월,861040,965003,194926,13262,39184
2서면역,2019년 8월,874656,960672,190675,14657,39391
2서면역,2019년 9월,763440,872616,178161,9551,25726
2서면역,2019년 10월,824765,940546,199956,10787,31203
2서면역,2019년 11월,845993,971301,197856,10451,33816
2서면역,2019년 12월,899413,1028256,205443,12815,44230
2서면역,2020년 1월,838977,941568,190911,12664,42085
2서면역,2020년 2월,600845,674747,137715,6797,25242
2서면역,2020년 3월,376172,427978,99078,2853,7331
2서면역,2020년 4월,457825,521967,121801,4169,11260
2서면역,2020년 5월,566198,641775,150452,5633,15763
2서면역,2020년 6월,591184,668997,157065,5431,17487
2서면역,2020년 7월,650296,729524,160044,5735,18348
2서면역,2020년 8월,575013,627882,138040,6209,21289
2서면역,2020년 9월,485463,546066,136841,3883,12199
2서면역,2020년 10월,548389,617903,142188,4980,18211
2서면역,2020년 11월,582395,653359,151044,4797,17485
2서면역,2020년 12월,427198,461503,122856,3183,10543
2서면역,2021년 1월,461200,492033,126015,4014,15754
2서면역,2021년 2월,516695,553982,127011,5515,25898
2서면역,2021년 3월,602406,672627,154608,4650,24951
2서면역,2021년 4월,557510,602044,149759,4183,16912
2서면역,2021년 5월,598603,637640,149874,5828,26624
2서면역,2021년 6월,593279,642206,151674,4618,17860
2서면역,2021년 7월,563084,593557,145601,4879,21474
2서면역,2021년 8월,496567,517339,134071,4099,16088
2서면역,2021년 9월,541875,573615,148470,4475,17251
2서면역,2021년 10월,614872,651158,166805,5272,23976
2서면역,2021년 11월,635832,695454,168838,4672,21959
2서면역,2021년 12월,633698,669161,156720,5218,29027
2서면역,2022년 1월,636229,652263,161317,5864,32950
2서면역,2022년 2월,518509,532067,129492,4478,27454
2서면역,2022년 3월,553948,588933,146104,3694,25382
2서면역,2022년 4월,617875,675005,164861,5021,24010
2서면역,2022년 5월,713339,769272,183316,6989,37684
2서면역,2022년 6월,654740,703229,178352,5578,20709
2서면역,2022년 7월,702914,737214,179670,6683,34403
2서면역,2022년 8월,668969,696289,170691,6681,27784
2서면역,2022년 9월,621296,679489,170655,5149,20968
2서면역,2022년 10월,692386,736422,188717,6231,27847
2서면역,2022년 11월,672127,719947,183351,4738,24489
2서면역,2022년 12월,743344,792942,190763,6691,39175
2서면역,2023년 1월,672477,704763,176163,6525,36954
2서면역,2023년 2월,679942,704307,181175,6662,40992
2서면역,2023년 3월,713069,759509,201767,4930,28742
2서면역,2023년 4월,674149,713927,189997,5176,23957
2서면역,2023년 5월,703093,742632,194597,5598,29367
2서면역,2023년 6월,684482,719413,194588,5286,21856
2서면역,2023년 7월,700980,719491,187828,6084,32494
2서면역,2023년 8월,695616,700850,187659,6474,27508
2서면역,2023년 9월,668122,695880,193975,4611,19912
2서면역,2023년 10월,717901,737241,207391,4864,28381
2서면역,2023년 11월,719852,754488,209056,3538,26781
2서면역,2023년 12월,772549,799772,213179,5624,42501
2서면역,2024년 1월,740591,752571,214441,5654,37952
2서면역,2024년 2월,696478,711265,190267,6312,40998
2서면역,2024년 3월,747908,774125,217172,5049,31371
2서면역,2024년 4월,711181,736647,212099,4643,23502
2서면역,2024년 5월,766794,788970,223696,5657,34512
2서면역,2024년 6월,696253,716804,208947,5529,22626
2서면역,2024년 7월,740295,750587,213476,6419,34590
2서면역,2024년 8월,733773,729765,205496,7669,31032
2서면역,2024년 9월,674577,689550,200579,5214,22382
2서면역,2024년 10월,731943,743047,219022,5336,29015
2서면역,2024년 11월,741282,767283,216348,5228,31353
2서면역,2024년 12월,795116,816166,228566,6702,45883
부암역,2014년 1월,155845,134537,45409,3190,5672
부암역,2014년 2월,149615,130922,42886,2648,5301
부암역,2014년 3월,173677,148322,48993,3093,6648
부암역,2014년 4월,177040,152222,49827,3032,6369
부암역,2014년 5월,179525,154871,50848,3529,7314
부암역,2014년 6월,166357,142546,47822,3129,6145
부암역,2014년 7월,169121,145391,48922,3506,5863
부암역,2014년 8월,155632,132638,46300,3279,5694
부암역,2014년 9월,161052,136380,46029,2944,5664
부암역,2014년 10월,179457,154245,51312,3397,6494
부암역,2014년 11월,173087,148351,49752,3440,6843
부암역,2014년 12월,183204,156809,49787,3745,6977
부암역,2015년 1월,165783,143259,49998,3138,5184
부암역,2015년 2월,143411,123621,42670,2716,4891
부암역,2015년 3월,180619,155284,53091,2920,6448
부암역,2015년 4월,177128,151980,52090,2829,5773
부암역,2015년 5월,174844,149021,51088,3636,6428
부암역,2015년 6월,154214,131525,45397,2043,4975
부암역,2015년 7월,166779,142204,49763,2978,5656
부암역,2015년 8월,159735,135354,46846,3351,5197
부암역,2015년 9월,166157,140164,47321,3139,4948
부암역,2015년 10월,183185,156312,52565,3615,5898
부암역,2015년 11월,177897,152065,49285,3150,6151
부암역,2015년 12월,180939,153377,51211,3252,6227
부암역,2016년 1월,159671,137487,46649,2869,4782
부암역,2016년 2월,152948,132282,44209,2831,4587
부암역,2016년 3월,183729,156167,51543,2950,6374
부암역,2016년 4월,182783,155546,50798,3433,6036
부암역,2016년 5월,185853,155822,50976,3911,6779
부암역,2016년 6월,180261,151620,50701,3071,5538
부암역,2016년 7월,176716,149078,50692,3352,5968
부암역,2016년 8월,172385,144893,49663,3469,5504
부암역,2016년 9월,166129,139111,45653,2937,5442
부암역,2016년 10월,181033,153575,52053,3265,5723
부암역,2016년 11월,184224,156178,51576,3540,5989
부암역,2016년 12월,189018,161872,52610,3201,5960
부암역,2017년 1월,162989,138470,46935,3100,4564
부암역,2017년 2월,162375,139843,47068,2782,5075
부암역,2017년 3월,187668,160240,53872,2798,6429
부암역,2017년 4월,185029,158732,53175,3295,5880
부암역,2017년 5월,183552,157170,54016,3388,6231
부암역,2017년 6월,178704,151415,53230,3316,5527
부암역,2017년 7월,174727,148775,52841,3599,5626
부암역,2017년 8월,168778,142304,51329,3101,5008
부암역,2017년 9월,182241,153772,54040,2924,5259
부암역,2017년 10월,166110,142821,49825,2980,4659
부암역,2017년 11월,183338,157844,53662,3470,5298
부암역,2017년 12월,181139,155544,52806,2943,5596
부암역,2018년 1월,167390,145669,49651,2735,3832
부암역,2018년 2월,144105,124733,42515,2251,3718
부암역,2018년 3월,187530,163434,54643,3388,5004
부암역,2018년 4월,182970,156813,54358,2875,4523
부암역,2018년 5월,180837,154748,55244,2945,5040
부암역,2018년 6월,175779,152172,52793,3076,4211
부암역,2018년 7월,181768,154803,54695,3649,4646
부암역,2018년 8월,168248,143221,51835,2895,3968
부암역,2018년 9월,164810,138991,49798,2592,3776
부암역,2018년 10월,188883,164134,57772,2871,4244
부암역,2018년 11월,187326,163061,56479,3035,4605
부암역,2018년 12월,185814,162154,56307,2931,4550
부암역,2019년 1월,178454,156869,56058,2527,3951
부암역,2019년 2월,152512,133848,47547,2163,3406
부암역,2019년 3월,186146,164118,56916,2953,4278
부암역,2019년 4월,187168,164733,57543,3196,3998
부암역,2019년 5월,193733,170792,59874,3169,4676
부암역,2019년 6월,178220,157011,56032,3242,3804
부암역,2019년 7월,186138,164186,57313,3120,4473
부암역,2019년 8월,177641,155455,55973,2659,3773
부암역,2019년 9월,176754,154237,53294,3373,3758
부암역,2019년 10월,196197,173979,60994,2660,4171
부암역,2019년 11월,199353,175537,60965,3053,4489
부암역,2019년 12월,199177,176160,60615,2939,4663
부암역,2020년 1월,178628,157135,55217,2572,3533
부암역,2020년 2월,144679,127675,44121,1430,2492
부암역,2020년 3월,108016,95135,31986,779,994
부암역,2020년 4월,121352,107232,37656,834,1546
부암역,2020년 5월,141010,124696,45513,1223,2094
부암역,2020년 6월,152689,134601,48675,1300,2867
부암역,2020년 7월,162525,143438,49612,1513,3207
부암역,2020년 8월,142879,126614,43244,1307,2529
부암역,2020년 9월,135608,120393,41796,913,2275
부암역,2020년 10월,139897,124399,43142,1072,2467
부암역,2020년 11월,151602,135283,46060,1232,2685
부암역,2020년 12월,132571,120567,39650,937,1960
부암역,2021년 1월,131815,119487,37660,975,2291
부암역,2021년 2월,127175,115333,37228,1080,2312
부암역,2021년 3월,159524,144003,48069,1377,2982
부암역,2021년 4월,154754,140619,46711,1245,2789
부암역,2021년 5월,153874,138589,46947,1332,3034
부암역,2021년 6월,158595,141880,47718,1323,2810
부암역,2021년 7월,158158,140966,47028,1447,3006
부암역,2021년 8월,143334,127806,43245,1109,2526
부암역,2021년 9월,146165,130536,45101,1188,2659
부암역,2021년 10월,161436,143689,50148,1354,3002
부암역,2021년 11월,168429,151578,50689,1371,2880
부암역,2021년 12월,165426,148851,47714,1352,3188
부암역,2022년 1월,156439,141372,45743,1350,3062
부암역,2022년 2월,134423,122833,39577,1023,2405
부암역,2022년 3월,150566,136982,45400,1122,3092
부암역,2022년 4월,166334,150941,49971,1391,3473
부암역,2022년 5월,182819,164482,55787,2117,3957
부암역,2022년 6월,173262,155728,53250,1950,3124
부암역,2022년 7월,176608,158163,53917,2009,3434
부암역,2022년 8월,171557,151952,53037,1737,3342
부암역,2022년 9월,173971,151132,52496,2547,3292
부암역,2022년 10월,185614,162508,57292,1853,3601
부암역,2022년 11월,189134,166598,56581,2865,3522
부암역,2022년 12월,190037,167245,56752,2217,3964
부암역,2023년 1월,162584,145832,49729,1692,2856
부암역,2023년 2월,160871,145510,51288,1579,2997
부암역,2023년 3월,186683,167128,57983,1798,4078
부암역,2023년 4월,177544,160136,55771,2633,3667
부암역,2023년 5월,181065,163917,56825,2578,3994
부암역,2023년 6월,176831,161372,57024,1661,3423
부암역,2023년 7월,174391,158177,56070,1864,3932
부암역,2023년 8월,173907,157279,55573,1819,3281
부암역,2023년 9월,172694,155160,54549,2337,3170
부암역,2023년 10월,185033,169327,61428,3607,3259
부암역,2023년 11월,190556,173009,61558,3090,3443
부암역,2023년 12월,188270,170469,61149,3069,3912
부암역,2024년 1월,182104,166721,59768,1957,3117
부암역,2024년 2월,162648,147143,52443,1492,2876
부암역,2024년 3월,191590,172899,61838,3526,3896
부암역,2024년 4월,193526,176223,62701,4398,3989
부암역,2024년 5월,198682,179617,64400,4415,4483
부암역,2024년 6월,182904,164296,61053,2410,3617
부암역,2024년 7월,192619,173839,64255,2827,4062
부암역,2024년 8월,181293,163145,60860,2069,3470
부암역,2024년 9월,177105,158762,59069,2907,3460
부암역,2024년 10월,193984,176406,65438,4329,3844
부암역,2024년 11월,195390,176712,64785,3595,3984
부암역,2024년 12월,194288,177307,65792,2401,4460
가야역,2014년 1월,108408,96593,35895,2289,3721
가야역,2014년 2월,100371,91107,32410,1891,3443
가야역,2014년 3월,118658,108089,38769,1919,4683
가야역,2014년 4월,117607,106801,38450,1807,4290
가야역,2014년 5월,119723,108229,38898,1987,4510
가야역,2014년 6월,111135,101009,36700,1763,3931
가야역,2014년 7월,113851,103362,37754,1976,3801
가야역,2014년 8월,105893,96428,35166,2021,3507
가야역,2014년 9월,109669,98566,35635,1944,3639
가야역,2014년 10월,117929,107011,38449,2067,4179
가야역,2014년 11월,114006,103391,37255,1981,4260
가야역,2014년 12월,125491,108005,40026,3831,4671
가야역,2015년 1월,111773,101792,37409,2255,3188
가야역,2015년 2월,97478,88252,32963,1819,3252
가야역,2015년 3월,119350,108872,39783,1801,4373
가야역,2015년 4월,117238,107509,39831,1768,4027
가야역,2015년 5월,118133,107530,40247,2164,4503
가야역,2015년 6월,106132,96602,36110,1418,3712
가야역,2015년 7월,113656,104591,39151,1848,3728
가야역,2015년 8월,108137,98359,37128,2017,3653
가야역,2015년 9월,111472,102655,37682,1719,3674
가야역,2015년 10월,121918,111190,41399,2262,4212
가야역,2015년 11월,116779,106099,38926,1682,4188
가야역,2015년 12월,120645,109632,40647,1976,4232
가야역,2016년 1월,109856,101338,37212,1882,3287
가야역,2016년 2월,102819,95123,34928,1657,3146
가야역,2016년 3월,123541,112661,41993,2675,4366
가야역,2016년 4월,118952,109235,40897,1885,3768
가야역,2016년 5월,121958,109801,42145,1946,4085
가야역,2016년 6월,116694,105356,40815,1869,3556
가야역,2016년 7월,117598,105467,40634,2239,3738
가야역,2016년 8월,114306,102964,39959,2228,3520
가야역,2016년 9월,111904,100783,38343,1931,3524
가야역,2016년 10월,118720,107240,41783,1835,3559
가야역,2016년 11월,119564,108831,41410,1940,3795
가야역,2016년 12월,122629,110430,42598,2028,3790
가야역,2017년 1월,110366,98881,38853,1917,2953
가야역,2017년 2월,106141,96408,37838,1815,3075
가야역,2017년 3월,121643,110680,43366,1872,3819
가야역,2017년 4월,117798,106196,42209,1785,3273
가야역,2017년 5월,118974,108355,43354,1992,3456
가야역,2017년 6월,115249,103718,43246,1786,2892
가야역,2017년 7월,113432,101742,42145,1944,3025
가야역,2017년 8월,111680,99982,41780,2104,2705
가야역,2017년 9월,119826,106339,44116,1782,3156
가야역,2017년 10월,110492,99800,40876,1910,2857
가야역,2017년 11월,118139,107045,43855,1791,2920
가야역,2017년 12월,116967,105515,42920,1970,3248
가야역,2018년 1월,110954,101324,40857,2013,2328
가야역,2018년 2월,99987,89791,36889,1669,2486
가야역,2018년 3월,119600,108977,44169,1675,3021
가야역,2018년 4월,116020,105357,43704,1632,2532
가야역,2018년 5월,118448,107664,45480,1887,2813
가야역,2018년 6월,111659,100799,43520,1661,2432
가야역,2018년 7월,113740,102225,44005,1889,2599
가야역,2018년 8월,109505,97831,42835,2073,2318
가야역,2018년 9월,106966,94781,42075,1629,2362
가야역,2018년 10월,117616,106075,46531,1725,2479
가야역,2018년 11월,115818,104916,45448,1718,2721
가야역,2018년 12월,113500,102281,43905,1822,2743
가야역,2019년 1월,112467,101585,45335,1772,2301
가야역,2019년 2월,98288,88113,39376,1633,2192
가야역,2019년 3월,115968,105204,46752,1795,2487
가야역,2019년 4월,114971,104245,46463,1692,2329
가야역,2019년 5월,119029,107419,48520,1763,2655
가야역,2019년 6월,110805,99610,46137,1603,2248
가야역,2019년 7월,113719,102233,46804,1720,2440
가야역,2019년 8월,110675,98511,45417,1829,2217
가야역,2019년 9월,107207,96125,43437,1519,2158
가야역,2019년 10월,117657,106305,48403,1596,2422
가야역,2019년 11월,117293,105347,47534,1659,2686
가야역,2019년 12월,117834,106057,47486,1620,2878
가야역,2020년 1월,109591,98878,45210,1663,2090
가야역,2020년 2월,89030,81021,35356,1009,1561
가야역,2020년 3월,69388,63622,27206,657,584
가야역,2020년 4월,78166,71078,32072,674,846
가야역,2020년 5월,91243,82022,38914,908,1224
가야역,2020년 6월,96345,87054,40276,1061,1845
가야역,2020년 7월,100489,90580,41007,1189,1922
가야역,2020년 8월,87023,79095,35998,1001,1576
가야역,2020년 9월,85790,77796,36280,884,1524
가야역,2020년 10월,90405,82505,38414,950,1668
가야역,2020년 11월,94187,85796,40397,922,1752
가야역,2020년 12월,81565,76240,34971,749,1281
가야역,2021년 1월,79000,73798,32881,723,1252
가야역,2021년 2월,78259,72618,33155,752,1419
가야역,2021년 3월,95289,88777,41105,921,1947
가야역,2021년 4월,91910,86194,39810,840,1674
가야역,2021년 5월,92079,86014,40149,1033,1617
가야역,2021년 6월,94310,87733,40838,888,1606
가야역,2021년 7월,93231,86697,39370,921,1661
가야역,2021년 8월,85174,79862,36598,788,1361
가야역,2021년 9월,89573,82687,39143,858,1475
가야역,2021년 10월,97524,89834,43019,912,1763
가야역,2021년 11월,99984,92412,43030,871,1575
가야역,2021년 12월,100275,93692,42092,973,1996
가야역,2022년 1월,93487,87524,40380,921,1403
가야역,2022년 2월,79945,74745,34474,703,1254
가야역,2022년 3월,89633,83495,38756,692,1996
가야역,2022년 4월,99781,91952,43121,823,2288
가야역,2022년 5월,105779,97660,45638,886,2657
가야역,2022년 6월,101256,93094,44439,838,2223
가야역,2022년 7월,104128,94313,45486,999,2218
가야역,2022년 8월,99899,91001,43924,986,1970
가야역,2022년 9월,101343,92514,44136,798,2149
가야역,2022년 10월,107827,99603,47442,866,2185
가야역,2022년 11월,108697,99489,46552,852,2259
가야역,2022년 12월,111000,99462,45906,982,2458
가야역,2023년 1월,95359,88684,41802,770,1634
가야역,2023년 2월,93579,87058,42408,740,1574
가야역,2023년 3월,107601,100121,48635,801,2638
가야역,2023년 4월,101090,93652,45903,703,2200
가야역,2023년 5월,103932,96192,47050,833,2279
가야역,2023년 6월,100367,94590,46562,675,2018
가야역,2023년 7월,97107,91360,45030,848,1970
가야역,2023년 8월,97714,91624,44243,813,1698
가야역,2023년 9월,99528,92976,44872,796,1796
가야역,2023년 10월,105980,99944,49047,670,1966
가야역,2023년 11월,109690,103507,49288,663,2210
가야역,2023년 12월,109506,102729,48682,786,2439
가야역,2024년 1월,108373,102456,49478,782,1759
가야역,2024년 2월,100039,94245,45302,806,1728
가야역,2024년 3월,113252,106471,51867,669,2532
가야역,2024년 4월,113685,107086,51767,698,2600
가야역,2024년 5월,116095,108933,54210,871,2681
가야역,2024년 6월,109116,101724,51306,824,2188
가야역,2024년 7월,111997,104761,52995,740,2283
가야역,2024년 8월,105841,99348,50471,894,1874
가야역,2024년 9월,104106,96930,49244,686,2082
가야역,2024년 10월,112131,105507,53647,709,2038
가야역,2024년 11월,111536,104760,52532,731,2236
가야역,2024년 12월,110819,104548,52836,670,2219
동의대역,2014년 1월,172837,158682,51624,3201,7275
동의대역,2014년 2월,162736,151713,46490,2954,8261
동의대역,2014년 3월,301788,296413,56822,5442,29953
동의대역,2014년 4월,289178,283368,57160,5883,24437
동의대역,2014년 5월,278380,269872,58189,5852,21983
동의대역,2014년 6월,230511,219749,55443,4674,14315
동의대역,2014년 7월,187037,169625,55617,3285,8699
동의대역,2014년 8월,169030,151940,52325,3169,7266
동의대역,2014년 9월,242225,235212,52690,4136,13421
동의대역,2014년 10월,258138,249018,58733,4462,13545
동의대역,2014년 11월,264287,254891,57917,4923,23323
동의대역,2014년 12월,232993,219979,56557,3882,11562
동의대역,2015년 1월,177818,162663,55822,2853,7049
동의대역,2015년 2월,157637,145624,47502,2706,7083
동의대역,2015년 3월,295582,283219,59016,4354,24721
동의대역,2015년 4월,278761,265273,58596,4049,20227
동의대역,2015년 5월,261984,251511,59711,4305,17454
동의대역,2015년 6월,214774,205810,51988,3033,10750
동의대역,2015년 7월,179860,162627,56894,2878,6762
동의대역,2015년 8월,166539,150341,53071,2968,6134
동의대역,2015년 9월,240951,229889,54113,3320,10786
동의대역,2015년 10월,251726,237987,60528,3555,10222
동의대역,2015년 11월,257395,245832,56242,3823,16668
동의대역,2015년 12월,225867,208696,58598,3578,8961
동의대역,2016년 1월,168777,151728,53985,2752,6028
동의대역,2016년 2월,159881,145298,49283,2633,7489
동의대역,2016년 3월,298481,279378,60070,3884,26323
동의대역,2016년 4월,266039,249430,58798,3710,19233
동의대역,2016년 5월,273161,262435,59873,3934,19005
동의대역,2016년 6월,228104,213521,58512,3114,11260
동의대역,2016년 7월,180900,163360,56991,2975,6641
동의대역,2016년 8월,170414,153693,54280,2715,5588
동의대역,2016년 9월,234611,220651,52519,2852,10205
동의대역,2016년 10월,241629,228967,58342,3066,9282
동의대역,2016년 11월,252746,241917,57844,2984,9451
동의대역,2016년 12월,222093,205611,57781,2841,7221
동의대역,2017년 1월,160525,143231,51644,2337,5462
동의대역,2017년 2월,160808,145747,51311,2129,6432
동의대역,2017년 3월,286155,269849,60751,2984,26706
동의대역,2017년 4월,259706,242867,58756,2970,20070
동의대역,2017년 5월,260992,249314,60436,3378,19023
동의대역,2017년 6월,224718,208538,59807,2730,12057
동의대역,2017년 7월,169829,151973,57024,2363,5953
동의대역,2017년 8월,162369,144823,55836,2454,4842
동의대역,2017년 9월,248890,232637,59321,2919,11030
동의대역,2017년 10월,209887,196703,54128,2777,7815
동의대역,2017년 11월,244541,233630,59025,2842,8342
동의대역,2017년 12월,213775,198656,56370,2741,7087
동의대역,2018년 1월,158065,143205,52854,1927,4619
동의대역,2018년 2월,140673,126328,47095,1762,4871
동의대역,2018년 3월,269969,253122,59138,2924,22363
동의대역,2018년 4월,253525,238684,58548,2872,16761
동의대역,2018년 5월,256470,242477,60390,3109,15895
동의대역,2018년 6월,211220,195291,57062,2343,9564
동의대역,2018년 7월,165387,148834,55413,1937,5189
동의대역,2018년 8월,155708,138165,53690,2138,4435
동의대역,2018년 9월,214978,198643,53888,2253,7963
동의대역,2018년 10월,239094,221403,61867,2431,7835
동의대역,2018년 11월,244025,226310,60535,2540,7652
동의대역,2018년 12월,208099,190769,57851,2368,5359
동의대역,2019년 1월,163600,147051,58613,2006,4008
동의대역,2019년 2월,141507,127145,50375,1861,4215
동의대역,2019년 3월,261423,243319,62048,2877,19529
동의대역,2019년 4월,255583,235940,61127,2780,15424
동의대역,2019년 5월,265349,247333,62481,2997,16011
동의대역,2019년 6월,205202,186074,58476,2495,8050
동의대역,2019년 7월,167932,149925,58810,2129,4953
동의대역,2019년 8월,158738,138903,55145,2060,4050
동의대역,2019년 9월,221821,204033,53711,2161,7145
동의대역,2019년 10월,237562,218909,61451,2399,7040
동의대역,2019년 11월,246925,227194,61269,2542,7067
동의대역,2019년 12월,216459,197936,62357,2352,4503
동의대역,2020년 1월,156479,137936,55225,1936,3947
동의대역,2020년 2월,123112,109204,43551,1188,2028
동의대역,2020년 3월,90260,80641,31108,611,990
동의대역,2020년 4월,103614,91912,37621,813,1176
동의대역,2020년 5월,132244,117953,45471,1136,2458
동의대역,2020년 6월,159478,143791,46590,1387,4990
동의대역,2020년 7월,141045,125278,47777,1359,2836
동의대역,2020년 8월,115169,101952,39612,1007,2221
동의대역,2020년 9월,118643,104958,39163,878,2246
동의대역,2020년 10월,163539,148968,43774,1100,4184
동의대역,2020년 11월,195002,181687,46002,1274,4455
동의대역,2020년 12월,115532,105191,36925,810,1818
동의대역,2021년 1월,104954,94374,36366,805,2014
동의대역,2021년 2월,103573,92310,36588,836,1945
동의대역,2021년 3월,217967,201824,46768,1395,16705
동의대역,2021년 4월,176587,161965,45985,1085,9830
동의대역,2021년 5월,170665,158137,45814,1144,8059
동의대역,2021년 6월,162956,148994,45888,1076,6269
동의대역,2021년 7월,126561,112990,42949,999,2964
동의대역,2021년 8월,111930,100128,39820,769,1985
동의대역,2021년 9월,163032,146891,43794,911,5114
동의대역,2021년 10월,172373,154744,48913,1165,4597
동의대역,2021년 11월,205982,186239,50232,1076,4706
동의대역,2021년 12월,173840,156103,45637,1063,3696
동의대역,2022년 1월,125594,110890,44928,1044,2778
동의대역,2022년 2월,106547,94269,38361,848,2364
동의대역,2022년 3월,204802,185253,44966,1013,19816
동의대역,2022년 4월,225426,201357,51077,1127,16386
동의대역,2022년 5월,241736,217723,56567,1293,15505
동의대역,2022년 6월,193404,171874,53821,1133,9118
동의대역,2022년 7월,149646,129915,52795,1289,4448
동의대역,2022년 8월,140107,121985,49581,1282,3806
동의대역,2022년 9월,211008,188246,49212,1095,8142
동의대역,2022년 10월,221628,200075,57849,1188,6862
동의대역,2022년 11월,237920,216273,57871,1218,6352
동의대역,2022년 12월,206124,184458,57480,1314,5138
동의대역,2023년 1월,136834,122822,49774,1208,3439
동의대역,2023년 2월,137730,125630,53071,1143,3561
동의대역,2023년 3월,252850,232248,60595,1259,19338
동의대역,2023년 4월,223997,204645,57390,1147,13868
동의대역,2023년 5월,228307,210922,58562,1262,13379
동의대역,2023년 6월,191782,176674,57077,1062,8448
동의대역,2023년 7월,144811,132485,54262,1097,4421
동의대역,2023년 8월,144024,131711,52829,1100,3672
동의대역,2023년 9월,210196,193746,54347,1098,7237
동의대역,2023년 10월,217458,202297,63106,1124,6193
동의대역,2023년 11월,229536,212543,61753,664,6035
동의대역,2023년 12월,196979,179801,61342,785,4546
동의대역,2024년 1월,153875,140622,60348,757,3669
동의대역,2024년 2월,141709,128734,55256,794,4153
동의대역,2024년 3월,246083,226406,64162,872,18608
동의대역,2024년 4월,239840,221051,64064,924,15246
동의대역,2024년 5월,252403,232316,66254,1597,16602
동의대역,2024년 6월,198481,182200,61225,975,8819
동의대역,2024년 7월,161189,146883,61700,1093,5618
동의대역,2024년 8월,148364,134995,56236,963,4160
동의대역,2024년 9월,204797,187510,57016,848,7239
동의대역,2024년 10월,219903,200435,65784,840,6340
동의대역,2024년 11월,229916,209824,64982,910,6089
동의대역,2024년 12월,206365,188209,65824,890,5122
개금역,2014년 1월,247317,231014,79670,4442,9797
개금역,2014년 2월,233765,218922,74603,3652,9240
개금역,2014년 3월,270493,251291,86031,3677,11270
개금역,2014년 4월,273443,255672,88012,3454,10233
개금역,2014년 5월,273994,256114,87377,3983,11023
개금역,2014년 6월,256066,237268,83509,3807,9587
개금역,2014년 7월,260539,241213,85502,3850,9378
개금역,2014년 8월,240267,222357,79281,4213,8677
개금역,2014년 9월,250694,230744,81209,3532,8753
개금역,2014년 10월,271750,251390,88475,3947,9258
개금역,2014년 11월,258570,240868,82671,4047,10396
개금역,2014년 12월,271424,250151,84549,4098,10682
개금역,2015년 1월,254055,237931,84117,4427,8717
개금역,2015년 2월,218689,204305,70801,3667,8074
개금역,2015년 3월,274845,257913,90042,3737,9017
개금역,2015년 4월,267000,250700,88793,3615,7879
개금역,2015년 5월,267634,250825,86536,4372,9060
개금역,2015년 6월,234373,219525,76939,3008,7037
개금역,2015년 7월,252715,237281,85197,3780,7515
개금역,2015년 8월,238639,222833,78737,4176,7540
개금역,2015년 9월,247573,230211,81354,3752,6972
개금역,2015년 10월,272580,255326,90667,4320,7929
개금역,2015년 11월,258459,243055,85007,3642,8221
개금역,2015년 12월,268958,249840,87453,3995,8374
개금역,2016년 1월,246752,233016,81279,4199,6864
개금역,2016년 2월,230389,218080,75412,3509,6867
개금역,2016년 3월,273563,260736,90770,3784,8056
개금역,2016년 4월,263126,249993,87985,3805,7100
개금역,2016년 5월,270691,256111,89521,4176,7670
개금역,2016년 6월,258930,244128,87040,3738,6515
개금역,2016년 7월,252658,238511,84825,3951,6688
개금역,2016년 8월,242889,228631,82392,4017,6255
개금역,2016년 9월,239452,224927,79791,3340,6049
개금역,2016년 10월,260662,245405,88145,3794,6436
개금역,2016년 11월,263146,250189,87836,3555,6872
개금역,2016년 12월,271040,254239,88782,3979,7751
개금역,2017년 1월,244598,230373,81215,4205,6006
개금역,2017년 2월,243277,228890,81964,3703,6559
개금역,2017년 3월,276501,261225,94294,3383,7675
개금역,2017년 4월,265758,250760,90816,3358,6547
개금역,2017년 5월,269626,253514,93956,3871,7267
개금역,2017년 6월,263573,248252,93194,3593,5900
개금역,2017년 7월,249479,235709,88288,3744,6352
개금역,2017년 8월,246875,231559,88773,3987,6000
개금역,2017년 9월,267274,249330,97250,3535,6142
개금역,2017년 10월,242991,228489,86107,3542,6201
개금역,2017년 11월,264599,251189,93836,3419,6198
개금역,2017년 12월,257811,240179,89115,3601,6918
개금역,2018년 1월,246823,230888,86978,3627,5410
개금역,2018년 2월,218417,204669,76594,3126,5310
개금역,2018년 3월,274166,257791,96195,3521,7326
개금역,2018년 4월,269057,254048,94384,3518,6316
개금역,2018년 5월,277724,260444,97807,3974,6830
개금역,2018년 6월,261259,244265,92656,3520,5579
개금역,2018년 7월,263309,248064,94203,3522,5767
개금역,2018년 8월,249722,235329,89795,3999,5163
개금역,2018년 9월,240930,224920,86387,3430,5138
개금역,2018년 10월,277451,263322,102497,3824,5837
개금역,2018년 11월,274487,260711,99281,3710,6425
개금역,2018년 12월,265511,250364,95028,3780,6186
개금역,2019년 1월,263356,249718,97861,3856,4904
개금역,2019년 2월,227253,215252,82134,3378,4827
개금역,2019년 3월,275090,261675,100117,3307,6063
개금역,2019년 4월,276206,262802,101042,3278,5392
개금역,2019년 5월,282212,268496,103147,3639,6133
개금역,2019년 6월,259414,245610,95923,3349,4962
개금역,2019년 7월,266782,253157,99899,3323,5232
개금역,2019년 8월,250708,236930,92814,3187,4643
개금역,2019년 9월,247389,235506,90368,2492,4518
개금역,2019년 10월,281244,269898,104670,2964,5320
개금역,2019년 11월,280824,269807,100696,3415,5798
개금역,2019년 12월,283918,271368,102463,3303,6144
개금역,2020년 1월,255726,246026,93132,3286,4709
개금역,2020년 2월,206992,199234,73875,1931,3377
개금역,2020년 3월,161029,156721,57502,1099,1531
개금역,2020년 4월,183509,176291,69071,1358,2157
개금역,2020년 5월,209032,200540,79542,1879,2994
개금역,2020년 6월,224460,217435,84635,1978,4022
개금역,2020년 7월,233769,226711,86194,1972,4121
개금역,2020년 8월,196257,188871,72238,1680,3204
개금역,2020년 9월,192074,184775,72380,1533,2922
개금역,2020년 10월,205784,199025,77176,1642,3310
개금역,2020년 11월,215727,208198,79748,1724,3586
개금역,2020년 12월,183391,181150,67641,1261,2638
개금역,2021년 1월,180852,177353,65926,1433,2953
개금역,2021년 2월,179194,173012,65455,1509,3205
개금역,2021년 3월,223242,216374,83534,1747,4284
개금역,2021년 4월,217104,212448,81682,1809,3784
개금역,2021년 5월,212625,207724,79088,1918,4069
개금역,2021년 6월,221437,215075,81971,2001,3661
개금역,2021년 7월,211213,206106,78046,1917,3920
개금역,2021년 8월,191772,187318,72203,1711,3164
개금역,2021년 9월,200142,194282,76948,1764,3464
개금역,2021년 10월,222673,214513,86174,1924,4030
개금역,2021년 11월,234468,224835,87076,2041,3792
개금역,2021년 12월,227590,220437,82333,1784,4214
개금역,2022년 1월,215261,207665,80212,1811,3863
개금역,2022년 2월,183088,179244,67944,1426,3178
개금역,2022년 3월,208403,204398,78500,1554,3950
개금역,2022년 4월,230815,222743,87374,1914,4145
개금역,2022년 5월,247657,238031,94393,2062,5059
개금역,2022년 6월,232840,223916,89104,1836,3878
개금역,2022년 7월,233675,222919,88138,2139,4528
개금역,2022년 8월,223597,213246,85433,2250,3956
개금역,2022년 9월,229279,218763,85783,1738,3805
개금역,2022년 10월,248859,238714,94743,2098,4343
개금역,2022년 11월,255700,248075,94419,2065,4641
개금역,2022년 12월,250539,240569,91346,2063,5039
개금역,2023년 1월,222647,212370,84019,2004,4006
개금역,2023년 2월,223040,213655,87742,1874,3835
개금역,2023년 3월,258741,250086,100847,1815,5021
개금역,2023년 4월,241973,233735,94005,1871,4454
개금역,2023년 5월,247840,238013,97317,1978,4919
개금역,2023년 6월,237406,229167,92985,1874,4110
개금역,2023년 7월,228644,218793,89232,2001,4412
개금역,2023년 8월,226307,216645,87572,1980,3943
개금역,2023년 9월,231600,221274,89258,1796,3856
개금역,2023년 10월,252930,245331,102386,1756,4123
개금역,2023년 11월,259317,250840,102092,1560,4514
개금역,2023년 12월,252519,241699,98950,1324,4844
개금역,2024년 1월,252613,245354,103170,1659,4230
개금역,2024년 2월,230656,222926,91970,1798,4619
개금역,2024년 3월,261085,255353,104041,1479,6190
개금역,2024년 4월,261112,254168,104872,1666,5245
개금역,2024년 5월,266543,257959,107580,1831,5823
개금역,2024년 6월,244888,236989,99575,1827,5151
개금역,2024년 7월,253283,244220,103051,1455,5368
개금역,2024년 8월,231048,222201,93542,1829,4726
개금역,2024년 9월,228085,219329,92700,1429,4640
개금역,2024년 10월,254215,245069,106268,1964,5048
개금역,2024년 11월,256145,246979,104123,1494,5261
개금역,2024년 12월,257289,246919,104473,1475,5551
냉정역,2014년 1월,147968,142391,29781,2776,6323
냉정역,2014년 2월,144628,140437,27557,2576,9550
냉정역,2014년 3월,283876,278254,33389,5059,32085
냉정역,2014년 4월,267833,267069,33349,4913,26579
냉정역,2014년 5월,255271,249885,33409,5560,24740
냉정역,2014년 6월,212241,209913,31560,4409,16604
냉정역,2014년 7월,165655,159265,32445,3537,9837
냉정역,2014년 8월,146568,139328,30380,3114,7117
냉정역,2014년 9월,231351,226692,33580,4051,14376
냉정역,2014년 10월,243421,240787,37304,4412,14868
냉정역,2014년 11월,243909,242989,34573,4807,22623
냉정역,2014년 12월,218761,212805,34309,4075,13313
냉정역,2015년 1월,154880,149361,33662,2823,6076
냉정역,2015년 2월,136535,130753,28760,2540,8274
냉정역,2015년 3월,284027,276572,35632,5051,30236
냉정역,2015년 4월,263614,260455,35631,4572,24286
냉정역,2015년 5월,246182,238194,35764,4746,21316
냉정역,2015년 6월,205544,203270,30753,3621,14416
냉정역,2015년 7월,160687,153675,33906,3059,8127
냉정역,2015년 8월,150563,142987,34599,2770,6758
냉정역,2015년 9월,228531,223392,34751,3630,12911
냉정역,2015년 10월,237594,233806,37590,3932,12755
냉정역,2015년 11월,241679,240406,34708,3876,19540
냉정역,2015년 12월,210700,204987,35255,3565,11028
냉정역,2016년 1월,150117,144536,32290,2500,5286
냉정역,2016년 2월,145593,138624,30276,2575,7916
냉정역,2016년 3월,281884,275715,37217,4889,28995
냉정역,2016년 4월,254121,247939,36057,4402,22190
냉정역,2016년 5월,256462,251796,39133,4516,21202
냉정역,2016년 6월,217158,212606,37296,3482,13788
냉정역,2016년 7월,163831,156296,35655,2827,8132
냉정역,2016년 8월,162319,156322,33900,2828,6994
냉정역,2016년 9월,219775,213980,33030,3196,11927
냉정역,2016년 10월,223512,220858,36400,3516,11543
냉정역,2016년 11월,242269,239561,36732,3541,14148
냉정역,2016년 12월,206790,200146,37386,3459,11195
냉정역,2017년 1월,149984,142508,33282,2377,4693
냉정역,2017년 2월,157006,149648,33180,2601,9916
냉정역,2017년 3월,276539,269490,39121,4140,32656
냉정역,2017년 4월,248810,243121,37347,3943,25051
냉정역,2017년 5월,247726,241357,37882,3955,23685
냉정역,2017년 6월,204529,198232,36937,3006,13493
냉정역,2017년 7월,157106,148436,35169,2559,6940
냉정역,2017년 8월,163629,154978,35969,2600,6568
냉정역,2017년 9월,235340,229274,39025,3328,12421
냉정역,2017년 10월,198863,194611,34485,3138,8959
냉정역,2017년 11월,233796,231675,37793,3325,9878
냉정역,2017년 12월,204179,196272,36078,3225,13648
냉정역,2018년 1월,154811,149024,35719,2415,4248
냉정역,2018년 2월,141447,134627,32342,2251,6841
냉정역,2018년 3월,265994,258138,39090,4195,25918
냉정역,2018년 4월,246505,242276,37223,3706,20657
냉정역,2018년 5월,248766,244932,40990,3953,18554
냉정역,2018년 6월,208321,204658,38129,3004,11347
냉정역,2018년 7월,163633,156119,37574,2454,5364
냉정역,2018년 8월,150057,141896,36811,2428,4504
냉정역,2018년 9월,204351,199490,35271,2799,8824
냉정역,2018년 10월,232370,229243,40251,3261,9905
냉정역,2018년 11월,235245,231030,37988,3397,12093
냉정역,2018년 12월,202479,196594,37057,2923,8024
냉정역,2019년 1월,152461,146404,37533,2012,3247
냉정역,2019년 2월,137099,130334,32975,2017,5088
냉정역,2019년 3월,251556,245608,39818,3651,21606
냉정역,2019년 4월,247059,243696,39378,3407,18419
냉정역,2019년 5월,248254,242473,40330,3490,17096
냉정역,2019년 6월,196365,192068,37499,2574,9199
냉정역,2019년 7월,158841,153078,38499,2167,5162
냉정역,2019년 8월,148476,141487,38165,2064,4002
냉정역,2019년 9월,211575,207721,35705,2248,8067
냉정역,2019년 10월,230406,229828,40350,2711,8772
냉정역,2019년 11월,233346,231372,39723,2708,10587
냉정역,2019년 12월,207064,202569,40254,2595,7459
냉정역,2020년 1월,150320,145101,39439,1829,2877
냉정역,2020년 2월,119653,115892,29903,1148,2237
냉정역,2020년 3월,91636,90153,22195,740,1175
냉정역,2020년 4월,102945,99540,26411,782,1533
냉정역,2020년 5월,135014,130055,32074,1191,3647
냉정역,2020년 6월,162670,159096,33026,1762,6319
냉정역,2020년 7월,143778,139227,33302,1534,3970
냉정역,2020년 8월,116325,113041,29041,1139,2528
냉정역,2020년 9월,126930,123957,28087,1160,3282
냉정역,2020년 10월,147923,145429,30522,1364,4034
냉정역,2020년 11월,179697,178958,31907,1499,4676
냉정역,2020년 12월,115295,116370,26368,817,2192
냉정역,2021년 1월,101057,101465,25874,799,1769
냉정역,2021년 2월,103675,102246,26360,803,2791
냉정역,2021년 3월,190244,187261,33623,2183,14246
냉정역,2021년 4월,155583,154900,32379,1602,7878
냉정역,2021년 5월,162212,160528,32161,1896,8202
냉정역,2021년 6월,163089,160442,31985,1659,7280
냉정역,2021년 7월,121692,120232,30913,1130,3304
냉정역,2021년 8월,108379,108206,28259,776,2384
냉정역,2021년 9월,137005,134422,31332,1126,4463
냉정역,2021년 10월,167585,164326,34619,1511,5272
냉정역,2021년 11월,182804,178633,35004,1374,5068
냉정역,2021년 12월,158735,155791,31925,1114,4648
냉정역,2022년 1월,120193,118465,31024,981,2146
냉정역,2022년 2월,103457,102773,26870,750,2665
냉정역,2022년 3월,165119,161763,31227,1227,12016
냉정역,2022년 4월,191618,186467,34722,1518,12539
냉정역,2022년 5월,204637,198163,37227,1590,12350
냉정역,2022년 6월,168825,163223,35917,1262,7731
냉정역,2022년 7월,134003,127353,35418,1015,4540
냉정역,2022년 8월,128316,121967,34199,1007,3279
냉정역,2022년 9월,183465,176388,34705,1221,6521
냉정역,2022년 10월,189241,184360,38256,1374,5874
냉정역,2022년 11월,197570,196582,37610,1236,6047
냉정역,2022년 12월,173795,169230,36286,1209,6238
냉정역,2023년 1월,122767,116733,32925,1048,2387
냉정역,2023년 2월,125458,118566,34063,913,3553
냉정역,2023년 3월,210940,202562,40138,1422,14031
냉정역,2023년 4월,189642,181906,37477,1260,10519
냉정역,2023년 5월,193642,185259,38220,1205,10446
냉정역,2023년 6월,170564,162494,38067,1000,6488
냉정역,2023년 7월,131723,123329,35676,789,4191
냉정역,2023년 8월,129862,120874,35152,767,3320
냉정역,2023년 9월,178613,166973,36186,967,5336
냉정역,2023년 10월,185756,175576,40873,634,4468
냉정역,2023년 11월,194706,183629,39148,577,5017
냉정역,2023년 12월,173081,159937,39464,751,4424
냉정역,2024년 1월,138732,128431,38779,631,2668
냉정역,2024년 2월,128990,117899,35266,685,3263
냉정역,2024년 3월,204587,189979,41460,993,12637
냉정역,2024년 4월,200281,187759,41299,796,10285
냉정역,2024년 5월,199627,185298,44992,953,9177
냉정역,2024년 6월,174047,160987,41278,898,5909
냉정역,2024년 7월,151375,138039,41986,1044,4395
냉정역,2024년 8월,142257,128049,39961,873,3941
냉정역,2024년 9월,172694,159507,38341,717,5339
냉정역,2024년 10월,190655,177799,44328,838,5052
냉정역,2024년 11월,191647,178698,43088,845,5094
냉정역,2024년 12월,176318,161536,43082,913,5298
주례역,2014년 1월,229040,191792,60316,4152,9027
주례역,2014년 2월,214054,181143,55790,3539,9562
주례역,2014년 3월,259419,223047,65634,3455,12808
주례역,2014년 4월,260315,222583,67774,3314,11875
주례역,2014년 5월,264149,222897,67267,4506,14351
주례역,2014년 6월,243050,204593,64747,3881,10825
주례역,2014년 7월,246032,205107,66653,3995,10451
주례역,2014년 8월,223565,186400,61738,4052,9359
주례역,2014년 9월,239378,201651,62392,3482,10249
주례역,2014년 10월,262688,222100,68858,3981,11050
주례역,2014년 11월,257580,215360,65513,3918,14970
주례역,2014년 12월,261095,216372,66215,4002,12163
주례역,2015년 1월,234745,195502,64673,3761,8173
주례역,2015년 2월,198915,166089,54463,3199,8363
주례역,2015년 3월,259927,223788,68691,3526,11749
주례역,2015년 4월,253274,216160,68040,3396,10669
주례역,2015년 5월,252902,213664,67726,4237,11956
주례역,2015년 6월,221822,187442,60548,2658,8665
주례역,2015년 7월,235005,195552,66455,3572,8967
주례역,2015년 8월,220014,183870,62647,3652,8364
주례역,2015년 9월,238669,200882,64349,3245,9356
주례역,2015년 10월,262876,219016,70734,3833,10207
주례역,2015년 11월,254134,209719,65829,3305,12559
주례역,2015년 12월,261953,212402,69339,3798,10512
주례역,2016년 1월,227493,188040,63021,3554,7360
주례역,2016년 2월,212215,174971,58932,3170,8125
주례역,2016년 3월,262608,220846,72468,3197,10847
주례역,2016년 4월,254284,211483,70582,3415,10327
주례역,2016년 5월,258348,216123,70640,4042,11024
주례역,2016년 6월,247259,205034,69730,3516,9245
주례역,2016년 7월,235847,194857,67053,3706,8972
주례역,2016년 8월,225532,187951,64701,3790,7862
주례역,2016년 9월,228883,189151,62501,3076,8620
주례역,2016년 10월,248476,206642,69940,3378,9273
주례역,2016년 11월,255206,212373,69342,3482,11161
주례역,2016년 12월,254743,208276,68843,3732,10822
주례역,2017년 1월,220399,179137,62327,3522,6862
주례역,2017년 2월,218253,178676,63549,3050,7907
주례역,2017년 3월,258759,216551,73592,3044,11190
주례역,2017년 4월,247128,206695,70347,3097,9979
주례역,2017년 5월,252301,209199,71646,3742,11185
주례역,2017년 6월,241689,199762,71529,3189,9012
주례역,2017년 7월,228401,186773,68138,3412,8151
주례역,2017년 8월,220826,182427,67630,3373,7201
주례역,2017년 9월,247566,205538,72393,3008,8254
주례역,2017년 10월,223586,185827,65053,3137,8282
주례역,2017년 11월,249691,205963,71733,3176,9214
주례역,2017년 12월,241612,197060,68434,3346,10168
주례역,2018년 1월,224162,184507,66446,3117,6191
주례역,2018년 2월,198257,162200,59385,2758,6238
주례역,2018년 3월,250449,211279,73558,3178,9269
주례역,2018년 4월,246264,206758,72767,3219,8365
주례역,2018년 5월,250666,209641,74838,3573,9193
주례역,2018년 6월,233579,193797,71826,3311,7040
주례역,2018년 7월,228178,188201,71110,3177,6763
주례역,2018년 8월,215980,177835,68572,3111,5715
주례역,2018년 9월,218113,180283,66165,2903,6380
주례역,2018년 10월,249557,207530,76208,3169,7511
주례역,2018년 11월,251025,206953,75130,3267,9475
주례역,2018년 12월,240360,197265,71643,3310,8173
주례역,2019년 1월,230214,189813,74032,3246,5608
주례역,2019년 2월,198533,164542,63467,2816,5592
주례역,2019년 3월,249277,209183,78301,3107,8881
주례역,2019년 4월,248561,207885,77935,3013,7953
주례역,2019년 5월,257712,214229,79898,3619,8842
주례역,2019년 6월,229954,190711,73442,3187,6425
주례역,2019년 7월,232082,188830,75410,2980,5912
주례역,2019년 8월,219073,178089,71284,3019,5491
주례역,2019년 9월,223406,185123,68805,2641,6092
주례역,2019년 10월,251142,207429,79510,2922,7009
주례역,2019년 11월,254371,207576,79226,3099,7574
주례역,2019년 12월,251330,203937,79387,2919,6810
주례역,2020년 1월,221703,179925,72535,2676,4618
주례역,2020년 2월,176813,145101,57279,1569,3154
주례역,2020년 3월,132349,107234,40700,1119,1206
주례역,2020년 4월,151165,122604,49979,1367,1589
주례역,2020년 5월,176141,142928,60802,1757,2356
주례역,2020년 6월,190468,155149,63400,1756,4460
주례역,2020년 7월,194564,157919,63942,1771,4527
주례역,2020년 8월,163656,134274,53869,1524,3308
주례역,2020년 9월,159416,128597,51673,1246,2948
주례역,2020년 10월,175893,143433,58465,1366,3516
주례역,2020년 11월,189656,154650,61242,1374,4212
주례역,2020년 12월,152846,125682,49835,937,2597
주례역,2021년 1월,148261,122669,48237,1044,2481
주례역,2021년 2월,148550,122267,48854,1116,2834
주례역,2021년 3월,194041,158971,63200,1386,5330
주례역,2021년 4월,186109,152280,61657,1132,4191
주례역,2021년 5월,184527,150601,61380,1294,4708
주례역,2021년 6월,190100,153841,62445,1392,4370
주례역,2021년 7월,178589,145066,59295,1299,3920
주례역,2021년 8월,157038,127977,54212,1038,2880
주례역,2021년 9월,168900,137750,58977,1077,3682
주례역,2021년 10월,193316,158349,66272,1401,4278
주례역,2021년 11월,202467,164349,66371,1428,4440
주례역,2021년 12월,192954,156454,61684,1226,4632
주례역,2022년 1월,175974,143535,59793,1315,3536
주례역,2022년 2월,150107,124675,51593,896,2929
주례역,2022년 3월,177999,148661,60103,1020,5501
주례역,2022년 4월,202691,166905,67544,1348,5821
주례역,2022년 5월,218763,179750,72474,1823,6668
주례역,2022년 6월,202314,166491,68844,1424,4704
주례역,2022년 7월,197578,160886,68057,1465,4893
주례역,2022년 8월,188654,152630,66045,1454,4071
주례역,2022년 9월,202290,164120,66637,1260,4707
주례역,2022년 10월,221035,178631,74443,1568,4833
주례역,2022년 11월,229726,188898,74109,1325,5036
주례역,2022년 12월,223288,183049,70969,1379,5928
주례역,2023년 1월,186602,155383,65590,1237,3921
주례역,2023년 2월,188306,159587,69608,1307,4382
주례역,2023년 3월,228633,194465,80722,1270,7440
주례역,2023년 4월,212991,181945,75027,1194,6151
주례역,2023년 5월,220604,188404,78155,1480,6904
주례역,2023년 6월,212582,181095,77887,1188,5466
주례역,2023년 7월,193641,167004,71460,1193,4556
주례역,2023년 8월,194855,165331,71085,1328,4417
주례역,2023년 9월,208322,175467,72331,1229,4974
주례역,2023년 10월,224666,191286,81981,1105,5045
주례역,2023년 11월,230518,197057,80753,824,5664
주례역,2023년 12월,221941,188673,77877,1024,5878
주례역,2024년 1월,209023,180671,78657,1187,3716
주례역,2024년 2월,189876,162536,70797,1146,4127
주례역,2024년 3월,230801,199018,83953,962,7639
주례역,2024년 4월,230605,198897,83976,1055,6738
주례역,2024년 5월,238265,205130,88171,1355,7681
주례역,2024년 6월,215109,185844,81180,1360,5449
주례역,2024년 7월,215489,186717,82296,1115,5153
주례역,2024년 8월,198267,172244,75093,1505,4162
주례역,2024년 9월,204110,175727,74472,1266,5211
주례역,2024년 10월,225759,195053,85280,1388,5466
주례역,2024년 11월,229309,197261,83851,1274,6108
주례역,2024년 12월,227390,196455,85611,1255,6953
감전역,2014년 1월,112761,106487,31494,1373,2711
감전역,2014년 2월,107258,101830,29255,1213,2778
감전역,2014년 3월,120630,115844,33936,1360,3351
감전역,2014년 4월,120211,116176,33007,1230,3035
감전역,2014년 5월,122708,117973,35653,1554,3056
감전역,2014년 6월,111234,106687,31838,1390,2526
감전역,2014년 7월,118180,113520,32984,1378,2663
감전역,2014년 8월,101396,97175,29016,1253,2115
감전역,2014년 9월,105633,100874,29929,1129,2272
감전역,2014년 10월,125491,120610,41227,1497,2598
감전역,2014년 11월,115084,109995,33192,1410,2848
감전역,2014년 12월,122439,117802,33181,1515,2944
감전역,2015년 1월,118880,113310,34171,1533,2344
감전역,2015년 2월,99778,94163,28187,1274,2406
감전역,2015년 3월,125073,119409,35943,1575,3258
감전역,2015년 4월,123114,116370,35326,1431,2934
감전역,2015년 5월,122820,116885,38143,1607,2898
감전역,2015년 6월,110790,105243,30618,1239,2545
감전역,2015년 7월,121016,115288,34484,1553,2489
감전역,2015년 8월,107881,101432,31990,1374,2105
감전역,2015년 9월,113875,106695,32967,1596,2593
감전역,2015년 10월,126472,118201,37561,1605,2661
감전역,2015년 11월,121781,113032,34505,1482,2836
감전역,2015년 12월,127539,117386,35836,1567,2872
감전역,2016년 1월,117325,108823,33090,1364,1832
감전역,2016년 2월,105238,97322,29065,1296,2150
감전역,2016년 3월,129204,120683,36983,1486,2877
감전역,2016년 4월,123129,114949,35345,1449,2722
감전역,2016년 5월,129946,121337,38748,1591,2914
감전역,2016년 6월,124014,114865,36006,1450,2570
감전역,2016년 7월,121018,112322,34713,1577,2364
감전역,2016년 8월,113463,104927,33630,1447,2148
감전역,2016년 9월,110873,102474,32103,1373,2886
감전역,2016년 10월,121743,113024,36742,1413,2718
감전역,2016년 11월,124921,116029,36071,1306,3261
감전역,2016년 12월,126233,117151,35566,1419,3043
감전역,2017년 1월,114559,105466,33059,1402,2046
감전역,2017년 2월,114576,106139,33271,1357,2412
감전역,2017년 3월,130873,121910,38414,1363,3232
감전역,2017년 4월,122028,114090,36247,1393,2721
감전역,2017년 5월,128736,120119,40667,1493,2800
감전역,2017년 6월,121974,113005,37341,1475,2377
감전역,2017년 7월,117932,109409,35755,1586,2136
감전역,2017년 8월,111346,102892,34057,1326,1702
감전역,2017년 9월,120756,112287,37271,1404,2318
감전역,2017년 10월,106823,99166,33387,1395,2068
감전역,2017년 11월,121935,113539,37487,1339,2264
감전역,2017년 12월,114976,108003,34701,1318,2403
감전역,2018년 1월,118078,109530,35303,1388,1842
감전역,2018년 2월,99407,92430,30378,1163,1747
감전역,2018년 3월,121421,115177,38256,1267,2407
감전역,2018년 4월,119753,112289,37464,1263,2013
감전역,2018년 5월,127270,119151,41452,1409,2515
감전역,2018년 6월,112988,105421,36037,1195,1790
감전역,2018년 7월,120350,112499,37990,1385,1787
감전역,2018년 8월,110746,102070,34865,1336,1560
감전역,2018년 9월,104091,95637,33906,1170,1716
감전역,2018년 10월,124596,114451,39669,1251,2025
감전역,2018년 11월,124930,114794,38679,1200,2301
감전역,2018년 12월,118404,108791,36299,1155,2089
감전역,2019년 1월,124766,114623,39156,1315,1636
감전역,2019년 2월,103672,94890,33742,1102,1499
감전역,2019년 3월,124399,114900,40226,1178,2172
감전역,2019년 4월,127519,117628,40618,1158,2114
감전역,2019년 5월,136568,127289,46446,1257,2377
감전역,2019년 6월,116417,108043,38435,1140,1764
감전역,2019년 7월,124082,115508,40183,1250,1755
감전역,2019년 8월,111014,101630,36864,1114,1307
감전역,2019년 9월,112431,102941,37236,984,1619
감전역,2019년 10월,124315,114780,41071,1108,1814
감전역,2019년 11월,124100,113952,40143,1110,1952
감전역,2019년 12월,122462,111306,39769,1095,1914
감전역,2020년 1월,115286,106346,38499,1085,1195
감전역,2020년 2월,96374,89881,30695,649,995
감전역,2020년 3월,77310,72355,21250,472,372
감전역,2020년 4월,82707,76417,23639,550,512
감전역,2020년 5월,97354,89793,31865,615,842
감전역,2020년 6월,102197,93304,32269,661,1480
감전역,2020년 7월,105671,97393,32818,676,1464
감전역,2020년 8월,87487,80143,27098,560,1022
감전역,2020년 9월,86774,79818,25984,563,990
감전역,2020년 10월,89844,83282,27264,560,1213
감전역,2020년 11월,98347,90969,30130,527,1253
감전역,2020년 12월,84274,78759,24210,381,906
감전역,2021년 1월,84113,78512,24093,470,867
감전역,2021년 2월,82473,76180,24611,493,871
감전역,2021년 3월,102776,95809,30791,713,1443
감전역,2021년 4월,99888,93134,29402,712,1362
감전역,2021년 5월,98908,93059,31099,719,1281
감전역,2021년 6월,101115,93607,30002,631,1311
감전역,2021년 7월,97773,90360,28144,552,1266
감전역,2021년 8월,86986,79698,25515,497,990
감전역,2021년 9월,91138,83696,28649,578,1160
감전역,2021년 10월,99945,91876,31070,514,1377
감전역,2021년 11월,106465,98167,31268,532,1403
감전역,2021년 12월,105715,97610,29879,472,1514
감전역,2022년 1월,100437,92318,29921,487,1064
감전역,2022년 2월,87909,81940,26282,476,997
감전역,2022년 3월,100209,94239,30852,414,1469
감전역,2022년 4월,105991,99296,32306,482,1528
감전역,2022년 5월,117373,109975,38018,609,1841
감전역,2022년 6월,109653,102086,34580,568,1571
감전역,2022년 7월,110486,103064,34473,785,1373
감전역,2022년 8월,105093,97947,32776,617,1320
감전역,2022년 9월,108502,101534,33984,572,1335
감전역,2022년 10월,116708,108956,37063,645,1604
감전역,2022년 11월,124829,116914,37385,590,1573
감전역,2022년 12월,121466,113501,36139,582,1587
감전역,2023년 1월,110191,102403,34605,633,1249
감전역,2023년 2월,111022,103048,35977,508,1392
감전역,2023년 3월,127714,119064,41448,596,1916
감전역,2023년 4월,118813,109433,37772,613,1687
감전역,2023년 5월,125370,115078,42000,613,1831
감전역,2023년 6월,118321,109095,38492,593,1569
감전역,2023년 7월,113620,104077,36999,585,1553
감전역,2023년 8월,109767,99450,35098,642,1389
감전역,2023년 9월,110727,101685,37095,542,1397
감전역,2023년 10월,119559,109972,41350,437,1530
감전역,2023년 11월,124086,114120,40710,393,1652
감전역,2023년 12월,117670,107939,39352,485,1535
감전역,2024년 1월,123807,113494,42395,575,1204
감전역,2024년 2월,107671,99248,36686,512,1197
감전역,2024년 3월,122388,113118,42106,606,1664
감전역,2024년 4월,123941,113355,41727,780,1485
감전역,2024년 5월,130884,119545,46148,920,1785
감전역,2024년 6월,117113,107048,40633,920,1443
감전역,2024년 7월,124384,113430,41866,658,1660
감전역,2024년 8월,111609,101899,38216,643,1397
감전역,2024년 9월,109389,99494,38007,550,1341
감전역,2024년 10월,122926,113000,43420,576,1460
감전역,2024년 11월,124263,112749,41661,478,1460
감전역,2024년 12월,122902,111255,42172,538,1552
사상역,2014년 1월,672520,709440,101300,11795,39112
사상역,2014년 2월,657376,682265,95577,10023,47025
사상역,2014년 3월,741313,788190,112798,8829,41383
사상역,2014년 4월,727460,778681,116889,8054,33640
사상역,2014년 5월,769036,822720,118623,11256,42996
사상역,2014년 6월,689847,734385,109042,9310,31982
사상역,2014년 7월,690701,730812,108219,9683,34641
사상역,2014년 8월,707721,746056,103244,12272,40396
사상역,2014년 9월,683575,732636,105986,8638,31451
사상역,2014년 10월,737071,787990,119055,9697,35660
사상역,2014년 11월,711301,762382,110643,8958,38519
사상역,2014년 12월,745825,789211,110402,9463,38880
사상역,2015년 1월,711055,745711,108661,11355,41184
사상역,2015년 2월,653372,684529,92638,9512,44065
사상역,2015년 3월,768234,815824,119686,8340,37511
사상역,2015년 4월,739728,800535,119193,7340,30649
사상역,2015년 5월,785853,838652,122120,11250,41125
사상역,2015년 6월,612300,656521,98341,5949,22257
사상역,2015년 7월,700124,737205,110593,9200,32539
사상역,2015년 8월,744412,780576,107774,11567,39544
사상역,2015년 9월,699504,748604,107959,8042,28312
사상역,2015년 10월,777052,825582,125720,9720,36240
사상역,2015년 11월,729480,780618,113688,7848,35183
사상역,2015년 12월,764532,801406,114839,9230,37869
사상역,2016년 1월,706810,740618,106142,10056,38208
사상역,2016년 2월,700231,730172,98122,9775,47081
사상역,2016년 3월,757827,801722,118452,7177,36398
사상역,2016년 4월,773334,825500,124030,8200,32887
사상역,2016년 5월,780720,831895,121795,9519,39735
사상역,2016년 6월,721278,766230,115832,7415,27134
사상역,2016년 7월,738456,775013,111438,9413,35582
사상역,2016년 8월,743565,780517,109138,10744,36781
사상역,2016년 9월,689888,733871,105050,7113,27577
사상역,2016년 10월,746998,789088,120854,8474,33896
사상역,2016년 11월,732754,781137,117044,7537,33023
사상역,2016년 12월,771962,803223,114571,9207,38636
사상역,2017년 1월,708141,737319,102653,10145,39818
사상역,2017년 2월,713739,737899,105447,8877,47462
사상역,2017년 3월,774157,815147,123506,7618,37994
사상역,2017년 4월,776534,824101,128838,8392,32716
사상역,2017년 5월,784367,827672,126562,9968,40640
사상역,2017년 6월,716345,759309,122477,7821,26724
사상역,2017년 7월,717094,750428,115871,9045,33344
사상역,2017년 8월,729947,761300,113101,11084,35870
사상역,2017년 9월,717011,765473,119357,7525,26428
사상역,2017년 10월,738535,769965,119235,9730,35244
사상역,2017년 11월,725712,769520,122492,7529,28049
사상역,2017년 12월,755683,789449,115728,8798,37568
사상역,2018년 1월,697418,726637,110258,8981,35496
사상역,2018년 2월,667453,689566,97857,8801,40908
사상역,2018년 3월,779312,815852,127673,7910,35444
사상역,2018년 4월,760737,802543,129688,7602,28572
사상역,2018년 5월,765370,808197,128841,8491,35405
사상역,2018년 6월,708464,744543,120907,7429,23998
사상역,2018년 7월,712997,743577,117163,8321,31782
사상역,2018년 8월,714330,744435,112786,9892,31204
사상역,2018년 9월,694797,732896,113783,7433,24816
사상역,2018년 10월,748514,787414,133364,7803,29131
사상역,2018년 11월,737652,783838,128519,7594,30116
사상역,2018년 12월,742641,775462,120749,8023,32800
사상역,2019년 1월,704390,732089,121191,8400,32114
사상역,2019년 2월,673572,696835,107431,8199,37914
사상역,2019년 3월,785204,824204,136915,7547,33304
사상역,2019년 4월,736806,777406,133855,6458,24704
사상역,2019년 5월,762971,808070,133969,7695,31796
사상역,2019년 6월,703906,737035,124670,6758,23039
사상역,2019년 7월,710551,740179,123815,7643,27657
사상역,2019년 8월,724932,747902,118807,9407,29611
사상역,2019년 9월,672494,708483,116211,5892,20851
사상역,2019년 10월,732809,775696,135345,6723,25023
사상역,2019년 11월,743732,788184,130895,6840,26932
사상역,2019년 12월,758103,788001,128826,7290,30237
사상역,2020년 1월,684673,708859,114157,7574,27988
사상역,2020년 2월,498576,520690,86131,3530,17249
사상역,2020년 3월,331792,347263,63950,1889,6091
사상역,2020년 4월,399319,419097,79590,2310,8439
사상역,2020년 5월,505395,524515,100657,3445,12301
사상역,2020년 6월,533933,557450,102588,3307,14283
사상역,2020년 7월,561480,583662,103743,3285,14276
사상역,2020년 8월,497244,513973,88721,3634,16158
사상역,2020년 9월,426578,454231,82690,2414,10507
사상역,2020년 10월,514737,527575,95382,2864,14522
사상역,2020년 11월,540112,561888,96722,2907,13977
사상역,2020년 12월,371902,390052,72861,1723,7975
사상역,2021년 1월,378604,388393,71400,2107,10281
사상역,2021년 2월,435541,442350,74203,2860,17153
사상역,2021년 3월,547104,564173,100245,2818,20665
사상역,2021년 4월,506230,525991,96239,2484,14440
사상역,2021년 5월,539151,557452,97547,3078,19847
사상역,2021년 6월,532108,549539,97744,2783,14766
사상역,2021년 7월,492700,508217,90973,2753,15597
사상역,2021년 8월,439985,449503,82448,2574,12191
사상역,2021년 9월,477085,493555,91897,2633,12965
사상역,2021년 10월,560493,577927,109889,3170,17668
사상역,2021년 11월,579361,594324,108898,2921,16484
사상역,2021년 12월,549912,568822,96537,2745,19818
사상역,2022년 1월,524602,537613,92975,3061,21585
사상역,2022년 2월,464744,460312,81502,2475,20424
사상역,2022년 3월,503651,518653,94719,2230,20228
사상역,2022년 4월,586062,607390,113173,3304,20440
사상역,2022년 5월,657250,673027,122650,3991,29143
사상역,2022년 6월,599268,615486,117985,3260,16931
사상역,2022년 7월,616388,627822,114140,3857,25085
사상역,2022년 8월,582412,593675,108104,4189,22281
사상역,2022년 9월,574929,600352,109575,3172,17345
사상역,2022년 10월,648046,674350,130348,3936,21746
사상역,2022년 11월,615515,639915,123358,3240,18764
사상역,2022년 12월,630563,649341,117851,3651,26716
사상역,2023년 1월,576132,582499,105710,4121,25988
사상역,2023년 2월,587502,592657,115404,4304,31368
사상역,2023년 3월,665372,682008,139343,3183,24489
사상역,2023년 4월,636795,650357,132222,3673,21257
사상역,2023년 5월,651846,662934,130212,3629,25369
사상역,2023년 6월,627561,639725,125602,3793,19386
사상역,2023년 7월,612267,621146,116674,4221,26148
사상역,2023년 8월,611206,615010,113532,4772,24094
사상역,2023년 9월,610979,629155,116864,3606,17555
사상역,2023년 10월,679368,683801,142654,3076,23943
사상역,2023년 11월,658626,670197,133681,2337,21884
사상역,2023년 12월,674249,679438,129530,3386,31215
사상역,2024년 1월,635606,637697,127022,4068,29907
사상역,2024년 2월,617015,616529,115896,4240,34555
사상역,2024년 3월,696731,703598,146075,3507,28959
사상역,2024년 4월,670705,683340,148660,3095,23116
사상역,2024년 5월,702246,715139,147994,4043,31030
사상역,2024년 6월,644299,651402,136517,4216,23177
사상역,2024년 7월,655643,657597,134931,4968,29468
사상역,2024년 8월,649955,648371,125558,5784,29903
사상역,2024년 9월,628466,636058,125612,4010,21767
사상역,2024년 10월,692519,698909,148700,4031,25510
사상역,2024년 11월,692916,698441,142818,4030,28020
사상역,2024년 12월,695595,698406,139682,4200,34559
덕포역,2014년 1월,123996,116334,35970,2679,5096
덕포역,2014년 2월,116498,110967,33143,2486,5302
덕포역,2014년 3월,148138,142348,39768,3037,9023
덕포역,2014년 4월,150001,143533,39874,3227,9374
덕포역,2014년 5월,151776,144573,40636,3558,9650
덕포역,2014년 6월,137763,130929,38461,2816,7704
덕포역,2014년 7월,138245,132048,40111,2974,7158
덕포역,2014년 8월,122145,115462,36794,2661,5071
덕포역,2014년 9월,134235,127025,36535,2706,7154
덕포역,2014년 10월,146746,138473,41323,2864,7497
덕포역,2014년 11월,142178,133350,39242,2812,7745
덕포역,2014년 12월,145199,137044,39292,3048,8123
덕포역,2015년 1월,128244,120650,39470,2513,4452
덕포역,2015년 2월,110495,104851,33119,2404,4548
덕포역,2015년 3월,147842,139553,41540,2900,7669
덕포역,2015년 4월,146176,138407,41474,3044,7391
덕포역,2015년 5월,143604,134658,41849,3258,7026
덕포역,2015년 6월,131826,123755,37827,2646,6145
덕포역,2015년 7월,130294,121862,39714,2660,5229
덕포역,2015년 8월,120190,111777,37472,2634,4637
덕포역,2015년 9월,132095,122328,37197,2756,6023
덕포역,2015년 10월,144041,132240,42004,2857,6210
덕포역,2015년 11월,140360,128940,39333,2773,6840
덕포역,2015년 12월,141932,131028,40545,2863,6117
덕포역,2016년 1월,121736,112685,37023,2545,3892
덕포역,2016년 2월,114087,105493,34388,2487,4211
덕포역,2016년 3월,147567,138294,42545,2973,6824
덕포역,2016년 4월,142718,132263,41843,2955,6379
덕포역,2016년 5월,144981,134019,42361,3252,6790
덕포역,2016년 6월,138596,128327,41397,2917,6425
덕포역,2016년 7월,129156,124349,40341,2724,5189
덕포역,2016년 8월,123077,113210,39403,2652,4714
덕포역,2016년 9월,127976,117433,37701,2671,5338
덕포역,2016년 10월,139932,128736,42420,2957,6001
덕포역,2016년 11월,143316,131985,42420,2841,6753
덕포역,2016년 12월,141494,130565,42585,2866,6212
덕포역,2017년 1월,118219,109289,37745,2265,3350
덕포역,2017년 2월,117903,108781,38687,2338,4002
덕포역,2017년 3월,148620,137721,45703,3042,6919
덕포역,2017년 4월,142338,131335,44491,2992,6645
덕포역,2017년 5월,144539,133290,45938,3178,6345
덕포역,2017년 6월,140218,129285,45109,2860,5650
덕포역,2017년 7월,127504,118029,42990,2652,4488
덕포역,2017년 8월,122632,112758,42673,2529,3714
덕포역,2017년 9월,140578,130029,45679,2677,5535
덕포역,2017년 10월,126836,116360,41096,2651,4839
덕포역,2017년 11월,142676,131184,45258,2700,5445
덕포역,2017년 12월,135796,125119,43045,2737,5419
덕포역,2018년 1월,123949,114578,41384,2175,3318
덕포역,2018년 2월,107748,100207,36379,2053,3375
덕포역,2018년 3월,142049,131128,45706,2561,6155
덕포역,2018년 4월,137521,127456,44427,2550,5369
덕포역,2018년 5월,139077,128576,45266,2752,5573
덕포역,2018년 6월,128438,118649,43235,2110,4445
덕포역,2018년 7월,122658,115908,42573,2134,3774
덕포역,2018년 8월,116248,107510,40969,2110,3131
덕포역,2018년 9월,119631,111202,40063,2031,3946
덕포역,2018년 10월,137571,127937,46367,2177,4662
덕포역,2018년 11월,136086,126112,44115,2083,5123
덕포역,2018년 12월,127600,117899,42498,2034,4441
덕포역,2019년 1월,120795,112218,44143,1760,2784
덕포역,2019년 2월,103538,96175,38235,1626,2463
덕포역,2019년 3월,134713,124983,47249,1889,4529
덕포역,2019년 4월,135399,125449,46677,1809,4368
덕포역,2019년 5월,140026,130163,48718,2121,4987
덕포역,2019년 6월,124666,115217,45422,1680,3587
덕포역,2019년 7월,123246,113699,45720,1736,3577
덕포역,2019년 8월,114531,104771,43506,1724,2853
덕포역,2019년 9월,119375,108739,41576,1545,3527
덕포역,2019년 10월,134306,122954,48255,1780,3655
덕포역,2019년 11월,134256,121753,46629,1827,3902
덕포역,2019년 12월,130305,117980,46791,1465,3878
덕포역,2020년 1월,112178,102006,42418,1270,2181
덕포역,2020년 2월,93214,85785,34854,926,1637
덕포역,2020년 3월,74461,68141,26295,640,601
덕포역,2020년 4월,83148,76633,30732,801,770
덕포역,2020년 5월,96749,89006,37629,1015,1299
덕포역,2020년 6월,103677,95656,39047,1050,2251
덕포역,2020년 7월,106159,99049,39878,987,2326
덕포역,2020년 8월,90468,83907,33140,833,1700
덕포역,2020년 9월,90239,84329,31956,737,1637
덕포역,2020년 10월,97122,91098,35255,787,1894
덕포역,2020년 11월,111734,105646,39184,1115,2688
덕포역,2020년 12월,89648,84402,32251,669,1795
덕포역,2021년 1월,86211,80127,30007,676,1885
덕포역,2021년 2월,85014,79480,30398,765,1848
덕포역,2021년 3월,111090,103953,39730,836,3196
덕포역,2021년 4월,106716,100344,38753,893,2643
덕포역,2021년 5월,107084,101093,38735,1002,2701
덕포역,2021년 6월,109905,104440,39426,945,2788
덕포역,2021년 7월,104204,99327,37763,887,2520
덕포역,2021년 8월,93399,88647,34407,840,1956
덕포역,2021년 9월,98701,93553,36776,849,2592
덕포역,2021년 10월,109355,102895,41476,980,2769
덕포역,2021년 11월,114863,106773,41631,1026,2511
덕포역,2021년 12월,111187,103671,39206,854,3075
덕포역,2022년 1월,100902,93783,36963,893,2148
덕포역,2022년 2월,87356,81697,33430,641,1760
덕포역,2022년 3월,105539,98746,38556,827,3434
덕포역,2022년 4월,116169,108852,42392,997,3844
덕포역,2022년 5월,123545,115623,45308,1150,3941
덕포역,2022년 6월,116306,108036,43682,1137,3437
덕포역,2022년 7월,115851,108878,45302,1256,3289
덕포역,2022년 8월,110116,103433,43628,1129,2757
덕포역,2022년 9월,115015,107086,43304,957,3373
덕포역,2022년 10월,123264,115029,47027,965,3390
덕포역,2022년 11월,128795,118754,48252,1097,3471
덕포역,2022년 12월,123107,113394,46359,1127,3411
덕포역,2023년 1월,107013,99285,41801,1144,2247
덕포역,2023년 2월,108487,101342,44516,993,2232
덕포역,2023년 3월,130546,121853,50939,1004,4247
덕포역,2023년 4월,122531,115301,47775,942,3720
덕포역,2023년 5월,123709,116381,48377,904,3680
덕포역,2023년 6월,119532,113477,47831,1053,3187
덕포역,2023년 7월,111807,107371,46293,951,2822
덕포역,2023년 8월,117213,111241,46526,1280,2882
덕포역,2023년 9월,126183,119482,47762,1116,3184
덕포역,2023년 10월,140214,131445,54095,978,3705
덕포역,2023년 11월,143937,134978,53976,763,3700
덕포역,2023년 12월,138488,129215,52131,853,3681
덕포역,2024년 1월,136774,128808,53978,1149,2862
덕포역,2024년 2월,123991,116486,49125,972,2783
덕포역,2024년 3월,148187,138428,56768,1061,4728
덕포역,2024년 4월,148885,139653,56710,1075,4765
덕포역,2024년 5월,152180,141695,58953,1090,4801
덕포역,2024년 6월,139048,130928,54346,1075,4014
덕포역,2024년 7월,143397,135443,57075,1213,4116
덕포역,2024년 8월,133674,124970,54346,1287,3605
덕포역,2024년 9월,134188,125625,51803,1042,3801
덕포역,2024년 10월,150445,140660,59636,1008,3950
덕포역,2024년 11월,150181,141956,59557,991,4194
덕포역,2024년 12월,146693,137325,57793,958,4383
모덕역,2014년 1월,71000,69235,13576,826,2265
모덕역,2014년 2월,70902,69134,12993,815,3190
모덕역,2014년 3월,82711,81448,15488,960,5418
모덕역,2014년 4월,84224,83320,16221,927,5733
모덕역,2014년 5월,79211,77670,15382,1050,4907
모덕역,2014년 6월,76489,74982,14968,904,4788
모덕역,2014년 7월,81033,80214,15974,1026,4280
모덕역,2014년 8월,68236,66774,14219,1026,3002
모덕역,2014년 9월,70959,69089,14753,951,4822
모덕역,2014년 10월,80284,77885,16981,1045,5220
모덕역,2014년 11월,74879,72303,15745,1017,4125
모덕역,2014년 12월,81608,79982,16164,1022,5274
모덕역,2015년 1월,74096,71310,15251,818,2245
모덕역,2015년 2월,63185,60748,13070,726,2717
모덕역,2015년 3월,83888,80511,17513,1009,5278
모덕역,2015년 4월,83644,80552,17495,1190,5175
모덕역,2015년 5월,76357,72882,16737,1103,4181
모덕역,2015년 6월,77948,75690,16103,1070,5093
모덕역,2015년 7월,80797,77428,16274,1255,4479
모덕역,2015년 8월,67532,63688,14039,965,3395
모덕역,2015년 9월,71630,67855,14908,1058,5082
모덕역,2015년 10월,78059,74384,16644,1126,4864
모덕역,2015년 11월,74805,71108,15519,1178,4055
모덕역,2015년 12월,78689,74094,16314,1273,4356
모덕역,2016년 1월,70553,66319,15164,955,1859
모덕역,2016년 2월,64958,60807,13499,905,2571
모덕역,2016년 3월,82534,77810,17058,1139,5226
모덕역,2016년 4월,79616,75097,16642,1170,4695
모덕역,2016년 5월,78099,74110,16206,1366,4725
모덕역,2016년 6월,77415,73033,15797,1225,4620
모덕역,2016년 7월,75610,71698,14659,1164,3815
모덕역,2016년 8월,70239,66324,13730,1099,3724
모덕역,2016년 9월,69323,66395,13615,964,4636
모덕역,2016년 10월,75370,71896,15244,1187,4430
모덕역,2016년 11월,78027,73434,15130,1186,4538
모덕역,2016년 12월,77132,72733,15004,1161,4451
모덕역,2017년 1월,64090,59980,12832,835,1495
모덕역,2017년 2월,67845,64386,13751,922,2269
모덕역,2017년 3월,79153,75322,16259,1271,5372
모덕역,2017년 4월,75641,71662,15747,1280,4988
모덕역,2017년 5월,73301,70365,15978,1372,4259
모덕역,2017년 6월,72300,69480,15705,1264,4420
모덕역,2017년 7월,68583,66210,14525,1169,4167
모덕역,2017년 8월,64619,61674,14307,1092,2842
모덕역,2017년 9월,70843,68606,15377,1324,4737
모덕역,2017년 10월,60287,57980,13512,1103,3542
모덕역,2017년 11월,71573,68572,15956,1219,3907
모덕역,2017년 12월,66634,63321,14667,1229,3410
모덕역,2018년 1월,68213,64405,14711,1074,1996
모덕역,2018년 2월,57428,54907,12469,985,2061
모덕역,2018년 3월,72988,70367,15895,1468,4493
모덕역,2018년 4월,71404,68154,15620,1377,4426
모덕역,2018년 5월,70447,67895,15604,1133,4113
모덕역,2018년 6월,64742,63154,13942,1190,3643
모덕역,2018년 7월,66536,64569,13745,1167,3801
모덕역,2018년 8월,59495,56524,13233,915,2305
모덕역,2018년 9월,55133,53121,12441,852,3100
모덕역,2018년 10월,67706,65465,14908,1168,3900
모덕역,2018년 11월,66746,63928,14585,1132,3593
모덕역,2018년 12월,60866,58382,13582,998,3210
모덕역,2019년 1월,62492,59510,14060,1050,1812
모덕역,2019년 2월,50810,48514,11961,791,1549
모덕역,2019년 3월,65524,62535,14979,1003,4258
모덕역,2019년 4월,66186,64322,14997,932,4120
모덕역,2019년 5월,66801,64772,15156,1026,4358
모덕역,2019년 6월,60164,58285,13832,861,3420
모덕역,2019년 7월,66261,64892,15243,895,3396
모덕역,2019년 8월,55596,54561,13587,692,2092
모덕역,2019년 9월,56719,55137,13662,814,3717
모덕역,2019년 10월,65110,63492,15760,992,3801
모덕역,2019년 11월,63083,61390,15531,741,3313
모덕역,2019년 12월,61629,59210,15171,721,3037
모덕역,2020년 1월,54215,51524,13805,529,891
모덕역,2020년 2월,50783,49467,12488,467,1311
모덕역,2020년 3월,44618,43997,10214,302,355
모덕역,2020년 4월,44800,44682,11280,369,311
모덕역,2020년 5월,46866,45891,12544,372,806
모덕역,2020년 6월,52126,51041,13432,426,2052
모덕역,2020년 7월,54688,53437,13702,477,2190
모덕역,2020년 8월,43931,42972,10887,315,1197
모덕역,2020년 9월,47563,47065,11523,342,1760
모덕역,2020년 10월,48267,47555,12161,389,1594
모덕역,2020년 11월,52024,51047,13107,362,1651
모덕역,2020년 12월,50097,48648,12337,313,1444
모덕역,2021년 1월,47154,45099,11620,266,833
모덕역,2021년 2월,42717,41519,11033,294,790
모덕역,2021년 3월,56962,55036,14677,459,2170
모덕역,2021년 4월,55681,54310,14540,453,1933
모덕역,2021년 5월,51890,50546,14169,438,1218
모덕역,2021년 6월,56969,54765,14379,457,2012
모덕역,2021년 7월,54457,52125,13883,362,1541
모덕역,2021년 8월,48236,45727,12456,338,1215
모덕역,2021년 9월,49070,46576,12954,415,2109
모덕역,2021년 10월,55526,52897,14767,472,2374
모덕역,2021년 11월,60414,57237,16122,465,2069
모덕역,2021년 12월,59326,56327,15336,438,2689
모덕역,2022년 1월,51133,47327,13736,302,943
모덕역,2022년 2월,47892,45744,12725,286,1485
모덕역,2022년 3월,55220,52935,14665,327,2392
모덕역,2022년 4월,59373,56937,16608,365,3070
모덕역,2022년 5월,61926,59203,17763,401,2963
모덕역,2022년 6월,59872,57389,16910,336,2999
모덕역,2022년 7월,59147,56861,16317,357,2381
모덕역,2022년 8월,54804,52302,15291,359,2193
모덕역,2022년 9월,58344,55528,16511,374,2755
모덕역,2022년 10월,63561,60667,18259,423,2782
모덕역,2022년 11월,66663,64001,18987,391,2723
모덕역,2022년 12월,64309,61463,17525,389,3110
모덕역,2023년 1월,55858,52772,15407,314,1377
모덕역,2023년 2월,59247,56020,16531,320,1623
모덕역,2023년 3월,69049,64723,19344,330,3424
모덕역,2023년 4월,62869,59110,17710,299,2907
모덕역,2023년 5월,63566,59918,17917,352,2814
모덕역,2023년 6월,62785,59616,17470,296,2723
모덕역,2023년 7월,59420,56720,16215,289,2132
모덕역,2023년 8월,58174,54950,15841,255,1744
모덕역,2023년 9월,58303,55055,15584,459,2356
모덕역,2023년 10월,61372,57815,17284,206,2165
모덕역,2023년 11월,66441,62593,18072,234,2461
모덕역,2023년 12월,61816,58521,16466,137,2617
모덕역,2024년 1월,64122,60594,17307,144,1391
모덕역,2024년 2월,56158,53029,15453,176,1452
모덕역,2024년 3월,64625,60704,18336,109,2810
모덕역,2024년 4월,66786,63063,19227,138,2671
모덕역,2024년 5월,65621,62095,18992,142,2495
모덕역,2024년 6월,60075,56735,17171,121,2360
모덕역,2024년 7월,65754,62269,18183,141,2325
모덕역,2024년 8월,56435,52893,15857,232,1663
모덕역,2024년 9월,55648,51719,15739,447,2275
모덕역,2024년 10월,63175,58434,18754,130,2277
모덕역,2024년 11월,64680,59216,18432,130,2549
모덕역,2024년 12월,64789,60163,19194,179,2870
모라역,2014년 1월,148081,129779,56378,3035,5409
모라역,2014년 2월,135068,118836,49273,2960,5693
모라역,2014년 3월,159636,140623,59108,2995,7641
모라역,2014년 4월,160967,142734,60042,2928,7384
모라역,2014년 5월,162037,143413,60619,3268,7687
모라역,2014년 6월,150388,133305,57247,2938,6229
모라역,2014년 7월,154076,137471,58879,3036,6252
모라역,2014년 8월,140181,124670,54877,2860,5120
모라역,2014년 9월,146091,128611,55297,2863,6017
모라역,2014년 10월,159663,141298,62198,3268,6599
모라역,2014년 11월,153661,135410,59038,3157,7110
모라역,2014년 12월,160510,141109,58795,3290,6648
모라역,2015년 1월,149293,132322,57936,2795,4843
모라역,2015년 2월,129947,114423,50102,2653,4862
모라역,2015년 3월,161369,141932,62055,2809,6102
모라역,2015년 4월,158033,139656,61073,2630,5600
모라역,2015년 5월,161301,141446,65789,3019,5977
모라역,2015년 6월,146104,129083,57520,2340,4982
모라역,2015년 7월,151964,134103,60355,2886,4749
모라역,2015년 8월,141629,124138,56677,2819,4630
모라역,2015년 9월,146905,127387,57353,2743,5065
모라역,2015년 10월,160447,138275,63061,2855,5620
모라역,2015년 11월,153664,132945,59062,2826,5978
모라역,2015년 12월,157690,135590,60580,2774,5699
모라역,2016년 1월,143137,124461,56157,2636,4386
모라역,2016년 2월,131949,114787,50893,2512,4567
모라역,2016년 3월,157925,137258,62077,2504,5699
모라역,2016년 4월,154870,134214,61181,2582,5467
모라역,2016년 5월,155987,136080,61792,2767,5768
모라역,2016년 6월,152840,133044,61897,2513,4996
모라역,2016년 7월,148763,130108,59802,2690,5043
모라역,2016년 8월,139839,121546,56274,2493,4416
모라역,2016년 9월,139224,119832,54326,2385,4992
모라역,2016년 10월,153034,132303,62522,2495,5308
모라역,2016년 11월,153458,132947,61217,2463,5361
모라역,2016년 12월,154740,133150,60816,2592,5533
모라역,2017년 1월,138965,119852,55360,2420,4127
모라역,2017년 2월,136269,118861,55192,2185,4499
모라역,2017년 3월,156921,137522,64246,2292,5319
모라역,2017년 4월,153720,134470,64900,2572,4742
모라역,2017년 5월,154346,135324,65152,2671,5266
모라역,2017년 6월,149571,130760,63437,2383,4327
모라역,2017년 7월,140909,123101,59591,2295,4128
모라역,2017년 8월,137653,119919,58957,2561,3626
모라역,2017년 9월,148063,128237,63771,2143,4229
모라역,2017년 10월,136496,118440,58015,2285,4056
모라역,2017년 11월,150083,130258,63439,2264,4573
모라역,2017년 12월,146797,127184,60874,2377,4676
모라역,2018년 1월,140697,123562,58933,2245,3250
모라역,2018년 2월,125036,109621,52104,2164,3552
모라역,2018년 3월,153217,134883,63754,2307,4815
모라역,2018년 4월,151019,132226,63871,2136,4370
모라역,2018년 5월,155083,137519,65970,2302,4484
모라역,2018년 6월,144525,128331,62185,2146,3558
모라역,2018년 7월,143686,128007,60383,2149,3513
모라역,2018년 8월,135507,119248,57921,2278,3179
모라역,2018년 9월,134034,117314,57392,2177,3447
모라역,2018년 10월,154935,135819,66434,2261,3952
모라역,2018년 11월,151799,134048,64338,2054,3942
모라역,2018년 12월,147470,129681,62548,2030,3770
모라역,2019년 1월,148912,132547,66690,2078,2892
모라역,2019년 2월,128538,114771,57245,1905,2874
모라역,2019년 3월,155089,138545,69931,2080,3520
모라역,2019년 4월,155337,139446,69311,2157,3209
모라역,2019년 5월,158440,142380,70114,2226,3494
모라역,2019년 6월,147245,131529,65926,1875,2856
모라역,2019년 7월,151513,134906,66601,2077,3151
모라역,2019년 8월,140500,124079,62643,1860,2639
모라역,2019년 9월,140599,124110,61392,1933,2680
모라역,2019년 10월,159408,142583,73152,1931,2964
모라역,2019년 11월,159059,142664,71949,2002,3249
모라역,2019년 12월,158502,142230,71361,2029,3443
모라역,2020년 1월,143907,128502,64953,1952,2510
모라역,2020년 2월,117261,105128,51283,1365,1905
모라역,2020년 3월,93067,83920,39123,802,841
모라역,2020년 4월,104906,94382,46634,906,1023
모라역,2020년 5월,120268,108255,56320,1064,1308
모라역,2020년 6월,126429,113561,57023,1231,2139
모라역,2020년 7월,130525,118017,58100,1312,2239
모라역,2020년 8월,109795,99975,48921,1077,1823
모라역,2020년 9월,110079,100059,49333,955,1685
모라역,2020년 10월,117182,106689,52564,1025,1835
모라역,2020년 11월,123621,112409,55514,1128,2035
모라역,2020년 12월,106734,98738,46905,836,1592
모라역,2021년 1월,103748,95229,45455,826,1381
모라역,2021년 2월,102801,93953,46138,901,1695
모라역,2021년 3월,129837,117635,58231,1058,2283
모라역,2021년 4월,126881,115456,57387,1058,2057
모라역,2021년 5월,125520,113875,57944,1047,2140
모라역,2021년 6월,127735,114513,58211,1106,2078
모라역,2021년 7월,121257,109405,54672,974,1972
모라역,2021년 8월,108647,98992,50298,805,1600
모라역,2021년 9월,114574,103566,54299,912,2073
모라역,2021년 10월,127661,114853,61531,918,2144
모라역,2021년 11월,132548,119311,61752,1089,2269
모라역,2021년 12월,127805,115115,57816,953,2322
모라역,2022년 1월,120566,107930,55332,954,2026
모라역,2022년 2월,104023,94159,47834,802,1763
모라역,2022년 3월,118732,108355,54469,902,2644
모라역,2022년 4월,131566,118098,60115,1119,2897
모라역,2022년 5월,142913,128565,66419,1239,3202
모라역,2022년 6월,134166,120322,62389,1109,2534
모라역,2022년 7월,134866,121030,62295,1203,2866
모라역,2022년 8월,126937,113324,59136,1076,2357
모라역,2022년 9월,129546,116653,59823,1059,2608
모라역,2022년 10월,139384,125533,66708,1071,2667
모라역,2022년 11월,142042,128077,66520,1013,2933
모라역,2022년 12월,138665,125041,64050,1063,2851
모라역,2023년 1월,126171,113474,59130,962,2254
모라역,2023년 2월,127836,115371,61932,974,2346
모라역,2023년 3월,147926,134256,70780,1046,3230
모라역,2023년 4월,138208,125515,66432,981,2877
모라역,2023년 5월,140865,127687,67291,970,3076
모라역,2023년 6월,136626,124617,66542,1043,2671
모라역,2023년 7월,130484,119463,63204,990,2490
모라역,2023년 8월,128291,115274,61432,962,2625
모라역,2023년 9월,132873,118094,63970,777,2504
모라역,2023년 10월,146519,131486,73825,721,3081
모라역,2023년 11월,146993,131990,72191,519,2708
모라역,2023년 12월,144817,129545,69931,627,3014
모라역,2024년 1월,144442,129775,71089,702,2381
모라역,2024년 2월,130418,117196,63972,793,2330
모라역,2024년 3월,148824,134183,74187,815,3236
모라역,2024년 4월,148733,133904,73367,662,2880
모라역,2024년 5월,152707,137132,75961,785,3359
모라역,2024년 6월,140838,126603,70761,766,2755
모라역,2024년 7월,145601,131743,71760,779,3035
모라역,2024년 8월,132446,118565,65664,925,2620
모라역,2024년 9월,130392,116481,65214,723,2845
모라역,2024년 10월,148295,132742,76634,806,2903
모라역,2024년 11월,148263,132566,74936,842,3236
모라역,2024년 12월,147670,132128,74283,831,3270
구남역,2014년 1월,136394,126435,29041,3762,9771
구남역,2014년 2월,128722,119491,26723,3538,10173
구남역,2014년 3월,148729,139095,31282,3822,13041
구남역,2014년 4월,148424,138751,32359,3798,12744
구남역,2014년 5월,153068,142286,33871,4461,13535
구남역,2014년 6월,143175,132894,31556,4235,12185
구남역,2014년 7월,148718,137597,32538,4574,12588
구남역,2014년 8월,134864,124142,30163,4122,9844
구남역,2014년 9월,140557,129867,30216,3776,11683
구남역,2014년 10월,153402,142908,34160,4442,12945
구남역,2014년 11월,148050,137395,32177,4228,12719
구남역,2014년 12월,155511,142729,33315,4268,12565
구남역,2015년 1월,139750,129753,31877,3933,8243
구남역,2015년 2월,121843,113639,27222,3534,8155
구남역,2015년 3월,150886,141383,33957,3779,10828
구남역,2015년 4월,148838,140857,34474,3598,10681
구남역,2015년 5월,148171,139166,34507,4247,10388
구남역,2015년 6월,137579,129807,31228,3225,9381
구남역,2015년 7월,147159,137052,33829,4178,9756
구남역,2015년 8월,138802,128182,32439,3926,8531
구남역,2015년 9월,144763,134011,33727,3787,9596
구남역,2015년 10월,153931,144229,35737,4080,10181
구남역,2015년 11월,147749,138472,33537,3778,11175
구남역,2015년 12월,153682,142799,34916,4050,10404
구남역,2016년 1월,137907,128666,31745,3485,7520
구남역,2016년 2월,130486,122038,29658,3248,7487
구남역,2016년 3월,152894,145933,36382,3327,9746
구남역,2016년 4월,150930,143042,36353,3292,9405
구남역,2016년 5월,152086,144072,36606,3395,9524
구남역,2016년 6월,148257,140143,35919,3362,9344
구남역,2016년 7월,145600,136559,34915,3661,8941
구남역,2016년 8월,140262,131363,34421,3659,7569
구남역,2016년 9월,138048,129663,33019,3130,8272
구남역,2016년 10월,148002,140584,37274,3663,8985
구남역,2016년 11월,149827,142138,36993,3523,9829
구남역,2016년 12월,152013,142821,37009,3877,9210
구남역,2017년 1월,135551,126469,33275,3450,6210
구남역,2017년 2월,131867,124213,32614,3183,6912
구남역,2017년 3월,151163,143461,37277,3392,9110
구남역,2017년 4월,148265,140885,37998,3593,8651
구남역,2017년 5월,148941,140282,38615,4031,8454
구남역,2017년 6월,145487,136938,38183,3782,8003
구남역,2017년 7월,142767,133054,37617,4089,7777
구남역,2017년 8월,139943,129629,36861,4173,6728
구남역,2017년 9월,146926,137095,38601,3812,7815
구남역,2017년 10월,137600,128648,35125,3887,7167
구남역,2017년 11월,147928,139162,38355,3774,8264
구남역,2017년 12월,146002,134842,36709,3899,7637
구남역,2018년 1월,135612,128156,35284,3489,5180
구남역,2018년 2월,122366,114983,31601,3497,5464
구남역,2018년 3월,149854,140574,38886,3859,8372
구남역,2018년 4월,146562,138457,39312,3571,7750
구남역,2018년 5월,150038,140610,40698,3905,7896
구남역,2018년 6월,140455,132637,37953,3671,7106
구남역,2018년 7월,141527,132718,38901,3696,6945
구남역,2018년 8월,135214,126310,38263,3560,5807
구남역,2018년 9월,132078,124402,36129,3398,6721
구남역,2018년 10월,147737,140268,41278,3431,7222
구남역,2018년 11월,146958,138549,40895,3277,7746
구남역,2018년 12월,143108,134095,39099,3239,6989
구남역,2019년 1월,138048,130729,39377,3233,5265
구남역,2019년 2월,119798,112679,33347,2909,4121
구남역,2019년 3월,145666,137974,41484,3327,7598
구남역,2019년 4월,146940,139520,41744,3290,7486
구남역,2019년 5월,151699,143922,43822,3517,7419
구남역,2019년 6월,140989,133616,41685,3244,6655
구남역,2019년 7월,143439,136120,42042,3454,6095
구남역,2019년 8월,137669,129220,40736,3379,6227
구남역,2019년 9월,134031,126575,38225,3007,6412
구남역,2019년 10월,147275,139768,42703,3250,6966
구남역,2019년 11월,147935,139319,42419,3209,7734
구남역,2019년 12월,147765,138496,42610,3217,7168
구남역,2020년 1월,130794,124138,38241,2877,4340
구남역,2020년 2월,106618,103166,30575,1866,3067
구남역,2020년 3월,82620,79943,22621,1014,1076
구남역,2020년 4월,94065,90038,27224,1348,1586
구남역,2020년 5월,108521,102731,32662,1915,2704
구남역,2020년 6월,119195,112560,34414,2223,5135
구남역,2020년 7월,123795,117313,35434,2377,5556
구남역,2020년 8월,105209,99991,30727,2016,4104
구남역,2020년 9월,102527,97806,29168,1821,4098
구남역,2020년 10월,106653,101706,30163,1990,4413
구남역,2020년 11월,113657,107582,32018,2109,5291
구남역,2020년 12월,95265,92912,27008,1582,3893
구남역,2021년 1월,91168,89296,26158,1456,2951
구남역,2021년 2월,91553,88435,26464,1456,3146
구남역,2021년 3월,117104,112383,34589,2027,5213
구남역,2021년 4월,113152,109476,33605,1813,4862
구남역,2021년 5월,112355,108845,33929,1881,4800
구남역,2021년 6월,114794,111398,34199,1677,4950
구남역,2021년 7월,108103,105577,33232,1467,3724
구남역,2021년 8월,99203,97264,30844,1421,3433
구남역,2021년 9월,104793,102487,32930,1382,4641
구남역,2021년 10월,114609,111417,36378,1619,5068
구남역,2021년 11월,118044,115189,36590,1628,4842
구남역,2021년 12월,114374,111665,33791,1561,5029
구남역,2022년 1월,106530,105696,32927,1571,3401
구남역,2022년 2월,94020,93552,29059,1271,3004
구남역,2022년 3월,108355,108231,33900,1347,4318
구남역,2022년 4월,118773,116421,37548,1853,4653
구남역,2022년 5월,129091,125388,40893,2037,5498
구남역,2022년 6월,122299,118472,39289,1902,4752
구남역,2022년 7월,121742,117283,39692,1838,4710
구남역,2022년 8월,115015,111284,37765,1688,3881
구남역,2022년 9월,119778,115254,37701,1708,4657
구남역,2022년 10월,127494,123285,41192,1670,4851
구남역,2022년 11월,128325,125343,41019,1573,4843
구남역,2022년 12월,127190,122780,40241,1611,5347
구남역,2023년 1월,114484,110671,36951,1650,3869
구남역,2023년 2월,114169,111681,38588,1627,4005
구남역,2023년 3월,130322,128531,43553,1808,5847
구남역,2023년 4월,122951,120826,41755,1702,5409
구남역,2023년 5월,126260,124270,42823,1915,5673
구남역,2023년 6월,122448,122940,43312,1711,5309
구남역,2023년 7월,117474,116284,42492,1737,4833
구남역,2023년 8월,122070,117957,42024,1844,4839
구남역,2023년 9월,124054,119662,41888,1742,5132
구남역,2023년 10월,130603,128465,46133,1370,5176
구남역,2023년 11월,132472,130042,45618,1188,5630
구남역,2023년 12월,130109,126841,44929,1336,5695
구남역,2024년 1월,126009,123959,45012,1472,4544
구남역,2024년 2월,117705,114471,41076,1445,4557
구남역,2024년 3월,134028,133636,47063,1921,6197
구남역,2024년 4월,132492,132867,47018,1773,5948
구남역,2024년 5월,137859,136973,49710,1993,6483
구남역,2024년 6월,127048,126080,46402,1747,5550
구남역,2024년 7월,132266,130719,48249,1701,6101
구남역,2024년 8월,124165,121961,45390,1952,5298
구남역,2024년 9월,123165,120956,44722,1633,5501
구남역,2024년 10월,132442,131426,49420,1719,6112
구남역,2024년 11월,133131,131808,48103,1657,6647
구남역,2024년 12월,132741,131017,48082,1761,6828
구명역,2014년 1월,122835,93962,32154,2181,5722
구명역,2014년 2월,116075,89148,30280,2067,6142
구명역,2014년 3월,144336,108896,35180,2067,8892
구명역,2014년 4월,143628,108056,35515,2149,8504
구명역,2014년 5월,150238,113695,36948,3068,10909
구명역,2014년 6월,133679,101709,34511,2449,7842
구명역,2014년 7월,132874,101317,35648,2819,7774
구명역,2014년 8월,120857,95488,32427,2353,6028
구명역,2014년 9월,132211,98849,32889,2168,7537
구명역,2014년 10월,144447,108298,36760,2663,8867
구명역,2014년 11월,139538,105674,34529,2874,10332
구명역,2014년 12월,142228,108398,34414,3094,10891
구명역,2015년 1월,121736,93875,32264,1929,5071
구명역,2015년 2월,108337,82719,28296,1972,5921
구명역,2015년 3월,141733,106727,35796,2257,7872
구명역,2015년 4월,141540,107359,35656,2990,8312
구명역,2015년 5월,139221,105520,36829,2825,7857
구명역,2015년 6월,123990,94275,32149,1878,6184
구명역,2015년 7월,126315,97162,34464,2448,5806
구명역,2015년 8월,118725,90600,32890,2110,4938
구명역,2015년 9월,131216,99457,33436,2231,6681
구명역,2015년 10월,144035,108939,36966,2904,8102
구명역,2015년 11월,138372,103583,34645,2767,8178
구명역,2015년 12월,142331,106617,35247,3339,9507
구명역,2016년 1월,117588,90327,31388,1835,3950
구명역,2016년 2월,110796,85103,29286,1886,5028
구명역,2016년 3월,140870,104844,35878,1947,7390
구명역,2016년 4월,136801,102865,35388,2055,6573
구명역,2016년 5월,138535,101936,35937,2360,7182
구명역,2016년 6월,132855,99599,35051,2355,6978
구명역,2016년 7월,126417,97130,34208,2372,6137
구명역,2016년 8월,120806,92274,33092,1941,4954
구명역,2016년 9월,125460,92745,31480,2110,6639
구명역,2016년 10월,134657,100218,34989,2522,6870
구명역,2016년 11월,137566,102204,34255,2195,8655
구명역,2016년 12월,135486,101783,34682,2760,8360
구명역,2017년 1월,114539,87194,30670,1857,3972
구명역,2017년 2월,115019,88181,31283,1993,5278
구명역,2017년 3월,138571,103022,36297,2291,7312
구명역,2017년 4월,133754,100684,34658,2744,7037
구명역,2017년 5월,135569,101015,35788,2672,7436
구명역,2017년 6월,129793,97838,35310,2278,6340
구명역,2017년 7월,119275,90856,33796,2507,5436
구명역,2017년 8월,116059,87554,33497,2057,4502
구명역,2017년 9월,131149,97859,35006,2337,6475
구명역,2017년 10월,119642,89458,32706,2317,6459
구명역,2017년 11월,131477,96978,34951,2575,6980
구명역,2017년 12월,123752,92052,33311,2404,6857
구명역,2018년 1월,111970,85759,31595,1813,3997
구명역,2018년 2월,99892,76244,28684,1716,4328
구명역,2018년 3월,130129,95917,35811,2164,6524
구명역,2018년 4월,129619,96120,34988,2398,6237
구명역,2018년 5월,134012,99592,36068,2560,7696
구명역,2018년 6월,121070,90528,34117,2081,5480
구명역,2018년 7월,118754,90285,34831,2095,4866
구명역,2018년 8월,112094,83754,32884,1638,4101
구명역,2018년 9월,116634,85121,32305,1962,5526
구명역,2018년 10월,130116,95195,36674,2118,5853
구명역,2018년 11월,134473,98105,35846,2750,8981
구명역,2018년 12월,123798,91415,33986,2150,6479
구명역,2019년 1월,115968,87335,34447,1783,3822
구명역,2019년 2월,100554,76497,30014,1675,3729
구명역,2019년 3월,128602,94613,36825,1985,6642
구명역,2019년 4월,131266,95812,36914,2861,6812
구명역,2019년 5월,134148,97377,38451,2592,7183
구명역,2019년 6월,117514,87353,34665,2346,5277
구명역,2019년 7월,116515,87506,35168,2049,4652
구명역,2019년 8월,109183,81366,33185,1728,3715
구명역,2019년 9월,113844,82010,31376,1905,5232
구명역,2019년 10월,128477,93343,36621,2074,6074
구명역,2019년 11월,129527,94365,35850,2459,7151
구명역,2019년 12월,122130,90228,34676,2142,5822
구명역,2020년 1월,104530,79032,31481,1653,2602
구명역,2020년 2월,87733,67245,25750,1173,2372
구명역,2020년 3월,67474,53172,19243,503,883
구명역,2020년 4월,75994,59439,22607,745,1220
구명역,2020년 5월,89269,69432,27589,944,1913
구명역,2020년 6월,95314,72598,27655,1154,3304
구명역,2020년 7월,97999,74242,28119,1545,3883
구명역,2020년 8월,83109,63782,24440,1062,2715
구명역,2020년 9월,82145,61573,23132,857,2566
구명역,2020년 10월,87446,65020,24493,962,3006
구명역,2020년 11월,95762,70444,26271,1119,3941
구명역,2020년 12월,77073,59223,21323,811,2235
구명역,2021년 1월,71370,56391,20199,687,1706
구명역,2021년 2월,71264,55457,20285,784,1820
구명역,2021년 3월,95507,70807,26602,1187,4437
구명역,2021년 4월,90697,68694,25806,1138,3982
구명역,2021년 5월,91168,68845,26585,1154,3832
구명역,2021년 6월,92302,69658,26974,1102,3804
구명역,2021년 7월,87726,67778,26402,939,3015
구명역,2021년 8월,80412,62936,24894,868,2404
구명역,2021년 9월,88576,68518,26908,1052,3930
구명역,2021년 10월,99496,75492,30352,1208,4598
구명역,2021년 11월,105321,79721,30770,1239,4695
구명역,2021년 12월,98681,75804,28288,1096,4300
구명역,2022년 1월,87150,69253,26582,1018,2428
구명역,2022년 2월,77819,61311,24038,762,2310
구명역,2022년 3월,94957,71528,27311,858,4837
구명역,2022년 4월,103994,77146,29543,1201,5441
구명역,2022년 5월,114065,84454,33233,1233,6130
구명역,2022년 6월,104647,78360,31519,1274,5019
구명역,2022년 7월,100597,76633,31496,997,4208
구명역,2022년 8월,94846,71988,30023,940,3591
구명역,2022년 9월,102125,75192,29681,1131,4910
구명역,2022년 10월,110177,81120,33209,979,5265
구명역,2022년 11월,111439,82518,32483,1105,5518
구명역,2022년 12월,107490,80693,31484,1205,5612
구명역,2023년 1월,93152,72230,28918,1072,2891
구명역,2023년 2월,93361,72388,30263,878,3067
구명역,2023년 3월,113957,84262,34764,1085,5929
구명역,2023년 4월,107759,79357,33435,1031,5412
구명역,2023년 5월,113007,82962,34912,1278,6290
구명역,2023년 6월,104648,79554,33994,1227,5867
구명역,2023년 7월,96843,74413,32600,993,4230
구명역,2023년 8월,97587,75478,31944,1078,4466
구명역,2023년 9월,102815,78149,32058,963,5041
구명역,2023년 10월,109874,83881,35313,1045,5414
구명역,2023년 11월,112244,85313,34427,1045,5833
구명역,2023년 12월,106138,81029,32859,1020,5674
구명역,2024년 1월,100047,79623,33172,966,3029
구명역,2024년 2월,92612,73699,30325,918,3156
구명역,2024년 3월,112099,86172,35779,1130,5887
구명역,2024년 4월,110328,85224,35754,966,5856
구명역,2024년 5월,115689,89232,37948,1513,6654
구명역,2024년 6월,104959,82053,35489,1091,5375
구명역,2024년 7월,107636,85156,37008,1462,5468
구명역,2024년 8월,100302,79418,35447,1190,4352
구명역,2024년 9월,101191,78314,33478,1108,5496
구명역,2024년 10월,110735,85618,37669,1065,5537
구명역,2024년 11월,111441,85823,37496,1054,5850
구명역,2024년 12월,109861,85042,37303,1324,5837
2덕천역,2014년 1월,197651,233945,63338,4949,9063
2덕천역,2014년 2월,183713,217303,55664,4549,10353
2덕천역,2014년 3월,214303,250499,68014,3981,10866
2덕천역,2014년 4월,209662,241460,68456,3669,9110
2덕천역,2014년 5월,217070,255440,69670,4730,11045
2덕천역,2014년 6월,197781,229464,64695,3939,8129
2덕천역,2014년 7월,203723,237357,65223,4691,9388
2덕천역,2014년 8월,188314,221673,60095,4707,8699
2덕천역,2014년 9월,192996,228714,60459,3793,8088
2덕천역,2014년 10월,208144,242325,67119,4267,8875
2덕천역,2014년 11월,200419,236577,63593,3834,9568
2덕천역,2014년 12월,211212,249991,63870,4579,9850
2덕천역,2015년 1월,198180,236606,64295,4683,8654
2덕천역,2015년 2월,175154,211643,54969,4372,8753
2덕천역,2015년 3월,211309,250011,66892,3786,9716
2덕천역,2015년 4월,208873,244660,69094,3556,8053
2덕천역,2015년 5월,211659,249776,68857,4614,9308
2덕천역,2015년 6월,178955,211354,58744,2729,6229
2덕천역,2015년 7월,189588,229902,60508,4074,7481
2덕천역,2015년 8월,184392,222806,59945,4363,7328
2덕천역,2015년 9월,187342,225658,59943,3501,7069
2덕천역,2015년 10월,208223,246524,68689,4059,7965
2덕천역,2015년 11월,197247,234689,62568,3589,8340
2덕천역,2015년 12월,208705,251274,65435,4112,8875
2덕천역,2016년 1월,191514,230168,62478,4397,7079
2덕천역,2016년 2월,182175,222668,57168,4275,8498
2덕천역,2016년 3월,210325,252097,68195,3415,9009
2덕천역,2016년 4월,208226,246815,68608,3380,7950
2덕천역,2016년 5월,209559,251548,68565,3903,8705
2덕천역,2016년 6월,198716,240360,66757,3396,6846
2덕천역,2016년 7월,196274,242314,64667,3931,7345
2덕천역,2016년 8월,191474,233428,63159,4073,6734
2덕천역,2016년 9월,184882,228698,61340,3359,6674
2덕천역,2016년 10월,201196,246417,68681,3699,7246
2덕천역,2016년 11월,203277,249712,68632,3904,7597
2덕천역,2016년 12월,209374,258962,69125,4220,8284
2덕천역,2017년 1월,189474,240066,63961,4074,6657
2덕천역,2017년 2월,183709,230689,62144,3929,7337
2덕천역,2017년 3월,211329,263362,72612,3645,8615
2덕천역,2017년 4월,204988,253814,71439,3383,7525
2덕천역,2017년 5월,206832,257311,71470,4128,8156
2덕천역,2017년 6월,197950,246941,70257,3384,6189
2덕천역,2017년 7월,190827,239493,67592,4191,6156
2덕천역,2017년 8월,188124,234592,66895,4153,5611
2덕천역,2017년 9월,198220,247844,70850,3464,6011
2덕천역,2017년 10월,188305,236413,66100,3873,6152
2덕천역,2017년 11월,199332,249363,69878,3746,6214
2덕천역,2017년 12월,198702,249505,68044,4077,6971
2덕천역,2018년 1월,187189,234382,66222,3856,5422
2덕천역,2018년 2월,171680,217539,60058,3728,6145
2덕천역,2018년 3월,205906,257883,72201,3442,6738
2덕천역,2018년 4월,200985,249046,72947,3053,5731
2덕천역,2018년 5월,208487,259678,75133,3596,6896
2덕천역,2018년 6월,191743,237508,69773,2849,4870
2덕천역,2018년 7월,192563,238567,69417,3497,5441
2덕천역,2018년 8월,181128,214297,65934,3469,4597
2덕천역,2018년 9월,180008,224712,64991,2903,4881
2덕천역,2018년 10월,202196,250850,76211,3124,5505
2덕천역,2018년 11월,194852,245475,71203,3122,5442
2덕천역,2018년 12월,191273,242460,70051,3366,5637
2덕천역,2019년 1월,189090,240849,73694,3174,4787
2덕천역,2019년 2월,166056,215483,63473,3063,4674
2덕천역,2019년 3월,197029,253642,75987,3036,5554
2덕천역,2019년 4월,194976,247759,76697,2737,4567
2덕천역,2019년 5월,197757,255965,77038,2942,5512
2덕천역,2019년 6월,181761,234683,71616,2889,3968
2덕천역,2019년 7월,183850,238507,71222,3210,4544
2덕천역,2019년 8월,176090,229233,68880,3295,4051
2덕천역,2019년 9월,171312,224742,66333,2503,3555
2덕천역,2019년 10월,189237,247519,76021,2821,4021
2덕천역,2019년 11월,185434,246087,73033,2842,4262
2덕천역,2019년 12월,186742,248085,73397,3272,4497
2덕천역,2020년 1월,171054,225592,67930,2984,3451
2덕천역,2020년 2월,135600,176411,52616,1925,2642
2덕천역,2020년 3월,108877,137781,43376,1118,1083
2덕천역,2020년 4월,127657,163596,54209,1575,1498
2덕천역,2020년 5월,146232,191854,61457,1944,2220
2덕천역,2020년 6월,149937,198327,60878,2060,2957
2덕천역,2020년 7월,153416,202244,62072,2098,2659
2덕천역,2020년 8월,134958,177913,55338,1955,2636
2덕천역,2020년 9월,131447,176150,56037,1602,2209
2덕천역,2020년 10월,131296,171219,53885,1516,2413
2덕천역,2020년 11월,142794,187860,57751,1618,2730
2덕천역,2020년 12월,124281,152907,50581,1384,2000
2덕천역,2021년 1월,126147,155003,51961,1427,2194
2덕천역,2021년 2월,121732,159299,50791,1543,2340
2덕천역,2021년 3월,145676,195208,61783,1575,3039
2덕천역,2021년 4월,144514,186558,61979,1417,2548
2덕천역,2021년 5월,143135,187683,61255,1727,3004
2덕천역,2021년 6월,142407,187802,60472,1626,2638
2덕천역,2021년 7월,137884,179933,58697,1602,2885
2덕천역,2021년 8월,126212,163769,54841,1545,2481
2덕천역,2021년 9월,134630,177712,59312,1455,2771
2덕천역,2021년 10월,147437,193865,64898,1658,3011
2덕천역,2021년 11월,146738,196304,62757,1469,2858
2덕천역,2021년 12월,140591,185205,58593,1329,3298
2덕천역,2022년 1월,136308,181426,60210,1448,2937
2덕천역,2022년 2월,116882,153518,50732,1267,2854
2덕천역,2022년 3월,133639,175953,58478,1172,3190
2덕천역,2022년 4월,147684,196442,64228,1522,3363
2덕천역,2022년 5월,157606,212609,67712,1781,4060
2덕천역,2022년 6월,148731,199037,65112,1571,2869
2덕천역,2022년 7월,146757,199594,64068,1694,3520
2덕천역,2022년 8월,142187,188449,63095,1840,3047
2덕천역,2022년 9월,143674,194017,63615,1623,3074
2덕천역,2022년 10월,155089,206357,69952,1602,3281
2덕천역,2022년 11월,150211,201652,65631,1456,3349
2덕천역,2022년 12월,152611,205527,65934,1643,3924
2덕천역,2023년 1월,139518,190005,61748,1755,3201
2덕천역,2023년 2월,139999,190524,64071,1677,3174
2덕천역,2023년 3월,157010,212357,72943,1459,3603
2덕천역,2023년 4월,149579,202535,69949,1457,2976
2덕천역,2023년 5월,150853,204958,69847,1550,3311
2덕천역,2023년 6월,148129,201851,69176,1521,2814
2덕천역,2023년 7월,142936,197996,66174,1509,3198
2덕천역,2023년 8월,143037,195212,66007,1668,3055
2덕천역,2023년 9월,145027,201203,68057,1388,2838
2덕천역,2023년 10월,158442,215923,77365,1346,3055
2덕천역,2023년 11월,154833,211354,73545,1162,3062
2덕천역,2023년 12월,152584,209322,71602,1358,3547
2덕천역,2024년 1월,151777,204760,73027,1399,2970
2덕천역,2024년 2월,142358,194833,68084,1453,3212
2덕천역,2024년 3월,161346,216074,79195,1364,3425
2덕천역,2024년 4월,160277,214168,78962,1494,3013
2덕천역,2024년 5월,164098,222155,81354,1433,3648
2덕천역,2024년 6월,150921,204737,74421,1584,2892
2덕천역,2024년 7월,162724,214363,82265,1618,3597
2덕천역,2024년 8월,156415,204017,80263,1944,3209
2덕천역,2024년 9월,145584,199646,72956,1533,2755
2덕천역,2024년 10월,156387,215897,78839,1449,2860
2덕천역,2024년 11월,154838,214629,76958,1427,3180
2덕천역,2024년 12월,157886,218872,78307,1638,3684
수정역,2014년 1월,185531,168383,35971,6950,11507
수정역,2014년 2월,176128,159441,33594,5924,11678
수정역,2014년 3월,210313,189278,39421,5734,12491
수정역,2014년 4월,209044,187567,39594,5496,11435
수정역,2014년 5월,214853,190861,40768,7128,13477
수정역,2014년 6월,196024,176315,38600,6133,10638
수정역,2014년 7월,200647,179496,39522,6799,11488
수정역,2014년 8월,183260,161935,36785,7006,10296
수정역,2014년 9월,190793,171840,37724,5712,10241
수정역,2014년 10월,206002,186398,40758,6159,11163
수정역,2014년 11월,201696,182588,39348,6368,13811
수정역,2014년 12월,209357,185549,39504,6564,13200
수정역,2015년 1월,190852,173252,37690,6750,10780
수정역,2015년 2월,164220,149231,32600,5402,9673
수정역,2015년 3월,209659,192692,42428,5522,11258
수정역,2015년 4월,206092,190145,42864,5477,10595
수정역,2015년 5월,210274,193111,44445,6742,12456
수정역,2015년 6월,180527,166845,38906,4114,8212
수정역,2015년 7월,194525,177499,41811,5855,10004
수정역,2015년 8월,182569,167192,38631,6003,9203
수정역,2015년 9월,192237,177935,41055,4888,8677
수정역,2015년 10월,209451,194861,44800,5467,9855
수정역,2015년 11월,204721,189878,42439,5200,10633
수정역,2015년 12월,212696,193682,45425,5758,12376
수정역,2016년 1월,187072,174363,41272,5771,9316
수정역,2016년 2월,176556,163199,38183,5337,9725
수정역,2016년 3월,210139,196481,45702,5022,10538
수정역,2016년 4월,205938,191492,45232,5276,9600
수정역,2016년 5월,214842,198903,46925,6014,11887
수정역,2016년 6월,200334,184951,44942,5072,8779
수정역,2016년 7월,197050,180651,43268,5948,9707
수정역,2016년 8월,188107,173073,41531,5865,8916
수정역,2016년 9월,188256,172655,40974,4694,8341
수정역,2016년 10월,204396,188487,45753,5346,9112
수정역,2016년 11월,205035,192203,44612,5072,9452
수정역,2016년 12월,207642,191316,44652,5829,10877
수정역,2017년 1월,185066,169779,40783,5674,9049
수정역,2017년 2월,181050,168679,40713,5390,9459
수정역,2017년 3월,212874,198063,47884,5547,10715
수정역,2017년 4월,205735,189936,46459,5438,9591
수정역,2017년 5월,210333,194287,49224,5947,10617
수정역,2017년 6월,199080,184130,47311,4923,8047
수정역,2017년 7월,188783,173407,44354,5728,8383
수정역,2017년 8월,183439,167869,43824,6128,7991
수정역,2017년 9월,203241,187447,48898,5239,7844
수정역,2017년 10월,186720,172677,44861,5756,8196
수정역,2017년 11월,205440,191986,50608,5363,8457
수정역,2017년 12월,204086,187614,51280,5765,10137
수정역,2018년 1월,187455,175701,47458,5299,7616
수정역,2018년 2월,166487,156482,41861,4810,7405
수정역,2018년 3월,207631,193726,51800,5523,9151
수정역,2018년 4월,200933,188234,50624,4982,7602
수정역,2018년 5월,211746,199869,53532,5779,9636
수정역,2018년 6월,189927,178973,48654,4592,6796
수정역,2018년 7월,188446,177202,47962,5149,8209
수정역,2018년 8월,178303,167881,45923,4987,7138
수정역,2018년 9월,177594,167181,45899,4276,6305
수정역,2018년 10월,200258,189867,52531,4649,7297
수정역,2018년 11월,197164,186556,51768,4402,8352
수정역,2018년 12월,191359,178373,49754,4862,8499
수정역,2019년 1월,183964,173594,50561,4855,6916
수정역,2019년 2월,162035,152560,43901,4397,6444
수정역,2019년 3월,195283,186311,53347,4569,8084
수정역,2019년 4월,193548,185469,52793,3963,6890
수정역,2019년 5월,203751,193387,55788,4821,8558
수정역,2019년 6월,182387,172575,51220,4092,6402
수정역,2019년 7월,187718,177159,52510,4271,7284
수정역,2019년 8월,176309,166125,49848,4272,6351
수정역,2019년 9월,176494,167804,49210,3646,5767
수정역,2019년 10월,198455,190956,55233,4275,7263
수정역,2019년 11월,197854,188391,54729,4214,8192
수정역,2019년 12월,196975,185804,54614,4449,8687
수정역,2020년 1월,172991,164283,48635,4248,5854
수정역,2020년 2월,137640,132254,38951,2452,4270
수정역,2020년 3월,97820,96691,27004,1102,1541
수정역,2020년 4월,115852,112379,33858,1513,2404
수정역,2020년 5월,138454,132594,41666,2250,3207
수정역,2020년 6월,151180,145378,43871,2405,4857
수정역,2020년 7월,161210,152457,45767,2675,4880
수정역,2020년 8월,134378,128240,37326,2467,4363
수정역,2020년 9월,131937,125251,37642,1952,3734
수정역,2020년 10월,139880,131733,38590,2112,4459
수정역,2020년 11월,150285,142425,42610,2344,5128
수정역,2020년 12월,119373,116735,35057,1541,3391
수정역,2021년 1월,118543,115909,34044,1751,3332
수정역,2021년 2월,122613,117702,35236,2195,4049
수정역,2021년 3월,152232,147665,44633,2517,5468
수정역,2021년 4월,145388,143104,43049,2436,4922
수정역,2021년 5월,146007,142654,43562,2638,5457
수정역,2021년 6월,152406,148292,44856,2553,4935
수정역,2021년 7월,144747,139706,43307,2510,5177
수정역,2021년 8월,126060,123592,38024,1913,4111
수정역,2021년 9월,136703,132855,42818,2036,4899
수정역,2021년 10월,151806,148010,47475,2456,5337
수정역,2021년 11월,159106,153400,48035,2520,4981
수정역,2021년 12월,151858,148458,43516,2366,5912
수정역,2022년 1월,139182,137928,42545,2387,4936
수정역,2022년 2월,119699,117482,37002,1852,4312
수정역,2022년 3월,135941,134190,42148,1775,5190
수정역,2022년 4월,155149,150574,47370,2328,5783
수정역,2022년 5월,170606,164344,51833,2883,6853
수정역,2022년 6월,162542,156602,50428,2539,5481
수정역,2022년 7월,162566,155724,50335,2783,6363
수정역,2022년 8월,152997,147062,48207,2799,5637
수정역,2022년 9월,158955,151618,49686,2513,5654
수정역,2022년 10월,173685,168197,56768,3038,6677
수정역,2022년 11월,170311,164736,54005,2276,5980
수정역,2022년 12월,173388,165309,53188,2831,6947
수정역,2023년 1월,151932,146091,47699,2593,5415
수정역,2023년 2월,155095,148862,51339,2644,5673
수정역,2023년 3월,178467,172752,58461,2462,7036
수정역,2023년 4월,170356,165393,55507,2952,6742
수정역,2023년 5월,174360,168476,56679,2709,7704
수정역,2023년 6월,171672,166769,57277,2690,6334
수정역,2023년 7월,164315,157212,54224,2743,7035
수정역,2023년 8월,161072,154105,52678,2623,6206
수정역,2023년 9월,167276,161164,54782,2484,6214
수정역,2023년 10월,180463,175026,61971,2214,6738
수정역,2023년 11월,179929,173754,59691,1620,6861
수정역,2023년 12월,177898,169931,57490,1865,7873
수정역,2024년 1월,170968,164933,57285,2220,6291
수정역,2024년 2월,157927,151785,52836,2483,6141
수정역,2024년 3월,180068,176709,61510,2085,6691
수정역,2024년 4월,181349,177442,63187,2454,6260
수정역,2024년 5월,187087,181673,66144,2565,7815
수정역,2024년 6월,175455,170465,63684,2404,6196
수정역,2024년 7월,180827,174024,64917,2084,7277
수정역,2024년 8월,168487,162668,59369,2768,6748
수정역,2024년 9월,167269,161341,58966,2548,5867
수정역,2024년 10월,184009,179495,66689,2818,6647
수정역,2024년 11월,182998,177338,64064,2489,7314
수정역,2024년 12월,184139,177106,63282,2679,8786
화명역,2014년 1월,316578,327628,69529,10582,23608
화명역,2014년 2월,301068,309829,62752,9732,23482
화명역,2014년 3월,351468,358432,74039,10152,25304
화명역,2014년 4월,348754,355118,75356,9313,22867
화명역,2014년 5월,362025,369278,76741,11786,27016
화명역,2014년 6월,329448,337589,73186,9930,22187
화명역,2014년 7월,335617,347726,74348,10895,23472
화명역,2014년 8월,304773,313445,67207,11173,21873
화명역,2014년 9월,318535,328120,68439,9720,21550
화명역,2014년 10월,346245,355541,78711,10208,22655
화명역,2014년 11월,337199,347184,73389,10268,26049
화명역,2014년 12월,351394,361310,73666,10923,26707
화명역,2015년 1월,324063,336549,71966,10565,21017
화명역,2015년 2월,280835,291123,61554,9242,20190
화명역,2015년 3월,345408,358718,76903,9300,21667
화명역,2015년 4월,338473,350679,76546,8730,19516
화명역,2015년 5월,343757,355798,77615,11308,23528
화명역,2015년 6월,302072,314007,68117,7322,17249
화명역,2015년 7월,322095,334792,74537,10065,20764
화명역,2015년 8월,304775,319317,69986,10630,20120
화명역,2015년 9월,309460,321639,70831,8962,18608
화명역,2015년 10월,342758,355701,79932,10489,21584
화명역,2015년 11월,330862,343892,74810,9852,23438
화명역,2015년 12월,351967,362797,78914,10617,24332
화명역,2016년 1월,315316,327148,71877,10578,19720
화명역,2016년 2월,296872,308655,65741,9601,19541
화명역,2016년 3월,347745,359105,78499,8870,20745
화명역,2016년 4월,339606,348705,76683,9104,19480
화명역,2016년 5월,351520,363048,79390,10365,22344
화명역,2016년 6월,331577,340808,76477,9125,18488
화명역,2016년 7월,331752,338252,75641,9989,20607
화명역,2016년 8월,320250,327691,74134,10581,19476
화명역,2016년 9월,309744,315901,70929,8526,17510
화명역,2016년 10월,337717,344208,79104,9847,19951
화명역,2016년 11월,345045,352485,78892,10222,21708
화명역,2016년 12월,353099,359754,80402,10588,23296
화명역,2017년 1월,315623,321652,72154,10355,18926
화명역,2017년 2월,310594,315556,72175,9862,20266
화명역,2017년 3월,354088,362380,84657,9468,21556
화명역,2017년 4월,339958,345172,81231,9502,20047
화명역,2017년 5월,348581,358656,83748,10355,21597
화명역,2017년 6월,332710,340231,82390,8966,18310
화명역,2017년 7월,321702,328846,78562,10586,18809
화명역,2017년 8월,313350,323057,77834,10470,17878
화명역,2017년 9월,332136,339183,83024,9536,18156
화명역,2017년 10월,310268,318175,76361,9752,18287
화명역,2017년 11월,335442,345382,83586,9457,18396
화명역,2017년 12월,331476,338353,80360,9669,20690
화명역,2018년 1월,311210,320682,76830,9584,16854
화명역,2018년 2월,277310,284205,68310,8645,15948
화명역,2018년 3월,337330,346172,84351,9127,18474
화명역,2018년 4월,331639,340333,84282,8719,16496
화명역,2018년 5월,342389,352212,86965,9657,19604
화명역,2018년 6월,317042,324337,83271,8175,15794
화명역,2018년 7월,317634,325437,82793,8743,16676
화명역,2018년 8월,305236,312179,80471,8586,15922
화명역,2018년 9월,297563,302167,77459,7676,15482
화명역,2018년 10월,332253,337113,89212,8292,16727
화명역,2018년 11월,331101,340496,86267,8426,18276
화명역,2018년 12월,324854,332468,85642,7874,17256
화명역,2019년 1월,319620,328137,88281,7987,15546
화명역,2019년 2월,280437,288157,75463,7421,14473
화명역,2019년 3월,332361,342759,91904,7372,16753
화명역,2019년 4월,331695,341284,92337,7012,14951
화명역,2019년 5월,344981,356952,95054,8213,17937
화명역,2019년 6월,311681,320795,88185,6851,14151
화명역,2019년 7월,319973,329312,90346,7434,15131
화명역,2019년 8월,303571,313721,84754,7727,14994
화명역,2019년 9월,293660,303792,81321,5978,13027
화명역,2019년 10월,339630,348244,95020,7160,15893
화명역,2019년 11월,332473,342085,92588,7054,15630
화명역,2019년 12월,336665,345433,94113,7408,16331
화명역,2020년 1월,305666,315635,86984,6965,13109
화명역,2020년 2월,247689,254514,69567,4518,9979
화명역,2020년 3월,178545,183988,48065,2099,4153
화명역,2020년 4월,211354,217084,60739,3128,6239
화명역,2020년 5월,252458,259256,76686,4152,8225
화명역,2020년 6월,266630,274071,80361,4349,10466
화명역,2020년 7월,278395,285027,81659,4913,11043
화명역,2020년 8월,238222,243679,67407,4438,10534
화명역,2020년 9월,227853,232353,65402,3656,9104
화명역,2020년 10월,242586,249002,68374,4020,10267
화명역,2020년 11월,260220,266772,75628,3832,10448
화명역,2020년 12월,206854,210432,60073,2833,7842
화명역,2021년 1월,206126,209942,58274,3308,8449
화명역,2021년 2월,210629,214784,60623,3719,9583
화명역,2021년 3월,261713,268936,77769,3963,11766
화명역,2021년 4월,256201,261344,76856,3681,10222
화명역,2021년 5월,259405,269122,79024,4227,11548
화명역,2021년 6월,264240,270826,79197,4092,10879
화명역,2021년 7월,252678,260105,76029,3891,11362
화명역,2021년 8월,226544,232012,69492,3687,10000
화명역,2021년 9월,240589,246545,75633,3888,10496
화명역,2021년 10월,264959,272535,83508,4257,11360
화명역,2021년 11월,275646,283874,83356,4382,11691
화명역,2021년 12월,264215,272037,76705,4020,11892
화명역,2022년 1월,251482,260949,75955,4167,11174
화명역,2022년 2월,218834,226031,66598,3621,9779
화명역,2022년 3월,246989,256922,75955,3316,11120
화명역,2022년 4월,274723,287043,84736,4109,12180
화명역,2022년 5월,306301,317811,94951,5345,14666
화명역,2022년 6월,284471,294667,89045,4459,11679
화명역,2022년 7월,283840,293454,87918,4901,13666
화명역,2022년 8월,269133,277458,84598,4601,12249
화명역,2022년 9월,276458,286532,87562,4199,11321
화명역,2022년 10월,300636,312078,97947,4562,13000
화명역,2022년 11월,300352,311270,96504,4239,12294
화명역,2022년 12월,299931,309956,93303,4489,15133
화명역,2023년 1월,271914,279340,85204,4257,12905
화명역,2023년 2월,274326,281672,90430,4333,13020
화명역,2023년 3월,309886,322494,100968,4146,14816
화명역,2023년 4월,293238,304854,97221,4157,13280
화명역,2023년 5월,305738,319617,102746,4066,14428
화명역,2023년 6월,295568,309229,99682,4089,12925
화명역,2023년 7월,288734,297488,95083,3981,14558
화명역,2023년 8월,284403,296171,91948,4341,13617
화명역,2023년 9월,288191,300013,94719,3706,12789
화명역,2023년 10월,310429,322598,106420,3242,13217
화명역,2023년 11월,313184,325636,104226,2765,14059
화명역,2023년 12월,310135,320832,101205,3423,15468
화명역,2024년 1월,302540,313185,102160,3756,13855
화명역,2024년 2월,278183,287216,93321,4011,13447
화명역,2024년 3월,319395,331513,108422,3994,15134
화명역,2024년 4월,317986,329729,109621,4255,13630
화명역,2024년 5월,334624,348844,118940,4557,15851
화명역,2024년 6월,304765,315779,108117,4052,12942
화명역,2024년 7월,313686,325268,109579,4120,15640
화명역,2024년 8월,291930,302986,101352,4498,14801
화명역,2024년 9월,285899,296881,99901,3709,13237
화명역,2024년 10월,313645,325519,112193,4099,14128
화명역,2024년 11월,316465,327707,111855,4229,14769
화명역,2024년 12월,320347,330814,111471,4427,17042
율리역,2014년 1월,136041,118349,32459,2888,7048
율리역,2014년 2월,127429,110582,29906,2649,7181
율리역,2014년 3월,152554,132662,35067,3026,9446
율리역,2014년 4월,153804,132374,35188,3015,9791
율리역,2014년 5월,157806,135430,36573,3381,10258
율리역,2014년 6월,148704,129519,35116,3158,9659
율리역,2014년 7월,151440,132064,36025,3445,9535
율리역,2014년 8월,138807,119984,34682,3325,7426
율리역,2014년 9월,149303,128649,35190,3101,8756
율리역,2014년 10월,161174,139956,39114,3409,9166
율리역,2014년 11월,156799,135584,37969,3515,10474
율리역,2014년 12월,159025,137979,37086,3805,9466
율리역,2015년 1월,143426,125858,35407,3361,7015
율리역,2015년 2월,129154,113882,31363,3293,7198
율리역,2015년 3월,160591,140396,38466,3556,8869
율리역,2015년 4월,155622,135914,37696,3454,8315
율리역,2015년 5월,155931,134131,38370,4178,8405
율리역,2015년 6월,141819,124380,34476,3092,7281
율리역,2015년 7월,151342,133671,37598,4116,7383
율리역,2015년 8월,144760,128806,36451,3956,6948
율리역,2015년 9월,152415,135033,38297,3541,7454
율리역,2015년 10월,164168,145083,41146,4092,8107
율리역,2015년 11월,158571,140269,39142,3844,9072
율리역,2015년 12월,161043,141876,40337,4167,8335
율리역,2016년 1월,144218,128890,37600,3684,6032
율리역,2016년 2월,134967,120859,35097,3412,6439
율리역,2016년 3월,164274,146017,41726,3399,8121
율리역,2016년 4월,157351,138731,40213,3767,7392
율리역,2016년 5월,163433,144189,41997,3962,8197
율리역,2016년 6월,157507,140025,41351,3490,7443
율리역,2016년 7월,154143,136233,40337,3681,7148
율리역,2016년 8월,148735,132422,39024,3602,6270
율리역,2016년 9월,149641,131569,38486,3077,7262
율리역,2016년 10월,162853,144106,43068,3515,7773
율리역,2016년 11월,163431,145537,42716,3428,8361
율리역,2016년 12월,161714,143969,41874,3531,8179
율리역,2017년 1월,144489,130215,38321,3457,5973
율리역,2017년 2월,140142,126230,37102,3305,6468
율리역,2017년 3월,165572,149498,44286,3175,9134
율리역,2017년 4월,162012,144001,43578,3324,8169
율리역,2017년 5월,162135,144234,44845,3671,8141
율리역,2017년 6월,158213,142244,43622,3394,7998
율리역,2017년 7월,151619,136501,42232,3577,6617
율리역,2017년 8월,147408,133529,40955,3629,6070
율리역,2017년 9월,158986,142935,43988,3197,7499
율리역,2017년 10월,147111,132440,41199,3331,6473
율리역,2017년 11월,159610,144876,44376,3111,7313
율리역,2017년 12월,154478,138976,41591,3553,7465
율리역,2018년 1월,143323,130491,39203,3210,4995
율리역,2018년 2월,129364,116786,35702,2899,5317
율리역,2018년 3월,159735,144234,43576,2947,7357
율리역,2018년 4월,156126,140836,43940,2897,6545
율리역,2018년 5월,159391,143988,45070,3149,7232
율리역,2018년 6월,149138,134636,42617,2812,6271
율리역,2018년 7월,150355,137267,41886,3083,6368
율리역,2018년 8월,141576,129853,40578,3005,5269
율리역,2018년 9월,141719,128258,40667,2677,5731
율리역,2018년 10월,154691,140952,45373,2717,6108
율리역,2018년 11월,153806,139956,44562,2603,6790
율리역,2018년 12월,148537,134581,43311,2893,5916
율리역,2019년 1월,144631,132114,44364,2763,4839
율리역,2019년 2월,126495,115330,38731,2531,4441
율리역,2019년 3월,153069,140704,46683,2950,6217
율리역,2019년 4월,155440,142794,47771,2694,5864
율리역,2019년 5월,157091,144026,47843,2929,6679
율리역,2019년 6월,143604,131901,44892,2551,5379
율리역,2019년 7월,146928,134746,45450,2832,5861
율리역,2019년 8월,140070,130318,43702,2938,5295
율리역,2019년 9월,138562,127832,43085,2395,5107
율리역,2019년 10월,153817,140924,48502,2670,5842
율리역,2019년 11월,152992,139922,47801,2878,6108
율리역,2019년 12월,151749,138037,47223,2993,5827
율리역,2020년 1월,134187,123730,42898,2763,3832
율리역,2020년 2월,111799,104076,35179,1838,3412
율리역,2020년 3월,85078,78428,26705,860,1258
율리역,2020년 4월,98496,91005,32397,1171,1786
율리역,2020년 5월,115375,106667,39710,1594,2515
율리역,2020년 6월,123347,114194,40270,1731,3587
율리역,2020년 7월,127825,117894,40648,1958,4232
율리역,2020년 8월,110565,102621,35414,1757,3727
율리역,2020년 9월,108867,101057,35292,1509,3099
율리역,2020년 10월,115997,106629,36428,1648,3491
율리역,2020년 11월,122679,113419,40052,1612,3571
율리역,2020년 12월,103668,98427,34273,1278,2600
율리역,2021년 1월,98032,93058,32137,1316,2368
율리역,2021년 2월,100470,93935,33537,1367,3011
율리역,2021년 3월,125017,116416,41733,1536,3612
율리역,2021년 4월,120245,112434,39929,1436,3338
율리역,2021년 5월,119062,111424,39965,1490,3592
율리역,2021년 6월,122204,113616,40979,1582,3590
율리역,2021년 7월,116810,110118,38523,1570,3531
율리역,2021년 8월,106724,100582,36131,1409,2836
율리역,2021년 9월,114041,106439,40345,1368,3301
율리역,2021년 10월,125784,116084,43416,1600,3870
율리역,2021년 11월,128592,118377,43603,1444,3532
율리역,2021년 12월,122603,114518,41099,1333,3537
율리역,2022년 1월,116041,109640,40910,1377,3287
율리역,2022년 2월,100416,93925,35287,1205,2967
율리역,2022년 3월,115270,108883,40257,1176,3440
율리역,2022년 4월,128345,119400,44886,1471,4079
율리역,2022년 5월,139817,130003,48732,1894,4882
율리역,2022년 6월,131987,123349,46777,1581,4027
율리역,2022년 7월,133004,124541,46783,1657,3971
율리역,2022년 8월,125058,117541,45019,1479,3545
율리역,2022년 9월,127618,119876,45180,1303,3633
율리역,2022년 10월,136685,127080,49977,1487,4032
율리역,2022년 11월,137046,127910,49400,1396,3792
율리역,2022년 12월,134570,125730,47453,1577,4137
율리역,2023년 1월,121123,113326,44029,1308,3154
율리역,2023년 2월,121725,113530,45303,1310,3026
율리역,2023년 3월,141432,132884,52441,1127,4228
율리역,2023년 4월,135012,126865,50603,1203,4208
율리역,2023년 5월,136571,128065,50934,1304,4244
율리역,2023년 6월,132148,124556,50452,1306,3931
율리역,2023년 7월,128830,121081,48808,1213,3925
율리역,2023년 8월,126840,120226,47831,1389,3895
율리역,2023년 9월,131894,123620,49806,1133,3522
율리역,2023년 10월,137457,128390,54464,882,3330
율리역,2023년 11월,138821,130158,52847,859,3936
율리역,2023년 12월,134040,125603,51106,958,3769
율리역,2024년 1월,130880,123755,50716,1080,3021
율리역,2024년 2월,121760,114930,47493,1099,2832
율리역,2024년 3월,139309,131957,54550,1145,4067
율리역,2024년 4월,137994,130781,54340,893,4112
율리역,2024년 5월,143236,134911,55940,1073,4413
율리역,2024년 6월,131528,124691,52321,1097,3901
율리역,2024년 7월,136395,129972,53658,1148,4106
율리역,2024년 8월,127291,120774,50857,1307,3697
율리역,2024년 9월,127637,121389,51451,1163,3685
율리역,2024년 10월,137112,129537,57301,1092,3322
율리역,2024년 11월,138214,130142,56194,958,3806
율리역,2024년 12월,136898,129342,55567,985,4372
동원역,2014년 1월,48396,33371,18977,760,1649
동원역,2014년 2월,44929,30858,17333,661,1496
동원역,2014년 3월,53695,36821,20895,690,2315
동원역,2014년 4월,53479,37242,21467,666,2053
동원역,2014년 5월,54295,37192,21420,830,2422
동원역,2014년 6월,51260,34925,20668,691,1930
동원역,2014년 7월,51987,35533,20529,976,1868
동원역,2014년 8월,47100,31451,18949,863,1380
동원역,2014년 9월,49820,33278,19726,805,1723
동원역,2014년 10월,52616,36227,21041,803,1811
동원역,2014년 11월,51307,35175,20445,815,2181
동원역,2014년 12월,54072,36761,20255,843,2320
동원역,2015년 1월,53339,38148,20560,827,1690
동원역,2015년 2월,49118,34794,18161,782,1914
동원역,2015년 3월,61751,44368,22716,814,2420
동원역,2015년 4월,60989,42926,22896,745,2205
동원역,2015년 5월,62209,43993,23510,945,2261
동원역,2015년 6월,57129,40253,20858,683,1934
동원역,2015년 7월,58119,40261,22076,736,1951
동원역,2015년 8월,53182,36401,20672,790,1668
동원역,2015년 9월,55747,37713,21405,799,1869
동원역,2015년 10월,60873,41700,23505,929,2051
동원역,2015년 11월,57872,40212,21905,799,1966
동원역,2015년 12월,60184,41510,22643,839,1969
동원역,2016년 1월,53671,37141,20489,740,1259
동원역,2016년 2월,49776,34326,18792,727,1415
동원역,2016년 3월,59053,41004,22567,672,2095
동원역,2016년 4월,57793,40263,22539,656,1835
동원역,2016년 5월,58612,40704,22794,739,1968
동원역,2016년 6월,56882,39462,22270,647,1624
동원역,2016년 7월,54331,36949,20727,633,1464
동원역,2016년 8월,51772,35141,19818,726,1336
동원역,2016년 9월,52818,35494,20258,659,1544
동원역,2016년 10월,56263,38458,22453,608,1557
동원역,2016년 11월,56508,38488,21978,599,1897
동원역,2016년 12월,56228,38487,21903,639,1700
동원역,2017년 1월,50434,35364,19707,694,1182
동원역,2017년 2월,49046,34350,19333,637,1291
동원역,2017년 3월,58113,41270,23542,631,1783
동원역,2017년 4월,55354,38950,22763,631,1524
동원역,2017년 5월,57549,41664,24185,730,1530
동원역,2017년 6월,56492,40828,23954,692,1339
동원역,2017년 7월,54792,38906,22770,679,1129
동원역,2017년 8월,53313,37470,22428,730,1023
동원역,2017년 9월,56083,40137,24349,611,1164
동원역,2017년 10월,53055,38083,22797,626,1216
동원역,2017년 11월,57163,41597,24386,571,1270
동원역,2017년 12월,53981,38615,22308,659,1359
동원역,2018년 1월,51622,38156,21311,690,974
동원역,2018년 2월,46376,33912,19497,646,935
동원역,2018년 3월,56395,41460,24529,576,1232
동원역,2018년 4월,55842,40977,24275,569,1126
동원역,2018년 5월,57150,41802,25318,560,1284
동원역,2018년 6월,53585,39033,24127,471,1037
동원역,2018년 7월,51857,37459,22513,512,1059
동원역,2018년 8월,50291,35895,22113,531,935
동원역,2018년 9월,50174,36343,22577,495,952
동원역,2018년 10월,55366,40650,25065,507,1151
동원역,2018년 11월,55903,41458,25280,453,1192
동원역,2018년 12월,52798,38700,23942,488,1139
동원역,2019년 1월,53603,39838,24763,473,881
동원역,2019년 2월,47369,35514,22031,525,805
동원역,2019년 3월,56575,42568,26787,500,952
동원역,2019년 4월,56731,43001,26689,453,820
동원역,2019년 5월,57770,43228,27176,534,948
동원역,2019년 6월,53069,39707,25377,461,745
동원역,2019년 7월,53458,40448,24350,487,783
동원역,2019년 8월,50164,37268,23485,417,685
동원역,2019년 9월,50620,37435,23627,419,733
동원역,2019년 10월,55637,41616,26337,483,843
동원역,2019년 11월,55540,41895,25955,494,957
동원역,2019년 12월,53083,40145,24651,480,966
동원역,2020년 1월,49759,37884,22957,481,621
동원역,2020년 2월,41958,32127,18888,334,538
동원역,2020년 3월,34585,27067,15005,162,238
동원역,2020년 4월,37768,29033,17302,209,245
동원역,2020년 5월,44354,33789,21574,323,403
동원역,2020년 6월,44946,34093,21631,275,600
동원역,2020년 7월,46557,35596,22345,303,502
동원역,2020년 8월,39362,29490,18760,239,425
동원역,2020년 9월,40019,30219,18991,232,435
동원역,2020년 10월,41829,32092,19975,233,488
동원역,2020년 11월,44633,34270,21911,225,570
동원역,2020년 12월,37865,29637,17484,202,452
동원역,2021년 1월,36189,28606,16465,212,416
동원역,2021년 2월,37002,29917,18275,243,546
동원역,2021년 3월,45418,37298,22398,293,688
동원역,2021년 4월,43206,35856,20552,266,577
동원역,2021년 5월,44524,37042,22117,268,621
동원역,2021년 6월,45329,37014,22525,223,591
동원역,2021년 7월,42878,34995,21139,245,565
동원역,2021년 8월,38411,31263,18823,190,439
동원역,2021년 9월,41467,33663,21192,259,574
동원역,2021년 10월,45367,36964,23540,260,577
동원역,2021년 11월,44906,37134,22730,250,552
동원역,2021년 12월,42533,35373,20694,210,539
동원역,2022년 1월,41316,34748,20784,206,407
동원역,2022년 2월,36769,31037,18589,190,371
동원역,2022년 3월,41710,35293,21302,189,533
동원역,2022년 4월,45430,38150,23327,262,532
동원역,2022년 5월,49169,40813,25316,320,727
동원역,2022년 6월,45866,37988,23780,246,579
동원역,2022년 7월,45409,37224,23314,279,532
동원역,2022년 8월,43835,36261,22782,279,533
동원역,2022년 9월,44892,36556,23334,245,561
동원역,2022년 10월,48613,39742,25733,297,646
동원역,2022년 11월,48122,39796,24953,248,592
동원역,2022년 12월,46779,38242,23732,225,581
동원역,2023년 1월,43282,36260,22043,285,468
동원역,2023년 2월,43094,36128,22775,220,506
동원역,2023년 3월,49344,41446,26145,226,697
동원역,2023년 4월,45929,38248,24751,231,522
동원역,2023년 5월,46764,39058,25455,231,521
동원역,2023년 6월,45320,38427,25199,212,488
동원역,2023년 7월,42968,35965,23830,192,501
동원역,2023년 8월,43853,36336,23260,218,451
동원역,2023년 9월,45609,37863,24537,172,494
동원역,2023년 10월,49280,41985,27433,197,573
동원역,2023년 11월,48723,41271,26340,212,654
동원역,2023년 12월,47396,39578,25289,212,603
동원역,2024년 1월,46537,39353,25174,285,411
동원역,2024년 2월,43932,36919,23965,278,500
동원역,2024년 3월,48437,41391,26840,256,609
동원역,2024년 4월,49177,41909,27399,266,720
동원역,2024년 5월,51316,43601,29204,236,689
동원역,2024년 6월,47105,40052,26770,299,499
동원역,2024년 7월,48093,40950,26734,287,602
동원역,2024년 8월,45418,38165,25557,256,507
동원역,2024년 9월,44680,37180,25177,229,529
동원역,2024년 10월,49081,41072,28435,206,557
동원역,2024년 11월,49236,42007,28150,189,603
동원역,2024년 12월,49072,41781,28003,235,603
금곡역,2014년 1월,70834,53770,24615,1179,2394
금곡역,2014년 2월,66666,51163,22674,1036,2466
금곡역,2014년 3월,81732,61630,27936,1071,3237
금곡역,2014년 4월,83614,64108,28239,1031,2967
금곡역,2014년 5월,84982,64011,29265,1376,3332
금곡역,2014년 6월,80174,60380,28204,1088,2701
금곡역,2014년 7월,78836,58849,28065,1110,3027
금곡역,2014년 8월,70351,51947,26066,1056,2151
금곡역,2014년 9월,77883,59050,27739,1061,2581
금곡역,2014년 10월,83342,62175,30059,1106,2846
금곡역,2014년 11월,81435,61535,27941,1148,3106
금곡역,2014년 12월,78366,56824,26644,1193,2813
금곡역,2015년 1월,72362,54203,26118,1003,2210
금곡역,2015년 2월,63714,47868,22464,1001,2169
금곡역,2015년 3월,82227,58626,29491,953,2272
금곡역,2015년 4월,84836,66320,30087,1003,2109
금곡역,2015년 5월,86877,68750,31542,1225,2610
금곡역,2015년 6월,79260,62397,28385,876,2192
금곡역,2015년 7월,81257,63813,30041,1050,2108
금곡역,2015년 8월,76307,59374,28235,1218,2127
금곡역,2015년 9월,81701,64133,29616,1112,2031
금곡역,2015년 10월,88997,69363,32246,1357,2598
금곡역,2015년 11월,85352,66910,30121,1011,2529
금곡역,2015년 12월,86187,66861,31088,1111,2609
금곡역,2016년 1월,76359,60230,28644,1047,2024
금곡역,2016년 2월,73364,57226,26563,979,2050
금곡역,2016년 3월,91091,72985,33646,943,2380
금곡역,2016년 4월,88482,70637,32559,1013,2180
금곡역,2016년 5월,89693,72089,33112,1202,2555
금곡역,2016년 6월,84866,68066,31688,1084,2048
금곡역,2016년 7월,83384,66209,31198,1182,2383
금곡역,2016년 8월,77477,61750,29338,1051,2063
금곡역,2016년 9월,80259,64356,29672,1096,2221
금곡역,2016년 10월,88334,71147,33008,1155,2197
금곡역,2016년 11월,87893,70864,32869,1094,2376
금곡역,2016년 12월,86551,69181,32634,1007,2403
금곡역,2017년 1월,77125,61923,29606,1057,1952
금곡역,2017년 2월,78372,63767,29986,994,2065
금곡역,2017년 3월,93853,76494,36756,898,2597
금곡역,2017년 4월,90261,73453,35158,936,2380
금곡역,2017년 5월,91514,73906,35992,1118,2406
금곡역,2017년 6월,87943,71261,35387,1099,2142
금곡역,2017년 7월,83023,67153,33545,1161,2183
금곡역,2017년 8월,80271,63237,33148,1036,1766
금곡역,2017년 9월,87320,69351,34727,1086,1838
금곡역,2017년 10월,81649,65537,32149,1074,1974
금곡역,2017년 11월,88425,70870,34519,1085,1922
금곡역,2017년 12월,83312,66221,32274,1154,2486
금곡역,2018년 1월,75545,61081,29779,925,1667
금곡역,2018년 2월,69922,56221,27151,937,1745
금곡역,2018년 3월,89975,72544,35289,1003,2059
금곡역,2018년 4월,87742,70073,34952,931,2018
금곡역,2018년 5월,87619,70506,35402,1247,2314
금곡역,2018년 6월,80029,64733,33357,979,1707
금곡역,2018년 7월,78331,63484,32616,1000,2059
금곡역,2018년 8월,75079,60757,31922,1002,1620
금곡역,2018년 9월,76119,61714,31736,977,1719
금곡역,2018년 10월,91908,72774,40011,1423,2009
금곡역,2018년 11월,85152,69938,35424,1031,1992
금곡역,2018년 12월,80052,65149,33102,1070,1920
금곡역,2019년 1월,77423,64306,33493,1018,1515
금곡역,2019년 2월,70115,58344,29825,988,1500
금곡역,2019년 3월,86916,71171,37054,1111,2032
금곡역,2019년 4월,87234,72040,36849,990,1771
금곡역,2019년 5월,88738,73167,37517,1053,1954
금곡역,2019년 6월,82188,67677,35064,1068,1491
금곡역,2019년 7월,81851,68264,35934,972,1577
금곡역,2019년 8월,76050,62131,33788,962,1277
금곡역,2019년 9월,76650,62824,33267,857,1275
금곡역,2019년 10월,86214,70360,38432,970,1564
금곡역,2019년 11월,86587,71043,37556,909,1510
금곡역,2019년 12월,83797,68092,36942,903,1545
금곡역,2020년 1월,74492,61296,33139,878,1088
금곡역,2020년 2월,62075,51761,27412,554,809
금곡역,2020년 3월,50546,42020,21736,324,417
금곡역,2020년 4월,56840,46747,25771,443,487
금곡역,2020년 5월,66260,54885,31310,537,749
금곡역,2020년 6월,69763,57961,31868,500,1061
금곡역,2020년 7월,71112,58359,32436,587,1096
금곡역,2020년 8월,59937,48826,26977,526,899
금곡역,2020년 9월,59331,47791,26803,471,873
금곡역,2020년 10월,63750,52498,29225,632,845
금곡역,2020년 11월,67866,55825,31347,517,951
금곡역,2020년 12월,56936,48490,26315,444,639
금곡역,2021년 1월,54692,46104,24742,414,702
금곡역,2021년 2월,55481,46154,25690,454,909
금곡역,2021년 3월,69942,57009,32915,484,1175
금곡역,2021년 4월,66774,54782,31239,448,990
금곡역,2021년 5월,67487,55846,31827,610,1064
금곡역,2021년 6월,67628,55795,32033,493,1009
금곡역,2021년 7월,64438,52961,30300,552,1050
금곡역,2021년 8월,58986,48895,28315,500,823
금곡역,2021년 9월,62662,52642,30377,401,973
금곡역,2021년 10월,69047,57428,33729,522,961
금곡역,2021년 11월,71579,58250,33622,565,982
금곡역,2021년 12월,67175,54619,30257,459,1154
금곡역,2022년 1월,64339,53011,30300,460,932
금곡역,2022년 2월,56685,46787,27205,375,742
금곡역,2022년 3월,65043,52785,31614,423,996
금곡역,2022년 4월,72504,58341,34604,528,1173
금곡역,2022년 5월,77510,62402,36862,620,1300
금곡역,2022년 6월,71989,58196,34815,588,994
금곡역,2022년 7월,71225,57766,34371,495,1098
금곡역,2022년 8월,67881,54586,33094,585,1007
금곡역,2022년 9월,70136,56324,33303,535,1048
금곡역,2022년 10월,76622,61909,37271,615,1124
금곡역,2022년 11월,76889,61946,36199,543,1075
금곡역,2022년 12월,72979,59567,33605,524,1201
금곡역,2023년 1월,66246,54635,30193,536,1062
금곡역,2023년 2월,69540,57124,33094,460,1120
금곡역,2023년 3월,80432,65165,38773,425,1389
금곡역,2023년 4월,74669,60670,36678,373,1212
금곡역,2023년 5월,76510,62226,36828,437,1383
금곡역,2023년 6월,74084,60508,36056,375,1208
금곡역,2023년 7월,68615,55304,34173,373,1216
금곡역,2023년 8월,68051,54459,33154,413,1164
금곡역,2023년 9월,73202,58818,34680,354,1211
금곡역,2023년 10월,79908,64792,39343,269,1253
금곡역,2023년 11월,78693,63932,37945,247,1279
금곡역,2023년 12월,73803,59764,35940,256,1294
금곡역,2024년 1월,71399,57939,35382,386,829
금곡역,2024년 2월,68198,55898,33184,314,883
금곡역,2024년 3월,79626,65266,39829,305,1206
금곡역,2024년 4월,79284,64665,39186,312,1141
금곡역,2024년 5월,81127,66255,40269,329,1308
금곡역,2024년 6월,74715,61260,37587,304,1170
금곡역,2024년 7월,75946,62245,38059,380,1238
금곡역,2024년 8월,67801,54165,34951,295,1077
금곡역,2024년 9월,69059,56229,35188,307,1031
금곡역,2024년 10월,78718,64033,40489,401,1083
금곡역,2024년 11월,78590,63409,39867,342,1242
금곡역,2024년 12월,75698,61550,39107,418,1457
호포역,2014년 1월,29306,45196,5036,283,583
호포역,2014년 2월,26907,42997,5023,262,668
호포역,2014년 3월,38359,57507,9164,306,606
호포역,2014년 4월,36583,55686,9022,323,552
호포역,2014년 5월,37320,57004,8696,401,636
호포역,2014년 6월,34161,53092,7808,333,541
호포역,2014년 7월,34246,52672,7619,375,652
호포역,2014년 8월,33928,51105,7619,458,647
호포역,2014년 9월,36600,54460,9624,342,555
호포역,2014년 10월,36635,55597,8681,377,915
호포역,2014년 11월,35173,52782,7878,364,649
호포역,2014년 12월,34840,51737,7160,371,1097
호포역,2015년 1월,31263,47252,7113,322,707
호포역,2015년 2월,27980,42175,6483,339,669
호포역,2015년 3월,39890,58254,10540,356,717
호포역,2015년 4월,37363,54557,10098,311,686
호포역,2015년 5월,36196,53850,9557,384,567
호포역,2015년 6월,32220,49812,8014,206,377
호포역,2015년 7월,33466,50331,8024,302,572
호포역,2015년 8월,31184,47126,7581,336,611
호포역,2015년 9월,33303,49147,9240,257,618
호포역,2015년 10월,35966,53233,8771,345,756
호포역,2015년 11월,32246,48645,7587,267,789
호포역,2015년 12월,33842,51243,7683,364,1103
호포역,2016년 1월,31047,45667,6902,322,723
호포역,2016년 2월,28553,42357,6564,236,568
호포역,2016년 3월,41846,57650,11094,248,1002
호포역,2016년 4월,39081,55640,10877,253,521
호포역,2016년 5월,37557,54111,9249,310,577
호포역,2016년 6월,34370,50566,8412,275,453
호포역,2016년 7월,33434,48047,7585,248,559
호포역,2016년 8월,31783,45632,7461,301,451
호포역,2016년 9월,32321,45580,8432,242,473
호포역,2016년 10월,34490,49157,8494,335,666
호포역,2016년 11월,34267,48625,7784,254,900
호포역,2016년 12월,34327,49432,7866,273,746
호포역,2017년 1월,30131,42917,6644,393,627
호포역,2017년 2월,30356,43143,7099,332,616
호포역,2017년 3월,40273,55318,10947,261,905
호포역,2017년 4월,38172,52884,10572,243,497
호포역,2017년 5월,35852,51338,8924,237,572
호포역,2017년 6월,35067,50962,8435,244,501
호포역,2017년 7월,32469,46837,7360,253,595
호포역,2017년 8월,33224,48042,7650,275,533
호포역,2017년 9월,38235,52367,10086,351,415
호포역,2017년 10월,33506,46426,8294,326,720
호포역,2017년 11월,36306,50045,8241,277,611
호포역,2017년 12월,34411,48532,7753,299,663
호포역,2018년 1월,32173,44866,6936,279,620
호포역,2018년 2월,28832,39691,6329,227,563
호포역,2018년 3월,39787,54090,10444,203,587
호포역,2018년 4월,37846,52570,9967,241,511
호포역,2018년 5월,37555,52087,8987,255,495
호포역,2018년 6월,34391,48527,8657,249,346
호포역,2018년 7월,33579,46264,7859,233,617
호포역,2018년 8월,33026,45368,7879,226,442
호포역,2018년 9월,33212,45226,9089,272,417
호포역,2018년 10월,36557,49585,10056,306,425
호포역,2018년 11월,35666,48641,9132,206,538
호포역,2018년 12월,35406,48099,8641,242,546
호포역,2019년 1월,35442,47895,8597,246,522
호포역,2019년 2월,30050,40630,7938,264,480
호포역,2019년 3월,41648,54845,13097,326,490
호포역,2019년 4월,38668,51973,11554,284,422
호포역,2019년 5월,37714,51414,10248,242,415
호포역,2019년 6월,35590,48740,9510,270,421
호포역,2019년 7월,33664,46650,8419,321,435
호포역,2019년 8월,32416,45485,8036,257,438
호포역,2019년 9월,32507,44519,9142,229,238
호포역,2019년 10월,36277,48940,10367,229,274
호포역,2019년 11월,36971,49342,9536,287,427
호포역,2019년 12월,36755,50177,9441,278,382
호포역,2020년 1월,33070,44441,8370,266,426
호포역,2020년 2월,28760,38160,7212,176,249
호포역,2020년 3월,31705,39294,9140,134,146
호포역,2020년 4월,35362,44485,10492,180,217
호포역,2020년 5월,37346,47947,10299,215,236
호포역,2020년 6월,35020,46405,8904,136,246
호포역,2020년 7월,34847,45429,8776,141,220
호포역,2020년 8월,31654,40834,7467,123,202
호포역,2020년 9월,34373,44020,8421,138,204
호포역,2020년 10월,35562,46407,9817,199,275
호포역,2020년 11월,35549,46517,9020,210,267
호포역,2020년 12월,27711,36513,6178,123,200
호포역,2021년 1월,28460,37350,6738,130,235
호포역,2021년 2월,28282,36625,7028,142,275
호포역,2021년 3월,41030,52505,13618,156,319
호포역,2021년 4월,38037,48254,12004,130,275
호포역,2021년 5월,34719,44621,9848,134,313
호포역,2021년 6월,33184,43041,9023,122,285
호포역,2021년 7월,31922,40943,7777,108,304
호포역,2021년 8월,28486,37263,7394,99,248
호포역,2021년 9월,31694,39819,9193,125,255
호포역,2021년 10월,36639,45710,10643,158,323
호포역,2021년 11월,35495,44758,9726,113,324
호포역,2021년 12월,31944,40608,7818,114,288
호포역,2022년 1월,30873,38702,7942,143,403
호포역,2022년 2월,27885,34926,7158,124,375
호포역,2022년 3월,35308,43829,11225,113,320
호포역,2022년 4월,39299,48822,13227,186,362
호포역,2022년 5월,36316,46370,10849,214,360
호포역,2022년 6월,32765,42141,9288,203,326
호포역,2022년 7월,31906,41378,8294,132,1050
호포역,2022년 8월,29480,38788,7719,163,1001
호포역,2022년 9월,32806,41993,9945,120,308
호포역,2022년 10월,40818,51279,13886,199,318
호포역,2022년 11월,36610,46110,11132,184,281
호포역,2022년 12월,33885,42881,9030,218,406
호포역,2023년 1월,30076,38129,7647,184,363
호포역,2023년 2월,32517,41116,9834,185,381
호포역,2023년 3월,41063,50055,14819,170,351
호포역,2023년 4월,37066,44309,12657,163,319
호포역,2023년 5월,33827,41803,10441,120,348
호포역,2023년 6월,23717,40439,9851,166,253
호포역,2023년 7월,21478,34490,8337,132,1073
호포역,2023년 8월,29658,38542,7616,156,831
호포역,2023년 9월,31270,40592,9221,133,254
호포역,2023년 10월,38496,47265,13227,164,293
호포역,2023년 11월,33043,42710,9608,102,303
호포역,2023년 12월,32033,41184,9288,105,367
호포역,2024년 1월,31314,39643,8744,109,380
호포역,2024년 2월,29258,36914,8427,158,391
호포역,2024년 3월,39487,48901,14496,239,322
호포역,2024년 4월,36891,46397,12892,107,251
호포역,2024년 5월,35404,45411,11642,153,384
호포역,2024년 6월,32492,41841,9991,145,277
호포역,2024년 7월,32141,41702,8700,74,1074
호포역,2024년 8월,28883,37685,7893,141,956
호포역,2024년 9월,29815,38085,9050,108,341
호포역,2024년 10월,36935,46570,13202,129,327
호포역,2024년 11월,38271,47884,13322,123,482
호포역,2024년 12월,32624,42300,10045,151,441
증산역,2014년 1월,3,2,0,0,0
증산역,2014년 2월,0,0,0,0,0
증산역,2014년 3월,0,0,0,0,0
증산역,2014년 4월,0,0,0,0,0
증산역,2014년 5월,0,0,0,0,0
증산역,2014년 6월,26,22,0,0,0
증산역,2014년 7월,0,0,0,0,0
증산역,2014년 8월,0,0,0,0,0
증산역,2014년 9월,0,0,0,0,0
증산역,2014년 10월,0,0,0,0,0
증산역,2014년 11월,0,0,0,0,0
증산역,2014년 12월,0,0,0,0,0
증산역,2015년 1월,0,0,0,0,0
증산역,2015년 2월,0,0,0,0,0
증산역,2015년 3월,0,0,0,0,0
증산역,2015년 4월,0,0,0,0,0
증산역,2015년 5월,0,0,0,0,0
증산역,2015년 6월,1,0,0,0,0
증산역,2015년 7월,0,0,0,0,0
증산역,2015년 8월,0,0,0,0,0
증산역,2015년 9월,4914,5256,1211,124,210
증산역,2015년 10월,32041,32132,7735,523,1214
증산역,2015년 11월,34190,34103,7906,497,1467
증산역,2015년 12월,38086,38092,8388,569,1733
증산역,2016년 1월,35248,35347,7751,654,1670
증산역,2016년 2월,33661,33468,7401,664,1748
증산역,2016년 3월,45861,47004,11221,597,1923
증산역,2016년 4월,50052,51641,12135,640,1880
증산역,2016년 5월,58768,60158,14352,908,2249
증산역,2016년 6월,64373,65094,15505,854,2357
증산역,2016년 7월,68399,69961,15617,1058,2781
증산역,2016년 8월,68913,70625,15217,1198,2760
증산역,2016년 9월,70320,72341,15387,815,2768
증산역,2016년 10월,83997,87014,19127,1133,3520
증산역,2016년 11월,87815,90917,18936,1167,3789
증산역,2016년 12월,92668,95650,19692,1286,4290
증산역,2017년 1월,87671,88796,18184,1786,4062
증산역,2017년 2월,89012,91555,18772,1627,4292
증산역,2017년 3월,104145,108552,22850,1237,4478
증산역,2017년 4월,101407,105440,22406,1316,4375
증산역,2017년 5월,105601,109959,23371,1761,4752
증산역,2017년 6월,106259,110886,24313,1461,4223
증산역,2017년 7월,103569,108336,22494,1812,4809
증산역,2017년 8월,106770,111658,22644,2179,4785
증산역,2017년 9월,116637,123400,24894,1719,5048
증산역,2017년 10월,114752,120162,23935,2101,5403
증산역,2017년 11월,121393,128959,25275,1796,5540
증산역,2017년 12월,118465,124580,23446,1933,5915
증산역,2018년 1월,111421,117069,21842,2131,5112
증산역,2018년 2월,101593,107392,20292,1897,5004
증산역,2018년 3월,125271,134163,26301,1943,5540
증산역,2018년 4월,125330,134774,26680,1841,5332
증산역,2018년 5월,133845,142685,28277,2151,6051
증산역,2018년 6월,127163,136065,27044,1814,4958
증산역,2018년 7월,127237,135373,25876,2032,5283
증산역,2018년 8월,123530,131141,25367,2340,4977
증산역,2018년 9월,125039,133029,25964,2132,5193
증산역,2018년 10월,140610,150813,29916,2238,5397
증산역,2018년 11월,141373,150905,29010,2151,5825
증산역,2018년 12월,137826,144997,27639,2199,5822
증산역,2019년 1월,136680,143252,28287,2407,5636
증산역,2019년 2월,121906,126848,24846,2314,5411
증산역,2019년 3월,146154,155387,31534,2081,5520
증산역,2019년 4월,145597,155703,31546,1860,5034
증산역,2019년 5월,157634,168059,34332,2230,5740
증산역,2019년 6월,143361,152230,31342,2012,4814
증산역,2019년 7월,146190,154824,31219,2261,5488
증산역,2019년 8월,139396,146747,29816,2641,5442
증산역,2019년 9월,133374,142701,28625,1877,4555
증산역,2019년 10월,151181,162244,33663,2404,5406
증산역,2019년 11월,150151,161168,32409,2331,5657
증산역,2019년 12월,153150,162728,32076,2579,6030
증산역,2020년 1월,137382,145309,28666,2557,5260
증산역,2020년 2월,109717,116390,23008,1604,3963
증산역,2020년 3월,81014,85744,17705,657,2089
증산역,2020년 4월,95615,100512,21908,918,2618
증산역,2020년 5월,114058,120025,26984,1352,3253
증산역,2020년 6월,116904,124593,27055,1168,3638
증산역,2020년 7월,123715,131488,28326,1359,3559
증산역,2020년 8월,106346,113892,23923,1441,3734
증산역,2020년 9월,104089,110399,23708,1215,3157
증산역,2020년 10월,113547,119853,25900,1485,3685
증산역,2020년 11월,116937,123615,26511,1308,3761
증산역,2020년 12월,93124,100673,20639,924,3124
증산역,2021년 1월,94969,101504,20946,1166,3673
증산역,2021년 2월,96753,101811,21681,1263,4199
증산역,2021년 3월,122174,130391,29495,1295,4829
증산역,2021년 4월,116574,126468,28546,1204,4011
증산역,2021년 5월,118567,127760,28922,1478,4962
증산역,2021년 6월,118326,127539,28584,1226,4005
증산역,2021년 7월,111095,120221,26242,1268,4368
증산역,2021년 8월,100466,109989,23603,1138,3960
증산역,2021년 9월,106373,115413,26183,1191,4467
증산역,2021년 10월,119497,128992,30247,1423,4803
증산역,2021년 11월,124290,133013,30167,1287,4562
증산역,2021년 12월,117459,125871,27097,1155,5146
증산역,2022년 1월,112475,119056,27021,1297,5183
증산역,2022년 2월,96081,101314,23055,1195,4620
증산역,2022년 3월,107019,115521,26326,1050,4890
증산역,2022년 4월,122854,131484,30772,1420,4939
증산역,2022년 5월,136576,146633,34371,2062,6436
증산역,2022년 6월,126924,136689,32723,1744,4388
증산역,2022년 7월,125598,135027,31575,1760,5353
증산역,2022년 8월,118160,126682,29849,1819,5002
증산역,2022년 9월,121876,131048,31023,1531,4490
증산역,2022년 10월,134637,145024,35807,1955,5366
증산역,2022년 11월,132493,142419,33690,1437,5143
증산역,2022년 12월,131445,140935,32223,1551,6051
증산역,2023년 1월,119254,126114,29389,1591,5585
증산역,2023년 2월,120978,128473,31653,1625,5842
증산역,2023년 3월,138054,148028,36954,1416,6341
증산역,2023년 4월,129702,138243,35104,1396,5583
증산역,2023년 5월,131477,141025,35371,1411,6177
증산역,2023년 6월,127122,137201,35075,1430,5084
증산역,2023년 7월,120627,129110,32596,1268,5798
증산역,2023년 8월,117148,125437,30894,1554,5294
증산역,2023년 9월,122800,132130,32626,1368,4910
증산역,2023년 10월,136856,145838,37612,1605,6556
증산역,2023년 11월,132326,142155,34839,1097,6262
증산역,2023년 12월,131212,138928,33745,1468,7227
증산역,2024년 1월,126530,133754,33763,1586,6316
증산역,2024년 2월,116509,123386,30153,1604,6644
증산역,2024년 3월,135632,145486,37170,1616,6960
증산역,2024년 4월,132767,142248,37349,1392,5498
증산역,2024년 5월,138537,148592,39161,1680,7360
증산역,2024년 6월,126212,134853,36052,1640,5424
증산역,2024년 7월,127178,135701,35434,1472,6460
증산역,2024년 8월,117584,126571,32294,1675,5993
증산역,2024년 9월,118203,127317,33141,1553,5201
증산역,2024년 10월,132089,142361,38463,1622,6130
증산역,2024년 11월,133722,143633,39005,1645,6274
증산역,2024년 12월,134991,143627,37437,1778,7715
부산대양산캠퍼스역,2014년 1월,49617,52789,12287,1035,1500
부산대양산캠퍼스역,2014년 2월,50975,53902,12987,959,1412
부산대양산캠퍼스역,2014년 3월,62035,65616,17152,707,1226
부산대양산캠퍼스역,2014년 4월,64546,67616,18481,711,1192
부산대양산캠퍼스역,2014년 5월,67116,70187,18449,841,1437
부산대양산캠퍼스역,2014년 6월,64413,67110,17581,746,1282
부산대양산캠퍼스역,2014년 7월,67721,69962,18414,911,1524
부산대양산캠퍼스역,2014년 8월,63516,65556,17130,1132,1675
부산대양산캠퍼스역,2014년 9월,65902,68017,17761,801,1461
부산대양산캠퍼스역,2014년 10월,70271,72383,19028,815,1412
부산대양산캠퍼스역,2014년 11월,69615,71922,17974,881,1619
부산대양산캠퍼스역,2014년 12월,75925,77765,17966,1241,2257
부산대양산캠퍼스역,2015년 1월,74949,77007,17218,1589,2781
부산대양산캠퍼스역,2015년 2월,65493,66757,15084,1341,2613
부산대양산캠퍼스역,2015년 3월,85528,87248,21262,1107,2553
부산대양산캠퍼스역,2015년 4월,83958,86083,21147,1039,2366
부산대양산캠퍼스역,2015년 5월,82277,83638,20511,1345,2508
부산대양산캠퍼스역,2015년 6월,73911,75431,18462,860,2152
부산대양산캠퍼스역,2015년 7월,80220,82401,19985,1308,2502
부산대양산캠퍼스역,2015년 8월,77243,79050,18944,1494,2611
부산대양산캠퍼스역,2015년 9월,79248,79830,19026,1013,2316
부산대양산캠퍼스역,2015년 10월,73903,74486,17855,1240,2209
부산대양산캠퍼스역,2015년 11월,69197,70037,16621,992,2061
부산대양산캠퍼스역,2015년 12월,71174,71836,16617,1320,2302
부산대양산캠퍼스역,2016년 1월,64206,65379,14548,1320,2187
부산대양산캠퍼스역,2016년 2월,60631,61403,14283,1131,2280
부산대양산캠퍼스역,2016년 3월,74285,74786,19559,845,1935
부산대양산캠퍼스역,2016년 4월,69795,69944,18246,836,1780
부산대양산캠퍼스역,2016년 5월,70760,71387,17898,957,1855
부산대양산캠퍼스역,2016년 6월,68102,68867,17558,819,1563
부산대양산캠퍼스역,2016년 7월,68154,68750,17130,989,1762
부산대양산캠퍼스역,2016년 8월,67909,67623,17157,1351,1785
부산대양산캠퍼스역,2016년 9월,65700,64763,16420,843,1578
부산대양산캠퍼스역,2016년 10월,72917,71701,18249,1068,1835
부산대양산캠퍼스역,2016년 11월,72380,71424,18035,1010,1752
부산대양산캠퍼스역,2016년 12월,71827,70239,17236,1176,2094
부산대양산캠퍼스역,2017년 1월,63790,63939,14920,1283,1977
부산대양산캠퍼스역,2017년 2월,65863,65061,16593,1173,1998
부산대양산캠퍼스역,2017년 3월,75114,74488,20216,934,1731
부산대양산캠퍼스역,2017년 4월,71721,71477,19312,909,1391
부산대양산캠퍼스역,2017년 5월,71096,70272,18422,1015,1516
부산대양산캠퍼스역,2017년 6월,70589,69781,18645,1018,1323
부산대양산캠퍼스역,2017년 7월,68268,66742,17445,1095,1474
부산대양산캠퍼스역,2017년 8월,67598,65849,17496,1351,1579
부산대양산캠퍼스역,2017년 9월,71504,69499,18457,1010,1263
부산대양산캠퍼스역,2017년 10월,64605,61856,16582,1021,1337
부산대양산캠퍼스역,2017년 11월,73757,70377,18805,932,1474
부산대양산캠퍼스역,2017년 12월,73319,69629,18178,1009,1723
부산대양산캠퍼스역,2018년 1월,72150,67969,17805,1194,1766
부산대양산캠퍼스역,2018년 2월,62763,59237,15232,1038,1711
부산대양산캠퍼스역,2018년 3월,77355,72956,20911,901,1459
부산대양산캠퍼스역,2018년 4월,76508,72075,21040,995,1320
부산대양산캠퍼스역,2018년 5월,76962,72686,20140,1099,1521
부산대양산캠퍼스역,2018년 6월,71846,66988,18642,903,1245
부산대양산캠퍼스역,2018년 7월,73548,68055,19180,1038,1389
부산대양산캠퍼스역,2018년 8월,71719,65945,18659,1277,1455
부산대양산캠퍼스역,2018년 9월,67150,61449,16940,922,1279
부산대양산캠퍼스역,2018년 10월,78663,72709,20434,994,1372
부산대양산캠퍼스역,2018년 11월,77918,71975,20173,921,1353
부산대양산캠퍼스역,2018년 12월,73350,67630,18533,953,1495
부산대양산캠퍼스역,2019년 1월,73816,69002,19681,1201,1500
부산대양산캠퍼스역,2019년 2월,63285,58504,16664,977,1344
부산대양산캠퍼스역,2019년 3월,77897,71614,22740,978,1506
부산대양산캠퍼스역,2019년 4월,77400,71545,21681,912,1298
부산대양산캠퍼스역,2019년 5월,79994,73701,22011,927,1457
부산대양산캠퍼스역,2019년 6월,72141,66583,19528,966,1416
부산대양산캠퍼스역,2019년 7월,74899,68923,20352,1032,1422
부산대양산캠퍼스역,2019년 8월,70508,64237,18821,1204,1378
부산대양산캠퍼스역,2019년 9월,69469,63374,18432,840,1238
부산대양산캠퍼스역,2019년 10월,76317,70476,20753,982,1319
부산대양산캠퍼스역,2019년 11월,73212,67085,19716,863,1358
부산대양산캠퍼스역,2019년 12월,72966,66302,19565,977,1492
부산대양산캠퍼스역,2020년 1월,65777,59940,17310,1166,1474
부산대양산캠퍼스역,2020년 2월,52918,48087,13877,569,1078
부산대양산캠퍼스역,2020년 3월,43228,40236,12342,304,520
부산대양산캠퍼스역,2020년 4월,48470,44871,14175,423,673
부산대양산캠퍼스역,2020년 5월,54355,50087,15775,589,884
부산대양산캠퍼스역,2020년 6월,58359,54087,17278,633,1084
부산대양산캠퍼스역,2020년 7월,60744,56267,17162,573,1162
부산대양산캠퍼스역,2020년 8월,51751,47465,14586,588,974
부산대양산캠퍼스역,2020년 9월,51951,47866,14543,427,899
부산대양산캠퍼스역,2020년 10월,54034,50663,15802,496,1008
부산대양산캠퍼스역,2020년 11월,56843,52690,16051,443,981
부산대양산캠퍼스역,2020년 12월,47938,44728,13505,410,846
부산대양산캠퍼스역,2021년 1월,46089,43148,12812,442,783
부산대양산캠퍼스역,2021년 2월,44755,41482,12486,488,818
부산대양산캠퍼스역,2021년 3월,61295,57272,19214,487,1260
부산대양산캠퍼스역,2021년 4월,58689,55150,18061,462,1078
부산대양산캠퍼스역,2021년 5월,56212,52661,16553,458,1112
부산대양산캠퍼스역,2021년 6월,58016,53960,17048,437,913
부산대양산캠퍼스역,2021년 7월,54500,51154,15882,452,871
부산대양산캠퍼스역,2021년 8월,48885,46340,14489,441,775
부산대양산캠퍼스역,2021년 9월,50404,46897,15032,356,835
부산대양산캠퍼스역,2021년 10월,54932,51160,16653,385,941
부산대양산캠퍼스역,2021년 11월,57449,53361,17025,458,868
부산대양산캠퍼스역,2021년 12월,53781,49952,15396,346,858
부산대양산캠퍼스역,2022년 1월,49644,45825,14230,451,903
부산대양산캠퍼스역,2022년 2월,42499,39650,12732,307,696
부산대양산캠퍼스역,2022년 3월,52880,49167,16533,425,1046
부산대양산캠퍼스역,2022년 4월,57742,52928,18129,474,1144
부산대양산캠퍼스역,2022년 5월,62009,56811,18859,638,1365
부산대양산캠퍼스역,2022년 6월,57311,51872,17413,532,885
부산대양산캠퍼스역,2022년 7월,56233,50814,17042,576,845
부산대양산캠퍼스역,2022년 8월,54731,49567,16840,670,942
부산대양산캠퍼스역,2022년 9월,54690,49174,16365,607,871
부산대양산캠퍼스역,2022년 10월,57642,51885,17378,589,901
부산대양산캠퍼스역,2022년 11월,59356,54287,17470,508,808
부산대양산캠퍼스역,2022년 12월,57007,50787,16403,513,838
부산대양산캠퍼스역,2023년 1월,52129,47218,14817,607,881
부산대양산캠퍼스역,2023년 2월,52679,48380,16079,616,1029
부산대양산캠퍼스역,2023년 3월,63261,57563,19700,506,1177
부산대양산캠퍼스역,2023년 4월,58456,52783,17975,476,1060
부산대양산캠퍼스역,2023년 5월,59443,54023,18047,512,1073
부산대양산캠퍼스역,2023년 6월,56495,52910,17833,522,898
부산대양산캠퍼스역,2023년 7월,50333,46831,15592,464,978
부산대양산캠퍼스역,2023년 8월,52765,48251,15857,554,908
부산대양산캠퍼스역,2023년 9월,55233,49537,16495,435,915
부산대양산캠퍼스역,2023년 10월,58382,52967,18055,423,958
부산대양산캠퍼스역,2023년 11월,59592,53932,18074,370,1049
부산대양산캠퍼스역,2023년 12월,55996,50259,17102,380,1130
부산대양산캠퍼스역,2024년 1월,55942,50600,17358,551,1194
부산대양산캠퍼스역,2024년 2월,50120,45090,15321,544,1221
부산대양산캠퍼스역,2024년 3월,58235,52459,18353,421,1429
부산대양산캠퍼스역,2024년 4월,57753,52124,18242,390,1343
부산대양산캠퍼스역,2024년 5월,58840,53086,18026,510,1486
부산대양산캠퍼스역,2024년 6월,53998,49011,16687,421,1249
부산대양산캠퍼스역,2024년 7월,55896,50311,17465,483,1223
부산대양산캠퍼스역,2024년 8월,51352,46049,15430,627,1163
부산대양산캠퍼스역,2024년 9월,50744,45708,15391,455,1081
부산대양산캠퍼스역,2024년 10월,55648,49770,17304,488,1065
부산대양산캠퍼스역,2024년 11월,55799,49898,16979,472,1098
부산대양산캠퍼스역,2024년 12월,55098,49245,16855,540,1240
남양산역,2014년 1월,94484,91999,16445,2536,5041
남양산역,2014년 2월,91810,89119,17416,2020,4879
남양산역,2014년 3월,109497,106974,20471,2154,5453
남양산역,2014년 4월,109804,107564,21498,1766,4465
남양산역,2014년 5월,113133,110690,20906,2642,5423
남양산역,2014년 6월,102714,100038,19306,2065,4387
남양산역,2014년 7월,104676,102312,19775,2240,4736
남양산역,2014년 8월,99696,97469,19948,2408,4550
남양산역,2014년 9월,104444,103363,20539,1868,4343
남양산역,2014년 10월,112638,111840,21883,2018,4720
남양산역,2014년 11월,106947,106372,20701,1992,4613
남양산역,2014년 12월,109048,107177,19916,2104,5130
남양산역,2015년 1월,102494,99855,19760,2228,4704
남양산역,2015년 2월,87582,85826,17081,1794,4460
남양산역,2015년 3월,120742,114310,27411,2666,4905
남양산역,2015년 4월,108226,106709,23020,1559,4019
남양산역,2015년 5월,112377,111333,24042,2256,4883
남양산역,2015년 6월,95492,94305,19967,1229,3618
남양산역,2015년 7월,100334,99117,21695,1669,4245
남양산역,2015년 8월,95064,94240,20433,2030,4013
남양산역,2015년 9월,98034,96573,20400,1563,3780
남양산역,2015년 10월,109116,108085,23458,1986,4371
남양산역,2015년 11월,100576,100584,21333,1442,4082
남양산역,2015년 12월,105355,104329,21827,1775,4864
남양산역,2016년 1월,93546,92533,19464,1956,4592
남양산역,2016년 2월,88638,87626,18203,1900,4625
남양산역,2016년 3월,107868,107046,23834,1461,4361
남양산역,2016년 4월,102854,101409,22396,1497,4041
남양산역,2016년 5월,105552,104245,22610,1921,4425
남양산역,2016년 6월,100489,99880,22320,1525,3427
남양산역,2016년 7월,97643,96300,22255,1991,4040
남양산역,2016년 8월,92362,90116,20838,2037,3793
남양산역,2016년 9월,89586,87866,20081,1437,3492
남양산역,2016년 10월,99507,97587,22854,1762,4275
남양산역,2016년 11월,97846,95626,22130,1719,4157
남양산역,2016년 12월,101332,97752,22000,1877,4645
남양산역,2017년 1월,91782,89707,19769,1811,3867
남양산역,2017년 2월,94485,92023,20815,2009,4317
남양산역,2017년 3월,108537,106907,24955,1545,4672
남양산역,2017년 4월,104245,102323,23982,1424,4312
남양산역,2017년 5월,127682,105592,34964,5504,6007
남양산역,2017년 6월,106028,103365,25174,1659,3915
남양산역,2017년 7월,102449,99165,24688,2069,4212
남양산역,2017년 8월,102416,99113,25090,2444,4246
남양산역,2017년 9월,111074,106730,26323,2006,4355
남양산역,2017년 10월,106882,102335,25454,2403,4561
남양산역,2017년 11월,114075,108911,26723,1923,4438
남양산역,2017년 12월,112239,107891,25817,1926,4985
남양산역,2018년 1월,104242,100881,23440,2152,4474
남양산역,2018년 2월,92934,89857,20907,1994,4491
남양산역,2018년 3월,114362,110854,26576,1614,5226
남양산역,2018년 4월,111753,108792,26576,1546,4714
남양산역,2018년 5월,114603,110649,27364,1816,5038
남양산역,2018년 6월,106423,102645,25838,1547,3686
남양산역,2018년 7월,103165,99755,25136,1540,3995
남양산역,2018년 8월,98746,96027,24192,1704,3915
남양산역,2018년 9월,99759,97287,24412,1516,3868
남양산역,2018년 10월,123498,110694,33812,3474,4576
남양산역,2018년 11월,113682,108635,28269,1695,4045
남양산역,2018년 12월,108319,103142,26491,1919,4394
남양산역,2019년 1월,108157,103241,27495,1900,4449
남양산역,2019년 2월,94842,91779,23955,1928,4160
남양산역,2019년 3월,116737,113818,30291,1745,4598
남양산역,2019년 4월,114594,110999,29844,1579,4090
남양산역,2019년 5월,119691,115614,31320,1714,4702
남양산역,2019년 6월,108961,104649,28970,1747,3667
남양산역,2019년 7월,109858,105644,29039,1892,4595
남양산역,2019년 8월,103528,99990,27304,2222,4340
남양산역,2019년 9월,102881,98523,26626,1591,3398
남양산역,2019년 10월,115962,111066,31022,1879,3873
남양산역,2019년 11월,116149,111067,30238,1905,3917
남양산역,2019년 12월,115006,109772,29652,1961,4579
남양산역,2020년 1월,101424,97270,25841,1935,3851
남양산역,2020년 2월,82932,80540,20846,1126,2965
남양산역,2020년 3월,64690,63441,16721,678,1351
남양산역,2020년 4월,75302,72692,20368,869,1840
남양산역,2020년 5월,88351,85354,24273,1226,2517
남양산역,2020년 6월,90326,87263,24099,920,2758
남양산역,2020년 7월,95532,92712,26327,1146,2777
남양산역,2020년 8월,82494,80016,22470,1073,3085
남양산역,2020년 9월,81192,78067,21734,958,2582
남양산역,2020년 10월,89440,86259,24151,1122,3073
남양산역,2020년 11월,93655,90552,25635,1051,2981
남양산역,2020년 12월,74176,72114,19841,751,2199
남양산역,2021년 1월,73867,72140,19738,773,2502
남양산역,2021년 2월,73567,71609,19622,1057,2787
남양산역,2021년 3월,94136,90689,26015,1055,3371
남양산역,2021년 4월,90398,88625,25083,922,2846
남양산역,2021년 5월,91664,89605,24705,1085,3619
남양산역,2021년 6월,92453,89357,24626,1104,3151
남양산역,2021년 7월,84468,82317,22903,872,3200
남양산역,2021년 8월,77536,75539,21342,904,3003
남양산역,2021년 9월,82118,80364,23321,824,3338
남양산역,2021년 10월,94057,91714,26868,1081,3637
남양산역,2021년 11월,97039,94954,26684,941,3379
남양산역,2021년 12월,91365,89384,23956,910,3888
남양산역,2022년 1월,86770,84889,23806,1046,3763
남양산역,2022년 2월,74123,72567,20661,777,3335
남양산역,2022년 3월,85923,84586,23820,594,3477
남양산역,2022년 4월,96927,94712,26939,936,3772
남양산역,2022년 5월,105586,104125,29120,1377,5038
남양산역,2022년 6월,96192,93768,27224,1073,3609
남양산역,2022년 7월,95022,92946,26778,1282,4495
남양산역,2022년 8월,90035,88092,25893,1552,4019
남양산역,2022년 9월,94110,91393,26725,1092,3485
남양산역,2022년 10월,103739,100972,29996,1472,4264
남양산역,2022년 11월,102593,99750,28685,1160,3778
남양산역,2022년 12월,99498,96249,26650,1055,4773
남양산역,2023년 1월,89942,87256,24455,1344,4514
남양산역,2023년 2월,92299,90071,26313,1266,4624
남양산역,2023년 3월,109705,107151,31787,1033,5236
남양산역,2023년 4월,101868,99131,29537,1033,4496
남양산역,2023년 5월,102051,99518,29182,995,4829
남양산역,2023년 6월,96320,94454,28803,958,3680
남양산역,2023년 7월,91003,88628,26900,1038,4533
남양산역,2023년 8월,89026,86353,25730,1225,3969
남양산역,2023년 9월,94544,91346,27392,898,3791
남양산역,2023년 10월,104601,101234,31302,1014,4785
남양산역,2023년 11월,102121,98489,29800,745,4441
남양산역,2023년 12월,98680,94535,28100,929,4942
남양산역,2024년 1월,94125,91448,27960,1069,4548
남양산역,2024년 2월,88234,85733,25424,1233,4920
남양산역,2024년 3월,103600,102074,31057,1108,5502
남양산역,2024년 4월,100528,98451,30593,951,4015
남양산역,2024년 5월,105776,102984,31638,1233,5577
남양산역,2024년 6월,95434,92317,29018,1174,3889
남양산역,2024년 7월,94723,92338,28198,1026,4942
남양산역,2024년 8월,88991,86656,26168,1283,4717
남양산역,2024년 9월,90259,87761,26371,1092,4373
남양산역,2024년 10월,100120,97435,30495,1211,4653
남양산역,2024년 11월,102043,98716,29739,1235,4633
남양산역,2024년 12월,102627,98787,29398,1303,5845
양산역,2014년 1월,195087,193962,42886,4221,12098
양산역,2014년 2월,182129,181997,39870,3359,12397
양산역,2014년 3월,221036,220292,49282,3153,13993
양산역,2014년 4월,218618,217813,49869,2859,11792
양산역,2014년 5월,229864,228669,52119,4281,13367
양산역,2014년 6월,210148,208706,50139,3396,10629
양산역,2014년 7월,215051,214644,56956,3750,10950
양산역,2014년 8월,205961,205028,54120,4102,11107
양산역,2014년 9월,216055,215623,51803,3175,10513
양산역,2014년 10월,235170,235022,57905,3780,12901
양산역,2014년 11월,224644,223888,55518,3501,11773
양산역,2014년 12월,217303,217048,47441,3548,11829
양산역,2015년 1월,208645,208397,49022,3994,11267
양산역,2015년 2월,183011,183309,40564,3338,11609
양산역,2015년 3월,233031,233715,54206,2936,12440
양산역,2015년 4월,223616,221480,52817,3358,10970
양산역,2015년 5월,229135,230038,55318,4262,12278
양산역,2015년 6월,192932,192991,46134,2123,8204
양산역,2015년 7월,207011,206925,55514,3376,9723
양산역,2015년 8월,213812,213914,61510,4225,11055
양산역,2015년 9월,208256,209371,51162,3086,9558
양산역,2015년 10월,238824,240028,63958,4076,12272
양산역,2015년 11월,216104,217015,52530,3016,10869
양산역,2015년 12월,214677,215206,49502,3797,11932
양산역,2016년 1월,193876,194490,46498,3942,10472
양산역,2016년 2월,185302,186320,43846,3893,11244
양산역,2016년 3월,221427,222086,54394,2747,10409
양산역,2016년 4월,217419,219192,54944,2994,9215
양산역,2016년 5월,223418,224602,56418,3885,11073
양산역,2016년 6월,208552,209726,54864,2995,8166
양산역,2016년 7월,214535,213968,62729,3766,9770
양산역,2016년 8월,227538,227547,78275,3970,9634
양산역,2016년 9월,201315,202262,54549,3022,8560
양산역,2016년 10월,229994,229394,66250,3928,12118
양산역,2016년 11월,222296,222663,63603,3462,10481
양산역,2016년 12월,213062,210550,53634,3819,12088
양산역,2017년 1월,192128,191396,49289,4072,10503
양산역,2017년 2월,189615,188300,51338,3638,11167
양산역,2017년 3월,221657,221356,61383,2874,11211
양산역,2017년 4월,216213,215129,59469,3149,10778
양산역,2017년 5월,220368,221176,61563,3980,11219
양산역,2017년 6월,209550,208333,61926,2876,8273
양산역,2017년 7월,213567,212790,70962,3535,9079
양산역,2017년 8월,215878,215309,73578,3912,9552
양산역,2017년 9월,214108,213316,63120,3238,9580
양산역,2017년 10월,215672,216310,64642,3869,10552
양산역,2017년 11월,216326,214718,63478,3179,9562
양산역,2017년 12월,202895,202598,52989,3637,10848
양산역,2018년 1월,188985,188386,50932,3498,9361
양산역,2018년 2월,172597,173398,45605,3389,9811
양산역,2018년 3월,214233,215945,58574,3013,11023
양산역,2018년 4월,210270,210539,59544,2893,10077
양산역,2018년 5월,216741,218301,61947,3384,11140
양산역,2018년 6월,202271,202973,60600,2722,8182
양산역,2018년 7월,218157,218548,78377,3033,9028
양산역,2018년 8월,214801,216346,77626,3376,8973
양산역,2018년 9월,199103,200697,60116,2880,8305
양산역,2018년 10월,240540,240306,82137,4059,9948
양산역,2018년 11월,223954,224134,70982,3044,9044
양산역,2018년 12월,202198,201658,56561,3309,9605
양산역,2019년 1월,196179,195946,59571,3407,8598
양산역,2019년 2월,176569,177486,51613,3339,8813
양산역,2019년 3월,219415,218997,66368,2769,10186
양산역,2019년 4월,216942,215286,67615,2353,8907
양산역,2019년 5월,227372,224980,68848,3125,10632
양산역,2019년 6월,204852,203152,64121,2556,7866
양산역,2019년 7월,208937,207074,69295,2687,9116
양산역,2019년 8월,211041,210293,73780,3188,8998
양산역,2019년 9월,195273,194335,60771,2118,7580
양산역,2019년 10월,232311,231450,79092,2918,9761
양산역,2019년 11월,222740,221950,71777,2642,9487
양산역,2019년 12월,209084,207220,61350,2767,10265
양산역,2020년 1월,184830,184810,55087,2750,7966
양산역,2020년 2월,147120,146207,44378,1691,5885
양산역,2020년 3월,111572,111145,33938,711,2199
양산역,2020년 4월,129536,130254,42344,1058,3075
양산역,2020년 5월,156902,157979,51950,1537,4680
양산역,2020년 6월,164020,163238,52286,1509,6039
양산역,2020년 7월,168470,167860,53238,1585,6051
양산역,2020년 8월,156162,156153,54850,1503,6071
양산역,2020년 9월,141346,142090,45956,1213,4976
양산역,2020년 10월,157550,157854,50043,1616,6500
양산역,2020년 11월,161072,159650,48934,1516,6696
양산역,2020년 12월,126206,126711,38364,1002,4393
양산역,2021년 1월,123763,126598,37848,794,4298
양산역,2021년 2월,124839,128521,37915,884,5381
양산역,2021년 3월,162419,166074,49670,964,7797
양산역,2021년 4월,155478,160067,48455,821,6587
양산역,2021년 5월,155731,161385,46708,1074,7311
양산역,2021년 6월,181890,159208,62082,3866,7992
양산역,2021년 7월,154186,154774,51833,1299,6417
양산역,2021년 8월,147031,148395,53839,1174,5648
양산역,2021년 9월,151096,150398,49971,1367,6990
양산역,2021년 10월,170990,170602,58495,1532,7965
양산역,2021년 11월,172278,171370,55533,1416,7176
양산역,2021년 12월,161934,159644,49117,1242,8555
양산역,2022년 1월,153239,152854,50164,1316,6731
양산역,2022년 2월,131022,131122,42650,1081,5755
양산역,2022년 3월,149647,148288,47547,1169,7324
양산역,2022년 4월,169358,167766,53534,1585,8325
양산역,2022년 5월,189388,186921,59557,2077,10788
양산역,2022년 6월,173208,170909,56319,1593,7564
양산역,2022년 7월,178483,176588,62348,1618,8864
양산역,2022년 8월,170042,168257,60488,1914,8049
양산역,2022년 9월,171303,170419,56254,1687,7677
양산역,2022년 10월,190498,188954,65127,2167,9112
양산역,2022년 11월,180353,177897,57913,1466,8456
양산역,2022년 12월,174742,172454,53494,1527,9902
양산역,2023년 1월,157501,157394,49712,1709,7133
양산역,2023년 2월,159579,158753,53521,1673,7952
양산역,2023년 3월,189750,186396,65334,1492,9670
양산역,2023년 4월,177637,174108,60608,1435,8332
양산역,2023년 5월,182304,178510,61600,1509,9657
양산역,2023년 6월,175141,171715,62165,1384,7623
양산역,2023년 7월,171661,169587,64988,1335,8270
양산역,2023년 8월,176926,174844,69587,1440,7899
양산역,2023년 9월,174540,172222,60908,1218,7730
양산역,2023년 10월,200003,197814,75670,1519,9084
양산역,2023년 11월,187709,184736,67436,1001,8953
양산역,2023년 12월,173896,172543,57647,1103,9281
양산역,2024년 1월,165357,163978,58009,1295,7725
양산역,2024년 2월,151400,150858,50746,1488,7863
양산역,2024년 3월,180169,178386,62536,1515,9466
양산역,2024년 4월,177007,174788,62398,1267,8059
양산역,2024년 5월,182259,181023,63668,1466,9773
양산역,2024년 6월,169018,166842,60620,1310,7531
양산역,2024년 7월,176719,175006,67198,1265,8978
양산역,2024년 8월,181428,178937,74880,1618,9017
양산역,2024년 9월,169649,167278,62602,1421,7444
양산역,2024년 10월,182946,180610,67313,1592,8415
양산역,2024년 11월,179606,176006,63513,1326,8684
양산역,2024년 12월,178251,175272,60869,1565,10112
망미역,2014년 1월,139972,130988,57219,2639,5249
망미역,2014년 2월,134450,125295,52845,2427,6561
망미역,2014년 3월,159701,147555,63679,2555,7328
망미역,2014년 4월,160863,147289,64312,2517,6715
망미역,2014년 5월,167835,153136,66270,3140,7721
망미역,2014년 6월,156786,142874,64155,2825,5899
망미역,2014년 7월,158868,145927,64880,3061,6086
망미역,2014년 8월,146500,134752,59533,2917,5308
망미역,2014년 9월,152376,137652,60350,2641,5462
망미역,2014년 10월,166284,150117,66616,2912,6102
망미역,2014년 11월,157512,144798,63198,2889,6584
망미역,2014년 12월,159722,146636,63315,3173,6541
망미역,2015년 1월,149474,140123,61733,2923,5523
망미역,2015년 2월,132096,123849,52626,2506,5991
망미역,2015년 3월,164287,150449,65463,2838,7074
망미역,2015년 4월,160425,146711,64895,2746,6403
망미역,2015년 5월,162441,147960,65863,3283,7217
망미역,2015년 6월,140957,129051,57059,2266,5080
망미역,2015년 7월,151427,139326,63044,2873,5470
망미역,2015년 8월,142482,132168,58524,2906,5072
망미역,2015년 9월,150912,137563,60952,2641,5288
망미역,2015년 10월,162069,148424,66921,2900,5532
망미역,2015년 11월,156366,142390,63357,2519,5637
망미역,2015년 12월,159930,147775,65730,2769,5682
망미역,2016년 1월,145928,136780,61140,2602,4681
망미역,2016년 2월,139209,129995,56902,2537,5346
망미역,2016년 3월,166673,152448,67723,2581,6432
망미역,2016년 4월,159939,146405,65961,2586,5710
망미역,2016년 5월,163642,149944,67206,3035,6544
망미역,2016년 6월,156539,145327,66384,2550,5490
망미역,2016년 7월,153610,142471,64075,2634,5412
망미역,2016년 8월,145148,136469,61918,2691,4778
망미역,2016년 9월,147722,135562,60246,2463,5214
망미역,2016년 10월,159291,146524,67625,2656,5389
망미역,2016년 11월,162115,150324,67059,2557,5787
망미역,2016년 12월,161020,149960,66857,2767,5681
망미역,2017년 1월,141477,133742,59513,2626,4531
망미역,2017년 2월,140197,132554,60034,2292,5259
망미역,2017년 3월,163637,152533,70139,2179,6094
망미역,2017년 4월,158171,144344,67270,2209,5473
망미역,2017년 5월,162611,150506,69721,2682,6099
망미역,2017년 6월,157139,144551,69031,2203,4929
망미역,2017년 7월,148269,137866,64012,2343,4930
망미역,2017년 8월,143980,134088,62596,2326,4160
망미역,2017년 9월,159354,143871,67574,2494,5116
망미역,2017년 10월,147419,135573,62378,2557,4594
망미역,2017년 11월,159728,145774,68438,2492,5021
망미역,2017년 12월,155461,140955,66212,2554,4956
망미역,2018년 1월,144277,134243,62539,2382,3782
망미역,2018년 2월,132067,123182,56399,2194,4374
망미역,2018년 3월,160687,148356,69420,2376,5471
망미역,2018년 4월,157085,145390,69051,2255,4438
망미역,2018년 5월,161183,149968,70290,2568,5127
망미역,2018년 6월,152220,141332,67341,2273,4044
망미역,2018년 7월,148440,139653,64838,2460,4356
망미역,2018년 8월,141109,133254,62622,2330,3529
망미역,2018년 9월,142008,131610,62420,2218,3654
망미역,2018년 10월,159435,149546,71678,2439,3891
망미역,2018년 11월,156177,146760,69449,2267,3911
망미역,2018년 12월,152584,142379,67642,2427,4029
망미역,2019년 1월,147318,140740,68098,2089,3050
망미역,2019년 2월,131707,125957,59565,1994,3665
망미역,2019년 3월,159485,151417,73267,2267,4721
망미역,2019년 4월,157563,149507,72215,2206,4044
망미역,2019년 5월,162556,153420,73733,2557,4581
망미역,2019년 6월,150271,142000,69662,2091,3454
망미역,2019년 7월,154325,146172,70284,2202,4021
망미역,2019년 8월,146910,140306,67239,2351,3684
망미역,2019년 9월,145569,137222,64658,1889,3453
망미역,2019년 10월,165436,155476,74494,1999,3654
망미역,2019년 11월,165390,154586,73352,2125,4109
망미역,2019년 12월,164217,154288,74052,2342,3908
망미역,2020년 1월,147721,140888,66847,2105,2799
망미역,2020년 2월,117174,113250,52539,1279,2208
망미역,2020년 3월,84916,83137,36694,674,788
망미역,2020년 4월,100746,98057,45844,808,1310
망미역,2020년 5월,122117,117590,57231,1175,2085
망미역,2020년 6월,131702,124925,60881,1313,2937
망미역,2020년 7월,136477,130142,61824,1383,2912
망미역,2020년 8월,114925,111298,51154,1292,2319
망미역,2020년 9월,109915,107047,49528,1105,1857
망미역,2020년 10월,121348,116842,56440,1294,2176
망미역,2020년 11월,127657,123282,59245,1307,2302
망미역,2020년 12월,104230,102516,47797,991,1684
망미역,2021년 1월,99571,98606,45238,1011,1624
망미역,2021년 2월,103257,100684,47496,1191,1995
망미역,2021년 3월,129952,124784,60035,1451,2957
망미역,2021년 4월,124226,119746,56741,1350,2546
망미역,2021년 5월,125972,120262,58115,1468,2827
망미역,2021년 6월,128465,122505,58519,1445,2621
망미역,2021년 7월,121567,117476,55224,1296,2616
망미역,2021년 8월,109428,106572,51024,1010,2105
망미역,2021년 9월,117694,113614,56232,1192,2414
망미역,2021년 10월,130769,125518,63522,1230,2764
망미역,2021년 11월,135152,129024,64041,1238,2517
망미역,2021년 12월,127835,123891,58853,1144,2688
망미역,2022년 1월,121832,119221,58080,1093,2204
망미역,2022년 2월,105904,103524,49562,838,2412
망미역,2022년 3월,119257,114557,55928,1021,3060
망미역,2022년 4월,134593,127671,64020,1247,3144
망미역,2022년 5월,147620,140333,69845,1304,3904
망미역,2022년 6월,139558,132650,66609,1141,2809
망미역,2022년 7월,137012,130675,65402,1151,2728
망미역,2022년 8월,129040,124907,61935,1127,2464
망미역,2022년 9월,132322,125351,62459,1139,2577
망미역,2022년 10월,143881,136388,69330,1119,2719
망미역,2022년 11월,140778,134104,67418,1031,2521
망미역,2022년 12월,139817,133855,66947,999,2630
망미역,2023년 1월,125391,120362,60056,1141,2084
망미역,2023년 2월,127114,121782,64115,1059,2578
망미역,2023년 3월,147098,138814,72736,1101,3645
망미역,2023년 4월,139588,131277,69073,1192,3014
망미역,2023년 5월,142828,135878,70041,1224,3476
망미역,2023년 6월,138161,133230,68696,1098,2923
망미역,2023년 7월,132308,127612,65594,1085,3015
망미역,2023년 8월,131167,125686,63357,1182,2466
망미역,2023년 9월,134675,127995,65012,1014,2414
망미역,2023년 10월,145873,138647,73434,927,2582
망미역,2023년 11월,146780,138233,72768,800,2592
망미역,2023년 12월,143339,135745,71333,711,2790
망미역,2024년 1월,139922,134428,71372,866,2124
망미역,2024년 2월,129399,123894,64601,826,2723
망미역,2024년 3월,148971,141511,75366,816,3705
망미역,2024년 4월,149095,141097,75827,894,3358
망미역,2024년 5월,154422,145084,78427,980,3915
망미역,2024년 6월,141947,135014,72813,904,3009
망미역,2024년 7월,143697,136522,72849,816,3400
망미역,2024년 8월,132529,126857,67578,881,2886
망미역,2024년 9월,131099,124235,65941,946,2599
망미역,2024년 10월,146243,137934,76462,911,2847
망미역,2024년 11월,149934,140453,76362,887,3065
망미역,2024년 12월,147684,139813,77374,811,3307
배산역,2014년 1월,132967,136650,55130,2367,5486
배산역,2014년 2월,125765,129089,50085,2170,6520
배산역,2014년 3월,149362,153289,58887,2656,10936
배산역,2014년 4월,148420,153386,58746,2479,10573
배산역,2014년 5월,149849,153818,59719,2777,10640
배산역,2014년 6월,139710,143262,57852,2493,8945
배산역,2014년 7월,142598,146684,58991,2737,9056
배산역,2014년 8월,131902,134424,55960,2435,5673
배산역,2014년 9월,137841,141020,55575,2505,8641
배산역,2014년 10월,147449,151091,60685,2474,8688
배산역,2014년 11월,140949,145584,57767,2357,8935
배산역,2014년 12월,147082,151091,58704,2801,8987
배산역,2015년 1월,135002,139030,57693,2430,5064
배산역,2015년 2월,119965,123039,50293,2267,5548
배산역,2015년 3월,149256,153701,61963,2657,10224
배산역,2015년 4월,146584,150124,60994,2511,9173
배산역,2015년 5월,146510,149254,61573,2826,9315
배산역,2015년 6월,131977,135415,54459,2313,8500
배산역,2015년 7월,139167,143309,59537,2680,6974
배산역,2015년 8월,131534,134186,56509,2444,6155
배산역,2015년 9월,136736,139790,56802,2514,7570
배산역,2015년 10월,146014,150650,61574,2734,7507
배산역,2015년 11월,139397,143951,57950,2556,7856
배산역,2015년 12월,145295,149078,60955,2631,7445
배산역,2016년 1월,129075,134218,55936,2124,4022
배산역,2016년 2월,123497,127732,52358,2153,4847
배산역,2016년 3월,149207,153577,62414,2733,9601
배산역,2016년 4월,145134,149414,60618,2850,8295
배산역,2016년 5월,147551,152197,61948,2900,8859
배산역,2016년 6월,143814,147705,60838,2797,8843
배산역,2016년 7월,140666,144395,60043,2687,7365
배산역,2016년 8월,136285,139207,58625,2658,6594
배산역,2016년 9월,136616,137669,56142,2775,8347
배산역,2016년 10월,144656,147814,61963,2860,7990
배산역,2016년 11월,146362,149932,61517,2721,9102
배산역,2016년 12월,147895,151370,62467,2850,7363
배산역,2017년 1월,131202,134147,56882,2405,4030
배산역,2017년 2월,127494,132355,56757,2229,4639
배산역,2017년 3월,150407,155353,65635,2779,9458
배산역,2017년 4월,144869,148805,63424,2645,7722
배산역,2017년 5월,147158,151257,65211,2955,8126
배산역,2017년 6월,143650,147526,64152,2589,7450
배산역,2017년 7월,138146,141873,61931,2266,6145
배산역,2017년 8월,135069,138194,61871,2246,5057
배산역,2017년 9월,145953,147531,65143,2280,7391
배산역,2017년 10월,135409,137954,59597,2375,5827
배산역,2017년 11월,145448,149078,64238,2240,6681
배산역,2017년 12월,143163,145555,63046,2195,5759
배산역,2018년 1월,133204,137104,59781,1979,3377
배산역,2018년 2월,121795,124842,54225,1974,4093
배산역,2018년 3월,147680,151181,65558,2291,7063
배산역,2018년 4월,145200,148671,64425,2381,6470
배산역,2018년 5월,147282,150094,65892,2557,6392
배산역,2018년 6월,138962,141316,62679,2186,5645
배산역,2018년 7월,139473,141672,63029,2274,5419
배산역,2018년 8월,132026,134909,61205,2197,3951
배산역,2018년 9월,130279,131884,58835,2176,4997
배산역,2018년 10월,145008,149561,67544,2113,5458
배산역,2018년 11월,141991,147077,65999,2028,5704
배산역,2018년 12월,139104,142603,63707,1990,5021
배산역,2019년 1월,135899,140890,65987,1748,2700
배산역,2019년 2월,120934,123858,57479,1762,2667
배산역,2019년 3월,145161,148328,69521,2087,5403
배산역,2019년 4월,145424,149439,70288,2094,5688
배산역,2019년 5월,148530,151915,71895,2227,5680
배산역,2019년 6월,139731,142936,67727,2030,5058
배산역,2019년 7월,144163,147763,69009,2013,4654
배산역,2019년 8월,137751,140555,66440,2111,4178
배산역,2019년 9월,135489,137389,63499,1865,5156
배산역,2019년 10월,151141,153105,71906,1855,5172
배산역,2019년 11월,148778,151749,70089,1967,5247
배산역,2019년 12월,150371,153715,70580,2109,5455
배산역,2020년 1월,133402,136841,63198,1725,2579
배산역,2020년 2월,106855,110804,50039,1118,1886
배산역,2020년 3월,82970,86768,36410,652,736
배산역,2020년 4월,94535,98423,43740,832,1031
배산역,2020년 5월,110625,114471,53739,1184,2001
배산역,2020년 6월,121684,124883,56543,1662,5540
배산역,2020년 7월,126693,130478,58341,1717,5741
배산역,2020년 8월,107030,110149,50692,1272,3095
배산역,2020년 9월,105094,109995,49112,1237,3468
배산역,2020년 10월,113071,118072,53703,1328,3646
배산역,2020년 11월,119017,124443,56465,1485,4179
배산역,2020년 12월,101783,109084,47106,1036,2301
배산역,2021년 1월,95920,103266,44271,907,1430
배산역,2021년 2월,96412,103093,45555,903,1686
배산역,2021년 3월,121880,129229,57781,1196,4438
배산역,2021년 4월,117873,126036,54868,1165,4190
배산역,2021년 5월,117493,124845,55713,1269,3985
배산역,2021년 6월,120217,126933,55458,1272,4773
배산역,2021년 7월,115506,122134,53788,1076,3353
배산역,2021년 8월,104720,111983,49958,898,2538
배산역,2021년 9월,112120,119014,53298,988,4308
배산역,2021년 10월,123377,129845,59417,1108,4433
배산역,2021년 11월,125696,131586,60011,1157,4037
배산역,2021년 12월,122044,129082,56255,1137,3955
배산역,2022년 1월,112596,120674,53624,929,1969
배산역,2022년 2월,98418,105912,46342,813,2180
배산역,2022년 3월,111205,118350,52982,1028,4063
배산역,2022년 4월,125093,132013,59411,1234,5064
배산역,2022년 5월,133254,141191,63681,1364,5309
배산역,2022년 6월,126803,133075,61150,1145,4715
배산역,2022년 7월,125033,132044,62205,1084,3635
배산역,2022년 8월,120454,127220,60126,1143,3599
배산역,2022년 9월,122398,128026,59548,1026,4224
배산역,2022년 10월,130661,138207,65354,1052,4403
배산역,2022년 11월,128898,137317,63889,892,3836
배산역,2022년 12월,128005,135307,63378,984,3916
배산역,2023년 1월,114858,121706,57274,893,2080
배산역,2023년 2월,115869,123223,59482,821,2597
배산역,2023년 3월,135809,144176,68114,969,5681
배산역,2023년 4월,128502,136459,64967,854,4983
배산역,2023년 5월,131077,138383,67233,743,4687
배산역,2023년 6월,128129,136743,66473,754,4749
배산역,2023년 7월,122075,129760,63876,723,3124
배산역,2023년 8월,122443,129489,63384,923,3335
배산역,2023년 9월,123687,130062,63156,746,4064
배산역,2023년 10월,131876,140033,69784,564,3929
배산역,2023년 11월,131388,140707,68418,490,3830
배산역,2023년 12월,128163,136140,66858,529,3369
배산역,2024년 1월,123333,132700,65696,670,1670
배산역,2024년 2월,114192,122234,59780,726,1644
배산역,2024년 3월,132242,140854,68397,550,4561
배산역,2024년 4월,133429,142374,69190,552,4777
배산역,2024년 5월,135787,144923,71896,636,4474
배산역,2024년 6월,126384,135022,67546,665,3888
배산역,2024년 7월,131112,139730,69917,567,3771
배산역,2024년 8월,123053,131024,66500,770,2971
배산역,2024년 9월,121950,129069,64483,712,3792
배산역,2024년 10월,130886,140815,71534,666,3851
배산역,2024년 11월,130321,140003,70036,581,3727
배산역,2024년 12월,128946,139661,69825,556,3770
물만골역,2014년 1월,102320,104075,42969,2626,3717
물만골역,2014년 2월,95274,96540,39082,2291,3837
물만골역,2014년 3월,110316,112126,47053,2115,4513
물만골역,2014년 4월,109324,110923,46176,2176,3880
물만골역,2014년 5월,111877,113445,47171,2778,4336
물만골역,2014년 6월,105451,105893,45399,2230,3604
물만골역,2014년 7월,107957,108412,46022,2655,4077
물만골역,2014년 8월,101926,102763,44069,2606,3553
물만골역,2014년 9월,103405,103640,43063,2191,3727
물만골역,2014년 10월,111279,112284,47446,2364,3946
물만골역,2014년 11월,105447,107104,44606,2368,4021
물만골역,2014년 12월,108633,110080,45020,2302,4448
물만골역,2015년 1월,104874,105874,45185,2127,3496
물만골역,2015년 2월,90979,92250,38512,2064,3432
물만골역,2015년 3월,112510,113078,48437,2244,4163
물만골역,2015년 4월,109634,110325,47249,2134,3809
물만골역,2015년 5월,108677,108951,47531,2653,3961
물만골역,2015년 6월,96491,97381,41856,2004,3191
물만골역,2015년 7월,101987,102889,44963,2600,3190
물만골역,2015년 8월,96939,96582,42981,2569,3397
물만골역,2015년 9월,99633,99802,43230,2186,3550
물만골역,2015년 10월,107797,108496,47058,2530,3505
물만골역,2015년 11월,102377,103002,44644,2364,3617
물만골역,2015년 12월,106177,106030,46233,2427,3700
물만골역,2016년 1월,96809,97571,42443,2207,3136
물만골역,2016년 2월,91508,92002,39333,2195,3182
물만골역,2016년 3월,106800,106808,46641,2204,3439
물만골역,2016년 4월,104899,105468,45757,2366,3140
물만골역,2016년 5월,107256,107165,47160,2366,3376
물만골역,2016년 6월,103376,103433,45620,2250,2978
물만골역,2016년 7월,103331,103546,45930,2439,3174
물만골역,2016년 8월,100169,99440,44886,2388,2976
물만골역,2016년 9월,98390,97938,42261,2156,3178
물만골역,2016년 10월,105731,105225,47098,2294,3323
물만골역,2016년 11월,106283,107407,46993,2388,3301
물만골역,2016년 12월,106555,107709,46321,2433,3509
물만골역,2017년 1월,95850,96941,42016,2218,2691
물만골역,2017년 2월,94383,95996,42887,1905,2855
물만골역,2017년 3월,108195,110074,49718,2267,3266
물만골역,2017년 4월,104800,105208,47516,2213,2970
물만골역,2017년 5월,106033,105384,48584,2279,3214
물만골역,2017년 6월,101654,101604,47163,1957,2615
물만골역,2017년 7월,97976,98059,45083,1555,2490
물만골역,2017년 8월,96942,97252,44834,2522,2338
물만골역,2017년 9월,102046,102027,47144,2208,2507
물만골역,2017년 10월,94720,95386,43200,2231,2375
물만골역,2017년 11월,101046,101712,46587,2197,2404
물만골역,2017년 12월,99872,99257,45450,2430,2976
물만골역,2018년 1월,95102,94537,43350,1943,1970
물만골역,2018년 2월,85168,85575,38436,1741,2249
물만골역,2018년 3월,103439,102438,47678,2187,2707
물만골역,2018년 4월,101507,100667,47257,2137,2472
물만골역,2018년 5월,104346,103281,49162,2415,2468
물만골역,2018년 6월,98664,98113,46816,2266,2191
물만골역,2018년 7월,99598,99022,46884,2095,2330
물만골역,2018년 8월,95541,95251,45442,2011,2112
물만골역,2018년 9월,92887,92601,43513,2162,2097
물만골역,2018년 10월,105642,105569,50492,2230,2217
물만골역,2018년 11월,106461,107046,50446,2331,2513
물만골역,2018년 12월,105382,104816,48876,2211,2469
물만골역,2019년 1월,103542,103973,49045,2285,1943
물만골역,2019년 2월,91541,92527,42412,2088,2062
물만골역,2019년 3월,109424,110615,51978,2148,2587
물만골역,2019년 4월,111929,113375,51898,2072,2338
물만골역,2019년 5월,117069,117822,54053,2343,2673
물만골역,2019년 6월,109326,109952,50776,2202,2219
물만골역,2019년 7월,113518,114820,52092,2473,2450
물만골역,2019년 8월,108018,109246,50441,2179,2202
물만골역,2019년 9월,105629,107212,48245,2061,2265
물만골역,2019년 10월,118278,119986,54081,2323,2460
물만골역,2019년 11월,118533,119977,53273,2262,2723
물만골역,2019년 12월,118744,120499,53908,2229,2814
물만골역,2020년 1월,107357,108993,48383,2051,2187
물만골역,2020년 2월,87933,89041,38726,1460,1547
물만골역,2020년 3월,66884,67945,28194,848,624
물만골역,2020년 4월,76447,78397,34175,908,972
물만골역,2020년 5월,89361,90900,41537,1178,1263
물만골역,2020년 6월,96236,97464,44253,1341,1896
물만골역,2020년 7월,100058,101046,45160,1536,1977
물만골역,2020년 8월,87483,88856,39505,1396,1700
물만골역,2020년 9월,86048,88372,38753,1247,1568
물만골역,2020년 10월,93287,95527,42794,1448,1978
물만골역,2020년 11월,98484,99736,45031,1457,2189
물만골역,2020년 12월,83843,86924,37105,1024,1670
물만골역,2021년 1월,79054,81760,34471,934,1643
물만골역,2021년 2월,80897,83473,37105,997,1809
물만골역,2021년 3월,98004,100481,45528,1181,2337
물만골역,2021년 4월,94213,97659,43391,1237,2415
물만골역,2021년 5월,94795,98172,44254,1273,2308
물만골역,2021년 6월,97401,99861,45510,1227,2088
물만골역,2021년 7월,94389,96712,43860,1283,2304
물만골역,2021년 8월,85693,88008,39900,1128,1871
물만골역,2021년 9월,90282,92086,42854,1238,2100
물만골역,2021년 10월,99498,102340,47504,1359,2314
물만골역,2021년 11월,102179,103813,47753,1396,2317
물만골역,2021년 12월,100684,102442,45247,1363,2216
물만골역,2022년 1월,96972,100129,43191,1350,2145
물만골역,2022년 2월,84630,87369,37481,1075,2068
물만골역,2022년 3월,93917,97002,42244,1142,2287
물만골역,2022년 4월,104739,106997,47233,1277,2286
물만골역,2022년 5월,113884,115490,51329,1541,2785
물만골역,2022년 6월,107217,109226,48951,1253,2300
물만골역,2022년 7월,107690,108955,49340,1420,2441
물만골역,2022년 8월,102147,104382,47314,1450,2270
물만골역,2022년 9월,102370,104507,46744,1349,2413
물만골역,2022년 10월,110750,113383,51843,1419,2624
물만골역,2022년 11월,110101,113168,51234,1349,2402
물만골역,2022년 12월,109548,111144,50417,1423,2723
물만골역,2023년 1월,99403,101606,45394,1272,2390
물만골역,2023년 2월,99766,102360,46688,1314,2390
물만골역,2023년 3월,114212,116966,53254,1436,3147
물만골역,2023년 4월,108582,111731,50505,1427,2762
물만골역,2023년 5월,111147,114184,51466,1405,2902
물만골역,2023년 6월,108930,113098,51312,1313,2829
물만골역,2023년 7월,105190,109026,49526,1247,2749
물만골역,2023년 8월,104236,107491,48490,1283,2610
물만골역,2023년 9월,104437,106518,48000,1200,2686
물만골역,2023년 10월,113812,115716,54329,1132,2915
물만골역,2023년 11월,114512,117640,53136,885,3242
물만골역,2023년 12월,111920,114226,51962,1048,3164
물만골역,2024년 1월,110340,113160,51414,1199,2688
물만골역,2024년 2월,101831,103842,47517,1146,2563
물만골역,2024년 3월,115734,117942,53973,1086,3339
물만골역,2024년 4월,115469,118062,54539,1127,3176
물만골역,2024년 5월,119239,121240,56533,1466,3263
물만골역,2024년 6월,111323,112978,53574,1309,2906
물만골역,2024년 7월,115790,117312,54853,1290,3439
물만골역,2024년 8월,108803,110355,52865,1438,3033
물만골역,2024년 9월,105201,107120,50581,1244,2813
물만골역,2024년 10월,113895,116653,55809,1303,3102
물만골역,2024년 11월,116359,118139,55313,1367,3593
물만골역,2024년 12월,113845,115858,54674,1360,3560
3연산역,2014년 1월,284457,282006,96992,3905,8233
3연산역,2014년 2월,273646,270960,93832,3506,8033
3연산역,2014년 3월,314742,309363,109905,3473,8684
3연산역,2014년 4월,313851,307113,108354,3445,8332
3연산역,2014년 5월,317161,311165,108734,4124,9356
3연산역,2014년 6월,301163,292949,105425,3664,7593
3연산역,2014년 7월,306393,300212,108995,3867,7963
3연산역,2014년 8월,286233,281267,98749,4112,8095
3연산역,2014년 9월,285751,281178,98388,3486,6871
3연산역,2014년 10월,323441,316729,111032,4056,7980
3연산역,2014년 11월,308368,305395,105779,3794,8497
3연산역,2014년 12월,321926,324904,108838,3747,8145
3연산역,2015년 1월,310141,308412,108112,4388,7846
3연산역,2015년 2월,258864,256900,87999,3596,7223
3연산역,2015년 3월,327461,324948,114108,3548,8020
3연산역,2015년 4월,319621,316169,111560,3476,7496
3연산역,2015년 5월,320873,313477,110539,4215,8686
3연산역,2015년 6월,285025,279060,98027,2954,6146
3연산역,2015년 7월,310238,301421,110035,3774,7475
3연산역,2015년 8월,293835,283900,102607,3936,7619
3연산역,2015년 9월,288773,287379,100665,3239,6947
3연산역,2015년 10월,324266,315686,113078,3671,7924
3연산역,2015년 11월,310199,303746,109306,3354,7481
3연산역,2015년 12월,333100,329281,117821,3676,8156
3연산역,2016년 1월,304310,296885,105715,3665,7690
3연산역,2016년 2월,276143,270365,94366,3183,7688
3연산역,2016년 3월,333310,324554,117061,3271,7982
3연산역,2016년 4월,331313,323866,115876,3752,7812
3연산역,2016년 5월,333718,327509,117198,3802,8543
3연산역,2016년 6월,328311,320418,116860,3534,7005
3연산역,2016년 7월,319495,309420,113037,3926,7693
3연산역,2016년 8월,309603,302126,108195,4143,7406
3연산역,2016년 9월,293398,289159,100165,3320,6537
3연산역,2016년 10월,328299,318275,114445,3959,8497
3연산역,2016년 11월,327654,316756,113496,3716,7826
3연산역,2016년 12월,337556,331355,117368,3966,8324
3연산역,2017년 1월,291454,281779,100648,3937,7054
3연산역,2017년 2월,298866,289537,106052,3580,7052
3연산역,2017년 3월,334399,322542,121448,3440,7570
3연산역,2017년 4월,325374,313250,114339,3655,7165
3연산역,2017년 5월,332855,317625,120417,3890,7867
3연산역,2017년 6월,323972,310651,119681,3488,6548
3연산역,2017년 7월,309613,297495,112187,3509,6681
3연산역,2017년 8월,303056,290703,110311,3738,6577
3연산역,2017년 9월,317795,306575,115365,3330,6286
3연산역,2017년 10월,293719,279775,103466,3619,6929
3연산역,2017년 11월,322445,309298,118163,3380,5999
3연산역,2017년 12월,324834,314856,117507,3426,6648
3연산역,2018년 1월,309239,298489,112772,3404,5906
3연산역,2018년 2월,266932,258642,95416,2917,5859
3연산역,2018년 3월,328879,313338,121013,3177,6373
3연산역,2018년 4월,322701,304305,118317,3107,5887
3연산역,2018년 5월,324582,306321,120209,3319,6225
3연산역,2018년 6월,309702,293467,116182,2960,5220
3연산역,2018년 7월,311599,297732,116127,3231,5844
3연산역,2018년 8월,301922,289123,114505,3331,5451
3연산역,2018년 9월,287404,273441,107416,2954,4820
3연산역,2018년 10월,330335,310664,124679,3257,5819
3연산역,2018년 11월,322994,304711,122145,3087,5441
3연산역,2018년 12월,319941,307144,120378,3135,5402
3연산역,2019년 1월,317055,301723,121950,3409,5241
3연산역,2019년 2월,271929,258887,103234,2894,5251
3연산역,2019년 3월,332705,311738,129714,2932,5615
3연산역,2019년 4월,329846,308207,129133,2741,4539
3연산역,2019년 5월,334632,313027,131005,2990,5341
3연산역,2019년 6월,317831,295782,123876,3008,4887
3연산역,2019년 7월,323775,303645,128013,3083,5166
3연산역,2019년 8월,310949,293523,123655,3159,4887
3연산역,2019년 9월,293229,278002,117493,2357,3891
3연산역,2019년 10월,326244,306741,131815,2671,4614
3연산역,2019년 11월,328769,312275,130618,2899,5070
3연산역,2019년 12월,338692,321659,135299,2769,5295
3연산역,2020년 1월,298858,286337,118193,2893,4632
3연산역,2020년 2월,239854,230691,93917,1723,3112
3연산역,2020년 3월,169730,166826,56662,1170,1478
3연산역,2020년 4월,194888,188895,68019,1410,2098
3연산역,2020년 5월,231835,221103,85042,1786,2867
3연산역,2020년 6월,246906,235526,91380,1737,3115
3연산역,2020년 7월,260332,248317,97349,2075,3238
3연산역,2020년 8월,218694,207476,80129,1874,3181
3연산역,2020년 9월,197073,188537,69982,1430,2469
3연산역,2020년 10월,222354,210870,82962,1579,3194
3연산역,2020년 11월,239542,228140,91400,1596,3222
3연산역,2020년 12월,196731,187278,70347,1320,2626
3연산역,2021년 1월,192286,182293,66256,1542,2871
3연산역,2021년 2월,196735,187101,69549,1637,3219
3연산역,2021년 3월,247159,232934,92184,1676,4057
3연산역,2021년 4월,235603,219346,87090,1503,3267
3연산역,2021년 5월,236456,219752,87838,1800,3571
3연산역,2021년 6월,242204,227454,90364,1562,3193
3연산역,2021년 7월,236014,221287,88674,1636,3790
3연산역,2021년 8월,206207,191588,77126,1345,3109
3연산역,2021년 9월,219463,204109,84737,1385,3143
3연산역,2021년 10월,254744,233542,101335,1688,3951
3연산역,2021년 11월,264757,249326,103781,1689,3843
3연산역,2021년 12월,258094,243377,96480,1543,4061
3연산역,2022년 1월,246428,229285,90804,1570,3861
3연산역,2022년 2월,212445,198128,78428,1429,3678
3연산역,2022년 3월,231898,216301,86147,1225,4006
3연산역,2022년 4월,263889,246394,99832,1652,4315
3연산역,2022년 5월,288257,268874,111092,1944,5381
3연산역,2022년 6월,275025,256213,106853,1787,4069
3연산역,2022년 7월,278309,259124,106858,1865,5082
3연산역,2022년 8월,262071,245022,99519,1935,4344
3연산역,2022년 9월,257799,241571,98931,1608,4098
3연산역,2022년 10월,289368,264917,113390,1822,4320
3연산역,2022년 11월,285802,264875,113044,1548,3987
3연산역,2022년 12월,292733,272647,115047,1583,4926
3연산역,2023년 1월,256542,238679,99461,1622,4495
3연산역,2023년 2월,265243,247234,107604,1679,4734
3연산역,2023년 3월,293739,273421,120638,1582,4928
3연산역,2023년 4월,279387,261606,114914,1706,4349
3연산역,2023년 5월,284477,264922,116828,1626,4859
3연산역,2023년 6월,286470,267842,117716,1853,4241
3연산역,2023년 7월,281672,259723,115378,1712,5056
3연산역,2023년 8월,272498,251387,106664,1954,4785
3연산역,2023년 9월,272058,248963,111620,1641,3984
3연산역,2023년 10월,299312,272583,125549,1547,4631
3연산역,2023년 11월,295253,273597,120615,1338,4520
3연산역,2023년 12월,300581,278722,123512,1443,4938
3연산역,2024년 1월,288195,267247,119573,1692,4553
3연산역,2024년 2월,258262,240158,103419,1819,4389
3연산역,2024년 3월,298407,273446,123310,1868,5057
3연산역,2024년 4월,296081,271778,121646,1723,4585
3연산역,2024년 5월,306331,279815,126950,2198,5494
3연산역,2024년 6월,289515,263166,122194,1936,4603
3연산역,2024년 7월,297569,273396,124441,1990,5384
3연산역,2024년 8월,279216,256549,114893,2270,5188
3연산역,2024년 9월,266451,244472,110691,2032,4704
3연산역,2024년 10월,294684,267313,126799,1973,4606
3연산역,2024년 11월,299222,275184,125579,2098,5365
3연산역,2024년 12월,304427,278847,130871,2025,6039
거제역,2014년 1월,137628,136872,39175,2330,5279
거제역,2014년 2월,134211,132098,36694,2302,6509
거제역,2014년 3월,154523,151084,43952,2288,8470
거제역,2014년 4월,155845,153234,43931,2368,8009
거제역,2014년 5월,155728,151093,43121,2795,8706
거제역,2014년 6월,149042,144672,42211,2574,7530
거제역,2014년 7월,159199,155498,44165,2832,7860
거제역,2014년 8월,142769,138541,38844,2688,6977
거제역,2014년 9월,147151,143301,40588,2696,6307
거제역,2014년 10월,156340,151988,44316,2731,6404
거제역,2014년 11월,145185,142741,42541,2372,5334
거제역,2014년 12월,149443,148410,43704,2319,4749
거제역,2015년 1월,144536,144125,42059,2476,5073
거제역,2015년 2월,122253,121219,33708,2101,6027
거제역,2015년 3월,159304,156591,45636,2287,8113
거제역,2015년 4월,155659,153591,44678,2237,7581
거제역,2015년 5월,149992,146373,43345,2507,7520
거제역,2015년 6월,146900,144967,43355,1921,6342
거제역,2015년 7월,156851,154970,46975,2267,6235
거제역,2015년 8월,140764,136603,41047,2417,5882
거제역,2015년 9월,141618,137499,40784,2020,5559
거제역,2015년 10월,152807,148610,45353,2526,5404
거제역,2015년 11월,143365,141261,43819,2128,4144
거제역,2015년 12월,149213,148365,46860,2288,3971
거제역,2016년 1월,136854,136060,41761,2046,4013
거제역,2016년 2월,125455,123467,36100,1933,5376
거제역,2016년 3월,155672,153257,45655,2298,7207
거제역,2016년 4월,150108,146431,44256,2261,6496
거제역,2016년 5월,154860,150718,46349,2559,6815
거제역,2016년 6월,154205,150483,46317,2304,6066
거제역,2016년 7월,151896,147960,45349,2388,6015
거제역,2016년 8월,146666,142288,42931,2644,5637
거제역,2016년 9월,140935,136308,41810,2261,5165
거제역,2016년 10월,156442,153791,48529,2646,4923
거제역,2016년 11월,154247,152781,47647,2415,4275
거제역,2016년 12월,156215,154814,50079,2462,3859
거제역,2017년 1월,150164,149334,47444,2705,4271
거제역,2017년 2월,156285,156343,50514,2272,5392
거제역,2017년 3월,184418,183364,59603,2506,7530
거제역,2017년 4월,176055,174254,55556,2692,7222
거제역,2017년 5월,175909,174815,55685,2868,6846
거제역,2017년 6월,175514,174332,56750,2588,5583
거제역,2017년 7월,173498,173921,54948,2659,5760
거제역,2017년 8월,168372,167695,52237,2832,5698
거제역,2017년 9월,173721,172518,54649,2280,4971
거제역,2017년 10월,156075,153955,49206,2400,4888
거제역,2017년 11월,176936,175973,57090,2156,4054
거제역,2017년 12월,164993,164540,54866,2100,3745
거제역,2018년 1월,169342,162450,56981,3237,3848
거제역,2018년 2월,139516,137962,44007,2063,4304
거제역,2018년 3월,174953,173369,57433,2374,6281
거제역,2018년 4월,173418,170677,58267,2283,5742
거제역,2018년 5월,175289,172007,57482,2376,6281
거제역,2018년 6월,164641,162777,55885,2165,5072
거제역,2018년 7월,171464,169109,56724,2493,5549
거제역,2018년 8월,163073,160197,53516,2600,4989
거제역,2018년 9월,152866,150219,51761,2122,4205
거제역,2018년 10월,176443,174314,61181,2317,4363
거제역,2018년 11월,172498,171137,60803,2211,3697
거제역,2018년 12월,162523,163729,59140,2006,3301
거제역,2019년 1월,166577,164576,59219,2560,3675
거제역,2019년 2월,141136,138125,48966,2089,3916
거제역,2019년 3월,173743,171192,62118,2370,5190
거제역,2019년 4월,177654,174278,63085,2193,4363
거제역,2019년 5월,184214,180529,64613,2498,5042
거제역,2019년 6월,170989,166358,60881,2399,4198
거제역,2019년 7월,183308,180068,64383,2536,4412
거제역,2019년 8월,167606,163222,58833,2695,4058
거제역,2019년 9월,164724,160022,58161,2105,3269
거제역,2019년 10월,186397,181451,66363,2339,4098
거제역,2019년 11월,183827,177727,66146,2064,3327
거제역,2019년 12월,183609,179543,68326,1970,3151
거제역,2020년 1월,166313,161949,58650,2049,3649
거제역,2020년 2월,135181,132458,45685,1229,2750
거제역,2020년 3월,102651,101391,31355,626,1171
거제역,2020년 4월,120603,118633,39318,926,2160
거제역,2020년 5월,143875,141247,51272,1287,2704
거제역,2020년 6월,158981,156691,56244,1266,3126
거제역,2020년 7월,167347,164632,57651,1418,3238
거제역,2020년 8월,138904,135285,47755,1307,2660
거제역,2020년 9월,128794,126299,42916,1109,1936
거제역,2020년 10월,143394,139709,49789,1175,2595
거제역,2020년 11월,153967,150625,54619,1207,2525
거제역,2020년 12월,126015,123114,43280,863,1558
거제역,2021년 1월,119631,117803,37929,851,1877
거제역,2021년 2월,121626,119386,40368,1032,2321
거제역,2021년 3월,154070,151666,54120,940,2785
거제역,2021년 4월,149700,147169,52134,917,2483
거제역,2021년 5월,146885,145254,52344,1185,2675
거제역,2021년 6월,155251,153890,54301,1081,2400
거제역,2021년 7월,151739,150781,52206,1244,2830
거제역,2021년 8월,135755,133940,47031,1052,2232
거제역,2021년 9월,138110,136471,50178,965,2013
거제역,2021년 10월,155666,153568,59015,1084,2439
거제역,2021년 11월,165432,163299,60751,1013,2487
거제역,2021년 12월,159177,157852,58065,1057,2469
거제역,2022년 1월,152560,150884,54111,1203,3104
거제역,2022년 2월,130184,128967,45950,911,3009
거제역,2022년 3월,144193,143372,50581,1117,3404
거제역,2022년 4월,166191,165678,60369,1494,3764
거제역,2022년 5월,185207,184053,67786,1731,5293
거제역,2022년 6월,171722,171062,64013,1272,3524
거제역,2022년 7월,173712,173149,63800,1485,4296
거제역,2022년 8월,165374,163994,60226,1517,4049
거제역,2022년 9월,161697,160115,60068,1220,3342
거제역,2022년 10월,176505,174916,67686,1523,4126
거제역,2022년 11월,174889,173988,67563,1179,3500
거제역,2022년 12월,172541,172303,68463,1221,3505
거제역,2023년 1월,153354,152097,55902,1396,4354
거제역,2023년 2월,158069,157081,60381,1370,4148
거제역,2023년 3월,180677,179133,69740,1321,4519
거제역,2023년 4월,174295,172334,67051,1256,4244
거제역,2023년 5월,180109,178802,68630,1470,5048
거제역,2023년 6월,176794,177453,68302,1364,3732
거제역,2023년 7월,171084,171583,63995,1376,4544
거제역,2023년 8월,171050,169904,62417,1619,4518
거제역,2023년 9월,163684,162943,61579,1250,3300
거제역,2023년 10월,178789,177202,70543,1096,4323
거제역,2023년 11월,182138,181061,70747,767,4060
거제역,2023년 12월,180162,180348,72474,844,4538
거제역,2024년 1월,179023,177654,70088,1102,4513
거제역,2024년 2월,161792,159358,61181,1349,4416
거제역,2024년 3월,185029,183055,73297,1096,5061
거제역,2024년 4월,187926,186481,74184,1353,4625
거제역,2024년 5월,195180,194660,76296,1563,6261
거제역,2024년 6월,180100,178849,72365,1289,4157
거제역,2024년 7월,191345,190075,74608,1367,5418
거제역,2024년 8월,177568,176149,69519,1629,5308
거제역,2024년 9월,171221,170165,67154,1391,4461
거제역,2024년 10월,186109,184264,76046,1358,4302
거제역,2024년 11월,183912,182809,74390,1331,4277
거제역,2024년 12월,183189,183273,77086,1293,5287
종합운동장역,2014년 1월,181949,185197,48264,6604,12283
종합운동장역,2014년 2월,169713,173323,45607,5452,11268
종합운동장역,2014년 3월,195851,199999,54597,5558,11902
종합운동장역,2014년 4월,198940,205821,55971,5123,10378
종합운동장역,2014년 5월,211912,221683,56897,7324,14224
종합운동장역,2014년 6월,192531,202531,54460,5621,11086
종합운동장역,2014년 7월,203257,211972,56784,6715,13629
종합운동장역,2014년 8월,188144,197005,51523,7086,12787
종합운동장역,2014년 9월,190886,195871,52586,5533,10561
종합운동장역,2014년 10월,202441,208707,57617,6076,11692
종합운동장역,2014년 11월,194992,199000,53052,6285,15105
종합운동장역,2014년 12월,190391,197022,48470,5886,12569
종합운동장역,2015년 1월,187956,192768,53046,5959,11382
종합운동장역,2015년 2월,158338,162256,44515,4881,9379
종합운동장역,2015년 3월,196828,202860,56511,5476,10733
종합운동장역,2015년 4월,198906,207982,56783,5229,9973
종합운동장역,2015년 5월,208200,220284,58098,7096,13373
종합운동장역,2015년 6월,168638,174774,49020,3608,7445
종합운동장역,2015년 7월,186738,193982,54365,5724,12010
종합운동장역,2015년 8월,182846,188504,52654,6754,11913
종합운동장역,2015년 9월,183232,190290,52260,5332,9515
종합운동장역,2015년 10월,207172,212308,59166,6318,13824
종합운동장역,2015년 11월,186173,190623,54087,5244,10653
종합운동장역,2015년 12월,196355,200231,55775,6030,12367
종합운동장역,2016년 1월,178369,181804,51191,5511,9812
종합운동장역,2016년 2월,165584,168635,46734,5096,9692
종합운동장역,2016년 3월,192049,195399,57496,4669,9268
종합운동장역,2016년 4월,198209,209717,56289,5381,9749
종합운동장역,2016년 5월,200994,209472,57755,6068,11477
종합운동장역,2016년 6월,190892,198532,56635,5226,8726
종합운동장역,2016년 7월,189474,198112,55741,6004,11367
종합운동장역,2016년 8월,180427,189186,53299,6199,9960
종합운동장역,2016년 9월,167862,172490,48505,4884,8674
종합운동장역,2016년 10월,213322,221155,54367,7556,19985
종합운동장역,2016년 11월,182821,187078,52995,5279,10361
종합운동장역,2016년 12월,185993,191080,51056,5708,11641
종합운동장역,2017년 1월,163383,167138,45336,5609,10082
종합운동장역,2017년 2월,158571,161672,45394,5115,9354
종합운동장역,2017년 3월,178924,184633,52631,4967,8797
종합운동장역,2017년 4월,182087,193203,51500,5495,8730
종합운동장역,2017년 5월,184724,194112,53876,6170,9808
종합운동장역,2017년 6월,175908,183263,53875,5234,7794
종합운동장역,2017년 7월,176252,184953,51574,6259,9614
종합운동장역,2017년 8월,171145,178158,52575,6400,8837
종합운동장역,2017년 9월,188611,197822,54203,6107,10523
종합운동장역,2017년 10월,184179,193147,48630,6855,13640
종합운동장역,2017년 11월,179264,184484,53582,5394,9010
종합운동장역,2017년 12월,176016,181534,50284,5561,9805
종합운동장역,2018년 1월,165480,169587,48732,5443,8781
종합운동장역,2018년 2월,136418,138606,36819,4515,7468
종합운동장역,2018년 3월,176063,180314,53642,5216,8660
종합운동장역,2018년 4월,179483,188013,54175,5318,8068
종합운동장역,2018년 5월,179603,189010,54538,5781,9223
종합운동장역,2018년 6월,170720,177912,52751,5342,8224
종합운동장역,2018년 7월,179107,185607,53247,5579,9577
종합운동장역,2018년 8월,160784,165869,51468,5532,8148
종합운동장역,2018년 9월,158207,162196,47887,4828,7673
종합운동장역,2018년 10월,197209,201422,54999,6251,13946
종합운동장역,2018년 11월,173443,176380,54802,4877,9255
종합운동장역,2018년 12월,168179,168896,52386,4838,9269
종합운동장역,2019년 1월,166264,167487,52732,5004,8891
종합운동장역,2019년 2월,142661,143180,45701,4296,7748
종합운동장역,2019년 3월,171917,176657,56266,4662,8437
종합운동장역,2019년 4월,171723,180067,55768,4451,7235
종합운동장역,2019년 5월,182047,191526,59107,5489,9254
종합운동장역,2019년 6월,213817,226532,57751,6827,13753
종합운동장역,2019년 7월,180295,185193,56070,4853,8835
종합운동장역,2019년 8월,162092,165710,53995,5087,8180
종합운동장역,2019년 9월,142232,144220,41557,3705,6509
종합운동장역,2019년 10월,167482,167539,50776,4643,7808
종합운동장역,2019년 11월,173022,171769,48238,4935,9391
종합운동장역,2019년 12월,183738,183357,48191,5424,11270
종합운동장역,2020년 1월,162648,162090,49132,4753,8340
종합운동장역,2020년 2월,127375,126973,38128,2848,6329
종합운동장역,2020년 3월,82341,82513,22128,1276,1978
종합운동장역,2020년 4월,95482,95440,27214,1887,3289
종합운동장역,2020년 5월,115281,114712,33879,2370,4437
종합운동장역,2020년 6월,127832,128771,37153,2662,5386
종합운동장역,2020년 7월,136220,137689,38915,2860,5934
종합운동장역,2020년 8월,114910,117310,32301,2801,5634
종합운동장역,2020년 9월,112600,113920,31084,2260,5097
종합운동장역,2020년 10월,122824,124874,34881,2500,5673
종합운동장역,2020년 11월,133816,134593,39378,2749,6225
종합운동장역,2020년 12월,106518,109167,29377,2023,4431
종합운동장역,2021년 1월,104907,106519,27380,2162,5284
종합운동장역,2021년 2월,106176,106712,28271,2270,5795
종합운동장역,2021년 3월,136160,136896,39236,2715,6320
종합운동장역,2021년 4월,131950,132558,37382,2531,5562
종합운동장역,2021년 5월,131075,132311,37553,2823,6132
종합운동장역,2021년 6월,138826,139641,40579,2812,6205
종합운동장역,2021년 7월,133877,134794,37889,2722,6863
종합운동장역,2021년 8월,115740,116613,31811,2492,5864
종합운동장역,2021년 9월,122546,123310,34870,2440,6038
종합운동장역,2021년 10월,140751,141192,42145,2865,6882
종합운동장역,2021년 11월,148208,146923,42984,2794,7016
종합운동장역,2021년 12월,143806,144099,40114,2548,7377
종합운동장역,2022년 1월,132622,132586,35937,2686,7190
종합운동장역,2022년 2월,113545,113357,30745,2280,6317
종합운동장역,2022년 3월,128065,128728,35656,2462,6833
종합운동장역,2022년 4월,147924,148873,40878,3049,7222
종합운동장역,2022년 5월,164920,168418,46442,3749,9155
종합운동장역,2022년 6월,155529,157218,46587,3271,7420
종합운동장역,2022년 7월,159303,159107,47367,3390,8883
종합운동장역,2022년 8월,153007,154401,44518,3179,7586
종합운동장역,2022년 9월,147990,149393,44505,2892,7089
종합운동장역,2022년 10월,188431,190219,44750,3528,9300
종합운동장역,2022년 11월,156984,157568,43951,2792,7915
종합운동장역,2022년 12월,156869,157382,42515,2822,8658
종합운동장역,2023년 1월,143512,144532,41505,3070,8239
종합운동장역,2023년 2월,145148,146403,45092,2983,8208
종합운동장역,2023년 3월,168164,169929,52738,2949,9268
종합운동장역,2023년 4월,161797,165594,49900,2966,8772
종합운동장역,2023년 5월,173587,176912,52462,3248,10409
종합운동장역,2023년 6월,180799,191028,53468,4095,9384
종합운동장역,2023년 7월,156307,160463,50331,3015,9058
종합운동장역,2023년 8월,180026,183884,50162,3842,10295
종합운동장역,2023년 9월,156911,160655,49819,2818,7831
종합운동장역,2023년 10월,180499,182297,56589,3061,10855
종합운동장역,2023년 11월,181900,184581,55664,2517,9425
종합운동장역,2023년 12월,179045,181413,55860,2842,10486
종합운동장역,2024년 1월,191578,192832,57379,4020,10935
종합운동장역,2024년 2월,185041,185569,53790,4775,10583
종합운동장역,2024년 3월,222877,225914,64198,5052,12735
종합운동장역,2024년 4월,222939,228715,63349,5230,11931
종합운동장역,2024년 5월,234573,242352,67539,5803,13725
종합운동장역,2024년 6월,222773,226371,65250,5448,12899
종합운동장역,2024년 7월,219435,220585,65381,5212,13449
종합운동장역,2024년 8월,220506,222453,62233,5492,13062
종합운동장역,2024년 9월,195161,198220,50913,4835,12216
종합운동장역,2024년 10월,207454,206370,57945,4716,12118
종합운동장역,2024년 11월,212442,211732,57950,4876,13038
종합운동장역,2024년 12월,212846,210336,57490,4968,14784
사직역,2014년 1월,147881,143305,47843,3531,8390
사직역,2014년 2월,140330,136395,44321,3237,8364
사직역,2014년 3월,171630,164766,53060,3714,10188
사직역,2014년 4월,179631,174641,53542,3658,10051
사직역,2014년 5월,187499,181618,53782,5103,12705
사직역,2014년 6월,177358,171983,52927,4440,9858
사직역,2014년 7월,176030,171569,53786,4546,11288
사직역,2014년 8월,161557,158006,48533,4665,10338
사직역,2014년 9월,158025,150482,48515,3603,8658
사직역,2014년 10월,171645,165666,53723,3952,9846
사직역,2014년 11월,162543,155971,51128,3570,10310
사직역,2014년 12월,165164,159189,51637,3771,9259
사직역,2015년 1월,156499,153072,51082,3677,8013
사직역,2015년 2월,137092,133433,43032,3453,7576
사직역,2015년 3월,182663,177288,55756,4150,10498
사직역,2015년 4월,185589,181777,55184,3971,9342
사직역,2015년 5월,194033,189664,55096,5575,12643
사직역,2015년 6월,161310,157975,48594,2994,7312
사직역,2015년 7월,167695,164405,52556,4083,9517
사직역,2015년 8월,157211,154964,48761,4301,8763
사직역,2015년 9월,167261,164210,50245,4077,8436
사직역,2015년 10월,170168,165091,54893,3623,8709
사직역,2015년 11월,160424,156366,50884,3132,9163
사직역,2015년 12월,165770,163295,52815,3349,8817
사직역,2016년 1월,150998,148652,49244,3441,7659
사직역,2016년 2월,140417,139957,44904,3103,7286
사직역,2016년 3월,173372,170552,55940,3183,8663
사직역,2016년 4월,194748,194685,55196,4652,10081
사직역,2016년 5월,187068,183896,55241,4845,10688
사직역,2016년 6월,181738,179704,54826,4348,8847
사직역,2016년 7월,175641,174009,52625,4676,10294
사직역,2016년 8월,167330,165008,49748,4662,9429
사직역,2016년 9월,156890,153973,48867,3407,7746
사직역,2016년 10월,172862,168740,54918,3957,8937
사직역,2016년 11월,171329,167273,54960,3515,8254
사직역,2016년 12월,174283,170180,54808,3790,8370
사직역,2017년 1월,156216,153190,49632,3668,7045
사직역,2017년 2월,163439,160179,51523,3993,7970
사직역,2017년 3월,201981,196088,62879,4525,9985
사직역,2017년 4월,221426,220456,62487,5948,10416
사직역,2017년 5월,225782,221603,65034,6768,13323
사직역,2017년 6월,207875,204618,64929,5247,9218
사직역,2017년 7월,195730,192557,60300,5440,10072
사직역,2017년 8월,200765,198719,59235,6251,10229
사직역,2017년 9월,225700,225233,64312,6603,10836
사직역,2017년 10월,201959,199879,57126,5862,10512
사직역,2017년 11월,196695,194247,63001,4285,8638
사직역,2017년 12월,190999,187990,58737,4560,9106
사직역,2018년 1월,178990,176471,55888,4547,7181
사직역,2018년 2월,159143,157303,49924,3974,7018
사직역,2018년 3월,207939,206020,63983,4958,9322
사직역,2018년 4월,221668,220979,64311,6049,9534
사직역,2018년 5월,228878,226054,65199,6493,12188
사직역,2018년 6월,208379,208560,61377,6148,8481
사직역,2018년 7월,199304,198505,59644,5772,10290
사직역,2018년 8월,183668,182166,57473,5407,8299
사직역,2018년 9월,187168,183452,57719,5557,7746
사직역,2018년 10월,207090,204074,66035,5440,8915
사직역,2018년 11월,194497,192031,63934,4381,7820
사직역,2018년 12월,190496,186861,61237,4438,7639
사직역,2019년 1월,187263,185329,63157,4421,6270
사직역,2019년 2월,164245,162039,54087,4089,6271
사직역,2019년 3월,213869,210974,68293,5188,8610
사직역,2019년 4월,219470,218427,68703,5504,7317
사직역,2019년 5월,235636,231792,70548,6577,11155
사직역,2019년 6월,209588,206164,67811,5608,7167
사직역,2019년 7월,204221,201445,66326,5267,8632
사직역,2019년 8월,189634,186632,62086,5094,7619
사직역,2019년 9월,185533,181586,61880,4205,6217
사직역,2019년 10월,206208,200201,70919,4438,6654
사직역,2019년 11월,208118,203811,69813,4797,7624
사직역,2019년 12월,210783,205552,70137,5052,8128
사직역,2020년 1월,186855,184172,62680,4601,6392
사직역,2020년 2월,147289,146347,48827,2824,4420
사직역,2020년 3월,111409,109627,34275,1447,1750
사직역,2020년 4월,133283,130616,43012,1925,2779
사직역,2020년 5월,160267,156882,54188,2590,3894
사직역,2020년 6월,172597,170725,57592,3014,5089
사직역,2020년 7월,180899,179458,60162,3027,5308
사직역,2020년 8월,155449,154534,49767,2974,5509
사직역,2020년 9월,148157,146696,47887,2369,4004
사직역,2020년 10월,164301,162194,52486,2886,4928
사직역,2020년 11월,172298,170039,56338,2885,4909
사직역,2020년 12월,141037,140801,45846,1908,3495
사직역,2021년 1월,140313,139480,43708,2107,4117
사직역,2021년 2월,141596,140766,44615,2326,4729
사직역,2021년 3월,177237,175791,58215,2545,5670
사직역,2021년 4월,173564,174305,55415,2537,5229
사직역,2021년 5월,177009,177072,57470,2874,6604
사직역,2021년 6월,178321,177531,58099,2566,5329
사직역,2021년 7월,168477,167944,54859,2645,5835
사직역,2021년 8월,150916,150591,49691,2397,4763
사직역,2021년 9월,162481,162361,54253,2595,5469
사직역,2021년 10월,184560,184675,61812,2872,6875
사직역,2021년 11월,187521,185387,62063,2853,6237
사직역,2021년 12월,180769,179818,57596,2795,6423
사직역,2022년 1월,173036,173291,55520,2859,6615
사직역,2022년 2월,147749,147995,48133,2303,5799
사직역,2022년 3월,166656,166338,55146,2138,6086
사직역,2022년 4월,203015,203026,63190,3234,7364
사직역,2022년 5월,238584,238287,69279,4562,12449
사직역,2022년 6월,212239,213116,66773,3700,8019
사직역,2022년 7월,205665,204367,65343,3741,10037
사직역,2022년 8월,195574,195937,61431,3647,9215
사직역,2022년 9월,193598,192983,61162,3121,7392
사직역,2022년 10월,213214,211105,68062,3751,8513
사직역,2022년 11월,200902,199879,67471,2774,6896
사직역,2022년 12월,201381,198966,66948,2884,7813
사직역,2023년 1월,179842,177894,58979,2862,7646
사직역,2023년 2월,184756,182293,64120,2917,7529
사직역,2023년 3월,215936,214076,73385,2790,9078
사직역,2023년 4월,226657,227720,70493,3468,10758
사직역,2023년 5월,238425,242015,72149,3861,12699
사직역,2023년 6월,236256,239647,71382,4176,9949
사직역,2023년 7월,211857,212767,66593,3669,12518
사직역,2023년 8월,223575,224495,64204,4646,14311
사직역,2023년 9월,203528,202790,66331,3187,8820
사직역,2023년 10월,224966,224568,72779,3077,11036
사직역,2023년 11월,213096,211852,72450,1837,8449
사직역,2023년 12월,206390,204339,70368,2053,8916
사직역,2024년 1월,202545,202596,69559,2634,9163
사직역,2024년 2월,183353,182965,62396,2810,7980
사직역,2024년 3월,235291,236860,74250,3883,13147
사직역,2024년 4월,245075,249196,74222,4582,11224
사직역,2024년 5월,275374,282111,78415,5123,19161
사직역,2024년 6월,250541,261505,73854,4789,12808
사직역,2024년 7월,232397,237249,74625,4115,13222
사직역,2024년 8월,234631,241554,69110,5312,15623
사직역,2024년 9월,253965,263790,68228,6085,16674
사직역,2024년 10월,212796,212659,76844,3197,8490
사직역,2024년 11월,223950,222835,75299,3668,10797
사직역,2024년 12월,218034,215245,76069,3336,10649
미남역,2014년 1월,257527,243020,63651,5075,10576
미남역,2014년 2월,245829,231510,59926,4681,10522
미남역,2014년 3월,282783,264852,68933,4669,13593
미남역,2014년 4월,286043,267934,70501,4673,12845
미남역,2014년 5월,289578,270801,71179,5358,13953
미남역,2014년 6월,266277,248610,67657,4553,11354
미남역,2014년 7월,275396,258908,69812,5100,12277
미남역,2014년 8월,261257,246456,67009,5204,10841
미남역,2014년 9월,268688,251986,67089,4556,11682
미남역,2014년 10월,293108,274880,75725,4867,12169
미남역,2014년 11월,278881,261708,71343,4575,12594
미남역,2014년 12월,291903,273431,72364,4902,13011
미남역,2015년 1월,273403,258478,71550,4830,9848
미남역,2015년 2월,239344,225497,61793,4227,9763
미남역,2015년 3월,299515,279811,76480,4465,12828
미남역,2015년 4월,293500,272787,75771,4534,11666
미남역,2015년 5월,292778,270618,76663,5140,12169
미남역,2015년 6월,262203,243092,67660,3872,10084
미남역,2015년 7월,277592,260534,73752,4784,10423
미남역,2015년 8월,262582,246779,69365,5170,10042
미남역,2015년 9월,269104,250773,69585,4468,10344
미남역,2015년 10월,295647,276170,78961,4878,11143
미남역,2015년 11월,286988,268790,75857,4755,11659
미남역,2015년 12월,295635,279178,79151,4842,10841
미남역,2016년 1월,266418,253063,71484,4789,8368
미남역,2016년 2월,250569,237392,65763,4531,9060
미남역,2016년 3월,298629,280134,78779,4537,11949
미남역,2016년 4월,293370,273852,77020,4580,11047
미남역,2016년 5월,297681,277533,77981,5023,11700
미남역,2016년 6월,290829,273303,77865,4516,10824
미남역,2016년 7월,285260,268849,77908,4733,10388
미남역,2016년 8월,277794,261817,75580,5002,10103
미남역,2016년 9월,275108,257616,72436,4269,10202
미남역,2016년 10월,296779,275784,80361,4567,10500
미남역,2016년 11월,296386,276123,78837,4427,10860
미남역,2016년 12월,301880,281887,80501,4774,10527
미남역,2017년 1월,268327,251896,72237,4909,8503
미남역,2017년 2월,264333,250532,72753,4277,8243
미남역,2017년 3월,305307,286444,84960,4659,11220
미남역,2017년 4월,298219,278975,83070,4660,10241
미남역,2017년 5월,298017,278398,83560,4998,10685
미남역,2017년 6월,289436,273099,82731,4583,9065
미남역,2017년 7월,277786,263271,79266,4670,8846
미남역,2017년 8월,270017,255679,77435,4844,8080
미남역,2017년 9월,286970,272415,80331,4587,8805
미남역,2017년 10월,269556,255599,74738,4487,8259
미남역,2017년 11월,294152,278033,81285,4492,8781
미남역,2017년 12월,287302,269111,78521,4703,8873
미남역,2018년 1월,274170,258795,76103,4503,6914
미남역,2018년 2월,244010,228265,67630,4269,6673
미남역,2018년 3월,296678,286507,84441,4508,9440
미남역,2018년 4월,288464,269854,82671,4158,8132
미남역,2018년 5월,290958,270279,84416,4408,8655
미남역,2018년 6월,276074,255456,80937,4004,7115
미남역,2018년 7월,277976,258291,82110,4247,7384
미남역,2018년 8월,266780,248593,79506,4301,6769
미남역,2018년 9월,260176,239007,75831,3971,6611
미남역,2018년 10월,293184,271647,87385,4126,7060
미남역,2018년 11월,287716,264575,83598,4195,7606
미남역,2018년 12월,281598,258315,83043,4270,7274
미남역,2019년 1월,277135,258487,85107,4111,5707
미남역,2019년 2월,242932,224779,73858,3716,5532
미남역,2019년 3월,292256,269004,90483,4046,6895
미남역,2019년 4월,290888,267946,89337,3699,6326
미남역,2019년 5월,295223,272899,92283,4001,7115
미남역,2019년 6월,276384,255721,87928,3653,6017
미남역,2019년 7월,287535,267013,90530,4044,6546
미남역,2019년 8월,275079,255331,87432,4127,5930
미남역,2019년 9월,272478,250965,83604,3615,6344
미남역,2019년 10월,306583,279627,95273,4234,6987
미남역,2019년 11월,307300,279424,94388,4380,7335
미남역,2019년 12월,311838,283703,94910,4553,7746
미남역,2020년 1월,282708,260449,86160,4140,5521
미남역,2020년 2월,230723,212497,68687,2579,4118
미남역,2020년 3월,178948,165532,48624,1586,1738
미남역,2020년 4월,203033,186071,59584,1987,2526
미남역,2020년 5월,233527,214111,72807,2509,3529
미남역,2020년 6월,252045,230908,77858,2722,5212
미남역,2020년 7월,265353,244462,81547,2988,5413
미남역,2020년 8월,229400,210880,70545,2580,4382
미남역,2020년 9월,224211,205448,66508,2179,4399
미남역,2020년 10월,237693,218209,71799,2474,4711
미남역,2020년 11월,252866,232733,77424,2497,4818
미남역,2020년 12월,211230,198427,62602,1999,3512
미남역,2021년 1월,204044,192487,60272,1987,3529
미남역,2021년 2월,204403,190743,61883,2072,3980
미남역,2021년 3월,255835,238532,80231,2372,5457
미남역,2021년 4월,245965,231011,76756,2291,4947
미남역,2021년 5월,244833,231055,78422,2249,5202
미남역,2021년 6월,254419,238482,81015,2378,5039
미남역,2021년 7월,245928,232322,78330,2220,5015
미남역,2021년 8월,220937,209879,71528,2146,4106
미남역,2021년 9월,230608,216776,75147,2211,5003
미남역,2021년 10월,258779,241453,86719,2455,5535
미남역,2021년 11월,267061,248059,86699,2419,5412
미남역,2021년 12월,258442,242719,81203,2321,5473
미남역,2022년 1월,248035,235063,78083,2588,4804
미남역,2022년 2월,222486,211517,69913,2427,4645
미남역,2022년 3월,256055,242717,80950,2401,6288
미남역,2022년 4월,284693,265038,90898,2951,6591
미남역,2022년 5월,304811,283412,98958,3246,7284
미남역,2022년 6월,289473,269614,95211,3099,6348
미남역,2022년 7월,289161,268938,94915,3040,6469
미남역,2022년 8월,273597,255948,90642,2944,5794
미남역,2022년 9월,274752,254771,89205,2702,5923
미남역,2022년 10월,295043,273778,98407,3131,6099
미남역,2022년 11월,295025,272546,96739,2706,5918
미남역,2022년 12월,297243,275280,97223,2724,6681
미남역,2023년 1월,270033,251504,88392,2811,5275
미남역,2023년 2월,271752,253808,93925,2668,5265
미남역,2023년 3월,311262,291298,108288,2686,7025
미남역,2023년 4월,292762,273190,102229,2342,6390
미남역,2023년 5월,300100,279455,104433,2200,6990
미남역,2023년 6월,294047,277012,104855,2225,5952
미남역,2023년 7월,283695,266342,101098,2186,6311
미남역,2023년 8월,282437,265366,98740,2638,5764
미남역,2023년 9월,282664,263882,98825,2344,5809
미남역,2023년 10월,302783,282781,109404,1973,6134
미남역,2023년 11월,306703,286612,108023,1656,5996
미남역,2023년 12월,301359,279832,105350,1893,6348
미남역,2024년 1월,298165,279790,106461,2177,5423
미남역,2024년 2월,273860,256832,97195,2336,5249
미남역,2024년 3월,309544,291689,111846,2218,7016
미남역,2024년 4월,309949,290755,111961,2265,6820
미남역,2024년 5월,316772,296771,115741,2651,7424
미남역,2024년 6월,298779,279842,111335,2118,6517
미남역,2024년 7월,311448,293649,115540,2467,7100
미남역,2024년 8월,289838,273629,107947,2774,6403
미남역,2024년 9월,280131,262474,102142,2191,6315
미남역,2024년 10월,307339,290228,115467,2193,6730
미남역,2024년 11월,310279,291962,115753,2359,7020
미남역,2024년 12월,313897,290506,115970,2302,8014
만덕역,2014년 1월,135611,148106,42257,2478,5192
만덕역,2014년 2월,125316,138396,38693,2157,4892
만덕역,2014년 3월,145287,161018,45844,2128,6160
만덕역,2014년 4월,147513,162801,47915,2314,5557
만덕역,2014년 5월,152350,165780,48603,2829,6879
만덕역,2014년 6월,139861,154210,45609,2461,5509
만덕역,2014년 7월,141073,154902,45512,2445,5281
만덕역,2014년 8월,130381,142893,41955,2575,4596
만덕역,2014년 9월,137529,151415,42981,2407,5366
만덕역,2014년 10월,148421,162846,48221,2555,5785
만덕역,2014년 11월,147311,159454,48696,2513,6889
만덕역,2014년 12월,148235,161112,45220,2820,6437
만덕역,2015년 1월,136718,151099,43637,2676,4934
만덕역,2015년 2월,118104,130380,37278,2216,4749
만덕역,2015년 3월,147894,162961,47482,2286,6101
만덕역,2015년 4월,145334,160290,47048,2293,5467
만덕역,2015년 5월,147650,160940,48606,2733,6028
만덕역,2015년 6월,129669,144810,42123,1810,4587
만덕역,2015년 7월,138876,153720,46095,2190,4668
만덕역,2015년 8월,128915,142527,41686,2248,4452
만덕역,2015년 9월,136412,152302,43271,2184,4849
만덕역,2015년 10월,151275,166612,49114,2173,5371
만덕역,2015년 11월,150113,164571,47286,2088,5806
만덕역,2015년 12월,161292,178105,48874,2258,6136
만덕역,2016년 1월,147228,163139,45166,2390,5168
만덕역,2016년 2월,140370,155202,42579,2147,5605
만덕역,2016년 3월,167142,184529,51015,2036,7175
만덕역,2016년 4월,164658,179974,50485,2091,6672
만덕역,2016년 5월,166587,181674,50727,2380,7052
만덕역,2016년 6월,159944,175629,49676,2209,5964
만덕역,2016년 7월,153789,170337,47418,2273,5675
만덕역,2016년 8월,148310,164131,45686,2448,5397
만덕역,2016년 9월,150350,164869,45447,2035,5681
만덕역,2016년 10월,164483,179097,50705,2333,6542
만덕역,2016년 11월,166585,182888,50429,2297,6810
만덕역,2016년 12월,169237,185499,50060,2717,6528
만덕역,2017년 1월,150825,165251,45413,2534,5050
만덕역,2017년 2월,148510,163277,45745,2196,5357
만덕역,2017년 3월,170745,187633,53506,2062,6804
만덕역,2017년 4월,167323,181709,52938,2261,6320
만덕역,2017년 5월,167734,183284,53555,2518,6774
만덕역,2017년 6월,163394,178087,54374,2308,5600
만덕역,2017년 7월,153646,169293,50516,2434,5518
만덕역,2017년 8월,148968,163803,48739,2531,4929
만덕역,2017년 9월,160232,176031,52251,2109,5658
만덕역,2017년 10월,149909,164690,48061,2184,5463
만덕역,2017년 11월,166091,181457,54638,2266,5796
만덕역,2017년 12월,161163,175039,51595,2410,5909
만덕역,2018년 1월,151349,164931,48754,2264,4072
만덕역,2018년 2월,134837,146525,43295,2070,4137
만덕역,2018년 3월,164074,177550,54344,2094,5561
만덕역,2018년 4월,159447,173670,53364,2081,5061
만덕역,2018년 5월,161582,175533,54978,2371,5355
만덕역,2018년 6월,150223,164921,51302,2113,4252
만덕역,2018년 7월,146982,162649,49765,2224,4329
만덕역,2018년 8월,142272,156159,48466,2193,3995
만덕역,2018년 9월,140857,154303,47541,2029,4262
만덕역,2018년 10월,159804,176258,55981,2138,4783
만덕역,2018년 11월,157299,172935,54379,2174,5123
만덕역,2018년 12월,154632,166900,52458,2215,5227
만덕역,2019년 1월,150583,165459,53987,1959,3755
만덕역,2019년 2월,134912,145834,47203,1804,3693
만덕역,2019년 3월,162886,176750,57597,1883,5180
만덕역,2019년 4월,162390,176773,57331,1835,4563
만덕역,2019년 5월,166398,180634,59020,2162,4997
만덕역,2019년 6월,152688,166323,54912,1933,3862
만덕역,2019년 7월,154817,170806,55356,1874,4212
만덕역,2019년 8월,146288,160208,52198,2046,3929
만덕역,2019년 9월,144758,158230,50756,1590,3671
만덕역,2019년 10월,163568,177819,58404,1973,4129
만덕역,2019년 11월,170462,183915,59504,2000,4194
만덕역,2019년 12월,179818,191427,60829,2320,4645
만덕역,2020년 1월,165819,176839,56573,2134,3671
만덕역,2020년 2월,134111,144405,45380,1139,2669
만덕역,2020년 3월,104067,113821,33763,667,1343
만덕역,2020년 4월,119234,130170,40938,904,1727
만덕역,2020년 5월,137783,149975,49280,1140,2218
만덕역,2020년 6월,144976,159028,50711,1128,3134
만덕역,2020년 7월,151978,165548,52228,1309,3405
만덕역,2020년 8월,127150,139530,43535,1150,2710
만덕역,2020년 9월,126919,139263,43771,980,2480
만덕역,2020년 10월,124333,134426,41208,998,2579
만덕역,2020년 11월,140256,153150,48418,1014,3212
만덕역,2020년 12월,118593,133832,40908,713,2178
만덕역,2021년 1월,115613,129652,39591,829,2272
만덕역,2021년 2월,117524,129944,40675,1039,2675
만덕역,2021년 3월,145497,161915,51811,1091,3673
만덕역,2021년 4월,140615,157994,49791,1025,3189
만덕역,2021년 5월,147908,163473,51999,1229,3605
만덕역,2021년 6월,157469,171784,53965,1155,3558
만덕역,2021년 7월,151479,165326,50872,1107,3686
만덕역,2021년 8월,134617,150033,46632,932,3095
만덕역,2021년 9월,144691,157943,50842,1029,3707
만덕역,2021년 10월,162355,175673,57798,1236,3956
만덕역,2021년 11월,170340,182286,58126,1111,4191
만덕역,2021년 12월,164614,177207,53823,1120,4136
만덕역,2022년 1월,156079,169265,53570,1265,3743
만덕역,2022년 2월,134131,145308,45852,1058,3304
만덕역,2022년 3월,150615,163819,51709,1216,4063
만덕역,2022년 4월,168979,181942,58222,1431,4366
만덕역,2022년 5월,184177,196782,64604,1684,4805
만덕역,2022년 6월,173228,185389,61143,1343,3908
만덕역,2022년 7월,170899,182243,60552,1407,4285
만덕역,2022년 8월,162048,173052,58312,1571,3808
만덕역,2022년 9월,169344,179295,60420,1357,4510
만덕역,2022년 10월,182104,194186,67276,1502,4260
만덕역,2022년 11월,181564,193010,65344,1215,4396
만덕역,2022년 12월,179914,189808,63877,1278,4791
만덕역,2023년 1월,164546,174276,59427,1442,3980
만덕역,2023년 2월,166214,176677,62466,1367,4252
만덕역,2023년 3월,188480,200946,71423,1224,5289
만덕역,2023년 4월,178756,190254,68012,1387,4872
만덕역,2023년 5월,181887,193081,69530,1174,5176
만덕역,2023년 6월,178413,190797,68347,1296,4395
만덕역,2023년 7월,167139,180357,64449,1190,4354
만덕역,2023년 8월,163586,175118,62262,1250,4146
만덕역,2023년 9월,168620,178415,64751,1028,3996
만덕역,2023년 10월,181864,194823,73305,1063,3932
만덕역,2023년 11월,181539,194154,71496,779,4159
만덕역,2023년 12월,178785,188828,69373,968,4476
만덕역,2024년 1월,175685,188318,69717,1079,3893
만덕역,2024년 2월,161561,171455,63240,1235,3820
만덕역,2024년 3월,183617,196294,73530,1192,4797
만덕역,2024년 4월,183515,196664,74166,1171,4554
만덕역,2024년 5월,187378,200314,76299,1340,5343
만덕역,2024년 6월,172183,184600,71443,1185,4177
만덕역,2024년 7월,177428,190093,72165,1102,4822
만덕역,2024년 8월,162960,173728,66055,1468,4029
만덕역,2024년 9월,162653,173391,65425,1315,4226
만덕역,2024년 10월,179260,191397,75715,1161,3826
만덕역,2024년 11월,181325,193613,74885,1255,4637
만덕역,2024년 12월,181644,193217,74887,1329,5299
남산정역,2014년 1월,158426,123271,50658,2787,5996
남산정역,2014년 2월,148498,115959,45767,2413,5693
남산정역,2014년 3월,186071,146465,56638,2727,9017
남산정역,2014년 4월,181677,141624,55311,2633,8147
남산정역,2014년 5월,182951,141237,56491,3153,8692
남산정역,2014년 6월,168644,128779,53279,2820,7196
남산정역,2014년 7월,168071,129016,54251,2790,6973
남산정역,2014년 8월,156368,119723,49793,2924,5969
남산정역,2014년 9월,167062,126584,51434,2903,6810
남산정역,2014년 10월,182678,140002,58720,3073,7467
남산정역,2014년 11월,173667,132669,54543,2784,7788
남산정역,2014년 12월,179521,133465,54281,2931,7529
남산정역,2015년 1월,162799,126651,52621,2897,5580
남산정역,2015년 2월,142463,110094,46112,2440,5350
남산정역,2015년 3월,187892,148337,58592,2506,7948
남산정역,2015년 4월,179963,142354,55406,2444,7185
남산정역,2015년 5월,180462,140100,57267,3025,7497
남산정역,2015년 6월,160577,125557,50881,2248,6187
남산정역,2015년 7월,165619,127045,54413,2547,5965
남산정역,2015년 8월,155145,118837,51389,2733,5381
남산정역,2015년 9월,167942,127872,54073,2722,6235
남산정역,2015년 10월,183962,141119,60874,3119,6996
남산정역,2015년 11월,172627,132424,54365,2574,6987
남산정역,2015년 12월,177070,134807,57938,2867,6717
남산정역,2016년 1월,160082,126088,53072,2679,4949
남산정역,2016년 2월,150462,116125,49438,2558,5165
남산정역,2016년 3월,189962,150145,61368,2731,7750
남산정역,2016년 4월,184028,143978,58627,2792,7080
남산정역,2016년 5월,186379,145147,60710,2992,7434
남산정역,2016년 6월,177387,137373,58811,2630,6166
남산정역,2016년 7월,168886,130237,57692,2679,5515
남산정역,2016년 8월,164027,125019,55647,2634,5183
남산정역,2016년 9월,167605,126878,54692,2453,6444
남산정역,2016년 10월,184691,142525,62521,2697,7134
남산정역,2016년 11월,182723,140657,60116,2556,7128
남산정역,2016년 12월,182675,138233,60242,2761,7599
남산정역,2017년 1월,162477,124693,55137,2739,5149
남산정역,2017년 2월,157831,121500,53849,2419,5180
남산정역,2017년 3월,193484,151451,65722,2585,8017
남산정역,2017년 4월,186450,143702,63522,2747,6843
남산정역,2017년 5월,186884,143862,64730,2957,6767
남산정역,2017년 6월,180300,138558,63731,2633,5784
남산정역,2017년 7월,166514,126329,60747,2435,4907
남산정역,2017년 8월,164133,124595,60401,2632,4489
남산정역,2017년 9월,178631,135472,64536,2643,5597
남산정역,2017년 10월,170773,132242,63034,2558,5761
남산정역,2017년 11월,179040,139317,64565,2489,5927
남산정역,2017년 12월,171485,132406,61430,2329,5959
남산정역,2018년 1월,159876,124894,59183,2203,3926
남산정역,2018년 2월,143257,111197,53725,2153,4219
남산정역,2018년 3월,184951,146271,69005,2592,7025
남산정역,2018년 4월,177633,139366,66030,2489,5651
남산정역,2018년 5월,178771,140120,67922,2587,5510
남산정역,2018년 6월,168550,131934,65059,2189,4540
남산정역,2018년 7월,161069,124460,63255,2178,3866
남산정역,2018년 8월,156928,121145,61555,2195,3533
남산정역,2018년 9월,158775,122297,61942,2187,3967
남산정역,2018년 10월,181948,142736,72900,2411,4734
남산정역,2018년 11월,174259,135300,68360,2164,4269
남산정역,2018년 12월,166887,129403,65676,2086,4240
남산정역,2019년 1월,162866,126650,67529,2079,3241
남산정역,2019년 2월,144024,110835,59547,1929,2979
남산정역,2019년 3월,184181,144670,75065,2191,5462
남산정역,2019년 4월,179577,140755,71848,2206,5089
남산정역,2019년 5월,184279,142799,74857,2529,5099
남산정역,2019년 6월,166977,130390,68535,2207,3986
남산정역,2019년 7월,166361,128868,70040,2059,3265
남산정역,2019년 8월,158687,121852,66523,1946,3266
남산정역,2019년 9월,160467,124074,65389,1900,3638
남산정역,2019년 10월,183618,142068,77221,2105,3886
남산정역,2019년 11월,179634,139433,74015,2049,3847
남산정역,2019년 12월,177125,136450,73234,2082,3778
남산정역,2020년 1월,158360,121596,66540,1842,2733
남산정역,2020년 2월,127782,99110,53567,1032,1951
남산정역,2020년 3월,101466,79373,42454,662,831
남산정역,2020년 4월,117816,91445,51080,812,1355
남산정역,2020년 5월,141640,111205,62445,1212,2195
남산정역,2020년 6월,146966,115716,63842,1256,2969
남산정역,2020년 7월,148418,116275,64201,1390,2926
남산정역,2020년 8월,124609,97467,55116,1135,2011
남산정역,2020년 9월,125541,97666,55214,974,2128
남산정역,2020년 10월,130111,101363,54708,1095,2445
남산정역,2020년 11월,144066,112921,62164,1137,2760
남산정역,2020년 12월,120214,96626,52292,776,1985
남산정역,2021년 1월,115516,92242,50362,795,1777
남산정역,2021년 2월,115933,91189,51535,932,1994
남산정역,2021년 3월,153048,120533,67707,1160,3129
남산정역,2021년 4월,143190,113656,62990,1027,2777
남산정역,2021년 5월,141805,111211,63826,1074,2741
남산정역,2021년 6월,144691,112796,65257,958,2690
남산정역,2021년 7월,135741,105125,62152,896,2370
남산정역,2021년 8월,121224,93861,57352,729,1908
남산정역,2021년 9월,131738,100965,62258,886,2339
남산정역,2021년 10월,148259,114841,70737,957,2576
남산정역,2021년 11월,150927,116363,69270,975,2477
남산정역,2021년 12월,141464,109617,63908,861,2551
남산정역,2022년 1월,136021,105418,64143,972,2153
남산정역,2022년 2월,116499,91335,55456,743,1845
남산정역,2022년 3월,138067,108121,64610,876,2754
남산정역,2022년 4월,153496,117556,71476,962,3029
남산정역,2022년 5월,165594,125958,77591,1134,3142
남산정역,2022년 6월,154666,117044,73584,975,2728
남산정역,2022년 7월,150236,112489,71926,1048,2550
남산정역,2022년 8월,143544,106804,69255,1007,2359
남산정역,2022년 9월,149146,111677,69398,969,2608
남산정역,2022년 10월,165337,124891,80098,994,2658
남산정역,2022년 11월,160789,121412,75468,955,2597
남산정역,2022년 12월,154501,116266,73033,841,2862
남산정역,2023년 1월,140112,105369,67332,930,2174
남산정역,2023년 2월,142413,107836,71280,850,2105
남산정역,2023년 3월,172188,130354,84495,789,3273
남산정역,2023년 4월,160573,122116,78460,849,3048
남산정역,2023년 5월,161819,122524,79225,766,2912
남산정역,2023년 6월,158193,120049,79261,758,2725
남산정역,2023년 7월,147216,110105,75376,734,2231
남산정역,2023년 8월,145094,108363,73702,802,1953
남산정역,2023년 9월,150751,113016,75298,830,2297
남산정역,2023년 10월,168199,128141,87616,552,2557
남산정역,2023년 11월,165295,126162,83875,503,2579
남산정역,2023년 12월,157371,119893,80317,602,2561
남산정역,2024년 1월,151827,116314,79614,709,1968
남산정역,2024년 2월,139970,106603,73034,752,2073
남산정역,2024년 3월,168125,130364,88072,579,2936
남산정역,2024년 4월,164404,126931,85674,534,2635
남산정역,2024년 5월,170324,130154,89240,749,2997
남산정역,2024년 6월,156280,119526,82261,556,2313
남산정역,2024년 7월,155927,117843,82567,575,2330
남산정역,2024년 8월,144037,108532,76730,911,2117
남산정역,2024년 9월,145332,109821,76231,715,2237
남산정역,2024년 10월,162027,123601,88015,662,2269
남산정역,2024년 11월,160156,122098,85306,610,2454
남산정역,2024년 12월,157663,119938,84867,669,2796
숙등역,2014년 1월,121946,112213,42120,2053,4741
숙등역,2014년 2월,114398,105030,38797,2088,4579
숙등역,2014년 3월,134895,123121,46759,2192,6892
숙등역,2014년 4월,135228,123421,46591,2156,6576
숙등역,2014년 5월,136875,124939,46881,2651,6917
숙등역,2014년 6월,126863,115408,44948,2282,5874
숙등역,2014년 7월,132070,119605,47107,2544,6111
숙등역,2014년 8월,121263,109096,42721,2411,4852
숙등역,2014년 9월,124424,112737,43521,2229,5685
숙등역,2014년 10월,136182,123775,50256,2332,5763
숙등역,2014년 11월,129600,117850,45449,2362,6523
숙등역,2014년 12월,131818,119337,44743,2612,5975
숙등역,2015년 1월,121744,111197,42868,2213,3864
숙등역,2015년 2월,106735,97598,37131,2070,3890
숙등역,2015년 3월,134452,122051,47361,2506,5994
숙등역,2015년 4월,132197,119551,46266,2589,5505
숙등역,2015년 5월,132343,118612,47018,2957,5602
숙등역,2015년 6월,117897,106885,41043,2381,4790
숙등역,2015년 7월,123676,111705,43894,2428,4658
숙등역,2015년 8월,115929,105046,41113,2284,4223
숙등역,2015년 9월,121682,109667,42286,2549,4930
숙등역,2015년 10월,134858,121048,48771,2633,5341
숙등역,2015년 11월,127622,116523,45369,2449,5137
숙등역,2015년 12월,129742,119119,46304,2347,4751
숙등역,2016년 1월,117781,109071,42780,2001,3300
숙등역,2016년 2월,112119,102729,40225,2036,3613
숙등역,2016년 3월,134278,123176,48676,2171,5010
숙등역,2016년 4월,132556,121024,47873,2237,4779
숙등역,2016년 5월,134934,123088,48194,2347,4980
숙등역,2016년 6월,129650,119049,46779,2219,4637
숙등역,2016년 7월,129008,118207,46999,2424,4491
숙등역,2016년 8월,125258,115097,46414,2269,3908
숙등역,2016년 9월,121485,110825,43248,2202,4521
숙등역,2016년 10월,131170,118712,47801,2159,4515
숙등역,2016년 11월,130841,119214,47398,2102,4936
숙등역,2016년 12월,129461,118739,45796,2080,4716
숙등역,2017년 1월,116572,106805,42023,1915,3024
숙등역,2017년 2월,115143,105606,42407,1800,3606
숙등역,2017년 3월,133739,121542,49224,1901,5441
숙등역,2017년 4월,131828,119612,48705,2123,4782
숙등역,2017년 5월,131953,119839,49088,2164,5097
숙등역,2017년 6월,129016,117656,49187,2065,4329
숙등역,2017년 7월,124658,114667,47523,2021,3891
숙등역,2017년 8월,122077,112340,47910,1913,3408
숙등역,2017년 9월,130255,118904,50211,1953,4243
숙등역,2017년 10월,123601,111028,47505,2029,3828
숙등역,2017년 11월,131814,120331,50502,2012,4082
숙등역,2017년 12월,125844,114970,47525,1846,4020
숙등역,2018년 1월,121980,111584,46532,1710,2723
숙등역,2018년 2월,107441,97724,40834,1625,2975
숙등역,2018년 3월,129565,118535,50171,1858,4103
숙등역,2018년 4월,127823,116184,49473,1773,3880
숙등역,2018년 5월,130233,118072,50912,2054,4048
숙등역,2018년 6월,124414,113086,50579,1896,3529
숙등역,2018년 7월,123321,113213,50099,1954,3243
숙등역,2018년 8월,117516,107601,48635,1781,3068
숙등역,2018년 9월,115171,104880,47765,1906,3114
숙등역,2018년 10월,130139,116736,55332,1773,3319
숙등역,2018년 11월,126862,114451,52627,1563,3306
숙등역,2018년 12월,120599,108675,49082,1496,2921
숙등역,2019년 1월,118627,108592,49920,1429,1838
숙등역,2019년 2월,104219,94655,43719,1264,1817
숙등역,2019년 3월,126596,114806,54165,1463,2966
숙등역,2019년 4월,128163,116420,54773,1491,2649
숙등역,2019년 5월,130457,118432,55469,1593,2890
숙등역,2019년 6월,119099,108273,50808,1403,2455
숙등역,2019년 7월,123466,113511,52560,1407,2424
숙등역,2019년 8월,117962,108223,50719,1277,2037
숙등역,2019년 9월,115637,105187,49401,1252,2455
숙등역,2019년 10월,128273,115886,55622,1337,2538
숙등역,2019년 11월,126692,114887,54543,1397,2658
숙등역,2019년 12월,125047,113829,53606,1396,2529
숙등역,2020년 1월,113917,104844,49429,1213,1421
숙등역,2020년 2월,93584,85987,39659,775,1074
숙등역,2020년 3월,71124,65786,28442,457,413
숙등역,2020년 4월,81349,74131,33954,585,596
숙등역,2020년 5월,93798,85051,40716,765,1045
숙등역,2020년 6월,99621,90698,42872,873,1978
숙등역,2020년 7월,103532,93739,44181,934,2125
숙등역,2020년 8월,88583,80131,38071,724,1341
숙등역,2020년 9월,84343,76818,35829,619,1223
숙등역,2020년 10월,86223,77206,35699,639,1449
숙등역,2020년 11월,94348,84819,40511,651,1731
숙등역,2020년 12월,79110,72925,33032,458,1070
숙등역,2021년 1월,77334,72092,32414,470,779
숙등역,2021년 2월,79035,71425,34228,581,927
숙등역,2021년 3월,98654,90940,42754,739,1691
숙등역,2021년 4월,95575,88422,40997,740,1442
숙등역,2021년 5월,94244,86216,40971,792,1472
숙등역,2021년 6월,97242,89880,42554,734,1439
숙등역,2021년 7월,94570,87076,42274,686,1379
숙등역,2021년 8월,85511,79018,38907,614,1070
숙등역,2021년 9월,88346,80765,40350,596,1560
숙등역,2021년 10월,97109,89125,44941,693,1641
숙등역,2021년 11월,100766,91647,45196,642,1569
숙등역,2021년 12월,95318,87537,41534,618,1445
숙등역,2022년 1월,89433,82464,39416,600,860
숙등역,2022년 2월,78287,71946,34713,537,819
숙등역,2022년 3월,88642,82135,39676,574,1497
숙등역,2022년 4월,98048,89468,43974,689,1806
숙등역,2022년 5월,105401,96043,47434,770,1923
숙등역,2022년 6월,100929,92514,46019,726,1702
숙등역,2022년 7월,100983,93144,46939,718,1561
숙등역,2022년 8월,96237,88896,44907,781,1422
숙등역,2022년 9월,97022,89180,43679,694,1542
숙등역,2022년 10월,108394,99694,48885,811,1798
숙등역,2022년 11월,110291,101279,48827,709,1982
숙등역,2022년 12월,107379,99646,46561,642,2115
숙등역,2023년 1월,99581,92666,43581,732,1126
숙등역,2023년 2월,102721,94711,46710,583,1222
숙등역,2023년 3월,118713,109381,53961,648,2304
숙등역,2023년 4월,113823,103219,51268,727,2156
숙등역,2023년 5월,114955,105108,51861,661,2278
숙등역,2023년 6월,113251,105685,51989,685,2245
숙등역,2023년 7월,108983,101731,50707,643,1747
숙등역,2023년 8월,109421,102516,50467,677,1642
숙등역,2023년 9월,108240,100806,49590,519,2095
숙등역,2023년 10월,116432,107924,54153,546,2225
숙등역,2023년 11월,117749,109559,53999,375,2211
숙등역,2023년 12월,115284,108103,51412,521,2574
숙등역,2024년 1월,118048,110883,53151,523,1546
숙등역,2024년 2월,109670,102628,48410,682,1767
숙등역,2024년 3월,127176,117770,56306,699,3077
숙등역,2024년 4월,128967,119051,57107,867,2977
숙등역,2024년 5월,130917,121279,58536,829,2916
숙등역,2024년 6월,122226,113742,55569,666,2472
숙등역,2024년 7월,129826,120380,58253,701,2675
숙등역,2024년 8월,122660,115170,55650,771,2461
숙등역,2024년 9월,118261,110723,52937,736,2620
숙등역,2024년 10월,129571,121640,59032,736,2740
숙등역,2024년 11월,129948,122075,57688,577,2872
숙등역,2024년 12월,128965,121588,57511,680,3077
3덕천역,2014년 1월,342198,368755,109117,7070,16824
3덕천역,2014년 2월,318333,339936,96637,6600,18646
3덕천역,2014년 3월,373270,407503,117179,5853,21708
3덕천역,2014년 4월,370712,411052,118238,5527,19201
3덕천역,2014년 5월,386264,420661,121161,7269,22448
3덕천역,2014년 6월,350768,383698,114128,5955,17274
3덕천역,2014년 7월,354023,384499,116442,6883,18049
3덕천역,2014년 8월,338491,366712,109322,7315,16774
3덕천역,2014년 9월,348085,381138,111296,6032,16846
3덕천역,2014년 10월,371324,403220,121092,6132,18495
3덕천역,2014년 11월,361355,392528,116685,5799,19741
3덕천역,2014년 12월,375824,401517,115167,6703,20411
3덕천역,2015년 1월,354420,373400,116564,6585,15972
3덕천역,2015년 2월,313541,328738,100381,6009,16166
3덕천역,2015년 3월,385448,409520,121928,5631,20266
3덕천역,2015년 4월,390069,422385,128706,5494,17926
3덕천역,2015년 5월,387712,410888,126251,7208,19899
3덕천역,2015년 6월,334069,358419,113170,3847,13705
3덕천역,2015년 7월,359629,378849,120416,6029,16067
3덕천역,2015년 8월,350860,366314,117075,6516,15772
3덕천역,2015년 9월,360150,385927,119547,5457,15447
3덕천역,2015년 10월,389563,414307,132083,6215,17018
3덕천역,2015년 11월,364871,389833,118655,5343,17142
3덕천역,2015년 12월,386273,407217,125061,6373,17876
3덕천역,2016년 1월,350816,366996,117285,6472,13917
3덕천역,2016년 2월,333903,346047,108108,6243,15875
3덕천역,2016년 3월,392706,414672,129619,5267,18188
3덕천역,2016년 4월,398273,425023,131107,5863,17496
3덕천역,2016년 5월,393908,414537,129088,6458,19054
3덕천역,2016년 6월,376716,395348,126761,5123,14942
3덕천역,2016년 7월,373007,385285,123099,6654,16140
3덕천역,2016년 8월,362114,373372,119684,6856,14735
3덕천역,2016년 9월,355397,374644,116770,5499,14854
3덕천역,2016년 10월,384538,399724,128877,6172,16288
3덕천역,2016년 11월,387375,411012,129856,5573,16983
3덕천역,2016년 12월,394222,405400,127501,6214,18027
3덕천역,2017년 1월,355680,364569,118218,6817,13822
3덕천역,2017년 2월,348550,354252,116702,6058,15703
3덕천역,2017년 3월,406952,413319,137191,5757,19154
3덕천역,2017년 4월,409840,427510,139566,6243,17323
3덕천역,2017년 5월,401710,409004,137149,6854,18127
3덕천역,2017년 6월,386977,395476,137012,5619,14530
3덕천역,2017년 7월,370500,376618,130433,6081,14681
3덕천역,2017년 8월,367320,373988,130913,6780,13440
3덕천역,2017년 9월,390064,401625,140714,5437,14471
3덕천역,2017년 10월,366461,371788,127487,6401,14465
3덕천역,2017년 11월,388251,394882,136975,5226,13948
3덕천역,2017년 12월,381820,383947,130345,5731,15471
3덕천역,2018년 1월,355827,356602,124388,5942,11215
3덕천역,2018년 2월,324569,325753,113680,6054,12230
3덕천역,2018년 3월,393751,398105,137967,5792,15463
3덕천역,2018년 4월,395914,404717,142857,5283,13734
3덕천역,2018년 5월,396284,399167,142746,6244,15385
3덕천역,2018년 6월,368598,371337,134721,4970,11405
3덕천역,2018년 7월,363714,367411,132261,5577,12096
3덕천역,2018년 8월,357574,371096,132172,5725,10692
3덕천역,2018년 9월,352968,358129,131170,4785,10834
3덕천역,2018년 10월,391335,396665,150347,4876,12363
3덕천역,2018년 11월,382346,388116,144152,4649,12328
3덕천역,2018년 12월,375870,376151,138374,4845,12403
3덕천역,2019년 1월,370899,370016,148075,4935,9272
3덕천역,2019년 2월,329241,322916,126211,4907,9770
3덕천역,2019년 3월,399503,396587,154408,4793,12693
3덕천역,2019년 4월,397200,400579,156266,4257,10729
3덕천역,2019년 5월,401115,398103,156102,4794,12395
3덕천역,2019년 6월,370383,365407,146676,4520,9453
3덕천역,2019년 7월,372067,367797,148758,4810,10196
3덕천역,2019년 8월,365926,360205,147449,5162,9229
3덕천역,2019년 9월,356066,354723,141604,3876,8927
3덕천역,2019년 10월,401034,395663,163072,4578,10667
3덕천역,2019년 11월,397820,390355,160313,4551,10613
3덕천역,2019년 12월,399654,389129,158286,4938,11397
3덕천역,2020년 1월,359058,349362,145312,4629,7820
3덕천역,2020년 2월,282544,273306,111617,2767,6268
3덕천역,2020년 3월,221857,219020,89074,1449,2632
3덕천역,2020년 4월,265325,260650,113448,1926,3531
3덕천역,2020년 5월,310471,302704,131284,2659,5253
3덕천역,2020년 6월,323284,315024,132766,2724,7291
3덕천역,2020년 7월,323262,316288,130518,2849,7065
3덕천역,2020년 8월,283805,276355,116145,2734,6122
3덕천역,2020년 9월,281725,276204,123368,2111,5409
3덕천역,2020년 10월,281686,272892,115449,2330,6246
3덕천역,2020년 11월,302669,295295,125280,2253,6845
3덕천역,2020년 12월,248148,243867,107167,1576,4378
3덕천역,2021년 1월,243107,236811,104784,1734,4275
3덕천역,2021년 2월,251304,239641,107641,2186,5479
3덕천역,2021년 3월,320417,304920,137574,2382,8075
3덕천역,2021년 4월,306633,295278,134697,2162,6964
3덕천역,2021년 5월,309309,294618,134484,2685,7811
3덕천역,2021년 6월,310730,298450,133180,2267,6861
3덕천역,2021년 7월,294828,285910,125058,2344,7277
3덕천역,2021년 8월,272399,262145,121805,2080,5637
3덕천역,2021년 9월,297053,286524,133721,2212,7396
3덕천역,2021년 10월,327729,316386,146473,2610,8277
3덕천역,2021년 11월,331018,319280,144576,2478,7542
3덕천역,2021년 12월,310896,300929,132342,2236,7867
3덕천역,2022년 1월,307603,292357,137323,2504,6098
3덕천역,2022년 2월,253715,241365,110265,2043,5886
3덕천역,2022년 3월,292290,279902,129556,1865,7929
3덕천역,2022년 4월,335277,325241,150406,2677,8634
3덕천역,2022년 5월,356547,342706,156724,3219,10141
3덕천역,2022년 6월,330041,316964,145994,2761,7744
3덕천역,2022년 7월,330483,315095,145406,2998,8828
3덕천역,2022년 8월,316466,304606,143598,2775,7831
3덕천역,2022년 9월,322125,312051,144521,2468,7620
3덕천역,2022년 10월,350769,336465,160753,2834,8732
3덕천역,2022년 11월,340965,328138,153403,2279,8299
3덕천역,2022년 12월,337688,324063,147143,2627,9780
3덕천역,2023년 1월,307364,292433,137237,2656,7545
3덕천역,2023년 2월,312477,295143,145729,2491,7571
3덕천역,2023년 3월,356724,339675,165431,2345,9821
3덕천역,2023년 4월,343519,328125,160406,2398,8989
3덕천역,2023년 5월,343505,326013,158150,2359,10242
3덕천역,2023년 6월,342345,324724,159968,2610,8277
3덕천역,2023년 7월,321238,305343,148826,2523,8643
3덕천역,2023년 8월,323250,308823,149419,2766,8158
3덕천역,2023년 9월,331606,317828,156602,2200,7965
3덕천역,2023년 10월,364000,344830,177344,2145,8823
3덕천역,2023년 11월,352794,335985,168404,1685,8606
3덕천역,2023년 12월,347905,330445,161289,2052,10146
3덕천역,2024년 1월,340269,321301,164518,2435,7130
3덕천역,2024년 2월,317280,299161,151787,2643,7451
3덕천역,2024년 3월,364548,347031,177229,2352,9758
3덕천역,2024년 4월,366391,351515,181554,2239,8728
3덕천역,2024년 5월,370995,355082,183117,2535,10369
3덕천역,2024년 6월,343499,326966,168498,2589,7864
3덕천역,2024년 7월,341798,332464,164220,2473,9537
3덕천역,2024년 8월,322055,313083,155456,3034,8688
3덕천역,2024년 9월,331175,317731,163582,2563,8398
3덕천역,2024년 10월,365019,346848,185412,2427,8220
3덕천역,2024년 11월,361751,343931,181073,2280,8785
3덕천역,2024년 12월,363874,341885,181777,2469,10506
구포역,2014년 1월,107412,126830,23849,1849,3838
구포역,2014년 2월,104307,123812,23576,1486,3939
구포역,2014년 3월,117361,140710,28247,1309,3154
구포역,2014년 4월,118434,142417,29978,1112,2726
구포역,2014년 5월,126780,148165,30345,1665,3757
구포역,2014년 6월,114013,135445,27693,1409,2731
구포역,2014년 7월,112841,133995,27290,1480,3231
구포역,2014년 8월,119650,139659,27525,2069,3938
구포역,2014년 9월,120439,141289,27719,1594,3229
구포역,2014년 10월,126729,148997,30643,1492,3535
구포역,2014년 11월,120548,141829,28211,1289,3547
구포역,2014년 12월,121492,142002,26462,1398,3487
구포역,2015년 1월,115877,133396,26130,1695,3601
구포역,2015년 2월,108095,123597,22984,1686,3732
구포역,2015년 3월,124963,144710,29563,1322,3001
구포역,2015년 4월,124991,142865,30738,1232,2637
구포역,2015년 5월,130130,146397,30983,1837,3631
구포역,2015년 6월,98821,114155,23546,925,2148
구포역,2015년 7월,113324,129137,26449,1457,3153
구포역,2015년 8월,117330,133316,26481,1828,3586
구포역,2015년 9월,116075,132280,26369,1466,2840
구포역,2015년 10월,123696,143273,29537,1398,3226
구포역,2015년 11월,119041,136435,27438,1315,3259
구포역,2015년 12월,121670,138579,27092,1420,3373
구포역,2016년 1월,112322,129602,24793,1665,3534
구포역,2016년 2월,112431,127238,23418,1751,3964
구포역,2016년 3월,123738,144214,30035,1285,2997
구포역,2016년 4월,133735,153758,32423,1454,2823
구포역,2016년 5월,128987,148180,31263,1518,3279
구포역,2016년 6월,119980,137575,28882,1180,2618
구포역,2016년 7월,120787,136968,28614,1533,3259
구포역,2016년 8월,116542,134080,27624,1701,3260
구포역,2016년 9월,117025,133623,27336,1463,2960
구포역,2016년 10월,122352,141328,30411,1344,3283
구포역,2016년 11월,116496,136540,28126,1165,2912
구포역,2016년 12월,114596,133379,26426,1146,3039
구포역,2017년 1월,109829,126019,24051,1885,3379
구포역,2017년 2월,102455,121234,23980,1211,3293
구포역,2017년 3월,119128,140768,30104,1328,3017
구포역,2017년 4월,127382,148673,33102,1595,2698
구포역,2017년 5월,119374,141202,30466,1711,3159
구포역,2017년 6월,109536,129593,28543,1084,2320
구포역,2017년 7월,105556,123865,26501,1210,2725
구포역,2017년 8월,105846,124011,26447,1474,2732
구포역,2017년 9월,109747,130717,28013,1061,2312
구포역,2017년 10월,114496,133736,28487,1567,3345
구포역,2017년 11월,109378,131198,28193,960,2562
구포역,2017년 12월,107277,126812,25207,1040,2576
구포역,2018년 1월,99716,116961,23724,1252,2259
구포역,2018년 2월,96100,110931,22011,1333,2713
구포역,2018년 3월,115013,135012,30521,1185,2335
구포역,2018년 4월,118066,138350,32095,1158,2141
구포역,2018년 5월,112991,133819,30032,1293,2485
구포역,2018년 6월,104452,123467,27674,1045,1951
구포역,2018년 7월,101655,118713,26388,1091,2207
구포역,2018년 8월,100178,117506,25463,1368,2152
구포역,2018년 9월,104137,122801,26751,1302,2047
구포역,2018년 10월,111676,133745,30718,1164,2303
구포역,2018년 11월,108273,129316,28905,940,2177
구포역,2018년 12월,104226,122612,26840,972,2157
구포역,2019년 1월,99715,116637,26621,1341,1955
구포역,2019년 2월,97715,112201,24812,1307,2327
구포역,2019년 3월,120497,140412,34864,1424,2502
구포역,2019년 4월,114188,132999,32803,1240,1697
구포역,2019년 5월,113594,132800,32014,1198,2227
구포역,2019년 6월,105645,122412,29401,1115,1823
구포역,2019년 7월,103395,120796,28963,1146,1747
구포역,2019년 8월,102599,118560,28230,1294,1766
구포역,2019년 9월,101055,117678,27424,1085,1610
구포역,2019년 10월,109358,129773,32696,1046,1691
구포역,2019년 11월,106023,125345,29773,968,1670
구포역,2019년 12월,107614,124144,28869,1002,1792
구포역,2020년 1월,102712,115254,26439,1381,1909
구포역,2020년 2월,72471,85312,19194,562,1074
구포역,2020년 3월,54315,65744,15084,299,445
구포역,2020년 4월,63859,76096,18744,363,570
구포역,2020년 5월,78930,91743,23734,478,839
구포역,2020년 6월,80304,93500,24003,504,1058
구포역,2020년 7월,85189,98729,24689,596,1036
구포역,2020년 8월,78638,91527,23997,617,1130
구포역,2020년 9월,71298,84763,21148,447,848
구포역,2020년 10월,81482,95827,24025,512,1139
구포역,2020년 11월,81671,96494,23213,497,1122
구포역,2020년 12월,63042,75317,17460,304,708
구포역,2021년 1월,62775,74143,17631,290,751
구포역,2021년 2월,64695,76108,18390,366,945
구포역,2021년 3월,84884,99477,26621,437,1507
구포역,2021년 4월,80821,94112,25048,445,1359
구포역,2021년 5월,83449,96031,25101,533,1699
구포역,2021년 6월,81647,94047,24665,503,1313
구포역,2021년 7월,75817,87734,23408,468,1284
구포역,2021년 8월,70090,81421,22212,501,1041
구포역,2021년 9월,75122,87223,24003,458,1300
구포역,2021년 10월,87632,101071,28209,550,1519
구포역,2021년 11월,86874,100694,26780,554,1291
구포역,2021년 12월,80164,92316,22967,535,1342
구포역,2022년 1월,75534,86473,22288,569,1245
구포역,2022년 2월,65437,75850,19986,398,1039
구포역,2022년 3월,76654,89644,24306,375,1491
구포역,2022년 4월,92748,106856,30346,713,1722
구포역,2022년 5월,100400,114690,31679,847,2165
구포역,2022년 6월,92954,105898,29649,720,1438
구포역,2022년 7월,92585,105223,28784,750,1722
구포역,2022년 8월,88637,100332,27226,766,1491
구포역,2022년 9월,90929,103593,27771,694,1476
구포역,2022년 10월,102199,115587,32575,813,1739
구포역,2022년 11월,94168,109061,29310,551,1305
구포역,2022년 12월,91146,103996,25637,583,1578
구포역,2023년 1월,85079,95409,23705,803,1604
구포역,2023년 2월,85181,96165,25753,707,1768
구포역,2023년 3월,104758,119834,35847,656,1829
구포역,2023년 4월,97798,110006,32068,722,1721
구포역,2023년 5월,98672,109738,31508,696,2064
구포역,2023년 6월,91657,104471,29738,612,1673
구포역,2023년 7월,83774,95974,27055,609,1767
구포역,2023년 8월,87780,98376,26765,802,1835
구포역,2023년 9월,90303,100308,27262,621,1617
구포역,2023년 10월,101469,114283,32903,658,2147
구포역,2023년 11월,95077,106035,29762,400,1581
구포역,2023년 12월,91925,101510,27234,586,1830
구포역,2024년 1월,86911,96410,26371,594,1706
구포역,2024년 2월,86633,95814,25581,719,1930
구포역,2024년 3월,103829,113926,35102,584,2108
구포역,2024년 4월,102413,113032,35600,527,1855
구포역,2024년 5월,104255,112311,33889,613,2497
구포역,2024년 6월,94657,102919,31615,546,1728
구포역,2024년 7월,91436,101598,30251,554,1978
구포역,2024년 8월,88854,98744,28006,642,1899
구포역,2024년 9월,92610,99888,28870,631,1863
구포역,2024년 10월,96974,108333,33656,488,1669
구포역,2024년 11월,96487,108489,32942,491,1835
구포역,2024년 12월,94625,107767,32956,433,1908
강서구청역,2014년 1월,78477,63778,17653,1493,5396
강서구청역,2014년 2월,73036,60882,16752,1344,4121
강서구청역,2014년 3월,90702,80126,21695,1690,7453
강서구청역,2014년 4월,123656,108327,28700,2324,7844
강서구청역,2014년 5월,92313,79456,22237,2042,7975
강서구청역,2014년 6월,86621,73419,21539,1784,7002
강서구청역,2014년 7월,87357,73638,20583,1990,7088
강서구청역,2014년 8월,77812,64716,18916,1676,5606
강서구청역,2014년 9월,89009,76375,20725,2004,7538
강서구청역,2014년 10월,91309,78688,21609,2101,7684
강서구청역,2014년 11월,84079,73068,19894,1934,6555
강서구청역,2014년 12월,87393,74336,18879,1847,6947
강서구청역,2015년 1월,76499,64692,18605,1333,3340
강서구청역,2015년 2월,65786,55349,16125,1195,3190
강서구청역,2015년 3월,93551,81716,22379,1951,6794
강서구청역,2015년 4월,179428,160363,40785,4138,9237
강서구청역,2015년 5월,88442,76291,22048,1983,6332
강서구청역,2015년 6월,83597,71933,21030,1626,5785
강서구청역,2015년 7월,83645,71635,20758,1508,5359
강서구청역,2015년 8월,76979,65249,19980,1450,4406
강서구청역,2015년 9월,83528,70259,20376,1596,5355
강서구청역,2015년 10월,90470,76116,22349,1823,6013
강서구청역,2015년 11월,86063,71992,20142,1590,5736
강서구청역,2015년 12월,86923,74393,20354,1545,4688
강서구청역,2016년 1월,75122,64390,17893,1207,2612
강서구청역,2016년 2월,68986,59630,16790,1208,2722
강서구청역,2016년 3월,96434,82968,23923,1784,6679
강서구청역,2016년 4월,186567,166422,43679,4180,10208
강서구청역,2016년 5월,92216,76737,23278,1758,6253
강서구청역,2016년 6월,88861,74072,22947,1658,5963
강서구청역,2016년 7월,83226,70591,21124,1444,4575
강서구청역,2016년 8월,80365,67517,20402,1606,4372
강서구청역,2016년 9월,81088,67900,19550,1577,5446
강서구청역,2016년 10월,84923,71530,21340,1584,5334
강서구청역,2016년 11월,85567,71409,20621,1458,5876
강서구청역,2016년 12월,83090,69945,19280,1362,4877
강서구청역,2017년 1월,69835,58849,16651,891,1998
강서구청역,2017년 2월,73102,62062,17639,974,2499
강서구청역,2017년 3월,94114,79742,24020,1663,6276
강서구청역,2017년 4월,187380,168480,45767,3908,7874
강서구청역,2017년 5월,87653,74298,22604,1738,5458
강서구청역,2017년 6월,84299,72069,21726,1724,4852
강서구청역,2017년 7월,78200,67768,20143,1500,4185
강서구청역,2017년 8월,80159,69766,19998,1285,3417
강서구청역,2017년 9월,86778,75041,21494,1824,5118
강서구청역,2017년 10월,86182,75904,20190,1882,4812
강서구청역,2017년 11월,83514,73247,20501,1658,4766
강서구청역,2017년 12월,76351,66523,18456,1492,4074
강서구청역,2018년 1월,70475,62024,16724,1082,1979
강서구청역,2018년 2월,62472,54710,15303,1082,2361
강서구청역,2018년 3월,92645,82454,24709,1942,5007
강서구청역,2018년 4월,167332,154276,45809,3205,6505
강서구청역,2018년 5월,83271,73020,22130,1754,4829
강서구청역,2018년 6월,77536,68408,21322,1508,4159
강서구청역,2018년 7월,76225,67887,19921,1466,3837
강서구청역,2018년 8월,73456,65858,19731,1205,2824
강서구청역,2018년 9월,69516,61624,18504,1364,3600
강서구청역,2018년 10월,90552,81514,22946,1738,4445
강서구청역,2018년 11월,78950,70392,20101,1312,4058
강서구청역,2018년 12월,70467,62500,18127,1210,3585
강서구청역,2019년 1월,69424,62111,18530,815,1606
강서구청역,2019년 2월,59657,53160,15909,697,1536
강서구청역,2019년 3월,106207,98056,30849,1912,5383
강서구청역,2019년 4월,144190,133226,41359,2356,5491
강서구청역,2019년 5월,81546,73091,23141,1492,4612
강서구청역,2019년 6월,72905,65788,21229,1194,3554
강서구청역,2019년 7월,74321,67302,20916,1075,3439
강서구청역,2019년 8월,65961,60101,19108,854,2302
강서구청역,2019년 9월,68128,60534,18966,1006,3416
강서구청역,2019년 10월,84500,76370,22933,1358,4053
강서구청역,2019년 11월,75662,67931,20858,1106,3603
강서구청역,2019년 12월,71347,64201,19285,1155,3541
강서구청역,2020년 1월,62215,56520,16655,684,989
강서구청역,2020년 2월,55695,51067,14503,549,1398
강서구청역,2020년 3월,57260,54119,16373,324,534
강서구청역,2020년 4월,61313,57845,18602,445,736
강서구청역,2020년 5월,60290,55537,17921,425,1148
강서구청역,2020년 6월,69235,61913,19173,901,4205
강서구청역,2020년 7월,68840,61819,18533,1058,4484
강서구청역,2020년 8월,56236,51949,16146,664,2239
강서구청역,2020년 9월,59133,55197,16357,579,2628
강서구청역,2020년 10월,70872,66511,20413,855,3221
강서구청역,2020년 11월,65836,61607,18595,749,3114
강서구청역,2020년 12월,54730,52212,14413,544,1834
강서구청역,2021년 1월,49758,47844,13489,317,584
강서구청역,2021년 2월,49847,47636,14282,379,1030
강서구청역,2021년 3월,75898,72414,24109,754,3321
강서구청역,2021년 4월,70999,66852,21467,734,3158
강서구청역,2021년 5월,65847,61723,20687,666,2677
강서구청역,2021년 6월,69502,64289,20976,739,2867
강서구청역,2021년 7월,64110,60695,19634,539,1776
강서구청역,2021년 8월,56987,54314,17740,448,1594
강서구청역,2021년 9월,62274,58193,19722,657,3222
강서구청역,2021년 10월,83487,79255,28001,981,3871
강서구청역,2021년 11월,76892,72519,25617,702,2709
강서구청역,2021년 12월,71986,68385,23710,651,2282
강서구청역,2022년 1월,65388,62744,23744,405,807
강서구청역,2022년 2월,55299,52546,18742,421,1254
강서구청역,2022년 3월,68806,63652,21906,745,4229
강서구청역,2022년 4월,105598,99292,38749,1324,4971
강서구청역,2022년 5월,86731,80390,32106,926,4516
강서구청역,2022년 6월,79462,73926,28802,736,3919
강서구청역,2022년 7월,76758,72237,27885,604,2679
강서구청역,2022년 8월,71684,67335,26033,580,2714
강서구청역,2022년 9월,74810,70032,26765,651,3443
강서구청역,2022년 10월,92787,87816,33718,885,4512
강서구청역,2022년 11월,83819,79720,29914,672,3668
강서구청역,2022년 12월,76921,73003,26555,583,3832
강서구청역,2023년 1월,66483,63627,23217,466,934
강서구청역,2023년 2월,69542,66249,24690,449,1612
강서구청역,2023년 3월,91613,87095,31324,850,5308
강서구청역,2023년 4월,94112,90207,33950,956,4475
강서구청역,2023년 5월,80868,76657,29784,544,4517
강서구청역,2023년 6월,82434,77590,31103,628,4541
강서구청역,2023년 7월,68968,64578,23432,445,3321
강서구청역,2023년 8월,71926,65584,24028,447,3065
강서구청역,2023년 9월,76517,70600,26819,460,4033
강서구청역,2023년 10월,98342,92347,36322,468,4878
강서구청역,2023년 11월,85915,80989,30714,223,4321
강서구청역,2023년 12월,75697,71081,26846,202,3713
강서구청역,2024년 1월,76276,72620,28174,158,1575
강서구청역,2024년 2월,67567,64867,25321,198,1092
강서구청역,2024년 3월,95846,90315,33890,692,5563
강서구청역,2024년 4월,119013,113452,46492,957,5888
강서구청역,2024년 5월,88025,83355,33723,351,4783
강서구청역,2024년 6월,81215,76046,30587,336,4530
강서구청역,2024년 7월,80971,75342,27796,279,3803
강서구청역,2024년 8월,74107,69838,25597,345,3519
강서구청역,2024년 9월,79702,75414,30089,416,4122
강서구청역,2024년 10월,96733,91837,38195,415,5045
강서구청역,2024년 11월,90092,85493,34993,304,4920
강서구청역,2024년 12월,85599,81363,33833,266,4654
체육공원역,2014년 1월,26294,23886,8912,417,1198
체육공원역,2014년 2월,25423,23851,8326,487,1137
체육공원역,2014년 3월,28500,26702,10414,429,1004
체육공원역,2014년 4월,35359,33032,13264,761,1454
체육공원역,2014년 5월,32339,29948,11213,818,2398
체육공원역,2014년 6월,28619,26057,10453,527,1099
체육공원역,2014년 7월,32453,31068,11582,707,1841
체육공원역,2014년 8월,26727,23822,9797,525,1123
체육공원역,2014년 9월,29734,26778,9503,647,2504
체육공원역,2014년 10월,31266,29366,11359,574,1052
체육공원역,2014년 11월,29082,26663,10420,471,1166
체육공원역,2014년 12월,30267,27354,11375,637,1171
체육공원역,2015년 1월,26190,23932,9890,500,924
체육공원역,2015년 2월,24399,22935,8266,647,1206
체육공원역,2015년 3월,28378,26410,10635,549,647
체육공원역,2015년 4월,31560,28611,11703,696,1280
체육공원역,2015년 5월,33534,30672,11460,1040,3550
체육공원역,2015년 6월,26774,24526,10429,462,664
체육공원역,2015년 7월,31058,28834,11792,572,955
체육공원역,2015년 8월,30792,27825,12175,749,961
체육공원역,2015년 9월,28097,25236,10757,635,1119
체육공원역,2015년 10월,33723,31622,12746,613,867
체육공원역,2015년 11월,28546,25637,10767,513,850
체육공원역,2015년 12월,29856,26569,10856,877,1121
체육공원역,2016년 1월,25604,23307,9825,536,823
체육공원역,2016년 2월,23236,21696,8727,371,803
체육공원역,2016년 3월,30191,27805,11446,535,858
체육공원역,2016년 4월,38527,35871,15407,1095,1219
체육공원역,2016년 5월,31079,28882,11956,863,912
체육공원역,2016년 6월,30854,28624,11778,791,2071
체육공원역,2016년 7월,33898,31076,12945,814,2694
체육공원역,2016년 8월,30753,28340,12714,596,1037
체육공원역,2016년 9월,27733,24964,10758,558,1424
체육공원역,2016년 10월,31448,28485,11917,626,1051
체육공원역,2016년 11월,29428,26954,11320,481,872
체육공원역,2016년 12월,27984,25177,10927,382,870
체육공원역,2017년 1월,24220,21883,9232,502,678
체육공원역,2017년 2월,27242,25505,10473,473,871
체육공원역,2017년 3월,29843,28311,12495,551,841
체육공원역,2017년 4월,40655,38204,17084,978,1021
체육공원역,2017년 5월,31916,29476,12842,976,1624
체육공원역,2017년 6월,31563,30130,13719,607,1217
체육공원역,2017년 7월,34578,32059,14212,871,2877
체육공원역,2017년 8월,30113,28706,13839,764,680
체육공원역,2017년 9월,30022,28424,13396,613,1079
체육공원역,2017년 10월,32653,30275,13471,702,1035
체육공원역,2017년 11월,29305,27017,12812,671,671
체육공원역,2017년 12월,27844,25251,11979,512,785
체육공원역,2018년 1월,26893,24884,11409,421,563
체육공원역,2018년 2월,27764,25917,12304,515,953
체육공원역,2018년 3월,29622,27752,13338,519,762
체육공원역,2018년 4월,31756,29715,12016,796,635
체육공원역,2018년 5월,35488,32241,14196,1241,3443
체육공원역,2018년 6월,29861,28539,13798,586,872
체육공원역,2018년 7월,30231,28515,14434,613,1177
체육공원역,2018년 8월,32875,31301,15948,765,688
체육공원역,2018년 9월,26772,25307,12898,475,793
체육공원역,2018년 10월,33534,31752,15407,510,875
체육공원역,2018년 11월,30521,29002,13644,540,2198
체육공원역,2018년 12월,27106,24963,12357,552,1209
체육공원역,2019년 1월,27108,25460,13213,522,542
체육공원역,2019년 2월,24898,22798,10715,514,707
체육공원역,2019년 3월,30005,28913,15120,462,629
체육공원역,2019년 4월,37725,36254,18713,758,747
체육공원역,2019년 5월,34561,32838,15894,829,3461
체육공원역,2019년 6월,23651,22134,8430,755,1506
체육공원역,2019년 7월,30651,29513,15687,444,1157
체육공원역,2019년 8월,30279,29103,16347,548,521
체육공원역,2019년 9월,31792,30349,17775,374,585
체육공원역,2019년 10월,38356,37003,22090,485,793
체육공원역,2019년 11월,35303,33828,20120,390,564
체육공원역,2019년 12월,33543,31901,18780,574,598
체육공원역,2020년 1월,28875,27153,13864,486,687
체육공원역,2020년 2월,21948,21162,11107,270,354
체육공원역,2020년 3월,13047,12473,4533,103,49
체육공원역,2020년 4월,14426,13525,5231,133,68
체육공원역,2020년 5월,16762,15559,6270,252,190
체육공원역,2020년 6월,17998,16821,6485,286,286
체육공원역,2020년 7월,18512,17379,6340,299,319
체육공원역,2020년 8월,15825,14973,5778,280,357
체육공원역,2020년 9월,16540,15295,6300,229,350
체육공원역,2020년 10월,17916,16314,7099,258,384
체육공원역,2020년 11월,19823,17890,7645,322,445
체육공원역,2020년 12월,15098,13752,5108,200,292
체육공원역,2021년 1월,13757,12706,4630,165,236
체육공원역,2021년 2월,13990,12912,5033,140,218
체육공원역,2021년 3월,20800,19560,8599,314,400
체육공원역,2021년 4월,18983,17532,7058,307,401
체육공원역,2021년 5월,18444,16961,7100,245,375
체육공원역,2021년 6월,20298,18959,8208,233,346
체육공원역,2021년 7월,19507,18569,7748,211,447
체육공원역,2021년 8월,16398,15276,5982,140,323
체육공원역,2021년 9월,16478,15347,6015,181,356
체육공원역,2021년 10월,20548,19242,8859,186,388
체육공원역,2021년 11월,20183,18729,8433,144,400
체육공원역,2021년 12월,19612,18013,7910,165,365
체육공원역,2022년 1월,18069,16762,7558,160,234
체육공원역,2022년 2월,15319,14298,6417,99,305
체육공원역,2022년 3월,17827,16833,7795,133,244
체육공원역,2022년 4월,21492,20116,9566,208,424
체육공원역,2022년 5월,24661,22967,11604,227,610
체육공원역,2022년 6월,24850,23556,12298,242,849
체육공원역,2022년 7월,26235,24963,13171,286,1106
체육공원역,2022년 8월,24627,23715,12873,262,464
체육공원역,2022년 9월,21934,20397,10390,197,405
체육공원역,2022년 10월,29322,27367,15862,260,391
체육공원역,2022년 11월,28773,26960,15353,272,441
체육공원역,2022년 12월,28700,27244,15749,154,574
체육공원역,2023년 1월,24227,22408,11401,224,586
체육공원역,2023년 2월,24310,22936,12931,296,471
체육공원역,2023년 3월,28371,26915,15519,239,370
체육공원역,2023년 4월,35274,33552,18253,556,541
체육공원역,2023년 5월,29262,27354,14696,266,1649
체육공원역,2023년 6월,27160,26559,14544,250,453
체육공원역,2023년 7월,27619,26583,13940,319,2204
체육공원역,2023년 8월,27750,27023,14101,251,679
체육공원역,2023년 9월,25107,24712,13028,160,714
체육공원역,2023년 10월,27797,27946,14353,242,717
체육공원역,2023년 11월,28301,27985,14569,243,757
체육공원역,2023년 12월,25644,24979,13055,135,887
체육공원역,2024년 1월,26380,25840,13353,282,1042
체육공원역,2024년 2월,27139,26554,12180,299,2138
체육공원역,2024년 3월,38898,38869,20820,586,921
체육공원역,2024년 4월,28987,29285,15164,292,573
체육공원역,2024년 5월,32864,32868,16067,490,2800
체육공원역,2024년 6월,29555,29967,15523,260,1124
체육공원역,2024년 7월,30951,30380,15267,349,2460
체육공원역,2024년 8월,30587,30459,15936,433,1401
체육공원역,2024년 9월,29035,28725,16153,358,1151
체육공원역,2024년 10월,35473,35086,20584,285,764
체육공원역,2024년 11월,31454,30814,17382,364,717
체육공원역,2024년 12월,29562,29343,16259,213,1026
대저역,2014년 1월,239354,192573,35123,3299,10862
대저역,2014년 2월,225397,181323,33674,2399,10711
대저역,2014년 3월,271303,217325,41331,2013,12674
대저역,2014년 4월,282214,226188,43927,2319,12212
대저역,2014년 5월,284727,229407,43389,3366,13989
대저역,2014년 6월,260325,211439,41165,2732,11242
대저역,2014년 7월,258543,212407,41073,2746,11510
대저역,2014년 8월,246350,203006,38472,3411,10933
대저역,2014년 9월,267334,217369,39648,2614,10715
대저역,2014년 10월,287432,231805,43536,2718,12756
대저역,2014년 11월,275845,221200,41382,2475,12441
대저역,2014년 12월,279908,228052,39650,2440,11752
대저역,2015년 1월,252439,207506,38892,3148,10517
대저역,2015년 2월,223229,184305,34214,2562,11089
대저역,2015년 3월,282990,233665,43790,2063,12591
대저역,2015년 4월,288173,237804,45154,2734,11450
대저역,2015년 5월,284629,235590,45324,3351,13105
대저역,2015년 6월,242234,202001,39465,1437,8503
대저역,2015년 7월,253701,212602,40754,2627,10442
대저역,2015년 8월,248695,208801,40529,3401,11559
대저역,2015년 9월,263694,216873,40169,2640,10155
대저역,2015년 10월,287751,234113,45832,2885,12122
대저역,2015년 11월,275666,224127,42408,2464,10783
대저역,2015년 12월,290711,232718,43807,2669,11225
대저역,2016년 1월,257894,210818,39887,2822,9928
대저역,2016년 2월,245620,200782,37441,2673,10499
대저역,2016년 3월,291592,240337,45998,1977,11931
대저역,2016년 4월,302330,249319,48269,2908,11705
대저역,2016년 5월,294463,244440,46520,3038,13362
대저역,2016년 6월,283868,238467,44744,2464,10061
대저역,2016년 7월,278197,235252,43993,2725,11562
대저역,2016년 8월,268233,227039,43909,3365,11209
대저역,2016년 9월,268425,225941,41505,2297,10281
대저역,2016년 10월,293144,244974,47134,2692,13362
대저역,2016년 11월,295641,244509,46255,2262,12384
대저역,2016년 12월,295877,243835,44939,2381,11695
대저역,2017년 1월,263781,220945,39475,3036,10255
대저역,2017년 2월,259492,215834,40877,2460,10577
대저역,2017년 3월,298834,252398,47258,2120,13024
대저역,2017년 4월,307545,260668,49812,2836,11875
대저역,2017년 5월,295599,251211,47983,2994,13595
대저역,2017년 6월,281123,239435,47078,2345,10120
대저역,2017년 7월,268343,228674,45479,2705,10566
대저역,2017년 8월,267675,227501,44868,3583,11301
대저역,2017년 9월,284479,240717,46506,2429,9995
대저역,2017년 10월,271494,229256,44397,3223,10972
대저역,2017년 11월,288435,242630,47408,2350,9912
대저역,2017년 12월,276273,230317,43556,2301,9789
대저역,2018년 1월,257616,216347,40612,2586,8618
대저역,2018년 2월,231635,193688,36487,2395,8437
대저역,2018년 3월,286942,242759,47868,2075,11056
대저역,2018년 4월,290413,246339,49917,2139,9636
대저역,2018년 5월,282230,240102,47230,2323,10900
대저역,2018년 6월,263659,224087,45970,2008,7755
대저역,2018년 7월,256816,218042,44924,2193,9402
대저역,2018년 8월,251073,213597,43951,2829,9226
대저역,2018년 9월,247127,209669,42154,2125,7434
대저역,2018년 10월,276632,234448,48808,2068,8965
대저역,2018년 11월,273793,230879,46973,1646,8154
대저역,2018년 12월,257859,218523,43073,1834,7871
대저역,2019년 1월,247441,209479,42232,2071,7302
대저역,2019년 2월,221398,188260,37838,1935,7086
대저역,2019년 3월,274871,234102,48855,1842,8711
대저역,2019년 4월,278815,237631,50482,1885,7752
대저역,2019년 5월,278709,238154,49410,1923,9437
대저역,2019년 6월,258828,222370,46489,1798,7411
대저역,2019년 7월,256632,219672,45265,1897,7764
대저역,2019년 8월,248025,212918,44534,2475,8435
대저역,2019년 9월,245881,209504,42682,1575,6234
대저역,2019년 10월,273041,231177,49386,1637,7211
대저역,2019년 11월,273337,230436,47400,1540,7267
대저역,2019년 12월,268849,226654,45963,1675,7095
대저역,2020년 1월,239923,204475,41275,2148,5957
대저역,2020년 2월,185242,157058,33419,832,3844
대저역,2020년 3월,139660,118684,26609,377,1616
대저역,2020년 4월,158707,135665,31574,535,2238
대저역,2020년 5월,190049,163226,36994,847,3485
대저역,2020년 6월,206236,177365,38256,813,4590
대저역,2020년 7월,213907,183656,38031,831,4331
대저역,2020년 8월,184118,160042,34383,1092,4193
대저역,2020년 9월,178719,154992,32700,638,3500
대저역,2020년 10월,201199,176821,35562,811,4414
대저역,2020년 11월,211991,184356,36336,774,4615
대저역,2020년 12월,166534,145918,28803,460,3007
대저역,2021년 1월,159706,139506,28050,526,3117
대저역,2021년 2월,166905,145917,28832,692,4482
대저역,2021년 3월,218196,191156,39403,653,6525
대저역,2021년 4월,214115,187593,39904,622,5361
대저역,2021년 5월,211227,185119,38595,900,5916
대저역,2021년 6월,210942,184272,38204,760,4896
대저역,2021년 7월,199039,173678,36302,754,4610
대저역,2021년 8월,174784,152939,32942,697,3771
대저역,2021년 9월,188827,166861,35115,677,4777
대저역,2021년 10월,220385,192520,41300,835,5871
대저역,2021년 11월,231132,199410,41541,833,5069
대저역,2021년 12월,215963,186397,37476,620,5274
대저역,2022년 1월,198511,172409,36146,950,4639
대저역,2022년 2월,171552,150003,31522,701,4168
대저역,2022년 3월,200599,176857,37903,545,5857
대저역,2022년 4월,233756,205666,44787,908,6462
대저역,2022년 5월,255593,222798,48589,1285,8163
대저역,2022년 6월,234096,205819,45364,1113,5650
대저역,2022년 7월,232476,205728,44749,1365,7883
대저역,2022년 8월,218371,192706,42520,1574,7140
대저역,2022년 9월,222410,196099,41795,1065,5606
대저역,2022년 10월,246949,216157,47936,1304,6868
대저역,2022년 11월,243876,212685,46905,1076,5801
대저역,2022년 12월,234015,204363,43227,954,6304
대저역,2023년 1월,211515,184180,39150,1298,5644
대저역,2023년 2월,211536,183319,41642,1307,5935
대저역,2023년 3월,250778,218215,51034,901,7218
대저역,2023년 4월,241550,211685,50020,1215,6750
대저역,2023년 5월,244716,213906,49293,1072,7585
대저역,2023년 6월,237600,209385,47620,1271,6025
대저역,2023년 7월,225469,198268,44574,1369,8236
대저역,2023년 8월,227430,200569,44201,1757,8145
대저역,2023년 9월,236285,209050,45528,1209,6320
대저역,2023년 10월,257901,225807,52943,1322,7500
대저역,2023년 11월,258215,225179,50920,936,6557
대저역,2023년 12월,245785,216364,48068,1075,6843
대저역,2024년 1월,236705,209384,47490,1296,6580
대저역,2024년 2월,220650,194695,43520,1383,6669
대저역,2024년 3월,259439,229340,53926,1183,8401
대저역,2024년 4월,263065,231237,56142,1251,7317
대저역,2024년 5월,268592,236015,55748,1583,9745
대저역,2024년 6월,246537,218150,51239,1465,7595
대저역,2024년 7월,250388,222066,50991,1424,8848
대저역,2024년 8월,240599,212517,49180,1946,8950
대저역,2024년 9월,240837,213516,48400,1624,7539
대저역,2024년 10월,257433,226933,55024,1465,7064
대저역,2024년 11월,264611,230830,53480,1463,7532
대저역,2024년 12월,257688,224134,53155,1324,7761
4동래역,2014년 1월,59759,71520,21850,1170,3177
4동래역,2014년 2월,57792,67151,20781,1048,3521
4동래역,2014년 3월,69063,81585,25290,1105,4455
4동래역,2014년 4월,69616,82419,25762,1045,4136
4동래역,2014년 5월,70252,84241,25809,1253,4163
4동래역,2014년 6월,65539,76401,24917,1067,3515
4동래역,2014년 7월,67623,77493,25944,1120,3790
4동래역,2014년 8월,61179,71391,22758,1145,3032
4동래역,2014년 9월,60769,71614,21669,959,3194
4동래역,2014년 10월,69722,80840,25769,1190,3770
4동래역,2014년 11월,65465,76233,24290,1031,3450
4동래역,2014년 12월,66866,79094,23982,1036,3643
4동래역,2015년 1월,64011,73954,23978,1134,2950
4동래역,2015년 2월,55667,66004,20254,1034,2896
4동래역,2015년 3월,72944,84065,27493,1132,3733
4동래역,2015년 4월,70187,80879,26677,977,3472
4동래역,2015년 5월,70942,81971,26453,1131,3689
4동래역,2015년 6월,60970,70072,23166,907,3054
4동래역,2015년 7월,67527,77571,26538,1070,2999
4동래역,2015년 8월,62771,72353,23699,1109,2715
4동래역,2015년 9월,64963,77100,23945,952,2994
4동래역,2015년 10월,73283,86235,28314,1309,3359
4동래역,2015년 11월,69103,80477,25724,1192,3243
4동래역,2015년 12월,71676,85666,26354,1228,3291
4동래역,2016년 1월,64452,75123,24189,1168,2421
4동래역,2016년 2월,61486,72133,22155,1125,2749
4동래역,2016년 3월,73750,84242,27470,1127,3450
4동래역,2016년 4월,74129,87058,28083,1060,3205
4동래역,2016년 5월,74867,85247,28512,1187,3213
4동래역,2016년 6월,70313,80425,27419,1060,2958
4동래역,2016년 7월,68556,78468,25944,1096,2834
4동래역,2016년 8월,65855,75713,24951,988,2668
4동래역,2016년 9월,66944,78607,24738,896,2831
4동래역,2016년 10월,75351,86161,29291,1192,3201
4동래역,2016년 11월,73865,85567,28704,1020,3066
4동래역,2016년 12월,77216,89951,29709,1058,3050
4동래역,2017년 1월,67520,78472,25358,1036,2531
4동래역,2017년 2월,66361,76251,25899,1001,2638
4동래역,2017년 3월,78066,87676,30706,1061,3769
4동래역,2017년 4월,75612,85829,30263,1068,3290
4동래역,2017년 5월,76830,86361,31527,1172,3391
4동래역,2017년 6월,74401,82600,31150,1083,3043
4동래역,2017년 7월,70756,78366,29249,1031,2691
4동래역,2017년 8월,68761,76279,28945,1107,2384
4동래역,2017년 9월,74571,83822,30513,1104,2613
4동래역,2017년 10월,72583,83634,29060,1233,2819
4동래역,2017년 11월,76154,84978,31294,1184,2872
4동래역,2017년 12월,73493,83671,29136,1214,2666
4동래역,2018년 1월,69697,77579,28276,1093,2249
4동래역,2018년 2월,62022,69692,24988,1017,2196
4동래역,2018년 3월,77484,85594,32347,1078,3028
4동래역,2018년 4월,75536,82822,32526,1034,2489
4동래역,2018년 5월,75229,82179,32503,1020,2684
4동래역,2018년 6월,70340,76940,31059,1005,2161
4동래역,2018년 7월,71255,75682,30540,1067,2264
4동래역,2018년 8월,67126,72702,29444,1022,2042
4동래역,2018년 9월,66557,73274,28742,940,1982
4동래역,2018년 10월,77488,84309,34698,1100,2221
4동래역,2018년 11월,73111,78883,32535,851,2279
4동래역,2018년 12월,70778,78036,30594,808,2076
4동래역,2019년 1월,69079,75264,31726,849,1891
4동래역,2019년 2월,61547,67385,27473,901,1748
4동래역,2019년 3월,75596,81475,34817,880,2269
4동래역,2019년 4월,74864,80193,35092,773,1741
4동래역,2019년 5월,76570,82536,35406,971,2113
4동래역,2019년 6월,72224,77177,34237,884,1920
4동래역,2019년 7월,72818,77603,34684,921,1875
4동래역,2019년 8월,68209,72571,31378,925,1803
4동래역,2019년 9월,67148,73752,30805,728,1724
4동래역,2019년 10월,76771,83033,36223,896,1915
4동래역,2019년 11월,74103,81524,34257,844,1889
4동래역,2019년 12월,74474,82067,34201,814,1819
4동래역,2020년 1월,67227,73254,30376,794,1767
4동래역,2020년 2월,53066,57430,24073,497,1270
4동래역,2020년 3월,38506,40897,16610,208,527
4동래역,2020년 4월,46120,50964,20607,289,793
4동래역,2020년 5월,55713,61949,26381,378,995
4동래역,2020년 6월,60188,65826,28120,522,1525
4동래역,2020년 7월,61883,68185,28845,571,1573
4동래역,2020년 8월,53022,56667,24287,500,1254
4동래역,2020년 9월,50425,54711,22974,439,1109
4동래역,2020년 10월,55729,61369,25764,535,1272
4동래역,2020년 11월,57876,62881,27202,576,1422
4동래역,2020년 12월,45817,47782,21461,309,831
4동래역,2021년 1월,45300,47734,20605,387,931
4동래역,2021년 2월,45918,48913,20897,412,983
4동래역,2021년 3월,60114,64461,28374,529,1753
4동래역,2021년 4월,56462,60319,26415,489,1366
4동래역,2021년 5월,57749,61695,27119,524,1293
4동래역,2021년 6월,59761,64477,28006,610,1372
4동래역,2021년 7월,56972,60198,26421,527,1377
4동래역,2021년 8월,50821,52661,23958,438,1198
4동래역,2021년 9월,53527,56603,25633,541,1472
4동래역,2021년 10월,61358,66064,29954,628,1605
4동래역,2021년 11월,62998,68436,30102,607,1569
4동래역,2021년 12월,59381,63406,27555,568,1559
4동래역,2022년 1월,56756,59224,25929,475,1485
4동래역,2022년 2월,50144,52662,23359,464,1314
4동래역,2022년 3월,57430,60885,27106,411,1750
4동래역,2022년 4월,62552,68257,29609,508,1742
4동래역,2022년 5월,68302,74133,32443,626,2012
4동래역,2022년 6월,64968,69856,31278,551,1699
4동래역,2022년 7월,64028,68839,30731,637,1740
4동래역,2022년 8월,59693,64407,28991,564,1457
4동래역,2022년 9월,61127,67231,29215,480,1499
4동래역,2022년 10월,67684,75093,34029,530,1629
4동래역,2022년 11월,66629,72662,32921,491,1499
4동래역,2022년 12월,65698,71931,31712,456,1605
4동래역,2023년 1월,58963,64295,28074,489,1326
4동래역,2023년 2월,60551,64627,30400,433,1428
4동래역,2023년 3월,69961,75349,36037,531,1860
4동래역,2023년 4월,65948,69157,34066,546,1728
4동래역,2023년 5월,66688,72112,34562,569,1721
4동래역,2023년 6월,65303,71851,34042,517,1586
4동래역,2023년 7월,61660,67448,31665,508,1683
4동래역,2023년 8월,62298,66253,30705,533,1485
4동래역,2023년 9월,62910,67846,30876,450,1607
4동래역,2023년 10월,69760,75738,36442,394,1655
4동래역,2023년 11월,67439,72988,34333,304,1543
4동래역,2023년 12월,66456,72217,32931,339,1549
4동래역,2024년 1월,65760,70120,33909,429,1384
4동래역,2024년 2월,60541,65507,30108,467,1298
4동래역,2024년 3월,70223,75462,35854,528,1914
4동래역,2024년 4월,70153,75783,36169,606,1655
4동래역,2024년 5월,71219,75095,36871,585,1837
4동래역,2024년 6월,67339,70956,35304,566,1646
4동래역,2024년 7월,68797,72113,35942,568,1884
4동래역,2024년 8월,64686,67271,32857,626,1718
4동래역,2024년 9월,62937,66538,32416,503,1626
4동래역,2024년 10월,71111,73306,38349,514,1741
4동래역,2024년 11월,70154,71098,36786,459,1821
4동래역,2024년 12월,68500,69980,35757,442,1800
수안역,2014년 1월,88763,92937,43054,1531,3316
수안역,2014년 2월,83706,87547,39494,1274,3395
수안역,2014년 3월,97941,101788,47542,1143,3716
수안역,2014년 4월,98360,102575,47969,1186,3399
수안역,2014년 5월,101712,105697,49811,1429,3682
수안역,2014년 6월,97072,101418,48919,1417,3175
수안역,2014년 7월,105681,110622,52478,1699,3688
수안역,2014년 8월,96559,101001,48100,1667,3617
수안역,2014년 9월,94269,100287,46734,1292,3038
수안역,2014년 10월,101280,105749,50585,1459,3298
수안역,2014년 11월,96563,102336,48502,1310,3359
수안역,2014년 12월,101915,106848,49529,1499,3516
수안역,2015년 1월,102248,107128,51673,1596,3701
수안역,2015년 2월,87651,91611,43570,1374,2928
수안역,2015년 3월,106698,111610,53567,1357,3383
수안역,2015년 4월,104830,109745,52669,1378,3232
수안역,2015년 5월,105131,110242,53350,1543,3481
수안역,2015년 6월,96330,102440,48318,1319,2995
수안역,2015년 7월,109575,115982,55567,1647,3570
수안역,2015년 8월,103116,108477,52008,1771,3249
수안역,2015년 9월,102417,107829,51356,1501,3091
수안역,2015년 10월,109789,114733,55234,1594,3124
수안역,2015년 11월,102829,108051,51018,1492,3062
수안역,2015년 12월,108481,114853,53848,1483,3242
수안역,2016년 1월,104669,110402,52071,1436,3220
수안역,2016년 2월,98286,102837,47867,1427,3146
수안역,2016년 3월,113114,119066,56993,1378,2993
수안역,2016년 4월,112498,116523,55920,1489,3037
수안역,2016년 5월,115776,120472,59450,1502,3042
수안역,2016년 6월,115635,120362,60438,1474,2669
수안역,2016년 7월,116417,122170,59521,1637,3200
수안역,2016년 8월,114017,119501,58319,1642,3080
수안역,2016년 9월,107103,112665,54191,1332,2729
수안역,2016년 10월,112353,117066,58300,1443,2796
수안역,2016년 11월,110417,115730,56726,1377,2927
수안역,2016년 12월,114721,119733,58302,1635,3387
수안역,2017년 1월,105578,111388,53803,1589,2783
수안역,2017년 2월,103590,109226,53543,1443,2748
수안역,2017년 3월,117754,122404,61870,1392,2986
수안역,2017년 4월,113578,118025,58692,1398,2981
수안역,2017년 5월,116779,121618,61986,1541,2935
수안역,2017년 6월,116633,122016,63452,1387,2488
수안역,2017년 7월,117318,123034,62985,1462,2748
수안역,2017년 8월,114603,119349,62488,1542,2886
수안역,2017년 9월,116874,120819,62991,1296,2826
수안역,2017년 10월,106989,109835,56832,1361,2726
수안역,2017년 11월,113160,117365,59748,1291,2724
수안역,2017년 12월,111080,116526,58325,1323,3041
수안역,2018년 1월,111044,116090,57347,1564,2975
수안역,2018년 2월,99089,101974,51546,1313,2579
수안역,2018년 3월,118261,121453,64048,1302,2701
수안역,2018년 4월,112943,115793,61460,1190,2258
수안역,2018년 5월,116969,119829,64064,1380,2572
수안역,2018년 6월,114136,117564,64223,1296,2303
수안역,2018년 7월,120013,124099,66085,1371,2642
수안역,2018년 8월,113334,118631,62694,1281,2224
수안역,2018년 9월,104908,109240,58744,1201,1882
수안역,2018년 10월,117623,121546,66595,1393,2069
수안역,2018년 11월,113418,118270,63702,1166,2096
수안역,2018년 12월,113434,118041,63446,1272,2289
수안역,2019년 1월,115562,121121,66392,1238,2151
수안역,2019년 2월,99691,103474,57074,1106,1810
수안역,2019년 3월,117030,120771,68885,1096,1924
수안역,2019년 4월,114372,118915,66697,1031,1712
수안역,2019년 5월,119662,123357,70285,1108,1845
수안역,2019년 6월,112158,115648,66800,1008,1574
수안역,2019년 7월,115037,119551,66380,1074,1923
수안역,2019년 8월,110906,114233,63422,1196,1803
수안역,2019년 9월,104361,109093,60170,1013,1568
수안역,2019년 10월,115858,120947,67156,1122,1788
수안역,2019년 11월,112415,116725,64113,957,1774
수안역,2019년 12월,115374,119732,65683,980,2232
수안역,2020년 1월,109732,114232,62039,1066,2053
수안역,2020년 2월,84724,88585,47102,623,1371
수안역,2020년 3월,63119,64883,34512,356,557
수안역,2020년 4월,74105,76652,41589,546,867
수안역,2020년 5월,89529,93038,52899,639,1083
수안역,2020년 6월,96168,99848,56552,690,1278
수안역,2020년 7월,102611,105480,59413,734,1425
수안역,2020년 8월,90136,92665,52081,712,1376
수안역,2020년 9월,83818,87124,47740,661,1338
수안역,2020년 10월,86774,88898,50043,651,1448
수안역,2020년 11월,92659,95674,53845,612,1450
수안역,2020년 12월,77065,78535,42943,480,1086
수안역,2021년 1월,75903,76860,42276,559,1276
수안역,2021년 2월,75338,76468,42580,505,1422
수안역,2021년 3월,94774,95742,54681,549,1794
수안역,2021년 4월,89691,91010,51079,526,1611
수안역,2021년 5월,90618,91564,52378,558,1623
수안역,2021년 6월,95087,96873,55541,627,1513
수안역,2021년 7월,94174,97198,54321,606,1719
수안역,2021년 8월,83920,85225,48967,435,1541
수안역,2021년 9월,86836,89177,51436,550,1453
수안역,2021년 10월,94633,97726,56534,681,1520
수안역,2021년 11월,94081,97359,54904,582,1513
수안역,2021년 12월,92111,95075,52916,486,1506
수안역,2022년 1월,88900,91406,50715,589,1710
수안역,2022년 2월,77015,78796,44079,460,1348
수안역,2022년 3월,85988,87629,50635,505,1460
수안역,2022년 4월,94281,96377,55211,630,1566
수안역,2022년 5월,102924,105487,61318,667,1626
수안역,2022년 6월,101668,104446,61489,629,1440
수안역,2022년 7월,104707,107950,62690,642,1691
수안역,2022년 8월,100498,102389,59986,650,1605
수안역,2022년 9월,96154,97609,57150,512,1560
수안역,2022년 10월,101345,102919,61404,558,1523
수안역,2022년 11월,98249,100644,58992,517,1476
수안역,2022년 12월,99857,102292,59477,521,1638
수안역,2023년 1월,92492,95558,54680,519,1568
수안역,2023년 2월,93429,96605,56588,492,1466
수안역,2023년 3월,107109,109645,65943,588,1632
수안역,2023년 4월,100787,102745,61507,554,1610
수안역,2023년 5월,106239,108643,65475,540,1645
수안역,2023년 6월,107447,109675,67683,614,1508
수안역,2023년 7월,104922,108028,65762,473,1727
수안역,2023년 8월,104762,107608,64743,616,1577
수안역,2023년 9월,101522,105228,62711,507,1474
수안역,2023년 10월,108777,111291,68615,428,1400
수안역,2023년 11월,107191,110591,66698,222,1503
수안역,2023년 12월,106287,109235,66077,266,1629
수안역,2024년 1월,110382,114014,69500,326,1728
수안역,2024년 2월,101165,103808,63550,308,1593
수안역,2024년 3월,115960,118079,73987,357,1639
수안역,2024년 4월,113465,115828,72340,364,1379
수안역,2024년 5월,118797,121188,77301,427,1674
수안역,2024년 6월,114173,117680,75279,360,1417
수안역,2024년 7월,121722,126050,79440,395,1706
수안역,2024년 8월,114224,118688,74866,463,1621
수안역,2024년 9월,106370,110722,70067,349,1331
수안역,2024년 10월,114717,118611,76932,354,1154
수안역,2024년 11월,112042,115555,74334,342,1157
수안역,2024년 12월,115344,118406,76256,290,1410
낙민역,2014년 1월,52206,50306,18938,1250,3309
낙민역,2014년 2월,51756,49939,17419,1117,4786
낙민역,2014년 3월,61895,60174,21487,1266,6126
낙민역,2014년 4월,61712,59857,21390,1142,6091
낙민역,2014년 5월,62580,60024,21600,1362,6295
낙민역,2014년 6월,57095,55993,20673,1207,5302
낙민역,2014년 7월,60004,58472,21432,1309,5434
낙민역,2014년 8월,56186,54245,19999,1204,4358
낙민역,2014년 9월,59203,57332,20250,1213,5374
낙민역,2014년 10월,63293,61260,21810,1220,5617
낙민역,2014년 11월,59857,59215,20540,1211,5294
낙민역,2014년 12월,62315,60287,20992,1327,5352
낙민역,2015년 1월,55408,54706,20339,1102,3009
낙민역,2015년 2월,50947,49307,18170,1091,3468
낙민역,2015년 3월,63047,61928,22290,1210,5619
낙민역,2015년 4월,65017,62509,23099,1206,5351
낙민역,2015년 5월,63413,60785,22833,1406,5320
낙민역,2015년 6월,57176,55833,20285,1105,4787
낙민역,2015년 7월,61770,60551,22464,1296,4696
낙민역,2015년 8월,58062,55740,21333,1250,3629
낙민역,2015년 9월,61469,58662,21645,1310,4619
낙민역,2015년 10월,62638,61158,23434,1295,4569
낙민역,2015년 11월,59745,58240,21656,1249,4732
낙민역,2015년 12월,60643,58837,22354,1202,4459
낙민역,2016년 1월,53548,52340,20542,1138,2303
낙민역,2016년 2월,52297,51111,19484,1227,2889
낙민역,2016년 3월,65060,62178,23843,1299,4878
낙민역,2016년 4월,63245,59605,23060,1376,4579
낙민역,2016년 5월,63163,59710,23280,1367,4636
낙민역,2016년 6월,60319,58599,22847,1259,4165
낙민역,2016년 7월,60118,57227,22898,1223,3793
낙민역,2016년 8월,58442,56487,22663,1269,3904
낙민역,2016년 9월,59890,56110,22287,1148,4158
낙민역,2016년 10월,61538,59135,23860,1180,4226
낙민역,2016년 11월,62299,60309,23748,1056,4673
낙민역,2016년 12월,60631,59246,24068,881,3545
낙민역,2017년 1월,57164,54591,23157,847,2146
낙민역,2017년 2월,54961,53609,23120,751,2354
낙민역,2017년 3월,67050,65364,26713,1103,4778
낙민역,2017년 4월,67208,61699,26216,925,4246
낙민역,2017년 5월,68520,63825,27630,1351,4474
낙민역,2017년 6월,65867,62152,28113,1274,3619
낙민역,2017년 7월,63940,60995,26833,1229,3379
낙민역,2017년 8월,59328,57270,25743,1141,2549
낙민역,2017년 9월,69568,61555,26906,1288,3777
낙민역,2017년 10월,65537,56731,24991,1259,3599
낙민역,2017년 11월,70883,62455,26114,1298,4114
낙민역,2017년 12월,65416,60179,25151,1233,3574
낙민역,2018년 1월,59488,56933,24950,934,1728
낙민역,2018년 2월,50450,50479,22365,1055,1985
낙민역,2018년 3월,61622,62129,27697,1248,3221
낙민역,2018년 4월,57743,58464,26330,1094,2720
낙민역,2018년 5월,58561,59650,27552,1182,2854
낙민역,2018년 6월,53691,54467,25750,1076,2523
낙민역,2018년 7월,53541,54595,25981,997,2541
낙민역,2018년 8월,50726,51574,25207,974,2027
낙민역,2018년 9월,49268,50475,23755,977,2325
낙민역,2018년 10월,54137,56621,26886,937,2510
낙민역,2018년 11월,52898,54585,25672,1058,2633
낙민역,2018년 12월,50860,51909,24966,933,2212
낙민역,2019년 1월,50808,52248,26868,831,1247
낙민역,2019년 2월,44239,45714,23288,704,1255
낙민역,2019년 3월,55625,57781,28939,1053,2488
낙민역,2019년 4월,55758,57340,28753,799,2299
낙민역,2019년 5월,56299,58095,28711,899,2521
낙민역,2019년 6월,52543,54121,27415,805,2090
낙민역,2019년 7월,53364,55214,27466,843,2093
낙민역,2019년 8월,51615,52860,27285,873,1687
낙민역,2019년 9월,50618,52139,25737,874,2379
낙민역,2019년 10월,55683,57411,28629,941,2391
낙민역,2019년 11월,54657,56407,28073,963,2371
낙민역,2019년 12월,54964,56590,29053,789,1858
낙민역,2020년 1월,48281,49926,25323,672,924
낙민역,2020년 2월,39883,41898,20740,494,960
낙민역,2020년 3월,29921,31723,15498,232,223
낙민역,2020년 4월,35653,37526,19203,306,321
낙민역,2020년 5월,42211,43682,23790,388,684
낙민역,2020년 6월,47356,49205,25564,551,2589
낙민역,2020년 7월,49178,51247,26465,584,2837
낙민역,2020년 8월,40927,42954,22370,438,1534
낙민역,2020년 9월,39134,41204,20803,424,1510
낙민역,2020년 10월,42416,44471,22912,481,1707
낙민역,2020년 11월,45129,47140,24157,515,2128
낙민역,2020년 12월,36580,38819,18883,332,1230
낙민역,2021년 1월,33998,36078,17609,273,700
낙민역,2021년 2월,34848,36718,18404,330,921
낙민역,2021년 3월,47561,49867,25672,430,2463
낙민역,2021년 4월,44671,47197,23649,386,2376
낙민역,2021년 5월,44754,47158,24128,455,2073
낙민역,2021년 6월,46524,48837,24631,480,2487
낙민역,2021년 7월,44570,46386,23941,402,1697
낙민역,2021년 8월,39766,42042,21596,259,1567
낙민역,2021년 9월,43904,46140,23748,448,2450
낙민역,2021년 10월,48335,50144,26444,517,2718
낙민역,2021년 11월,48554,50010,25569,492,2513
낙민역,2021년 12월,45443,47438,23380,403,2299
낙민역,2022년 1월,42442,44023,23130,294,813
낙민역,2022년 2월,38340,39904,21146,325,955
낙민역,2022년 3월,46908,48318,24659,395,3388
낙민역,2022년 4월,51800,53054,27130,543,3865
낙민역,2022년 5월,53953,55634,28731,542,3687
낙민역,2022년 6월,51712,52725,27605,503,3575
낙민역,2022년 7월,51093,52290,28576,461,2455
낙민역,2022년 8월,47839,48500,26976,425,2177
낙민역,2022년 9월,48385,49956,25806,494,3252
낙민역,2022년 10월,51277,52816,28406,476,3081
낙민역,2022년 11월,51449,53352,28046,434,3093
낙민역,2022년 12월,49524,51894,26596,387,3449
낙민역,2023년 1월,42862,44526,23562,354,1015
낙민역,2023년 2월,44764,46302,25236,325,1694
낙민역,2023년 3월,54310,56100,29090,478,4973
낙민역,2023년 4월,51027,52181,27984,472,4529
낙민역,2023년 5월,52212,53393,29418,406,4287
낙민역,2023년 6월,51457,52777,28586,451,4391
낙민역,2023년 7월,46023,48102,26736,312,2707
낙민역,2023년 8월,46396,40420,26007,311,2463
낙민역,2023년 9월,48674,45433,26352,378,3920
낙민역,2023년 10월,51802,53040,29516,273,3597
낙민역,2023년 11월,52880,53838,29055,207,3816
낙민역,2023년 12월,50136,50993,27782,241,3216
낙민역,2024년 1월,49381,50915,28699,286,1487
낙민역,2024년 2월,44369,45556,26294,325,872
낙민역,2024년 3월,54985,55868,30737,327,4409
낙민역,2024년 4월,55578,56360,31045,329,4617
낙민역,2024년 5월,56044,56821,31837,363,4237
낙민역,2024년 6월,53674,54341,30605,324,4128
낙민역,2024년 7월,55952,57081,32753,338,3465
낙민역,2024년 8월,49644,50677,29257,290,2686
낙민역,2024년 9월,49614,50384,27920,370,3891
낙민역,2024년 10월,53423,55201,30631,319,4065
낙민역,2024년 11월,53552,54693,30808,334,3932
낙민역,2024년 12월,50743,52331,29338,346,3413
충렬사역,2014년 1월,96272,97956,46124,1466,2685
충렬사역,2014년 2월,90496,91992,43265,1254,2984
충렬사역,2014년 3월,107826,109218,53330,1221,3263
충렬사역,2014년 4월,108587,110353,54177,999,2828
충렬사역,2014년 5월,111296,113100,54969,1443,3571
충렬사역,2014년 6월,102463,104428,52254,1150,2597
충렬사역,2014년 7월,104305,105978,53298,1338,2850
충렬사역,2014년 8월,96550,96642,48640,1378,2761
충렬사역,2014년 9월,100106,101014,49624,1250,2718
충렬사역,2014년 10월,110000,111273,55523,1393,2903
충렬사역,2014년 11월,105239,105847,53169,1275,2994
충렬사역,2014년 12월,110054,103412,53650,1465,3340
충렬사역,2015년 1월,105907,106277,53155,1571,2844
충렬사역,2015년 2월,92465,92646,45494,1323,2575
충렬사역,2015년 3월,114246,115072,57431,1272,2893
충렬사역,2015년 4월,114297,114571,57781,1277,2648
충렬사역,2015년 5월,113501,114340,57730,1476,2931
충렬사역,2015년 6월,101854,102290,52077,1029,2183
충렬사역,2015년 7월,109651,109299,56427,1359,2387
충렬사역,2015년 8월,101351,102196,51880,1608,2358
충렬사역,2015년 9월,107606,106397,53786,1497,2468
충렬사역,2015년 10월,117383,116820,60899,1534,2704
충렬사역,2015년 11월,110515,110292,55769,1303,2869
충렬사역,2015년 12월,115577,115771,58507,1333,2873
충렬사역,2016년 1월,107079,107495,54572,1380,2561
충렬사역,2016년 2월,101235,100799,50116,1344,2731
충렬사역,2016년 3월,120304,119360,61737,1188,2821
충렬사역,2016년 4월,118604,117640,59830,1354,2687
충렬사역,2016년 5월,121113,119521,61978,1416,2925
충렬사역,2016년 6월,117184,116214,61225,1263,2446
충렬사역,2016년 7월,113736,113785,59139,1364,2339
충렬사역,2016년 8월,107140,107589,56018,1417,2154
충렬사역,2016년 9월,107950,106623,54847,1209,2466
충렬사역,2016년 10월,117162,116759,61549,1337,2576
충렬사역,2016년 11월,117645,118039,61263,1337,2843
충렬사역,2016년 12월,120975,121813,62463,1488,2971
충렬사역,2017년 1월,106399,107546,54316,1558,2440
충렬사역,2017년 2월,103618,105838,53992,1368,2339
충렬사역,2017년 3월,119321,120972,63063,1257,2511
충렬사역,2017년 4월,114641,115036,59685,1278,2484
충렬사역,2017년 5월,117065,116462,62326,1433,2863
충렬사역,2017년 6월,113119,114040,62501,1292,2090
충렬사역,2017년 7월,106272,107107,58418,1292,1874
충렬사역,2017년 8월,102979,104122,56874,1256,1678
충렬사역,2017년 9월,112763,112099,61196,1162,1924
충렬사역,2017년 10월,104487,103977,54841,1321,2202
충렬사역,2017년 11월,114648,113754,60394,1195,2136
충렬사역,2017년 12월,112092,111072,58468,1219,2266
충렬사역,2018년 1월,104658,106594,55458,1070,1647
충렬사역,2018년 2월,93262,95003,49621,1049,1662
충렬사역,2018년 3월,113427,115176,61866,1120,1889
충렬사역,2018년 4월,111724,113125,60958,1300,1636
충렬사역,2018년 5월,111996,113443,62517,1170,1783
충렬사역,2018년 6월,105384,107522,59973,1045,1368
충렬사역,2018년 7월,101963,103951,57524,1036,1252
충렬사역,2018년 8월,97539,99294,55385,943,1120
충렬사역,2018년 9월,95451,96607,53695,906,1293
충렬사역,2018년 10월,109502,111580,63071,975,1400
충렬사역,2018년 11월,107370,109887,61420,1029,1597
충렬사역,2018년 12월,105185,108136,59920,907,1493
충렬사역,2019년 1월,106028,109148,62867,906,1028
충렬사역,2019년 2월,91406,94280,53680,871,953
충렬사역,2019년 3월,111035,114139,66045,824,1401
충렬사역,2019년 4월,110311,113643,65330,812,1418
충렬사역,2019년 5월,112377,115343,66715,895,1578
충렬사역,2019년 6월,103101,105966,62105,762,1188
충렬사역,2019년 7월,105066,107813,63048,795,1169
충렬사역,2019년 8월,96212,99287,57390,793,1010
충렬사역,2019년 9월,95340,97470,55372,797,1145
충렬사역,2019년 10월,108972,111765,65523,815,1267
충렬사역,2019년 11월,106467,109850,63594,758,1369
충렬사역,2019년 12월,107599,111221,64355,803,1556
충렬사역,2020년 1월,97542,100930,58151,743,1017
충렬사역,2020년 2월,78765,81954,46783,451,671
충렬사역,2020년 3월,58154,60518,31824,268,273
충렬사역,2020년 4월,66965,69324,37899,341,390
충렬사역,2020년 5월,80095,82523,47652,426,521
충렬사역,2020년 6월,85312,87306,51324,429,794
충렬사역,2020년 7월,88421,90919,53034,476,797
충렬사역,2020년 8월,73401,75314,43174,368,629
충렬사역,2020년 9월,72105,74146,41660,310,507
충렬사역,2020년 10월,78411,81069,45915,409,677
충렬사역,2020년 11월,83302,86652,49281,460,731
충렬사역,2020년 12월,71547,73524,40793,330,498
충렬사역,2021년 1월,67134,69791,37690,321,582
충렬사역,2021년 2월,68645,71050,39804,360,627
충렬사역,2021년 3월,88523,92326,52992,360,903
충렬사역,2021년 4월,84091,87249,49528,408,817
충렬사역,2021년 5월,85152,87951,50967,438,759
충렬사역,2021년 6월,85757,88807,51194,366,704
충렬사역,2021년 7월,81652,83869,48162,374,660
충렬사역,2021년 8월,72535,73971,43064,316,512
충렬사역,2021년 9월,76778,78671,46043,322,671
충렬사역,2021년 10월,84753,88250,51363,385,742
충렬사역,2021년 11월,87986,91260,52693,387,839
충렬사역,2021년 12월,85336,88771,50267,384,1004
충렬사역,2022년 1월,78752,81530,45589,439,711
충렬사역,2022년 2월,70066,73486,41360,347,586
충렬사역,2022년 3월,79594,83670,47786,319,736
충렬사역,2022년 4월,88570,92697,53201,395,922
충렬사역,2022년 5월,96216,100261,58449,431,1053
충렬사역,2022년 6월,91497,94808,56345,318,802
충렬사역,2022년 7월,89077,92967,54873,338,769
충렬사역,2022년 8월,83419,87114,51737,324,621
충렬사역,2022년 9월,83230,86429,50757,311,704
충렬사역,2022년 10월,90516,94705,55823,346,843
충렬사역,2022년 11월,90474,94617,55577,269,741
충렬사역,2022년 12월,90861,95094,55771,284,826
충렬사역,2023년 1월,81979,85903,49862,328,752
충렬사역,2023년 2월,85430,90123,54190,322,665
충렬사역,2023년 3월,97522,103919,62608,290,817
충렬사역,2023년 4월,89770,95921,57874,385,789
충렬사역,2023년 5월,91531,97133,59691,333,804
충렬사역,2023년 6월,90205,95494,59144,424,668
충렬사역,2023년 7월,83911,90708,55107,330,750
충렬사역,2023년 8월,83956,88682,53169,384,585
충렬사역,2023년 9월,85018,89774,54395,305,611
충렬사역,2023년 10월,94740,100469,62487,262,580
충렬사역,2023년 11월,93613,99037,60653,176,638
충렬사역,2023년 12월,93549,98836,61047,207,644
충렬사역,2024년 1월,93787,98291,60476,265,554
충렬사역,2024년 2월,85069,90466,54443,310,679
충렬사역,2024년 3월,98074,103745,63914,248,894
충렬사역,2024년 4월,98288,103597,64077,243,889
충렬사역,2024년 5월,101552,106590,67023,309,916
충렬사역,2024년 6월,94937,99243,62745,356,740
충렬사역,2024년 7월,95859,99934,62917,274,891
충렬사역,2024년 8월,87929,92413,57741,284,812
충렬사역,2024년 9월,87271,90781,57163,312,802
충렬사역,2024년 10월,98981,102915,66025,300,758
충렬사역,2024년 11월,98406,102861,65126,337,965
충렬사역,2024년 12월,100089,105906,67260,335,913
명장역,2014년 1월,84070,81274,33177,2094,5887
명장역,2014년 2월,78791,76388,29792,1918,6184
명장역,2014년 3월,94924,91606,37162,1825,7530
명장역,2014년 4월,94665,89617,37444,1755,6910
명장역,2014년 5월,96926,91992,38580,2073,7677
명장역,2014년 6월,88339,83672,36312,1609,5891
명장역,2014년 7월,91716,86762,36768,1907,6923
명장역,2014년 8월,82664,78128,33882,1725,5095
명장역,2014년 9월,89580,83340,34716,1764,6006
명장역,2014년 10월,95911,89539,38873,1804,6628
명장역,2014년 11월,92940,86545,37231,1703,7019
명장역,2014년 12월,96531,89996,37000,1871,7518
명장역,2015년 1월,88865,84829,36072,1685,4370
명장역,2015년 2월,79578,75723,31565,1623,4786
명장역,2015년 3월,99090,92207,39359,2061,6624
명장역,2015년 4월,98836,92095,39632,1980,6533
명장역,2015년 5월,97935,91683,39573,2130,6543
명장역,2015년 6월,89486,82338,35872,1697,5702
명장역,2015년 7월,95407,88013,38734,2107,5929
명장역,2015년 8월,86857,81530,35516,1702,4704
명장역,2015년 9월,93549,85799,37309,1817,5633
명장역,2015년 10월,98166,91861,39752,1946,5932
명장역,2015년 11월,94429,87858,37363,1815,5989
명장역,2015년 12월,98966,92460,39080,1912,6373
명장역,2016년 1월,87881,84241,35729,1620,3652
명장역,2016년 2월,83928,80179,33225,1664,4218
명장역,2016년 3월,100399,94190,40946,1857,5712
명장역,2016년 4월,98955,92307,40226,1749,5543
명장역,2016년 5월,100773,94175,40855,1912,6020
명장역,2016년 6월,96291,90310,40033,1766,5263
명장역,2016년 7월,94021,88081,39321,1899,5270
명장역,2016년 8월,88488,84030,37431,1777,4283
명장역,2016년 9월,91965,84967,37322,1757,5071
명장역,2016년 10월,98398,91164,41938,1757,5373
명장역,2016년 11월,100537,93326,41245,1886,6051
명장역,2016년 12월,101093,94959,41573,1922,5770
명장역,2017년 1월,89878,85855,37462,1716,3644
명장역,2017년 2월,88450,84179,37639,1772,4237
명장역,2017년 3월,104357,98672,43647,2042,5836
명장역,2017년 4월,102832,95665,42860,2013,5434
명장역,2017년 5월,103937,97278,44170,2150,5530
명장역,2017년 6월,99951,94118,43891,1909,4836
명장역,2017년 7월,94689,90399,41690,1854,4766
명장역,2017년 8월,90864,87224,41627,1754,3370
명장역,2017년 9월,101980,94835,44959,1826,4785
명장역,2017년 10월,95481,88756,41226,1896,4471
명장역,2017년 11월,103401,95592,44595,1827,5441
명장역,2017년 12월,98856,93031,42816,1818,4772
명장역,2018년 1월,90531,86905,40164,1523,2709
명장역,2018년 2월,82553,78971,36402,1492,3344
명장역,2018년 3월,101574,95128,45600,1848,4534
명장역,2018년 4월,99163,93809,45849,1738,4136
명장역,2018년 5월,101925,96130,47427,1883,4451
명장역,2018년 6월,95045,89101,44942,1809,3815
명장역,2018년 7월,94437,89543,44919,1873,3894
명장역,2018년 8월,89024,85128,43538,1555,2976
명장역,2018년 9월,88401,82954,42634,1686,3306
명장역,2018년 10월,98958,93877,48234,1786,3730
명장역,2018년 11월,96791,91647,46494,1622,4012
명장역,2018년 12월,94694,90094,45630,1599,3686
명장역,2019년 1월,91462,88363,46144,1413,2310
명장역,2019년 2월,80088,77256,39624,1248,2407
명장역,2019년 3월,97508,93035,49511,1481,3391
명장역,2019년 4월,96878,92667,49293,1468,3264
명장역,2019년 5월,99767,94622,50660,1601,3632
명장역,2019년 6월,91534,88193,47787,1400,2844
명장역,2019년 7월,92888,89430,48253,1556,2960
명장역,2019년 8월,87254,85127,45662,1463,2394
명장역,2019년 9월,90125,86284,44880,1476,3068
명장역,2019년 10월,101356,97306,51586,1522,3192
명장역,2019년 11월,101126,96891,50573,1469,3346
명장역,2019년 12월,102467,98090,51010,1538,3065
명장역,2020년 1월,92486,89753,46228,1411,1926
명장역,2020년 2월,75610,72584,36969,1061,1645
명장역,2020년 3월,59316,58314,28891,426,538
명장역,2020년 4월,67271,66140,34215,598,650
명장역,2020년 5월,78880,75820,41445,883,1113
명장역,2020년 6월,85571,81808,43941,1089,2552
명장역,2020년 7월,89094,84277,45543,1192,2692
명장역,2020년 8월,74791,72497,38666,934,1621
명장역,2020년 9월,73490,71087,37804,881,1763
명장역,2020년 10월,79121,76311,40644,1151,1912
명장역,2020년 11월,84776,81247,43159,1116,2267
명장역,2020년 12월,69988,68578,34813,707,1347
명장역,2021년 1월,67523,66054,33392,712,1084
명장역,2021년 2월,68224,66442,34259,779,1438
명장역,2021년 3월,86047,83448,44218,1031,2491
명장역,2021년 4월,82267,80214,42540,971,2092
명장역,2021년 5월,82654,80503,43229,996,2031
명장역,2021년 6월,84838,81339,44199,990,2230
명장역,2021년 7월,80803,77634,42346,900,1793
명장역,2021년 8월,71851,69945,38727,740,1368
명장역,2021년 9월,78122,74880,42323,865,2096
명장역,2021년 10월,85118,81352,46347,914,2343
명장역,2021년 11월,86507,83081,45605,922,2179
명장역,2021년 12월,83500,80200,43421,874,2099
명장역,2022년 1월,77728,75868,40909,827,1357
명장역,2022년 2월,67496,66451,35772,680,1289
명장역,2022년 3월,78710,75972,41599,706,2121
명장역,2022년 4월,87675,83926,46370,855,2514
명장역,2022년 5월,94471,90034,50317,959,2649
명장역,2022년 6월,89033,85551,48218,881,2425
명장역,2022년 7월,88692,84007,48581,823,2130
명장역,2022년 8월,83023,79637,45991,783,2043
명장역,2022년 9월,85467,81305,45892,831,2463
명장역,2022년 10월,91949,87367,51044,841,2441
명장역,2022년 11월,91663,87605,50375,710,2368
명장역,2022년 12월,89524,85860,48502,739,2611
명장역,2023년 1월,81280,78664,44023,815,1526
명장역,2023년 2월,81948,78851,46609,654,1541
명장역,2023년 3월,96174,91894,54178,700,3031
명장역,2023년 4월,89862,86593,51309,625,2648
명장역,2023년 5월,91990,88360,52528,856,2691
명장역,2023년 6월,91042,87299,53331,745,2224
명장역,2023년 7월,85340,83486,50595,627,2038
명장역,2023년 8월,84653,82165,49010,624,1913
명장역,2023년 9월,87080,83859,49907,623,2173
명장역,2023년 10월,94153,90078,55555,463,2354
명장역,2023년 11월,95346,91607,54952,381,2597
명장역,2023년 12월,92529,89427,53028,403,2664
명장역,2024년 1월,89569,87559,52428,422,1590
명장역,2024년 2월,83411,80995,48182,456,1775
명장역,2024년 3월,96299,93070,55901,504,2825
명장역,2024년 4월,96212,92503,56234,541,2627
명장역,2024년 5월,98649,95011,57965,587,2968
명장역,2024년 6월,91762,88281,54790,521,2460
명장역,2024년 7월,93291,89927,55409,452,2469
명장역,2024년 8월,85691,82780,51520,527,2184
명장역,2024년 9월,86443,82398,50999,520,2446
명장역,2024년 10월,95364,90530,57610,536,2603
명장역,2024년 11월,94462,89921,56031,460,2860
명장역,2024년 12월,93566,89149,55843,417,2859
서동역,2014년 1월,61247,63472,28787,1062,2003
서동역,2014년 2월,56080,58736,25457,815,1971
서동역,2014년 3월,67495,70561,31356,814,3174
서동역,2014년 4월,66989,69889,31466,764,2998
서동역,2014년 5월,67884,70166,31659,1029,2948
서동역,2014년 6월,63112,66066,30385,768,2463
서동역,2014년 7월,65828,68697,31991,794,2542
서동역,2014년 8월,59666,61622,28648,834,1934
서동역,2014년 9월,63403,65463,29261,805,2450
서동역,2014년 10월,67469,69563,31606,765,2711
서동역,2014년 11월,64425,67484,30450,719,2538
서동역,2014년 12월,67589,70316,31024,811,2558
서동역,2015년 1월,65460,68414,31173,848,1634
서동역,2015년 2월,58890,60729,27401,775,1815
서동역,2015년 3월,71645,74762,33770,934,2218
서동역,2015년 4월,70516,72778,33503,1044,2202
서동역,2015년 5월,71035,73816,34191,1124,2342
서동역,2015년 6월,65369,67278,30958,959,2092
서동역,2015년 7월,69195,71739,33445,1074,2013
서동역,2015년 8월,63502,65268,30664,948,1852
서동역,2015년 9월,66393,68384,31218,1113,1960
서동역,2015년 10월,72544,75103,35448,998,2200
서동역,2015년 11월,68208,70772,32800,996,2255
서동역,2015년 12월,71219,74381,33959,1051,2279
서동역,2016년 1월,66317,69721,32460,927,1580
서동역,2016년 2월,63521,66434,30228,855,1708
서동역,2016년 3월,75796,79286,36335,901,2355
서동역,2016년 4월,73067,76430,35030,892,2475
서동역,2016년 5월,75401,78461,36259,1051,2517
서동역,2016년 6월,72318,75154,35313,1029,2308
서동역,2016년 7월,71277,74349,34975,951,2038
서동역,2016년 8월,68074,70666,33182,917,1782
서동역,2016년 9월,68035,70006,31789,908,1991
서동역,2016년 10월,72764,75394,35052,897,2129
서동역,2016년 11월,73936,76587,35421,883,2275
서동역,2016년 12월,76575,79170,36694,1076,2042
서동역,2017년 1월,69807,73161,33690,846,1444
서동역,2017년 2월,68246,71823,33650,732,1471
서동역,2017년 3월,78507,82833,38542,851,2372
서동역,2017년 4월,75723,78856,37118,960,2221
서동역,2017년 5월,76873,80258,38555,1067,2167
서동역,2017년 6월,75426,77817,38368,1099,2001
서동역,2017년 7월,71291,74650,36143,927,1644
서동역,2017년 8월,68559,72270,35382,775,1419
서동역,2017년 9월,75559,78928,38089,855,1837
서동역,2017년 10월,71305,73732,35140,935,1842
서동역,2017년 11월,75203,78889,37713,791,1921
서동역,2017년 12월,73439,76618,36581,928,1851
서동역,2018년 1월,69224,72418,34675,871,1098
서동역,2018년 2월,62684,64947,31303,796,1297
서동역,2018년 3월,74830,77564,38213,865,1885
서동역,2018년 4월,73252,76609,38433,929,1654
서동역,2018년 5월,74466,77574,39355,1009,1664
서동역,2018년 6월,70187,72310,37532,896,1489
서동역,2018년 7월,69630,72716,36528,916,1462
서동역,2018년 8월,65958,68593,35450,734,1210
서동역,2018년 9월,65850,68566,34450,789,1486
서동역,2018년 10월,74564,77778,40245,784,1682
서동역,2018년 11월,72838,76003,38804,694,1758
서동역,2018년 12월,71603,74694,37167,675,1596
서동역,2019년 1월,71295,75114,39089,676,883
서동역,2019년 2월,62990,66495,33802,657,1026
서동역,2019년 3월,75593,79405,41716,704,1568
서동역,2019년 4월,74448,78549,41110,681,1400
서동역,2019년 5월,75507,79360,41819,652,1587
서동역,2019년 6월,69399,73133,39148,576,1260
서동역,2019년 7월,71415,75510,39764,686,1307
서동역,2019년 8월,66655,70381,37103,645,1066
서동역,2019년 9월,66726,70270,36436,643,1359
서동역,2019년 10월,74914,79335,42427,624,1473
서동역,2019년 11월,73791,78398,41511,523,1550
서동역,2019년 12월,74775,78819,41689,492,1347
서동역,2020년 1월,69161,73067,38261,433,824
서동역,2020년 2월,56853,60111,31255,360,651
서동역,2020년 3월,45185,48525,23941,197,198
서동역,2020년 4월,51505,54528,28309,316,311
서동역,2020년 5월,59916,62634,34077,381,588
서동역,2020년 6월,61851,64257,34676,424,1153
서동역,2020년 7월,63601,65732,35565,481,1151
서동역,2020년 8월,55228,57520,30796,385,639
서동역,2020년 9월,54576,57132,30080,298,787
서동역,2020년 10월,59262,62160,33398,440,832
서동역,2020년 11월,62262,64939,34996,407,1011
서동역,2020년 12월,53513,56910,29458,332,529
서동역,2021년 1월,51400,54041,27972,420,346
서동역,2021년 2월,51749,54421,28612,449,421
서동역,2021년 3월,65190,68458,37338,523,811
서동역,2021년 4월,61661,64756,34806,526,745
서동역,2021년 5월,60642,64342,35048,525,682
서동역,2021년 6월,62469,65758,35929,501,779
서동역,2021년 7월,60036,62630,34089,469,667
서동역,2021년 8월,54288,56753,31088,340,547
서동역,2021년 9월,58555,61305,33816,429,992
서동역,2021년 10월,64845,67559,37756,501,988
서동역,2021년 11월,65140,68379,37132,525,834
서동역,2021년 12월,66103,68526,37054,576,1050
서동역,2022년 1월,62878,65417,36055,547,508
서동역,2022년 2월,54240,56742,30501,435,487
서동역,2022년 3월,60558,63208,34379,379,881
서동역,2022년 4월,66054,68751,37966,431,938
서동역,2022년 5월,69782,72551,40304,466,1011
서동역,2022년 6월,65382,67788,38149,470,1045
서동역,2022년 7월,63887,67014,37603,428,763
서동역,2022년 8월,60269,62985,35242,360,758
서동역,2022년 9월,61425,63889,35174,389,896
서동역,2022년 10월,67340,70035,39939,397,829
서동역,2022년 11월,66043,69176,39144,374,801
서동역,2022년 12월,65303,68305,38122,382,738
서동역,2023년 1월,60456,63856,35299,322,461
서동역,2023년 2월,63309,66737,39200,325,481
서동역,2023년 3월,72064,64934,44649,338,762
서동역,2023년 4월,66423,71527,41142,315,668
서동역,2023년 5월,67533,72238,42402,318,686
서동역,2023년 6월,65877,69496,41073,297,625
서동역,2023년 7월,60756,64604,38133,267,569
서동역,2023년 8월,62219,65458,38303,277,545
서동역,2023년 9월,63603,67594,39452,279,531
서동역,2023년 10월,70015,73835,44289,230,590
서동역,2023년 11월,69608,74303,43499,191,672
서동역,2023년 12월,67315,71984,41586,211,645
서동역,2024년 1월,67316,71939,41864,214,435
서동역,2024년 2월,61535,65448,37724,252,429
서동역,2024년 3월,71569,75710,45142,238,800
서동역,2024년 4월,70784,75760,45250,251,756
서동역,2024년 5월,71869,77191,46148,252,815
서동역,2024년 6월,68078,71955,43827,249,712
서동역,2024년 7월,70484,74793,45488,232,697
서동역,2024년 8월,64231,67567,41375,265,547
서동역,2024년 9월,63372,66695,40775,239,683
서동역,2024년 10월,72331,76567,47825,221,743
서동역,2024년 11월,70929,74995,46223,204,780
서동역,2024년 12월,70325,74068,45963,183,767
금사역,2014년 1월,45959,41770,15516,555,1482
금사역,2014년 2월,43580,40060,14575,524,1699
금사역,2014년 3월,53920,49254,18775,594,3385
금사역,2014년 4월,55387,50412,19184,525,3517
금사역,2014년 5월,54979,49950,19433,692,3343
금사역,2014년 6월,51632,47314,18689,623,2885
금사역,2014년 7월,52897,49226,18951,548,2802
금사역,2014년 8월,45367,41755,16088,506,1623
금사역,2014년 9월,49649,44362,16733,598,2691
금사역,2014년 10월,53377,48469,18495,601,3060
금사역,2014년 11월,51994,46319,18025,620,2871
금사역,2014년 12월,54444,48750,17792,706,2973
금사역,2015년 1월,50253,44880,17739,531,1340
금사역,2015년 2월,44022,39304,15507,508,1665
금사역,2015년 3월,57243,51792,19931,795,3449
금사역,2015년 4월,56662,51285,19861,799,3340
금사역,2015년 5월,56277,50482,20211,796,3223
금사역,2015년 6월,54408,49166,18913,786,3574
금사역,2015년 7월,57010,51357,20473,709,2758
금사역,2015년 8월,50964,46042,18408,628,2094
금사역,2015년 9월,54916,48854,19031,750,3145
금사역,2015년 10월,60431,53885,21931,719,2997
금사역,2015년 11월,56160,50476,19850,596,3050
금사역,2015년 12월,57655,51524,19729,655,2931
금사역,2016년 1월,50774,45275,18067,454,1310
금사역,2016년 2월,48270,42747,17366,466,1610
금사역,2016년 3월,61948,55348,21824,666,4097
금사역,2016년 4월,59759,53922,21019,561,3757
금사역,2016년 5월,61426,55570,21461,684,3774
금사역,2016년 6월,59353,54178,21022,593,3832
금사역,2016년 7월,58412,53632,20857,570,2933
금사역,2016년 8월,53661,47843,18783,526,2310
금사역,2016년 9월,54872,48521,18403,540,3476
금사역,2016년 10월,59916,53284,21267,426,3442
금사역,2016년 11월,61442,54557,21293,489,3930
금사역,2016년 12월,62127,54145,21491,521,3636
금사역,2017년 1월,53292,45850,18880,397,1329
금사역,2017년 2월,54367,46948,19534,442,1774
금사역,2017년 3월,66547,58887,23828,717,4200
금사역,2017년 4월,63125,55206,22318,565,3760
금사역,2017년 5월,63825,56103,23347,660,3545
금사역,2017년 6월,62970,56135,23074,654,3512
금사역,2017년 7월,60289,53661,21959,600,2843
금사역,2017년 8월,57333,50371,21127,647,2153
금사역,2017년 9월,65068,56219,23545,629,3215
금사역,2017년 10월,58135,49899,21454,634,2498
금사역,2017년 11월,65460,56824,23858,636,3010
금사역,2017년 12월,63110,54631,22780,795,2855
금사역,2018년 1월,58007,50161,20908,574,1319
금사역,2018년 2월,51173,44075,18684,460,1538
금사역,2018년 3월,64452,56218,24193,617,3097
금사역,2018년 4월,63402,55753,24399,611,2935
금사역,2018년 5월,62734,55290,24243,722,2777
금사역,2018년 6월,59369,52501,23455,702,2635
금사역,2018년 7월,58777,52777,22435,676,2368
금사역,2018년 8월,54478,48586,21184,567,1774
금사역,2018년 9월,54025,46886,21163,522,2390
금사역,2018년 10월,63443,55593,24855,596,2498
금사역,2018년 11월,62513,54492,23988,617,2474
금사역,2018년 12월,58036,51154,22454,623,2204
금사역,2019년 1월,57189,50599,23056,457,1046
금사역,2019년 2월,49157,43116,20040,438,1033
금사역,2019년 3월,61523,54075,25730,555,2272
금사역,2019년 4월,63138,55490,26457,476,2303
금사역,2019년 5월,65767,57817,27064,536,2152
금사역,2019년 6월,60090,53510,24860,456,1960
금사역,2019년 7월,63752,56653,25539,398,1768
금사역,2019년 8월,56073,49852,23086,370,1288
금사역,2019년 9월,56628,49413,23372,382,1823
금사역,2019년 10월,63714,56497,26494,424,1773
금사역,2019년 11월,63860,56836,26259,477,1726
금사역,2019년 12월,63658,56961,25716,458,1837
금사역,2020년 1월,55833,49885,22597,380,860
금사역,2020년 2월,48796,44135,19732,291,818
금사역,2020년 3월,38015,34898,14488,203,296
금사역,2020년 4월,41733,37425,16930,243,352
금사역,2020년 5월,46510,41738,19687,278,666
금사역,2020년 6월,52771,47542,22311,260,1603
금사역,2020년 7월,54879,49658,23089,312,1701
금사역,2020년 8월,45729,41388,19212,254,1052
금사역,2020년 9월,45823,41368,18527,262,894
금사역,2020년 10월,50053,45093,21702,277,1127
금사역,2020년 11월,53288,48009,22716,290,1419
금사역,2020년 12월,47050,42728,18656,236,947
금사역,2021년 1월,42385,38383,17317,221,490
금사역,2021년 2월,41686,37741,17492,276,591
금사역,2021년 3월,55070,50227,24546,293,1707
금사역,2021년 4월,51905,47187,22707,325,1611
금사역,2021년 5월,49953,45390,22771,329,1128
금사역,2021년 6월,51732,46977,23148,312,1526
금사역,2021년 7월,49408,45477,21856,315,1162
금사역,2021년 8월,42930,39306,19125,265,846
금사역,2021년 9월,45594,41452,21249,307,1331
금사역,2021년 10월,50329,45500,23583,331,1380
금사역,2021년 11월,52270,47010,23666,351,1330
금사역,2021년 12월,52150,47120,22919,323,1324
금사역,2022년 1월,45888,41430,20397,248,657
금사역,2022년 2월,41204,36974,18750,209,620
금사역,2022년 3월,49278,44107,23168,230,1232
금사역,2022년 4월,54181,48720,25550,320,1451
금사역,2022년 5월,55585,49271,26316,359,1517
금사역,2022년 6월,52005,46895,24662,280,1309
금사역,2022년 7월,51938,46308,24464,260,1136
금사역,2022년 8월,48668,43200,22729,257,997
금사역,2022년 9월,48951,43494,23073,254,1055
금사역,2022년 10월,52146,45714,25482,296,1211
금사역,2022년 11월,53125,46505,25294,311,1050
금사역,2022년 12월,52266,46049,24267,306,1181
금사역,2023년 1월,46948,41336,20888,291,533
금사역,2023년 2월,49762,43937,23583,306,730
금사역,2023년 3월,60668,54486,30306,306,1496
금사역,2023년 4월,55326,49209,26890,269,1211
금사역,2023년 5월,55974,49901,27256,288,1186
금사역,2023년 6월,54656,48768,26603,262,1153
금사역,2023년 7월,50510,44987,24783,241,942
금사역,2023년 8월,50406,44388,23599,290,655
금사역,2023년 9월,51422,44892,24769,229,1009
금사역,2023년 10월,56577,49738,28469,111,1094
금사역,2023년 11월,58680,52240,29516,82,1027
금사역,2023년 12월,54110,48046,26053,108,980
금사역,2024년 1월,54731,48228,26203,150,632
금사역,2024년 2월,49112,43254,23009,149,674
금사역,2024년 3월,58722,51728,29165,121,1356
금사역,2024년 4월,58976,51849,29322,127,1180
금사역,2024년 5월,59729,52260,30786,159,1093
금사역,2024년 6월,54934,48853,28181,143,1098
금사역,2024년 7월,56929,50381,28509,120,999
금사역,2024년 8월,48947,43290,23980,157,680
금사역,2024년 9월,49432,43292,24857,172,952
금사역,2024년 10월,56414,49360,28557,154,962
금사역,2024년 11월,57434,50239,28754,166,1100
금사역,2024년 12월,55933,48830,27842,159,1164
반여농산물시장역,2014년 1월,44400,43619,16779,480,660
반여농산물시장역,2014년 2월,37934,36951,13048,375,548
반여농산물시장역,2014년 3월,51247,49865,20013,419,645
반여농산물시장역,2014년 4월,54302,53508,22131,427,567
반여농산물시장역,2014년 5월,53562,52325,21620,530,743
반여농산물시장역,2014년 6월,49803,48227,20952,362,505
반여농산물시장역,2014년 7월,50156,48978,20060,386,532
반여농산물시장역,2014년 8월,48243,47278,19285,478,533
반여농산물시장역,2014년 9월,50221,48804,20110,415,594
반여농산물시장역,2014년 10월,51882,50201,19541,405,545
반여농산물시장역,2014년 11월,49839,47953,18802,290,672
반여농산물시장역,2014년 12월,50010,48170,17731,353,682
반여농산물시장역,2015년 1월,48602,47077,17678,332,697
반여농산물시장역,2015년 2월,44613,43591,16773,344,651
반여농산물시장역,2015년 3월,56614,55401,21784,430,734
반여농산물시장역,2015년 4월,58158,57481,24181,280,589
반여농산물시장역,2015년 5월,55391,55639,22739,467,670
반여농산물시장역,2015년 6월,54362,55550,22473,276,431
반여농산물시장역,2015년 7월,55250,56153,21585,314,560
반여농산물시장역,2015년 8월,50422,52152,19441,325,529
반여농산물시장역,2015년 9월,54860,55643,21715,360,705
반여농산물시장역,2015년 10월,55588,56199,20688,408,727
반여농산물시장역,2015년 11월,52644,53850,19709,401,710
반여농산물시장역,2015년 12월,54956,55891,19865,446,875
반여농산물시장역,2016년 1월,50134,50935,17356,428,618
반여농산물시장역,2016년 2월,48837,49313,17757,387,691
반여농산물시장역,2016년 3월,61750,62560,24161,340,735
반여농산물시장역,2016년 4월,63016,64494,26145,378,785
반여농산물시장역,2016년 5월,61953,64351,25077,379,797
반여농산물시장역,2016년 6월,61132,63563,25356,319,499
반여농산물시장역,2016년 7월,57787,60325,22692,336,513
반여농산물시장역,2016년 8월,56131,58828,21350,452,547
반여농산물시장역,2016년 9월,58887,60727,23219,342,813
반여농산물시장역,2016년 10월,62588,63809,24558,395,921
반여농산물시장역,2016년 11월,62926,64203,24487,347,966
반여농산물시장역,2016년 12월,62103,62724,23072,332,1067
반여농산물시장역,2017년 1월,57355,58196,20893,374,921
반여농산물시장역,2017년 2월,54418,56146,19765,334,738
반여농산물시장역,2017년 3월,68869,70617,27793,364,1039
반여농산물시장역,2017년 4월,68425,69935,27816,432,1047
반여농산물시장역,2017년 5월,66341,67833,27089,430,1035
반여농산물시장역,2017년 6월,65642,66770,27487,377,990
반여농산물시장역,2017년 7월,59615,61496,23225,371,1076
반여농산물시장역,2017년 8월,58718,60359,23474,354,780
반여농산물시장역,2017년 9월,68835,69075,28295,347,1168
반여농산물시장역,2017년 10월,60155,59634,23620,431,998
반여농산물시장역,2017년 11월,65156,65508,25894,352,1006
반여농산물시장역,2017년 12월,58773,59209,21728,295,896
반여농산물시장역,2018년 1월,55592,57018,19512,273,670
반여농산물시장역,2018년 2월,51976,52894,19536,251,672
반여농산물시장역,2018년 3월,64500,66265,26118,277,883
반여농산물시장역,2018년 4월,66171,67121,28841,322,744
반여농산물시장역,2018년 5월,66768,66234,28528,763,851
반여농산물시장역,2018년 6월,60537,61875,25604,301,663
반여농산물시장역,2018년 7월,57058,60536,21943,287,714
반여농산물시장역,2018년 8월,55612,59258,22095,278,567
반여농산물시장역,2018년 9월,57482,59381,24817,311,682
반여농산물시장역,2018년 10월,63169,64029,25789,277,720
반여농산물시장역,2018년 11월,61130,63063,24844,304,726
반여농산물시장역,2018년 12월,55292,57220,21334,276,726
반여농산물시장역,2019년 1월,57333,58893,22785,320,663
반여농산물시장역,2019년 2월,49664,50680,20233,298,562
반여농산물시장역,2019년 3월,63620,65457,28176,310,698
반여농산물시장역,2019년 4월,70959,80047,33247,885,717
반여농산물시장역,2019년 5월,65448,68685,29049,387,827
반여농산물시장역,2019년 6월,60430,62972,27560,352,561
반여농산물시장역,2019년 7월,59921,63196,25512,351,655
반여농산물시장역,2019년 8월,56321,59519,24119,296,597
반여농산물시장역,2019년 9월,57695,60425,24777,251,594
반여농산물시장역,2019년 10월,63450,65994,27140,259,643
반여농산물시장역,2019년 11월,63152,64709,27330,254,632
반여농산물시장역,2019년 12월,59769,61791,24697,264,632
반여농산물시장역,2020년 1월,58013,59443,23593,327,487
반여농산물시장역,2020년 2월,49264,50591,19384,216,390
반여농산물시장역,2020년 3월,49293,50289,21599,209,213
반여농산물시장역,2020년 4월,56158,57068,27004,239,254
반여농산물시장역,2020년 5월,57167,58017,26824,224,393
반여농산물시장역,2020년 6월,58459,60870,26363,202,576
반여농산물시장역,2020년 7월,57862,60171,25338,236,596
반여농산물시장역,2020년 8월,49928,52343,21935,204,459
반여농산물시장역,2020년 9월,57413,58853,28161,238,393
반여농산물시장역,2020년 10월,54028,55620,25876,240,497
반여농산물시장역,2020년 11월,55073,57017,25118,181,537
반여농산물시장역,2020년 12월,49324,51154,22123,159,430
반여농산물시장역,2021년 1월,46438,47721,20760,171,418
반여농산물시장역,2021년 2월,46846,48022,21805,203,511
반여농산물시장역,2021년 3월,61838,62804,30943,192,646
반여농산물시장역,2021년 4월,63319,64413,32190,192,760
반여농산물시장역,2021년 5월,60165,61101,29790,207,687
반여농산물시장역,2021년 6월,60389,62141,29113,151,696
반여농산물시장역,2021년 7월,55261,57999,24758,218,679
반여농산물시장역,2021년 8월,50743,53391,23693,182,570
반여농산물시장역,2021년 9월,55713,57788,27555,170,716
반여농산물시장역,2021년 10월,58702,60521,28943,204,778
반여농산물시장역,2021년 11월,59175,61196,28251,220,687
반여농산물시장역,2021년 12월,53381,55133,23282,193,724
반여농산물시장역,2022년 1월,54472,56316,25089,227,567
반여농산물시장역,2022년 2월,44813,46487,19941,159,438
반여농산물시장역,2022년 3월,58420,60799,29025,116,639
반여농산물시장역,2022년 4월,65957,68085,33259,217,778
반여농산물시장역,2022년 5월,66246,68361,32607,227,808
반여농산물시장역,2022년 6월,60391,62904,29030,196,636
반여농산물시장역,2022년 7월,56803,59126,26251,180,631
반여농산물시장역,2022년 8월,55094,57898,26108,191,577
반여농산물시장역,2022년 9월,57923,60185,28112,178,612
반여농산물시장역,2022년 10월,58920,61266,28865,197,643
반여농산물시장역,2022년 11월,59166,61311,28275,182,737
반여농산물시장역,2022년 12월,54223,56373,24479,155,684
반여농산물시장역,2023년 1월,51619,53274,23249,169,417
반여농산물시장역,2023년 2월,52667,53194,24899,188,447
반여농산물시장역,2023년 3월,63888,66483,33428,229,679
반여농산물시장역,2023년 4월,59693,63294,31640,200,655
반여농산물시장역,2023년 5월,60266,64030,32053,225,695
반여농산물시장역,2023년 6월,58974,62522,31441,237,666
반여농산물시장역,2023년 7월,49796,53856,25433,160,711
반여농산물시장역,2023년 8월,53597,55789,25492,194,684
반여농산물시장역,2023년 9월,58934,61720,30215,162,651
반여농산물시장역,2023년 10월,61139,62511,31549,142,629
반여농산물시장역,2023년 11월,59309,61832,29229,116,687
반여농산물시장역,2023년 12월,53167,55003,25233,87,565
반여농산물시장역,2024년 1월,54379,56514,25548,133,445
반여농산물시장역,2024년 2월,50202,52014,24166,119,506
반여농산물시장역,2024년 3월,60789,63251,31025,130,669
반여농산물시장역,2024년 4월,64137,65632,33802,138,752
반여농산물시장역,2024년 5월,64983,66394,33963,152,862
반여농산물시장역,2024년 6월,58451,60595,30677,125,730
반여농산물시장역,2024년 7월,55606,58538,26958,129,812
반여농산물시장역,2024년 8월,51114,54272,24856,155,805
반여농산물시장역,2024년 9월,54362,57038,27817,139,712
반여농산물시장역,2024년 10월,59267,61202,30335,134,630
반여농산물시장역,2024년 11월,58364,60654,29604,100,706
반여농산물시장역,2024년 12월,56002,57538,26902,181,661
석대역,2014년 1월,3381,3079,832,35,14
석대역,2014년 2월,3507,3178,942,35,18
석대역,2014년 3월,4324,4010,1337,41,32
석대역,2014년 4월,4688,4306,1523,50,35
석대역,2014년 5월,4770,4215,1473,63,37
석대역,2014년 6월,4271,3764,1284,38,28
석대역,2014년 7월,4510,4110,1362,37,32
석대역,2014년 8월,4126,3884,1229,63,20
석대역,2014년 9월,4504,3914,1315,54,45
석대역,2014년 10월,4398,3833,1303,63,35
석대역,2014년 11월,4052,3668,1182,51,24
석대역,2014년 12월,4049,3573,1086,45,9
석대역,2015년 1월,3701,3366,1176,51,33
석대역,2015년 2월,3478,3213,1003,16,36
석대역,2015년 3월,4622,4349,1590,22,30
석대역,2015년 4월,4917,4685,1674,43,43
석대역,2015년 5월,4764,4358,1790,49,56
석대역,2015년 6월,4917,4448,1758,42,33
석대역,2015년 7월,5009,4585,1762,46,41
석대역,2015년 8월,4750,4218,1658,48,43
석대역,2015년 9월,5338,4409,1772,46,83
석대역,2015년 10월,5437,4866,1873,57,38
석대역,2015년 11월,4683,4283,1610,60,60
석대역,2015년 12월,4864,4449,1621,35,51
석대역,2016년 1월,4256,3907,1476,22,52
석대역,2016년 2월,4018,3587,1505,28,54
석대역,2016년 3월,5129,4790,2073,27,56
석대역,2016년 4월,5052,4576,2098,49,53
석대역,2016년 5월,5094,4469,2000,49,58
석대역,2016년 6월,4927,4280,1800,26,65
석대역,2016년 7월,4523,3816,1823,23,47
석대역,2016년 8월,4205,3583,1634,34,48
석대역,2016년 9월,4220,3498,1543,28,73
석대역,2016년 10월,4352,3775,1667,32,55
석대역,2016년 11월,4489,3839,1603,36,44
석대역,2016년 12월,4278,3595,1567,35,28
석대역,2017년 1월,3852,3234,1355,42,24
석대역,2017년 2월,3677,3089,1635,40,23
석대역,2017년 3월,4559,4049,2156,38,36
석대역,2017년 4월,4500,3832,2161,45,42
석대역,2017년 5월,4590,3858,2093,42,44
석대역,2017년 6월,4694,3894,2064,35,52
석대역,2017년 7월,4527,3849,2020,44,41
석대역,2017년 8월,4832,3996,2235,38,37
석대역,2017년 9월,5049,4095,2149,50,26
석대역,2017년 10월,4558,3918,1963,46,44
석대역,2017년 11월,4765,4037,1919,37,16
석대역,2017년 12월,4153,3449,1510,39,24
석대역,2018년 1월,4215,3330,1699,35,13
석대역,2018년 2월,3696,3002,1390,46,19
석대역,2018년 3월,4768,4034,2125,49,44
석대역,2018년 4월,5053,4110,2244,55,58
석대역,2018년 5월,5279,4283,2348,45,64
석대역,2018년 6월,5019,3931,2324,39,58
석대역,2018년 7월,4978,4061,2075,30,51
석대역,2018년 8월,4845,3981,2114,30,34
석대역,2018년 9월,4495,3590,1949,32,34
석대역,2018년 10월,5354,4302,2262,40,23
석대역,2018년 11월,5027,3961,2155,34,28
석대역,2018년 12월,4296,3412,1602,25,27
석대역,2019년 1월,4021,3287,1646,18,11
석대역,2019년 2월,3787,3194,1530,24,21
석대역,2019년 3월,5132,4545,2464,19,23
석대역,2019년 4월,5283,4504,2507,66,25
석대역,2019년 5월,5698,4607,2751,36,28
석대역,2019년 6월,5182,4383,2586,24,16
석대역,2019년 7월,5311,4723,2525,20,24
석대역,2019년 8월,5328,4715,2616,8,18
석대역,2019년 9월,5340,4470,2561,6,34
석대역,2019년 10월,5893,5193,2989,15,30
석대역,2019년 11월,5536,4839,2664,12,15
석대역,2019년 12월,5196,4568,2461,18,9
석대역,2020년 1월,4771,3896,2102,24,11
석대역,2020년 2월,4623,3888,2178,10,10
석대역,2020년 3월,4796,3906,2557,18,4
석대역,2020년 4월,5206,4105,2889,32,14
석대역,2020년 5월,5558,4521,3278,19,14
석대역,2020년 6월,5511,4350,3147,14,10
석대역,2020년 7월,5565,4508,2994,8,14
석대역,2020년 8월,4979,4060,2718,4,6
석대역,2020년 9월,5513,4345,2915,17,13
석대역,2020년 10월,5916,4687,3262,19,5
석대역,2020년 11월,5465,4349,2831,12,18
석대역,2020년 12월,5181,4010,2467,12,12
석대역,2021년 1월,5107,3748,2463,14,19
석대역,2021년 2월,4736,3679,2467,9,13
석대역,2021년 3월,6771,5487,3711,10,15
석대역,2021년 4월,6549,5055,3920,18,26
석대역,2021년 5월,6143,4866,3822,31,29
석대역,2021년 6월,6186,4936,3750,48,19
석대역,2021년 7월,6122,4787,3707,23,20
석대역,2021년 8월,6024,4562,3724,17,24
석대역,2021년 9월,5853,4395,3563,20,7
석대역,2021년 10월,6221,4801,3964,20,13
석대역,2021년 11월,6104,4586,3740,12,9
석대역,2021년 12월,5484,4066,3196,8,12
석대역,2022년 1월,4757,3575,2771,16,8
석대역,2022년 2월,4227,3285,2573,12,12
석대역,2022년 3월,5592,4519,3605,13,6
석대역,2022년 4월,6084,4899,3995,15,18
석대역,2022년 5월,6434,5167,4151,16,31
석대역,2022년 6월,5738,4567,3621,6,17
석대역,2022년 7월,5966,4755,3846,19,24
석대역,2022년 8월,5599,4416,3632,15,18
석대역,2022년 9월,5750,4446,3670,17,26
석대역,2022년 10월,5745,4419,3848,15,36
석대역,2022년 11월,5407,4090,3558,19,28
석대역,2022년 12월,4676,3478,2664,20,22
석대역,2023년 1월,4299,3210,2582,11,12
석대역,2023년 2월,4719,3462,3075,22,9
석대역,2023년 3월,5996,4709,4016,6,18
석대역,2023년 4월,5800,4466,3834,17,28
석대역,2023년 5월,5781,4431,3881,11,37
석대역,2023년 6월,5813,4703,3901,11,23
석대역,2023년 7월,5343,4317,3684,2,7
석대역,2023년 8월,5622,4271,3599,12,9
석대역,2023년 9월,5853,4418,3757,23,16
석대역,2023년 10월,6314,4952,4230,10,27
석대역,2023년 11월,5459,4068,3560,6,19
석대역,2023년 12월,4784,3408,3003,10,25
석대역,2024년 1월,4708,3514,2991,13,24
석대역,2024년 2월,4267,3210,2614,21,11
석대역,2024년 3월,5501,4242,3720,6,35
석대역,2024년 4월,6024,4656,4187,4,28
석대역,2024년 5월,6383,4961,4584,17,23
석대역,2024년 6월,5937,4700,4308,10,17
석대역,2024년 7월,5747,4478,3903,8,25
석대역,2024년 8월,5288,4039,3493,12,31
석대역,2024년 9월,5070,3919,3358,2,23
석대역,2024년 10월,5637,4309,3701,11,22
석대역,2024년 11월,5394,4296,3459,15,63
석대역,2024년 12월,5194,3908,3137,20,38
영산대역,2014년 1월,92669,92060,28013,2325,4795
영산대역,2014년 2월,86127,85483,25248,2100,5448
영산대역,2014년 3월,126369,125642,31108,2329,12610
영산대역,2014년 4월,124667,123372,31329,2215,11969
영산대역,2014년 5월,125426,123791,32201,2858,12083
영산대역,2014년 6월,108665,107168,30603,2180,8878
영산대역,2014년 7월,101010,100523,31437,2145,6784
영산대역,2014년 8월,91928,89724,29388,2174,5187
영산대역,2014년 9월,113654,110765,29643,2308,8903
영산대역,2014년 10월,117472,115031,31836,2286,9459
영산대역,2014년 11월,111572,108975,31200,2028,8136
영산대역,2014년 12월,110417,107788,31425,2126,7757
영산대역,2015년 1월,96213,94065,30955,1945,4728
영산대역,2015년 2월,86457,84566,28297,1798,5000
영산대역,2015년 3월,126714,123517,33450,2453,11185
영산대역,2015년 4월,120628,117125,32503,2396,9910
영산대역,2015년 5월,119312,115676,34278,2661,9132
영산대역,2015년 6월,102979,100352,30433,2012,7354
영산대역,2015년 7월,97465,94838,32238,1939,5634
영산대역,2015년 8월,91430,89202,30256,1932,4941
영산대역,2015년 9월,112277,108626,30905,2229,7097
영산대역,2015년 10월,121575,117029,35512,2447,7791
영산대역,2015년 11월,111833,109099,31943,2086,6808
영산대역,2015년 12월,112096,107710,32764,2358,6411
영산대역,2016년 1월,92596,90096,30091,1959,3492
영산대역,2016년 2월,88065,85932,28213,2021,4522
영산대역,2016년 3월,126261,123096,33724,2266,10450
영산대역,2016년 4월,120321,117540,33873,2280,8705
영산대역,2016년 5월,121883,120258,34803,2448,8586
영산대역,2016년 6월,111604,110148,33948,2224,6933
영산대역,2016년 7월,101122,100531,33788,2026,5527
영산대역,2016년 8월,96702,96335,32815,2128,4914
영산대역,2016년 9월,112189,109999,31901,2191,6334
영산대역,2016년 10월,116993,116804,35272,2089,6579
영산대역,2016년 11월,115330,115249,34117,1931,6249
영산대역,2016년 12월,111992,110669,34087,2094,5950
영산대역,2017년 1월,93563,92974,31337,1704,3792
영산대역,2017년 2월,89812,88630,31400,1706,4307
영산대역,2017년 3월,124573,122582,36022,2289,10848
영산대역,2017년 4월,118993,116849,35753,2210,9259
영산대역,2017년 5월,122661,118944,37893,2520,8852
영산대역,2017년 6월,111927,108567,36734,2230,6979
영산대역,2017년 7월,99354,97841,35936,1992,4863
영산대역,2017년 8월,98669,96783,35895,2061,4130
영산대역,2017년 9월,117899,114754,37215,2206,6399
영산대역,2017년 10월,108757,105324,34006,2184,5876
영산대역,2017년 11월,115570,113085,36628,1927,5759
영산대역,2017년 12월,106678,104908,34346,2169,5099
영산대역,2018년 1월,94215,92548,32918,1622,3435
영산대역,2018년 2월,84914,83513,29649,1758,3927
영산대역,2018년 3월,121738,118523,36671,2335,8993
영산대역,2018년 4월,116568,114689,36464,2145,7250
영산대역,2018년 5월,118688,115663,37546,2326,7184
영산대역,2018년 6월,106976,104204,36049,2125,5368
영산대역,2018년 7월,96799,95678,36516,1878,4158
영산대역,2018년 8월,92046,90226,35230,1731,3713
영산대역,2018년 9월,103659,100043,33762,2088,4872
영산대역,2018년 10월,113422,111365,37680,1970,5238
영산대역,2018년 11월,109550,108377,36556,1785,5102
영산대역,2018년 12월,104828,102095,35337,1728,4239
영산대역,2019년 1월,93421,91598,36780,1391,2797
영산대역,2019년 2월,83669,81236,32588,1532,3069
영산대역,2019년 3월,117132,114228,39938,1925,7512
영산대역,2019년 4월,114987,112933,39449,1788,7027
영산대역,2019년 5월,118738,115301,41313,1870,6706
영산대역,2019년 6월,103480,101633,38439,1515,4927
영산대역,2019년 7월,97403,95679,39304,1449,3807
영산대역,2019년 8월,91882,90318,37184,1399,3380
영산대역,2019년 9월,103156,100927,35461,1542,4336
영산대역,2019년 10월,114469,111297,41077,1460,4889
영산대역,2019년 11월,109858,107638,39606,1555,4246
영산대역,2019년 12월,106701,104008,39151,1572,3885
영산대역,2020년 1월,89484,87465,35799,1260,2224
영산대역,2020년 2월,71117,69165,28879,945,1961
영산대역,2020년 3월,54980,55578,22734,495,842
영산대역,2020년 4월,62900,62496,26337,656,1152
영산대역,2020년 5월,74890,73451,31013,907,1766
영산대역,2020년 6월,83087,80355,32102,1019,3925
영산대역,2020년 7월,80888,79049,32868,1121,3536
영산대역,2020년 8월,69669,68259,28826,872,2109
영산대역,2020년 9월,70231,69169,27814,750,2376
영산대역,2020년 10월,77439,75462,30066,1061,2971
영산대역,2020년 11월,81346,79267,31066,1061,3225
영산대역,2020년 12월,63293,63936,27002,705,1707
영산대역,2021년 1월,59080,59674,25450,621,1276
영산대역,2021년 2월,59881,59233,25239,727,1692
영산대역,2021년 3월,84573,82126,32344,1113,4740
영산대역,2021년 4월,78107,77088,31329,1024,3838
영산대역,2021년 5월,78239,77009,31721,1038,3418
영산대역,2021년 6월,78424,76578,31195,1021,3548
영산대역,2021년 7월,71079,70435,31097,858,2482
영산대역,2021년 8월,63573,63082,28884,756,1952
영산대역,2021년 9월,70677,69155,30342,896,3032
영산대역,2021년 10월,81144,78958,33689,954,3282
영산대역,2021년 11월,82404,79658,33085,909,3020
영산대역,2021년 12월,75599,74707,30391,913,2798
영산대역,2022년 1월,68445,68506,30699,812,1699
영산대역,2022년 2월,58955,58941,26081,654,1486
영산대역,2022년 3월,77253,76989,29529,833,4529
영산대역,2022년 4월,84504,81455,33018,1023,5009
영산대역,2022년 5월,90561,87580,35482,1008,5016
영산대역,2022년 6월,80661,78184,32832,943,3820
영산대역,2022년 7월,74686,73097,33729,813,2600
영산대역,2022년 8월,71758,69625,32954,846,2619
영산대역,2022년 9월,83095,78734,32853,799,3437
영산대역,2022년 10월,87993,85256,35576,1001,3723
영산대역,2022년 11월,87476,85140,35397,869,3328
영산대역,2022년 12월,81377,79078,33364,861,3195
영산대역,2023년 1월,69235,67896,31400,635,1611
영산대역,2023년 2월,68098,67446,31802,699,2016
영산대역,2023년 3월,91790,89190,36955,808,5369
영산대역,2023년 4월,86898,83919,35092,831,4579
영산대역,2023년 5월,87999,85396,35419,895,4441
영산대역,2023년 6월,82859,80154,35212,797,3831
영산대역,2023년 7월,71726,70400,33305,665,2743
영산대역,2023년 8월,71188,70286,33218,703,2349
영산대역,2023년 9월,82465,79460,33798,676,3242
영산대역,2023년 10월,88108,85992,37941,484,3244
영산대역,2023년 11월,86652,84112,36423,418,3416
영산대역,2023년 12월,81053,79273,34772,444,3048
영산대역,2024년 1월,73358,72582,35265,461,1488
영산대역,2024년 2월,67474,66060,31851,463,1825
영산대역,2024년 3월,86187,84475,36838,656,4239
영산대역,2024년 4월,86752,85458,37608,673,4192
영산대역,2024년 5월,88760,87252,39771,609,4118
영산대역,2024년 6월,81204,79578,38191,617,3593
영산대역,2024년 7월,75533,74867,37912,557,2803
영산대역,2024년 8월,71506,70256,35210,610,2711
영산대역,2024년 9월,77867,76160,35570,584,3201
영산대역,2024년 10월,87411,85719,42719,607,3314
영산대역,2024년 11월,88866,86583,43380,647,3738
영산대역,2024년 12월,85586,84048,42470,514,3170
윗반송역,2014년 1월,87777,84525,33555,1941,4085
윗반송역,2014년 2월,82382,77263,30048,1834,4883
윗반송역,2014년 3월,111425,106592,36993,1864,9588
윗반송역,2014년 4월,109250,104822,37684,1736,8447
윗반송역,2014년 5월,111115,106378,38497,2344,8344
윗반송역,2014년 6월,96707,92091,36268,1751,5848
윗반송역,2014년 7월,93241,88799,36943,1741,4740
윗반송역,2014년 8월,86379,81415,35177,1783,3841
윗반송역,2014년 9월,100367,95655,35669,1932,5645
윗반송역,2014년 10월,106359,102399,38195,2125,7114
윗반송역,2014년 11월,99080,95094,36494,1829,5590
윗반송역,2014년 12월,99540,94494,36979,1968,5386
윗반송역,2015년 1월,90407,85841,36096,2002,3786
윗반송역,2015년 2월,81361,77745,31790,1905,4129
윗반송역,2015년 3월,110750,106518,39542,2182,7523
윗반송역,2015년 4월,105077,101590,38977,2053,6051
윗반송역,2015년 5월,106810,102626,40540,2383,5900
윗반송역,2015년 6월,92039,88769,35740,1795,4102
윗반송역,2015년 7월,90805,87191,37845,1998,3638
윗반송역,2015년 8월,84982,81430,36009,1872,3215
윗반송역,2015년 9월,97931,93568,37531,1927,4285
윗반송역,2015년 10월,104566,99867,40876,2264,4976
윗반송역,2015년 11월,96950,92914,37424,2007,4136
윗반송역,2015년 12월,97964,92324,38918,2018,4082
윗반송역,2016년 1월,86620,82218,35959,1713,2967
윗반송역,2016년 2월,84219,80260,33380,1855,3866
윗반송역,2016년 3월,108312,104227,40293,1952,6415
윗반송역,2016년 4월,104786,100087,39524,1984,5849
윗반송역,2016년 5월,107803,102674,41277,2048,6143
윗반송역,2016년 6월,99017,94057,40208,1763,4633
윗반송역,2016년 7월,91974,87315,39019,1749,3823
윗반송역,2016년 8월,89939,85529,38462,1746,3671
윗반송역,2016년 9월,97276,92121,38050,1743,4350
윗반송역,2016년 10월,103413,98123,41646,1854,5057
윗반송역,2016년 11월,100821,96336,40492,1569,4621
윗반송역,2016년 12월,98394,92989,40226,1678,4536
윗반송역,2017년 1월,89205,83948,37859,1622,3403
윗반송역,2017년 2월,86517,81372,36889,1486,3917
윗반송역,2017년 3월,107403,101683,43292,1629,6057
윗반송역,2017년 4월,102284,96827,42050,1573,5017
윗반송역,2017년 5월,103016,97523,43318,1601,5196
윗반송역,2017년 6월,95688,90657,42794,1446,3888
윗반송역,2017년 7월,88640,84289,40748,1419,3337
윗반송역,2017년 8월,89367,84495,41608,1585,3082
윗반송역,2017년 9월,100037,94391,43638,1461,3811
윗반송역,2017년 10월,96357,89947,40533,1751,4577
윗반송역,2017년 11월,99572,93696,42932,1438,3539
윗반송역,2017년 12월,94539,87949,41233,1352,3663
윗반송역,2018년 1월,84019,79422,37700,884,2503
윗반송역,2018년 2월,77264,72890,33855,926,2730
윗반송역,2018년 3월,99413,92186,42775,1144,4574
윗반송역,2018년 4월,96480,91538,42797,938,4123
윗반송역,2018년 5월,98142,92505,44132,1041,3873
윗반송역,2018년 6월,90542,86179,42232,931,2956
윗반송역,2018년 7월,85654,81176,41066,925,2689
윗반송역,2018년 8월,83605,79103,40243,939,2514
윗반송역,2018년 9월,87316,82858,39283,918,2994
윗반송역,2018년 10월,96470,91112,44197,1046,3404
윗반송역,2018년 11월,94061,88963,43066,842,3440
윗반송역,2018년 12월,90557,85185,41739,831,3241
윗반송역,2019년 1월,86728,81827,42264,851,2265
윗반송역,2019년 2월,77358,72959,37021,919,2176
윗반송역,2019년 3월,96167,91110,46144,954,3438
윗반송역,2019년 4월,95353,90255,46047,1071,3112
윗반송역,2019년 5월,100797,94936,49685,1508,3263
윗반송역,2019년 6월,90525,84753,46055,1318,2503
윗반송역,2019년 7월,88763,83001,45409,1418,2482
윗반송역,2019년 8월,83564,78612,43421,1325,2015
윗반송역,2019년 9월,87545,82140,42981,1278,2471
윗반송역,2019년 10월,96147,90192,48547,1384,2586
윗반송역,2019년 11월,94597,87916,47521,1316,2606
윗반송역,2019년 12월,93473,86304,47077,1312,2598
윗반송역,2020년 1월,84206,78326,42074,1272,1971
윗반송역,2020년 2월,67706,63468,34392,762,1265
윗반송역,2020년 3월,55083,51987,27105,454,669
윗반송역,2020년 4월,62984,58855,32223,584,788
윗반송역,2020년 5월,73262,68409,37705,808,1052
윗반송역,2020년 6월,74454,70086,38039,803,1669
윗반송역,2020년 7월,75694,70644,38642,879,1907
윗반송역,2020년 8월,64575,60981,33444,775,1380
윗반송역,2020년 9월,64534,60861,33448,725,1251
윗반송역,2020년 10월,70375,65399,36269,889,1562
윗반송역,2020년 11월,71560,66173,36467,783,1613
윗반송역,2020년 12월,60681,57631,31638,558,1069
윗반송역,2021년 1월,58661,55658,29976,590,1159
윗반송역,2021년 2월,58390,54753,30132,643,1148
윗반송역,2021년 3월,72471,68181,38263,701,1889
윗반송역,2021년 4월,70828,67419,37918,649,1652
윗반송역,2021년 5월,71330,67351,38229,756,1545
윗반송역,2021년 6월,69971,66104,37276,673,1505
윗반송역,2021년 7월,67550,63591,36091,673,1456
윗반송역,2021년 8월,60969,58031,32968,598,1156
윗반송역,2021년 9월,66033,62647,35815,756,1466
윗반송역,2021년 10월,72379,68463,39898,800,1569
윗반송역,2021년 11월,73439,68621,39530,743,1615
윗반송역,2021년 12월,69283,64714,36275,661,1775
윗반송역,2022년 1월,67122,62854,36535,728,1335
윗반송역,2022년 2월,57740,54188,31106,570,1120
윗반송역,2022년 3월,66135,62110,36041,588,1389
윗반송역,2022년 4월,72636,68099,39656,675,1519
윗반송역,2022년 5월,78078,73257,43039,780,1701
윗반송역,2022년 6월,72474,67683,40475,595,1364
윗반송역,2022년 7월,72801,67957,40641,690,1418
윗반송역,2022년 8월,69503,64797,39318,592,1206
윗반송역,2022년 9월,70685,66581,39355,622,1276
윗반송역,2022년 10월,76699,70759,43657,708,1412
윗반송역,2022년 11월,75198,69893,42232,642,1330
윗반송역,2022년 12월,73674,68181,40905,609,1532
윗반송역,2023년 1월,69142,63503,37867,694,1229
윗반송역,2023년 2월,69198,64325,39782,642,1184
윗반송역,2023년 3월,79075,74203,45709,601,1677
윗반송역,2023년 4월,75079,70505,43661,574,1474
윗반송역,2023년 5월,76411,71860,44539,578,1538
윗반송역,2023년 6월,74404,70215,43860,638,1340
윗반송역,2023년 7월,68524,65341,40850,659,1287
윗반송역,2023년 8월,69885,65945,41379,663,1192
윗반송역,2023년 9월,72120,67600,41835,591,1343
윗반송역,2023년 10월,78772,73711,47250,419,1301
윗반송역,2023년 11월,77293,72414,45511,277,1498
윗반송역,2023년 12월,75194,69272,43636,303,1685
윗반송역,2024년 1월,74981,69502,44090,454,1337
윗반송역,2024년 2월,69638,64418,40487,479,1271
윗반송역,2024년 3월,78332,72360,46261,628,1583
윗반송역,2024년 4월,78077,73091,46707,595,1400
윗반송역,2024년 5월,81734,76449,49283,632,1553
윗반송역,2024년 6월,75797,70972,45785,546,1329
윗반송역,2024년 7월,75807,71271,45448,591,1445
윗반송역,2024년 8월,69411,65757,41964,485,1057
윗반송역,2024년 9월,70473,66183,42185,504,1213
윗반송역,2024년 10월,77207,71915,47242,547,1234
윗반송역,2024년 11월,77104,71375,46502,562,1371
윗반송역,2024년 12월,77033,70936,46159,586,1821
고촌역,2014년 1월,23138,16514,6516,395,1064
고촌역,2014년 2월,20178,14535,5734,230,943
고촌역,2014년 3월,25246,17397,7613,285,1531
고촌역,2014년 4월,25166,17757,7808,269,1445
고촌역,2014년 5월,26224,18951,8286,363,1465
고촌역,2014년 6월,23588,17339,7642,355,1228
고촌역,2014년 7월,23345,17772,7882,348,1026
고촌역,2014년 8월,21778,16648,7377,321,897
고촌역,2014년 9월,24411,18108,7913,394,1228
고촌역,2014년 10월,24655,17916,8285,329,1243
고촌역,2014년 11월,23397,16667,7658,372,1221
고촌역,2014년 12월,23813,16596,7052,429,1302
고촌역,2015년 1월,21900,15973,6904,318,890
고촌역,2015년 2월,21189,15307,6583,268,889
고촌역,2015년 3월,24833,17968,7971,195,1057
고촌역,2015년 4월,24136,17547,8096,194,919
고촌역,2015년 5월,24823,18194,8488,243,900
고촌역,2015년 6월,22929,16398,7650,155,871
고촌역,2015년 7월,23826,17301,7837,181,781
고촌역,2015년 8월,23061,16790,7931,243,751
고촌역,2015년 9월,25820,18340,8230,218,923
고촌역,2015년 10월,25689,18331,8477,154,847
고촌역,2015년 11월,24143,16610,7537,161,795
고촌역,2015년 12월,24258,16868,7387,194,785
고촌역,2016년 1월,21779,15784,6722,179,619
고촌역,2016년 2월,22088,16002,6681,216,703
고촌역,2016년 3월,25358,18157,7912,170,842
고촌역,2016년 4월,25632,18596,8198,167,835
고촌역,2016년 5월,27217,19659,8554,210,953
고촌역,2016년 6월,25917,18772,8365,209,788
고촌역,2016년 7월,25614,18971,8620,201,752
고촌역,2016년 8월,25335,18841,8902,180,762
고촌역,2016년 9월,26883,19559,8661,245,957
고촌역,2016년 10월,26919,19987,8898,170,873
고촌역,2016년 11월,26173,19168,8167,180,872
고촌역,2016년 12월,25745,18777,7929,208,837
고촌역,2017년 1월,24630,18187,7638,294,638
고촌역,2017년 2월,22600,16280,7385,214,584
고촌역,2017년 3월,27235,19438,9122,219,899
고촌역,2017년 4월,26138,19086,9205,216,783
고촌역,2017년 5월,27171,19476,9618,222,940
고촌역,2017년 6월,25379,18230,9158,200,835
고촌역,2017년 7월,24642,18093,8965,179,646
고촌역,2017년 8월,24347,18152,8964,213,640
고촌역,2017년 9월,25342,18585,9327,228,788
고촌역,2017년 10월,25153,18797,8883,263,733
고촌역,2017년 11월,24342,17999,8409,248,681
고촌역,2017년 12월,23134,16916,7806,224,629
고촌역,2018년 1월,21295,15408,7344,177,439
고촌역,2018년 2월,20514,14933,7023,221,506
고촌역,2018년 3월,23276,17407,8667,185,586
고촌역,2018년 4월,23045,17297,8922,174,501
고촌역,2018년 5월,23758,17447,9273,198,498
고촌역,2018년 6월,21998,16531,8613,160,391
고촌역,2018년 7월,22561,16815,8869,197,392
고촌역,2018년 8월,22023,16283,8819,196,368
고촌역,2018년 9월,22724,17090,8758,227,503
고촌역,2018년 10월,24203,18204,9315,170,507
고촌역,2018년 11월,22956,17027,8543,162,489
고촌역,2018년 12월,22392,16177,8026,148,491
고촌역,2019년 1월,21173,15500,7988,160,379
고촌역,2019년 2월,19909,14874,7820,175,396
고촌역,2019년 3월,23553,17251,9484,184,640
고촌역,2019년 4월,23460,17087,9635,170,610
고촌역,2019년 5월,23960,18101,9996,158,564
고촌역,2019년 6월,22077,16423,9418,147,497
고촌역,2019년 7월,22614,17165,9356,196,448
고촌역,2019년 8월,22328,16700,9632,184,412
고촌역,2019년 9월,22858,17286,9166,172,494
고촌역,2019년 10월,23259,17205,9556,153,507
고촌역,2019년 11월,22796,16658,8912,180,459
고촌역,2019년 12월,22734,16455,9132,163,437
고촌역,2020년 1월,21620,15778,8305,168,399
고촌역,2020년 2월,17633,13319,6980,149,226
고촌역,2020년 3월,15651,11968,6292,128,115
고촌역,2020년 4월,16321,12896,7086,135,149
고촌역,2020년 5월,17968,13936,7828,143,171
고촌역,2020년 6월,18822,14684,8092,120,273
고촌역,2020년 7월,19595,15342,8242,136,309
고촌역,2020년 8월,17131,13284,7502,161,228
고촌역,2020년 9월,17083,13641,7508,144,187
고촌역,2020년 10월,18354,14332,8225,156,248
고촌역,2020년 11월,18146,14124,7940,130,235
고촌역,2020년 12월,15615,12810,6642,90,213
고촌역,2021년 1월,14894,11656,5917,117,246
고촌역,2021년 2월,14998,11215,6343,107,254
고촌역,2021년 3월,18713,14347,8427,95,276
고촌역,2021년 4월,17893,14076,8214,100,240
고촌역,2021년 5월,17636,13794,8167,105,241
고촌역,2021년 6월,17799,13745,7944,94,281
고촌역,2021년 7월,17529,14105,7828,110,240
고촌역,2021년 8월,16152,13131,7606,65,225
고촌역,2021년 9월,17497,14110,8170,58,263
고촌역,2021년 10월,18426,14585,8480,93,261
고촌역,2021년 11월,18417,14475,8166,95,287
고촌역,2021년 12월,17550,13763,7342,53,367
고촌역,2022년 1월,16337,13074,7167,65,304
고촌역,2022년 2월,14329,11537,6487,41,245
고촌역,2022년 3월,16625,12922,7348,48,300
고촌역,2022년 4월,18263,14725,8326,62,312
고촌역,2022년 5월,19357,15398,8842,65,320
고촌역,2022년 6월,18068,14417,8149,71,268
고촌역,2022년 7월,18428,14833,8278,73,281
고촌역,2022년 8월,18210,14776,8479,92,245
고촌역,2022년 9월,18889,15469,8551,82,257
고촌역,2022년 10월,19179,15836,8918,66,275
고촌역,2022년 11월,18801,15134,8302,65,260
고촌역,2022년 12월,17943,14057,7588,86,285
고촌역,2023년 1월,17376,13932,7299,68,250
고촌역,2023년 2월,16694,13535,7617,77,276
고촌역,2023년 3월,19558,15912,9385,67,369
고촌역,2023년 4월,18326,15117,9194,78,332
고촌역,2023년 5월,18433,15260,9269,78,303
고촌역,2023년 6월,17606,15128,9022,86,277
고촌역,2023년 7월,16171,13639,8499,80,246
고촌역,2023년 8월,17544,14870,8677,79,241
고촌역,2023년 9월,18580,15497,8880,75,307
고촌역,2023년 10월,19363,16245,9625,39,289
고촌역,2023년 11월,18335,15408,8632,35,306
고촌역,2023년 12월,17158,14344,7980,49,273
고촌역,2024년 1월,17227,14807,7917,95,250
고촌역,2024년 2월,17010,14252,7561,119,225
고촌역,2024년 3월,18150,15591,8841,104,305
고촌역,2024년 4월,18380,15608,8942,125,330
고촌역,2024년 5월,19338,16402,9640,144,294
고촌역,2024년 6월,17839,15061,8692,88,261
고촌역,2024년 7월,18504,15476,8650,103,283
고촌역,2024년 8월,17412,14527,8249,116,272
고촌역,2024년 9월,17696,14816,8349,120,294
고촌역,2024년 10월,18556,15130,8895,117,340
고촌역,2024년 11월,17900,14851,8216,101,267
고촌역,2024년 12월,17748,14726,7714,128,377
안평역,2014년 1월,59933,58199,18083,603,2179
안평역,2014년 2월,57366,55144,16910,549,2224
안평역,2014년 3월,77719,74890,24998,721,3403
안평역,2014년 4월,80437,77392,26547,711,3310
안평역,2014년 5월,83184,79471,26139,1048,3711
안평역,2014년 6월,76221,74055,24452,862,3114
안평역,2014년 7월,77922,76095,24141,1004,3355
안평역,2014년 8월,73711,70823,23001,1102,2876
안평역,2014년 9월,77251,73451,24130,1011,3178
안평역,2014년 10월,81869,78591,25590,937,3160
안평역,2014년 11월,77483,74415,23966,924,3262
안평역,2014년 12월,78594,75060,22797,1040,3182
안평역,2015년 1월,75363,72747,22726,1067,2790
안평역,2015년 2월,64945,62895,19329,1006,2669
안평역,2015년 3월,86185,82898,28206,1022,3440
안평역,2015년 4월,85421,82216,28711,953,3144
안평역,2015년 5월,87876,83335,29003,1332,3590
안평역,2015년 6월,75883,73292,24707,922,2782
안평역,2015년 7월,78714,75892,25223,1112,2806
안평역,2015년 8월,77026,73338,25234,1312,2544
안평역,2015년 9월,77864,74417,24645,1026,2745
안평역,2015년 10월,85889,81795,27192,1214,3076
안평역,2015년 11월,77533,74913,23732,986,2957
안평역,2015년 12월,82615,79159,24685,1084,3077
안평역,2016년 1월,76538,73251,23114,1075,2634
안평역,2016년 2월,71962,69240,21397,1086,2707
안평역,2016년 3월,90304,87172,29288,942,3546
안평역,2016년 4월,94091,90089,30846,1120,3484
안평역,2016년 5월,96577,91454,30358,1218,4216
안평역,2016년 6월,90663,86146,28255,1060,3452
안평역,2016년 7월,88190,84852,27702,1082,3293
안평역,2016년 8월,86519,82482,27918,1044,3187
안평역,2016년 9월,85492,81530,25543,1059,3702
안평역,2016년 10월,93532,88963,29238,1225,3921
안평역,2016년 11월,91318,86367,27959,1131,3953
안평역,2016년 12월,92730,86719,28273,1188,3791
안평역,2017년 1월,71746,66797,22462,1099,2235
안평역,2017년 2월,67473,62748,22098,965,2077
안평역,2017년 3월,79913,74468,28268,939,2592
안평역,2017년 4월,78591,73507,28185,947,2471
안평역,2017년 5월,77007,71408,27149,957,2565
안평역,2017년 6월,74001,69049,26247,909,2372
안평역,2017년 7월,70089,64984,24997,800,2139
안평역,2017년 8월,68435,64221,24703,898,1882
안평역,2017년 9월,72228,67723,25930,832,2270
안평역,2017년 10월,68220,63926,23941,902,2114
안평역,2017년 11월,70472,66173,24463,756,2170
안평역,2017년 12월,68225,62908,22536,823,2243
안평역,2018년 1월,62558,58711,20910,757,1578
안평역,2018년 2월,55042,52331,18835,656,1486
안평역,2018년 3월,69281,65247,25927,755,1919
안평역,2018년 4월,70915,66112,27379,768,1812
안평역,2018년 5월,69426,65368,26209,796,1911
안평역,2018년 6월,64773,61227,25121,709,1552
안평역,2018년 7월,63305,59719,25030,634,1604
안평역,2018년 8월,61577,57852,24722,734,1399
안평역,2018년 9월,60838,57599,23432,738,1470
안평역,2018년 10월,67691,64167,26318,791,1455
안평역,2018년 11월,65042,61854,24571,725,1564
안평역,2018년 12월,62572,58865,22649,757,1573
안평역,2019년 1월,60842,57556,22885,665,1187
안평역,2019년 2월,54355,51550,20668,646,1043
안평역,2019년 3월,67671,65062,28009,645,1273
안평역,2019년 4월,67449,65048,28106,560,1206
안평역,2019년 5월,67379,64802,28025,661,1329
안평역,2019년 6월,62109,60182,26144,650,1116
안평역,2019년 7월,63493,60371,25830,742,1121
안평역,2019년 8월,60829,58014,25373,757,951
안평역,2019년 9월,59143,56309,23919,618,1018
안평역,2019년 10월,65548,62190,27015,658,1139
안평역,2019년 11월,64294,61015,25574,612,1179
안평역,2019년 12월,63959,61282,25027,613,1326
안평역,2020년 1월,57767,55768,22060,665,1049
안평역,2020년 2월,48283,47186,19298,376,672
안평역,2020년 3월,44597,43746,19814,186,350
안평역,2020년 4월,50861,49563,23352,236,456
안평역,2020년 5월,54075,52740,24173,315,559
안평역,2020년 6월,53593,52182,23545,300,763
안평역,2020년 7월,54420,53326,23028,352,847
안평역,2020년 8월,49538,48181,21794,351,688
안평역,2020년 9월,49430,48351,21790,215,617
안평역,2020년 10월,52409,51051,23287,317,803
안평역,2020년 11월,52745,51777,22223,301,758
안평역,2020년 12월,44798,44458,19253,236,557
안평역,2021년 1월,43552,43236,18208,251,563
안평역,2021년 2월,43754,43117,18508,288,666
안평역,2021년 3월,58651,57584,27126,372,934
안평역,2021년 4월,59038,57538,28166,384,873
안평역,2021년 5월,56714,55573,25693,421,897
안평역,2021년 6월,55478,54415,24382,351,992
안평역,2021년 7월,53823,53008,23889,315,937
안평역,2021년 8월,49022,48723,22837,241,740
안평역,2021년 9월,51882,50575,24014,341,867
안평역,2021년 10월,57214,55570,26517,396,890
안평역,2021년 11월,57346,55542,25559,289,857
안평역,2021년 12월,53423,52619,22466,226,820
안평역,2022년 1월,52269,50873,22432,261,644
안평역,2022년 2월,45140,43760,19575,230,641
안평역,2022년 3월,54292,53151,25021,174,813
안평역,2022년 4월,62326,60273,29595,277,920
안평역,2022년 5월,65794,62718,30174,348,1029
안평역,2022년 6월,60544,58234,27042,347,980
안평역,2022년 7월,60215,58072,27077,366,974
안평역,2022년 8월,57317,54859,25895,385,923
안평역,2022년 9월,59171,56352,26261,353,901
안평역,2022년 10월,62285,59571,28270,326,1023
안평역,2022년 11월,60557,58856,26448,278,975
안평역,2022년 12월,58125,55572,24697,276,1046
안평역,2023년 1월,54250,52081,22454,335,1013
안평역,2023년 2월,53612,51769,23676,360,1000
안평역,2023년 3월,66337,63163,30995,284,1202
안평역,2023년 4월,63554,60736,30166,262,1107
안평역,2023년 5월,63629,60679,29588,357,1118
안평역,2023년 6월,62094,59170,28767,342,1124
안평역,2023년 7월,57917,55418,26790,367,1084
안평역,2023년 8월,57687,54624,26514,461,1064
안평역,2023년 9월,59097,56187,27274,359,1032
안평역,2023년 10월,63190,59639,29618,265,1070
안평역,2023년 11월,60906,58154,27108,248,953
안평역,2023년 12월,58510,55222,25598,270,991
안평역,2024년 1월,57698,54891,24819,398,890
안평역,2024년 2월,52208,50277,22445,408,830
안평역,2024년 3월,62830,60134,29209,386,1276
안평역,2024년 4월,64265,61450,31002,347,1136
안평역,2024년 5월,64196,61793,30551,385,1119
안평역,2024년 6월,58956,56495,28047,377,972
안평역,2024년 7월,59215,56137,27465,387,1098
안평역,2024년 8월,55604,52494,26036,472,885
안평역,2024년 9월,55754,52580,25940,382,990
안평역,2024년 10월,60013,57621,28537,377,952
안평역,2024년 11월,59054,56638,27142,383,1040
안평역,2024년 12월,59222,56500,26946,442,1062
