날짜,역번호,역명,구분,03-04시,04-05시,05-06시,06-07시,07-08시,08-09시,09-10시,10-11시,11-12시,12-13시,13-14시,14-15시,15-16시,16-17시,17-18시,18-19시,19-20시,20-21시,21-22시,22-23시,23-00시,00-01시,01-02시,02-03시
2026-01-01,1101,판암,승차,0,0,44,44,70,119,170,125,148,129,146,152,132,147,120,89,63,66,35,30,7,0,0,0
2026-01-01,1101,판암,하차,0,0,25,82,39,68,68,75,81,94,86,133,134,145,160,142,88,108,89,58,42,17,0,0
2026-01-01,1102,신흥,승차,0,0,28,27,46,58,72,68,75,66,66,62,62,59,56,47,39,28,13,8,1,0,0,0
2026-01-01,1102,신흥,하차,0,0,19,34,18,25,23,20,29,48,45,55,60,72,78,66,63,61,49,71,39,2,0,0
2026-01-01,1103,대동,승차,0,0,30,61,61,84,103,99,85,101,136,108,109,125,119,101,73,50,36,28,17,0,0,0
2026-01-01,1103,대동,하차,0,0,32,37,34,53,46,52,63,56,64,79,78,112,118,122,92,111,77,110,71,11,0,0
2026-01-01,1104,대전,승차,0,0,15,60,150,226,324,433,419,481,448,682,648,772,637,587,538,481,455,434,147,4,0,0
2026-01-01,1104,대전,하차,0,0,80,128,180,358,483,472,528,489,518,522,494,462,466,441,377,331,185,49,18,4,0,0
2026-01-01,1105,중앙로,승차,0,0,70,52,33,64,126,113,213,188,272,399,483,574,699,675,602,526,406,200,101,3,0,0
2026-01-01,1105,중앙로,하차,0,0,31,62,99,160,231,323,497,674,643,753,601,601,507,381,256,141,118,43,33,4,0,0
2026-01-01,1106,중구청,승차,0,0,13,20,35,28,27,36,40,42,43,63,66,78,62,46,34,51,17,18,14,0,0,0
2026-01-01,1106,중구청,하차,0,0,15,21,17,24,34,35,50,67,61,75,63,74,67,72,41,33,41,34,19,3,0,0
2026-01-01,1107,서대전네거리,승차,0,8,41,48,64,93,134,127,158,155,177,210,203,157,163,199,127,104,86,64,49,8,0,0
2026-01-01,1107,서대전네거리,하차,0,8,19,48,49,70,113,90,116,169,170,210,156,212,214,230,151,141,110,131,61,13,0,0
2026-01-01,1108,오룡,승차,0,0,31,21,58,92,103,71,112,130,126,95,95,101,121,72,79,50,44,23,26,0,0,0
2026-01-01,1108,오룡,하차,0,0,15,29,18,39,54,98,61,70,72,88,88,100,107,97,86,105,86,69,67,1,0,0
2026-01-01,1109,용문,승차,0,0,87,78,96,149,214,174,241,205,288,276,239,269,255,192,152,103,84,43,60,0,0,0
2026-01-01,1109,용문,하차,0,0,18,48,78,127,142,145,163,181,193,249,252,275,269,245,214,225,180,146,113,0,0,0
2026-01-01,1110,탄방,승차,0,0,17,35,66,72,93,98,109,134,147,128,134,104,139,98,92,84,49,88,23,0,0,0
2026-01-01,1110,탄방,하차,0,0,24,51,43,80,90,89,66,108,137,116,133,161,151,138,120,115,91,70,65,0,0,0
2026-01-01,1111,시청,승차,0,0,91,61,76,80,100,103,126,147,218,188,179,183,186,227,184,177,159,205,101,0,0,0
2026-01-01,1111,시청,하차,0,0,14,45,71,98,120,113,123,133,142,159,213,247,243,242,166,154,149,82,49,6,0,0
2026-01-01,1112,정부청사,승차,0,0,48,36,55,86,80,97,125,130,143,181,204,179,172,153,115,131,92,58,46,0,0,0
2026-01-01,1112,정부청사,하차,0,0,20,56,54,124,149,123,128,168,167,195,180,224,158,147,136,125,119,80,31,8,0,0
2026-01-01,1113,갈마,승차,0,0,57,53,44,79,91,89,97,112,100,106,95,105,100,88,66,61,35,21,20,0,0,0
2026-01-01,1113,갈마,하차,0,0,11,18,16,26,44,52,80,93,72,110,140,135,131,130,127,112,117,83,61,9,0,0
2026-01-01,1114,월평,승차,0,0,49,49,51,89,102,93,139,122,153,149,143,143,139,144,75,69,51,44,27,1,0,0
2026-01-01,1114,월평,하차,0,0,20,14,27,45,55,70,88,106,147,160,147,160,210,173,118,100,116,110,95,10,0,0
2026-01-01,1115,갑천,승차,0,0,10,12,17,31,32,25,25,27,29,34,40,25,24,43,18,21,10,4,4,0,0,0
2026-01-01,1115,갑천,하차,0,0,3,12,12,19,20,22,28,30,28,30,41,42,45,48,30,37,17,26,31,2,0,0
2026-01-01,1116,유성온천,승차,0,0,64,108,112,171,236,248,293,337,342,392,392,445,403,360,268,220,199,138,96,1,0,0
2026-01-01,1116,유성온천,하차,0,0,80,81,97,172,242,225,290,261,342,382,402,446,447,475,304,315,306,229,132,16,0,0
2026-01-01,1117,구암,승차,0,0,21,20,29,50,53,75,91,101,112,104,105,129,109,80,77,74,53,35,7,0,0,0
2026-01-01,1117,구암,하차,0,0,11,31,45,45,74,66,71,68,58,77,117,113,112,111,97,104,66,43,27,5,0,0
2026-01-01,1118,현충원,승차,0,0,7,12,15,72,50,69,74,106,132,103,103,114,76,63,39,44,23,11,3,0,0,0
2026-01-01,1118,현충원,하차,0,0,8,13,23,35,48,66,94,53,48,54,52,63,55,37,49,48,43,55,13,2,0,0
2026-01-01,1119,월드컵경기장,승차,0,0,17,15,33,51,80,73,85,74,99,85,80,74,97,64,55,39,29,12,2,0,0,0
2026-01-01,1119,월드컵경기장,하차,0,0,7,32,18,29,38,39,38,72,47,57,86,96,71,77,61,63,68,58,26,8,0,0
2026-01-01,1120,노은,승차,0,0,22,25,37,60,66,80,109,159,107,130,122,154,173,137,116,139,125,74,41,0,0,0
2026-01-01,1120,노은,하차,0,0,12,29,41,79,116,84,91,97,96,149,162,149,212,238,130,140,82,93,46,14,0,0
2026-01-01,1121,지족,승차,0,0,22,21,25,41,57,74,66,72,66,64,58,59,55,53,41,42,39,19,17,0,0,0
2026-01-01,1121,지족,하차,0,0,11,17,11,28,30,33,35,60,23,48,56,60,80,94,57,61,46,43,47,4,0,0
2026-01-01,1122,반석,승차,0,0,48,61,77,128,157,155,164,188,208,235,208,216,197,177,124,126,91,94,52,0,0,0
2026-01-01,1122,반석,하차,0,0,20,41,64,96,111,100,95,136,123,175,181,238,264,204,195,227,169,157,78,18,0,0
2026-01-02,1101,판암,승차,0,0,100,131,390,574,248,238,215,228,224,219,220,237,269,306,114,97,60,49,19,9,0,0
2026-01-02,1101,판암,하차,0,0,15,39,104,213,120,111,151,145,166,200,239,324,324,533,177,153,173,191,70,46,0,0
2026-01-02,1102,신흥,승차,0,0,57,70,317,472,160,123,96,73,104,124,81,86,128,145,69,39,30,15,8,0,0,0
2026-01-02,1102,신흥,하차,0,0,8,17,40,70,40,54,51,95,72,81,154,206,188,354,185,119,124,113,56,8,0,0
2026-01-02,1103,대동,승차,0,9,62,129,355,512,325,172,175,206,236,199,191,290,317,324,134,116,68,44,31,0,0,0
2026-01-02,1103,대동,하차,0,9,15,34,125,247,89,112,205,115,126,183,194,269,284,447,216,149,191,175,100,18,0,0
2026-01-02,1104,대전,승차,0,0,17,112,501,652,561,722,708,798,691,838,932,1023,1000,1058,753,616,475,315,170,1,0,0
2026-01-02,1104,대전,하차,0,0,94,333,596,804,541,597,759,661,777,834,772,916,973,1337,581,417,335,240,58,4,0,0
2026-01-02,1105,중앙로,승차,0,0,24,45,133,236,162,174,309,324,440,574,659,784,776,967,544,555,523,287,164,3,0,0
2026-01-02,1105,중앙로,하차,0,0,37,63,185,657,521,513,638,675,624,610,632,630,743,910,471,263,157,103,68,3,0,0
2026-01-02,1106,중구청,승차,0,0,21,40,133,216,84,95,108,104,118,131,128,191,242,374,87,60,59,44,20,1,0,0
2026-01-02,1106,중구청,하차,0,0,17,44,165,475,155,114,90,91,108,122,120,142,166,224,84,42,67,48,27,5,0,0
2026-01-02,1107,서대전네거리,승차,0,0,81,130,358,716,272,275,277,287,286,290,384,344,470,588,222,212,149,136,75,6,0,0
2026-01-02,1107,서대전네거리,하차,0,0,32,65,174,542,236,201,255,260,303,333,289,394,567,882,377,232,220,183,108,15,0,0
2026-01-02,1108,오룡,승차,0,0,67,92,308,621,189,172,159,171,186,189,205,229,292,663,139,66,63,40,36,0,0,0
2026-01-02,1108,오룡,하차,0,0,14,44,132,563,134,115,109,139,137,151,197,247,330,472,222,129,149,100,95,2,0,0
2026-01-02,1109,용문,승차,0,0,106,165,454,969,352,354,398,426,471,471,419,518,581,562,309,213,197,121,104,0,0,0
2026-01-02,1109,용문,하차,0,0,26,59,157,510,362,352,352,363,457,461,495,548,653,1098,460,314,264,250,132,0,0,0
2026-01-02,1110,탄방,승차,0,0,45,84,220,405,195,178,221,203,198,232,309,327,426,749,213,114,176,192,43,0,0,0
2026-01-02,1110,탄방,하차,0,0,31,96,274,942,294,211,184,190,294,253,280,293,334,581,226,145,117,86,102,0,0,0
2026-01-02,1111,시청,승차,0,0,34,98,174,336,186,217,330,290,343,407,470,580,911,1488,427,426,369,437,197,0,0,0
2026-01-02,1111,시청,하차,0,0,53,139,462,1608,616,339,304,350,406,383,497,536,631,776,362,231,179,109,54,13,0,0
2026-01-02,1112,정부청사,승차,0,0,16,62,132,273,181,226,260,269,305,336,499,630,1023,1657,344,266,348,165,77,0,0,0
2026-01-02,1112,정부청사,하차,0,0,84,156,492,2162,495,311,292,344,325,398,456,428,421,498,235,145,144,99,52,14,0,0
2026-01-02,1113,갈마,승차,0,0,52,107,201,412,154,149,133,133,157,171,196,176,199,215,112,74,54,42,32,0,0,0
2026-01-02,1113,갈마,하차,0,0,26,29,62,126,82,81,114,119,128,156,181,204,290,442,199,138,154,133,94,9,0,0
2026-01-02,1114,월평,승차,0,0,59,85,204,396,191,149,171,158,178,217,224,259,289,320,147,119,75,74,30,2,0,0
2026-01-02,1114,월평,하차,0,0,15,16,81,263,141,166,176,195,202,173,229,266,308,466,207,156,187,120,96,14,0,0
2026-01-02,1115,갑천,승차,0,0,16,27,81,186,54,46,37,39,43,41,38,49,77,84,28,22,24,12,4,1,0,0
2026-01-02,1115,갑천,하차,0,0,6,12,24,73,31,28,26,45,44,42,52,58,68,143,71,44,49,26,14,3,0,0
2026-01-02,1116,유성온천,승차,0,1,71,187,526,1065,383,362,425,444,501,518,593,710,765,865,429,316,311,268,178,5,0,0
2026-01-02,1116,유성온천,하차,0,0,66,91,299,676,452,400,440,460,489,518,578,683,894,1442,553,439,412,369,214,21,0,0
2026-01-02,1117,구암,승차,0,0,26,56,154,324,126,126,142,135,160,183,224,227,206,219,139,68,56,42,13,1,0,0
2026-01-02,1117,구암,하차,0,0,9,39,100,195,99,121,113,125,124,142,202,196,238,352,149,139,82,67,41,11,0,0
2026-01-02,1118,현충원,승차,0,0,19,36,123,260,71,84,84,120,141,101,129,123,149,178,70,41,29,19,6,0,0,0
2026-01-02,1118,현충원,하차,0,0,2,30,41,91,65,65,67,63,64,74,95,101,97,206,85,83,64,67,31,7,0,0
2026-01-02,1119,월드컵경기장,승차,0,0,22,50,182,379,159,154,117,144,166,158,170,193,191,212,85,59,66,34,9,0,0,0
2026-01-02,1119,월드컵경기장,하차,0,0,4,32,128,136,111,77,73,104,94,118,139,174,190,349,157,100,99,90,64,14,0,0
2026-01-02,1120,노은,승차,0,0,34,70,235,418,165,189,195,268,239,210,271,286,368,389,238,185,200,126,72,1,0,0
2026-01-02,1120,노은,하차,0,0,17,37,112,283,229,187,174,194,207,273,310,334,391,616,252,197,225,161,69,13,0,0
2026-01-02,1121,지족,승차,0,0,27,43,120,189,97,97,76,100,104,145,167,146,183,336,87,66,43,14,15,0,0,0
2026-01-02,1121,지족,하차,0,0,13,34,112,404,88,46,66,74,68,89,108,121,137,218,119,71,79,78,57,13,0,0
2026-01-02,1122,반석,승차,0,0,73,137,739,861,391,323,227,300,320,335,352,440,531,714,316,235,190,171,84,0,0,0
2026-01-02,1122,반석,하차,0,0,24,130,295,439,163,162,164,242,257,231,338,476,602,963,385,271,307,305,136,38,0,0
2026-01-03,1101,판암,승차,0,0,63,72,143,212,259,231,238,264,279,258,195,204,210,154,120,86,63,30,15,0,0,0
2026-01-03,1101,판암,하차,0,0,14,29,54,101,99,138,133,143,161,168,229,247,295,185,135,155,149,126,70,30,0,0
2026-01-03,1102,신흥,승차,0,0,32,58,86,143,140,117,112,132,123,87,109,115,94,67,54,36,27,12,4,1,0,0
2026-01-03,1102,신흥,하차,0,0,9,15,30,33,36,49,62,75,82,68,109,126,145,125,79,87,88,80,61,10,0,0
2026-01-03,1103,대동,승차,0,0,46,64,122,195,216,202,170,200,216,182,149,200,212,128,77,67,70,56,29,0,0,0
2026-01-03,1103,대동,하차,0,0,23,25,32,83,70,81,139,136,120,170,182,149,215,188,132,174,141,146,103,14,0,0
2026-01-03,1104,대전,승차,0,0,10,64,177,445,571,777,841,1149,980,1010,1086,1062,954,738,557,538,512,425,245,17,0,0
2026-01-03,1104,대전,하차,0,0,63,212,367,600,792,869,996,815,922,874,776,827,661,480,469,406,471,111,57,19,0,0
2026-01-03,1105,중앙로,승차,0,0,27,27,47,114,166,177,265,354,427,526,697,823,926,709,646,570,489,292,211,7,0,0
2026-01-03,1105,중앙로,하차,0,0,27,77,130,277,375,497,682,907,945,961,811,751,766,504,358,252,165,90,45,12,0,0
2026-01-03,1106,중구청,승차,0,0,21,17,41,78,87,70,59,108,127,100,117,131,113,85,67,39,39,30,21,0,0,0
2026-01-03,1106,중구청,하차,0,0,13,19,27,58,67,81,101,113,128,102,116,122,160,83,62,48,58,43,33,4,0,0
2026-01-03,1107,서대전네거리,승차,0,0,58,51,130,211,237,265,337,332,295,298,274,263,281,244,216,136,181,115,99,0,0,0
2026-01-03,1107,서대전네거리,하차,0,0,24,36,83,151,220,187,268,290,312,289,310,357,436,402,258,211,199,162,132,16,0,0
2026-01-03,1108,오룡,승차,0,0,46,52,98,165,164,175,212,211,166,158,131,143,173,116,75,56,49,31,40,0,0,0
2026-01-03,1108,오룡,하차,0,0,12,31,41,84,101,98,116,145,179,135,153,165,171,158,114,104,106,91,92,3,0,0
2026-01-03,1109,용문,승차,0,0,82,90,166,309,323,378,423,491,496,454,445,540,509,300,263,214,151,101,80,0,0,0
2026-01-03,1109,용문,하차,0,0,16,52,122,292,334,323,405,431,493,429,473,391,601,343,316,279,215,190,156,0,0,0
2026-01-03,1110,탄방,승차,0,0,21,49,97,151,142,188,209,244,288,250,276,275,365,214,132,114,102,89,37,0,0,0
2026-01-03,1110,탄방,하차,0,0,21,63,59,204,267,259,250,270,300,265,224,223,248,194,153,128,97,103,89,0,0,0
2026-01-03,1111,시청,승차,0,0,32,46,86,127,159,255,298,430,415,379,374,530,410,373,327,289,252,258,194,0,0,0
2026-01-03,1111,시청,하차,0,0,32,60,148,321,388,322,371,527,414,326,366,377,383,276,211,187,150,88,64,8,0,0
2026-01-03,1112,정부청사,승차,0,0,20,26,73,94,144,193,244,237,280,292,312,361,362,304,194,312,332,87,48,1,0,0
2026-01-03,1112,정부청사,하차,0,0,37,67,92,227,285,276,317,402,411,477,430,354,304,218,168,150,151,88,53,20,0,0
2026-01-03,1113,갈마,승차,0,0,32,50,93,158,169,190,168,145,211,152,172,193,176,112,98,95,67,50,35,3,0,0
2026-01-03,1113,갈마,하차,0,0,21,18,30,63,71,123,128,186,167,191,173,240,255,209,171,131,121,103,106,15,0,0
2026-01-03,1114,월평,승차,0,0,54,70,95,159,187,179,166,201,218,199,203,226,180,118,131,113,78,63,41,0,0,0
2026-01-03,1114,월평,하차,0,0,25,16,32,68,91,113,127,209,168,208,190,229,253,254,144,160,122,111,95,7,0,0
2026-01-03,1115,갑천,승차,0,0,13,17,32,65,51,42,52,55,54,49,63,46,49,54,26,18,30,10,10,0,0,0
2026-01-03,1115,갑천,하차,0,0,9,15,11,24,37,18,41,52,59,65,52,64,65,52,40,47,39,37,35,2,0,0
2026-01-03,1116,유성온천,승차,0,0,57,123,197,345,370,432,522,575,650,548,568,583,534,452,354,393,308,181,179,0,0,0
2026-01-03,1116,유성온천,하차,0,0,48,98,124,332,429,402,466,509,524,550,577,754,771,675,464,385,364,311,232,34,0,0
2026-01-03,1117,구암,승차,0,0,33,35,74,118,122,150,165,164,145,176,154,148,162,148,92,71,60,31,9,2,0,0
2026-01-03,1117,구암,하차,0,0,4,39,38,76,106,141,128,139,153,148,160,155,206,136,110,106,82,52,31,5,0,0
2026-01-03,1118,현충원,승차,0,0,4,21,44,136,119,106,114,115,145,141,129,106,106,66,60,59,30,13,3,0,0,0
2026-01-03,1118,현충원,하차,0,0,5,9,30,49,76,92,79,87,75,90,65,109,98,66,83,80,68,64,29,7,0,0
2026-01-03,1119,월드컵경기장,승차,0,0,16,32,51,98,151,162,129,139,141,126,138,143,140,102,83,59,54,26,11,1,0,0
2026-01-03,1119,월드컵경기장,하차,0,0,8,29,35,66,66,60,102,96,88,112,116,181,154,122,76,68,80,82,38,13,0,0
2026-01-03,1120,노은,승차,0,0,27,39,95,163,161,190,242,297,291,260,229,266,261,188,135,135,158,99,75,2,0,0
2026-01-03,1120,노은,하차,0,0,11,26,64,161,208,151,193,261,232,206,253,278,313,297,207,161,126,135,82,25,0,0
2026-01-03,1121,지족,승차,0,0,20,35,59,90,85,109,106,90,103,109,109,105,104,98,48,43,29,18,13,0,0,0
2026-01-03,1121,지족,하차,0,0,8,16,23,72,52,44,45,95,104,84,75,96,126,110,78,70,71,63,55,13,0,0
2026-01-03,1122,반석,승차,0,0,38,85,125,303,394,364,430,384,396,325,340,351,329,294,177,153,161,126,79,0,0,0
2026-01-03,1122,반석,하차,0,0,30,60,95,149,183,146,224,217,283,246,312,400,474,333,277,284,253,262,150,45,0,0
2026-01-04,1101,판암,승차,0,0,47,68,97,200,202,189,188,179,235,202,205,143,136,114,72,74,50,26,6,0,0,0
2026-01-04,1101,판암,하차,0,0,16,28,41,75,88,90,100,119,138,166,168,191,217,137,136,135,131,106,45,20,0,0
2026-01-04,1102,신흥,승차,0,0,24,27,48,90,93,94,86,98,91,96,80,80,55,52,49,36,18,14,7,0,0,0
2026-01-04,1102,신흥,하차,0,0,2,18,21,27,29,47,54,46,52,83,104,110,110,86,81,73,73,71,47,4,0,0
2026-01-04,1103,대동,승차,0,0,27,72,86,161,153,179,165,203,170,152,142,156,143,95,77,43,51,32,11,1,0,0
2026-01-04,1103,대동,하차,0,0,10,20,24,85,54,81,98,69,104,135,170,179,178,154,138,123,115,121,98,13,0,0
2026-01-04,1104,대전,승차,0,1,8,70,117,230,294,611,594,622,780,835,887,989,850,735,737,850,838,675,245,0,0,0
2026-01-04,1104,대전,하차,0,0,48,159,211,383,463,495,685,586,619,667,546,571,537,423,399,399,364,75,42,4,0,0
2026-01-04,1105,중앙로,승차,0,0,15,27,30,94,122,130,217,230,318,392,532,654,678,538,482,473,361,170,114,0,0,0
2026-01-04,1105,중앙로,하차,0,0,9,41,76,162,247,413,579,677,675,767,618,517,461,335,241,132,111,64,32,2,0,0
2026-01-04,1106,중구청,승차,0,0,10,15,31,44,39,46,46,87,77,72,98,94,103,74,46,33,29,22,8,0,0,0
2026-01-04,1106,중구청,하차,0,0,6,29,16,25,34,68,78,82,112,113,96,88,90,55,56,51,56,43,22,3,0,0
2026-01-04,1107,서대전네거리,승차,0,0,49,42,67,151,153,197,182,240,231,282,243,189,181,224,180,123,129,88,61,3,0,0
2026-01-04,1107,서대전네거리,하차,0,0,25,55,57,102,115,137,135,209,230,240,239,372,298,299,207,198,160,128,79,6,0,0
2026-01-04,1108,오룡,승차,0,0,18,33,61,123,133,142,163,219,155,150,142,158,131,110,70,56,70,35,25,0,0,0
2026-01-04,1108,오룡,하차,0,0,13,33,40,69,95,176,84,101,120,124,160,147,155,166,125,127,92,78,46,4,0,0
2026-01-04,1109,용문,승차,0,0,51,55,99,157,222,267,545,415,442,602,405,425,441,267,186,228,191,86,64,0,0,0
2026-01-04,1109,용문,하차,0,0,12,52,125,531,249,299,476,317,331,373,482,371,393,308,277,246,207,159,107,0,0,0
2026-01-04,1110,탄방,승차,0,0,23,47,61,102,111,124,140,152,178,211,194,143,189,117,97,78,76,64,28,0,0,0
2026-01-04,1110,탄방,하차,0,0,12,50,32,68,134,171,128,143,195,198,201,170,185,146,120,134,149,77,65,0,0,0
2026-01-04,1111,시청,승차,0,0,25,40,41,111,103,144,162,191,239,213,340,345,341,336,303,254,189,190,109,0,0,0
2026-01-04,1111,시청,하차,0,0,17,47,60,127,141,160,285,291,340,301,302,352,289,266,167,167,144,101,68,5,0,0
2026-01-04,1112,정부청사,승차,0,0,23,32,44,93,88,139,129,146,219,199,289,253,246,236,190,249,290,67,41,0,0,0
2026-01-04,1112,정부청사,하차,0,0,20,43,65,111,183,189,227,280,294,361,313,276,257,200,183,134,188,83,50,5,0,0
2026-01-04,1113,갈마,승차,0,0,39,48,58,138,128,170,150,172,170,155,141,145,123,95,83,67,59,49,27,8,0,0
2026-01-04,1113,갈마,하차,0,0,24,17,20,40,54,119,124,146,168,189,184,205,227,172,127,116,96,126,69,16,0,0
2026-01-04,1114,월평,승차,0,0,26,44,75,115,139,148,187,130,146,159,190,177,129,131,77,82,56,46,37,1,0,0
2026-01-04,1114,월평,하차,0,0,10,14,24,50,60,120,146,147,189,191,196,216,246,200,185,186,194,149,138,13,0,0
2026-01-04,1115,갑천,승차,0,0,10,9,21,32,47,36,47,69,49,58,57,46,56,45,29,17,13,10,5,0,0,0
2026-01-04,1115,갑천,하차,0,0,3,11,12,25,33,44,41,60,55,47,48,59,51,58,38,29,46,36,11,3,0,0
2026-01-04,1116,유성온천,승차,0,2,59,86,153,257,288,330,442,428,468,447,419,493,450,364,299,253,234,137,83,20,0,0
2026-01-04,1116,유성온천,하차,0,0,53,66,107,195,272,277,307,376,408,535,542,571,566,524,410,393,383,339,176,40,0,0
2026-01-04,1117,구암,승차,0,0,14,30,32,74,92,208,293,237,312,306,274,265,180,132,111,79,62,31,11,3,0,0
2026-01-04,1117,구암,하차,0,0,3,40,69,80,182,240,325,234,251,244,223,217,169,148,144,118,94,68,41,5,0,0
2026-01-04,1118,현충원,승차,0,0,10,13,39,83,65,105,94,135,183,132,149,107,89,58,52,40,24,12,5,0,0,0
2026-01-04,1118,현충원,하차,0,0,6,14,19,36,85,74,99,48,62,82,77,88,108,77,67,59,72,50,26,1,0,0
2026-01-04,1119,월드컵경기장,승차,0,0,11,18,53,58,118,102,82,98,176,121,116,106,86,82,53,45,35,12,5,0,0,0
2026-01-04,1119,월드컵경기장,하차,0,0,0,14,27,31,79,79,57,79,68,96,100,128,113,81,90,82,80,73,40,10,0,0
2026-01-04,1120,노은,승차,0,0,27,36,63,101,138,130,157,221,157,230,179,219,191,168,130,129,100,62,44,1,0,0
2026-01-04,1120,노은,하차,0,0,6,14,26,46,105,96,151,166,210,248,224,234,205,267,165,166,105,98,64,11,0,0
2026-01-04,1121,지족,승차,0,0,21,22,30,46,85,81,83,86,109,112,87,91,74,81,41,42,22,14,11,0,0,0
2026-01-04,1121,지족,하차,0,0,7,16,19,40,61,60,54,61,80,93,66,75,120,84,97,57,59,66,48,9,0,0
2026-01-04,1122,반석,승차,0,0,38,75,109,181,279,285,351,302,347,302,248,226,213,202,165,156,98,91,53,0,0,0
2026-01-04,1122,반석,하차,0,0,15,40,53,90,163,162,151,190,229,239,311,305,405,287,259,219,229,161,102,21,0,0
2026-01-05,1101,판암,승차,0,0,99,143,458,680,323,256,204,285,265,212,246,237,257,273,92,83,57,33,20,0,0,0
2026-01-05,1101,판암,하차,0,0,12,54,116,266,119,154,201,209,192,187,270,342,368,527,226,146,183,139,56,22,0,0
2026-01-05,1102,신흥,승차,0,0,57,78,388,532,174,109,91,96,113,114,102,85,102,111,36,41,24,13,3,0,0,0
2026-01-05,1102,신흥,하차,0,0,10,23,45,86,36,55,63,86,74,74,138,192,236,422,185,123,100,100,39,4,0,0
2026-01-05,1103,대동,승차,0,0,90,133,402,615,275,184,143,188,216,187,185,343,296,348,138,101,91,44,27,2,0,0
2026-01-05,1103,대동,하차,0,0,22,32,156,316,110,119,136,177,161,192,224,283,302,564,249,175,186,131,108,23,0,0
2026-01-05,1104,대전,승차,0,0,20,153,600,964,692,706,741,748,704,728,765,774,877,857,612,360,323,276,102,1,0,0
2026-01-05,1104,대전,하차,0,0,179,487,736,1003,680,666,689,569,690,725,660,627,617,734,367,244,188,99,45,2,0,0
2026-01-05,1105,중앙로,승차,0,0,31,44,131,300,159,174,231,293,412,430,548,620,691,816,396,388,348,196,111,0,0,0
2026-01-05,1105,중앙로,하차,0,0,40,62,166,699,387,461,550,523,561,500,493,472,521,643,314,143,112,77,36,7,0,0
2026-01-05,1106,중구청,승차,0,0,29,59,134,275,112,96,95,187,107,139,151,176,278,369,93,68,80,40,18,0,0,0
2026-01-05,1106,중구청,하차,0,0,17,43,188,545,170,115,109,131,124,134,119,108,139,214,99,61,65,53,23,2,0,0
2026-01-05,1107,서대전네거리,승차,0,0,115,156,464,858,314,313,321,325,346,316,367,426,492,553,240,151,138,99,63,0,0,0
2026-01-05,1107,서대전네거리,하차,0,0,30,72,199,628,341,286,318,282,360,326,323,436,561,869,391,268,216,192,96,14,0,0
2026-01-05,1108,오룡,승차,0,0,99,114,402,825,236,166,202,196,207,213,187,247,296,664,129,68,65,30,35,0,0,0
2026-01-05,1108,오룡,하차,0,0,21,55,145,650,181,112,157,167,161,169,220,218,341,568,231,158,137,153,67,0,0,0
2026-01-05,1109,용문,승차,0,0,129,205,554,1189,391,413,463,436,452,402,412,557,525,489,237,253,199,93,137,0,0,0
2026-01-05,1109,용문,하차,0,0,24,61,185,554,510,354,344,411,458,470,464,544,667,1236,527,280,315,195,108,0,0,0
2026-01-05,1110,탄방,승차,0,0,63,106,263,509,222,207,279,206,252,263,338,292,471,821,239,155,208,125,37,0,0,0
2026-01-05,1110,탄방,하차,0,0,41,106,324,1212,445,290,211,229,294,274,255,274,348,559,257,133,122,95,64,0,0,0
2026-01-05,1111,시청,승차,0,0,50,93,208,405,241,290,381,350,355,449,498,628,879,1517,507,467,460,528,174,0,0,0
2026-01-05,1111,시청,하차,0,0,59,145,557,1904,690,457,376,387,499,486,513,576,584,767,282,199,152,102,63,6,0,0
2026-01-05,1112,정부청사,승차,0,3,30,54,200,327,262,243,273,311,300,344,446,550,959,1798,431,309,255,147,61,0,0,0
2026-01-05,1112,정부청사,하차,0,3,97,171,630,2642,648,359,299,364,365,359,319,305,412,494,223,179,163,84,34,9,0,0
2026-01-05,1113,갈마,승차,0,1,77,124,285,491,195,152,171,176,159,172,178,209,173,214,88,100,93,27,19,1,0,0
2026-01-05,1113,갈마,하차,0,0,20,42,85,157,118,120,120,184,185,171,178,223,297,462,249,154,133,112,73,14,0,0
2026-01-05,1114,월평,승차,0,0,63,127,232,501,228,139,189,165,198,199,190,211,262,363,125,93,96,55,22,1,0,0
2026-01-05,1114,월평,하차,0,0,21,27,98,351,183,167,150,221,174,227,221,244,306,512,200,136,164,123,74,7,0,0
2026-01-05,1115,갑천,승차,0,0,11,35,103,210,64,47,41,53,49,38,32,38,74,101,38,22,26,12,11,0,0,0
2026-01-05,1115,갑천,하차,0,0,8,21,24,96,42,37,51,43,38,41,65,67,60,185,69,42,50,22,14,3,0,0
2026-01-05,1116,유성온천,승차,0,0,92,235,550,1325,496,403,405,558,569,566,615,644,742,812,407,302,269,188,128,3,0,0
2026-01-05,1116,유성온천,하차,0,0,61,120,383,850,530,442,593,489,483,518,617,611,866,1445,549,442,397,357,194,19,0,0
2026-01-05,1117,구암,승차,0,0,43,68,191,382,152,154,159,151,177,192,211,215,191,242,97,83,61,27,13,1,0,0
2026-01-05,1117,구암,하차,0,0,14,50,106,245,146,119,145,170,148,161,212,203,239,318,116,127,101,73,46,8,0,0
2026-01-05,1118,현충원,승차,0,0,22,36,129,327,122,121,106,119,163,142,149,132,143,203,75,28,34,17,6,0,0,0
2026-01-05,1118,현충원,하차,0,0,3,19,82,137,106,86,93,92,88,58,110,115,110,217,79,63,59,60,23,9,0,0
2026-01-05,1119,월드컵경기장,승차,0,0,30,71,211,478,178,144,145,147,172,174,193,175,177,262,90,76,54,26,7,0,0,0
2026-01-05,1119,월드컵경기장,하차,0,0,7,34,135,201,148,103,104,118,108,120,128,184,227,359,156,113,122,112,55,15,0,0
2026-01-05,1120,노은,승차,0,0,45,80,286,480,216,191,275,258,241,253,248,291,335,395,201,174,179,141,51,2,0,0
2026-01-05,1120,노은,하차,0,0,17,32,144,367,271,210,197,197,270,329,318,345,400,638,306,183,164,137,60,12,0,0
2026-01-05,1121,지족,승차,0,1,31,43,166,228,126,99,89,114,143,134,126,145,183,375,122,92,67,36,22,0,0,0
2026-01-05,1121,지족,하차,0,0,14,34,119,529,149,81,94,110,73,99,104,127,162,226,125,85,73,99,36,8,0,0
2026-01-05,1122,반석,승차,0,0,79,178,828,1121,520,373,290,325,340,282,344,390,577,833,336,228,235,200,82,0,0,0
2026-01-05,1122,반석,하차,0,0,37,150,343,593,273,176,222,263,296,290,440,461,668,1178,436,304,324,277,116,25,0,0
2026-01-06,1101,판암,승차,0,6,84,157,460,630,311,209,223,243,280,226,210,272,265,294,110,80,62,34,16,4,0,0
2026-01-06,1101,판암,하차,0,0,12,53,128,264,121,152,171,174,205,184,258,315,350,580,223,182,179,159,68,29,0,0
2026-01-06,1102,신흥,승차,0,0,56,85,381,547,188,114,92,104,117,98,78,117,99,122,50,23,21,17,4,0,0,0
2026-01-06,1102,신흥,하차,0,0,5,19,44,92,52,53,52,90,83,65,144,185,185,452,181,148,102,102,38,13,0,0
2026-01-06,1103,대동,승차,0,0,65,147,402,627,285,272,231,242,233,169,196,278,328,343,129,102,45,37,18,0,0,0
2026-01-06,1103,대동,하차,0,0,15,40,157,344,118,121,116,158,172,153,222,261,355,506,248,179,195,167,100,15,0,0
2026-01-06,1104,대전,승차,0,0,12,97,438,653,561,676,611,677,674,695,827,844,890,908,622,376,379,300,119,1,0,0
2026-01-06,1104,대전,하차,0,0,99,326,689,959,632,600,711,612,634,696,723,717,662,709,357,291,240,97,44,8,0,0
2026-01-06,1105,중앙로,승차,0,0,27,49,156,298,150,150,202,297,396,440,535,719,811,913,417,387,396,226,147,4,0,0
2026-01-06,1105,중앙로,하차,0,0,34,58,177,703,419,464,568,702,538,483,421,506,536,643,349,197,117,75,42,9,0,0
2026-01-06,1106,중구청,승차,0,0,21,56,136,313,127,102,111,123,127,130,163,194,272,375,73,73,76,41,22,0,0,0
2026-01-06,1106,중구청,하차,0,0,10,52,175,558,196,142,131,120,123,110,86,140,148,220,103,51,77,67,37,8,0,0
2026-01-06,1107,서대전네거리,승차,0,2,90,161,452,909,311,315,282,304,342,320,407,393,490,562,234,170,161,95,43,3,0,0
2026-01-06,1107,서대전네거리,하차,0,0,30,72,216,658,303,323,307,272,375,316,330,402,553,920,343,257,234,218,86,18,0,0
2026-01-06,1108,오룡,승차,0,0,75,114,401,792,264,197,180,171,206,184,178,223,286,627,142,76,56,34,22,0,0,0
2026-01-06,1108,오룡,하차,0,0,16,60,143,635,185,113,106,162,155,161,205,264,287,586,225,158,170,118,81,0,0,0
2026-01-06,1109,용문,승차,0,1,112,185,554,1193,422,337,360,387,478,386,384,499,513,441,255,204,277,113,142,0,0,0
2026-01-06,1109,용문,하차,0,0,25,63,184,538,363,392,322,357,373,383,430,525,679,1171,542,321,342,218,117,0,0,0
2026-01-06,1110,탄방,승차,0,0,46,108,262,507,209,200,295,250,238,243,317,328,494,774,238,160,239,185,45,0,0,0
2026-01-06,1110,탄방,하차,0,0,39,94,310,1132,417,257,237,232,376,268,296,283,407,638,250,143,150,84,56,0,0,0
2026-01-06,1111,시청,승차,0,0,38,82,229,406,231,275,344,372,361,412,445,727,883,1450,514,541,472,523,169,0,0,0
2026-01-06,1111,시청,하차,0,0,54,162,519,1941,775,443,350,381,532,472,452,576,643,730,321,217,138,106,75,6,0,0
2026-01-06,1112,정부청사,승차,0,0,20,68,200,347,224,206,289,278,274,390,400,607,918,1825,448,327,292,148,73,1,0,0
2026-01-06,1112,정부청사,하차,0,0,86,208,611,2477,617,350,281,325,393,330,313,305,431,516,244,135,133,101,45,7,0,0
2026-01-06,1113,갈마,승차,0,0,60,115,264,518,224,164,167,200,167,148,158,197,169,210,94,92,80,41,34,5,0,0
2026-01-06,1113,갈마,하차,0,0,24,37,79,164,103,110,135,141,155,144,146,222,377,476,196,158,161,129,85,19,0,0
2026-01-06,1114,월평,승차,0,0,63,89,257,516,219,164,148,185,203,174,208,227,269,350,129,107,110,81,44,0,0,0
2026-01-06,1114,월평,하차,0,0,20,34,99,361,160,133,140,201,192,220,205,294,301,537,215,175,152,135,83,11,0,0
2026-01-06,1115,갑천,승차,0,0,15,32,97,209,58,49,39,48,49,33,50,37,90,84,42,17,28,8,4,0,0,0
2026-01-06,1115,갑천,하차,0,0,6,13,28,75,39,36,38,52,39,46,49,80,65,163,72,40,69,28,27,0,0,0
2026-01-06,1116,유성온천,승차,0,0,87,204,593,1305,479,454,466,548,532,532,568,644,724,783,391,364,320,193,128,2,0,0
2026-01-06,1116,유성온천,하차,0,0,72,95,332,806,518,466,469,495,445,522,589,680,834,1447,541,421,424,335,182,27,0,0
2026-01-06,1117,구암,승차,0,0,36,70,183,380,132,126,116,151,151,155,192,175,181,197,102,91,50,30,8,2,0,0
2026-01-06,1117,구암,하차,0,0,10,57,110,223,145,85,136,131,131,146,161,186,278,301,137,103,86,74,39,4,0,0
2026-01-06,1118,현충원,승차,0,0,15,42,137,303,89,110,129,123,149,106,168,131,157,193,54,40,39,18,3,0,0,0
2026-01-06,1118,현충원,하차,0,0,6,23,81,152,108,78,98,101,84,70,80,91,126,194,83,67,63,68,28,9,0,0
2026-01-06,1119,월드컵경기장,승차,0,0,19,64,223,496,202,145,149,140,174,149,140,160,179,262,94,68,56,18,10,0,0,0
2026-01-06,1119,월드컵경기장,하차,0,0,6,29,149,217,121,82,96,103,90,111,129,199,190,384,154,119,125,95,54,15,0,0
2026-01-06,1120,노은,승차,0,0,39,78,267,474,196,194,216,269,264,249,242,304,329,417,202,210,166,171,58,6,0,0
2026-01-06,1120,노은,하차,0,0,17,42,140,368,275,229,188,223,233,279,333,328,391,628,292,195,211,160,88,9,0,0
2026-01-06,1121,지족,승차,0,0,27,48,170,214,112,112,93,127,123,106,127,132,202,375,141,80,89,32,20,6,0,0
2026-01-06,1121,지족,하차,0,0,15,34,135,550,171,58,70,80,82,92,108,107,164,214,110,96,84,98,40,18,0,0
2026-01-06,1122,반석,승차,0,0,63,172,860,1175,495,387,317,279,326,320,346,395,557,829,334,272,243,193,77,8,0,0
2026-01-06,1122,반석,하차,0,0,31,154,382,624,211,169,222,298,333,317,369,504,717,1123,404,312,358,309,131,36,0,0
2026-01-07,1101,판암,승차,0,0,85,148,433,689,350,232,255,276,246,238,215,233,231,370,108,86,44,30,23,0,0,0
2026-01-07,1101,판암,하차,0,0,9,56,134,261,115,127,173,171,166,233,260,326,312,570,229,169,213,165,55,18,0,0
2026-01-07,1102,신흥,승차,0,0,58,88,402,552,188,128,104,119,128,116,88,102,127,130,55,19,21,15,5,0,0,0
2026-01-07,1102,신흥,하차,0,0,8,26,50,93,50,59,59,78,91,102,145,202,220,427,200,131,148,108,40,4,0,0
2026-01-07,1103,대동,승차,0,0,66,139,387,605,276,248,306,302,297,196,173,264,314,370,127,95,93,47,23,9,0,0
2026-01-07,1103,대동,하차,0,0,19,28,112,391,156,144,127,155,173,194,243,310,304,489,277,186,198,181,127,24,0,0
2026-01-07,1104,대전,승차,0,1,14,116,395,621,572,690,694,714,646,697,847,868,878,951,626,406,372,314,124,1,0,0
2026-01-07,1104,대전,하차,0,1,108,345,741,992,695,589,798,602,687,697,761,706,677,833,365,249,220,105,41,2,0,0
2026-01-07,1105,중앙로,승차,0,0,26,46,140,287,166,165,352,321,460,505,569,619,713,968,486,483,398,245,128,1,0,0
2026-01-07,1105,중앙로,하차,0,0,29,62,174,699,515,470,592,670,559,609,553,488,538,730,346,195,138,73,34,10,0,0
2026-01-07,1106,중구청,승차,0,9,26,50,141,287,103,86,112,132,101,155,141,193,259,419,95,87,70,43,18,0,0,0
2026-01-07,1106,중구청,하차,0,9,9,40,177,577,213,144,106,108,163,138,95,133,155,247,107,37,65,48,43,3,0,0
2026-01-07,1107,서대전네거리,승차,0,0,108,150,456,945,310,292,327,382,328,312,394,375,503,591,241,163,150,104,47,0,0,0
2026-01-07,1107,서대전네거리,하차,0,0,33,71,205,653,306,236,302,293,366,334,312,423,551,952,362,249,226,219,94,12,0,0
2026-01-07,1108,오룡,승차,0,0,77,112,396,837,278,199,186,179,242,187,172,286,328,651,167,92,51,36,19,0,0,0
2026-01-07,1108,오룡,하차,0,0,13,59,139,674,205,125,136,135,173,193,207,265,364,585,218,169,167,137,86,0,0,0
2026-01-07,1109,용문,승차,0,0,111,192,550,1199,393,300,368,388,577,600,498,498,557,517,261,248,480,192,112,0,0,0
2026-01-07,1109,용문,하차,0,0,24,65,188,626,439,387,570,338,440,413,441,555,702,1382,773,330,271,224,118,0,0,0
2026-01-07,1110,탄방,승차,0,1,38,103,251,538,223,197,242,200,209,303,312,317,548,776,222,183,219,202,45,0,0,0
2026-01-07,1110,탄방,하차,0,0,35,114,310,1104,369,219,229,240,348,282,248,298,420,632,305,171,121,93,63,1,0,0
2026-01-07,1111,시청,승차,0,0,47,95,213,435,242,269,398,336,422,417,511,648,931,1591,506,478,442,503,189,1,0,0
2026-01-07,1111,시청,하차,0,0,65,148,523,1939,786,433,370,379,512,468,475,510,675,774,297,200,191,142,71,7,0,0
2026-01-07,1112,정부청사,승차,0,0,21,61,181,333,231,234,296,300,326,343,481,650,988,1812,425,315,255,148,87,0,0,0
2026-01-07,1112,정부청사,하차,0,0,83,192,628,2526,617,325,324,353,346,370,336,381,465,557,236,152,173,101,44,14,0,0
2026-01-07,1113,갈마,승차,0,0,57,131,274,505,208,177,179,134,186,116,185,166,180,199,145,75,67,35,26,0,0,0
2026-01-07,1113,갈마,하차,0,0,19,38,59,164,109,92,92,184,180,191,202,228,295,465,203,153,165,131,90,10,0,0
2026-01-07,1114,월평,승차,0,0,73,112,256,627,205,176,158,188,209,184,199,230,255,372,164,96,83,69,37,0,0,0
2026-01-07,1114,월평,하차,0,0,22,27,96,332,184,116,232,221,168,173,245,246,340,519,197,152,206,116,74,10,0,0
2026-01-07,1115,갑천,승차,0,0,10,25,100,216,65,55,34,43,59,46,42,42,88,106,35,17,24,14,9,0,0,0
2026-01-07,1115,갑천,하차,0,0,5,18,34,95,26,29,47,61,44,44,59,65,91,157,71,47,46,46,20,3,0,0
2026-01-07,1116,유성온천,승차,0,0,86,216,603,1414,482,391,435,495,505,537,647,699,813,836,381,364,325,213,132,7,0,0
2026-01-07,1116,유성온천,하차,0,0,79,117,333,805,512,450,473,506,534,542,618,637,910,1507,608,400,446,372,218,24,0,0
2026-01-07,1117,구암,승차,0,0,46,74,207,391,157,109,136,135,146,159,174,222,189,252,102,87,69,44,13,1,0,0
2026-01-07,1117,구암,하차,0,0,6,54,110,234,141,118,130,146,146,162,170,170,249,344,141,99,132,87,33,3,0,0
2026-01-07,1118,현충원,승차,0,0,11,39,122,321,112,114,109,131,193,148,144,180,179,197,53,59,40,13,8,9,0,0
2026-01-07,1118,현충원,하차,0,0,2,40,73,141,122,107,109,96,106,108,95,93,154,217,89,69,63,78,30,10,0,0
2026-01-07,1119,월드컵경기장,승차,0,0,32,69,235,493,181,144,160,129,167,128,158,180,186,254,94,77,63,19,8,0,0,0
2026-01-07,1119,월드컵경기장,하차,0,0,6,30,120,217,134,85,86,103,111,110,138,172,221,358,174,101,126,99,62,10,0,0
2026-01-07,1120,노은,승차,0,0,35,75,300,474,232,224,232,245,254,247,260,299,391,438,213,185,207,163,65,2,0,0
2026-01-07,1120,노은,하차,0,0,15,45,138,364,251,211,221,239,270,291,324,366,408,619,291,223,193,154,80,26,0,0
2026-01-07,1121,지족,승차,0,0,26,49,175,236,119,104,85,112,128,125,135,124,191,409,147,110,62,27,23,0,0,0
2026-01-07,1121,지족,하차,0,0,12,31,124,523,170,62,71,73,100,92,90,121,161,246,128,100,109,77,58,8,0,0
2026-01-07,1122,반석,승차,0,0,68,154,791,1174,482,366,377,356,396,339,341,440,560,831,362,227,250,168,104,0,0,0
2026-01-07,1122,반석,하차,0,0,39,152,391,585,273,193,193,281,331,352,370,534,586,1283,389,315,364,359,164,21,0,0
2026-01-08,1101,판암,승차,0,5,82,153,471,653,294,209,222,303,230,190,212,243,256,305,84,89,57,33,21,3,0,0
2026-01-08,1101,판암,하차,0,0,12,49,117,250,116,124,151,173,187,239,250,289,338,522,241,188,171,181,60,29,0,0
2026-01-08,1102,신흥,승차,0,0,56,78,363,535,171,119,76,87,124,94,98,102,102,114,36,31,17,15,4,0,0,0
2026-01-08,1102,신흥,하차,0,0,8,21,46,89,39,51,58,97,68,56,112,194,213,404,182,138,129,107,49,6,0,0
2026-01-08,1103,대동,승차,0,0,70,141,361,637,272,171,173,220,211,168,155,251,329,333,108,87,65,40,28,1,0,0
2026-01-08,1103,대동,하차,0,0,18,26,115,319,101,107,120,121,150,160,212,254,299,505,246,186,196,191,109,10,0,0
2026-01-08,1104,대전,승차,0,0,19,112,449,561,499,628,629,739,674,666,801,753,923,868,712,411,351,325,150,1,0,0
2026-01-08,1104,대전,하차,0,0,98,353,700,999,710,621,676,595,646,702,755,766,731,817,404,262,264,99,60,2,0,0
2026-01-08,1105,중앙로,승차,0,0,29,50,144,272,147,161,231,300,411,423,575,621,774,860,460,480,369,240,133,2,0,0
2026-01-08,1105,중앙로,하차,0,0,24,60,163,702,390,465,609,558,500,541,520,473,575,774,318,203,138,73,51,4,0,0
2026-01-08,1106,중구청,승차,0,0,15,54,141,284,118,104,85,124,138,155,156,171,250,337,119,87,77,53,10,1,0,0
2026-01-08,1106,중구청,하차,0,0,12,48,178,542,179,117,136,130,141,131,133,127,154,231,79,74,71,76,34,3,0,0
2026-01-08,1107,서대전네거리,승차,0,2,108,129,442,863,317,332,326,316,318,334,403,436,473,551,237,184,173,124,51,0,0,0
2026-01-08,1107,서대전네거리,하차,0,0,37,71,188,657,282,237,325,295,389,340,341,365,555,880,339,275,243,226,92,18,0,0
2026-01-08,1108,오룡,승차,0,0,65,109,379,771,280,191,172,185,197,208,171,235,314,642,114,68,64,55,27,0,0,0
2026-01-08,1108,오룡,하차,0,0,17,60,152,660,183,110,114,141,174,178,210,245,313,531,205,139,203,120,71,13,0,0
2026-01-08,1109,용문,승차,0,1,102,178,564,1220,397,340,354,420,432,427,368,499,541,509,204,241,270,118,94,1,0,0
2026-01-08,1109,용문,하차,0,1,25,57,195,510,395,336,332,316,435,422,442,517,664,1219,447,343,304,224,131,1,0,0
2026-01-08,1110,탄방,승차,0,0,48,110,258,527,195,193,276,204,262,285,313,323,525,763,231,178,269,213,51,0,0,0
2026-01-08,1110,탄방,하차,0,0,31,101,290,1141,393,245,198,252,373,289,256,323,380,611,250,159,149,107,74,0,0,0
2026-01-08,1111,시청,승차,0,0,34,91,225,398,228,246,333,340,374,394,488,660,806,1460,493,533,480,533,179,0,0,0
2026-01-08,1111,시청,하차,0,0,55,156,525,1818,783,386,378,377,482,435,463,511,605,744,342,226,181,136,79,10,0,0
2026-01-08,1112,정부청사,승차,0,0,18,58,206,343,232,218,279,264,311,345,478,564,969,1776,411,349,274,175,75,0,0,0
2026-01-08,1112,정부청사,하차,0,0,89,198,618,2466,587,368,301,297,336,310,348,277,411,490,211,148,135,100,47,15,0,0
2026-01-08,1113,갈마,승차,0,0,59,121,258,489,206,157,189,146,180,150,162,155,206,186,103,74,77,28,42,2,0,0
2026-01-08,1113,갈마,하차,0,0,24,35,83,168,95,99,112,162,144,155,204,205,291,463,220,146,178,128,85,10,0,0
2026-01-08,1114,월평,승차,0,0,67,91,249,501,194,138,177,169,204,227,244,204,281,301,144,136,114,83,32,2,0,0
2026-01-08,1114,월평,하차,0,0,18,24,108,327,162,140,174,172,190,188,219,256,275,525,206,155,164,122,88,3,0,0
2026-01-08,1115,갑천,승차,0,0,18,35,81,219,95,39,44,39,49,53,39,61,79,107,43,26,22,10,11,0,0,0
2026-01-08,1115,갑천,하차,0,0,7,9,33,106,32,40,40,57,37,37,51,67,70,156,73,48,54,28,25,3,0,0
2026-01-08,1116,유성온천,승차,0,1,83,212,591,1311,527,376,433,502,532,576,579,670,754,832,398,340,341,221,136,6,0,0
2026-01-08,1116,유성온천,하차,0,0,85,108,330,816,490,455,482,466,503,469,506,646,919,1460,627,391,407,366,232,23,0,0
2026-01-08,1117,구암,승차,0,0,26,70,194,367,160,124,129,140,141,179,204,185,159,231,95,76,67,29,16,1,0,0
2026-01-08,1117,구암,하차,0,0,8,47,112,216,130,113,119,142,138,143,151,161,236,320,149,100,93,74,38,6,0,0
2026-01-08,1118,현충원,승차,0,0,16,43,126,306,102,103,85,105,145,127,125,131,154,219,64,50,40,15,12,0,0,0
2026-01-08,1118,현충원,하차,0,0,5,36,61,130,105,98,73,82,70,53,88,113,107,228,74,78,70,64,48,3,0,0
2026-01-08,1119,월드컵경기장,승차,0,0,18,51,214,486,204,125,169,119,123,134,161,151,184,264,91,62,70,34,11,0,0,0
2026-01-08,1119,월드컵경기장,하차,0,0,6,38,107,219,115,88,97,121,95,107,138,145,226,317,147,130,123,120,62,7,0,0
2026-01-08,1120,노은,승차,0,0,46,71,296,431,200,183,187,266,238,222,231,272,351,424,238,173,173,146,67,4,0,0
2026-01-08,1120,노은,하차,0,0,12,42,142,341,289,172,188,208,250,289,289,350,389,580,328,169,209,170,102,19,0,0
2026-01-08,1121,지족,승차,0,0,26,48,171,231,118,90,84,102,109,119,132,147,209,377,131,74,87,51,25,0,0,0
2026-01-08,1121,지족,하차,0,0,12,33,122,522,163,53,75,74,96,89,91,132,169,219,109,79,102,80,51,13,0,0
2026-01-08,1122,반석,승차,0,0,77,153,816,1116,476,408,316,290,348,284,345,425,544,776,300,285,254,207,113,0,0,0
2026-01-08,1122,반석,하차,0,0,28,147,350,585,245,165,219,252,299,315,376,490,626,1182,396,315,373,317,146,29,0,0
2026-01-09,1101,판암,승차,0,0,88,143,429,671,321,235,235,286,280,241,255,239,311,355,148,104,68,36,22,0,0,0
2026-01-09,1101,판암,하차,0,0,14,50,134,244,142,145,175,174,172,217,257,375,349,511,232,189,222,211,95,52,0,0
2026-01-09,1102,신흥,승차,0,0,50,89,369,533,183,119,84,101,139,111,94,111,158,167,61,41,26,14,11,0,0,0
2026-01-09,1102,신흥,하차,0,0,8,21,52,93,36,57,86,79,94,96,153,152,232,413,186,131,131,149,75,13,0,0
2026-01-09,1103,대동,승차,0,5,71,140,417,610,250,228,168,256,230,198,184,267,353,350,141,82,95,67,44,9,0,0
2026-01-09,1103,대동,하차,0,5,19,36,105,271,100,131,111,153,137,180,207,229,345,549,250,173,170,186,137,19,0,0
2026-01-09,1104,대전,승차,0,0,19,102,383,581,534,606,633,690,675,848,1006,1099,1212,1137,918,699,693,321,293,1,0,0
2026-01-09,1104,대전,하차,0,0,95,320,671,918,694,725,841,718,898,858,932,1170,1262,1480,741,543,357,167,93,7,0,0
2026-01-09,1105,중앙로,승차,0,0,23,56,137,282,175,220,251,304,482,465,619,617,856,922,540,583,509,340,197,4,0,0
2026-01-09,1105,중앙로,하차,0,0,25,66,171,699,423,502,511,632,607,586,602,607,805,1009,539,285,183,114,77,8,0,0
2026-01-09,1106,중구청,승차,0,6,22,45,128,290,116,115,103,112,155,137,164,201,312,375,103,80,67,50,17,0,0,0
2026-01-09,1106,중구청,하차,0,6,10,42,160,555,180,97,116,143,155,109,120,148,185,247,112,61,74,64,41,5,0,0
2026-01-09,1107,서대전네거리,승차,0,5,102,143,424,883,329,361,314,368,361,330,398,430,527,673,289,209,196,160,103,0,0,0
2026-01-09,1107,서대전네거리,하차,0,5,32,64,230,622,315,279,298,316,388,324,379,454,688,1053,404,278,293,260,145,9,0,0
2026-01-09,1108,오룡,승차,0,1,77,105,369,752,267,215,183,192,212,199,181,283,407,642,167,101,106,82,33,0,0,0
2026-01-09,1108,오룡,하차,0,0,16,59,155,624,194,120,141,165,197,208,233,238,402,607,217,180,179,116,91,2,0,0
2026-01-09,1109,용문,승차,0,0,103,198,548,1183,436,388,410,396,461,404,433,550,628,642,333,277,237,138,87,0,0,0
2026-01-09,1109,용문,하차,0,0,29,52,210,514,348,372,300,341,439,479,522,605,762,1218,532,333,341,242,164,0,0,0
2026-01-09,1110,탄방,승차,0,1,36,95,261,489,220,216,282,261,260,249,386,337,588,859,232,162,220,211,43,0,0,0
2026-01-09,1110,탄방,하차,0,0,36,102,297,1095,402,236,209,248,345,306,246,315,447,645,238,197,199,119,99,2,0,0
2026-01-09,1111,시청,승차,0,0,35,85,196,382,211,303,390,426,452,483,561,722,1116,1566,501,464,495,568,255,0,0,0
2026-01-09,1111,시청,하차,0,0,54,153,529,1876,832,427,410,376,495,506,506,593,749,888,417,251,221,171,121,11,0,0
2026-01-09,1112,정부청사,승차,0,0,24,53,204,319,216,255,314,290,345,420,579,836,1184,1866,446,327,244,177,82,1,0,0
2026-01-09,1112,정부청사,하차,0,0,87,172,557,2366,593,318,276,331,384,371,390,407,481,557,255,191,179,109,66,13,0,0
2026-01-09,1113,갈마,승차,0,0,61,127,249,482,240,179,241,223,184,176,166,205,238,228,135,104,86,53,45,0,0,0
2026-01-09,1113,갈마,하차,0,0,21,35,65,155,115,133,119,162,170,220,193,258,339,539,242,198,191,146,103,25,0,0
2026-01-09,1114,월평,승차,0,0,62,104,237,507,224,179,193,211,210,206,302,305,327,432,236,141,135,97,55,2,0,0
2026-01-09,1114,월평,하차,0,0,17,25,89,305,181,156,169,223,212,223,241,268,376,524,269,225,198,130,96,12,0,0
2026-01-09,1115,갑천,승차,0,0,19,28,88,214,68,40,49,61,54,63,37,58,96,110,32,24,23,17,9,0,0,0
2026-01-09,1115,갑천,하차,0,0,7,15,30,94,33,37,55,63,46,57,55,96,78,164,73,43,55,29,21,5,0,0
2026-01-09,1116,유성온천,승차,0,0,70,178,622,1259,504,450,454,585,666,617,660,745,912,1009,470,397,423,287,174,9,0,0
2026-01-09,1116,유성온천,하차,0,0,77,120,334,785,517,530,517,469,533,596,601,696,1145,1550,778,452,570,459,256,31,0,0
2026-01-09,1117,구암,승차,0,0,38,69,183,373,184,207,271,279,317,289,334,312,276,291,198,113,79,48,14,1,0,0
2026-01-09,1117,구암,하차,0,0,12,47,114,228,217,262,308,264,248,260,298,261,285,401,177,135,106,84,53,10,0,0
2026-01-09,1118,현충원,승차,0,0,15,33,121,300,133,111,86,116,152,145,136,160,183,259,67,48,53,21,11,0,0,0
2026-01-09,1118,현충원,하차,0,0,4,35,61,127,82,90,82,87,89,85,96,112,142,235,91,95,83,81,31,5,0,0
2026-01-09,1119,월드컵경기장,승차,0,0,27,59,213,478,194,149,125,158,187,176,187,227,242,272,102,106,61,44,16,1,0,0
2026-01-09,1119,월드컵경기장,하차,0,0,7,33,113,197,92,110,117,120,121,116,159,194,265,349,159,118,138,88,68,18,0,0
2026-01-09,1120,노은,승차,0,0,39,67,258,460,200,238,202,285,291,230,298,336,391,491,268,201,170,160,90,1,0,0
2026-01-09,1120,노은,하차,0,0,7,33,154,328,312,216,209,237,265,306,340,380,405,718,294,211,181,203,116,23,0,0
2026-01-09,1121,지족,승차,0,0,30,33,150,236,116,111,113,128,137,146,157,167,260,400,97,64,47,42,19,0,0,0
2026-01-09,1121,지족,하차,0,0,16,33,110,508,137,77,70,86,123,73,119,118,174,203,103,74,98,104,59,14,0,0
2026-01-09,1122,반석,승차,0,0,61,163,768,1118,523,401,329,309,386,394,389,460,748,893,375,311,212,222,119,0,0,0
2026-01-09,1122,반석,하차,0,0,34,133,342,584,254,169,224,284,360,323,406,559,685,1187,419,320,373,386,186,32,0,0
2026-01-10,1101,판암,승차,0,0,61,92,157,247,298,268,277,287,267,194,211,231,196,158,113,91,54,38,14,0,0,0
2026-01-10,1101,판암,하차,0,0,18,26,65,120,95,112,167,185,202,179,218,256,327,177,162,172,191,136,76,22,0,0
2026-01-10,1102,신흥,승차,0,0,41,55,105,176,174,130,134,125,130,93,85,128,126,102,78,25,29,13,7,0,0,0
2026-01-10,1102,신흥,하차,0,0,4,16,30,41,42,40,79,80,107,84,97,116,139,147,104,99,84,104,79,15,0,0
2026-01-10,1103,대동,승차,0,0,50,85,157,197,261,252,247,253,205,194,202,210,261,168,103,90,48,45,23,1,0,0
2026-01-10,1103,대동,하차,0,0,6,28,40,110,96,87,141,150,147,182,196,199,229,227,157,137,143,170,121,16,0,0
2026-01-10,1104,대전,승차,0,0,16,71,185,620,694,998,1153,1125,1048,1059,1195,1301,1173,889,740,649,636,541,315,1,0,0
2026-01-10,1104,대전,하차,0,0,87,268,517,650,823,1007,1224,969,1105,1038,1069,1004,1002,758,632,587,398,169,68,4,0,0
2026-01-10,1105,중앙로,승차,0,0,24,39,58,133,158,201,297,373,568,544,716,895,1038,844,799,710,571,342,255,3,0,0
2026-01-10,1105,중앙로,하차,0,0,30,67,122,281,371,563,870,1006,962,1122,914,854,885,616,462,264,152,80,67,4,0,0
2026-01-10,1106,중구청,승차,0,0,21,23,52,84,65,70,100,132,114,112,101,118,132,86,69,51,34,32,30,0,0,0
2026-01-10,1106,중구청,하차,0,0,3,23,30,80,93,83,99,142,134,137,109,125,148,98,59,47,56,32,48,6,0,0
2026-01-10,1107,서대전네거리,승차,0,1,64,71,135,261,295,346,342,384,415,301,335,329,325,274,183,175,137,103,72,5,0,0
2026-01-10,1107,서대전네거리,하차,0,0,22,60,78,176,260,248,336,333,360,317,346,425,515,442,223,219,175,182,123,16,0,0
2026-01-10,1108,오룡,승차,0,0,36,68,111,206,243,198,286,218,215,154,155,184,201,139,104,68,56,38,27,0,0,0
2026-01-10,1108,오룡,하차,0,0,9,36,50,88,90,115,171,177,230,158,197,194,216,179,125,128,113,116,79,3,0,0
2026-01-10,1109,용문,승차,0,1,72,116,199,301,388,427,473,481,559,500,543,537,548,412,288,222,171,110,63,0,0,0
2026-01-10,1109,용문,하차,0,0,19,53,155,286,407,348,408,468,505,532,495,474,550,380,339,310,248,208,174,0,0,0
2026-01-10,1110,탄방,승차,0,0,38,78,135,181,151,196,231,252,327,344,368,306,392,240,153,147,147,92,38,0,0,0
2026-01-10,1110,탄방,하차,0,0,38,62,85,213,291,288,366,335,369,258,230,311,315,236,120,169,133,102,93,0,0,0
2026-01-10,1111,시청,승차,0,0,45,48,77,173,210,265,370,501,514,444,434,568,485,431,389,358,286,296,174,0,0,0
2026-01-10,1111,시청,하차,0,0,35,77,157,371,507,417,427,543,408,384,342,452,486,385,269,185,198,119,106,18,0,0
2026-01-10,1112,정부청사,승차,0,0,22,47,76,127,168,212,258,296,323,388,376,420,409,352,248,241,193,89,56,1,0,0
2026-01-10,1112,정부청사,하차,0,0,33,99,108,252,311,363,373,432,409,375,391,400,361,282,200,159,169,93,72,29,0,0
2026-01-10,1113,갈마,승차,0,0,45,62,126,148,197,209,225,189,218,206,181,188,196,141,101,80,78,44,37,1,0,0
2026-01-10,1113,갈마,하차,0,0,18,18,33,73,101,120,165,194,201,188,200,245,303,211,168,149,116,133,111,16,0,0
2026-01-10,1114,월평,승차,0,0,44,65,102,159,212,171,246,255,265,197,257,246,269,198,131,120,80,72,48,2,0,0
2026-01-10,1114,월평,하차,0,0,14,12,42,88,149,139,190,202,227,216,246,280,322,239,187,159,155,142,114,16,0,0
2026-01-10,1115,갑천,승차,0,0,16,15,36,59,60,59,52,73,95,107,104,61,65,56,40,27,14,5,9,0,0,0
2026-01-10,1115,갑천,하차,0,0,10,24,17,29,57,92,96,79,63,84,55,58,53,57,32,47,38,28,22,4,0,0
2026-01-10,1116,유성온천,승차,0,0,62,127,219,375,453,548,572,771,620,627,617,631,713,481,432,350,341,234,188,5,0,0
2026-01-10,1116,유성온천,하차,0,0,74,96,156,391,630,474,577,582,657,640,623,787,884,781,535,425,412,301,231,18,0,0
2026-01-10,1117,구암,승차,0,0,29,41,88,128,146,178,239,216,170,178,183,189,216,166,101,107,64,55,26,2,0,0
2026-01-10,1117,구암,하차,0,0,7,39,65,90,150,123,174,176,151,179,166,219,197,159,150,103,76,55,56,4,0,0
2026-01-10,1118,현충원,승차,0,0,20,27,55,155,116,151,132,135,149,155,139,134,101,77,53,38,30,17,12,0,0,0
2026-01-10,1118,현충원,하차,0,0,12,9,31,51,81,101,95,86,73,81,78,91,128,83,67,86,77,59,23,5,0,0
2026-01-10,1119,월드컵경기장,승차,0,0,16,42,61,115,158,189,179,155,175,153,113,147,140,129,58,60,52,17,12,2,0,0
2026-01-10,1119,월드컵경기장,하차,0,0,11,32,47,62,90,83,131,114,105,93,102,144,172,109,95,94,98,76,45,18,0,0
2026-01-10,1120,노은,승차,0,0,28,50,91,157,216,209,282,285,262,225,207,278,300,209,169,153,188,120,64,1,0,0
2026-01-10,1120,노은,하차,0,0,12,20,68,172,236,185,201,236,242,232,263,283,307,326,232,171,128,148,81,25,0,0
2026-01-10,1121,지족,승차,0,0,20,27,57,116,96,98,156,91,144,127,96,124,129,75,63,58,41,20,16,0,0,0
2026-01-10,1121,지족,하차,0,0,7,16,34,60,65,64,58,85,83,113,90,103,136,87,103,88,83,71,47,9,0,0
2026-01-10,1122,반석,승차,0,0,62,96,175,318,408,421,469,407,425,365,383,438,422,254,161,162,154,120,73,0,0,0
2026-01-10,1122,반석,하차,0,0,21,68,113,167,204,189,239,241,283,321,309,417,510,377,312,352,335,262,157,42,0,0
2026-01-11,1101,판암,승차,0,0,36,63,88,181,196,180,204,199,233,189,143,156,130,111,56,70,52,34,12,0,0,0
2026-01-11,1101,판암,하차,0,0,9,28,54,54,83,102,110,98,138,169,210,238,225,158,113,124,122,94,45,14,0,0
2026-01-11,1102,신흥,승차,0,0,26,43,55,105,87,99,103,108,83,71,57,54,70,49,42,27,15,11,4,0,0,0
2026-01-11,1102,신흥,하차,0,0,3,12,16,29,28,36,55,42,70,71,91,126,76,92,100,86,74,55,34,3,0,0
2026-01-11,1103,대동,승차,0,0,47,77,81,157,173,174,188,164,176,175,125,128,144,92,63,51,61,27,23,0,0,0
2026-01-11,1103,대동,하차,0,0,27,24,30,47,71,70,86,118,107,126,149,169,171,158,138,144,129,97,94,6,0,0
2026-01-11,1104,대전,승차,0,0,9,67,128,234,310,637,689,855,739,794,1074,1127,914,730,701,850,847,660,373,1,0,0
2026-01-11,1104,대전,하차,0,2,57,188,263,451,609,640,759,682,698,789,727,715,582,529,583,426,267,97,50,2,0,0
2026-01-11,1105,중앙로,승차,0,0,16,27,37,84,114,163,194,300,390,496,639,741,668,578,588,493,396,189,140,1,0,0
2026-01-11,1105,중앙로,하차,0,0,18,45,94,209,292,401,715,879,740,749,649,497,619,381,242,162,122,43,34,4,0,0
2026-01-11,1106,중구청,승차,0,0,7,16,42,44,45,44,74,70,64,52,101,95,83,65,41,32,27,18,29,0,0,0
2026-01-11,1106,중구청,하차,0,0,6,21,11,43,47,58,97,123,84,100,96,75,103,68,56,51,79,46,37,4,0,0
2026-01-11,1107,서대전네거리,승차,0,0,37,50,70,139,173,223,177,213,229,233,235,215,251,234,180,155,102,59,44,0,0,0
2026-01-11,1107,서대전네거리,하차,0,0,14,63,60,110,131,157,182,179,215,241,243,327,287,300,175,185,178,141,87,6,0,0
2026-01-11,1108,오룡,승차,0,0,34,33,63,112,155,140,170,188,160,143,146,164,122,92,155,67,54,34,15,0,0,0
2026-01-11,1108,오룡,하차,0,0,10,75,42,86,96,149,78,99,134,120,130,145,173,130,100,102,84,83,52,0,0,0
2026-01-11,1109,용문,승차,0,0,42,65,111,156,202,304,493,372,495,466,483,424,508,294,226,201,241,90,68,0,0,0
2026-01-11,1109,용문,하차,0,0,8,47,107,463,297,342,549,312,327,329,419,350,394,328,306,226,175,157,92,0,0,0
2026-01-11,1110,탄방,승차,0,0,19,40,63,89,103,133,129,166,150,253,194,165,158,127,111,69,68,60,16,0,0,0
2026-01-11,1110,탄방,하차,0,0,19,53,50,68,147,199,181,179,163,160,167,156,159,146,123,128,130,85,84,0,0,0
2026-01-11,1111,시청,승차,0,0,29,45,51,101,116,158,180,242,276,225,301,313,358,353,277,233,199,187,113,0,0,0
2026-01-11,1111,시청,하차,0,0,20,50,59,139,165,181,226,357,314,277,309,338,309,257,195,146,174,98,84,5,0,0
2026-01-11,1112,정부청사,승차,0,0,26,33,51,92,134,140,157,169,169,209,225,250,306,241,227,162,126,75,43,0,0,0
2026-01-11,1112,정부청사,하차,0,0,18,51,64,118,172,211,228,284,249,313,258,324,282,199,172,142,189,111,45,10,0,0
2026-01-11,1113,갈마,승차,0,0,26,58,61,114,156,163,135,208,140,154,125,146,134,94,77,87,57,31,11,1,0,0
2026-01-11,1113,갈마,하차,0,0,9,11,21,56,71,97,100,172,144,166,186,211,213,146,138,118,111,126,84,6,0,0
2026-01-11,1114,월평,승차,0,0,28,60,63,127,159,142,164,187,164,147,157,131,119,114,85,70,47,31,19,2,0,0
2026-01-11,1114,월평,하차,0,0,10,5,18,54,60,83,104,119,140,139,199,181,237,173,145,126,157,163,122,19,0,0
2026-01-11,1115,갑천,승차,0,0,5,11,15,43,55,48,39,61,62,46,46,60,26,30,23,20,19,9,7,0,0,0
2026-01-11,1115,갑천,하차,0,0,0,6,10,27,30,48,44,27,32,48,53,38,51,42,28,49,41,39,24,1,0,0
2026-01-11,1116,유성온천,승차,0,0,49,107,156,325,346,354,492,467,456,487,535,490,448,442,302,305,197,139,86,7,0,0
2026-01-11,1116,유성온천,하차,0,0,38,85,117,190,267,300,366,364,429,490,583,620,606,472,368,427,372,324,184,21,0,0
2026-01-11,1117,구암,승차,0,0,13,29,45,70,76,120,128,103,136,145,168,151,175,121,100,64,65,28,10,2,0,0
2026-01-11,1117,구암,하차,0,0,2,33,42,58,99,74,106,103,101,103,168,163,186,159,112,104,89,49,44,5,0,0
2026-01-11,1118,현충원,승차,0,1,11,16,32,106,72,97,109,114,118,134,124,76,71,76,84,38,21,12,2,0,0,0
2026-01-11,1118,현충원,하차,0,0,2,6,17,35,61,60,70,58,62,61,77,98,80,56,73,75,79,56,33,1,0,0
2026-01-11,1119,월드컵경기장,승차,0,0,15,46,37,72,109,117,99,126,104,96,104,70,91,95,55,64,41,11,3,0,0,0
2026-01-11,1119,월드컵경기장,하차,0,0,3,20,23,36,63,81,55,65,64,69,117,98,109,101,90,102,82,70,39,17,0,0
2026-01-11,1120,노은,승차,0,0,27,28,55,106,115,148,163,146,197,176,170,220,183,163,133,123,116,72,30,2,0,0
2026-01-11,1120,노은,하차,0,0,7,18,29,52,101,103,141,146,162,197,219,238,230,254,183,161,112,104,54,29,0,0
2026-01-11,1121,지족,승차,0,0,14,28,46,67,63,66,69,71,85,88,89,98,56,56,53,30,25,23,11,0,0,0
2026-01-11,1121,지족,하차,0,0,8,14,18,41,44,57,37,62,68,76,77,87,103,90,92,66,74,49,50,12,0,0
2026-01-11,1122,반석,승차,0,0,33,68,104,205,264,274,300,305,296,247,271,220,253,195,144,129,113,77,51,0,0,0
2026-01-11,1122,반석,하차,0,0,18,41,49,101,141,130,161,149,216,229,282,310,368,303,288,233,253,157,77,16,0,0
2026-01-12,1101,판암,승차,0,4,89,160,455,682,329,254,243,272,264,242,233,219,330,286,61,86,52,32,23,0,0,0
2026-01-12,1101,판암,하차,0,0,12,54,122,276,114,151,223,196,225,193,245,291,344,587,253,180,171,179,66,24,0,0
2026-01-12,1102,신흥,승차,0,0,67,82,352,538,180,124,103,99,106,107,65,98,103,111,48,39,23,10,11,0,0,0
2026-01-12,1102,신흥,하차,0,0,8,17,40,90,31,45,64,74,85,71,145,182,239,385,204,140,123,79,24,10,0,0
2026-01-12,1103,대동,승차,0,0,83,152,399,618,261,175,172,218,225,183,154,246,312,315,122,87,65,37,20,4,0,0
2026-01-12,1103,대동,하차,0,0,18,39,114,295,110,127,114,149,171,174,228,268,338,512,244,152,197,164,105,10,0,0
2026-01-12,1104,대전,승차,0,0,14,156,591,998,658,694,634,783,652,786,795,817,913,893,637,409,358,314,143,1,0,0
2026-01-12,1104,대전,하차,0,0,187,496,747,1003,735,670,726,628,715,677,704,686,620,744,365,256,204,91,38,3,0,0
2026-01-12,1105,중앙로,승차,0,0,22,34,138,301,175,175,260,289,426,426,555,622,682,863,512,422,363,204,89,0,0,0
2026-01-12,1105,중앙로,하차,0,0,25,65,169,739,417,492,619,582,552,558,507,478,535,630,334,163,115,87,31,7,0,0
2026-01-12,1106,중구청,승차,0,0,21,58,126,274,96,100,106,112,118,153,146,200,278,399,95,73,57,42,21,0,0,0
2026-01-12,1106,중구청,하차,0,0,13,52,193,565,204,113,111,110,155,122,113,110,132,238,96,58,59,54,42,4,0,0
2026-01-12,1107,서대전네거리,승차,0,1,114,150,451,896,339,361,327,328,338,338,328,375,444,537,213,153,145,76,56,6,0,0
2026-01-12,1107,서대전네거리,하차,0,0,34,79,236,634,295,275,290,315,363,334,333,428,460,889,363,275,227,224,82,14,0,0
2026-01-12,1108,오룡,승차,0,0,82,117,361,814,277,200,193,205,195,203,172,245,273,643,150,85,64,43,20,0,0,0
2026-01-12,1108,오룡,하차,0,0,19,66,142,636,182,115,137,159,153,176,217,260,319,562,210,161,163,131,69,1,0,0
2026-01-12,1109,용문,승차,0,1,130,206,542,1173,407,331,393,420,451,365,396,488,542,498,249,255,231,92,133,0,0,0
2026-01-12,1109,용문,하차,0,0,29,61,165,493,387,326,350,349,441,495,451,481,688,1194,503,325,298,192,104,0,0,0
2026-01-12,1110,탄방,승차,0,0,61,117,256,532,218,216,304,205,237,250,308,297,515,762,216,168,173,155,38,0,0,0
2026-01-12,1110,탄방,하차,0,0,45,100,311,1248,439,269,208,221,272,269,246,256,330,627,254,165,133,84,73,0,0,0
2026-01-12,1111,시청,승차,0,0,47,95,226,383,248,301,364,392,377,471,555,640,950,1516,458,515,476,529,174,0,0,0
2026-01-12,1111,시청,하차,0,0,54,146,582,1966,893,474,447,409,520,491,455,471,562,727,284,204,171,105,87,5,0,0
2026-01-12,1112,정부청사,승차,0,0,26,73,185,334,223,262,250,315,288,342,415,570,936,1795,458,308,236,154,79,0,0,0
2026-01-12,1112,정부청사,하차,0,0,87,192,592,2636,697,382,284,320,317,385,323,307,393,481,215,124,139,95,35,6,0,0
2026-01-12,1113,갈마,승차,0,0,64,124,286,506,203,157,156,164,167,143,166,158,214,215,113,81,70,38,16,0,0,0
2026-01-12,1113,갈마,하차,0,0,18,32,74,165,113,102,127,156,173,178,180,245,318,463,195,128,151,118,84,12,0,0
2026-01-12,1114,월평,승차,0,0,73,118,235,510,211,156,160,172,220,203,207,209,249,324,135,109,111,78,29,1,0,0
2026-01-12,1114,월평,하차,0,0,16,19,109,329,181,149,166,202,190,195,231,278,313,510,228,182,178,105,82,12,0,0
2026-01-12,1115,갑천,승차,0,0,19,32,95,207,73,51,52,54,47,44,53,56,65,92,25,14,26,14,4,0,0,0
2026-01-12,1115,갑천,하차,0,0,8,16,34,91,32,38,49,62,53,49,58,59,82,155,65,40,31,29,14,2,0,0
2026-01-12,1116,유성온천,승차,0,0,122,208,616,1304,546,436,461,528,520,540,586,606,741,763,382,319,274,199,108,1,0,0
2026-01-12,1116,유성온천,하차,0,0,61,122,301,836,490,449,449,459,463,518,582,629,891,1410,624,408,391,358,174,14,0,0
2026-01-12,1117,구암,승차,0,0,45,58,187,407,171,137,152,156,146,149,204,193,191,227,100,87,56,26,8,0,0,0
2026-01-12,1117,구암,하차,0,0,11,51,119,224,145,149,127,160,149,161,189,187,268,307,135,109,101,61,36,9,0,0
2026-01-12,1118,현충원,승차,0,0,19,43,126,333,130,130,88,136,155,123,101,121,132,199,56,36,46,9,6,0,0,0
2026-01-12,1118,현충원,하차,0,0,6,23,74,150,82,68,103,93,83,74,100,102,120,207,72,73,69,58,26,6,0,0
2026-01-12,1119,월드컵경기장,승차,0,0,36,65,218,490,163,128,133,149,159,188,162,164,165,252,100,73,65,21,2,1,0,0
2026-01-12,1119,월드컵경기장,하차,0,0,9,33,121,211,148,115,123,93,88,106,132,163,204,376,158,112,112,80,51,9,0,0
2026-01-12,1120,노은,승차,0,0,49,86,248,469,226,168,245,231,202,250,249,254,336,418,183,147,164,126,41,2,0,0
2026-01-12,1120,노은,하차,0,0,20,34,156,363,292,190,189,201,239,271,265,308,348,616,292,178,179,124,78,12,0,0
2026-01-12,1121,지족,승차,0,0,30,48,153,248,118,82,81,113,131,101,134,135,170,396,121,78,69,40,17,0,0,0
2026-01-12,1121,지족,하차,0,0,14,35,120,496,174,69,71,95,97,75,86,116,152,239,117,99,79,68,49,8,0,0
2026-01-12,1122,반석,승차,0,0,83,146,835,1133,530,313,286,317,379,307,330,410,499,752,301,260,239,163,70,0,0,0
2026-01-12,1122,반석,하차,0,0,39,151,349,612,255,177,196,270,282,279,339,479,722,1149,414,310,329,307,123,17,0,0
2026-01-13,1101,판암,승차,0,0,90,143,450,725,317,274,214,254,253,220,239,284,258,282,88,73,67,40,21,0,0,0
2026-01-13,1101,판암,하차,0,0,14,53,124,259,140,134,181,173,184,218,279,314,367,554,250,184,184,183,54,20,0,0
2026-01-13,1102,신흥,승차,0,0,52,85,389,547,198,146,101,121,126,96,83,102,112,100,61,36,34,14,6,0,0,0
2026-01-13,1102,신흥,하차,0,0,11,21,39,105,38,56,88,88,75,97,110,186,216,438,195,101,135,120,48,3,0,0
2026-01-13,1103,대동,승차,0,0,63,142,432,639,303,193,166,207,227,204,180,263,330,307,129,86,73,42,23,0,0,0
2026-01-13,1103,대동,하차,0,0,16,45,110,290,117,97,135,171,158,188,212,288,327,535,213,149,213,180,88,24,0,0
2026-01-13,1104,대전,승차,0,0,18,98,334,801,597,718,679,851,667,782,844,816,957,987,644,442,368,282,137,3,0,0
2026-01-13,1104,대전,하차,0,0,111,312,702,979,734,733,756,676,793,743,831,746,779,740,419,306,272,120,57,9,0,0
2026-01-13,1105,중앙로,승차,0,0,28,47,134,267,170,171,211,390,490,498,583,768,841,879,496,444,468,223,108,1,0,0
2026-01-13,1105,중앙로,하차,0,0,30,63,175,816,548,515,591,601,595,563,541,544,604,705,350,176,116,81,57,3,0,0
2026-01-13,1106,중구청,승차,0,0,25,51,139,284,121,121,120,134,126,164,156,191,262,400,100,79,90,38,20,0,0,0
2026-01-13,1106,중구청,하차,0,0,13,41,172,596,200,125,146,149,168,150,131,133,171,242,101,69,74,50,29,5,0,0
2026-01-13,1107,서대전네거리,승차,0,1,100,139,454,917,367,352,317,334,405,385,326,371,485,572,231,193,171,110,59,0,0,0
2026-01-13,1107,서대전네거리,하차,0,0,30,71,197,660,320,257,304,310,353,315,358,440,552,921,366,292,258,219,92,14,0,0
2026-01-13,1108,오룡,승차,0,0,91,114,361,827,281,193,202,181,231,211,203,227,291,700,141,85,64,35,19,0,0,0
2026-01-13,1108,오룡,하차,0,0,17,51,150,659,183,124,155,181,171,206,208,248,339,543,226,171,162,136,73,0,0,0
2026-01-13,1109,용문,승차,0,0,113,197,587,1272,402,342,383,449,453,448,417,475,543,450,250,232,269,108,144,0,0,0
2026-01-13,1109,용문,하차,0,0,23,61,192,501,417,342,321,353,422,473,509,526,737,1291,512,315,318,227,107,0,0,0
2026-01-13,1110,탄방,승차,0,0,49,103,258,533,256,200,260,226,251,307,318,314,545,804,211,198,220,223,33,0,0,0
2026-01-13,1110,탄방,하차,0,0,37,109,336,1174,453,265,256,255,415,251,252,253,394,646,243,167,148,86,71,0,0,0
2026-01-13,1111,시청,승차,0,0,33,82,208,415,268,293,436,447,394,485,587,699,973,1496,508,528,579,562,182,0,0,0
2026-01-13,1111,시청,하차,0,0,59,167,560,2005,951,475,438,421,532,519,444,532,596,839,312,224,150,158,74,6,0,0
2026-01-13,1112,정부청사,승차,0,0,23,55,182,370,240,244,300,290,312,358,472,629,1012,1789,434,314,278,183,74,0,0,0
2026-01-13,1112,정부청사,하차,0,0,90,194,645,2574,648,358,283,340,408,310,344,268,387,519,229,136,186,89,51,18,0,0
2026-01-13,1113,갈마,승차,0,0,59,120,259,504,233,135,157,169,182,147,172,162,184,201,115,77,97,34,27,3,0,0
2026-01-13,1113,갈마,하차,0,0,21,38,66,170,103,120,137,149,175,169,193,232,328,433,190,179,172,131,81,15,0,0
2026-01-13,1114,월평,승차,0,0,59,99,253,519,230,195,192,181,194,198,187,214,254,353,125,105,116,62,39,2,0,0
2026-01-13,1114,월평,하차,0,0,20,22,96,335,201,126,164,191,184,209,217,291,322,521,210,179,154,118,77,11,0,0
2026-01-13,1115,갑천,승차,0,0,12,29,96,218,69,45,35,52,44,54,47,49,78,94,33,25,18,9,5,0,0,0
2026-01-13,1115,갑천,하차,0,0,6,18,24,101,32,28,52,49,53,33,53,62,68,189,87,45,45,25,17,5,0,0
2026-01-13,1116,유성온천,승차,0,0,74,200,584,1411,541,411,481,483,609,564,568,669,734,787,415,351,301,192,119,1,0,0
2026-01-13,1116,유성온천,하차,0,0,76,110,302,851,519,450,492,480,530,503,565,620,996,1440,585,402,481,368,250,22,0,0
2026-01-13,1117,구암,승차,0,0,47,61,192,384,159,140,129,142,163,151,173,226,194,229,112,86,64,25,5,4,0,0
2026-01-13,1117,구암,하차,0,0,8,45,118,233,145,126,150,131,110,146,185,193,268,318,135,105,97,78,36,5,0,0
2026-01-13,1118,현충원,승차,0,0,22,35,148,319,150,118,114,130,172,118,137,131,136,200,50,47,44,16,7,0,0,0
2026-01-13,1118,현충원,하차,0,0,7,23,66,156,107,92,103,85,91,85,70,124,136,198,86,68,60,79,27,5,0,0
2026-01-13,1119,월드컵경기장,승차,0,0,21,70,207,545,213,126,137,127,149,149,160,151,207,255,82,56,60,31,8,2,0,0
2026-01-13,1119,월드컵경기장,하차,0,0,6,34,112,205,103,99,103,122,96,115,141,175,194,346,146,121,140,112,70,13,0,0
2026-01-13,1120,노은,승차,0,1,46,75,268,516,243,215,225,272,237,218,276,296,337,415,211,191,152,133,74,3,0,0
2026-01-13,1120,노은,하차,0,0,18,41,145,370,280,195,183,209,216,274,342,339,395,614,307,182,205,163,71,11,0,0
2026-01-13,1121,지족,승차,0,0,33,46,162,262,118,101,110,98,120,127,150,133,224,388,141,81,84,44,31,0,0,0
2026-01-13,1121,지족,하차,0,0,13,28,125,521,165,70,83,103,111,62,117,124,182,222,116,96,93,95,36,21,0,0
2026-01-13,1122,반석,승차,0,0,67,163,820,1198,530,393,325,290,349,272,331,369,568,826,315,249,254,197,124,0,0,0
2026-01-13,1122,반석,하차,0,0,33,143,348,616,313,156,228,255,311,319,388,458,679,1169,394,338,365,302,140,26,0,0
2026-01-14,1101,판암,승차,0,6,76,151,446,707,294,248,287,271,276,225,238,229,276,322,115,78,44,31,15,0,0,0
2026-01-14,1101,판암,하차,0,0,10,55,118,246,119,121,153,197,191,233,272,326,336,583,234,175,214,209,50,29,0,0
2026-01-14,1102,신흥,승차,0,0,60,79,377,519,180,124,123,110,140,90,86,88,112,130,45,39,24,14,7,0,0,0
2026-01-14,1102,신흥,하차,0,0,6,18,37,86,52,55,44,88,97,102,171,166,196,443,206,101,145,117,48,6,0,0
2026-01-14,1103,대동,승차,0,1,72,143,401,654,246,201,237,263,266,196,169,233,311,334,130,93,79,45,25,0,0,0
2026-01-14,1103,대동,하차,0,1,17,34,106,319,130,95,137,158,176,197,245,276,318,518,247,181,202,181,142,14,0,0
2026-01-14,1104,대전,승차,0,1,15,117,396,612,571,692,654,845,645,729,812,876,963,982,644,437,430,321,145,6,0,0
2026-01-14,1104,대전,하차,0,0,118,327,770,959,706,634,718,689,732,687,716,796,762,700,354,299,224,114,41,7,0,0
2026-01-14,1105,중앙로,승차,0,0,19,50,136,267,163,176,258,304,457,506,614,695,737,907,463,439,370,248,119,5,0,0
2026-01-14,1105,중앙로,하차,0,0,26,63,171,731,437,449,621,613,580,575,559,547,525,734,360,159,111,70,51,4,0,0
2026-01-14,1106,중구청,승차,0,0,21,47,133,281,106,99,115,112,154,160,164,183,290,403,94,83,53,48,27,0,0,0
2026-01-14,1106,중구청,하차,0,0,13,43,180,567,199,124,127,122,173,138,111,142,161,235,72,64,68,66,48,1,0,0
2026-01-14,1107,서대전네거리,승차,0,4,94,137,452,921,313,324,336,341,358,350,372,361,424,627,220,170,159,116,78,0,0,0
2026-01-14,1107,서대전네거리,하차,0,0,33,73,215,633,294,291,257,289,375,273,404,456,539,960,359,247,254,248,113,17,0,0
2026-01-14,1108,오룡,승차,0,0,74,109,367,774,254,193,177,219,222,215,150,216,325,653,153,82,55,49,27,0,0,0
2026-01-14,1108,오룡,하차,0,0,18,62,143,627,188,125,139,159,154,183,220,232,317,567,182,162,163,151,82,3,0,0
2026-01-14,1109,용문,승차,0,1,109,207,554,1190,422,321,363,375,473,619,533,540,531,482,253,214,465,187,124,0,0,0
2026-01-14,1109,용문,하차,0,0,28,59,200,537,401,318,612,372,490,427,464,543,732,1407,675,332,318,233,109,0,0,0
2026-01-14,1110,탄방,승차,0,0,44,100,263,509,266,192,264,225,223,292,310,333,520,777,201,165,218,216,38,0,0,0
2026-01-14,1110,탄방,하차,0,0,34,106,328,1141,388,248,189,229,409,258,268,265,382,595,208,149,147,111,75,0,0,0
2026-01-14,1111,시청,승차,0,1,40,90,227,392,215,273,413,417,426,437,547,720,990,1582,504,498,493,589,192,8,0,0
2026-01-14,1111,시청,하차,0,0,56,139,543,1973,892,453,421,391,554,530,470,436,601,788,322,197,200,129,74,13,0,0
2026-01-14,1112,정부청사,승차,0,1,27,57,177,349,194,227,286,357,282,367,469,615,988,1789,434,328,242,154,63,0,0,0
2026-01-14,1112,정부청사,하차,0,0,83,191,595,2537,615,330,325,385,431,347,310,318,383,459,209,155,164,119,49,21,0,0
2026-01-14,1113,갈마,승차,0,1,55,131,248,528,206,159,172,177,205,148,167,139,211,221,113,68,104,42,44,0,0,0
2026-01-14,1113,갈마,하차,0,0,25,27,67,150,70,115,137,167,158,189,219,246,278,471,232,138,158,148,96,11,0,0
2026-01-14,1114,월평,승차,0,0,73,109,270,508,205,162,177,190,187,160,206,215,254,365,153,121,101,87,35,2,0,0
2026-01-14,1114,월평,하차,0,0,14,28,98,297,150,146,184,193,192,220,222,260,295,503,254,147,191,143,112,6,0,0
2026-01-14,1115,갑천,승차,0,0,16,38,102,211,70,48,53,42,66,45,70,40,95,100,34,21,32,16,6,1,0,0
2026-01-14,1115,갑천,하차,0,0,6,10,38,101,40,28,48,49,38,61,55,58,75,171,71,53,47,40,29,3,0,0
2026-01-14,1116,유성온천,승차,0,0,74,204,543,1410,494,399,464,460,536,510,581,702,707,826,387,346,332,214,144,5,0,0
2026-01-14,1116,유성온천,하차,0,0,64,108,304,775,470,437,440,452,581,515,553,691,974,1553,588,413,462,348,230,22,0,0
2026-01-14,1117,구암,승차,0,0,36,73,198,407,172,177,283,237,278,291,312,301,238,249,97,81,91,36,25,2,0,0
2026-01-14,1117,구암,하차,0,0,12,39,116,239,217,230,270,251,296,261,248,211,294,334,124,106,106,79,40,8,0,0
2026-01-14,1118,현충원,승차,0,0,13,34,135,313,120,130,115,115,165,133,118,131,145,198,51,51,34,15,3,0,0,0
2026-01-14,1118,현충원,하차,0,0,5,35,54,140,121,63,101,97,87,64,75,115,126,197,66,54,69,80,40,7,0,0
2026-01-14,1119,월드컵경기장,승차,0,0,22,75,188,547,192,165,154,182,150,158,155,132,175,234,98,75,71,27,16,0,0,0
2026-01-14,1119,월드컵경기장,하차,0,0,5,33,104,213,117,84,105,99,109,119,147,205,213,369,167,94,128,97,54,21,0,0
2026-01-14,1120,노은,승차,0,0,36,84,287,511,214,202,234,266,244,206,295,252,375,451,202,190,194,154,61,1,0,0
2026-01-14,1120,노은,하차,0,0,19,40,151,373,256,198,161,240,252,297,305,365,400,686,291,188,197,166,102,16,0,0
2026-01-14,1121,지족,승차,0,0,25,45,158,255,125,93,109,112,166,126,163,146,215,386,109,80,69,31,31,0,0,0
2026-01-14,1121,지족,하차,0,0,15,32,119,523,153,89,84,113,89,103,121,115,163,226,111,77,111,109,58,9,0,0
2026-01-14,1122,반석,승차,0,0,62,175,821,1078,503,401,338,346,433,310,325,388,537,835,300,238,250,221,125,0,0,0
2026-01-14,1122,반석,하차,0,0,27,137,371,610,270,171,236,270,291,339,383,492,790,1179,368,345,379,333,138,27,0,0
2026-01-15,1101,판암,승차,0,8,88,144,449,691,328,212,264,285,276,219,237,249,267,296,101,94,67,35,17,0,0,0
2026-01-15,1101,판암,하차,0,5,15,53,137,259,139,126,198,180,186,201,283,295,350,525,247,192,207,228,79,29,0,0
2026-01-15,1102,신흥,승차,0,0,56,82,351,504,206,141,114,111,113,103,101,120,119,93,44,35,36,18,7,0,0,0
2026-01-15,1102,신흥,하차,0,0,12,20,52,87,48,58,84,82,105,89,135,181,183,432,181,127,131,112,49,18,0,0
2026-01-15,1103,대동,승차,0,0,74,137,393,630,277,197,159,222,220,191,181,259,309,339,152,85,87,49,29,1,0,0
2026-01-15,1103,대동,하차,0,0,18,41,110,311,115,96,110,168,157,186,251,291,321,530,199,196,212,198,119,12,0,0
2026-01-15,1104,대전,승차,0,0,15,104,434,613,563,721,667,794,701,843,825,941,1025,966,713,389,303,428,286,2,0,0
2026-01-15,1104,대전,하차,0,0,110,343,756,1006,747,734,776,634,789,759,733,834,747,781,427,345,300,135,63,1,0,0
2026-01-15,1105,중앙로,승차,0,0,22,50,132,283,185,210,277,353,475,523,574,743,801,948,510,493,517,272,145,0,0,0
2026-01-15,1105,중앙로,하차,0,0,26,63,196,808,482,482,657,599,596,631,550,587,582,799,420,196,130,93,55,7,0,0
2026-01-15,1106,중구청,승차,0,0,18,55,139,285,114,100,119,116,140,129,146,191,292,378,104,87,74,66,15,0,0,0
2026-01-15,1106,중구청,하차,0,0,15,41,171,583,207,134,139,132,125,118,109,124,153,229,116,62,65,65,33,5,0,0
2026-01-15,1107,서대전네거리,승차,0,3,97,143,444,931,332,328,293,329,369,334,402,375,523,527,263,198,192,135,57,0,0,0
2026-01-15,1107,서대전네거리,하차,0,0,33,76,206,658,293,271,313,311,358,319,371,434,558,930,379,285,257,287,117,14,0,0
2026-01-15,1108,오룡,승차,0,0,89,103,379,800,266,196,172,190,227,189,175,250,339,691,161,82,47,39,39,0,0,0
2026-01-15,1108,오룡,하차,0,0,19,60,143,635,182,107,141,158,147,183,225,243,319,558,204,172,173,160,96,0,0,0
2026-01-15,1109,용문,승차,0,0,123,205,582,1243,415,359,353,410,518,394,484,477,581,489,272,228,279,127,129,0,0,0
2026-01-15,1109,용문,하차,0,0,33,70,193,489,401,339,359,388,455,462,492,556,700,1149,500,342,325,299,144,0,0,0
2026-01-15,1110,탄방,승차,0,0,51,99,251,521,239,232,267,206,235,310,369,331,541,793,197,203,220,239,33,0,0,0
2026-01-15,1110,탄방,하차,0,0,35,104,327,1177,415,258,214,267,390,311,238,270,376,604,245,145,129,134,93,0,0,0
2026-01-15,1111,시청,승차,0,0,45,98,240,406,255,276,396,395,405,447,528,655,913,1429,521,615,550,619,201,0,0,0
2026-01-15,1111,시청,하차,0,0,57,163,530,1984,899,447,439,397,566,491,456,541,656,865,304,212,168,134,100,6,0,0
2026-01-15,1112,정부청사,승차,0,0,31,59,183,370,240,284,327,306,315,399,459,632,927,1777,438,362,302,155,98,0,0,0
2026-01-15,1112,정부청사,하차,0,0,89,207,593,2551,714,369,322,296,407,362,314,321,473,526,216,167,157,121,59,18,0,0
2026-01-15,1113,갈마,승차,0,0,55,128,251,528,195,157,191,156,187,157,156,180,177,247,112,100,75,57,26,0,0,0
2026-01-15,1113,갈마,하차,0,0,26,40,63,148,89,113,114,182,171,206,224,230,268,460,201,150,148,148,97,23,0,0
2026-01-15,1114,월평,승차,0,0,61,107,251,537,219,143,156,173,214,206,189,206,272,321,126,132,133,76,30,1,0,0
2026-01-15,1114,월평,하차,0,0,18,24,112,302,157,120,153,154,171,215,215,274,348,525,239,194,153,143,97,9,0,0
2026-01-15,1115,갑천,승차,0,0,15,26,94,214,78,60,42,62,43,59,66,36,94,109,32,27,29,17,9,1,0,0
2026-01-15,1115,갑천,하차,0,0,6,10,36,112,40,48,32,50,42,71,48,67,81,182,90,55,39,40,28,4,0,0
2026-01-15,1116,유성온천,승차,0,0,87,223,641,1354,525,446,455,517,611,605,641,671,801,829,419,333,348,216,151,3,0,0
2026-01-15,1116,유성온천,하차,0,0,79,113,322,817,494,446,487,472,543,582,559,681,976,1524,630,511,434,388,249,31,0,0
2026-01-15,1117,구암,승차,0,0,40,71,185,381,144,124,156,154,181,225,173,229,194,221,92,96,64,28,21,1,0,0
2026-01-15,1117,구암,하차,0,0,5,46,122,212,151,139,170,162,164,139,161,185,281,286,156,115,131,79,44,6,0,0
2026-01-15,1118,현충원,승차,0,0,18,45,124,340,125,109,120,123,117,136,164,159,155,206,56,57,39,11,8,0,0,0
2026-01-15,1118,현충원,하차,0,0,8,39,64,140,108,81,136,69,89,85,85,103,132,204,67,80,65,82,37,5,0,0
2026-01-15,1119,월드컵경기장,승차,0,0,29,87,232,527,179,143,116,149,179,139,161,143,191,250,91,79,72,21,15,1,0,0
2026-01-15,1119,월드컵경기장,하차,0,0,10,38,98,214,118,101,109,112,104,109,143,207,207,359,167,127,117,113,62,18,0,0
2026-01-15,1120,노은,승차,0,0,42,86,266,518,271,223,222,290,225,215,284,249,357,399,223,193,208,158,65,6,0,0
2026-01-15,1120,노은,하차,0,0,16,37,139,360,270,211,193,221,271,323,312,341,385,655,295,172,200,177,84,14,0,0
2026-01-15,1121,지족,승차,0,0,32,37,150,275,117,103,100,111,134,119,141,146,201,390,117,86,84,31,24,0,0,0
2026-01-15,1121,지족,하차,0,0,13,27,113,540,153,77,69,96,89,77,116,138,187,241,115,90,85,107,62,13,0,0
2026-01-15,1122,반석,승차,0,0,71,187,804,1209,536,391,367,338,372,306,345,392,545,849,302,271,251,220,127,0,0,0
2026-01-15,1122,반석,하차,0,0,38,157,364,614,243,171,220,245,290,312,416,523,754,1082,417,362,355,382,153,26,0,0
2026-01-16,1101,판암,승차,0,0,104,147,457,688,303,247,248,293,271,263,234,288,340,343,135,88,72,42,15,0,0,0
2026-01-16,1101,판암,하차,0,0,10,54,122,266,126,123,177,158,248,211,278,336,389,553,258,187,211,203,83,29,0,0
2026-01-16,1102,신흥,승차,0,0,57,84,350,508,203,121,110,116,127,109,115,103,136,168,62,51,30,26,9,0,0,0
2026-01-16,1102,신흥,하차,0,0,8,21,31,102,33,51,62,85,77,90,134,176,253,374,192,138,154,143,63,10,0,0
2026-01-16,1103,대동,승차,0,0,69,137,406,625,262,174,185,218,230,211,206,273,374,358,153,108,83,65,27,0,0,0
2026-01-16,1103,대동,하차,0,0,14,37,109,336,129,113,150,135,177,165,261,272,345,525,274,153,159,197,129,19,0,0
2026-01-16,1104,대전,승차,0,1,18,113,454,696,569,690,748,813,733,855,1042,1185,1214,1239,936,746,673,492,230,5,0,0
2026-01-16,1104,대전,하차,0,0,102,279,723,974,731,793,907,749,878,944,1006,1281,1217,1561,804,572,362,161,75,10,0,0
2026-01-16,1105,중앙로,승차,0,0,28,42,127,316,165,205,296,339,529,537,705,720,824,978,619,535,487,364,205,1,0,0
2026-01-16,1105,중앙로,하차,0,0,24,55,201,744,491,580,651,656,603,696,572,651,769,1029,612,328,190,119,60,7,0,0
2026-01-16,1106,중구청,승차,0,0,24,40,138,268,109,108,120,134,120,141,167,208,309,404,95,89,64,43,25,0,0,0
2026-01-16,1106,중구청,하차,0,0,9,50,162,575,193,131,120,115,156,148,134,140,150,271,129,75,69,55,42,7,0,0
2026-01-16,1107,서대전네거리,승차,0,3,90,129,442,888,320,361,293,329,350,356,385,427,523,642,282,204,239,137,96,0,0,0
2026-01-16,1107,서대전네거리,하차,0,0,33,80,202,636,278,270,298,350,359,399,396,495,656,1098,450,321,247,289,153,14,0,0
2026-01-16,1108,오룡,승차,0,0,66,103,381,806,264,226,180,239,251,209,191,285,389,682,226,124,92,60,45,0,0,0
2026-01-16,1108,오룡,하차,0,0,24,52,144,616,190,120,154,168,194,190,243,286,438,630,247,214,182,147,82,0,0,0
2026-01-16,1109,용문,승차,0,0,112,186,551,1189,469,372,377,475,448,434,475,580,636,624,359,276,300,142,97,0,0,0
2026-01-16,1109,용문,하차,0,0,31,53,206,511,358,320,422,437,424,502,586,601,724,1215,590,363,366,273,168,0,0,0
2026-01-16,1110,탄방,승차,0,0,42,102,233,526,223,255,285,247,238,310,380,366,583,840,239,187,223,209,50,0,0,0
2026-01-16,1110,탄방,하차,0,0,37,95,321,1149,425,230,188,254,399,285,275,304,391,644,287,178,172,125,103,0,0,0
2026-01-16,1111,시청,승차,0,0,40,86,235,406,264,270,421,422,450,487,613,807,1122,1640,535,496,490,561,229,0,0,0
2026-01-16,1111,시청,하차,0,0,66,160,586,1983,880,507,446,465,478,476,540,619,692,877,427,252,186,149,113,17,0,0
2026-01-16,1112,정부청사,승차,0,0,25,57,187,376,201,232,297,336,372,427,641,826,1204,1974,470,301,277,156,74,1,0,0
2026-01-16,1112,정부청사,하차,0,0,85,183,595,2400,653,337,338,335,380,379,345,392,518,616,268,189,215,152,56,24,0,0
2026-01-16,1113,갈마,승차,0,0,58,137,257,523,198,175,173,182,189,150,166,233,206,280,143,97,90,48,33,2,0,0
2026-01-16,1113,갈마,하차,0,0,23,33,68,153,99,88,125,155,156,164,203,250,369,513,265,194,183,145,107,20,0,0
2026-01-16,1114,월평,승차,0,0,54,88,248,513,205,194,185,211,234,208,288,265,374,424,236,148,114,96,64,3,0,0
2026-01-16,1114,월평,하차,0,0,12,25,102,350,162,129,189,228,201,196,265,281,367,552,281,211,223,143,122,11,0,0
2026-01-16,1115,갑천,승차,0,0,13,32,90,204,58,43,40,54,62,46,42,52,102,99,31,27,29,20,8,0,0,0
2026-01-16,1115,갑천,하차,0,0,2,14,34,98,28,39,48,64,45,49,75,72,89,158,73,57,49,46,19,3,0,0
2026-01-16,1116,유성온천,승차,0,0,79,192,572,1343,525,484,579,665,599,640,690,790,871,983,554,383,419,251,218,6,0,0
2026-01-16,1116,유성온천,하차,0,0,78,104,305,853,524,419,527,484,574,578,599,885,1082,1696,770,513,522,428,231,35,0,0
2026-01-16,1117,구암,승차,0,0,41,83,207,383,146,115,148,154,194,177,226,234,248,310,172,132,95,67,14,1,0,0
2026-01-16,1117,구암,하차,0,0,10,55,119,211,162,125,132,164,172,147,196,234,309,399,172,127,111,101,50,5,0,0
2026-01-16,1118,현충원,승차,0,0,15,36,122,318,117,137,112,129,174,134,152,171,206,288,98,61,57,22,5,0,0,0
2026-01-16,1118,현충원,하차,0,0,3,35,66,135,72,91,115,87,79,87,98,129,166,234,78,96,62,85,26,6,0,0
2026-01-16,1119,월드컵경기장,승차,0,0,26,66,214,528,186,146,141,129,150,142,171,234,221,300,135,95,69,47,10,0,0,0
2026-01-16,1119,월드컵경기장,하차,0,0,9,34,111,235,104,79,85,127,107,126,153,196,236,410,184,123,158,105,81,22,0,0
2026-01-16,1120,노은,승차,0,0,45,81,271,487,242,215,251,226,242,239,301,303,406,509,291,197,215,156,65,2,0,0
2026-01-16,1120,노은,하차,0,0,18,41,132,371,266,200,205,192,232,292,326,378,441,688,328,183,195,175,99,26,0,0
2026-01-16,1121,지족,승차,0,0,30,50,159,256,118,124,105,111,122,131,150,222,274,422,122,65,42,26,22,0,0,0
2026-01-16,1121,지족,하차,0,0,11,32,114,518,147,62,58,96,94,91,119,139,195,236,104,100,100,115,58,13,0,0
2026-01-16,1122,반석,승차,0,0,69,169,765,1167,526,334,321,322,344,377,453,495,786,892,377,275,249,206,104,0,0,0
2026-01-16,1122,반석,하차,0,0,39,156,350,626,253,187,245,262,308,288,398,542,685,1208,450,367,393,407,189,44,0,0
2026-01-17,1101,판암,승차,0,5,70,81,181,249,317,238,363,300,279,227,191,238,283,191,105,81,71,56,18,4,0,0
2026-01-17,1101,판암,하차,0,5,16,38,64,114,122,141,204,163,205,191,257,258,343,220,188,177,196,141,73,41,0,0
2026-01-17,1102,신흥,승차,0,0,45,57,101,168,168,131,138,125,130,96,106,136,120,89,56,46,33,17,7,0,0,0
2026-01-17,1102,신흥,하차,0,0,8,12,33,40,49,57,54,72,95,106,77,135,159,135,111,86,147,105,67,18,0,0
2026-01-17,1103,대동,승차,0,0,54,84,145,192,258,247,245,218,236,205,190,220,233,180,124,99,78,39,23,2,0,0
2026-01-17,1103,대동,하차,0,0,15,20,39,117,98,90,144,148,168,177,215,236,232,228,166,183,169,176,124,14,0,0
2026-01-17,1104,대전,승차,0,0,9,66,206,542,707,996,1142,1126,1091,1231,1266,1366,1136,863,701,694,631,513,368,1,0,0
2026-01-17,1104,대전,하차,0,0,86,275,498,681,898,974,1242,943,1169,1163,1038,1097,907,810,639,471,428,165,64,5,0,0
2026-01-17,1105,중앙로,승차,0,0,23,34,63,110,173,216,267,380,498,579,841,1000,1052,996,800,693,666,410,242,6,0,0
2026-01-17,1105,중앙로,하차,0,0,32,61,150,262,426,598,831,971,1148,1099,923,962,1033,731,486,287,211,85,69,4,0,0
2026-01-17,1106,중구청,승차,0,0,15,24,68,90,79,93,94,105,111,129,140,138,166,82,82,44,46,22,22,0,0,0
2026-01-17,1106,중구청,하차,0,0,5,23,44,81,76,88,150,160,172,140,119,157,151,107,80,47,63,41,45,4,0,0
2026-01-17,1107,서대전네거리,승차,0,1,54,84,160,251,291,296,320,356,374,334,430,355,341,252,189,160,197,107,98,0,0,0
2026-01-17,1107,서대전네거리,하차,0,0,22,49,78,190,216,231,337,410,323,283,385,437,482,444,252,229,216,177,124,8,0,0
2026-01-17,1108,오룡,승차,0,0,41,55,115,188,215,217,256,211,220,170,161,182,223,160,147,78,71,47,33,0,0,0
2026-01-17,1108,오룡,하차,0,0,16,42,55,107,100,153,131,160,201,144,183,228,213,214,126,123,127,115,115,0,0,0
2026-01-17,1109,용문,승차,0,0,73,85,187,295,355,413,452,558,619,476,507,576,537,442,289,247,185,152,79,0,0,0
2026-01-17,1109,용문,하차,0,0,17,49,145,273,386,359,442,458,475,485,532,541,620,469,344,289,237,221,182,0,0,0
2026-01-17,1110,탄방,승차,0,0,33,61,120,185,148,200,245,276,344,303,335,330,405,274,148,113,98,96,40,0,0,0
2026-01-17,1110,탄방,하차,0,0,22,67,86,238,300,315,328,304,324,295,227,284,278,240,130,115,124,99,102,0,0,0
2026-01-17,1111,시청,승차,0,0,36,51,81,167,206,270,333,467,491,451,493,556,543,473,377,334,303,330,181,0,0,0
2026-01-17,1111,시청,하차,0,0,45,73,147,389,491,390,431,548,448,443,370,492,416,378,236,225,172,111,90,20,0,0
2026-01-17,1112,정부청사,승차,0,0,17,53,86,130,174,196,284,310,400,351,423,456,434,349,216,285,182,112,40,5,0,0
2026-01-17,1112,정부청사,하차,0,0,35,76,100,269,333,383,373,436,404,348,359,418,401,276,231,177,192,115,71,20,0,0
2026-01-17,1113,갈마,승차,0,0,44,59,134,160,214,208,201,193,203,199,208,219,226,156,101,96,94,50,45,0,0,0
2026-01-17,1113,갈마,하차,0,0,19,25,36,77,101,115,179,226,200,222,205,241,266,235,184,140,158,163,111,22,0,0
2026-01-17,1114,월평,승차,0,0,53,86,120,168,202,216,232,208,250,234,203,266,221,219,144,119,109,73,46,0,0,0
2026-01-17,1114,월평,하차,0,0,16,19,42,81,100,135,155,199,190,233,259,274,303,245,180,162,190,132,122,12,0,0
2026-01-17,1115,갑천,승차,0,0,18,17,39,79,61,60,45,101,89,82,86,71,67,80,43,19,19,10,3,0,0,0
2026-01-17,1115,갑천,하차,0,0,9,23,18,31,68,54,73,78,65,82,84,88,73,81,55,46,42,42,19,3,0,0
2026-01-17,1116,유성온천,승차,0,0,73,152,230,384,494,553,585,694,690,652,623,719,672,528,464,410,359,261,158,10,0,0
2026-01-17,1116,유성온천,하차,0,0,45,116,164,422,515,410,522,593,633,663,666,885,901,823,556,483,479,323,271,44,0,0
2026-01-17,1117,구암,승차,0,0,27,55,58,142,144,193,245,210,209,183,205,219,187,127,124,98,74,27,24,9,0,0
2026-01-17,1117,구암,하차,0,0,4,31,65,124,158,152,178,149,145,168,173,207,194,198,115,121,104,62,31,13,0,0
2026-01-17,1118,현충원,승차,0,0,16,25,52,168,124,154,145,149,161,159,133,166,130,88,59,49,43,24,17,0,0,0
2026-01-17,1118,현충원,하차,0,0,6,10,38,51,104,77,104,93,80,114,93,100,143,109,65,72,84,65,32,6,0,0
2026-01-17,1119,월드컵경기장,승차,0,0,19,37,74,134,149,183,175,155,161,142,124,152,174,121,108,66,56,32,17,0,0,0
2026-01-17,1119,월드컵경기장,하차,0,0,7,42,46,72,94,74,107,123,110,113,109,159,165,126,108,91,79,106,76,16,0,0
2026-01-17,1120,노은,승차,0,0,27,50,98,170,208,205,236,335,296,265,251,278,311,223,162,165,133,103,66,3,0,0
2026-01-17,1120,노은,하차,0,0,10,21,62,161,229,185,218,226,248,233,248,347,346,322,194,191,130,147,78,25,0,0
2026-01-17,1121,지족,승차,0,0,17,34,80,106,102,105,121,123,110,107,110,105,130,115,51,35,34,15,23,0,0,0
2026-01-17,1121,지족,하차,0,0,11,14,24,65,57,55,79,74,103,102,111,113,143,108,82,60,91,74,71,17,0,0
2026-01-17,1122,반석,승차,0,6,64,81,177,373,433,453,438,492,430,369,341,468,398,309,177,176,144,141,84,0,0,0
2026-01-17,1122,반석,하차,0,6,22,77,114,191,207,207,209,278,287,296,375,415,575,416,350,295,314,307,151,31,0,0
2026-01-18,1101,판암,승차,0,1,38,76,104,159,211,221,246,214,204,191,175,163,132,118,78,69,28,27,10,0,0,0
2026-01-18,1101,판암,하차,0,0,7,19,39,73,109,100,99,107,150,205,211,203,214,158,141,162,124,94,44,25,0,0
2026-01-18,1102,신흥,승차,0,0,35,31,50,89,110,116,120,100,131,68,54,82,51,46,47,33,12,9,4,0,0,0
2026-01-18,1102,신흥,하차,0,0,2,10,27,34,38,44,21,44,67,83,83,110,80,103,83,95,100,72,29,8,0,0
2026-01-18,1103,대동,승차,0,0,41,47,74,119,198,229,178,161,163,180,143,185,151,94,77,73,42,29,20,0,0,0
2026-01-18,1103,대동,하차,0,0,13,16,23,53,62,97,73,95,111,180,164,160,169,170,113,122,104,122,91,12,0,0
2026-01-18,1104,대전,승차,0,0,10,59,131,281,411,729,802,815,743,937,1091,1070,925,792,759,817,845,710,297,0,0,0
2026-01-18,1104,대전,하차,0,0,64,187,273,471,656,665,770,651,778,715,770,721,678,611,521,467,244,116,26,4,0,0
2026-01-18,1105,중앙로,승차,0,0,17,34,42,87,118,157,256,301,463,597,652,743,799,636,626,491,376,206,86,1,0,0
2026-01-18,1105,중앙로,하차,0,0,19,53,105,172,302,471,814,874,833,893,763,645,571,396,275,170,110,42,31,1,0,0
2026-01-18,1106,중구청,승차,0,0,8,17,38,35,42,65,86,68,78,92,96,100,94,87,46,52,29,22,6,0,0,0
2026-01-18,1106,중구청,하차,0,0,5,21,12,30,67,66,84,88,117,92,103,91,101,68,58,48,64,46,27,1,0,0
2026-01-18,1107,서대전네거리,승차,0,0,39,44,72,119,168,236,188,241,268,258,268,229,245,170,201,129,138,71,59,1,0,0
2026-01-18,1107,서대전네거리,하차,0,0,14,71,68,110,127,168,194,234,224,243,275,328,355,309,212,162,173,102,83,6,0,0
2026-01-18,1108,오룡,승차,0,0,30,42,67,107,133,147,201,216,167,132,180,122,140,127,128,55,64,33,28,0,0,0
2026-01-18,1108,오룡,하차,0,0,19,42,41,82,115,159,110,86,140,147,137,175,158,147,142,141,97,74,83,1,0,0
2026-01-18,1109,용문,승차,0,6,54,56,112,175,261,316,294,381,550,661,518,474,488,333,245,209,185,89,64,0,0,0
2026-01-18,1109,용문,하차,0,4,16,40,122,209,303,498,535,352,323,399,490,394,453,331,313,219,202,163,112,0,0,0
2026-01-18,1110,탄방,승차,0,0,21,52,73,86,148,136,141,175,192,247,209,157,191,138,96,105,67,49,29,0,0,0
2026-01-18,1110,탄방,하차,0,0,15,47,38,85,145,182,169,180,186,184,206,201,213,140,110,137,139,80,79,0,0,0
2026-01-18,1111,시청,승차,0,0,35,39,53,94,134,180,199,231,283,227,318,355,367,386,324,264,203,188,96,0,0,0
2026-01-18,1111,시청,하차,0,0,21,47,57,194,217,193,253,354,329,318,338,331,309,263,211,161,169,100,60,8,0,0
2026-01-18,1112,정부청사,승차,0,1,19,38,60,83,135,154,166,200,185,260,297,261,311,303,214,227,131,92,43,1,0,0
2026-01-18,1112,정부청사,하차,0,0,18,62,68,94,182,255,272,287,327,335,300,293,258,186,198,157,170,105,56,8,0,0
2026-01-18,1113,갈마,승차,0,0,25,44,67,101,163,166,150,161,168,136,148,177,153,97,92,87,60,21,39,1,0,0
2026-01-18,1113,갈마,하차,0,0,16,20,17,43,60,113,112,127,159,178,211,223,235,175,164,138,126,105,88,8,0,0
2026-01-18,1114,월평,승차,0,0,31,49,68,113,126,179,159,158,186,212,189,185,184,138,117,86,71,41,34,0,0,0
2026-01-18,1114,월평,하차,0,0,7,14,22,53,67,117,104,131,174,209,237,222,273,174,185,169,149,144,102,12,0,0
2026-01-18,1115,갑천,승차,0,0,9,16,17,41,47,39,58,67,54,71,50,46,46,46,24,19,26,8,11,0,0,0
2026-01-18,1115,갑천,하차,0,0,3,13,12,18,41,71,37,56,63,33,42,59,61,43,54,42,44,29,19,1,0,0
2026-01-18,1116,유성온천,승차,0,1,56,95,176,276,398,422,526,506,506,499,507,540,455,410,416,331,242,124,79,4,0,0
2026-01-18,1116,유성온천,하차,0,0,43,71,127,176,258,312,389,440,432,585,574,635,572,513,489,377,412,304,201,30,0,0
2026-01-18,1117,구암,승차,0,0,15,32,45,98,97,132,141,118,156,146,155,163,119,145,117,76,60,27,18,1,0,0
2026-01-18,1117,구암,하차,0,0,3,23,54,56,113,111,109,126,123,137,163,142,141,150,157,126,107,58,43,7,0,0
2026-01-18,1118,현충원,승차,0,0,5,17,35,97,84,109,110,150,172,122,140,108,97,80,64,46,22,10,9,0,0,0
2026-01-18,1118,현충원,하차,0,0,2,14,28,42,87,78,113,48,73,76,79,102,84,86,84,98,79,49,37,2,0,0
2026-01-18,1119,월드컵경기장,승차,0,0,20,23,43,72,103,132,94,102,102,133,133,94,89,78,61,48,41,15,9,0,0,0
2026-01-18,1119,월드컵경기장,하차,0,0,3,14,22,60,91,82,65,76,66,96,102,98,110,94,89,94,98,72,36,18,0,0
2026-01-18,1120,노은,승차,0,0,19,34,49,98,145,169,154,185,189,180,170,164,184,148,157,148,80,64,36,0,0,0
2026-01-18,1120,노은,하차,0,0,7,17,21,55,123,109,133,156,165,213,205,220,263,253,188,146,106,126,65,13,0,0
2026-01-18,1121,지족,승차,0,0,10,20,36,60,56,100,93,78,96,72,81,90,82,48,48,34,27,16,18,1,0,0
2026-01-18,1121,지족,하차,0,0,7,24,16,45,46,60,50,51,73,60,70,114,113,73,77,81,57,56,42,8,0,0
2026-01-18,1122,반석,승차,0,0,46,71,99,192,269,323,325,334,333,313,282,243,238,209,130,129,110,91,53,0,0,0
2026-01-18,1122,반석,하차,0,0,11,42,60,111,131,154,173,162,216,248,271,343,415,327,331,294,255,151,97,32,0,0
2026-01-19,1101,판암,승차,0,4,91,146,430,687,307,243,215,244,278,201,242,245,254,300,97,63,54,23,17,0,0,0
2026-01-19,1101,판암,하차,0,4,12,59,122,245,138,154,157,184,202,171,295,302,343,576,260,150,155,159,61,25,0,0
2026-01-19,1102,신흥,승차,0,0,59,91,372,518,186,107,95,101,153,106,85,89,100,105,37,36,13,18,7,0,0,0
2026-01-19,1102,신흥,하차,0,0,7,21,37,78,46,57,59,107,71,84,148,167,253,392,188,114,117,98,33,4,0,0
2026-01-19,1103,대동,승차,0,0,75,133,392,624,274,193,192,225,239,226,245,235,307,272,133,89,60,30,23,0,0,0
2026-01-19,1103,대동,하차,0,0,12,32,117,312,136,110,138,158,222,174,240,298,297,538,226,158,188,153,105,23,0,0
2026-01-19,1104,대전,승차,0,6,12,127,567,1008,758,783,729,809,739,785,805,854,940,996,587,431,364,289,142,1,0,0
2026-01-19,1104,대전,하차,0,5,173,490,753,995,795,754,779,641,673,692,785,709,690,709,355,292,186,77,34,5,0,0
2026-01-19,1105,중앙로,승차,0,0,28,50,135,301,180,177,249,304,407,494,593,651,731,894,486,421,383,216,95,2,0,0
2026-01-19,1105,중앙로,하차,0,0,36,58,141,750,479,460,596,598,613,616,520,441,560,660,286,151,105,87,35,5,0,0
2026-01-19,1106,중구청,승차,0,0,28,47,139,272,111,130,143,162,146,172,169,176,267,395,105,77,84,36,12,0,0,0
2026-01-19,1106,중구청,하차,0,0,12,46,181,589,200,139,135,128,209,146,124,118,174,259,101,59,54,54,25,2,0,0
2026-01-19,1107,서대전네거리,승차,0,0,121,148,463,885,352,351,305,332,342,367,394,366,504,532,207,149,161,98,61,2,0,0
2026-01-19,1107,서대전네거리,하차,0,0,32,66,215,603,334,273,323,298,354,378,405,390,552,891,369,244,256,211,99,9,0,0
2026-01-19,1108,오룡,승차,0,0,78,121,354,811,291,210,204,174,251,198,191,234,290,727,142,78,60,47,27,0,0,0
2026-01-19,1108,오룡,하차,0,0,24,62,137,648,190,155,143,147,184,158,238,242,337,579,204,165,152,126,70,0,0,0
2026-01-19,1109,용문,승차,0,0,124,211,567,1220,459,373,337,402,453,435,456,469,547,469,247,235,209,109,152,0,0,0
2026-01-19,1109,용문,하차,0,0,27,56,206,524,406,380,361,383,432,462,471,553,661,1195,500,297,304,200,106,0,0,0
2026-01-19,1110,탄방,승차,0,0,56,125,255,528,231,235,296,241,243,292,351,330,530,793,235,175,178,148,21,0,0,0
2026-01-19,1110,탄방,하차,0,0,37,113,351,1248,449,285,202,247,299,272,271,282,334,577,263,149,150,91,77,0,0,0
2026-01-19,1111,시청,승차,0,0,48,107,211,398,304,299,404,441,450,433,608,653,929,1566,508,510,479,539,159,0,0,0
2026-01-19,1111,시청,하차,0,0,61,147,568,2062,951,484,433,453,541,530,562,539,565,794,291,194,183,110,71,8,0,0
2026-01-19,1112,정부청사,승차,0,0,31,66,176,363,241,269,291,334,285,334,444,564,904,1781,444,282,249,146,75,1,0,0
2026-01-19,1112,정부청사,하차,0,0,81,195,601,2696,734,351,291,317,362,349,319,297,368,481,201,126,150,83,36,9,0,0
2026-01-19,1113,갈마,승차,0,0,83,114,274,548,201,166,166,172,181,166,143,195,198,178,92,91,91,31,26,3,0,0
2026-01-19,1113,갈마,하차,0,0,24,31,58,178,109,107,115,172,164,191,193,264,281,457,223,166,134,120,78,12,0,0
2026-01-19,1114,월평,승차,0,0,66,102,246,491,225,189,178,150,208,204,176,218,236,322,115,102,94,54,27,8,0,0
2026-01-19,1114,월평,하차,0,0,18,27,105,293,161,160,193,196,191,189,255,241,342,530,225,167,135,131,72,17,0,0
2026-01-19,1115,갑천,승차,0,0,13,35,92,209,63,54,49,50,56,41,57,49,74,91,46,23,19,9,8,0,0,0
2026-01-19,1115,갑천,하차,0,0,5,12,26,90,40,36,44,46,53,47,49,66,68,172,59,45,54,46,16,4,0,0
2026-01-19,1116,유성온천,승차,0,0,107,232,576,1356,573,439,435,491,520,561,619,633,721,808,373,301,331,196,102,17,0,0
2026-01-19,1116,유성온천,하차,0,0,62,126,323,879,539,484,494,499,533,566,552,661,914,1502,589,425,367,373,188,29,0,0
2026-01-19,1117,구암,승차,0,0,40,71,199,426,187,184,211,254,264,287,322,260,230,231,120,70,54,33,13,0,0,0
2026-01-19,1117,구암,하차,0,0,12,52,124,236,189,242,252,261,255,268,239,225,257,363,127,106,118,65,31,11,0,0
2026-01-19,1118,현충원,승차,0,0,27,41,144,348,119,130,110,143,171,154,135,123,142,192,52,45,30,16,4,0,0,0
2026-01-19,1118,현충원,하차,0,0,2,24,78,156,105,80,108,103,82,75,100,110,130,218,74,71,56,67,27,3,0,0
2026-01-19,1119,월드컵경기장,승차,0,0,32,70,226,496,214,131,156,161,162,158,152,182,153,241,75,72,50,23,8,3,0,0
2026-01-19,1119,월드컵경기장,하차,0,0,8,38,113,228,109,96,105,115,115,121,152,183,194,367,158,122,124,116,58,17,0,0
2026-01-19,1120,노은,승차,0,0,39,67,285,511,254,233,259,232,265,218,292,262,351,396,209,187,164,126,54,2,0,0
2026-01-19,1120,노은,하차,0,0,19,34,152,387,294,185,244,230,274,312,301,331,391,627,314,177,187,144,81,13,0,0
2026-01-19,1121,지족,승차,0,0,29,54,137,240,125,107,105,113,136,146,118,154,185,386,115,71,74,38,15,5,0,0
2026-01-19,1121,지족,하차,0,0,14,23,118,531,175,74,79,87,84,101,102,128,147,202,113,95,77,86,53,20,0,0
2026-01-19,1122,반석,승차,0,0,61,186,855,1255,510,363,353,340,372,341,338,356,542,721,339,271,235,193,96,0,0,0
2026-01-19,1122,반석,하차,0,0,22,187,342,606,213,202,262,274,298,342,403,531,715,1204,376,343,329,314,116,21,0,0
2026-01-20,1101,판암,승차,0,0,84,147,443,673,310,237,230,262,273,210,203,233,251,282,86,74,57,29,15,0,0,0
2026-01-20,1101,판암,하차,0,0,10,52,116,245,122,123,173,179,180,193,300,300,297,568,237,148,154,175,49,24,0,0
2026-01-20,1102,신흥,승차,0,0,55,82,367,530,195,129,92,85,103,77,90,119,122,134,42,32,31,17,6,0,0,0
2026-01-20,1102,신흥,하차,0,0,9,15,39,95,45,51,74,68,95,91,122,155,200,450,201,125,114,112,57,13,0,0
2026-01-20,1103,대동,승차,0,0,67,124,399,615,282,193,184,224,208,181,165,234,308,286,133,97,71,48,23,2,0,0
2026-01-20,1103,대동,하차,0,0,17,44,113,294,120,143,108,117,162,185,225,271,344,495,216,173,182,174,100,17,0,0
2026-01-20,1104,대전,승차,0,0,13,96,385,717,575,736,653,796,659,755,812,817,890,1016,653,429,342,336,115,0,0,0
2026-01-20,1104,대전,하차,0,0,107,332,682,991,699,671,723,620,701,624,738,710,732,772,401,289,267,99,41,3,0,0
2026-01-20,1105,중앙로,승차,0,0,29,71,135,264,182,197,230,279,409,452,555,597,727,861,457,444,386,224,116,3,0,0
2026-01-20,1105,중앙로,하차,0,0,25,60,155,755,466,492,522,527,544,600,460,481,512,748,297,151,135,75,42,7,0,0
2026-01-20,1106,중구청,승차,0,0,25,52,136,265,88,105,127,187,145,153,137,169,278,374,98,93,76,37,11,0,0,0
2026-01-20,1106,중구청,하차,0,0,19,51,169,614,212,141,135,102,126,114,114,143,136,239,89,74,56,62,30,7,0,0
2026-01-20,1107,서대전네거리,승차,0,0,104,154,445,894,315,297,294,300,289,325,378,396,386,500,237,175,161,115,75,0,0,0
2026-01-20,1107,서대전네거리,하차,0,0,35,67,186,668,305,226,351,314,303,261,307,412,549,897,365,225,264,205,89,16,0,0
2026-01-20,1108,오룡,승차,0,0,73,97,353,803,277,187,193,195,231,179,154,246,307,685,128,55,84,28,21,0,0,0
2026-01-20,1108,오룡,하차,0,0,20,54,146,667,209,112,140,139,151,159,220,242,315,573,266,157,154,134,83,0,0,0
2026-01-20,1109,용문,승차,0,1,113,192,560,1198,402,321,370,388,427,396,467,494,487,462,234,191,218,105,146,5,0,0
2026-01-20,1109,용문,하차,0,0,30,58,175,485,363,338,343,349,384,424,459,521,623,1113,504,283,328,220,115,5,0,0
2026-01-20,1110,탄방,승차,0,0,40,112,243,521,214,190,290,200,243,269,346,311,444,814,251,137,210,217,34,0,0,0
2026-01-20,1110,탄방,하차,0,0,41,113,253,1185,408,272,177,272,356,292,199,244,356,627,234,141,129,92,66,0,0,0
2026-01-20,1111,시청,승차,0,1,37,82,199,415,257,322,338,414,411,407,489,718,905,1516,530,528,575,485,162,0,0,0
2026-01-20,1111,시청,하차,0,0,58,136,537,1981,843,488,432,450,561,473,454,576,585,817,314,188,157,114,89,7,0,0
2026-01-20,1112,정부청사,승차,0,0,22,75,178,376,235,249,275,273,317,352,433,541,994,1844,426,321,276,153,68,0,0,0
2026-01-20,1112,정부청사,하차,0,0,83,186,597,2542,641,333,306,316,367,354,301,326,394,529,239,135,141,104,50,9,0,0
2026-01-20,1113,갈마,승차,0,0,61,95,240,472,202,136,142,154,166,152,153,166,173,187,106,64,68,47,28,0,0,0
2026-01-20,1113,갈마,하차,0,0,21,31,56,130,82,106,112,165,142,167,184,203,262,438,192,161,134,138,71,17,0,0
2026-01-20,1114,월평,승차,0,0,65,97,238,545,220,142,150,188,182,171,195,183,222,310,133,106,106,94,31,3,0,0
2026-01-20,1114,월평,하차,0,0,18,20,100,298,167,134,147,162,213,191,193,237,348,508,220,158,157,124,103,5,0,0
2026-01-20,1115,갑천,승차,0,0,14,27,83,214,69,38,42,43,38,49,56,58,97,99,42,17,20,8,5,0,0,0
2026-01-20,1115,갑천,하차,0,0,6,14,36,84,25,28,44,44,41,57,64,70,79,138,77,48,44,33,25,3,0,0
2026-01-20,1116,유성온천,승차,0,1,78,195,585,1358,512,394,427,473,508,546,570,595,738,777,377,306,290,176,154,3,0,0
2026-01-20,1116,유성온천,하차,0,0,69,116,281,812,463,390,457,460,458,481,525,630,854,1406,577,393,447,347,207,18,0,0
2026-01-20,1117,구암,승차,0,0,38,71,181,393,169,117,149,119,121,142,153,199,218,211,88,96,70,24,18,0,0,0
2026-01-20,1117,구암,하차,0,0,9,46,105,215,124,132,120,135,139,157,164,192,240,341,149,113,91,68,50,3,0,0
2026-01-20,1118,현충원,승차,0,0,18,33,126,320,120,87,98,131,126,117,145,121,148,179,51,45,41,12,3,0,0,0
2026-01-20,1118,현충원,하차,0,0,3,27,71,146,93,76,92,85,80,73,109,94,113,198,80,69,67,60,30,4,0,0
2026-01-20,1119,월드컵경기장,승차,0,0,19,67,204,520,151,145,112,131,157,132,141,139,197,259,111,49,62,23,7,0,0,0
2026-01-20,1119,월드컵경기장,하차,0,0,5,37,106,227,113,79,101,100,99,92,146,193,197,332,151,119,121,97,55,16,0,0
2026-01-20,1120,노은,승차,0,0,37,82,258,486,205,177,213,239,244,228,282,258,321,396,206,213,174,145,52,0,0,0
2026-01-20,1120,노은,하차,0,0,21,38,142,355,272,165,175,218,229,295,259,347,381,593,291,185,185,152,76,12,0,0
2026-01-20,1121,지족,승차,0,0,27,52,144,238,117,94,90,96,110,108,154,134,211,359,111,82,91,45,16,7,0,0
2026-01-20,1121,지족,하차,0,0,15,33,121,545,149,68,74,106,98,84,86,109,172,226,127,99,85,90,40,15,0,0
2026-01-20,1122,반석,승차,0,1,64,186,805,1178,442,338,336,301,334,283,332,428,537,748,269,229,234,182,98,0,0,0
2026-01-20,1122,반석,하차,0,0,29,144,346,589,256,173,210,246,293,285,376,478,616,1118,404,349,366,322,126,31,0,0
2026-01-21,1101,판암,승차,0,6,86,142,460,681,313,234,226,264,238,202,202,246,222,303,93,72,43,32,14,7,0,0
2026-01-21,1101,판암,하차,0,6,9,49,115,244,110,111,162,171,151,230,252,330,328,548,220,152,175,190,44,28,0,0
2026-01-21,1102,신흥,승차,0,0,56,80,350,521,192,122,109,108,133,88,88,90,123,108,44,38,25,12,14,0,0,0
2026-01-21,1102,신흥,하차,0,0,8,20,43,81,43,59,70,81,93,74,145,150,198,435,202,105,163,97,36,9,0,0
2026-01-21,1103,대동,승차,0,0,64,118,395,617,264,206,216,244,207,181,168,243,303,318,135,94,72,38,19,1,0,0
2026-01-21,1103,대동,하차,0,0,15,34,109,307,131,122,171,141,171,224,215,258,298,526,230,153,211,175,106,13,0,0
2026-01-21,1104,대전,승차,0,0,14,103,369,599,556,648,612,751,709,672,795,848,930,927,662,421,353,313,157,0,0,0
2026-01-21,1104,대전,하차,0,0,99,313,665,966,682,586,752,612,658,717,715,729,714,801,407,319,213,92,44,1,0,0
2026-01-21,1105,중앙로,승차,0,0,28,46,132,307,129,192,263,299,445,459,549,607,751,913,458,399,377,217,105,10,0,0
2026-01-21,1105,중앙로,하차,0,0,29,52,173,721,459,517,597,534,649,506,489,501,532,662,327,138,103,60,37,12,0,0
2026-01-21,1106,중구청,승차,0,0,28,50,138,263,100,95,132,166,135,137,175,191,281,366,94,84,64,32,26,0,0,0
2026-01-21,1106,중구청,하차,0,0,16,53,167,599,202,119,99,134,163,150,121,125,142,247,84,72,71,70,45,2,0,0
2026-01-21,1107,서대전네거리,승차,0,0,102,152,467,892,311,265,313,332,323,295,324,369,423,589,213,177,146,94,55,0,0,0
2026-01-21,1107,서대전네거리,하차,0,0,24,74,205,600,303,224,277,281,336,341,324,465,527,942,341,227,205,225,93,6,0,0
2026-01-21,1108,오룡,승차,0,0,72,105,357,802,272,175,193,192,220,179,200,235,321,682,120,85,54,42,23,0,0,0
2026-01-21,1108,오룡,하차,0,0,12,52,136,686,206,129,136,147,196,160,218,208,312,565,215,154,151,129,65,0,0,0
2026-01-21,1109,용문,승차,0,0,116,190,557,1178,403,292,373,385,660,613,528,455,473,495,224,233,442,169,120,4,0,0
2026-01-21,1109,용문,하차,0,0,24,67,178,558,397,379,609,376,422,410,446,517,667,1295,687,321,271,214,95,4,0,0
2026-01-21,1110,탄방,승차,0,0,45,100,245,507,226,196,348,209,238,254,296,309,507,799,207,160,197,186,45,0,0,0
2026-01-21,1110,탄방,하차,0,0,43,102,318,1170,392,182,209,231,375,266,219,284,350,574,223,164,149,101,76,0,0,0
2026-01-21,1111,시청,승차,0,0,31,81,214,393,232,254,338,385,457,453,499,699,936,1601,484,482,479,531,141,0,0,0
2026-01-21,1111,시청,하차,0,0,60,136,521,1969,857,421,399,425,547,499,457,480,517,848,282,197,160,130,81,4,0,0
2026-01-21,1112,정부청사,승차,0,0,27,53,173,357,216,232,308,274,308,354,409,585,997,1825,434,289,233,135,59,3,0,0
2026-01-21,1112,정부청사,하차,0,0,78,178,582,2562,620,303,285,356,385,321,304,338,359,451,224,143,156,91,46,13,0,0
2026-01-21,1113,갈마,승차,0,0,50,90,244,523,212,153,152,165,183,139,125,176,173,206,112,87,77,40,25,5,0,0
2026-01-21,1113,갈마,하차,0,0,23,30,50,154,98,107,122,153,156,191,189,225,296,471,220,134,135,147,64,28,0,0
2026-01-21,1114,월평,승차,0,0,53,104,230,515,242,137,159,171,192,170,194,191,240,343,160,113,88,65,34,2,0,0
2026-01-21,1114,월평,하차,0,0,18,27,102,275,135,98,147,172,220,187,202,224,318,511,207,156,192,120,99,6,0,0
2026-01-21,1115,갑천,승차,0,0,11,32,81,209,79,39,39,40,47,41,46,65,79,91,29,18,18,14,6,0,0,0
2026-01-21,1115,갑천,하차,0,0,5,21,35,93,26,44,41,42,40,38,47,64,61,160,65,54,51,32,24,3,0,0
2026-01-21,1116,유성온천,승차,0,0,79,186,606,1379,492,396,470,483,573,475,512,613,719,801,326,312,317,182,98,13,0,0
2026-01-21,1116,유성온천,하차,0,0,68,110,306,792,507,354,467,373,468,547,523,598,894,1429,590,376,383,311,201,37,0,0
2026-01-21,1117,구암,승차,0,0,43,67,184,422,135,118,132,135,150,145,162,186,195,241,103,69,53,17,10,1,0,0
2026-01-21,1117,구암,하차,0,0,5,51,92,232,116,115,125,139,136,124,183,165,238,335,142,97,118,74,28,5,0,0
2026-01-21,1118,현충원,승차,0,0,16,39,127,341,119,112,114,91,142,122,131,107,138,195,51,50,27,21,5,0,0,0
2026-01-21,1118,현충원,하차,0,0,7,35,66,129,81,66,84,85,65,73,81,87,104,229,79,69,67,74,35,2,0,0
2026-01-21,1119,월드컵경기장,승차,0,0,27,70,209,502,183,142,144,117,123,127,131,147,195,260,83,78,58,21,5,0,0,0
2026-01-21,1119,월드컵경기장,하차,0,0,6,23,100,225,111,48,79,92,114,109,127,164,209,377,167,117,129,98,50,15,0,0
2026-01-21,1120,노은,승차,0,0,35,65,276,488,218,182,236,257,249,218,250,237,333,393,216,162,215,113,64,0,0,0
2026-01-21,1120,노은,하차,0,0,18,33,150,366,284,201,190,225,219,286,286,339,396,630,279,194,191,153,71,13,0,0
2026-01-21,1121,지족,승차,0,0,25,43,158,266,102,85,105,104,106,128,131,134,174,380,150,68,66,34,16,7,0,0
2026-01-21,1121,지족,하차,0,0,16,28,125,557,160,69,84,119,114,103,113,95,125,250,131,84,89,82,47,24,0,0
2026-01-21,1122,반석,승차,0,0,66,160,790,1163,525,342,296,304,354,264,302,344,510,749,314,233,245,213,120,0,0,0
2026-01-21,1122,반석,하차,0,0,37,138,359,609,234,171,205,264,302,315,338,433,605,1137,385,317,366,311,124,33,0,0
2026-01-22,1101,판암,승차,0,0,85,152,447,680,313,197,187,224,212,208,187,237,239,277,98,76,53,28,25,0,0,0
2026-01-22,1101,판암,하차,0,0,9,54,116,236,115,108,150,164,151,182,226,301,280,550,236,167,182,188,62,24,0,0
2026-01-22,1102,신흥,승차,0,0,60,83,358,493,177,108,98,106,117,70,76,97,119,114,33,22,21,16,5,0,0,0
2026-01-22,1102,신흥,하차,0,0,11,19,31,78,58,44,74,76,76,79,130,155,181,388,169,129,126,113,48,8,0,0
2026-01-22,1103,대동,승차,0,4,66,112,371,613,259,148,167,227,225,127,172,223,270,322,116,70,71,53,23,0,0,0
2026-01-22,1103,대동,하차,0,4,14,40,126,260,98,83,122,120,151,153,216,260,299,485,213,152,176,219,115,15,0,0
2026-01-22,1104,대전,승차,0,0,14,85,380,563,521,535,648,740,652,713,834,835,935,936,671,475,382,340,166,4,0,0
2026-01-22,1104,대전,하차,0,0,103,303,675,994,696,617,676,612,634,640,690,735,756,815,454,328,253,91,35,5,0,0
2026-01-22,1105,중앙로,승차,0,0,33,49,129,284,149,165,216,309,396,466,530,690,743,863,476,428,492,278,131,0,0,0
2026-01-22,1105,중앙로,하차,0,0,22,50,180,768,449,424,540,593,661,533,508,511,545,705,367,197,127,76,39,4,0,0
2026-01-22,1106,중구청,승차,0,0,19,54,131,259,108,87,110,163,136,149,144,176,276,405,77,83,72,43,22,0,0,0
2026-01-22,1106,중구청,하차,0,0,14,44,167,590,169,114,120,118,148,142,107,117,155,247,84,81,71,61,33,2,0,0
2026-01-22,1107,서대전네거리,승차,0,2,101,137,439,865,290,278,283,285,293,309,367,355,441,504,217,163,129,91,65,2,0,0
2026-01-22,1107,서대전네거리,하차,0,0,41,61,219,595,303,216,261,305,322,288,324,414,494,881,379,233,290,213,111,19,0,0
2026-01-22,1108,오룡,승차,0,0,70,110,351,751,261,155,176,176,199,188,172,205,354,678,148,77,65,48,25,0,0,0
2026-01-22,1108,오룡,하차,0,0,23,45,146,672,192,110,122,122,142,174,204,215,314,552,210,158,157,129,84,4,0,0
2026-01-22,1109,용문,승차,0,0,117,181,537,1204,391,283,340,409,468,394,368,481,507,456,289,205,204,111,98,0,0,0
2026-01-22,1109,용문,하차,0,0,24,54,185,485,369,288,317,327,370,400,411,485,663,1175,510,323,292,222,131,0,0,0
2026-01-22,1110,탄방,승차,0,0,50,101,247,512,195,177,258,177,234,286,270,285,493,774,242,166,211,205,37,0,0,0
2026-01-22,1110,탄방,하차,0,0,35,97,315,1129,356,176,191,241,351,236,210,230,379,617,260,163,148,100,77,0,0,0
2026-01-22,1111,시청,승차,0,0,32,83,213,389,230,213,325,383,393,414,501,650,886,1415,532,491,505,504,185,0,0,0
2026-01-22,1111,시청,하차,0,0,58,147,510,1890,817,436,370,452,508,441,415,539,586,813,278,204,171,113,84,6,0,0
2026-01-22,1112,정부청사,승차,0,0,27,59,182,345,230,212,246,282,315,281,482,548,997,1767,423,351,297,149,65,1,0,0
2026-01-22,1112,정부청사,하차,0,0,89,185,586,2455,628,304,254,300,368,329,326,322,372,499,199,164,170,104,52,11,0,0
2026-01-22,1113,갈마,승차,0,0,58,104,244,473,207,145,154,194,175,144,134,152,172,189,98,60,79,53,21,0,0,0
2026-01-22,1113,갈마,하차,0,0,26,32,48,122,115,96,114,137,152,177,151,185,281,438,211,171,137,152,75,11,0,0
2026-01-22,1114,월평,승차,0,0,57,99,235,529,196,136,159,168,159,190,154,189,216,330,136,120,115,91,34,2,0,0
2026-01-22,1114,월평,하차,0,0,12,28,95,274,135,114,140,159,155,167,168,253,308,488,207,161,174,121,88,9,0,0
2026-01-22,1115,갑천,승차,0,0,13,30,81,218,91,43,44,60,42,37,56,50,69,89,47,26,27,15,7,0,0,0
2026-01-22,1115,갑천,하차,0,0,3,17,33,107,35,37,39,52,48,59,48,67,78,152,68,47,39,33,22,1,0,0
2026-01-22,1116,유성온천,승차,0,0,81,198,581,1334,510,388,404,459,515,572,516,626,702,842,385,344,290,201,111,2,0,0
2026-01-22,1116,유성온천,하차,0,0,71,106,295,760,464,343,477,444,498,498,512,593,947,1383,581,430,414,421,199,17,0,0
2026-01-22,1117,구암,승차,0,0,31,69,183,405,160,109,145,145,131,157,156,165,183,234,105,68,68,28,13,2,0,0
2026-01-22,1117,구암,하차,0,0,10,39,117,207,135,122,115,148,108,135,181,179,239,310,133,100,107,85,35,5,0,0
2026-01-22,1118,현충원,승차,0,0,18,30,122,323,111,96,86,101,137,107,107,108,137,203,55,40,43,20,9,1,0,0
2026-01-22,1118,현충원,하차,0,0,3,43,57,121,69,59,87,88,59,65,84,80,113,206,77,64,75,73,31,5,0,0
2026-01-22,1119,월드컵경기장,승차,0,0,21,62,219,512,177,112,114,124,170,137,141,123,158,258,106,64,54,29,9,0,0,0
2026-01-22,1119,월드컵경기장,하차,0,0,7,39,101,228,114,66,102,110,103,97,129,149,179,338,153,115,125,103,40,15,0,0
2026-01-22,1120,노은,승차,0,0,39,74,276,485,199,160,194,247,215,203,248,238,337,395,214,196,195,144,48,0,0,0
2026-01-22,1120,노은,하차,0,0,19,31,143,350,253,149,143,181,243,276,272,340,388,598,293,167,199,157,82,10,0,0
2026-01-22,1121,지족,승차,0,0,27,50,154,228,102,78,88,113,126,118,130,134,238,376,113,83,91,40,15,0,0,0
2026-01-22,1121,지족,하차,0,0,13,30,130,519,150,73,73,101,108,83,91,135,120,211,90,98,81,89,51,11,0,0
2026-01-22,1122,반석,승차,0,0,60,163,769,1051,504,332,287,313,333,257,294,383,566,749,307,240,272,197,126,0,0,0
2026-01-22,1122,반석,하차,0,0,26,139,339,608,238,162,176,235,277,265,373,440,694,1039,438,316,342,306,150,17,0,0
2026-01-23,1101,판암,승차,0,0,89,132,433,666,293,233,245,279,286,196,278,238,320,333,137,93,73,48,29,0,0,0
2026-01-23,1101,판암,하차,0,0,13,45,121,259,121,135,161,183,177,221,260,360,382,513,267,180,191,201,69,19,0,0
2026-01-23,1102,신흥,승차,0,0,52,65,331,534,161,112,112,114,159,120,102,100,147,139,70,59,37,24,6,0,0,0
2026-01-23,1102,신흥,하차,0,0,7,18,42,76,49,44,79,83,107,86,123,202,253,366,181,110,138,124,81,6,0,0
2026-01-23,1103,대동,승차,0,0,67,112,375,590,278,193,202,207,236,169,233,243,308,301,139,84,85,48,29,0,0,0
2026-01-23,1103,대동,하차,0,0,18,35,103,284,130,95,140,126,154,161,193,252,336,484,227,166,163,185,132,12,0,0
2026-01-23,1104,대전,승차,0,0,16,81,404,554,507,593,608,769,700,866,984,1192,1217,1191,1005,659,674,420,223,1,0,0
2026-01-23,1104,대전,하차,0,0,90,299,655,953,782,729,794,739,792,808,997,1161,1267,1376,740,553,323,137,91,7,0,0
2026-01-23,1105,중앙로,승차,0,0,20,42,122,281,177,204,268,346,493,506,533,733,798,889,520,579,479,312,169,7,0,0
2026-01-23,1105,중앙로,하차,0,0,23,59,215,773,462,502,554,649,637,596,613,618,667,1028,502,282,196,111,72,9,0,0
2026-01-23,1106,중구청,승차,0,0,18,45,132,283,98,88,121,202,145,142,158,200,265,434,98,62,33,38,27,0,0,0
2026-01-23,1106,중구청,하차,0,0,10,42,175,628,175,100,113,117,141,141,139,161,163,277,91,67,63,62,44,10,0,0
2026-01-23,1107,서대전네거리,승차,0,3,93,139,429,835,297,295,338,303,369,345,381,411,508,586,268,214,171,132,83,12,0,0
2026-01-23,1107,서대전네거리,하차,0,0,34,64,203,583,309,240,318,327,353,307,360,465,627,970,391,307,268,265,133,19,0,0
2026-01-23,1108,오룡,승차,0,0,79,92,369,780,265,202,162,199,266,271,347,243,443,710,152,112,89,54,35,0,0,0
2026-01-23,1108,오룡,하차,0,0,19,54,161,621,237,101,184,207,218,213,230,269,398,550,241,169,149,120,74,4,0,0
2026-01-23,1109,용문,승차,0,0,108,185,549,1149,417,371,369,421,502,374,474,524,600,576,372,306,193,129,99,0,5,0
2026-01-23,1109,용문,하차,0,0,25,63,177,465,378,310,361,387,468,439,537,561,733,1128,486,344,306,265,132,0,5,0
2026-01-23,1110,탄방,승차,0,0,40,100,255,504,207,207,257,232,235,267,359,373,575,811,272,170,199,182,49,0,0,0
2026-01-23,1110,탄방,하차,0,0,35,96,280,1058,384,199,219,223,392,304,301,340,409,592,284,187,170,105,97,0,0,0
2026-01-23,1111,시청,승차,0,3,33,85,202,392,246,266,395,394,433,479,625,726,1094,1506,457,489,519,539,238,0,0,0
2026-01-23,1111,시청,하차,0,3,61,153,490,1865,848,431,424,430,531,519,519,611,666,966,406,293,189,158,106,7,0,0
2026-01-23,1112,정부청사,승차,0,0,22,58,165,343,195,230,298,276,348,396,611,799,1214,1845,418,278,241,153,81,0,0,0
2026-01-23,1112,정부청사,하차,0,0,86,180,524,2408,538,301,267,307,311,349,349,350,454,537,261,192,182,102,57,28,0,0
2026-01-23,1113,갈마,승차,0,0,62,111,240,476,204,152,144,197,158,145,156,159,230,223,111,126,75,61,41,5,0,0
2026-01-23,1113,갈마,하차,0,0,20,32,47,139,85,98,135,141,147,167,210,202,328,480,252,170,166,142,125,16,0,0
2026-01-23,1114,월평,승차,0,0,51,94,247,525,232,154,166,182,213,216,259,289,280,381,214,167,106,99,46,1,0,0
2026-01-23,1114,월평,하차,0,0,19,36,106,270,145,123,159,169,188,184,222,271,381,529,284,182,173,140,111,13,0,0
2026-01-23,1115,갑천,승차,0,0,19,23,72,228,63,44,39,61,54,48,61,42,92,96,40,18,20,20,7,0,0,0
2026-01-23,1115,갑천,하차,0,0,4,18,28,101,30,35,38,54,49,49,60,70,75,134,68,50,52,41,24,4,0,0
2026-01-23,1116,유성온천,승차,0,0,76,194,561,1311,511,411,459,499,518,586,676,771,866,944,445,366,355,264,190,5,0,0
2026-01-23,1116,유성온천,하차,0,0,57,113,306,777,464,407,409,440,529,570,604,726,1014,1580,679,583,461,427,244,19,0,0
2026-01-23,1117,구암,승차,0,0,35,63,193,378,153,108,146,130,142,169,180,240,214,284,166,116,69,63,21,1,0,0
2026-01-23,1117,구암,하차,0,0,6,40,97,192,143,122,119,135,170,192,223,234,304,363,164,137,104,91,60,5,0,0
2026-01-23,1118,현충원,승차,0,0,14,43,130,306,112,101,93,113,128,119,132,150,175,213,78,49,30,13,8,0,0,0
2026-01-23,1118,현충원,하차,0,0,6,36,52,120,54,54,92,65,62,69,92,116,135,204,74,95,82,79,34,5,0,0
2026-01-23,1119,월드컵경기장,승차,0,0,28,72,202,471,184,142,137,121,152,155,198,179,236,267,120,98,64,45,16,0,0,0
2026-01-23,1119,월드컵경기장,하차,0,0,4,31,111,192,127,77,90,127,97,118,153,193,255,337,171,104,122,95,71,31,0,0
2026-01-23,1120,노은,승차,0,0,39,67,261,477,222,220,245,214,276,249,274,314,387,452,255,179,215,157,74,5,0,0
2026-01-23,1120,노은,하차,0,0,15,30,153,362,254,160,206,209,264,276,357,402,426,661,325,210,177,186,101,30,0,0
2026-01-23,1121,지족,승차,0,0,29,49,135,237,94,89,101,133,125,156,164,165,250,413,85,64,43,32,23,1,0,0
2026-01-23,1121,지족,하차,0,0,13,23,117,511,140,60,64,83,93,77,102,135,211,212,86,85,98,103,66,21,0,0
2026-01-23,1122,반석,승차,0,0,65,158,753,1106,434,334,311,326,438,327,420,466,680,829,354,258,208,212,120,2,0,0
2026-01-23,1122,반석,하차,0,0,16,155,335,603,230,181,225,243,264,347,384,536,719,1149,384,346,349,360,171,42,0,0
2026-01-24,1101,판암,승차,0,5,65,112,179,251,300,244,310,283,269,241,195,234,202,162,89,95,59,32,20,0,0,0
2026-01-24,1101,판암,하차,0,5,14,31,60,102,96,116,156,165,197,231,223,263,301,220,186,153,191,149,64,18,0,0
2026-01-24,1102,신흥,승차,0,0,47,59,111,170,180,141,144,146,123,105,87,94,96,76,44,34,21,31,9,0,0,0
2026-01-24,1102,신흥,하차,0,0,5,16,30,33,35,48,64,71,105,88,110,99,160,120,106,104,88,90,60,17,0,0
2026-01-24,1103,대동,승차,0,0,48,70,157,203,268,214,214,243,210,203,179,216,246,195,106,73,46,37,26,0,0,0
2026-01-24,1103,대동,하차,0,0,16,25,51,115,81,94,128,161,178,190,199,200,207,220,132,157,165,162,117,13,0,0
2026-01-24,1104,대전,승차,0,0,11,75,188,488,629,1010,1144,1094,1066,1215,1249,1230,1178,796,647,660,562,547,323,6,0,0
2026-01-24,1104,대전,하차,0,0,92,261,443,720,923,1003,1214,913,1089,1086,1068,1116,902,709,578,531,369,139,48,6,0,0
2026-01-24,1105,중앙로,승차,0,0,22,28,55,123,167,189,267,346,499,655,849,1033,1121,865,785,801,589,348,163,1,0,0
2026-01-24,1105,중앙로,하차,0,0,25,67,138,281,421,601,888,1031,1092,1090,967,860,926,669,479,260,154,79,44,11,0,0
2026-01-24,1106,중구청,승차,0,0,20,30,53,85,74,85,65,147,105,111,128,114,126,102,77,49,32,28,33,0,0,0
2026-01-24,1106,중구청,하차,0,0,14,35,34,93,96,106,105,124,173,149,137,158,136,87,59,57,54,44,29,3,0,0
2026-01-24,1107,서대전네거리,승차,0,0,48,59,149,270,286,311,360,381,389,277,348,333,313,243,191,160,171,117,80,1,0,0
2026-01-24,1107,서대전네거리,하차,0,0,17,56,68,198,226,275,277,343,329,327,323,423,489,449,220,270,187,193,114,13,0,0
2026-01-24,1108,오룡,승차,0,0,51,54,126,191,235,215,251,214,202,198,147,186,187,142,97,83,47,50,25,0,0,0
2026-01-24,1108,오룡,하차,0,0,18,37,54,105,109,119,118,153,175,160,179,220,217,173,119,134,104,112,60,2,0,0
2026-01-24,1109,용문,승차,0,1,85,118,190,343,392,385,483,515,548,535,535,515,536,421,302,226,156,135,61,1,0,0
2026-01-24,1109,용문,하차,0,0,21,65,154,280,363,389,409,484,504,506,532,524,622,395,353,301,231,203,161,1,0,0
2026-01-24,1110,탄방,승차,0,0,29,74,109,168,190,228,252,266,331,334,344,325,425,267,153,126,117,73,19,0,0,0
2026-01-24,1110,탄방,하차,0,0,24,67,95,263,293,315,291,319,304,298,278,283,346,213,158,139,157,83,91,2,0,0
2026-01-24,1111,시청,승차,0,0,30,63,106,184,223,270,354,546,537,420,442,558,508,495,384,354,296,303,162,6,0,0
2026-01-24,1111,시청,하차,0,0,36,77,183,368,587,401,406,551,472,456,405,457,457,377,244,194,170,112,69,26,0,0
2026-01-24,1112,정부청사,승차,0,0,24,67,94,126,177,232,235,288,362,331,349,414,342,312,195,214,159,108,60,0,0,0
2026-01-24,1112,정부청사,하차,0,0,45,78,101,262,263,324,324,425,345,374,328,342,387,252,203,180,172,109,52,11,0,0
2026-01-24,1113,갈마,승차,0,0,54,65,113,168,216,209,204,235,219,176,198,180,183,132,91,76,59,32,33,2,0,0
2026-01-24,1113,갈마,하차,0,0,19,18,25,99,117,114,178,191,217,219,181,229,258,215,212,125,122,127,112,15,0,0
2026-01-24,1114,월평,승차,0,0,50,71,104,193,216,223,202,245,260,211,223,231,221,181,140,123,108,59,51,1,0,0
2026-01-24,1114,월평,하차,0,0,11,14,39,73,93,133,166,182,202,209,219,232,295,264,177,148,142,128,143,9,0,0
2026-01-24,1115,갑천,승차,0,0,13,20,32,59,65,48,63,72,68,78,105,80,88,61,32,21,27,9,5,0,0,0
2026-01-24,1115,갑천,하차,0,0,9,18,12,34,42,51,73,92,84,99,76,64,67,59,47,45,41,29,18,5,0,0
2026-01-24,1116,유성온천,승차,0,0,76,143,246,379,508,490,596,617,654,658,643,746,650,477,364,428,322,225,151,11,0,0
2026-01-24,1116,유성온천,하차,0,0,64,121,152,385,438,456,530,645,582,552,619,905,798,737,561,428,396,345,253,41,0,0
2026-01-24,1117,구암,승차,0,0,33,49,70,133,178,184,279,300,281,295,304,245,225,146,103,110,73,42,22,1,0,0
2026-01-24,1117,구암,하차,0,0,15,47,80,111,194,239,293,253,284,265,207,215,196,154,108,94,101,68,39,12,0,0
2026-01-24,1118,현충원,승차,0,0,12,29,48,158,116,161,151,117,155,143,113,132,113,93,53,53,29,10,2,0,0,0
2026-01-24,1118,현충원,하차,0,0,5,11,43,45,93,97,113,99,72,96,70,90,142,90,82,72,85,70,30,2,0,0
2026-01-24,1119,월드컵경기장,승차,0,0,20,31,73,129,154,174,156,127,141,153,108,157,142,110,73,44,52,28,13,0,0,0
2026-01-24,1119,월드컵경기장,하차,0,0,7,31,50,66,75,78,106,97,100,126,149,140,144,111,94,103,99,71,47,11,0,0
2026-01-24,1120,노은,승차,0,0,35,51,104,153,213,217,283,300,290,255,234,247,279,216,155,138,159,88,58,3,0,0
2026-01-24,1120,노은,하차,0,0,23,24,65,186,223,194,194,222,268,224,265,279,317,341,182,156,136,112,113,28,0,0
2026-01-24,1121,지족,승차,0,0,24,26,68,87,95,102,138,144,173,112,107,98,125,79,61,51,28,17,39,0,0,0
2026-01-24,1121,지족,하차,0,0,10,22,24,73,38,57,83,98,118,104,99,114,120,100,86,71,86,72,85,20,0,0
2026-01-24,1122,반석,승차,0,0,69,90,196,346,437,394,453,431,378,378,343,393,338,261,164,172,154,145,75,0,0,0
2026-01-24,1122,반석,하차,0,0,31,75,116,174,211,172,239,256,296,332,331,446,518,323,311,273,295,211,174,44,0,0
2026-01-25,1101,판암,승차,0,0,46,59,88,206,189,205,199,170,208,182,180,137,124,89,68,87,33,26,17,0,0,0
2026-01-25,1101,판암,하차,0,0,14,30,37,63,93,94,131,121,118,187,195,201,224,169,139,122,138,98,46,12,0,0
2026-01-25,1102,신흥,승차,0,0,25,24,51,98,89,107,82,104,101,106,64,84,71,45,30,21,20,10,2,0,0,0
2026-01-25,1102,신흥,하차,0,0,8,10,13,34,31,37,49,44,55,77,88,104,95,96,76,98,100,77,50,6,0,0
2026-01-25,1103,대동,승차,0,0,35,52,80,152,185,160,188,172,149,130,160,143,118,98,52,34,59,29,13,0,0,0
2026-01-25,1103,대동,하차,0,0,11,24,21,54,50,82,95,102,95,147,134,146,174,165,120,123,124,97,88,10,0,0
2026-01-25,1104,대전,승차,0,0,10,64,107,226,347,612,717,788,716,837,1061,1087,937,811,747,829,891,675,335,1,0,0
2026-01-25,1104,대전,하차,0,0,65,133,238,457,611,661,748,706,712,757,661,713,667,499,549,459,249,82,32,4,0,0
2026-01-25,1105,중앙로,승차,0,0,28,25,22,82,130,144,198,267,373,539,603,806,744,677,612,508,341,195,110,4,0,0
2026-01-25,1105,중앙로,하차,0,0,22,42,98,191,287,488,639,894,789,869,668,499,543,407,237,139,99,52,37,4,0,0
2026-01-25,1106,중구청,승차,0,0,9,18,45,39,47,47,51,57,83,63,79,106,105,64,75,23,31,23,10,0,0,0
2026-01-25,1106,중구청,하차,0,0,5,19,17,32,46,47,92,114,89,101,101,96,96,74,52,56,62,49,27,3,0,0
2026-01-25,1107,서대전네거리,승차,0,0,46,45,63,153,160,212,199,231,245,220,245,215,206,192,170,123,93,66,48,6,0,0
2026-01-25,1107,서대전네거리,하차,0,0,12,51,50,107,101,128,188,190,262,226,257,328,286,265,185,163,144,137,90,9,0,0
2026-01-25,1108,오룡,승차,0,0,32,33,59,124,127,163,134,238,182,169,157,160,127,103,128,59,58,32,24,0,0,0
2026-01-25,1108,오룡,하차,0,0,8,37,41,81,108,164,108,105,149,133,147,142,132,164,125,131,96,88,61,0,0,0
2026-01-25,1109,용문,승차,0,0,35,63,104,160,228,323,522,391,517,592,428,355,495,303,205,197,205,89,65,0,0,0
2026-01-25,1109,용문,하차,0,0,12,43,131,441,302,355,517,326,316,376,468,346,417,322,299,237,182,164,126,0,0,0
2026-01-25,1110,탄방,승차,0,0,21,40,68,89,92,151,134,232,146,178,217,158,129,138,95,86,96,81,29,0,0,0
2026-01-25,1110,탄방,하차,0,0,16,43,38,74,140,189,154,179,194,159,191,172,185,208,138,120,123,80,89,0,0,0
2026-01-25,1111,시청,승차,0,1,29,38,58,106,119,143,177,229,276,228,264,333,330,347,292,249,208,173,102,1,0,0
2026-01-25,1111,시청,하차,0,1,19,34,52,118,183,164,232,326,328,298,299,360,315,261,187,154,161,132,75,14,0,0
2026-01-25,1112,정부청사,승차,0,0,21,27,51,108,117,120,158,178,208,201,252,259,266,298,180,211,116,67,32,1,0,0
2026-01-25,1112,정부청사,하차,0,0,15,52,55,117,161,199,230,268,262,267,240,320,242,235,161,123,186,105,47,18,0,0
2026-01-25,1113,갈마,승차,0,0,32,36,62,142,140,173,141,199,141,165,160,184,132,115,79,86,72,28,17,0,0,0
2026-01-25,1113,갈마,하차,0,0,9,10,18,49,69,83,118,168,134,202,187,184,210,167,159,107,120,127,84,9,0,0
2026-01-25,1114,월평,승차,0,0,22,45,63,110,117,137,152,162,173,176,130,128,110,123,89,49,58,35,17,7,0,0
2026-01-25,1114,월평,하차,0,0,7,10,22,56,68,63,89,114,120,185,173,171,228,194,162,154,146,141,124,20,0,0
2026-01-25,1115,갑천,승차,0,0,10,8,15,50,47,36,39,77,44,70,53,45,47,42,22,17,12,8,4,2,0,0
2026-01-25,1115,갑천,하차,0,0,4,12,7,20,32,50,41,44,39,59,64,46,58,40,51,35,49,23,22,1,0,0
2026-01-25,1116,유성온천,승차,0,1,40,81,146,278,348,381,399,459,494,470,470,499,486,392,296,320,234,154,93,8,0,0
2026-01-25,1116,유성온천,하차,0,0,50,67,101,189,240,269,332,393,500,493,512,595,579,553,466,381,383,277,172,32,0,0
2026-01-25,1117,구암,승차,0,0,23,18,34,75,88,121,137,130,144,137,150,129,135,123,101,74,56,35,14,2,0,0
2026-01-25,1117,구암,하차,0,0,5,23,38,52,92,82,119,97,102,133,141,141,179,145,154,125,105,46,29,2,0,0
2026-01-25,1118,현충원,승차,0,0,5,14,40,71,74,118,112,113,176,102,110,103,87,60,59,36,23,11,1,0,0,0
2026-01-25,1118,현충원,하차,0,0,4,11,22,29,68,72,81,74,48,56,83,90,75,67,56,66,71,56,19,4,0,0
2026-01-25,1119,월드컵경기장,승차,0,1,13,18,49,83,89,105,111,121,108,97,114,78,89,88,81,66,34,16,6,0,0,0
2026-01-25,1119,월드컵경기장,하차,0,0,7,11,28,40,70,90,66,66,72,89,107,101,119,107,78,73,83,72,37,8,0,0
2026-01-25,1120,노은,승차,0,0,19,33,50,97,103,141,151,180,200,156,178,173,202,157,135,128,93,59,33,0,0,0
2026-01-25,1120,노은,하차,0,0,10,14,30,53,103,100,113,147,153,184,192,233,222,229,148,135,113,109,51,9,0,0
2026-01-25,1121,지족,승차,0,0,14,28,30,53,86,59,75,134,83,79,69,95,81,71,52,44,26,12,6,2,0,0
2026-01-25,1121,지족,하차,0,0,6,9,15,51,71,59,54,49,48,69,83,94,101,86,89,78,49,53,46,6,0,0
2026-01-25,1122,반석,승차,0,1,33,73,93,175,267,268,287,324,350,282,279,247,236,195,134,110,113,94,49,0,0,0
2026-01-25,1122,반석,하차,0,0,14,41,50,103,131,123,147,171,226,238,283,352,413,307,276,251,229,176,102,23,0,0
2026-01-26,1101,판암,승차,0,0,91,137,428,660,298,236,257,289,283,254,245,233,258,294,78,92,67,32,24,0,0,0
2026-01-26,1101,판암,하차,0,0,9,52,104,248,140,155,183,176,202,228,271,321,355,560,229,150,145,170,64,21,0,0
2026-01-26,1102,신흥,승차,0,0,61,74,349,526,180,103,111,107,143,96,90,97,111,101,27,33,19,8,15,0,0,0
2026-01-26,1102,신흥,하차,0,0,8,23,38,75,48,50,59,82,75,79,141,168,212,396,201,119,124,86,48,6,0,0
2026-01-26,1103,대동,승차,0,0,73,131,367,624,265,167,155,217,236,190,170,227,289,290,106,65,75,46,16,0,0,0
2026-01-26,1103,대동,하차,0,0,22,35,111,287,114,88,156,157,179,193,233,268,311,492,243,159,176,163,120,21,0,0
2026-01-26,1104,대전,승차,0,0,14,142,614,932,649,739,674,838,692,891,757,853,929,912,666,422,341,306,132,0,0,0
2026-01-26,1104,대전,하차,0,0,157,464,738,987,763,689,702,630,696,726,744,692,607,711,370,268,185,99,39,4,0,0
2026-01-26,1105,중앙로,승차,0,0,23,41,121,300,159,195,254,299,434,469,607,680,769,851,483,412,413,233,87,0,0,0
2026-01-26,1105,중앙로,하차,0,0,27,67,161,745,440,554,565,597,578,608,555,511,540,654,268,174,133,85,50,3,0,0
2026-01-26,1106,중구청,승차,0,0,27,55,134,278,98,113,126,159,147,140,174,199,264,390,77,76,68,46,21,0,0,0
2026-01-26,1106,중구청,하차,0,0,17,51,183,540,212,118,132,139,161,150,136,123,173,238,98,69,58,40,27,4,0,0
2026-01-26,1107,서대전네거리,승차,0,0,127,148,430,845,315,350,323,291,362,287,381,379,446,575,221,161,140,95,61,0,0,0
2026-01-26,1107,서대전네거리,하차,0,0,30,79,223,621,323,257,298,275,360,307,390,419,511,917,384,259,225,177,101,11,0,0
2026-01-26,1108,오룡,승차,0,0,69,125,368,795,279,217,181,207,185,213,150,217,298,675,158,66,57,49,31,0,0,0
2026-01-26,1108,오룡,하차,0,0,24,53,127,628,190,126,173,168,182,160,206,248,365,585,222,164,123,121,83,0,0,0
2026-01-26,1109,용문,승차,0,1,131,207,515,1218,403,299,372,410,479,420,404,536,517,491,259,227,213,95,162,0,0,0
2026-01-26,1109,용문,하차,0,0,33,60,180,492,361,349,338,378,469,440,473,503,710,1154,490,298,301,232,79,0,0,0
2026-01-26,1110,탄방,승차,0,0,57,112,257,483,224,234,317,237,265,242,340,293,475,786,221,166,174,187,39,0,0,0
2026-01-26,1110,탄방,하차,0,0,30,110,292,1224,436,250,214,206,307,251,240,255,348,597,261,169,116,91,70,0,0,0
2026-01-26,1111,시청,승차,0,0,49,94,202,376,262,267,390,393,418,481,622,723,896,1507,492,470,477,502,190,0,0,0
2026-01-26,1111,시청,하차,0,0,63,137,514,2000,868,435,430,426,637,518,437,470,578,729,289,177,144,123,83,4,0,0
2026-01-26,1112,정부청사,승차,0,0,32,62,167,316,218,215,276,288,307,355,419,534,932,1755,421,325,268,115,71,0,0,0
2026-01-26,1112,정부청사,하차,0,0,85,182,639,2557,674,360,291,305,365,349,343,312,370,478,206,149,141,110,34,5,0,0
2026-01-26,1113,갈마,승차,0,0,58,123,259,508,232,149,143,159,169,190,178,143,174,191,119,87,65,52,26,0,0,0
2026-01-26,1113,갈마,하차,0,0,23,33,64,153,119,128,117,152,170,185,167,228,319,478,203,122,135,122,81,12,0,0
2026-01-26,1114,월평,승차,0,0,67,100,234,461,195,168,163,164,234,212,182,223,240,327,125,84,89,71,25,0,0,0
2026-01-26,1114,월평,하차,0,0,15,28,103,286,152,134,182,178,198,199,247,256,305,552,220,166,142,103,73,5,0,0
2026-01-26,1115,갑천,승차,0,0,15,29,82,218,81,54,35,47,44,51,55,49,67,83,29,22,24,4,6,0,0,0
2026-01-26,1115,갑천,하차,0,0,6,15,28,84,38,36,44,48,43,59,61,64,72,151,64,42,50,29,25,3,0,0
2026-01-26,1116,유성온천,승차,0,0,106,212,566,1264,558,397,475,512,551,510,534,589,717,743,372,280,252,175,99,1,0,0
2026-01-26,1116,유성온천,하차,0,0,74,103,292,764,485,408,512,470,508,566,545,613,884,1430,545,403,421,300,224,12,0,0
2026-01-26,1117,구암,승차,0,0,48,69,182,390,168,119,144,153,166,178,145,198,187,239,96,75,55,32,10,0,0,0
2026-01-26,1117,구암,하차,0,0,9,46,100,211,143,136,139,162,158,155,175,207,250,319,119,116,109,60,41,7,0,0
2026-01-26,1118,현충원,승차,0,0,15,35,110,341,117,103,86,129,112,136,115,123,151,201,41,32,24,9,4,0,0,0
2026-01-26,1118,현충원,하차,0,0,6,22,73,133,69,65,97,100,59,67,96,114,126,226,70,76,83,61,26,6,0,0
2026-01-26,1119,월드컵경기장,승차,0,0,25,59,213,472,181,127,136,126,167,145,158,151,186,244,76,59,52,24,7,0,0,0
2026-01-26,1119,월드컵경기장,하차,0,0,11,34,113,235,128,70,102,112,116,98,124,181,204,307,141,111,117,87,58,12,0,0
2026-01-26,1120,노은,승차,0,0,38,67,276,470,235,195,233,262,252,227,299,252,333,393,171,202,153,111,52,3,1,1
2026-01-26,1120,노은,하차,0,0,23,37,137,346,282,176,212,216,236,274,275,318,362,636,261,145,169,140,66,21,1,1
2026-01-26,1121,지족,승차,0,0,32,46,134,269,133,105,86,112,100,137,118,124,183,389,110,90,85,37,17,0,0,0
2026-01-26,1121,지족,하차,0,0,17,32,120,508,166,57,90,77,79,84,103,99,157,228,115,88,96,62,39,14,0,0
2026-01-26,1122,반석,승차,0,0,85,161,794,1137,509,316,312,311,348,316,273,375,502,704,319,206,215,179,83,0,0,0
2026-01-26,1122,반석,하차,0,0,34,157,310,575,250,167,214,246,275,322,374,496,667,1126,394,315,332,288,131,19,0,0
2026-01-27,1101,판암,승차,0,0,97,132,448,700,322,244,228,275,275,217,220,213,264,304,102,74,62,33,17,4,0,0
2026-01-27,1101,판암,하차,0,0,12,55,114,260,122,146,176,182,184,230,284,309,334,581,261,187,175,173,65,25,0,0
2026-01-27,1102,신흥,승차,0,0,54,87,358,533,196,109,110,117,124,94,88,84,125,126,38,31,22,13,12,0,0,0
2026-01-27,1102,신흥,하차,0,0,12,20,34,92,40,47,61,84,105,88,137,142,188,399,202,131,119,105,54,8,0,0
2026-01-27,1103,대동,승차,0,0,67,134,418,645,280,196,164,217,216,218,183,233,293,329,118,93,82,40,24,3,0,0
2026-01-27,1103,대동,하차,0,0,27,39,107,280,120,96,139,150,168,185,203,288,333,520,258,187,202,182,110,26,0,0
2026-01-27,1104,대전,승차,0,0,13,100,401,640,601,668,683,833,708,743,847,835,1001,812,809,429,394,302,125,0,0,0
2026-01-27,1104,대전,하차,0,0,116,349,694,1005,744,699,818,676,718,801,744,749,799,726,381,292,245,102,37,1,0,0
2026-01-27,1105,중앙로,승차,0,0,24,55,126,296,163,231,258,352,465,507,550,706,764,908,464,447,426,230,132,1,0,0
2026-01-27,1105,중앙로,하차,0,0,31,53,163,765,438,536,589,580,570,545,470,515,656,689,331,163,132,68,42,11,0,0
2026-01-27,1106,중구청,승차,0,0,25,48,133,274,133,110,114,122,122,159,150,218,310,392,115,93,77,44,27,0,0,0
2026-01-27,1106,중구청,하차,0,0,14,43,188,554,207,147,152,130,170,113,109,149,157,237,107,83,73,53,47,5,0,0
2026-01-27,1107,서대전네거리,승차,0,2,97,138,466,871,336,365,302,305,344,323,367,387,451,585,231,204,177,95,68,12,0,0
2026-01-27,1107,서대전네거리,하차,0,0,34,80,186,697,304,244,340,299,350,326,355,364,523,899,381,278,244,235,81,23,0,0
2026-01-27,1108,오룡,승차,0,0,80,109,395,834,251,185,221,227,212,230,162,219,305,638,154,73,52,35,19,3,0,0
2026-01-27,1108,오룡,하차,0,0,16,43,149,652,190,119,155,162,139,192,222,248,326,557,228,161,165,132,84,5,0,0
2026-01-27,1109,용문,승차,0,7,129,181,552,1209,440,366,394,412,453,404,391,492,520,519,254,222,233,87,141,0,0,0
2026-01-27,1109,용문,하차,0,7,29,52,206,502,379,364,319,346,437,420,458,506,708,1201,493,353,325,223,135,0,0,0
2026-01-27,1110,탄방,승차,0,0,44,104,250,506,185,196,315,255,254,268,347,312,540,808,214,155,241,239,48,0,0,0
2026-01-27,1110,탄방,하차,0,0,36,121,318,1150,442,254,188,229,407,315,253,240,371,609,294,136,152,100,82,1,0,0
2026-01-27,1111,시청,승차,0,0,45,95,208,417,258,260,390,423,438,439,582,745,840,1511,520,539,470,567,207,0,0,0
2026-01-27,1111,시청,하차,0,0,48,151,527,1974,910,521,450,463,550,512,433,493,620,803,341,206,166,135,76,7,0,0
2026-01-27,1112,정부청사,승차,0,0,27,69,181,343,218,251,279,285,317,338,453,611,970,1814,442,308,299,152,63,0,0,0
2026-01-27,1112,정부청사,하차,0,0,84,198,631,2510,582,351,340,341,388,346,333,322,371,467,219,151,161,121,46,16,0,0
2026-01-27,1113,갈마,승차,0,0,60,112,269,510,221,187,176,156,203,149,146,159,171,187,112,68,88,61,28,1,0,0
2026-01-27,1113,갈마,하차,0,0,18,35,56,174,87,97,125,187,175,192,188,219,292,409,220,146,154,134,96,11,0,0
2026-01-27,1114,월평,승차,0,0,59,97,220,524,241,164,152,169,217,200,205,197,265,320,140,99,102,76,38,3,0,0
2026-01-27,1114,월평,하차,0,0,21,33,106,277,150,139,159,184,207,211,226,256,329,539,213,120,170,128,95,12,0,0
2026-01-27,1115,갑천,승차,0,0,15,29,80,212,65,52,41,57,57,52,45,46,83,95,26,19,29,10,12,2,0,0
2026-01-27,1115,갑천,하차,0,0,6,23,30,88,44,32,30,48,52,54,63,78,84,157,70,50,40,30,21,2,0,0
2026-01-27,1116,유성온천,승차,0,1,84,185,567,1346,558,452,444,538,516,532,588,637,710,813,392,362,298,195,129,18,0,0
2026-01-27,1116,유성온천,하차,0,0,63,123,289,790,477,436,470,481,537,474,588,657,904,1531,595,422,428,390,205,43,0,0
2026-01-27,1117,구암,승차,0,0,40,62,181,396,165,109,149,161,181,153,194,188,206,220,97,61,68,25,10,0,0,0
2026-01-27,1117,구암,하차,0,0,5,47,89,244,142,127,150,160,143,178,169,183,236,315,130,107,129,84,38,8,0,0
2026-01-27,1118,현충원,승차,0,0,16,45,121,361,113,111,140,119,118,124,134,109,150,206,53,39,33,13,2,0,0,0
2026-01-27,1118,현충원,하차,0,0,3,25,79,149,97,76,88,90,81,83,88,94,125,210,83,65,65,76,28,7,0,0
2026-01-27,1119,월드컵경기장,승차,0,0,27,80,223,468,191,137,134,140,174,148,158,160,209,259,89,56,59,20,13,1,0,0
2026-01-27,1119,월드컵경기장,하차,0,0,8,40,109,231,101,74,113,120,108,100,142,185,197,365,141,135,128,94,52,15,0,0
2026-01-27,1120,노은,승차,0,0,34,76,257,482,228,203,206,246,271,214,253,250,379,391,194,170,153,144,66,3,0,0
2026-01-27,1120,노은,하차,0,0,18,34,160,360,273,180,210,209,242,271,294,359,358,634,333,166,192,158,84,15,0,0
2026-01-27,1121,지족,승차,0,0,26,43,155,270,109,105,97,94,126,116,137,134,189,379,103,124,84,35,28,0,0,0
2026-01-27,1121,지족,하차,0,0,14,27,108,559,150,62,69,99,71,99,100,114,183,221,96,79,97,105,67,8,0,0
2026-01-27,1122,반석,승차,0,0,59,171,828,1141,519,379,338,331,362,323,356,398,557,792,306,259,267,190,115,0,0,0
2026-01-27,1122,반석,하차,0,0,33,141,307,642,254,187,231,267,309,308,371,476,645,1212,401,346,345,267,129,24,0,0
2026-01-28,1101,판암,승차,0,0,83,141,478,674,347,220,252,241,281,185,221,235,288,334,122,94,56,25,20,0,0,0
2026-01-28,1101,판암,하차,0,0,10,48,113,246,115,120,150,154,192,254,254,314,348,539,241,160,202,181,72,23,0,0
2026-01-28,1102,신흥,승차,0,0,59,79,352,503,182,127,116,125,122,110,93,95,119,131,48,41,22,20,8,0,0,0
2026-01-28,1102,신흥,하차,0,0,8,18,41,85,38,53,72,71,102,90,125,152,219,402,213,120,127,111,55,7,0,0
2026-01-28,1103,대동,승차,0,0,77,129,381,661,277,181,199,225,207,170,176,220,294,311,141,80,86,36,20,0,0,0
2026-01-28,1103,대동,하차,0,0,20,42,119,275,113,91,126,139,185,207,219,274,332,490,223,173,207,197,115,17,0,0
2026-01-28,1104,대전,승차,0,0,20,93,347,617,586,667,675,772,715,761,788,897,899,948,677,408,414,334,159,1,0,0
2026-01-28,1104,대전,하차,0,0,111,318,672,970,702,690,753,664,747,724,799,804,744,756,390,323,232,101,45,6,0,0
2026-01-28,1105,중앙로,승차,0,0,28,43,126,270,140,165,266,361,444,490,600,664,790,906,482,456,424,239,112,1,0,0
2026-01-28,1105,중앙로,하차,0,0,22,49,165,750,408,482,633,646,583,622,562,549,620,733,354,151,109,77,47,2,0,0
2026-01-28,1106,중구청,승차,0,0,20,48,134,294,86,108,143,134,124,130,162,207,260,405,92,59,65,60,28,0,0,0
2026-01-28,1106,중구청,하차,0,0,10,41,178,561,206,172,98,137,158,115,122,125,137,265,104,70,71,60,44,2,0,0
2026-01-28,1107,서대전네거리,승차,0,0,96,135,449,878,326,329,285,329,326,295,368,378,477,578,225,175,161,116,61,0,0,0
2026-01-28,1107,서대전네거리,하차,0,0,27,75,208,631,318,212,288,297,373,312,318,400,500,955,362,235,263,261,98,7,0,0
2026-01-28,1108,오룡,승차,0,0,58,109,369,794,265,187,208,199,215,213,162,239,287,663,162,84,68,48,27,0,0,0
2026-01-28,1108,오룡,하차,0,0,20,47,147,629,179,169,133,143,162,173,201,222,349,529,215,153,167,133,94,4,0,0
2026-01-28,1109,용문,승차,0,1,119,184,546,1181,388,311,402,398,622,596,510,488,581,506,255,234,470,183,112,0,0,0
2026-01-28,1109,용문,하차,0,0,33,54,176,558,447,373,622,379,409,427,473,537,748,1376,720,363,298,227,121,0,0,0
2026-01-28,1110,탄방,승차,0,0,35,105,242,533,217,187,327,238,240,282,292,335,515,811,230,192,171,256,72,0,0,0
2026-01-28,1110,탄방,하차,0,0,29,104,315,1152,433,213,216,252,413,244,235,256,374,625,292,160,156,104,81,0,0,0
2026-01-28,1111,시청,승차,0,3,36,91,217,378,244,239,387,386,421,442,508,674,951,1583,507,482,508,556,172,0,0,0
2026-01-28,1111,시청,하차,0,3,57,140,493,2007,896,482,399,405,536,512,427,468,595,827,304,167,191,106,85,4,0,0
2026-01-28,1112,정부청사,승차,0,0,24,65,185,343,215,219,295,301,283,373,478,652,985,1776,481,284,252,156,86,0,0,0
2026-01-28,1112,정부청사,하차,0,0,78,203,604,2490,591,331,274,352,380,345,312,345,408,482,249,141,161,125,49,19,0,0
2026-01-28,1113,갈마,승차,0,0,59,106,257,490,236,160,165,167,178,135,127,171,180,191,103,75,79,43,32,0,0,0
2026-01-28,1113,갈마,하차,0,0,20,31,51,143,87,80,120,171,169,224,186,210,263,441,207,142,171,153,97,12,0,0
2026-01-28,1114,월평,승차,0,0,66,95,235,511,227,164,167,169,167,159,190,213,270,293,142,103,106,93,43,0,0,0
2026-01-28,1114,월평,하차,0,0,14,33,111,258,146,104,151,164,199,194,213,266,318,511,215,142,176,140,110,7,0,0
2026-01-28,1115,갑천,승차,0,0,14,28,90,217,66,51,45,44,48,44,43,48,85,100,35,25,29,9,8,0,0,0
2026-01-28,1115,갑천,하차,0,0,6,12,35,110,35,27,44,48,44,55,52,86,93,153,71,46,68,41,34,1,0,0
2026-01-28,1116,유성온천,승차,0,0,84,197,586,1354,559,412,422,539,544,520,560,589,765,819,369,341,366,206,128,11,0,0
2026-01-28,1116,유성온천,하차,0,0,73,100,306,793,485,437,391,497,497,538,512,690,887,1468,576,343,496,368,245,28,0,0
2026-01-28,1117,구암,승차,0,0,37,65,175,392,138,132,158,165,185,191,166,196,206,257,130,99,85,40,23,5,0,0
2026-01-28,1117,구암,하차,0,0,10,50,138,217,149,157,136,136,152,129,172,178,236,344,128,115,129,92,48,8,0,0
2026-01-28,1118,현충원,승차,0,0,19,38,126,316,138,89,100,110,185,133,99,123,149,205,56,38,33,11,7,2,0,0
2026-01-28,1118,현충원,하차,0,0,4,39,58,125,89,77,106,79,83,65,80,111,126,200,72,93,67,63,39,1,0,0
2026-01-28,1119,월드컵경기장,승차,0,0,21,66,203,532,202,130,142,128,159,134,145,156,208,245,94,60,79,34,12,0,0,0
2026-01-28,1119,월드컵경기장,하차,0,0,6,38,109,214,134,71,97,108,98,98,139,164,183,352,175,115,144,113,62,16,0,0
2026-01-28,1120,노은,승차,0,0,38,68,284,482,213,204,215,276,222,204,286,254,347,410,202,174,195,143,60,2,0,0
2026-01-28,1120,노은,하차,0,0,18,36,151,351,264,194,192,214,247,276,304,327,431,599,337,152,200,156,81,20,0,0
2026-01-28,1121,지족,승차,0,0,23,50,153,254,120,107,107,99,143,135,133,122,194,396,115,71,81,33,34,0,0,0
2026-01-28,1121,지족,하차,0,0,13,31,134,529,154,58,81,105,74,87,126,125,165,237,125,95,98,110,69,7,0,0
2026-01-28,1122,반석,승차,0,0,59,168,805,1181,501,363,334,348,327,312,350,393,580,802,332,243,221,196,128,0,0,0
2026-01-28,1122,반석,하차,0,0,34,137,340,616,249,160,219,241,304,300,373,504,682,1109,383,320,399,335,154,19,0,0
2026-01-29,1101,판암,승차,0,3,93,140,440,652,316,194,223,251,261,220,201,226,260,282,102,105,59,26,23,5,0,0
2026-01-29,1101,판암,하차,0,0,11,50,113,279,133,120,169,156,182,208,238,306,323,510,237,167,189,170,65,24,0,0
2026-01-29,1102,신흥,승차,0,0,50,78,361,529,190,124,110,104,111,98,87,98,119,99,37,43,24,20,10,0,0,0
2026-01-29,1102,신흥,하차,0,0,7,24,35,86,44,47,78,89,75,108,130,148,203,380,187,139,140,124,63,13,0,0
2026-01-29,1103,대동,승차,0,0,75,130,377,612,283,181,168,252,250,187,137,225,266,334,115,97,60,50,26,0,0,0
2026-01-29,1103,대동,하차,0,0,25,35,113,294,118,102,159,145,159,187,226,275,307,542,247,191,193,178,115,18,0,0
2026-01-29,1104,대전,승차,0,0,13,93,412,642,548,684,714,864,689,738,874,850,905,1027,675,470,431,394,171,2,0,0
2026-01-29,1104,대전,하차,0,0,87,320,753,974,717,667,738,638,815,701,813,775,724,827,420,348,247,98,59,6,0,0
2026-01-29,1105,중앙로,승차,0,0,26,48,124,288,156,175,237,310,503,438,601,693,778,865,507,507,405,259,110,3,0,0
2026-01-29,1105,중앙로,하차,0,0,24,64,172,798,442,486,619,576,631,586,507,502,508,877,350,174,137,79,45,12,0,0
2026-01-29,1106,중구청,승차,0,0,17,66,145,291,112,119,107,119,128,157,154,163,304,359,103,82,74,45,25,0,0,0
2026-01-29,1106,중구청,하차,0,0,13,39,163,559,210,115,107,136,167,127,130,124,159,219,107,74,63,68,41,4,0,0
2026-01-29,1107,서대전네거리,승차,0,5,86,146,443,902,325,301,311,328,346,363,399,376,445,517,236,181,164,102,74,4,0,0
2026-01-29,1107,서대전네거리,하차,0,1,21,76,201,658,315,237,303,302,362,314,355,422,577,837,338,263,259,259,100,17,0,0
2026-01-29,1108,오룡,승차,0,0,75,99,378,782,270,198,202,224,245,196,176,217,310,661,135,73,53,34,36,0,0,0
2026-01-29,1108,오룡,하차,0,0,15,54,144,624,197,104,142,171,164,194,231,251,316,506,201,174,193,152,96,13,0,0
2026-01-29,1109,용문,승차,0,0,116,186,548,1218,386,370,379,408,463,369,401,468,536,527,229,242,234,124,150,0,0,0
2026-01-29,1109,용문,하차,0,0,27,73,191,473,393,342,325,359,405,419,445,528,717,1160,476,308,327,229,138,0,0,0
2026-01-29,1110,탄방,승차,0,0,46,85,256,522,204,193,273,208,260,283,287,318,529,797,217,199,250,211,43,0,0,0
2026-01-29,1110,탄방,하차,0,0,37,107,318,1110,359,216,182,240,398,263,254,274,382,591,263,166,152,94,77,1,0,0
2026-01-29,1111,시청,승차,0,0,36,85,215,395,249,255,356,407,399,441,503,659,939,1442,489,556,534,535,205,0,0,0
2026-01-29,1111,시청,하차,0,0,69,139,511,1969,778,414,419,442,593,454,445,486,599,825,335,208,208,116,78,5,0,0
2026-01-29,1112,정부청사,승차,0,0,24,54,181,350,224,231,276,294,301,362,465,586,927,1688,445,343,258,219,74,0,0,0
2026-01-29,1112,정부청사,하차,0,0,84,164,596,2514,595,329,307,306,369,309,326,300,401,465,231,167,140,106,44,23,0,0
2026-01-29,1113,갈마,승차,0,0,61,108,261,486,231,163,187,170,173,179,157,168,206,197,82,75,75,50,40,0,0,0
2026-01-29,1113,갈마,하차,0,0,19,30,59,154,109,113,105,180,165,176,174,235,267,445,202,162,167,144,84,14,0,0
2026-01-29,1114,월평,승차,0,0,59,107,239,521,240,151,180,175,231,210,197,234,235,314,163,104,94,68,19,0,0,0
2026-01-29,1114,월평,하차,0,0,17,27,94,267,129,130,146,212,208,195,236,248,333,508,235,161,146,167,88,8,0,0
2026-01-29,1115,갑천,승차,0,0,13,33,76,233,96,50,46,41,69,55,58,48,79,88,33,28,22,14,9,0,0,0
2026-01-29,1115,갑천,하차,0,0,5,15,29,114,28,35,75,54,35,61,57,70,68,146,77,68,50,38,31,3,0,0
2026-01-29,1116,유성온천,승차,0,0,85,195,572,1326,494,410,460,494,554,561,561,615,703,759,387,364,345,217,147,12,0,0
2026-01-29,1116,유성온천,하차,0,0,65,135,306,769,508,448,454,479,525,504,559,618,952,1385,634,429,449,351,246,28,0,0
2026-01-29,1117,구암,승차,0,0,39,66,161,384,212,198,301,290,278,300,300,261,222,262,130,90,65,42,23,2,0,0
2026-01-29,1117,구암,하차,0,0,4,41,115,229,215,301,314,261,290,237,269,196,255,308,136,141,113,81,57,4,0,0
2026-01-29,1118,현충원,승차,0,0,20,35,135,317,116,96,112,112,130,117,123,107,146,235,57,41,45,16,2,0,0,0
2026-01-29,1118,현충원,하차,0,0,7,36,68,125,71,81,102,80,69,56,74,96,129,204,86,62,57,73,36,5,0,0
2026-01-29,1119,월드컵경기장,승차,0,0,25,63,233,496,199,166,132,123,196,155,165,152,177,236,100,67,44,29,22,0,0,0
2026-01-29,1119,월드컵경기장,하차,0,0,10,32,110,229,119,79,94,118,133,101,179,186,223,324,165,111,118,101,79,13,0,0
2026-01-29,1120,노은,승차,0,0,40,72,272,470,197,207,263,261,233,211,256,255,359,390,233,201,182,144,64,1,0,0
2026-01-29,1120,노은,하차,0,0,19,28,156,329,255,191,201,234,267,280,292,308,374,601,342,206,175,181,99,16,0,0
2026-01-29,1121,지족,승차,0,1,27,45,160,239,148,80,88,129,120,113,135,145,208,373,140,78,64,46,20,4,0,0
2026-01-29,1121,지족,하차,0,0,15,26,99,538,156,64,97,101,104,89,109,115,175,222,117,91,80,90,55,10,0,0
2026-01-29,1122,반석,승차,0,1,58,165,801,1129,468,369,359,347,355,312,345,390,537,771,317,289,242,198,121,0,0,0
2026-01-29,1122,반석,하차,0,0,30,150,332,595,288,184,230,236,311,325,357,508,670,1089,369,351,386,349,133,25,0,0
2026-01-30,1101,판암,승차,0,0,83,154,443,659,300,243,234,281,263,249,234,266,305,390,137,94,52,34,33,0,0,0
2026-01-30,1101,판암,하차,0,0,14,52,106,269,103,138,167,170,202,229,243,316,372,552,268,188,226,210,76,29,0,0
2026-01-30,1102,신흥,승차,0,0,61,88,346,488,167,104,98,115,130,123,102,90,152,147,72,60,32,13,13,1,0,0
2026-01-30,1102,신흥,하차,0,0,13,21,36,87,42,56,80,100,76,89,113,187,240,375,188,138,109,102,60,8,0,0
2026-01-30,1103,대동,승차,0,0,67,135,396,611,269,220,187,255,210,182,183,217,354,328,146,115,83,59,24,2,0,0
2026-01-30,1103,대동,하차,0,0,16,42,112,282,120,102,141,162,165,202,218,271,341,433,231,166,192,188,139,23,0,0
2026-01-30,1104,대전,승차,0,0,10,89,366,594,554,615,657,757,740,860,1012,1134,1211,1160,948,708,682,489,233,3,0,0
2026-01-30,1104,대전,하차,0,0,89,286,661,830,728,719,819,762,856,892,926,1176,1132,1395,745,592,313,152,51,4,0,0
2026-01-30,1105,중앙로,승차,0,0,28,42,133,289,174,194,281,321,411,494,641,700,765,845,552,572,522,284,191,1,0,0
2026-01-30,1105,중앙로,하차,0,0,26,63,188,744,427,481,601,657,634,642,582,554,711,1035,564,309,189,119,51,3,0,0
2026-01-30,1106,중구청,승차,0,4,21,48,145,266,106,93,120,117,129,146,183,194,311,429,93,71,51,45,20,0,0,0
2026-01-30,1106,중구청,하차,0,4,9,44,147,552,166,121,102,112,127,158,137,128,181,250,113,66,69,70,36,2,0,0
2026-01-30,1107,서대전네거리,승차,0,0,91,132,444,879,311,329,310,322,338,367,390,380,489,620,257,177,179,130,87,1,0,0
2026-01-30,1107,서대전네거리,하차,0,0,26,67,200,579,272,309,312,322,361,340,390,434,628,984,422,307,258,220,133,11,0,0
2026-01-30,1108,오룡,승차,0,0,59,106,374,781,255,172,194,184,248,204,211,252,358,715,184,122,81,49,24,0,0,0
2026-01-30,1108,오룡,하차,0,0,20,56,145,631,218,127,147,159,159,186,261,298,399,577,257,169,151,126,95,2,0,0
2026-01-30,1109,용문,승차,0,1,117,180,529,1167,431,385,393,435,520,394,514,614,533,579,334,313,220,133,121,0,0,0
2026-01-30,1109,용문,하차,0,0,34,58,173,530,385,354,370,387,500,462,529,594,716,1246,535,356,320,237,153,0,0,0
2026-01-30,1110,탄방,승차,0,0,36,110,255,489,203,220,299,250,233,284,354,363,553,825,240,187,205,196,36,0,0,0
2026-01-30,1110,탄방,하차,0,0,30,98,298,1111,386,205,205,248,374,277,247,300,413,566,255,182,150,103,95,0,0,0
2026-01-30,1111,시청,승차,0,0,31,91,192,372,222,280,357,365,416,472,585,750,1054,1542,497,441,433,524,217,0,0,0
2026-01-30,1111,시청,하차,0,0,53,134,520,1864,812,456,423,478,527,489,520,572,633,842,431,287,204,117,103,11,0,0
2026-01-30,1112,정부청사,승차,0,0,19,54,182,320,231,266,316,338,348,437,515,809,1139,1842,443,281,237,173,55,7,0,0
2026-01-30,1112,정부청사,하차,0,0,76,195,562,2309,632,338,311,336,299,359,343,384,504,531,284,185,187,102,65,23,0,0
2026-01-30,1113,갈마,승차,0,0,55,110,230,498,216,154,150,181,185,154,153,180,240,256,116,90,66,47,36,0,0,0
2026-01-30,1113,갈마,하차,0,0,22,34,58,145,106,89,93,134,121,169,177,265,295,475,247,172,206,154,131,10,0,0
2026-01-30,1114,월평,승차,0,0,60,91,240,493,231,171,166,198,243,206,215,257,276,414,211,115,128,79,29,0,0,0
2026-01-30,1114,월평,하차,0,0,13,23,99,258,140,135,154,169,188,184,238,301,350,549,275,164,202,160,104,8,0,0
2026-01-30,1115,갑천,승차,0,0,17,27,81,215,77,47,38,53,54,58,54,63,90,96,35,30,29,11,8,1,0,0
2026-01-30,1115,갑천,하차,0,0,6,12,28,100,35,37,49,54,63,52,72,70,93,150,79,41,57,35,26,3,0,0
2026-01-30,1116,유성온천,승차,0,0,74,186,589,1262,548,470,486,565,571,563,661,786,921,860,515,421,395,271,165,3,0,0
2026-01-30,1116,유성온천,하차,0,0,67,117,297,783,544,411,492,430,543,596,584,794,1057,1621,766,507,466,436,248,24,0,0
2026-01-30,1117,구암,승차,0,0,36,56,183,371,142,120,153,147,177,182,228,242,272,344,210,150,99,57,26,2,0,0
2026-01-30,1117,구암,하차,0,0,11,37,108,219,151,132,136,158,178,173,225,232,323,390,159,107,112,73,63,7,0,0
2026-01-30,1118,현충원,승차,0,0,12,29,122,287,122,127,109,137,154,133,133,169,209,225,93,61,28,18,4,2,0,0
2026-01-30,1118,현충원,하차,0,0,5,43,64,122,70,103,97,83,70,74,91,119,149,215,81,90,64,64,33,14,0,0
2026-01-30,1119,월드컵경기장,승차,0,0,21,68,193,485,186,158,128,149,173,159,155,198,213,305,120,88,62,36,6,0,0,0
2026-01-30,1119,월드컵경기장,하차,0,0,12,41,103,202,118,93,90,131,109,137,139,166,228,364,171,120,121,104,80,19,0,0
2026-01-30,1120,노은,승차,0,0,44,58,261,455,241,210,205,231,261,231,258,303,407,419,272,178,186,156,72,1,0,0
2026-01-30,1120,노은,하차,0,0,22,36,136,349,249,193,167,227,279,250,327,361,487,617,328,227,219,196,96,13,0,0
2026-01-30,1121,지족,승차,0,0,34,39,154,225,104,101,92,147,131,154,147,159,260,390,103,76,39,35,15,0,0,0
2026-01-30,1121,지족,하차,0,0,14,33,94,529,147,77,54,89,95,87,106,129,163,197,121,73,100,91,72,11,0,0
2026-01-30,1122,반석,승차,0,0,70,158,733,1085,462,339,329,378,415,355,374,515,646,829,369,267,221,211,140,0,0,0
2026-01-30,1122,반석,하차,0,0,35,135,330,612,268,194,204,259,287,295,368,531,708,1113,407,319,327,350,163,24,0,0
2026-01-31,1101,판암,승차,0,0,59,78,150,240,306,251,245,256,224,245,181,199,216,158,86,103,71,31,22,0,0,0
2026-01-31,1101,판암,하차,0,0,12,29,66,95,119,113,128,156,192,180,258,219,296,183,176,177,147,141,71,28,0,0
2026-01-31,1102,신흥,승차,0,0,44,50,93,153,164,145,127,105,132,101,112,109,128,66,49,33,23,23,16,0,0,0
2026-01-31,1102,신흥,하차,0,0,8,17,35,38,50,57,50,75,87,96,118,117,142,128,114,106,116,100,69,11,0,0
2026-01-31,1103,대동,승차,0,0,45,72,136,186,245,197,231,223,228,193,184,255,260,164,108,88,81,55,25,0,0,0
2026-01-31,1103,대동,하차,0,0,18,27,26,92,77,101,148,149,159,170,191,216,231,195,159,138,148,140,135,15,0,0
2026-01-31,1104,대전,승차,0,0,8,69,158,430,655,867,1165,1062,1084,1213,1219,1228,1042,860,713,621,635,511,316,0,0,0
2026-01-31,1104,대전,하차,0,0,79,259,397,657,899,978,1215,952,1197,1109,969,1144,899,747,624,555,331,173,59,5,0,0
2026-01-31,1105,중앙로,승차,0,0,21,43,56,116,155,198,296,324,424,635,719,966,1045,1006,912,794,732,419,212,4,0,0
2026-01-31,1105,중앙로,하차,0,0,34,65,122,279,386,598,873,983,963,1086,1051,873,1026,724,453,268,180,82,46,1,0,0
2026-01-31,1106,중구청,승차,0,0,20,22,47,81,74,74,108,117,98,143,134,142,147,94,88,44,33,33,11,0,0,0
2026-01-31,1106,중구청,하차,0,0,6,24,33,79,68,90,125,161,154,169,143,143,123,98,77,64,58,35,39,1,0,0
2026-01-31,1107,서대전네거리,승차,0,0,71,73,153,244,279,286,324,393,413,355,290,295,325,261,187,203,159,103,72,6,0,0
2026-01-31,1107,서대전네거리,하차,0,0,20,43,82,166,217,241,282,307,334,277,302,380,494,455,238,238,190,189,112,13,0,0
2026-01-31,1108,오룡,승차,0,0,45,55,105,173,246,243,240,266,247,209,174,171,268,149,104,100,52,34,19,0,0,0
2026-01-31,1108,오룡,하차,0,0,10,29,52,119,144,132,167,173,156,208,204,215,204,191,149,142,126,81,112,4,0,0
2026-01-31,1109,용문,승차,0,0,80,98,168,330,312,389,408,534,554,479,529,550,547,453,320,245,152,120,72,0,0,0
2026-01-31,1109,용문,하차,0,0,20,62,144,272,403,351,407,452,532,519,519,511,558,480,332,294,241,257,150,0,0,0
2026-01-31,1110,탄방,승차,0,0,32,47,105,131,200,199,266,266,345,306,304,322,389,223,144,155,89,96,28,0,0,0
2026-01-31,1110,탄방,하차,0,0,30,68,91,230,294,300,290,301,334,254,230,231,298,208,163,157,126,91,106,0,0,0
2026-01-31,1111,시청,승차,0,0,28,65,115,154,213,255,323,443,510,474,461,536,576,471,409,349,292,283,172,0,0,0
2026-01-31,1111,시청,하차,0,0,32,78,132,331,498,378,406,602,454,404,389,427,453,329,274,204,209,147,82,18,0,0
2026-01-31,1112,정부청사,승차,0,0,26,39,86,147,174,205,240,307,341,388,384,396,401,363,268,225,166,115,50,0,0,0
2026-01-31,1112,정부청사,하차,0,0,35,81,105,247,316,278,371,430,396,365,388,350,339,264,187,162,190,108,52,20,0,0
2026-01-31,1113,갈마,승차,0,0,49,60,108,170,230,197,230,230,214,187,207,191,181,125,84,83,65,35,49,13,0,0
2026-01-31,1113,갈마,하차,0,0,18,29,23,73,114,111,160,199,175,243,203,249,262,245,151,142,158,119,117,37,0,0
2026-01-31,1114,월평,승차,0,0,46,77,109,166,208,229,199,203,217,240,224,228,219,171,147,95,90,82,30,17,0,0
2026-01-31,1114,월평,하차,0,0,14,14,44,85,103,123,151,201,229,224,240,232,288,287,192,184,145,132,119,35,0,0
2026-01-31,1115,갑천,승차,0,0,14,10,35,67,53,46,50,78,69,72,115,76,97,63,38,31,24,7,8,0,0,0
2026-01-31,1115,갑천,하차,0,0,7,21,15,27,58,47,64,90,66,71,64,65,73,57,42,39,45,40,27,3,0,0
2026-01-31,1116,유성온천,승차,0,0,66,129,226,379,473,568,607,645,685,690,655,733,583,525,355,394,330,224,150,12,0,0
2026-01-31,1116,유성온천,하차,0,0,59,108,132,381,390,440,535,599,596,679,581,787,891,751,600,433,479,329,256,36,0,0
2026-01-31,1117,구암,승차,0,1,36,46,87,143,144,179,239,231,201,186,204,194,156,166,127,103,88,91,40,2,0,0
2026-01-31,1117,구암,하차,0,0,9,47,86,131,180,165,173,178,172,171,179,220,172,179,158,121,87,65,52,2,0,0
2026-01-31,1118,현충원,승차,0,0,16,18,76,143,96,162,160,143,169,140,126,151,129,122,42,49,37,17,6,0,0,0
2026-01-31,1118,현충원,하차,0,0,1,16,30,43,94,86,108,106,68,89,92,82,117,83,63,87,84,71,35,2,0,0
2026-01-31,1119,월드컵경기장,승차,0,0,17,33,66,145,144,167,175,148,167,147,144,152,116,94,75,49,58,34,13,0,0,0
2026-01-31,1119,월드컵경기장,하차,0,0,8,30,46,62,79,84,106,117,98,113,132,142,146,145,94,94,98,91,47,15,0,0
2026-01-31,1120,노은,승차,0,0,26,42,78,171,206,198,230,325,323,228,222,238,234,200,144,128,135,73,52,2,0,0
2026-01-31,1120,노은,하차,0,0,15,26,75,149,214,195,204,210,213,231,249,317,293,310,229,150,156,139,87,12,0,0
2026-01-31,1121,지족,승차,0,0,25,46,63,106,102,115,111,116,133,91,82,120,100,74,35,36,37,36,13,4,0,0
2026-01-31,1121,지족,하차,0,0,8,10,28,61,63,47,63,77,107,87,99,99,127,103,84,84,62,75,44,18,0,0
2026-01-31,1122,반석,승차,0,0,54,82,183,298,388,431,483,453,404,349,351,392,373,265,167,150,159,111,81,2,0,0
2026-01-31,1122,반석,하차,0,0,22,61,116,175,196,164,207,234,306,297,320,409,514,325,278,301,290,263,156,46,0,0
2026-02-01,1101,판암,승차,0,0,58,71,84,151,170,188,248,178,214,237,157,153,131,97,54,63,38,21,17,0,0,0
2026-02-01,1101,판암,하차,0,0,10,24,34,74,76,100,104,122,139,214,188,235,220,140,154,143,123,81,41,19,0,0
2026-02-01,1102,신흥,승차,0,0,26,34,42,99,90,114,102,89,74,106,78,67,59,42,33,40,22,10,4,0,0,0
2026-02-01,1102,신흥,하차,0,0,2,11,17,24,44,38,47,41,48,90,76,100,99,85,90,98,74,73,40,5,0,0
2026-02-01,1103,대동,승차,0,0,37,55,76,113,176,196,160,184,138,147,147,136,139,98,60,44,29,28,21,0,0,0
2026-02-01,1103,대동,하차,0,0,14,20,21,49,67,106,48,108,114,151,133,184,146,141,135,106,112,97,80,5,0,0
2026-02-01,1104,대전,승차,0,0,6,64,129,188,330,621,646,718,786,827,928,1075,879,738,744,865,846,732,283,1,0,0
2026-02-01,1104,대전,하차,0,0,62,169,260,440,530,642,716,695,703,844,641,665,594,503,501,472,267,95,41,4,0,0
2026-02-01,1105,중앙로,승차,0,0,18,28,32,100,126,168,190,338,382,518,566,726,675,712,565,517,368,223,85,0,0,0
2026-02-01,1105,중앙로,하차,0,0,19,36,116,173,326,457,659,783,769,840,641,540,510,419,232,159,83,66,36,5,0,0
2026-02-01,1106,중구청,승차,0,0,17,17,38,53,43,45,56,75,75,86,96,102,66,68,58,39,34,19,9,0,0,0
2026-02-01,1106,중구청,하차,0,0,13,27,13,34,44,60,84,93,104,130,114,108,90,72,48,41,62,46,20,4,0,0
2026-02-01,1107,서대전네거리,승차,0,1,49,47,60,118,145,249,191,274,234,254,247,199,217,151,177,140,92,59,46,0,0,0
2026-02-01,1107,서대전네거리,하차,0,1,16,52,57,116,109,157,133,197,194,284,240,297,329,284,228,170,164,124,86,2,0,0
2026-02-01,1108,오룡,승차,0,0,30,28,58,126,142,158,177,267,158,139,132,156,134,124,130,54,67,32,25,0,0,0
2026-02-01,1108,오룡,하차,0,0,14,34,34,85,98,147,73,90,165,114,142,201,161,163,96,95,106,85,80,0,0,0
2026-02-01,1109,용문,승차,0,1,44,65,79,165,234,281,282,358,473,645,498,434,475,329,247,184,201,93,63,0,0,0
2026-02-01,1109,용문,하차,0,1,13,58,92,174,321,427,598,304,324,355,446,387,411,314,333,219,197,180,137,0,0,0
2026-02-01,1110,탄방,승차,0,0,19,63,60,96,103,142,133,147,210,193,194,169,183,120,101,84,62,48,21,0,0,0
2026-02-01,1110,탄방,하차,0,0,12,38,30,68,115,174,164,177,172,183,158,164,207,144,125,145,117,115,83,0,0,0
2026-02-01,1111,시청,승차,0,3,21,46,48,88,145,134,167,212,298,272,298,347,341,368,309,227,174,189,111,0,0,0
2026-02-01,1111,시청,하차,0,0,18,38,54,134,171,164,244,373,330,327,289,361,302,222,224,147,196,102,75,8,0,0
2026-02-01,1112,정부청사,승차,0,6,15,34,56,73,121,160,130,211,221,233,219,261,249,273,200,171,156,72,44,2,0,0
2026-02-01,1112,정부청사,하차,0,6,20,50,79,106,164,226,237,248,226,309,305,285,284,246,183,140,187,108,46,14,0,0
2026-02-01,1113,갈마,승차,0,0,29,39,50,118,137,152,150,179,153,165,152,162,143,105,77,61,60,23,31,0,0,0
2026-02-01,1113,갈마,하차,0,0,15,13,21,60,64,85,108,107,152,180,182,201,197,147,172,118,124,123,67,14,0,0
2026-02-01,1114,월평,승차,0,0,26,48,84,131,161,148,186,183,169,211,165,163,158,134,95,88,77,52,17,0,0,0
2026-02-01,1114,월평,하차,0,0,10,12,26,51,77,96,122,149,200,199,212,242,220,219,149,162,150,141,120,12,0,0
2026-02-01,1115,갑천,승차,0,0,9,12,19,38,51,61,57,69,51,54,48,54,37,43,22,18,21,11,7,0,0,0
2026-02-01,1115,갑천,하차,0,0,6,12,12,24,34,55,37,37,59,64,52,60,52,50,47,35,52,34,21,2,0,0
2026-02-01,1116,유성온천,승차,0,0,43,101,147,272,386,420,444,501,511,490,553,510,452,374,344,269,248,144,90,1,0,0
2026-02-01,1116,유성온천,하차,0,0,53,69,101,205,277,346,354,398,515,502,533,589,574,535,417,322,439,312,182,18,0,0
2026-02-01,1117,구암,승차,0,0,19,16,49,73,93,145,134,127,165,145,149,166,148,156,163,106,97,57,35,3,0,0
2026-02-01,1117,구암,하차,0,0,4,28,62,64,96,99,93,108,137,134,144,189,178,150,168,140,108,51,42,4,0,0
2026-02-01,1118,현충원,승차,0,0,4,21,30,81,72,93,163,134,163,141,130,117,100,80,46,42,21,13,2,0,0,0
2026-02-01,1118,현충원,하차,0,0,5,8,21,50,93,58,104,57,88,70,81,87,94,82,54,81,70,59,23,3,0,0
2026-02-01,1119,월드컵경기장,승차,0,0,9,12,36,79,123,120,126,125,127,128,108,78,88,96,52,48,35,25,8,0,0,0
2026-02-01,1119,월드컵경기장,하차,0,0,2,18,31,43,76,72,62,78,85,105,111,114,113,92,83,80,83,69,38,13,0,0
2026-02-01,1120,노은,승차,0,0,23,31,52,99,140,137,134,160,181,190,174,187,170,186,116,117,89,79,19,1,0,0
2026-02-01,1120,노은,하차,0,0,5,16,24,50,99,100,115,143,187,207,235,225,236,245,162,151,125,102,68,19,1,0
2026-02-01,1121,지족,승차,0,0,12,19,28,49,65,67,84,93,97,80,66,84,102,59,50,41,54,16,11,0,0,0
2026-02-01,1121,지족,하차,0,0,11,15,18,34,50,57,27,53,66,79,85,100,80,99,108,72,61,59,57,13,0,0
2026-02-01,1122,반석,승차,0,0,40,61,102,183,271,274,308,299,334,297,276,251,226,208,162,150,102,90,55,0,0,0
2026-02-01,1122,반석,하차,0,0,12,42,57,97,162,148,141,157,222,225,286,315,387,271,277,259,209,173,101,26,0,0
2026-02-02,1101,판암,승차,0,0,97,149,483,679,295,207,216,230,285,232,224,227,264,298,89,78,53,35,10,2,0,0
2026-02-02,1101,판암,하차,0,0,11,60,136,295,129,135,172,181,207,198,231,296,334,574,233,168,190,157,59,31,0,0
2026-02-02,1102,신흥,승차,0,0,59,98,382,579,202,84,95,115,126,100,85,83,104,94,33,30,23,14,9,0,0,0
2026-02-02,1102,신흥,하차,0,0,8,26,42,85,49,55,67,87,71,74,113,173,258,421,211,114,112,93,41,4,0,0
2026-02-02,1103,대동,승차,0,0,70,152,429,685,274,181,176,215,214,181,184,254,272,356,133,83,66,31,23,2,0,0
2026-02-02,1103,대동,하차,0,0,17,39,108,341,122,124,130,148,133,205,228,253,318,538,247,173,181,174,115,15,0,0
2026-02-02,1104,대전,승차,0,1,13,127,530,953,579,790,671,856,572,744,803,753,916,970,625,446,389,231,139,8,0,0
2026-02-02,1104,대전,하차,0,0,158,580,876,1044,762,673,664,616,724,683,653,642,596,766,356,235,205,88,38,7,0,0
2026-02-02,1105,중앙로,승차,0,0,22,49,132,310,168,182,220,346,381,504,488,613,745,861,460,383,374,222,99,1,0,0
2026-02-02,1105,중앙로,하차,0,0,31,50,171,761,478,510,567,618,559,578,505,461,451,676,320,193,97,87,43,3,0,0
2026-02-02,1106,중구청,승차,0,0,27,62,149,287,111,98,106,100,113,162,171,197,314,459,122,58,81,37,18,0,0,0
2026-02-02,1106,중구청,하차,0,0,13,42,212,623,191,143,132,128,127,123,131,127,136,239,114,70,79,50,24,4,0,0
2026-02-02,1107,서대전네거리,승차,0,4,113,174,509,942,332,345,345,290,332,331,340,376,447,589,241,141,128,86,58,1,0,0
2026-02-02,1107,서대전네거리,하차,0,0,29,87,246,699,328,217,305,290,293,266,344,425,505,905,394,275,217,176,87,15,0,0
2026-02-02,1108,오룡,승차,0,0,77,130,429,866,269,170,197,227,205,195,166,257,249,653,142,90,54,42,27,0,0,0
2026-02-02,1108,오룡,하차,0,0,16,50,155,692,170,130,128,165,178,147,210,245,337,649,230,177,153,134,76,5,0,0
2026-02-02,1109,용문,승차,0,0,134,246,583,1308,506,407,384,412,422,397,414,485,531,505,236,265,204,97,202,0,0,0
2026-02-02,1109,용문,하차,0,0,34,59,217,690,406,309,324,356,387,463,484,540,656,1255,549,317,301,217,109,0,0,0
2026-02-02,1110,탄방,승차,0,0,58,128,278,578,233,216,273,218,218,256,317,286,521,893,228,164,174,164,33,0,0,0
2026-02-02,1110,탄방,하차,0,0,36,114,379,1243,455,238,212,224,280,232,260,275,314,624,255,167,125,75,70,0,0,0
2026-02-02,1111,시청,승차,0,0,47,120,285,459,259,265,390,385,409,434,536,649,888,1539,501,538,466,553,167,0,0,0
2026-02-02,1111,시청,하차,0,0,68,165,594,2083,947,520,456,466,496,521,492,473,572,792,300,203,138,127,69,7,0,0
2026-02-02,1112,정부청사,승차,0,0,32,91,207,385,240,248,309,350,287,329,468,550,963,1880,455,309,274,154,56,0,0,0
2026-02-02,1112,정부청사,하차,0,0,82,207,690,2818,790,351,270,348,328,345,317,321,398,520,242,154,116,89,50,15,0,0
2026-02-02,1113,갈마,승차,0,0,72,141,308,552,225,152,156,158,154,158,143,158,176,191,104,60,96,44,26,1,0,0
2026-02-02,1113,갈마,하차,0,0,21,31,66,162,131,101,128,164,163,176,169,213,279,477,249,155,161,131,78,16,0,0
2026-02-02,1114,월평,승차,0,0,72,123,262,544,285,137,152,170,191,208,188,211,241,342,132,96,116,71,40,1,0,0
2026-02-02,1114,월평,하차,0,0,15,23,118,313,149,158,166,213,179,201,225,233,345,542,229,158,153,132,96,5,0,0
2026-02-02,1115,갑천,승차,0,0,14,32,96,218,72,51,37,39,57,38,35,49,78,97,37,20,24,10,6,0,0,0
2026-02-02,1115,갑천,하차,0,0,9,12,36,91,29,45,37,54,48,42,45,59,97,161,63,48,48,25,21,1,0,0
2026-02-02,1116,유성온천,승차,0,0,110,243,658,1410,552,411,477,528,512,510,591,576,694,857,372,345,289,162,97,3,0,0
2026-02-02,1116,유성온천,하차,0,0,64,135,341,904,534,426,497,499,502,554,575,596,857,1453,555,423,443,373,199,15,0,0
2026-02-02,1117,구암,승차,0,0,46,81,195,416,204,127,181,167,158,171,194,188,186,276,95,76,65,40,26,0,0,0
2026-02-02,1117,구암,하차,0,0,13,64,146,244,148,154,136,188,169,158,193,177,253,332,147,109,108,63,44,11,0,0
2026-02-02,1118,현충원,승차,0,0,22,42,143,342,99,80,86,140,112,126,110,89,143,223,50,39,33,11,5,0,0,0
2026-02-02,1118,현충원,하차,0,0,5,25,88,158,120,87,79,90,67,55,89,100,131,206,68,50,55,65,23,5,0,0
2026-02-02,1119,월드컵경기장,승차,0,0,36,82,204,542,203,121,128,153,166,150,184,159,155,278,98,79,41,29,10,1,0,0
2026-02-02,1119,월드컵경기장,하차,0,0,9,39,114,237,138,100,96,126,86,104,127,162,213,372,165,126,105,86,44,15,0,0
2026-02-02,1120,노은,승차,0,0,48,91,326,498,252,190,243,248,232,231,248,271,322,407,214,174,147,116,49,2,0,0
2026-02-02,1120,노은,하차,0,0,22,32,143,367,284,218,228,209,250,263,313,325,335,650,289,175,175,153,78,11,0,0
2026-02-02,1121,지족,승차,0,0,33,61,151,243,123,92,102,113,119,121,116,125,165,396,125,90,82,43,15,3,0,0
2026-02-02,1121,지족,하차,0,0,12,31,111,575,175,68,75,92,97,94,111,125,157,239,116,80,95,60,46,17,0,0
2026-02-02,1122,반석,승차,0,0,73,166,864,1293,535,331,304,320,323,345,323,342,484,756,297,249,250,189,115,1,0,0
2026-02-02,1122,반석,하차,0,0,44,151,368,622,261,174,226,274,279,281,353,465,624,1176,440,321,317,285,113,14,0,0
2026-02-03,1101,판암,승차,0,0,89,150,439,686,319,234,237,264,288,201,195,229,248,290,93,90,69,34,16,0,0,0
2026-02-03,1101,판암,하차,0,0,13,47,128,281,129,145,169,177,210,238,271,329,338,571,262,172,156,164,49,26,0,0
2026-02-03,1102,신흥,승차,0,0,63,84,365,540,183,106,95,129,139,68,81,105,120,98,42,30,28,9,6,0,0,0
2026-02-03,1102,신흥,하차,0,0,7,17,46,88,38,41,62,99,84,90,139,191,210,428,198,126,92,134,51,4,0,0
2026-02-03,1103,대동,승차,0,5,80,125,389,621,298,197,182,181,246,180,163,220,298,292,124,123,55,40,21,0,0,0
2026-02-03,1103,대동,하차,0,5,16,36,108,320,97,99,134,162,176,159,215,273,315,520,224,176,196,166,98,20,0,0
2026-02-03,1104,대전,승차,0,0,13,97,359,691,538,729,741,783,698,761,839,822,913,961,608,449,369,314,119,1,0,0
2026-02-03,1104,대전,하차,0,0,119,345,719,967,747,723,843,642,721,719,772,728,725,726,419,304,240,101,34,1,0,0
2026-02-03,1105,중앙로,승차,0,0,29,54,125,261,175,170,235,322,436,433,470,663,761,809,481,456,419,193,137,1,0,0
2026-02-03,1105,중앙로,하차,0,0,33,50,154,774,437,441,567,551,580,507,482,495,545,727,284,187,127,65,57,4,0,0
2026-02-03,1106,중구청,승차,0,0,23,52,146,262,101,96,114,121,152,146,186,259,327,393,101,83,83,54,15,0,0,0
2026-02-03,1106,중구청,하차,0,0,14,45,201,604,200,135,112,112,167,140,144,128,156,221,101,84,66,51,28,7,0,0
2026-02-03,1107,서대전네거리,승차,0,2,101,138,460,882,345,324,303,306,320,319,380,378,434,529,212,164,121,102,59,0,0,0
2026-02-03,1107,서대전네거리,하차,0,0,33,88,244,659,301,234,313,335,356,286,309,412,483,877,423,242,226,227,77,12,0,0
2026-02-03,1108,오룡,승차,0,0,74,107,368,816,290,202,218,196,242,195,202,262,317,656,150,103,52,41,24,0,0,0
2026-02-03,1108,오룡,하차,0,0,16,47,150,624,191,132,149,165,217,182,225,243,327,617,208,166,156,128,97,1,0,0
2026-02-03,1109,용문,승차,0,1,123,187,561,1222,414,359,383,428,516,437,418,535,493,491,253,220,244,103,153,0,0,0
2026-02-03,1109,용문,하차,0,0,28,58,202,529,428,350,336,405,441,418,467,501,654,1232,488,339,312,208,104,0,0,0
2026-02-03,1110,탄방,승차,0,0,43,99,262,527,199,228,266,227,211,276,316,285,505,866,240,178,195,187,37,0,0,0
2026-02-03,1110,탄방,하차,0,0,32,104,319,1173,424,243,201,225,372,227,272,250,342,590,232,157,155,98,72,1,0,0
2026-02-03,1111,시청,승차,0,0,41,92,238,410,259,282,397,395,440,464,505,706,913,1559,495,524,523,556,174,0,0,0
2026-02-03,1111,시청,하차,0,0,60,143,533,1978,900,499,416,406,557,548,436,502,659,799,301,236,160,118,63,14,0,0
2026-02-03,1112,정부청사,승차,0,0,27,65,195,354,217,261,289,321,290,330,444,630,923,1774,439,316,272,172,59,6,0,0
2026-02-03,1112,정부청사,하차,0,0,83,189,599,2530,614,332,295,342,382,342,325,342,370,506,202,172,163,95,42,14,0,0
2026-02-03,1113,갈마,승차,0,0,59,121,288,548,192,170,145,156,184,158,123,162,164,190,106,68,71,44,29,1,0,0
2026-02-03,1113,갈마,하차,0,0,24,35,61,151,98,106,117,140,158,167,158,238,281,466,198,174,158,150,97,17,0,0
2026-02-03,1114,월평,승차,0,0,57,92,248,515,220,167,159,190,226,207,235,244,260,348,133,105,99,75,23,2,0,0
2026-02-03,1114,월평,하차,0,0,20,25,103,289,160,132,186,190,218,211,216,239,279,504,229,165,182,124,96,6,0,0
2026-02-03,1115,갑천,승차,0,0,15,26,89,206,72,45,49,64,48,60,51,52,74,75,36,21,34,9,4,1,0,0
2026-02-03,1115,갑천,하차,0,0,3,13,34,84,41,42,31,63,38,60,62,80,94,152,74,51,55,34,25,6,0,0
2026-02-03,1116,유성온천,승차,0,0,89,189,614,1373,560,433,451,520,563,541,562,596,764,869,395,332,310,184,104,3,0,0
2026-02-03,1116,유성온천,하차,0,0,61,136,276,842,524,412,516,471,518,554,496,693,837,1439,589,421,434,367,230,28,0,0
2026-02-03,1117,구암,승차,0,0,33,64,194,410,164,120,154,168,191,202,181,198,196,245,116,85,91,36,22,1,0,0
2026-02-03,1117,구암,하차,0,0,9,45,125,240,151,154,166,147,155,158,181,218,297,322,125,112,109,61,33,9,0,0
2026-02-03,1118,현충원,승차,0,0,16,41,126,345,128,105,103,114,147,136,123,109,142,228,50,56,44,19,3,0,0,0
2026-02-03,1118,현충원,하차,0,0,5,29,80,157,88,65,116,88,73,70,85,112,118,204,76,81,71,65,18,6,0,0
2026-02-03,1119,월드컵경기장,승차,0,0,24,72,215,534,208,156,130,112,179,168,178,195,194,241,88,59,66,23,8,1,0,0
2026-02-03,1119,월드컵경기장,하차,0,0,9,41,115,236,134,84,107,123,123,112,137,202,196,364,150,119,128,96,61,18,0,0
2026-02-03,1120,노은,승차,0,0,39,80,283,481,230,201,250,251,249,202,245,276,340,399,223,164,156,144,62,1,0,0
2026-02-03,1120,노은,하차,0,0,18,32,141,355,270,218,183,225,239,293,318,375,391,619,308,167,201,156,60,14,0,0
2026-02-03,1121,지족,승차,0,0,31,43,167,234,143,100,100,92,114,85,140,137,186,404,110,98,68,63,25,0,0,0
2026-02-03,1121,지족,하차,0,0,15,32,133,564,146,61,85,85,109,88,95,129,148,209,100,85,90,81,59,10,0,0
2026-02-03,1122,반석,승차,0,0,73,163,832,1225,497,342,337,335,363,339,320,409,526,732,321,263,246,183,102,0,0,0
2026-02-03,1122,반석,하차,0,0,28,146,350,621,213,176,231,275,314,301,315,502,745,1156,403,314,339,349,97,17,0,0
2026-02-04,1101,판암,승차,0,2,93,139,465,697,338,215,245,275,291,250,216,222,257,318,118,95,60,35,10,0,0,0
2026-02-04,1101,판암,하차,0,0,12,59,123,266,140,132,184,177,196,218,276,335,351,554,216,200,197,174,54,28,0,0
2026-02-04,1102,신흥,승차,0,0,58,87,341,538,207,127,109,107,126,120,90,93,123,140,59,32,32,13,3,0,0,0
2026-02-04,1102,신흥,하차,0,0,10,24,33,95,38,36,74,62,99,101,127,183,223,438,178,126,144,115,50,6,0,0
2026-02-04,1103,대동,승차,0,0,79,136,407,673,262,206,205,209,251,199,169,202,289,325,138,82,74,62,13,0,0,0
2026-02-04,1103,대동,하차,0,0,28,27,111,317,135,135,122,132,183,215,201,257,323,530,235,152,203,169,107,17,0,0
2026-02-04,1104,대전,승차,0,0,17,103,408,593,639,676,667,677,734,751,771,867,998,961,656,428,392,311,162,6,0,0
2026-02-04,1104,대전,하차,0,0,115,325,757,965,707,653,770,612,781,785,775,814,682,759,408,308,244,85,51,7,0,0
2026-02-04,1105,중앙로,승차,0,0,30,43,129,308,147,159,249,319,394,435,503,633,721,890,443,457,407,223,121,4,0,0
2026-02-04,1105,중앙로,하차,0,0,29,50,153,784,402,473,520,532,523,615,531,488,534,728,316,163,126,83,47,8,0,0
2026-02-04,1106,중구청,승차,0,0,25,46,138,279,94,88,111,141,146,183,199,199,305,376,82,88,58,46,26,0,0,0
2026-02-04,1106,중구청,하차,0,0,10,44,189,617,206,154,115,118,172,137,127,140,154,238,95,60,55,55,40,3,0,0
2026-02-04,1107,서대전네거리,승차,0,4,105,155,449,891,336,298,298,351,371,338,370,412,435,556,221,211,150,124,93,1,0,0
2026-02-04,1107,서대전네거리,하차,0,0,41,70,236,649,303,250,307,316,321,331,337,415,566,941,388,245,252,244,124,7,0,0
2026-02-04,1108,오룡,승차,0,0,80,109,368,808,236,190,210,221,237,204,176,255,333,685,167,83,63,53,26,0,0,0
2026-02-04,1108,오룡,하차,0,0,16,53,144,630,231,138,140,133,173,207,198,222,326,615,209,183,193,141,81,8,0,0
2026-02-04,1109,용문,승차,0,0,118,197,509,1256,450,360,372,415,660,654,487,508,585,494,253,248,451,206,146,0,0,0
2026-02-04,1109,용문,하차,0,0,26,63,186,581,509,371,605,389,451,421,477,545,672,1395,749,356,294,218,102,0,0,0
2026-02-04,1110,탄방,승차,0,0,38,97,266,531,223,198,314,197,212,266,309,317,486,806,207,156,203,207,34,0,0,0
2026-02-04,1110,탄방,하차,0,0,32,101,312,1158,406,218,199,257,393,238,216,273,349,591,249,173,170,124,83,0,0,0
2026-02-04,1111,시청,승차,0,0,40,83,240,408,260,274,352,381,442,426,524,662,987,1587,530,498,503,551,165,0,0,0
2026-02-04,1111,시청,하차,0,0,62,148,521,1945,891,467,419,424,562,542,441,487,593,814,326,184,206,138,88,6,0,0
2026-02-04,1112,정부청사,승차,0,0,31,66,209,345,242,235,306,301,324,378,527,686,946,1807,481,317,257,169,55,2,0,0
2026-02-04,1112,정부청사,하차,0,0,93,197,628,2490,671,344,347,388,428,356,369,356,383,464,253,171,149,128,57,12,0,0
2026-02-04,1113,갈마,승차,0,0,53,109,292,527,231,175,165,162,202,154,150,178,186,209,130,93,64,43,30,4,0,0
2026-02-04,1113,갈마,하차,0,0,23,32,44,140,100,105,139,150,187,202,238,225,323,448,227,139,159,145,101,13,0,0
2026-02-04,1114,월평,승차,0,0,54,100,255,530,270,187,197,188,230,205,210,215,252,336,147,94,96,70,28,2,0,0
2026-02-04,1114,월평,하차,0,0,18,32,101,260,126,126,170,179,211,219,246,275,285,563,217,175,181,150,98,8,0,0
2026-02-04,1115,갑천,승차,0,0,16,29,97,214,77,54,54,58,67,37,60,34,81,96,39,43,12,13,12,0,0,0
2026-02-04,1115,갑천,하차,0,0,6,18,36,107,43,41,51,54,56,64,56,58,87,175,80,58,58,39,19,2,0,0
2026-02-04,1116,유성온천,승차,0,1,86,220,589,1377,519,419,458,515,554,567,574,613,733,876,449,392,322,227,144,4,0,0
2026-02-04,1116,유성온천,하차,0,0,64,132,307,824,516,401,430,481,487,639,543,624,907,1529,585,448,440,363,233,14,0,0
2026-02-04,1117,구암,승차,0,0,43,66,187,409,176,209,299,302,294,319,283,312,240,237,135,84,85,45,27,8,0,0
2026-02-04,1117,구암,하차,0,0,11,55,131,265,219,321,259,297,310,285,264,240,261,357,157,116,134,83,39,3,0,0
2026-02-04,1118,현충원,승차,0,0,15,33,143,324,111,114,109,134,198,152,146,128,146,199,70,43,34,9,5,4,0,0
2026-02-04,1118,현충원,하차,0,0,4,44,71,163,128,90,112,80,70,77,81,88,121,225,71,63,79,72,26,12,0,0
2026-02-04,1119,월드컵경기장,승차,0,0,20,70,250,480,185,142,173,133,178,136,159,139,204,268,92,101,59,22,7,0,0,0
2026-02-04,1119,월드컵경기장,하차,0,0,8,35,105,233,144,93,102,96,111,128,149,189,226,369,176,112,121,108,53,15,0,0
2026-02-04,1120,노은,승차,0,0,39,79,301,495,261,239,276,214,264,222,282,288,333,420,199,187,204,154,66,3,0,0
2026-02-04,1120,노은,하차,0,0,15,30,154,360,264,174,212,252,281,304,326,400,406,638,294,174,192,153,91,17,0,0
2026-02-04,1121,지족,승차,0,0,29,57,163,254,130,121,144,118,148,113,140,128,195,429,123,89,77,33,25,0,0,0
2026-02-04,1121,지족,하차,0,0,13,32,111,541,176,91,77,98,97,112,132,124,161,239,110,87,94,90,68,18,0,0
2026-02-04,1122,반석,승차,0,0,66,157,803,1251,534,394,307,361,378,334,330,402,518,850,313,247,243,192,85,0,0,0
2026-02-04,1122,반석,하차,0,0,36,149,325,656,241,168,227,268,342,351,384,486,748,1103,405,324,395,308,136,25,0,0
2026-02-05,1101,판암,승차,0,0,102,154,473,648,364,251,241,248,292,242,217,215,248,269,121,90,75,34,22,0,0,0
2026-02-05,1101,판암,하차,0,0,14,47,126,248,119,151,186,192,208,202,245,284,335,557,220,174,238,202,57,23,0,0
2026-02-05,1102,신흥,승차,0,0,60,74,347,533,196,116,98,103,114,113,99,92,118,126,51,41,31,10,3,0,0,0
2026-02-05,1102,신흥,하차,0,0,10,21,40,97,41,33,85,88,76,100,118,179,253,359,170,144,145,116,55,12,0,0
2026-02-05,1103,대동,승차,0,0,65,137,400,613,268,188,184,181,242,204,168,221,282,310,136,97,61,53,34,6,0,0
2026-02-05,1103,대동,하차,0,0,20,37,99,260,118,114,140,138,148,159,233,240,334,456,242,197,193,181,122,29,0,0
2026-02-05,1104,대전,승차,0,0,13,108,464,678,580,800,654,850,725,798,849,860,963,1006,677,482,441,383,166,0,0,0
2026-02-05,1104,대전,하차,0,0,107,360,779,1004,783,741,806,708,794,751,809,877,828,807,435,343,239,99,48,4,0,0
2026-02-05,1105,중앙로,승차,0,0,35,53,135,256,158,152,275,344,425,535,557,646,784,925,493,486,441,218,127,0,0,0
2026-02-05,1105,중앙로,하차,0,0,34,59,177,832,464,507,557,573,631,587,566,512,521,772,354,198,127,76,40,2,0,0
2026-02-05,1106,중구청,승차,0,0,18,60,136,277,119,84,109,133,126,128,181,251,305,389,97,73,71,53,24,0,0,0
2026-02-05,1106,중구청,하차,0,0,19,51,190,615,199,141,128,97,144,155,137,126,144,235,111,72,70,52,45,3,0,0
2026-02-05,1107,서대전네거리,승차,0,0,98,153,436,868,336,335,361,326,316,353,402,401,475,508,216,173,171,118,53,0,0,0
2026-02-05,1107,서대전네거리,하차,0,0,35,78,210,656,292,290,293,316,368,317,383,351,573,860,368,277,249,249,116,13,0,0
2026-02-05,1108,오룡,승차,0,0,66,120,375,808,286,184,188,230,221,193,171,287,295,677,168,112,56,40,27,0,0,0
2026-02-05,1108,오룡,하차,0,0,20,58,172,615,211,110,161,178,162,198,205,248,340,594,226,154,181,152,67,3,0,0
2026-02-05,1109,용문,승차,0,0,117,191,518,1188,410,331,372,467,439,386,416,504,552,484,241,235,381,163,186,0,0,0
2026-02-05,1109,용문,하차,0,0,25,58,207,514,386,348,340,335,420,419,437,511,697,1203,707,329,390,254,138,0,0,0
2026-02-05,1110,탄방,승차,0,0,56,112,272,522,203,202,323,217,231,273,285,315,489,826,245,178,217,222,38,0,0,0
2026-02-05,1110,탄방,하차,0,0,33,92,303,1130,427,228,168,238,380,275,280,266,364,620,265,157,166,118,71,0,0,0
2026-02-05,1111,시청,승차,0,1,39,93,253,391,266,260,377,346,423,425,483,706,899,1441,531,534,541,587,211,0,0,0
2026-02-05,1111,시청,하차,0,0,64,168,518,1858,889,428,399,434,560,472,429,542,673,838,342,212,154,127,100,3,0,0
2026-02-05,1112,정부청사,승차,0,1,28,71,180,355,215,280,293,292,323,391,478,598,1019,1736,439,335,283,163,80,0,0,0
2026-02-05,1112,정부청사,하차,0,0,84,176,612,2504,635,374,316,342,370,364,330,311,395,482,241,165,164,125,55,21,0,0
2026-02-05,1113,갈마,승차,0,0,52,136,241,550,222,163,159,165,198,147,149,176,231,179,147,90,61,47,40,1,0,0
2026-02-05,1113,갈마,하차,0,0,23,34,50,149,97,100,120,184,149,197,171,241,295,481,206,158,157,165,104,13,0,0
2026-02-05,1114,월평,승차,0,0,60,105,247,538,236,162,172,182,215,190,264,236,245,337,145,108,129,71,33,0,0,0
2026-02-05,1114,월평,하차,0,0,19,23,98,288,155,110,170,190,230,214,215,282,306,527,225,162,150,165,102,9,0,0
2026-02-05,1115,갑천,승차,0,0,19,35,83,218,83,58,48,45,55,41,46,68,77,108,42,21,28,15,10,0,0,0
2026-02-05,1115,갑천,하차,0,0,6,16,41,104,31,30,42,56,48,53,70,69,92,150,73,46,44,48,18,1,0,0
2026-02-05,1116,유성온천,승차,0,1,95,205,551,1390,571,432,467,557,593,563,584,646,728,814,451,364,351,200,127,4,0,0
2026-02-05,1116,유성온천,하차,0,0,73,135,314,818,473,463,512,457,529,549,592,599,970,1460,614,440,495,411,247,20,0,0
2026-02-05,1117,구암,승차,0,0,29,58,190,395,180,145,180,191,159,178,194,173,206,279,103,93,64,42,21,2,0,0
2026-02-05,1117,구암,하차,0,0,10,43,124,223,165,163,149,151,161,175,205,160,249,314,146,129,107,94,40,12,0,0
2026-02-05,1118,현충원,승차,0,0,15,36,132,325,124,116,93,112,172,150,132,141,164,220,67,60,45,15,3,0,0,0
2026-02-05,1118,현충원,하차,0,0,6,35,66,137,101,96,120,108,69,60,86,95,115,193,68,74,100,59,29,11,0,0
2026-02-05,1119,월드컵경기장,승차,0,0,18,72,248,483,200,158,154,139,177,139,149,152,161,261,104,67,65,37,12,3,0,0
2026-02-05,1119,월드컵경기장,하차,0,0,10,44,114,230,115,82,86,124,118,102,149,197,191,348,146,103,139,107,66,20,0,0
2026-02-05,1120,노은,승차,0,0,47,73,301,497,227,175,232,279,205,209,275,276,355,375,223,174,192,154,48,3,0,0
2026-02-05,1120,노은,하차,0,0,20,37,134,349,248,203,200,272,302,265,313,360,431,590,296,194,188,151,92,13,0,0
2026-02-05,1121,지족,승차,0,0,29,40,158,246,124,98,119,114,142,102,147,133,206,384,125,82,84,58,23,0,0,0
2026-02-05,1121,지족,하차,0,0,12,30,120,538,155,90,91,101,101,103,105,131,155,227,100,90,88,104,62,12,0,0
2026-02-05,1122,반석,승차,0,0,72,166,784,1164,494,340,326,366,385,313,332,407,576,750,343,262,229,205,124,0,0,0
2026-02-05,1122,반석,하차,0,0,35,136,338,647,246,179,227,258,270,300,367,498,670,1053,387,327,367,363,128,35,0,0
2026-02-06,1101,판암,승차,0,0,93,133,426,655,321,262,252,270,306,256,241,256,316,337,122,106,56,39,13,0,0,0
2026-02-06,1101,판암,하차,0,0,10,50,123,273,119,153,201,202,182,220,300,335,351,531,265,183,199,195,69,39,0,0
2026-02-06,1102,신흥,승차,0,0,63,80,339,532,200,131,95,116,125,114,109,92,139,157,62,46,29,15,4,0,0,0
2026-02-06,1102,신흥,하차,0,0,10,23,36,101,45,49,84,91,79,68,129,162,226,376,198,127,99,139,72,8,0,0
2026-02-06,1103,대동,승차,0,0,69,139,404,589,291,225,182,174,254,202,183,237,328,332,141,107,82,52,30,1,0,0
2026-02-06,1103,대동,하차,0,0,20,40,96,283,120,136,150,126,166,182,234,257,338,504,227,209,153,177,126,11,0,0
2026-02-06,1104,대전,승차,0,0,15,88,407,598,528,707,644,750,684,877,1044,1158,1150,1275,978,673,671,448,175,9,0,0
2026-02-06,1104,대전,하차,0,0,98,299,715,987,748,720,872,721,800,883,899,1127,1145,1373,757,521,341,133,78,10,0,0
2026-02-06,1105,중앙로,승차,0,0,25,46,139,308,238,200,290,315,400,444,613,661,820,941,612,531,478,304,169,0,0,0
2026-02-06,1105,중앙로,하차,0,0,27,57,190,775,427,510,598,571,577,633,542,563,746,956,499,264,175,112,58,10,0,0
2026-02-06,1106,중구청,승차,0,0,25,47,143,269,136,103,100,113,147,180,194,212,276,417,104,122,49,33,30,0,0,0
2026-02-06,1106,중구청,하차,0,0,6,48,185,564,175,125,131,139,167,150,107,171,161,298,110,70,68,50,46,5,0,0
2026-02-06,1107,서대전네거리,승차,0,6,86,137,468,849,339,315,319,305,371,360,385,377,565,611,283,222,157,122,78,1,0,0
2026-02-06,1107,서대전네거리,하차,0,0,29,79,188,602,314,281,281,327,302,338,384,437,571,1051,463,263,269,222,124,9,0,0
2026-02-06,1108,오룡,승차,0,0,68,100,379,795,266,200,201,208,228,212,214,273,393,726,203,102,75,62,23,0,0,0
2026-02-06,1108,오룡,하차,0,0,18,45,148,625,204,136,147,176,205,209,247,257,379,604,221,183,152,141,80,3,0,0
2026-02-06,1109,용문,승차,0,0,108,189,530,1189,433,356,420,416,459,377,464,514,542,581,310,299,265,131,137,0,0,0
2026-02-06,1109,용문,하차,0,0,24,63,199,556,414,375,365,382,422,406,502,604,737,1306,584,374,368,231,136,0,0,0
2026-02-06,1110,탄방,승차,0,5,43,97,253,506,192,212,268,236,249,266,351,349,598,814,282,151,190,217,47,0,0,0
2026-02-06,1110,탄방,하차,0,5,31,103,316,1082,395,216,188,202,374,247,279,335,452,557,264,202,149,111,106,0,0,0
2026-02-06,1111,시청,승차,0,0,38,92,240,407,234,328,446,432,436,461,577,765,1096,1570,487,481,471,561,238,0,0,0
2026-02-06,1111,시청,하차,0,0,62,155,529,1919,1037,511,440,427,491,570,498,579,659,936,403,278,196,129,99,9,0,0
2026-02-06,1112,정부청사,승차,0,1,29,60,206,337,245,267,287,289,390,417,569,765,1160,1874,449,308,236,155,64,0,0,0
2026-02-06,1112,정부청사,하차,0,0,84,189,607,2343,579,321,288,363,370,360,400,353,494,555,245,187,176,115,54,14,0,0
2026-02-06,1113,갈마,승차,0,0,58,112,273,470,228,179,143,163,180,160,169,201,202,241,105,95,81,59,47,0,0,0
2026-02-06,1113,갈마,하차,0,0,18,30,45,137,114,105,124,147,132,142,229,239,365,505,247,194,165,140,114,7,0,0
2026-02-06,1114,월평,승차,0,0,61,97,224,507,237,161,160,167,239,230,231,292,269,429,179,155,128,81,48,3,0,0
2026-02-06,1114,월평,하차,0,0,19,22,90,256,152,109,171,204,228,218,245,252,327,533,261,225,171,144,118,6,0,0
2026-02-06,1115,갑천,승차,0,0,12,25,92,215,62,55,41,52,58,58,45,47,117,115,47,25,35,10,7,0,0,0
2026-02-06,1115,갑천,하차,0,0,7,18,35,98,28,38,43,46,36,61,51,76,110,125,72,54,58,33,30,3,0,0
2026-02-06,1116,유성온천,승차,0,2,67,220,582,1369,526,465,495,519,599,584,581,781,873,981,494,433,330,249,172,11,0,0
2026-02-06,1116,유성온천,하차,0,0,57,140,315,829,539,443,485,491,529,555,539,759,1072,1676,728,521,548,423,263,19,0,0
2026-02-06,1117,구암,승차,0,1,37,55,199,392,200,170,139,150,177,206,206,226,262,283,213,133,125,50,23,4,0,0
2026-02-06,1117,구암,하차,0,0,15,48,116,226,183,177,160,165,179,175,218,253,302,405,148,122,126,78,39,5,0,0
2026-02-06,1118,현충원,승차,0,0,16,32,120,317,119,100,125,126,170,114,144,155,168,219,86,80,45,22,2,5,0,0
2026-02-06,1118,현충원,하차,0,0,4,36,58,127,104,71,102,84,83,51,83,103,162,252,80,82,90,81,33,13,0,0
2026-02-06,1119,월드컵경기장,승차,0,0,24,63,240,475,206,175,142,145,165,182,169,173,240,287,118,87,68,48,10,0,0,0
2026-02-06,1119,월드컵경기장,하차,0,0,10,33,120,232,122,84,110,118,134,119,125,193,238,362,202,111,116,105,68,24,0,0
2026-02-06,1120,노은,승차,0,0,40,74,247,506,217,216,286,250,223,221,290,290,424,458,225,180,203,127,65,3,0,0
2026-02-06,1120,노은,하차,0,0,17,34,143,343,261,202,210,221,277,300,323,395,458,661,318,210,225,171,92,22,0,0
2026-02-06,1121,지족,승차,0,0,35,39,160,246,120,101,90,127,132,142,147,190,219,436,99,59,43,32,14,3,0,0
2026-02-06,1121,지족,하차,0,0,16,24,115,535,140,68,62,95,102,94,102,125,170,212,123,88,103,109,56,19,0,0
2026-02-06,1122,반석,승차,0,0,70,171,789,1149,501,360,333,365,332,343,401,502,653,861,375,280,207,196,102,0,0,0
2026-02-06,1122,반석,하차,0,0,37,129,335,601,240,212,214,270,264,337,415,549,731,1091,406,334,341,376,172,39,0,0
2026-02-07,1101,판암,승차,0,0,66,95,153,280,289,272,290,256,268,215,207,219,222,166,107,70,62,33,20,0,0,0
2026-02-07,1101,판암,하차,0,0,11,25,59,114,116,109,181,177,194,175,223,254,311,184,157,157,184,142,65,22,0,0
2026-02-07,1102,신흥,승차,0,0,47,55,105,166,158,141,143,139,110,105,104,116,112,83,48,33,15,15,5,0,0,0
2026-02-07,1102,신흥,하차,0,0,3,11,34,43,40,37,65,101,93,113,104,142,144,112,112,120,86,94,45,8,0,0
2026-02-07,1103,대동,승차,0,13,48,75,150,197,267,185,221,253,239,172,189,203,217,160,86,84,57,37,18,2,0,0
2026-02-07,1103,대동,하차,0,13,17,26,58,111,97,107,133,159,172,156,182,215,205,228,168,128,135,151,97,17,0,0
2026-02-07,1104,대전,승차,0,0,11,79,240,532,597,891,1001,1109,977,1276,1223,1249,1063,784,650,695,556,537,290,0,0,0
2026-02-07,1104,대전,하차,0,0,117,276,458,646,864,952,1171,959,1090,994,986,1076,874,816,613,545,328,132,54,2,0,0
2026-02-07,1105,중앙로,승차,0,0,25,33,54,148,157,221,295,408,546,611,810,936,1036,1017,898,776,649,344,170,3,0,0
2026-02-07,1105,중앙로,하차,0,0,29,60,133,318,447,576,863,1085,1082,1120,1007,949,998,718,459,261,144,70,54,8,0,0
2026-02-07,1106,중구청,승차,0,0,14,26,45,82,78,91,109,117,126,143,161,156,146,102,76,63,45,30,16,0,0,0
2026-02-07,1106,중구청,하차,0,0,8,27,28,76,106,85,102,162,161,194,134,142,168,114,75,43,49,45,25,5,0,0
2026-02-07,1107,서대전네거리,승차,0,0,53,80,164,250,273,291,352,405,390,332,369,313,317,254,209,172,116,107,64,0,0,0
2026-02-07,1107,서대전네거리,하차,0,0,21,48,96,190,229,240,271,341,337,273,325,399,459,444,252,169,218,167,112,7,0,0
2026-02-07,1108,오룡,승차,0,0,43,56,115,217,217,230,361,274,207,191,196,217,198,154,133,93,54,30,28,0,0,0
2026-02-07,1108,오룡,하차,0,0,15,41,55,172,149,142,162,144,214,173,193,222,175,198,124,119,92,116,83,0,0,0
2026-02-07,1109,용문,승차,0,0,69,86,176,299,354,423,444,496,553,492,524,511,525,452,264,230,157,115,75,0,0,0
2026-02-07,1109,용문,하차,0,0,20,60,143,310,361,342,377,408,489,530,514,544,521,431,309,304,211,204,137,0,0,0
2026-02-07,1110,탄방,승차,0,0,38,65,115,164,152,184,241,292,298,319,324,333,391,300,172,116,129,101,25,0,0,0
2026-02-07,1110,탄방,하차,0,0,16,63,98,228,284,281,314,330,350,316,273,383,327,201,156,134,150,88,80,0,0,0
2026-02-07,1111,시청,승차,0,0,24,59,95,161,244,259,326,527,481,448,457,529,528,491,387,312,292,276,155,0,0,0
2026-02-07,1111,시청,하차,0,0,33,58,153,343,476,438,452,586,474,368,386,409,461,340,258,193,200,111,64,17,0,0
2026-02-07,1112,정부청사,승차,0,1,15,49,78,143,175,232,288,305,341,339,371,387,421,362,257,224,170,87,43,0,0,0
2026-02-07,1112,정부청사,하차,0,0,31,87,111,261,331,346,343,412,320,416,407,423,327,299,193,174,170,103,53,17,0,0
2026-02-07,1113,갈마,승차,0,0,46,67,112,161,213,183,215,213,209,188,194,200,255,159,83,59,64,41,34,0,0,0
2026-02-07,1113,갈마,하차,0,0,20,21,51,90,95,117,160,194,190,201,231,218,274,223,176,168,137,132,87,13,0,0
2026-02-07,1114,월평,승차,0,0,53,67,110,174,204,203,244,229,249,195,226,243,191,203,125,120,79,75,36,2,0,0
2026-02-07,1114,월평,하차,0,0,9,13,33,79,109,139,171,188,222,210,216,246,265,238,216,162,165,137,133,14,0,0
2026-02-07,1115,갑천,승차,0,0,19,19,35,69,72,62,54,93,76,86,80,73,77,66,31,24,24,7,10,0,0,0
2026-02-07,1115,갑천,하차,0,0,8,22,22,44,43,44,73,81,73,77,71,71,62,54,40,43,45,40,30,2,0,0
2026-02-07,1116,유성온천,승차,0,0,88,114,230,395,478,545,597,686,636,664,675,664,641,474,357,360,287,229,146,6,0,0
2026-02-07,1116,유성온천,하차,0,0,47,103,162,383,445,387,584,605,584,661,617,773,795,798,609,433,415,343,221,27,0,0
2026-02-07,1117,구암,승차,0,0,33,38,92,153,140,196,237,254,188,194,200,229,180,183,144,124,115,47,49,1,0,0
2026-02-07,1117,구암,하차,0,0,13,42,84,137,194,176,200,248,185,197,202,193,226,145,145,129,107,62,38,8,0,0
2026-02-07,1118,현충원,승차,0,0,12,23,57,225,136,155,131,153,159,169,138,166,121,79,49,47,27,9,3,0,0,0
2026-02-07,1118,현충원,하차,0,0,3,15,24,50,76,124,142,133,124,65,86,94,117,87,70,77,86,65,29,5,0,0
2026-02-07,1119,월드컵경기장,승차,0,0,18,42,86,135,173,172,159,171,166,156,156,148,144,109,76,72,47,20,12,0,0,0
2026-02-07,1119,월드컵경기장,하차,0,0,10,45,45,74,72,101,109,123,112,107,130,158,185,128,80,93,78,106,58,16,0,0
2026-02-07,1120,노은,승차,0,0,30,48,111,176,237,226,269,313,272,252,217,272,259,230,154,141,112,111,53,3,0,0
2026-02-07,1120,노은,하차,0,0,18,22,61,152,229,198,217,266,254,246,273,287,283,302,214,190,155,132,99,16,0,0
2026-02-07,1121,지족,승차,0,0,20,35,67,89,101,100,135,118,131,121,108,101,108,90,44,52,47,21,16,0,0,0
2026-02-07,1121,지족,하차,0,0,10,13,29,77,71,68,91,99,80,107,80,104,113,101,87,74,69,70,52,14,0,0
2026-02-07,1122,반석,승차,0,0,54,88,208,372,402,421,513,502,429,401,303,398,373,249,170,158,151,122,81,0,0,0
2026-02-07,1122,반석,하차,0,0,23,60,130,191,253,176,237,247,285,311,300,454,489,428,319,332,274,255,163,35,0,0
2026-02-08,1101,판암,승차,0,2,42,69,122,199,187,220,179,173,207,179,137,138,129,121,61,68,36,21,12,0,0,0
2026-02-08,1101,판암,하차,0,0,10,29,65,62,74,101,102,129,143,165,176,173,202,154,152,143,126,88,38,26,0,0
2026-02-08,1102,신흥,승차,0,0,22,40,59,95,106,89,91,74,108,79,57,67,70,34,36,17,14,13,4,0,0,0
2026-02-08,1102,신흥,하차,0,0,6,8,15,14,34,50,45,47,49,77,81,107,79,95,85,89,64,63,40,8,0,0
2026-02-08,1103,대동,승차,0,0,40,61,87,157,194,192,144,170,147,142,135,134,136,93,58,46,54,20,17,0,0,0
2026-02-08,1103,대동,하차,0,0,17,23,30,64,48,86,107,103,114,119,137,142,162,158,126,106,102,108,69,9,0,0
2026-02-08,1104,대전,승차,0,0,9,57,120,273,452,762,790,823,775,763,952,941,813,776,716,850,760,679,263,1,0,0
2026-02-08,1104,대전,하차,0,0,48,159,286,457,623,629,724,626,876,765,750,672,631,556,508,419,271,98,38,0,0,0
2026-02-08,1105,중앙로,승차,0,0,16,29,34,83,125,143,208,298,367,516,648,740,804,762,589,506,418,232,107,0,0,0
2026-02-08,1105,중앙로,하차,0,0,25,42,89,188,319,443,754,897,900,830,739,609,549,348,261,147,108,52,29,1,0,0
2026-02-08,1106,중구청,승차,0,0,7,17,32,49,42,52,62,47,68,81,82,65,92,77,47,50,42,22,15,0,0,0
2026-02-08,1106,중구청,하차,0,0,5,12,13,32,50,65,81,85,121,113,121,105,92,60,65,37,67,33,20,4,0,0
2026-02-08,1107,서대전네거리,승차,0,1,40,62,68,143,164,235,192,224,250,233,245,218,192,219,147,94,84,53,28,0,0,0
2026-02-08,1107,서대전네거리,하차,0,0,10,60,77,94,156,161,188,189,243,216,236,286,266,248,196,173,178,113,78,7,0,0
2026-02-08,1108,오룡,승차,0,0,32,36,54,121,123,153,148,244,172,146,150,158,118,116,154,53,60,33,15,0,0,0
2026-02-08,1108,오룡,하차,0,0,15,87,24,92,125,176,90,97,123,126,143,143,171,141,126,108,80,85,66,4,0,0
2026-02-08,1109,용문,승차,0,0,44,70,109,189,229,322,509,427,593,519,459,349,454,323,205,209,218,92,69,0,0,0
2026-02-08,1109,용문,하차,0,0,9,58,105,476,321,341,526,295,282,382,439,329,409,317,324,234,190,147,112,0,0,0
2026-02-08,1110,탄방,승차,0,0,16,32,54,107,119,120,131,149,208,224,201,165,169,121,129,77,60,45,29,0,0,0
2026-02-08,1110,탄방,하차,0,0,19,45,41,90,104,235,203,219,201,169,183,153,153,158,113,122,142,85,67,0,0,0
2026-02-08,1111,시청,승차,0,0,31,49,58,115,112,138,202,242,253,238,285,336,332,374,312,240,210,181,92,0,0,0
2026-02-08,1111,시청,하차,0,0,20,56,66,137,164,160,215,330,319,303,267,287,282,269,225,171,183,98,70,8,0,0
2026-02-08,1112,정부청사,승차,0,0,12,31,52,89,109,131,147,191,171,175,219,225,257,234,147,168,113,78,32,0,0,0
2026-02-08,1112,정부청사,하차,0,0,20,51,61,118,181,212,224,246,215,242,205,250,260,232,166,121,169,107,53,8,0,0
2026-02-08,1113,갈마,승차,0,0,36,61,51,119,145,158,129,207,152,159,126,165,109,105,79,72,46,23,31,1,0,0
2026-02-08,1113,갈마,하차,0,0,8,18,15,52,72,101,124,130,148,179,185,162,207,187,172,119,114,89,75,8,0,0
2026-02-08,1114,월평,승차,0,0,28,59,64,135,149,147,147,146,159,158,114,133,113,118,70,62,60,32,27,0,0,0
2026-02-08,1114,월평,하차,0,0,8,9,19,50,49,76,82,105,132,123,159,171,251,173,176,160,145,163,109,14,0,0
2026-02-08,1115,갑천,승차,0,0,7,12,23,41,50,38,48,56,64,59,62,40,43,31,22,21,16,4,4,0,0,0
2026-02-08,1115,갑천,하차,0,0,5,19,10,24,41,66,44,46,41,49,52,57,43,50,37,42,42,29,27,2,0,0
2026-02-08,1116,유성온천,승차,0,1,42,109,145,299,337,392,391,425,458,465,505,491,462,398,366,319,214,130,56,1,0,0
2026-02-08,1116,유성온천,하차,0,0,51,62,95,194,244,330,357,433,378,514,494,576,480,493,433,401,375,317,155,27,0,0
2026-02-08,1117,구암,승차,0,0,13,29,38,76,92,126,132,149,137,158,165,176,158,161,154,110,116,65,34,1,0,0
2026-02-08,1117,구암,하차,0,0,9,37,45,69,108,111,126,115,114,150,157,150,164,174,153,119,81,51,36,4,0,0
2026-02-08,1118,현충원,승차,0,0,6,13,32,98,94,109,127,102,134,136,78,101,97,60,50,42,15,13,3,2,0,0
2026-02-08,1118,현충원,하차,0,0,4,13,14,34,81,91,81,63,49,70,89,90,73,51,69,67,63,40,28,10,0,0
2026-02-08,1119,월드컵경기장,승차,0,0,14,42,42,83,85,112,89,108,117,120,103,89,101,73,52,54,38,16,3,0,0,0
2026-02-08,1119,월드컵경기장,하차,0,0,2,13,36,49,72,80,45,78,58,76,88,76,101,111,107,88,74,74,38,14,0,0
2026-02-08,1120,노은,승차,0,0,23,33,53,105,112,124,140,172,179,156,184,171,175,142,144,114,100,65,24,2,0,0
2026-02-08,1120,노은,하차,0,0,11,19,24,53,97,94,135,140,135,210,165,256,227,237,194,134,112,92,63,15,0,0
2026-02-08,1121,지족,승차,0,0,17,24,34,73,61,61,100,156,87,98,87,96,58,57,37,27,24,17,3,0,0,0
2026-02-08,1121,지족,하차,0,0,3,14,13,56,66,63,43,34,61,68,105,103,92,83,67,79,68,48,45,6,0,0
2026-02-08,1122,반석,승차,0,0,29,78,93,185,272,271,323,275,293,265,265,208,203,172,138,112,87,71,66,0,0,0
2026-02-08,1122,반석,하차,0,0,15,44,64,88,117,108,154,141,201,226,241,290,385,302,295,244,207,150,78,22,0,0
2026-02-09,1101,판암,승차,0,0,98,147,437,679,333,243,254,326,281,249,225,219,250,294,111,81,56,25,20,0,0,0
2026-02-09,1101,판암,하차,0,0,11,56,128,249,135,149,191,188,210,219,287,309,353,550,239,160,189,173,41,30,0,0
2026-02-09,1102,신흥,승차,0,0,53,70,346,520,158,125,111,144,118,105,92,95,106,108,42,34,25,15,5,0,0,0
2026-02-09,1102,신흥,하차,0,0,6,24,38,82,33,60,79,83,86,94,129,169,219,403,203,141,117,92,43,5,0,0
2026-02-09,1103,대동,승차,0,0,78,122,405,611,306,199,209,201,204,201,163,228,281,300,131,104,57,46,22,0,0,0
2026-02-09,1103,대동,하차,0,0,11,37,107,299,128,115,157,159,147,183,210,258,343,540,256,159,192,161,116,14,0,0
2026-02-09,1104,대전,승차,0,0,17,149,509,993,670,783,685,819,776,804,846,855,858,1028,643,427,377,346,128,1,0,0
2026-02-09,1104,대전,하차,0,0,156,513,737,981,777,706,787,672,777,714,785,739,711,836,364,299,210,85,40,4,0,0
2026-02-09,1105,중앙로,승차,0,0,24,51,138,284,153,181,290,367,449,495,550,617,800,902,472,469,366,203,96,7,0,0
2026-02-09,1105,중앙로,하차,0,0,25,52,166,770,417,562,625,691,589,596,551,513,516,689,334,174,114,64,38,11,0,0
2026-02-09,1106,중구청,승차,0,0,29,55,141,265,118,111,103,133,138,195,195,191,279,373,105,105,74,52,13,0,0,0
2026-02-09,1106,중구청,하차,0,0,12,45,179,583,182,145,158,142,139,141,125,134,148,271,116,77,56,58,25,2,0,0
2026-02-09,1107,서대전네거리,승차,0,1,114,147,450,910,332,388,320,355,403,374,335,379,425,563,199,160,141,87,55,6,0,0
2026-02-09,1107,서대전네거리,하차,0,0,32,74,225,641,317,277,301,361,350,293,373,390,515,908,359,258,206,215,84,25,0,0
2026-02-09,1108,오룡,승차,0,0,73,130,362,817,266,211,237,223,226,222,169,333,306,705,115,82,62,50,28,4,0,0
2026-02-09,1108,오룡,하차,0,0,26,59,161,623,169,136,138,160,161,188,248,241,332,575,240,185,127,132,74,4,0,0
2026-02-09,1109,용문,승차,0,1,124,214,556,1251,441,392,422,428,493,424,418,513,566,532,298,265,178,110,140,0,0,0
2026-02-09,1109,용문,하차,0,0,28,68,199,556,465,337,332,429,453,520,500,536,714,1205,530,351,317,227,118,0,0,0
2026-02-09,1110,탄방,승차,0,0,42,123,246,519,234,232,307,217,250,284,367,287,468,852,206,139,174,153,45,0,0,0
2026-02-09,1110,탄방,하차,0,0,29,99,321,1220,408,286,236,238,309,260,256,242,357,569,246,161,129,103,65,0,0,0
2026-02-09,1111,시청,승차,0,0,48,101,230,393,271,304,391,423,447,450,579,718,967,1514,458,525,515,530,169,0,0,0
2026-02-09,1111,시청,하차,0,0,60,134,559,1988,892,468,436,476,569,511,593,560,607,802,271,207,158,129,77,6,0,0
2026-02-09,1112,정부청사,승차,0,0,34,82,214,325,241,252,334,347,287,346,453,611,879,1779,447,333,269,171,69,0,0,0
2026-02-09,1112,정부청사,하차,0,0,85,178,633,2590,722,405,302,300,395,424,354,350,429,463,246,156,160,115,32,13,0,0
2026-02-09,1113,갈마,승차,0,0,74,125,267,516,193,178,171,190,186,207,186,163,188,195,102,96,78,45,48,6,0,0
2026-02-09,1113,갈마,하차,0,0,19,34,59,170,113,103,138,157,184,203,179,241,333,473,223,151,144,136,77,21,0,0
2026-02-09,1114,월평,승차,0,0,71,121,225,517,235,166,168,213,212,225,212,243,254,321,167,108,101,75,22,10,0,0
2026-02-09,1114,월평,하차,0,0,16,25,116,283,163,162,192,213,198,251,247,275,323,555,238,172,172,130,85,16,0,0
2026-02-09,1115,갑천,승차,0,0,18,31,90,205,80,63,35,47,63,39,57,43,67,97,44,28,26,7,10,1,0,0
2026-02-09,1115,갑천,하차,0,0,7,15,37,102,44,31,48,60,54,59,61,64,72,174,69,43,50,33,24,1,0,0
2026-02-09,1116,유성온천,승차,0,0,100,208,591,1304,547,451,481,542,555,542,577,629,754,874,404,333,317,194,140,3,0,0
2026-02-09,1116,유성온천,하차,0,0,55,133,304,812,547,441,510,507,520,539,533,666,877,1396,622,434,461,359,214,30,0,0
2026-02-09,1117,구암,승차,0,0,39,64,185,411,213,266,318,252,364,371,366,304,241,273,128,83,71,53,17,1,0,0
2026-02-09,1117,구암,하차,0,0,15,55,141,285,253,354,309,352,387,341,309,220,266,364,169,106,112,72,39,5,0,0
2026-02-09,1118,현충원,승차,0,0,18,35,127,337,137,105,131,127,153,150,138,103,136,204,72,43,36,16,5,0,0,0
2026-02-09,1118,현충원,하차,0,0,5,24,79,130,82,94,97,90,72,76,86,95,141,218,72,81,67,52,26,12,0,0
2026-02-09,1119,월드컵경기장,승차,0,0,31,55,215,504,212,148,150,143,175,158,180,170,190,264,94,72,63,26,7,0,0,0
2026-02-09,1119,월드컵경기장,하차,0,0,12,43,121,225,149,95,108,120,135,121,143,188,200,377,190,104,112,90,64,19,0,0
2026-02-09,1120,노은,승차,0,0,42,81,279,499,259,197,243,251,238,254,247,249,348,419,182,178,161,110,67,1,0,0
2026-02-09,1120,노은,하차,0,0,24,35,126,335,247,218,221,238,247,290,302,323,373,651,307,171,178,150,84,16,0,0
2026-02-09,1121,지족,승차,0,0,43,42,169,240,144,120,110,110,137,120,116,131,148,407,122,68,87,45,19,0,3,0
2026-02-09,1121,지족,하차,0,0,17,32,109,521,169,67,91,122,69,96,119,119,143,207,109,110,85,71,48,14,3,0
2026-02-09,1122,반석,승차,0,0,83,178,771,1163,577,355,310,369,372,347,326,397,523,758,297,241,243,192,77,0,0,0
2026-02-09,1122,반석,하차,0,0,24,147,338,581,260,193,230,285,309,308,368,490,663,1164,377,313,352,292,108,25,0,0
2026-02-10,1101,판암,승차,0,0,96,138,483,673,342,258,338,277,267,212,204,246,238,303,83,68,63,45,34,0,0,0
2026-02-10,1101,판암,하차,0,0,9,61,135,284,104,156,192,204,212,256,291,336,308,570,246,154,193,185,67,26,0,0
2026-02-10,1102,신흥,승차,0,0,53,84,341,519,201,135,129,106,134,107,105,86,112,109,53,40,36,12,6,0,0,0
2026-02-10,1102,신흥,하차,0,0,10,23,44,84,45,67,77,89,98,113,138,157,193,384,187,129,125,108,57,4,0,0
2026-02-10,1103,대동,승차,0,0,80,112,372,662,301,210,155,189,261,182,195,209,282,317,97,106,72,43,23,8,0,0
2026-02-10,1103,대동,하차,0,0,19,42,110,266,129,117,156,126,163,179,198,255,320,513,214,153,187,192,98,21,0,0
2026-02-10,1104,대전,승차,0,0,18,117,466,712,652,871,781,919,807,876,1005,934,1007,982,601,461,431,323,144,3,0,0
2026-02-10,1104,대전,하차,0,0,114,355,741,981,805,865,892,741,791,787,784,852,747,813,429,370,271,94,50,7,0,0
2026-02-10,1105,중앙로,승차,0,0,23,55,141,289,155,219,257,381,465,530,584,641,754,892,508,473,455,229,135,1,0,0
2026-02-10,1105,중앙로,하차,0,0,34,50,188,767,466,505,659,654,564,648,570,508,626,819,326,201,143,68,45,4,0,0
2026-02-10,1106,중구청,승차,0,0,26,58,133,276,120,97,157,141,116,169,168,198,276,381,88,72,86,44,18,0,0,0
2026-02-10,1106,중구청,하차,0,0,20,42,181,581,211,161,154,163,189,145,145,140,153,250,88,65,79,58,35,5,0,0
2026-02-10,1107,서대전네거리,승차,0,0,108,142,465,887,376,364,312,356,333,302,374,385,430,568,205,146,175,111,79,1,0,0
2026-02-10,1107,서대전네거리,하차,0,0,33,73,215,642,314,315,294,319,314,304,338,384,496,886,357,272,245,243,92,17,0,0
2026-02-10,1108,오룡,승차,0,0,78,111,388,788,260,204,236,229,235,224,163,300,314,680,141,70,78,29,31,0,0,0
2026-02-10,1108,오룡,하차,0,0,22,44,142,675,215,120,148,176,157,195,251,263,329,589,210,163,175,133,79,1,0,0
2026-02-10,1109,용문,승차,0,0,127,193,572,1221,408,423,416,444,452,446,377,520,542,491,276,232,220,131,111,0,0,0
2026-02-10,1109,용문,하차,0,0,25,57,205,572,449,349,330,366,420,455,443,537,688,1259,532,307,329,210,127,0,0,0
2026-02-10,1110,탄방,승차,0,0,44,107,254,522,254,254,309,206,250,289,298,312,539,835,181,199,233,198,35,3,0,0
2026-02-10,1110,탄방,하차,0,0,34,112,344,1159,447,272,197,274,387,308,262,280,329,575,280,166,165,112,66,3,0,0
2026-02-10,1111,시청,승차,0,0,42,85,255,411,284,290,435,433,443,469,510,676,887,1536,536,533,542,542,179,6,0,0
2026-02-10,1111,시청,하차,0,0,56,168,509,1918,827,526,454,515,592,540,471,522,635,808,290,224,178,140,57,22,0,0
2026-02-10,1112,정부청사,승차,0,1,24,59,172,332,239,319,322,261,327,386,443,571,961,1755,484,368,270,167,84,0,0,0
2026-02-10,1112,정부청사,하차,0,0,96,197,626,2505,611,403,302,352,389,385,317,343,401,495,201,136,142,109,46,22,0,0
2026-02-10,1113,갈마,승차,0,0,67,110,258,511,237,162,177,159,175,154,161,161,200,200,113,78,69,41,20,0,0,0
2026-02-10,1113,갈마,하차,0,0,20,30,52,160,108,119,138,154,162,154,223,234,280,443,205,167,157,140,93,12,0,0
2026-02-10,1114,월평,승차,0,1,65,99,242,526,228,178,165,185,208,230,217,205,243,344,171,128,120,88,32,5,0,0
2026-02-10,1114,월평,하차,0,0,18,34,96,291,168,167,182,260,224,276,244,224,337,547,187,172,178,136,103,16,0,0
2026-02-10,1115,갑천,승차,0,0,16,26,88,210,78,47,44,41,52,47,44,54,82,85,41,28,35,10,7,0,0,0
2026-02-10,1115,갑천,하차,0,0,6,14,30,103,28,39,47,45,42,57,67,62,97,149,86,49,53,33,18,0,0,0
2026-02-10,1116,유성온천,승차,0,0,82,206,612,1363,583,446,428,528,550,570,566,596,790,798,412,364,324,193,126,2,0,0
2026-02-10,1116,유성온천,하차,0,0,62,127,288,822,591,404,564,533,542,470,614,661,870,1469,580,418,466,405,208,23,0,0
2026-02-10,1117,구암,승차,0,0,36,78,204,417,162,169,150,132,212,190,217,192,212,251,118,94,85,43,22,0,0,0
2026-02-10,1117,구암,하차,0,0,14,49,115,238,130,164,165,168,181,165,197,181,236,347,153,119,118,75,38,8,0,0
2026-02-10,1118,현충원,승차,0,0,14,31,143,330,123,98,128,138,156,123,117,127,146,219,50,56,46,17,5,0,0,0
2026-02-10,1118,현충원,하차,0,0,4,22,60,150,75,107,121,73,70,77,92,84,136,215,74,67,68,72,30,4,0,0
2026-02-10,1119,월드컵경기장,승차,0,0,20,62,231,508,173,159,147,162,171,203,176,159,207,254,98,71,64,40,11,0,0,0
2026-02-10,1119,월드컵경기장,하차,0,0,9,42,164,250,132,122,113,115,120,108,141,220,198,346,157,112,133,98,57,13,0,0
2026-02-10,1120,노은,승차,0,0,46,82,296,495,219,212,202,307,273,245,266,259,373,405,211,179,189,138,51,3,0,0
2026-02-10,1120,노은,하차,0,0,16,35,160,362,277,172,208,246,239,290,317,347,410,600,327,221,210,168,84,16,0,0
2026-02-10,1121,지족,승차,0,0,30,55,162,238,130,109,99,158,115,121,154,150,193,408,123,86,89,49,23,0,0,0
2026-02-10,1121,지족,하차,0,0,12,26,105,557,164,56,82,109,84,95,131,131,149,235,134,93,96,96,59,11,0,0
2026-02-10,1122,반석,승차,0,0,75,179,812,1192,512,357,326,354,369,335,372,381,502,747,321,264,241,162,95,0,0,0
2026-02-10,1122,반석,하차,0,0,41,147,372,610,252,178,240,287,288,326,382,437,637,1153,365,331,386,336,121,21,0,0
2026-02-11,1101,판암,승차,0,0,92,144,464,714,315,240,275,281,297,207,227,227,249,336,132,90,62,26,28,5,0,0
2026-02-11,1101,판암,하차,0,0,13,56,133,255,113,160,159,197,202,230,272,329,324,517,224,194,251,178,62,41,0,0
2026-02-11,1102,신흥,승차,0,0,63,89,338,539,182,113,112,107,136,109,91,92,127,117,59,29,27,12,5,0,0,0
2026-02-11,1102,신흥,하차,0,0,6,21,35,86,37,63,71,71,83,111,127,172,204,355,207,108,156,123,53,2,0,0
2026-02-11,1103,대동,승차,0,0,78,119,392,633,300,196,201,222,229,172,180,236,282,362,162,95,65,39,26,2,0,0
2026-02-11,1103,대동,하차,0,0,16,31,100,279,107,124,141,137,182,197,225,240,321,507,265,173,221,174,113,13,0,0
2026-02-11,1104,대전,승차,0,0,14,131,453,655,629,793,781,903,807,871,942,922,1006,1052,645,490,434,414,200,0,0,0
2026-02-11,1104,대전,하차,0,0,111,379,728,1016,797,773,882,726,842,801,961,912,809,938,448,411,279,110,53,4,0,0
2026-02-11,1105,중앙로,승차,0,0,33,47,143,281,166,205,278,346,448,485,623,667,840,938,557,550,422,259,131,11,0,0
2026-02-11,1105,중앙로,하차,0,0,28,58,164,762,435,473,666,720,652,641,567,530,586,841,376,223,135,75,48,13,0,0
2026-02-11,1106,중구청,승차,0,0,25,43,147,258,109,103,117,128,138,147,180,199,294,405,95,82,63,32,14,0,0,0
2026-02-11,1106,중구청,하차,0,0,13,40,163,546,225,115,128,141,170,128,156,145,175,258,68,70,70,53,39,1,0,0
2026-02-11,1107,서대전네거리,승차,0,2,91,147,429,858,336,340,325,401,362,326,384,406,481,617,266,208,162,131,88,0,0,0
2026-02-11,1107,서대전네거리,하차,0,0,37,69,222,643,308,252,330,352,357,338,351,418,538,944,406,229,242,242,116,7,0,0
2026-02-11,1108,오룡,승차,0,0,67,128,365,749,289,203,208,230,262,203,170,270,344,729,171,89,69,49,37,0,0,0
2026-02-11,1108,오룡,하차,0,0,24,49,152,647,208,134,165,150,191,199,223,229,353,552,207,171,192,148,84,7,0,0
2026-02-11,1109,용문,승차,0,4,129,194,550,1229,421,323,401,431,747,633,547,539,582,566,289,292,444,176,113,0,0,0
2026-02-11,1109,용문,하차,0,4,21,64,203,626,487,392,601,399,504,464,527,554,746,1335,773,378,302,231,154,0,0,0
2026-02-11,1110,탄방,승차,0,0,44,110,249,506,251,226,311,224,245,293,280,270,499,791,238,159,240,195,35,0,0,0
2026-02-11,1110,탄방,하차,0,0,34,96,341,1157,365,247,201,252,414,278,222,277,362,625,284,180,172,101,74,1,0,0
2026-02-11,1111,시청,승차,0,0,31,91,206,403,243,286,370,423,451,463,560,715,993,1561,529,509,583,570,203,0,0,0
2026-02-11,1111,시청,하차,0,0,76,138,520,1897,847,461,422,430,571,511,502,570,622,845,347,207,177,155,70,10,0,0
2026-02-11,1112,정부청사,승차,0,1,19,77,199,359,278,224,307,352,353,358,526,677,965,1770,476,340,250,159,87,0,0,0
2026-02-11,1112,정부청사,하차,0,0,83,195,642,2491,720,355,302,389,445,383,380,356,393,505,247,179,162,121,44,17,0,0
2026-02-11,1113,갈마,승차,0,0,50,112,247,531,207,187,170,197,180,158,148,155,211,201,140,85,105,35,40,0,0,0
2026-02-11,1113,갈마,하차,0,0,23,29,50,138,95,106,125,181,173,185,190,222,288,504,242,176,164,151,98,20,0,0
2026-02-11,1114,월평,승차,0,0,65,109,229,568,241,142,187,180,214,210,239,298,290,372,141,126,119,87,47,1,0,0
2026-02-11,1114,월평,하차,0,0,11,28,104,283,174,165,173,225,250,201,216,266,374,572,233,158,221,144,127,15,0,0
2026-02-11,1115,갑천,승차,0,0,13,23,97,206,85,38,51,53,61,33,56,72,78,100,40,21,19,9,5,0,0,0
2026-02-11,1115,갑천,하차,0,0,7,18,41,115,34,36,40,55,56,50,63,71,104,145,68,49,52,42,22,3,0,0
2026-02-11,1116,유성온천,승차,0,0,82,198,603,1390,549,484,536,564,583,552,640,671,760,867,434,384,371,223,143,2,0,0
2026-02-11,1116,유성온천,하차,0,0,85,118,293,786,533,436,487,470,524,601,575,718,970,1550,686,458,497,393,236,25,0,0
2026-02-11,1117,구암,승차,0,0,31,76,188,423,167,166,178,177,156,202,171,218,216,263,148,120,97,47,22,2,0,0
2026-02-11,1117,구암,하차,0,0,12,54,142,258,158,153,140,181,158,216,216,182,280,361,173,135,135,74,48,5,0,0
2026-02-11,1118,현충원,승차,0,0,15,38,143,309,131,129,123,133,151,144,122,147,160,221,78,42,34,18,5,0,0,0
2026-02-11,1118,현충원,하차,0,0,4,36,60,137,101,78,126,95,96,75,102,106,118,218,85,64,80,68,19,6,0,0
2026-02-11,1119,월드컵경기장,승차,0,0,29,76,244,471,206,138,177,155,177,137,168,141,209,284,112,70,68,18,8,1,0,0
2026-02-11,1119,월드컵경기장,하차,0,0,8,44,154,233,125,77,122,129,121,129,141,176,192,353,184,110,136,118,65,15,0,0
2026-02-11,1120,노은,승차,0,0,48,78,305,515,229,198,234,312,267,246,306,266,359,445,217,222,205,150,52,3,0,0
2026-02-11,1120,노은,하차,0,0,16,37,151,344,261,182,205,233,253,334,330,354,392,650,310,191,213,179,92,13,0,0
2026-02-11,1121,지족,승차,0,0,33,43,147,221,121,85,92,162,151,147,156,132,197,428,126,83,57,31,15,0,0,0
2026-02-11,1121,지족,하차,0,0,9,33,126,535,144,104,82,88,99,94,116,134,173,216,111,87,88,122,47,9,0,0
2026-02-11,1122,반석,승차,0,0,69,173,821,1177,515,329,365,373,360,361,319,419,526,832,295,267,235,197,105,0,0,0
2026-02-11,1122,반석,하차,0,0,27,143,358,607,215,184,224,311,309,345,362,534,728,1114,433,352,411,374,151,36,0,0
2026-02-12,1101,판암,승차,0,0,91,150,462,667,319,257,242,251,299,238,219,238,289,341,110,75,56,32,20,0,0,0
2026-02-12,1101,판암,하차,0,0,13,58,121,251,134,151,183,202,194,224,277,356,310,513,274,193,214,202,67,18,0,0
2026-02-12,1102,신흥,승차,0,0,55,104,357,504,189,127,111,112,140,111,92,112,131,102,53,37,27,14,10,0,0,0
2026-02-12,1102,신흥,하차,0,0,15,19,43,99,44,50,80,87,78,101,139,149,191,408,183,140,139,111,60,11,0,0
2026-02-12,1103,대동,승차,0,0,67,124,373,614,258,192,350,232,270,214,208,260,297,324,113,80,62,52,33,8,0,0
2026-02-12,1103,대동,하차,0,0,13,51,175,298,153,129,170,163,166,191,212,273,280,491,237,185,214,192,113,25,0,0
2026-02-12,1104,대전,승차,0,0,11,124,466,730,677,737,763,929,780,900,921,924,939,952,698,437,466,404,177,9,0,0
2026-02-12,1104,대전,하차,0,0,106,380,739,1064,826,807,887,779,883,980,911,924,930,1033,548,453,331,125,55,11,0,0
2026-02-12,1105,중앙로,승차,0,0,31,39,143,305,154,223,278,398,495,523,633,741,898,966,681,571,525,322,152,6,0,0
2026-02-12,1105,중앙로,하차,0,0,29,71,172,780,557,532,709,666,688,671,578,642,722,884,436,205,133,104,65,3,0,0
2026-02-12,1106,중구청,승차,0,0,26,59,131,258,111,105,126,139,135,162,186,234,275,400,113,84,62,61,21,0,0,0
2026-02-12,1106,중구청,하차,0,0,21,42,185,590,207,126,155,156,163,147,129,138,147,251,106,72,68,69,44,2,0,0
2026-02-12,1107,서대전네거리,승차,0,0,123,117,477,881,333,342,366,385,389,393,399,399,484,581,291,203,185,149,76,5,0,0
2026-02-12,1107,서대전네거리,하차,0,0,36,73,202,682,362,257,357,315,325,319,387,476,544,891,410,275,274,249,105,21,0,0
2026-02-12,1108,오룡,승차,0,0,75,118,391,783,285,222,270,274,242,223,182,334,383,700,196,78,79,67,36,0,0,0
2026-02-12,1108,오룡,하차,0,0,22,43,178,649,262,146,150,186,184,198,234,274,345,544,274,199,178,134,98,0,0,0
2026-02-12,1109,용문,승차,0,0,133,188,550,1246,504,368,389,447,479,486,457,566,531,517,281,270,241,113,100,0,0,0
2026-02-12,1109,용문,하차,0,0,11,76,195,518,405,306,374,442,470,471,529,531,687,1120,578,312,332,264,144,0,0,0
2026-02-12,1110,탄방,승차,0,0,44,114,238,535,239,238,307,214,254,274,307,335,504,797,249,199,212,241,38,0,0,0
2026-02-12,1110,탄방,하차,0,0,40,97,311,1129,410,261,239,254,345,291,240,280,396,596,290,163,161,135,89,1,0,0
2026-02-12,1111,시청,승차,0,0,38,83,241,393,251,299,365,399,411,473,483,667,922,1466,537,555,589,596,204,0,0,0
2026-02-12,1111,시청,하차,0,0,69,145,506,1891,776,439,440,515,579,509,505,561,600,942,351,212,169,157,91,8,0,0
2026-02-12,1112,정부청사,승차,0,0,23,82,187,348,285,247,308,294,335,397,503,575,970,1721,474,401,307,194,78,0,0,0
2026-02-12,1112,정부청사,하차,0,0,84,192,605,2458,639,327,280,352,381,368,320,334,440,538,256,207,155,102,49,14,0,0
2026-02-12,1113,갈마,승차,0,0,48,126,254,514,217,147,211,175,218,173,164,179,214,202,117,90,78,54,41,1,0,0
2026-02-12,1113,갈마,하차,0,0,22,34,66,155,117,84,134,197,208,180,199,238,295,471,244,168,166,166,97,16,0,0
2026-02-12,1114,월평,승차,0,0,62,107,227,538,258,161,203,228,270,221,259,271,296,395,172,135,153,84,32,0,0,0
2026-02-12,1114,월평,하차,0,0,20,29,89,274,187,176,193,271,256,250,254,315,304,548,217,185,145,152,90,11,0,0
2026-02-12,1115,갑천,승차,0,0,10,28,88,229,121,52,51,50,60,61,50,43,77,93,38,24,38,9,12,0,0,0
2026-02-12,1115,갑천,하차,0,0,4,19,39,127,30,41,49,41,53,58,51,85,80,164,79,57,52,52,21,3,0,0
2026-02-12,1116,유성온천,승차,0,3,91,224,617,1348,596,440,461,686,645,583,657,737,829,893,492,411,384,236,139,6,0,0
2026-02-12,1116,유성온천,하차,0,2,65,143,314,804,560,442,528,563,535,601,583,655,952,1430,674,395,476,492,233,34,0,0
2026-02-12,1117,구암,승차,0,0,37,75,180,423,205,160,165,203,177,219,201,206,227,286,191,101,104,78,37,5,0,0
2026-02-12,1117,구암,하차,0,0,14,47,135,301,170,133,148,178,192,185,193,215,268,359,142,147,166,93,52,7,0,0
2026-02-12,1118,현충원,승차,0,0,21,30,138,328,136,126,130,137,193,150,159,153,165,205,72,72,45,29,8,0,0,0
2026-02-12,1118,현충원,하차,0,0,5,43,64,155,90,91,130,122,80,99,94,118,108,250,77,84,77,77,39,10,0,0
2026-02-12,1119,월드컵경기장,승차,0,0,24,68,255,476,215,149,161,152,185,150,173,166,206,286,106,82,59,35,14,1,0,0
2026-02-12,1119,월드컵경기장,하차,0,0,11,45,112,245,122,84,109,135,109,142,134,186,192,355,158,114,156,118,65,18,0,0
2026-02-12,1120,노은,승차,0,0,40,62,310,500,214,201,284,273,255,227,260,297,373,416,221,204,173,165,63,2,0,0
2026-02-12,1120,노은,하차,0,0,19,33,164,335,263,203,223,292,285,315,338,356,389,603,333,235,216,186,99,21,0,0
2026-02-12,1121,지족,승차,0,0,28,50,159,231,139,104,120,128,113,116,155,146,194,396,128,69,67,39,21,1,0,0
2026-02-12,1121,지족,하차,0,0,14,29,103,531,169,102,103,123,79,97,96,126,166,220,113,105,117,98,56,23,0,0
2026-02-12,1122,반석,승차,0,0,76,171,825,1175,493,361,351,363,380,374,348,406,575,774,313,256,240,191,98,0,0,0
2026-02-12,1122,반석,하차,0,0,37,131,345,617,224,172,214,301,274,304,379,500,722,1054,455,366,409,394,162,24,0,0
2026-02-13,1101,판암,승차,0,1,96,128,465,614,316,259,262,316,347,287,264,269,303,333,140,90,61,55,22,0,0,0
2026-02-13,1101,판암,하차,0,1,10,55,120,259,126,168,207,189,219,253,316,396,380,503,244,180,175,207,75,29,0,0
2026-02-13,1102,신흥,승차,0,0,55,82,351,516,197,111,111,128,123,103,109,112,133,185,73,34,22,19,11,0,0,0
2026-02-13,1102,신흥,하차,0,0,7,18,43,77,43,52,96,105,91,92,144,202,197,365,184,111,152,112,62,3,0,0
2026-02-13,1103,대동,승차,0,1,64,124,368,598,288,248,355,244,251,250,230,254,326,317,131,90,78,50,29,0,0,0
2026-02-13,1103,대동,하차,0,0,15,33,161,255,131,123,177,168,168,210,264,284,286,483,223,171,176,176,126,18,0,0
2026-02-13,1104,대전,승차,0,0,13,112,378,516,464,547,552,688,671,958,974,1088,1083,975,811,460,472,387,155,1,0,0
2026-02-13,1104,대전,하차,0,0,95,265,634,946,756,743,968,879,1024,999,1166,1262,1187,1194,742,513,324,172,82,6,0,0
2026-02-13,1105,중앙로,승차,0,0,27,52,119,289,222,208,258,386,449,478,620,736,881,842,558,564,470,352,211,7,0,0
2026-02-13,1105,중앙로,하차,0,0,35,56,204,753,464,418,612,694,593,639,672,631,786,986,545,268,155,92,60,6,0,0
2026-02-13,1106,중구청,승차,0,0,20,57,130,242,105,103,162,149,153,136,177,207,297,371,99,64,65,39,18,0,0,0
2026-02-13,1106,중구청,하차,0,0,15,40,174,572,178,128,126,129,144,158,144,162,163,210,120,62,67,53,40,6,0,0
2026-02-13,1107,서대전네거리,승차,0,1,94,142,416,847,357,376,340,352,393,380,458,515,520,589,296,186,165,116,94,5,0,0
2026-02-13,1107,서대전네거리,하차,0,0,35,71,204,609,346,270,336,386,382,389,453,448,691,916,422,284,219,235,115,18,0,0
2026-02-13,1108,오룡,승차,0,0,63,98,374,772,288,211,274,400,251,254,219,270,373,649,225,88,94,45,40,0,0,0
2026-02-13,1108,오룡,하차,0,0,24,44,170,618,231,154,211,195,202,205,284,328,426,579,219,180,168,130,84,2,0,0
2026-02-13,1109,용문,승차,0,0,105,181,544,1168,425,433,425,503,507,443,571,526,645,612,335,318,214,141,109,0,0,0
2026-02-13,1109,용문,하차,0,0,24,74,182,551,414,366,377,458,483,487,577,690,757,1102,519,328,265,246,159,0,0,0
2026-02-13,1110,탄방,승차,0,0,46,98,261,484,251,228,289,221,272,325,390,347,476,738,243,152,196,171,49,0,0,0
2026-02-13,1110,탄방,하차,0,0,29,101,238,1049,372,234,192,290,377,283,272,318,429,530,257,182,159,117,93,0,0,0
2026-02-13,1111,시청,승차,0,0,46,75,206,370,240,262,427,449,490,449,712,865,1123,1335,496,485,438,499,202,0,0,0
2026-02-13,1111,시청,하차,0,0,62,154,508,1854,781,481,448,567,590,587,572,607,710,843,393,255,175,130,90,7,0,0
2026-02-13,1112,정부청사,승차,0,0,20,78,172,353,222,245,346,365,415,622,732,918,1089,1526,427,300,232,149,69,0,0,0
2026-02-13,1112,정부청사,하차,0,0,80,176,550,2238,589,332,303,352,369,360,368,422,524,521,265,155,157,97,40,23,0,0
2026-02-13,1113,갈마,승차,0,0,55,106,232,482,228,159,166,197,204,197,187,222,252,223,122,107,91,66,51,1,0,0
2026-02-13,1113,갈마,하차,0,0,19,34,61,149,92,109,143,183,175,195,230,276,345,449,255,170,161,135,109,9,0,0
2026-02-13,1114,월평,승차,0,0,65,103,240,484,236,201,228,219,255,266,323,373,374,397,208,158,129,107,39,1,0,0
2026-02-13,1114,월평,하차,0,0,21,25,99,249,160,155,203,222,208,266,291,345,356,557,258,155,188,153,100,15,0,0
2026-02-13,1115,갑천,승차,0,0,16,22,81,207,83,56,37,61,63,57,62,68,95,96,44,24,23,19,9,0,0,0
2026-02-13,1115,갑천,하차,0,0,6,20,35,98,24,37,42,43,56,56,71,73,92,141,77,44,58,30,18,4,0,0
2026-02-13,1116,유성온천,승차,0,0,81,198,559,1310,511,442,525,681,658,646,686,850,920,1026,531,423,346,274,178,8,0,0
2026-02-13,1116,유성온천,하차,0,0,54,140,330,771,534,461,451,501,543,585,695,780,1085,1474,693,520,453,355,248,27,0,0
2026-02-13,1117,구암,승차,0,0,29,59,189,385,155,182,203,230,225,233,263,276,266,339,205,159,131,71,58,1,0,0
2026-02-13,1117,구암,하차,0,0,13,41,121,225,160,140,165,187,189,202,256,234,336,364,187,132,111,86,42,9,0,0
2026-02-13,1118,현충원,승차,0,0,18,32,117,321,136,136,124,160,145,145,162,186,183,253,92,60,26,20,8,0,0,0
2026-02-13,1118,현충원,하차,0,0,4,30,58,134,65,70,103,93,88,75,114,112,156,187,87,95,72,74,39,11,0,0
2026-02-13,1119,월드컵경기장,승차,0,0,20,61,213,435,184,171,152,161,170,178,176,217,257,217,127,78,73,46,16,0,0,0
2026-02-13,1119,월드컵경기장,하차,0,0,10,42,111,221,120,81,115,130,135,132,161,218,197,353,161,111,117,103,63,20,0,0
2026-02-13,1120,노은,승차,0,0,38,63,298,485,201,207,281,262,244,235,305,340,416,404,230,208,179,151,61,4,0,0
2026-02-13,1120,노은,하차,0,0,18,35,144,329,271,197,216,276,281,318,353,402,448,664,343,226,218,179,99,22,0,0
2026-02-13,1121,지족,승차,0,0,31,46,147,223,132,100,107,142,158,165,179,196,246,328,81,75,46,33,17,2,0,0
2026-02-13,1121,지족,하차,0,0,13,29,112,485,121,60,86,97,106,108,109,145,155,208,123,96,97,85,62,23,0,0
2026-02-13,1122,반석,승차,0,0,69,163,773,1011,482,333,335,429,402,435,463,491,712,763,336,256,230,179,99,0,0,0
2026-02-13,1122,반석,하차,0,0,30,133,339,601,217,200,240,302,318,344,426,594,715,934,410,342,356,385,164,39,0,0
2026-02-14,1101,판암,승차,0,0,61,78,162,235,307,275,320,308,270,242,173,252,195,174,117,89,58,39,19,0,0,0
2026-02-14,1101,판암,하차,0,0,20,34,69,124,124,173,170,195,233,193,252,244,323,193,167,152,179,118,78,28,0,0
2026-02-14,1102,신흥,승차,0,0,34,62,114,181,123,138,132,123,123,98,94,128,106,95,40,41,31,10,12,0,0,0
2026-02-14,1102,신흥,하차,0,0,6,12,39,39,49,58,65,82,103,90,104,128,138,141,98,91,97,99,52,8,0,0
2026-02-14,1103,대동,승차,0,0,47,74,135,215,252,201,223,214,210,150,153,189,198,160,101,84,47,47,27,1,0,0
2026-02-14,1103,대동,하차,0,0,14,26,32,72,71,87,126,146,158,147,157,207,176,181,139,145,140,133,103,14,0,0
2026-02-14,1104,대전,승차,0,0,13,82,187,363,447,615,678,729,640,676,799,798,714,532,513,316,394,319,151,13,0,0
2026-02-14,1104,대전,하차,0,0,77,186,472,647,801,869,1103,956,973,936,856,769,660,499,392,296,238,80,50,15,0,0
2026-02-14,1105,중앙로,승차,0,0,23,34,56,121,177,180,249,310,437,453,572,745,762,706,670,619,559,379,200,0,0,0
2026-02-14,1105,중앙로,하차,0,0,25,59,142,265,313,435,716,791,792,855,737,688,734,551,463,272,167,109,57,5,0,0
2026-02-14,1106,중구청,승차,0,7,20,29,45,71,75,91,82,119,82,109,90,121,92,82,55,41,53,23,16,0,0,0
2026-02-14,1106,중구청,하차,0,7,4,29,36,83,75,84,74,115,131,106,110,89,113,102,58,62,38,37,24,2,0,0
2026-02-14,1107,서대전네거리,승차,0,0,57,63,151,236,243,354,270,278,310,296,263,251,244,228,224,183,128,102,74,0,0,0
2026-02-14,1107,서대전네거리,하차,0,0,18,39,76,195,193,185,263,292,294,250,274,349,443,387,224,208,180,170,141,4,0,0
2026-02-14,1108,오룡,승차,0,0,44,60,120,186,201,195,240,207,226,173,156,194,186,138,112,71,52,26,29,0,0,0
2026-02-14,1108,오룡,하차,0,0,13,36,51,94,118,131,152,177,149,172,188,178,199,173,126,122,103,98,79,1,0,0
2026-02-14,1109,용문,승차,0,0,70,92,178,283,337,390,431,468,506,466,458,434,461,335,232,193,154,99,77,0,0,0
2026-02-14,1109,용문,하차,0,0,12,61,119,272,318,348,390,380,432,426,330,416,437,352,308,248,231,214,143,0,0,0
2026-02-14,1110,탄방,승차,0,0,29,53,120,159,179,186,235,231,257,218,228,231,319,196,142,105,102,75,43,0,0,0
2026-02-14,1110,탄방,하차,0,0,20,54,80,205,253,207,170,239,263,223,198,224,234,170,143,126,114,86,78,0,0,0
2026-02-14,1111,시청,승차,0,0,32,50,70,141,195,221,345,446,472,383,391,465,472,405,308,227,266,292,164,0,0,0
2026-02-14,1111,시청,하차,0,0,30,62,146,315,464,351,374,468,421,313,320,359,366,313,246,208,171,99,84,5,0,0
2026-02-14,1112,정부청사,승차,0,1,17,42,70,128,174,221,243,282,307,288,283,296,284,333,202,223,163,101,57,0,0,0
2026-02-14,1112,정부청사,하차,0,0,33,60,124,259,303,237,265,259,307,314,291,299,260,206,175,143,129,83,32,9,0,0
2026-02-14,1113,갈마,승차,0,0,36,57,107,184,190,195,222,195,194,206,168,189,178,148,99,54,74,48,41,1,0,0
2026-02-14,1113,갈마,하차,0,0,18,25,38,76,91,129,174,164,177,217,197,246,217,226,159,132,92,97,82,18,0,0
2026-02-14,1114,월평,승차,0,0,41,63,105,186,220,215,246,231,260,222,227,205,225,162,146,98,80,83,43,1,0,0
2026-02-14,1114,월평,하차,0,0,13,18,32,81,94,173,191,214,224,229,216,281,264,217,165,145,117,107,89,2,0,0
2026-02-14,1115,갑천,승차,0,0,8,22,44,70,54,65,53,83,68,53,70,55,47,51,24,28,11,12,7,0,0,0
2026-02-14,1115,갑천,하차,0,0,9,18,10,35,47,34,37,61,51,54,55,60,60,55,44,35,33,27,25,1,0,0
2026-02-14,1116,유성온천,승차,0,0,72,122,227,355,453,490,588,586,611,625,601,570,573,500,417,335,310,212,149,8,0,0
2026-02-14,1116,유성온천,하차,0,0,37,127,143,319,447,368,458,491,461,559,442,656,725,599,475,352,339,328,197,25,0,0
2026-02-14,1117,구암,승차,0,0,31,37,73,136,184,374,433,386,370,396,385,348,273,221,155,127,94,72,31,1,0,0
2026-02-14,1117,구암,하차,0,0,3,60,90,168,338,419,415,304,370,306,290,261,215,181,156,117,101,51,39,4,0,0
2026-02-14,1118,현충원,승차,0,0,8,17,53,151,116,136,157,139,161,159,157,137,106,88,63,52,29,10,5,0,0,0
2026-02-14,1118,현충원,하차,0,0,3,16,28,41,100,104,141,97,84,79,76,83,102,80,80,51,71,46,26,3,0,0
2026-02-14,1119,월드컵경기장,승차,0,0,13,43,73,145,176,138,170,172,178,167,142,134,144,91,89,77,65,25,8,0,0,0
2026-02-14,1119,월드컵경기장,하차,0,0,15,28,45,73,93,99,136,134,128,149,116,119,113,134,86,62,88,87,50,11,0,0
2026-02-14,1120,노은,승차,0,0,21,50,87,181,218,245,259,291,319,263,218,278,257,216,136,150,140,116,54,5,0,0
2026-02-14,1120,노은,하차,0,0,14,22,63,152,231,211,249,232,284,277,256,320,310,295,204,161,120,140,83,19,0,0
2026-02-14,1121,지족,승차,0,0,23,30,60,93,92,110,114,128,128,99,98,119,102,66,54,37,37,15,19,0,0,0
2026-02-14,1121,지족,하차,0,0,9,15,21,56,53,74,85,106,105,114,109,92,93,80,83,71,63,51,59,11,0,0
2026-02-14,1122,반석,승차,0,0,49,83,196,332,440,429,414,399,428,371,314,410,363,275,170,167,157,115,73,0,0,0
2026-02-14,1122,반석,하차,0,0,29,62,111,155,196,208,252,293,320,301,334,370,492,337,283,281,287,239,157,52,0,0
2026-02-15,1101,판암,승차,0,0,42,58,110,171,186,212,229,196,202,209,182,196,165,117,80,71,41,50,12,3,0,0
2026-02-15,1101,판암,하차,0,0,7,27,34,96,101,148,138,148,166,171,199,216,219,202,128,139,107,124,59,25,0,0
2026-02-15,1102,신흥,승차,0,0,20,41,61,87,103,90,93,98,112,90,79,85,119,81,53,35,34,10,8,0,0,0
2026-02-15,1102,신흥,하차,0,0,1,9,22,33,34,47,54,42,64,60,89,113,109,111,89,85,84,92,49,10,0,0
2026-02-15,1103,대동,승차,0,0,32,40,71,132,185,139,152,155,157,127,109,165,180,121,60,63,37,37,19,1,0,0
2026-02-15,1103,대동,하차,0,0,10,17,31,49,49,95,84,93,110,117,158,139,144,148,113,102,110,92,86,13,0,0
2026-02-15,1104,대전,승차,0,0,9,72,163,264,327,495,500,569,484,640,707,696,623,521,426,335,381,314,141,1,0,0
2026-02-15,1104,대전,하차,0,0,57,200,279,434,625,670,799,677,744,806,730,624,613,418,373,268,220,80,45,2,0,0
2026-02-15,1105,중앙로,승차,0,0,15,27,34,67,125,138,205,266,324,408,596,628,753,563,604,468,458,303,167,2,0,0
2026-02-15,1105,중앙로,하차,0,0,17,42,84,148,290,380,495,651,650,722,666,598,639,464,349,221,124,74,32,3,0,0
2026-02-15,1106,중구청,승차,0,0,16,20,26,44,53,49,60,68,66,67,63,77,81,68,43,31,19,19,8,0,0,0
2026-02-15,1106,중구청,하차,0,0,13,18,13,35,55,40,58,99,79,78,76,77,89,52,51,49,49,39,21,3,0,0
2026-02-15,1107,서대전네거리,승차,0,0,37,44,52,142,129,188,180,224,228,214,217,197,183,184,185,125,102,89,69,0,0,0
2026-02-15,1107,서대전네거리,하차,0,0,10,35,54,105,112,169,153,143,177,203,198,246,321,351,166,238,139,113,88,6,0,0
2026-02-15,1108,오룡,승차,0,0,26,45,54,104,143,131,165,184,139,164,129,148,123,120,104,47,38,27,18,4,0,0
2026-02-15,1108,오룡,하차,0,0,16,31,18,77,100,176,82,98,113,107,139,137,141,118,92,94,66,80,66,4,0,0
2026-02-15,1109,용문,승차,0,0,63,58,105,146,246,510,317,372,435,354,393,316,361,305,206,199,116,67,48,0,0,0
2026-02-15,1109,용문,하차,0,0,24,38,91,444,243,229,334,269,257,303,343,330,358,312,226,204,193,155,126,0,0,0
2026-02-15,1110,탄방,승차,0,0,18,41,65,104,102,117,140,158,168,191,170,147,145,109,66,66,70,41,38,0,0,0
2026-02-15,1110,탄방,하차,0,0,14,39,39,58,107,136,97,164,151,132,184,161,167,125,105,116,78,91,81,0,0,0
2026-02-15,1111,시청,승차,0,0,26,38,34,79,137,131,156,198,218,225,210,251,328,268,225,212,206,193,98,1,0,0
2026-02-15,1111,시청,하차,0,0,16,34,53,98,128,161,191,243,279,214,245,297,317,278,157,124,107,92,58,7,0,0
2026-02-15,1112,정부청사,승차,0,0,15,35,39,107,102,141,126,155,144,215,196,216,270,215,156,187,106,100,39,0,0,0
2026-02-15,1112,정부청사,하차,0,0,20,47,57,107,143,168,181,216,204,197,203,256,197,167,149,94,115,77,28,18,0,0
2026-02-15,1113,갈마,승차,0,0,36,47,57,127,147,141,136,156,168,138,136,138,184,130,70,71,56,43,36,12,0,0
2026-02-15,1113,갈마,하차,0,0,15,13,24,41,51,128,83,142,137,128,142,156,195,153,158,78,103,95,60,15,0,0
2026-02-15,1114,월평,승차,0,0,42,42,71,130,140,158,156,163,177,191,206,171,196,130,103,97,74,62,42,0,0,0
2026-02-15,1114,월평,하차,0,0,7,12,30,59,80,122,123,143,169,164,170,167,194,178,145,136,99,82,59,7,0,0
2026-02-15,1115,갑천,승차,0,0,8,15,15,45,47,38,36,72,49,40,38,37,19,20,25,11,20,14,3,0,0,0
2026-02-15,1115,갑천,하차,0,0,2,8,9,21,32,36,20,40,19,43,37,36,52,42,37,34,22,20,17,0,0,0
2026-02-15,1116,유성온천,승차,0,0,61,78,153,294,312,330,367,401,433,461,464,466,450,396,295,298,227,203,137,2,0,0
2026-02-15,1116,유성온천,하차,0,0,65,76,92,204,249,275,310,310,365,416,442,443,499,527,385,301,269,237,151,18,0,0
2026-02-15,1117,구암,승차,0,0,15,24,50,103,96,160,187,174,141,159,176,165,149,177,103,90,73,49,28,2,0,0
2026-02-15,1117,구암,하차,0,0,5,29,71,69,110,129,126,142,138,159,166,131,150,119,126,79,69,49,30,6,0,0
2026-02-15,1118,현충원,승차,0,0,6,10,27,68,55,96,126,118,157,118,131,118,97,67,53,36,24,14,1,0,0,0
2026-02-15,1118,현충원,하차,0,0,6,9,18,39,82,104,104,76,77,81,71,71,82,46,46,38,42,33,22,3,0,0
2026-02-15,1119,월드컵경기장,승차,0,0,10,21,39,74,93,131,88,134,114,108,100,121,115,92,71,64,46,14,2,0,0,0
2026-02-15,1119,월드컵경기장,하차,0,0,4,25,35,50,72,77,67,78,86,92,108,128,87,109,86,62,76,77,29,20,0,0
2026-02-15,1120,노은,승차,0,0,13,30,45,106,106,116,122,172,166,172,165,168,197,169,133,116,112,88,51,3,0,0
2026-02-15,1120,노은,하차,0,0,9,18,21,68,91,106,138,136,140,165,164,216,201,247,157,129,102,117,59,19,0,0
2026-02-15,1121,지족,승차,0,0,12,20,44,45,78,72,77,91,100,74,88,79,107,53,35,37,25,17,17,0,0,0
2026-02-15,1121,지족,하차,0,0,6,18,17,37,49,69,45,51,60,68,53,68,68,64,45,59,61,50,72,6,0,0
2026-02-15,1122,반석,승차,0,0,42,68,130,167,231,190,288,245,258,290,251,270,266,208,135,140,104,94,50,0,0,0
2026-02-15,1122,반석,하차,0,0,17,50,55,102,126,134,167,187,165,178,165,248,312,248,198,222,201,193,146,39,0,0
2026-02-16,1101,판암,승차,0,0,38,45,87,95,138,140,171,155,193,163,178,166,148,111,78,75,47,39,11,0,0,0
2026-02-16,1101,판암,하차,0,0,8,24,51,61,92,113,128,146,129,130,164,193,218,135,96,78,118,84,43,12,0,0
2026-02-16,1102,신흥,승차,0,0,20,21,32,73,63,57,62,69,92,89,82,91,81,49,28,35,15,13,5,0,0,0
2026-02-16,1102,신흥,하차,0,0,6,9,12,19,32,33,38,55,43,57,68,84,104,91,39,84,45,62,45,4,0,0
2026-02-16,1103,대동,승차,0,0,25,41,52,94,99,111,127,117,112,100,95,107,111,95,63,48,27,22,15,6,0,0
2026-02-16,1103,대동,하차,0,0,15,9,23,37,33,49,56,66,80,94,109,127,120,89,76,75,78,91,69,11,0,0
2026-02-16,1104,대전,승차,0,0,7,59,151,222,260,472,511,581,447,526,632,683,556,413,360,362,339,279,104,0,0,0
2026-02-16,1104,대전,하차,0,0,55,151,377,407,655,626,740,506,626,608,598,566,383,352,279,221,157,51,34,1,0,0
2026-02-16,1105,중앙로,승차,0,0,18,16,39,64,80,125,173,165,278,396,436,611,567,499,387,412,307,206,141,1,0,0
2026-02-16,1105,중앙로,하차,0,0,13,50,97,153,177,289,502,521,602,582,546,483,452,331,256,198,106,37,26,3,0,0
2026-02-16,1106,중구청,승차,0,0,24,12,35,33,39,36,41,35,48,58,69,41,65,54,39,50,15,14,3,0,0,0
2026-02-16,1106,중구청,하차,0,0,14,14,14,19,36,30,55,48,84,72,72,64,66,63,34,46,48,21,16,0,0,0
2026-02-16,1107,서대전네거리,승차,0,2,47,45,78,107,128,125,125,166,148,178,190,164,181,122,125,93,79,60,43,0,0,0
2026-02-16,1107,서대전네거리,하차,0,2,13,21,35,84,73,104,143,145,167,187,181,238,271,211,130,148,124,113,51,5,0,0
2026-02-16,1108,오룡,승차,0,0,36,21,49,83,82,80,124,92,121,125,87,87,112,69,83,47,36,22,16,0,0,0
2026-02-16,1108,오룡,하차,0,0,9,27,21,44,57,71,89,96,89,89,118,126,129,100,76,64,57,57,45,0,0,0
2026-02-16,1109,용문,승차,0,0,39,78,101,122,165,227,231,207,260,253,237,256,239,181,129,106,89,50,35,0,0,0
2026-02-16,1109,용문,하차,0,0,9,40,60,100,111,118,165,193,204,216,234,247,302,204,167,161,119,142,103,0,0,0
2026-02-16,1110,탄방,승차,0,0,20,24,83,81,94,94,123,122,112,100,118,102,127,101,54,70,59,45,10,0,0,0
2026-02-16,1110,탄방,하차,0,0,15,40,48,58,53,47,79,92,99,127,97,107,143,126,101,66,86,65,44,0,0,0
2026-02-16,1111,시청,승차,0,0,22,33,66,70,97,116,129,144,187,175,142,178,167,166,132,113,130,170,73,0,0,0
2026-02-16,1111,시청,하차,0,0,20,30,68,91,109,114,120,157,147,129,140,181,208,193,117,109,95,70,38,8,0,0
2026-02-16,1112,정부청사,승차,0,0,15,27,55,74,96,106,120,117,125,121,162,168,184,139,79,77,70,55,28,0,0,0
2026-02-16,1112,정부청사,하차,0,0,27,41,40,76,68,100,110,133,154,164,166,155,137,134,95,54,82,45,21,9,0,0
2026-02-16,1113,갈마,승차,0,0,27,40,60,93,111,125,109,94,106,84,100,93,109,72,52,65,30,15,31,0,0,0
2026-02-16,1113,갈마,하차,0,0,8,8,18,32,45,69,75,69,70,109,118,97,142,130,110,61,52,74,52,4,0,0
2026-02-16,1114,월평,승차,0,0,19,42,74,89,111,129,124,150,146,124,159,137,118,123,72,50,51,43,21,0,0,0
2026-02-16,1114,월평,하차,0,0,11,11,19,48,59,88,94,107,115,148,133,135,181,122,119,99,95,80,59,4,0,0
2026-02-16,1115,갑천,승차,0,0,10,6,16,31,24,38,25,36,53,44,28,34,28,17,25,20,18,4,1,0,0,0
2026-02-16,1115,갑천,하차,0,0,5,8,10,13,20,23,21,36,23,28,20,43,48,36,31,23,18,12,15,2,0,0
2026-02-16,1116,유성온천,승차,0,0,35,68,125,203,234,285,313,327,399,335,354,353,358,297,235,183,208,120,107,0,0,0
2026-02-16,1116,유성온천,하차,0,0,40,60,90,153,202,216,262,260,249,288,299,403,380,351,257,213,220,165,92,3,0,0
2026-02-16,1117,구암,승차,0,0,18,28,27,51,83,135,126,149,121,177,164,137,123,101,78,67,44,35,22,0,0,0
2026-02-16,1117,구암,하차,0,0,3,22,42,97,97,92,150,125,137,151,131,136,150,124,87,82,38,45,30,2,0,0
2026-02-16,1118,현충원,승차,0,0,4,8,38,45,45,60,99,94,99,96,89,96,51,64,38,27,18,6,1,0,0,0
2026-02-16,1118,현충원,하차,0,0,3,5,8,33,70,72,96,64,75,40,56,51,69,40,29,36,49,29,7,2,0,0
2026-02-16,1119,월드컵경기장,승차,0,0,18,28,45,48,73,71,98,76,97,106,94,72,125,70,48,32,40,22,5,0,0,0
2026-02-16,1119,월드컵경기장,하차,0,0,3,19,24,34,47,46,48,76,57,68,83,106,84,69,43,43,54,49,32,5,0,0
2026-02-16,1120,노은,승차,0,0,9,27,40,84,75,91,106,103,132,141,127,128,155,103,82,71,79,54,32,1,0,0
2026-02-16,1120,노은,하차,0,0,3,13,33,47,74,77,87,102,99,143,121,159,143,159,110,112,79,72,49,7,0,0
2026-02-16,1121,지족,승차,0,1,17,19,17,25,34,57,47,46,68,55,42,77,58,44,29,25,26,13,13,0,0,0
2026-02-16,1121,지족,하차,0,1,7,7,14,23,21,35,20,27,38,43,58,56,61,43,39,32,50,45,45,10,0,0
2026-02-16,1122,반석,승차,0,0,32,42,64,140,149,200,180,196,215,192,194,207,177,147,115,90,78,73,30,4,0,0
2026-02-16,1122,반석,하차,0,0,13,44,53,75,94,94,131,102,146,137,181,216,257,163,159,127,132,156,75,19,0,0
2026-02-17,1101,판암,승차,0,1,35,38,52,79,85,70,129,140,147,154,143,158,146,130,127,90,79,41,18,0,0,0
2026-02-17,1101,판암,하차,0,0,4,24,52,73,70,84,99,107,101,100,102,115,166,95,82,89,80,91,35,12,0,0
2026-02-17,1102,신흥,승차,0,0,21,17,26,26,25,49,56,54,53,75,67,65,80,63,61,47,39,13,2,0,0,0
2026-02-17,1102,신흥,하차,0,0,3,17,25,25,15,25,29,27,44,41,50,78,46,64,55,52,50,57,33,3,0,0
2026-02-17,1103,대동,승차,0,0,24,35,59,41,67,53,85,82,81,82,62,88,108,89,78,83,55,24,15,0,0,0
2026-02-17,1103,대동,하차,0,0,12,19,38,43,42,27,50,51,66,55,67,84,108,88,89,69,74,78,61,13,0,0
2026-02-17,1104,대전,승차,0,0,7,46,123,225,209,355,381,566,387,443,584,640,635,513,616,704,550,473,176,0,0,0
2026-02-17,1104,대전,하차,0,0,73,216,210,249,345,347,411,278,382,411,394,340,285,216,243,193,138,67,28,2,0,0
2026-02-17,1105,중앙로,승차,0,0,18,14,34,58,54,91,103,145,203,197,253,429,447,382,313,273,273,229,98,2,0,0
2026-02-17,1105,중앙로,하차,0,0,13,23,58,83,119,154,242,312,345,391,400,365,421,313,322,203,157,80,34,2,0,0
2026-02-17,1106,중구청,승차,0,0,10,17,32,32,32,21,35,23,29,34,36,45,42,61,37,17,24,15,9,0,0,0
2026-02-17,1106,중구청,하차,0,0,4,14,14,28,20,20,31,52,41,52,62,55,36,37,34,43,45,24,22,1,0,0
2026-02-17,1107,서대전네거리,승차,0,0,32,37,45,58,90,106,98,113,109,140,162,158,129,132,130,114,101,65,40,5,0,0
2026-02-17,1107,서대전네거리,하차,0,0,14,28,44,73,58,71,80,118,113,131,152,205,224,188,146,147,127,109,59,9,0,0
2026-02-17,1108,오룡,승차,0,0,17,33,32,53,49,70,64,63,86,103,114,120,100,75,76,66,47,24,14,0,0,0
2026-02-17,1108,오룡,하차,0,0,7,19,21,41,32,27,41,51,48,61,88,92,99,80,71,67,62,63,54,0,0,0
2026-02-17,1109,용문,승차,0,0,36,51,87,110,126,122,140,133,143,156,171,192,172,171,138,99,77,56,40,0,0,0
2026-02-17,1109,용문,하차,0,0,11,28,63,71,79,76,102,133,140,186,186,224,256,232,196,219,159,144,102,0,0,0
2026-02-17,1110,탄방,승차,0,0,18,62,53,54,51,62,73,46,53,81,106,87,102,70,85,56,57,47,31,0,0,0
2026-02-17,1110,탄방,하차,0,0,10,40,33,34,49,42,59,81,108,84,105,120,148,123,106,115,107,91,41,0,0,0
2026-02-17,1111,시청,승차,0,0,21,24,46,46,58,53,66,65,76,92,115,111,119,106,81,110,103,96,46,0,0,0
2026-02-17,1111,시청,하차,0,0,13,21,27,60,58,60,62,123,126,116,113,149,168,188,114,134,118,88,34,12,0,0
2026-02-17,1112,정부청사,승차,0,0,5,36,49,47,62,50,68,64,61,103,96,103,131,116,74,65,52,51,29,0,0,0
2026-02-17,1112,정부청사,하차,0,0,11,32,31,61,52,50,88,101,112,103,88,144,149,129,102,98,140,81,24,10,0,0
2026-02-17,1113,갈마,승차,0,0,33,40,56,53,71,56,75,77,63,72,67,66,66,68,50,46,41,20,42,1,0,0
2026-02-17,1113,갈마,하차,0,0,10,9,13,26,35,48,66,64,50,89,105,113,145,110,110,98,101,73,83,12,0,0
2026-02-17,1114,월평,승차,0,0,32,36,55,59,58,52,55,80,99,91,111,85,109,73,64,58,44,51,22,5,0,0
2026-02-17,1114,월평,하차,0,0,1,8,29,41,46,51,66,95,67,105,107,129,176,137,109,110,106,133,58,15,0,0
2026-02-17,1115,갑천,승차,0,0,8,11,23,21,22,21,24,17,38,20,10,21,22,22,14,12,16,9,2,0,0,0
2026-02-17,1115,갑천,하차,0,0,1,8,9,13,9,11,8,32,22,26,22,26,27,36,29,31,33,20,25,1,0,0
2026-02-17,1116,유성온천,승차,0,1,47,90,106,142,122,146,162,204,214,221,248,238,235,214,155,169,148,106,90,13,0,0
2026-02-17,1116,유성온천,하차,0,0,36,43,60,108,102,145,165,196,194,203,295,379,348,381,310,289,286,242,145,31,0,0
2026-02-17,1117,구암,승차,0,0,15,17,31,58,49,79,112,92,79,125,125,122,120,116,123,99,80,57,18,1,0,0
2026-02-17,1117,구암,하차,0,0,7,30,51,56,80,66,86,100,99,113,99,118,120,109,118,86,53,40,25,7,0,0
2026-02-17,1118,현충원,승차,0,0,5,14,20,35,37,54,101,129,117,133,121,114,80,50,64,43,30,10,2,0,0,0
2026-02-17,1118,현충원,하차,0,0,2,10,19,53,86,115,98,106,65,70,77,47,45,50,27,50,36,28,17,6,0,0
2026-02-17,1119,월드컵경기장,승차,0,0,8,18,18,33,45,49,35,50,54,64,63,53,69,61,52,30,26,16,6,0,0,0
2026-02-17,1119,월드컵경기장,하차,0,0,2,17,21,31,39,27,35,37,34,34,43,58,65,48,53,45,33,42,33,3,0,0
2026-02-17,1120,노은,승차,0,0,8,17,41,52,59,54,54,65,76,87,101,100,120,124,93,102,80,74,31,0,0,0
2026-02-17,1120,노은,하차,0,0,4,11,13,33,51,50,77,45,75,98,83,130,140,124,131,122,62,85,60,14,0,0
2026-02-17,1121,지족,승차,0,0,12,15,18,22,30,20,33,46,48,58,45,37,52,63,47,30,12,15,7,5,0,0
2026-02-17,1121,지족,하차,0,0,8,12,16,30,19,20,20,22,23,19,35,39,69,33,46,67,49,41,17,16,0,0
2026-02-17,1122,반석,승차,0,0,31,50,74,95,94,121,132,129,150,170,156,174,177,153,124,110,78,75,35,0,0,0
2026-02-17,1122,반석,하차,0,0,11,36,49,70,83,75,83,100,84,99,134,158,200,150,108,123,151,103,71,15,0,0
2026-02-18,1101,판암,승차,0,0,47,36,62,87,136,177,209,214,189,217,188,164,137,136,72,66,39,37,13,0,0,0
2026-02-18,1101,판암,하차,0,0,10,26,34,48,64,79,96,86,102,117,150,227,195,141,122,118,105,98,43,23,0,0
2026-02-18,1102,신흥,승차,0,0,21,29,44,49,75,86,83,90,94,62,89,69,57,56,37,34,16,9,9,0,0,0
2026-02-18,1102,신흥,하차,0,0,7,8,12,23,21,31,41,38,45,61,66,100,70,113,59,62,62,58,34,4,0,0
2026-02-18,1103,대동,승차,0,13,26,38,57,72,120,112,125,123,146,149,131,138,132,95,80,60,49,40,17,6,0,0
2026-02-18,1103,대동,하차,0,13,12,13,22,38,36,44,61,73,95,119,107,144,156,155,99,116,109,118,59,21,0,0
2026-02-18,1104,대전,승차,0,0,11,34,100,189,326,421,522,583,525,624,760,922,727,618,620,725,721,514,234,1,0,0
2026-02-18,1104,대전,하차,0,0,90,148,178,214,318,356,410,442,474,441,454,439,348,268,279,230,155,76,42,0,0,0
2026-02-18,1105,중앙로,승차,0,0,16,24,25,57,75,98,162,169,276,403,476,704,673,676,506,524,436,243,134,2,0,0
2026-02-18,1105,중앙로,하차,0,0,15,33,54,106,225,291,537,773,676,714,675,521,504,351,258,143,91,57,33,2,0,0
2026-02-18,1106,중구청,승차,0,0,23,11,22,36,25,49,40,51,75,82,76,81,54,68,61,30,25,30,11,0,0,0
2026-02-18,1106,중구청,하차,0,0,13,21,11,31,32,59,60,99,76,98,86,87,74,60,51,42,44,22,24,3,0,0
2026-02-18,1107,서대전네거리,승차,0,0,51,40,80,101,131,146,167,204,202,257,193,192,170,230,146,125,111,74,49,0,0,0
2026-02-18,1107,서대전네거리,하차,0,0,11,24,29,60,82,125,125,176,168,201,230,270,257,247,163,183,163,123,75,6,0,0
2026-02-18,1108,오룡,승차,0,0,31,30,51,79,95,107,131,151,118,145,155,164,141,130,78,50,60,30,21,0,0,0
2026-02-18,1108,오룡,하차,0,0,8,25,29,36,42,73,83,63,97,101,127,140,125,131,102,120,107,97,70,0,0,0
2026-02-18,1109,용문,승차,0,0,56,57,73,119,142,186,229,264,254,249,308,303,303,231,172,140,101,50,36,0,0,0
2026-02-18,1109,용문,하차,0,0,8,29,58,98,138,161,190,234,242,287,321,311,370,300,260,216,190,164,107,0,0,0
2026-02-18,1110,탄방,승차,0,0,30,25,58,66,82,77,127,140,125,132,154,110,146,111,117,93,99,56,32,0,0,0
2026-02-18,1110,탄방,하차,0,0,9,43,42,67,75,81,107,144,147,121,153,173,224,188,165,104,107,98,58,0,0,0
2026-02-18,1111,시청,승차,0,0,23,21,42,46,79,99,140,185,196,191,237,279,247,270,216,201,195,255,92,0,0,0
2026-02-18,1111,시청,하차,0,0,13,27,68,98,199,151,163,235,234,244,256,279,272,252,160,187,164,105,73,10,0,0
2026-02-18,1112,정부청사,승차,0,0,15,24,45,47,70,75,106,133,157,221,232,243,217,230,188,162,101,84,26,0,0,0
2026-02-18,1112,정부청사,하차,0,0,24,47,53,87,146,162,193,220,246,236,265,273,272,175,174,145,158,119,41,11,0,0
2026-02-18,1113,갈마,승차,0,0,31,30,40,72,94,106,93,110,133,145,116,114,104,103,70,52,51,30,17,1,0,0
2026-02-18,1113,갈마,하차,0,0,9,13,17,23,35,72,101,99,102,108,160,203,200,164,151,141,127,137,59,8,0,0
2026-02-18,1114,월평,승차,0,0,37,27,51,73,73,90,138,115,120,133,138,146,145,125,103,85,51,44,22,0,0,0
2026-02-18,1114,월평,하차,0,0,10,14,33,41,59,84,96,86,140,164,209,235,228,217,181,196,169,139,104,21,0,0
2026-02-18,1115,갑천,승차,0,0,6,8,17,23,30,15,25,36,31,33,46,42,47,45,28,20,9,5,5,0,0,0
2026-02-18,1115,갑천,하차,0,0,3,10,7,14,17,22,34,22,37,50,48,60,45,61,47,50,48,34,18,0,0,0
2026-02-18,1116,유성온천,승차,0,2,41,62,107,152,166,255,305,324,400,416,470,464,486,332,304,254,232,163,83,5,0,0
2026-02-18,1116,유성온천,하차,0,0,43,66,87,195,237,270,320,416,405,482,499,559,548,523,419,335,390,336,174,20,0,0
2026-02-18,1117,구암,승차,0,0,22,15,25,62,78,96,147,129,138,179,166,154,159,163,117,84,87,62,15,0,0,0
2026-02-18,1117,구암,하차,0,0,3,24,31,65,127,91,119,114,106,159,141,174,184,194,163,112,133,54,35,7,0,0
2026-02-18,1118,현충원,승차,0,0,5,3,22,65,49,74,126,166,133,136,145,130,101,86,62,33,19,15,1,0,0,0
2026-02-18,1118,현충원,하차,0,0,5,5,19,39,58,79,83,76,61,75,105,59,76,58,62,56,61,51,28,1,0,0
2026-02-18,1119,월드컵경기장,승차,0,0,13,17,29,51,62,88,75,103,112,94,73,88,88,92,60,53,54,13,12,0,0,0
2026-02-18,1119,월드컵경기장,하차,0,0,2,9,17,40,39,37,48,51,55,67,97,103,104,79,102,73,75,68,30,7,0,0
2026-02-18,1120,노은,승차,0,0,27,29,44,55,73,136,132,165,190,163,214,203,195,183,128,112,120,77,53,4,0,0
2026-02-18,1120,노은,하차,0,0,6,18,31,39,78,86,72,146,152,166,224,240,253,258,188,153,99,102,56,10,0,0
2026-02-18,1121,지족,승차,0,0,14,18,29,35,51,52,58,65,78,86,64,75,71,63,32,35,42,18,13,0,0,0
2026-02-18,1121,지족,하차,0,0,9,16,13,19,21,27,46,36,39,69,68,72,114,72,63,51,75,74,35,9,0,0
2026-02-18,1122,반석,승차,0,0,24,48,62,145,187,231,232,284,273,329,290,266,227,183,147,110,132,70,48,0,0,0
2026-02-18,1122,반석,하차,0,0,17,39,42,75,94,101,149,120,135,159,218,255,341,295,238,218,249,192,64,24,0,0
2026-02-19,1101,판암,승차,0,6,101,165,413,609,332,258,239,262,286,264,191,218,226,295,91,71,45,32,21,0,0,0
2026-02-19,1101,판암,하차,0,0,11,58,103,238,139,152,159,193,195,223,248,307,317,532,247,174,185,157,50,30,0,0
2026-02-19,1102,신흥,승차,0,0,70,78,326,483,188,107,113,133,129,90,93,98,102,117,48,27,27,14,14,0,0,0
2026-02-19,1102,신흥,하차,0,0,5,15,33,83,31,44,67,94,85,83,133,170,234,376,188,124,113,102,66,10,0,0
2026-02-19,1103,대동,승차,0,0,68,126,380,572,265,174,168,205,242,179,176,220,285,295,103,84,69,51,26,2,0,0
2026-02-19,1103,대동,하차,0,0,16,39,92,218,113,148,137,154,170,183,205,232,290,498,209,179,160,166,105,12,0,0
2026-02-19,1104,대전,승차,0,0,10,126,655,738,617,741,742,763,691,729,768,862,952,890,667,413,411,345,162,1,0,0
2026-02-19,1104,대전,하차,0,0,152,378,643,816,575,597,682,591,600,558,591,615,598,611,374,275,246,115,47,4,0,0
2026-02-19,1105,중앙로,승차,0,0,23,35,114,255,150,207,275,320,436,543,613,702,871,964,544,550,428,262,143,4,0,0
2026-02-19,1105,중앙로,하차,0,0,22,49,177,720,448,508,655,650,658,673,654,552,649,750,381,206,132,82,51,5,0,0
2026-02-19,1106,중구청,승차,0,0,17,47,123,238,105,109,124,131,108,159,176,171,242,367,105,76,73,45,23,0,0,0
2026-02-19,1106,중구청,하차,0,0,13,39,173,546,160,146,134,138,172,118,116,102,137,221,115,74,58,51,46,3,0,0
2026-02-19,1107,서대전네거리,승차,0,3,93,124,425,809,348,359,318,336,347,368,431,414,444,600,212,135,129,106,59,0,0,0
2026-02-19,1107,서대전네거리,하차,0,0,27,69,215,608,338,253,303,293,370,366,363,417,483,929,373,272,228,220,85,15,0,0
2026-02-19,1108,오룡,승차,0,1,80,106,374,721,255,183,236,221,218,199,203,225,252,649,147,73,71,32,32,0,0,0
2026-02-19,1108,오룡,하차,0,0,24,49,133,592,191,137,155,164,153,152,224,233,336,567,284,196,173,126,64,4,0,0
2026-02-19,1109,용문,승차,0,0,100,171,481,1122,417,375,372,419,445,425,393,459,520,446,259,202,199,127,112,0,0,0
2026-02-19,1109,용문,하차,0,0,20,62,187,507,369,357,349,332,433,456,449,526,715,1130,506,297,268,228,122,0,0,0
2026-02-19,1110,탄방,승차,0,0,49,109,206,461,192,211,302,224,210,265,311,275,461,772,236,184,183,181,48,0,0,0
2026-02-19,1110,탄방,하차,0,0,29,83,305,1051,381,233,200,245,358,286,258,291,352,572,278,156,148,89,68,0,0,0
2026-02-19,1111,시청,승차,0,0,47,85,190,347,234,245,365,382,398,408,489,641,871,1436,540,537,514,444,156,0,0,0
2026-02-19,1111,시청,하차,0,0,67,148,485,1831,769,520,442,429,503,467,478,501,603,762,295,198,175,109,89,6,0,0
2026-02-19,1112,정부청사,승차,0,0,27,61,196,311,216,260,270,273,268,321,409,585,850,1648,435,343,251,141,74,1,0,0
2026-02-19,1112,정부청사,하차,0,0,76,170,580,2404,615,386,289,355,380,409,355,349,409,513,270,158,150,98,49,12,0,0
2026-02-19,1113,갈마,승차,0,0,57,101,234,449,214,154,141,188,183,176,177,188,210,197,90,92,82,50,40,2,0,0
2026-02-19,1113,갈마,하차,0,0,21,34,60,136,87,115,149,184,186,146,193,234,291,489,213,138,143,134,83,17,0,0
2026-02-19,1114,월평,승차,0,0,61,118,207,488,220,144,155,184,194,176,190,214,248,315,176,92,92,89,31,15,0,0
2026-02-19,1114,월평,하차,0,0,10,22,112,270,157,162,174,245,229,217,239,290,316,495,202,169,161,142,92,27,0,0
2026-02-19,1115,갑천,승차,0,0,15,24,82,205,86,47,38,52,58,37,48,52,77,98,35,27,33,11,7,1,0,0
2026-02-19,1115,갑천,하차,0,0,9,16,44,105,36,36,34,40,45,43,59,72,75,159,74,53,56,33,19,2,0,0
2026-02-19,1116,유성온천,승차,0,0,93,202,508,1165,474,440,470,492,574,554,591,629,755,864,410,357,287,236,136,3,0,0
2026-02-19,1116,유성온천,하차,0,0,61,124,285,800,523,429,550,530,508,647,653,706,844,1432,567,443,420,368,203,27,0,0
2026-02-19,1117,구암,승차,0,0,35,65,153,382,184,212,241,228,260,246,277,237,233,245,132,103,77,42,20,1,0,0
2026-02-19,1117,구암,하차,0,0,22,44,119,268,187,206,241,238,214,244,229,230,272,352,169,131,95,94,32,11,0,0
2026-02-19,1118,현충원,승차,0,0,17,41,121,314,132,116,110,155,184,124,176,131,155,240,68,54,43,17,7,0,0,0
2026-02-19,1118,현충원,하차,0,0,6,30,60,159,84,110,111,85,99,90,81,97,139,216,93,98,75,74,33,9,0,0
2026-02-19,1119,월드컵경기장,승차,0,0,21,65,211,455,183,140,152,126,173,148,175,179,160,249,86,67,41,19,15,0,0,0
2026-02-19,1119,월드컵경기장,하차,0,0,9,32,111,217,115,83,86,113,113,96,129,168,206,334,160,111,131,102,51,16,0,0
2026-02-19,1120,노은,승차,0,0,30,64,261,446,223,230,244,284,283,252,290,281,366,421,213,205,173,143,59,0,0,0
2026-02-19,1120,노은,하차,0,0,22,42,141,309,267,194,199,222,314,311,305,356,410,623,239,211,165,154,83,12,0,0
2026-02-19,1121,지족,승차,0,0,42,42,147,224,127,91,110,123,144,112,138,143,194,408,89,54,63,34,21,2,0,0
2026-02-19,1121,지족,하차,0,0,11,38,103,451,130,49,92,75,111,92,109,124,147,199,124,99,91,73,65,14,0,0
2026-02-19,1122,반석,승차,0,1,71,160,785,1019,441,382,312,407,399,377,343,362,491,742,283,228,223,146,84,0,0,0
2026-02-19,1122,반석,하차,0,0,24,123,277,557,228,174,220,290,294,332,347,459,686,1107,380,316,348,313,111,23,0,0
2026-02-20,1101,판암,승차,0,0,95,144,413,667,319,273,254,292,303,244,255,231,320,388,125,92,60,38,27,0,1,0
2026-02-20,1101,판암,하차,0,0,14,53,112,247,139,141,205,195,188,197,283,355,348,558,255,204,198,209,75,38,1,0
2026-02-20,1102,신흥,승차,0,0,51,93,338,510,183,125,103,131,120,126,93,98,128,131,85,40,25,20,11,0,0,0
2026-02-20,1102,신흥,하차,0,0,9,20,56,77,47,38,75,79,96,76,126,201,207,390,176,149,133,119,65,16,0,0
2026-02-20,1103,대동,승차,0,0,78,114,388,576,299,193,203,233,254,229,224,228,336,320,166,94,76,61,50,2,0,0
2026-02-20,1103,대동,하차,0,0,17,42,92,253,150,180,155,182,185,183,211,268,325,484,235,183,188,186,126,11,0,0
2026-02-20,1104,대전,승차,0,0,14,104,358,684,703,801,777,824,790,878,963,1039,1182,1300,880,742,624,420,227,2,0,0
2026-02-20,1104,대전,하차,0,0,93,307,688,1014,723,739,782,766,760,750,901,1036,1133,1327,683,459,353,164,76,3,0,0
2026-02-20,1105,중앙로,승차,0,0,22,59,132,256,162,201,282,375,539,560,705,784,850,980,634,556,597,368,189,0,0,0
2026-02-20,1105,중앙로,하차,0,0,26,56,170,731,460,581,722,736,740,723,700,658,734,1084,555,330,183,112,72,4,0,0
2026-02-20,1106,중구청,승차,0,0,24,52,118,278,109,101,126,135,152,152,183,223,267,392,109,90,52,40,16,0,0,0
2026-02-20,1106,중구청,하차,0,0,8,40,149,553,185,121,137,155,191,135,143,158,150,256,111,64,92,59,34,7,0,0
2026-02-20,1107,서대전네거리,승차,0,0,93,115,448,862,367,368,378,350,404,371,385,422,497,606,279,198,160,143,101,0,0,0
2026-02-20,1107,서대전네거리,하차,0,0,29,66,226,595,320,263,351,341,400,327,431,472,579,1068,468,280,273,232,113,10,0,0
2026-02-20,1108,오룡,승차,0,0,76,101,342,784,273,211,205,228,233,207,212,344,324,638,192,103,111,64,21,0,0,0
2026-02-20,1108,오룡,하차,0,0,22,51,137,593,228,139,174,179,191,196,283,299,388,604,260,212,177,143,96,2,0,0
2026-02-20,1109,용문,승차,0,0,103,156,521,1172,431,450,394,439,471,408,496,563,594,584,359,311,215,162,108,0,0,0
2026-02-20,1109,용문,하차,0,0,16,64,185,536,391,338,393,343,476,509,556,583,797,1194,576,404,281,247,155,0,0,0
2026-02-20,1110,탄방,승차,0,0,38,109,258,465,218,219,339,243,276,242,325,324,508,797,250,224,217,220,63,0,0,0
2026-02-20,1110,탄방,하차,0,0,28,95,310,1084,371,245,208,253,398,283,262,312,508,641,285,177,152,125,100,0,0,0
2026-02-20,1111,시청,승차,0,0,34,81,205,379,273,298,419,464,441,460,631,753,1177,1627,512,449,479,565,220,0,0,0
2026-02-20,1111,시청,하차,0,0,59,141,501,1881,829,521,460,495,576,595,561,596,653,810,396,245,230,189,116,12,0,0
2026-02-20,1112,정부청사,승차,0,1,25,62,181,329,175,273,291,333,346,393,547,796,1163,1805,452,314,294,161,71,0,0,0
2026-02-20,1112,정부청사,하차,0,0,83,174,556,2209,583,372,336,372,356,380,372,418,520,544,297,205,193,134,70,27,0,0
2026-02-20,1113,갈마,승차,0,0,50,111,248,502,216,168,207,173,199,177,168,219,240,244,125,124,78,56,39,5,0,0
2026-02-20,1113,갈마,하차,0,0,17,32,52,136,100,108,145,195,197,198,226,262,292,493,226,181,189,157,116,21,0,0
2026-02-20,1114,월평,승차,0,0,56,96,228,467,216,180,179,182,203,248,227,269,309,400,192,154,119,101,56,1,0,0
2026-02-20,1114,월평,하차,0,0,15,31,100,274,147,178,215,202,215,232,240,264,314,577,272,192,184,169,126,12,0,0
2026-02-20,1115,갑천,승차,0,0,11,32,89,229,66,47,53,58,71,47,76,70,103,126,58,27,28,20,7,0,0,0
2026-02-20,1115,갑천,하차,0,0,5,11,38,107,33,33,43,48,52,64,69,72,88,163,57,52,62,39,38,2,0,0
2026-02-20,1116,유성온천,승차,0,0,81,169,582,1282,517,474,470,591,620,665,686,758,860,878,539,398,371,274,169,5,0,0
2026-02-20,1116,유성온천,하차,0,0,62,113,289,794,524,480,547,539,577,655,578,770,1053,1587,709,586,479,437,219,25,0,0
2026-02-20,1117,구암,승차,0,0,35,66,196,382,160,149,180,154,216,200,210,196,256,332,211,133,103,65,30,4,0,0
2026-02-20,1117,구암,하차,0,0,13,54,139,257,171,190,162,144,187,196,227,249,357,407,180,136,128,81,44,10,0,0
2026-02-20,1118,현충원,승차,0,0,19,26,149,303,120,134,162,193,243,157,164,149,213,242,104,68,39,17,5,0,0,0
2026-02-20,1118,현충원,하차,0,0,5,19,59,170,173,187,133,106,101,94,92,114,114,219,72,94,112,86,44,7,0,0
2026-02-20,1119,월드컵경기장,승차,0,0,22,62,210,476,191,190,141,139,152,157,183,208,239,271,134,72,61,33,13,0,0,0
2026-02-20,1119,월드컵경기장,하차,0,0,9,33,113,205,112,86,100,95,117,113,146,198,178,371,179,135,122,122,87,19,0,0
2026-02-20,1120,노은,승차,0,0,40,69,269,467,221,230,265,249,278,259,309,350,389,488,256,215,206,161,59,6,0,0
2026-02-20,1120,노은,하차,0,0,18,40,146,317,256,198,222,243,332,333,365,355,466,626,353,256,221,193,81,25,0,0
2026-02-20,1121,지족,승차,0,0,28,46,140,217,135,120,114,119,144,123,164,178,193,391,98,74,40,28,27,0,0,0
2026-02-20,1121,지족,하차,0,0,14,32,106,506,121,74,82,86,87,98,97,121,180,222,137,98,87,93,58,14,0,0
2026-02-20,1122,반석,승차,0,0,62,167,716,1089,501,376,349,404,400,382,432,463,685,746,396,259,203,185,102,0,0,0
2026-02-20,1122,반석,하차,0,0,38,119,309,593,218,163,205,253,286,298,372,506,792,1046,413,339,366,361,183,39,0,0
2026-02-21,1101,판암,승차,0,0,71,94,172,262,322,290,322,308,311,258,223,238,241,172,99,95,65,45,18,4,0,0
2026-02-21,1101,판암,하차,0,0,13,41,57,117,109,135,183,193,208,173,220,323,367,252,182,183,195,148,75,37,0,0
2026-02-21,1102,신흥,승차,0,0,38,58,114,143,151,132,185,146,131,113,82,110,140,75,53,37,27,17,3,0,0,0
2026-02-21,1102,신흥,하차,0,0,4,14,39,34,42,43,81,96,88,77,145,129,167,171,93,119,102,88,66,10,0,0
2026-02-21,1103,대동,승차,0,0,41,77,147,212,249,216,268,263,226,211,202,238,269,161,107,97,67,43,28,0,0,0
2026-02-21,1103,대동,하차,0,0,16,23,40,104,98,107,147,153,169,176,216,237,216,201,184,172,127,169,132,16,0,0
2026-02-21,1104,대전,승차,0,0,8,76,216,486,761,1060,1203,1065,1126,1181,1208,1226,1101,846,669,635,683,563,360,0,0,0
2026-02-21,1104,대전,하차,0,0,92,281,518,705,875,973,1083,922,984,1006,871,934,843,790,630,562,472,177,59,3,0,0
2026-02-21,1105,중앙로,승차,0,0,17,30,67,140,177,221,327,394,484,627,1016,1092,1185,1186,903,869,669,385,243,3,0,0
2026-02-21,1105,중앙로,하차,0,0,24,52,141,277,449,682,1096,1125,1114,1255,1093,995,1047,799,468,272,214,96,41,5,0,0
2026-02-21,1106,중구청,승차,0,0,19,22,47,87,86,100,116,156,130,126,140,157,130,102,101,66,42,47,24,0,0,0
2026-02-21,1106,중구청,하차,0,0,6,29,33,90,120,108,150,139,178,191,163,139,162,130,102,62,75,51,31,2,0,0
2026-02-21,1107,서대전네거리,승차,0,8,56,76,139,282,281,328,331,377,418,321,339,359,347,310,228,183,138,89,66,4,0,0
2026-02-21,1107,서대전네거리,하차,0,6,20,52,104,193,238,284,318,300,326,327,330,399,483,452,303,259,253,157,124,20,0,0
2026-02-21,1108,오룡,승차,0,1,41,56,135,195,219,232,301,232,205,227,193,205,198,168,114,100,111,34,50,0,0,0
2026-02-21,1108,오룡,하차,0,0,19,28,44,124,131,129,156,159,198,172,207,233,223,240,125,157,121,116,92,6,0,0
2026-02-21,1109,용문,승차,0,1,73,99,183,315,320,435,496,502,576,506,524,568,530,499,291,241,170,111,85,0,0,0
2026-02-21,1109,용문,하차,0,0,20,67,132,287,383,418,457,480,431,517,509,579,567,471,325,305,282,215,222,0,0,0
2026-02-21,1110,탄방,승차,0,0,21,78,141,158,169,218,248,255,306,347,219,348,378,270,175,103,124,88,42,0,0,0
2026-02-21,1110,탄방,하차,0,0,21,56,88,252,281,251,344,305,337,285,246,266,263,241,176,157,131,116,87,0,0,0
2026-02-21,1111,시청,승차,0,0,35,51,90,143,220,274,381,495,496,463,448,580,538,497,393,325,368,300,168,0,0,0
2026-02-21,1111,시청,하차,0,0,34,88,142,343,563,414,459,632,517,449,442,471,516,432,288,211,234,126,80,11,0,0
2026-02-21,1112,정부청사,승차,0,0,29,35,67,138,175,239,370,298,342,362,356,461,451,390,314,321,257,129,55,0,0,0
2026-02-21,1112,정부청사,하차,0,0,27,79,121,237,373,398,401,414,431,454,463,540,441,297,234,245,178,106,69,11,0,0
2026-02-21,1113,갈마,승차,0,0,44,57,113,173,233,236,231,198,203,183,196,214,221,174,98,110,77,55,49,3,0,0
2026-02-21,1113,갈마,하차,0,0,19,20,32,102,95,139,195,201,248,213,212,237,257,231,181,143,125,152,119,16,0,0
2026-02-21,1114,월평,승차,0,0,57,76,112,203,211,227,205,191,227,218,203,257,295,223,120,131,105,83,52,0,0,0
2026-02-21,1114,월평,하차,0,0,14,21,47,77,105,118,221,204,222,211,259,246,318,256,218,172,179,150,129,17,0,0
2026-02-21,1115,갑천,승차,0,0,16,23,32,73,63,52,56,70,65,80,77,65,66,61,41,37,20,15,6,0,0,0
2026-02-21,1115,갑천,하차,0,0,4,17,28,41,49,62,61,97,63,51,65,72,68,75,42,50,44,30,22,5,0,0
2026-02-21,1116,유성온천,승차,0,0,74,148,232,412,492,559,643,648,697,719,723,675,661,547,405,429,348,249,165,6,0,0
2026-02-21,1116,유성온천,하차,0,0,66,92,126,442,408,498,590,668,639,710,613,802,944,896,571,433,515,403,267,47,0,0
2026-02-21,1117,구암,승차,0,0,31,48,82,146,182,218,235,222,228,160,214,207,212,197,129,139,112,69,37,3,0,0
2026-02-21,1117,구암,하차,0,0,6,50,104,153,202,143,169,216,193,186,191,248,202,226,158,142,99,64,54,16,0,0
2026-02-21,1118,현충원,승차,0,0,14,28,70,161,114,189,188,169,223,194,194,201,153,126,85,53,41,17,6,0,0,0
2026-02-21,1118,현충원,하차,0,0,6,16,28,54,114,127,159,98,101,95,95,109,136,101,88,83,85,84,30,8,0,0
2026-02-21,1119,월드컵경기장,승차,0,0,13,35,88,147,173,162,161,162,153,147,133,135,174,239,71,66,68,23,9,0,0,0
2026-02-21,1119,월드컵경기장,하차,0,0,6,32,54,64,127,194,105,90,105,118,143,117,163,126,109,90,85,101,47,14,0,0
2026-02-21,1120,노은,승차,0,0,32,59,135,177,204,230,319,266,313,227,261,278,284,261,179,163,122,104,62,2,0,0
2026-02-21,1120,노은,하차,0,0,15,23,66,153,227,180,214,271,263,289,283,312,326,338,234,185,175,144,103,39,0,0
2026-02-21,1121,지족,승차,0,0,26,39,70,104,116,115,131,130,157,135,108,105,105,121,53,42,44,23,16,4,0,0
2026-02-21,1121,지족,하차,0,0,10,20,31,64,68,67,71,80,130,98,87,115,138,102,94,80,85,93,64,20,0,0
2026-02-21,1122,반석,승차,0,0,65,97,190,366,468,408,476,457,478,440,382,403,386,257,198,190,190,129,70,0,0,0
2026-02-21,1122,반석,하차,0,0,28,68,107,167,196,167,257,231,261,310,387,415,571,450,359,350,345,247,148,47,0,0
2026-02-22,1101,판암,승차,0,0,37,65,99,208,233,199,206,195,197,213,174,170,130,123,55,79,40,23,15,0,0,0
2026-02-22,1101,판암,하차,0,0,11,21,35,64,102,111,124,127,164,158,185,184,216,184,144,141,126,81,53,30,0,0
2026-02-22,1102,신흥,승차,0,0,33,40,58,107,103,108,90,84,99,86,67,86,65,40,46,32,12,11,3,0,0,0
2026-02-22,1102,신흥,하차,0,0,4,9,16,29,35,41,56,45,53,62,113,86,68,108,85,83,79,63,44,5,0,0
2026-02-22,1103,대동,승차,0,0,41,49,76,149,182,172,191,178,177,137,140,174,148,106,47,74,55,27,19,3,0,0
2026-02-22,1103,대동,하차,0,0,11,29,42,41,67,89,96,83,114,155,154,156,189,158,118,122,115,128,106,9,0,0
2026-02-22,1104,대전,승차,0,0,7,49,114,272,419,692,825,809,692,833,940,959,858,768,778,810,791,663,303,0,0,0
2026-02-22,1104,대전,하차,0,0,71,229,272,496,626,718,722,633,750,714,680,686,576,624,512,482,320,83,54,4,0,0
2026-02-22,1105,중앙로,승차,0,0,12,29,35,72,121,201,219,292,412,587,675,786,903,912,731,625,453,224,98,0,0,0
2026-02-22,1105,중앙로,하차,0,0,20,39,82,183,331,509,818,1005,934,966,824,660,633,394,293,146,75,51,31,3,0,0
2026-02-22,1106,중구청,승차,0,0,12,19,26,45,51,50,82,72,86,101,93,100,108,68,71,32,18,27,11,0,0,0
2026-02-22,1106,중구청,하차,0,0,13,20,22,34,63,71,111,125,107,100,98,93,100,76,38,46,59,38,25,3,0,0
2026-02-22,1107,서대전네거리,승차,0,0,48,49,78,139,186,232,185,229,275,285,235,245,207,232,140,129,77,66,45,0,0,0
2026-02-22,1107,서대전네거리,하차,0,0,18,40,68,97,149,166,177,201,249,266,272,314,321,320,222,204,160,125,81,5,0,0
2026-02-22,1108,오룡,승차,0,0,44,33,70,106,129,168,156,248,166,158,163,176,137,92,122,61,52,25,27,0,0,0
2026-02-22,1108,오룡,하차,0,0,14,39,31,87,111,177,87,115,139,163,129,154,211,155,124,131,97,88,50,0,0,0
2026-02-22,1109,용문,승차,0,0,41,76,86,175,242,414,508,400,556,496,452,431,448,294,229,192,164,110,118,0,0,0
2026-02-22,1109,용문,하차,0,0,14,45,111,464,297,358,480,309,308,418,496,363,429,356,325,242,228,186,98,0,0,0
2026-02-22,1110,탄방,승차,0,0,24,51,58,106,109,137,170,170,191,207,215,200,174,169,121,98,77,51,32,0,0,0
2026-02-22,1110,탄방,하차,0,0,15,48,43,79,126,211,169,207,188,197,183,193,223,162,129,155,155,66,85,0,0,0
2026-02-22,1111,시청,승차,0,0,32,44,43,132,124,164,211,265,246,292,299,351,356,372,324,250,221,198,89,0,0,0
2026-02-22,1111,시청,하차,0,0,15,53,57,132,207,207,277,370,306,327,324,326,319,253,226,168,166,111,78,13,0,0
2026-02-22,1112,정부청사,승차,0,0,22,31,63,105,127,139,166,157,222,229,268,284,275,219,206,212,152,69,57,0,0,0
2026-02-22,1112,정부청사,하차,0,0,21,58,58,105,197,231,266,285,218,285,291,304,295,203,149,145,169,99,51,12,0,0
2026-02-22,1113,갈마,승차,0,0,22,58,64,152,148,169,134,139,140,157,149,142,185,104,95,70,58,22,30,1,0,0
2026-02-22,1113,갈마,하차,0,0,8,8,21,43,62,105,127,142,144,199,188,189,192,156,152,121,126,92,77,10,0,0
2026-02-22,1114,월평,승차,0,0,35,51,67,137,157,151,186,131,181,212,148,142,124,90,91,74,59,36,20,0,0,0
2026-02-22,1114,월평,하차,0,0,8,12,25,54,59,90,155,127,121,147,182,170,237,148,157,141,149,140,110,11,0,0
2026-02-22,1115,갑천,승차,0,0,11,15,14,47,35,40,45,68,52,54,64,55,44,36,26,27,18,6,4,0,0,0
2026-02-22,1115,갑천,하차,0,0,6,17,11,21,42,44,43,48,40,49,59,50,72,57,41,43,43,24,32,1,0,0
2026-02-22,1116,유성온천,승차,0,0,67,123,139,315,346,404,451,499,522,552,497,454,452,419,377,287,243,156,96,4,0,0
2026-02-22,1116,유성온천,하차,0,0,57,85,97,209,292,299,373,387,415,546,505,566,610,553,491,439,438,288,207,26,0,0
2026-02-22,1117,구암,승차,0,0,17,30,46,91,118,148,173,131,152,146,183,189,130,155,147,92,99,60,25,4,0,0
2026-02-22,1117,구암,하차,0,0,4,27,43,77,137,127,139,107,136,146,149,154,131,205,156,144,96,55,34,6,0,0
2026-02-22,1118,현충원,승차,0,0,5,15,35,87,84,106,133,127,158,135,112,114,96,69,57,41,29,8,1,5,0,0
2026-02-22,1118,현충원,하차,0,0,5,11,18,55,82,91,81,68,66,71,85,64,96,56,69,82,79,47,26,11,0,0
2026-02-22,1119,월드컵경기장,승차,0,0,10,26,41,76,122,135,102,131,116,120,108,112,107,84,59,32,40,14,6,0,0,0
2026-02-22,1119,월드컵경기장,하차,0,0,1,12,25,26,70,89,83,59,90,104,89,130,113,94,100,96,84,81,33,20,0,0
2026-02-22,1120,노은,승차,0,0,22,27,61,123,136,125,195,168,211,212,161,201,192,194,136,117,84,60,43,2,0,0
2026-02-22,1120,노은,하차,0,0,10,18,24,60,106,118,124,149,189,252,214,231,225,235,239,162,135,112,72,18,0,0
2026-02-22,1121,지족,승차,0,0,12,28,32,56,72,99,80,98,112,101,79,83,84,75,48,22,32,10,12,0,0,0
2026-02-22,1121,지족,하차,0,0,6,18,15,37,49,63,43,47,64,63,90,125,100,83,109,72,60,61,48,10,0,0
2026-02-22,1122,반석,승차,0,0,43,72,110,188,302,310,314,305,377,325,289,250,248,169,158,140,122,89,38,5,0,0
2026-02-22,1122,반석,하차,0,0,12,48,58,96,144,153,191,144,228,234,260,355,394,336,313,250,221,157,108,30,0,0
2026-02-23,1101,판암,승차,0,4,97,161,460,652,348,257,269,271,293,203,226,237,281,315,87,109,48,32,14,2,0,0
2026-02-23,1101,판암,하차,0,0,6,62,135,277,131,158,177,215,225,208,274,338,337,580,270,179,161,155,53,37,0,0
2026-02-23,1102,신흥,승차,0,0,73,88,344,532,199,131,93,97,132,89,83,99,119,112,44,35,26,13,5,0,0,0
2026-02-23,1102,신흥,하차,0,0,16,20,55,70,53,62,80,83,67,107,128,179,225,396,194,133,131,90,38,23,0,0
2026-02-23,1103,대동,승차,0,0,70,134,407,603,256,206,184,228,216,216,221,254,275,358,122,80,82,49,40,11,0,0
2026-02-23,1103,대동,하차,0,0,13,49,121,279,152,133,174,153,177,187,231,243,352,531,262,189,168,164,117,20,0,0
2026-02-23,1104,대전,승차,0,0,12,149,697,922,733,760,737,845,747,875,924,890,989,1028,673,504,427,367,184,3,0,0
2026-02-23,1104,대전,하차,0,0,200,526,801,997,772,730,757,641,754,729,812,745,771,810,460,357,230,98,39,6,0,0
2026-02-23,1105,중앙로,승차,0,0,21,49,125,270,166,209,258,375,538,577,619,724,896,1012,574,517,430,251,131,1,0,0
2026-02-23,1105,중앙로,하차,0,0,23,70,167,747,479,613,686,733,698,703,628,631,584,702,367,209,125,81,52,3,0,0
2026-02-23,1106,중구청,승차,0,0,19,55,124,249,121,117,130,161,123,146,177,221,284,387,115,78,75,49,16,0,0,0
2026-02-23,1106,중구청,하차,0,0,15,37,175,643,206,139,145,160,156,147,125,150,152,240,94,66,59,42,34,3,0,0
2026-02-23,1107,서대전네거리,승차,0,3,102,153,456,872,316,401,349,351,385,483,398,399,468,539,215,155,136,78,48,1,0,0
2026-02-23,1107,서대전네거리,하차,0,0,28,91,233,616,342,284,324,334,453,348,358,459,490,965,354,273,241,209,108,7,0,0
2026-02-23,1108,오룡,승차,0,0,79,118,381,792,272,223,224,204,224,230,184,350,273,753,150,78,62,38,28,0,0,0
2026-02-23,1108,오룡,하차,0,0,29,59,159,618,213,142,167,197,189,155,228,232,366,585,228,157,156,142,70,2,0,0
2026-02-23,1109,용문,승차,0,2,130,214,540,1229,433,387,399,434,489,446,465,517,583,530,280,224,177,118,140,0,0,0
2026-02-23,1109,용문,하차,0,0,21,80,204,555,403,365,359,419,432,481,521,558,690,1191,490,343,301,213,127,0,0,0
2026-02-23,1110,탄방,승차,0,2,69,115,260,539,251,276,288,231,250,280,330,312,510,805,268,211,156,135,40,0,0,0
2026-02-23,1110,탄방,하차,0,2,30,92,343,1192,456,289,178,215,304,334,293,284,365,607,245,153,142,108,69,0,0,0
2026-02-23,1111,시청,승차,0,0,56,115,218,399,277,342,411,481,466,533,595,719,945,1487,497,535,494,570,148,0,0,0
2026-02-23,1111,시청,하차,0,0,64,151,543,1968,891,521,460,466,538,549,483,553,663,845,306,225,171,136,79,7,0,0
2026-02-23,1112,정부청사,승차,0,0,33,87,198,325,215,285,355,328,390,403,476,647,953,1754,514,313,295,146,60,1,0,0
2026-02-23,1112,정부청사,하차,0,0,93,200,619,2604,788,393,323,379,409,431,372,356,402,489,258,162,145,104,46,10,0,0
2026-02-23,1113,갈마,승차,0,0,81,125,279,508,209,135,160,186,197,169,181,175,225,183,81,72,84,40,30,3,0,0
2026-02-23,1113,갈마,하차,0,0,21,33,66,150,122,102,131,176,174,180,210,248,330,500,196,180,120,132,101,9,0,0
2026-02-23,1114,월평,승차,0,0,67,124,240,469,263,156,166,202,208,209,209,235,247,335,140,125,101,67,38,0,0,0
2026-02-23,1114,월평,하차,0,0,8,32,89,307,157,188,148,204,204,220,254,248,295,542,227,196,184,140,97,9,0,0
2026-02-23,1115,갑천,승차,0,0,19,31,92,226,84,43,56,53,67,52,41,61,67,106,53,21,18,15,8,0,0,0
2026-02-23,1115,갑천,하차,0,0,6,23,33,120,31,47,41,64,58,55,65,70,106,142,70,48,53,31,29,2,0,0
2026-02-23,1116,유성온천,승차,0,3,98,225,599,1320,582,467,459,541,537,537,615,630,728,831,471,365,324,203,128,8,0,0
2026-02-23,1116,유성온천,하차,0,0,36,134,312,816,553,490,489,587,511,560,567,735,911,1434,649,441,483,362,214,21,0,0
2026-02-23,1117,구암,승차,0,0,49,73,194,421,180,165,220,186,216,193,225,206,234,233,131,109,76,46,30,2,0,0
2026-02-23,1117,구암,하차,0,0,18,64,123,240,182,167,156,182,201,216,223,211,268,361,172,130,119,82,38,7,0,0
2026-02-23,1118,현충원,승차,0,0,17,37,151,332,118,130,105,142,173,132,131,110,142,194,64,31,30,16,5,0,0,0
2026-02-23,1118,현충원,하차,0,0,5,19,74,132,96,102,128,74,82,92,118,135,148,199,86,65,55,63,27,10,0,0
2026-02-23,1119,월드컵경기장,승차,0,0,23,68,257,505,204,172,146,153,197,174,157,181,172,252,85,59,75,18,13,0,0,0
2026-02-23,1119,월드컵경기장,하차,0,0,12,44,129,249,143,88,103,122,113,101,142,175,201,350,174,107,141,103,58,13,0,0
2026-02-23,1120,노은,승차,0,0,44,81,319,504,257,244,236,272,252,250,249,284,370,409,189,177,156,113,49,0,0,0
2026-02-23,1120,노은,하차,0,0,22,37,140,338,259,207,211,223,302,304,321,351,427,640,294,179,190,142,87,19,0,0
2026-02-23,1121,지족,승차,0,0,30,41,155,268,128,99,99,119,129,123,128,154,171,366,120,68,65,46,21,0,0,0
2026-02-23,1121,지족,하차,0,0,10,38,127,493,171,65,110,90,91,105,113,125,186,205,110,99,96,81,47,10,0,0
2026-02-23,1122,반석,승차,0,0,86,176,842,1165,556,346,337,363,327,380,351,374,494,774,296,256,212,176,125,2,0,0
2026-02-23,1122,반석,하차,0,0,37,127,325,611,233,180,244,276,318,326,380,529,690,1086,500,305,333,326,146,23,0,0
2026-02-24,1101,판암,승차,0,2,97,136,464,671,351,198,188,232,243,209,174,225,263,348,101,78,53,22,14,0,0,0
2026-02-24,1101,판암,하차,0,0,12,55,130,287,139,129,169,182,190,168,223,273,331,503,263,200,175,154,59,30,0,0
2026-02-24,1102,신흥,승차,0,0,56,96,347,552,177,105,104,103,131,97,80,108,104,115,55,29,15,9,8,1,0,0
2026-02-24,1102,신흥,하차,0,0,6,21,50,89,49,49,67,100,69,75,112,170,176,479,173,115,129,122,46,8,0,0
2026-02-24,1103,대동,승차,0,0,77,126,408,632,279,172,167,216,235,170,197,209,295,369,148,70,69,45,26,2,0,0
2026-02-24,1103,대동,하차,0,0,16,34,112,313,149,126,124,153,169,158,204,249,320,552,228,190,179,199,114,26,0,0
2026-02-24,1104,대전,승차,0,0,20,101,434,701,667,767,686,943,779,756,817,867,961,1087,781,557,484,427,169,0,0,0
2026-02-24,1104,대전,하차,0,0,117,401,758,995,731,678,715,736,739,721,784,849,800,915,526,392,274,116,47,4,0,0
2026-02-24,1105,중앙로,승차,0,0,28,55,129,279,146,168,246,355,492,551,618,625,797,964,671,506,466,261,122,1,0,0
2026-02-24,1105,중앙로,하차,0,0,29,55,176,730,437,564,607,742,671,607,615,546,554,724,344,177,136,88,56,3,0,0
2026-02-24,1106,중구청,승차,0,0,28,61,117,251,108,118,124,190,144,121,177,206,279,413,123,92,79,41,11,0,0,0
2026-02-24,1106,중구청,하차,0,0,18,43,159,644,215,148,130,112,171,174,103,125,124,242,94,78,77,55,34,3,0,0
2026-02-24,1107,서대전네거리,승차,0,2,99,147,463,849,352,331,308,363,314,325,333,375,425,543,224,200,173,103,61,0,0,0
2026-02-24,1107,서대전네거리,하차,0,0,36,66,237,653,309,244,293,318,348,294,367,399,515,884,407,262,245,225,88,7,0,0
2026-02-24,1108,오룡,승차,0,0,85,113,368,765,245,205,216,230,227,194,166,252,415,744,142,57,48,43,42,0,0,0
2026-02-24,1108,오룡,하차,0,0,21,38,157,625,212,137,146,194,174,153,191,212,329,521,239,163,163,142,97,2,0,0
2026-02-24,1109,용문,승차,0,0,110,199,519,1247,412,366,368,448,441,404,324,494,533,465,240,260,241,139,133,0,0,0
2026-02-24,1109,용문,하차,0,0,19,66,196,541,417,308,365,384,349,404,436,467,699,1268,539,332,338,220,124,0,0,0
2026-02-24,1110,탄방,승차,0,0,38,115,249,508,196,211,295,235,225,262,286,282,494,809,209,180,223,197,44,0,0,0
2026-02-24,1110,탄방,하차,0,0,36,101,316,1097,384,196,169,227,368,257,240,273,336,664,274,174,151,118,82,0,0,0
2026-02-24,1111,시청,승차,0,0,39,86,238,441,253,293,394,431,418,452,550,694,1014,1429,548,564,552,572,188,1,0,0
2026-02-24,1111,시청,하차,0,0,64,152,482,1952,872,486,467,433,620,542,498,495,625,831,341,257,201,142,76,5,0,0
2026-02-24,1112,정부청사,승차,0,0,28,72,192,350,236,236,348,326,319,366,492,622,951,1815,453,378,296,168,83,0,0,0
2026-02-24,1112,정부청사,하차,0,0,93,209,605,2446,782,359,305,362,389,325,317,338,372,548,228,219,203,110,67,11,0,0
2026-02-24,1113,갈마,승차,0,0,75,111,258,528,241,159,149,127,172,136,148,144,186,180,93,89,69,39,26,0,0,0
2026-02-24,1113,갈마,하차,0,0,22,40,63,147,91,93,105,168,160,156,186,209,308,512,215,160,169,157,99,25,0,0
2026-02-24,1114,월평,승차,0,0,59,102,254,523,217,140,137,176,222,173,204,195,239,355,138,118,99,90,44,0,0,0
2026-02-24,1114,월평,하차,0,0,23,29,104,268,172,136,152,172,234,172,205,266,292,524,235,184,181,147,103,10,0,0
2026-02-24,1115,갑천,승차,0,0,15,30,87,231,73,45,42,44,42,36,38,59,71,94,29,16,25,11,8,0,0,0
2026-02-24,1115,갑천,하차,0,0,3,24,35,112,38,28,40,58,47,60,50,52,82,145,80,44,46,28,22,3,0,0
2026-02-24,1116,유성온천,승차,0,0,88,228,584,1360,528,431,447,543,572,525,533,668,722,892,447,402,353,231,121,1,0,0
2026-02-24,1116,유성온천,하차,0,0,66,123,311,833,565,405,502,476,455,592,544,636,945,1443,694,470,461,407,261,28,0,0
2026-02-24,1117,구암,승차,0,0,41,68,191,422,196,174,223,194,200,178,245,187,218,268,147,90,82,62,30,0,0,0
2026-02-24,1117,구암,하차,0,0,11,58,137,264,235,168,200,186,181,176,215,187,265,377,141,133,107,77,43,6,0,0
2026-02-24,1118,현충원,승차,0,0,20,34,145,342,124,93,100,138,122,140,126,118,143,211,55,50,42,14,7,2,0,0
2026-02-24,1118,현충원,하차,0,0,3,20,77,144,74,98,92,86,65,94,82,101,137,214,77,72,74,83,23,6,0,0
2026-02-24,1119,월드컵경기장,승차,0,0,23,63,255,515,209,139,109,132,204,156,164,130,195,256,96,81,87,35,15,0,0,0
2026-02-24,1119,월드컵경기장,하차,0,0,12,33,112,255,121,87,139,90,122,102,100,181,222,390,153,140,130,95,70,18,0,0
2026-02-24,1120,노은,승차,0,0,34,76,288,508,244,208,245,231,261,204,275,265,355,412,196,177,198,148,58,6,0,0
2026-02-24,1120,노은,하차,0,0,21,33,148,340,261,186,206,211,286,274,307,334,425,627,321,202,204,170,97,16,0,0
2026-02-24,1121,지족,승차,0,0,29,39,183,265,132,101,106,141,130,145,144,140,203,420,125,87,79,51,24,0,0,0
2026-02-24,1121,지족,하차,0,0,11,27,127,527,142,59,94,115,153,70,103,153,170,232,125,100,105,132,59,11,0,0
2026-02-24,1122,반석,승차,0,0,72,174,806,1181,513,384,313,371,332,376,331,416,551,751,337,259,210,219,95,0,0,0
2026-02-24,1122,반석,하차,0,0,39,124,318,634,230,198,231,294,327,346,363,463,708,1153,372,349,380,329,150,21,0,0
2026-02-25,1101,판암,승차,0,9,97,155,488,667,339,272,268,322,293,249,235,238,283,359,104,102,68,35,14,0,0,0
2026-02-25,1101,판암,하차,0,4,11,49,145,268,127,138,204,175,195,260,279,372,379,586,246,187,202,210,88,24,0,0
2026-02-25,1102,신흥,승차,0,0,63,99,379,557,188,130,116,116,138,113,97,104,132,115,68,48,13,13,13,0,0,0
2026-02-25,1102,신흥,하차,0,0,9,21,52,81,45,56,79,84,102,107,131,166,234,429,203,144,159,130,78,12,0,0
2026-02-25,1103,대동,승차,0,0,75,138,410,617,286,201,241,216,263,203,193,242,331,355,165,104,68,44,36,1,0,0
2026-02-25,1103,대동,하차,0,0,20,37,118,282,148,127,142,155,198,216,245,272,301,533,287,199,249,227,128,14,0,0
2026-02-25,1104,대전,승차,0,13,16,105,444,835,769,853,739,925,836,891,985,984,1076,1149,785,499,460,460,180,16,0,0
2026-02-25,1104,대전,하차,0,13,109,413,812,1089,828,785,889,770,901,803,898,937,907,969,558,428,301,136,61,16,0,0
2026-02-25,1105,중앙로,승차,0,0,24,53,147,299,138,224,279,357,513,614,740,745,915,1054,648,548,504,275,153,1,0,0
2026-02-25,1105,중앙로,하차,0,0,28,62,170,778,442,565,676,712,740,719,734,752,676,824,434,220,114,86,46,4,0,0
2026-02-25,1106,중구청,승차,0,0,20,53,135,297,105,101,161,155,157,143,188,220,320,409,119,102,76,34,24,0,0,0
2026-02-25,1106,중구청,하차,0,0,16,43,173,614,234,134,126,156,208,179,173,172,177,269,133,78,74,60,45,9,0,0
2026-02-25,1107,서대전네거리,승차,0,5,93,151,472,885,383,370,373,363,378,391,373,439,462,612,283,215,177,137,94,1,0,0
2026-02-25,1107,서대전네거리,하차,0,0,33,85,217,644,304,289,290,306,394,367,391,441,584,1004,437,291,304,217,96,11,0,0
2026-02-25,1108,오룡,승차,0,0,68,122,402,837,307,205,286,228,264,213,215,277,397,792,158,106,93,55,28,0,0,0
2026-02-25,1108,오룡,하차,0,0,24,53,150,633,223,165,164,192,193,211,258,259,383,567,265,180,178,159,81,0,0,0
2026-02-25,1109,용문,승차,0,9,107,198,542,1255,402,374,424,423,688,642,580,585,642,519,323,253,461,192,135,0,0,0
2026-02-25,1109,용문,하차,0,8,30,65,171,610,457,344,639,418,505,471,532,595,735,1420,801,368,326,237,149,1,0,0
2026-02-25,1110,탄방,승차,0,0,31,113,265,537,261,228,269,208,222,303,346,315,500,787,290,217,267,238,49,0,0,0
2026-02-25,1110,탄방,하차,0,0,28,89,331,1153,399,211,209,265,363,256,279,308,407,704,278,178,183,108,90,0,0,0
2026-02-25,1111,시청,승차,0,0,29,94,247,448,227,303,444,430,493,481,573,676,970,1518,589,510,531,567,193,1,0,0
2026-02-25,1111,시청,하차,0,0,65,144,522,1920,860,492,474,469,593,536,564,530,724,878,375,230,246,173,99,14,0,0
2026-02-25,1112,정부청사,승차,0,0,24,74,186,359,247,299,379,360,379,408,538,682,958,1811,485,360,268,166,70,1,0,0
2026-02-25,1112,정부청사,하차,0,0,88,208,617,2568,781,397,347,402,437,403,370,419,467,508,271,173,169,131,48,23,0,0
2026-02-25,1113,갈마,승차,0,0,58,116,264,517,235,174,184,190,185,156,182,193,196,240,141,87,82,51,35,0,0,0
2026-02-25,1113,갈마,하차,0,0,17,28,58,157,110,107,129,181,184,211,210,258,304,503,240,176,153,154,118,23,0,0
2026-02-25,1114,월평,승차,0,0,58,120,238,513,243,162,192,215,235,195,201,261,247,375,185,137,121,94,34,0,0,0
2026-02-25,1114,월평,하차,0,0,10,30,102,313,236,212,214,192,213,211,207,258,306,550,245,183,222,173,103,13,0,0
2026-02-25,1115,갑천,승차,0,0,21,33,106,222,71,58,42,40,49,64,54,58,87,110,49,21,25,9,10,0,0,0
2026-02-25,1115,갑천,하차,0,0,3,16,37,110,35,32,39,46,61,57,64,84,90,167,71,54,58,34,25,0,0,0
2026-02-25,1116,유성온천,승차,0,0,91,200,625,1386,590,467,496,601,578,699,699,824,864,964,432,380,375,230,138,3,0,0
2026-02-25,1116,유성온천,하차,0,0,73,99,324,855,659,555,585,571,539,620,688,663,963,1567,730,446,571,437,223,18,0,0
2026-02-25,1117,구암,승차,0,0,42,80,185,442,189,153,201,192,212,195,219,224,251,255,172,115,78,77,31,1,0,0
2026-02-25,1117,구암,하차,0,0,15,58,129,279,145,174,154,169,152,171,235,213,279,371,178,129,139,85,44,2,0,0
2026-02-25,1118,현충원,승차,0,0,16,28,139,344,143,139,136,143,179,154,182,169,306,252,87,83,69,29,6,0,0,0
2026-02-25,1118,현충원,하차,0,0,2,32,124,318,131,106,113,135,88,85,79,114,146,227,104,82,87,82,30,2,0,0
2026-02-25,1119,월드컵경기장,승차,0,0,20,61,238,542,209,194,171,161,159,144,149,178,226,264,119,72,65,22,12,1,0,0
2026-02-25,1119,월드컵경기장,하차,0,0,7,38,110,244,147,86,89,120,129,134,147,178,204,375,159,118,142,121,76,15,0,0
2026-02-25,1120,노은,승차,0,0,45,100,311,496,271,212,232,263,248,264,259,286,366,457,237,232,205,159,58,4,0,0
2026-02-25,1120,노은,하차,0,0,21,34,146,346,253,206,179,243,278,354,302,376,475,663,369,203,224,165,79,17,0,0
2026-02-25,1121,지족,승차,0,4,32,39,169,240,143,81,115,143,137,150,143,153,187,415,99,94,75,43,20,4,0,0
2026-02-25,1121,지족,하차,0,4,10,31,120,529,157,61,87,92,108,97,105,137,158,196,137,118,110,88,49,13,0,0
2026-02-25,1122,반석,승차,0,0,82,186,842,1234,577,395,383,361,391,345,362,380,605,839,337,274,261,192,106,0,0,0
2026-02-25,1122,반석,하차,0,0,34,139,330,623,255,170,255,283,313,354,391,496,710,1147,415,380,393,361,163,42,0,0
2026-02-26,1101,판암,승차,0,0,104,139,503,700,329,286,241,263,294,237,224,239,285,326,122,102,52,40,17,0,0,0
2026-02-26,1101,판암,하차,0,0,13,55,123,242,139,157,213,182,207,228,269,384,356,565,252,202,207,211,58,26,0,0
2026-02-26,1102,신흥,승차,0,0,56,100,365,499,195,146,98,128,125,95,93,110,126,114,61,26,25,14,13,0,0,0
2026-02-26,1102,신흥,하차,0,0,13,18,52,84,54,47,79,72,93,67,128,163,188,433,178,157,146,118,50,12,0,0
2026-02-26,1103,대동,승차,0,0,82,126,406,604,292,195,212,228,271,228,227,261,350,365,137,93,71,75,33,1,0,0
2026-02-26,1103,대동,하차,0,0,21,45,100,274,158,170,150,178,189,199,235,252,353,519,272,187,199,193,120,23,0,0
2026-02-26,1104,대전,승차,0,0,21,100,516,738,673,854,771,949,802,983,918,1053,975,1080,787,535,422,428,189,1,0,0
2026-02-26,1104,대전,하차,0,0,123,437,827,1109,824,769,880,745,828,814,825,935,968,935,625,388,266,136,49,3,0,0
2026-02-26,1105,중앙로,승차,0,0,28,59,142,313,175,202,258,393,533,630,652,777,875,1015,675,553,531,262,158,1,0,0
2026-02-26,1105,중앙로,하차,0,0,32,51,180,768,528,623,738,751,694,684,684,673,631,806,386,224,142,94,84,7,0,0
2026-02-26,1106,중구청,승차,0,0,24,51,140,257,110,122,123,147,160,175,188,174,280,431,89,94,85,61,19,2,0,0
2026-02-26,1106,중구청,하차,0,0,11,43,166,595,217,163,152,125,150,149,155,147,160,244,91,76,74,62,56,6,0,0
2026-02-26,1107,서대전네거리,승차,0,0,95,146,494,846,314,377,381,370,340,313,405,390,473,603,255,200,197,135,72,0,0,0
2026-02-26,1107,서대전네거리,하차,0,0,32,69,217,633,358,308,293,313,354,324,341,481,607,924,436,329,276,234,110,15,0,0
2026-02-26,1108,오룡,승차,0,0,78,123,401,785,288,232,249,216,227,210,167,224,295,648,181,98,85,49,21,0,0,0
2026-02-26,1108,오룡,하차,0,0,16,46,160,638,217,128,176,189,208,211,210,265,364,549,234,162,184,142,92,2,0,0
2026-02-26,1109,용문,승차,0,1,122,203,510,1263,436,376,424,463,547,457,482,521,571,533,305,227,235,179,138,0,0,0
2026-02-26,1109,용문,하차,0,0,24,59,191,533,421,365,398,414,481,461,507,572,759,1180,485,319,350,263,163,0,0,0
2026-02-26,1110,탄방,승차,0,0,40,122,241,516,231,224,278,217,244,281,298,337,501,809,229,186,257,207,41,0,0,0
2026-02-26,1110,탄방,하차,0,0,30,101,320,1117,380,229,210,237,325,279,252,292,388,715,295,187,144,128,88,0,0,0
2026-02-26,1111,시청,승차,0,0,36,108,243,444,297,309,391,386,436,445,536,683,910,1437,565,516,547,541,188,0,0,0
2026-02-26,1111,시청,하차,0,0,60,130,527,1876,791,498,443,481,557,512,513,559,683,873,317,254,193,146,77,9,0,0
2026-02-26,1112,정부청사,승차,0,1,34,79,230,356,233,259,370,332,327,440,609,664,994,1702,496,415,307,157,88,0,0,0
2026-02-26,1112,정부청사,하차,0,0,89,187,594,2457,668,377,398,445,450,444,390,371,449,553,263,202,170,135,67,8,0,0
2026-02-26,1113,갈마,승차,0,0,59,123,232,476,239,183,156,191,195,155,163,173,215,199,121,115,73,53,47,0,0,0
2026-02-26,1113,갈마,하차,0,0,19,29,54,143,102,87,135,180,172,193,204,235,277,454,238,134,154,162,95,14,0,0
2026-02-26,1114,월평,승차,0,7,58,125,274,524,251,186,193,212,216,212,201,269,289,341,148,123,120,92,40,0,0,0
2026-02-26,1114,월평,하차,0,7,19,32,120,282,198,160,168,170,229,228,239,246,289,560,244,168,214,138,105,12,0,0
2026-02-26,1115,갑천,승차,0,0,15,32,101,239,92,59,52,53,55,57,60,48,80,106,48,25,23,10,10,0,0,0
2026-02-26,1115,갑천,하차,0,0,5,15,39,120,40,40,36,45,42,69,56,68,87,166,80,50,42,35,31,3,0,0
2026-02-26,1116,유성온천,승차,0,0,104,215,612,1322,565,468,493,628,579,611,662,693,886,820,403,372,411,266,159,5,0,0
2026-02-26,1116,유성온천,하차,0,0,90,129,290,799,506,467,555,532,577,640,567,706,1025,1470,718,420,530,451,229,21,0,0
2026-02-26,1117,구암,승차,0,0,39,67,184,435,184,147,198,193,161,228,221,225,246,264,177,76,91,54,30,0,0,0
2026-02-26,1117,구암,하차,0,0,13,76,156,261,186,136,170,175,179,178,197,231,268,378,137,157,120,84,54,9,0,0
2026-02-26,1118,현충원,승차,0,0,17,44,154,371,153,160,116,132,168,151,163,220,441,197,84,72,59,20,4,2,0,0
2026-02-26,1118,현충원,하차,0,0,4,33,111,391,134,124,159,136,86,83,96,107,162,229,96,89,76,70,29,12,0,0
2026-02-26,1119,월드컵경기장,승차,0,0,23,82,237,520,189,154,140,161,172,147,161,178,197,277,104,78,69,28,18,0,0,0
2026-02-26,1119,월드컵경기장,하차,0,0,9,31,117,231,122,77,92,132,114,137,159,175,202,330,188,116,127,121,78,14,0,0
2026-02-26,1120,노은,승차,0,0,48,80,282,470,245,251,208,264,272,214,284,285,372,440,248,190,139,158,57,3,0,0
2026-02-26,1120,노은,하차,0,0,19,34,134,346,241,186,232,239,270,333,328,390,454,597,315,229,219,187,79,21,0,0
2026-02-26,1121,지족,승차,0,0,33,54,164,239,126,111,117,120,142,110,176,200,189,388,110,68,70,45,23,0,0,0
2026-02-26,1121,지족,하차,0,0,17,26,113,519,176,81,126,89,90,112,113,135,140,234,121,116,106,99,80,14,0,0
2026-02-26,1122,반석,승차,0,0,67,161,814,1107,598,394,402,373,387,344,357,414,645,773,309,294,228,212,98,8,0,0
2026-02-26,1122,반석,하차,0,0,38,137,352,656,243,217,238,228,292,318,396,515,783,1117,376,382,392,344,152,33,0,0
2026-02-27,1101,판암,승차,0,5,92,141,478,659,322,285,259,304,290,273,265,283,313,366,153,111,67,29,25,0,0,0
2026-02-27,1101,판암,하차,0,0,9,54,125,257,120,156,245,199,185,236,283,353,364,533,263,218,226,237,73,35,0,0
2026-02-27,1102,신흥,승차,0,0,60,83,336,494,209,133,101,124,146,140,94,100,142,178,73,46,27,12,13,0,0,0
2026-02-27,1102,신흥,하차,0,0,10,20,44,78,50,63,79,99,89,74,140,214,198,389,196,136,149,120,83,8,0,0
2026-02-27,1103,대동,승차,0,0,71,142,398,560,285,217,197,224,222,223,266,277,318,387,141,124,92,77,35,0,0,0
2026-02-27,1103,대동,하차,0,0,21,43,115,255,133,150,139,166,184,160,253,300,343,493,270,189,210,174,147,27,0,0
2026-02-27,1104,대전,승차,0,1,24,87,389,640,608,792,667,869,806,921,1120,1135,1183,1224,969,673,702,487,236,9,0,0
2026-02-27,1104,대전,하차,0,0,123,352,819,1032,784,834,874,772,898,943,958,1118,1224,1381,800,552,362,166,65,12,0,0
2026-02-27,1105,중앙로,승차,0,0,23,41,141,294,202,206,286,365,469,584,688,739,921,938,635,623,602,321,202,2,0,0
2026-02-27,1105,중앙로,하차,0,0,22,73,186,755,494,598,667,679,683,716,705,664,751,1056,588,271,173,104,63,10,0,0
2026-02-27,1106,중구청,승차,0,0,20,52,121,259,115,116,129,116,152,143,204,203,322,438,74,79,56,49,21,0,0,0
2026-02-27,1106,중구청,하차,0,0,13,52,173,570,201,155,154,119,157,154,154,156,198,262,119,82,65,62,28,5,0,0
2026-02-27,1107,서대전네거리,승차,0,3,107,125,452,805,322,339,348,366,418,352,371,454,497,662,320,226,187,150,81,0,0,0
2026-02-27,1107,서대전네거리,하차,0,0,32,72,208,616,331,264,329,357,364,383,427,482,614,974,516,303,280,234,127,16,0,0
2026-02-27,1108,오룡,승차,0,0,68,113,366,738,264,223,216,201,242,235,216,266,332,654,286,116,87,63,24,0,0,0
2026-02-27,1108,오룡,하차,0,0,21,49,139,565,207,128,180,174,183,194,240,315,381,603,265,199,165,173,82,1,0,0
2026-02-27,1109,용문,승차,0,0,107,219,526,1210,440,417,402,466,543,452,517,582,636,621,371,318,237,137,114,0,0,0
2026-02-27,1109,용문,하차,0,0,27,57,192,561,443,377,380,403,503,524,585,613,776,1176,597,355,331,235,186,0,0,0
2026-02-27,1110,탄방,승차,0,0,51,108,250,503,213,224,329,265,231,295,337,354,526,825,276,166,199,223,56,0,0,0
2026-02-27,1110,탄방,하차,0,0,37,96,290,1079,350,268,213,262,324,297,317,287,413,629,298,168,173,152,95,0,0,0
2026-02-27,1111,시청,승차,0,0,41,83,206,415,254,313,461,418,482,498,650,774,1044,1476,583,498,498,491,257,0,0,0
2026-02-27,1111,시청,하차,0,0,71,142,496,1837,827,508,478,451,524,618,525,607,727,922,460,279,205,165,112,18,0,0
2026-02-27,1112,정부청사,승차,0,0,34,71,201,367,245,286,316,288,386,443,581,766,1178,1850,499,347,251,208,85,0,0,0
2026-02-27,1112,정부청사,하차,0,0,88,167,549,2340,608,383,395,385,382,395,366,421,516,592,305,189,197,141,59,21,0,0
2026-02-27,1113,갈마,승차,0,1,58,110,239,488,238,185,164,159,200,161,158,202,250,224,152,101,98,64,31,2,0,0
2026-02-27,1113,갈마,하차,0,0,19,31,63,140,103,122,117,161,178,203,226,258,315,477,267,177,208,143,114,14,0,0
2026-02-27,1114,월평,승차,0,0,58,109,239,521,222,195,192,184,208,219,261,277,310,401,230,179,113,110,51,3,0,0
2026-02-27,1114,월평,하차,0,0,9,40,102,265,163,142,193,224,210,196,255,274,362,564,259,235,204,197,120,17,0,0
2026-02-27,1115,갑천,승차,0,0,19,29,89,220,77,53,49,35,62,49,55,74,80,110,57,31,36,27,4,1,0,0
2026-02-27,1115,갑천,하차,0,0,3,18,34,102,39,28,38,55,56,59,78,62,115,158,70,40,61,43,23,5,0,0
2026-02-27,1116,유성온천,승차,0,0,73,241,583,1268,579,492,505,622,668,706,709,845,926,972,574,475,390,305,188,6,0,0
2026-02-27,1116,유성온천,하차,0,0,70,118,306,751,536,491,561,541,567,663,673,787,1121,1577,788,566,556,474,266,30,0,0
2026-02-27,1117,구암,승차,0,0,38,56,206,410,148,172,190,161,227,214,239,265,272,280,245,164,128,97,51,2,0,0
2026-02-27,1117,구암,하차,0,0,10,50,116,256,192,141,193,164,185,230,221,297,332,428,208,117,116,84,56,5,0,0
2026-02-27,1118,현충원,승차,0,0,19,28,143,323,128,146,138,142,155,182,170,217,208,243,88,49,50,16,12,5,0,0
2026-02-27,1118,현충원,하차,0,0,6,35,59,133,91,90,111,77,82,114,111,120,139,210,113,78,96,98,49,15,0,0
2026-02-27,1119,월드컵경기장,승차,0,0,20,62,224,486,204,182,159,131,209,183,200,182,211,326,119,105,86,45,18,0,0,0
2026-02-27,1119,월드컵경기장,하차,0,0,14,42,114,220,114,76,124,118,122,165,149,217,212,373,164,122,137,129,73,14,0,0
2026-02-27,1120,노은,승차,0,0,32,85,260,449,252,244,250,254,285,292,289,351,444,487,281,213,197,156,59,5,0,0
2026-02-27,1120,노은,하차,0,0,18,28,145,331,261,207,230,261,301,294,370,353,485,651,339,259,232,181,103,34,0,0
2026-02-27,1121,지족,승차,0,0,44,50,141,216,136,109,111,128,152,169,192,180,226,392,95,52,51,42,22,0,0,0
2026-02-27,1121,지족,하차,0,0,12,32,119,477,133,61,99,93,109,100,123,166,169,230,136,113,111,83,68,24,0,0
2026-02-27,1122,반석,승차,0,0,76,186,733,1100,526,427,399,387,437,414,431,480,709,828,360,260,232,181,115,0,0,0
2026-02-27,1122,반석,하차,0,0,33,126,343,609,257,180,239,234,324,375,421,549,764,1107,473,400,390,384,190,40,0,0
2026-02-28,1101,판암,승차,0,0,69,94,194,265,325,290,330,354,290,250,217,228,248,187,124,97,52,45,25,0,0,0
2026-02-28,1101,판암,하차,0,0,16,38,75,124,148,135,162,195,222,216,233,264,378,244,189,180,186,135,74,35,0,0
2026-02-28,1102,신흥,승차,0,0,41,64,120,178,175,118,165,132,123,111,102,140,140,104,42,41,41,16,9,0,0,0
2026-02-28,1102,신흥,하차,0,0,8,16,35,43,36,69,62,100,90,81,127,116,144,153,100,117,114,92,77,11,0,0
2026-02-28,1103,대동,승차,0,1,57,89,150,227,253,221,238,303,262,227,183,220,222,187,140,98,67,33,37,1,0,0
2026-02-28,1103,대동,하차,0,0,21,27,37,114,93,100,139,155,167,218,238,195,224,227,181,172,144,148,136,23,0,0
2026-02-28,1104,대전,승차,0,0,12,86,220,468,738,910,921,1128,990,1108,1262,1133,1111,872,774,691,751,553,407,0,0,0
2026-02-28,1104,대전,하차,0,0,111,338,517,719,850,1028,1256,1087,1289,1075,1038,1079,962,878,578,563,312,139,64,4,0,0
2026-02-28,1105,중앙로,승차,0,0,22,43,66,131,151,228,288,407,548,667,904,1049,1156,1025,1043,904,647,366,208,1,0,0
2026-02-28,1105,중앙로,하차,0,0,31,52,116,309,457,599,893,1097,1095,1235,1007,922,1089,750,569,320,191,89,41,4,0,0
2026-02-28,1106,중구청,승차,0,0,22,29,53,76,89,90,102,135,107,135,132,143,169,104,85,76,54,44,26,0,0,0
2026-02-28,1106,중구청,하차,0,0,11,34,35,85,105,116,147,148,165,213,149,191,155,141,69,77,74,48,44,8,0,0
2026-02-28,1107,서대전네거리,승차,0,1,70,89,177,280,294,355,355,405,399,400,321,336,317,318,206,217,161,123,59,0,0,0
2026-02-28,1107,서대전네거리,하차,0,0,30,54,108,206,242,297,300,342,360,361,366,413,516,501,303,285,228,174,130,6,0,0
2026-02-28,1108,오룡,승차,0,1,62,59,128,245,208,235,281,240,251,246,240,198,254,203,123,95,70,37,38,0,0,0
2026-02-28,1108,오룡,하차,0,0,15,38,64,150,142,174,147,157,188,209,179,223,234,217,149,150,127,132,98,2,0,0
2026-02-28,1109,용문,승차,0,0,101,133,193,341,348,412,541,582,591,649,595,557,527,500,341,271,134,116,76,0,0,0
2026-02-28,1109,용문,하차,0,0,19,70,137,313,443,435,403,517,546,486,560,528,587,459,400,349,277,255,179,0,0,0
2026-02-28,1110,탄방,승차,0,0,37,70,122,170,182,209,246,296,345,327,294,308,463,291,203,151,162,103,29,0,0,0
2026-02-28,1110,탄방,하차,0,0,27,71,103,249,342,292,285,319,280,305,325,262,350,240,203,154,182,111,104,0,0,0
2026-02-28,1111,시청,승차,0,0,44,39,93,179,217,244,355,500,503,476,477,644,576,466,454,372,319,270,161,0,0,0
2026-02-28,1111,시청,하차,0,0,36,89,174,329,490,459,470,600,514,505,461,488,439,400,346,255,219,121,104,8,0,0
2026-02-28,1112,정부청사,승차,0,0,25,41,88,147,212,259,303,346,391,409,399,457,457,428,281,264,185,130,67,0,0,0
2026-02-28,1112,정부청사,하차,0,0,39,94,113,248,360,345,354,428,456,495,468,449,392,272,226,182,185,108,54,23,0,0
2026-02-28,1113,갈마,승차,0,0,43,80,142,165,238,222,248,239,214,213,197,241,228,150,123,100,61,44,39,1,0,0
2026-02-28,1113,갈마,하차,0,0,19,29,42,90,103,125,161,247,214,239,230,265,285,227,199,163,161,145,110,24,0,0
2026-02-28,1114,월평,승차,0,8,53,80,149,178,252,224,236,246,262,229,240,271,197,223,174,130,82,82,41,0,0,0
2026-02-28,1114,월평,하차,0,7,13,27,46,78,109,147,154,218,209,252,242,264,331,260,204,197,177,149,121,21,0,0
2026-02-28,1115,갑천,승차,0,0,15,22,49,71,78,62,53,80,78,76,64,100,88,65,49,37,25,20,10,0,0,0
2026-02-28,1115,갑천,하차,0,0,7,21,29,47,43,66,74,77,74,85,75,63,83,88,52,53,42,36,26,5,0,0
2026-02-28,1116,유성온천,승차,0,1,75,144,256,433,550,563,617,710,777,736,718,692,725,555,445,405,371,220,141,3,0,0
2026-02-28,1116,유성온천,하차,0,0,64,108,150,422,460,491,514,642,703,618,685,779,875,826,662,607,446,390,253,31,0,0
2026-02-28,1117,구암,승차,0,0,30,61,111,145,195,282,224,264,226,234,272,235,251,207,175,169,131,89,42,6,0,0
2026-02-28,1117,구암,하차,0,0,14,54,99,187,244,209,206,233,183,201,217,226,250,215,165,159,116,61,33,8,0,0
2026-02-28,1118,현충원,승차,0,0,16,21,43,158,154,183,175,197,216,178,180,195,172,92,61,62,33,20,5,4,0,0
2026-02-28,1118,현충원,하차,0,0,4,13,40,74,158,135,124,127,101,110,139,112,139,104,110,88,78,69,30,10,0,0
2026-02-28,1119,월드컵경기장,승차,0,0,18,40,84,162,196,191,172,154,159,140,154,136,168,119,87,81,52,25,8,0,0,0
2026-02-28,1119,월드컵경기장,하차,0,0,6,34,65,67,86,86,112,123,94,122,127,140,163,146,113,99,107,96,67,30,0,0
2026-02-28,1120,노은,승차,0,0,40,47,119,191,243,226,274,306,328,301,280,248,290,276,194,148,146,82,65,2,0,0
2026-02-28,1120,노은,하차,0,0,15,27,76,151,208,193,242,244,276,254,309,322,331,353,241,231,181,176,97,31,0,0
2026-02-28,1121,지족,승차,0,0,24,39,69,93,115,121,155,182,139,107,129,125,140,87,79,61,44,17,23,0,0,0
2026-02-28,1121,지족,하차,0,0,5,15,21,80,81,46,92,105,108,112,91,114,137,118,101,111,68,88,58,16,0,0
2026-02-28,1122,반석,승차,0,0,61,113,217,356,474,428,483,565,521,429,367,404,399,296,201,177,181,132,91,0,0,0
2026-02-28,1122,반석,하차,0,0,29,72,117,211,286,192,215,278,299,290,333,438,540,462,359,388,348,219,169,39,0,0
2026-03-01,1101,판암,승차,0,0,53,79,127,229,251,217,236,219,220,215,189,189,198,154,74,72,37,35,17,0,0,0
2026-03-01,1101,판암,하차,0,0,5,34,40,100,93,107,154,140,159,182,228,211,252,185,162,168,169,118,59,21,0,0
2026-03-01,1102,신흥,승차,0,0,33,47,58,97,106,99,91,110,120,109,104,89,77,46,55,42,19,12,10,0,0,0
2026-03-01,1102,신흥,하차,0,0,5,10,18,35,34,61,44,57,55,58,112,121,107,135,110,86,70,77,39,9,0,0
2026-03-01,1103,대동,승차,0,0,30,57,86,166,197,168,236,201,213,166,205,190,175,151,107,84,65,40,47,0,0,0
2026-03-01,1103,대동,하차,0,0,8,21,25,64,59,106,103,86,115,147,202,178,192,176,175,157,142,138,138,18,0,0
2026-03-01,1104,대전,승차,0,0,8,77,162,383,651,802,887,974,883,971,1010,1152,948,795,730,811,720,573,231,11,0,0
2026-03-01,1104,대전,하차,0,0,63,256,379,586,791,782,856,766,914,848,966,832,742,628,639,580,335,128,57,12,0,0
2026-03-01,1105,중앙로,승차,0,0,22,19,43,94,172,234,279,400,577,730,922,1060,986,1059,994,808,633,325,167,2,0,0
2026-03-01,1105,중앙로,하차,0,0,11,40,99,262,404,551,944,1158,1016,1127,939,924,922,549,458,296,158,70,43,12,0,0
2026-03-01,1106,중구청,승차,0,0,7,20,36,60,64,52,111,79,113,106,138,114,116,106,77,64,19,41,10,7,0,0
2026-03-01,1106,중구청,하차,0,0,13,18,21,29,62,60,95,141,158,167,138,152,106,92,79,48,60,56,21,8,0,0
2026-03-01,1107,서대전네거리,승차,0,0,37,54,91,162,191,251,188,301,259,275,269,241,287,244,205,145,123,92,56,0,0,0
2026-03-01,1107,서대전네거리,하차,0,0,22,62,65,122,138,165,171,198,217,252,305,353,394,368,198,246,191,128,82,9,0,0
2026-03-01,1108,오룡,승차,0,0,36,44,68,135,133,164,213,285,208,174,181,173,172,119,115,65,60,27,22,0,0,0
2026-03-01,1108,오룡,하차,0,0,15,43,38,109,126,169,109,110,144,143,159,167,173,162,158,94,115,118,37,5,0,0
2026-03-01,1109,용문,승차,0,0,55,80,137,221,243,467,520,464,616,644,606,521,585,388,341,240,216,110,69,4,0,0
2026-03-01,1109,용문,하차,0,0,12,58,120,501,395,470,599,436,453,478,593,521,545,384,383,280,204,223,124,4,0,0
2026-03-01,1110,탄방,승차,0,0,23,55,75,105,141,168,151,175,219,215,212,202,169,151,133,116,94,60,22,0,0,0
2026-03-01,1110,탄방,하차,0,0,13,42,36,95,113,181,210,174,210,154,218,176,245,202,133,143,144,112,74,0,0,0
2026-03-01,1111,시청,승차,0,0,23,33,59,121,164,166,224,310,339,303,343,373,400,374,344,258,209,194,87,0,0,0
2026-03-01,1111,시청,하차,0,0,15,41,68,146,239,198,273,372,305,340,364,359,370,329,251,190,189,99,86,13,0,0
2026-03-01,1112,정부청사,승차,0,0,22,28,64,127,127,143,170,194,205,278,333,382,365,339,253,234,180,104,64,0,0,0
2026-03-01,1112,정부청사,하차,0,0,26,56,88,138,190,260,287,348,284,378,389,349,304,267,204,181,179,94,42,8,0,0
2026-03-01,1113,갈마,승차,0,0,30,39,80,149,171,164,133,160,175,151,155,172,155,140,90,69,69,42,19,1,0,0
2026-03-01,1113,갈마,하차,0,0,11,14,22,41,59,103,137,161,150,200,175,201,256,197,180,146,126,108,79,10,0,0
2026-03-01,1114,월평,승차,0,0,31,50,93,160,147,167,185,181,185,213,226,230,217,153,107,100,80,46,40,4,0,0
2026-03-01,1114,월평,하차,0,0,6,16,33,66,85,110,134,166,172,217,244,219,264,218,220,187,161,157,97,17,0,0
2026-03-01,1115,갑천,승차,0,0,9,13,32,51,48,57,55,80,55,70,60,59,37,51,38,25,18,10,5,0,0,0
2026-03-01,1115,갑천,하차,0,0,4,11,20,22,39,57,42,51,29,45,51,47,61,53,58,37,63,31,19,4,0,0
2026-03-01,1116,유성온천,승차,0,0,58,110,208,344,396,455,534,514,546,575,571,574,528,466,379,370,244,183,138,10,0,0
2026-03-01,1116,유성온천,하차,0,0,59,63,104,227,330,318,403,436,466,664,622,739,745,686,559,398,456,372,220,23,0,0
2026-03-01,1117,구암,승차,0,0,18,33,51,94,137,155,191,160,157,210,155,182,165,177,171,96,100,51,31,0,0,0
2026-03-01,1117,구암,하차,0,0,7,33,84,95,152,142,144,126,142,175,150,164,190,144,138,115,112,56,53,6,0,0
2026-03-01,1118,현충원,승차,0,0,14,28,53,96,90,119,125,133,216,194,182,174,109,91,51,54,29,20,7,0,0,0
2026-03-01,1118,현충원,하차,0,0,4,10,25,72,138,133,132,90,98,99,91,88,92,84,81,82,72,69,38,3,0,0
2026-03-01,1119,월드컵경기장,승차,0,1,15,25,56,96,112,131,112,120,136,162,134,97,133,81,76,56,38,21,5,0,0,0
2026-03-01,1119,월드컵경기장,하차,0,0,4,13,22,52,77,85,70,80,95,94,86,119,125,127,108,75,73,97,48,21,0,0
2026-03-01,1120,노은,승차,0,0,11,23,76,111,143,139,187,215,191,201,181,221,200,210,136,142,112,107,44,1,0,0
2026-03-01,1120,노은,하차,0,0,10,19,27,46,117,119,136,145,159,229,267,291,243,280,188,171,127,117,50,17,0,0
2026-03-01,1121,지족,승차,0,0,15,24,36,63,85,104,78,90,93,93,98,109,93,62,34,43,23,25,10,0,0,0
2026-03-01,1121,지족,하차,0,0,6,20,23,49,48,66,58,43,77,75,81,96,115,99,85,77,84,66,49,9,0,0
2026-03-01,1122,반석,승차,0,0,47,79,130,201,328,331,368,326,308,373,302,287,258,202,141,109,116,133,54,0,0,0
2026-03-01,1122,반석,하차,0,0,19,41,74,97,172,186,166,159,200,276,285,316,354,331,317,292,255,188,122,29,0,0
2026-03-02,1101,판암,승차,0,0,43,61,116,163,172,161,168,174,178,132,127,141,155,98,61,84,35,20,11,0,0,0
2026-03-02,1101,판암,하차,0,0,7,30,44,73,78,81,114,111,128,110,165,159,180,139,136,130,124,96,53,11,0,0
2026-03-02,1102,신흥,승차,0,1,36,39,60,118,102,88,102,73,72,70,55,54,55,26,27,25,20,14,7,0,0,0
2026-03-02,1102,신흥,하차,0,0,4,12,14,28,16,27,54,52,32,74,75,94,123,95,62,74,71,49,33,2,0,0
2026-03-02,1103,대동,승차,0,0,37,54,90,179,159,143,127,187,166,143,129,157,128,129,69,52,37,21,19,0,0,0
2026-03-02,1103,대동,하차,0,0,14,21,28,58,53,83,93,91,99,123,139,189,161,166,124,141,107,99,85,9,0,0
2026-03-02,1104,대전,승차,0,0,8,61,123,230,423,812,802,894,700,815,1015,822,911,720,736,647,591,705,325,0,0,0
2026-03-02,1104,대전,하차,0,0,57,152,239,400,571,555,605,569,656,605,637,783,781,542,478,377,253,118,47,1,0,0
2026-03-02,1105,중앙로,승차,0,0,27,28,39,90,98,144,236,332,415,507,569,644,738,615,576,467,300,182,86,9,0,0
2026-03-02,1105,중앙로,하차,0,0,31,46,97,167,301,574,730,793,732,633,494,512,551,294,201,113,83,35,28,11,0,0
2026-03-02,1106,중구청,승차,0,0,14,21,36,58,49,37,53,78,82,81,77,79,76,70,45,32,27,22,7,0,0,0
2026-03-02,1106,중구청,하차,0,0,8,30,15,26,53,58,75,93,79,74,88,84,84,63,43,50,59,46,24,1,0,0
2026-03-02,1107,서대전네거리,승차,0,0,51,47,122,155,156,169,220,228,244,244,206,220,170,179,145,101,106,57,29,0,0,0
2026-03-02,1107,서대전네거리,하차,0,0,22,29,66,97,120,143,222,159,207,170,265,315,358,315,172,126,158,121,81,4,0,0
2026-03-02,1108,오룡,승차,0,0,38,50,75,123,126,115,148,181,164,123,123,115,140,105,117,36,58,39,19,0,0,0
2026-03-02,1108,오룡,하차,0,0,13,34,34,57,64,97,88,92,117,102,133,239,172,163,157,108,102,97,57,0,0,0
2026-03-02,1109,용문,승차,0,0,71,76,112,228,240,456,410,372,376,332,297,334,350,285,178,163,138,95,37,0,0,0
2026-03-02,1109,용문,하차,0,0,12,46,68,425,244,231,272,250,332,384,335,358,399,330,305,197,162,145,123,0,0,0
2026-03-02,1110,탄방,승차,0,0,27,37,62,102,103,101,165,154,140,152,167,167,168,145,116,74,81,67,30,0,0,0
2026-03-02,1110,탄방,하차,0,0,21,57,83,134,104,128,131,108,194,155,173,215,190,150,108,96,96,105,75,0,0,0
2026-03-02,1111,시청,승차,0,0,30,40,53,91,114,167,231,287,281,261,236,306,288,295,216,228,156,243,70,0,0,0
2026-03-02,1111,시청,하차,0,0,19,46,103,186,225,182,214,275,271,223,271,362,302,279,163,163,135,99,76,15,0,0
2026-03-02,1112,정부청사,승차,0,0,13,24,44,92,112,144,155,183,192,200,182,186,193,230,156,175,82,83,40,0,0,0
2026-03-02,1112,정부청사,하차,0,0,30,58,76,157,184,201,219,228,218,241,236,299,254,165,163,133,130,106,42,20,0,0
2026-03-02,1113,갈마,승차,0,0,27,35,73,120,124,133,129,139,116,98,138,112,132,109,67,55,46,18,18,0,0,0
2026-03-02,1113,갈마,하차,0,0,20,17,15,34,46,61,85,109,123,151,117,192,191,148,112,136,98,117,85,10,0,0
2026-03-02,1114,월평,승차,0,0,28,47,67,118,128,129,129,156,209,182,122,134,142,112,90,90,75,58,34,0,0,0
2026-03-02,1114,월평,하차,0,0,12,14,25,77,109,129,129,129,141,190,171,223,232,184,175,146,135,129,128,13,0,0
2026-03-02,1115,갑천,승차,0,0,11,18,17,51,54,26,43,28,42,43,41,42,30,41,26,31,16,10,2,0,0,0
2026-03-02,1115,갑천,하차,0,0,10,12,11,36,23,23,47,46,40,32,49,45,50,66,29,45,30,32,24,3,0,0
2026-03-02,1116,유성온천,승차,0,0,51,95,159,281,321,317,403,496,509,436,445,464,455,422,285,289,287,145,86,3,0,0
2026-03-02,1116,유성온천,하차,0,0,46,77,127,260,289,320,389,380,419,459,515,670,516,519,398,342,365,289,187,21,0,0
2026-03-02,1117,구암,승차,0,0,26,21,61,98,101,100,193,164,163,122,154,176,152,164,123,111,93,46,35,0,0,0
2026-03-02,1117,구암,하차,0,0,8,33,51,69,131,98,116,121,134,153,191,262,214,204,161,123,108,57,22,2,0,0
2026-03-02,1118,현충원,승차,0,0,18,10,24,104,58,94,125,98,143,95,96,139,80,70,47,41,27,17,6,0,0,0
2026-03-02,1118,현충원,하차,0,0,9,15,25,37,35,81,100,62,58,67,80,107,81,73,62,90,96,56,23,3,0,0
2026-03-02,1119,월드컵경기장,승차,0,0,12,19,48,99,96,100,123,115,133,133,253,1503,191,111,47,50,29,19,5,0,0,0
2026-03-02,1119,월드컵경기장,하차,0,0,6,23,33,84,89,132,246,554,819,106,80,114,113,92,87,69,87,68,31,15,0,0
2026-03-02,1120,노은,승차,0,0,15,31,68,91,115,110,156,149,201,184,193,219,211,206,124,143,93,69,33,2,0,0
2026-03-02,1120,노은,하차,0,0,14,19,49,80,137,129,153,161,167,194,225,279,202,205,144,114,116,95,63,8,0,0
2026-03-02,1121,지족,승차,0,0,20,27,31,60,60,71,78,75,93,85,74,91,76,55,46,36,23,17,12,0,0,0
2026-03-02,1121,지족,하차,0,0,7,9,14,38,47,28,38,53,66,70,82,103,109,109,71,63,71,49,33,14,0,0
2026-03-02,1122,반석,승차,0,0,46,60,116,190,254,260,254,283,310,261,217,252,184,169,116,148,90,82,50,0,0,0
2026-03-02,1122,반석,하차,0,0,16,51,61,96,118,120,133,153,162,204,261,361,359,266,224,221,166,112,86,22,0,0
2026-03-03,1101,판암,승차,0,0,91,160,500,751,366,243,244,285,265,239,217,226,318,280,117,99,51,35,19,0,0,0
2026-03-03,1101,판암,하차,0,0,7,55,137,277,148,167,220,164,198,245,305,419,380,613,281,197,184,162,63,25,0,0
2026-03-03,1102,신흥,승차,0,0,58,102,406,568,194,112,90,103,125,78,78,72,117,94,56,29,30,14,6,0,0,0
2026-03-03,1102,신흥,하차,0,0,9,16,53,102,51,63,80,88,97,85,160,199,201,455,185,142,128,91,40,9,0,0
2026-03-03,1103,대동,승차,0,1,81,132,431,619,287,191,188,256,252,312,361,551,364,575,177,96,99,68,22,0,0,0
2026-03-03,1103,대동,하차,0,0,15,45,268,552,271,160,163,268,224,199,239,294,366,538,279,181,211,212,93,23,0,0
2026-03-03,1104,대전,승차,0,0,13,121,673,973,577,573,531,625,643,646,759,793,863,919,614,433,346,238,108,14,0,0
2026-03-03,1104,대전,하차,0,0,171,512,803,973,642,626,679,638,610,556,648,648,654,665,318,251,209,103,42,18,0,0
2026-03-03,1105,중앙로,승차,0,1,24,53,141,291,147,141,171,258,357,319,461,460,654,794,408,361,355,194,97,2,0,0
2026-03-03,1105,중앙로,하차,0,1,27,65,146,736,376,316,369,408,398,399,429,458,463,628,260,167,101,66,46,3,0,0
2026-03-03,1106,중구청,승차,0,0,32,53,159,286,117,111,123,128,127,141,205,293,270,398,126,76,83,46,22,0,0,0
2026-03-03,1106,중구청,하차,0,0,24,63,223,626,202,108,121,118,122,111,123,150,181,267,104,69,65,62,39,3,0,0
2026-03-03,1107,서대전네거리,승차,0,1,118,147,532,886,352,342,281,323,304,267,367,368,482,575,219,209,117,72,64,0,0,0
2026-03-03,1107,서대전네거리,하차,0,0,40,86,274,697,302,278,236,280,347,297,351,462,478,912,369,256,262,162,95,14,0,0
2026-03-03,1108,오룡,승차,0,0,86,129,422,868,296,211,188,238,202,191,175,256,268,699,142,88,49,50,24,0,0,0
2026-03-03,1108,오룡,하차,0,0,31,49,166,627,253,116,139,158,174,206,222,299,340,576,258,166,173,138,84,4,0,0
2026-03-03,1109,용문,승차,0,1,118,228,609,1311,446,352,366,409,415,363,315,538,456,468,276,196,198,147,149,0,0,0
2026-03-03,1109,용문,하차,0,0,27,58,170,527,391,307,256,349,421,395,458,569,634,1256,536,306,295,236,120,0,0,0
2026-03-03,1110,탄방,승차,0,1,56,142,273,535,238,187,275,236,235,257,292,275,428,816,235,157,207,182,30,0,0,0
2026-03-03,1110,탄방,하차,0,0,35,89,356,1151,414,256,197,208,261,221,251,315,384,684,253,163,134,95,64,0,0,0
2026-03-03,1111,시청,승차,0,0,40,103,263,433,290,262,344,334,328,363,460,592,772,1417,498,484,478,442,186,0,0,0
2026-03-03,1111,시청,하차,0,0,61,145,529,1791,703,405,317,323,435,447,465,590,641,832,335,192,159,122,75,5,0,0
2026-03-03,1112,정부청사,승차,0,0,28,96,221,335,249,251,293,260,282,352,418,581,842,1853,480,326,242,141,58,0,0,0
2026-03-03,1112,정부청사,하차,0,0,86,224,653,2591,744,326,243,330,381,312,286,352,397,502,207,176,132,86,49,12,0,0
2026-03-03,1113,갈마,승차,0,0,70,118,318,501,230,145,140,165,153,137,137,163,196,180,109,88,85,39,35,0,0,0
2026-03-03,1113,갈마,하차,0,0,22,33,79,165,100,98,111,146,171,147,200,265,293,450,222,133,138,109,82,14,0,0
2026-03-03,1114,월평,승차,0,0,69,129,266,499,211,153,136,218,208,258,232,248,302,330,140,128,134,64,27,0,0,0
2026-03-03,1114,월평,하차,0,0,19,34,122,390,312,183,203,226,180,206,243,249,279,504,266,160,139,125,91,12,0,0
2026-03-03,1115,갑천,승차,0,0,21,39,112,215,70,50,50,43,42,48,55,58,80,94,36,26,19,14,4,0,0,0
2026-03-03,1115,갑천,하차,0,0,2,19,44,89,38,33,30,50,71,53,69,81,76,169,76,50,43,33,21,2,0,0
2026-03-03,1116,유성온천,승차,0,0,98,261,637,1255,496,397,399,497,512,509,672,859,830,864,419,360,329,215,145,11,0,0
2026-03-03,1116,유성온천,하차,0,0,66,115,388,948,639,443,477,464,549,526,523,672,893,1447,600,415,365,360,201,32,0,0
2026-03-03,1117,구암,승차,0,0,45,81,205,426,153,152,153,148,169,176,198,237,193,256,137,95,66,41,12,0,0,0
2026-03-03,1117,구암,하차,0,0,10,69,157,231,170,148,156,160,155,142,181,212,257,365,147,110,94,82,33,2,0,0
2026-03-03,1118,현충원,승차,0,0,17,44,191,333,115,135,145,149,180,170,444,230,271,239,82,71,61,26,8,0,0,0
2026-03-03,1118,현충원,하차,0,0,6,23,153,436,348,124,101,133,169,83,91,115,143,220,79,67,70,79,24,5,0,0
2026-03-03,1119,월드컵경기장,승차,0,0,23,88,252,485,189,151,107,126,147,147,154,188,210,257,129,62,68,23,13,0,0,0
2026-03-03,1119,월드컵경기장,하차,0,0,5,37,171,235,152,78,102,113,104,86,142,209,178,355,185,134,113,91,63,14,0,0
2026-03-03,1120,노은,승차,0,0,47,89,336,504,246,188,178,187,207,196,282,352,315,421,195,179,178,156,49,1,0,0
2026-03-03,1120,노은,하차,0,0,17,32,166,345,226,164,176,201,266,270,300,415,398,605,348,193,164,126,63,9,0,0
2026-03-03,1121,지족,승차,0,0,31,44,184,237,121,87,83,112,123,86,157,198,178,407,138,62,57,35,10,0,0,0
2026-03-03,1121,지족,하차,0,0,16,33,143,510,113,106,99,91,82,100,117,153,183,229,109,93,99,77,39,8,0,0
2026-03-03,1122,반석,승차,0,0,84,183,810,1293,546,341,298,313,333,260,303,383,534,754,305,251,211,166,80,0,0,0
2026-03-03,1122,반석,하차,0,0,31,148,369,608,237,191,206,255,288,318,421,593,686,1099,431,341,332,278,103,22,0,0
2026-03-04,1101,판암,승차,0,0,94,182,581,754,357,215,269,300,269,206,207,256,262,338,127,75,77,33,16,4,0,0
2026-03-04,1101,판암,하차,0,0,11,59,159,260,124,125,189,193,207,227,317,394,388,629,250,177,264,173,58,34,0,0
2026-03-04,1102,신흥,승차,0,0,58,98,458,577,200,127,107,118,127,67,73,82,122,133,55,38,19,14,10,0,0,0
2026-03-04,1102,신흥,하차,0,0,9,21,52,85,49,58,89,80,72,92,191,214,247,441,218,125,164,107,53,4,0,0
2026-03-04,1103,대동,승차,0,0,88,141,443,632,278,232,242,243,243,280,407,475,392,580,213,116,88,59,29,2,0,0
2026-03-04,1103,대동,하차,0,0,11,41,316,512,285,170,142,203,194,227,241,326,348,551,248,215,251,172,128,10,0,0
2026-03-04,1104,대전,승차,0,0,18,106,478,644,575,494,590,614,530,610,684,823,919,992,636,435,395,256,134,1,0,0
2026-03-04,1104,대전,하차,0,0,109,342,767,999,641,605,649,572,583,684,678,744,659,697,321,248,182,88,59,3,0,0
2026-03-04,1105,중앙로,승차,0,0,26,50,152,285,126,162,176,248,305,361,413,517,600,793,395,405,402,213,118,3,0,0
2026-03-04,1105,중앙로,하차,0,0,24,52,159,767,369,309,400,384,377,409,462,493,464,690,325,172,134,88,50,6,0,0
2026-03-04,1106,중구청,승차,0,0,26,55,161,279,114,97,111,148,158,185,240,240,295,387,101,103,84,74,17,0,0,0
2026-03-04,1106,중구청,하차,0,0,18,55,248,598,198,118,99,103,184,166,134,150,167,263,98,66,87,51,35,3,0,0
2026-03-04,1107,서대전네거리,승차,0,1,90,156,567,918,333,313,326,314,297,289,412,392,419,583,219,202,139,74,57,0,0,0
2026-03-04,1107,서대전네거리,하차,0,0,47,74,253,681,349,211,263,303,310,301,386,534,526,898,405,248,227,198,101,14,0,0
2026-03-04,1108,오룡,승차,0,0,93,126,436,846,307,189,190,199,242,169,208,355,311,710,169,87,69,49,21,0,0,0
2026-03-04,1108,오룡,하차,0,0,24,52,185,666,246,142,169,144,175,212,267,270,360,536,221,182,175,145,89,6,0,0
2026-03-04,1109,용문,승차,0,0,108,223,658,1316,442,286,367,330,634,528,526,495,487,464,256,244,486,222,125,0,0,0
2026-03-04,1109,용문,하차,0,0,23,61,231,611,411,308,554,376,375,400,499,581,720,1396,839,407,298,213,135,0,0,0
2026-03-04,1110,탄방,승차,0,0,48,111,305,573,238,186,276,197,240,267,325,296,435,777,224,176,205,181,36,0,0,0
2026-03-04,1110,탄방,하차,0,0,44,109,355,1212,395,249,216,213,250,257,237,340,359,677,258,152,177,113,92,0,0,0
2026-03-04,1111,시청,승차,0,0,34,96,279,422,231,278,363,303,384,407,572,570,817,1486,488,449,431,451,181,0,0,0
2026-03-04,1111,시청,하차,0,0,51,155,522,1820,679,380,363,331,491,442,484,564,609,881,314,225,191,115,69,8,0,0
2026-03-04,1112,정부청사,승차,0,0,27,76,204,383,238,253,353,298,274,376,493,644,913,1803,473,324,268,156,69,1,0,0
2026-03-04,1112,정부청사,하차,0,0,96,207,710,2639,700,351,282,350,373,330,346,331,395,462,260,186,164,108,49,12,0,0
2026-03-04,1113,갈마,승차,0,0,65,129,284,567,225,156,151,150,182,145,142,206,180,208,140,74,81,37,25,1,0,0
2026-03-04,1113,갈마,하차,0,0,22,33,78,156,100,98,110,136,138,163,213,233,289,477,210,154,165,123,75,15,0,0
2026-03-04,1114,월평,승차,0,9,63,110,281,532,222,157,197,185,200,201,193,260,285,369,161,119,103,92,47,0,0,0
2026-03-04,1114,월평,하차,0,9,24,35,121,372,240,182,200,195,177,200,226,265,282,504,222,172,177,146,85,7,0,0
2026-03-04,1115,갑천,승차,0,0,23,35,125,222,70,54,46,46,58,44,43,51,80,110,31,26,28,17,4,0,0,0
2026-03-04,1115,갑천,하차,0,0,8,26,37,106,42,29,49,50,48,60,63,89,94,165,85,53,61,29,23,0,0,0
2026-03-04,1116,유성온천,승차,0,0,83,224,682,1369,476,379,436,457,508,548,622,763,778,973,447,424,348,226,140,4,0,0
2026-03-04,1116,유성온천,하차,0,0,71,126,368,907,629,502,489,432,519,499,649,628,856,1441,590,435,436,352,192,19,0,0
2026-03-04,1117,구암,승차,0,0,38,65,233,444,177,200,255,231,272,314,279,370,284,309,162,98,74,46,18,0,0,0
2026-03-04,1117,구암,하차,0,0,15,64,159,319,256,268,292,245,289,266,288,262,258,338,135,92,114,86,46,9,0,0
2026-03-04,1118,현충원,승차,0,4,15,36,175,317,131,142,151,131,118,246,389,242,220,257,102,74,54,37,5,0,0,0
2026-03-04,1118,현충원,하차,0,4,5,24,138,386,329,94,114,118,176,70,96,116,133,255,98,68,78,63,30,1,0,0
2026-03-04,1119,월드컵경기장,승차,0,0,26,87,250,547,196,138,160,124,177,152,166,218,178,281,96,79,50,24,12,0,0,0
2026-03-04,1119,월드컵경기장,하차,0,0,5,44,177,245,131,87,110,108,119,148,147,178,219,364,171,108,128,87,59,10,0,0
2026-03-04,1120,노은,승차,0,0,39,82,376,507,254,200,184,200,226,208,267,298,322,445,203,216,222,146,46,3,0,0
2026-03-04,1120,노은,하차,0,0,19,36,212,365,243,151,201,189,245,286,323,369,458,690,332,191,184,145,64,15,0,0
2026-03-04,1121,지족,승차,0,3,33,48,202,259,136,99,104,99,141,153,181,165,186,396,97,61,50,36,12,6,0,0
2026-03-04,1121,지족,하차,0,3,17,23,150,537,128,86,94,116,92,118,109,140,180,209,109,105,103,79,44,15,0,0
2026-03-04,1122,반석,승차,0,0,76,206,906,1331,590,381,333,343,346,287,361,367,567,795,337,240,255,179,100,0,0,0
2026-03-04,1122,반석,하차,0,0,43,151,371,635,229,159,241,261,333,317,496,596,733,1153,413,330,356,321,134,27,0,0
2026-03-05,1101,판암,승차,0,0,103,182,555,771,357,226,266,240,248,205,253,284,263,303,94,81,60,36,14,0,0,0
2026-03-05,1101,판암,하차,0,0,8,62,145,268,134,163,186,180,184,240,283,398,372,568,254,177,184,168,52,21,0,0
2026-03-05,1102,신흥,승차,0,0,54,96,446,610,191,113,89,107,102,79,87,91,109,124,33,30,24,17,9,0,0,0
2026-03-05,1102,신흥,하차,0,0,9,23,55,99,53,44,80,85,78,76,179,199,188,458,166,125,141,97,50,5,0,0
2026-03-05,1103,대동,승차,0,0,86,134,467,637,293,214,208,223,245,297,316,550,392,406,159,108,117,53,33,1,0,0
2026-03-05,1103,대동,하차,0,0,24,46,291,509,278,148,143,236,181,193,253,293,334,560,223,176,209,180,107,10,0,0
2026-03-05,1104,대전,승차,0,0,15,114,465,681,559,587,589,649,656,682,800,885,973,1091,788,446,356,339,143,7,0,0
2026-03-05,1104,대전,하차,0,0,107,350,794,1032,718,698,741,653,683,698,755,921,859,825,424,331,267,91,37,11,0,0
2026-03-05,1105,중앙로,승차,0,0,30,53,165,305,140,152,197,294,354,370,444,503,639,832,393,369,327,199,70,3,0,0
2026-03-05,1105,중앙로,하차,0,0,23,57,169,752,399,363,385,420,376,438,425,529,510,638,269,119,104,57,46,2,0,0
2026-03-05,1106,중구청,승차,0,5,18,53,167,288,116,102,125,118,127,170,161,284,362,429,99,73,76,66,16,0,0,0
2026-03-05,1106,중구청,하차,0,5,18,56,266,606,225,142,123,142,173,139,126,142,160,244,101,70,72,52,39,4,0,0
2026-03-05,1107,서대전네거리,승차,0,9,106,153,560,908,368,340,340,308,271,300,385,416,496,569,207,175,140,76,54,1,0,0
2026-03-05,1107,서대전네거리,하차,0,9,35,95,255,667,315,284,288,306,314,329,381,482,564,892,359,312,247,227,100,7,0,0
2026-03-05,1108,오룡,승차,0,0,76,123,442,846,297,203,197,219,231,237,200,356,346,722,168,68,65,49,23,0,0,0
2026-03-05,1108,오룡,하차,0,0,25,51,186,714,268,122,161,178,165,188,256,299,352,570,232,144,175,145,60,2,0,0
2026-03-05,1109,용문,승차,0,0,125,213,681,1329,460,355,356,408,403,378,410,549,511,482,218,191,194,126,126,0,0,0
2026-03-05,1109,용문,하차,0,0,23,60,226,533,405,328,325,332,385,388,489,549,714,1273,485,328,350,215,123,0,0,0
2026-03-05,1110,탄방,승차,0,4,44,116,318,561,260,183,288,211,210,267,298,335,472,790,223,180,220,208,39,0,0,0
2026-03-05,1110,탄방,하차,0,4,38,102,331,1132,430,237,160,185,246,226,318,388,400,729,282,158,147,114,65,2,0,0
2026-03-05,1111,시청,승차,0,0,35,100,282,452,270,270,318,327,349,371,501,601,747,1363,455,490,550,456,153,0,0,0
2026-03-05,1111,시청,하차,0,0,61,170,551,1805,660,406,358,324,402,426,451,630,684,917,353,204,155,120,69,5,0,0
2026-03-05,1112,정부청사,승차,0,0,23,77,225,379,252,251,316,295,325,359,550,649,1000,1689,434,364,263,175,69,0,0,0
2026-03-05,1112,정부청사,하차,0,0,101,224,716,2600,692,398,325,327,372,291,343,385,441,519,221,150,132,119,42,14,0,0
2026-03-05,1113,갈마,승차,0,0,57,127,300,541,240,150,152,164,147,147,156,169,174,209,92,76,79,25,21,0,0,0
2026-03-05,1113,갈마,하차,0,0,22,40,70,161,100,95,105,142,134,165,185,246,306,502,214,138,131,137,75,8,0,0
2026-03-05,1114,월평,승차,0,0,65,106,289,536,239,149,175,212,222,219,245,297,287,380,164,117,108,79,27,9,0,0
2026-03-05,1114,월평,하차,0,0,16,34,125,369,270,155,182,174,180,193,209,281,299,523,229,163,136,124,73,14,0,0
2026-03-05,1115,갑천,승차,0,0,22,36,123,234,107,45,44,51,49,49,50,62,83,81,37,33,22,11,6,0,0,0
2026-03-05,1115,갑천,하차,0,0,5,11,49,120,49,32,41,45,44,47,66,88,102,188,83,50,41,31,23,2,0,0
2026-03-05,1116,유성온천,승차,0,0,77,228,706,1381,542,409,471,472,526,567,656,869,865,937,426,371,342,208,120,1,0,0
2026-03-05,1116,유성온천,하차,0,0,72,126,409,961,728,455,561,505,456,559,561,657,951,1398,584,379,426,369,185,22,0,0
2026-03-05,1117,구암,승차,0,0,40,69,227,398,173,167,132,132,148,178,239,239,257,272,166,95,69,66,23,0,0,0
2026-03-05,1117,구암,하차,0,0,14,56,159,264,185,135,159,165,137,144,211,206,317,334,136,111,121,75,35,2,0,0
2026-03-05,1118,현충원,승차,0,0,15,32,164,307,192,176,167,137,154,204,325,265,244,258,81,69,57,45,10,1,0,0
2026-03-05,1118,현충원,하차,0,0,8,31,155,341,330,97,145,144,150,69,90,120,135,246,80,66,64,69,31,6,0,0
2026-03-05,1119,월드컵경기장,승차,0,0,26,89,288,503,215,119,100,124,131,130,168,214,214,267,104,78,47,28,22,0,0,0
2026-03-05,1119,월드컵경기장,하차,0,0,9,35,186,264,107,85,88,117,107,106,133,206,207,395,188,118,132,108,74,13,0,0
2026-03-05,1120,노은,승차,0,0,38,84,343,513,243,174,187,213,213,192,265,348,330,397,228,190,185,144,37,2,0,0
2026-03-05,1120,노은,하차,0,0,21,35,202,363,224,162,191,202,222,291,299,414,423,643,313,177,201,152,89,6,0,0
2026-03-05,1121,지족,승차,0,0,37,57,197,240,123,104,90,114,95,135,193,198,198,443,97,72,61,34,22,0,0,0
2026-03-05,1121,지족,하차,0,0,14,28,121,528,127,113,67,90,109,78,114,144,192,244,124,92,100,70,60,7,0,0
2026-03-05,1122,반석,승차,0,0,76,207,911,1267,581,315,316,313,282,310,345,450,596,794,311,238,238,203,93,0,0,0
2026-03-05,1122,반석,하차,0,0,33,139,422,645,224,177,236,263,292,316,449,613,681,1185,426,353,339,300,118,19,0,0
2026-03-06,1101,판암,승차,0,0,100,165,533,694,309,224,252,300,221,200,243,271,319,377,126,95,46,41,38,0,0,0
2026-03-06,1101,판암,하차,0,0,16,61,144,265,118,150,193,178,177,223,325,332,383,558,271,188,205,206,76,35,0,0
2026-03-06,1102,신흥,승차,0,0,63,89,414,570,164,107,78,121,110,93,75,112,141,146,64,44,33,13,8,0,0,0
2026-03-06,1102,신흥,하차,0,0,11,22,57,98,52,63,69,91,78,106,177,205,239,386,203,104,158,106,82,6,0,0
2026-03-06,1103,대동,승차,0,0,80,145,444,611,280,225,272,244,257,256,456,406,354,414,220,104,116,61,43,0,0,0
2026-03-06,1103,대동,하차,0,0,17,42,284,438,219,148,131,191,177,175,273,309,369,506,259,193,194,169,158,11,0,0
2026-03-06,1104,대전,승차,0,0,14,106,410,558,572,591,621,761,775,771,1035,1101,1224,1252,1016,674,796,444,220,1,0,0
2026-03-06,1104,대전,하차,0,0,107,326,775,1028,723,725,855,799,841,879,1049,1201,1272,1511,782,511,376,177,66,5,0,0
2026-03-06,1105,중앙로,승차,0,0,22,55,172,293,152,179,252,331,390,429,493,532,683,736,462,433,478,307,186,10,0,0
2026-03-06,1105,중앙로,하차,0,0,28,51,161,767,417,443,480,543,480,502,549,517,635,853,478,240,164,90,61,12,0,0
2026-03-06,1106,중구청,승차,0,0,22,56,168,267,115,95,100,112,124,199,194,266,328,417,124,61,56,50,19,0,0,0
2026-03-06,1106,중구청,하차,0,0,16,53,245,630,188,117,119,136,148,125,140,159,168,252,114,66,60,65,51,4,0,0
2026-03-06,1107,서대전네거리,승차,0,0,104,147,504,883,333,314,331,320,322,344,435,459,580,685,252,236,190,129,85,7,0,0
2026-03-06,1107,서대전네거리,하차,0,0,25,85,265,663,305,284,256,367,344,362,440,497,600,1014,450,255,272,230,114,17,0,0
2026-03-06,1108,오룡,승차,0,0,69,107,437,799,277,223,220,215,239,224,296,255,418,758,225,101,106,63,41,0,0,0
2026-03-06,1108,오룡,하차,0,0,17,59,175,684,217,143,172,192,189,211,281,262,388,625,284,175,160,150,96,3,0,0
2026-03-06,1109,용문,승차,0,0,123,198,609,1331,454,401,397,381,387,387,460,573,590,576,341,253,244,140,104,0,0,0
2026-03-06,1109,용문,하차,0,0,20,63,223,571,415,311,333,364,452,431,517,583,771,1292,571,346,316,269,170,0,0,0
2026-03-06,1110,탄방,승차,0,0,39,106,301,520,215,204,327,245,240,278,329,350,572,854,257,157,180,197,50,0,0,0
2026-03-06,1110,탄방,하차,0,0,41,108,333,1124,441,208,228,216,284,250,326,331,439,696,279,179,173,131,91,0,0,0
2026-03-06,1111,시청,승차,0,0,37,93,272,420,243,268,389,353,390,433,530,674,1020,1559,543,462,455,511,252,0,0,0
2026-03-06,1111,시청,하차,0,0,61,131,531,1873,729,392,358,381,463,454,628,618,789,1069,433,277,214,145,96,8,0,0
2026-03-06,1112,정부청사,승차,0,0,26,56,208,370,217,286,313,338,327,457,587,814,1160,1945,472,296,271,166,68,0,0,0
2026-03-06,1112,정부청사,하차,0,0,89,195,644,2534,629,345,314,371,343,345,358,382,491,570,323,182,203,126,42,21,0,0
2026-03-06,1113,갈마,승차,0,0,51,116,272,531,230,144,133,156,149,135,167,186,213,246,128,87,79,39,43,1,0,0
2026-03-06,1113,갈마,하차,0,0,24,32,73,138,90,97,134,146,144,158,213,235,363,492,249,165,161,145,99,15,0,0
2026-03-06,1114,월평,승차,0,0,59,125,280,535,237,177,190,235,246,253,305,304,330,406,231,153,128,91,49,9,0,0
2026-03-06,1114,월평,하차,0,0,15,29,114,312,191,156,178,206,229,187,241,312,362,478,279,207,221,179,116,17,0,0
2026-03-06,1115,갑천,승차,0,0,16,42,120,232,71,49,45,44,62,52,48,68,105,106,48,18,30,14,7,0,0,0
2026-03-06,1115,갑천,하차,0,0,6,15,37,122,40,28,46,59,44,57,55,80,100,166,110,43,51,36,25,5,0,0
2026-03-06,1116,유성온천,승차,0,0,75,225,679,1391,487,426,485,581,601,623,718,926,961,996,523,424,363,293,164,7,0,0
2026-03-06,1116,유성온천,하차,0,0,65,132,371,907,521,449,513,487,529,558,676,740,1038,1593,779,520,466,461,251,31,0,0
2026-03-06,1117,구암,승차,0,0,39,68,223,406,153,144,178,157,235,213,296,284,317,332,232,162,107,63,32,0,0,0
2026-03-06,1117,구암,하차,0,0,14,61,133,252,163,131,168,118,204,179,227,218,338,416,197,147,128,85,56,7,0,0
2026-03-06,1118,현충원,승차,0,0,17,35,179,329,116,148,165,161,248,214,315,216,248,256,95,75,54,31,9,0,0,0
2026-03-06,1118,현충원,하차,0,0,4,23,110,231,225,106,122,135,158,82,103,112,147,228,103,92,85,83,39,11,0,0
2026-03-06,1119,월드컵경기장,승차,0,0,27,98,246,532,189,155,124,166,188,163,193,220,218,302,121,76,68,36,14,0,0,0
2026-03-06,1119,월드컵경기장,하차,0,0,9,29,190,224,104,100,113,117,117,121,158,210,234,382,186,120,119,127,96,18,0,0
2026-03-06,1120,노은,승차,0,0,37,82,338,498,210,186,202,212,236,232,348,336,411,468,254,199,207,180,77,4,0,0
2026-03-06,1120,노은,하차,0,0,21,30,194,326,238,172,202,215,272,300,353,408,459,716,346,252,216,183,102,20,0,0
2026-03-06,1121,지족,승차,0,0,35,55,192,242,104,106,109,131,142,137,192,188,215,434,102,68,59,31,21,0,0,0
2026-03-06,1121,지족,하차,0,0,12,30,127,491,109,63,74,113,129,103,119,131,199,224,126,99,87,101,82,19,0,0
2026-03-06,1122,반석,승차,0,0,73,186,871,1210,480,358,306,355,334,328,399,450,723,934,374,280,259,221,105,0,0,0
2026-03-06,1122,반석,하차,0,0,43,134,379,633,246,207,259,296,338,348,484,586,786,1141,415,299,384,351,156,42,0,0
2026-03-07,1101,판암,승차,0,0,60,90,186,264,317,302,303,314,302,239,220,251,254,219,97,115,56,41,20,0,0,0
2026-03-07,1101,판암,하차,0,0,14,41,69,153,126,138,173,195,219,223,263,239,332,285,217,173,197,151,68,30,0,0
2026-03-07,1102,신흥,승차,0,0,42,59,115,187,180,139,137,129,139,96,100,113,128,106,61,42,29,22,12,0,0,0
2026-03-07,1102,신흥,하차,0,0,4,13,39,41,43,49,92,84,99,80,138,138,170,141,125,123,110,80,83,15,0,0
2026-03-07,1103,대동,승차,0,0,49,78,153,245,272,229,243,467,275,229,175,233,269,191,103,92,53,52,29,1,0,0
2026-03-07,1103,대동,하차,0,0,20,28,54,223,106,110,123,140,153,170,220,198,236,240,164,179,166,160,150,14,0,0
2026-03-07,1104,대전,승차,0,0,8,58,222,544,606,898,1065,1068,1016,1204,1163,1245,1061,895,676,649,595,502,340,2,0,0
2026-03-07,1104,대전,하차,0,0,84,272,494,787,996,1020,1170,985,1137,1104,931,1017,832,747,608,513,363,175,64,7,0,0
2026-03-07,1105,중앙로,승차,0,0,28,38,64,129,142,190,246,380,502,620,733,809,891,873,809,812,583,370,211,9,0,0
2026-03-07,1105,중앙로,하차,0,0,23,48,90,244,429,503,851,1030,1044,959,944,820,917,778,491,241,143,106,51,6,0,0
2026-03-07,1106,중구청,승차,0,0,28,29,56,96,80,97,109,130,147,130,130,136,144,106,63,57,54,37,24,0,0,0
2026-03-07,1106,중구청,하차,0,0,20,20,34,81,105,96,130,123,161,190,122,128,169,99,97,58,56,47,36,1,0,0
2026-03-07,1107,서대전네거리,승차,0,0,72,70,173,260,277,303,335,423,375,364,300,377,422,309,220,162,164,115,71,0,0,0
2026-03-07,1107,서대전네거리,하차,0,0,29,54,114,253,246,233,353,312,324,300,392,403,469,436,271,272,216,172,133,8,0,0
2026-03-07,1108,오룡,승차,0,5,47,65,116,213,232,212,252,249,217,197,191,202,249,187,99,114,55,42,24,0,0,0
2026-03-07,1108,오룡,하차,0,4,15,37,67,100,108,130,151,143,193,193,185,214,236,215,138,167,124,123,88,1,0,0
2026-03-07,1109,용문,승차,0,1,81,138,215,315,371,457,500,534,545,564,526,513,565,448,286,259,190,126,64,6,0,0
2026-03-07,1109,용문,하차,0,0,23,66,133,341,450,381,411,426,533,562,481,513,635,474,354,266,232,245,160,6,0,0
2026-03-07,1110,탄방,승차,0,0,39,62,140,170,186,199,258,240,317,316,302,278,483,308,216,136,132,91,41,0,0,0
2026-03-07,1110,탄방,하차,0,0,29,74,99,230,372,318,321,274,287,290,301,342,353,240,158,133,135,113,90,0,0,0
2026-03-07,1111,시청,승차,0,0,28,53,126,173,221,288,437,466,537,483,567,590,542,502,431,366,303,338,197,0,0,0
2026-03-07,1111,시청,하차,0,0,31,62,190,401,555,435,447,654,493,465,412,478,470,409,259,219,169,134,74,20,0,0
2026-03-07,1112,정부청사,승차,0,1,19,44,87,153,178,214,313,304,351,364,396,433,437,416,260,229,164,100,52,1,0,0
2026-03-07,1112,정부청사,하차,0,0,48,75,119,282,321,361,401,471,466,416,391,399,332,341,193,196,147,101,58,21,0,0
2026-03-07,1113,갈마,승차,0,0,36,68,119,183,216,213,277,187,201,173,213,210,253,143,95,91,58,50,42,3,0,0
2026-03-07,1113,갈마,하차,0,0,23,21,35,126,117,127,155,174,215,247,223,255,229,224,218,164,124,153,107,27,0,0
2026-03-07,1114,월평,승차,0,0,59,74,133,219,252,230,245,241,265,220,260,246,246,207,156,129,94,90,39,0,0,0
2026-03-07,1114,월평,하차,0,0,6,19,56,75,107,146,200,220,232,221,277,284,291,292,216,206,152,144,121,13,0,0
2026-03-07,1115,갑천,승차,0,0,19,24,32,81,76,59,62,83,72,94,70,75,76,89,37,24,9,8,8,0,0,0
2026-03-07,1115,갑천,하차,0,0,10,18,24,41,60,66,91,78,82,77,87,81,76,64,57,51,61,41,20,5,0,0
2026-03-07,1116,유성온천,승차,0,0,81,133,264,444,538,566,646,691,694,794,693,700,691,573,422,421,352,242,154,3,0,0
2026-03-07,1116,유성온천,하차,0,0,69,86,152,402,437,487,628,632,647,742,662,821,849,839,546,460,412,364,278,40,0,0
2026-03-07,1117,구암,승차,0,0,33,47,80,179,182,187,250,209,210,228,250,230,204,182,151,154,114,59,51,3,0,0
2026-03-07,1117,구암,하차,0,0,8,37,88,160,184,176,185,212,222,216,194,244,251,192,175,144,114,75,34,2,0,0
2026-03-07,1118,현충원,승차,0,0,13,36,62,179,156,159,167,172,209,182,203,168,137,111,62,52,41,23,5,4,0,0
2026-03-07,1118,현충원,하차,0,0,3,15,35,66,121,112,140,117,103,100,98,111,106,97,96,72,99,64,32,12,0,0
2026-03-07,1119,월드컵경기장,승차,0,0,9,45,90,139,163,174,176,142,139,137,131,158,154,122,76,65,52,26,8,1,0,0
2026-03-07,1119,월드컵경기장,하차,0,0,6,28,51,59,59,84,126,119,118,130,106,153,142,129,106,99,113,92,51,21,0,0
2026-03-07,1120,노은,승차,0,0,23,56,118,175,228,235,265,324,278,302,277,294,273,264,172,176,177,121,57,4,0,0
2026-03-07,1120,노은,하차,0,0,19,31,80,172,206,203,225,280,238,305,307,317,311,383,247,199,168,117,89,23,0,0
2026-03-07,1121,지족,승차,0,0,26,35,80,91,134,113,138,117,125,112,140,128,138,93,55,61,53,22,21,0,0,0
2026-03-07,1121,지족,하차,0,0,9,20,37,95,63,54,89,111,100,105,103,119,150,118,91,100,77,59,68,18,0,0
2026-03-07,1122,반석,승차,0,0,48,74,231,390,449,421,486,478,423,444,343,413,408,315,204,187,165,118,82,0,0,0
2026-03-07,1122,반석,하차,0,0,22,74,108,164,194,205,234,249,305,334,390,456,573,444,367,336,323,245,135,50,0,0
2026-03-08,1101,판암,승차,0,0,39,74,100,215,191,230,204,214,199,213,191,172,140,134,97,77,43,21,13,0,0,0
2026-03-08,1101,판암,하차,0,0,11,30,68,84,99,114,147,125,134,183,198,217,252,161,153,123,141,90,51,21,0,0
2026-03-08,1102,신흥,승차,0,0,25,39,51,92,120,109,95,100,111,72,66,56,73,43,34,19,26,10,6,0,0,0
2026-03-08,1102,신흥,하차,0,0,4,16,16,23,26,38,44,58,56,79,102,105,98,104,83,80,68,53,28,1,0,0
2026-03-08,1103,대동,승차,0,0,31,63,81,163,182,234,203,208,153,193,162,166,137,99,95,54,42,22,18,2,0,0
2026-03-08,1103,대동,하차,0,0,9,23,26,54,48,92,84,111,100,154,198,192,208,197,125,150,152,128,102,12,0,0
2026-03-08,1104,대전,승차,0,10,7,52,112,245,371,671,700,756,680,812,1017,1194,958,839,903,1010,1061,816,328,2,0,0
2026-03-08,1104,대전,하차,0,10,65,187,259,446,547,604,783,629,777,705,714,768,600,608,604,481,287,108,39,2,0,0
2026-03-08,1105,중앙로,승차,0,0,26,25,29,66,109,160,172,283,331,502,537,713,729,618,613,523,347,190,106,16,0,0
2026-03-08,1105,중앙로,하차,0,0,16,40,67,151,260,410,679,783,822,787,676,637,541,403,258,165,106,60,29,19,0,0
2026-03-08,1106,중구청,승차,0,0,10,22,34,56,49,51,57,79,83,90,117,89,84,78,71,45,26,32,4,0,0,0
2026-03-08,1106,중구청,하차,0,0,7,19,13,34,47,59,106,125,122,134,110,105,108,69,75,62,75,34,19,4,0,0
2026-03-08,1107,서대전네거리,승차,0,0,45,60,78,145,158,248,175,262,210,226,273,229,231,225,212,161,109,63,44,0,0,0
2026-03-08,1107,서대전네거리,하차,0,0,20,67,84,113,135,189,201,183,228,236,276,280,349,322,219,217,170,134,64,5,0,0
2026-03-08,1108,오룡,승차,0,0,49,46,77,112,128,175,194,196,167,186,168,234,167,181,144,80,70,36,24,0,0,0
2026-03-08,1108,오룡,하차,0,0,14,79,33,89,102,189,93,100,152,157,155,150,160,172,132,139,128,117,53,0,0,0
2026-03-08,1109,용문,승차,0,1,55,101,104,195,224,332,576,393,516,516,489,423,510,341,253,225,227,122,55,0,0,0
2026-03-08,1109,용문,하차,0,0,15,51,105,455,343,360,483,272,343,386,494,429,453,360,331,238,196,180,111,0,0,0
2026-03-08,1110,탄방,승차,0,0,21,43,57,104,114,154,155,209,261,215,226,201,293,151,110,80,77,53,26,0,0,0
2026-03-08,1110,탄방,하차,0,0,20,56,47,101,206,307,229,164,169,185,220,170,212,155,123,132,135,89,87,0,0,0
2026-03-08,1111,시청,승차,0,0,34,44,46,113,123,142,223,280,324,279,361,408,376,409,380,249,211,195,89,0,0,0
2026-03-08,1111,시청,하차,0,0,14,54,68,140,219,255,302,400,350,355,324,370,351,237,196,177,181,105,53,10,0,0
2026-03-08,1112,정부청사,승차,0,0,19,29,49,116,135,164,172,170,198,256,254,260,311,265,180,219,141,76,29,0,0,0
2026-03-08,1112,정부청사,하차,0,0,19,58,69,134,169,218,250,238,251,317,277,319,267,222,205,136,189,129,48,6,0,0
2026-03-08,1113,갈마,승차,0,0,27,59,73,128,160,163,137,157,163,138,163,162,157,104,104,72,64,29,16,1,0,0
2026-03-08,1113,갈마,하차,0,0,15,9,19,45,52,95,111,135,161,171,176,202,200,169,173,129,123,123,68,13,0,0
2026-03-08,1114,월평,승차,0,5,28,45,69,146,159,140,156,145,165,184,166,135,145,129,83,87,61,34,29,0,0,0
2026-03-08,1114,월평,하차,0,5,9,13,25,59,61,82,107,119,148,175,214,219,256,212,220,225,233,217,131,14,0,0
2026-03-08,1115,갑천,승차,0,0,9,20,24,46,41,48,56,68,65,76,73,58,63,45,17,21,15,5,2,0,0,0
2026-03-08,1115,갑천,하차,0,0,5,19,14,26,44,66,50,57,58,49,51,52,60,38,56,42,45,41,26,2,0,0
2026-03-08,1116,유성온천,승차,0,0,51,111,161,308,368,419,445,482,556,499,609,526,517,431,342,290,234,147,111,5,0,0
2026-03-08,1116,유성온천,하차,0,0,59,85,131,200,298,322,387,449,485,561,605,655,654,656,514,469,486,412,236,22,0,0
2026-03-08,1117,구암,승차,0,0,24,26,52,85,111,150,145,130,188,173,201,182,187,132,149,120,118,59,28,0,0,0
2026-03-08,1117,구암,하차,0,0,3,26,65,82,127,124,132,110,122,178,199,214,228,212,162,133,133,57,36,6,0,0
2026-03-08,1118,현충원,승차,0,0,9,16,26,99,78,115,134,119,158,176,187,187,113,92,63,55,29,10,7,0,0,0
2026-03-08,1118,현충원,하차,0,0,3,11,26,59,84,107,109,86,87,94,108,116,125,101,93,101,109,94,35,3,0,0
2026-03-08,1119,월드컵경기장,승차,0,0,12,39,56,78,103,140,113,147,135,116,115,167,110,85,79,50,27,17,14,0,0,0
2026-03-08,1119,월드컵경기장,하차,0,0,1,19,30,37,66,71,72,97,98,91,129,109,112,115,110,87,75,87,38,15,0,0
2026-03-08,1120,노은,승차,0,0,20,51,54,113,126,112,167,216,205,226,247,210,197,191,165,148,113,59,32,2,0,0
2026-03-08,1120,노은,하차,0,0,7,14,40,53,115,122,150,190,200,233,261,292,231,287,174,126,113,130,52,3,0,0
2026-03-08,1121,지족,승차,0,0,19,31,35,73,85,81,95,115,112,91,99,91,71,86,44,42,34,25,11,5,0,0
2026-03-08,1121,지족,하차,0,0,8,17,16,48,63,48,47,48,65,74,100,124,118,94,88,78,69,68,57,11,0,0
2026-03-08,1122,반석,승차,0,0,37,82,123,198,339,302,300,326,420,284,284,277,241,208,156,152,119,99,52,0,0,0
2026-03-08,1122,반석,하차,0,0,18,44,61,97,150,153,163,179,253,247,282,373,442,315,261,259,243,140,93,22,0,0
2026-03-09,1101,판암,승차,0,0,105,178,520,762,375,235,225,282,262,240,220,230,280,310,91,86,67,36,19,0,0,0
2026-03-09,1101,판암,하차,0,0,15,61,144,285,140,156,193,202,176,197,311,349,373,609,272,170,221,166,68,31,0,0
2026-03-09,1102,신흥,승차,0,0,66,105,432,548,206,112,93,117,139,77,77,65,102,116,35,31,30,9,7,0,0,0
2026-03-09,1102,신흥,하차,0,0,6,24,48,102,42,48,65,80,84,84,162,222,219,460,197,143,147,77,47,5,0,0
2026-03-09,1103,대동,승차,0,0,80,147,440,644,275,196,172,268,234,245,316,491,412,469,214,123,187,45,39,2,0,0
2026-03-09,1103,대동,하차,0,0,20,46,246,637,241,162,153,247,189,211,268,308,349,547,271,173,197,163,118,20,0,0
2026-03-09,1104,대전,승차,0,0,12,156,762,1021,670,618,630,696,606,660,722,794,888,966,637,413,354,272,124,4,0,0
2026-03-09,1104,대전,하차,0,0,176,547,852,1063,738,613,646,579,667,579,652,688,653,653,302,204,184,78,53,4,0,0
2026-03-09,1105,중앙로,승차,0,0,25,49,165,297,165,151,219,300,362,317,450,471,582,776,368,320,326,198,84,0,0,0
2026-03-09,1105,중앙로,하차,0,0,27,58,160,763,378,379,430,384,395,410,422,425,456,649,280,151,89,74,35,4,0,0
2026-03-09,1106,중구청,승차,0,8,17,61,155,288,123,107,106,107,108,187,194,253,288,432,91,81,84,66,22,0,0,0
2026-03-09,1106,중구청,하차,0,8,18,54,250,671,175,120,124,127,129,140,125,129,140,242,105,65,69,57,35,2,0,0
2026-03-09,1107,서대전네거리,승차,0,5,104,169,538,965,347,355,286,298,355,311,330,417,441,580,206,144,156,114,51,0,0,0
2026-03-09,1107,서대전네거리,하차,0,5,34,92,278,652,300,288,307,292,331,306,413,420,526,904,365,277,245,198,85,16,0,0
2026-03-09,1108,오룡,승차,0,0,77,139,415,884,315,208,216,194,202,183,183,298,346,666,146,99,64,55,31,0,0,0
2026-03-09,1108,오룡,하차,0,0,23,63,166,666,174,115,146,159,175,174,235,273,335,630,235,161,179,140,85,1,0,0
2026-03-09,1109,용문,승차,0,1,139,226,658,1371,490,417,365,407,437,344,475,509,469,463,232,186,208,95,159,0,0,0
2026-03-09,1109,용문,하차,0,0,22,58,218,571,390,317,311,335,408,388,484,528,702,1270,512,364,357,239,115,0,0,0
2026-03-09,1110,탄방,승차,0,9,57,150,304,546,269,255,328,188,304,270,332,305,445,853,224,203,200,138,43,0,0,0
2026-03-09,1110,탄방,하차,0,9,28,107,352,1249,495,293,192,223,278,238,277,335,364,620,276,173,156,124,72,0,0,0
2026-03-09,1111,시청,승차,0,0,50,111,269,450,265,299,326,353,321,387,492,545,831,1402,452,538,478,484,167,0,0,0
2026-03-09,1111,시청,하차,0,0,60,156,577,1879,786,401,360,284,407,433,494,574,693,820,359,194,153,116,69,12,0,0
2026-03-09,1112,정부청사,승차,0,1,45,83,238,366,260,252,297,302,302,334,488,617,896,1806,447,334,277,155,53,0,0,0
2026-03-09,1112,정부청사,하차,0,0,82,222,714,2699,789,381,263,330,357,334,337,284,389,480,209,136,134,97,41,6,0,0
2026-03-09,1113,갈마,승차,0,0,71,124,324,522,204,148,157,160,182,139,178,167,198,201,92,71,78,37,25,1,0,0
2026-03-09,1113,갈마,하차,0,0,24,34,97,197,117,105,101,145,147,186,184,249,280,474,226,150,132,111,77,22,0,0
2026-03-09,1114,월평,승차,0,0,65,130,284,492,207,171,158,216,206,187,213,273,264,379,166,138,148,81,32,0,0,0
2026-03-09,1114,월평,하차,0,0,12,36,134,405,328,178,206,232,215,188,240,275,290,535,216,169,151,160,85,7,0,0
2026-03-09,1115,갑천,승차,0,0,14,37,118,237,85,39,49,50,52,41,41,61,74,107,34,25,29,8,5,0,0,0
2026-03-09,1115,갑천,하차,0,0,3,18,44,102,31,56,43,50,60,40,63,84,100,175,72,58,46,42,25,1,0,0
2026-03-09,1116,유성온천,승차,0,0,107,272,649,1313,523,380,388,465,515,548,630,825,815,990,429,362,302,196,134,1,0,0
2026-03-09,1116,유성온천,하차,0,0,70,115,359,1013,701,504,531,513,534,527,590,658,834,1404,610,392,438,354,208,18,0,0
2026-03-09,1117,구암,승차,0,0,42,74,246,430,186,189,287,279,259,277,339,339,256,299,139,82,86,43,19,1,0,0
2026-03-09,1117,구암,하차,0,0,12,71,182,314,231,291,333,292,312,259,251,262,248,355,128,120,90,84,28,7,0,0
2026-03-09,1118,현충원,승차,0,0,22,44,163,350,145,127,120,118,148,192,321,238,222,266,94,72,84,42,12,4,0,0
2026-03-09,1118,현충원,하차,0,0,4,27,166,294,305,110,154,155,221,84,109,131,133,264,77,79,69,76,25,12,0,0
2026-03-09,1119,월드컵경기장,승차,0,0,33,93,291,497,215,169,150,142,163,162,220,166,187,264,87,78,48,25,11,0,0,0
2026-03-09,1119,월드컵경기장,하차,0,0,9,41,173,250,131,87,104,126,124,95,168,208,202,389,195,107,130,79,60,18,0,0
2026-03-09,1120,노은,승차,0,0,43,88,376,503,265,220,214,196,215,208,245,311,315,385,227,199,193,142,45,5,0,0
2026-03-09,1120,노은,하차,0,0,21,35,178,391,223,194,229,182,233,270,307,341,405,654,304,179,187,148,68,13,0,0
2026-03-09,1121,지족,승차,0,0,32,52,199,258,131,98,103,103,112,145,144,171,174,366,88,72,57,43,15,0,0,0
2026-03-09,1121,지족,하차,0,0,15,31,146,498,116,78,117,110,117,113,112,124,198,236,141,104,103,72,37,12,0,0
2026-03-09,1122,반석,승차,0,0,92,186,933,1255,599,331,371,324,342,251,314,346,543,809,275,223,258,197,86,5,0,0
2026-03-09,1122,반석,하차,0,0,39,146,350,628,241,182,224,259,298,321,466,615,745,1145,396,333,382,273,99,20,0,0
2026-03-10,1101,판암,승차,0,3,104,173,559,754,364,232,244,283,231,207,220,267,315,344,110,92,49,35,20,0,0,0
2026-03-10,1101,판암,하차,0,0,8,73,146,287,128,151,184,208,181,231,286,376,389,661,281,197,201,203,72,24,0,0
2026-03-10,1102,신흥,승차,0,0,58,115,458,601,201,121,107,98,129,70,77,86,133,104,52,42,25,10,7,0,0,0
2026-03-10,1102,신흥,하차,0,0,17,21,44,112,55,56,61,91,84,74,153,159,234,484,227,127,147,107,44,7,0,0
2026-03-10,1103,대동,승차,0,0,78,141,447,682,264,195,188,268,245,208,291,571,431,560,198,134,187,74,37,1,0,0
2026-03-10,1103,대동,하차,0,0,16,57,291,598,280,161,179,207,187,192,252,319,351,579,298,188,211,190,100,22,0,0
2026-03-10,1104,대전,승차,0,0,13,99,519,662,591,545,551,676,624,623,760,788,1030,978,631,379,385,280,132,0,0,0
2026-03-10,1104,대전,하차,0,0,122,377,765,1048,716,642,735,615,655,600,693,708,760,725,311,261,227,102,31,4,0,0
2026-03-10,1105,중앙로,승차,0,0,25,55,156,328,157,150,215,273,353,340,438,485,644,752,369,360,407,206,108,7,0,0
2026-03-10,1105,중앙로,하차,0,0,38,53,160,795,377,384,411,384,356,364,381,445,502,777,286,145,128,107,48,8,0,0
2026-03-10,1106,중구청,승차,0,0,29,60,162,303,100,126,126,110,137,153,174,303,290,423,116,83,99,75,14,0,0,0
2026-03-10,1106,중구청,하차,0,0,18,48,265,632,219,133,139,134,157,120,116,157,183,250,114,65,74,63,34,3,0,0
2026-03-10,1107,서대전네거리,승차,0,3,100,155,532,949,386,330,325,328,325,320,377,385,481,566,238,214,185,92,72,0,0,0
2026-03-10,1107,서대전네거리,하차,0,0,33,81,254,725,334,289,339,314,338,265,385,429,546,981,406,267,275,239,85,12,0,0
2026-03-10,1108,오룡,승차,0,0,82,110,474,874,306,200,216,210,233,166,227,287,311,748,147,81,76,43,21,0,0,0
2026-03-10,1108,오룡,하차,0,0,25,51,178,684,217,124,128,154,179,165,209,297,390,617,266,189,188,152,94,0,0,0
2026-03-10,1109,용문,승차,0,0,131,209,645,1374,479,381,400,421,462,406,394,544,490,514,280,228,229,108,129,0,0,0
2026-03-10,1109,용문,하차,0,0,19,60,229,601,428,331,330,381,420,367,419,556,710,1241,559,342,396,266,133,0,0,0
2026-03-10,1110,탄방,승차,0,0,47,126,312,564,266,233,309,222,204,270,322,326,494,830,240,166,216,195,44,0,0,0
2026-03-10,1110,탄방,하차,0,0,43,111,343,1206,441,257,179,204,278,260,253,362,397,674,258,177,180,113,64,1,0,0
2026-03-10,1111,시청,승차,0,0,59,95,276,445,257,264,338,279,359,407,442,591,850,1431,492,560,537,530,208,0,0,0
2026-03-10,1111,시청,하차,0,0,61,156,568,1870,673,380,412,367,396,394,468,619,686,960,382,249,181,117,67,9,0,0
2026-03-10,1112,정부청사,승차,0,0,33,63,227,392,262,249,275,313,324,322,512,577,977,1860,461,351,345,175,72,0,0,0
2026-03-10,1112,정부청사,하차,0,0,97,198,706,2600,763,395,287,333,374,317,264,376,462,538,250,171,150,138,50,13,0,0
2026-03-10,1113,갈마,승차,0,0,57,116,315,514,229,148,154,159,143,111,137,166,206,220,85,78,84,34,26,1,0,0
2026-03-10,1113,갈마,하차,0,0,26,31,74,174,99,89,118,138,135,160,164,214,297,449,219,154,169,114,100,15,0,0
2026-03-10,1114,월평,승차,0,0,71,119,294,518,212,155,154,227,196,178,233,270,279,366,155,125,147,62,37,0,0,0
2026-03-10,1114,월평,하차,0,0,21,34,122,341,299,197,188,194,247,215,208,248,310,573,219,172,195,142,87,6,0,0
2026-03-10,1115,갑천,승차,0,0,16,46,113,246,69,45,44,39,49,45,61,50,89,93,40,33,27,15,9,0,0,0
2026-03-10,1115,갑천,하차,0,0,7,20,44,106,38,38,23,53,57,50,59,73,119,183,76,42,45,28,29,1,0,0
2026-03-10,1116,유성온천,승차,0,0,97,216,700,1388,547,420,430,522,498,525,653,822,860,1084,446,423,383,221,157,4,0,0
2026-03-10,1116,유성온천,하차,0,0,67,128,382,975,724,499,473,541,532,544,506,652,880,1516,659,411,400,417,217,25,0,0
2026-03-10,1117,구암,승차,0,0,40,71,240,421,187,123,133,132,164,139,190,300,236,285,153,83,79,40,18,2,0,0
2026-03-10,1117,구암,하차,0,0,16,56,177,295,180,156,138,156,140,142,194,216,293,329,150,118,102,91,35,6,0,0
2026-03-10,1118,현충원,승차,0,0,19,41,176,333,129,99,148,202,181,123,205,310,396,307,108,73,93,39,16,0,0,0
2026-03-10,1118,현충원,하차,0,0,3,26,155,388,351,105,158,122,143,68,76,110,169,211,68,82,73,78,27,10,0,0
2026-03-10,1119,월드컵경기장,승차,0,0,29,97,285,538,182,140,131,116,141,119,155,228,201,301,108,69,75,26,12,0,0,0
2026-03-10,1119,월드컵경기장,하차,0,0,8,42,189,257,112,79,74,118,103,90,127,205,229,403,197,123,123,101,50,19,0,0
2026-03-10,1120,노은,승차,0,0,37,90,394,540,215,204,198,187,181,211,232,320,322,419,184,207,176,162,52,2,0,0
2026-03-10,1120,노은,하차,0,0,20,33,201,386,253,178,191,176,220,267,281,418,437,662,289,189,210,148,80,16,0,0
2026-03-10,1121,지족,승차,0,0,32,57,192,255,124,102,120,86,100,81,182,183,220,381,89,76,69,40,19,5,0,0
2026-03-10,1121,지족,하차,0,0,14,32,130,495,129,61,84,78,100,67,123,132,178,260,117,101,111,84,42,12,0,0
2026-03-10,1122,반석,승차,0,0,75,206,959,1325,668,392,318,291,321,250,287,365,618,761,372,258,256,206,89,0,0,0
2026-03-10,1122,반석,하차,0,0,44,142,404,612,228,186,230,235,307,340,402,597,771,1267,411,339,398,318,142,24,0,0
2026-03-11,1101,판암,승차,0,0,102,180,585,787,333,239,251,291,298,225,227,279,280,362,144,97,63,45,16,0,0,0
2026-03-11,1101,판암,하차,0,0,8,69,146,270,120,134,164,185,165,251,320,368,405,642,275,217,246,213,58,22,0,0
2026-03-11,1102,신흥,승차,0,0,53,95,462,614,188,114,103,108,85,97,84,98,126,127,64,31,31,11,8,0,0,0
2026-03-11,1102,신흥,하차,0,0,6,17,55,94,47,74,69,84,110,95,138,238,257,408,224,118,162,108,58,7,0,0
2026-03-11,1103,대동,승차,0,0,78,137,408,665,290,205,234,277,233,226,327,537,488,552,205,113,159,60,36,4,0,0
2026-03-11,1103,대동,하차,0,0,21,45,323,547,239,155,145,220,211,204,249,295,331,587,265,192,229,207,126,23,0,0
2026-03-11,1104,대전,승차,0,0,17,114,460,642,578,585,526,674,636,717,754,860,988,1027,711,419,377,297,157,0,0,0
2026-03-11,1104,대전,하차,0,0,126,351,781,1045,696,649,659,613,612,677,693,769,726,769,327,263,207,108,54,5,0,0
2026-03-11,1105,중앙로,승차,0,0,30,51,156,305,148,148,183,248,332,399,392,510,612,826,386,368,367,227,95,1,0,0
2026-03-11,1105,중앙로,하차,0,0,28,66,170,791,404,344,419,425,392,413,405,449,520,743,307,149,120,69,39,2,0,0
2026-03-11,1106,중구청,승차,0,0,30,54,162,305,106,105,117,116,115,182,270,222,341,435,105,92,88,78,18,0,0,0
2026-03-11,1106,중구청,하차,0,0,24,58,267,618,214,147,132,161,165,133,144,161,165,265,109,71,92,62,41,4,0,0
2026-03-11,1107,서대전네거리,승차,0,0,97,170,570,927,306,291,315,328,300,293,390,403,446,589,249,189,156,113,57,0,0,0
2026-03-11,1107,서대전네거리,하차,0,0,31,85,265,661,279,243,287,314,289,300,326,475,643,888,355,248,302,227,114,15,0,0
2026-03-11,1108,오룡,승차,0,0,80,125,448,879,269,168,187,215,238,182,149,336,316,745,170,91,63,61,24,0,0,0
2026-03-11,1108,오룡,하차,0,0,30,49,185,704,257,147,144,147,164,176,237,268,376,609,224,168,155,154,95,0,0,0
2026-03-11,1109,용문,승차,0,1,125,211,634,1369,423,377,342,353,642,567,521,453,509,457,253,219,522,211,131,0,0,0
2026-03-11,1109,용문,하차,0,0,26,64,232,613,406,306,595,407,434,380,436,574,782,1421,805,341,309,245,126,0,0,0
2026-03-11,1110,탄방,승차,0,0,38,117,329,552,275,199,267,192,276,237,284,304,500,799,254,167,207,215,42,0,0,0
2026-03-11,1110,탄방,하차,0,0,33,96,352,1216,416,233,180,203,235,226,265,356,443,675,313,158,174,124,73,0,0,0
2026-03-11,1111,시청,승차,0,0,45,97,304,421,238,251,352,351,318,384,452,600,820,1531,506,485,453,482,207,0,0,0
2026-03-11,1111,시청,하차,0,0,62,150,537,1875,668,375,340,286,428,413,504,600,717,894,432,185,187,146,97,7,0,0
2026-03-11,1112,정부청사,승차,0,0,33,70,199,387,226,283,309,311,314,339,516,693,1099,1747,475,345,233,161,67,0,0,0
2026-03-11,1112,정부청사,하차,0,0,87,202,673,2656,734,390,301,347,414,325,326,324,481,493,256,156,156,108,51,14,0,0
2026-03-11,1113,갈마,승차,0,0,60,117,322,575,224,154,163,159,137,137,135,188,222,205,100,54,94,51,29,1,0,0
2026-03-11,1113,갈마,하차,0,0,25,29,88,170,113,90,111,112,150,172,198,235,295,454,255,166,158,135,87,12,0,0
2026-03-11,1114,월평,승차,0,0,61,111,294,527,215,150,190,203,173,179,203,287,279,364,162,131,108,101,39,0,0,0
2026-03-11,1114,월평,하차,0,0,15,30,125,379,231,147,186,183,207,231,234,252,323,530,251,158,196,122,83,2,0,0
2026-03-11,1115,갑천,승차,0,0,19,34,127,228,87,47,40,44,51,43,39,53,83,115,33,30,26,8,10,0,0,0
2026-03-11,1115,갑천,하차,0,0,4,26,45,124,33,35,34,41,47,45,74,62,109,187,58,49,44,45,16,1,0,0
2026-03-11,1116,유성온천,승차,0,0,78,219,735,1386,488,386,435,486,507,528,751,781,921,978,434,354,377,252,155,0,0,0
2026-03-11,1116,유성온천,하차,0,0,91,118,388,981,657,516,505,508,505,532,563,718,878,1530,581,444,480,420,213,17,0,0
2026-03-11,1117,구암,승차,0,0,38,79,233,427,140,147,161,151,162,136,188,264,218,302,143,113,81,43,18,0,0,0
2026-03-11,1117,구암,하차,0,0,9,56,158,301,176,125,138,138,128,169,194,213,263,363,150,90,115,96,41,7,0,0
2026-03-11,1118,현충원,승차,0,0,17,43,176,356,114,84,118,174,145,144,197,304,390,261,94,78,88,20,13,4,0,0
2026-03-11,1118,현충원,하차,0,0,6,26,149,366,307,85,110,129,150,62,94,123,128,249,73,63,74,83,32,5,0,0
2026-03-11,1119,월드컵경기장,승차,0,0,34,84,266,537,176,144,162,138,160,119,132,225,218,313,104,65,50,34,10,1,0,0
2026-03-11,1119,월드컵경기장,하차,0,0,12,44,181,255,141,103,108,98,115,121,155,196,205,384,163,111,128,102,57,14,0,0
2026-03-11,1120,노은,승차,0,0,40,92,336,563,251,175,208,192,178,193,275,273,337,400,222,219,228,157,70,1,0,0
2026-03-11,1120,노은,하차,0,0,19,35,199,363,221,148,171,187,246,277,336,331,439,652,303,195,198,174,79,11,0,0
2026-03-11,1121,지족,승차,0,0,27,58,205,231,115,102,99,89,110,98,213,160,200,400,79,50,62,27,14,0,0,0
2026-03-11,1121,지족,하차,0,0,16,28,130,500,116,75,86,89,95,104,107,133,158,233,107,119,112,82,66,13,0,0
2026-03-11,1122,반석,승차,0,0,88,173,985,1329,606,362,288,332,311,297,314,428,534,858,305,262,284,191,114,0,0,0
2026-03-11,1122,반석,하차,0,0,36,157,385,640,213,144,216,240,289,313,415,605,753,1240,432,330,395,327,143,18,0,0
2026-03-12,1101,판암,승차,0,0,118,153,570,742,346,235,224,276,245,223,248,238,293,342,107,86,73,43,16,5,0,0
2026-03-12,1101,판암,하차,0,0,14,63,142,283,133,164,169,178,188,221,281,369,406,582,277,197,214,187,77,28,0,0
2026-03-12,1102,신흥,승차,0,0,62,108,444,592,200,123,79,107,110,86,70,101,111,117,41,20,27,9,7,0,0,0
2026-03-12,1102,신흥,하차,0,0,10,18,51,99,37,54,63,100,85,84,159,249,244,409,191,156,136,135,66,6,0,0
2026-03-12,1103,대동,승차,0,0,89,137,420,653,289,197,165,299,259,223,319,480,408,506,171,120,196,84,53,2,0,0
2026-03-12,1103,대동,하차,0,0,22,52,303,522,281,181,151,212,183,182,236,320,347,557,258,183,216,193,104,20,0,0
2026-03-12,1104,대전,승차,0,0,11,103,499,658,618,687,649,713,604,673,913,851,1018,1083,825,516,461,308,162,1,0,0
2026-03-12,1104,대전,하차,0,0,136,364,850,1038,803,702,710,661,716,728,776,824,860,895,473,362,265,105,55,6,0,0
2026-03-12,1105,중앙로,승차,0,0,28,47,147,302,157,157,164,308,341,397,513,678,745,852,452,442,417,243,121,7,0,0
2026-03-12,1105,중앙로,하차,0,0,27,54,162,804,423,453,526,572,449,442,395,500,548,793,381,185,138,80,38,7,0,0
2026-03-12,1106,중구청,승차,0,0,23,61,161,304,125,114,103,133,124,148,153,330,317,427,92,71,72,74,21,3,0,0
2026-03-12,1106,중구청,하차,0,0,23,37,246,618,231,125,134,136,168,161,114,130,176,246,107,92,89,88,39,5,0,0
2026-03-12,1107,서대전네거리,승차,0,3,96,173,556,929,371,340,345,311,358,332,353,462,507,600,249,175,174,173,65,2,0,0
2026-03-12,1107,서대전네거리,하차,0,0,37,79,263,657,324,260,324,332,347,322,408,475,587,951,404,283,301,229,126,12,0,0
2026-03-12,1108,오룡,승차,0,0,84,129,458,829,328,189,200,228,219,203,184,297,366,720,163,119,77,62,17,0,0,0
2026-03-12,1108,오룡,하차,0,0,26,65,201,713,207,148,165,169,181,192,239,272,370,584,242,172,190,157,111,1,0,0
2026-03-12,1109,용문,승차,0,0,120,223,683,1366,482,351,382,399,412,432,342,523,555,479,265,222,225,134,103,0,0,0
2026-03-12,1109,용문,하차,0,0,23,71,229,595,413,349,329,354,376,382,477,556,713,1241,507,351,347,270,144,0,0,0
2026-03-12,1110,탄방,승차,0,1,45,125,318,588,258,248,281,191,224,246,326,356,445,838,219,218,216,233,67,0,0,0
2026-03-12,1110,탄방,하차,0,0,38,118,337,1176,456,221,184,219,272,230,267,347,475,739,293,161,186,148,83,0,0,0
2026-03-12,1111,시청,승차,0,0,44,100,269,442,305,269,327,331,383,423,441,557,856,1399,495,508,569,548,239,0,0,0
2026-03-12,1111,시청,하차,0,0,59,154,560,1878,709,386,360,330,401,417,393,639,720,993,426,231,200,148,74,6,0,0
2026-03-12,1112,정부청사,승차,0,0,28,85,224,385,235,235,334,324,361,334,546,613,995,1683,465,336,304,199,66,0,0,0
2026-03-12,1112,정부청사,하차,0,0,85,212,696,2611,715,436,311,340,355,348,332,388,428,544,245,168,196,104,58,25,0,0
2026-03-12,1113,갈마,승차,0,0,63,122,325,543,222,159,151,152,171,137,152,139,199,204,82,94,86,31,23,1,0,0
2026-03-12,1113,갈마,하차,0,0,25,33,89,156,110,88,101,161,126,161,182,264,320,466,209,154,164,170,97,10,0,0
2026-03-12,1114,월평,승차,0,0,92,123,290,518,212,170,172,222,231,206,254,308,316,413,186,133,153,80,37,0,0,0
2026-03-12,1114,월평,하차,0,0,21,33,116,360,301,190,165,202,214,207,206,267,303,539,224,204,159,158,103,5,0,0
2026-03-12,1115,갑천,승차,0,0,21,50,112,222,104,55,58,45,44,50,48,67,86,105,44,27,28,9,6,0,0,0
2026-03-12,1115,갑천,하차,0,0,3,31,38,142,34,44,39,55,59,59,56,79,90,153,78,62,53,28,31,0,0,0
2026-03-12,1116,유성온천,승차,0,0,87,259,711,1404,512,423,416,505,550,600,662,851,846,1094,495,419,412,260,190,5,0,0
2026-03-12,1116,유성온천,하차,0,0,49,177,336,950,694,444,514,526,492,544,574,724,950,1511,611,469,459,405,207,23,0,0
2026-03-12,1117,구암,승차,0,0,40,64,251,427,203,141,168,162,155,179,226,227,259,322,180,109,98,60,26,1,0,0
2026-03-12,1117,구암,하차,0,0,12,55,176,289,221,108,185,163,169,149,201,255,293,421,144,146,151,89,42,10,0,0
2026-03-12,1118,현충원,승차,0,0,16,31,182,354,133,113,121,219,176,162,173,288,343,291,111,79,107,49,23,0,0,0
2026-03-12,1118,현충원,하차,0,0,5,27,151,327,311,86,130,136,162,80,81,119,183,221,78,79,84,86,24,11,0,0
2026-03-12,1119,월드컵경기장,승차,0,0,29,87,278,506,211,148,142,112,148,141,171,278,227,267,111,76,74,37,10,0,0,0
2026-03-12,1119,월드컵경기장,하차,0,0,11,35,192,243,144,85,107,104,94,111,172,181,225,366,181,135,152,114,70,14,0,0
2026-03-12,1120,노은,승차,0,0,32,94,352,518,225,184,203,215,212,206,230,303,337,455,204,217,172,182,72,2,0,0
2026-03-12,1120,노은,하차,0,0,20,37,186,365,236,135,176,195,230,248,289,418,419,682,348,194,233,190,90,12,0,0
2026-03-12,1121,지족,승차,0,0,29,53,203,242,140,82,117,106,117,94,167,200,240,377,111,75,60,46,18,6,0,0
2026-03-12,1121,지족,하차,0,0,16,30,118,448,109,108,80,86,110,110,112,143,187,227,120,91,107,100,58,14,0,0
2026-03-12,1122,반석,승차,0,0,78,196,945,1290,608,370,327,271,301,262,337,429,637,808,363,258,242,199,97,0,0,0
2026-03-12,1122,반석,하차,0,0,49,147,390,613,272,167,216,264,299,279,385,543,760,1193,429,395,372,378,167,42,0,0
2026-03-13,1101,판암,승차,0,0,102,166,515,728,329,235,243,296,245,227,251,339,366,410,145,123,59,41,34,1,0,0
2026-03-13,1101,판암,하차,0,0,11,59,143,279,120,146,171,178,195,249,317,402,377,589,285,207,269,212,80,35,0,0
2026-03-13,1102,신흥,승차,0,1,54,99,413,542,185,130,91,103,121,106,94,116,163,154,79,56,33,13,12,0,0,0
2026-03-13,1102,신흥,하차,0,0,7,19,51,103,43,42,75,91,84,98,168,184,225,384,191,166,135,149,77,5,0,0
2026-03-13,1103,대동,승차,0,0,68,145,419,636,270,208,236,264,267,250,485,465,418,467,227,162,116,61,32,0,0,0
2026-03-13,1103,대동,하차,0,0,18,42,300,449,186,159,147,177,194,203,266,288,293,572,267,208,236,184,158,21,0,0
2026-03-13,1104,대전,승차,0,0,12,101,406,689,600,722,664,718,773,911,1097,1240,1336,1300,1058,711,780,467,281,0,0,0
2026-03-13,1104,대전,하차,0,0,107,345,812,1036,845,765,908,747,942,952,1058,1307,1364,1582,864,582,479,208,81,3,0,0
2026-03-13,1105,중앙로,승차,0,0,22,46,154,325,176,179,242,310,401,472,710,871,860,977,578,575,556,362,210,5,0,0
2026-03-13,1105,중앙로,하차,0,0,27,63,206,802,437,493,596,699,558,545,600,654,819,1029,613,298,160,114,67,4,0,0
2026-03-13,1106,중구청,승차,0,0,17,55,156,282,113,116,126,136,153,202,196,298,311,451,101,77,91,75,32,0,0,0
2026-03-13,1106,중구청,하차,0,0,16,47,245,621,206,136,143,141,161,125,128,143,218,276,155,76,67,69,48,2,0,0
2026-03-13,1107,서대전네거리,승차,0,0,89,149,551,862,367,343,339,343,342,354,445,511,561,715,401,282,242,190,115,0,0,0
2026-03-13,1107,서대전네거리,하차,0,0,40,82,246,656,330,273,348,394,414,398,429,512,769,1105,482,328,339,271,153,16,0,0
2026-03-13,1108,오룡,승차,0,0,68,129,447,823,274,223,245,244,244,215,279,345,485,775,281,135,112,75,52,0,0,0
2026-03-13,1108,오룡,하차,0,0,30,68,192,686,238,127,163,166,222,232,286,352,453,623,277,210,194,154,106,0,0,0
2026-03-13,1109,용문,승차,0,1,124,228,611,1285,469,417,417,451,475,389,439,639,653,597,380,353,265,156,98,0,0,0
2026-03-13,1109,용문,하차,0,0,23,67,219,607,372,379,388,382,479,486,583,685,816,1311,575,409,349,278,179,0,0,0
2026-03-13,1110,탄방,승차,0,0,41,104,316,531,265,221,316,249,247,325,418,360,584,847,239,164,214,218,53,0,0,0
2026-03-13,1110,탄방,하차,0,0,31,120,324,1126,429,258,220,200,281,251,331,413,450,761,321,228,160,137,107,0,0,0
2026-03-13,1111,시청,승차,0,0,47,101,290,416,263,296,360,396,387,424,493,702,1060,1526,548,537,469,534,274,0,0,0
2026-03-13,1111,시청,하차,0,0,60,163,563,1861,715,420,398,352,442,491,671,743,851,1063,506,292,215,169,127,14,0,0
2026-03-13,1112,정부청사,승차,0,1,29,79,209,359,233,257,344,380,380,436,659,904,1185,1889,530,334,265,198,77,0,0,0
2026-03-13,1112,정부청사,하차,0,0,80,194,636,2348,647,373,278,349,375,374,376,466,533,644,348,212,228,152,71,21,0,0
2026-03-13,1113,갈마,승차,0,0,62,128,311,510,205,155,169,170,173,167,176,210,262,252,126,96,100,64,32,3,0,0
2026-03-13,1113,갈마,하차,0,0,24,31,69,162,102,110,112,148,156,169,235,283,303,548,316,192,197,179,128,24,0,0
2026-03-13,1114,월평,승차,0,0,69,112,289,529,236,192,191,236,252,271,378,316,413,478,234,197,152,107,52,1,0,0
2026-03-13,1114,월평,하차,0,0,13,35,111,338,180,163,214,282,235,207,257,316,353,595,269,248,241,218,108,14,0,0
2026-03-13,1115,갑천,승차,0,0,23,48,115,231,67,45,71,49,53,66,52,58,122,125,61,26,26,12,10,2,0,0
2026-03-13,1115,갑천,하차,0,0,9,17,48,119,38,36,40,60,54,48,59,93,110,178,99,60,66,46,37,6,0,0
2026-03-13,1116,유성온천,승차,0,0,82,207,701,1349,527,490,573,625,634,826,801,888,978,1117,631,459,456,318,228,5,0,0
2026-03-13,1116,유성온천,하차,0,0,81,133,380,953,624,476,535,542,546,637,649,860,1185,1676,806,622,512,512,319,37,0,0
2026-03-13,1117,구암,승차,0,0,45,73,225,424,150,182,175,210,242,249,313,323,366,359,282,200,125,84,43,2,0,0
2026-03-13,1117,구암,하차,0,0,10,63,168,266,196,151,179,184,196,232,268,284,390,440,173,160,128,77,79,10,0,0
2026-03-13,1118,현충원,승차,0,0,16,40,154,335,122,142,177,208,244,226,258,316,321,324,122,97,72,38,14,5,0,0
2026-03-13,1118,현충원,하차,0,0,6,26,119,207,226,115,156,159,151,94,111,158,193,282,106,87,97,90,49,12,0,0
2026-03-13,1119,월드컵경기장,승차,0,0,29,91,250,506,194,151,144,160,175,177,185,208,227,303,138,70,86,44,17,0,0,0
2026-03-13,1119,월드컵경기장,하차,0,0,9,38,172,235,103,105,111,140,131,150,145,211,224,375,186,128,118,110,70,21,0,0
2026-03-13,1120,노은,승차,0,0,37,91,355,519,236,197,224,236,231,238,342,364,438,483,282,205,234,164,82,5,0,0
2026-03-13,1120,노은,하차,0,0,21,42,190,363,250,190,191,209,252,341,379,423,520,743,382,243,193,184,110,24,0,0
2026-03-13,1121,지족,승차,0,0,34,53,206,216,135,104,124,110,136,126,217,195,248,411,123,79,59,45,17,0,0,0
2026-03-13,1121,지족,하차,0,0,16,32,129,435,82,76,80,95,111,118,128,125,205,257,129,110,125,110,77,20,0,0
2026-03-13,1122,반석,승차,0,1,90,201,906,1152,535,404,375,328,342,341,428,485,817,906,421,313,249,203,118,0,0,0
2026-03-13,1122,반석,하차,0,0,44,153,374,597,256,172,244,306,329,401,468,670,831,1157,437,401,448,407,210,37,0,0
2026-03-14,1101,판암,승차,0,0,78,103,193,254,328,322,317,320,270,258,224,257,239,187,101,109,68,33,26,0,0,0
2026-03-14,1101,판암,하차,0,0,13,43,90,136,135,156,213,189,194,202,296,270,364,240,200,165,208,154,84,35,0,0
2026-03-14,1102,신흥,승차,0,0,52,56,111,185,178,144,161,121,131,112,101,126,133,90,57,47,32,28,9,0,0,0
2026-03-14,1102,신흥,하차,0,0,9,12,36,43,42,36,61,96,100,114,100,120,168,138,130,99,103,105,72,6,0,0
2026-03-14,1103,대동,승차,0,0,54,74,150,250,303,298,271,316,261,260,229,234,275,176,147,91,79,51,24,0,0,0
2026-03-14,1103,대동,하차,0,0,24,31,49,164,98,118,153,178,151,202,208,240,216,255,206,166,155,149,154,24,0,0
2026-03-14,1104,대전,승차,0,0,12,84,279,516,652,985,1182,971,1031,1235,1329,1296,1102,927,788,752,686,593,345,0,0,0
2026-03-14,1104,대전,하차,0,0,113,332,588,664,935,1116,1350,1038,1123,1098,983,1107,977,772,702,635,391,172,70,5,0,0
2026-03-14,1105,중앙로,승차,0,0,25,42,61,107,189,196,283,377,521,578,889,1520,1159,1027,902,812,610,420,226,11,0,0
2026-03-14,1105,중앙로,하차,0,0,24,55,128,271,375,664,1127,1296,1105,1097,987,860,929,682,618,308,188,122,61,9,0,0
2026-03-14,1106,중구청,승차,0,6,20,26,45,89,92,107,120,144,130,129,153,195,133,107,85,41,45,47,17,0,0,0
2026-03-14,1106,중구청,하차,0,6,9,37,41,90,101,125,154,194,149,196,146,138,153,111,94,74,71,44,38,2,0,0
2026-03-14,1107,서대전네거리,승차,0,2,70,75,185,266,329,384,458,457,476,352,365,328,332,261,230,225,170,114,79,0,0,0
2026-03-14,1107,서대전네거리,하차,0,0,31,74,92,224,242,265,378,348,396,346,373,500,498,438,367,259,225,221,126,16,0,0
2026-03-14,1108,오룡,승차,0,0,69,72,135,239,245,285,284,271,236,248,204,232,261,179,123,99,80,43,36,0,0,0
2026-03-14,1108,오룡,하차,0,0,18,39,66,105,141,124,180,188,230,158,203,271,237,191,205,156,118,139,95,0,0,0
2026-03-14,1109,용문,승차,0,0,79,129,216,335,372,450,541,552,596,545,605,585,566,462,352,291,159,132,82,0,0,0
2026-03-14,1109,용문,하차,0,0,23,63,147,269,384,400,419,494,607,509,568,617,679,480,388,339,306,226,188,0,0,0
2026-03-14,1110,탄방,승차,0,0,41,90,125,178,191,218,305,306,349,340,352,355,453,308,209,149,147,94,35,8,0,0
2026-03-14,1110,탄방,하차,0,0,28,104,97,257,354,338,318,289,322,354,322,361,323,248,186,144,170,112,105,8,0,0
2026-03-14,1111,시청,승차,0,0,38,60,103,191,246,311,390,512,493,541,524,605,554,497,456,444,313,370,217,0,0,0
2026-03-14,1111,시청,하차,0,0,35,70,177,384,566,450,508,664,506,491,483,573,503,486,327,290,218,155,108,13,0,0
2026-03-14,1112,정부청사,승차,0,0,22,47,104,148,198,266,273,327,368,376,383,433,481,391,304,345,180,129,58,0,0,0
2026-03-14,1112,정부청사,하차,0,0,44,84,133,259,342,369,412,448,408,415,514,440,412,332,279,206,190,125,69,21,0,0
2026-03-14,1113,갈마,승차,0,0,55,78,125,196,237,206,265,213,231,241,217,234,204,177,109,74,82,54,46,2,0,0
2026-03-14,1113,갈마,하차,0,0,22,29,33,83,113,120,175,218,192,248,210,269,271,247,239,194,125,152,115,19,0,0
2026-03-14,1114,월평,승차,0,0,56,99,153,199,260,271,274,285,305,256,281,226,202,216,182,119,95,93,52,1,0,0
2026-03-14,1114,월평,하차,0,0,12,15,44,80,107,145,209,226,224,229,255,306,397,250,292,224,161,178,126,18,0,0
2026-03-14,1115,갑천,승차,0,0,20,28,43,82,81,63,83,104,59,68,82,79,72,59,41,38,25,5,2,0,0,0
2026-03-14,1115,갑천,하차,0,0,7,19,20,50,57,93,78,69,80,84,73,70,99,79,56,53,47,47,21,7,0,0
2026-03-14,1116,유성온천,승차,0,2,106,167,257,424,517,665,768,826,780,786,807,677,713,510,478,476,377,269,183,5,0,0
2026-03-14,1116,유성온천,하차,0,0,52,136,175,446,510,548,597,720,643,662,628,944,930,860,720,565,566,395,293,49,0,0
2026-03-14,1117,구암,승차,0,0,37,49,97,166,228,332,447,461,489,431,442,351,258,256,164,158,120,80,53,0,0,0
2026-03-14,1117,구암,하차,0,0,7,67,117,203,298,408,401,386,389,344,298,236,276,237,181,123,126,75,48,6,0,0
2026-03-14,1118,현충원,승차,0,0,14,28,62,112,145,214,191,197,224,190,197,217,131,131,73,48,30,11,4,0,0,0
2026-03-14,1118,현충원,하차,0,0,7,11,47,90,129,188,162,120,96,96,88,138,135,104,106,77,114,82,40,4,0,0
2026-03-14,1119,월드컵경기장,승차,0,0,24,50,91,160,203,229,189,178,183,168,131,152,184,737,241,93,62,29,11,0,0,0
2026-03-14,1119,월드컵경기장,하차,0,0,7,35,61,77,89,112,185,162,157,300,596,342,171,165,115,96,113,108,56,20,0,0
2026-03-14,1120,노은,승차,0,0,27,53,121,181,245,256,310,324,308,323,247,269,293,256,193,215,176,143,57,4,0,0
2026-03-14,1120,노은,하차,0,0,20,26,91,178,196,240,278,275,318,273,313,359,335,347,280,200,151,123,113,22,0,0
2026-03-14,1121,지족,승차,0,1,28,45,60,119,135,137,181,152,130,129,116,129,122,90,45,48,41,16,13,5,0,0
2026-03-14,1121,지족,하차,0,0,10,17,23,58,54,87,73,79,102,93,122,140,131,125,120,133,75,73,64,34,0,0
2026-03-14,1122,반석,승차,0,0,59,96,193,365,453,567,644,477,424,451,412,406,408,306,228,183,174,144,94,0,0,0
2026-03-14,1122,반석,하차,0,0,31,74,97,176,246,221,275,272,317,352,376,449,629,422,407,334,340,269,174,34,0,0
2026-03-15,1101,판암,승차,0,2,41,93,113,192,212,207,221,201,181,201,173,173,140,118,84,58,50,34,19,0,0,0
2026-03-15,1101,판암,하차,0,2,7,31,42,90,90,114,129,141,128,161,198,218,226,149,154,144,123,95,54,15,0,0
2026-03-15,1102,신흥,승차,0,0,28,37,69,96,119,91,103,98,85,86,92,67,70,51,36,36,15,7,7,0,0,0
2026-03-15,1102,신흥,하차,0,0,2,19,14,38,36,37,65,58,55,63,114,114,89,97,72,76,114,50,18,9,0,0
2026-03-15,1103,대동,승차,0,0,35,60,81,171,192,185,232,204,152,199,147,130,144,108,83,42,48,33,22,10,0,0
2026-03-15,1103,대동,하차,0,0,7,23,31,102,81,99,84,104,111,148,153,182,164,205,134,130,138,133,95,27,0,0
2026-03-15,1104,대전,승차,0,0,7,64,119,278,430,657,735,759,737,824,1074,1207,942,814,892,955,1082,901,410,0,0,0
2026-03-15,1104,대전,하차,0,0,62,204,329,439,640,611,820,617,722,763,699,674,727,549,564,523,332,137,33,2,0,0
2026-03-15,1105,중앙로,승차,0,0,18,31,42,65,142,151,182,302,397,482,668,1060,769,633,558,508,381,189,103,2,0,0
2026-03-15,1105,중앙로,하차,0,0,13,38,79,182,316,420,898,955,758,781,656,608,532,318,255,165,86,53,24,1,0,0
2026-03-15,1106,중구청,승차,0,6,9,14,47,47,52,32,75,94,87,59,102,135,95,78,60,29,32,17,5,0,0,0
2026-03-15,1106,중구청,하차,0,6,7,26,15,30,57,74,86,132,90,99,112,86,112,76,75,51,71,48,41,1,0,0
2026-03-15,1107,서대전네거리,승차,0,6,51,65,81,151,171,223,233,264,274,238,265,276,253,189,208,172,110,70,45,0,0,0
2026-03-15,1107,서대전네거리,하차,0,6,23,69,75,134,134,182,196,256,230,230,271,333,293,341,220,199,180,146,94,10,0,0
2026-03-15,1108,오룡,승차,0,0,26,47,66,124,127,140,189,247,178,193,173,169,126,134,192,92,78,32,34,0,0,0
2026-03-15,1108,오룡,하차,0,0,16,39,33,113,104,176,111,88,145,141,158,172,182,183,132,153,103,107,73,2,0,0
2026-03-15,1109,용문,승차,0,0,43,84,108,184,251,370,444,394,388,648,552,432,478,293,258,239,210,119,48,0,0,0
2026-03-15,1109,용문,하차,0,0,17,58,117,355,312,364,574,324,322,415,441,466,418,330,324,239,202,157,135,0,0,0
2026-03-15,1110,탄방,승차,0,0,27,52,68,100,146,132,175,191,235,226,242,170,234,138,108,79,92,67,27,0,0,0
2026-03-15,1110,탄방,하차,0,0,15,39,44,105,193,229,206,236,225,134,173,224,229,158,146,128,130,99,92,0,0,0
2026-03-15,1111,시청,승차,0,0,36,44,48,80,137,151,195,270,283,308,369,396,391,413,366,280,224,215,100,0,0,0
2026-03-15,1111,시청,하차,0,0,19,55,60,129,238,220,264,430,356,319,355,417,354,262,212,167,161,92,74,15,0,0
2026-03-15,1112,정부청사,승차,0,0,13,32,50,127,117,164,166,187,186,225,239,269,248,238,181,202,143,86,32,0,0,0
2026-03-15,1112,정부청사,하차,0,0,20,67,66,123,202,209,245,256,293,266,296,313,277,217,174,150,195,129,63,6,0,0
2026-03-15,1113,갈마,승차,0,0,26,64,70,126,174,167,170,235,162,149,149,174,156,102,103,108,53,24,17,1,0,0
2026-03-15,1113,갈마,하차,0,0,19,11,24,54,61,103,105,178,136,175,196,223,235,157,154,122,148,143,72,18,0,0
2026-03-15,1114,월평,승차,0,0,24,53,76,130,156,171,179,187,172,213,178,189,145,140,125,102,73,47,25,0,0,0
2026-03-15,1114,월평,하차,0,0,5,25,27,58,85,113,111,126,169,255,261,271,297,228,213,234,235,235,164,19,0,0
2026-03-15,1115,갑천,승차,0,0,8,25,27,46,50,65,45,57,48,63,43,43,42,44,27,20,23,13,3,0,0,0
2026-03-15,1115,갑천,하차,0,0,2,9,16,22,43,50,32,42,39,39,57,55,53,52,46,43,47,41,31,3,0,0
2026-03-15,1116,유성온천,승차,0,1,50,109,180,335,367,486,513,569,498,544,527,467,471,386,357,322,234,128,88,2,0,0
2026-03-15,1116,유성온천,하차,0,1,39,101,124,223,286,371,345,486,433,497,623,810,593,581,438,486,479,410,235,27,0,0
2026-03-15,1117,구암,승차,0,0,21,38,50,95,121,153,202,159,153,159,206,189,157,157,163,120,122,66,42,1,0,0
2026-03-15,1117,구암,하차,0,0,2,23,74,93,116,106,155,139,156,168,165,233,253,200,202,159,141,64,42,4,0,0
2026-03-15,1118,현충원,승차,0,0,13,18,59,61,89,133,151,133,171,111,151,120,105,84,61,68,34,22,1,5,0,0
2026-03-15,1118,현충원,하차,0,0,7,13,21,60,80,84,121,82,70,82,86,117,115,82,80,100,101,84,35,13,0,0
2026-03-15,1119,월드컵경기장,승차,0,0,27,34,46,96,112,140,99,114,108,130,130,106,116,95,63,53,38,15,8,0,0,0
2026-03-15,1119,월드컵경기장,하차,0,0,1,18,31,40,76,93,66,67,71,108,104,120,120,100,96,88,72,73,52,17,0,0
2026-03-15,1120,노은,승차,0,0,23,30,69,119,133,140,209,187,189,195,183,177,186,184,143,145,93,74,39,3,0,0
2026-03-15,1120,노은,하차,0,0,11,18,32,61,114,123,124,165,203,225,229,264,222,220,161,129,104,105,56,16,0,0
2026-03-15,1121,지족,승차,0,0,15,21,41,73,78,101,92,110,97,98,86,87,81,82,47,31,23,10,13,0,0,0
2026-03-15,1121,지족,하차,0,0,4,21,18,56,35,56,58,59,95,64,83,121,130,100,95,83,83,79,41,10,0,0
2026-03-15,1122,반석,승차,0,0,44,87,104,229,343,296,339,308,324,269,312,221,228,230,148,144,103,94,46,0,0,0
2026-03-15,1122,반석,하차,0,0,9,47,65,99,171,153,179,179,249,250,326,398,423,257,265,280,217,144,85,17,0,0
2026-03-16,1101,판암,승차,0,3,101,170,511,740,344,252,257,301,227,221,248,256,286,329,109,92,58,32,18,0,0,0
2026-03-16,1101,판암,하차,0,0,11,54,149,298,132,117,213,187,212,194,277,359,383,640,248,200,220,155,60,24,0,0
2026-03-16,1102,신흥,승차,0,0,64,101,415,565,187,104,102,119,106,81,90,100,94,114,38,42,24,8,10,2,0,0
2026-03-16,1102,신흥,하차,0,0,0,19,46,84,40,68,56,72,88,86,140,208,211,463,191,143,144,71,53,6,0,0
2026-03-16,1103,대동,승차,0,0,85,147,454,654,262,174,180,257,209,251,242,524,437,470,194,138,193,57,28,1,0,0
2026-03-16,1103,대동,하차,0,0,11,35,241,653,254,150,151,209,169,200,239,299,364,583,264,171,184,173,115,21,0,0
2026-03-16,1104,대전,승차,0,0,20,155,716,1079,721,655,627,708,681,665,793,867,931,1039,647,398,375,240,144,7,0,0
2026-03-16,1104,대전,하차,0,0,184,539,894,1026,750,660,762,620,620,677,720,734,628,730,339,248,207,82,44,10,0,0
2026-03-16,1105,중앙로,승차,0,8,25,45,164,308,132,152,212,278,340,377,466,637,713,824,415,405,335,241,83,0,0,0
2026-03-16,1105,중앙로,하차,0,8,27,52,177,808,377,386,461,516,427,384,418,470,490,642,333,184,114,73,52,5,0,0
2026-03-16,1106,중구청,승차,0,0,30,62,159,277,113,110,129,121,117,173,189,280,281,427,111,100,57,62,15,0,0,0
2026-03-16,1106,중구청,하차,0,0,15,50,241,635,223,126,125,134,147,127,96,161,168,274,87,61,91,73,46,1,0,0
2026-03-16,1107,서대전네거리,승차,0,1,105,171,521,933,311,380,307,294,310,291,376,406,463,604,246,195,134,103,52,0,0,0
2026-03-16,1107,서대전네거리,하차,0,0,35,104,291,652,301,278,294,315,305,286,314,486,595,849,393,251,290,195,91,13,0,0
2026-03-16,1108,오룡,승차,0,0,98,127,450,883,278,212,244,243,214,205,171,319,289,646,143,115,69,51,25,0,0,0
2026-03-16,1108,오룡,하차,0,0,26,62,181,681,193,149,137,146,159,186,235,288,383,628,264,173,167,117,84,2,0,0
2026-03-16,1109,용문,승차,0,2,130,233,664,1322,470,415,368,401,397,395,460,542,496,457,262,241,213,133,110,5,0,0
2026-03-16,1109,용문,하차,0,1,29,77,241,591,379,306,342,380,428,388,520,593,720,1277,506,381,331,255,112,5,0,0
2026-03-16,1110,탄방,승차,0,1,61,143,307,547,226,213,269,225,238,311,313,330,492,789,236,194,219,140,37,0,0,0
2026-03-16,1110,탄방,하차,0,0,35,121,367,1218,348,246,222,228,276,231,291,328,339,647,271,168,142,108,69,0,0,0
2026-03-16,1111,시청,승차,0,0,55,121,290,442,298,289,370,320,334,413,440,569,817,1448,475,485,497,447,177,0,0,0
2026-03-16,1111,시청,하차,0,0,60,165,561,1923,756,433,331,319,384,411,445,624,662,823,383,233,156,119,69,11,0,0
2026-03-16,1112,정부청사,승차,0,0,39,94,217,349,235,246,295,303,268,310,447,606,948,1752,468,279,236,171,64,0,0,0
2026-03-16,1112,정부청사,하차,0,0,88,228,704,2709,717,386,278,312,365,295,340,335,438,463,228,151,135,98,45,8,0,0
2026-03-16,1113,갈마,승차,0,0,78,133,330,524,232,145,152,164,176,128,150,183,145,193,115,86,85,42,34,0,0,0
2026-03-16,1113,갈마,하차,0,0,24,34,87,181,105,117,81,129,125,153,181,252,307,466,233,163,148,94,88,14,0,0
2026-03-16,1114,월평,승차,0,0,68,110,300,489,198,151,150,209,230,199,214,252,273,385,150,145,128,79,44,1,0,0
2026-03-16,1114,월평,하차,0,0,17,29,132,392,309,232,185,231,196,214,236,258,305,509,232,156,177,134,74,5,0,0
2026-03-16,1115,갑천,승차,0,0,17,46,130,232,79,65,47,41,53,42,52,60,76,95,52,30,20,8,10,0,0,0
2026-03-16,1115,갑천,하차,0,0,5,26,43,108,40,50,38,49,49,50,56,73,84,183,95,47,59,37,30,1,0,0
2026-03-16,1116,유성온천,승차,0,10,104,273,668,1334,483,449,437,464,526,547,650,810,817,998,432,405,358,200,123,2,0,0
2026-03-16,1116,유성온천,하차,0,10,66,133,420,984,719,554,590,515,513,527,617,707,896,1438,609,414,463,323,174,26,0,0
2026-03-16,1117,구암,승차,0,0,50,80,254,400,185,149,180,167,194,174,246,250,206,304,152,66,66,51,20,2,0,0
2026-03-16,1117,구암,하차,0,0,15,66,180,297,189,182,169,168,158,171,228,209,265,353,143,126,96,83,35,8,0,0
2026-03-16,1118,현충원,승차,0,0,22,46,178,368,113,110,131,142,196,137,191,353,349,280,100,75,98,46,8,0,0,0
2026-03-16,1118,현충원,하차,0,0,7,29,154,301,265,138,157,170,229,68,115,127,192,250,76,74,81,68,38,3,0,0
2026-03-16,1119,월드컵경기장,승차,0,0,29,95,270,495,209,141,157,128,143,154,207,193,188,276,97,79,83,17,13,0,0,0
2026-03-16,1119,월드컵경기장,하차,0,0,12,36,188,249,150,93,92,108,106,116,121,212,220,394,187,132,146,89,56,15,0,0
2026-03-16,1120,노은,승차,0,0,43,96,373,509,247,185,187,180,224,213,249,312,317,401,220,184,175,126,51,3,0,0
2026-03-16,1120,노은,하차,0,0,23,40,171,384,236,154,181,190,240,252,308,363,414,655,316,194,179,140,75,9,0,0
2026-03-16,1121,지족,승차,0,1,44,68,191,270,121,102,98,108,100,112,175,149,169,392,75,70,39,41,24,0,0,0
2026-03-16,1121,지족,하차,0,0,13,32,138,460,118,74,95,116,90,105,103,143,155,231,140,98,95,95,44,10,0,0
2026-03-16,1122,반석,승차,0,0,73,221,919,1317,613,379,293,291,319,253,325,361,572,766,317,244,243,176,89,1,0,0
2026-03-16,1122,반석,하차,0,0,50,162,363,607,253,165,199,263,293,309,397,580,722,1296,425,312,364,299,127,20,0,0
2026-03-17,1101,판암,승차,0,6,95,164,569,796,375,242,213,264,241,193,227,262,311,330,111,110,56,34,26,0,0,0
2026-03-17,1101,판암,하차,0,0,11,58,141,290,131,157,197,218,170,214,277,375,389,617,273,196,222,197,66,32,0,0
2026-03-17,1102,신흥,승차,0,0,62,101,421,575,207,134,100,138,77,65,72,123,106,114,37,35,31,18,6,0,0,0
2026-03-17,1102,신흥,하차,0,0,9,21,64,103,36,54,76,107,79,79,140,195,248,425,189,128,147,104,61,8,0,0
2026-03-17,1103,대동,승차,0,0,90,127,438,674,276,197,206,274,231,236,271,510,490,504,190,147,184,79,36,2,0,0
2026-03-17,1103,대동,하차,0,0,12,46,275,556,279,162,168,213,201,200,222,314,334,545,246,201,227,200,104,25,0,0
2026-03-17,1104,대전,승차,0,0,15,113,498,711,571,609,585,670,613,667,732,859,1021,1023,659,437,395,273,170,0,0,0
2026-03-17,1104,대전,하차,0,0,133,360,845,1061,740,663,763,631,676,647,736,722,708,759,379,249,222,95,50,6,0,0
2026-03-17,1105,중앙로,승차,0,0,36,62,169,287,145,160,226,265,341,337,453,593,599,791,387,349,447,221,116,1,0,0
2026-03-17,1105,중앙로,하차,0,0,38,53,172,828,394,381,449,441,421,392,382,475,503,705,339,195,137,91,56,2,0,0
2026-03-17,1106,중구청,승차,0,0,23,56,162,317,126,112,119,135,126,138,152,351,277,433,107,94,85,71,14,0,0,0
2026-03-17,1106,중구청,하차,0,0,19,55,253,623,216,131,143,132,129,107,124,136,169,309,103,85,66,73,41,4,0,0
2026-03-17,1107,서대전네거리,승차,0,1,102,160,549,980,373,355,362,328,317,302,335,416,504,609,251,210,169,112,71,0,0,0
2026-03-17,1107,서대전네거리,하차,0,0,38,96,270,714,282,353,310,342,337,285,360,514,623,944,413,255,268,247,98,9,0,0
2026-03-17,1108,오룡,승차,0,0,81,129,454,928,311,217,202,201,212,188,224,282,298,682,178,108,65,41,28,0,0,0
2026-03-17,1108,오룡,하차,0,0,26,64,199,681,204,130,139,160,169,167,219,239,338,652,233,194,222,160,105,0,0,0
2026-03-17,1109,용문,승차,0,1,126,211,659,1375,524,418,364,446,393,339,398,551,529,504,259,231,198,112,156,0,0,0
2026-03-17,1109,용문,하차,0,0,30,62,251,627,381,327,364,394,386,354,420,583,724,1242,515,347,377,266,139,0,0,0
2026-03-17,1110,탄방,승차,0,0,46,123,341,575,241,213,294,244,224,237,343,314,461,857,214,201,216,196,46,0,0,0
2026-03-17,1110,탄방,하차,0,0,36,103,358,1219,419,224,227,196,288,219,281,347,446,672,282,159,168,113,81,0,0,0
2026-03-17,1111,시청,승차,0,0,39,101,286,453,249,274,379,363,348,366,425,601,861,1447,503,533,538,469,214,0,0,0
2026-03-17,1111,시청,하차,0,0,64,167,585,1856,771,437,335,309,380,432,479,604,687,919,358,222,195,134,84,7,0,0
2026-03-17,1112,정부청사,승차,0,1,37,79,226,387,276,300,298,278,298,350,505,614,932,1788,475,351,277,190,69,0,0,0
2026-03-17,1112,정부청사,하차,0,0,93,215,682,2575,773,343,293,354,374,342,291,332,407,507,242,171,143,98,50,12,0,0
2026-03-17,1113,갈마,승차,0,0,62,125,317,524,231,167,149,169,158,133,158,174,197,218,94,81,115,57,25,3,0,0
2026-03-17,1113,갈마,하차,0,0,21,32,76,172,104,88,114,130,159,143,220,240,311,483,207,154,186,131,94,13,0,0
2026-03-17,1114,월평,승차,0,0,60,112,290,527,194,152,167,204,198,170,234,251,290,382,155,133,155,87,37,0,0,0
2026-03-17,1114,월평,하차,0,0,16,34,129,379,272,169,185,177,224,203,223,257,303,516,217,191,155,129,85,5,0,0
2026-03-17,1115,갑천,승차,0,0,20,47,114,223,84,43,72,48,47,45,65,69,84,95,36,14,28,19,5,0,0,0
2026-03-17,1115,갑천,하차,0,0,4,19,47,126,53,47,45,49,58,55,54,69,80,166,88,47,55,47,23,3,0,0
2026-03-17,1116,유성온천,승차,0,0,91,235,688,1372,506,450,410,473,550,532,589,821,887,1062,443,412,340,240,169,2,0,0
2026-03-17,1116,유성온천,하차,0,0,70,133,391,1042,723,545,529,499,478,527,531,675,914,1577,611,437,449,401,218,24,0,0
2026-03-17,1117,구암,승차,0,0,38,61,236,440,167,135,146,176,153,170,186,280,231,273,142,78,93,35,13,0,0,0
2026-03-17,1117,구암,하차,0,0,11,44,165,277,195,126,151,177,168,148,190,216,256,337,127,138,112,74,32,9,0,0
2026-03-17,1118,현충원,승차,0,0,19,43,176,348,129,108,163,183,162,146,193,325,345,295,99,80,94,60,10,2,0,0
2026-03-17,1118,현충원,하차,0,0,7,27,130,390,303,139,141,126,165,66,88,110,151,233,69,61,83,88,29,9,0,0
2026-03-17,1119,월드컵경기장,승차,0,0,25,87,263,532,183,138,130,126,159,128,164,213,193,281,105,71,77,39,7,1,0,0
2026-03-17,1119,월드컵경기장,하차,0,0,12,40,190,247,111,80,84,97,118,94,112,185,247,388,173,119,141,114,71,12,0,0
2026-03-17,1120,노은,승차,0,0,44,86,387,510,256,189,182,207,188,173,226,313,310,470,219,201,161,165,58,3,0,0
2026-03-17,1120,노은,하차,0,0,20,37,178,366,239,160,183,192,200,239,294,400,464,647,312,175,208,160,59,13,0,0
2026-03-17,1121,지족,승차,0,0,36,56,191,268,117,82,93,112,108,99,156,174,193,384,83,64,90,42,20,0,0,0
2026-03-17,1121,지족,하차,0,0,13,37,133,471,113,89,77,83,109,72,87,139,210,252,124,90,101,87,55,8,0,0
2026-03-17,1122,반석,승차,0,0,94,218,926,1340,605,365,336,248,343,266,323,393,556,759,334,249,258,191,95,0,0,0
2026-03-17,1122,반석,하차,0,0,33,152,339,616,242,191,254,283,336,292,359,614,777,1218,435,365,375,300,157,26,0,0
2026-03-18,1101,판암,승차,0,4,94,158,535,762,294,198,214,268,205,182,198,238,299,328,116,85,67,42,14,0,0,0
2026-03-18,1101,판암,하차,0,0,13,59,139,251,110,120,141,184,128,236,259,350,356,615,246,188,236,198,60,23,0,0
2026-03-18,1102,신흥,승차,0,0,51,101,405,582,205,99,98,101,84,69,71,87,109,112,39,24,20,6,11,0,0,0
2026-03-18,1102,신흥,하차,0,0,6,19,57,99,36,39,61,87,67,100,166,202,241,388,178,143,165,113,45,5,0,0
2026-03-18,1103,대동,승차,0,0,79,142,400,655,254,183,203,258,196,160,306,533,445,542,189,145,169,75,38,1,0,0
2026-03-18,1103,대동,하차,0,0,18,33,305,523,259,158,155,187,198,174,263,255,324,554,212,204,223,218,137,24,0,0
2026-03-18,1104,대전,승차,0,0,18,108,402,635,539,586,611,613,544,558,672,805,881,1030,644,410,341,280,170,1,0,0
2026-03-18,1104,대전,하차,0,0,103,340,744,1015,657,580,668,514,551,637,701,702,691,685,333,248,206,112,37,2,0,0
2026-03-18,1105,중앙로,승차,0,0,29,45,159,310,148,132,234,253,325,348,429,512,632,759,322,343,319,222,93,1,0,0
2026-03-18,1105,중앙로,하차,0,0,30,56,150,789,374,329,415,391,419,376,377,428,462,644,297,171,117,89,43,0,0,0
2026-03-18,1106,중구청,승차,0,0,22,46,144,281,107,87,116,111,112,147,211,236,264,432,93,85,55,78,15,7,0,0
2026-03-18,1106,중구청,하차,0,0,14,47,247,585,197,98,111,129,139,120,97,112,154,277,86,68,105,67,38,11,0,0
2026-03-18,1107,서대전네거리,승차,0,4,99,162,505,856,290,322,251,286,314,265,348,413,431,536,200,206,211,135,73,0,0,0
2026-03-18,1107,서대전네거리,하차,0,0,31,72,240,616,263,230,230,279,298,334,298,441,656,929,330,228,255,222,111,9,0,0
2026-03-18,1108,오룡,승차,0,0,71,95,415,872,283,165,192,191,207,189,155,331,301,669,162,107,84,63,25,0,0,0
2026-03-18,1108,오룡,하차,0,0,22,58,183,626,229,125,134,124,170,161,219,220,388,564,203,192,160,146,91,3,0,0
2026-03-18,1109,용문,승차,0,0,107,196,620,1311,428,302,320,306,454,566,507,489,520,463,238,231,483,201,152,0,0,0
2026-03-18,1109,용문,하차,0,0,25,64,233,609,344,294,556,341,345,350,383,523,770,1353,762,383,303,235,121,0,0,0
2026-03-18,1110,탄방,승차,0,0,41,113,297,534,203,180,307,225,182,262,327,253,466,776,208,170,213,227,43,0,0,0
2026-03-18,1110,탄방,하차,0,0,36,111,330,1176,398,204,193,205,255,220,225,321,420,712,248,157,157,109,70,0,0,0
2026-03-18,1111,시청,승차,0,0,37,103,290,423,236,230,330,294,341,372,423,513,841,1454,443,529,485,480,200,0,0,0
2026-03-18,1111,시청,하차,0,0,63,141,514,1805,713,355,291,276,367,388,427,576,659,883,340,221,170,108,79,13,0,0
2026-03-18,1112,정부청사,승차,0,1,28,73,209,349,214,227,280,270,273,291,434,609,968,1702,436,318,262,179,65,0,0,0
2026-03-18,1112,정부청사,하차,0,0,99,185,638,2507,691,350,264,340,291,292,294,293,400,493,222,155,174,105,54,14,0,0
2026-03-18,1113,갈마,승차,0,1,54,120,308,523,211,148,131,125,147,123,132,171,191,224,89,71,72,32,22,1,0,0
2026-03-18,1113,갈마,하차,0,0,22,28,64,147,94,94,99,118,136,154,178,227,314,476,197,138,153,129,118,6,0,0
2026-03-18,1114,월평,승차,0,0,56,86,278,545,205,127,135,153,197,192,195,277,261,391,143,119,122,82,26,1,0,0
2026-03-18,1114,월평,하차,0,0,13,37,112,346,211,151,167,205,186,179,182,234,288,492,212,167,196,134,92,7,0,0
2026-03-18,1115,갑천,승차,0,0,17,39,111,229,78,42,41,44,42,39,48,54,78,115,57,27,24,13,6,0,0,0
2026-03-18,1115,갑천,하차,0,0,3,23,40,102,32,31,29,45,39,43,69,75,95,155,84,66,55,29,24,4,0,0
2026-03-18,1116,유성온천,승차,0,0,88,208,658,1338,471,395,383,438,481,472,639,685,823,921,414,360,346,247,115,8,0,0
2026-03-18,1116,유성온천,하차,0,0,69,122,389,918,674,529,473,447,440,477,496,691,797,1401,554,387,479,382,217,15,0,0
2026-03-18,1117,구암,승차,0,0,31,73,218,404,134,133,128,130,150,160,173,249,241,238,147,109,71,56,15,0,0,0
2026-03-18,1117,구암,하차,0,0,11,49,166,244,200,109,121,135,152,139,175,211,250,305,122,111,112,86,35,8,0,0
2026-03-18,1118,현충원,승차,0,0,15,36,176,304,107,82,140,184,177,131,146,285,334,248,86,73,65,45,16,1,0,0
2026-03-18,1118,현충원,하차,0,0,6,21,135,325,284,87,113,124,153,63,104,110,170,223,80,80,86,94,33,4,0,0
2026-03-18,1119,월드컵경기장,승차,0,0,31,87,286,472,162,118,156,115,125,93,138,232,198,277,117,96,77,22,13,2,0,0
2026-03-18,1119,월드컵경기장,하차,0,0,8,27,198,218,125,65,87,94,106,99,136,174,215,371,168,121,127,97,55,18,0,0
2026-03-18,1120,노은,승차,0,0,41,91,343,490,255,138,221,171,163,184,224,251,311,383,247,199,205,144,59,7,0,0
2026-03-18,1120,노은,하차,0,0,17,40,182,359,222,137,180,163,223,239,298,346,392,633,296,210,183,154,64,22,0,0
2026-03-18,1121,지족,승차,0,0,39,60,181,242,131,71,99,69,101,87,172,163,166,369,102,60,50,31,9,1,0,0
2026-03-18,1121,지족,하차,0,0,9,30,132,483,90,61,88,76,90,88,85,118,174,201,111,96,75,92,53,11,0,0
2026-03-18,1122,반석,승차,0,0,61,187,933,1184,579,295,271,276,311,239,300,425,556,785,283,256,226,198,94,0,0,0
2026-03-18,1122,반석,하차,0,0,39,136,379,580,246,160,186,236,255,260,415,512,735,1156,390,332,349,384,146,20,0,0
2026-03-19,1101,판암,승차,0,0,101,174,584,777,329,265,238,276,249,233,225,278,265,337,129,105,71,39,29,0,0,0
2026-03-19,1101,판암,하차,0,0,9,59,177,299,139,155,196,203,196,236,278,363,370,585,273,188,211,203,70,26,0,0
2026-03-19,1102,신흥,승차,0,0,63,109,419,539,235,122,96,122,118,100,82,103,130,111,54,22,25,13,9,0,0,0
2026-03-19,1102,신흥,하차,0,0,8,20,59,100,58,49,58,103,90,91,142,229,249,418,192,155,150,131,61,12,0,0
2026-03-19,1103,대동,승차,0,1,74,136,423,673,302,180,197,317,219,233,307,513,480,541,222,137,221,75,43,3,0,0
2026-03-19,1103,대동,하차,0,0,16,46,316,532,246,175,168,226,175,189,246,303,335,593,290,215,229,205,135,11,0,0
2026-03-19,1104,대전,승차,0,9,15,110,489,592,577,662,666,681,643,764,859,898,977,1150,722,542,392,379,186,0,0,0
2026-03-19,1104,대전,하차,0,8,120,402,817,1061,724,674,703,650,740,724,789,853,847,917,540,358,274,128,46,5,0,0
2026-03-19,1105,중앙로,승차,0,0,27,61,177,285,150,161,228,273,323,399,471,780,777,852,392,417,434,254,134,1,0,0
2026-03-19,1105,중앙로,하차,0,0,25,51,161,831,423,409,512,492,484,472,485,492,520,784,362,182,126,81,55,8,0,0
2026-03-19,1106,중구청,승차,0,0,20,61,152,307,115,107,149,116,146,138,149,343,298,427,109,97,92,71,13,0,0,0
2026-03-19,1106,중구청,하차,0,0,20,50,266,596,228,135,158,145,132,152,126,143,193,284,116,86,76,68,35,1,0,0
2026-03-19,1107,서대전네거리,승차,0,1,94,167,565,919,378,300,324,329,356,327,373,477,468,647,271,210,168,156,68,0,0,0
2026-03-19,1107,서대전네거리,하차,0,0,41,81,272,667,312,294,295,317,348,328,367,488,623,965,431,277,351,281,114,13,0,0
2026-03-19,1108,오룡,승차,0,0,76,120,490,870,330,199,194,231,200,211,201,308,312,713,184,128,110,58,31,0,0,0
2026-03-19,1108,오룡,하차,0,0,22,68,195,631,239,136,148,188,157,167,214,289,378,640,208,208,178,181,100,6,0,0
2026-03-19,1109,용문,승차,0,0,123,203,652,1313,494,423,352,451,459,405,381,542,531,523,277,261,212,144,111,0,0,0
2026-03-19,1109,용문,하차,0,0,28,58,235,604,432,339,349,373,399,407,466,613,709,1232,548,372,360,260,146,0,0,0
2026-03-19,1110,탄방,승차,0,0,51,142,348,565,246,205,288,271,212,284,348,323,489,784,229,204,198,233,40,0,0,0
2026-03-19,1110,탄방,하차,0,0,41,111,365,1107,448,262,253,244,300,262,281,349,456,724,261,193,168,124,90,1,0,0
2026-03-19,1111,시청,승차,0,0,41,106,319,466,285,251,393,317,335,456,419,586,805,1378,490,545,558,541,207,1,0,0
2026-03-19,1111,시청,하차,0,0,60,164,585,1817,743,383,324,322,448,389,433,675,715,896,425,240,213,162,87,15,0,0
2026-03-19,1112,정부청사,승차,0,1,37,76,225,381,267,274,328,316,336,325,526,601,1005,1737,487,346,287,185,64,0,0,0
2026-03-19,1112,정부청사,하차,0,0,85,209,662,2563,675,378,322,328,344,365,328,348,447,530,232,172,150,107,55,18,0,0
2026-03-19,1113,갈마,승차,0,0,63,128,298,530,225,186,143,149,151,163,174,155,194,201,105,103,86,56,23,1,0,0
2026-03-19,1113,갈마,하차,0,0,22,44,82,158,103,99,117,146,128,174,171,257,321,493,251,197,173,136,91,19,0,0
2026-03-19,1114,월평,승차,0,0,59,110,292,500,236,167,185,231,228,234,242,292,330,427,190,151,164,89,47,0,0,0
2026-03-19,1114,월평,하차,0,0,18,33,123,349,257,186,201,219,226,198,234,292,370,536,231,203,175,195,103,6,0,0
2026-03-19,1115,갑천,승차,0,0,20,43,113,228,97,63,36,54,63,51,51,52,90,116,52,26,29,10,8,0,0,0
2026-03-19,1115,갑천,하차,0,0,7,15,45,130,47,33,45,49,59,52,71,85,94,157,86,49,61,51,19,10,0,0
2026-03-19,1116,유성온천,승차,0,1,83,252,712,1363,494,378,413,558,591,506,667,841,895,1071,512,424,420,305,177,7,0,0
2026-03-19,1116,유성온천,하차,0,0,65,144,383,997,721,479,507,496,546,535,590,781,918,1542,651,457,462,394,242,28,0,0
2026-03-19,1117,구암,승차,0,0,37,85,250,413,224,241,293,328,300,304,371,361,254,334,189,101,91,65,26,1,0,0
2026-03-19,1117,구암,하차,0,0,10,60,193,305,322,324,303,288,308,279,286,259,285,382,161,126,128,77,46,4,0,0
2026-03-19,1118,현충원,승차,0,0,10,50,183,337,133,123,146,240,184,180,165,280,307,283,89,81,110,43,18,2,0,0
2026-03-19,1118,현충원,하차,0,0,6,39,165,307,307,112,94,134,187,75,98,116,162,250,81,80,90,85,31,6,0,0
2026-03-19,1119,월드컵경기장,승차,0,0,22,90,271,533,246,140,143,127,162,131,164,228,221,278,110,105,59,31,16,0,0,0
2026-03-19,1119,월드컵경기장,하차,0,0,7,29,205,261,110,93,103,127,110,118,150,205,238,379,197,138,138,109,73,14,0,0
2026-03-19,1120,노은,승차,0,0,46,96,358,541,243,210,201,210,227,191,244,307,316,410,236,216,175,167,61,2,0,0
2026-03-19,1120,노은,하차,0,0,22,38,187,345,254,158,187,210,276,250,312,412,431,607,387,207,230,151,90,11,0,0
2026-03-19,1121,지족,승차,0,0,36,60,203,234,142,99,93,131,113,95,166,220,236,397,94,74,48,40,18,6,0,0
2026-03-19,1121,지족,하차,0,0,16,33,132,460,93,119,78,93,98,98,132,160,185,214,129,92,111,106,61,15,0,0
2026-03-19,1122,반석,승차,0,0,89,186,941,1316,626,378,336,323,328,266,332,430,657,846,357,291,259,197,122,0,0,0
2026-03-19,1122,반석,하차,0,0,44,156,393,644,248,172,251,284,320,339,367,608,780,1129,450,414,414,362,178,21,0,0
2026-03-20,1101,판암,승차,0,3,87,169,569,703,323,227,259,293,250,266,229,339,364,406,146,85,58,49,18,0,0,0
2026-03-20,1101,판암,하차,0,0,11,62,163,282,134,138,197,215,218,229,335,372,434,584,275,203,215,227,75,29,0,0
2026-03-20,1102,신흥,승차,0,0,51,100,404,548,214,111,98,106,126,112,89,118,159,172,57,33,39,13,14,1,0,0
2026-03-20,1102,신흥,하차,0,0,7,20,59,110,51,47,71,86,96,108,151,230,209,411,194,140,156,132,62,11,0,0
2026-03-20,1103,대동,승차,0,0,85,159,422,641,277,225,241,294,274,249,520,437,474,439,208,155,106,82,37,0,0,0
2026-03-20,1103,대동,하차,0,0,16,40,303,469,223,137,161,180,200,203,253,296,350,564,288,199,254,207,161,27,0,0
2026-03-20,1104,대전,승차,0,0,15,116,406,609,607,703,656,767,733,943,1133,1208,1202,1334,1058,747,767,535,224,11,0,0
2026-03-20,1104,대전,하차,0,0,128,381,853,1099,854,763,844,824,901,953,1034,1259,1381,1630,799,637,414,226,84,12,0,0
2026-03-20,1105,중앙로,승차,0,0,30,57,152,306,175,183,252,301,430,466,498,837,1054,1037,568,590,578,348,190,5,0,0
2026-03-20,1105,중앙로,하차,0,0,28,54,225,817,440,481,645,680,569,522,616,603,709,1084,637,255,183,118,62,3,0,0
2026-03-20,1106,중구청,승차,0,0,19,53,160,306,147,121,130,126,154,206,238,323,367,465,109,83,56,71,24,0,0,0
2026-03-20,1106,중구청,하차,0,0,15,51,256,618,192,138,166,167,205,148,153,149,213,304,142,79,92,71,41,7,0,0
2026-03-20,1107,서대전네거리,승차,0,3,92,158,556,891,351,322,343,344,328,358,454,490,578,700,358,220,214,141,97,0,0,0
2026-03-20,1107,서대전네거리,하차,0,0,45,87,233,650,354,266,388,418,359,384,430,470,691,1060,476,310,295,247,167,14,0,0
2026-03-20,1108,오룡,승차,0,0,83,128,440,804,287,216,229,263,228,228,260,293,473,826,290,118,118,75,27,0,0,0
2026-03-20,1108,오룡,하차,0,0,19,65,192,643,227,146,166,173,222,178,267,330,457,646,306,195,166,163,108,0,0,0
2026-03-20,1109,용문,승차,0,0,123,212,645,1252,493,416,427,428,471,396,507,564,667,653,370,329,271,163,120,6,0,0
2026-03-20,1109,용문,하차,0,0,18,65,229,633,368,375,389,402,431,447,572,688,816,1308,576,419,352,294,180,6,0,0
2026-03-20,1110,탄방,승차,0,0,53,137,297,526,268,213,308,281,230,292,351,320,553,798,261,185,200,233,50,0,0,0
2026-03-20,1110,탄방,하차,0,0,43,119,345,1081,419,255,233,205,250,250,327,421,510,757,293,190,187,149,103,0,0,0
2026-03-20,1111,시청,승차,0,0,57,90,295,452,259,329,442,390,396,443,545,685,1054,1515,531,548,538,627,289,0,0,0
2026-03-20,1111,시청,하차,0,0,68,154,566,1847,800,461,394,355,471,474,707,665,855,1110,523,323,240,167,137,12,0,0
2026-03-20,1112,정부청사,승차,0,5,34,86,236,348,231,260,339,348,331,406,666,814,1186,1916,469,335,267,175,82,1,0,0
2026-03-20,1112,정부청사,하차,0,3,81,207,648,2428,635,361,325,347,377,379,371,414,566,613,307,193,209,142,83,19,0,0
2026-03-20,1113,갈마,승차,0,0,64,120,305,518,207,171,144,166,198,153,185,206,258,263,148,105,87,55,43,1,0,0
2026-03-20,1113,갈마,하차,0,0,24,34,84,169,98,90,122,149,176,175,235,263,357,522,269,199,193,160,111,20,0,0
2026-03-20,1114,월평,승차,0,0,68,121,309,528,245,183,177,248,218,268,263,289,397,480,248,221,140,93,59,1,0,0
2026-03-20,1114,월평,하차,0,0,20,37,118,306,193,157,193,208,210,203,213,304,380,570,304,206,243,186,120,12,0,0
2026-03-20,1115,갑천,승차,0,0,14,36,126,228,66,44,58,45,56,56,53,65,94,134,56,37,28,12,6,0,0,0
2026-03-20,1115,갑천,하차,0,0,6,24,51,109,40,34,34,66,55,39,71,85,129,178,85,58,73,43,33,0,0,0
2026-03-20,1116,유성온천,승차,0,1,96,232,709,1382,518,504,553,649,623,772,767,871,1082,1104,617,433,434,278,194,2,0,0
2026-03-20,1116,유성온천,하차,0,0,84,132,390,907,610,466,466,559,519,590,786,751,1239,1700,868,559,550,519,299,31,0,0
2026-03-20,1117,구암,승차,0,0,38,79,237,449,167,169,221,216,227,241,283,340,354,363,299,209,179,87,47,1,0,0
2026-03-20,1117,구암,하차,0,0,13,61,165,255,188,164,186,186,209,223,278,233,396,438,202,145,149,102,62,10,0,0
2026-03-20,1118,현충원,승차,0,0,17,40,180,343,114,139,165,234,216,213,234,328,319,325,165,73,78,44,3,1,0,0
2026-03-20,1118,현충원,하차,0,0,6,26,127,208,233,130,177,133,140,87,127,108,173,252,132,93,93,72,41,10,0,0
2026-03-20,1119,월드컵경기장,승차,0,0,29,88,279,524,175,152,133,121,175,184,195,198,227,294,146,106,64,62,22,0,0,0
2026-03-20,1119,월드컵경기장,하차,0,0,8,45,192,228,107,87,109,139,125,110,157,190,273,395,196,128,151,131,70,21,0,0
2026-03-20,1120,노은,승차,0,0,40,85,337,508,226,215,215,222,206,200,336,331,427,489,270,230,176,189,79,3,0,0
2026-03-20,1120,노은,하차,0,0,20,30,184,362,236,168,193,210,246,341,394,395,505,699,384,244,247,208,113,23,0,0
2026-03-20,1121,지족,승차,0,0,41,64,193,232,123,105,126,134,108,136,186,192,225,340,91,73,41,28,22,0,0,0
2026-03-20,1121,지족,하차,0,0,10,25,138,433,96,64,83,115,94,108,115,145,194,198,134,126,96,102,67,13,0,0
2026-03-20,1122,반석,승차,0,0,75,194,896,1144,532,349,346,337,351,325,428,518,774,919,415,253,266,207,92,0,0,0
2026-03-20,1122,반석,하차,0,0,41,160,349,619,224,164,219,292,318,331,505,617,745,1177,491,379,399,381,170,42,0,0
2026-03-21,1101,판암,승차,0,6,71,127,202,280,348,333,304,320,295,280,253,224,238,198,105,108,63,53,21,0,0,0
2026-03-21,1101,판암,하차,0,6,15,43,81,148,139,148,201,215,259,228,254,261,384,237,202,217,184,130,103,35,0,0
2026-03-21,1102,신흥,승차,0,0,45,67,118,198,176,151,140,156,146,91,123,111,133,104,41,54,35,23,14,5,0,0
2026-03-21,1102,신흥,하차,0,0,4,12,36,48,50,53,93,77,112,86,121,122,178,146,123,93,133,87,66,12,0,0
2026-03-21,1103,대동,승차,0,0,50,97,158,253,282,269,328,340,285,221,225,262,264,204,146,106,49,55,31,1,0,0
2026-03-21,1103,대동,하차,0,0,14,34,58,140,123,120,139,148,173,190,199,238,322,260,177,201,175,186,143,17,0,0
2026-03-21,1104,대전,승차,0,0,9,98,266,576,740,1104,1320,1350,1337,1481,1486,1262,1116,889,786,716,707,583,317,2,0,0
2026-03-21,1104,대전,하차,0,0,120,350,639,745,960,1082,1300,950,1116,1225,1097,1218,910,788,595,904,915,212,66,3,0,0
2026-03-21,1105,중앙로,승차,0,0,28,44,65,127,197,219,306,513,561,740,1017,1006,993,978,768,899,641,367,179,2,0,0
2026-03-21,1105,중앙로,하차,0,0,30,45,122,320,433,534,980,1067,1018,1154,982,993,1153,781,516,354,315,99,78,9,0,0
2026-03-21,1106,중구청,승차,0,0,19,33,57,100,97,99,126,167,150,118,164,144,155,121,84,80,33,43,24,7,0,0
2026-03-21,1106,중구청,하차,0,0,7,35,32,93,91,123,144,139,160,179,143,168,194,131,93,77,81,54,34,11,0,0
2026-03-21,1107,서대전네거리,승차,0,0,83,104,174,282,298,331,437,494,486,408,320,367,392,351,246,207,177,112,74,0,0,0
2026-03-21,1107,서대전네거리,하차,0,0,23,69,110,221,231,306,344,355,403,330,337,483,509,456,311,282,311,162,112,15,0,0
2026-03-21,1108,오룡,승차,0,0,46,87,137,242,254,272,343,368,305,214,179,192,248,198,122,89,68,40,39,0,0,0
2026-03-21,1108,오룡,하차,0,0,24,40,64,136,141,147,193,176,228,215,187,295,268,202,139,174,150,115,91,4,0,0
2026-03-21,1109,용문,승차,0,0,82,121,219,359,408,462,515,612,665,562,472,602,547,462,407,276,219,106,89,0,0,0
2026-03-21,1109,용문,하차,0,0,21,63,164,307,382,407,476,534,560,557,551,599,614,517,394,323,305,245,172,0,0,0
2026-03-21,1110,탄방,승차,0,0,40,82,133,192,200,250,236,292,339,340,382,359,468,278,203,135,185,91,33,0,0,0
2026-03-21,1110,탄방,하차,0,0,20,81,114,259,381,301,356,345,326,344,281,373,391,264,150,188,140,117,103,0,0,0
2026-03-21,1111,시청,승차,0,0,31,66,107,193,234,299,400,526,586,477,565,578,565,520,515,513,394,372,236,2,0,0
2026-03-21,1111,시청,하차,0,0,42,115,198,416,581,521,559,713,529,586,512,595,514,504,317,242,212,139,87,6,0,0
2026-03-21,1112,정부청사,승차,0,2,22,55,106,146,237,221,324,385,451,393,417,508,459,408,291,1012,445,120,73,2,0,0
2026-03-21,1112,정부청사,하차,0,0,40,89,123,294,365,427,476,527,605,721,855,750,438,320,213,190,187,129,55,21,0,0
2026-03-21,1113,갈마,승차,0,1,50,87,138,199,226,224,241,275,266,195,186,234,231,144,102,112,108,57,30,3,0,0
2026-03-21,1113,갈마,하차,0,0,20,20,39,84,108,124,162,196,204,203,257,301,325,248,225,159,129,136,116,16,0,0
2026-03-21,1114,월평,승차,0,0,48,83,147,190,272,242,266,263,293,230,225,246,249,198,145,170,99,91,53,7,0,0
2026-03-21,1114,월평,하차,0,0,12,15,47,84,111,136,187,231,255,230,267,294,371,288,277,236,161,155,121,18,0,0
2026-03-21,1115,갑천,승차,0,0,16,29,33,78,90,50,54,100,105,76,78,82,97,53,33,34,19,16,7,0,0,0
2026-03-21,1115,갑천,하차,0,0,6,22,24,42,59,73,90,93,83,84,70,86,90,70,62,43,47,43,28,2,0,0
2026-03-21,1116,유성온천,승차,0,1,104,170,287,461,537,590,623,835,836,705,737,721,772,569,418,444,397,272,164,6,0,0
2026-03-21,1116,유성온천,하차,0,0,66,109,185,457,488,522,600,625,608,714,601,1030,972,921,644,537,533,438,316,37,0,0
2026-03-21,1117,구암,승차,0,0,28,57,113,164,205,255,322,331,280,268,245,268,298,235,164,175,106,77,46,1,0,0
2026-03-21,1117,구암,하차,0,0,10,58,113,190,230,224,266,216,227,238,238,306,274,224,196,150,114,74,61,8,0,0
2026-03-21,1118,현충원,승차,0,0,14,23,55,203,138,172,206,173,257,221,218,254,183,138,83,63,54,19,14,0,0,0
2026-03-21,1118,현충원,하차,0,0,4,16,52,87,152,185,208,104,112,117,111,136,146,105,94,90,93,93,35,7,0,0
2026-03-21,1119,월드컵경기장,승차,0,0,25,58,82,164,197,219,191,146,169,187,209,1652,345,168,108,77,54,39,12,0,0,0
2026-03-21,1119,월드컵경기장,하차,0,0,9,41,69,109,158,142,248,575,1004,183,142,167,186,170,120,109,105,94,69,19,0,0
2026-03-21,1120,노은,승차,0,0,27,63,115,205,234,247,248,324,299,275,312,292,324,320,222,177,129,148,70,5,0,0
2026-03-21,1120,노은,하차,0,0,13,27,85,154,226,239,228,308,275,288,267,347,358,344,215,212,161,155,116,23,0,0
2026-03-21,1121,지족,승차,0,9,24,38,73,115,125,144,158,136,132,121,114,105,119,94,58,64,34,16,20,0,0,0
2026-03-21,1121,지족,하차,0,9,11,28,33,67,71,76,75,87,117,95,103,130,148,101,88,107,86,98,72,15,0,0
2026-03-21,1122,반석,승차,0,0,62,113,212,377,440,479,481,562,467,373,348,419,463,301,231,176,173,142,87,8,0,0
2026-03-21,1122,반석,하차,0,0,20,71,129,171,247,195,260,283,322,303,387,555,590,454,386,350,345,288,170,52,0,0
2026-03-22,1101,판암,승차,0,0,39,71,113,229,219,214,239,214,227,212,195,194,146,117,83,80,34,26,10,0,0,0
2026-03-22,1101,판암,하차,0,0,8,39,49,86,90,122,156,139,135,210,212,200,206,166,155,162,142,83,47,16,0,0
2026-03-22,1102,신흥,승차,0,0,29,38,53,102,112,100,91,116,114,89,83,66,79,54,51,33,23,8,6,4,0,0
2026-03-22,1102,신흥,하차,0,0,5,15,21,25,38,47,68,60,50,69,131,90,103,115,76,93,73,57,49,10,0,0
2026-03-22,1103,대동,승차,0,0,41,60,100,157,199,216,223,195,186,185,150,158,154,97,97,75,46,27,29,1,0,0
2026-03-22,1103,대동,하차,0,0,20,33,39,58,72,121,119,114,142,148,180,163,157,176,137,194,142,143,110,13,0,0
2026-03-22,1104,대전,승차,0,0,12,66,165,333,500,821,890,930,901,1182,1178,1150,1005,783,879,1078,1140,833,399,1,0,0
2026-03-22,1104,대전,하차,0,0,63,184,342,497,563,746,868,646,801,757,766,716,705,581,860,1004,409,166,28,3,0,0
2026-03-22,1105,중앙로,승차,0,0,24,37,39,79,127,204,238,342,554,638,633,731,649,693,598,548,420,209,106,1,0,0
2026-03-22,1105,중앙로,하차,0,0,16,37,100,207,353,496,818,975,766,878,664,616,537,407,371,313,112,44,29,3,0,0
2026-03-22,1106,중구청,승차,0,0,11,20,47,53,58,62,73,96,108,101,82,79,91,90,62,29,27,25,14,0,0,0
2026-03-22,1106,중구청,하차,0,0,8,23,13,33,63,73,103,116,120,109,113,75,111,73,82,72,68,49,40,0,0,0
2026-03-22,1107,서대전네거리,승차,0,0,43,60,76,150,162,230,217,271,237,263,318,230,241,229,190,178,157,73,36,0,0,0
2026-03-22,1107,서대전네거리,하차,0,0,27,50,74,130,137,175,165,225,271,247,287,298,383,322,251,281,196,146,98,10,0,0
2026-03-22,1108,오룡,승차,0,0,35,37,72,125,115,160,210,217,188,172,180,157,158,119,174,84,61,50,23,0,0,0
2026-03-22,1108,오룡,하차,0,0,14,34,40,97,112,176,95,131,116,136,140,184,164,172,175,164,103,127,75,0,0,0
2026-03-22,1109,용문,승차,0,0,50,88,106,183,240,461,463,421,600,581,451,405,476,338,245,278,223,132,64,0,0,0
2026-03-22,1109,용문,하차,0,0,11,52,141,476,328,400,558,373,334,353,476,392,406,364,355,238,233,166,144,0,0,0
2026-03-22,1110,탄방,승차,0,0,18,40,69,107,131,140,154,177,198,251,241,180,225,138,124,87,96,64,10,0,0,0
2026-03-22,1110,탄방,하차,0,0,13,59,46,102,184,246,176,239,188,183,178,191,243,158,133,150,137,79,90,0,0,0
2026-03-22,1111,시청,승차,0,0,30,41,69,107,134,204,184,262,288,290,352,376,389,429,394,342,254,270,88,0,0,0
2026-03-22,1111,시청,하차,0,0,8,49,95,136,271,217,324,471,433,357,386,343,293,285,222,163,183,106,69,11,0,0
2026-03-22,1112,정부청사,승차,0,1,24,36,63,103,128,145,161,187,208,237,310,293,305,264,977,558,156,62,43,0,0,0
2026-03-22,1112,정부청사,하차,0,0,22,63,60,114,251,269,312,419,472,737,512,358,233,208,167,130,205,122,51,15,0,0
2026-03-22,1113,갈마,승차,0,0,31,44,72,118,144,174,158,166,143,142,145,150,142,121,126,78,56,20,26,1,0,0
2026-03-22,1113,갈마,하차,0,0,12,15,24,45,46,89,91,168,145,214,191,190,198,181,144,130,118,127,87,12,0,0
2026-03-22,1114,월평,승차,0,0,35,55,114,137,164,194,158,201,187,205,146,145,127,113,118,89,58,32,25,0,0,0
2026-03-22,1114,월평,하차,0,0,11,10,25,54,83,111,126,139,127,187,236,245,272,223,227,222,212,284,170,11,0,0
2026-03-22,1115,갑천,승차,0,0,6,19,27,49,41,63,53,72,65,83,56,47,56,44,29,29,15,10,5,0,0,0
2026-03-22,1115,갑천,하차,0,0,3,23,19,34,40,51,35,48,52,43,58,49,57,55,50,49,48,49,23,5,0,0
2026-03-22,1116,유성온천,승차,0,0,54,102,175,353,413,487,483,537,513,564,506,483,520,436,342,349,250,141,121,3,0,0
2026-03-22,1116,유성온천,하차,0,0,58,75,134,235,282,356,393,371,454,532,610,689,664,626,524,471,481,437,248,32,0,0
2026-03-22,1117,구암,승차,0,0,15,38,55,112,129,163,192,183,200,155,182,208,156,206,180,111,114,72,36,3,0,0
2026-03-22,1117,구암,하차,0,0,8,26,61,99,138,142,146,156,146,194,196,239,217,206,195,170,141,74,33,6,0,0
2026-03-22,1118,현충원,승차,0,0,9,14,35,121,76,151,142,131,168,158,189,156,133,108,75,49,37,18,4,0,0,0
2026-03-22,1118,현충원,하차,0,0,3,10,22,56,105,88,114,98,66,68,99,117,128,87,96,106,104,76,39,3,0,0
2026-03-22,1119,월드컵경기장,승차,0,0,15,19,48,82,112,123,109,127,132,111,129,119,91,102,79,39,56,19,3,0,0,0
2026-03-22,1119,월드컵경기장,하차,0,0,5,13,30,37,64,73,68,65,69,94,98,102,111,111,117,92,72,82,40,12,0,0
2026-03-22,1120,노은,승차,0,0,21,33,57,116,147,150,189,183,176,158,199,193,197,192,167,120,111,87,40,2,0,0
2026-03-22,1120,노은,하차,0,0,9,15,27,65,137,110,126,189,204,223,241,266,210,238,196,140,142,109,51,12,0,0
2026-03-22,1121,지족,승차,0,0,16,31,42,68,77,85,114,94,111,87,94,74,66,96,53,24,21,15,6,0,0,0
2026-03-22,1121,지족,하차,0,0,7,25,11,41,55,55,50,69,68,62,85,125,118,104,80,75,77,66,52,8,0,0
2026-03-22,1122,반석,승차,0,0,43,74,111,211,284,279,366,312,305,315,292,287,222,196,153,161,116,85,54,0,0,0
2026-03-22,1122,반석,하차,0,0,16,47,59,100,154,161,132,159,230,279,300,356,374,310,297,260,250,127,113,11,0,0
2026-03-23,1101,판암,승차,0,0,103,159,536,789,344,226,227,294,280,192,253,288,305,314,109,81,68,38,18,0,0,0
2026-03-23,1101,판암,하차,0,0,10,61,156,274,123,157,192,206,207,186,316,399,397,592,274,196,213,154,50,22,0,0
2026-03-23,1102,신흥,승차,0,0,59,97,398,568,200,120,78,122,106,96,87,103,76,100,58,34,31,14,9,0,0,0
2026-03-23,1102,신흥,하차,0,0,7,24,58,95,53,38,71,103,88,87,160,194,226,472,197,119,126,104,49,9,0,0
2026-03-23,1103,대동,승차,0,0,85,130,456,660,265,190,186,257,245,220,286,538,411,468,182,121,202,70,27,1,0,0
2026-03-23,1103,대동,하차,0,0,10,33,193,679,243,193,155,233,208,190,253,313,338,585,254,178,204,174,109,14,0,0
2026-03-23,1104,대전,승차,0,4,17,173,663,993,742,755,634,747,658,682,778,858,923,951,660,416,399,290,154,1,0,0
2026-03-23,1104,대전,하차,0,4,182,565,902,1121,798,717,760,722,657,681,694,731,680,717,369,279,217,94,46,2,0,0
2026-03-23,1105,중앙로,승차,0,0,22,58,155,285,162,163,234,290,389,379,481,498,589,744,439,407,750,230,101,14,0,0
2026-03-23,1105,중앙로,하차,0,0,26,61,167,818,407,415,421,373,417,416,512,531,672,741,301,136,105,72,43,12,0,0
2026-03-23,1106,중구청,승차,0,0,21,61,136,291,123,96,136,129,140,163,185,305,248,417,111,110,100,64,10,0,0,0
2026-03-23,1106,중구청,하차,0,0,12,60,246,646,193,148,163,147,139,139,148,175,184,294,85,76,95,46,39,0,0,0
2026-03-23,1107,서대전네거리,승차,0,1,107,172,564,944,344,328,344,304,316,326,373,401,416,580,217,178,173,92,58,2,0,0
2026-03-23,1107,서대전네거리,하차,0,0,39,94,283,660,296,270,278,302,305,279,375,484,623,929,334,259,272,208,80,10,0,0
2026-03-23,1108,오룡,승차,0,0,89,136,473,907,301,221,220,249,203,206,194,331,298,666,132,108,72,57,18,0,0,0
2026-03-23,1108,오룡,하차,0,0,36,58,176,642,218,125,155,166,150,186,247,292,355,598,251,196,183,157,71,1,0,0
2026-03-23,1109,용문,승차,0,1,136,229,646,1358,455,410,395,414,434,396,504,469,555,491,266,224,197,125,146,0,0,0
2026-03-23,1109,용문,하차,0,0,26,69,226,582,401,329,340,371,398,437,478,567,675,1252,507,327,366,273,135,0,0,0
2026-03-23,1110,탄방,승차,0,0,54,148,321,547,310,274,292,233,201,262,323,283,548,798,216,190,159,143,39,0,0,0
2026-03-23,1110,탄방,하차,0,0,32,112,361,1222,442,296,190,207,245,256,261,304,338,647,292,182,165,127,61,0,0,0
2026-03-23,1111,시청,승차,0,0,47,129,260,488,304,293,341,355,328,417,543,617,811,1490,466,488,466,512,141,0,0,0
2026-03-23,1111,시청,하차,0,0,70,169,581,1880,777,390,338,303,473,404,483,688,645,828,368,219,185,125,75,6,0,0
2026-03-23,1112,정부청사,승차,0,1,36,100,213,370,279,273,313,353,280,341,498,639,964,1748,437,281,263,169,66,0,0,0
2026-03-23,1112,정부청사,하차,0,0,84,224,740,2669,780,401,347,307,386,331,300,331,425,428,237,163,168,118,42,11,0,0
2026-03-23,1113,갈마,승차,0,0,90,132,324,536,207,138,176,152,171,163,166,180,191,225,99,67,85,27,36,1,0,0
2026-03-23,1113,갈마,하차,0,0,20,32,90,196,119,107,122,140,154,152,193,223,315,425,237,171,190,125,82,15,0,0
2026-03-23,1114,월평,승차,0,0,65,122,299,514,210,168,141,204,221,188,225,273,279,402,161,139,116,86,43,4,0,0
2026-03-23,1114,월평,하차,0,0,10,34,125,407,290,238,192,276,227,204,231,237,302,520,216,178,176,153,93,7,0,0
2026-03-23,1115,갑천,승차,0,0,21,46,117,226,86,48,49,57,61,45,56,50,102,120,51,45,35,10,11,0,0,0
2026-03-23,1115,갑천,하차,0,0,8,18,52,123,46,32,49,56,54,58,74,84,102,176,79,45,57,42,17,3,0,0
2026-03-23,1116,유성온천,승차,0,0,111,276,701,1401,463,435,492,485,536,538,626,821,885,976,398,393,360,227,142,4,0,0
2026-03-23,1116,유성온천,하차,0,0,87,112,402,984,726,544,556,551,558,504,566,666,870,1443,616,425,448,402,217,30,0,0
2026-03-23,1117,구암,승차,0,0,47,69,264,433,190,151,166,185,157,175,248,249,259,281,160,107,62,41,15,2,0,0
2026-03-23,1117,구암,하차,0,0,17,78,178,289,194,187,167,193,204,185,217,213,279,369,148,119,132,83,42,8,0,0
2026-03-23,1118,현충원,승차,0,0,22,44,163,407,139,122,127,150,168,153,200,340,332,291,103,85,84,37,10,0,0,0
2026-03-23,1118,현충원,하차,0,0,12,26,162,284,273,120,172,173,193,67,102,115,167,244,87,68,103,74,32,10,0,0
2026-03-23,1119,월드컵경기장,승차,0,0,37,105,255,545,195,142,138,115,150,143,199,207,215,276,103,58,67,23,11,0,0,0
2026-03-23,1119,월드컵경기장,하차,0,0,8,38,192,244,128,106,98,109,104,105,137,174,218,363,187,136,142,99,59,16,0,0
2026-03-23,1120,노은,승차,0,0,48,90,375,521,271,201,178,193,227,185,282,312,379,407,235,179,179,131,50,3,0,0
2026-03-23,1120,노은,하차,0,0,23,36,160,434,236,166,182,179,240,256,294,399,393,632,300,197,205,147,79,18,0,0
2026-03-23,1121,지족,승차,0,0,38,53,201,246,125,103,102,107,106,114,140,188,168,368,86,71,61,38,9,7,0,0
2026-03-23,1121,지족,하차,0,0,11,31,138,488,98,86,112,135,94,84,107,152,162,221,129,99,104,100,61,18,0,0
2026-03-23,1122,반석,승차,0,0,84,205,932,1274,581,320,330,378,315,240,282,391,577,756,328,239,236,179,100,0,0,0
2026-03-23,1122,반석,하차,0,0,27,173,386,625,230,150,225,284,280,279,376,559,803,1182,430,301,364,344,129,17,0,0
2026-03-24,1101,판암,승차,0,0,104,187,564,773,401,237,230,282,238,209,267,258,270,324,100,97,48,30,15,0,0,0
2026-03-24,1101,판암,하차,0,0,7,66,155,321,120,163,212,200,186,203,260,369,401,627,270,186,200,168,63,29,0,0
2026-03-24,1102,신흥,승차,0,0,58,106,407,572,234,122,92,121,109,73,77,93,108,101,43,46,31,19,10,0,0,0
2026-03-24,1102,신흥,하차,0,0,10,18,57,104,37,56,65,92,96,86,154,208,267,423,205,139,127,110,50,8,0,0
2026-03-24,1103,대동,승차,0,0,81,155,453,678,302,205,172,261,238,191,248,455,703,498,174,119,125,66,42,0,0,0
2026-03-24,1103,대동,하차,0,0,19,44,288,574,250,164,181,228,180,166,251,299,367,583,236,186,222,189,104,12,0,0
2026-03-24,1104,대전,승차,0,0,19,109,501,697,587,615,609,754,699,666,778,849,971,1022,632,414,347,288,175,0,0,0
2026-03-24,1104,대전,하차,0,0,109,395,818,1080,751,651,714,638,668,623,701,808,745,711,354,265,232,104,50,4,0,0
2026-03-24,1105,중앙로,승차,0,0,26,62,162,294,136,178,214,311,391,354,435,533,807,865,368,413,377,209,116,1,0,0
2026-03-24,1105,중앙로,하차,0,0,30,51,162,810,478,366,402,515,421,414,393,382,577,733,315,169,103,69,32,6,0,0
2026-03-24,1106,중구청,승차,0,5,25,49,164,311,119,103,127,120,139,153,207,309,411,440,95,106,97,32,19,5,0,0
2026-03-24,1106,중구청,하차,0,5,17,62,262,605,289,138,153,136,126,126,157,154,200,299,118,81,70,65,46,8,0,0
2026-03-24,1107,서대전네거리,승차,0,0,110,168,568,952,378,318,357,335,331,317,396,391,459,567,236,187,161,83,73,0,0,0
2026-03-24,1107,서대전네거리,하차,0,0,34,89,278,706,316,295,279,337,307,313,362,465,593,934,385,245,281,243,115,9,0,0
2026-03-24,1108,오룡,승차,0,0,93,111,449,895,320,183,209,231,219,203,209,257,540,671,139,86,88,33,32,0,0,0
2026-03-24,1108,오룡,하차,0,0,23,53,200,684,245,135,148,180,181,175,235,253,393,613,239,179,208,180,94,4,0,0
2026-03-24,1109,용문,승차,0,1,122,210,674,1322,533,414,385,433,462,377,356,444,508,480,250,232,219,153,137,0,0,0
2026-03-24,1109,용문,하차,0,0,29,69,224,593,380,390,337,388,402,376,409,511,843,1274,487,338,325,246,153,0,0,0
2026-03-24,1110,탄방,승차,0,0,33,111,344,574,260,220,326,223,237,250,324,308,502,798,216,165,209,215,35,0,0,0
2026-03-24,1110,탄방,하차,0,0,35,112,350,1172,473,240,198,211,311,230,264,284,475,694,275,176,162,124,75,0,0,0
2026-03-24,1111,시청,승차,0,2,47,119,307,452,319,311,413,305,336,361,463,581,827,1397,518,573,547,489,203,0,0,0
2026-03-24,1111,시청,하차,0,2,62,160,562,1870,734,390,324,335,496,423,411,482,915,998,400,224,173,140,88,7,0,0
2026-03-24,1112,정부청사,승차,0,0,31,71,236,393,278,245,321,279,315,320,522,648,1089,1863,458,320,270,154,67,0,0,0
2026-03-24,1112,정부청사,하차,0,0,92,211,713,2547,713,379,319,393,356,328,306,298,466,552,245,160,161,112,56,9,0,0
2026-03-24,1113,갈마,승차,0,0,74,136,332,500,260,163,159,151,176,157,147,156,213,210,96,86,91,47,28,0,0,0
2026-03-24,1113,갈마,하차,0,0,24,35,86,155,102,101,103,163,150,161,211,240,335,451,228,166,192,112,88,14,0,0
2026-03-24,1114,월평,승차,0,0,60,106,307,536,234,154,160,212,224,169,165,241,334,369,167,140,123,88,41,1,0,0
2026-03-24,1114,월평,하차,0,0,16,36,98,370,309,176,209,217,224,208,218,250,339,536,205,182,193,124,107,8,0,0
2026-03-24,1115,갑천,승차,0,0,22,40,114,227,76,51,47,55,50,38,56,55,86,121,37,33,26,12,11,1,0,0
2026-03-24,1115,갑천,하차,0,0,6,22,45,120,51,28,38,61,44,49,65,79,106,172,89,42,58,27,22,3,0,0
2026-03-24,1116,유성온천,승차,0,0,78,228,733,1379,492,420,434,571,525,524,525,752,955,1000,446,406,412,249,166,4,0,0
2026-03-24,1116,유성온천,하차,0,0,62,150,375,969,718,501,525,561,589,518,547,635,947,1568,611,390,428,356,231,32,0,0
2026-03-24,1117,구암,승차,0,0,36,70,248,448,199,247,257,295,311,299,264,348,298,287,145,90,61,53,17,2,0,0
2026-03-24,1117,구암,하차,0,0,12,63,197,342,299,316,289,286,305,261,260,217,287,401,134,111,110,83,34,9,0,0
2026-03-24,1118,현충원,승차,0,0,18,49,164,351,118,109,132,180,200,170,212,344,329,317,89,71,94,42,13,0,0,0
2026-03-24,1118,현충원,하차,0,0,3,26,163,345,312,138,162,135,159,63,90,103,160,261,81,80,83,61,35,6,0,0
2026-03-24,1119,월드컵경기장,승차,0,0,26,98,291,539,194,161,113,142,143,141,193,194,218,269,104,85,70,26,7,1,0,0
2026-03-24,1119,월드컵경기장,하차,0,0,9,40,194,237,107,82,94,97,124,97,130,183,283,415,171,113,151,103,68,13,0,0
2026-03-24,1120,노은,승차,0,0,32,87,384,526,274,186,228,187,253,181,224,256,369,414,220,184,184,148,59,1,0,0
2026-03-24,1120,노은,하차,0,0,22,36,199,388,251,205,182,204,259,275,292,330,493,649,297,203,211,135,76,12,0,0
2026-03-24,1121,지족,승차,0,0,34,67,206,255,155,87,104,94,101,105,149,190,200,394,84,75,58,54,17,0,0,0
2026-03-24,1121,지족,하차,0,0,14,30,138,495,88,94,94,101,111,86,114,161,194,232,124,95,92,90,51,9,0,0
2026-03-24,1122,반석,승차,0,1,69,202,937,1374,606,400,320,324,292,287,335,381,563,844,310,247,290,167,99,0,0,0
2026-03-24,1122,반석,하차,0,0,41,153,400,639,232,195,242,266,316,331,373,564,816,1220,411,352,359,322,150,20,0,0
2026-03-25,1101,판암,승차,0,0,105,182,554,778,338,235,242,325,255,202,239,289,303,326,144,102,61,51,17,3,0,0
2026-03-25,1101,판암,하차,0,0,12,60,161,289,131,135,177,177,178,240,316,395,381,607,296,164,248,217,69,36,0,0
2026-03-25,1102,신흥,승차,0,0,63,106,425,592,190,124,86,104,93,95,64,91,112,133,61,30,25,9,15,0,0,0
2026-03-25,1102,신흥,하차,0,0,7,20,57,89,43,60,58,105,81,85,122,248,236,424,192,124,143,118,51,6,0,0
2026-03-25,1103,대동,승차,0,0,82,136,440,672,275,197,239,259,228,219,348,558,490,548,220,141,192,64,34,3,0,0
2026-03-25,1103,대동,하차,0,0,21,46,268,574,265,164,153,228,206,226,263,307,335,571,255,205,250,201,152,23,0,0
2026-03-25,1104,대전,승차,0,0,17,138,495,657,619,618,604,660,619,675,808,882,965,1072,718,419,379,269,155,2,0,0
2026-03-25,1104,대전,하차,0,0,117,374,836,1021,749,637,677,634,671,712,746,783,782,739,398,266,242,107,50,4,0,0
2026-03-25,1105,중앙로,승차,0,0,35,57,155,316,128,135,190,272,339,351,466,540,647,785,413,386,363,225,104,14,0,0
2026-03-25,1105,중앙로,하차,0,0,32,60,175,782,397,318,405,396,445,390,446,435,511,658,374,194,119,69,60,14,0,0
2026-03-25,1106,중구청,승차,0,0,20,56,167,291,133,84,132,125,104,184,235,254,335,438,117,117,74,68,15,0,0,0
2026-03-25,1106,중구청,하차,0,0,19,57,252,612,220,140,129,147,167,150,162,142,162,262,127,80,105,72,43,5,0,0
2026-03-25,1107,서대전네거리,승차,0,3,80,174,578,901,367,307,295,341,343,312,353,436,447,587,273,209,182,121,93,0,0,0
2026-03-25,1107,서대전네거리,하차,0,0,24,91,260,679,307,262,296,352,334,323,362,455,645,943,396,248,302,244,99,14,0,0
2026-03-25,1108,오룡,승차,0,0,82,118,457,894,296,188,174,242,214,167,217,334,360,727,151,113,79,61,26,0,0,0
2026-03-25,1108,오룡,하차,0,0,28,60,199,696,258,147,128,162,174,202,214,246,389,581,217,187,206,165,100,1,0,0
2026-03-25,1109,용문,승차,0,0,124,212,658,1302,472,314,359,401,616,537,573,457,509,482,268,250,495,225,132,0,0,0
2026-03-25,1109,용문,하차,0,0,31,66,252,648,415,310,513,400,413,409,507,565,733,1495,802,391,287,227,168,0,0,0
2026-03-25,1110,탄방,승차,0,0,41,128,332,545,249,190,246,250,223,246,315,337,474,798,241,161,191,208,48,0,0,0
2026-03-25,1110,탄방,하차,0,0,33,112,339,1147,397,212,183,211,260,252,255,394,448,695,288,186,157,103,92,1,0,0
2026-03-25,1111,시청,승차,0,0,37,94,280,435,279,289,393,306,408,380,426,581,858,1497,532,481,488,525,211,0,0,0
2026-03-25,1111,시청,하차,0,0,70,152,554,1868,750,370,370,357,395,435,504,651,633,872,416,218,177,141,67,10,0,0
2026-03-25,1112,정부청사,승차,0,1,20,72,227,353,255,243,313,295,303,392,567,706,999,1721,448,328,245,158,64,2,0,0
2026-03-25,1112,정부청사,하차,0,0,86,242,680,2575,762,376,319,345,377,318,285,310,427,514,249,174,154,118,43,12,0,0
2026-03-25,1113,갈마,승차,0,0,65,111,335,557,239,168,156,176,146,153,136,187,186,240,132,82,77,64,30,1,0,0
2026-03-25,1113,갈마,하차,0,0,21,31,75,176,120,87,102,154,137,174,204,250,312,484,261,156,167,145,92,18,0,0
2026-03-25,1114,월평,승차,0,0,63,135,293,510,231,174,147,177,182,183,220,281,287,375,146,136,128,93,45,0,0,0
2026-03-25,1114,월평,하차,0,0,14,29,134,346,255,166,167,188,193,204,204,219,334,505,215,165,198,131,112,8,0,0
2026-03-25,1115,갑천,승차,0,0,22,46,115,223,73,52,45,58,68,48,57,69,91,112,45,33,19,17,10,0,0,0
2026-03-25,1115,갑천,하차,0,0,8,17,57,115,34,39,54,63,58,51,59,95,109,167,86,58,55,51,16,5,0,0
2026-03-25,1116,유성온천,승차,0,0,84,209,727,1391,536,395,487,551,483,522,652,733,823,1034,445,468,378,262,172,1,0,0
2026-03-25,1116,유성온천,하차,0,0,82,122,391,992,711,495,488,517,471,544,612,694,992,1461,651,462,427,441,195,56,0,0
2026-03-25,1117,구암,승차,0,0,48,84,234,410,177,139,147,149,149,158,175,278,223,302,187,122,71,60,19,2,0,0
2026-03-25,1117,구암,하차,0,0,12,56,177,285,198,139,133,154,158,160,207,204,268,390,155,132,107,88,38,6,0,0
2026-03-25,1118,현충원,승차,0,0,16,47,182,345,119,101,146,203,179,184,190,348,385,302,104,90,97,48,14,0,0,0
2026-03-25,1118,현충원,하차,0,0,6,45,140,356,293,107,146,132,167,77,88,135,183,263,83,82,84,85,25,5,0,0
2026-03-25,1119,월드컵경기장,승차,0,0,29,99,287,555,206,137,153,111,137,117,141,249,207,285,140,78,67,29,9,0,0,0
2026-03-25,1119,월드컵경기장,하차,0,0,7,32,208,232,116,89,117,102,101,107,138,205,222,402,180,122,135,118,57,15,0,0
2026-03-25,1120,노은,승차,0,0,42,82,362,512,255,194,243,174,211,202,279,265,338,388,243,226,189,152,58,7,0,0
2026-03-25,1120,노은,하차,0,0,19,34,203,357,253,159,180,193,253,262,353,399,424,633,316,214,203,158,78,10,0,0
2026-03-25,1121,지족,승차,0,11,25,51,212,250,127,75,94,114,98,115,203,165,189,425,80,61,54,27,19,4,0,0
2026-03-25,1121,지족,하차,0,12,16,36,125,513,93,60,106,86,94,110,108,137,161,238,132,96,98,87,58,15,0,0
2026-03-25,1122,반석,승차,0,0,89,209,917,1357,578,372,311,311,340,311,332,410,615,805,346,268,261,188,123,0,0,0
2026-03-25,1122,반석,하차,0,0,37,146,377,666,248,208,224,271,313,316,414,595,853,1119,414,349,395,344,168,29,0,0
2026-03-26,1101,판암,승차,0,0,109,169,579,773,378,228,233,256,242,215,228,262,294,328,107,96,74,36,14,0,0,0
2026-03-26,1101,판암,하차,0,0,12,72,145,313,136,173,165,173,189,218,279,398,386,580,300,186,215,186,59,24,0,0
2026-03-26,1102,신흥,승차,0,0,53,108,407,582,217,110,94,102,123,87,80,80,110,106,42,29,32,18,17,0,0,0
2026-03-26,1102,신흥,하차,0,0,6,22,56,102,50,64,52,72,75,104,190,213,206,442,197,145,141,107,70,4,0,0
2026-03-26,1103,대동,승차,0,0,83,151,406,640,270,192,189,282,225,207,305,546,455,476,171,128,176,63,48,2,0,0
2026-03-26,1103,대동,하차,0,0,17,46,313,492,246,153,159,203,179,187,202,280,322,582,227,215,213,204,127,13,0,0
2026-03-26,1104,대전,승차,0,0,17,117,505,659,565,668,568,740,640,721,847,1003,1052,1078,826,514,431,385,155,9,0,0
2026-03-26,1104,대전,하차,0,0,124,387,879,1117,853,710,744,658,779,688,791,886,925,895,426,346,274,130,46,9,0,0
2026-03-26,1105,중앙로,승차,0,0,26,68,163,308,172,159,204,282,382,367,475,541,628,829,384,386,391,256,110,3,0,0
2026-03-26,1105,중앙로,하차,0,0,25,64,203,802,401,358,411,442,445,485,399,511,536,741,369,189,138,94,50,3,0,0
2026-03-26,1106,중구청,승차,0,0,31,52,163,302,135,121,125,123,129,143,162,344,302,432,96,80,73,69,24,0,0,0
2026-03-26,1106,중구청,하차,0,0,25,54,252,618,219,139,134,120,187,131,103,126,190,243,91,93,76,64,43,8,0,0
2026-03-26,1107,서대전네거리,승차,0,5,95,166,555,927,363,289,321,355,333,305,372,381,498,606,257,186,202,113,95,1,0,0
2026-03-26,1107,서대전네거리,하차,0,5,35,80,240,694,336,224,293,311,414,335,377,441,556,973,390,288,301,260,94,13,0,0
2026-03-26,1108,오룡,승차,0,0,81,135,445,891,319,183,221,222,211,203,191,318,369,711,188,107,72,61,31,0,0,0
2026-03-26,1108,오룡,하차,0,0,22,53,193,663,269,129,135,213,182,175,252,279,391,589,245,210,179,175,97,3,0,0
2026-03-26,1109,용문,승차,0,0,130,223,648,1320,494,374,380,425,437,379,386,482,518,531,271,263,190,156,95,9,0,0
2026-03-26,1109,용문,하차,0,0,30,69,226,556,358,336,314,342,411,406,449,578,715,1248,516,339,335,284,141,9,0,0
2026-03-26,1110,탄방,승차,0,0,35,124,348,565,232,200,312,221,228,252,327,327,468,818,223,186,216,256,47,0,0,0
2026-03-26,1110,탄방,하차,0,0,33,121,356,1162,409,230,198,210,313,245,262,363,436,745,304,184,186,144,95,0,0,0
2026-03-26,1111,시청,승차,0,2,39,103,335,440,298,274,302,330,356,415,463,574,834,1327,516,543,550,526,226,0,0,0
2026-03-26,1111,시청,하차,0,0,57,157,547,1813,732,418,320,318,424,386,423,657,749,895,407,228,211,141,109,9,0,0
2026-03-26,1112,정부청사,승차,0,1,31,89,238,378,257,235,288,308,326,336,519,626,1026,1708,456,345,346,193,80,2,0,0
2026-03-26,1112,정부청사,하차,0,0,90,216,719,2606,637,342,251,376,382,338,317,335,449,544,257,181,167,135,37,5,0,0
2026-03-26,1113,갈마,승차,0,1,65,128,326,498,238,160,161,150,156,138,163,167,202,209,111,88,73,51,39,1,0,0
2026-03-26,1113,갈마,하차,0,0,32,29,86,170,114,85,99,158,155,163,177,248,313,464,221,184,176,159,101,9,0,0
2026-03-26,1114,월평,승차,0,0,71,131,291,525,211,162,143,228,274,197,216,330,335,398,232,157,162,85,48,0,0,0
2026-03-26,1114,월평,하차,0,0,14,34,115,350,260,169,165,215,194,202,215,290,323,555,244,193,199,150,110,8,0,0
2026-03-26,1115,갑천,승차,0,0,19,50,129,220,88,43,51,55,71,43,45,60,98,110,40,25,26,20,11,0,0,0
2026-03-26,1115,갑천,하차,0,0,8,22,55,113,36,29,36,51,38,58,51,91,98,182,83,46,47,47,23,4,0,0
2026-03-26,1116,유성온천,승차,0,0,86,241,702,1379,522,377,388,535,566,621,648,807,920,1039,482,436,408,283,151,3,0,0
2026-03-26,1116,유성온천,하차,0,0,90,119,403,958,679,543,525,506,556,522,566,655,1040,1503,642,452,549,453,230,27,0,0
2026-03-26,1117,구암,승차,0,0,48,77,246,416,179,154,163,187,173,205,200,216,283,317,173,102,103,61,28,2,0,0
2026-03-26,1117,구암,하차,0,0,11,66,188,277,196,146,173,176,173,163,204,222,295,378,137,126,114,102,51,9,0,0
2026-03-26,1118,현충원,승차,0,0,23,47,182,335,148,104,156,210,213,161,179,312,353,336,116,78,93,38,12,8,0,0
2026-03-26,1118,현충원,하차,0,0,6,40,138,303,280,150,176,151,175,96,95,135,107,253,93,74,83,72,31,14,0,0
2026-03-26,1119,월드컵경기장,승차,0,0,33,89,270,553,193,145,111,156,166,128,160,222,211,290,106,68,63,37,16,0,0,0
2026-03-26,1119,월드컵경기장,하차,0,0,10,41,191,262,123,95,106,103,110,119,147,184,217,405,168,151,136,113,77,14,0,0
2026-03-26,1120,노은,승차,0,0,40,96,386,494,278,204,214,186,196,219,221,323,355,417,211,221,214,176,63,1,0,0
2026-03-26,1120,노은,하차,0,0,28,36,189,348,253,140,185,202,253,226,278,387,426,666,359,225,223,183,66,17,0,0
2026-03-26,1121,지족,승차,0,0,29,57,198,223,133,90,93,100,118,98,160,212,218,425,88,63,74,46,25,2,0,0
2026-03-26,1121,지족,하차,0,0,15,28,131,472,105,127,66,89,102,74,105,153,168,258,113,106,103,92,73,17,0,0
2026-03-26,1122,반석,승차,0,0,76,198,888,1285,579,359,284,293,317,299,319,468,635,838,360,300,296,171,101,0,0,0
2026-03-26,1122,반석,하차,0,0,41,159,366,666,255,176,211,269,265,342,371,571,803,1105,427,341,399,378,154,20,0,0
2026-03-27,1101,판암,승차,0,0,100,180,552,755,350,260,233,335,250,215,262,344,370,394,143,103,60,37,21,4,0,0
2026-03-27,1101,판암,하차,0,0,11,65,171,311,144,161,192,214,212,217,354,360,402,624,291,198,224,220,77,38,0,0
2026-03-27,1102,신흥,승차,0,0,63,92,387,576,216,101,103,103,104,102,80,121,132,156,78,43,18,20,7,0,0,0
2026-03-27,1102,신흥,하차,0,0,9,15,56,105,50,72,85,77,105,101,151,219,175,400,190,101,168,111,69,8,0,0
2026-03-27,1103,대동,승차,0,0,77,146,443,638,283,190,221,296,257,249,508,480,461,391,189,151,103,75,53,0,0,0
2026-03-27,1103,대동,하차,0,0,16,44,309,432,176,143,159,222,190,206,275,310,299,572,260,163,236,185,173,23,0,0
2026-03-27,1104,대전,승차,0,0,13,111,445,629,582,668,634,735,752,950,1199,1134,1305,1239,1008,726,816,516,228,1,0,0
2026-03-27,1104,대전,하차,0,0,113,382,848,1122,871,848,933,762,917,974,1096,1166,1347,1496,838,679,415,183,57,6,0,0
2026-03-27,1105,중앙로,승차,0,0,30,62,141,311,179,193,287,318,412,476,507,638,785,887,563,509,504,298,250,6,0,0
2026-03-27,1105,중앙로,하차,0,0,21,60,194,808,408,436,493,522,556,517,578,594,765,948,570,322,168,110,71,9,0,0
2026-03-27,1106,중구청,승차,0,0,20,50,165,293,134,93,134,120,134,179,209,381,327,448,110,89,78,49,25,0,0,0
2026-03-27,1106,중구청,하차,0,0,22,47,257,598,201,133,137,156,199,151,172,150,192,261,103,77,71,81,44,4,0,0
2026-03-27,1107,서대전네거리,승차,0,2,96,164,544,878,367,326,359,328,364,359,418,469,592,708,350,279,210,168,105,0,0,0
2026-03-27,1107,서대전네거리,하차,0,0,34,73,255,649,317,296,322,343,387,407,447,506,732,1128,480,359,296,261,140,16,0,0
2026-03-27,1108,오룡,승차,0,0,73,125,447,890,288,213,233,237,239,280,342,316,450,796,316,134,117,81,31,6,0,0
2026-03-27,1108,오룡,하차,0,0,28,64,175,637,278,135,186,173,258,230,248,336,470,689,308,203,167,167,114,7,0,0
2026-03-27,1109,용문,승차,0,0,115,211,616,1281,478,425,416,431,482,412,478,590,645,569,360,296,245,145,92,0,0,0
2026-03-27,1109,용문,하차,0,0,27,78,213,606,421,326,368,416,450,517,569,662,825,1203,559,419,347,255,215,0,0,0
2026-03-27,1110,탄방,승차,0,0,43,119,311,569,260,251,316,242,273,284,333,347,565,837,250,183,216,214,60,0,0,0
2026-03-27,1110,탄방,하차,0,0,32,113,354,1098,437,235,190,227,285,258,320,442,438,771,297,197,161,126,91,0,0,0
2026-03-27,1111,시청,승차,0,0,27,107,275,441,262,328,355,374,410,429,538,696,1106,1464,538,573,486,587,264,0,0,0
2026-03-27,1111,시청,하차,0,0,69,161,582,1817,725,415,387,328,471,457,725,697,832,1046,527,306,199,188,107,22,0,0
2026-03-27,1112,정부청사,승차,0,2,26,93,214,372,235,268,345,374,384,467,614,870,1235,1858,448,362,287,179,70,0,0,0
2026-03-27,1112,정부청사,하차,0,0,86,199,656,2369,652,368,336,400,402,398,429,432,557,612,305,233,198,136,59,21,0,0
2026-03-27,1113,갈마,승차,0,0,70,127,291,469,224,162,164,162,167,188,179,207,245,274,145,103,103,50,38,0,0,0
2026-03-27,1113,갈마,하차,0,0,21,34,80,183,99,95,131,158,133,199,260,241,305,494,278,226,185,161,126,20,0,0
2026-03-27,1114,월평,승차,0,0,61,129,284,528,244,179,188,229,261,300,300,321,367,466,262,170,137,99,48,0,0,0
2026-03-27,1114,월평,하차,0,0,11,33,110,332,196,152,208,229,211,203,248,286,388,546,308,225,220,220,116,19,0,0
2026-03-27,1115,갑천,승차,0,0,19,46,114,216,80,47,39,39,60,54,50,67,111,133,45,41,36,18,10,0,0,0
2026-03-27,1115,갑천,하차,0,0,9,20,60,114,28,33,45,56,56,50,67,110,112,167,106,49,50,51,37,3,0,0
2026-03-27,1116,유성온천,승차,0,0,97,249,743,1353,560,502,533,673,655,809,793,917,1096,1090,633,605,406,294,205,2,0,0
2026-03-27,1116,유성온천,하차,0,0,60,160,391,922,672,493,561,525,574,609,759,804,1269,1629,780,644,570,521,296,44,0,0
2026-03-27,1117,구암,승차,0,0,39,75,236,424,184,154,193,218,226,280,335,327,316,383,253,194,126,96,37,2,0,0
2026-03-27,1117,구암,하차,0,0,12,55,173,269,210,140,202,188,209,207,293,252,372,412,208,170,143,93,54,13,0,0
2026-03-27,1118,현충원,승차,0,0,15,35,166,323,142,119,165,262,207,203,266,307,333,285,134,85,59,28,9,0,0,0
2026-03-27,1118,현충원,하차,0,0,6,37,125,227,245,156,166,160,149,87,119,115,150,260,105,97,75,101,37,11,0,0
2026-03-27,1119,월드컵경기장,승차,0,0,36,87,275,505,188,133,139,137,188,189,214,223,222,296,132,99,88,53,15,2,0,0
2026-03-27,1119,월드컵경기장,하차,0,0,12,29,194,227,114,95,96,104,133,130,157,207,285,394,168,133,118,125,59,19,0,0
2026-03-27,1120,노은,승차,0,0,42,83,355,503,250,204,214,224,219,213,345,296,409,485,292,206,208,164,70,3,0,0
2026-03-27,1120,노은,하차,0,0,21,35,181,344,239,166,180,188,244,341,384,472,488,690,354,234,209,194,104,23,0,0
2026-03-27,1121,지족,승차,0,0,36,60,184,220,130,107,119,133,149,147,216,186,235,415,101,81,49,48,17,8,0,0
2026-03-27,1121,지족,하차,0,0,13,31,131,478,106,79,75,126,107,115,135,139,197,209,144,84,127,92,75,26,0,0
2026-03-27,1122,반석,승차,0,0,83,184,901,1144,534,356,315,371,381,338,410,524,828,880,420,263,267,202,116,0,0,0
2026-03-27,1122,반석,하차,0,0,35,148,366,616,230,210,258,289,304,390,480,601,846,1062,488,388,426,373,222,37,0,0
2026-03-28,1101,판암,승차,0,0,76,123,215,254,322,315,325,328,276,257,217,305,277,237,232,110,75,34,21,6,0,0
2026-03-28,1101,판암,하차,0,0,18,54,150,151,159,144,204,207,234,223,233,262,369,256,211,217,221,161,97,30,0,0
2026-03-28,1102,신흥,승차,0,0,50,64,122,196,182,155,164,140,133,86,73,106,147,108,66,52,30,18,20,0,0,0
2026-03-28,1102,신흥,하차,0,0,9,17,34,38,43,49,84,87,127,110,118,110,153,165,106,122,135,81,73,9,0,0
2026-03-28,1103,대동,승차,0,0,50,96,185,273,302,233,331,295,282,212,261,282,282,215,116,90,66,47,39,0,0,0
2026-03-28,1103,대동,하차,0,0,18,32,60,176,124,109,190,166,201,187,204,188,244,215,201,220,182,164,120,22,0,0
2026-03-28,1104,대전,승차,0,13,14,98,305,629,688,862,958,950,1014,1084,1273,1299,1038,916,880,788,739,628,316,7,0,0
2026-03-28,1104,대전,하차,0,13,124,367,626,750,973,1102,1404,1170,1165,1174,1107,1104,883,823,711,574,335,146,65,10,0,0
2026-03-28,1105,중앙로,승차,0,0,23,45,57,143,190,193,238,352,473,577,762,910,1027,1196,1225,871,638,359,199,5,0,0
2026-03-28,1105,중앙로,하차,0,0,31,63,123,274,395,587,936,1287,1184,978,1049,837,931,640,550,305,175,100,61,5,0,0
2026-03-28,1106,중구청,승차,0,7,23,40,63,98,86,109,119,134,142,115,150,154,129,154,126,67,45,64,28,6,0,0
2026-03-28,1106,중구청,하차,0,7,8,50,33,102,106,116,163,195,234,156,168,169,163,102,91,60,67,48,36,10,0,0
2026-03-28,1107,서대전네거리,승차,0,5,59,101,187,327,319,375,501,595,415,443,400,370,383,319,272,222,201,152,87,1,0,0
2026-03-28,1107,서대전네거리,하차,0,5,31,52,119,267,364,299,418,426,416,357,330,441,536,522,326,290,233,212,116,16,0,0
2026-03-28,1108,오룡,승차,0,0,66,73,138,299,271,285,313,256,232,198,222,216,282,210,169,133,76,37,36,0,0,0
2026-03-28,1108,오룡,하차,0,0,14,40,57,140,163,152,173,205,215,198,219,255,215,198,158,174,124,126,111,1,0,0
2026-03-28,1109,용문,승차,0,0,92,149,228,350,445,442,491,526,566,498,535,503,526,423,357,328,175,122,68,7,0,0
2026-03-28,1109,용문,하차,0,0,19,77,179,316,345,354,428,532,512,465,536,555,549,567,442,311,258,251,184,7,0,0
2026-03-28,1110,탄방,승차,0,5,35,70,129,202,211,243,285,323,400,318,276,299,408,266,180,197,136,95,34,7,0,0
2026-03-28,1110,탄방,하차,0,5,19,81,104,239,388,350,261,322,326,302,281,331,352,242,207,164,152,122,111,7,0,0
2026-03-28,1111,시청,승차,0,0,41,62,119,174,247,324,458,512,577,497,497,520,529,475,431,479,365,353,218,0,0,0
2026-03-28,1111,시청,하차,0,0,28,86,210,433,605,461,465,630,513,492,518,522,508,508,373,274,190,142,102,22,0,0
2026-03-28,1112,정부청사,승차,0,0,22,49,88,167,181,273,321,353,424,416,419,479,501,361,397,280,165,139,68,0,0,0
2026-03-28,1112,정부청사,하차,0,0,41,87,136,310,365,380,455,481,449,445,508,448,391,307,345,207,203,119,73,12,0,0
2026-03-28,1113,갈마,승차,0,0,49,79,146,200,237,212,214,245,218,164,177,197,250,171,108,94,85,50,38,2,0,0
2026-03-28,1113,갈마,하차,0,0,25,16,35,100,119,127,151,188,227,249,204,250,266,233,252,186,150,156,127,19,0,0
2026-03-28,1114,월평,승차,0,0,52,89,151,231,247,264,273,277,229,262,233,255,258,195,161,142,105,98,64,2,0,0
2026-03-28,1114,월평,하차,0,0,14,12,37,82,140,153,190,217,220,196,266,271,317,282,298,259,186,168,132,16,0,0
2026-03-28,1115,갑천,승차,0,0,19,29,56,69,75,52,61,89,92,71,99,89,89,59,42,44,29,15,8,0,0,0
2026-03-28,1115,갑천,하차,0,0,10,21,36,42,51,68,90,98,83,75,63,82,94,86,85,53,60,46,36,4,0,0
2026-03-28,1116,유성온천,승차,0,1,111,171,321,455,598,653,759,1059,835,914,758,765,765,552,455,388,370,261,182,11,0,0
2026-03-28,1116,유성온천,하차,0,0,49,139,183,582,668,486,643,719,577,662,672,899,824,815,705,610,552,479,290,66,0,0
2026-03-28,1117,구암,승차,0,0,39,42,116,199,186,302,327,349,322,250,248,218,248,254,162,145,131,65,37,4,0,0
2026-03-28,1117,구암,하차,0,0,12,67,119,203,235,218,238,233,222,198,235,224,254,218,207,159,122,71,52,2,0,0
2026-03-28,1118,현충원,승차,0,0,13,27,80,210,154,186,239,210,235,191,243,211,184,95,88,81,43,21,15,5,0,0
2026-03-28,1118,현충원,하차,0,0,5,20,53,118,180,190,192,142,109,106,124,96,146,101,98,106,109,74,29,9,0,0
2026-03-28,1119,월드컵경기장,승차,0,0,20,50,102,165,184,184,236,155,148,144,139,151,190,142,85,78,61,30,5,0,0,0
2026-03-28,1119,월드컵경기장,하차,0,0,8,38,69,116,102,85,105,109,106,112,148,156,164,142,130,119,90,86,54,21,0,0
2026-03-28,1120,노은,승차,0,0,32,57,122,224,224,292,292,344,281,289,282,274,286,219,176,149,134,120,75,1,0,0
2026-03-28,1120,노은,하차,0,0,12,20,82,188,196,241,233,282,281,269,290,353,292,336,289,221,175,165,92,25,0,0
2026-03-28,1121,지족,승차,0,0,23,36,80,123,135,142,157,146,131,122,127,114,135,83,64,61,39,24,8,0,0,0
2026-03-28,1121,지족,하차,0,0,8,14,27,58,66,68,64,111,117,113,110,93,142,144,117,118,125,72,70,18,0,0
2026-03-28,1122,반석,승차,0,0,70,108,235,397,536,479,577,558,418,365,392,409,365,336,198,170,173,150,76,0,0,0
2026-03-28,1122,반석,하차,0,0,29,72,128,214,234,198,237,324,338,350,341,471,578,392,420,386,340,226,181,50,0,0
2026-03-29,1101,판암,승차,0,0,45,76,135,217,231,214,218,239,217,203,163,186,192,137,117,78,43,22,11,5,0,0
2026-03-29,1101,판암,하차,0,0,12,38,41,85,84,122,145,120,130,186,220,241,222,165,163,155,143,102,66,31,0,0
2026-03-29,1102,신흥,승차,0,0,28,37,46,107,114,109,120,104,101,85,72,80,80,55,38,27,20,10,9,0,0,0
2026-03-29,1102,신흥,하차,0,0,4,14,12,31,32,65,42,59,51,91,108,99,101,101,81,116,76,68,36,5,0,0
2026-03-29,1103,대동,승차,0,1,47,63,82,166,190,234,201,193,208,168,137,184,190,116,91,75,36,31,27,1,0,0
2026-03-29,1103,대동,하차,0,0,15,27,28,125,70,101,122,131,123,161,190,173,181,236,182,168,127,109,113,12,0,0
2026-03-29,1104,대전,승차,0,0,14,71,146,284,458,766,751,871,731,931,1046,1050,959,787,919,931,1045,854,497,1,0,0
2026-03-29,1104,대전,하차,0,0,60,229,322,495,625,659,843,672,692,765,746,641,720,674,552,434,274,145,45,5,0,0
2026-03-29,1105,중앙로,승차,0,0,28,34,37,88,105,172,234,275,361,478,624,688,993,878,682,523,364,195,106,7,0,0
2026-03-29,1105,중앙로,하차,0,0,18,38,78,174,315,486,765,979,882,809,635,519,576,375,259,148,103,58,26,9,0,0
2026-03-29,1106,중구청,승차,0,0,8,25,34,43,52,65,78,64,81,85,105,119,139,61,62,40,33,32,15,0,0,0
2026-03-29,1106,중구청,하차,0,0,10,26,29,30,67,74,86,141,136,134,115,109,92,67,76,75,71,46,37,4,0,0
2026-03-29,1107,서대전네거리,승차,0,0,54,58,78,162,178,246,226,262,279,268,248,231,270,240,239,165,127,71,48,3,0,0
2026-03-29,1107,서대전네거리,하차,0,0,20,44,58,125,150,173,187,212,358,260,302,373,367,364,274,219,184,134,88,11,0,0
2026-03-29,1108,오룡,승차,0,0,27,49,73,131,152,178,241,299,202,205,176,161,160,135,192,99,87,60,24,0,0,0
2026-03-29,1108,오룡,하차,0,0,16,40,46,123,125,186,106,126,161,182,149,199,198,199,163,166,120,106,82,2,0,0
2026-03-29,1109,용문,승차,0,0,55,78,118,187,302,461,527,419,519,559,437,384,418,310,244,216,210,89,54,0,0,0
2026-03-29,1109,용문,하차,0,0,14,58,121,444,315,345,463,339,343,352,484,405,451,352,398,251,224,166,174,0,0,0
2026-03-29,1110,탄방,승차,0,0,31,59,80,133,141,149,159,206,289,237,238,182,253,152,109,90,90,65,27,0,0,0
2026-03-29,1110,탄방,하차,0,0,16,46,42,96,214,273,297,218,212,158,214,200,230,194,153,137,135,96,106,0,0,0
2026-03-29,1111,시청,승차,0,0,30,40,66,96,162,167,166,297,305,312,394,374,391,427,383,277,222,220,105,0,0,0
2026-03-29,1111,시청,하차,0,0,20,36,62,151,239,228,315,449,377,355,322,336,363,342,254,182,150,113,76,15,0,0
2026-03-29,1112,정부청사,승차,0,0,15,30,66,130,119,172,160,185,203,243,299,275,346,330,236,215,156,78,59,0,0,0
2026-03-29,1112,정부청사,하차,0,0,25,62,82,139,167,209,236,362,326,356,330,347,273,217,212,174,174,113,55,13,0,0
2026-03-29,1113,갈마,승차,0,0,29,62,82,158,166,187,155,184,190,168,150,151,133,108,117,90,69,27,16,2,0,0
2026-03-29,1113,갈마,하차,0,0,11,15,17,62,85,102,124,158,175,199,213,223,251,201,167,134,136,117,87,17,0,0
2026-03-29,1114,월평,승차,0,0,31,48,103,155,176,207,233,203,212,200,196,199,191,158,150,127,90,43,27,0,0,0
2026-03-29,1114,월평,하차,0,0,9,18,30,60,97,163,159,187,191,247,259,259,306,248,276,234,238,247,164,39,0,0
2026-03-29,1115,갑천,승차,0,0,9,18,29,42,49,50,65,84,71,68,58,61,57,68,28,34,27,5,4,0,0,0
2026-03-29,1115,갑천,하차,0,0,5,14,18,26,48,81,58,47,46,48,58,59,63,54,46,53,56,38,31,5,0,0
2026-03-29,1116,유성온천,승차,0,0,47,111,173,358,404,456,503,540,542,509,508,448,627,455,385,286,257,146,110,3,0,0
2026-03-29,1116,유성온천,하차,0,0,69,76,126,218,294,327,447,483,499,509,574,646,591,711,556,512,454,430,222,49,0,0
2026-03-29,1117,구암,승차,0,0,27,28,64,120,174,273,340,369,365,340,358,280,234,188,174,128,92,67,52,1,0,0
2026-03-29,1117,구암,하차,0,0,7,41,94,126,274,318,366,272,306,349,258,272,227,255,222,163,123,67,32,7,0,0
2026-03-29,1118,현충원,승차,0,0,12,7,62,102,109,132,169,162,209,183,167,177,171,119,84,59,30,19,5,0,0,0
2026-03-29,1118,현충원,하차,0,0,5,17,27,72,114,111,153,75,86,77,88,106,113,110,103,96,85,94,36,9,0,0
2026-03-29,1119,월드컵경기장,승차,0,0,15,29,63,92,127,148,135,156,137,154,125,108,108,94,96,64,49,16,8,0,0,0
2026-03-29,1119,월드컵경기장,하차,0,0,9,27,50,57,61,81,83,90,89,100,117,114,110,158,100,90,99,62,43,22,0,0
2026-03-29,1120,노은,승차,0,0,19,38,63,126,135,169,155,233,207,183,211,185,218,222,161,112,122,57,36,4,0,0
2026-03-29,1120,노은,하차,0,0,10,19,23,65,135,108,144,187,233,213,235,284,259,308,171,135,98,108,59,16,0,0
2026-03-29,1121,지족,승차,0,2,22,29,44,77,79,106,134,186,107,103,101,108,86,77,42,43,27,15,9,6,0,0
2026-03-29,1121,지족,하차,0,2,8,19,16,47,84,73,71,47,64,89,106,128,112,111,90,106,84,61,37,24,0,0
2026-03-29,1122,반석,승차,0,0,46,78,95,271,339,356,356,366,316,330,281,256,237,189,188,141,137,104,51,1,0,0
2026-03-29,1122,반석,하차,0,0,10,50,64,116,186,195,172,228,264,276,369,357,403,388,324,257,259,166,102,19,0,0
2026-03-30,1101,판암,승차,0,0,101,171,536,754,356,256,241,282,242,241,224,254,277,286,90,69,57,30,10,0,0,0
2026-03-30,1101,판암,하차,0,0,13,53,172,273,135,155,165,190,230,188,264,343,346,602,227,189,175,130,48,22,0,0
2026-03-30,1102,신흥,승차,0,0,66,101,413,583,225,101,96,118,106,79,78,81,98,89,38,41,23,13,11,0,0,0
2026-03-30,1102,신흥,하차,0,0,8,16,53,87,44,57,75,93,88,76,147,240,250,439,211,112,138,86,46,5,0,0
2026-03-30,1103,대동,승차,0,0,88,158,446,629,283,177,159,180,249,228,258,586,373,518,175,113,159,51,33,1,0,0
2026-03-30,1103,대동,하차,0,0,14,52,238,599,234,164,154,220,226,189,233,299,317,560,263,162,183,174,89,15,0,0
2026-03-30,1104,대전,승차,0,0,21,191,792,874,690,668,613,709,633,664,778,815,900,999,625,477,343,228,132,1,0,0
2026-03-30,1104,대전,하차,0,0,197,549,920,1073,777,702,740,592,634,633,658,640,598,735,259,242,178,95,34,3,0,0
2026-03-30,1105,중앙로,승차,0,0,18,50,149,304,148,162,205,307,352,354,461,452,581,760,358,307,287,215,94,0,0,0
2026-03-30,1105,중앙로,하차,0,0,28,70,172,769,383,379,376,414,367,419,313,383,460,641,264,137,110,66,50,5,0,0
2026-03-30,1106,중구청,승차,0,6,25,49,148,299,126,137,121,116,112,158,205,264,309,432,101,82,64,71,24,0,0,0
2026-03-30,1106,중구청,하차,0,6,18,57,253,625,216,128,124,122,176,135,117,138,165,246,99,50,78,47,38,5,0,0
2026-03-30,1107,서대전네거리,승차,0,0,105,194,534,925,345,333,347,299,370,276,364,391,438,567,194,145,112,71,44,0,0,0
2026-03-30,1107,서대전네거리,하차,0,0,36,81,302,657,345,281,240,292,329,307,334,475,453,930,377,245,226,182,81,15,0,0
2026-03-30,1108,오룡,승차,0,0,88,132,472,907,337,218,200,222,221,182,172,292,316,658,152,81,54,40,30,0,0,0
2026-03-30,1108,오룡,하차,0,0,32,58,200,658,228,106,168,155,160,161,223,283,375,653,255,163,161,139,80,2,0,0
2026-03-30,1109,용문,승차,0,0,141,232,651,1299,460,409,389,452,427,360,415,471,469,484,237,229,189,106,150,0,0,0
2026-03-30,1109,용문,하차,0,0,25,67,233,605,419,315,305,314,413,412,469,534,727,1292,511,313,332,224,111,0,0,0
2026-03-30,1110,탄방,승차,0,0,58,133,319,550,256,218,252,218,219,269,310,286,470,802,215,159,228,127,34,0,0,0
2026-03-30,1110,탄방,하차,0,0,34,113,355,1210,425,224,220,222,232,296,240,300,378,661,253,159,115,106,69,0,0,0
2026-03-30,1111,시청,승차,0,0,53,108,271,443,298,280,346,328,332,381,456,539,772,1398,454,458,400,429,150,0,0,0
2026-03-30,1111,시청,하차,0,0,53,154,584,1868,688,422,322,333,421,369,441,641,646,754,345,191,147,87,57,5,0,0
2026-03-30,1112,정부청사,승차,0,1,40,88,248,372,253,255,280,317,321,331,460,556,911,1844,429,303,239,134,59,0,0,0
2026-03-30,1112,정부청사,하차,0,0,92,203,718,2760,703,389,321,350,331,292,306,326,406,446,219,165,115,92,40,13,0,0
2026-03-30,1113,갈마,승차,0,0,89,121,320,485,237,138,152,156,139,138,136,192,181,191,99,61,74,31,16,0,0,0
2026-03-30,1113,갈마,하차,0,0,31,39,93,184,105,101,105,124,162,125,209,242,276,452,200,147,146,101,72,17,0,0
2026-03-30,1114,월평,승차,0,0,64,128,280,479,221,171,161,194,235,172,193,205,305,337,150,100,95,97,30,0,0,0
2026-03-30,1114,월평,하차,0,0,18,40,139,397,306,257,202,254,190,221,207,229,292,499,212,164,146,122,81,10,0,0
2026-03-30,1115,갑천,승차,0,0,21,49,127,229,87,60,44,51,65,32,51,51,69,97,40,39,23,8,5,1,0,0
2026-03-30,1115,갑천,하차,0,0,9,29,51,111,46,30,42,59,51,48,62,69,93,165,85,52,40,36,23,1,0,0
2026-03-30,1116,유성온천,승차,0,12,125,259,729,1360,505,412,419,520,463,481,632,815,788,934,411,333,316,202,118,2,0,0
2026-03-30,1116,유성온천,하차,0,12,76,141,440,978,750,531,541,505,541,536,588,697,869,1345,595,330,373,310,168,21,0,0
2026-03-30,1117,구암,승차,0,0,47,79,283,429,194,136,167,152,169,191,207,196,225,286,145,96,69,49,20,0,0,0
2026-03-30,1117,구암,하차,0,0,16,67,162,279,193,167,175,188,181,158,212,220,253,356,129,128,108,67,30,8,0,0
2026-03-30,1118,현충원,승차,0,0,23,47,165,353,101,107,121,151,170,154,184,349,335,280,94,83,62,28,11,1,0,0
2026-03-30,1118,현충원,하차,0,0,6,27,159,275,282,134,150,166,204,88,111,130,137,233,88,62,86,64,40,6,0,0
2026-03-30,1119,월드컵경기장,승차,0,0,44,112,273,519,197,133,129,124,152,139,200,173,183,265,98,68,60,31,12,1,0,0
2026-03-30,1119,월드컵경기장,하차,0,0,11,41,190,264,118,91,105,99,98,107,147,204,248,365,177,108,112,83,67,15,0,0
2026-03-30,1120,노은,승차,0,0,39,102,383,496,254,196,206,196,236,192,263,296,313,382,192,157,176,123,48,0,0,0
2026-03-30,1120,노은,하차,0,0,20,41,165,400,263,172,190,232,211,254,293,389,419,590,307,165,153,116,53,8,0,0
2026-03-30,1121,지족,승차,0,1,35,62,191,258,123,95,79,118,127,103,141,189,176,395,94,75,47,37,17,1,0,0
2026-03-30,1121,지족,하차,0,0,14,25,159,487,111,68,104,116,71,88,112,175,180,232,139,72,94,89,34,8,0,0
2026-03-30,1122,반석,승차,0,0,79,211,969,1281,589,334,322,294,351,251,316,362,573,668,331,228,223,164,79,0,0,0
2026-03-30,1122,반석,하차,0,0,27,184,343,658,212,156,228,253,278,309,416,548,715,1228,444,292,329,281,120,14,0,0
2026-03-31,1101,판암,승차,0,0,100,173,546,775,343,237,246,279,226,207,226,284,311,308,95,85,77,46,16,4,0,0
2026-03-31,1101,판암,하차,0,0,13,50,152,291,124,148,183,171,187,216,281,385,389,595,275,195,177,168,60,37,0,0
2026-03-31,1102,신흥,승차,0,0,59,102,440,592,209,119,107,93,112,68,79,89,98,119,54,56,19,26,6,0,0,0
2026-03-31,1102,신흥,하차,0,0,5,14,48,100,58,60,68,102,76,96,132,210,223,485,178,157,140,108,66,5,0,0
2026-03-31,1103,대동,승차,0,0,75,143,445,646,300,205,188,251,279,224,295,553,461,511,172,151,190,71,35,0,0,0
2026-03-31,1103,대동,하차,0,0,25,38,335,517,265,214,179,207,198,207,243,317,312,585,303,201,226,202,123,22,0,0
2026-03-31,1104,대전,승차,0,0,14,104,485,651,649,593,542,649,622,710,826,892,992,1054,699,447,318,310,199,1,0,0
2026-03-31,1104,대전,하차,0,0,95,348,783,1093,797,746,779,633,673,707,693,755,767,782,373,285,198,132,69,3,0,0
2026-03-31,1105,중앙로,승차,0,0,25,60,174,316,154,131,223,263,372,371,426,463,637,782,367,369,382,598,418,2,0,0
2026-03-31,1105,중앙로,하차,0,0,28,57,172,802,396,399,464,362,387,444,480,555,723,910,302,178,123,79,31,4,0,0
2026-03-31,1106,중구청,승차,0,0,25,52,159,307,85,113,113,115,135,131,191,368,293,413,116,94,83,103,54,0,0,0
2026-03-31,1106,중구청,하차,0,0,18,59,261,613,258,138,117,136,160,114,134,162,216,294,131,67,89,69,47,2,0,0
2026-03-31,1107,서대전네거리,승차,0,3,89,145,559,936,392,364,386,350,299,301,353,457,467,558,215,175,161,115,78,0,0,0
2026-03-31,1107,서대전네거리,하차,0,0,38,90,266,697,364,289,247,280,367,350,307,426,579,891,430,238,293,217,117,15,0,0
2026-03-31,1108,오룡,승차,0,0,78,134,458,907,311,178,235,205,210,191,233,287,323,609,192,90,87,50,30,0,0,0
2026-03-31,1108,오룡,하차,0,0,20,61,192,645,249,129,139,155,181,161,201,299,329,625,261,162,202,167,102,0,0,0
2026-03-31,1109,용문,승차,0,0,113,196,640,1356,557,405,357,418,458,413,376,560,484,505,267,224,211,124,129,0,0,0
2026-03-31,1109,용문,하차,0,0,26,74,226,594,386,349,345,360,407,431,421,571,720,1251,524,364,367,267,190,0,0,0
2026-03-31,1110,탄방,승차,0,0,37,131,305,545,292,259,279,208,218,278,292,320,490,807,268,166,232,222,44,0,0,0
2026-03-31,1110,탄방,하차,0,0,31,95,338,1186,488,261,201,199,274,239,274,353,393,739,317,159,154,156,133,0,0,0
2026-03-31,1111,시청,승차,0,0,47,92,289,470,313,305,353,317,376,445,425,585,861,1498,478,530,520,485,212,0,0,0
2026-03-31,1111,시청,하차,0,0,56,161,561,1908,747,410,320,317,420,391,459,679,708,808,390,214,198,131,128,7,0,0
2026-03-31,1112,정부청사,승차,0,0,20,89,230,398,367,313,288,329,346,327,481,689,1066,1818,506,344,266,169,82,0,0,0
2026-03-31,1112,정부청사,하차,0,0,89,216,745,2685,778,388,275,359,366,325,263,319,448,486,225,158,172,110,80,19,0,0
2026-03-31,1113,갈마,승차,0,0,60,125,336,546,269,159,129,171,156,148,141,188,192,214,111,110,104,29,26,2,0,0
2026-03-31,1113,갈마,하차,0,0,20,37,87,166,115,122,116,119,169,152,180,240,313,499,218,158,157,130,138,14,0,0
2026-03-31,1114,월평,승차,0,0,69,110,287,553,281,159,163,196,197,183,198,271,298,443,161,160,141,92,42,4,0,0
2026-03-31,1114,월평,하차,0,0,15,37,109,353,293,229,182,176,193,208,186,254,307,539,259,205,180,136,122,11,0,0
2026-03-31,1115,갑천,승차,0,0,29,45,111,239,91,70,57,54,56,44,59,55,94,81,54,26,37,12,10,0,0,0
2026-03-31,1115,갑천,하차,0,0,7,19,45,113,43,32,42,77,48,59,54,74,99,174,104,38,51,49,32,2,0,0
2026-03-31,1116,유성온천,승차,0,0,66,229,756,1370,565,453,434,509,503,516,629,855,883,1109,425,359,377,248,150,3,0,0
2026-03-31,1116,유성온천,하차,0,0,76,126,389,998,802,545,487,576,548,549,516,677,995,1439,627,439,429,414,380,21,0,0
2026-03-31,1117,구암,승차,0,0,31,72,247,461,177,142,134,154,143,181,192,266,235,300,145,69,87,42,19,3,0,0
2026-03-31,1117,구암,하차,0,0,7,54,173,250,170,151,151,164,126,162,186,214,196,379,167,124,120,108,61,4,0,0
2026-03-31,1118,현충원,승차,0,0,13,60,169,360,126,112,159,192,210,138,203,333,418,325,93,88,71,51,15,1,0,0
2026-03-31,1118,현충원,하차,0,0,6,34,170,329,358,157,167,135,167,90,105,113,140,219,81,65,78,89,76,7,0,0
2026-03-31,1119,월드컵경기장,승차,0,0,33,103,282,528,190,141,105,113,151,150,130,213,205,284,102,70,59,39,15,0,0,0
2026-03-31,1119,월드컵경기장,하차,0,0,6,38,198,237,112,93,102,94,111,145,128,190,217,403,168,90,141,98,84,28,0,0
2026-03-31,1120,노은,승차,0,0,40,87,375,525,257,163,191,193,206,173,247,332,364,400,243,199,174,167,44,3,0,0
2026-03-31,1120,노은,하차,0,0,20,38,189,353,238,169,156,180,230,251,273,404,447,651,352,194,214,149,128,17,0,0
2026-03-31,1121,지족,승차,0,0,26,53,189,251,128,90,82,100,92,110,164,195,175,384,122,88,70,47,25,0,0,0
2026-03-31,1121,지족,하차,0,0,15,26,132,501,104,80,104,93,88,85,113,180,172,232,114,92,98,85,70,9,0,0
2026-03-31,1122,반석,승차,0,3,75,211,911,1318,693,379,303,296,342,268,331,409,577,824,377,261,270,212,89,0,0,0
2026-03-31,1122,반석,하차,0,3,37,158,393,622,292,182,220,289,267,303,357,587,775,1331,448,343,346,365,189,27,0,0
2026-04-01,1101,판암,승차,0,0,105,182,608,809,359,217,258,284,263,202,226,295,321,331,137,83,59,39,29,0,0,0
2026-04-01,1101,판암,하차,0,0,14,72,179,329,145,144,182,207,186,246,307,355,427,614,246,187,236,177,72,33,0,0
2026-04-01,1102,신흥,승차,0,0,57,114,447,607,199,109,96,117,95,89,70,88,124,107,51,31,17,14,37,0,0,0
2026-04-01,1102,신흥,하차,0,0,10,21,64,100,51,52,67,87,86,81,155,210,216,480,181,139,149,116,53,6,0,0
2026-04-01,1103,대동,승차,0,0,74,174,480,717,278,183,228,218,280,237,315,559,448,543,207,116,167,84,43,8,0,0
2026-04-01,1103,대동,하차,0,0,14,45,293,610,252,179,141,187,227,200,278,302,344,610,290,195,259,211,131,25,0,0
2026-04-01,1104,대전,승차,0,0,14,145,546,735,520,514,553,620,590,686,793,882,939,1083,707,424,373,261,232,1,0,0
2026-04-01,1104,대전,하차,0,0,129,416,904,1180,765,653,722,634,663,681,667,767,615,786,302,245,224,128,78,3,0,0
2026-04-01,1105,중앙로,승차,0,0,22,70,183,351,152,160,216,254,313,358,425,484,610,836,401,368,398,416,660,0,0,0
2026-04-01,1105,중앙로,하차,0,0,24,56,171,832,366,312,382,439,401,474,447,571,920,906,314,161,112,71,52,3,0,0
2026-04-01,1106,중구청,승차,0,0,22,60,164,315,117,104,115,138,122,159,217,248,320,464,121,99,80,68,81,0,0,0
2026-04-01,1106,중구청,하차,0,0,19,57,284,651,212,116,126,124,140,134,142,172,247,326,120,73,76,71,51,4,0,0
2026-04-01,1107,서대전네거리,승차,0,13,100,188,629,996,380,306,298,335,333,297,402,440,506,593,227,186,165,112,77,0,0,0
2026-04-01,1107,서대전네거리,하차,0,12,33,93,280,771,309,282,263,303,384,335,314,449,619,953,446,225,290,202,144,12,0,0
2026-04-01,1108,오룡,승차,0,5,89,155,525,977,311,213,219,201,199,217,168,319,315,689,177,105,68,45,36,0,0,0
2026-04-01,1108,오룡,하차,0,5,31,58,211,679,253,134,126,120,147,197,204,288,367,661,252,170,184,153,125,2,0,0
2026-04-01,1109,용문,승차,0,0,115,256,798,1433,501,334,341,333,613,533,503,484,483,480,267,224,509,206,116,0,0,0
2026-04-01,1109,용문,하차,0,0,24,73,237,646,356,368,570,370,383,357,443,554,770,1411,865,380,311,251,221,0,0,0
2026-04-01,1110,탄방,승차,0,0,38,126,370,618,263,216,295,215,225,251,340,289,518,804,236,182,203,229,51,0,0,0
2026-04-01,1110,탄방,하차,0,0,36,109,386,1278,490,205,202,207,271,226,249,382,387,707,317,162,136,152,142,0,0,0
2026-04-01,1111,시청,승차,0,0,49,103,331,543,295,275,341,291,332,390,450,649,995,1542,463,449,451,481,239,0,0,0
2026-04-01,1111,시청,하차,0,0,61,154,619,2162,754,378,311,317,409,408,487,638,683,816,417,217,188,142,111,13,0,0
2026-04-01,1112,정부청사,승차,0,0,25,88,274,444,261,280,355,319,312,361,483,707,1098,2050,514,297,253,155,67,0,0,0
2026-04-01,1112,정부청사,하차,0,0,97,241,873,3230,795,411,306,333,340,360,327,355,415,507,252,176,159,122,97,26,0,0
2026-04-01,1113,갈마,승차,0,0,81,143,362,600,231,139,142,144,146,148,181,212,204,213,151,89,79,43,29,0,0,0
2026-04-01,1113,갈마,하차,0,0,28,34,106,224,129,94,115,153,161,173,177,248,309,492,241,149,185,147,155,11,0,0
2026-04-01,1114,월평,승차,0,0,61,118,295,591,249,179,157,190,186,179,217,313,316,383,186,126,118,99,44,2,0,0
2026-04-01,1114,월평,하차,0,0,22,38,134,399,267,199,184,175,183,207,205,288,348,510,206,146,164,153,120,11,0,0
2026-04-01,1115,갑천,승차,0,0,19,54,128,252,81,46,44,46,46,41,52,50,110,123,52,27,27,21,7,0,0,0
2026-04-01,1115,갑천,하차,0,0,7,19,52,119,48,43,39,69,41,69,60,72,88,164,89,53,62,50,37,3,0,0
2026-04-01,1116,유성온천,승차,0,0,92,267,894,1680,515,414,463,517,474,484,666,827,943,1009,485,355,343,251,181,3,0,0
2026-04-01,1116,유성온천,하차,0,0,84,142,437,1064,791,455,493,433,477,561,595,736,990,1466,699,410,473,416,371,34,0,0
2026-04-01,1117,구암,승차,0,0,36,88,265,481,198,145,155,174,166,139,154,286,286,300,152,98,82,52,26,2,0,0
2026-04-01,1117,구암,하차,0,0,15,58,188,305,207,134,154,127,150,180,197,191,257,377,135,101,121,91,45,18,0,0
2026-04-01,1118,현충원,승차,0,0,16,42,182,353,139,111,136,177,207,191,219,345,389,287,90,89,78,53,18,3,0,0
2026-04-01,1118,현충원,하차,0,0,7,45,159,389,310,121,141,130,140,81,95,131,148,270,102,79,65,102,44,16,0,0
2026-04-01,1119,월드컵경기장,승차,0,0,41,85,314,593,188,139,136,138,144,130,145,236,212,302,132,72,82,29,11,1,0,0
2026-04-01,1119,월드컵경기장,하차,0,0,14,45,214,280,139,85,85,102,120,118,135,190,229,395,169,121,127,128,72,26,0,0
2026-04-01,1120,노은,승차,0,0,40,99,425,548,269,191,205,191,191,182,279,305,339,427,222,201,192,137,55,5,0,0
2026-04-01,1120,노은,하차,0,0,20,42,212,389,234,163,161,209,230,239,330,423,474,633,326,224,194,137,105,17,0,0
2026-04-01,1121,지족,승차,0,0,26,58,215,288,131,87,87,112,130,132,210,196,174,415,103,57,49,30,10,0,0,0
2026-04-01,1121,지족,하차,0,0,14,23,156,546,100,90,88,89,89,103,101,149,177,245,149,77,86,95,66,18,0,0
2026-04-01,1122,반석,승차,0,0,81,231,1064,1410,657,385,288,300,305,257,344,480,590,903,335,258,254,177,98,0,0,0
2026-04-01,1122,반석,하차,0,0,36,153,467,689,291,186,200,287,299,292,421,549,830,1352,398,311,376,365,191,45,0,0
2026-04-02,1101,판암,승차,0,4,93,194,572,779,360,218,222,271,274,235,226,281,306,336,106,115,71,51,20,0,0,0
2026-04-02,1101,판암,하차,0,0,10,64,156,307,163,134,179,210,197,232,277,349,397,600,278,233,195,192,66,27,0,0
2026-04-02,1102,신흥,승차,0,0,57,114,435,596,208,108,108,124,91,83,75,109,128,112,48,30,25,21,8,0,0,0
2026-04-02,1102,신흥,하차,0,0,10,24,58,106,64,57,54,103,102,88,177,232,207,396,190,139,151,116,70,8,0,0
2026-04-02,1103,대동,승차,0,0,93,144,480,716,270,183,169,247,264,243,278,546,484,552,181,129,179,74,43,1,0,0
2026-04-02,1103,대동,하차,0,0,17,57,328,512,259,183,163,232,187,180,258,304,322,566,319,228,201,226,121,30,0,0
2026-04-02,1104,대전,승차,0,0,16,134,488,582,590,569,540,647,635,729,906,974,1079,1174,795,569,463,371,185,1,0,0
2026-04-02,1104,대전,하차,0,0,132,428,943,1170,767,680,759,619,690,709,780,873,818,937,476,316,273,177,46,7,0,0
2026-04-02,1105,중앙로,승차,0,0,37,55,182,336,139,180,214,340,395,397,533,509,661,832,427,469,616,803,159,7,0,0
2026-04-02,1105,중앙로,하차,0,0,25,63,180,852,494,377,400,436,492,473,456,611,953,1003,436,181,134,86,48,7,0,0
2026-04-02,1106,중구청,승차,0,0,23,61,179,339,127,104,116,136,140,169,178,342,305,477,118,96,116,87,17,6,0,0
2026-04-02,1106,중구청,하차,0,0,18,51,307,649,209,154,129,116,181,162,147,183,240,349,129,104,87,73,41,14,0,0
2026-04-02,1107,서대전네거리,승차,0,5,102,173,608,971,434,334,327,376,335,279,423,471,497,617,274,210,178,148,82,3,0,0
2026-04-02,1107,서대전네거리,하차,0,0,34,94,305,734,385,261,258,344,392,327,338,501,588,1013,459,285,315,244,113,13,0,0
2026-04-02,1108,오룡,승차,0,0,70,151,522,965,317,235,206,221,212,206,194,350,339,741,186,107,99,44,33,0,0,0
2026-04-02,1108,오룡,하차,0,0,27,72,195,652,243,137,154,163,177,201,274,309,373,633,280,191,192,170,114,1,0,0
2026-04-02,1109,용문,승차,0,0,108,256,759,1398,480,396,348,443,450,418,362,515,563,531,272,228,253,140,179,0,0,0
2026-04-02,1109,용문,하차,0,0,31,79,245,579,431,319,332,363,420,400,458,560,712,1245,566,390,448,339,166,0,0,0
2026-04-02,1110,탄방,승차,0,0,49,134,350,612,266,188,253,208,208,258,321,299,486,817,246,205,237,240,56,0,0,0
2026-04-02,1110,탄방,하차,0,0,32,119,349,1219,416,234,168,199,295,232,263,414,410,768,315,200,162,184,90,0,0,0
2026-04-02,1111,시청,승차,0,0,47,119,341,516,287,264,304,313,366,354,541,580,825,1448,553,512,565,494,190,0,0,0
2026-04-02,1111,시청,하차,0,0,59,180,579,1987,719,391,315,319,425,394,445,682,766,913,429,241,253,179,78,9,0,0
2026-04-02,1112,정부청사,승차,0,1,25,99,262,414,271,238,314,303,317,377,510,717,1064,2009,507,373,316,174,57,0,0,0
2026-04-02,1112,정부청사,하차,0,0,94,223,864,2931,756,351,283,338,362,328,322,339,430,586,274,186,223,146,61,30,0,0
2026-04-02,1113,갈마,승차,0,0,86,144,363,550,239,159,150,147,180,140,191,164,190,242,116,84,69,57,27,0,0,0
2026-04-02,1113,갈마,하차,0,0,22,42,107,201,108,86,90,152,152,145,201,248,303,502,242,194,212,170,122,16,0,0
2026-04-02,1114,월평,승차,0,0,71,127,322,533,223,147,175,215,266,218,211,294,364,433,226,152,145,91,35,0,0,0
2026-04-02,1114,월평,하차,0,0,18,35,129,398,262,185,189,218,201,204,218,285,317,598,245,177,203,163,116,10,0,0
2026-04-02,1115,갑천,승차,0,0,21,57,113,237,102,49,62,59,58,52,47,76,106,123,40,28,40,12,9,0,0,0
2026-04-02,1115,갑천,하차,0,0,8,21,52,132,59,41,52,62,45,62,87,91,111,164,94,63,61,55,28,5,0,0
2026-04-02,1116,유성온천,승차,0,0,97,266,831,1619,538,403,419,517,525,530,708,887,917,1017,508,418,385,252,169,4,0,0
2026-04-02,1116,유성온천,하차,0,0,50,164,433,1066,718,425,515,523,485,545,619,709,910,1499,663,424,509,494,281,41,0,0
2026-04-02,1117,구암,승차,0,0,41,75,255,451,197,120,158,165,180,192,273,260,300,295,185,117,97,65,29,1,0,0
2026-04-02,1117,구암,하차,0,0,18,54,179,321,187,153,149,197,160,140,188,240,240,418,166,138,136,80,71,7,0,0
2026-04-02,1118,현충원,승차,0,0,21,37,190,380,172,115,120,204,249,176,214,355,404,373,121,103,93,92,25,0,0,0
2026-04-02,1118,현충원,하차,0,0,7,55,160,349,288,140,167,144,179,98,119,152,126,253,93,87,100,90,57,11,0,0
2026-04-02,1119,월드컵경기장,승차,0,0,31,88,307,574,211,129,131,117,160,109,165,214,204,268,123,71,76,21,9,1,0,0
2026-04-02,1119,월드컵경기장,하차,0,0,8,29,207,266,110,88,87,105,103,115,139,181,215,411,204,123,131,141,85,27,0,0
2026-04-02,1120,노은,승차,0,0,43,108,426,544,255,190,188,210,185,189,270,355,394,408,230,199,189,138,76,2,0,0
2026-04-02,1120,노은,하차,0,0,19,35,211,399,247,141,172,208,215,258,294,398,418,652,327,214,205,167,136,10,0,0
2026-04-02,1121,지족,승차,0,0,33,60,197,250,134,96,93,104,118,116,147,181,227,443,80,95,67,37,15,0,0,0
2026-04-02,1121,지족,하차,0,0,4,40,143,494,119,95,76,75,98,120,129,136,172,270,105,90,100,91,76,9,0,0
2026-04-02,1122,반석,승차,0,0,83,231,1038,1330,648,329,322,322,333,236,315,474,619,861,390,255,257,207,104,0,0,0
2026-04-02,1122,반석,하차,0,0,26,176,437,800,230,191,228,285,271,284,422,607,765,1272,450,375,401,368,210,32,0,0
2026-04-03,1101,판암,승차,0,0,100,181,572,731,335,253,223,288,268,239,294,358,320,356,164,104,90,51,26,0,0,0
2026-04-03,1101,판암,하차,0,0,15,72,172,314,166,142,190,242,200,253,324,363,416,611,277,227,225,200,81,23,0,0
2026-04-03,1102,신흥,승차,0,0,60,109,429,565,198,107,79,109,122,94,87,121,143,153,79,42,46,19,8,0,0,0
2026-04-03,1102,신흥,하차,0,0,10,18,54,115,46,67,73,79,109,80,196,196,207,454,181,114,160,118,81,9,0,0
2026-04-03,1103,대동,승차,0,0,78,160,459,635,277,187,220,302,256,271,510,439,441,474,177,138,116,78,46,0,0,0
2026-04-03,1103,대동,하차,0,0,19,59,301,487,195,156,167,205,177,213,254,321,362,533,281,186,242,229,128,19,0,0
2026-04-03,1104,대전,승차,0,0,20,116,497,601,573,576,577,654,703,894,1075,1129,1283,1231,1115,690,775,482,272,1,0,0
2026-04-03,1104,대전,하차,0,0,112,365,852,1199,768,761,923,752,938,911,1025,1260,1250,1430,842,578,383,173,90,6,0,0
2026-04-03,1105,중앙로,승차,0,0,27,58,168,330,176,204,219,325,426,456,539,603,769,939,515,553,580,382,188,0,0,0
2026-04-03,1105,중앙로,하차,0,0,28,61,211,833,405,383,471,521,501,464,530,590,732,1000,599,241,211,134,63,3,0,0
2026-04-03,1106,중구청,승차,0,0,24,61,150,327,135,99,122,112,158,208,200,338,371,460,139,95,94,58,24,7,0,0
2026-04-03,1106,중구청,하차,0,0,17,57,270,645,212,153,122,149,162,165,184,170,213,313,144,77,91,102,36,11,0,0
2026-04-03,1107,서대전네거리,승차,0,0,108,169,579,925,319,365,384,343,313,361,420,439,641,683,369,228,180,139,83,0,0,0
2026-04-03,1107,서대전네거리,하차,0,0,31,92,291,691,359,293,323,388,425,339,433,555,612,1072,446,336,285,257,139,17,0,0
2026-04-03,1108,오룡,승차,0,0,89,142,469,898,324,203,246,255,237,246,289,307,467,708,306,120,116,63,36,0,0,0
2026-04-03,1108,오룡,하차,0,0,35,57,208,659,241,138,149,180,203,220,280,339,433,703,333,228,165,164,109,2,0,0
2026-04-03,1109,용문,승차,0,1,114,240,731,1347,468,443,424,406,507,370,474,570,613,623,354,266,232,150,180,0,0,0
2026-04-03,1109,용문,하차,0,0,22,80,245,637,383,335,344,425,408,484,529,617,812,1242,600,407,396,301,175,0,0,0
2026-04-03,1110,탄방,승차,0,5,48,129,332,573,252,220,320,237,252,260,349,352,574,875,238,172,198,237,35,0,0,0
2026-04-03,1110,탄방,하차,0,5,35,103,333,1184,436,237,207,202,256,278,323,411,458,700,323,198,196,140,105,1,0,0
2026-04-03,1111,시청,승차,0,0,42,114,356,472,275,303,355,374,352,442,484,752,1028,1466,548,540,455,520,235,5,0,0
2026-04-03,1111,시청,하차,0,0,53,183,597,1932,711,439,342,334,458,467,655,694,850,998,442,315,242,151,103,22,0,0
2026-04-03,1112,정부청사,승차,0,0,33,100,285,401,274,258,366,377,354,455,733,819,1119,2093,476,334,256,175,73,0,0,0
2026-04-03,1112,정부청사,하차,0,0,92,230,760,2702,710,345,325,346,389,387,372,421,519,638,373,206,208,133,72,22,0,0
2026-04-03,1113,갈마,승차,0,0,63,135,340,554,214,156,171,148,176,156,160,207,208,259,143,109,79,55,33,1,0,0
2026-04-03,1113,갈마,하차,0,0,26,39,96,171,96,84,132,162,183,194,204,243,342,519,291,185,179,116,139,17,0,0
2026-04-03,1114,월평,승차,0,0,75,116,287,539,237,177,215,221,268,241,300,330,403,480,267,184,167,101,54,0,0,0
2026-04-03,1114,월평,하차,0,0,15,38,122,353,212,171,183,193,223,215,248,345,431,576,286,233,232,188,128,13,0,0
2026-04-03,1115,갑천,승차,0,0,22,53,112,216,78,56,55,57,49,60,72,69,138,137,57,39,60,105,6,0,0,0
2026-04-03,1115,갑천,하차,0,0,10,23,54,126,46,44,54,66,59,52,92,85,129,248,108,64,68,47,34,2,0,0
2026-04-03,1116,유성온천,승차,0,0,80,222,796,1552,557,444,482,631,616,762,752,908,1022,1134,584,550,395,263,198,7,0,0
2026-04-03,1116,유성온천,하차,0,0,74,161,427,972,605,437,533,486,577,594,685,784,1163,1648,832,637,528,505,261,32,0,0
2026-04-03,1117,구암,승차,0,0,43,76,256,435,176,164,183,208,214,249,321,350,319,375,239,205,164,82,36,4,0,0
2026-04-03,1117,구암,하차,0,0,9,63,164,311,192,159,171,182,170,189,273,265,322,509,193,123,147,73,69,5,0,0
2026-04-03,1118,현충원,승차,0,0,20,57,163,350,125,126,157,235,241,205,228,355,344,352,145,121,90,31,7,1,0,0
2026-04-03,1118,현충원,하차,0,0,9,47,130,238,247,145,163,175,166,102,115,115,173,285,99,99,102,106,56,7,0,0
2026-04-03,1119,월드컵경기장,승차,0,0,28,104,318,533,185,163,130,153,163,161,180,219,230,317,142,86,93,49,16,1,0,0
2026-04-03,1119,월드컵경기장,하차,0,0,8,38,221,261,121,96,113,114,129,157,143,221,249,406,190,144,136,120,84,20,0,0
2026-04-03,1120,노은,승차,0,0,41,108,386,532,233,189,201,226,231,204,318,323,438,445,282,190,194,167,71,5,0,0
2026-04-03,1120,노은,하차,0,0,17,44,208,387,222,175,182,212,235,336,392,388,507,672,378,256,228,166,98,19,0,0
2026-04-03,1121,지족,승차,0,0,34,59,193,257,122,117,87,121,138,127,179,191,242,404,107,79,72,35,14,0,0,0
2026-04-03,1121,지족,하차,0,0,11,33,151,482,93,79,52,90,101,105,109,155,182,294,120,120,100,105,67,18,0,0
2026-04-03,1122,반석,승차,0,0,70,239,989,1242,562,295,330,336,357,342,400,557,799,966,442,262,264,191,100,0,0,0
2026-04-03,1122,반석,하차,0,0,47,155,431,760,260,201,252,275,322,349,442,641,850,1226,451,382,399,400,200,28,0,0
2026-04-04,1101,판암,승차,0,0,57,97,157,312,311,235,289,282,251,228,237,239,221,204,117,73,65,54,20,0,0,0
2026-04-04,1101,판암,하차,0,0,11,31,54,126,118,129,188,197,243,244,240,258,303,231,192,201,158,153,75,34,0,0
2026-04-04,1102,신흥,승차,0,0,33,48,113,191,153,142,145,102,102,96,78,121,107,77,67,39,16,15,5,0,0,0
2026-04-04,1102,신흥,하차,0,0,5,20,26,35,37,69,59,82,125,102,127,130,136,159,85,102,101,91,68,8,0,0
2026-04-04,1103,대동,승차,0,0,65,71,166,233,299,237,252,324,242,164,196,208,269,202,87,96,65,55,32,0,0,0
2026-04-04,1103,대동,하차,0,0,18,23,58,180,84,106,148,184,210,194,164,220,214,209,199,157,130,163,141,17,0,0
2026-04-04,1104,대전,승차,0,0,10,81,210,488,593,843,904,908,871,1016,1157,1104,991,872,722,695,665,535,361,1,0,0
2026-04-04,1104,대전,하차,0,0,73,339,484,695,945,959,1142,973,1114,1075,1016,1022,827,677,546,452,309,180,63,3,0,0
2026-04-04,1105,중앙로,승차,0,0,31,37,66,133,140,183,235,341,448,542,651,715,816,858,765,693,591,335,185,7,0,0
2026-04-04,1105,중앙로,하차,0,0,13,83,114,228,329,464,746,922,803,902,839,854,803,660,506,288,170,106,60,9,0,0
2026-04-04,1106,중구청,승차,0,0,15,39,47,96,79,82,108,122,159,125,159,173,139,127,124,72,69,47,19,1,0,0
2026-04-04,1106,중구청,하차,0,0,9,24,42,68,85,106,131,148,162,220,169,195,163,121,84,58,86,44,34,4,0,0
2026-04-04,1107,서대전네거리,승차,0,0,53,70,165,300,281,337,360,553,395,377,330,326,278,289,235,179,157,103,80,1,0,0
2026-04-04,1107,서대전네거리,하차,0,0,32,67,106,306,249,265,290,410,359,332,396,394,455,446,242,254,215,152,112,6,0,0
2026-04-04,1108,오룡,승차,0,0,41,66,137,221,199,245,319,238,191,222,184,195,251,147,112,77,64,39,28,0,0,0
2026-04-04,1108,오룡,하차,0,0,11,37,63,126,188,113,155,225,194,205,177,199,214,208,139,143,129,117,81,0,0,0
2026-04-04,1109,용문,승차,0,0,62,113,211,331,356,456,554,586,611,527,458,500,485,354,224,249,178,133,71,0,0,0
2026-04-04,1109,용문,하차,0,0,20,52,123,310,537,379,387,476,512,423,452,427,516,471,341,287,240,210,166,0,0,0
2026-04-04,1110,탄방,승차,0,0,38,82,123,187,194,200,234,243,324,355,288,325,369,244,218,148,136,86,41,0,0,0
2026-04-04,1110,탄방,하차,0,0,22,64,105,209,348,284,232,354,257,314,230,263,268,242,173,144,145,112,84,1,0,0
2026-04-04,1111,시청,승차,0,0,41,54,118,162,219,291,351,441,486,498,474,613,520,453,429,394,293,340,197,0,0,0
2026-04-04,1111,시청,하차,0,0,38,79,181,389,489,431,429,604,419,399,408,455,482,429,292,214,197,120,54,19,0,0
2026-04-04,1112,정부청사,승차,0,0,18,57,89,145,185,252,280,353,377,383,386,448,411,349,238,242,150,83,78,0,0,0
2026-04-04,1112,정부청사,하차,0,0,41,72,134,264,310,339,420,480,391,425,366,406,303,269,240,161,214,143,49,24,0,0
2026-04-04,1113,갈마,승차,0,0,44,75,130,177,196,196,189,373,248,211,157,190,190,145,105,77,62,45,34,1,0,0
2026-04-04,1113,갈마,하차,0,0,20,14,59,146,84,97,144,234,167,220,247,260,241,196,204,153,164,151,119,23,0,0
2026-04-04,1114,월평,승차,0,0,58,86,138,209,215,237,232,301,244,233,265,231,218,235,168,143,113,77,60,0,0,0
2026-04-04,1114,월평,하차,0,0,11,17,39,96,115,144,195,221,262,256,258,276,322,260,234,190,178,180,127,26,0,0
2026-04-04,1115,갑천,승차,0,0,17,18,41,77,57,66,54,59,58,82,65,75,84,68,28,27,20,11,8,0,0,0
2026-04-04,1115,갑천,하차,0,0,11,17,20,43,45,57,69,100,69,65,64,73,57,80,60,44,51,48,34,6,0,0
2026-04-04,1116,유성온천,승차,0,0,63,175,291,488,519,509,616,713,697,633,768,639,642,540,448,385,337,256,169,2,0,0
2026-04-04,1116,유성온천,하차,0,0,56,99,174,386,439,454,477,770,644,640,630,798,798,746,602,467,461,408,291,46,0,0
2026-04-04,1117,구암,승차,0,2,27,46,106,154,194,257,352,326,376,359,358,310,218,215,152,126,100,60,55,2,0,0
2026-04-04,1117,구암,하차,0,0,10,36,111,171,207,268,340,346,334,308,270,243,236,172,153,128,133,75,43,6,0,0
2026-04-04,1118,현충원,승차,0,1,15,29,68,183,139,159,160,173,169,177,185,202,161,137,113,85,41,24,7,0,0,0
2026-04-04,1118,현충원,하차,0,1,5,12,41,68,94,125,168,168,122,132,103,96,121,98,88,81,92,72,28,3,0,0
2026-04-04,1119,월드컵경기장,승차,0,0,27,38,94,154,179,171,156,301,177,155,131,129,175,124,86,72,83,35,11,0,0,0
2026-04-04,1119,월드컵경기장,하차,0,0,13,47,58,129,80,92,102,137,126,121,132,138,130,129,115,101,90,82,54,21,0,0
2026-04-04,1120,노은,승차,0,0,33,45,114,203,207,235,218,396,309,274,244,274,280,229,198,145,124,106,78,2,0,0
2026-04-04,1120,노은,하차,0,0,16,22,78,164,199,216,256,271,276,284,286,282,290,299,243,178,170,138,91,25,0,0
2026-04-04,1121,지족,승차,0,0,25,35,73,109,99,121,124,119,106,124,124,144,122,89,57,36,41,20,21,0,0,0
2026-04-04,1121,지족,하차,0,0,5,20,29,75,46,72,77,117,125,106,102,118,111,115,62,134,66,77,70,13,0,0
2026-04-04,1122,반석,승차,0,1,70,89,251,359,428,389,494,682,445,347,352,346,379,283,198,187,179,140,80,0,0,0
2026-04-04,1122,반석,하차,0,0,28,66,149,306,228,188,241,281,308,338,349,445,559,373,335,314,309,230,157,39,0,0
2026-04-05,1101,판암,승차,0,0,46,104,135,226,223,239,202,229,206,212,221,222,198,243,120,84,61,23,23,1,0,0
2026-04-05,1101,판암,하차,0,0,9,38,53,107,112,132,157,150,184,180,237,189,228,179,181,157,141,113,59,26,0,0
2026-04-05,1102,신흥,승차,0,0,28,51,63,110,123,78,89,123,96,95,81,74,66,68,47,25,24,14,7,0,0,0
2026-04-05,1102,신흥,하차,0,0,10,15,26,42,28,52,56,64,58,82,86,108,104,101,96,112,81,69,39,3,0,0
2026-04-05,1103,대동,승차,0,0,34,61,94,185,195,197,179,228,194,194,194,146,188,118,103,63,31,39,33,5,0,0
2026-04-05,1103,대동,하차,0,0,14,15,47,67,83,115,118,113,167,166,183,176,184,209,154,212,176,156,103,25,0,0
2026-04-05,1104,대전,승차,0,0,14,75,150,360,453,662,688,654,805,945,1073,1077,929,862,889,1049,1102,864,538,2,0,0
2026-04-05,1104,대전,하차,0,0,69,250,420,543,617,650,754,647,770,677,802,682,657,605,554,476,297,133,55,7,0,0
2026-04-05,1105,중앙로,승차,0,0,20,17,44,75,130,158,183,298,388,451,583,651,651,733,675,559,347,204,98,4,0,0
2026-04-05,1105,중앙로,하차,0,0,16,58,91,172,290,427,591,663,675,732,677,545,483,426,290,156,104,53,50,4,0,0
2026-04-05,1106,중구청,승차,0,0,21,24,53,56,63,49,71,70,122,120,154,175,145,119,94,76,44,33,9,0,0,0
2026-04-05,1106,중구청,하차,0,0,16,41,21,48,61,90,128,148,164,196,174,152,146,111,74,79,82,53,50,2,0,0
2026-04-05,1107,서대전네거리,승차,0,1,47,59,96,171,178,233,242,249,284,239,287,250,254,262,213,152,140,71,41,0,0,0
2026-04-05,1107,서대전네거리,하차,0,0,19,57,86,123,146,185,165,212,261,273,270,346,304,350,245,233,188,150,94,5,0,0
2026-04-05,1108,오룡,승차,0,1,47,43,77,150,166,154,179,265,216,174,187,180,142,144,212,107,85,31,37,0,0,0
2026-04-05,1108,오룡,하차,0,0,15,47,43,74,174,186,95,113,151,136,148,177,190,184,197,157,108,102,80,0,0,0
2026-04-05,1109,용문,승차,0,0,56,114,141,191,280,501,460,419,621,526,435,357,397,347,238,238,227,112,64,0,0,0
2026-04-05,1109,용문,하차,0,0,19,55,103,484,321,386,503,271,323,357,439,437,428,432,429,300,196,206,154,0,0,0
2026-04-05,1110,탄방,승차,0,0,28,51,92,122,128,188,152,215,217,242,210,171,231,161,139,99,92,67,22,0,0,0
2026-04-05,1110,탄방,하차,0,0,17,58,49,113,206,217,152,181,197,168,208,183,224,201,164,125,166,103,95,0,0,0
2026-04-05,1111,시청,승차,0,0,36,33,63,108,154,145,192,257,297,273,310,382,367,392,358,260,225,213,88,1,0,0
2026-04-05,1111,시청,하차,0,0,20,50,74,146,228,194,339,396,367,316,335,361,325,300,246,168,184,120,90,22,0,0
2026-04-05,1112,정부청사,승차,0,1,25,37,77,126,135,183,161,183,213,237,347,317,286,367,244,219,159,89,50,0,0,0
2026-04-05,1112,정부청사,하차,0,0,20,58,74,147,217,257,290,295,330,370,313,313,287,203,230,208,200,116,59,7,0,0
2026-04-05,1113,갈마,승차,0,0,42,64,91,155,175,193,131,141,147,144,157,166,131,131,123,80,49,29,23,1,0,0
2026-04-05,1113,갈마,하차,0,0,19,21,23,35,66,100,126,139,154,177,205,177,213,188,222,132,125,118,88,19,0,0
2026-04-05,1114,월평,승차,0,0,34,67,95,149,176,182,165,183,197,237,235,190,180,194,163,109,77,66,22,0,0,0
2026-04-05,1114,월평,하차,0,0,16,15,23,71,110,142,133,189,243,219,229,291,320,244,258,253,242,217,172,27,0,0
2026-04-05,1115,갑천,승차,0,0,9,26,25,41,45,49,47,78,69,61,75,53,61,44,49,15,15,14,5,0,0,0
2026-04-05,1115,갑천,하차,0,0,5,16,16,30,49,50,57,66,64,81,97,51,63,53,51,63,72,36,36,1,0,0
2026-04-05,1116,유성온천,승차,0,0,69,132,171,359,400,433,453,464,488,523,555,469,467,476,361,360,257,179,113,3,0,0
2026-04-05,1116,유성온천,하차,0,0,55,90,146,240,278,335,331,453,417,575,661,708,628,622,595,473,532,390,262,49,0,0
2026-04-05,1117,구암,승차,0,0,27,24,68,103,119,147,179,169,183,169,168,178,206,155,222,139,122,102,70,6,0,0
2026-04-05,1117,구암,하차,0,0,11,52,79,103,183,145,139,150,162,184,276,219,215,228,249,170,152,76,47,7,0,0
2026-04-05,1118,현충원,승차,0,0,13,26,45,113,101,124,169,137,229,223,205,225,198,164,111,81,76,19,6,1,0,0
2026-04-05,1118,현충원,하차,0,0,6,19,44,100,149,161,151,109,77,124,111,104,114,85,102,124,111,94,49,4,0,0
2026-04-05,1119,월드컵경기장,승차,0,0,8,34,56,96,108,142,106,132,127,110,141,88,104,89,92,46,46,19,8,0,0,0
2026-04-05,1119,월드컵경기장,하차,0,0,5,20,37,41,71,92,63,63,74,99,90,110,134,107,106,94,96,82,48,21,0,0
2026-04-05,1120,노은,승차,0,0,17,42,63,126,148,146,178,165,176,215,234,176,186,199,169,102,98,88,28,2,0,0
2026-04-05,1120,노은,하차,0,0,8,15,33,68,133,107,131,177,249,207,204,259,218,227,207,146,130,101,56,23,0,0
2026-04-05,1121,지족,승차,0,0,16,29,39,75,100,83,94,116,130,104,104,118,90,82,57,59,59,20,6,0,0,0
2026-04-05,1121,지족,하차,0,0,5,22,12,51,60,86,48,59,86,111,92,115,130,117,114,77,96,65,37,15,0,0
2026-04-05,1122,반석,승차,0,0,37,72,141,231,347,316,322,324,295,333,318,227,261,228,174,152,148,108,62,0,0,0
2026-04-05,1122,반석,하차,0,0,19,46,58,140,204,166,170,169,250,298,314,346,449,312,296,309,245,173,95,18,0,0
2026-04-06,1101,판암,승차,0,4,93,166,550,759,346,185,188,292,256,241,230,258,305,306,103,105,72,40,23,0,0,0
2026-04-06,1101,판암,하차,0,0,8,63,140,277,160,172,165,172,191,178,269,361,393,617,258,163,227,172,51,33,0,0
2026-04-06,1102,신흥,승차,0,0,72,102,428,573,183,88,90,112,116,83,83,91,106,93,32,26,24,8,5,0,0,0
2026-04-06,1102,신흥,하차,0,0,8,15,50,93,44,49,75,75,77,88,176,186,227,467,190,124,132,94,60,6,0,0
2026-04-06,1103,대동,승차,0,0,87,151,485,713,279,150,155,216,262,202,279,519,390,473,195,153,178,53,48,1,0,0
2026-04-06,1103,대동,하차,0,0,17,48,235,613,223,167,160,197,205,199,229,280,361,585,245,178,205,166,125,14,0,0
2026-04-06,1104,대전,승차,0,0,12,164,655,1012,699,648,517,646,569,681,721,766,1001,1094,677,410,363,322,145,8,0,0
2026-04-06,1104,대전,하차,0,0,167,545,905,1137,763,684,636,575,643,608,667,680,639,772,251,249,185,97,35,12,0,0
2026-04-06,1105,중앙로,승차,0,0,20,54,157,320,156,140,200,232,306,337,388,439,607,770,330,354,325,202,98,1,0,0
2026-04-06,1105,중앙로,하차,0,0,28,62,176,831,363,363,327,349,389,369,360,457,490,575,300,155,103,58,45,0,0,0
2026-04-06,1106,중구청,승차,0,0,23,58,157,292,137,97,102,115,100,153,185,354,312,411,104,99,69,63,19,0,0,0
2026-04-06,1106,중구청,하차,0,0,22,53,235,631,188,103,98,134,163,123,121,142,169,242,111,61,96,56,38,4,0,0
2026-04-06,1107,서대전네거리,승차,0,1,97,156,545,955,350,308,287,315,290,268,429,424,471,553,206,161,153,109,65,5,0,0
2026-04-06,1107,서대전네거리,하차,0,0,31,77,283,639,326,273,226,284,298,345,349,426,531,1002,362,283,252,214,106,13,0,0
2026-04-06,1108,오룡,승차,0,0,77,146,468,949,301,202,187,187,219,215,213,328,316,644,161,82,71,53,19,0,0,0
2026-04-06,1108,오룡,하차,0,0,26,77,185,636,216,107,133,135,154,165,215,312,385,667,267,180,168,161,71,0,0,0
2026-04-06,1109,용문,승차,0,0,116,236,645,1352,505,489,387,394,416,359,452,467,501,457,218,243,227,126,146,0,0,0
2026-04-06,1109,용문,하차,0,0,25,66,244,801,355,307,284,323,412,402,413,536,735,1278,610,347,323,252,130,0,0,0
2026-04-06,1110,탄방,승차,0,0,51,130,328,556,275,197,252,230,225,212,316,315,479,838,206,177,196,134,36,2,0,0
2026-04-06,1110,탄방,하차,0,0,35,91,322,1312,428,208,176,180,267,204,261,326,346,609,275,162,133,103,74,2,0,0
2026-04-06,1111,시청,승차,0,0,47,107,300,490,269,272,364,323,382,353,442,578,840,1414,460,528,473,488,164,0,0,0
2026-04-06,1111,시청,하차,0,0,65,164,576,1959,772,412,346,295,398,359,471,607,629,859,353,203,172,103,89,3,0,0
2026-04-06,1112,정부청사,승차,0,0,37,86,241,418,268,203,281,274,305,333,421,568,943,1993,466,326,271,148,66,0,0,0
2026-04-06,1112,정부청사,하차,0,0,85,244,735,2931,784,351,264,323,314,289,308,320,459,505,208,160,156,100,41,4,0,0
2026-04-06,1113,갈마,승차,0,0,75,129,332,550,224,133,145,149,157,159,121,215,206,211,85,78,81,28,29,2,0,0
2026-04-06,1113,갈마,하차,0,0,23,35,80,217,108,102,100,124,136,135,186,242,283,499,260,137,145,124,89,12,0,0
2026-04-06,1114,월평,승차,0,0,74,128,312,518,252,135,121,196,180,196,191,261,294,393,138,100,126,98,31,1,0,0
2026-04-06,1114,월평,하차,0,0,13,42,125,414,278,212,182,222,188,221,211,267,299,502,213,151,150,124,90,6,0,0
2026-04-06,1115,갑천,승차,0,0,24,41,116,211,77,39,40,33,43,46,46,40,67,100,27,17,20,5,7,0,0,0
2026-04-06,1115,갑천,하차,0,0,6,12,33,101,32,46,45,41,28,37,57,73,112,166,78,48,47,43,23,1,0,0
2026-04-06,1116,유성온천,승차,0,0,102,258,756,1490,494,361,370,495,457,505,625,827,762,935,473,386,315,217,116,10,0,0
2026-04-06,1116,유성온천,하차,0,0,71,110,407,1017,699,464,527,402,557,578,511,663,916,1415,592,424,450,325,220,31,0,0
2026-04-06,1117,구암,승차,0,0,47,70,246,455,169,131,143,152,173,146,191,227,197,273,149,93,84,50,17,2,0,0
2026-04-06,1117,구암,하차,0,0,11,70,171,292,178,139,165,179,152,153,228,206,261,368,139,120,115,57,44,2,0,0
2026-04-06,1118,현충원,승차,0,0,18,47,173,365,105,124,116,134,141,116,196,334,373,321,103,94,71,53,6,1,0,0
2026-04-06,1118,현충원,하차,0,0,4,23,152,276,323,108,168,160,214,80,105,138,160,264,81,57,82,75,29,6,0,0
2026-04-06,1119,월드컵경기장,승차,0,0,38,85,290,557,183,131,135,106,149,126,191,187,181,252,94,69,56,30,8,0,0,0
2026-04-06,1119,월드컵경기장,하차,0,0,5,36,178,260,140,89,83,111,72,108,133,178,245,369,158,122,132,94,58,16,0,0
2026-04-06,1120,노은,승차,0,0,42,97,379,541,237,180,181,196,177,184,223,271,318,400,214,156,169,88,35,3,0,0
2026-04-06,1120,노은,하차,0,0,20,40,164,401,244,156,157,183,217,220,292,361,385,602,312,190,166,138,64,11,0,0
2026-04-06,1121,지족,승차,0,0,41,55,191,258,114,79,86,92,121,99,166,165,209,387,79,54,64,46,22,0,0,0
2026-04-06,1121,지족,하차,0,0,10,35,139,504,148,58,118,90,87,84,128,130,157,254,144,81,108,80,43,6,0,0
2026-04-06,1122,반석,승차,0,0,91,197,991,1299,579,301,285,310,322,236,260,349,572,829,351,240,238,183,105,0,0,0
2026-04-06,1122,반석,하차,0,0,38,161,430,735,223,129,215,247,239,275,385,508,716,1347,429,364,333,300,113,15,0,0
2026-04-07,1101,판암,승차,0,0,113,160,584,778,366,226,219,287,249,218,226,307,289,395,124,101,72,40,17,0,0,0
2026-04-07,1101,판암,하차,0,0,12,68,173,291,172,175,195,210,200,204,276,384,428,630,267,210,203,187,55,23,0,0
2026-04-07,1102,신흥,승차,0,0,54,124,430,595,208,117,93,116,114,94,85,94,123,97,52,26,25,13,5,0,0,0
2026-04-07,1102,신흥,하차,0,0,13,17,52,112,65,51,67,83,93,82,146,203,200,519,193,128,150,121,53,6,0,0
2026-04-07,1103,대동,승차,0,0,89,146,481,688,293,216,185,228,269,219,289,544,511,479,183,161,183,71,47,2,0,0
2026-04-07,1103,대동,하차,0,0,25,61,293,552,294,170,154,186,182,204,230,338,311,621,281,212,211,206,100,22,0,0
2026-04-07,1104,대전,승차,0,0,10,133,544,703,604,612,608,604,647,650,791,804,972,1068,717,435,371,277,161,0,0,0
2026-04-07,1104,대전,하차,0,0,119,427,896,1146,758,686,721,632,622,617,711,753,777,764,311,314,224,103,42,1,0,0
2026-04-07,1105,중앙로,승차,0,0,27,69,180,344,146,153,255,256,348,392,429,467,615,786,372,370,335,190,87,1,0,0
2026-04-07,1105,중앙로,하차,0,0,31,71,173,833,451,358,393,397,383,386,321,496,454,625,293,183,120,80,47,4,0,0
2026-04-07,1106,중구청,승차,0,1,23,62,170,331,123,121,134,130,139,136,167,372,363,425,118,120,99,66,31,0,0,0
2026-04-07,1106,중구청,하차,0,0,19,70,278,656,223,113,155,125,183,149,152,158,150,308,115,92,83,73,40,4,0,0
2026-04-07,1107,서대전네거리,승차,0,0,109,188,592,963,401,355,353,357,342,300,364,426,491,610,240,181,172,111,60,0,0,0
2026-04-07,1107,서대전네거리,하차,0,0,41,72,303,750,386,290,286,290,348,317,384,488,553,997,386,283,285,262,90,14,0,0
2026-04-07,1108,오룡,승차,0,0,87,129,518,944,306,194,198,211,204,170,238,298,274,678,173,89,72,54,40,0,0,0
2026-04-07,1108,오룡,하차,0,0,19,62,223,661,252,120,137,149,191,159,217,284,398,630,286,170,198,142,100,0,0,0
2026-04-07,1109,용문,승차,0,0,110,247,696,1463,520,396,351,421,434,393,419,541,502,491,310,225,236,118,127,0,0,0
2026-04-07,1109,용문,하차,0,0,27,66,224,600,403,327,326,401,380,405,429,578,750,1296,541,348,389,249,129,0,0,0
2026-04-07,1110,탄방,승차,0,0,46,138,346,580,295,235,294,219,236,238,314,314,497,834,189,179,257,196,38,0,0,0
2026-04-07,1110,탄방,하차,0,0,33,97,376,1210,451,247,198,203,291,244,281,347,386,718,355,169,155,117,74,0,0,0
2026-04-07,1111,시청,승차,0,0,39,112,326,484,296,348,336,343,335,365,473,607,878,1535,512,508,536,513,208,4,0,0
2026-04-07,1111,시청,하차,0,0,61,187,610,1964,727,411,339,332,439,444,450,622,736,916,419,254,189,136,92,13,0,0
2026-04-07,1112,정부청사,승차,0,0,35,80,282,419,294,265,264,318,307,310,506,632,1033,1888,499,353,326,172,60,1,0,0
2026-04-07,1112,정부청사,하차,0,0,100,228,786,2848,726,348,337,325,337,302,303,354,489,515,243,178,156,111,44,9,0,0
2026-04-07,1113,갈마,승차,0,0,78,125,345,565,238,170,154,155,166,135,130,192,198,208,108,111,90,41,25,0,0,0
2026-04-07,1113,갈마,하차,0,0,27,40,94,199,100,97,119,164,160,151,192,246,296,507,234,155,148,135,81,22,0,0
2026-04-07,1114,월평,승차,0,0,60,124,316,526,223,162,179,214,211,175,231,290,308,401,152,132,134,99,46,2,0,0
2026-04-07,1114,월평,하차,0,0,24,39,142,421,275,180,168,194,227,210,205,226,321,567,253,167,190,126,86,10,0,0
2026-04-07,1115,갑천,승차,0,0,31,38,113,233,98,43,60,44,63,37,46,58,97,115,34,28,26,16,9,0,0,0
2026-04-07,1115,갑천,하차,0,0,7,22,46,122,47,50,58,59,45,56,65,88,98,163,91,62,63,43,22,2,0,0
2026-04-07,1116,유성온천,승차,0,1,94,267,798,1488,543,402,431,474,449,509,606,809,830,1064,473,386,409,228,163,2,0,0
2026-04-07,1116,유성온천,하차,0,0,66,145,394,1061,731,495,474,537,491,515,468,706,984,1521,623,427,457,417,246,30,0,0
2026-04-07,1117,구암,승차,0,0,42,72,273,442,188,118,139,150,170,173,184,246,204,284,158,94,86,53,17,2,0,0
2026-04-07,1117,구암,하차,0,0,11,54,186,314,195,156,165,179,138,149,212,226,249,378,156,131,129,71,32,8,0,0
2026-04-07,1118,현충원,승차,0,0,24,44,179,365,130,119,124,190,207,165,254,384,380,349,104,99,102,67,14,5,0,0
2026-04-07,1118,현충원,하차,0,0,8,37,187,386,334,165,198,164,153,93,90,140,134,293,98,87,78,75,30,12,0,0
2026-04-07,1119,월드컵경기장,승차,0,0,30,90,309,578,187,177,114,156,146,141,157,189,209,271,96,71,60,40,11,0,0,0
2026-04-07,1119,월드컵경기장,하차,0,0,10,34,198,272,130,96,107,114,113,109,141,198,219,418,195,138,138,103,58,11,0,0
2026-04-07,1120,노은,승차,0,0,42,98,410,526,252,174,192,226,210,168,257,347,346,460,242,192,203,132,46,1,0,0
2026-04-07,1120,노은,하차,0,0,16,40,209,412,239,184,187,199,230,239,289,415,474,638,313,213,187,148,82,10,0,0
2026-04-07,1121,지족,승차,0,0,39,62,213,264,138,88,97,121,93,86,145,188,205,434,98,77,65,51,14,8,0,0
2026-04-07,1121,지족,하차,0,0,12,23,138,504,113,98,74,96,87,89,123,156,191,286,134,112,91,88,45,15,0,0
2026-04-07,1122,반석,승차,0,2,89,248,1046,1381,618,402,309,298,327,310,316,432,575,853,369,279,284,184,102,0,0,0
2026-04-07,1122,반석,하차,0,0,40,152,444,705,289,203,267,284,307,321,383,600,758,1319,445,350,387,306,143,24,0,0
2026-04-08,1101,판암,승차,0,4,101,220,591,828,357,224,249,299,250,215,250,308,351,384,169,113,75,47,15,0,0,0
2026-04-08,1101,판암,하차,0,0,11,71,179,310,149,134,169,188,191,278,306,368,444,621,294,192,273,180,70,29,0,0
2026-04-08,1102,신흥,승차,0,0,65,121,477,598,192,114,95,98,128,80,63,112,107,132,62,35,24,11,6,2,0,0
2026-04-08,1102,신흥,하차,0,0,10,15,63,131,48,53,77,95,76,94,184,200,269,451,188,145,144,136,42,8,0,0
2026-04-08,1103,대동,승차,0,0,80,154,466,760,295,216,235,242,281,208,327,543,447,498,225,125,180,90,43,1,0,0
2026-04-08,1103,대동,하차,0,0,20,57,306,566,286,176,144,206,212,218,256,298,387,616,299,185,258,216,132,21,0,0
2026-04-08,1104,대전,승차,0,0,14,139,523,719,588,541,612,668,599,696,810,839,990,1152,698,519,420,305,179,10,0,0
2026-04-08,1104,대전,하차,0,0,126,427,885,1131,793,720,720,643,659,633,769,816,705,838,315,283,235,102,47,14,0,0
2026-04-08,1105,중앙로,승차,0,0,31,62,168,305,150,167,218,262,362,356,440,525,689,834,393,409,414,222,114,1,0,0
2026-04-08,1105,중앙로,하차,0,0,24,68,187,840,417,326,423,411,401,438,403,453,539,770,316,153,150,73,52,5,0,0
2026-04-08,1106,중구청,승차,0,0,24,59,174,337,149,114,96,146,162,159,228,273,353,436,121,103,71,71,22,0,0,0
2026-04-08,1106,중구청,하차,0,0,19,56,275,675,245,120,140,156,180,130,136,166,183,272,134,84,87,74,38,2,0,0
2026-04-08,1107,서대전네거리,승차,0,5,98,216,631,982,403,346,300,363,331,322,407,478,493,580,238,189,180,119,52,8,0,0
2026-04-08,1107,서대전네거리,하차,0,0,32,86,318,698,375,244,274,301,384,316,345,495,577,1061,437,258,290,250,123,22,0,0
2026-04-08,1108,오룡,승차,0,0,75,141,525,920,314,211,202,201,222,195,170,381,302,755,166,97,90,49,34,0,0,0
2026-04-08,1108,오룡,하차,0,0,25,63,252,649,253,131,140,153,164,185,227,300,376,592,248,206,224,144,117,0,0,0
2026-04-08,1109,용문,승차,0,0,112,242,762,1381,474,333,368,404,723,467,504,470,446,515,251,257,601,212,116,0,0,0
2026-04-08,1109,용문,하차,0,0,29,77,238,640,432,340,564,378,420,401,460,605,797,1489,901,407,351,247,166,0,0,0
2026-04-08,1110,탄방,승차,0,0,56,138,351,597,269,224,280,220,193,221,329,303,558,822,202,189,213,237,60,0,0,0
2026-04-08,1110,탄방,하차,0,0,42,112,363,1234,415,230,165,195,264,229,283,386,464,747,306,181,158,106,83,0,0,0
2026-04-08,1111,시청,승차,0,0,39,107,326,490,276,277,344,349,354,394,479,649,982,1593,518,522,482,459,237,0,0,0
2026-04-08,1111,시청,하차,0,0,68,179,629,2124,749,377,333,299,478,398,522,647,707,905,431,224,220,143,77,7,0,0
2026-04-08,1112,정부청사,승차,0,0,28,108,276,465,263,261,319,299,322,371,507,722,1038,1978,521,332,263,194,79,0,0,0
2026-04-08,1112,정부청사,하차,0,0,89,256,830,2886,720,384,329,363,404,325,331,373,456,565,252,170,205,133,61,19,0,0
2026-04-08,1113,갈마,승차,0,1,65,120,361,555,226,179,148,152,158,141,131,216,200,205,134,86,89,57,30,0,0,0
2026-04-08,1113,갈마,하차,0,0,25,27,112,187,108,88,125,132,153,157,218,265,302,477,231,137,214,150,101,11,0,0
2026-04-08,1114,월평,승차,0,0,63,133,297,560,258,185,156,181,200,200,212,268,292,424,204,150,128,89,63,0,0,0
2026-04-08,1114,월평,하차,0,0,13,38,150,414,250,180,184,188,171,176,227,271,365,544,213,149,229,140,96,5,0,0
2026-04-08,1115,갑천,승차,0,0,22,32,129,240,89,59,62,56,56,45,67,55,108,134,46,32,37,9,5,0,0,0
2026-04-08,1115,갑천,하차,0,0,4,18,58,132,44,40,43,48,65,47,64,95,107,154,92,57,59,60,35,1,0,0
2026-04-08,1116,유성온천,승차,0,0,97,237,852,1534,501,383,487,535,466,502,715,795,907,1032,494,406,401,312,170,1,0,0
2026-04-08,1116,유성온천,하차,0,0,74,129,442,1020,635,524,474,514,553,565,605,682,1009,1517,642,457,514,426,228,23,0,0
2026-04-08,1117,구암,승차,0,0,50,65,284,457,163,142,157,133,182,164,198,261,262,343,168,81,81,58,29,2,0,0
2026-04-08,1117,구암,하차,0,0,12,58,203,334,171,129,158,193,171,169,202,188,242,402,161,125,131,95,56,9,0,0
2026-04-08,1118,현충원,승차,0,0,20,52,186,347,110,123,164,218,188,229,243,420,457,331,120,110,104,48,10,2,0,0
2026-04-08,1118,현충원,하차,0,0,7,56,169,399,332,167,185,148,180,99,113,117,152,304,108,59,99,72,33,10,0,0
2026-04-08,1119,월드컵경기장,승차,0,0,34,100,350,536,200,144,134,128,164,121,158,236,201,331,140,82,92,22,10,0,0,0
2026-04-08,1119,월드컵경기장,하차,0,0,9,36,207,266,138,74,84,102,121,113,124,201,257,395,178,115,170,105,67,16,0,0
2026-04-08,1120,노은,승차,0,0,40,103,425,562,286,188,189,227,204,194,273,284,361,424,224,207,213,177,52,2,0,0
2026-04-08,1120,노은,하차,0,0,19,36,218,389,245,166,162,212,249,276,336,392,506,670,360,196,232,147,82,10,0,0
2026-04-08,1121,지족,승차,0,0,35,59,228,256,139,93,96,113,120,109,206,161,178,431,91,43,53,31,24,0,0,0
2026-04-08,1121,지족,하차,0,0,12,35,151,559,111,71,84,101,90,98,116,129,169,286,128,118,105,95,48,12,0,0
2026-04-08,1122,반석,승차,0,5,80,255,1055,1401,591,370,331,305,343,263,327,443,614,868,349,282,290,187,116,2,0,0
2026-04-08,1122,반석,하차,0,5,44,160,483,725,238,168,245,256,309,336,397,602,806,1303,472,375,417,405,188,26,0,0
2026-04-09,1101,판암,승차,0,3,98,177,576,786,342,208,201,292,224,192,219,221,266,301,106,75,54,32,14,0,0,0
2026-04-09,1101,판암,하차,0,0,14,56,158,314,144,141,155,162,198,175,276,335,375,599,224,179,196,164,75,26,0,0
2026-04-09,1102,신흥,승차,0,0,65,113,416,609,211,123,96,116,111,61,56,106,110,110,40,34,28,11,3,0,0,0
2026-04-09,1102,신흥,하차,0,0,10,27,61,120,50,54,72,90,101,71,144,218,248,435,157,121,145,107,40,17,0,0
2026-04-09,1103,대동,승차,0,0,68,151,448,685,268,200,157,227,252,236,277,462,411,423,147,109,165,86,42,1,0,0
2026-04-09,1103,대동,하차,0,0,15,49,299,478,267,192,136,208,165,184,215,296,304,560,236,186,219,195,106,13,0,0
2026-04-09,1104,대전,승차,0,0,12,127,498,674,562,535,511,682,566,627,745,743,1055,1075,749,496,437,344,163,0,0,0
2026-04-09,1104,대전,하차,0,0,119,415,827,1088,732,619,689,592,602,591,736,794,774,913,488,257,197,141,47,2,0,0
2026-04-09,1105,중앙로,승차,0,0,20,68,165,342,161,166,222,268,315,336,414,560,630,739,348,369,331,247,84,2,0,0
2026-04-09,1105,중앙로,하차,0,0,26,55,175,832,456,350,350,407,415,371,353,421,482,717,289,154,120,77,55,2,0,0
2026-04-09,1106,중구청,승차,0,0,21,63,161,318,123,99,121,119,136,150,155,318,323,451,102,74,52,56,20,6,0,0
2026-04-09,1106,중구청,하차,0,0,18,50,273,659,245,103,118,115,145,110,126,117,166,261,120,76,76,66,38,9,0,0
2026-04-09,1107,서대전네거리,승차,0,1,90,198,586,947,376,280,261,293,306,280,305,396,481,574,228,150,138,107,48,0,0,0
2026-04-09,1107,서대전네거리,하차,0,0,30,78,259,680,316,238,267,292,340,277,302,433,593,947,356,295,287,251,93,14,0,0
2026-04-09,1108,오룡,승차,0,0,96,144,508,948,318,186,181,194,207,168,174,331,338,666,140,94,66,47,33,0,0,0
2026-04-09,1108,오룡,하차,0,0,20,50,202,651,250,139,141,158,178,151,225,298,373,599,254,195,165,151,88,4,0,0
2026-04-09,1109,용문,승차,0,0,126,221,727,1370,484,356,340,465,416,315,349,469,455,437,215,229,226,145,96,0,0,0
2026-04-09,1109,용문,하차,0,0,27,72,227,615,412,274,280,322,395,364,398,545,700,1229,516,313,336,274,128,0,0,0
2026-04-09,1110,탄방,승차,0,5,42,124,336,595,270,199,255,178,216,225,321,309,442,831,226,185,220,229,39,0,0,0
2026-04-09,1110,탄방,하차,0,5,39,106,319,1215,418,200,170,210,274,237,224,337,390,706,288,165,155,140,84,0,0,0
2026-04-09,1111,시청,승차,0,0,48,113,330,490,259,247,330,284,338,326,450,586,877,1493,517,532,543,494,192,5,0,0
2026-04-09,1111,시청,하차,0,0,56,196,624,1985,687,373,306,300,382,416,401,563,699,937,381,208,198,140,100,13,0,0
2026-04-09,1112,정부청사,승차,0,0,31,91,252,407,253,210,265,297,288,359,499,612,1022,1960,438,368,299,159,77,1,0,0
2026-04-09,1112,정부청사,하차,0,0,94,237,804,2821,704,350,289,365,384,300,294,289,419,511,224,142,165,95,37,12,0,0
2026-04-09,1113,갈마,승차,0,0,58,133,309,542,237,139,145,146,152,104,129,146,196,191,79,78,91,31,30,0,0,0
2026-04-09,1113,갈마,하차,0,0,21,32,105,175,122,96,88,126,137,145,165,224,268,459,213,177,176,119,81,15,0,0
2026-04-09,1114,월평,승차,0,0,63,120,307,531,231,159,141,189,228,188,229,269,310,431,157,111,156,88,33,1,0,0
2026-04-09,1114,월평,하차,0,0,21,37,128,357,265,174,199,211,190,194,200,265,314,501,208,164,203,153,87,11,0,0
2026-04-09,1115,갑천,승차,0,0,20,49,114,252,88,49,52,54,55,50,43,58,66,94,56,18,24,11,7,1,0,0
2026-04-09,1115,갑천,하차,0,0,3,17,65,131,57,44,49,54,39,41,56,59,106,151,84,49,54,28,22,4,0,0
2026-04-09,1116,유성온천,승차,0,0,90,239,763,1499,530,322,409,495,471,537,629,764,796,962,478,383,365,247,168,11,0,0
2026-04-09,1116,유성온천,하차,0,0,54,155,407,1031,637,528,469,480,477,491,485,633,876,1494,623,421,408,401,197,37,0,0
2026-04-09,1117,구암,승차,0,0,41,67,263,452,233,213,193,217,218,176,245,260,253,307,142,96,91,54,19,2,0,0
2026-04-09,1117,구암,하차,0,0,16,62,178,377,302,230,206,219,198,173,188,204,268,394,157,120,119,67,46,5,0,0
2026-04-09,1118,현충원,승차,0,0,17,46,171,348,134,109,140,155,165,150,177,275,325,296,108,71,86,45,10,3,0,0
2026-04-09,1118,현충원,하차,0,0,5,52,140,339,284,75,90,121,177,64,91,139,130,252,81,59,69,78,29,5,0,0
2026-04-09,1119,월드컵경기장,승차,0,0,29,101,304,545,220,141,123,121,157,121,160,207,202,268,100,91,65,28,14,0,0,0
2026-04-09,1119,월드컵경기장,하차,0,0,10,33,203,271,139,87,99,97,104,96,119,181,247,365,153,127,156,111,63,15,0,0
2026-04-09,1120,노은,승차,0,0,31,96,389,547,239,192,187,181,203,168,236,298,336,399,227,185,172,179,59,2,0,0
2026-04-09,1120,노은,하차,0,0,22,41,202,383,229,167,168,198,228,237,294,395,419,609,303,198,236,154,96,13,0,0
2026-04-09,1121,지족,승차,0,2,39,60,205,271,133,103,93,95,103,117,143,182,175,416,72,62,61,44,19,0,0,0
2026-04-09,1121,지족,하차,0,2,15,26,142,496,110,120,87,87,80,71,106,133,176,271,120,106,92,98,45,11,0,0
2026-04-09,1122,반석,승차,0,0,75,233,979,1359,599,320,270,295,326,233,267,443,577,870,324,274,283,182,112,0,0,0
2026-04-09,1122,반석,하차,0,0,26,179,436,734,235,176,248,245,274,305,386,571,713,1323,400,372,368,324,133,22,0,0
2026-04-10,1101,판암,승차,0,0,85,175,531,736,305,231,231,268,251,278,227,299,356,401,144,91,104,39,14,0,0,0
2026-04-10,1101,판암,하차,0,0,11,58,158,300,159,129,164,173,222,214,308,346,373,607,246,245,221,199,91,28,0,0
2026-04-10,1102,신흥,승차,0,0,53,107,417,563,196,103,99,129,128,107,81,103,139,146,68,45,47,23,7,0,0,0
2026-04-10,1102,신흥,하차,0,0,8,23,47,108,51,55,77,94,86,123,190,186,237,414,181,167,140,127,66,11,0,0
2026-04-10,1103,대동,승차,0,0,81,146,459,668,295,207,181,265,234,271,517,474,425,427,201,130,108,82,57,1,0,0
2026-04-10,1103,대동,하차,0,0,13,44,296,454,174,139,154,219,173,191,281,288,357,547,271,207,230,212,167,26,0,0
2026-04-10,1104,대전,승차,0,0,13,109,382,681,552,659,642,691,811,922,1093,1105,1297,1325,1058,752,730,535,272,1,0,0
2026-04-10,1104,대전,하차,0,0,101,366,838,1056,813,744,836,781,879,896,1031,1299,1382,1629,822,580,435,257,89,3,0,0
2026-04-10,1105,중앙로,승차,0,0,33,62,164,338,180,206,278,350,435,468,532,665,825,877,515,534,801,728,237,1,0,0
2026-04-10,1105,중앙로,하차,0,0,24,66,204,829,415,438,509,562,525,587,643,779,1034,1047,535,265,199,131,71,9,0,0
2026-04-10,1106,중구청,승차,0,0,18,56,160,295,123,111,112,127,141,198,172,326,360,469,99,72,71,89,22,0,0,0
2026-04-10,1106,중구청,하차,0,0,16,49,266,662,201,136,120,149,177,146,135,172,239,278,132,65,95,61,56,6,0,0
2026-04-10,1107,서대전네거리,승차,0,1,106,162,562,934,351,304,292,346,353,351,366,457,617,665,372,198,232,172,108,1,0,0
2026-04-10,1107,서대전네거리,하차,0,0,28,72,207,719,333,276,315,283,389,376,411,531,682,1089,447,320,276,275,151,24,0,0
2026-04-10,1108,오룡,승차,0,0,67,130,493,853,266,206,194,221,243,229,333,335,450,734,280,156,109,76,28,0,0,0
2026-04-10,1108,오룡,하차,0,0,29,65,195,637,268,128,155,169,213,215,253,341,431,713,300,201,197,181,131,1,0,0
2026-04-10,1109,용문,승차,0,8,102,231,658,1330,436,372,402,472,426,416,452,553,668,582,379,293,258,179,99,0,0,0
2026-04-10,1109,용문,하차,0,8,25,65,239,620,384,323,362,376,456,462,589,666,836,1321,605,394,359,326,176,0,0,0
2026-04-10,1110,탄방,승차,0,0,44,129,332,560,258,219,267,196,236,280,295,368,611,878,232,206,220,221,57,0,0,0
2026-04-10,1110,탄방,하차,0,0,24,107,323,1166,373,212,177,195,238,256,330,386,439,771,286,197,180,189,107,0,0,0
2026-04-10,1111,시청,승차,0,0,29,103,304,471,246,294,395,345,420,441,530,681,1114,1627,553,567,460,625,277,0,0,0
2026-04-10,1111,시청,하차,0,0,59,166,623,1984,691,378,335,334,443,506,658,658,850,984,526,310,222,232,141,11,0,0
2026-04-10,1112,정부청사,승차,0,0,25,82,232,410,252,267,366,356,371,448,728,939,1215,2061,459,336,270,147,66,0,0,0
2026-04-10,1112,정부청사,하차,0,0,79,238,757,2606,758,394,359,368,419,366,404,435,492,581,281,241,178,159,74,30,0,0
2026-04-10,1113,갈마,승차,0,0,63,121,344,519,207,152,155,160,168,137,165,203,241,254,140,107,75,52,52,1,0,0
2026-04-10,1113,갈마,하차,0,0,23,28,108,180,105,88,114,144,149,179,247,257,298,533,269,202,189,167,113,19,0,0
2026-04-10,1114,월평,승차,0,0,58,123,312,531,227,153,174,215,238,254,293,326,420,495,240,173,143,109,58,1,0,0
2026-04-10,1114,월평,하차,0,0,11,42,130,351,183,171,163,219,232,228,266,283,389,605,264,221,212,252,99,10,0,0
2026-04-10,1115,갑천,승차,0,0,25,32,115,216,86,52,50,42,52,50,41,50,86,101,50,26,25,13,10,1,0,0
2026-04-10,1115,갑천,하차,0,0,7,16,31,106,40,39,33,58,41,44,70,75,110,150,78,46,58,64,27,0,0,0
2026-04-10,1116,유성온천,승차,0,0,85,244,785,1442,533,477,518,609,549,755,851,940,1098,1104,615,505,411,302,207,9,0,0
2026-04-10,1116,유성온천,하차,0,0,90,135,419,973,608,488,526,496,585,632,768,777,1183,1772,840,563,557,692,282,40,0,0
2026-04-10,1117,구암,승차,0,0,34,72,256,436,176,166,176,208,249,274,328,363,377,385,249,189,163,86,38,3,0,0
2026-04-10,1117,구암,하차,0,0,9,62,181,299,196,154,156,170,192,201,244,265,355,470,201,147,108,113,53,13,0,0
2026-04-10,1118,현충원,승차,0,0,18,46,164,363,153,129,120,176,210,201,253,369,351,316,137,86,64,43,4,1,0,0
2026-04-10,1118,현충원,하차,0,0,5,60,119,220,227,129,144,121,143,67,131,147,154,257,86,81,78,116,53,14,0,0
2026-04-10,1119,월드컵경기장,승차,0,0,34,89,320,504,200,133,163,139,169,207,228,270,254,263,150,107,52,48,15,0,0,0
2026-04-10,1119,월드컵경기장,하차,0,0,11,46,212,257,107,110,105,133,106,135,151,220,276,424,204,142,122,142,74,25,0,0
2026-04-10,1120,노은,승차,0,0,39,97,431,513,257,185,201,244,215,221,342,315,461,444,240,209,191,172,72,5,0,0
2026-04-10,1120,노은,하차,0,0,19,43,212,369,257,188,194,225,221,323,383,420,521,649,367,213,243,232,98,21,0,0
2026-04-10,1121,지족,승차,0,0,31,59,205,236,123,99,96,136,146,149,182,215,239,401,107,82,46,25,12,9,0,0
2026-04-10,1121,지족,하차,0,0,9,28,144,489,98,61,71,106,104,119,144,144,171,250,135,85,101,137,70,26,0,0
2026-04-10,1122,반석,승차,0,0,80,210,960,1239,535,364,322,308,350,305,430,599,802,943,401,275,257,207,110,1,0,0
2026-04-10,1122,반석,하차,0,0,35,144,431,669,250,157,249,313,295,353,504,550,818,1223,445,395,387,437,214,50,0,0
2026-04-11,1101,판암,승차,0,0,78,128,238,291,307,373,411,354,306,207,224,240,302,196,178,113,75,51,16,0,0,0
2026-04-11,1101,판암,하차,0,0,13,90,282,153,172,143,223,183,227,262,243,255,371,244,240,210,205,141,92,33,0,0
2026-04-11,1102,신흥,승차,0,0,49,90,138,173,194,156,154,130,133,94,109,119,184,92,85,47,36,17,12,0,0,0
2026-04-11,1102,신흥,하차,0,0,7,23,41,56,55,61,77,119,97,100,116,161,150,165,126,138,134,101,71,13,0,0
2026-04-11,1103,대동,승차,0,0,42,102,180,239,307,243,278,311,270,234,200,245,269,221,151,95,59,47,37,0,0,0
2026-04-11,1103,대동,하차,0,0,18,36,66,159,128,128,116,166,184,224,234,229,245,245,191,190,176,144,148,17,0,0
2026-04-11,1104,대전,승차,0,0,14,95,326,531,688,930,1038,1023,960,1128,1182,1170,1142,988,862,740,721,550,415,0,0,0
2026-04-11,1104,대전,하차,0,0,116,468,606,753,958,1066,1271,1006,1098,1064,1031,1028,942,739,700,544,374,161,87,7,0,0
2026-04-11,1105,중앙로,승차,0,0,33,54,75,125,154,210,340,326,490,612,715,849,1287,1114,919,782,628,415,223,1,0,0
2026-04-11,1105,중앙로,하차,0,0,25,80,105,278,432,648,847,1149,1161,970,864,866,952,650,558,327,194,98,62,6,0,0
2026-04-11,1106,중구청,승차,0,0,26,39,62,88,87,94,107,137,135,104,133,127,171,141,106,57,48,39,15,0,0,0
2026-04-11,1106,중구청,하차,0,0,8,41,59,128,93,98,173,144,213,172,147,176,142,122,78,82,77,52,52,3,0,0
2026-04-11,1107,서대전네거리,승차,0,2,62,115,205,342,326,357,377,647,428,384,319,338,364,297,299,231,184,154,98,0,0,0
2026-04-11,1107,서대전네거리,하차,0,0,28,58,138,308,369,280,371,386,439,349,328,384,552,523,343,244,237,213,147,14,0,0
2026-04-11,1108,오룡,승차,0,0,57,74,160,319,217,233,237,263,246,213,159,206,215,164,134,92,78,47,30,7,0,0
2026-04-11,1108,오룡,하차,0,0,21,43,65,138,128,142,171,158,223,224,224,222,254,223,162,159,127,121,100,9,0,0
2026-04-11,1109,용문,승차,0,0,97,175,262,387,435,474,515,522,557,532,498,535,566,460,317,263,195,152,68,0,0,0
2026-04-11,1109,용문,하차,0,0,28,66,170,333,339,385,375,461,522,459,499,478,582,614,438,352,318,239,186,0,0,0
2026-04-11,1110,탄방,승차,0,0,34,87,134,221,208,225,246,283,387,322,368,343,431,258,231,180,152,105,51,0,0,0
2026-04-11,1110,탄방,하차,0,0,24,87,109,243,361,263,347,389,372,306,340,287,296,246,183,172,158,121,104,0,0,0
2026-04-11,1111,시청,승차,0,0,43,74,136,200,232,306,355,488,592,528,499,575,572,523,498,455,346,345,200,0,0,0
2026-04-11,1111,시청,하차,0,0,31,108,221,487,630,500,502,714,531,466,417,487,506,537,318,248,241,146,80,18,0,0
2026-04-11,1112,정부청사,승차,0,1,25,68,114,175,206,259,306,365,422,467,470,480,510,467,360,304,205,130,68,1,0,0
2026-04-11,1112,정부청사,하차,0,0,41,89,146,303,395,463,531,471,479,482,472,490,393,401,290,209,182,124,51,35,0,0
2026-04-11,1113,갈마,승차,0,0,49,88,130,198,229,215,232,226,208,204,182,233,243,170,114,105,79,53,32,2,0,0
2026-04-11,1113,갈마,하차,0,0,21,31,41,85,90,112,160,221,205,218,205,241,251,267,195,187,128,158,114,20,0,0
2026-04-11,1114,월평,승차,0,0,53,105,157,248,260,235,225,222,263,247,254,277,276,204,166,153,97,89,56,3,0,0
2026-04-11,1114,월평,하차,0,0,16,24,50,95,124,139,189,235,237,237,247,259,371,304,263,233,209,171,136,19,0,0
2026-04-11,1115,갑천,승차,0,1,23,25,48,74,56,67,60,60,83,50,59,43,67,56,31,30,14,6,11,0,0,0
2026-04-11,1115,갑천,하차,0,0,12,18,22,39,49,75,69,111,77,57,67,60,67,74,71,32,43,34,31,7,0,0
2026-04-11,1116,유성온천,승차,0,0,115,218,346,515,548,641,719,884,761,629,752,733,697,589,475,403,369,280,219,4,0,0
2026-04-11,1116,유성온천,하차,0,0,78,108,199,560,482,477,615,643,603,626,701,801,949,1012,647,595,528,460,291,44,0,0
2026-04-11,1117,구암,승차,0,0,35,72,93,236,232,280,348,346,253,245,217,190,285,214,164,157,110,64,42,6,0,0
2026-04-11,1117,구암,하차,0,0,18,74,118,199,208,214,253,234,223,233,276,241,246,206,181,157,144,84,45,11,0,0
2026-04-11,1118,현충원,승차,0,0,22,40,74,212,146,222,209,199,247,228,214,242,218,152,94,79,62,30,4,9,0,0
2026-04-11,1118,현충원,하차,0,0,7,28,52,104,152,212,218,168,114,115,124,126,138,114,118,94,90,62,47,16,0,0
2026-04-11,1119,월드컵경기장,승차,0,0,27,55,106,172,160,165,178,184,169,142,132,157,176,132,100,69,66,23,13,0,0,0
2026-04-11,1119,월드컵경기장,하차,0,0,10,31,63,87,92,95,84,104,119,124,115,130,171,145,119,107,145,114,60,25,0,0
2026-04-11,1120,노은,승차,0,0,33,74,132,187,217,235,270,330,326,307,267,253,286,242,173,178,140,126,71,6,0,0
2026-04-11,1120,노은,하차,0,0,18,24,86,171,226,211,238,299,314,293,294,280,330,361,289,212,130,154,82,28,0,0
2026-04-11,1121,지족,승차,0,0,36,59,75,126,115,141,194,199,144,117,114,116,124,103,53,68,41,19,18,0,0,0
2026-04-11,1121,지족,하차,0,0,7,23,39,143,77,69,75,93,91,119,102,127,134,101,114,101,89,78,58,29,0,0
2026-04-11,1122,반석,승차,0,0,69,130,222,412,471,473,501,519,440,394,380,384,407,282,231,189,200,150,87,0,0,0
2026-04-11,1122,반석,하차,0,0,28,73,112,206,228,229,244,292,315,342,359,424,591,485,312,334,348,257,181,53,0,0
2026-04-12,1101,판암,승차,0,1,51,97,127,232,204,240,222,223,216,199,209,194,156,159,107,90,62,38,14,0,0,0
2026-04-12,1101,판암,하차,0,0,9,35,69,117,142,148,137,110,138,181,218,254,258,180,188,190,154,91,50,22,0,0
2026-04-12,1102,신흥,승차,0,0,32,50,69,132,122,106,112,100,86,75,54,83,72,61,32,32,21,10,7,0,0,0
2026-04-12,1102,신흥,하차,0,0,3,8,14,35,36,52,58,54,62,102,91,103,112,112,90,66,87,67,33,7,0,0
2026-04-12,1103,대동,승차,0,0,37,83,82,213,202,198,183,235,174,174,142,196,187,132,81,74,53,43,17,0,0,0
2026-04-12,1103,대동,하차,0,0,16,24,39,125,65,117,112,98,124,167,203,222,202,197,146,184,142,142,127,13,0,0
2026-04-12,1104,대전,승차,0,0,13,81,171,348,447,758,760,805,738,819,1006,1021,908,835,941,1026,1061,823,450,11,0,0
2026-04-12,1104,대전,하차,0,0,78,322,371,557,658,707,813,629,741,793,717,699,673,653,590,475,299,136,45,11,0,0
2026-04-12,1105,중앙로,승차,0,0,23,47,56,89,123,180,193,274,352,505,615,678,856,878,648,533,352,189,102,1,0,0
2026-04-12,1105,중앙로,하차,0,0,16,49,93,191,323,446,739,1008,811,768,585,564,543,371,297,179,105,55,31,2,0,0
2026-04-12,1106,중구청,승차,0,0,8,24,40,74,45,58,62,81,98,84,83,81,123,109,52,37,30,24,12,0,0,0
2026-04-12,1106,중구청,하차,0,0,12,28,24,49,54,61,86,118,141,112,122,102,89,95,69,44,61,50,29,3,0,0
2026-04-12,1107,서대전네거리,승차,0,0,58,71,91,178,200,250,288,262,308,269,245,216,236,236,242,153,127,56,47,6,0,0
2026-04-12,1107,서대전네거리,하차,0,0,22,78,91,123,166,173,168,264,260,277,267,363,350,371,242,222,186,145,87,13,0,0
2026-04-12,1108,오룡,승차,0,0,26,53,68,143,156,178,189,281,206,195,163,154,140,152,178,147,88,45,32,0,0,0
2026-04-12,1108,오룡,하차,0,0,16,107,54,106,117,191,99,124,137,133,174,187,174,213,151,165,116,103,76,0,0,0
2026-04-12,1109,용문,승차,0,0,58,98,128,217,270,500,513,497,625,493,482,443,466,360,293,219,265,124,58,0,0,0
2026-04-12,1109,용문,하차,0,0,15,57,129,511,329,437,518,301,366,386,544,464,408,392,357,282,244,173,137,0,0,0
2026-04-12,1110,탄방,승차,0,0,23,62,94,122,130,188,136,222,292,223,267,188,201,162,133,88,89,69,33,0,0,0
2026-04-12,1110,탄방,하차,0,0,17,45,49,103,195,224,236,216,167,194,214,192,263,190,163,137,163,90,98,0,0,0
2026-04-12,1111,시청,승차,0,0,36,51,63,108,146,151,216,285,258,285,347,381,335,427,372,272,199,202,97,6,0,0
2026-04-12,1111,시청,하차,0,0,16,75,54,138,245,230,336,407,369,325,340,395,283,285,237,182,172,106,91,22,0,0
2026-04-12,1112,정부청사,승차,0,1,17,44,82,125,141,175,144,233,241,233,276,260,297,262,230,174,177,95,43,0,0,0
2026-04-12,1112,정부청사,하차,0,0,19,67,61,142,174,287,285,305,279,330,287,383,286,262,209,176,201,113,74,15,0,0
2026-04-12,1113,갈마,승차,0,1,41,82,84,137,167,164,164,178,197,149,154,128,125,120,112,78,72,31,27,0,0,0
2026-04-12,1113,갈마,하차,0,0,13,19,15,59,65,100,106,141,163,145,178,236,222,217,179,123,135,137,91,15,0,0
2026-04-12,1114,월평,승차,0,0,42,73,87,151,175,184,204,163,184,193,163,148,127,124,95,79,76,33,38,1,0,0
2026-04-12,1114,월평,하차,0,0,8,11,30,84,78,90,124,169,149,173,238,271,245,191,249,218,216,206,155,21,0,0
2026-04-12,1115,갑천,승차,0,0,14,29,30,45,44,57,45,63,83,96,53,46,43,42,21,20,15,12,5,1,0,0
2026-04-12,1115,갑천,하차,0,0,5,14,13,28,46,47,77,40,50,40,59,48,57,51,47,58,44,36,34,4,0,0
2026-04-12,1116,유성온천,승차,0,0,59,150,195,368,432,448,470,580,587,482,543,515,531,443,389,324,266,158,115,6,0,0
2026-04-12,1116,유성온천,하차,0,0,59,79,151,255,296,343,444,457,470,564,543,732,591,653,540,454,475,396,286,29,0,0
2026-04-12,1117,구암,승차,0,0,20,36,51,110,140,168,202,204,184,200,205,229,184,196,220,120,110,59,43,2,0,0
2026-04-12,1117,구암,하차,0,0,6,37,77,113,142,135,145,138,175,212,217,222,283,269,210,158,144,58,59,3,0,0
2026-04-12,1118,현충원,승차,0,0,10,24,61,110,89,157,153,175,176,168,182,208,151,124,86,66,46,23,4,0,0,0
2026-04-12,1118,현충원,하차,0,0,3,27,36,77,124,137,129,105,95,94,96,119,132,78,113,85,105,91,29,8,0,0
2026-04-12,1119,월드컵경기장,승차,0,0,20,35,51,105,126,132,130,152,135,129,181,810,214,106,64,58,44,29,4,0,0,0
2026-04-12,1119,월드컵경기장,하차,0,0,3,18,41,77,109,102,132,269,540,121,126,114,119,109,114,105,75,84,55,15,0,0
2026-04-12,1120,노은,승차,0,0,24,31,64,122,123,158,182,203,199,191,213,191,233,171,158,155,103,82,41,0,0,0
2026-04-12,1120,노은,하차,0,0,8,17,25,65,117,109,143,171,245,218,202,323,232,267,186,143,127,109,42,21,0,0
2026-04-12,1121,지족,승차,0,0,13,25,42,77,86,94,89,107,112,121,88,75,89,67,56,31,25,16,11,0,0,0
2026-04-12,1121,지족,하차,0,0,6,24,14,47,44,68,69,61,54,83,75,132,115,95,101,89,72,84,51,10,0,0
2026-04-12,1122,반석,승차,0,0,49,97,131,233,335,320,340,436,379,270,239,277,238,224,188,143,125,124,41,0,0,0
2026-04-12,1122,반석,하차,0,0,13,54,76,112,214,169,138,165,236,251,308,393,408,368,287,291,251,171,111,20,0,0
2026-04-13,1101,판암,승차,0,0,99,183,519,818,350,242,241,287,247,219,237,264,318,350,124,95,64,52,11,0,0,0
2026-04-13,1101,판암,하차,0,0,17,73,180,320,151,166,180,197,181,204,327,376,359,627,281,160,204,174,48,20,0,0
2026-04-13,1102,신흥,승차,0,0,66,116,431,582,202,107,86,122,127,90,84,115,102,106,55,38,26,13,6,0,0,0
2026-04-13,1102,신흥,하차,0,0,3,24,56,110,53,67,67,80,116,92,172,199,195,517,204,142,126,110,56,8,0,0
2026-04-13,1103,대동,승차,0,0,76,161,485,705,287,193,195,212,254,224,313,507,418,512,175,143,177,76,30,1,0,0
2026-04-13,1103,대동,하차,0,0,18,44,263,637,231,170,184,225,217,189,267,312,341,595,275,172,191,175,132,16,0,0
2026-04-13,1104,대전,승차,0,0,13,190,706,1018,704,656,621,705,626,809,833,914,954,1026,651,465,404,309,164,0,0,0
2026-04-13,1104,대전,하차,0,0,203,598,940,1112,735,692,701,653,681,687,710,693,668,744,362,238,217,80,39,3,0,0
2026-04-13,1105,중앙로,승차,0,0,23,66,175,313,179,164,243,269,347,434,472,497,625,783,340,330,347,191,66,3,0,0
2026-04-13,1105,중앙로,하차,0,0,33,75,173,822,397,392,431,418,375,388,415,446,497,656,312,148,121,70,46,6,0,0
2026-04-13,1106,중구청,승차,0,0,25,71,154,306,113,96,106,112,138,173,164,279,295,464,116,94,75,54,13,0,0,0
2026-04-13,1106,중구청,하차,0,0,11,57,269,695,204,118,116,155,170,133,130,134,150,266,96,83,81,57,37,4,0,0
2026-04-13,1107,서대전네거리,승차,0,1,117,181,590,1007,409,347,340,329,320,300,337,458,445,568,211,171,122,98,58,2,0,0
2026-04-13,1107,서대전네거리,하차,0,0,32,91,268,715,361,291,275,284,352,322,368,501,539,958,368,275,295,216,80,12,0,0
2026-04-13,1108,오룡,승차,0,0,95,148,519,987,324,237,223,233,200,214,182,317,326,700,150,105,74,46,30,0,0,0
2026-04-13,1108,오룡,하차,0,0,27,59,198,695,232,137,165,168,163,198,217,289,379,677,299,172,194,150,81,1,0,0
2026-04-13,1109,용문,승차,0,3,147,270,713,1347,507,437,392,466,363,403,403,505,477,484,269,209,223,113,93,0,0,0
2026-04-13,1109,용문,하차,0,1,26,74,240,612,443,311,309,354,411,447,413,599,712,1316,510,350,305,256,121,0,0,0
2026-04-13,1110,탄방,승차,0,0,57,133,340,591,258,182,251,227,207,263,336,289,492,830,230,168,180,134,41,0,0,0
2026-04-13,1110,탄방,하차,0,0,32,116,388,1274,427,210,156,176,267,232,220,334,336,658,290,181,160,137,83,0,0,0
2026-04-13,1111,시청,승차,0,0,67,134,335,502,302,289,391,336,325,390,470,543,869,1507,499,531,473,451,160,0,0,0
2026-04-13,1111,시청,하차,0,0,57,200,686,1986,744,422,356,303,399,413,432,656,663,820,382,226,166,105,77,6,0,0
2026-04-13,1112,정부청사,승차,0,0,45,102,258,422,269,231,308,293,306,347,486,620,1020,1996,481,374,279,183,89,0,0,0
2026-04-13,1112,정부청사,하차,0,0,88,246,811,2888,803,403,330,326,339,308,324,364,498,521,245,181,156,100,36,8,0,0
2026-04-13,1113,갈마,승차,0,0,90,144,357,528,229,171,146,177,178,143,154,179,196,215,88,92,89,46,32,0,0,0
2026-04-13,1113,갈마,하차,0,0,23,37,118,209,125,107,127,149,165,164,206,251,293,472,235,183,150,125,60,9,0,0
2026-04-13,1114,월평,승차,0,0,69,137,287,500,223,159,168,181,244,177,243,230,312,402,176,143,151,92,45,0,0,0
2026-04-13,1114,월평,하차,0,0,21,34,145,410,302,251,209,231,231,232,249,262,338,529,215,179,158,120,87,7,0,0
2026-04-13,1115,갑천,승차,0,0,18,48,113,206,88,60,44,55,64,40,45,63,80,113,28,16,23,8,5,0,0,0
2026-04-13,1115,갑천,하차,0,0,5,22,47,120,50,39,39,61,45,43,59,82,97,170,88,51,46,38,16,1,0,0
2026-04-13,1116,유성온천,승차,0,2,116,279,776,1454,520,401,442,495,530,505,602,810,863,971,440,388,330,226,126,0,0,0
2026-04-13,1116,유성온천,하차,0,0,77,155,453,1066,718,502,520,552,562,531,658,694,959,1432,680,462,404,400,195,19,0,0
2026-04-13,1117,구암,승차,0,0,47,92,281,474,193,153,164,173,185,176,223,248,238,324,153,88,69,49,24,3,0,0
2026-04-13,1117,구암,하차,0,0,16,77,178,321,203,162,151,180,165,194,222,222,275,399,141,137,100,76,32,10,0,0
2026-04-13,1118,현충원,승차,0,0,27,46,185,397,117,89,115,146,185,156,217,340,351,313,108,81,83,57,12,0,0,0
2026-04-13,1118,현충원,하차,0,0,7,35,160,323,308,163,161,166,188,71,88,121,163,271,84,81,64,59,27,3,0,0
2026-04-13,1119,월드컵경기장,승차,0,0,41,114,291,576,199,169,129,117,160,139,190,228,196,263,139,94,70,41,11,1,0,0
2026-04-13,1119,월드컵경기장,하차,0,0,15,45,231,266,145,94,100,91,119,117,146,199,250,440,178,115,109,111,48,16,0,0
2026-04-13,1120,노은,승차,0,0,37,107,412,540,248,167,227,205,199,204,258,327,316,401,248,188,166,127,45,4,0,0
2026-04-13,1120,노은,하차,0,0,22,43,172,414,253,186,176,195,238,214,295,392,442,689,307,195,168,149,75,12,0,0
2026-04-13,1121,지족,승차,0,0,34,76,208,256,126,100,91,85,106,110,166,222,219,404,109,77,55,30,20,0,0,0
2026-04-13,1121,지족,하차,0,0,10,27,168,500,147,75,102,133,94,91,110,151,159,294,143,102,98,74,43,10,0,0
2026-04-13,1122,반석,승차,0,0,85,247,1043,1384,633,361,310,349,323,274,309,419,581,803,380,250,245,183,86,0,0,0
2026-04-13,1122,반석,하차,0,0,32,188,445,680,270,164,239,278,262,324,388,604,763,1380,421,379,373,332,129,14,0,0
2026-04-14,1101,판암,승차,0,4,107,194,559,781,380,224,251,263,269,227,231,279,342,374,124,80,73,40,22,0,0,0
2026-04-14,1101,판암,하차,0,4,11,68,178,319,161,149,179,170,216,218,280,414,362,613,275,187,206,191,80,20,0,0
2026-04-14,1102,신흥,승차,0,0,60,127,436,593,217,102,95,98,107,70,58,83,115,121,60,32,26,22,20,7,0,0
2026-04-14,1102,신흥,하차,0,0,11,19,54,128,42,56,47,103,79,71,139,217,253,459,180,137,131,104,58,19,0,0
2026-04-14,1103,대동,승차,0,0,82,158,472,725,289,198,196,220,262,221,249,599,427,498,181,150,163,82,40,0,0,0
2026-04-14,1103,대동,하차,0,0,18,53,315,586,281,171,138,216,200,197,242,316,357,598,294,211,232,194,128,21,0,0
2026-04-14,1104,대전,승차,0,0,11,131,507,721,577,620,601,721,628,725,812,831,953,1043,659,445,388,299,174,19,0,0
2026-04-14,1104,대전,하차,0,0,148,413,854,1123,745,680,690,585,628,657,705,755,714,790,326,294,196,126,81,19,0,0
2026-04-14,1105,중앙로,승차,0,0,25,71,160,309,171,174,188,264,362,329,487,504,630,732,343,354,405,378,576,5,0,0
2026-04-14,1105,중앙로,하차,0,0,26,56,193,796,415,317,413,422,396,494,431,577,812,784,269,137,130,89,54,5,0,0
2026-04-14,1106,중구청,승차,0,0,34,71,175,313,124,122,120,136,137,160,192,352,334,457,114,94,100,72,94,0,0,0
2026-04-14,1106,중구청,하차,0,0,27,53,295,683,207,111,115,134,127,143,145,158,225,329,117,87,75,56,42,4,0,0
2026-04-14,1107,서대전네거리,승차,0,1,121,179,599,999,388,356,307,378,298,267,354,464,465,624,226,190,171,129,119,0,0,0
2026-04-14,1107,서대전네거리,하차,0,0,22,93,285,720,343,308,251,279,358,342,392,437,581,1054,407,285,295,252,115,10,0,0
2026-04-14,1108,오룡,승차,0,0,73,144,510,928,311,220,225,212,242,203,247,334,333,699,153,89,84,47,25,0,0,0
2026-04-14,1108,오룡,하차,0,0,25,60,212,702,270,92,146,147,166,209,237,289,400,634,267,209,213,151,89,4,0,0
2026-04-14,1109,용문,승차,0,0,112,260,717,1432,513,399,344,458,440,386,376,568,544,509,260,247,266,147,134,6,0,0
2026-04-14,1109,용문,하차,0,0,28,94,215,602,392,361,347,422,414,402,441,601,756,1289,549,348,388,241,216,6,0,0
2026-04-14,1110,탄방,승차,0,5,52,129,377,608,276,209,264,228,243,260,336,328,514,862,213,203,181,200,51,7,0,0
2026-04-14,1110,탄방,하차,0,5,37,103,377,1225,376,225,206,203,305,225,282,391,407,759,288,171,151,121,138,8,0,0
2026-04-14,1111,시청,승차,0,0,48,123,349,487,283,300,364,338,342,394,468,670,940,1526,475,560,537,536,189,0,0,0
2026-04-14,1111,시청,하차,0,0,62,179,659,2058,735,414,357,329,419,403,485,692,746,930,367,244,195,133,97,7,0,0
2026-04-14,1112,정부청사,승차,0,0,29,96,258,433,247,235,267,271,319,337,523,635,1114,1967,508,361,274,162,71,0,0,0
2026-04-14,1112,정부청사,하차,0,0,85,260,807,2873,748,350,303,365,341,346,301,326,429,529,209,184,172,93,111,10,0,0
2026-04-14,1113,갈마,승차,0,0,74,149,367,558,239,170,148,168,178,157,150,203,234,199,104,85,84,49,28,0,0,0
2026-04-14,1113,갈마,하차,0,0,21,36,107,186,100,109,131,115,152,166,188,287,281,510,230,143,177,143,154,20,0,0
2026-04-14,1114,월평,승차,0,0,65,137,312,548,246,145,182,233,194,233,237,268,306,390,179,148,130,121,36,0,0,0
2026-04-14,1114,월평,하차,0,0,20,36,137,397,274,214,180,229,231,246,234,301,337,553,217,169,160,142,145,10,0,0
2026-04-14,1115,갑천,승차,0,0,23,48,119,235,70,50,57,47,54,39,52,51,94,93,41,28,38,13,7,0,0,0
2026-04-14,1115,갑천,하차,0,0,8,25,47,114,57,37,34,71,62,48,56,85,96,173,85,52,52,39,43,3,0,0
2026-04-14,1116,유성온천,승차,0,3,102,227,814,1509,524,395,393,470,512,519,624,895,893,1026,440,392,374,267,122,1,0,0
2026-04-14,1116,유성온천,하차,0,1,72,142,418,1064,726,483,549,498,567,494,563,679,918,1483,638,473,464,442,347,36,0,0
2026-04-14,1117,구암,승차,0,0,35,83,283,458,202,277,312,281,324,330,303,336,271,290,168,102,110,52,18,7,0,0
2026-04-14,1117,구암,하차,0,0,12,91,186,359,305,338,349,279,301,246,270,253,235,390,132,137,124,80,63,10,0,0
2026-04-14,1118,현충원,승차,0,1,23,52,179,360,128,93,139,188,197,156,238,363,353,308,116,104,97,57,17,0,0,0
2026-04-14,1118,현충원,하차,0,0,7,41,182,387,328,144,167,132,151,80,83,122,160,290,83,69,86,70,65,8,0,0
2026-04-14,1119,월드컵경기장,승차,0,0,30,92,313,599,200,153,128,166,152,145,180,244,207,269,118,109,78,28,7,1,0,0
2026-04-14,1119,월드컵경기장,하차,0,0,12,43,212,249,164,106,99,97,127,117,134,195,241,414,183,135,140,96,73,14,0,0
2026-04-14,1120,노은,승차,0,0,46,97,436,549,280,196,242,207,221,204,234,339,355,399,186,188,179,145,42,4,0,0
2026-04-14,1120,노은,하차,0,0,15,44,191,408,231,191,211,211,228,247,298,430,496,632,307,198,205,171,103,12,0,0
2026-04-14,1121,지족,승차,0,0,31,59,224,255,136,92,113,89,106,93,163,210,240,395,97,78,63,50,17,8,0,0
2026-04-14,1121,지족,하차,0,0,11,36,140,526,134,86,83,99,102,90,125,131,172,263,135,103,95,110,54,22,0,0
2026-04-14,1122,반석,승차,0,1,83,246,1069,1369,676,436,304,316,371,262,359,446,674,865,340,291,280,189,93,0,0,0
2026-04-14,1122,반석,하차,0,0,43,165,459,719,268,192,240,297,298,339,439,621,815,1330,415,380,416,368,197,32,0,0
2026-04-15,1101,판암,승차,0,0,100,182,609,822,319,254,265,267,262,216,236,279,360,366,143,101,81,57,15,0,0,0
2026-04-15,1101,판암,하차,0,0,14,65,176,326,143,143,167,182,197,227,305,371,408,645,268,185,263,213,82,22,0,0
2026-04-15,1102,신흥,승차,0,0,61,98,462,605,214,130,107,121,110,90,87,105,135,130,66,47,15,25,13,0,0,0
2026-04-15,1102,신흥,하차,0,0,8,19,72,117,67,53,80,107,96,105,171,238,255,445,203,139,151,110,63,11,0,0
2026-04-15,1103,대동,승차,0,0,70,160,466,747,275,206,227,233,267,231,331,540,472,522,209,165,145,96,42,0,0,0
2026-04-15,1103,대동,하차,0,0,19,51,317,563,254,191,146,223,221,220,298,292,349,544,288,181,262,214,119,26,0,0
2026-04-15,1104,대전,승차,0,0,12,130,471,725,602,639,613,710,693,751,858,849,940,1164,681,436,388,319,190,0,0,0
2026-04-15,1104,대전,하차,0,0,127,409,879,1117,727,702,766,599,721,711,739,773,751,837,320,262,236,187,41,2,0,0
2026-04-15,1105,중앙로,승차,0,0,28,62,173,319,134,183,211,281,403,404,444,487,645,826,407,363,479,804,131,9,0,0
2026-04-15,1105,중앙로,하차,0,0,25,66,187,844,393,361,411,462,474,458,503,598,818,950,313,174,111,79,43,13,0,0
2026-04-15,1106,중구청,승차,0,0,20,57,189,304,152,104,149,112,147,155,218,243,316,459,101,94,59,97,22,0,0,0
2026-04-15,1106,중구청,하차,0,0,17,55,268,661,223,124,105,116,168,120,125,150,192,320,121,81,88,60,44,3,0,0
2026-04-15,1107,서대전네거리,승차,0,3,108,201,615,964,365,291,316,380,383,302,348,455,468,599,283,198,146,122,81,7,0,0
2026-04-15,1107,서대전네거리,하차,0,0,37,83,281,705,338,284,267,317,359,327,389,501,614,1028,416,262,299,263,123,23,0,0
2026-04-15,1108,오룡,승차,0,0,93,151,530,908,293,210,216,234,245,222,177,369,330,745,162,104,82,55,39,0,0,0
2026-04-15,1108,오룡,하차,0,0,23,57,212,736,282,141,139,152,178,202,266,299,387,666,240,170,187,171,99,1,0,0
2026-04-15,1109,용문,승차,0,0,113,236,707,1378,452,309,394,409,686,543,537,533,536,497,269,253,542,225,118,0,0,0
2026-04-15,1109,용문,하차,0,0,29,72,264,659,421,330,574,378,446,439,501,601,791,1404,871,402,324,292,157,0,0,0
2026-04-15,1110,탄방,승차,0,0,41,144,331,563,277,208,280,205,212,268,311,303,535,794,240,166,239,227,48,0,0,0
2026-04-15,1110,탄방,하차,0,0,37,105,373,1210,415,210,206,200,282,205,253,374,411,704,287,160,154,150,81,0,0,0
2026-04-15,1111,시청,승차,0,1,42,107,339,506,269,294,344,305,390,368,619,622,981,1541,528,481,501,462,221,0,0,0
2026-04-15,1111,시청,하차,0,0,66,195,634,1999,691,379,389,403,521,418,471,675,732,963,396,235,210,154,97,8,0,0
2026-04-15,1112,정부청사,승차,0,0,29,88,285,413,294,262,320,291,343,351,499,755,1106,1988,478,335,265,174,68,0,0,0
2026-04-15,1112,정부청사,하차,0,0,88,227,806,2784,706,375,333,323,353,323,325,345,428,552,230,185,172,139,60,9,0,0
2026-04-15,1113,갈마,승차,0,0,70,128,342,549,242,164,160,168,181,135,148,193,213,209,124,94,74,41,29,2,0,0
2026-04-15,1113,갈마,하차,0,0,31,30,101,183,123,89,116,148,168,174,223,253,290,481,228,167,184,177,110,16,0,0
2026-04-15,1114,월평,승차,0,0,75,130,314,528,234,174,185,161,189,204,239,273,295,408,176,130,120,107,44,0,0,0
2026-04-15,1114,월평,하차,0,0,18,38,137,387,234,163,183,240,202,219,227,256,320,514,247,163,203,129,106,4,0,0
2026-04-15,1115,갑천,승차,0,0,23,39,126,222,84,58,54,56,53,35,55,61,119,129,49,29,29,13,4,0,0,0
2026-04-15,1115,갑천,하차,0,0,6,26,46,131,39,41,46,38,44,41,74,74,109,186,71,48,60,65,36,3,0,0
2026-04-15,1116,유성온천,승차,0,0,97,256,817,1522,559,388,488,530,523,546,675,821,965,1038,482,375,388,242,148,7,0,0
2026-04-15,1116,유성온천,하차,0,0,63,140,434,1043,702,492,490,545,543,518,655,653,962,1553,646,413,532,454,295,26,0,0
2026-04-15,1117,구암,승차,0,0,39,74,269,445,172,166,132,152,144,157,198,272,257,305,173,121,76,49,13,2,0,0
2026-04-15,1117,구암,하차,0,0,17,65,193,322,214,150,159,170,151,156,195,227,269,351,134,126,152,109,69,10,0,0
2026-04-15,1118,현충원,승차,0,0,24,52,189,352,147,120,162,210,214,215,251,399,367,306,96,82,78,58,12,0,0,0
2026-04-15,1118,현충원,하차,0,0,6,46,171,375,312,144,165,147,193,85,104,128,141,255,88,76,74,79,56,8,0,0
2026-04-15,1119,월드컵경기장,승차,0,0,25,96,313,536,194,143,166,132,161,127,146,263,251,304,127,112,72,25,9,0,0,0
2026-04-15,1119,월드컵경기장,하차,0,0,8,37,203,270,128,111,94,120,125,135,153,179,241,400,183,128,140,108,91,19,0,0
2026-04-15,1120,노은,승차,0,0,45,105,411,563,247,213,195,228,200,190,276,315,371,420,211,221,214,129,54,4,0,0
2026-04-15,1120,노은,하차,0,0,20,50,188,371,233,172,166,231,254,273,362,423,447,661,314,205,215,167,109,14,0,0
2026-04-15,1121,지족,승차,0,0,31,65,208,248,123,115,93,109,123,122,198,173,193,426,90,78,59,30,14,6,0,0
2026-04-15,1121,지족,하차,0,0,12,29,156,532,124,80,85,74,118,105,117,135,165,262,137,106,98,101,61,22,0,0
2026-04-15,1122,반석,승차,0,0,73,245,1043,1363,629,406,328,320,326,277,361,450,608,886,328,265,244,183,107,6,0,0
2026-04-15,1122,반석,하차,0,0,46,153,447,711,302,206,227,271,341,315,449,624,782,1259,430,347,370,367,196,30,0,0
2026-04-16,1101,판암,승차,0,0,101,202,608,776,356,248,192,273,220,218,234,287,319,385,112,103,60,34,21,2,0,0
2026-04-16,1101,판암,하차,0,0,14,77,183,328,155,164,204,199,171,198,269,361,412,576,260,208,236,188,67,23,0,0
2026-04-16,1102,신흥,승차,0,0,62,126,433,600,215,111,91,128,115,85,80,116,124,116,49,34,23,18,10,0,0,0
2026-04-16,1102,신흥,하차,0,0,9,27,59,98,53,59,71,88,79,106,129,266,207,461,171,146,135,111,71,10,0,0
2026-04-16,1103,대동,승차,0,0,84,158,487,682,291,222,183,227,240,246,291,550,415,519,183,123,171,72,40,1,0,0
2026-04-16,1103,대동,하차,0,0,14,58,325,548,240,181,164,242,189,190,252,338,352,549,261,187,229,227,110,22,0,0
2026-04-16,1104,대전,승차,0,0,20,133,522,613,667,675,562,702,698,785,803,901,1012,1151,809,452,456,331,186,7,0,0
2026-04-16,1104,대전,하차,0,0,141,439,882,1153,766,714,758,681,707,766,819,814,902,875,435,325,291,159,53,12,0,0
2026-04-16,1105,중앙로,승차,0,0,23,53,178,311,175,156,206,335,352,411,449,496,666,791,365,387,978,384,149,6,0,0
2026-04-16,1105,중앙로,하차,0,0,22,56,198,833,431,331,428,496,467,452,461,590,840,989,350,209,145,85,54,3,0,0
2026-04-16,1106,중구청,승차,0,0,26,63,191,287,116,112,145,143,144,117,144,379,308,439,107,91,106,111,24,0,0,0
2026-04-16,1106,중구청,하차,0,0,28,63,274,632,215,122,110,109,139,133,129,159,192,318,111,83,87,56,44,6,0,0
2026-04-16,1107,서대전네거리,승차,0,1,114,183,583,977,438,298,307,368,319,255,373,454,476,596,251,241,212,140,71,6,0,0
2026-04-16,1107,서대전네거리,하차,0,0,29,86,256,763,328,245,338,295,396,292,335,467,587,1054,402,298,312,225,114,19,0,0
2026-04-16,1108,오룡,승차,0,0,83,149,517,883,301,205,232,232,250,196,188,324,349,686,161,126,67,55,26,0,0,0
2026-04-16,1108,오룡,하차,0,0,34,67,236,700,236,143,161,165,167,180,251,311,386,593,254,194,216,169,92,1,0,0
2026-04-16,1109,용문,승차,0,0,120,250,741,1441,471,346,378,459,446,351,419,536,486,529,281,235,241,146,113,5,0,0
2026-04-16,1109,용문,하차,0,0,28,72,250,582,411,318,318,357,385,411,460,557,720,1318,560,362,405,277,161,5,0,0
2026-04-16,1110,탄방,승차,0,6,44,145,351,619,274,226,261,211,221,240,305,309,555,766,235,185,233,211,52,0,0,0
2026-04-16,1110,탄방,하차,0,6,29,111,407,1195,400,210,181,223,273,254,263,337,403,741,309,179,196,153,96,0,0,0
2026-04-16,1111,시청,승차,0,0,49,109,322,467,283,277,345,300,338,391,480,584,955,1497,531,626,594,492,180,0,0,0
2026-04-16,1111,시청,하차,0,0,69,202,657,2040,688,385,325,323,448,463,394,673,786,974,396,230,238,182,100,11,0,0
2026-04-16,1112,정부청사,승차,0,1,29,97,258,462,277,234,306,308,354,443,539,721,1120,1952,509,359,289,177,74,1,0,0
2026-04-16,1112,정부청사,하차,0,0,83,236,800,2759,770,431,297,369,361,341,298,337,432,586,264,171,167,196,45,18,0,0
2026-04-16,1113,갈마,승차,0,0,78,139,368,542,225,150,141,150,175,148,162,196,233,205,109,108,91,48,32,2,0,0
2026-04-16,1113,갈마,하차,0,0,31,45,109,187,117,78,106,155,155,179,208,251,292,487,279,175,187,203,103,18,0,0
2026-04-16,1114,월평,승차,0,0,70,137,301,535,216,161,193,226,230,212,270,304,362,442,180,145,132,80,49,0,0,0
2026-04-16,1114,월평,하차,0,0,14,42,139,398,254,195,187,203,197,197,224,277,304,535,251,147,175,188,101,15,0,0
2026-04-16,1115,갑천,승차,0,0,24,43,112,238,103,55,63,48,48,64,55,64,89,121,38,40,31,13,8,0,0,0
2026-04-16,1115,갑천,하차,0,0,9,24,47,130,47,47,42,55,72,52,58,85,110,151,92,65,57,51,30,3,0,0
2026-04-16,1116,유성온천,승차,0,0,92,251,808,1465,519,360,453,519,558,511,663,869,954,1028,456,364,412,302,152,11,0,0
2026-04-16,1116,유성온천,하차,0,0,81,128,406,994,697,442,540,506,587,528,613,740,995,1490,647,492,555,528,240,27,0,0
2026-04-16,1117,구암,승차,0,0,39,62,272,447,184,153,153,142,173,174,238,280,244,322,178,119,78,57,30,1,0,0
2026-04-16,1117,구암,하차,0,0,14,72,183,302,224,146,114,179,159,159,218,210,290,400,156,140,123,118,47,9,0,0
2026-04-16,1118,현충원,승차,0,0,25,42,178,354,154,118,162,212,239,168,243,335,389,305,106,102,93,61,8,2,0,0
2026-04-16,1118,현충원,하차,0,0,6,59,159,332,319,143,168,146,166,71,92,140,168,265,78,72,91,119,33,11,0,0
2026-04-16,1119,월드컵경기장,승차,0,0,29,115,319,540,228,148,138,150,167,149,178,257,220,312,122,91,83,41,11,0,0,0
2026-04-16,1119,월드컵경기장,하차,0,0,11,41,190,276,156,140,111,110,98,110,121,180,278,390,171,135,139,123,59,19,0,0
2026-04-16,1120,노은,승차,0,2,50,114,441,526,241,205,202,208,211,179,250,308,398,448,218,200,214,158,69,5,0,0
2026-04-16,1120,노은,하차,0,0,21,37,190,393,235,148,183,230,226,257,297,427,461,663,365,213,221,182,83,20,0,0
2026-04-16,1121,지족,승차,0,0,34,63,203,270,133,81,104,97,125,118,149,198,219,437,77,65,73,47,22,0,0,0
2026-04-16,1121,지족,하차,0,0,12,33,141,513,115,112,86,89,92,83,126,128,186,263,107,99,108,98,52,13,0,0
2026-04-16,1122,반석,승차,0,0,88,263,1019,1392,600,349,306,298,311,277,341,541,660,884,359,288,341,193,107,0,0,0
2026-04-16,1122,반석,하차,0,0,51,160,453,753,253,189,196,275,299,326,370,593,785,1242,483,395,397,442,158,31,0,0
2026-04-17,1101,판암,승차,0,5,90,195,573,735,346,250,242,294,277,249,229,286,333,399,154,101,109,46,20,0,0,0
2026-04-17,1101,판암,하차,0,0,10,75,183,314,183,169,175,198,200,207,313,391,396,588,241,219,208,220,92,36,0,0
2026-04-17,1102,신흥,승차,0,0,58,103,433,576,186,120,83,119,118,87,59,104,154,141,68,51,39,26,6,0,0,0
2026-04-17,1102,신흥,하차,0,0,12,22,54,118,56,59,78,94,104,93,160,218,238,426,197,130,162,115,69,12,0,0
2026-04-17,1103,대동,승차,0,0,79,158,487,659,252,209,198,287,272,228,465,440,437,417,180,139,109,67,44,0,0,0
2026-04-17,1103,대동,하차,0,0,20,42,296,458,184,164,148,170,207,175,253,324,373,524,290,222,198,192,129,24,0,0
2026-04-17,1104,대전,승차,0,0,13,131,464,628,532,627,552,597,652,821,925,1068,1206,1343,962,637,765,460,257,0,0,0
2026-04-17,1104,대전,하차,0,0,123,382,902,1103,773,734,829,704,888,891,927,1138,1250,1475,698,556,361,145,92,5,0,0
2026-04-17,1105,중앙로,승차,0,0,38,63,168,343,165,169,237,298,381,450,514,563,676,752,440,455,432,235,143,13,0,0
2026-04-17,1105,중앙로,하차,0,0,34,50,186,800,392,393,458,475,482,489,522,525,607,874,427,228,180,131,44,15,0,0
2026-04-17,1106,중구청,승차,0,0,23,63,180,299,137,110,106,112,156,169,187,327,336,437,110,108,75,44,13,7,0,0
2026-04-17,1106,중구청,하차,0,0,16,63,263,622,201,112,91,130,126,126,135,182,187,266,124,82,65,73,52,14,0,0
2026-04-17,1107,서대전네거리,승차,0,1,101,170,567,908,379,343,312,390,399,282,358,524,556,593,302,199,189,141,88,1,0,0
2026-04-17,1107,서대전네거리,하차,0,0,27,93,219,750,368,272,366,308,388,337,414,467,600,1084,400,268,272,260,112,12,0,0
2026-04-17,1108,오룡,승차,0,0,84,125,484,842,276,215,211,182,213,240,272,332,473,701,220,125,106,57,38,0,0,0
2026-04-17,1108,오룡,하차,0,0,18,61,219,683,210,124,140,174,215,207,258,327,418,663,285,175,186,154,97,0,0,0
2026-04-17,1109,용문,승차,0,0,116,234,653,1318,480,384,443,388,443,374,456,563,597,594,320,262,228,198,121,0,0,0
2026-04-17,1109,용문,하차,0,0,25,82,243,605,386,329,331,375,444,423,507,607,744,1238,555,385,382,260,177,0,0,0
2026-04-17,1110,탄방,승차,0,0,43,133,343,544,242,221,296,228,262,297,340,354,553,827,236,174,196,218,56,0,0,0
2026-04-17,1110,탄방,하차,0,0,37,99,350,1154,397,219,201,191,308,237,308,411,441,706,313,161,193,127,92,0,0,0
2026-04-17,1111,시청,승차,0,0,41,107,311,422,289,305,376,336,395,450,542,740,1154,1532,563,521,522,526,223,0,0,0
2026-04-17,1111,시청,하차,0,0,61,191,635,1962,721,423,363,329,411,471,599,624,790,902,455,294,211,149,95,13,0,0
2026-04-17,1112,정부청사,승차,0,1,36,84,256,396,266,278,321,347,377,416,644,859,1162,2024,457,311,231,150,64,0,0,0
2026-04-17,1112,정부청사,하차,0,0,81,223,743,2520,721,360,324,345,336,363,366,384,515,546,283,187,200,126,58,11,0,0
2026-04-17,1113,갈마,승차,0,0,61,124,323,521,211,162,172,161,177,131,180,183,236,237,124,107,72,49,32,1,0,0
2026-04-17,1113,갈마,하차,0,0,27,29,103,159,117,92,133,143,150,193,242,237,300,496,299,191,191,138,99,15,0,0
2026-04-17,1114,월평,승차,0,0,61,120,317,530,261,180,177,221,239,213,270,295,341,422,215,178,139,93,50,1,0,0
2026-04-17,1114,월평,하차,0,0,17,37,115,338,191,184,196,245,219,207,234,288,381,606,245,207,171,189,112,24,0,0
2026-04-17,1115,갑천,승차,0,0,19,47,115,204,84,58,63,45,47,49,61,61,87,112,53,25,32,12,8,1,0,0
2026-04-17,1115,갑천,하차,0,0,9,34,52,116,53,53,42,46,41,54,77,66,85,168,94,31,46,45,19,3,0,0
2026-04-17,1116,유성온천,승차,0,0,94,251,789,1424,515,458,464,527,570,717,694,763,942,972,546,435,407,246,218,4,0,0
2026-04-17,1116,유성온천,하차,0,0,62,146,386,914,551,474,494,500,625,565,636,758,1134,1534,745,536,535,439,275,26,0,0
2026-04-17,1117,구암,승차,0,0,35,77,246,420,186,151,146,157,236,249,255,307,276,383,253,188,125,73,52,2,0,0
2026-04-17,1117,구암,하차,0,0,18,76,205,297,202,174,182,149,178,190,254,261,343,420,162,144,143,90,54,12,0,0
2026-04-17,1118,현충원,승차,0,0,25,44,183,354,130,134,117,223,244,202,240,260,289,323,135,80,54,40,7,0,0,0
2026-04-17,1118,현충원,하차,0,0,8,50,144,261,261,121,134,117,146,98,98,137,165,249,75,88,87,107,49,5,0,0
2026-04-17,1119,월드컵경기장,승차,0,0,26,100,277,546,181,125,156,178,165,174,184,233,233,293,111,102,66,52,16,1,0,0
2026-04-17,1119,월드컵경기장,하차,0,0,9,49,194,255,124,84,96,110,116,144,171,198,256,402,175,137,134,116,66,11,0,0
2026-04-17,1120,노은,승차,0,0,46,103,405,521,230,173,217,206,215,209,337,282,431,430,244,179,195,154,59,7,0,0
2026-04-17,1120,노은,하차,0,0,21,41,210,396,262,168,165,178,267,301,368,423,534,654,352,224,193,164,106,22,0,0
2026-04-17,1121,지족,승차,0,0,34,71,207,249,130,101,104,101,133,118,197,172,223,457,90,67,47,33,19,0,0,0
2026-04-17,1121,지족,하차,0,0,12,28,145,497,111,64,88,112,103,99,115,117,177,262,136,78,117,91,64,11,0,0
2026-04-17,1122,반석,승차,0,0,78,230,969,1249,549,333,268,320,341,323,449,497,766,915,360,291,268,195,125,1,0,0
2026-04-17,1122,반석,하차,0,0,32,165,435,662,290,187,231,283,310,385,461,609,876,1255,465,361,374,347,176,28,0,0
2026-04-18,1101,판암,승차,0,0,74,122,218,282,307,300,292,332,327,255,221,199,275,189,149,122,91,46,17,0,0,0
2026-04-18,1101,판암,하차,0,0,21,62,122,166,152,159,200,209,231,211,210,255,296,207,144,197,188,163,84,45,0,0
2026-04-18,1102,신흥,승차,0,0,41,86,117,173,162,135,130,126,121,108,79,105,124,88,75,36,37,25,15,0,0,0
2026-04-18,1102,신흥,하차,0,0,9,19,45,51,51,70,74,96,91,75,112,115,130,158,103,124,106,110,70,11,0,0
2026-04-18,1103,대동,승차,0,0,67,115,157,270,251,223,289,278,232,248,191,246,231,143,115,100,54,45,41,0,0,0
2026-04-18,1103,대동,하차,0,0,21,29,58,169,93,131,108,177,171,171,204,225,239,245,169,176,163,154,133,20,0,0
2026-04-18,1104,대전,승차,0,0,16,117,318,497,598,868,992,900,965,1126,1231,1308,1082,864,774,792,740,513,367,4,0,0
2026-04-18,1104,대전,하차,0,0,151,435,692,794,996,1016,1162,963,1076,1129,1041,999,891,738,594,541,307,177,51,4,0,0
2026-04-18,1105,중앙로,승차,0,0,24,47,72,126,139,202,260,342,510,582,650,819,901,683,690,665,525,317,206,1,0,0
2026-04-18,1105,중앙로,하차,0,0,19,75,112,252,330,400,694,887,826,923,861,815,924,666,468,277,205,99,59,6,0,0
2026-04-18,1106,중구청,승차,0,0,21,38,72,98,78,100,117,123,143,107,153,106,151,110,107,85,40,56,25,0,0,0
2026-04-18,1106,중구청,하차,0,0,10,45,57,93,104,111,117,148,147,156,131,106,184,146,93,70,77,52,40,4,0,0
2026-04-18,1107,서대전네거리,승차,0,0,70,94,194,313,346,344,341,442,470,335,324,347,446,280,237,245,184,97,89,2,0,0
2026-04-18,1107,서대전네거리,하차,0,0,25,75,136,265,267,293,349,353,445,360,359,383,486,464,320,265,213,206,130,10,0,0
2026-04-18,1108,오룡,승차,0,0,60,94,160,262,228,202,282,241,225,216,163,188,242,179,138,124,102,57,21,0,0,0
2026-04-18,1108,오룡,하차,0,0,20,47,78,141,142,133,156,167,216,182,193,273,236,178,185,152,135,108,118,2,0,0
2026-04-18,1109,용문,승차,0,0,93,165,273,386,389,400,461,483,487,495,572,571,518,442,309,264,191,127,70,1,0,0
2026-04-18,1109,용문,하차,0,0,25,72,151,315,364,331,392,484,502,474,429,493,572,470,420,325,278,232,206,1,0,0
2026-04-18,1110,탄방,승차,0,0,38,96,147,185,209,214,254,283,309,333,288,337,438,294,253,191,119,104,51,0,0,0
2026-04-18,1110,탄방,하차,0,0,22,98,113,267,401,316,294,387,327,317,260,358,368,225,167,169,160,115,101,0,0,0
2026-04-18,1111,시청,승차,0,0,43,69,119,172,252,284,358,482,458,505,471,532,587,498,426,403,312,315,219,0,0,0
2026-04-18,1111,시청,하차,0,0,30,94,199,404,535,410,464,610,504,413,423,452,485,452,311,298,213,140,85,20,0,0
2026-04-18,1112,정부청사,승차,0,1,38,72,116,163,217,266,275,353,398,401,433,456,453,459,289,265,201,106,55,0,0,0
2026-04-18,1112,정부청사,하차,0,0,39,97,143,342,354,369,469,455,482,496,463,399,359,297,233,192,193,132,60,10,0,0
2026-04-18,1113,갈마,승차,0,0,52,90,159,210,227,210,247,250,174,199,156,185,223,147,104,86,72,37,35,1,0,0
2026-04-18,1113,갈마,하차,0,0,22,24,52,113,100,117,130,184,202,224,241,221,249,187,216,193,159,149,115,17,0,0
2026-04-18,1114,월평,승차,0,0,62,109,161,225,237,215,251,254,248,233,259,241,244,193,142,159,106,92,74,0,0,0
2026-04-18,1114,월평,하차,0,0,10,19,49,90,114,152,193,272,244,222,243,264,326,277,245,185,174,172,149,23,0,0
2026-04-18,1115,갑천,승차,0,0,30,32,54,69,85,59,78,89,84,77,82,92,68,61,43,37,31,8,9,0,0,0
2026-04-18,1115,갑천,하차,0,0,13,27,27,54,59,58,76,91,64,65,79,72,75,87,68,41,45,34,34,4,0,0
2026-04-18,1116,유성온천,승차,0,1,106,193,326,456,570,564,670,706,669,647,676,686,669,521,381,423,412,284,182,14,0,0
2026-04-18,1116,유성온천,하차,0,0,52,118,191,477,506,527,557,669,618,610,593,811,913,813,579,520,499,415,270,36,0,0
2026-04-18,1117,구암,승차,0,0,51,54,94,162,198,262,255,277,249,218,221,244,257,231,189,123,114,94,57,0,0,0
2026-04-18,1117,구암,하차,0,0,12,50,144,206,221,171,267,225,191,251,222,231,224,196,149,129,128,69,57,8,0,0
2026-04-18,1118,현충원,승차,0,0,15,37,92,212,112,160,166,210,208,204,211,203,189,144,119,70,54,35,7,0,0,0
2026-04-18,1118,현충원,하차,0,0,11,42,75,81,167,212,175,152,123,107,118,139,139,81,87,91,95,77,20,9,0,0
2026-04-18,1119,월드컵경기장,승차,0,0,29,57,97,183,174,171,189,231,163,140,127,158,191,149,109,98,58,29,9,1,0,0
2026-04-18,1119,월드컵경기장,하차,0,0,8,62,82,115,103,100,118,108,130,130,124,156,167,155,110,121,102,117,61,13,0,0
2026-04-18,1120,노은,승차,0,0,33,78,107,233,221,241,281,385,356,242,239,255,281,216,225,151,137,121,68,1,0,0
2026-04-18,1120,노은,하차,0,0,16,31,98,208,261,208,278,250,245,294,287,263,335,311,219,203,180,134,123,16,0,0
2026-04-18,1121,지족,승차,0,0,26,53,93,104,129,122,168,142,139,137,107,91,134,74,64,59,61,22,11,6,0,0
2026-04-18,1121,지족,하차,0,0,8,25,38,77,86,59,68,89,118,88,97,141,112,123,81,91,90,75,66,23,0,0
2026-04-18,1122,반석,승차,0,0,61,117,271,423,511,441,554,446,406,391,333,401,404,302,178,203,174,151,85,0,0,0
2026-04-18,1122,반석,하차,0,0,31,86,114,233,260,242,246,310,322,345,359,427,533,394,347,309,323,244,163,46,0,0
2026-04-19,1101,판암,승차,0,0,48,90,130,168,238,280,195,214,214,190,178,157,170,144,101,79,66,40,18,1,0,0
2026-04-19,1101,판암,하차,0,0,14,40,68,90,115,131,121,141,185,208,214,194,248,153,164,141,154,91,47,24,0,0
2026-04-19,1102,신흥,승차,0,0,34,47,75,79,126,120,80,100,86,72,57,67,76,60,54,41,28,11,6,0,0,0
2026-04-19,1102,신흥,하차,0,0,6,19,27,39,26,62,44,51,75,77,98,96,107,81,89,73,97,54,36,4,0,0
2026-04-19,1103,대동,승차,0,0,40,71,97,158,209,248,182,200,176,320,163,156,136,80,90,69,52,23,24,0,0,0
2026-04-19,1103,대동,하차,0,0,12,33,38,80,85,120,159,104,164,150,181,176,214,162,152,171,148,126,106,11,0,0
2026-04-19,1104,대전,승차,0,0,13,93,172,339,459,677,682,770,702,851,1008,999,889,744,772,892,941,703,455,0,0,0
2026-04-19,1104,대전,하차,0,0,98,275,373,481,614,675,713,624,724,756,658,671,570,560,497,467,273,101,39,2,0,0
2026-04-19,1105,중앙로,승차,0,0,19,30,41,89,130,129,170,278,354,452,503,595,605,533,455,423,271,183,73,9,0,0
2026-04-19,1105,중앙로,하차,0,0,17,52,91,160,222,400,520,642,678,614,559,495,490,337,247,161,103,62,27,10,0,0
2026-04-19,1106,중구청,승차,0,0,14,21,48,45,54,75,72,62,106,83,94,142,74,82,59,38,19,26,18,0,0,0
2026-04-19,1106,중구청,하차,0,0,6,37,31,39,52,56,108,101,119,165,89,76,116,77,65,48,69,46,27,6,0,0
2026-04-19,1107,서대전네거리,승차,0,0,45,65,91,174,177,269,217,365,246,236,257,249,226,213,231,163,123,62,48,0,0,0
2026-04-19,1107,서대전네거리,하차,0,0,18,59,79,212,200,194,183,222,307,251,292,307,315,319,223,210,223,137,109,6,0,0
2026-04-19,1108,오룡,승차,0,0,43,65,83,112,173,205,173,260,215,169,159,148,153,147,151,87,81,35,25,0,0,0
2026-04-19,1108,오룡,하차,0,0,14,51,55,135,121,198,100,114,122,129,154,182,145,192,134,140,110,106,76,6,0,0
2026-04-19,1109,용문,승차,0,1,60,112,116,258,277,313,343,537,635,492,389,375,416,305,256,233,252,92,50,0,0,0
2026-04-19,1109,용문,하차,0,0,16,43,103,224,428,666,371,281,339,411,446,389,444,318,327,256,215,187,163,0,0,0
2026-04-19,1110,탄방,승차,0,0,33,52,79,115,119,178,159,204,265,228,209,180,252,152,107,88,92,60,26,0,0,0
2026-04-19,1110,탄방,하차,0,0,21,59,35,101,160,245,211,267,230,196,193,179,206,168,144,135,133,109,75,0,0,0
2026-04-19,1111,시청,승차,0,0,40,54,71,110,140,200,208,248,273,277,346,412,367,345,336,260,200,221,87,0,0,0
2026-04-19,1111,시청,하차,0,0,9,60,74,163,240,237,281,383,403,317,369,320,307,288,220,179,170,110,72,16,0,0
2026-04-19,1112,정부청사,승차,0,0,21,40,56,129,125,165,130,197,245,250,264,271,316,259,218,219,148,94,37,1,0,0
2026-04-19,1112,정부청사,하차,0,0,23,84,71,161,204,272,259,289,319,320,323,295,247,185,178,153,197,95,61,8,0,0
2026-04-19,1113,갈마,승차,0,0,33,62,114,139,190,195,152,142,171,155,163,160,144,124,97,77,43,33,19,6,0,0
2026-04-19,1113,갈마,하차,0,0,16,20,24,47,89,102,115,138,158,173,187,209,176,177,156,136,118,122,91,17,0,0
2026-04-19,1114,월평,승차,0,0,28,62,95,147,174,203,145,178,165,184,207,174,162,153,134,93,90,57,37,1,0,0
2026-04-19,1114,월평,하차,0,0,10,20,22,76,102,157,131,188,202,202,276,219,247,192,231,210,170,166,149,20,0,0
2026-04-19,1115,갑천,승차,0,0,11,19,21,44,59,52,45,69,77,69,42,51,48,44,31,23,27,6,3,0,0,0
2026-04-19,1115,갑천,하차,0,0,7,19,11,29,40,45,51,41,59,62,63,59,53,48,50,29,44,33,24,4,0,0
2026-04-19,1116,유성온천,승차,0,0,66,127,175,327,430,430,385,428,445,464,484,447,493,388,333,331,212,136,98,2,0,0
2026-04-19,1116,유성온천,하차,0,0,61,78,141,242,267,358,275,408,502,524,546,602,585,560,422,434,408,348,225,29,0,0
2026-04-19,1117,구암,승차,0,0,21,45,61,115,200,310,330,299,308,311,298,283,195,211,179,141,111,56,31,3,0,0
2026-04-19,1117,구암,하차,0,0,7,37,121,165,275,327,307,267,279,256,271,290,230,182,158,157,126,77,40,5,0,0
2026-04-19,1118,현충원,승차,0,0,10,29,32,101,119,131,117,157,155,124,181,135,108,92,75,70,25,24,9,0,0,0
2026-04-19,1118,현충원,하차,0,0,4,17,25,79,116,151,120,84,102,74,93,112,95,70,83,78,65,65,27,9,0,0
2026-04-19,1119,월드컵경기장,승차,0,0,17,34,57,104,131,160,88,98,148,147,114,90,99,90,70,58,50,9,5,0,0,0
2026-04-19,1119,월드컵경기장,하차,0,0,2,19,36,47,65,104,74,74,85,109,97,105,137,99,94,82,104,66,37,18,0,0
2026-04-19,1120,노은,승차,0,0,20,42,56,123,154,165,164,177,205,171,235,192,190,149,150,124,97,73,41,4,0,0
2026-04-19,1120,노은,하차,0,0,10,20,36,81,124,111,122,178,245,244,222,249,243,208,179,138,114,82,57,19,0,0
2026-04-19,1121,지족,승차,0,0,24,27,44,70,94,115,101,110,116,88,97,74,79,51,57,36,27,15,19,0,0,0
2026-04-19,1121,지족,하차,0,0,4,14,9,60,59,68,67,50,104,82,95,126,126,80,81,77,83,69,40,13,0,0
2026-04-19,1122,반석,승차,0,1,45,76,149,266,329,300,341,287,336,306,304,275,235,219,172,157,130,110,56,0,0,0
2026-04-19,1122,반석,하차,0,0,16,70,70,126,192,188,178,183,255,252,306,352,378,307,268,239,231,158,75,15,0,0
2026-04-20,1101,판암,승차,0,0,96,197,578,781,350,274,231,293,235,202,234,254,304,353,111,84,63,40,14,0,4,0
2026-04-20,1101,판암,하차,0,0,8,65,171,331,153,148,210,211,225,219,278,372,337,565,266,185,192,170,56,18,4,0
2026-04-20,1102,신흥,승차,0,0,72,110,418,588,183,120,81,113,117,62,64,67,79,100,38,30,18,9,8,0,0,0
2026-04-20,1102,신흥,하차,0,0,9,23,55,117,60,47,72,94,88,102,138,208,224,447,181,142,116,93,39,7,0,0
2026-04-20,1103,대동,승차,0,0,78,152,470,690,296,176,189,186,278,245,256,527,405,426,157,130,148,59,34,4,0,0
2026-04-20,1103,대동,하차,0,0,17,50,271,640,236,156,153,220,210,205,258,250,311,519,274,167,195,172,96,22,0,0
2026-04-20,1104,대전,승차,0,0,13,175,707,956,672,650,611,765,675,686,730,786,947,1034,644,491,340,280,128,2,0,0
2026-04-20,1104,대전,하차,0,0,177,622,958,1089,765,704,769,627,623,589,651,582,606,712,287,286,165,86,46,1,0,0
2026-04-20,1105,중앙로,승차,0,0,26,56,168,294,174,165,228,290,339,397,462,481,552,711,331,363,303,210,67,0,0,0
2026-04-20,1105,중앙로,하차,0,0,26,69,180,813,361,359,466,413,417,404,399,426,444,603,268,154,115,60,41,4,0,0
2026-04-20,1106,중구청,승차,0,0,33,54,176,306,119,102,118,122,145,169,168,298,308,425,125,86,108,51,22,0,0,0
2026-04-20,1106,중구청,하차,0,0,23,65,270,674,195,123,140,118,160,138,124,131,170,270,113,81,62,72,38,2,0,0
2026-04-20,1107,서대전네거리,승차,0,2,120,187,552,1004,394,336,369,327,359,311,323,441,426,582,205,177,141,83,34,0,0,0
2026-04-20,1107,서대전네거리,하차,0,0,34,85,301,708,401,286,311,298,358,284,322,444,560,926,390,240,231,178,84,17,0,0
2026-04-20,1108,오룡,승차,0,0,83,137,476,926,306,202,281,205,210,175,169,301,266,663,158,84,69,56,19,0,0,0
2026-04-20,1108,오룡,하차,0,0,29,62,219,691,210,130,138,147,174,203,228,323,331,633,252,165,159,140,68,6,0,0
2026-04-20,1109,용문,승차,0,0,129,256,722,1357,452,371,386,435,445,408,429,482,415,495,255,201,197,108,149,0,0,0
2026-04-20,1109,용문,하차,0,0,34,64,246,615,381,350,321,350,402,404,434,570,738,1231,499,332,358,229,103,0,0,0
2026-04-20,1110,탄방,승차,0,8,72,144,346,565,313,227,277,227,229,261,295,296,447,832,195,174,162,122,33,0,0,0
2026-04-20,1110,탄방,하차,0,8,44,114,379,1290,461,245,191,201,254,238,259,298,344,624,263,170,150,107,61,1,0,0
2026-04-20,1111,시청,승차,0,0,62,127,309,488,272,292,376,328,326,446,476,540,841,1497,468,513,436,421,136,0,0,0
2026-04-20,1111,시청,하차,0,0,60,192,681,2005,752,400,324,339,394,443,406,631,563,814,359,199,145,104,86,8,0,0
2026-04-20,1112,정부청사,승차,0,0,43,101,275,421,240,258,287,313,295,353,428,588,943,1919,453,313,280,161,55,0,0,0
2026-04-20,1112,정부청사,하차,0,0,83,241,794,2847,709,361,294,334,331,315,290,303,424,445,185,177,139,91,37,11,0,0
2026-04-20,1113,갈마,승차,0,0,90,156,375,523,225,156,170,158,178,141,146,175,171,193,123,72,88,42,24,0,0,0
2026-04-20,1113,갈마,하차,0,0,25,40,101,181,124,123,95,135,147,161,204,266,273,482,212,175,163,112,55,7,0,0
2026-04-20,1114,월평,승차,0,0,62,145,315,495,214,169,148,208,198,181,192,247,289,393,155,135,143,84,29,0,0,0
2026-04-20,1114,월평,하차,0,0,16,37,148,410,293,205,186,212,199,212,233,243,294,521,245,165,140,122,87,3,0,0
2026-04-20,1115,갑천,승차,0,0,27,58,122,229,71,46,46,47,49,39,50,53,79,109,37,28,22,6,3,0,0,0
2026-04-20,1115,갑천,하차,0,0,10,29,53,123,41,44,44,54,55,50,74,82,104,164,83,59,46,37,15,4,0,0
2026-04-20,1116,유성온천,승차,0,1,127,293,827,1417,535,402,428,501,489,504,588,740,755,888,407,390,326,187,108,2,0,0
2026-04-20,1116,유성온천,하차,0,0,97,132,424,1032,708,513,538,574,494,480,611,621,860,1426,596,425,419,370,215,20,0,0
2026-04-20,1117,구암,승차,0,0,47,80,268,457,174,180,162,163,166,170,194,236,217,264,133,111,71,58,17,2,0,0
2026-04-20,1117,구암,하차,0,0,19,73,203,306,188,163,162,176,143,174,215,220,274,381,140,116,114,65,38,7,0,0
2026-04-20,1118,현충원,승차,0,0,17,52,165,390,144,130,132,139,150,190,264,271,236,259,107,78,60,41,9,4,0,0
2026-04-20,1118,현충원,하차,0,0,10,36,149,313,255,114,150,188,212,75,101,98,135,245,77,86,67,71,18,8,0,0
2026-04-20,1119,월드컵경기장,승차,0,0,39,120,287,555,185,133,119,117,177,140,204,207,207,247,100,70,72,24,10,0,0,0
2026-04-20,1119,월드컵경기장,하차,0,0,8,44,193,270,160,108,106,90,116,106,146,160,258,389,197,127,139,99,49,17,0,0
2026-04-20,1120,노은,승차,0,0,41,111,453,539,231,181,214,196,209,183,233,244,333,371,238,179,154,119,47,3,1,0
2026-04-20,1120,노은,하차,0,0,22,49,170,404,227,137,190,198,263,244,323,363,456,599,278,184,177,143,64,11,1,0
2026-04-20,1121,지족,승차,0,1,30,66,224,265,108,86,83,96,113,106,185,153,163,360,84,75,66,49,17,0,0,0
2026-04-20,1121,지족,하차,0,0,7,31,153,516,113,98,88,108,101,83,132,133,168,242,135,77,115,61,41,6,0,0
2026-04-20,1122,반석,승차,0,0,100,246,1104,1293,592,355,265,334,301,260,312,407,541,782,330,270,228,197,107,0,0,0
2026-04-20,1122,반석,하차,0,0,43,171,432,765,209,166,263,252,301,320,454,543,707,1352,423,342,326,277,110,21,0,0
2026-04-21,1101,판암,승차,0,6,101,207,605,792,365,253,196,302,245,226,231,288,292,354,119,83,82,41,15,4,0,0
2026-04-21,1101,판암,하차,0,0,17,62,177,313,161,148,171,242,185,220,291,394,383,603,252,224,200,174,61,30,0,0
2026-04-21,1102,신흥,승차,0,0,68,117,448,606,223,109,86,71,108,81,85,117,99,91,46,40,23,15,6,0,0,0
2026-04-21,1102,신흥,하차,0,0,13,24,53,114,54,55,67,105,89,95,162,208,228,470,185,134,136,96,60,3,0,0
2026-04-21,1103,대동,승차,0,0,87,164,471,681,274,242,183,224,277,283,307,506,452,461,181,129,175,52,41,0,0,0
2026-04-21,1103,대동,하차,0,0,18,51,319,570,242,160,171,201,211,171,244,317,332,554,246,192,232,205,119,17,0,0
2026-04-21,1104,대전,승차,0,0,12,135,529,704,610,595,607,633,647,708,776,873,984,1140,670,480,369,253,147,0,0,0
2026-04-21,1104,대전,하차,0,0,128,447,903,1114,769,670,725,588,661,672,733,769,749,765,371,255,230,115,42,9,0,0
2026-04-21,1105,중앙로,승차,0,0,23,77,164,314,176,146,213,308,399,396,428,471,593,751,322,306,339,182,69,7,0,0
2026-04-21,1105,중앙로,하차,0,0,35,59,207,804,397,356,452,398,418,403,355,425,431,686,264,143,126,95,36,10,0,0
2026-04-21,1106,중구청,승차,0,0,28,65,172,307,135,113,123,144,136,125,169,350,314,440,109,91,88,56,13,0,0,0
2026-04-21,1106,중구청,하차,0,0,21,55,282,683,224,114,117,131,161,143,127,143,170,243,93,98,98,69,57,4,0,0
2026-04-21,1107,서대전네거리,승차,0,5,100,189,588,942,362,325,303,375,338,282,352,464,495,586,222,220,171,98,63,5,0,0
2026-04-21,1107,서대전네거리,하차,0,0,28,90,267,769,374,286,299,286,330,311,348,479,584,983,399,322,251,207,89,17,0,0
2026-04-21,1108,오룡,승차,0,0,100,138,507,912,291,196,230,194,219,199,228,241,345,659,145,83,91,55,23,0,0,0
2026-04-21,1108,오룡,하차,0,0,25,65,208,639,268,123,153,141,179,198,241,289,382,660,257,182,169,129,67,1,0,0
2026-04-21,1109,용문,승차,0,0,122,266,719,1377,506,387,373,440,444,394,372,558,466,511,262,257,241,134,140,0,0,0
2026-04-21,1109,용문,하차,0,0,35,74,239,589,422,379,343,346,400,389,437,577,752,1294,553,336,350,225,136,0,0,0
2026-04-21,1110,탄방,승차,0,0,53,140,351,575,260,195,266,212,259,249,292,309,482,846,213,177,201,189,51,0,0,0
2026-04-21,1110,탄방,하차,0,0,36,108,367,1212,413,233,205,231,264,260,264,342,385,717,285,159,157,111,63,0,0,0
2026-04-21,1111,시청,승차,0,0,48,110,328,467,310,276,433,300,371,388,447,605,868,1518,507,539,526,461,190,0,0,0
2026-04-21,1111,시청,하차,0,0,60,195,631,2075,673,436,384,339,460,446,477,617,686,903,346,224,193,153,76,11,0,0
2026-04-21,1112,정부청사,승차,0,0,36,77,273,445,267,287,352,295,330,379,493,652,1022,1944,474,369,308,153,66,0,0,0
2026-04-21,1112,정부청사,하차,0,0,87,236,809,2795,723,366,275,338,350,321,316,366,458,558,222,177,155,90,37,8,0,0
2026-04-21,1113,갈마,승차,0,0,61,139,349,522,258,150,152,177,160,130,139,166,193,211,70,99,60,49,17,0,0,0
2026-04-21,1113,갈마,하차,0,0,17,31,102,168,108,91,110,140,163,167,188,246,279,528,213,149,161,121,100,8,0,0
2026-04-21,1114,월평,승차,0,0,66,124,333,540,191,174,144,189,177,172,212,237,314,370,151,124,143,149,35,3,0,0
2026-04-21,1114,월평,하차,0,0,18,40,159,369,233,170,175,214,171,237,205,266,321,548,210,191,170,115,82,9,0,0
2026-04-21,1115,갑천,승차,0,0,24,59,119,239,78,41,41,48,56,51,43,53,83,108,42,30,40,16,2,0,0,0
2026-04-21,1115,갑천,하차,0,0,9,25,48,125,46,50,34,57,54,46,84,72,95,166,86,66,53,41,17,2,0,0
2026-04-21,1116,유성온천,승차,0,0,97,265,794,1454,510,438,448,474,579,533,619,805,837,1019,429,389,350,221,138,3,0,0
2026-04-21,1116,유성온천,하차,0,0,80,159,427,1014,703,456,516,532,553,551,529,651,977,1467,619,471,438,379,206,21,0,0
2026-04-21,1117,구암,승차,0,0,36,71,269,446,166,125,140,134,161,148,179,257,236,309,129,108,75,56,24,1,0,0
2026-04-21,1117,구암,하차,0,0,15,71,171,304,174,162,155,140,165,167,193,216,242,391,112,126,127,77,29,9,0,0
2026-04-21,1118,현충원,승차,0,0,18,40,154,418,113,127,138,153,189,245,366,251,253,282,109,111,80,38,11,0,0,0
2026-04-21,1118,현충원,하차,0,0,10,46,163,339,300,149,169,167,155,71,91,127,142,233,72,82,67,63,27,2,0,0
2026-04-21,1119,월드컵경기장,승차,0,0,33,107,287,572,174,176,119,123,159,146,168,219,215,260,112,85,72,29,11,0,0,0
2026-04-21,1119,월드컵경기장,하차,0,0,9,44,205,278,125,100,105,82,120,120,149,171,232,419,159,146,158,102,70,18,0,0
2026-04-21,1120,노은,승차,0,0,41,121,406,537,255,196,169,233,186,184,255,282,326,387,212,175,200,168,49,3,0,0
2026-04-21,1120,노은,하차,0,0,13,43,205,403,248,157,154,201,252,226,303,398,462,642,301,198,187,145,75,17,0,0
2026-04-21,1121,지족,승차,0,0,37,75,197,281,135,85,84,96,118,109,142,176,204,406,84,63,67,35,18,1,0,0
2026-04-21,1121,지족,하차,0,0,9,30,145,520,125,87,86,105,92,72,130,145,175,267,98,93,84,99,52,10,0,0
2026-04-21,1122,반석,승차,0,1,72,230,1058,1323,639,351,305,280,348,296,313,388,628,856,354,264,261,183,99,0,0,0
2026-04-21,1122,반석,하차,0,0,39,174,451,681,305,169,277,262,321,359,425,593,674,1298,402,359,388,338,123,23,0,0
2026-04-22,1101,판암,승차,0,0,102,204,589,778,338,242,231,285,257,219,226,324,288,388,144,107,78,49,15,1,0,0
2026-04-22,1101,판암,하차,0,0,14,69,168,338,139,139,214,190,219,226,307,384,395,615,232,202,258,179,73,27,0,0
2026-04-22,1102,신흥,승차,0,0,59,123,431,638,211,114,100,106,107,87,81,79,139,117,58,35,24,12,4,0,0,0
2026-04-22,1102,신흥,하차,0,0,10,27,60,103,54,66,96,98,103,106,184,219,244,403,191,137,147,112,51,5,0,0
2026-04-22,1103,대동,승차,0,0,87,151,462,679,297,401,247,231,279,261,367,427,407,486,197,123,121,73,27,8,0,0
2026-04-22,1103,대동,하차,0,0,14,57,352,522,246,208,170,209,198,230,224,313,326,529,286,206,235,220,116,22,0,0
2026-04-22,1104,대전,승차,0,0,13,151,422,749,561,611,631,660,676,682,756,888,980,1093,694,451,407,295,175,1,0,0
2026-04-22,1104,대전,하차,0,0,139,460,895,1130,755,665,742,587,683,677,760,746,734,825,345,281,228,130,56,3,0,0
2026-04-22,1105,중앙로,승차,0,0,26,60,164,315,149,143,225,287,353,379,474,508,642,746,382,369,346,177,110,0,0,0
2026-04-22,1105,중앙로,하차,0,0,23,68,176,825,382,331,413,352,417,374,424,434,476,655,314,175,158,84,64,3,0,0
2026-04-22,1106,중구청,승차,0,0,28,66,183,300,116,112,132,124,143,172,234,264,328,455,134,92,58,48,17,0,0,0
2026-04-22,1106,중구청,하차,0,0,23,56,268,642,206,132,133,118,166,138,159,141,175,278,114,80,77,75,51,6,0,0
2026-04-22,1107,서대전네거리,승차,0,2,109,175,616,943,342,297,281,362,338,311,359,480,469,646,244,182,162,93,56,0,0,0
2026-04-22,1107,서대전네거리,하차,0,0,34,79,274,730,338,255,330,320,329,292,350,472,588,942,408,275,283,249,115,16,0,0
2026-04-22,1108,오룡,승차,0,7,78,144,493,869,291,186,218,205,200,193,201,354,322,676,152,112,86,48,32,0,0,0
2026-04-22,1108,오룡,하차,0,7,23,63,203,641,249,144,140,135,195,180,272,272,342,644,257,200,174,163,94,2,0,0
2026-04-22,1109,용문,승차,0,1,129,233,713,1394,451,315,361,360,649,528,510,519,534,486,274,255,527,208,120,0,0,0
2026-04-22,1109,용문,하차,0,0,28,68,241,626,423,340,599,384,434,399,441,676,778,1371,828,398,336,240,147,0,0,0
2026-04-22,1110,탄방,승차,0,5,47,139,365,576,231,182,272,209,206,256,300,276,503,817,223,188,216,198,45,0,0,0
2026-04-22,1110,탄방,하차,0,5,36,95,354,1224,401,200,203,177,246,217,288,391,420,675,287,156,158,131,70,0,0,0
2026-04-22,1111,시청,승차,0,0,55,119,329,497,271,285,341,309,348,411,450,584,928,1526,505,509,528,449,215,0,0,0
2026-04-22,1111,시청,하차,0,0,73,175,604,2021,703,373,404,326,473,418,505,616,666,907,403,208,207,143,87,9,0,0
2026-04-22,1112,정부청사,승차,0,0,28,93,240,430,281,295,320,306,305,374,497,766,1058,2031,484,322,281,142,65,0,0,0
2026-04-22,1112,정부청사,하차,0,0,82,244,773,2728,810,354,315,357,462,306,334,359,437,500,230,174,189,150,41,15,0,0
2026-04-22,1113,갈마,승차,0,0,68,155,349,554,227,163,174,178,171,123,158,187,210,226,113,98,66,57,23,0,0,0
2026-04-22,1113,갈마,하차,0,0,26,29,117,189,113,89,124,155,144,178,196,250,279,507,227,168,175,141,75,9,0,0
2026-04-22,1114,월평,승차,0,0,77,141,315,544,252,144,177,168,205,209,213,234,289,388,186,139,136,85,41,2,0,0
2026-04-22,1114,월평,하차,0,0,12,44,148,369,214,143,176,181,195,188,215,279,315,512,232,172,199,136,85,10,0,0
2026-04-22,1115,갑천,승차,0,0,24,49,126,227,72,56,46,45,50,53,66,59,97,110,41,41,18,12,6,0,0,0
2026-04-22,1115,갑천,하차,0,0,5,29,52,124,49,33,36,45,53,60,57,90,101,158,89,49,75,38,26,2,0,0
2026-04-22,1116,유성온천,승차,0,2,90,255,765,1514,501,363,466,484,517,483,704,783,829,1017,494,439,353,224,147,14,0,0
2026-04-22,1116,유성온천,하차,0,2,68,145,459,1004,636,461,478,470,514,575,599,650,1043,1453,641,417,512,426,224,48,0,0
2026-04-22,1117,구암,승차,0,0,43,74,247,455,168,128,133,146,193,149,180,269,229,318,170,114,66,53,20,0,0,0
2026-04-22,1117,구암,하차,0,0,12,60,188,328,198,141,158,161,152,157,195,211,266,373,146,127,112,77,35,8,0,0
2026-04-22,1118,현충원,승차,0,0,20,42,161,329,130,151,180,156,136,187,367,304,230,294,108,106,58,27,12,2,0,0
2026-04-22,1118,현충원,하차,0,0,12,61,162,336,261,119,163,144,167,94,99,113,155,265,66,72,81,88,26,7,0,0
2026-04-22,1119,월드컵경기장,승차,0,0,32,96,311,579,196,152,145,112,135,159,140,227,225,289,115,89,355,121,16,0,0,0
2026-04-22,1119,월드컵경기장,하차,0,0,9,44,197,277,139,85,103,102,130,150,148,218,314,606,317,121,161,118,72,12,0,0
2026-04-22,1120,노은,승차,0,0,38,109,412,562,263,186,203,184,217,179,252,272,321,454,224,193,172,155,56,3,0,0
2026-04-22,1120,노은,하차,0,0,19,53,187,388,228,173,189,166,236,242,374,355,474,689,301,186,199,146,72,10,0,0
2026-04-22,1121,지족,승차,0,0,30,68,210,243,134,85,101,120,118,141,187,133,210,361,95,70,52,25,14,0,0,0
2026-04-22,1121,지족,하차,0,0,8,28,155,540,129,77,109,75,98,66,116,120,151,246,119,95,95,89,47,8,0,0
2026-04-22,1122,반석,승차,0,0,85,235,1016,1378,594,372,287,353,334,284,353,427,607,862,337,295,285,194,109,0,0,0
2026-04-22,1122,반석,하차,0,0,41,159,462,718,251,182,248,266,282,350,462,608,794,1249,392,371,367,324,141,28,0,0
2026-04-23,1101,판암,승차,0,0,102,182,589,770,352,233,234,266,258,234,279,306,337,348,136,116,59,58,25,3,0,0
2026-04-23,1101,판암,하차,0,0,13,60,176,309,150,183,180,213,164,211,274,421,400,607,253,216,215,179,70,23,0,0
2026-04-23,1102,신흥,승차,0,0,61,114,437,621,210,103,98,114,93,84,70,98,142,112,53,24,24,10,6,0,0,0
2026-04-23,1102,신흥,하차,0,0,9,26,72,104,52,62,81,76,108,118,141,159,224,409,183,158,137,108,67,11,0,0
2026-04-23,1103,대동,승차,0,0,87,144,488,673,283,214,246,230,290,308,313,515,428,459,164,138,146,61,46,1,0,0
2026-04-23,1103,대동,하차,0,0,21,51,355,514,273,194,168,247,196,183,249,308,318,535,251,223,247,171,125,13,0,0
2026-04-23,1104,대전,승차,0,0,18,122,526,668,573,563,584,751,629,796,911,993,992,1052,754,504,401,335,176,8,0,0
2026-04-23,1104,대전,하차,0,0,137,409,923,1152,789,703,746,661,776,685,796,942,786,857,388,360,244,141,54,9,0,0
2026-04-23,1105,중앙로,승차,0,0,25,68,170,319,148,170,194,312,394,421,490,580,680,833,429,386,343,248,105,5,0,0
2026-04-23,1105,중앙로,하차,0,0,26,68,188,819,392,379,463,453,440,407,463,531,546,738,311,185,153,95,43,9,0,0
2026-04-23,1106,중구청,승차,0,0,24,64,180,309,110,108,137,133,150,143,216,368,332,468,84,107,72,60,20,0,0,0
2026-04-23,1106,중구청,하차,0,0,14,53,262,690,237,144,133,146,186,137,157,152,213,297,126,74,90,75,47,5,0,0
2026-04-23,1107,서대전네거리,승차,0,4,103,188,590,968,388,299,303,371,327,276,413,475,430,588,244,192,182,118,81,2,0,0
2026-04-23,1107,서대전네거리,하차,0,0,37,92,270,707,355,245,289,301,400,335,356,514,538,940,401,271,303,215,121,18,0,0
2026-04-23,1108,오룡,승차,0,0,99,134,508,861,295,200,239,202,239,198,202,348,362,694,173,114,69,52,36,0,0,0
2026-04-23,1108,오룡,하차,0,0,18,64,221,694,260,133,141,187,169,207,254,315,350,656,263,215,173,146,94,0,0,0
2026-04-23,1109,용문,승차,0,0,118,239,728,1369,511,399,343,434,413,368,370,490,508,497,268,256,274,157,134,0,0,0
2026-04-23,1109,용문,하차,0,0,30,62,229,605,407,314,307,389,376,418,509,611,717,1286,529,383,365,261,155,0,0,0
2026-04-23,1110,탄방,승차,0,0,49,143,356,555,272,199,309,193,239,209,299,306,497,793,226,240,217,200,42,0,0,0
2026-04-23,1110,탄방,하차,0,0,38,125,378,1207,361,206,205,190,275,222,322,397,429,784,260,165,156,120,86,0,0,0
2026-04-23,1111,시청,승차,0,0,51,125,344,450,302,308,305,344,367,368,467,605,886,1498,536,592,534,497,173,0,0,0
2026-04-23,1111,시청,하차,0,0,59,179,645,1972,734,377,341,304,423,409,441,658,743,927,388,229,194,163,89,6,0,0
2026-04-23,1112,정부청사,승차,0,0,31,112,261,453,280,273,304,342,352,396,585,738,988,1836,481,374,331,169,73,0,0,0
2026-04-23,1112,정부청사,하차,0,0,84,224,814,2694,739,356,329,361,407,361,337,346,469,487,245,227,167,112,56,19,0,0
2026-04-23,1113,갈마,승차,0,0,70,134,331,520,242,145,140,158,159,140,135,203,222,229,113,86,82,43,33,4,0,0
2026-04-23,1113,갈마,하차,0,0,30,30,90,183,99,90,130,151,151,157,204,266,260,512,247,185,171,143,101,12,0,0
2026-04-23,1114,월평,승차,0,0,70,128,337,512,239,178,181,219,251,206,283,277,340,394,189,146,143,97,39,2,0,0
2026-04-23,1114,월평,하차,0,0,16,45,153,338,246,191,184,211,203,204,239,289,359,519,237,200,178,170,91,14,0,0
2026-04-23,1115,갑천,승차,0,0,23,45,153,219,98,41,55,55,50,50,47,54,74,113,41,28,23,17,6,0,0,0
2026-04-23,1115,갑천,하차,0,0,9,31,53,129,40,35,39,52,36,50,74,86,86,141,93,59,53,51,29,1,0,0
2026-04-23,1116,유성온천,승차,0,0,97,283,773,1445,541,484,430,556,512,602,688,882,893,974,476,398,397,285,148,4,0,0
2026-04-23,1116,유성온천,하차,0,0,78,143,440,987,702,508,524,511,525,576,580,720,1063,1460,647,505,455,407,194,24,0,0
2026-04-23,1117,구암,승차,0,0,43,90,238,445,168,127,145,149,216,160,249,242,231,296,161,124,76,46,31,2,0,0
2026-04-23,1117,구암,하차,0,0,25,62,169,300,175,135,163,185,171,169,215,210,269,413,139,135,147,84,45,3,0,0
2026-04-23,1118,현충원,승차,0,0,17,46,169,346,138,135,199,140,189,227,275,246,251,329,142,97,71,45,18,0,0,0
2026-04-23,1118,현충원,하차,0,0,8,65,163,326,228,155,157,161,158,63,90,124,176,278,83,83,82,62,38,10,0,0
2026-04-23,1119,월드컵경기장,승차,0,0,34,100,312,538,209,164,111,148,142,115,169,241,256,240,111,67,56,38,12,2,0,0
2026-04-23,1119,월드컵경기장,하차,0,0,12,45,195,312,133,80,70,114,111,123,146,181,241,376,160,120,130,116,63,19,0,0
2026-04-23,1120,노은,승차,0,0,36,98,401,544,213,188,200,214,219,199,253,308,355,436,222,236,205,168,62,1,0,0
2026-04-23,1120,노은,하차,0,0,21,45,202,361,223,174,189,211,233,287,314,446,466,661,338,189,189,178,82,14,0,0
2026-04-23,1121,지족,승차,0,0,31,69,203,263,130,106,102,121,133,128,188,206,210,404,100,76,63,36,23,3,0,0
2026-04-23,1121,지족,하차,0,0,14,26,148,506,129,122,77,85,108,90,118,169,189,264,120,115,97,78,63,17,0,0
2026-04-23,1122,반석,승차,0,5,83,238,998,1369,615,362,309,309,297,286,335,413,687,824,348,279,262,219,99,0,0,0
2026-04-23,1122,반석,하차,0,5,46,156,434,699,291,207,246,262,301,340,451,613,804,1279,435,382,402,337,141,31,0,0
2026-04-24,1101,판암,승차,0,0,100,202,568,713,357,261,233,307,295,265,261,334,363,419,135,122,84,35,19,0,0,0
2026-04-24,1101,판암,하차,0,0,13,78,183,318,153,161,180,207,215,243,348,395,437,564,249,209,221,235,88,34,0,0
2026-04-24,1102,신흥,승차,0,0,66,118,399,579,203,134,109,117,109,107,87,136,128,155,74,45,29,27,16,0,0,0
2026-04-24,1102,신흥,하차,0,0,9,26,61,99,60,60,83,113,109,99,144,211,226,461,204,134,126,120,80,9,0,0
2026-04-24,1103,대동,승차,0,0,91,152,462,665,309,232,215,265,321,301,503,509,439,369,197,138,101,67,37,3,0,0
2026-04-24,1103,대동,하차,0,0,23,50,319,518,189,141,153,229,200,197,251,330,312,610,275,184,212,216,136,32,0,0
2026-04-24,1104,대전,승차,0,0,13,135,473,660,588,602,630,759,763,1006,1087,1271,1299,1306,1020,693,787,514,281,1,0,0
2026-04-24,1104,대전,하차,0,0,122,432,918,1109,893,835,917,770,919,950,1031,1262,1307,1486,783,571,414,229,82,3,0,0
2026-04-24,1105,중앙로,승차,0,0,29,60,156,311,185,160,238,313,408,505,635,678,786,888,596,557,563,879,229,7,0,0
2026-04-24,1105,중앙로,하차,0,0,28,54,221,783,388,403,474,583,566,673,669,770,1092,1111,522,289,131,142,73,5,0,0
2026-04-24,1106,중구청,승차,0,7,20,63,171,292,134,139,129,165,161,188,189,261,297,481,120,91,103,109,36,0,0,0
2026-04-24,1106,중구청,하차,0,7,18,57,261,641,199,161,148,114,164,168,165,156,239,326,126,78,79,67,52,7,0,0
2026-04-24,1107,서대전네거리,승차,0,0,107,195,560,858,370,360,328,364,371,373,396,495,609,651,342,226,200,167,103,2,0,0
2026-04-24,1107,서대전네거리,하차,0,0,32,81,280,722,358,310,301,356,381,329,476,567,683,1100,453,319,297,255,135,24,0,0
2026-04-24,1108,오룡,승차,0,0,77,152,477,833,298,216,222,207,213,216,311,282,487,744,252,134,100,90,43,0,0,0
2026-04-24,1108,오룡,하차,0,0,31,68,197,656,251,128,148,191,215,228,274,333,429,705,276,190,171,188,107,5,0,0
2026-04-24,1109,용문,승차,0,1,128,236,715,1300,497,454,419,416,502,402,524,645,627,625,376,304,211,180,110,0,0,0
2026-04-24,1109,용문,하차,0,0,33,57,223,638,419,388,440,394,492,490,557,736,851,1246,605,344,346,316,191,0,0,0
2026-04-24,1110,탄방,승차,0,5,45,132,348,573,265,220,268,253,275,317,373,367,596,782,228,202,175,234,36,0,0,0
2026-04-24,1110,탄방,하차,0,5,28,116,325,1116,406,244,220,197,285,283,314,412,450,702,293,205,166,171,124,0,0,0
2026-04-24,1111,시청,승차,0,0,46,113,310,419,316,332,372,361,405,467,582,801,1147,1589,535,479,506,528,239,0,0,0
2026-04-24,1111,시청,하차,0,0,58,174,598,1978,718,403,364,364,490,478,720,609,868,962,506,309,246,249,154,12,0,0
2026-04-24,1112,정부청사,승차,0,1,36,105,282,423,284,287,343,379,399,513,678,913,1251,1994,486,330,310,166,103,1,0,0
2026-04-24,1112,정부청사,하차,0,0,98,241,771,2451,726,354,341,345,368,373,433,446,588,662,314,216,213,212,95,22,0,0
2026-04-24,1113,갈마,승차,0,0,65,141,335,544,261,161,154,180,189,185,167,236,261,268,144,116,96,49,44,0,0,0
2026-04-24,1113,갈마,하차,0,0,26,34,119,168,117,129,136,166,182,231,214,264,371,522,264,219,186,218,105,21,0,0
2026-04-24,1114,월평,승차,0,0,71,118,300,541,304,233,210,268,263,255,273,343,418,499,228,164,159,119,45,0,0,0
2026-04-24,1114,월평,하차,0,0,9,38,129,348,204,199,232,218,223,216,293,317,404,567,279,199,268,173,122,24,0,0
2026-04-24,1115,갑천,승차,0,0,28,51,124,210,76,54,55,44,71,63,69,65,124,119,72,42,33,19,7,0,0,0
2026-04-24,1115,갑천,하차,0,0,7,28,44,126,59,41,37,66,57,58,74,77,103,165,90,49,46,54,31,3,0,0
2026-04-24,1116,유성온천,승차,0,0,123,266,811,1405,611,456,535,597,581,783,770,920,1063,1097,564,486,466,315,240,4,0,0
2026-04-24,1116,유성온천,하차,0,0,79,169,437,931,699,472,459,587,598,647,706,786,1197,1626,863,561,603,622,318,33,0,0
2026-04-24,1117,구암,승차,0,0,39,84,245,474,210,302,308,312,338,351,392,433,400,369,254,176,140,102,32,2,0,0
2026-04-24,1117,구암,하차,0,0,12,68,200,324,330,332,292,288,314,302,341,367,351,500,196,161,145,128,54,8,0,0
2026-04-24,1118,현충원,승차,0,0,23,55,175,339,101,148,202,196,227,203,283,308,321,324,141,116,80,54,18,4,0,0
2026-04-24,1118,현충원,하차,0,0,8,60,142,238,236,158,162,152,153,114,122,122,175,278,96,105,88,116,72,16,0,0
2026-04-24,1119,월드컵경기장,승차,0,0,32,124,306,502,216,133,139,222,209,161,216,250,252,297,132,103,81,38,21,0,0,0
2026-04-24,1119,월드컵경기장,하차,0,0,11,41,191,234,128,109,103,149,152,150,171,195,282,368,189,140,148,139,76,17,0,0
2026-04-24,1120,노은,승차,0,1,40,96,412,512,236,207,252,298,264,269,288,303,409,461,248,189,190,177,68,1,0,0
2026-04-24,1120,노은,하차,0,2,23,52,193,380,255,192,210,209,273,331,371,403,523,662,371,189,219,193,136,20,0,0
2026-04-24,1121,지족,승차,0,0,36,64,217,249,137,126,110,151,137,127,192,198,255,395,108,83,44,33,16,0,0,0
2026-04-24,1121,지족,하차,0,0,13,37,152,468,134,70,81,103,102,111,126,162,191,259,116,124,111,108,84,22,0,0
2026-04-24,1122,반석,승차,0,0,87,238,954,1231,609,437,332,360,403,384,434,624,842,940,386,274,271,205,124,7,0,0
2026-04-24,1122,반석,하차,0,0,34,190,448,691,241,224,253,335,383,424,535,622,839,1223,437,413,418,448,199,51,0,0
2026-04-25,1101,판암,승차,0,1,83,131,229,300,320,270,327,295,304,244,248,258,245,226,192,96,94,46,23,0,0,0
2026-04-25,1101,판암,하차,0,0,24,66,156,168,188,165,204,202,224,223,237,274,289,228,197,224,212,132,93,40,0,0
2026-04-25,1102,신흥,승차,0,0,58,69,144,196,172,130,123,145,111,110,94,115,137,96,61,69,29,20,8,0,0,0
2026-04-25,1102,신흥,하차,0,0,9,17,46,49,48,61,65,95,123,104,96,132,170,131,112,118,121,89,66,11,0,0
2026-04-25,1103,대동,승차,0,0,58,96,185,255,283,241,261,374,270,217,214,236,244,174,124,94,70,54,48,0,0,0
2026-04-25,1103,대동,하차,0,0,20,32,73,183,109,112,139,169,179,165,223,241,247,216,158,235,162,166,144,21,0,0
2026-04-25,1104,대전,승차,0,0,15,138,262,553,634,939,1029,1103,1075,1235,1386,1416,1198,935,801,806,815,641,348,4,0,0
2026-04-25,1104,대전,하차,0,0,163,511,768,751,932,1039,1278,1063,1189,1277,1136,1136,936,808,655,661,391,131,62,4,0,0
2026-04-25,1105,중앙로,승차,0,0,28,58,64,124,154,214,308,386,525,627,828,909,948,844,981,1329,594,431,220,16,0,0
2026-04-25,1105,중앙로,하차,0,0,23,87,123,276,408,528,825,980,1024,1190,1162,1083,898,677,544,307,207,106,60,19,0,0
2026-04-25,1106,중구청,승차,0,0,28,24,78,123,79,95,134,140,101,98,142,142,137,98,102,112,46,49,21,0,0,0
2026-04-25,1106,중구청,하차,0,0,12,49,40,114,100,106,149,139,147,173,163,183,159,101,92,73,78,47,42,3,0,0
2026-04-25,1107,서대전네거리,승차,0,1,64,122,193,348,362,348,384,492,507,382,347,376,372,288,237,237,161,133,88,1,0,0
2026-04-25,1107,서대전네거리,하차,0,0,25,61,123,323,291,296,357,436,360,329,362,429,480,452,309,281,235,182,147,15,0,0
2026-04-25,1108,오룡,승차,0,0,68,102,167,264,252,275,255,279,214,246,157,196,260,167,124,111,68,47,26,0,0,0
2026-04-25,1108,오룡,하차,0,0,19,38,67,127,128,152,148,169,256,208,214,218,243,219,183,152,141,117,106,3,0,0
2026-04-25,1109,용문,승차,0,0,101,163,247,427,403,405,489,498,602,599,495,515,522,481,319,317,159,134,95,0,0,0
2026-04-25,1109,용문,하차,0,0,29,74,169,330,356,361,446,515,506,463,585,520,632,468,423,394,287,250,204,0,0,0
2026-04-25,1110,탄방,승차,0,0,53,87,157,193,200,235,276,304,329,328,332,363,388,261,221,182,104,117,42,0,0,0
2026-04-25,1110,탄방,하차,0,0,33,91,119,247,328,296,290,349,340,292,273,317,327,268,152,218,131,120,93,0,0,0
2026-04-25,1111,시청,승차,0,0,59,70,131,182,272,318,379,520,543,497,531,494,499,496,440,401,374,290,182,0,0,0
2026-04-25,1111,시청,하차,0,0,33,106,210,416,533,460,467,593,529,467,513,492,515,447,291,338,245,141,75,11,0,0
2026-04-25,1112,정부청사,승차,0,0,27,64,140,173,216,225,276,362,386,447,492,423,447,421,322,269,158,102,77,0,0,0
2026-04-25,1112,정부청사,하차,0,0,50,116,135,299,348,333,409,456,474,482,438,454,360,316,205,244,214,143,79,29,0,0
2026-04-25,1113,갈마,승차,0,0,68,98,137,227,232,211,242,319,238,214,197,197,222,184,118,91,75,34,39,8,0,0
2026-04-25,1113,갈마,하차,0,0,17,26,43,144,129,137,157,163,214,225,230,253,283,230,244,216,148,159,143,26,0,0
2026-04-25,1114,월평,승차,0,0,63,119,157,244,253,226,215,250,279,260,229,277,250,228,202,158,98,95,67,1,0,0
2026-04-25,1114,월평,하차,0,0,13,27,51,93,125,169,196,262,247,267,268,267,300,286,261,256,203,162,132,11,0,0
2026-04-25,1115,갑천,승차,0,0,20,22,46,88,83,65,62,80,97,81,95,89,94,78,39,39,22,16,9,0,0,0
2026-04-25,1115,갑천,하차,0,0,12,28,34,50,65,45,59,90,76,77,71,83,94,70,55,62,53,41,38,8,0,0
2026-04-25,1116,유성온천,승차,0,0,121,236,310,463,547,607,642,675,774,731,747,692,701,562,484,456,380,265,190,7,0,0
2026-04-25,1116,유성온천,하차,0,0,69,122,190,497,591,465,570,684,619,662,659,858,879,862,719,626,597,437,279,37,0,0
2026-04-25,1117,구암,승차,0,0,43,60,115,161,222,236,275,318,276,277,234,245,215,224,187,153,115,87,43,6,0,0
2026-04-25,1117,구암,하차,0,0,8,68,132,192,245,224,202,207,241,223,208,252,230,190,178,161,126,77,59,10,0,0
2026-04-25,1118,현충원,승차,0,0,20,35,61,201,133,219,177,208,280,251,352,210,232,154,107,85,59,19,7,0,0,0
2026-04-25,1118,현충원,하차,0,0,6,26,86,172,227,234,196,136,124,109,118,115,128,84,127,96,98,105,29,8,1,0
2026-04-25,1119,월드컵경기장,승차,0,0,20,64,105,158,182,178,164,187,148,152,158,171,182,140,114,79,60,33,8,0,0,0
2026-04-25,1119,월드컵경기장,하차,0,0,14,32,64,104,99,101,87,118,114,104,112,176,200,138,106,129,91,114,64,22,0,0
2026-04-25,1120,노은,승차,0,0,36,77,121,228,250,234,279,333,304,281,278,286,308,230,158,163,151,129,66,4,0,0
2026-04-25,1120,노은,하차,0,0,19,24,95,183,239,205,233,253,331,294,276,299,325,328,263,243,157,156,110,27,0,0
2026-04-25,1121,지족,승차,0,0,39,49,85,110,121,139,124,138,137,136,126,119,109,125,47,60,41,25,18,0,0,0
2026-04-25,1121,지족,하차,0,0,6,18,27,72,68,74,93,99,150,103,138,116,149,113,105,113,77,62,66,15,0,0
2026-04-25,1122,반석,승차,0,1,77,130,260,438,469,472,462,423,506,424,410,412,464,298,248,178,171,136,85,0,0,0
2026-04-25,1122,반석,하차,0,0,34,96,123,194,272,237,251,279,324,380,338,467,562,428,329,396,378,257,185,48,0,0
2026-04-26,1101,판암,승차,0,0,53,98,134,236,237,215,207,221,198,222,203,173,187,158,99,102,43,48,14,0,0,0
2026-04-26,1101,판암,하차,0,0,8,38,59,111,126,130,161,143,148,226,206,194,235,172,174,167,147,100,44,29,0,0
2026-04-26,1102,신흥,승차,0,0,28,50,66,119,96,103,99,108,102,80,60,61,88,36,58,33,17,10,6,0,0,0
2026-04-26,1102,신흥,하차,0,0,2,17,30,29,36,53,58,65,66,76,102,134,115,98,75,90,83,61,43,8,0,0
2026-04-26,1103,대동,승차,0,0,45,65,89,182,188,238,229,208,185,171,153,214,146,95,95,60,42,35,22,0,0,0
2026-04-26,1103,대동,하차,0,0,7,36,45,125,89,86,128,124,138,146,200,165,184,170,152,133,148,140,102,17,0,0
2026-04-26,1104,대전,승차,0,0,11,105,196,320,441,756,777,779,823,958,1061,1127,928,911,867,903,914,883,482,0,0,0
2026-04-26,1104,대전,하차,0,0,95,308,396,534,686,684,802,616,776,799,713,774,684,551,550,458,320,93,52,3,0,0
2026-04-26,1105,중앙로,승차,0,0,23,29,39,98,131,159,214,264,349,486,612,723,1134,735,570,519,331,206,113,3,0,0
2026-04-26,1105,중앙로,하차,0,0,14,63,89,151,276,454,709,1012,885,702,653,551,562,352,267,171,90,46,54,2,0,0
2026-04-26,1106,중구청,승차,0,0,20,21,38,53,61,59,92,58,82,67,80,107,120,84,63,43,25,26,14,0,0,0
2026-04-26,1106,중구청,하차,0,0,19,23,28,40,57,59,93,127,142,127,75,129,99,93,71,59,71,50,40,2,0,0
2026-04-26,1107,서대전네거리,승차,0,0,49,71,84,193,191,268,223,290,291,243,231,243,254,213,250,155,128,55,54,0,0,0
2026-04-26,1107,서대전네거리,하차,0,0,29,83,83,185,168,181,219,244,278,247,272,344,330,322,242,255,160,133,84,6,0,0
2026-04-26,1108,오룡,승차,0,0,36,58,77,136,164,179,191,264,205,195,178,163,171,137,160,90,94,48,31,0,0,0
2026-04-26,1108,오룡,하차,0,0,17,41,54,127,132,157,93,128,126,145,167,162,203,184,134,168,108,82,81,1,0,0
2026-04-26,1109,용문,승차,0,0,48,111,129,222,259,415,548,421,576,561,431,457,502,331,247,220,243,104,60,0,0,0
2026-04-26,1109,용문,하차,0,0,13,51,121,507,324,398,545,339,324,376,463,419,442,391,383,280,215,182,133,0,0,0
2026-04-26,1110,탄방,승차,0,0,36,67,81,130,128,151,156,212,238,243,255,227,232,162,130,126,60,60,30,0,0,0
2026-04-26,1110,탄방,하차,0,0,15,43,46,116,196,281,184,270,262,231,178,211,225,179,173,148,124,103,108,0,0,0
2026-04-26,1111,시청,승차,0,0,37,42,66,133,162,187,197,290,320,258,360,358,338,357,343,245,203,159,88,4,0,0
2026-04-26,1111,시청,하차,0,0,20,66,52,164,234,219,270,407,327,316,306,288,349,276,166,179,170,113,78,19,0,0
2026-04-26,1112,정부청사,승차,0,0,15,44,86,106,146,153,131,215,246,221,272,310,292,241,208,211,133,85,37,1,0,0
2026-04-26,1112,정부청사,하차,0,0,27,57,63,150,204,295,268,314,263,339,313,311,281,229,206,153,211,129,55,16,0,0
2026-04-26,1113,갈마,승차,0,1,47,50,125,154,186,154,161,203,143,129,142,128,145,111,108,102,56,26,13,0,0,0
2026-04-26,1113,갈마,하차,0,0,8,18,27,65,72,117,113,154,165,180,206,204,225,201,202,116,122,122,89,13,0,0
2026-04-26,1114,월평,승차,0,0,50,73,102,148,162,200,181,172,188,182,146,162,125,136,101,87,54,43,33,1,0,0
2026-04-26,1114,월평,하차,0,0,6,14,25,60,84,94,116,140,177,188,255,259,270,227,227,234,218,234,169,34,0,0
2026-04-26,1115,갑천,승차,0,0,18,20,25,50,55,39,66,64,71,73,58,54,56,37,35,36,20,14,5,0,0,0
2026-04-26,1115,갑천,하차,0,0,7,24,21,36,47,52,50,62,51,44,64,56,90,73,51,53,51,40,28,2,0,0
2026-04-26,1116,유성온천,승차,0,0,63,148,197,347,445,424,494,533,515,455,542,525,471,385,388,333,250,143,125,7,0,0
2026-04-26,1116,유성온천,하차,0,0,53,83,156,252,313,318,367,474,479,595,557,698,659,637,551,442,422,353,238,45,0,0
2026-04-26,1117,구암,승차,0,0,16,44,42,111,122,170,192,195,156,144,182,191,154,190,214,142,113,78,52,1,0,0
2026-04-26,1117,구암,하차,0,0,8,56,86,81,166,135,182,148,127,200,221,245,226,238,179,157,113,61,38,7,0,0
2026-04-26,1118,현충원,승차,0,0,9,34,42,135,82,123,135,166,165,188,169,176,144,114,63,83,35,13,6,10,0,0
2026-04-26,1118,현충원,하차,0,0,4,23,54,77,148,147,104,98,64,93,78,100,122,78,90,83,74,66,40,20,0,0
2026-04-26,1119,월드컵경기장,승차,0,0,18,29,55,103,140,122,100,154,142,136,108,124,107,97,86,60,49,31,12,0,0,0
2026-04-26,1119,월드컵경기장,하차,0,0,5,32,41,61,92,95,47,74,66,100,114,102,122,120,133,88,90,81,33,13,0,0
2026-04-26,1120,노은,승차,0,0,19,34,74,131,169,127,174,193,167,195,222,195,186,147,129,138,90,82,34,0,0,1
2026-04-26,1120,노은,하차,0,0,7,15,34,63,129,110,153,196,200,207,224,225,221,275,166,143,102,117,56,18,0,1
2026-04-26,1121,지족,승차,0,0,15,26,54,66,91,84,108,130,101,88,85,76,92,59,45,33,28,19,15,0,0,0
2026-04-26,1121,지족,하차,0,0,7,20,9,54,63,76,40,52,71,67,101,98,115,111,93,68,92,58,42,9,0,0
2026-04-26,1122,반석,승차,0,0,53,98,165,240,310,356,306,417,350,316,295,298,240,197,161,162,127,106,46,0,0,0
2026-04-26,1122,반석,하차,0,0,15,50,86,127,197,188,196,173,225,241,352,358,420,335,327,259,208,167,91,24,0,0
2026-04-27,1101,판암,승차,0,4,105,197,592,743,363,244,234,289,264,235,256,266,340,359,99,88,83,49,12,0,0,0
2026-04-27,1101,판암,하차,0,0,15,56,192,313,166,161,212,206,209,226,322,377,409,605,243,185,208,143,62,29,0,0
2026-04-27,1102,신흥,승차,0,0,72,104,424,624,211,107,87,116,121,122,72,99,118,105,35,26,28,15,8,0,0,0
2026-04-27,1102,신흥,하차,0,0,12,21,52,111,48,89,78,117,88,89,158,203,246,493,213,93,133,97,54,13,0,0
2026-04-27,1103,대동,승차,0,0,94,161,477,725,361,292,267,298,317,282,354,390,365,377,163,116,124,49,30,0,0,0
2026-04-27,1103,대동,하차,0,0,25,47,319,518,250,185,196,215,253,212,248,333,370,596,255,200,216,162,116,27,0,0
2026-04-27,1104,대전,승차,0,0,17,186,796,882,714,697,613,724,683,789,844,921,967,1071,581,493,401,316,140,4,0,0
2026-04-27,1104,대전,하차,0,0,217,574,925,1120,792,680,752,632,708,670,711,743,713,763,382,248,196,85,30,5,0,0
2026-04-27,1105,중앙로,승차,0,0,28,63,151,285,162,154,206,311,396,441,514,608,604,789,408,368,320,192,93,2,0,0
2026-04-27,1105,중앙로,하차,0,0,27,62,166,832,407,407,420,467,463,465,475,446,497,666,291,164,107,79,36,3,0,0
2026-04-27,1106,중구청,승차,0,0,31,60,188,280,120,139,142,134,119,184,186,272,291,446,87,82,87,42,13,5,0,0
2026-04-27,1106,중구청,하차,0,0,15,49,283,646,199,137,138,119,159,157,147,150,194,274,107,85,75,62,48,5,0,0
2026-04-27,1107,서대전네거리,승차,0,4,111,189,588,952,349,373,328,363,330,315,349,465,501,565,263,186,159,62,48,3,0,0
2026-04-27,1107,서대전네거리,하차,0,0,24,88,308,692,361,323,295,277,354,338,376,459,617,978,405,263,248,176,94,20,0,0
2026-04-27,1108,오룡,승차,0,0,102,150,489,910,347,250,267,323,297,251,181,295,319,605,126,96,70,52,29,0,0,0
2026-04-27,1108,오룡,하차,0,0,35,67,184,675,212,153,167,163,188,210,237,288,390,653,265,181,172,138,68,0,0,0
2026-04-27,1109,용문,승차,0,0,141,247,719,1374,491,391,383,491,472,415,454,522,533,520,236,206,232,137,157,0,0,0
2026-04-27,1109,용문,하차,0,0,30,63,230,637,412,375,356,368,433,438,446,607,742,1258,553,313,351,228,112,0,0,0
2026-04-27,1110,탄방,승차,0,0,65,133,317,576,259,221,294,204,210,268,302,346,505,862,181,179,223,119,44,0,0,0
2026-04-27,1110,탄방,하차,0,0,41,122,410,1280,446,212,182,234,282,261,287,327,330,709,257,149,160,93,70,0,0,0
2026-04-27,1111,시청,승차,0,0,46,135,313,462,281,346,398,392,389,392,523,669,945,1560,511,549,433,433,130,0,0,0
2026-04-27,1111,시청,하차,0,0,64,183,642,2052,769,434,384,391,600,525,475,557,595,804,264,215,204,123,78,7,0,0
2026-04-27,1112,정부청사,승차,0,6,35,83,275,422,283,295,302,320,310,348,476,659,981,1935,524,357,281,157,87,0,0,0
2026-04-27,1112,정부청사,하차,0,6,85,235,823,2800,748,400,302,396,353,407,367,372,484,511,222,166,163,109,51,13,0,0
2026-04-27,1113,갈마,승차,0,0,86,146,360,489,228,158,186,161,188,146,128,199,185,206,84,100,82,36,26,0,0,0
2026-04-27,1113,갈마,하차,0,0,28,39,95,194,113,101,129,162,172,172,192,265,291,504,216,154,156,99,72,14,0,0
2026-04-27,1114,월평,승차,0,0,77,144,302,499,240,167,173,171,216,200,210,250,304,362,169,118,101,78,36,0,0,0
2026-04-27,1114,월평,하차,0,0,16,53,159,408,282,221,216,232,219,239,235,261,334,516,212,164,167,135,86,13,0,0
2026-04-27,1115,갑천,승차,0,0,28,47,114,217,93,62,49,42,43,44,52,69,98,113,52,26,20,11,8,0,0,0
2026-04-27,1115,갑천,하차,0,0,10,28,63,124,50,39,40,54,44,42,67,89,108,165,83,46,47,41,26,3,0,0
2026-04-27,1116,유성온천,승차,0,0,117,283,751,1389,564,403,434,610,525,558,587,710,796,954,395,389,343,228,149,2,0,0
2026-04-27,1116,유성온천,하차,0,0,67,153,444,997,693,495,611,542,570,588,552,697,912,1523,573,439,439,369,198,24,0,0
2026-04-27,1117,구암,승차,0,0,46,82,277,447,186,144,159,190,211,177,214,267,237,275,117,90,63,64,27,2,0,0
2026-04-27,1117,구암,하차,0,0,16,96,166,321,191,177,186,185,159,176,211,223,264,417,138,126,97,77,40,9,0,0
2026-04-27,1118,현충원,승차,0,0,21,45,173,363,136,121,128,142,173,224,366,292,292,262,99,117,64,52,1,0,0,0
2026-04-27,1118,현충원,하차,0,0,7,45,169,269,292,152,180,208,207,95,112,129,166,258,84,70,64,50,26,9,0,0
2026-04-27,1119,월드컵경기장,승차,0,0,41,117,285,543,197,134,129,159,185,155,141,200,194,267,83,56,59,25,12,0,0,0
2026-04-27,1119,월드컵경기장,하차,0,0,16,34,208,251,119,89,114,120,100,107,136,183,226,387,186,109,133,107,70,16,0,0
2026-04-27,1120,노은,승차,0,0,47,109,395,507,251,196,253,245,251,251,239,246,334,434,207,173,153,140,51,0,0,0
2026-04-27,1120,노은,하차,0,0,19,44,196,392,251,186,187,254,299,284,315,391,455,617,274,143,183,119,65,10,0,0
2026-04-27,1121,지족,승차,0,0,42,74,204,248,122,92,104,126,148,147,154,154,172,410,66,72,55,47,15,0,0,0
2026-04-27,1121,지족,하차,0,0,15,27,156,496,134,79,125,97,104,100,105,124,155,261,127,89,114,83,54,9,0,0
2026-04-27,1122,반석,승차,0,1,96,254,1055,1335,603,380,326,331,364,297,344,404,538,809,333,241,250,190,83,0,0,0
2026-04-27,1122,반석,하차,0,0,47,170,443,691,233,184,264,327,350,319,416,565,783,1251,426,352,345,333,110,20,0,0
2026-04-28,1101,판암,승차,0,4,94,196,615,763,341,255,221,267,271,275,225,257,283,358,101,87,73,40,28,1,0,0
2026-04-28,1101,판암,하차,0,0,13,70,162,319,188,159,195,214,267,229,303,353,372,591,265,190,172,157,72,27,0,0
2026-04-28,1102,신흥,승차,0,0,66,129,438,614,210,128,96,99,117,106,57,93,103,109,53,41,30,26,9,0,0,0
2026-04-28,1102,신흥,하차,0,0,11,24,46,112,51,69,82,117,111,80,173,203,237,483,225,124,122,96,58,8,0,0
2026-04-28,1103,대동,승차,0,0,86,149,493,694,376,261,253,270,330,227,307,429,409,444,172,140,133,60,37,8,0,0
2026-04-28,1103,대동,하차,0,0,17,55,294,578,286,168,144,215,217,178,261,291,359,594,266,208,223,195,143,24,0,0
2026-04-28,1104,대전,승차,0,0,16,139,550,684,606,668,630,754,734,751,880,926,986,1076,658,410,374,321,200,1,0,0
2026-04-28,1104,대전,하차,0,0,123,436,870,1041,850,751,735,628,695,643,768,845,749,762,362,294,206,128,57,3,0,0
2026-04-28,1105,중앙로,승차,0,0,31,70,152,304,176,168,188,300,404,418,442,508,667,842,397,370,423,351,514,2,0,0
2026-04-28,1105,중앙로,하차,0,0,40,63,196,844,404,402,388,498,464,565,538,607,788,868,332,161,144,84,48,5,0,0
2026-04-28,1106,중구청,승차,0,0,25,65,191,293,137,137,132,150,134,130,177,331,338,432,94,65,94,68,58,0,0,0
2026-04-28,1106,중구청,하차,0,0,20,73,288,655,239,148,101,107,182,161,145,152,195,276,128,61,74,76,50,3,0,0
2026-04-28,1107,서대전네거리,승차,0,3,106,184,600,939,376,327,276,389,345,322,397,415,516,569,234,181,168,107,78,0,0,0
2026-04-28,1107,서대전네거리,하차,0,0,38,88,272,727,392,248,262,322,395,368,345,453,577,962,423,258,256,205,101,13,0,0
2026-04-28,1108,오룡,승차,0,0,80,142,485,868,321,193,202,332,330,196,221,277,327,586,165,90,85,41,34,0,0,0
2026-04-28,1108,오룡,하차,0,0,28,59,208,676,248,156,151,168,190,179,239,314,352,677,252,179,189,147,110,0,0,0
2026-04-28,1109,용문,승차,0,0,125,266,714,1437,519,394,372,448,459,375,381,576,508,473,250,244,265,151,131,0,0,0
2026-04-28,1109,용문,하차,0,0,29,75,262,638,431,360,332,382,449,442,408,570,768,1333,545,282,398,258,210,0,0,0
2026-04-28,1110,탄방,승차,0,0,53,151,352,602,314,230,213,214,239,258,302,286,530,834,238,168,232,180,42,0,0,0
2026-04-28,1110,탄방,하차,0,0,39,108,411,1205,441,239,192,234,322,250,268,289,354,717,244,152,164,115,131,0,0,0
2026-04-28,1111,시청,승차,0,0,40,111,329,487,316,299,319,343,390,441,600,747,956,1599,528,539,492,406,131,0,0,0
2026-04-28,1111,시청,하차,0,0,63,197,723,2017,734,421,337,435,720,550,483,505,694,767,306,226,160,125,130,11,0,0
2026-04-28,1112,정부청사,승차,0,0,33,88,261,441,262,257,356,314,358,402,554,721,1009,1992,501,360,284,190,67,1,0,0
2026-04-28,1112,정부청사,하차,0,0,91,259,807,2682,752,404,360,377,418,387,307,370,502,483,274,205,170,139,70,16,0,0
2026-04-28,1113,갈마,승차,0,0,86,142,341,517,238,169,150,165,174,142,133,178,182,189,103,96,96,39,30,1,0,0
2026-04-28,1113,갈마,하차,0,0,23,32,131,173,107,98,114,135,140,155,188,243,315,509,224,139,177,116,129,12,0,0
2026-04-28,1114,월평,승차,0,0,67,115,305,515,226,174,170,201,225,194,214,249,318,411,171,114,152,97,46,1,0,0
2026-04-28,1114,월평,하차,0,0,10,44,145,363,276,173,179,189,197,198,217,311,324,528,250,180,190,131,130,5,0,0
2026-04-28,1115,갑천,승차,0,0,25,47,121,233,69,43,44,57,62,47,55,59,96,123,53,37,26,12,8,0,0,0
2026-04-28,1115,갑천,하차,0,0,7,25,41,116,45,34,41,69,62,46,66,84,96,160,83,48,61,42,32,3,0,0
2026-04-28,1116,유성온천,승차,0,0,87,294,764,1470,560,433,399,703,586,564,653,813,831,1016,430,392,385,240,145,19,0,0
2026-04-28,1116,유성온천,하차,0,0,67,149,435,979,666,517,518,550,555,583,542,663,940,1500,658,454,454,377,339,60,0,0
2026-04-28,1117,구암,승차,0,0,45,84,254,459,186,169,137,205,182,183,176,234,224,274,155,108,115,44,29,2,0,0
2026-04-28,1117,구암,하차,0,0,17,64,170,299,177,157,148,177,158,161,174,218,252,421,154,143,121,85,64,11,0,0
2026-04-28,1118,현충원,승차,0,0,17,50,195,350,136,103,131,173,193,180,257,387,376,314,124,99,84,52,12,5,0,0
2026-04-28,1118,현충원,하차,0,0,15,51,197,368,315,146,150,139,182,80,92,130,162,251,92,64,116,70,60,15,0,0
2026-04-28,1119,월드컵경기장,승차,0,0,30,111,297,560,195,171,129,147,173,130,157,202,202,256,97,81,75,44,5,0,0,0
2026-04-28,1119,월드컵경기장,하차,0,0,10,43,216,265,122,77,95,107,117,124,152,181,219,381,187,158,152,115,80,14,0,0
2026-04-28,1120,노은,승차,0,0,44,96,428,508,262,208,213,264,257,213,271,274,362,393,223,206,179,134,61,3,0,0
2026-04-28,1120,노은,하차,0,0,22,47,201,400,230,194,167,259,288,268,312,372,499,627,283,188,185,146,94,16,0,0
2026-04-28,1121,지족,승차,0,0,32,72,196,266,118,104,83,155,135,105,129,158,209,409,91,70,70,42,22,0,0,0
2026-04-28,1121,지족,하차,0,0,7,25,155,499,103,82,79,81,96,88,122,142,187,270,141,105,92,89,57,10,0,0
2026-04-28,1122,반석,승차,0,0,91,238,1062,1320,634,363,316,324,423,314,332,474,603,822,361,233,275,176,116,0,0,0
2026-04-28,1122,반석,하차,0,0,43,177,451,663,282,211,259,337,343,330,398,570,757,1296,473,369,335,369,163,17,0,0
2026-04-29,1101,판암,승차,0,3,105,201,594,796,360,230,263,276,279,217,214,275,260,358,124,115,66,45,22,0,0,0
2026-04-29,1101,판암,하차,0,0,16,60,198,343,153,183,168,227,226,263,290,339,377,584,251,191,244,166,80,22,0,0
2026-04-29,1102,신흥,승차,0,0,67,124,444,629,217,115,110,111,112,93,74,115,105,126,56,37,24,22,17,0,0,0
2026-04-29,1102,신흥,하차,0,0,11,22,67,110,58,61,78,99,116,106,135,227,261,434,191,106,140,88,74,10,0,0
2026-04-29,1103,대동,승차,0,0,90,164,484,729,348,259,289,322,299,259,286,368,444,460,177,132,149,55,51,1,0,0
2026-04-29,1103,대동,하차,0,0,17,44,322,572,258,198,137,211,255,216,274,283,365,526,275,202,271,185,134,13,0,0
2026-04-29,1104,대전,승차,0,0,16,150,539,669,588,721,601,779,687,801,927,984,927,984,683,536,443,403,169,8,0,0
2026-04-29,1104,대전,하차,0,0,162,437,906,1089,778,689,794,671,818,735,777,823,796,910,456,304,230,159,46,7,0,0
2026-04-29,1105,중앙로,승차,0,0,26,49,166,335,170,181,221,332,426,423,414,560,700,900,480,488,572,782,153,2,0,0
2026-04-29,1105,중앙로,하차,0,0,27,64,198,846,420,378,482,504,530,593,570,662,916,1038,328,213,143,84,60,5,0,0
2026-04-29,1106,중구청,승차,0,0,33,60,190,292,110,117,109,165,129,202,239,228,329,432,128,117,86,129,29,0,0,0
2026-04-29,1106,중구청,하차,0,0,20,52,286,678,208,135,136,126,192,164,142,179,231,337,108,59,104,70,48,0,0,0
2026-04-29,1107,서대전네거리,승차,0,3,107,186,599,947,425,352,320,404,398,308,361,467,453,558,266,219,174,146,48,0,0,0
2026-04-29,1107,서대전네거리,하차,0,0,46,82,265,699,393,276,332,351,432,326,368,466,574,1018,422,264,290,226,108,15,0,0
2026-04-29,1108,오룡,승차,0,0,102,147,488,932,331,192,235,321,274,237,213,245,343,664,210,101,62,54,39,0,0,0
2026-04-29,1108,오룡,하차,0,0,21,75,218,677,247,133,157,162,192,225,221,328,380,622,277,184,176,182,111,2,0,0
2026-04-29,1109,용문,승차,0,4,122,231,719,1401,485,356,346,426,743,590,447,520,526,492,259,375,409,213,115,0,0,0
2026-04-29,1109,용문,하차,0,4,32,75,267,669,450,362,570,438,448,442,498,577,720,1513,864,390,296,305,156,0,0,0
2026-04-29,1110,탄방,승차,0,0,58,136,355,597,267,240,320,198,245,255,324,289,515,858,223,157,208,197,44,0,0,0
2026-04-29,1110,탄방,하차,0,0,45,109,386,1251,437,216,179,226,304,228,286,355,394,625,261,178,163,143,88,0,0,0
2026-04-29,1111,시청,승차,0,0,63,118,328,483,279,262,359,320,390,434,545,712,1013,1603,518,515,546,362,156,0,0,0
2026-04-29,1111,시청,하차,0,0,66,182,631,1966,716,342,363,406,691,560,494,527,665,759,340,184,222,200,82,9,0,0
2026-04-29,1112,정부청사,승차,0,0,31,89,253,430,299,278,339,372,388,382,575,791,1105,1976,458,325,247,196,85,0,0,0
2026-04-29,1112,정부청사,하차,0,0,89,237,795,2678,773,440,365,413,465,392,344,334,497,503,236,171,196,180,66,15,0,0
2026-04-29,1113,갈마,승차,0,0,67,120,370,551,247,141,172,213,213,144,165,195,208,222,128,88,80,58,22,3,0,0
2026-04-29,1113,갈마,하차,0,0,20,45,90,182,122,97,135,166,197,169,221,261,323,469,236,157,176,168,85,14,0,0
2026-04-29,1114,월평,승차,0,0,65,115,305,573,259,199,200,227,208,206,235,272,345,419,156,122,149,79,36,1,0,0
2026-04-29,1114,월평,하차,0,0,17,35,135,379,229,179,217,219,219,212,242,304,310,470,251,182,213,196,89,14,0,0
2026-04-29,1115,갑천,승차,0,0,24,51,116,218,87,60,41,54,61,50,61,49,107,115,57,30,41,6,5,0,0,0
2026-04-29,1115,갑천,하차,0,0,12,32,53,114,52,44,60,52,46,68,85,78,98,165,77,52,63,44,31,2,0,0
2026-04-29,1116,유성온천,승차,0,0,111,271,782,1477,538,410,456,689,582,585,676,847,945,994,525,407,358,254,159,4,0,0
2026-04-29,1116,유성온천,하차,0,0,73,150,421,969,720,523,504,513,655,595,618,688,1006,1475,614,445,562,516,247,30,0,0
2026-04-29,1117,구암,승차,0,0,48,74,239,460,218,299,317,307,371,277,292,294,310,319,166,94,82,44,30,1,0,0
2026-04-29,1117,구암,하차,0,0,16,70,181,401,317,314,285,282,264,268,265,298,250,375,154,119,145,108,46,3,0,0
2026-04-29,1118,현충원,승차,0,0,18,41,193,351,125,136,182,227,210,204,262,399,377,298,107,77,68,31,8,4,0,0
2026-04-29,1118,현충원,하차,0,0,8,44,177,377,342,157,179,139,176,75,99,107,143,258,85,78,91,148,45,10,0,0
2026-04-29,1119,월드컵경기장,승차,0,0,30,104,306,573,210,157,152,170,172,150,189,188,218,259,98,70,73,35,9,0,0,0
2026-04-29,1119,월드컵경기장,하차,0,0,7,43,202,258,139,88,116,111,120,134,147,197,227,379,166,140,134,125,76,17,0,0
2026-04-29,1120,노은,승차,0,0,36,97,422,551,266,209,207,261,301,283,273,280,350,408,216,181,202,165,65,5,0,0
2026-04-29,1120,노은,하차,0,0,18,50,193,405,257,187,165,284,328,316,303,368,478,669,319,186,207,172,89,11,0,0
2026-04-29,1121,지족,승차,0,0,34,65,212,263,135,89,124,175,142,119,182,178,185,430,81,43,53,34,23,0,0,0
2026-04-29,1121,지족,하차,0,0,13,31,148,542,99,78,94,121,139,120,118,142,175,252,126,109,102,100,53,12,0,0
2026-04-29,1122,반석,승차,0,0,78,227,1034,1406,616,428,333,353,460,418,400,440,591,804,336,261,260,204,93,0,0,0
2026-04-29,1122,반석,하차,0,0,42,154,454,654,269,174,260,310,399,394,445,618,797,1255,458,406,444,402,147,26,0,0
2026-04-30,1101,판암,승차,0,5,114,190,588,783,354,265,245,282,296,281,326,280,347,394,143,145,58,58,29,0,0,0
2026-04-30,1101,판암,하차,0,5,13,56,183,323,149,158,214,243,232,220,284,389,416,565,310,251,218,222,76,40,0,0
2026-04-30,1102,신흥,승차,0,0,66,113,425,576,206,129,97,115,132,104,84,118,132,158,70,39,39,35,7,0,0,0
2026-04-30,1102,신흥,하차,0,0,10,26,63,109,60,51,71,98,100,119,129,230,229,444,224,181,160,107,77,9,0,0
2026-04-30,1103,대동,승차,0,0,82,171,475,741,347,397,305,431,387,268,305,413,452,493,197,118,145,61,50,3,0,0
2026-04-30,1103,대동,하차,0,0,17,62,321,532,257,202,164,240,201,207,229,344,348,600,339,227,247,199,143,27,0,0
2026-04-30,1104,대전,승차,0,0,11,155,517,625,580,553,622,695,708,876,992,1003,1148,1237,1115,628,597,583,247,0,0,0
2026-04-30,1104,대전,하차,0,0,139,420,875,1114,769,831,940,775,914,883,975,1185,1319,1618,757,517,449,290,128,12,0,0
2026-04-30,1105,중앙로,승차,0,0,27,63,175,303,167,187,276,371,519,534,689,836,951,1086,714,733,854,1060,269,1,0,0
2026-04-30,1105,중앙로,하차,0,0,31,53,229,836,463,499,614,777,994,834,861,926,1194,1395,639,383,195,131,89,10,0,0
2026-04-30,1106,중구청,승차,0,0,27,57,183,304,141,128,144,160,170,191,206,318,362,430,111,96,114,111,33,0,0,0
2026-04-30,1106,중구청,하차,0,0,18,56,279,703,193,141,129,156,177,141,157,192,212,372,126,94,92,61,46,8,0,0
2026-04-30,1107,서대전네거리,승차,0,4,104,186,589,942,399,348,377,404,362,385,436,527,591,699,396,237,243,199,117,0,0,0
2026-04-30,1107,서대전네거리,하차,0,1,36,88,270,714,362,288,303,387,420,392,418,583,696,1113,543,405,313,296,138,14,0,0
2026-04-30,1108,오룡,승차,0,1,79,150,482,947,322,206,238,453,342,248,252,276,371,672,313,116,120,56,57,0,0,0
2026-04-30,1108,오룡,하차,0,0,21,75,203,675,205,139,138,201,255,243,282,360,421,710,370,229,224,166,127,2,0,0
2026-04-30,1109,용문,승차,0,1,126,247,674,1411,466,409,378,555,568,453,466,607,561,649,360,249,260,158,165,0,0,0
2026-04-30,1109,용문,하차,0,0,32,74,238,618,471,347,432,426,486,475,550,710,792,1348,579,373,386,366,209,0,0,0
2026-04-30,1110,탄방,승차,0,0,53,131,342,583,236,213,302,245,258,252,349,360,585,842,246,189,287,234,58,0,0,0
2026-04-30,1110,탄방,하차,0,0,37,104,381,1212,434,221,206,244,309,279,308,409,441,711,361,193,156,202,136,0,0,0
2026-04-30,1111,시청,승차,0,0,43,128,339,446,321,286,333,347,412,489,582,779,1018,1451,551,460,445,414,184,0,0,0
2026-04-30,1111,시청,하차,0,0,67,174,654,1933,686,347,366,436,544,560,528,569,721,832,459,300,242,236,126,20,0,0
2026-04-30,1112,정부청사,승차,0,0,28,84,259,380,264,300,410,456,442,683,733,923,1275,2060,537,418,302,188,86,0,0,0
2026-04-30,1112,정부청사,하차,0,0,92,241,775,2969,762,383,329,416,476,392,405,437,556,616,314,225,221,212,78,27,0,0
2026-04-30,1113,갈마,승차,0,0,67,132,332,523,224,183,171,163,187,192,211,190,264,272,139,105,105,79,42,1,0,0
2026-04-30,1113,갈마,하차,0,0,19,41,108,166,109,107,130,193,177,194,234,256,369,461,274,167,182,234,110,18,0,0
2026-04-30,1114,월평,승차,0,0,87,124,318,522,249,161,207,190,325,239,297,381,420,524,249,183,179,125,74,0,0,0
2026-04-30,1114,월평,하차,0,0,11,36,129,383,247,173,183,231,216,216,266,301,381,516,282,252,182,194,123,9,0,0
2026-04-30,1115,갑천,승차,0,0,22,40,131,213,90,58,54,43,75,50,61,78,143,123,46,62,23,19,9,1,0,0
2026-04-30,1115,갑천,하차,0,0,8,26,69,141,40,41,40,60,61,65,67,83,108,153,92,58,48,46,34,7,0,0
2026-04-30,1116,유성온천,승차,0,0,115,272,819,1402,599,451,504,814,735,754,860,1042,1234,1170,620,493,491,367,244,15,0,0
2026-04-30,1116,유성온천,하차,0,0,67,157,449,997,680,520,539,615,716,685,723,826,1200,1569,933,600,552,730,328,40,0,0
2026-04-30,1117,구암,승차,0,0,39,80,260,428,196,188,165,237,257,250,266,330,359,391,256,223,108,95,70,4,0,0
2026-04-30,1117,구암,하차,0,0,21,70,207,298,194,172,178,211,202,188,271,290,297,460,221,169,144,118,61,12,0,0
2026-04-30,1118,현충원,승차,0,0,12,49,184,362,143,135,170,258,296,258,317,412,470,416,157,95,90,45,13,0,0,0
2026-04-30,1118,현충원,하차,0,0,9,48,178,299,285,133,147,177,199,95,128,139,156,255,124,102,108,131,61,11,0,0
2026-04-30,1119,월드컵경기장,승차,0,0,37,110,332,511,215,146,142,207,177,151,205,257,220,300,127,83,86,34,19,1,0,0
2026-04-30,1119,월드컵경기장,하차,0,0,10,41,211,236,117,96,115,102,141,120,149,184,288,377,215,147,140,139,102,24,0,0
2026-04-30,1120,노은,승차,0,0,44,94,387,520,273,227,348,383,388,328,333,361,451,457,299,210,235,180,83,1,0,0
2026-04-30,1120,노은,하차,0,0,22,47,248,486,256,177,172,321,355,332,374,471,520,704,432,271,218,217,146,34,0,0
2026-04-30,1121,지족,승차,0,0,26,68,218,282,128,105,99,228,208,145,161,162,276,452,142,83,67,35,24,0,0,0
2026-04-30,1121,지족,하차,0,0,17,31,157,482,100,100,84,109,143,95,141,161,229,261,115,121,112,124,91,14,0,0
2026-04-30,1122,반석,승차,0,0,77,240,1232,1533,578,393,284,348,445,378,461,609,854,920,432,290,267,184,102,0,0,0
2026-04-30,1122,반석,하차,0,0,33,160,443,646,249,187,288,359,480,488,550,661,865,1170,549,416,452,476,264,56,0,0
2026-05-01,1101,판암,승차,0,0,67,95,161,222,299,282,265,271,291,287,228,256,212,210,135,83,63,37,20,0,0,0
2026-05-01,1101,판암,하차,0,0,16,44,88,113,136,171,173,167,192,223,249,272,268,204,167,182,199,150,74,40,0,0
2026-05-01,1102,신흥,승차,0,0,39,54,96,137,196,120,122,105,135,101,81,126,90,102,41,48,33,9,6,1,0,0
2026-05-01,1102,신흥,하차,0,0,7,21,35,38,42,37,60,75,91,95,99,118,146,106,94,89,118,103,53,10,0,0
2026-05-01,1103,대동,승차,0,0,37,72,150,199,262,195,198,209,279,206,225,253,261,229,133,73,65,43,32,0,0,0
2026-05-01,1103,대동,하차,0,0,13,29,37,104,82,97,123,139,149,160,210,215,190,239,160,206,141,156,142,16,0,0
2026-05-01,1104,대전,승차,0,0,13,131,269,449,569,795,750,706,758,955,1164,1129,940,702,707,541,562,476,289,5,0,0
2026-05-01,1104,대전,하차,0,0,145,502,592,747,902,930,1140,849,1075,1081,988,960,842,838,655,559,358,147,53,7,0,0
2026-05-01,1105,중앙로,승차,0,0,26,37,62,139,188,265,344,424,525,724,893,1120,1214,1130,995,1029,785,392,192,0,0,0
2026-05-01,1105,중앙로,하차,0,0,17,81,120,322,362,635,941,1137,1206,1176,1093,1044,991,744,648,342,163,121,40,3,0,0
2026-05-01,1106,중구청,승차,0,0,17,39,58,84,68,82,88,108,128,118,160,150,162,121,88,51,44,26,23,0,0,0
2026-05-01,1106,중구청,하차,0,0,8,25,36,55,81,88,121,136,131,170,173,153,126,127,80,58,66,43,34,5,0,0
2026-05-01,1107,서대전네거리,승차,0,2,59,99,147,275,295,316,346,344,319,338,305,282,255,317,286,211,153,107,81,1,0,0
2026-05-01,1107,서대전네거리,하차,0,0,26,51,75,182,260,251,271,266,341,302,311,365,413,397,222,246,214,205,123,15,0,0
2026-05-01,1108,오룡,승차,0,0,38,92,122,210,243,215,211,191,200,198,184,183,234,178,184,82,93,46,18,0,0,0
2026-05-01,1108,오룡,하차,0,0,11,37,70,111,122,111,158,160,195,224,225,221,194,214,152,176,148,124,87,1,0,0
2026-05-01,1109,용문,승차,0,0,104,131,175,318,433,420,487,426,501,502,580,568,579,508,348,280,185,146,75,0,0,0
2026-05-01,1109,용문,하차,0,0,18,66,136,309,353,349,433,402,505,537,578,555,665,508,427,340,250,238,172,0,0,0
2026-05-01,1110,탄방,승차,0,0,33,76,116,134,186,206,220,206,304,300,257,208,280,234,159,108,115,95,31,0,0,0
2026-05-01,1110,탄방,하차,0,0,21,68,89,227,336,230,183,201,206,202,195,229,264,233,184,151,141,119,87,0,0,0
2026-05-01,1111,시청,승차,0,0,51,56,119,164,176,234,381,448,460,431,401,430,446,450,335,358,262,325,114,0,0,0
2026-05-01,1111,시청,하차,0,0,21,71,198,302,445,530,359,397,392,396,401,484,513,427,338,271,187,160,88,10,0,0
2026-05-01,1112,정부청사,승차,0,0,32,55,93,146,187,237,263,259,341,412,367,408,441,382,311,299,230,122,75,0,0,0
2026-05-01,1112,정부청사,하차,0,0,37,70,113,239,305,319,377,343,411,422,417,452,412,296,284,206,201,137,52,11,0,0
2026-05-01,1113,갈마,승차,0,0,56,87,117,172,199,191,223,167,217,161,170,180,183,141,127,118,83,67,45,3,0,0
2026-05-01,1113,갈마,하차,0,0,21,23,23,60,91,121,140,178,221,201,192,225,250,253,203,145,131,134,87,15,0,0
2026-05-01,1114,월평,승차,0,1,62,100,128,170,201,215,221,254,260,262,244,247,256,249,171,124,108,57,38,0,0,0
2026-05-01,1114,월평,하차,0,0,17,30,39,72,107,173,162,177,179,243,260,226,265,273,232,195,178,152,104,9,0,0
2026-05-01,1115,갑천,승차,0,0,15,16,28,59,58,54,66,46,91,75,57,81,65,63,34,31,19,17,7,1,0,0
2026-05-01,1115,갑천,하차,0,0,5,24,25,44,34,40,53,37,41,59,72,72,82,83,47,70,38,47,26,1,0,0
2026-05-01,1116,유성온천,승차,0,0,117,180,276,385,563,539,601,640,682,702,732,735,706,589,493,431,372,279,166,5,0,0
2026-05-01,1116,유성온천,하차,0,0,58,104,169,293,503,446,445,490,643,566,624,799,788,827,589,580,456,380,231,39,0,0
2026-05-01,1117,구암,승차,0,0,29,49,67,124,208,214,363,270,262,311,294,237,206,214,204,132,128,109,51,1,0,0
2026-05-01,1117,구암,하차,0,0,11,58,116,187,247,248,236,201,185,203,221,224,244,230,174,143,135,66,42,3,0,0
2026-05-01,1118,현충원,승차,0,0,21,36,55,128,124,173,220,206,270,287,221,220,266,176,89,90,43,39,7,3,0,0
2026-05-01,1118,현충원,하차,0,0,4,20,63,86,158,151,293,126,102,107,121,130,122,99,113,58,94,76,37,6,0,0
2026-05-01,1119,월드컵경기장,승차,0,0,21,54,78,138,195,190,145,158,176,134,126,153,134,112,86,67,65,33,22,0,0,0
2026-05-01,1119,월드컵경기장,하차,0,0,6,32,49,66,129,81,83,89,115,110,105,133,181,127,148,108,88,111,73,22,0,0
2026-05-01,1120,노은,승차,0,0,34,57,104,139,183,200,230,240,259,242,278,239,258,258,175,154,138,127,51,2,0,0
2026-05-01,1120,노은,하차,0,0,5,28,41,110,178,146,165,209,234,284,269,266,347,320,242,223,161,172,96,24,0,0
2026-05-01,1121,지족,승차,0,0,37,40,66,78,125,115,96,137,114,83,109,121,107,98,77,54,41,20,18,0,0,0
2026-05-01,1121,지족,하차,0,0,9,21,20,42,56,58,60,77,58,108,82,101,119,110,109,91,66,69,79,12,0,0
2026-05-01,1122,반석,승차,0,4,64,102,224,330,490,427,506,488,494,439,353,400,414,269,223,207,204,148,73,7,0,0
2026-05-01,1122,반석,하차,0,4,26,80,113,166,197,176,223,214,219,281,352,463,552,401,373,356,368,281,173,34,0,0
2026-05-02,1101,판암,승차,0,1,82,112,227,262,329,271,294,302,279,222,224,230,233,168,135,90,76,50,24,0,0,0
2026-05-02,1101,판암,하차,0,0,17,53,76,164,155,157,181,201,231,225,221,259,291,205,171,176,189,126,88,29,0,0
2026-05-02,1102,신흥,승차,0,0,42,56,123,181,152,130,142,120,125,136,90,86,105,80,43,58,28,13,8,0,0,0
2026-05-02,1102,신흥,하차,0,0,6,17,44,46,38,47,86,60,122,85,94,138,163,149,102,111,95,86,54,11,0,0
2026-05-02,1103,대동,승차,0,0,46,96,165,246,289,218,270,286,228,230,178,236,233,170,122,92,80,35,22,1,0,0
2026-05-02,1103,대동,하차,0,0,17,26,49,120,98,115,142,136,192,178,207,174,251,253,166,199,171,143,126,27,0,0
2026-05-02,1104,대전,승차,0,0,19,116,289,460,693,805,911,944,1016,1054,1129,1160,935,792,783,599,696,608,411,2,0,0
2026-05-02,1104,대전,하차,0,0,139,405,631,769,892,1025,1105,1016,1110,1047,1128,1007,902,746,635,453,341,123,57,4,0,0
2026-05-02,1105,중앙로,승차,0,0,35,46,68,142,186,247,333,486,568,765,911,1152,1069,964,871,832,591,359,234,1,0,0
2026-05-02,1105,중앙로,하차,0,0,31,69,123,327,398,592,904,1075,1117,1160,1032,1033,939,696,544,291,205,95,78,2,0,0
2026-05-02,1106,중구청,승차,0,0,20,29,66,84,92,92,88,120,128,168,137,153,147,129,89,62,33,22,28,0,0,0
2026-05-02,1106,중구청,하차,0,0,11,31,27,82,77,78,142,164,170,182,169,137,164,119,84,62,68,58,31,3,0,0
2026-05-02,1107,서대전네거리,승차,0,2,76,79,163,318,287,343,344,424,363,304,291,270,312,270,212,166,133,80,76,0,0,0
2026-05-02,1107,서대전네거리,하차,0,1,23,46,95,209,293,228,250,307,388,281,320,374,360,409,276,230,255,170,125,10,0,0
2026-05-02,1108,오룡,승차,0,0,44,75,129,238,194,207,243,210,223,166,149,169,200,145,154,96,56,41,26,5,0,0
2026-05-02,1108,오룡,하차,0,0,14,41,74,107,140,126,156,170,163,174,177,218,196,184,143,143,118,89,84,8,0,0
2026-05-02,1109,용문,승차,0,0,86,117,175,351,380,430,471,626,554,525,496,543,538,439,312,249,169,119,70,0,0,0
2026-05-02,1109,용문,하차,0,0,19,71,141,336,403,387,373,469,530,534,500,501,581,478,354,317,235,227,177,0,0,0
2026-05-02,1110,탄방,승차,0,0,29,88,136,167,209,203,284,306,410,384,305,334,364,194,178,126,134,80,41,0,0,0
2026-05-02,1110,탄방,하차,0,0,24,66,119,279,328,372,388,300,327,284,233,269,277,210,139,150,119,101,127,0,0,0
2026-05-02,1111,시청,승차,0,0,45,59,114,168,250,286,368,434,511,423,411,513,464,384,342,324,213,236,129,0,0,0
2026-05-02,1111,시청,하차,0,0,33,94,162,323,441,358,482,458,411,379,323,415,415,382,281,255,232,106,108,18,0,0
2026-05-02,1112,정부청사,승차,0,0,27,57,88,141,196,230,273,309,390,373,432,465,442,456,261,284,186,97,61,0,0,0
2026-05-02,1112,정부청사,하차,0,0,33,87,119,276,324,362,437,456,407,448,399,422,329,295,272,201,183,105,54,14,0,0
2026-05-02,1113,갈마,승차,0,0,69,81,134,177,212,180,226,189,183,186,219,192,232,151,111,107,95,46,46,0,0,0
2026-05-02,1113,갈마,하차,0,0,24,27,46,73,95,133,175,224,200,209,205,237,256,232,184,174,153,135,112,23,0,0
2026-05-02,1114,월평,승차,0,0,55,91,143,187,227,214,271,202,233,216,219,228,211,203,145,126,96,62,35,1,0,0
2026-05-02,1114,월평,하차,0,0,11,13,48,95,100,137,160,210,225,223,198,268,270,226,206,199,171,145,121,28,0,0
2026-05-02,1115,갑천,승차,0,0,17,20,44,76,82,47,72,68,68,74,71,60,52,57,39,36,22,13,5,0,0,0
2026-05-02,1115,갑천,하차,0,0,12,29,21,39,56,50,57,58,54,69,57,57,73,49,52,35,34,38,31,7,0,0
2026-05-02,1116,유성온천,승차,0,2,84,177,288,428,528,614,653,678,730,712,657,658,620,456,378,466,350,229,188,0,0,0
2026-05-02,1116,유성온천,하차,0,0,63,93,155,448,486,426,479,571,529,621,672,828,771,740,590,447,436,349,274,41,0,0
2026-05-02,1117,구암,승차,0,0,36,59,98,136,184,249,266,245,256,267,192,196,208,186,181,138,97,56,60,0,0,0
2026-05-02,1117,구암,하차,0,0,10,51,111,163,189,195,189,190,180,226,212,172,268,159,150,118,131,63,45,7,0,0
2026-05-02,1118,현충원,승차,0,0,20,50,56,148,125,189,198,191,180,228,190,162,160,130,82,88,46,12,7,2,0,0
2026-05-02,1118,현충원,하차,0,0,9,31,56,84,160,174,124,110,99,131,129,117,124,93,79,64,79,72,17,10,0,0
2026-05-02,1119,월드컵경기장,승차,0,0,26,49,93,137,170,163,144,157,134,164,151,164,139,135,91,63,83,28,16,1,0,0
2026-05-02,1119,월드컵경기장,하차,0,0,10,36,51,93,112,86,145,120,128,118,132,145,172,119,133,107,99,88,57,19,0,0
2026-05-02,1120,노은,승차,0,0,33,59,118,188,189,206,250,252,278,238,266,238,236,230,167,108,130,95,63,3,0,0
2026-05-02,1120,노은,하차,0,0,17,29,75,168,197,174,247,238,234,243,258,266,291,331,184,166,148,124,96,28,0,0
2026-05-02,1121,지족,승차,0,0,20,45,55,110,107,105,148,122,118,144,104,101,116,70,63,55,31,27,9,0,0,0
2026-05-02,1121,지족,하차,0,0,7,27,33,69,70,59,82,84,103,107,91,140,116,122,100,63,71,77,61,12,0,0
2026-05-02,1122,반석,승차,0,0,68,107,224,337,396,415,442,376,363,355,380,406,336,287,187,194,150,120,62,0,0,0
2026-05-02,1122,반석,하차,0,0,22,104,118,198,211,185,203,253,282,350,328,375,485,374,316,336,309,245,160,40,0,0
2026-05-03,1101,판암,승차,0,0,41,56,115,183,199,185,188,174,218,211,169,203,127,101,85,81,50,40,15,0,0,0
2026-05-03,1101,판암,하차,0,0,16,22,47,71,89,122,181,127,136,186,178,171,205,137,96,148,136,93,45,24,0,0
2026-05-03,1102,신흥,승차,0,0,36,35,48,97,92,78,88,82,99,76,65,86,76,49,39,34,29,4,10,0,0,0
2026-05-03,1102,신흥,하차,0,0,6,13,18,29,27,41,53,44,61,66,77,115,96,99,68,86,72,54,52,4,0,0
2026-05-03,1103,대동,승차,0,0,21,71,86,144,157,143,144,164,186,143,123,200,167,126,90,55,37,37,20,0,0,0
2026-05-03,1103,대동,하차,0,0,12,21,32,57,62,122,164,123,121,124,138,144,170,161,119,140,147,129,104,6,0,0
2026-05-03,1104,대전,승차,0,1,11,65,130,287,446,705,667,767,665,854,873,967,795,611,870,739,884,684,456,12,0,0
2026-05-03,1104,대전,하차,0,1,64,218,309,474,554,560,662,524,616,675,640,570,610,503,522,471,267,107,43,14,0,0
2026-05-03,1105,중앙로,승차,0,0,25,34,26,71,134,161,197,280,377,528,584,683,656,694,622,622,478,238,131,1,0,0
2026-05-03,1105,중앙로,하차,0,0,9,54,115,200,268,458,653,771,836,748,622,594,558,383,404,210,149,68,40,5,0,0
2026-05-03,1106,중구청,승차,0,0,11,14,47,45,37,53,51,54,94,85,88,109,87,83,43,44,47,27,14,6,0,0
2026-05-03,1106,중구청,하차,0,0,7,17,13,23,49,59,82,96,91,124,109,107,102,74,67,40,70,37,25,7,0,0
2026-05-03,1107,서대전네거리,승차,0,1,39,59,78,146,133,208,177,226,231,223,234,208,236,234,254,165,96,70,46,1,0,0
2026-05-03,1107,서대전네거리,하차,0,0,22,54,46,115,124,114,153,157,216,234,236,277,283,279,212,179,183,120,96,2,0,0
2026-05-03,1108,오룡,승차,0,0,40,36,62,122,133,127,191,223,181,197,165,180,142,125,167,96,98,40,25,0,0,0
2026-05-03,1108,오룡,하차,0,0,7,43,43,91,113,162,72,104,113,116,140,142,124,144,159,143,103,95,86,0,0,0
2026-05-03,1109,용문,승차,0,4,57,87,124,195,227,425,481,382,512,472,369,407,384,323,241,232,174,89,28,7,0,0
2026-05-03,1109,용문,하차,0,4,20,63,137,423,297,315,407,295,277,368,420,357,414,330,326,270,217,180,115,7,0,0
2026-05-03,1110,탄방,승차,0,0,18,43,75,115,100,122,123,165,170,165,164,186,225,113,109,79,92,46,28,0,0,0
2026-05-03,1110,탄방,하차,0,0,23,51,53,93,163,154,120,170,170,142,149,156,198,150,135,132,157,81,91,0,0,0
2026-05-03,1111,시청,승차,0,0,29,40,60,103,93,121,162,205,214,266,236,268,337,305,251,224,175,144,73,0,0,0
2026-05-03,1111,시청,하차,0,0,13,43,60,141,169,156,219,278,258,257,293,307,292,243,180,167,170,118,57,14,0,0
2026-05-03,1112,정부청사,승차,0,0,13,35,42,98,106,135,121,130,165,208,269,287,242,240,180,267,144,84,36,0,0,0
2026-05-03,1112,정부청사,하차,0,0,20,47,69,116,181,221,211,272,257,275,253,278,247,199,165,142,152,85,39,10,0,0
2026-05-03,1113,갈마,승차,0,0,28,49,68,120,125,102,129,117,140,142,125,127,132,118,91,94,60,33,24,0,0,0
2026-05-03,1113,갈마,하차,0,0,15,10,14,42,44,71,114,128,162,167,164,178,212,195,142,132,113,99,85,18,0,0
2026-05-03,1114,월평,승차,0,0,33,55,77,133,142,145,131,134,150,174,145,173,176,118,108,114,55,65,31,0,0,0
2026-05-03,1114,월평,하차,0,0,12,24,27,59,64,96,115,136,165,220,193,226,271,210,271,240,237,251,155,29,0,0
2026-05-03,1115,갑천,승차,0,0,15,23,19,41,41,57,37,51,38,48,35,46,41,43,20,28,17,5,9,0,0,0
2026-05-03,1115,갑천,하차,0,0,7,12,12,19,32,35,20,40,32,43,46,46,42,54,38,47,45,46,25,4,0,0
2026-05-03,1116,유성온천,승차,0,2,56,107,171,299,350,344,340,394,471,427,498,442,448,453,412,292,254,156,95,2,0,0
2026-05-03,1116,유성온천,하차,0,0,42,85,85,201,259,280,352,375,415,487,543,642,583,490,500,407,459,380,222,40,0,0
2026-05-03,1117,구암,승차,0,0,25,26,39,96,97,111,135,142,170,187,191,158,152,184,197,161,101,73,44,2,0,0
2026-05-03,1117,구암,하차,0,0,10,44,75,90,134,106,135,135,132,168,203,211,206,217,165,155,128,58,22,3,0,0
2026-05-03,1118,현충원,승차,0,0,7,21,48,49,81,104,102,138,152,116,150,88,85,82,44,38,30,17,4,2,0,0
2026-05-03,1118,현충원,하차,0,0,2,9,23,57,74,98,76,63,58,61,86,98,105,83,79,66,91,95,32,4,0,0
2026-05-03,1119,월드컵경기장,승차,0,0,16,34,54,88,100,109,105,117,113,83,117,109,89,87,66,42,36,21,5,0,0,0
2026-05-03,1119,월드컵경기장,하차,0,0,8,16,26,43,58,67,47,77,52,72,75,95,124,122,79,102,72,84,31,25,0,0
2026-05-03,1120,노은,승차,0,0,19,40,73,116,121,93,149,138,143,158,172,189,176,190,152,121,107,73,35,2,0,0
2026-05-03,1120,노은,하차,0,0,7,18,30,56,106,94,110,160,156,194,202,220,232,236,163,175,98,103,65,10,0,0
2026-05-03,1121,지족,승차,0,0,19,35,27,61,56,71,76,89,71,82,87,89,85,67,60,40,37,26,12,0,0,0
2026-05-03,1121,지족,하차,0,0,10,21,7,40,56,64,45,42,42,79,75,94,91,85,59,73,69,43,47,9,0,0
2026-05-03,1122,반석,승차,0,0,36,78,118,183,245,214,293,264,313,261,242,258,218,199,158,155,135,118,47,0,0,0
2026-05-03,1122,반석,하차,0,0,12,44,64,99,154,139,119,161,174,195,230,324,342,283,231,240,275,138,89,18,0,0
2026-05-04,1101,판암,승차,0,9,102,166,491,657,357,291,277,319,288,289,295,285,352,313,178,89,56,47,23,0,0,0
2026-05-04,1101,판암,하차,0,2,16,62,142,263,166,168,191,214,236,250,323,350,403,562,247,201,229,179,80,30,0,0
2026-05-04,1102,신흥,승차,0,0,64,104,349,478,182,119,108,148,124,99,90,85,120,132,91,37,28,17,7,0,0,0
2026-05-04,1102,신흥,하차,0,0,10,22,41,95,68,60,77,105,107,93,143,190,199,352,178,144,148,102,65,17,0,0
2026-05-04,1103,대동,승차,0,0,72,142,371,592,300,240,209,249,271,221,316,362,437,477,170,119,144,83,30,1,0,0
2026-05-04,1103,대동,하차,0,0,18,40,181,446,215,158,157,239,240,223,267,309,341,480,244,217,195,193,154,23,0,0
2026-05-04,1104,대전,승차,0,0,18,158,600,712,746,900,816,847,817,977,1008,1011,1078,1105,927,594,557,427,225,0,0,0
2026-05-04,1104,대전,하차,0,0,160,395,777,989,814,753,852,734,751,798,895,858,844,944,508,427,278,123,63,6,0,0
2026-05-04,1105,중앙로,승차,0,0,25,47,122,272,227,264,328,488,607,660,995,971,1117,1106,685,758,566,357,155,15,0,0
2026-05-04,1105,중앙로,하차,0,0,24,64,215,798,515,636,870,941,853,891,810,789,883,1028,539,332,176,124,65,22,0,0
2026-05-04,1106,중구청,승차,0,0,25,42,131,224,117,124,157,155,175,164,218,224,313,396,111,93,76,58,26,0,0,0
2026-05-04,1106,중구청,하차,0,0,11,67,213,539,202,142,152,168,202,174,157,166,180,256,119,72,68,69,30,0,0,0
2026-05-04,1107,서대전네거리,승차,0,3,103,131,465,802,392,380,352,403,396,317,361,425,500,575,245,194,192,115,93,3,0,0
2026-05-04,1107,서대전네거리,하차,0,0,26,72,201,593,333,300,313,292,376,366,391,475,581,851,476,299,261,238,124,15,0,0
2026-05-04,1108,오룡,승차,0,0,76,113,395,722,269,228,289,224,251,249,241,283,331,649,161,123,101,65,43,0,0,0
2026-05-04,1108,오룡,하차,0,0,24,69,174,585,182,139,170,201,225,214,273,307,378,623,261,169,142,144,91,1,0,0
2026-05-04,1109,용문,승차,0,1,114,202,556,1110,499,414,475,586,519,545,547,562,619,614,325,286,198,158,180,0,0,0
2026-05-04,1109,용문,하차,0,0,29,58,212,524,431,405,449,478,538,563,623,666,838,1224,565,378,376,249,154,0,0,0
2026-05-04,1110,탄방,승차,0,0,59,112,271,474,278,249,299,236,288,254,307,292,428,725,218,165,183,120,35,0,0,0
2026-05-04,1110,탄방,하차,0,0,30,84,296,1001,327,216,238,231,280,256,279,331,310,582,287,173,160,116,83,0,0,0
2026-05-04,1111,시청,승차,0,0,49,86,220,404,285,359,440,452,465,510,501,639,840,1365,508,461,388,449,134,0,0,0
2026-05-04,1111,시청,하차,0,0,59,182,542,1604,600,442,451,399,521,477,512,577,694,803,400,272,208,150,121,12,0,0
2026-05-04,1112,정부청사,승차,0,0,29,71,220,348,227,316,380,331,347,395,510,651,910,1669,452,311,208,148,72,0,0,0
2026-05-04,1112,정부청사,하차,0,0,90,183,669,2129,593,385,336,432,452,386,426,429,499,511,287,213,163,111,59,26,0,0
2026-05-04,1113,갈마,승차,0,0,68,111,279,440,210,193,194,178,236,172,209,218,228,210,123,106,96,46,38,0,0,0
2026-05-04,1113,갈마,하차,0,0,20,31,71,172,104,120,195,164,174,217,263,260,326,470,249,175,166,141,91,18,0,0
2026-05-04,1114,월평,승차,0,7,68,108,232,468,210,167,224,231,279,216,339,275,300,389,174,163,133,111,52,2,0,0
2026-05-04,1114,월평,하차,0,7,11,32,108,333,281,286,245,295,200,264,266,316,363,533,250,163,189,126,88,8,0,0
2026-05-04,1115,갑천,승차,0,0,23,43,88,187,88,57,60,85,62,73,59,73,86,81,51,21,36,10,10,0,0,0
2026-05-04,1115,갑천,하차,0,0,6,24,40,84,41,49,69,49,67,55,75,101,105,136,104,55,51,44,26,2,0,0
2026-05-04,1116,유성온천,승차,0,0,86,232,653,1151,524,492,555,620,615,605,731,859,805,964,515,389,406,258,226,4,0,0
2026-05-04,1116,유성온천,하차,0,0,71,122,372,809,585,541,570,559,636,652,714,777,1011,1480,762,573,496,441,254,16,0,0
2026-05-04,1117,구암,승차,0,0,41,82,215,384,233,268,325,306,271,323,290,326,260,270,193,126,85,54,33,4,0,0
2026-05-04,1117,구암,하차,0,0,17,69,152,293,277,327,342,272,303,269,314,334,315,417,127,105,130,77,62,12,0,0
2026-05-04,1118,현충원,승차,0,0,18,31,148,324,133,122,170,212,225,173,254,385,305,283,97,92,66,43,13,0,0,0
2026-05-04,1118,현충원,하차,0,0,4,22,134,284,255,140,161,173,212,100,107,145,159,224,88,91,95,92,38,8,0,0
2026-05-04,1119,월드컵경기장,승차,0,0,27,102,237,489,181,173,195,165,174,151,191,209,207,249,99,70,43,33,9,1,0,0
2026-05-04,1119,월드컵경기장,하차,0,0,14,36,121,190,137,121,114,125,118,139,152,202,210,323,163,106,124,114,68,11,0,0
2026-05-04,1120,노은,승차,0,0,32,87,309,451,237,237,245,234,253,251,322,272,354,382,254,203,181,127,55,1,0,0
2026-05-04,1120,노은,하차,0,0,22,37,139,279,235,169,238,288,270,291,341,415,440,632,321,223,210,142,98,25,0,0
2026-05-04,1121,지족,승차,0,0,27,60,152,225,140,119,126,139,127,157,150,138,183,399,71,86,62,33,21,0,0,0
2026-05-04,1121,지족,하차,0,0,11,26,100,415,89,76,131,114,110,104,106,154,180,223,125,112,100,80,56,17,0,0
2026-05-04,1122,반석,승차,0,0,63,200,833,999,529,420,408,384,452,327,404,408,570,647,313,227,204,168,113,0,0,0
2026-05-04,1122,반석,하차,0,0,26,148,316,479,201,182,266,302,293,344,408,601,701,1090,423,410,349,322,142,41,0,0
2026-05-05,1101,판암,승차,0,0,68,73,121,164,211,226,237,260,301,285,211,203,211,136,94,91,63,35,11,0,0,0
2026-05-05,1101,판암,하차,0,0,15,45,67,108,128,131,148,133,158,193,199,239,266,177,223,159,145,94,59,29,0,0
2026-05-05,1102,신흥,승차,0,0,46,51,86,107,106,117,134,141,149,106,91,93,61,60,51,26,27,9,8,0,0,0
2026-05-05,1102,신흥,하차,0,0,6,24,31,29,31,36,53,58,47,87,116,156,148,136,109,104,90,73,45,4,0,0
2026-05-05,1103,대동,승차,0,0,38,76,105,145,201,184,232,223,259,254,195,197,167,114,121,86,60,31,30,0,0,0
2026-05-05,1103,대동,하차,0,0,18,35,34,70,85,79,88,114,134,140,176,206,195,265,208,204,147,150,99,19,0,0
2026-05-05,1104,대전,승차,0,0,7,122,211,338,518,802,689,856,723,909,1069,965,876,787,789,864,725,754,360,0,0,0
2026-05-05,1104,대전,하차,0,0,105,324,335,518,631,686,774,666,647,629,616,685,580,553,740,523,370,115,40,4,0,0
2026-05-05,1105,중앙로,승차,0,0,24,20,46,99,140,163,214,341,491,882,1022,1146,1124,992,915,789,571,271,146,2,0,0
2026-05-05,1105,중앙로,하차,0,0,23,44,124,245,357,615,1072,1169,1214,1112,932,814,666,467,505,286,112,47,40,3,0,0
2026-05-05,1106,중구청,승차,0,0,28,32,43,55,57,63,88,87,88,146,125,140,125,105,58,55,34,29,21,0,0,0
2026-05-05,1106,중구청,하차,0,0,17,31,17,46,62,82,140,149,119,137,132,132,96,103,94,55,80,54,51,2,0,0
2026-05-05,1107,서대전네거리,승차,0,0,55,83,102,180,225,217,293,307,339,306,323,284,249,231,159,137,125,69,57,2,0,0
2026-05-05,1107,서대전네거리,하차,0,0,29,38,80,125,207,193,231,217,290,294,262,366,360,354,336,249,209,159,86,10,0,0
2026-05-05,1108,오룡,승차,0,0,58,56,116,143,153,179,184,183,197,194,200,145,154,124,131,93,79,40,19,0,0,0
2026-05-05,1108,오룡,하차,0,0,16,35,57,76,105,115,95,92,121,149,173,175,187,204,286,207,121,126,72,0,0,0
2026-05-05,1109,용문,승차,0,0,77,94,144,235,287,320,339,344,386,385,469,391,338,312,227,240,136,91,52,0,0,0
2026-05-05,1109,용문,하차,0,0,20,45,80,159,241,236,253,273,367,466,389,438,419,400,368,283,238,196,145,0,0,0
2026-05-05,1110,탄방,승차,0,0,27,66,76,108,132,133,172,198,214,231,273,213,165,172,146,96,87,84,20,0,0,0
2026-05-05,1110,탄방,하차,0,0,19,70,81,108,160,172,148,201,230,194,190,239,240,203,234,161,110,96,85,0,0,0
2026-05-05,1111,시청,승차,0,0,54,36,82,131,150,204,242,248,319,367,385,372,379,375,295,317,254,277,95,0,0,0
2026-05-05,1111,시청,하차,0,0,20,65,131,171,214,213,256,356,399,353,344,406,372,338,350,230,177,113,87,9,0,0
2026-05-05,1112,정부청사,승차,0,0,19,43,71,116,107,172,222,206,258,294,368,381,376,331,300,238,235,90,55,1,0,0
2026-05-05,1112,정부청사,하차,0,0,31,71,76,138,262,285,360,364,362,435,414,380,330,257,264,205,197,106,53,13,0,0
2026-05-05,1113,갈마,승차,0,0,48,50,99,122,157,139,194,147,151,165,226,140,170,125,134,103,63,44,34,0,0,0
2026-05-05,1113,갈마,하차,0,0,25,23,22,61,75,84,126,152,164,165,191,203,270,166,216,157,141,125,98,11,0,0
2026-05-05,1114,월평,승차,0,0,44,69,85,142,162,191,208,159,231,226,247,237,257,168,153,99,82,67,43,0,0,0
2026-05-05,1114,월평,하차,0,0,17,36,35,61,102,102,139,148,201,232,247,271,260,215,287,204,213,194,139,28,0,0
2026-05-05,1115,갑천,승차,0,0,17,25,25,47,54,43,61,50,69,67,62,71,69,37,34,31,18,10,6,0,0,0
2026-05-05,1115,갑천,하차,0,0,7,24,13,30,32,40,50,34,61,47,54,57,47,88,61,59,36,31,26,2,0,0
2026-05-05,1116,유성온천,승차,0,0,93,144,165,300,370,456,530,576,621,635,655,616,517,438,420,403,273,186,125,5,0,0
2026-05-05,1116,유성온천,하차,0,0,57,95,146,253,346,397,439,493,484,569,600,711,725,726,574,550,489,393,281,37,0,0
2026-05-05,1117,구암,승차,0,0,30,23,60,112,148,174,221,215,182,199,178,178,182,164,157,130,101,86,43,3,0,0
2026-05-05,1117,구암,하차,0,0,7,41,82,122,151,149,185,137,147,180,191,271,205,258,223,175,148,63,31,7,0,0
2026-05-05,1118,현충원,승차,0,2,13,21,39,97,92,165,177,199,216,229,252,221,182,133,104,77,48,14,4,0,0,0
2026-05-05,1118,현충원,하차,0,0,2,34,63,102,126,166,236,100,98,126,102,111,126,99,86,122,95,102,37,9,0,0
2026-05-05,1119,월드컵경기장,승차,0,0,13,40,65,89,110,151,130,148,223,139,123,137,147,1460,360,83,42,26,7,0,0,0
2026-05-05,1119,월드컵경기장,하차,0,0,7,27,50,70,91,97,109,130,210,466,1027,414,136,122,102,116,103,82,57,17,0,0
2026-05-05,1120,노은,승차,0,0,25,44,64,111,135,194,218,202,210,241,231,238,223,232,202,197,107,87,41,4,0,0
2026-05-05,1120,노은,하차,0,0,3,23,48,91,123,142,168,194,274,242,253,255,254,327,210,201,121,101,68,10,0,0
2026-05-05,1121,지족,승차,0,0,16,31,50,56,90,103,104,132,145,93,98,102,91,86,53,74,30,14,10,0,0,0
2026-05-05,1121,지족,하차,0,0,9,16,15,39,42,48,88,68,50,88,71,125,136,146,106,111,87,85,49,11,0,0
2026-05-05,1122,반석,승차,0,0,47,86,132,219,286,368,495,484,428,414,442,280,287,254,181,180,147,110,55,0,0,0
2026-05-05,1122,반석,하차,0,0,23,62,88,134,159,166,179,181,207,279,319,439,521,458,396,339,265,189,110,27,0,0
2026-05-06,1101,판암,승차,0,6,102,199,621,780,394,259,227,299,227,215,243,336,257,361,142,100,72,43,20,4,0,0
2026-05-06,1101,판암,하차,0,0,14,66,172,329,143,139,171,187,214,235,316,420,411,625,271,177,248,185,84,31,0,0
2026-05-06,1102,신흥,승차,0,0,71,126,447,619,201,120,89,99,99,89,81,110,122,134,61,33,36,18,6,0,0,0
2026-05-06,1102,신흥,하차,0,0,9,28,56,108,49,69,87,83,90,82,158,227,222,447,215,126,156,123,70,7,0,0
2026-05-06,1103,대동,승차,0,0,84,179,464,715,328,236,210,213,245,206,301,539,416,519,192,149,172,278,122,1,0,0
2026-05-06,1103,대동,하차,0,0,12,45,329,602,268,198,184,218,227,229,267,357,386,613,348,252,254,195,98,13,0,0
2026-05-06,1104,대전,승차,0,0,16,189,711,908,735,689,568,704,588,721,777,922,921,1139,633,442,406,312,163,0,0,0
2026-05-06,1104,대전,하차,0,0,194,583,951,1170,782,681,736,618,687,748,673,719,689,738,373,291,221,96,40,2,0,0
2026-05-06,1105,중앙로,승차,0,0,25,62,159,333,151,170,230,266,351,353,471,489,637,782,429,379,360,224,99,15,0,0
2026-05-06,1105,중앙로,하차,0,0,21,60,190,834,380,371,355,391,432,410,409,484,558,724,337,169,118,89,67,18,0,0
2026-05-06,1106,중구청,승차,0,0,25,62,183,313,129,126,132,193,131,178,215,236,332,441,108,102,82,49,12,0,0,0
2026-05-06,1106,중구청,하차,0,0,17,60,296,691,223,167,140,130,160,145,137,179,182,315,124,80,97,67,39,5,0,0
2026-05-06,1107,서대전네거리,승차,0,3,108,193,621,952,388,352,316,344,356,269,374,515,443,602,235,174,170,91,60,1,0,0
2026-05-06,1107,서대전네거리,하차,0,0,37,79,322,726,334,258,297,306,357,359,322,498,553,974,410,257,278,235,107,13,0,0
2026-05-06,1108,오룡,승차,0,0,91,168,479,902,314,215,217,222,220,193,196,344,364,701,180,115,67,46,23,0,0,0
2026-05-06,1108,오룡,하차,0,0,28,68,222,691,271,132,155,152,182,159,222,288,385,623,266,173,171,143,103,0,0,0
2026-05-06,1109,용문,승차,0,0,132,252,739,1391,439,350,362,369,606,579,562,540,503,484,268,243,511,178,127,0,0,0
2026-05-06,1109,용문,하차,0,0,29,78,234,575,477,519,509,346,396,406,481,602,771,1455,790,446,318,225,125,0,0,0
2026-05-06,1110,탄방,승차,0,0,65,153,368,575,275,202,296,210,255,239,274,301,493,851,284,167,229,208,33,0,0,0
2026-05-06,1110,탄방,하차,0,0,37,111,392,1312,464,240,181,214,264,232,278,384,401,707,275,171,159,89,97,0,0,0
2026-05-06,1111,시청,승차,0,0,56,132,322,485,286,291,389,338,378,431,487,682,980,1641,539,467,515,460,143,0,0,0
2026-05-06,1111,시청,하차,0,0,67,185,662,2050,722,429,355,369,446,445,490,646,736,859,377,209,196,114,83,4,0,0
2026-05-06,1112,정부청사,승차,0,0,44,99,250,391,264,289,318,292,317,405,501,682,1024,2033,515,361,267,177,66,0,0,0
2026-05-06,1112,정부청사,하차,0,0,97,263,881,2853,783,381,336,353,360,318,318,368,421,517,268,219,167,124,55,20,0,0
2026-05-06,1113,갈마,승차,0,0,88,154,358,548,241,143,156,149,180,147,161,197,181,216,141,94,86,45,28,0,0,0
2026-05-06,1113,갈마,하차,0,0,22,34,107,162,104,94,112,152,146,153,218,284,286,481,258,158,177,136,103,10,0,0
2026-05-06,1114,월평,승차,0,0,79,138,307,536,229,158,164,175,196,181,221,279,301,390,179,143,110,59,34,3,0,0
2026-05-06,1114,월평,하차,0,0,12,42,149,388,250,190,209,227,186,211,228,291,326,545,226,157,179,138,112,21,0,0
2026-05-06,1115,갑천,승차,0,0,30,51,119,228,70,46,45,41,60,51,60,59,104,119,50,43,34,18,8,0,0,0
2026-05-06,1115,갑천,하차,0,0,9,24,52,128,49,35,49,62,47,45,67,77,109,180,74,63,58,34,36,2,0,0
2026-05-06,1116,유성온천,승차,0,0,112,298,824,1435,548,448,474,535,543,497,672,783,884,1048,486,377,363,246,172,2,0,0
2026-05-06,1116,유성온천,하차,0,0,70,139,455,1027,726,463,594,505,533,557,553,757,1096,1516,648,439,469,394,286,23,0,0
2026-05-06,1117,구암,승차,0,0,43,90,282,468,180,166,163,167,162,165,189,261,220,292,134,101,84,58,20,4,0,0
2026-05-06,1117,구암,하차,0,0,16,85,190,349,204,151,164,156,156,157,213,212,284,403,158,103,116,97,36,7,0,0
2026-05-06,1118,현충원,승차,0,0,25,66,193,389,132,125,158,199,186,183,223,346,337,312,102,95,66,48,9,0,0,0
2026-05-06,1118,현충원,하차,0,0,6,40,159,396,291,118,158,144,174,84,108,115,141,281,95,76,92,79,56,4,0,0
2026-05-06,1119,월드컵경기장,승차,0,0,36,105,311,557,197,149,160,147,148,125,161,246,226,261,113,78,47,25,19,0,0,0
2026-05-06,1119,월드컵경기장,하차,0,0,8,37,215,247,133,89,123,116,107,118,174,175,222,416,182,131,149,114,65,21,0,0
2026-05-06,1120,노은,승차,0,0,52,104,429,564,261,219,211,192,249,191,321,286,330,452,275,192,188,153,51,5,0,0
2026-05-06,1120,노은,하차,0,0,19,46,214,393,267,175,160,214,259,270,341,395,477,671,332,177,188,157,63,6,0,0
2026-05-06,1121,지족,승차,0,0,34,65,216,245,136,80,89,132,119,120,227,168,210,390,93,79,58,30,17,0,0,0
2026-05-06,1121,지족,하차,0,0,12,38,164,527,91,73,103,121,117,82,127,164,153,275,132,92,110,92,53,9,0,0
2026-05-06,1122,반석,승차,0,0,80,259,1030,1381,632,356,297,328,362,248,344,424,596,829,336,277,236,170,101,0,0,0
2026-05-06,1122,반석,하차,0,0,47,174,459,688,225,182,208,263,277,326,420,570,766,1267,443,357,362,353,148,27,0,0
2026-05-07,1101,판암,승차,0,0,114,184,609,761,372,234,243,277,262,201,250,288,321,400,119,84,63,45,14,0,0,0
2026-05-07,1101,판암,하차,0,0,14,67,185,322,154,161,203,186,218,235,276,396,417,628,269,200,218,181,66,22,0,0
2026-05-07,1102,신흥,승차,0,0,65,124,417,633,205,132,95,108,113,98,82,104,116,122,52,28,25,13,8,0,0,0
2026-05-07,1102,신흥,하차,0,0,14,22,54,106,57,74,61,109,102,96,165,197,192,469,211,152,137,114,54,11,0,0
2026-05-07,1103,대동,승차,0,0,80,170,461,724,307,173,189,244,292,267,300,622,454,457,173,179,168,155,54,0,0,0
2026-05-07,1103,대동,하차,0,0,21,50,330,527,244,174,129,208,203,192,264,306,349,727,326,213,227,150,115,25,0,0
2026-05-07,1104,대전,승차,0,1,24,135,503,661,588,641,648,759,654,724,826,878,984,1120,767,510,432,358,179,2,0,0
2026-05-07,1104,대전,하차,0,1,147,449,880,1169,822,716,784,654,700,737,807,828,875,949,439,363,273,121,49,4,0,0
2026-05-07,1105,중앙로,승차,0,0,21,61,158,336,202,164,215,340,398,405,547,587,687,860,402,491,379,235,92,1,0,0
2026-05-07,1105,중앙로,하차,0,0,19,60,204,808,429,416,398,482,459,481,430,525,608,836,383,169,153,85,48,2,0,0
2026-05-07,1106,중구청,승차,0,0,33,59,188,310,139,131,143,178,143,132,159,335,291,464,126,100,88,65,16,5,0,0
2026-05-07,1106,중구청,하차,0,0,27,54,292,679,289,145,112,131,167,152,130,142,177,332,112,81,77,67,38,8,0,0
2026-05-07,1107,서대전네거리,승차,0,2,105,182,589,1047,407,325,309,379,341,328,394,443,497,611,243,172,151,86,65,2,0,0
2026-05-07,1107,서대전네거리,하차,0,0,37,97,275,677,371,282,316,355,379,391,378,510,593,951,442,314,260,254,105,16,0,0
2026-05-07,1108,오룡,승차,0,0,104,155,502,893,309,204,215,266,239,229,204,360,418,717,169,89,72,43,27,0,0,0
2026-05-07,1108,오룡,하차,0,0,28,67,221,689,229,142,169,182,205,204,256,280,414,621,252,174,200,147,94,1,0,0
2026-05-07,1109,용문,승차,0,0,126,260,685,1364,502,432,316,480,467,397,368,459,503,539,247,255,229,131,113,7,0,0
2026-05-07,1109,용문,하차,0,0,27,72,206,535,450,313,324,358,416,410,418,578,723,1264,534,384,422,262,139,7,0,0
2026-05-07,1110,탄방,승차,0,10,46,142,355,613,278,195,265,222,256,213,306,280,524,863,238,194,239,240,50,0,0,0
2026-05-07,1110,탄방,하차,0,10,43,116,405,1202,399,218,213,244,244,225,271,350,466,762,304,170,155,121,68,1,0,0
2026-05-07,1111,시청,승차,0,0,47,102,352,494,289,279,355,318,372,417,498,608,874,1487,531,524,589,446,173,0,0,0
2026-05-07,1111,시청,하차,0,0,69,191,603,2018,730,410,330,346,436,407,492,632,773,893,372,267,177,132,112,4,0,0
2026-05-07,1112,정부청사,승차,0,0,33,91,255,397,302,268,359,317,448,366,625,684,1019,1995,483,401,301,200,82,3,0,0
2026-05-07,1112,정부청사,하차,0,0,96,236,833,2876,760,407,299,417,432,344,314,406,509,570,245,187,170,136,47,21,0,0
2026-05-07,1113,갈마,승차,0,0,79,133,358,528,213,153,145,142,154,149,159,195,223,207,90,92,75,45,17,0,0,0
2026-05-07,1113,갈마,하차,0,0,34,40,97,168,109,99,98,153,161,144,163,259,326,528,215,151,204,116,101,12,0,0
2026-05-07,1114,월평,승차,0,0,82,132,309,551,257,168,156,216,238,246,236,306,361,423,158,130,131,101,53,1,0,0
2026-05-07,1114,월평,하차,0,0,20,43,114,373,263,192,189,212,237,217,228,265,354,540,228,209,179,146,106,13,0,0
2026-05-07,1115,갑천,승차,0,0,26,54,123,236,88,47,53,38,47,48,62,68,103,135,39,38,22,17,10,0,0,0
2026-05-07,1115,갑천,하차,0,0,13,31,64,125,54,37,48,47,44,48,84,101,108,158,77,75,60,44,19,5,0,0
2026-05-07,1116,유성온천,승차,0,0,110,273,799,1448,600,408,453,577,541,530,656,874,1003,1026,467,426,397,259,179,4,0,0
2026-05-07,1116,유성온천,하차,0,0,77,152,436,1046,697,474,561,536,625,587,577,695,1041,1568,611,503,442,411,228,16,0,0
2026-05-07,1117,구암,승차,0,0,37,87,275,413,197,161,153,179,166,188,210,270,293,313,153,108,67,59,22,1,0,0
2026-05-07,1117,구암,하차,0,0,18,74,192,353,218,168,160,189,178,175,177,209,270,438,137,117,113,82,50,7,0,0
2026-05-07,1118,현충원,승차,0,0,20,47,188,360,162,138,175,237,230,192,193,325,371,397,100,93,87,39,15,0,0,0
2026-05-07,1118,현충원,하차,0,0,3,35,163,317,273,146,155,144,213,79,126,134,160,263,87,98,90,88,31,8,0,0
2026-05-07,1119,월드컵경기장,승차,0,0,27,124,300,591,212,152,122,138,166,137,171,235,215,290,101,94,52,35,6,0,0,0
2026-05-07,1119,월드컵경기장,하차,0,0,10,51,197,267,123,87,92,107,127,110,132,172,265,399,182,139,138,111,61,23,0,0
2026-05-07,1120,노은,승차,0,0,44,104,416,532,249,194,190,217,232,196,269,307,385,452,253,193,181,135,59,2,0,0
2026-05-07,1120,노은,하차,0,0,21,47,213,380,242,171,191,220,245,268,324,408,515,683,322,228,210,177,94,16,0,0
2026-05-07,1121,지족,승차,0,0,32,61,222,275,120,93,104,102,120,137,148,210,234,430,97,76,57,39,18,6,0,0
2026-05-07,1121,지족,하차,0,0,17,24,141,513,109,130,93,107,91,94,120,145,172,276,115,92,111,84,54,10,0,0
2026-05-07,1122,반석,승차,0,0,69,234,1055,1339,628,370,343,319,372,256,345,425,642,836,378,273,294,201,119,0,0,0
2026-05-07,1122,반석,하차,0,0,38,163,427,699,283,207,245,287,333,339,412,591,806,1261,401,373,368,314,155,27,0,0
2026-05-08,1101,판암,승차,0,3,106,212,580,752,312,238,212,305,258,211,264,321,383,389,149,145,83,53,26,8,0,0
2026-05-08,1101,판암,하차,0,0,14,71,171,357,160,141,176,191,186,244,344,362,430,660,287,231,232,195,70,43,0,0
2026-05-08,1102,신흥,승차,0,0,62,119,402,592,204,115,98,107,111,93,88,118,117,152,77,89,47,26,21,0,0,0
2026-05-08,1102,신흥,하차,0,0,13,26,57,106,61,63,88,92,92,119,164,190,307,472,204,142,139,119,65,8,0,0
2026-05-08,1103,대동,승차,0,1,81,170,481,733,286,187,242,252,251,285,494,513,449,455,198,143,105,59,41,1,0,0
2026-05-08,1103,대동,하차,0,0,14,50,315,498,221,154,165,158,211,189,297,295,394,548,319,199,213,169,135,19,0,0
2026-05-08,1104,대전,승차,0,0,16,145,456,643,593,649,642,673,710,922,1104,1119,1253,1351,1049,707,650,564,259,0,0,0
2026-05-08,1104,대전,하차,0,0,149,433,880,1104,816,770,810,777,953,950,1059,1253,1423,1636,896,651,417,180,87,5,0,0
2026-05-08,1105,중앙로,승차,0,0,41,63,154,346,195,220,281,345,403,467,599,660,812,991,531,532,448,330,313,18,0,0
2026-05-08,1105,중앙로,하차,0,0,23,75,248,873,438,421,478,559,517,592,691,773,1026,1115,532,294,223,133,57,24,0,0
2026-05-08,1106,중구청,승차,0,0,24,65,164,283,138,111,142,145,155,185,210,285,324,492,137,89,80,49,27,0,0,0
2026-05-08,1106,중구청,하차,0,0,16,90,266,655,212,127,118,141,148,146,137,160,245,310,142,72,74,62,48,3,0,0
2026-05-08,1107,서대전네거리,승차,0,4,113,184,559,945,363,309,297,362,351,384,443,538,648,681,350,222,192,126,97,10,0,0
2026-05-08,1107,서대전네거리,하차,0,0,41,75,288,747,347,303,276,340,413,334,489,544,676,1110,481,355,278,279,119,25,0,0
2026-05-08,1108,오룡,승차,0,0,81,137,488,887,300,226,187,235,242,269,352,302,418,725,310,110,107,67,38,0,0,0
2026-05-08,1108,오룡,하차,0,0,26,67,212,713,241,111,155,167,202,215,302,352,426,727,316,202,180,133,101,2,0,0
2026-05-08,1109,용문,승차,0,0,135,255,689,1374,485,407,368,438,440,389,473,649,676,694,402,292,220,126,76,0,0,0
2026-05-08,1109,용문,하차,0,0,26,78,235,629,370,356,366,363,460,505,570,721,838,1312,598,371,336,271,171,0,0,0
2026-05-08,1110,탄방,승차,0,0,50,142,358,593,261,226,314,212,274,262,360,364,627,891,265,179,197,225,42,0,0,0
2026-05-08,1110,탄방,하차,0,0,34,103,356,1216,441,209,191,210,243,260,366,420,460,701,359,200,157,134,119,1,0,0
2026-05-08,1111,시청,승차,0,0,42,101,322,468,271,275,416,353,412,509,576,772,1242,1659,545,511,396,483,178,0,0,0
2026-05-08,1111,시청,하차,0,0,65,191,594,2016,740,418,338,357,508,488,683,655,781,869,534,281,235,189,115,23,0,0
2026-05-08,1112,정부청사,승차,0,0,26,88,243,437,239,277,335,384,384,462,734,947,1223,2067,532,319,278,150,76,1,0,0
2026-05-08,1112,정부청사,하차,0,0,103,248,802,2572,736,332,296,415,385,391,431,454,515,594,365,227,158,134,73,18,0,0
2026-05-08,1113,갈마,승차,0,0,76,129,337,517,223,161,148,148,193,178,173,238,277,278,151,154,81,62,50,0,0,0
2026-05-08,1113,갈마,하차,0,0,23,44,109,175,93,111,129,157,162,177,273,275,333,548,315,188,204,153,123,22,0,0
2026-05-08,1114,월평,승차,0,0,74,128,305,575,295,214,205,234,262,286,328,387,444,500,282,222,293,171,46,10,0,0
2026-05-08,1114,월평,하차,0,0,17,44,135,345,213,204,153,216,224,220,272,344,451,697,380,222,199,196,117,18,0,0
2026-05-08,1115,갑천,승차,0,0,28,50,117,241,59,52,49,40,63,59,91,74,117,139,60,49,32,11,12,1,0,0
2026-05-08,1115,갑천,하차,0,0,8,23,49,124,54,42,57,58,51,61,73,78,111,187,109,61,55,37,23,3,0,0
2026-05-08,1116,유성온천,승차,0,0,103,238,843,1426,581,456,481,614,672,795,825,953,1062,1111,662,498,438,289,189,8,0,0
2026-05-08,1116,유성온천,하차,0,0,80,131,405,981,598,538,560,497,617,579,689,797,1202,1770,878,609,528,470,299,39,0,0
2026-05-08,1117,구암,승차,0,0,48,91,261,427,165,163,159,214,261,248,324,356,362,386,263,234,155,91,40,1,0,0
2026-05-08,1117,구암,하차,0,0,13,73,175,305,179,158,170,190,185,195,290,262,364,511,235,139,139,101,57,13,0,0
2026-05-08,1118,현충원,승차,0,0,24,46,188,362,152,141,141,276,314,268,299,307,345,361,162,97,64,35,2,0,0,0
2026-05-08,1118,현충원,하차,0,0,8,38,137,304,215,166,188,160,167,117,155,124,155,293,109,95,90,95,43,12,0,0
2026-05-08,1119,월드컵경기장,승차,0,0,29,119,301,534,198,159,117,147,170,204,210,241,264,269,162,107,73,42,17,0,0,0
2026-05-08,1119,월드컵경기장,하차,0,0,10,43,203,239,131,96,94,118,114,150,184,195,263,389,218,150,158,140,59,29,0,0
2026-05-08,1120,노은,승차,0,0,53,92,395,492,240,203,197,256,207,224,335,347,449,492,288,203,174,158,80,3,0,0
2026-05-08,1120,노은,하차,0,0,22,50,207,363,263,174,194,190,260,356,364,469,494,656,405,239,260,182,102,23,0,0
2026-05-08,1121,지족,승차,0,0,34,66,212,284,147,80,102,124,123,156,199,209,218,462,111,84,48,31,11,4,0,0
2026-05-08,1121,지족,하차,0,0,13,42,154,457,109,92,75,123,111,98,110,147,186,283,151,107,92,119,69,21,0,0
2026-05-08,1122,반석,승차,0,0,87,237,985,1228,529,366,282,322,348,315,423,568,811,917,482,273,244,187,100,0,0,0
2026-05-08,1122,반석,하차,0,0,45,162,456,667,241,187,246,310,339,366,493,631,811,1210,447,370,373,343,174,62,0,0
2026-05-09,1101,판암,승차,0,0,78,104,217,302,318,311,339,327,282,233,278,228,297,202,148,125,76,53,19,6,0,0
2026-05-09,1101,판암,하차,0,0,19,37,78,173,170,171,209,181,241,228,249,281,332,239,217,220,229,159,78,37,0,0
2026-05-09,1102,신흥,승차,0,0,63,70,118,203,184,122,154,154,120,122,96,158,128,119,71,73,38,8,11,1,0,0
2026-05-09,1102,신흥,하차,0,0,6,24,32,55,46,51,74,85,142,127,105,137,155,157,104,120,123,96,72,6,0,0
2026-05-09,1103,대동,승차,0,0,47,106,178,284,297,278,309,277,275,232,235,315,312,218,107,100,64,45,36,0,0,0
2026-05-09,1103,대동,하차,0,0,20,39,81,205,122,110,157,186,213,174,196,238,248,222,163,221,200,201,151,17,0,0
2026-05-09,1104,대전,승차,0,0,17,120,305,535,679,878,1077,993,1012,1122,1249,1245,1129,965,816,714,748,630,354,11,0,0
2026-05-09,1104,대전,하차,0,0,150,453,611,729,931,1071,1301,951,1119,1118,1043,1004,921,751,655,604,444,267,56,10,0,0
2026-05-09,1105,중앙로,승차,0,0,36,40,63,114,181,229,243,411,513,541,719,917,1418,1102,866,906,647,355,192,3,0,0
2026-05-09,1105,중앙로,하차,0,0,19,77,113,310,412,491,812,1167,1037,1012,1031,950,937,667,483,335,267,126,63,6,0,0
2026-05-09,1106,중구청,승차,0,7,23,44,62,93,96,78,100,128,119,141,132,166,160,151,95,60,44,40,19,0,0,0
2026-05-09,1106,중구청,하차,0,7,11,50,52,105,114,87,153,133,205,174,160,109,149,117,74,70,67,56,43,2,0,0
2026-05-09,1107,서대전네거리,승차,0,0,63,101,185,328,315,332,520,512,448,491,491,394,462,301,245,272,188,101,70,1,0,0
2026-05-09,1107,서대전네거리,하차,0,0,32,77,153,359,322,338,415,383,519,344,383,447,428,456,289,314,333,193,151,14,0,0
2026-05-09,1108,오룡,승차,0,0,66,93,155,279,255,251,299,270,259,177,206,194,303,146,118,105,82,42,34,0,0,0
2026-05-09,1108,오룡,하차,0,0,12,54,74,126,128,160,149,166,199,162,231,220,207,215,197,162,162,129,96,1,0,0
2026-05-09,1109,용문,승차,0,0,93,163,228,376,453,458,485,548,561,535,493,467,551,461,334,291,197,132,75,0,0,0
2026-05-09,1109,용문,하차,0,0,20,82,142,345,448,357,428,490,476,462,530,530,576,527,390,368,355,259,190,0,0,0
2026-05-09,1110,탄방,승차,0,0,67,90,145,195,222,246,256,318,317,353,320,357,414,239,243,218,145,74,43,1,0,0
2026-05-09,1110,탄방,하차,0,0,36,93,112,259,381,289,329,296,334,314,286,327,370,232,142,158,202,119,98,3,0,0
2026-05-09,1111,시청,승차,0,0,52,74,132,197,227,307,406,498,551,474,524,521,555,548,463,428,317,323,187,0,0,0
2026-05-09,1111,시청,하차,0,0,36,95,185,441,527,451,465,606,539,449,389,474,525,503,324,282,299,145,93,21,0,0
2026-05-09,1112,정부청사,승차,0,1,28,67,112,201,216,287,297,329,414,413,442,513,496,415,273,257,162,165,74,1,0,0
2026-05-09,1112,정부청사,하차,0,0,51,100,163,316,384,356,438,491,462,474,393,428,401,347,231,227,237,146,55,18,0,0
2026-05-09,1113,갈마,승차,0,0,51,91,151,224,216,224,254,210,214,207,186,219,227,187,106,122,96,51,33,0,0,0
2026-05-09,1113,갈마,하차,0,0,23,24,40,90,102,115,166,252,204,204,232,242,294,223,205,179,205,144,96,14,0,0
2026-05-09,1114,월평,승차,0,1,67,80,147,225,247,258,221,269,287,279,258,314,306,288,175,178,250,99,52,2,0,0
2026-05-09,1114,월평,하차,0,0,15,25,53,100,137,201,234,284,297,321,297,377,374,357,290,201,193,159,132,21,0,0
2026-05-09,1115,갑천,승차,0,0,21,31,47,75,85,52,83,93,89,88,94,78,82,73,46,49,30,15,6,0,0,0
2026-05-09,1115,갑천,하차,0,0,11,25,26,55,54,80,76,108,96,82,80,82,96,78,66,50,63,46,31,3,0,0
2026-05-09,1116,유성온천,승차,0,0,114,195,323,450,537,574,667,795,786,697,738,739,739,545,432,428,388,267,186,4,0,0
2026-05-09,1116,유성온천,하차,0,0,41,124,174,459,508,568,618,662,636,637,681,851,901,963,692,524,653,476,301,38,0,0
2026-05-09,1117,구암,승차,0,0,37,45,106,191,274,356,446,411,385,343,325,287,267,201,195,148,144,52,60,0,0,0
2026-05-09,1117,구암,하차,0,0,17,71,158,235,327,391,332,308,277,295,293,266,240,237,182,158,140,75,59,2,0,0
2026-05-09,1118,현충원,승차,0,0,25,29,76,172,158,195,191,207,233,231,223,235,188,120,130,100,79,27,5,0,0,0
2026-05-09,1118,현충원,하차,0,0,4,28,61,120,183,163,180,141,138,132,118,141,161,141,104,95,99,90,38,7,0,0
2026-05-09,1119,월드컵경기장,승차,0,1,33,54,97,136,219,212,151,140,152,171,162,152,188,136,86,126,945,96,19,0,0,0
2026-05-09,1119,월드컵경기장,하차,0,0,10,35,56,96,95,104,120,111,141,150,162,241,567,677,120,118,145,82,67,17,0,0
2026-05-09,1120,노은,승차,0,0,34,67,135,236,272,250,293,369,345,271,259,279,310,249,205,171,151,126,45,3,0,0
2026-05-09,1120,노은,하차,0,0,19,27,89,193,204,221,243,266,272,245,325,343,335,397,272,207,195,154,103,26,0,0
2026-05-09,1121,지족,승차,0,0,23,45,88,124,138,157,146,150,151,127,127,108,136,110,59,57,52,41,15,3,0,0
2026-05-09,1121,지족,하차,0,0,10,23,25,84,80,81,68,109,122,117,126,113,169,135,103,91,114,76,53,11,0,0
2026-05-09,1122,반석,승차,0,0,69,84,275,427,485,526,512,498,467,370,366,428,437,335,224,216,145,147,73,0,0,0
2026-05-09,1122,반석,하차,0,0,20,94,125,208,249,204,268,310,332,379,341,507,542,398,353,362,483,242,177,48,0,0
2026-05-10,1101,판암,승차,0,1,43,93,154,229,245,235,230,231,176,210,202,205,188,136,137,98,65,40,18,0,0,0
2026-05-10,1101,판암,하차,0,0,11,41,55,78,112,135,164,156,170,202,207,199,240,203,178,181,146,100,57,23,0,0
2026-05-10,1102,신흥,승차,0,0,30,52,71,108,121,98,118,122,119,85,80,87,83,70,44,35,19,12,4,0,0,0
2026-05-10,1102,신흥,하차,0,0,5,12,28,37,32,61,61,64,61,91,88,110,110,99,95,103,78,64,46,3,0,0
2026-05-10,1103,대동,승차,0,0,37,77,104,200,217,206,227,242,193,196,198,135,153,118,96,70,47,27,39,1,0,0
2026-05-10,1103,대동,하차,0,0,7,28,36,115,77,95,106,119,103,158,174,186,201,208,175,180,145,149,141,18,0,0
2026-05-10,1104,대전,승차,0,0,13,98,201,348,498,779,856,827,771,834,1110,1096,1048,962,970,1004,1129,855,538,2,0,0
2026-05-10,1104,대전,하차,0,0,86,278,371,544,660,673,822,620,765,730,707,742,662,661,554,493,312,123,67,7,0,0
2026-05-10,1105,중앙로,승차,0,0,24,29,49,79,151,175,211,289,383,489,653,722,1226,900,769,584,362,233,115,7,0,0
2026-05-10,1105,중앙로,하차,0,0,15,54,80,204,286,543,845,1073,946,874,734,664,588,459,293,178,123,62,41,8,0,0
2026-05-10,1106,중구청,승차,0,0,11,28,47,48,55,45,82,81,94,92,117,121,150,107,65,44,38,31,12,0,0,0
2026-05-10,1106,중구청,하차,0,0,10,38,22,38,76,62,118,103,126,143,114,117,109,79,70,55,63,57,35,2,0,0
2026-05-10,1107,서대전네거리,승차,0,0,55,72,99,175,206,252,211,238,279,261,288,220,240,204,237,203,105,93,50,2,0,0
2026-05-10,1107,서대전네거리,하차,0,0,30,73,92,124,155,186,241,229,261,238,321,337,377,356,278,262,232,134,89,10,0,0
2026-05-10,1108,오룡,승차,0,0,37,60,78,153,139,152,232,251,232,185,160,162,162,189,179,96,97,58,16,0,0,0
2026-05-10,1108,오룡,하차,0,0,16,101,42,97,159,172,100,110,125,136,159,148,202,167,158,154,128,84,103,0,0,0
2026-05-10,1109,용문,승차,0,0,58,105,130,192,270,302,618,445,561,612,476,403,498,333,257,207,231,118,74,0,0,0
2026-05-10,1109,용문,하차,0,0,16,45,138,501,336,359,564,322,335,408,504,404,499,355,373,309,224,196,133,0,0,0
2026-05-10,1110,탄방,승차,0,1,20,76,83,121,130,151,159,191,245,219,242,176,254,192,155,126,82,63,24,0,0,0
2026-05-10,1110,탄방,하차,0,0,12,55,63,123,214,232,209,204,228,184,174,175,256,226,187,138,155,94,109,0,0,0
2026-05-10,1111,시청,승차,0,0,38,56,73,113,155,175,249,353,326,320,373,438,349,373,408,291,224,218,95,0,0,0
2026-05-10,1111,시청,하차,0,0,21,67,96,183,265,205,336,413,420,315,322,389,373,347,252,182,187,137,79,19,0,0
2026-05-10,1112,정부청사,승차,0,0,20,39,72,108,131,177,179,243,267,260,270,294,305,297,212,217,189,95,55,0,0,0
2026-05-10,1112,정부청사,하차,0,0,16,77,86,173,213,268,284,327,325,346,315,317,294,273,189,199,214,123,48,17,0,0
2026-05-10,1113,갈마,승차,0,1,40,76,84,131,159,172,150,178,155,162,142,157,170,138,154,83,66,38,29,0,0,0
2026-05-10,1113,갈마,하차,0,0,9,15,25,70,79,115,145,133,182,164,191,212,226,191,184,170,142,122,107,20,0,0
2026-05-10,1114,월평,승차,0,0,34,73,75,147,156,186,190,170,182,220,212,162,201,167,127,100,101,43,14,1,0,0
2026-05-10,1114,월평,하차,0,0,5,14,23,82,88,130,156,172,199,224,278,261,283,289,274,257,242,246,177,36,0,0
2026-05-10,1115,갑천,승차,0,0,12,23,25,56,51,61,48,92,78,75,49,62,45,44,36,33,25,15,6,0,0,0
2026-05-10,1115,갑천,하차,0,0,6,24,15,30,50,66,41,55,63,49,70,47,46,63,70,51,46,33,27,8,0,0
2026-05-10,1116,유성온천,승차,0,1,72,163,198,381,436,447,514,505,557,537,525,586,494,441,362,393,265,168,120,2,0,0
2026-05-10,1116,유성온천,하차,0,0,54,88,136,236,288,387,412,494,557,641,650,622,673,756,502,511,518,380,290,44,0,0
2026-05-10,1117,구암,승차,0,0,17,36,58,126,115,158,190,145,183,180,196,216,222,190,179,130,96,81,47,3,0,0
2026-05-10,1117,구암,하차,0,0,5,50,84,96,150,132,160,155,194,191,217,253,197,261,219,181,138,69,38,11,0,0
2026-05-10,1118,현충원,승차,0,0,10,31,52,149,95,146,143,184,216,168,225,175,97,88,72,59,55,20,6,0,0,0
2026-05-10,1118,현충원,하차,0,0,3,19,43,84,110,121,148,95,93,88,87,90,140,93,117,124,113,92,37,10,0,0
2026-05-10,1119,월드컵경기장,승차,0,0,20,46,50,99,120,129,120,104,134,126,122,96,97,74,55,68,41,22,11,0,0,0
2026-05-10,1119,월드컵경기장,하차,0,0,4,26,31,45,67,75,74,61,70,92,90,122,133,124,128,88,102,71,37,23,0,0
2026-05-10,1120,노은,승차,0,0,20,44,75,125,139,133,280,250,217,229,188,204,233,177,176,164,111,73,29,1,0,0
2026-05-10,1120,노은,하차,0,0,10,13,36,75,114,114,173,212,219,231,211,317,271,310,220,162,148,96,59,21,0,0
2026-05-10,1121,지족,승차,0,0,16,34,48,66,84,90,127,97,102,126,91,101,108,61,55,37,34,18,6,3,0,0
2026-05-10,1121,지족,하차,0,0,8,25,13,46,57,68,43,57,70,105,91,109,112,103,100,79,106,60,44,15,0,0
2026-05-10,1122,반석,승차,0,1,50,84,147,228,325,328,368,460,378,360,292,282,287,204,204,177,128,112,46,0,0,0
2026-05-10,1122,반석,하차,0,0,14,64,82,131,204,155,172,212,269,287,379,373,430,413,327,298,260,170,114,19,0,0
2026-05-11,1101,판암,승차,0,0,107,188,568,800,386,236,236,276,252,241,265,290,311,332,108,79,48,43,16,0,0,0
2026-05-11,1101,판암,하차,0,0,14,65,170,324,149,154,196,202,210,203,284,361,415,611,235,193,231,145,60,18,0,0
2026-05-11,1102,신흥,승차,0,0,74,116,428,625,184,102,105,113,122,96,79,99,101,130,45,31,24,5,6,0,0,0
2026-05-11,1102,신흥,하차,0,0,10,27,52,109,36,75,81,95,98,99,173,215,249,459,182,120,136,98,60,11,0,0
2026-05-11,1103,대동,승차,0,0,92,167,497,727,305,212,175,233,268,250,275,548,487,477,205,141,170,68,30,1,0,0
2026-05-11,1103,대동,하차,0,0,18,48,277,615,240,196,165,221,216,209,283,289,370,610,286,207,202,172,110,15,0,0
2026-05-11,1104,대전,승차,0,0,16,197,816,928,730,643,658,717,666,772,817,828,931,986,671,441,375,315,144,0,0,0
2026-05-11,1104,대전,하차,0,0,214,584,991,1101,822,674,754,582,707,634,721,715,692,749,340,286,202,76,39,6,0,0
2026-05-11,1105,중앙로,승차,0,0,19,58,169,322,189,170,231,295,406,386,462,444,624,776,390,371,401,167,80,1,0,0
2026-05-11,1105,중앙로,하차,0,0,29,63,186,819,383,384,425,456,423,456,436,413,513,780,298,168,114,88,42,3,0,0
2026-05-11,1106,중구청,승차,0,0,35,62,172,310,146,99,117,137,170,146,173,299,327,458,91,85,84,71,22,0,0,0
2026-05-11,1106,중구청,하차,0,0,27,73,282,703,241,120,132,141,192,117,125,151,173,299,101,76,64,71,38,2,0,0
2026-05-11,1107,서대전네거리,승차,0,0,114,190,574,991,422,303,331,343,354,333,354,426,474,561,233,168,160,102,52,0,0,0
2026-05-11,1107,서대전네거리,하차,0,0,40,83,315,714,326,318,304,284,356,336,377,466,599,989,356,247,245,199,101,9,0,0
2026-05-11,1108,오룡,승차,0,0,102,156,495,949,318,237,255,215,248,210,212,320,321,673,152,86,72,58,34,0,0,0
2026-05-11,1108,오룡,하차,0,0,21,63,209,728,220,121,181,160,170,170,242,308,368,671,260,182,174,147,82,2,0,0
2026-05-11,1109,용문,승차,0,0,146,245,708,1403,502,446,487,459,449,352,462,442,508,499,238,223,219,115,138,0,0,0
2026-05-11,1109,용문,하차,0,0,25,67,241,674,481,341,342,338,407,436,469,564,751,1279,526,356,340,241,134,0,0,0
2026-05-11,1110,탄방,승차,0,0,74,141,322,574,270,219,252,226,212,211,347,294,517,841,235,188,187,129,40,0,0,0
2026-05-11,1110,탄방,하차,0,0,52,118,394,1278,446,224,208,204,252,201,268,350,329,684,282,141,134,118,56,0,0,0
2026-05-11,1111,시청,승차,0,0,61,117,309,479,294,320,385,363,344,407,481,613,888,1543,468,491,455,498,143,0,0,0
2026-05-11,1111,시청,하차,0,0,61,193,644,2008,773,427,347,308,480,423,505,619,689,880,344,231,154,138,72,6,0,0
2026-05-11,1112,정부청사,승차,0,4,50,98,255,439,251,299,319,314,326,299,452,655,1016,2094,428,377,267,154,61,0,0,0
2026-05-11,1112,정부청사,하차,0,4,94,260,854,2828,846,390,289,374,329,327,326,338,416,462,236,158,146,115,42,17,0,0
2026-05-11,1113,갈마,승차,0,0,92,143,355,534,242,155,141,126,178,151,151,200,218,206,66,81,95,37,26,0,0,0
2026-05-11,1113,갈마,하차,0,0,32,42,101,195,119,113,122,146,160,150,164,260,283,508,224,158,141,113,76,9,0,0
2026-05-11,1114,월평,승차,0,0,78,135,319,482,224,203,161,182,235,196,297,274,285,409,141,120,104,73,35,0,0,0
2026-05-11,1114,월평,하차,0,0,22,38,150,403,293,256,246,264,253,222,258,257,350,493,239,185,166,136,74,12,0,0
2026-05-11,1115,갑천,승차,0,0,23,60,124,225,79,61,70,52,58,55,56,61,79,106,50,23,35,14,7,0,0,0
2026-05-11,1115,갑천,하차,0,0,7,26,53,125,43,43,50,51,57,45,76,76,101,167,77,47,60,33,26,0,0,0
2026-05-11,1116,유성온천,승차,0,0,130,284,775,1475,541,445,459,515,462,515,575,807,825,929,456,368,331,207,126,3,0,0
2026-05-11,1116,유성온천,하차,0,0,74,149,464,1019,698,552,599,518,535,564,552,681,918,1500,645,396,411,332,203,18,0,0
2026-05-11,1117,구암,승차,0,0,49,84,289,448,184,173,141,182,181,162,225,232,244,286,145,91,75,67,24,2,0,0
2026-05-11,1117,구암,하차,0,0,23,89,197,344,213,181,179,203,184,171,195,204,278,381,119,106,114,79,41,7,0,0
2026-05-11,1118,현충원,승차,0,0,31,62,188,360,161,115,116,183,166,157,245,319,359,270,97,72,64,48,7,0,0,0
2026-05-11,1118,현충원,하차,0,0,7,40,157,322,298,150,167,170,228,80,111,121,150,282,83,74,67,64,37,5,0,0
2026-05-11,1119,월드컵경기장,승차,0,0,38,126,296,575,170,163,162,134,139,144,188,207,204,248,91,79,61,30,9,0,0,0
2026-05-11,1119,월드컵경기장,하차,0,0,15,50,196,246,139,94,107,107,120,130,154,186,246,411,172,109,125,127,57,16,0,0
2026-05-11,1120,노은,승차,0,0,41,107,406,547,269,221,216,204,198,210,265,305,374,436,230,153,147,147,48,0,0,0
2026-05-11,1120,노은,하차,0,0,20,44,175,413,256,182,223,201,254,245,310,403,439,618,285,216,180,134,66,11,0,0
2026-05-11,1121,지족,승차,0,0,32,81,207,261,125,84,106,85,149,135,189,166,186,384,84,81,54,43,25,0,0,0
2026-05-11,1121,지족,하차,0,0,14,29,154,514,118,82,106,112,110,86,102,153,187,264,118,78,101,74,59,9,0,0
2026-05-11,1122,반석,승차,0,0,98,255,1049,1333,604,343,312,335,331,294,314,389,577,764,324,226,243,170,107,0,0,0
2026-05-11,1122,반석,하차,0,0,40,180,400,667,248,192,216,284,277,310,418,524,790,1321,431,309,326,301,128,12,0,0
2026-05-12,1101,판암,승차,0,1,102,175,549,779,325,242,220,261,199,212,203,285,308,350,112,93,65,35,26,0,0,0
2026-05-12,1101,판암,하차,0,0,12,57,159,284,114,145,162,195,162,181,270,353,383,618,257,200,215,198,65,25,0,0
2026-05-12,1102,신흥,승차,0,0,68,123,419,598,205,119,105,104,91,73,65,102,107,121,47,30,26,17,7,0,0,0
2026-05-12,1102,신흥,하차,0,0,8,18,39,111,49,47,94,85,77,83,154,202,247,440,181,134,146,117,55,5,0,0
2026-05-12,1103,대동,승차,0,0,80,152,468,693,261,153,168,241,259,238,260,614,441,499,189,149,185,69,36,1,0,0
2026-05-12,1103,대동,하차,0,0,22,43,285,567,245,183,141,199,189,205,256,290,307,571,276,191,230,197,99,18,0,0
2026-05-12,1104,대전,승차,0,1,12,118,483,659,637,598,614,685,581,578,746,730,905,1018,642,402,373,276,151,3,0,0
2026-05-12,1104,대전,하차,0,0,109,412,829,1063,713,632,734,548,605,645,714,670,740,794,341,238,212,125,46,2,0,0
2026-05-12,1105,중앙로,승차,0,0,28,68,165,330,149,163,202,296,313,355,427,436,621,818,315,363,370,246,91,6,0,0
2026-05-12,1105,중앙로,하차,0,0,27,64,168,814,405,357,401,459,382,380,349,440,535,744,286,170,127,93,44,9,0,0
2026-05-12,1106,중구청,승차,0,0,29,48,182,309,108,107,114,126,114,136,166,304,327,433,107,90,72,57,23,0,0,0
2026-05-12,1106,중구청,하차,0,0,20,66,274,624,206,106,142,126,155,110,97,135,169,281,115,73,74,57,37,4,0,0
2026-05-12,1107,서대전네거리,승차,0,4,112,150,536,924,372,333,304,325,315,289,422,448,477,582,234,203,157,112,61,0,0,0
2026-05-12,1107,서대전네거리,하차,0,0,37,81,260,731,399,236,329,308,300,293,361,435,536,954,411,282,263,245,109,17,0,0
2026-05-12,1108,오룡,승차,0,0,75,139,449,869,339,179,194,184,205,181,226,288,388,694,165,106,70,71,28,0,0,0
2026-05-12,1108,오룡,하차,0,0,22,54,210,695,245,121,130,163,130,159,217,280,343,641,252,176,168,154,76,0,0,0
2026-05-12,1109,용문,승차,0,1,110,233,647,1448,491,389,349,435,408,380,351,510,466,461,278,239,256,140,130,0,0,0
2026-05-12,1109,용문,하차,0,0,35,59,209,570,415,310,322,381,374,382,401,560,755,1258,522,364,351,289,160,0,0,0
2026-05-12,1110,탄방,승차,0,0,52,122,344,593,222,165,238,205,208,250,279,303,466,836,247,193,211,230,50,0,0,0
2026-05-12,1110,탄방,하차,0,0,38,110,340,1208,394,198,173,208,282,216,262,318,361,770,283,186,159,103,76,0,0,0
2026-05-12,1111,시청,승차,0,0,49,91,323,434,314,244,344,334,298,407,449,565,834,1441,490,553,548,505,189,0,0,0
2026-05-12,1111,시청,하차,0,0,60,173,617,1968,736,413,336,357,368,350,413,592,691,888,342,217,194,135,75,5,0,0
2026-05-12,1112,정부청사,승차,0,0,25,94,220,388,273,249,281,300,249,343,495,599,1062,1907,433,375,275,173,57,0,0,0
2026-05-12,1112,정부청사,하차,0,0,92,243,767,2749,757,338,290,346,325,283,287,311,452,485,213,191,174,122,47,15,0,0
2026-05-12,1113,갈마,승차,0,0,65,134,331,555,220,167,178,120,145,125,127,148,208,217,100,98,82,55,21,0,0,0
2026-05-12,1113,갈마,하차,0,0,18,32,84,167,104,87,97,114,151,130,192,233,272,495,235,158,153,142,107,14,0,0
2026-05-12,1114,월평,승차,0,0,67,116,285,531,228,152,167,168,185,183,197,204,295,379,163,133,131,97,48,1,0,0
2026-05-12,1114,월평,하차,0,0,12,37,127,369,260,153,167,233,189,183,222,261,333,509,248,165,178,148,85,10,0,0
2026-05-12,1115,갑천,승차,0,0,19,45,113,230,74,48,54,48,38,45,43,53,78,119,38,31,33,16,6,0,0,0
2026-05-12,1115,갑천,하차,0,0,5,18,31,100,38,36,37,53,31,46,68,73,78,175,83,58,45,42,30,4,0,0
2026-05-12,1116,유성온천,승차,0,0,94,217,755,1405,530,380,410,468,427,527,499,787,825,973,444,403,393,241,133,5,0,0
2026-05-12,1116,유성온천,하차,0,0,86,135,381,963,640,493,444,495,527,466,546,624,893,1497,655,453,420,427,196,26,0,0
2026-05-12,1117,구암,승차,0,0,36,81,244,448,169,124,133,151,154,143,180,253,259,303,125,93,81,55,19,1,0,0
2026-05-12,1117,구암,하차,0,0,10,73,169,274,187,145,154,155,146,159,186,211,267,398,131,115,129,102,26,5,0,0
2026-05-12,1118,현충원,승차,0,0,18,53,162,342,123,121,131,178,173,135,190,307,321,302,97,83,73,50,14,0,0,0
2026-05-12,1118,현충원,하차,0,0,8,29,150,347,322,140,130,128,159,77,85,140,134,265,101,69,70,87,37,10,0,0
2026-05-12,1119,월드컵경기장,승차,0,0,24,100,292,548,170,145,117,144,173,180,170,256,196,245,110,75,79,36,12,1,0,0
2026-05-12,1119,월드컵경기장,하차,0,0,11,43,187,238,137,129,102,114,95,94,133,178,237,354,170,132,142,111,68,18,0,0
2026-05-12,1120,노은,승차,0,0,51,90,382,528,242,171,205,210,174,144,234,347,313,449,209,224,188,154,52,4,0,0
2026-05-12,1120,노은,하차,0,0,19,48,187,369,261,165,153,190,195,251,255,403,491,657,323,198,205,173,56,14,0,0
2026-05-12,1121,지족,승차,0,1,28,49,189,267,116,84,93,108,81,90,148,183,203,372,105,78,78,48,16,2,0,0
2026-05-12,1121,지족,하차,0,0,12,31,137,500,113,83,75,80,111,86,106,151,172,279,111,95,86,80,42,13,0,0
2026-05-12,1122,반석,승차,0,0,84,230,981,1302,603,376,282,331,282,231,328,387,575,840,360,270,249,203,93,0,0,0
2026-05-12,1122,반석,하차,0,0,47,149,391,644,268,181,229,248,281,275,350,558,741,1216,384,340,409,317,126,25,0,0
2026-05-13,1101,판암,승차,0,1,104,208,610,812,390,221,231,266,248,223,237,292,335,395,152,107,54,27,18,0,0,0
2026-05-13,1101,판암,하차,0,1,17,66,172,330,135,159,173,193,204,244,288,395,425,646,236,180,264,178,69,24,0,0
2026-05-13,1102,신흥,승차,0,0,59,130,424,635,198,122,110,124,90,97,86,108,114,121,49,39,18,12,4,1,0,0
2026-05-13,1102,신흥,하차,0,0,10,18,55,110,61,72,56,88,130,114,163,232,206,477,207,142,152,109,66,7,0,0
2026-05-13,1103,대동,승차,0,0,76,151,467,773,302,200,269,230,275,235,323,580,486,515,236,159,129,79,40,0,0,0
2026-05-13,1103,대동,하차,0,0,17,40,318,584,236,183,145,246,222,230,264,313,365,585,285,215,226,205,136,9,0,0
2026-05-13,1104,대전,승차,0,0,18,144,510,700,530,576,575,741,662,689,805,894,954,1044,664,472,389,333,185,11,0,0
2026-05-13,1104,대전,하차,0,0,133,411,914,1073,750,661,718,606,663,712,738,796,788,792,427,306,212,107,46,10,0,0
2026-05-13,1105,중앙로,승차,0,0,28,60,153,349,214,180,229,275,377,372,445,533,676,793,430,427,390,212,127,0,0,0
2026-05-13,1105,중앙로,하차,0,0,26,77,188,800,395,349,431,478,447,472,456,541,577,759,324,203,106,72,63,4,0,0
2026-05-13,1106,중구청,승차,0,8,27,60,197,293,153,113,143,121,123,172,216,272,339,445,124,100,73,47,29,0,0,0
2026-05-13,1106,중구청,하차,0,8,18,59,294,677,223,157,103,136,165,144,136,151,216,317,114,76,86,55,50,5,0,0
2026-05-13,1107,서대전네거리,승차,0,4,113,193,577,998,400,315,321,362,376,302,373,443,561,621,246,220,183,96,63,0,0,0
2026-05-13,1107,서대전네거리,하차,0,1,40,88,281,750,337,273,321,309,388,361,349,483,603,1012,364,263,268,274,106,13,0,0
2026-05-13,1108,오룡,승차,0,1,80,153,513,901,351,208,225,197,229,179,202,355,333,695,150,107,78,49,44,0,0,0
2026-05-13,1108,오룡,하차,0,0,18,70,212,704,255,138,132,162,202,188,216,252,370,640,227,195,174,153,99,0,0,0
2026-05-13,1109,용문,승차,0,0,135,263,679,1403,450,373,347,456,642,569,521,498,502,489,249,257,534,214,141,0,0,0
2026-05-13,1109,용문,하차,0,0,29,82,238,701,476,329,552,402,404,414,471,606,754,1461,858,434,347,257,145,0,0,0
2026-05-13,1110,탄방,승차,0,8,49,123,355,572,255,196,233,232,212,265,319,282,518,869,231,193,256,239,36,0,0,0
2026-05-13,1110,탄방,하차,0,8,43,105,356,1264,418,210,200,221,241,234,278,364,387,747,324,160,170,114,83,0,0,0
2026-05-13,1111,시청,승차,0,0,48,105,305,485,310,291,337,394,373,383,477,655,948,1518,495,501,519,531,202,8,0,0
2026-05-13,1111,시청,하차,0,0,58,198,610,2008,776,399,379,373,458,439,483,631,680,902,424,247,199,125,90,17,0,0
2026-05-13,1112,정부청사,승차,0,0,29,96,249,417,299,291,365,370,333,386,573,774,1073,1973,507,345,279,171,62,0,0,0
2026-05-13,1112,정부청사,하차,0,0,100,242,791,2796,808,371,309,336,452,363,420,373,465,503,228,171,169,121,49,10,0,0
2026-05-13,1113,갈마,승차,0,0,62,137,350,558,230,151,163,157,165,139,148,192,176,226,130,98,85,63,22,1,0,0
2026-05-13,1113,갈마,하차,0,0,25,34,84,167,111,100,104,146,162,155,218,262,286,480,237,145,186,165,89,8,0,0
2026-05-13,1114,월평,승차,0,0,66,107,293,561,251,156,187,193,204,219,248,287,287,400,174,130,124,78,39,0,0,0
2026-05-13,1114,월평,하차,0,0,19,37,140,381,252,178,170,226,207,229,253,259,338,516,258,151,211,139,98,13,0,0
2026-05-13,1115,갑천,승차,0,0,21,50,121,217,72,56,39,45,56,42,56,66,84,127,52,31,28,17,11,0,0,0
2026-05-13,1115,갑천,하차,0,0,9,22,51,119,38,33,37,48,41,56,62,77,120,171,80,57,51,35,34,2,0,0
2026-05-13,1116,유성온천,승차,0,0,111,278,758,1514,552,430,487,502,495,519,712,740,921,931,502,445,366,250,167,1,0,0
2026-05-13,1116,유성온천,하차,0,0,82,137,417,974,680,500,538,499,619,516,642,699,1033,1540,630,446,493,450,237,23,0,0
2026-05-13,1117,구암,승차,0,0,40,95,282,441,185,136,164,145,143,161,206,257,228,297,136,114,92,51,23,1,0,0
2026-05-13,1117,구암,하차,0,0,19,68,174,330,197,146,163,164,153,165,191,226,268,383,132,121,140,96,48,8,0,0
2026-05-13,1118,현충원,승차,0,0,12,60,175,340,144,128,140,212,211,222,216,375,397,274,87,86,73,43,11,5,0,0
2026-05-13,1118,현충원,하차,0,0,13,57,146,368,309,129,175,128,184,82,95,130,157,260,81,89,102,78,35,13,0,0
2026-05-13,1119,월드컵경기장,승차,0,0,31,107,335,511,212,149,150,141,154,122,143,236,223,285,112,96,59,42,7,0,0,0
2026-05-13,1119,월드컵경기장,하차,0,0,9,35,193,259,139,106,111,91,103,98,154,204,234,378,151,139,168,118,71,8,0,0
2026-05-13,1120,노은,승차,0,0,39,88,390,568,272,202,220,212,203,186,312,313,347,420,262,196,203,161,62,2,0,0
2026-05-13,1120,노은,하차,0,0,16,51,186,402,249,186,191,205,249,246,376,397,496,657,292,199,219,165,90,18,0,0
2026-05-13,1121,지족,승차,0,0,23,81,194,270,118,77,113,119,232,138,220,163,189,403,89,62,51,25,16,0,0,0
2026-05-13,1121,지족,하차,0,0,14,36,157,518,190,61,94,102,98,96,115,138,177,262,145,109,104,86,58,11,0,0
2026-05-13,1122,반석,승차,0,0,74,257,995,1338,594,372,337,298,324,249,334,444,577,903,351,282,250,232,109,0,0,0
2026-05-13,1122,반석,하차,0,0,38,172,438,671,245,182,224,295,286,323,399,594,818,1257,392,347,421,324,160,33,0,0
2026-05-14,1101,판암,승차,0,1,111,191,623,743,351,224,214,276,246,191,222,275,315,398,111,102,67,48,22,0,0,0
2026-05-14,1101,판암,하차,0,0,12,62,181,352,124,178,174,189,205,225,262,345,405,585,311,218,232,180,77,35,0,0
2026-05-14,1102,신흥,승차,0,0,74,138,420,649,221,122,106,122,100,93,79,98,115,121,61,31,27,13,9,0,0,0
2026-05-14,1102,신흥,하차,0,0,10,24,64,111,50,61,78,95,96,111,148,250,222,432,189,160,160,115,41,25,0,0
2026-05-14,1103,대동,승차,0,0,78,159,483,756,300,211,199,231,273,265,285,517,434,505,193,158,173,89,34,1,0,0
2026-05-14,1103,대동,하차,0,0,21,60,331,518,263,177,162,249,193,169,240,352,319,545,286,190,255,208,113,21,0,0
2026-05-14,1104,대전,승차,0,0,16,140,531,688,603,628,608,719,666,712,857,903,990,1167,842,525,436,381,199,0,0,0
2026-05-14,1104,대전,하차,0,0,146,478,952,1161,837,693,756,607,730,765,788,867,884,927,440,355,266,138,72,2,0,0
2026-05-14,1105,중앙로,승차,0,0,21,54,170,354,186,183,243,321,429,432,489,579,694,875,430,451,461,266,129,6,0,0
2026-05-14,1105,중앙로,하차,0,0,29,63,198,803,427,444,432,524,483,455,466,524,605,839,365,197,139,108,60,8,0,0
2026-05-14,1106,중구청,승차,0,0,32,77,185,322,140,127,146,152,163,130,163,340,335,418,106,118,90,63,29,5,0,0
2026-05-14,1106,중구청,하차,0,0,25,51,270,674,251,133,120,141,184,150,153,166,171,280,130,81,88,73,40,12,0,0
2026-05-14,1107,서대전네거리,승차,0,2,117,179,588,926,420,331,303,345,385,284,377,461,494,592,259,181,179,129,61,1,0,0
2026-05-14,1107,서대전네거리,하차,0,0,27,96,282,721,365,253,300,313,336,332,397,494,579,1058,410,273,305,277,123,20,0,0
2026-05-14,1108,오룡,승차,0,1,84,150,499,868,338,217,226,200,233,197,212,355,416,772,170,88,83,68,35,0,0,0
2026-05-14,1108,오룡,하차,0,0,23,64,201,743,261,133,176,196,220,207,248,290,397,584,247,185,193,168,106,1,0,0
2026-05-14,1109,용문,승차,0,0,130,269,690,1388,502,369,386,439,450,414,370,563,549,526,275,253,238,174,105,0,0,0
2026-05-14,1109,용문,하차,0,0,33,63,244,614,426,356,329,358,365,427,482,583,734,1299,564,349,393,262,170,0,0,0
2026-05-14,1110,탄방,승차,0,1,57,148,362,595,302,216,274,221,221,253,298,283,511,851,216,187,239,232,66,0,0,0
2026-05-14,1110,탄방,하차,0,0,40,120,386,1202,415,207,211,207,270,240,288,369,453,769,285,203,169,131,104,0,0,0
2026-05-14,1111,시청,승차,0,0,45,138,332,452,292,296,392,316,349,421,533,609,859,1501,516,555,651,552,223,0,0,0
2026-05-14,1111,시청,하차,0,0,61,210,663,1943,701,382,354,387,501,421,470,683,806,935,408,249,246,153,114,9,0,0
2026-05-14,1112,정부청사,승차,0,0,28,97,261,400,293,305,329,354,375,417,558,688,1028,1830,464,356,325,197,90,0,0,0
2026-05-14,1112,정부청사,하차,0,0,96,229,817,2702,835,375,349,385,382,360,332,351,440,606,252,191,150,144,69,10,0,0
2026-05-14,1113,갈마,승차,0,0,68,133,368,544,231,170,172,156,170,163,133,210,218,220,102,99,88,65,30,6,0,0
2026-05-14,1113,갈마,하차,0,0,22,33,99,184,102,94,134,139,151,164,204,247,307,549,254,158,199,176,111,12,0,0
2026-05-14,1114,월평,승차,0,0,80,124,309,533,274,186,172,218,225,239,242,291,324,406,178,169,138,94,59,0,0,0
2026-05-14,1114,월평,하차,0,0,11,30,137,362,283,202,185,247,195,211,241,259,351,515,259,171,179,184,100,15,0,0
2026-05-14,1115,갑천,승차,0,0,27,43,127,237,95,64,56,53,59,49,54,45,89,111,56,36,29,15,9,1,0,0
2026-05-14,1115,갑천,하차,0,0,6,28,48,119,54,45,58,65,43,49,69,79,111,201,72,73,50,32,24,0,0,0
2026-05-14,1116,유성온천,승차,0,0,100,264,790,1451,547,402,488,509,533,566,680,914,929,1017,499,423,405,303,166,4,0,0
2026-05-14,1116,유성온천,하차,0,0,63,177,438,956,713,508,559,532,521,564,599,723,961,1539,620,454,549,474,245,18,0,0
2026-05-14,1117,구암,승차,0,0,35,86,267,461,238,212,272,260,297,259,335,301,276,334,176,126,102,72,28,2,0,0
2026-05-14,1117,구암,하차,0,0,24,86,195,377,302,287,272,262,249,254,280,258,254,408,144,118,128,113,46,10,0,0
2026-05-14,1118,현충원,승차,0,0,20,60,171,347,168,135,178,230,218,187,248,312,351,313,104,87,90,45,13,0,0,0
2026-05-14,1118,현충원,하차,0,0,12,58,134,337,310,138,191,155,190,89,95,117,155,260,86,74,92,81,40,11,0,0
2026-05-14,1119,월드컵경기장,승차,0,0,29,99,328,529,233,148,132,119,153,152,182,211,210,281,103,63,81,38,12,3,0,0
2026-05-14,1119,월드컵경기장,하차,0,0,9,39,183,266,96,98,115,117,99,129,151,209,220,376,180,125,141,117,64,16,0,0
2026-05-14,1120,노은,승차,0,0,43,93,424,538,254,184,213,209,224,198,253,319,340,438,234,218,225,167,60,3,0,0
2026-05-14,1120,노은,하차,0,0,20,48,207,370,258,175,193,208,243,254,321,433,474,686,344,215,214,165,86,18,0,0
2026-05-14,1121,지족,승차,0,0,31,77,222,289,123,98,92,104,111,113,160,208,229,397,80,69,72,44,20,4,0,0
2026-05-14,1121,지족,하차,0,0,16,30,144,491,106,107,90,96,104,92,99,150,164,236,110,132,100,98,69,14,0,0
2026-05-14,1122,반석,승차,0,0,93,254,1017,1302,621,415,347,316,351,299,361,401,663,831,388,294,261,229,110,0,0,0
2026-05-14,1122,반석,하차,0,0,39,158,421,697,269,193,259,252,319,306,412,594,784,1248,454,387,429,389,170,27,0,0
2026-05-15,1101,판암,승차,0,0,104,179,680,797,328,259,246,311,281,262,238,305,319,421,158,120,81,57,24,0,0,0
2026-05-15,1101,판암,하차,0,0,17,69,168,328,135,192,198,214,219,295,370,362,393,583,324,205,226,235,91,36,0,0
2026-05-15,1102,신흥,승차,0,0,75,115,397,608,200,120,94,111,111,110,104,109,166,164,65,37,32,28,7,0,0,0
2026-05-15,1102,신흥,하차,0,0,8,28,59,118,54,83,89,100,95,106,180,235,220,443,195,139,177,117,66,12,0,0
2026-05-15,1103,대동,승차,0,0,84,186,472,693,297,247,219,272,287,336,548,454,466,453,209,112,109,58,36,2,0,0
2026-05-15,1103,대동,하차,0,0,19,70,305,477,215,159,164,207,209,221,280,299,334,561,302,223,226,206,142,21,0,0
2026-05-15,1104,대전,승차,0,0,15,158,471,652,611,673,598,701,728,849,1328,1165,1284,1345,1094,658,845,462,266,3,0,0
2026-05-15,1104,대전,하차,0,0,146,406,917,1143,874,777,923,808,906,932,949,1190,1256,1478,773,523,401,191,79,1,0,0
2026-05-15,1105,중앙로,승차,0,0,27,64,181,320,184,213,260,327,451,731,677,786,827,965,664,595,510,267,200,1,0,0
2026-05-15,1105,중앙로,하차,0,0,24,70,238,973,544,481,577,593,576,661,699,676,754,1071,503,291,220,124,81,4,0,0
2026-05-15,1106,중구청,승차,0,0,22,64,163,331,132,102,138,143,145,185,289,255,342,437,109,81,70,61,21,0,0,0
2026-05-15,1106,중구청,하차,0,0,20,78,248,671,211,150,135,139,182,139,156,168,186,297,132,74,85,72,49,5,0,0
2026-05-15,1107,서대전네거리,승차,0,1,101,182,541,916,362,356,388,423,418,406,465,469,628,706,362,230,233,169,79,0,0,0
2026-05-15,1107,서대전네거리,하차,0,0,45,89,288,716,362,332,334,420,428,393,498,579,735,1122,518,344,304,297,137,17,0,0
2026-05-15,1108,오룡,승차,0,0,93,141,483,832,271,207,217,244,280,252,261,457,449,676,265,118,136,75,31,0,0,0
2026-05-15,1108,오룡,하차,0,0,18,71,209,666,314,143,159,206,189,198,290,363,402,727,266,200,182,166,97,0,0,0
2026-05-15,1109,용문,승차,0,0,142,232,665,1401,540,383,377,410,451,405,482,546,618,608,376,307,291,201,121,0,0,0
2026-05-15,1109,용문,하차,0,0,27,79,244,641,413,318,378,379,461,512,573,620,841,1356,693,440,346,275,196,0,0,0
2026-05-15,1110,탄방,승차,0,0,51,141,332,585,280,215,297,252,228,284,283,347,592,864,288,220,201,284,52,0,0,0
2026-05-15,1110,탄방,하차,0,0,34,111,355,1143,413,220,205,201,244,307,373,407,490,717,394,197,167,134,90,0,0,0
2026-05-15,1111,시청,승차,0,0,41,99,306,615,322,313,485,403,431,466,608,738,1110,1522,572,601,517,595,222,0,0,0
2026-05-15,1111,시청,하차,0,0,62,206,595,1894,729,486,379,334,494,658,709,783,944,1012,499,313,194,152,120,15,0,0
2026-05-15,1112,정부청사,승차,0,0,44,79,245,419,286,334,395,362,571,470,649,842,1166,2005,489,348,252,210,94,0,0,0
2026-05-15,1112,정부청사,하차,0,0,98,223,778,2692,803,365,320,382,403,344,406,448,521,624,355,201,230,136,71,20,0,0
2026-05-15,1113,갈마,승차,0,0,67,136,348,501,215,180,173,152,166,178,184,239,268,246,151,108,98,67,44,1,0,0
2026-05-15,1113,갈마,하차,0,0,25,43,78,170,109,99,136,162,186,217,250,263,291,542,304,185,214,166,105,24,0,0
2026-05-15,1114,월평,승차,0,0,65,142,319,529,246,201,226,210,267,314,304,353,395,472,217,191,127,83,56,1,0,0
2026-05-15,1114,월평,하차,0,0,21,35,140,324,223,189,196,226,211,206,269,282,378,559,307,210,245,213,117,17,0,0
2026-05-15,1115,갑천,승차,0,0,29,50,119,218,66,69,49,48,41,53,59,62,86,130,55,39,36,14,9,3,0,0
2026-05-15,1115,갑천,하차,0,0,11,27,45,115,48,34,38,55,55,56,71,71,94,183,90,57,63,36,34,5,0,0
2026-05-15,1116,유성온천,승차,0,0,120,263,770,1516,535,492,514,612,629,707,750,854,1047,1112,587,480,457,315,202,2,0,0
2026-05-15,1116,유성온천,하차,0,0,71,157,408,956,575,517,534,537,555,660,711,854,1221,1667,857,611,571,512,306,27,0,0
2026-05-15,1117,구암,승차,0,0,36,78,258,424,169,177,247,185,217,221,275,319,343,388,219,164,132,69,49,3,0,0
2026-05-15,1117,구암,하차,0,0,22,83,176,293,182,161,203,186,177,201,266,291,335,428,201,144,158,108,51,13,0,0
2026-05-15,1118,현충원,승차,0,0,24,48,146,322,149,115,193,279,256,228,283,341,328,366,138,92,64,37,6,2,0,0
2026-05-15,1118,현충원,하차,0,0,13,50,122,264,255,139,174,146,152,119,135,158,183,264,89,95,108,120,43,11,0,0
2026-05-15,1119,월드컵경기장,승차,0,0,29,111,282,514,206,147,123,146,151,155,279,243,226,283,118,121,81,47,20,1,0,0
2026-05-15,1119,월드컵경기장,하차,0,0,9,50,207,228,117,114,95,142,102,135,139,201,283,398,184,132,135,122,75,24,0,0
2026-05-15,1120,노은,승차,0,0,39,103,385,634,224,223,250,259,278,258,326,351,457,512,316,236,178,175,64,6,0,0
2026-05-15,1120,노은,하차,0,0,16,58,192,402,248,182,196,214,371,412,407,470,548,692,387,224,211,188,97,28,0,0
2026-05-15,1121,지족,승차,0,0,41,86,201,289,128,81,126,138,123,161,152,201,279,390,114,73,44,32,23,0,0,0
2026-05-15,1121,지족,하차,0,0,14,34,143,476,111,84,70,93,112,163,117,169,207,265,122,109,124,108,71,24,0,0
2026-05-15,1122,반석,승차,0,0,84,244,1010,1181,549,388,288,309,391,454,431,530,802,937,449,251,270,209,145,0,0,0
2026-05-15,1122,반석,하차,0,0,40,176,412,647,235,164,257,323,343,437,450,669,855,1195,494,382,405,413,195,39,0,0
2026-05-16,1101,판암,승차,0,1,91,139,212,293,364,288,300,326,304,228,238,221,257,191,125,96,76,44,22,4,0,0
2026-05-16,1101,판암,하차,0,0,22,51,95,155,152,150,193,193,227,218,225,231,320,246,212,218,196,168,87,48,0,0
2026-05-16,1102,신흥,승차,0,0,49,85,115,208,172,145,140,133,108,126,101,118,144,104,52,41,35,13,6,0,0,0
2026-05-16,1102,신흥,하차,0,0,6,31,49,51,48,58,87,75,102,92,96,79,186,157,118,135,136,119,79,9,0,0
2026-05-16,1103,대동,승차,0,1,85,100,186,287,280,261,298,337,270,236,232,246,251,233,152,103,69,66,32,1,0,0
2026-05-16,1103,대동,하차,0,0,19,32,78,209,143,107,140,163,195,202,208,207,237,245,223,251,192,191,150,21,0,0
2026-05-16,1104,대전,승차,0,0,11,169,328,462,729,986,1045,1168,1140,1348,1360,1310,1077,900,806,771,785,607,449,11,0,0
2026-05-16,1104,대전,하차,0,0,181,524,664,813,1000,1127,1287,926,1104,1045,1022,1030,851,770,1113,708,389,188,79,18,0,0
2026-05-16,1105,중앙로,승차,0,0,42,75,55,118,199,231,310,401,583,805,952,934,1015,884,817,877,549,382,257,9,0,0
2026-05-16,1105,중앙로,하차,0,0,30,72,127,307,413,599,774,955,1075,1085,900,923,1038,750,848,366,220,126,77,16,0,0
2026-05-16,1106,중구청,승차,0,0,23,42,71,96,107,109,116,142,108,151,112,144,170,135,76,84,48,50,10,0,0,0
2026-05-16,1106,중구청,하차,0,0,14,37,50,105,123,117,98,144,142,163,147,112,146,130,107,74,74,42,39,1,0,0
2026-05-16,1107,서대전네거리,승차,0,1,77,92,185,329,338,370,407,507,499,423,395,365,350,284,281,250,197,152,86,1,0,0
2026-05-16,1107,서대전네거리,하차,0,0,45,93,114,248,324,305,355,380,410,381,347,454,492,481,423,321,298,211,160,14,0,0
2026-05-16,1108,오룡,승차,0,0,58,90,167,248,260,214,287,329,201,311,225,183,232,165,114,114,96,48,40,0,0,0
2026-05-16,1108,오룡,하차,0,0,16,49,86,131,132,136,136,161,196,186,155,205,219,214,243,130,116,160,100,1,0,0
2026-05-16,1109,용문,승차,0,2,97,171,264,375,427,391,456,533,468,480,564,510,585,485,329,278,196,137,79,0,0,0
2026-05-16,1109,용문,하차,0,0,25,77,142,356,391,330,411,463,512,542,462,550,577,458,452,344,286,273,210,0,0,0
2026-05-16,1110,탄방,승차,0,0,61,102,140,208,222,229,276,294,329,268,330,279,365,262,247,205,186,92,44,0,0,0
2026-05-16,1110,탄방,하차,0,0,25,104,115,328,352,320,297,319,292,277,237,313,309,261,215,188,161,122,93,0,0,0
2026-05-16,1111,시청,승차,0,0,52,72,110,178,230,265,388,566,583,500,549,596,589,499,470,442,338,393,205,0,0,0
2026-05-16,1111,시청,하차,0,0,24,111,215,449,577,484,494,642,523,427,433,483,556,499,406,281,228,131,90,21,0,0
2026-05-16,1112,정부청사,승차,0,0,34,55,115,197,210,268,312,345,368,409,540,492,445,427,281,303,211,119,67,6,0,0
2026-05-16,1112,정부청사,하차,0,0,57,98,165,315,348,417,472,517,491,471,373,474,396,348,368,229,191,136,65,33,0,0
2026-05-16,1113,갈마,승차,0,0,91,104,158,222,215,225,200,198,222,198,213,209,211,154,93,120,74,52,46,3,0,0
2026-05-16,1113,갈마,하차,0,0,21,33,52,83,96,111,149,203,216,226,191,200,268,261,252,202,160,187,160,23,0,0
2026-05-16,1114,월평,승차,0,0,87,96,136,211,232,244,223,228,234,201,270,218,280,177,162,143,104,91,49,2,0,0
2026-05-16,1114,월평,하차,0,0,16,19,54,95,129,145,167,236,249,242,202,255,281,258,266,199,196,182,135,20,0,0
2026-05-16,1115,갑천,승차,0,0,32,28,37,81,61,83,66,85,75,89,115,82,55,70,46,31,24,35,5,0,0,0
2026-05-16,1115,갑천,하차,0,0,13,27,29,54,54,85,87,96,91,60,58,83,83,88,73,49,43,41,42,5,0,0
2026-05-16,1116,유성온천,승차,0,0,117,182,311,493,564,602,620,696,707,704,776,702,702,589,517,467,419,261,185,6,0,0
2026-05-16,1116,유성온천,하차,0,0,87,135,186,479,474,521,590,622,705,665,608,786,864,872,805,531,541,464,340,54,0,0
2026-05-16,1117,구암,승차,0,0,45,40,123,180,234,269,297,304,319,244,234,244,233,244,184,149,113,66,54,3,0,0
2026-05-16,1117,구암,하차,0,0,19,77,137,222,215,236,235,236,223,190,199,216,209,243,241,144,124,109,52,11,0,0
2026-05-16,1118,현충원,승차,0,0,29,40,143,198,125,207,189,196,254,227,239,216,150,173,96,86,48,34,7,0,0,0
2026-05-16,1118,현충원,하차,0,0,13,36,52,115,196,215,243,128,123,89,112,111,146,113,97,92,133,99,59,8,0,0
2026-05-16,1119,월드컵경기장,승차,0,0,35,54,101,174,163,191,158,169,164,145,140,158,190,1624,740,113,77,41,19,0,0,0
2026-05-16,1119,월드컵경기장,하차,0,0,19,45,68,98,104,117,140,164,195,562,1281,579,203,178,102,105,102,107,60,23,0,0
2026-05-16,1120,노은,승차,0,0,41,73,138,238,220,242,272,328,278,291,297,264,315,290,237,157,164,130,54,1,0,0
2026-05-16,1120,노은,하차,0,0,17,27,89,197,202,188,192,323,260,282,292,319,358,348,260,210,181,164,107,34,0,0
2026-05-16,1121,지족,승차,0,0,34,43,116,148,102,120,153,117,160,84,118,114,113,104,70,66,37,26,21,0,0,0
2026-05-16,1121,지족,하차,0,0,12,19,37,68,71,62,85,119,149,87,99,105,132,131,103,100,109,79,60,15,0,0
2026-05-16,1122,반석,승차,0,0,82,104,297,456,476,450,424,507,413,400,397,397,414,309,190,234,294,251,133,0,0,0
2026-05-16,1122,반석,하차,0,0,32,99,174,218,244,226,269,299,303,358,366,464,671,449,376,364,338,225,183,47,0,0
2026-05-17,1101,판암,승차,0,0,52,88,151,218,228,214,256,239,208,217,162,162,189,154,106,86,52,32,20,0,0,0
2026-05-17,1101,판암,하차,0,0,10,47,80,86,135,138,138,144,153,224,217,209,249,185,183,156,158,107,47,20,0,0
2026-05-17,1102,신흥,승차,0,0,31,68,67,137,118,109,100,90,70,77,83,80,83,52,60,33,13,8,9,0,0,0
2026-05-17,1102,신흥,하차,0,0,7,20,25,31,42,63,62,45,53,84,85,90,104,91,101,97,73,73,48,6,0,0
2026-05-17,1103,대동,승차,0,0,39,69,107,206,216,209,213,308,206,201,237,159,148,115,89,63,60,35,28,5,0,0
2026-05-17,1103,대동,하차,0,0,13,42,59,172,90,116,99,116,142,152,181,154,213,204,180,187,149,146,116,24,0,0
2026-05-17,1104,대전,승차,0,0,17,137,370,459,444,690,663,774,788,925,996,903,1010,736,849,912,1045,749,478,3,0,0
2026-05-17,1104,대전,하차,0,0,83,286,416,561,656,665,888,692,865,812,752,687,643,600,517,511,305,131,57,1,0,0
2026-05-17,1105,중앙로,승차,0,0,22,28,37,69,114,148,225,327,457,565,651,732,713,725,611,579,366,193,106,0,0,0
2026-05-17,1105,중앙로,하차,0,0,21,51,89,169,322,459,743,843,851,793,636,614,605,378,307,211,105,68,40,2,0,0
2026-05-17,1106,중구청,승차,0,0,22,18,44,61,57,85,84,80,103,71,103,99,90,70,52,56,32,31,13,0,0,0
2026-05-17,1106,중구청,하차,0,0,15,19,21,36,46,80,113,131,143,149,101,102,107,81,76,61,64,52,36,6,0,0
2026-05-17,1107,서대전네거리,승차,0,0,51,69,109,202,191,241,245,346,278,260,248,207,244,222,254,192,134,76,55,0,0,0
2026-05-17,1107,서대전네거리,하차,0,0,21,68,113,219,187,189,206,224,250,292,272,309,374,385,283,247,172,158,83,6,0,0
2026-05-17,1108,오룡,승차,0,6,45,67,86,147,137,178,225,192,188,151,161,129,166,138,202,87,87,46,41,0,0,0
2026-05-17,1108,오룡,하차,0,6,11,46,59,184,105,154,71,112,115,118,156,134,188,161,166,146,113,112,84,1,0,0
2026-05-17,1109,용문,승차,0,2,64,93,124,229,268,573,405,409,525,595,460,364,495,305,257,266,240,121,75,0,0,0
2026-05-17,1109,용문,하차,0,0,21,71,117,452,353,378,574,344,322,329,450,390,388,326,369,259,219,189,142,0,0,0
2026-05-17,1110,탄방,승차,0,3,32,72,82,129,138,142,166,198,201,232,173,179,252,151,147,110,65,75,26,0,0,0
2026-05-17,1110,탄방,하차,0,3,18,52,64,109,211,227,175,222,192,183,189,187,231,163,144,125,139,104,84,1,0,0
2026-05-17,1111,시청,승차,0,0,40,40,77,131,132,184,279,252,331,303,316,433,377,392,397,293,226,266,116,0,0,0
2026-05-17,1111,시청,하차,0,0,13,59,85,258,249,252,267,455,415,349,322,368,297,276,257,159,202,100,69,21,0,0
2026-05-17,1112,정부청사,승차,0,0,14,36,88,109,151,204,193,194,213,269,278,349,289,289,216,224,184,84,53,0,0,0
2026-05-17,1112,정부청사,하차,0,0,23,71,148,170,213,262,282,286,339,317,295,320,282,200,201,168,214,133,65,9,0,0
2026-05-17,1113,갈마,승차,0,0,40,58,100,137,154,169,187,176,169,150,130,145,169,155,109,101,81,53,19,1,0,0
2026-05-17,1113,갈마,하차,0,0,21,19,23,106,80,108,107,152,187,190,190,179,193,186,147,146,128,148,86,20,0,0
2026-05-17,1114,월평,승차,0,0,41,57,86,162,170,167,186,186,175,197,146,182,154,162,146,89,94,41,35,0,0,0
2026-05-17,1114,월평,하차,0,0,11,30,38,58,104,122,121,145,213,234,232,221,249,224,274,222,196,229,167,30,0,0
2026-05-17,1115,갑천,승차,0,0,13,25,25,42,63,51,34,62,67,71,45,57,47,41,30,25,17,9,6,0,0,0
2026-05-17,1115,갑천,하차,0,0,9,31,15,36,44,65,40,52,34,51,59,49,58,54,42,49,37,35,30,3,0,0
2026-05-17,1116,유성온천,승차,0,6,56,162,221,382,417,450,456,545,516,502,493,487,495,428,354,304,274,181,108,1,0,0
2026-05-17,1116,유성온천,하차,0,6,46,86,123,219,299,360,338,404,493,583,548,658,611,603,483,466,486,426,275,49,0,0
2026-05-17,1117,구암,승차,0,0,25,34,70,165,134,157,187,176,155,197,208,214,172,217,199,132,101,82,38,2,0,0
2026-05-17,1117,구암,하차,0,0,7,48,84,96,131,142,191,156,192,199,249,211,197,226,172,163,138,73,47,10,0,0
2026-05-17,1118,현충원,승차,0,0,11,28,45,146,94,130,145,176,283,179,192,180,125,101,74,76,40,26,10,2,0,0
2026-05-17,1118,현충원,하차,0,0,6,25,48,129,155,131,120,83,64,80,118,102,125,93,103,101,113,83,39,7,0,0
2026-05-17,1119,월드컵경기장,승차,0,0,25,41,87,106,103,158,106,127,143,103,93,106,98,104,81,53,41,13,13,0,0,0
2026-05-17,1119,월드컵경기장,하차,0,0,8,31,41,57,61,81,61,79,75,90,131,119,107,101,114,80,84,80,37,20,0,0
2026-05-17,1120,노은,승차,0,0,23,48,78,156,140,147,140,180,163,184,201,204,196,189,154,134,87,74,23,1,0,0
2026-05-17,1120,노은,하차,0,0,11,15,36,70,124,109,134,165,240,208,210,248,250,303,162,140,131,107,57,18,0,0
2026-05-17,1121,지족,승차,0,0,17,40,52,58,91,71,74,97,83,94,81,83,70,81,64,44,32,21,15,0,0,0
2026-05-17,1121,지족,하차,0,0,5,23,20,40,52,49,62,43,70,77,102,104,103,122,98,88,68,63,36,10,0,0
2026-05-17,1122,반석,승차,0,0,52,101,147,290,331,322,315,488,364,261,275,267,276,210,162,152,153,93,34,0,0,0
2026-05-17,1122,반석,하차,0,0,21,65,87,281,204,164,171,225,259,259,300,325,409,293,283,293,248,173,93,17,0,0
2026-05-18,1101,판암,승차,0,0,116,197,596,777,367,232,223,302,268,225,234,297,368,368,118,101,62,34,14,0,0,0
2026-05-18,1101,판암,하차,0,0,14,58,192,339,148,204,180,197,205,207,301,366,374,598,282,195,205,210,80,31,0,0
2026-05-18,1102,신흥,승차,0,0,71,120,431,604,202,93,100,126,117,78,79,108,113,129,38,33,20,11,7,0,0,0
2026-05-18,1102,신흥,하차,0,0,9,30,43,99,56,66,76,108,90,79,136,196,225,490,201,113,146,107,66,13,0,0
2026-05-18,1103,대동,승차,0,0,94,168,465,717,269,225,178,239,201,229,254,600,447,509,216,159,128,65,31,1,0,0
2026-05-18,1103,대동,하차,0,0,18,50,237,625,245,182,190,227,206,183,258,275,336,578,275,173,227,185,151,33,0,0
2026-05-18,1104,대전,승차,0,0,17,201,773,886,750,729,638,739,565,754,767,880,978,1070,655,492,360,360,171,2,0,0
2026-05-18,1104,대전,하차,0,0,231,624,977,1192,854,699,702,584,647,618,657,688,639,812,371,263,213,114,72,3,0,0
2026-05-18,1105,중앙로,승차,0,0,20,72,149,321,192,192,187,268,365,420,468,531,609,836,383,348,414,184,78,1,0,0
2026-05-18,1105,중앙로,하차,0,0,22,67,193,769,373,419,446,446,450,368,423,450,520,698,307,179,90,106,79,10,0,0
2026-05-18,1106,중구청,승차,0,0,31,77,175,303,142,115,139,114,146,177,154,287,338,442,123,97,84,52,15,7,0,0
2026-05-18,1106,중구청,하차,0,0,24,75,281,697,223,138,108,105,146,140,125,144,174,260,102,60,74,65,62,10,0,0
2026-05-18,1107,서대전네거리,승차,0,5,131,184,567,989,397,344,371,329,318,288,383,445,522,574,256,196,153,109,54,0,0,0
2026-05-18,1107,서대전네거리,하차,0,0,39,96,313,720,334,271,311,342,342,330,336,490,630,904,381,278,242,263,113,19,0,0
2026-05-18,1108,오룡,승차,0,0,92,154,509,916,344,197,230,189,224,179,189,374,376,706,170,102,96,68,41,0,0,0
2026-05-18,1108,오룡,하차,0,0,21,65,229,682,254,114,148,162,155,169,229,242,369,623,268,192,167,176,135,4,0,0
2026-05-18,1109,용문,승차,0,0,144,255,692,1393,481,375,386,491,415,360,462,477,489,498,254,231,195,126,146,0,0,0
2026-05-18,1109,용문,하차,0,0,34,50,254,610,403,305,308,365,352,383,486,598,697,1290,557,372,344,277,160,0,0,0
2026-05-18,1110,탄방,승차,0,0,67,176,381,568,313,215,251,229,231,261,329,339,495,834,226,178,190,141,32,0,0,0
2026-05-18,1110,탄방,하차,0,0,42,106,407,1295,459,234,184,211,256,226,257,304,362,650,286,185,155,120,86,0,0,0
2026-05-18,1111,시청,승차,0,0,55,132,327,449,312,293,337,329,362,400,470,575,832,1546,506,518,476,523,177,0,0,0
2026-05-18,1111,시청,하차,0,0,61,192,695,2009,750,445,310,310,438,376,477,618,691,869,360,225,195,132,126,11,0,0
2026-05-18,1112,정부청사,승차,0,7,46,101,256,421,297,258,297,300,279,320,449,640,942,1980,458,350,265,158,71,1,0,0
2026-05-18,1112,정부청사,하차,0,7,99,265,792,2799,770,378,297,356,319,291,284,364,483,474,212,173,148,122,70,68,0,0
2026-05-18,1113,갈마,승차,0,0,89,137,359,519,230,139,153,145,169,133,170,164,186,225,122,97,109,38,38,0,0,0
2026-05-18,1113,갈마,하차,0,0,25,40,115,153,112,107,127,127,159,146,188,273,285,484,249,143,148,145,108,17,0,0
2026-05-18,1114,월평,승차,0,0,74,132,311,505,252,165,151,189,215,197,216,223,269,426,141,128,107,99,27,0,0,0
2026-05-18,1114,월평,하차,0,0,17,43,139,422,330,226,205,233,216,184,260,257,292,514,215,188,178,149,105,11,0,0
2026-05-18,1115,갑천,승차,0,0,36,44,124,238,79,66,50,51,48,42,49,42,100,82,42,31,23,12,9,0,0,0
2026-05-18,1115,갑천,하차,0,0,7,32,53,102,46,34,40,54,50,34,64,85,111,147,82,51,50,42,29,2,0,0
2026-05-18,1116,유성온천,승차,0,1,113,281,795,1414,535,452,409,466,452,469,578,779,807,928,447,375,367,244,150,1,0,0
2026-05-18,1116,유성온천,하차,0,0,80,140,458,988,735,498,555,480,547,549,650,598,989,1469,634,452,428,361,297,23,0,0
2026-05-18,1117,구암,승차,0,0,47,101,281,418,178,153,157,181,156,151,217,232,237,288,124,92,71,74,40,0,0,0
2026-05-18,1117,구암,하차,0,0,22,94,177,325,215,166,178,184,140,143,201,220,257,373,136,113,110,86,54,8,0,0
2026-05-18,1118,현충원,승차,0,0,19,59,177,365,145,132,133,154,159,142,180,263,291,233,91,97,169,310,516,6,0,0
2026-05-18,1118,현충원,하차,0,0,8,39,164,308,311,142,174,164,199,98,147,227,335,474,201,124,76,78,39,9,0,0
2026-05-18,1119,월드컵경기장,승차,0,0,41,110,277,571,191,144,150,115,150,124,201,205,193,242,103,76,65,88,17,0,0,0
2026-05-18,1119,월드컵경기장,하차,0,0,11,52,193,257,119,92,102,106,120,115,131,176,250,411,162,115,118,92,53,15,0,0
2026-05-18,1120,노은,승차,0,0,47,118,445,510,238,197,208,198,204,189,267,274,324,402,246,179,189,133,43,3,0,0
2026-05-18,1120,노은,하차,0,0,22,48,174,427,264,200,220,181,208,236,290,416,437,612,315,224,211,148,80,17,0,0
2026-05-18,1121,지족,승차,0,1,43,61,216,257,124,100,94,98,106,110,162,197,199,393,95,77,60,42,17,0,0,0
2026-05-18,1121,지족,하차,0,0,12,32,151,510,115,69,91,120,98,68,116,151,179,265,123,81,95,82,50,10,0,0
2026-05-18,1122,반석,승차,0,0,104,282,1089,1258,559,381,318,297,339,288,292,444,591,806,339,296,239,201,84,0,0,0
2026-05-18,1122,반석,하차,0,0,53,179,448,647,242,201,218,256,265,282,378,543,728,1297,406,371,385,350,208,23,0,0
2026-05-19,1101,판암,승차,0,3,105,201,586,767,402,233,252,255,239,240,257,271,300,350,121,73,70,40,17,0,0,0
2026-05-19,1101,판암,하차,0,0,14,75,171,331,151,180,190,199,215,170,294,386,382,618,213,191,214,191,68,41,0,0
2026-05-19,1102,신흥,승차,0,0,68,126,434,594,208,104,89,111,92,73,65,119,136,115,48,31,26,26,10,0,0,0
2026-05-19,1102,신흥,하차,0,0,13,31,48,111,61,59,67,104,95,94,127,246,220,467,198,120,142,116,57,8,0,0
2026-05-19,1103,대동,승차,0,0,87,157,471,730,310,246,195,227,275,190,303,586,429,481,166,154,127,72,26,5,0,0
2026-05-19,1103,대동,하차,0,0,21,49,306,549,307,167,158,209,204,178,244,291,364,561,266,201,213,215,147,35,0,0
2026-05-19,1104,대전,승차,0,0,20,166,442,861,640,653,610,741,669,719,831,924,965,1045,677,481,461,300,167,2,0,0
2026-05-19,1104,대전,하차,0,0,160,473,887,1129,840,692,767,578,699,696,731,791,727,804,373,285,246,180,69,5,0,0
2026-05-19,1105,중앙로,승차,0,0,24,75,176,309,186,178,222,298,372,369,486,491,588,752,354,389,388,844,131,1,0,0
2026-05-19,1105,중앙로,하차,0,0,37,61,201,774,411,402,454,427,464,448,477,562,722,825,275,162,117,88,74,10,0,0
2026-05-19,1106,중구청,승차,0,0,33,61,183,318,126,121,110,115,135,143,171,383,320,463,109,80,80,132,19,0,0,0
2026-05-19,1106,중구청,하차,0,0,15,66,266,663,237,112,149,147,152,125,144,163,213,312,131,68,87,66,53,4,0,0
2026-05-19,1107,서대전네거리,승차,0,2,113,171,581,942,425,354,353,356,281,363,423,468,513,580,243,176,168,120,60,0,0,0
2026-05-19,1107,서대전네거리,하차,0,0,40,84,289,764,350,321,307,339,344,348,379,520,615,1018,423,260,245,244,116,19,0,0
2026-05-19,1108,오룡,승차,0,0,103,149,493,888,353,204,218,199,242,151,234,279,374,689,148,92,81,49,34,0,0,0
2026-05-19,1108,오룡,하차,0,0,18,57,208,728,249,135,153,149,167,169,206,294,367,594,245,192,196,165,95,13,0,0
2026-05-19,1109,용문,승차,0,1,134,288,718,1396,505,381,340,451,403,388,359,530,551,500,266,252,208,107,130,0,0,0
2026-05-19,1109,용문,하차,0,0,33,77,257,563,417,389,367,349,443,374,439,581,709,1306,492,356,369,328,158,0,0,0
2026-05-19,1110,탄방,승차,0,0,45,129,349,583,296,223,274,232,274,244,305,311,494,851,210,178,248,197,45,0,0,0
2026-05-19,1110,탄방,하차,0,0,38,124,399,1212,461,266,221,222,290,195,266,365,401,736,256,165,141,163,85,0,0,0
2026-05-19,1111,시청,승차,0,2,54,119,313,502,292,315,350,331,379,399,468,615,904,1487,487,567,569,501,209,0,0,0
2026-05-19,1111,시청,하차,0,0,57,200,648,1983,737,409,337,360,422,416,459,675,687,941,361,201,193,150,101,9,0,0
2026-05-19,1112,정부청사,승차,0,0,36,111,251,400,276,280,317,319,285,347,529,694,1022,1940,447,329,314,178,75,2,0,0
2026-05-19,1112,정부청사,하차,0,0,101,238,825,2692,787,372,302,352,324,308,312,337,412,481,221,158,152,147,69,33,0,0
2026-05-19,1113,갈마,승차,0,0,79,132,354,552,256,150,151,163,165,122,157,171,211,208,111,97,98,44,43,0,0,0
2026-05-19,1113,갈마,하차,0,0,25,45,99,181,106,86,118,145,161,155,210,285,272,476,220,163,171,171,103,11,0,0
2026-05-19,1114,월평,승차,0,6,78,136,296,526,244,153,167,187,226,150,220,282,318,370,139,137,142,104,28,1,0,0
2026-05-19,1114,월평,하차,0,6,19,39,155,342,284,190,172,216,189,199,228,287,309,533,223,166,184,185,99,9,0,0
2026-05-19,1115,갑천,승차,0,0,21,42,121,231,74,61,62,43,62,43,74,67,97,118,43,35,37,20,6,0,0,0
2026-05-19,1115,갑천,하차,0,0,8,29,59,112,42,54,29,62,63,50,62,82,103,149,84,71,56,51,40,4,0,0
2026-05-19,1116,유성온천,승차,0,1,103,264,796,1424,515,407,406,502,525,510,602,882,860,954,408,356,374,263,164,4,0,0
2026-05-19,1116,유성온천,하차,0,0,86,147,437,920,696,475,482,484,455,530,599,708,920,1444,587,479,462,518,274,31,0,0
2026-05-19,1117,구암,승차,0,0,50,86,289,450,208,272,227,222,233,240,257,351,278,271,147,76,75,60,35,8,0,0
2026-05-19,1117,구암,하차,0,0,25,86,202,382,307,260,268,215,187,219,249,233,249,362,161,137,115,92,76,25,0,0
2026-05-19,1118,현충원,승차,0,0,29,59,169,332,177,116,142,199,191,168,230,295,297,292,110,88,75,149,265,6,0,0
2026-05-19,1118,현충원,하차,0,0,7,38,178,362,329,164,166,150,168,81,106,169,213,352,150,90,80,91,61,7,0,0
2026-05-19,1119,월드컵경기장,승차,0,0,36,103,297,571,217,169,110,132,151,147,160,243,213,253,117,77,72,41,26,1,0,0
2026-05-19,1119,월드컵경기장,하차,0,0,10,50,195,255,127,88,117,112,150,104,134,201,243,368,195,109,158,125,81,19,0,0
2026-05-19,1120,노은,승차,0,0,45,108,433,552,273,195,183,175,218,174,232,292,340,425,221,221,169,148,80,2,0,0
2026-05-19,1120,노은,하차,0,0,25,46,220,417,254,189,172,196,228,272,280,414,446,624,311,184,209,152,111,22,0,0
2026-05-19,1121,지족,승차,0,0,31,75,213,272,127,86,101,82,105,103,163,216,181,429,69,84,63,60,16,0,0,0
2026-05-19,1121,지족,하차,0,0,15,28,140,524,107,86,69,115,88,60,129,130,174,250,126,102,87,102,67,10,0,0
2026-05-19,1122,반석,승차,0,0,80,273,981,1417,604,414,338,321,334,283,339,460,665,835,324,250,235,190,82,0,0,0
2026-05-19,1122,반석,하차,0,0,42,171,427,671,289,189,233,287,290,310,393,592,759,1257,408,335,389,372,252,39,0,0
2026-05-20,1101,판암,승차,0,4,88,185,565,733,315,204,208,220,220,180,189,262,265,287,114,98,47,34,12,0,0,0
2026-05-20,1101,판암,하차,0,0,11,54,154,275,122,149,156,161,143,197,268,325,385,513,251,161,212,153,51,29,0,0
2026-05-20,1102,신흥,승차,0,0,60,101,411,552,196,95,101,97,106,77,69,88,115,98,48,32,14,16,5,0,0,0
2026-05-20,1102,신흥,하차,0,0,9,26,51,105,49,50,64,82,93,101,139,222,236,436,180,115,144,102,41,6,0,0
2026-05-20,1103,대동,승차,0,1,70,149,436,656,274,178,214,261,205,201,315,476,418,469,181,145,124,52,30,1,0,0
2026-05-20,1103,대동,하차,0,0,11,46,253,533,288,190,129,189,199,199,232,280,343,541,249,145,238,190,129,11,0,0
2026-05-20,1104,대전,승차,0,0,12,131,380,658,542,598,522,606,547,627,789,800,1008,1062,686,424,343,304,146,0,0,0
2026-05-20,1104,대전,하차,0,0,125,387,836,1077,702,597,671,548,601,633,711,730,719,803,424,302,212,109,48,6,0,0
2026-05-20,1105,중앙로,승차,0,0,25,60,167,281,144,150,231,259,332,346,467,526,626,789,401,356,368,194,99,4,0,0
2026-05-20,1105,중앙로,하차,0,0,26,53,195,768,408,334,419,423,407,420,403,406,474,679,264,137,109,69,35,8,0,0
2026-05-20,1106,중구청,승차,0,0,18,46,160,269,118,105,120,113,106,145,194,226,292,439,108,74,58,63,30,0,0,0
2026-05-20,1106,중구청,하차,0,0,18,51,259,622,212,125,122,101,154,107,124,119,155,276,96,65,69,67,41,2,0,0
2026-05-20,1107,서대전네거리,승차,0,3,105,177,530,861,341,296,260,306,288,264,347,397,438,567,190,161,132,132,68,0,0,0
2026-05-20,1107,서대전네거리,하차,0,0,36,73,272,664,347,234,265,260,283,289,302,393,559,895,349,230,245,225,112,10,0,0
2026-05-20,1108,오룡,승차,0,1,77,140,444,810,303,157,164,194,191,202,176,341,321,720,130,92,59,40,37,0,0,0
2026-05-20,1108,오룡,하차,0,0,23,66,196,677,277,147,130,144,150,138,195,212,342,564,231,155,169,142,80,4,0,0
2026-05-20,1109,용문,승차,0,2,100,218,666,1372,441,270,301,327,563,502,436,423,488,418,251,214,458,191,121,7,0,0
2026-05-20,1109,용문,하차,0,0,29,77,233,664,408,314,527,320,356,316,366,508,752,1460,755,398,290,214,147,7,0,0
2026-05-20,1110,탄방,승차,0,0,49,132,330,592,249,175,272,184,217,212,249,276,478,872,202,146,197,181,32,0,0,0
2026-05-20,1110,탄방,하차,0,0,30,105,373,1179,392,225,142,188,231,190,226,316,363,681,272,163,133,116,68,0,0,0
2026-05-20,1111,시청,승차,0,0,43,118,280,436,265,249,285,274,333,318,393,568,935,1489,469,459,491,439,207,0,0,0
2026-05-20,1111,시청,하차,0,0,70,167,636,1875,697,357,293,296,339,344,440,580,624,826,372,184,177,127,60,3,0,0
2026-05-20,1112,정부청사,승차,0,0,24,83,223,410,235,211,268,301,249,296,446,565,1034,1866,428,279,219,197,52,1,0,0
2026-05-20,1112,정부청사,하차,0,0,86,238,743,2613,677,309,240,304,352,278,269,285,383,479,226,139,134,119,51,8,0,0
2026-05-20,1113,갈마,승차,0,0,67,120,322,520,212,119,128,123,132,116,112,183,165,166,93,75,71,58,32,0,0,0
2026-05-20,1113,갈마,하차,0,0,22,35,87,154,83,81,101,131,115,164,161,219,267,501,204,153,149,113,99,13,0,0
2026-05-20,1114,월평,승차,0,0,74,116,289,532,216,158,139,151,173,196,151,223,286,373,173,114,125,64,51,1,0,0
2026-05-20,1114,월평,하차,0,0,12,31,125,347,235,143,141,198,162,175,197,251,305,507,194,157,179,110,89,5,0,0
2026-05-20,1115,갑천,승차,0,0,20,53,114,211,70,57,39,40,31,40,33,45,62,87,48,29,20,13,4,2,0,0
2026-05-20,1115,갑천,하차,0,0,3,17,45,91,36,21,36,59,21,45,66,71,95,147,72,50,53,34,28,9,0,0
2026-05-20,1116,유성온천,승차,0,0,94,232,750,1390,490,370,394,473,427,460,592,705,784,930,429,305,334,211,133,3,0,0
2026-05-20,1116,유성온천,하차,0,0,84,127,388,969,593,428,433,414,419,469,589,593,897,1356,522,407,448,352,204,16,0,0
2026-05-20,1117,구암,승차,0,0,37,67,245,410,163,126,152,122,112,129,145,226,243,268,171,103,71,48,26,0,0,0
2026-05-20,1117,구암,하차,0,0,13,61,163,267,170,121,117,118,119,140,151,171,240,380,134,86,116,71,27,8,0,0
2026-05-20,1118,현충원,승차,0,0,21,62,166,339,136,122,74,111,140,117,138,138,170,177,79,86,44,25,10,0,0,0
2026-05-20,1118,현충원,하차,0,0,3,40,114,157,93,72,87,69,70,72,93,102,159,249,95,68,81,70,34,8,0,0
2026-05-20,1119,월드컵경기장,승차,0,0,37,95,287,535,182,138,146,110,112,101,124,193,175,256,108,81,54,30,8,0,0,0
2026-05-20,1119,월드컵경기장,하차,0,0,11,33,198,241,113,80,91,88,89,110,131,178,232,370,176,109,145,110,51,14,0,0
2026-05-20,1120,노은,승차,0,0,40,85,397,500,244,187,165,168,185,163,229,230,319,428,190,180,170,140,48,2,0,0
2026-05-20,1120,노은,하차,0,0,18,53,195,379,198,165,167,175,197,221,300,324,426,587,275,160,184,161,67,13,0,0
2026-05-20,1121,지족,승차,0,0,37,68,197,240,121,89,78,83,110,85,188,143,172,403,66,52,54,26,17,0,0,0
2026-05-20,1121,지족,하차,0,0,12,31,148,466,93,61,98,88,72,71,102,123,156,246,128,96,88,89,40,11,0,0
2026-05-20,1122,반석,승차,0,0,85,226,979,1142,573,333,278,270,248,254,290,374,597,764,289,290,222,176,77,0,0,0
2026-05-20,1122,반석,하차,0,0,50,148,372,688,252,146,196,235,255,274,384,504,681,1138,385,298,314,281,139,21,0,0
2026-05-21,1101,판암,승차,0,3,93,192,591,766,349,220,198,268,257,206,215,268,290,368,102,104,65,53,17,0,0,0
2026-05-21,1101,판암,하차,0,0,14,59,162,294,128,160,148,180,204,209,273,336,394,585,251,206,226,171,63,32,0,0
2026-05-21,1102,신흥,승차,0,0,61,133,417,566,223,110,88,114,112,91,78,95,108,123,48,32,23,28,8,0,0,0
2026-05-21,1102,신흥,하차,0,0,7,26,51,104,54,62,54,90,95,101,153,199,209,457,179,123,164,116,62,7,0,0
2026-05-21,1103,대동,승차,0,0,67,150,447,695,310,183,196,236,246,258,315,503,447,487,208,117,138,64,43,0,0,0
2026-05-21,1103,대동,하차,0,0,13,55,287,488,252,192,147,226,184,175,253,274,349,528,246,218,231,196,126,19,0,0
2026-05-21,1104,대전,승차,0,0,15,127,455,616,540,652,765,741,628,808,911,946,996,1058,809,432,440,406,222,2,0,0
2026-05-21,1104,대전,하차,0,0,132,423,851,1160,968,753,820,636,730,700,832,890,912,955,494,331,284,215,71,4,0,0
2026-05-21,1105,중앙로,승차,0,0,21,63,148,321,165,167,239,309,392,426,497,679,707,757,378,395,455,904,198,3,0,0
2026-05-21,1105,중앙로,하차,0,0,20,55,180,793,460,427,466,443,496,578,479,639,891,979,386,180,137,115,76,5,0,0
2026-05-21,1106,중구청,승차,0,0,23,56,181,321,119,103,144,126,148,142,181,325,314,446,114,94,102,116,29,0,0,0
2026-05-21,1106,중구청,하차,0,0,18,56,266,657,231,128,113,133,175,156,117,178,207,324,104,71,103,74,47,5,0,0
2026-05-21,1107,서대전네거리,승차,0,2,102,167,529,922,391,306,284,313,329,305,373,454,505,575,204,174,191,139,78,0,0,0
2026-05-21,1107,서대전네거리,하차,0,0,31,85,268,676,334,248,286,309,376,286,355,514,564,990,379,275,235,241,112,10,0,0
2026-05-21,1108,오룡,승차,0,1,78,140,463,882,337,180,221,224,222,226,202,298,329,762,176,91,57,65,38,0,0,0
2026-05-21,1108,오룡,하차,0,0,15,73,199,682,233,114,166,174,166,171,294,330,371,578,248,170,176,186,112,0,0,0
2026-05-21,1109,용문,승차,0,0,125,237,680,1357,486,355,360,453,457,364,349,486,537,510,245,244,258,135,93,0,0,0
2026-05-21,1109,용문,하차,0,0,26,73,220,545,384,323,343,343,399,370,395,590,726,1375,525,346,351,363,157,0,0,0
2026-05-21,1110,탄방,승차,0,0,61,137,303,573,270,198,334,222,231,261,303,348,526,813,232,216,268,225,63,0,0,0
2026-05-21,1110,탄방,하차,0,0,39,113,364,1180,416,206,227,282,285,216,245,394,443,798,309,159,154,157,93,0,0,0
2026-05-21,1111,시청,승차,0,0,45,100,328,463,295,271,331,287,335,404,539,626,885,1451,522,541,554,564,216,0,0,0
2026-05-21,1111,시청,하차,0,0,61,193,612,1927,722,379,367,369,421,424,471,675,758,990,383,257,216,192,110,12,0,0
2026-05-21,1112,정부청사,승차,0,0,30,80,241,419,290,244,301,313,296,364,529,686,1077,1872,395,353,317,201,71,0,0,0
2026-05-21,1112,정부청사,하차,0,0,98,252,722,2630,723,352,270,351,363,295,333,391,451,541,242,170,179,160,66,14,0,0
2026-05-21,1113,갈마,승차,0,0,52,124,341,505,230,145,155,156,187,140,171,179,233,201,110,89,89,58,34,0,0,0
2026-05-21,1113,갈마,하차,0,0,24,38,80,171,101,76,115,145,139,170,219,231,265,484,226,156,172,186,106,22,0,0
2026-05-21,1114,월평,승차,0,0,72,117,285,515,272,181,161,210,222,245,289,309,382,456,183,138,131,103,41,2,0,0
2026-05-21,1114,월평,하차,0,0,13,36,111,353,257,180,195,227,222,227,261,295,329,515,265,183,172,165,126,6,0,0
2026-05-21,1115,갑천,승차,0,0,21,37,115,225,88,51,49,38,65,51,44,60,67,94,35,26,21,10,7,0,0,0
2026-05-21,1115,갑천,하차,0,0,4,28,38,103,32,27,37,44,56,40,71,70,87,127,78,66,53,38,23,2,0,0
2026-05-21,1116,유성온천,승차,0,2,104,276,749,1420,553,395,417,527,543,564,683,951,933,1091,481,406,384,266,178,3,0,0
2026-05-21,1116,유성온천,하차,0,0,71,169,416,956,603,494,572,491,551,524,577,709,1003,1417,631,437,445,572,274,22,0,0
2026-05-21,1117,구암,승차,0,0,30,82,248,428,188,142,147,176,180,187,239,265,292,290,175,98,95,86,28,1,0,0
2026-05-21,1117,구암,하차,0,0,13,89,167,263,183,138,166,176,175,157,187,240,269,388,151,139,123,117,58,8,0,0
2026-05-21,1118,현충원,승차,0,0,27,48,184,338,146,110,154,205,161,175,207,350,351,318,117,72,67,29,10,0,0,0
2026-05-21,1118,현충원,하차,0,0,6,42,136,286,304,135,131,110,163,85,97,116,144,210,68,76,82,94,78,13,0,0
2026-05-21,1119,월드컵경기장,승차,0,0,26,114,260,566,200,159,116,141,158,143,155,248,187,290,107,80,63,23,18,1,0,0
2026-05-21,1119,월드컵경기장,하차,0,0,13,35,190,276,107,87,100,98,106,114,156,176,240,374,153,135,131,122,74,11,0,0
2026-05-21,1120,노은,승차,0,0,36,121,398,529,236,180,216,214,223,196,232,309,372,404,245,211,212,156,62,1,0,0
2026-05-21,1120,노은,하차,0,0,26,49,192,359,232,164,188,202,244,268,319,420,439,676,307,202,199,190,121,20,0,0
2026-05-21,1121,지족,승차,0,7,34,82,179,238,136,97,117,111,135,119,156,254,235,430,96,69,68,38,21,0,0,0
2026-05-21,1121,지족,하차,0,7,14,37,145,470,123,85,77,123,99,89,139,154,177,250,103,86,122,84,101,8,0,0
2026-05-21,1122,반석,승차,0,0,90,211,1003,1212,575,346,334,325,343,266,333,478,643,840,325,280,255,206,97,8,0,0
2026-05-21,1122,반석,하차,0,0,36,147,423,685,241,157,214,272,307,327,397,596,765,1149,432,354,417,391,200,55,0,0
2026-05-22,1101,판암,승차,0,6,112,192,549,761,361,265,247,331,274,250,285,345,345,413,142,122,75,56,25,2,0,0
2026-05-22,1101,판암,하차,0,0,14,65,184,338,160,187,199,226,256,237,309,383,433,608,257,214,240,204,80,43,0,0
2026-05-22,1102,신흥,승차,0,0,77,120,437,580,214,117,104,114,126,101,94,117,170,146,67,55,55,41,8,1,0,0
2026-05-22,1102,신흥,하차,0,0,10,15,51,101,59,58,77,104,121,128,187,230,232,444,207,139,140,142,66,8,0,0
2026-05-22,1103,대동,승차,0,0,98,159,476,740,307,200,213,295,290,242,290,598,454,424,177,177,129,75,50,0,0,0
2026-05-22,1103,대동,하차,0,0,20,72,265,465,216,180,175,188,200,273,285,315,330,598,327,184,204,207,149,24,0,0
2026-05-22,1104,대전,승차,0,0,14,154,412,706,549,693,631,778,779,948,1114,1249,1268,1302,1062,640,750,564,202,9,0,0
2026-05-22,1104,대전,하차,0,0,146,422,921,1096,890,855,970,777,990,962,1043,1172,1367,1447,899,659,431,302,118,15,0,0
2026-05-22,1105,중앙로,승차,0,0,28,60,189,337,178,193,256,339,430,508,577,656,724,891,561,543,679,947,245,0,0,0
2026-05-22,1105,중앙로,하차,0,0,24,77,203,775,385,446,516,629,547,611,664,877,1096,1265,564,323,208,149,80,7,0,0
2026-05-22,1106,중구청,승차,0,0,25,76,167,294,121,115,137,147,157,197,197,314,341,424,121,88,119,131,32,0,0,0
2026-05-22,1106,중구청,하차,0,0,13,72,263,642,213,136,131,134,158,181,127,172,230,326,159,87,69,61,46,2,0,0
2026-05-22,1107,서대전네거리,승차,0,2,112,179,487,899,369,377,369,383,396,393,434,542,639,656,376,227,213,161,84,9,0,0
2026-05-22,1107,서대전네거리,하차,0,0,36,91,321,715,361,294,318,353,391,417,423,621,728,1164,540,369,308,300,134,25,0,0
2026-05-22,1108,오룡,승차,0,0,76,157,444,786,327,231,214,200,266,262,288,323,504,790,302,157,109,86,30,0,0,0
2026-05-22,1108,오룡,하차,0,0,29,72,203,667,231,143,169,187,241,228,266,322,427,636,329,221,203,175,108,2,0,0
2026-05-22,1109,용문,승차,0,1,121,256,695,1326,494,372,451,479,463,395,504,518,698,651,389,300,257,149,111,0,0,0
2026-05-22,1109,용문,하차,0,0,28,79,237,633,395,379,379,405,452,463,547,686,767,1272,601,399,371,339,176,0,0,0
2026-05-22,1110,탄방,승차,0,0,48,151,326,580,281,217,285,223,277,264,347,402,586,861,234,201,267,266,46,0,0,0
2026-05-22,1110,탄방,하차,0,0,38,114,344,1140,424,228,204,223,264,273,358,459,454,688,370,205,175,168,134,0,0,0
2026-05-22,1111,시청,승차,0,0,49,125,314,474,282,333,395,359,344,480,557,742,1162,1555,574,585,531,527,302,0,0,0
2026-05-22,1111,시청,하차,0,0,62,216,627,1914,767,417,342,404,468,430,649,673,895,1059,498,308,203,268,139,8,0,0
2026-05-22,1112,정부청사,승차,0,12,33,90,218,390,298,279,379,350,467,579,688,939,1202,2009,509,391,293,248,73,0,0,0
2026-05-22,1112,정부청사,하차,0,11,95,268,744,2610,658,398,343,361,371,378,388,465,472,585,335,227,167,190,52,21,0,0
2026-05-22,1113,갈마,승차,0,0,68,119,319,535,230,179,149,136,175,166,175,239,262,245,166,111,119,57,49,0,0,0
2026-05-22,1113,갈마,하차,0,0,22,45,92,167,123,107,138,157,164,176,241,270,278,494,264,219,188,196,145,24,0,0
2026-05-22,1114,월평,승차,0,0,71,133,303,532,259,206,212,248,240,270,317,356,412,533,265,206,122,123,40,1,0,0
2026-05-22,1114,월평,하차,0,0,10,38,144,314,201,190,201,219,222,215,226,321,379,547,269,212,236,256,104,11,0,0
2026-05-22,1115,갑천,승차,0,0,23,40,120,215,64,49,56,54,60,55,61,65,82,122,36,49,25,16,4,0,0,0
2026-05-22,1115,갑천,하차,0,0,5,18,39,103,48,39,46,56,42,63,79,94,99,165,90,59,56,39,26,5,0,0
2026-05-22,1116,유성온천,승차,0,0,111,271,784,1406,524,495,530,664,646,795,818,943,1047,1169,614,482,433,329,189,7,0,0
2026-05-22,1116,유성온천,하차,0,0,98,151,417,939,598,466,547,517,565,681,681,739,1278,1666,795,583,563,737,302,34,0,0
2026-05-22,1117,구암,승차,0,0,37,98,272,408,170,172,153,195,196,260,289,334,335,336,295,216,136,102,42,9,0,0
2026-05-22,1117,구암,하차,0,0,14,79,184,318,208,162,187,155,176,196,270,284,334,477,179,118,139,116,84,8,0,0
2026-05-22,1118,현충원,승차,0,0,15,59,171,349,144,167,177,226,236,222,285,364,362,337,135,95,53,41,15,0,0,0
2026-05-22,1118,현충원,하차,0,0,5,55,145,242,262,129,153,149,189,107,135,118,182,239,104,90,114,110,48,7,0,0
2026-05-22,1119,월드컵경기장,승차,0,0,29,106,318,566,194,183,151,173,159,164,208,207,237,295,143,96,66,38,24,1,0,0
2026-05-22,1119,월드컵경기장,하차,0,0,13,44,180,240,115,105,123,145,128,167,200,191,259,373,179,139,152,120,69,23,0,0
2026-05-22,1120,노은,승차,0,0,41,109,387,494,269,187,226,231,260,250,341,305,448,476,293,183,219,175,92,2,0,0
2026-05-22,1120,노은,하차,0,0,23,51,215,382,262,182,197,274,274,322,451,428,486,656,384,275,262,241,111,25,0,0
2026-05-22,1121,지족,승차,0,1,36,73,188,244,122,103,106,182,123,147,203,216,244,432,105,82,46,34,11,5,0,0
2026-05-22,1121,지족,하차,0,0,11,29,148,441,105,82,60,108,89,103,102,141,169,252,145,109,114,138,84,21,0,0
2026-05-22,1122,반석,승차,0,4,107,258,975,1239,493,369,339,319,348,335,448,568,891,866,424,296,242,243,121,0,0,0
2026-05-22,1122,반석,하차,0,4,50,170,446,659,245,185,224,295,313,387,540,596,811,1226,486,398,433,507,247,41,0,0
2026-05-23,1101,판암,승차,0,0,96,128,242,302,331,315,289,260,254,264,240,206,266,236,168,119,75,50,23,1,0,0
2026-05-23,1101,판암,하차,0,0,17,54,151,152,142,157,214,190,230,208,252,256,312,240,177,207,230,180,90,42,0,0
2026-05-23,1102,신흥,승차,0,0,57,74,130,179,196,132,120,130,132,96,113,118,125,104,53,58,38,23,23,0,0,0
2026-05-23,1102,신흥,하차,0,0,7,26,41,46,46,54,90,95,98,109,109,132,139,150,130,123,129,110,88,6,0,0
2026-05-23,1103,대동,승차,0,0,64,107,185,259,287,233,337,309,286,217,201,233,248,209,126,88,68,61,31,0,0,0
2026-05-23,1103,대동,하차,0,0,20,34,62,173,146,102,143,224,205,194,217,202,213,236,174,182,224,161,157,22,0,0
2026-05-23,1104,대전,승차,0,0,18,167,289,552,707,814,919,1051,889,1114,1178,1109,995,785,779,601,752,528,373,2,0,0
2026-05-23,1104,대전,하차,0,0,212,527,643,794,985,1026,1152,968,1175,1171,1071,1000,968,753,613,534,466,155,69,4,0,0
2026-05-23,1105,중앙로,승차,0,0,24,44,57,118,226,207,342,409,544,742,826,935,1023,960,884,970,1309,484,256,3,0,0
2026-05-23,1105,중앙로,하차,0,0,26,65,111,293,470,639,886,1107,1165,1222,1255,1038,1000,725,566,321,216,89,67,4,0,0
2026-05-23,1106,중구청,승차,0,0,31,35,48,101,64,69,118,157,137,135,132,137,140,121,85,70,101,43,19,6,0,0
2026-05-23,1106,중구청,하차,0,0,7,36,38,108,109,100,152,158,143,181,181,172,170,111,72,72,73,43,37,10,0,0
2026-05-23,1107,서대전네거리,승차,0,2,73,101,189,336,352,371,390,534,432,402,299,377,329,285,254,217,189,132,86,0,0,0
2026-05-23,1107,서대전네거리,하차,0,1,33,65,155,307,296,317,367,379,397,406,384,428,498,484,360,247,314,198,122,16,0,0
2026-05-23,1108,오룡,승차,0,0,71,82,130,277,229,189,308,270,245,243,173,177,187,162,176,103,82,40,44,0,0,0
2026-05-23,1108,오룡,하차,0,0,14,47,62,143,135,122,156,194,200,164,192,208,212,174,152,133,143,132,131,0,0,0
2026-05-23,1109,용문,승차,0,1,117,158,233,387,413,378,477,594,543,478,499,519,576,403,356,272,186,106,78,0,0,0
2026-05-23,1109,용문,하차,0,0,19,82,167,327,379,391,401,445,532,473,529,572,512,503,360,366,339,232,203,0,0,0
2026-05-23,1110,탄방,승차,0,0,56,86,122,200,183,229,237,302,371,321,323,316,387,275,211,168,141,114,35,0,0,0
2026-05-23,1110,탄방,하차,0,0,29,84,118,215,382,331,330,365,313,259,278,316,262,213,189,161,160,124,120,1,0,0
2026-05-23,1111,시청,승차,0,0,50,65,130,169,234,291,320,450,629,507,537,554,542,485,456,492,333,381,226,6,0,0
2026-05-23,1111,시청,하차,0,0,34,99,218,465,491,425,480,671,490,448,431,487,502,433,359,230,283,171,106,21,0,0
2026-05-23,1112,정부청사,승차,0,0,35,63,104,162,217,261,276,354,381,477,422,508,443,433,265,240,268,115,76,1,0,0
2026-05-23,1112,정부청사,하차,0,0,48,77,134,340,407,345,431,512,439,435,427,380,358,281,267,216,257,147,70,21,0,0
2026-05-23,1113,갈마,승차,0,0,63,99,155,211,210,205,251,224,245,201,196,213,235,162,123,117,83,55,66,0,0,0
2026-05-23,1113,갈마,하차,0,0,26,31,42,123,107,123,157,227,205,194,203,216,237,214,180,160,134,171,121,28,0,0
2026-05-23,1114,월평,승차,0,0,73,101,156,219,226,205,251,247,297,231,293,237,236,181,157,125,86,107,52,1,0,0
2026-05-23,1114,월평,하차,0,0,20,27,56,99,140,164,175,223,242,239,251,263,311,217,229,186,193,203,136,15,0,0
2026-05-23,1115,갑천,승차,0,1,32,31,46,65,76,68,83,69,69,74,78,74,73,55,36,32,25,22,3,0,0,0
2026-05-23,1115,갑천,하차,0,0,12,24,25,44,55,39,43,86,59,52,72,63,66,66,68,57,76,23,35,10,0,0
2026-05-23,1116,유성온천,승차,0,5,139,187,290,496,509,625,649,784,714,702,748,727,618,550,450,478,363,244,205,2,0,0
2026-05-23,1116,유성온천,하차,0,4,61,147,171,445,445,476,541,613,630,590,743,786,831,814,607,558,687,518,330,41,0,0
2026-05-23,1117,구암,승차,0,0,33,59,93,226,215,287,307,331,354,274,287,240,213,199,207,154,162,91,45,7,0,0
2026-05-23,1117,구암,하차,0,0,15,88,154,197,238,182,226,254,225,246,244,238,236,204,186,154,140,63,47,9,0,0
2026-05-23,1118,현충원,승차,0,0,26,49,79,205,182,182,200,210,198,210,218,211,175,146,101,67,63,34,7,4,0,0
2026-05-23,1118,현충원,하차,0,0,8,24,56,107,169,163,165,141,106,112,106,127,143,108,90,103,123,85,22,25,0,0
2026-05-23,1119,월드컵경기장,승차,0,0,26,56,112,185,185,187,210,164,136,155,133,147,159,164,97,62,73,28,13,0,0,0
2026-05-23,1119,월드컵경기장,하차,0,0,15,37,65,93,112,93,121,96,119,103,107,122,132,152,120,113,106,109,56,14,0,0
2026-05-23,1120,노은,승차,0,2,42,74,122,225,254,231,279,363,344,290,263,262,268,209,191,175,160,148,80,2,0,0
2026-05-23,1120,노은,하차,0,0,16,25,81,216,242,207,230,276,297,245,265,335,294,321,271,227,227,136,100,28,0,0
2026-05-23,1121,지족,승차,0,0,34,43,82,125,137,137,117,120,129,113,114,120,93,97,71,48,40,23,20,0,0,0
2026-05-23,1121,지족,하차,0,0,9,28,37,61,76,65,72,90,123,108,91,109,109,96,110,96,105,103,70,14,0,0
2026-05-23,1122,반석,승차,0,0,72,110,266,446,470,482,518,521,433,397,448,404,407,283,213,174,174,161,64,0,0,0
2026-05-23,1122,반석,하차,0,0,36,92,111,237,261,221,250,270,333,356,336,375,488,389,346,378,366,302,193,40,0,0
2026-05-24,1101,판암,승차,0,3,42,94,149,265,223,215,244,226,200,241,218,203,195,145,125,86,59,42,8,0,0,0
2026-05-24,1101,판암,하차,0,0,12,44,76,103,146,139,147,117,188,190,202,227,273,195,173,145,159,131,56,31,0,0
2026-05-24,1102,신흥,승차,0,0,33,52,58,127,96,99,142,118,96,71,74,108,113,72,81,45,31,19,9,0,0,0
2026-05-24,1102,신흥,하차,0,0,7,16,21,31,46,46,70,77,58,78,114,109,128,113,102,106,96,77,44,14,0,0
2026-05-24,1103,대동,승차,0,0,59,65,108,220,205,212,229,220,216,217,182,177,190,148,97,66,54,54,27,0,0,0
2026-05-24,1103,대동,하차,0,0,15,34,51,95,103,101,121,123,109,129,172,195,181,180,146,153,155,153,149,27,0,0
2026-05-24,1104,대전,승차,0,0,10,118,182,447,610,893,973,928,941,965,972,1017,965,945,820,786,790,572,354,8,0,0
2026-05-24,1104,대전,하차,0,0,103,320,505,644,768,775,903,743,859,871,817,888,857,759,628,536,300,135,51,12,0,0
2026-05-24,1105,중앙로,승차,0,0,27,29,51,106,190,267,255,411,513,697,941,1075,1684,1216,1068,908,699,418,180,3,0,0
2026-05-24,1105,중앙로,하차,0,0,11,44,126,297,403,726,1121,1338,1189,1235,1070,922,886,716,480,326,188,79,46,2,0,0
2026-05-24,1106,중구청,승차,0,0,11,23,48,59,45,69,84,106,122,103,141,99,144,118,87,78,41,26,18,0,0,0
2026-05-24,1106,중구청,하차,0,0,11,29,21,41,81,107,119,147,145,167,120,135,124,104,95,79,67,47,48,7,0,0
2026-05-24,1107,서대전네거리,승차,0,0,53,73,99,196,221,248,271,277,311,288,283,226,258,245,231,219,117,111,76,0,0,0
2026-05-24,1107,서대전네거리,하차,0,0,31,74,111,153,200,182,176,234,281,313,277,364,383,385,284,269,207,170,122,16,0,0
2026-05-24,1108,오룡,승차,0,0,34,67,100,161,188,179,279,245,203,177,166,152,164,144,99,95,71,46,28,0,0,0
2026-05-24,1108,오룡,하차,0,0,16,58,66,127,118,184,90,124,149,110,161,144,155,171,144,115,111,103,88,4,0,0
2026-05-24,1109,용문,승차,0,1,66,97,156,255,306,478,522,538,570,703,490,458,604,378,294,275,262,137,101,0,0,0
2026-05-24,1109,용문,하차,0,0,24,45,134,541,387,439,593,418,404,517,582,515,576,496,408,306,264,253,156,0,0,0
2026-05-24,1110,탄방,승차,0,0,26,62,88,140,152,178,151,230,223,214,203,161,236,156,145,125,101,73,28,0,0,0
2026-05-24,1110,탄방,하차,0,0,14,45,47,119,212,270,153,232,191,194,184,182,256,178,180,148,143,81,92,0,0,0
2026-05-24,1111,시청,승차,0,0,35,73,72,143,168,230,202,286,317,279,374,397,402,440,355,324,267,286,113,0,0,0
2026-05-24,1111,시청,하차,0,0,15,63,76,145,248,231,322,417,425,407,403,384,386,426,271,220,204,152,86,12,0,0
2026-05-24,1112,정부청사,승차,0,0,23,42,81,133,128,215,135,193,261,275,308,319,349,333,205,261,179,136,65,0,0,0
2026-05-24,1112,정부청사,하차,0,0,24,78,75,141,217,237,273,379,356,394,324,375,377,268,206,203,177,95,65,13,0,0
2026-05-24,1113,갈마,승차,0,0,34,66,99,202,198,165,136,180,130,177,136,138,131,108,79,81,57,33,53,0,0,0
2026-05-24,1113,갈마,하차,0,0,10,20,26,38,57,84,122,152,181,171,174,191,245,213,172,135,160,127,102,13,0,0
2026-05-24,1114,월평,승차,0,0,48,88,98,207,176,187,168,184,171,193,172,155,110,174,125,122,61,52,41,1,0,0
2026-05-24,1114,월평,하차,0,0,9,17,38,63,93,115,89,137,177,183,202,210,206,228,223,200,178,180,139,30,0,0
2026-05-24,1115,갑천,승차,0,0,16,18,34,55,64,48,45,57,47,60,54,56,48,46,30,19,19,10,6,0,0,0
2026-05-24,1115,갑천,하차,0,0,6,13,17,21,55,46,37,35,42,36,44,56,66,58,47,54,51,45,32,1,0,0
2026-05-24,1116,유성온천,승차,0,3,55,149,238,411,424,471,541,566,583,529,545,532,532,400,381,272,278,210,163,8,0,0
2026-05-24,1116,유성온천,하차,0,0,55,69,147,247,297,272,403,378,464,558,563,584,735,673,598,509,536,434,297,41,0,0
2026-05-24,1117,구암,승차,0,0,20,37,78,137,207,240,305,294,314,247,234,273,204,190,161,110,117,69,43,2,0,0
2026-05-24,1117,구암,하차,0,0,12,73,117,187,239,219,232,223,189,286,226,215,228,178,145,166,110,62,65,1,0,0
2026-05-24,1118,현충원,승차,0,0,19,28,40,126,89,139,191,248,348,351,283,216,146,105,88,74,48,21,2,4,0,0
2026-05-24,1118,현충원,하차,0,0,6,26,75,149,230,181,177,119,81,113,87,107,111,104,114,82,102,79,28,16,0,0
2026-05-24,1119,월드컵경기장,승차,0,0,21,42,74,138,140,141,118,126,127,131,126,101,131,86,73,73,49,22,11,0,0,0
2026-05-24,1119,월드컵경기장,하차,0,0,4,15,43,61,87,97,67,62,79,102,100,93,128,137,84,91,107,96,52,18,0,0
2026-05-24,1120,노은,승차,0,0,21,52,84,151,158,152,176,193,227,198,187,172,236,199,172,147,138,93,54,2,0,0
2026-05-24,1120,노은,하차,0,0,8,18,34,80,124,130,135,181,209,233,227,236,244,289,207,171,176,135,76,26,0,0
2026-05-24,1121,지족,승차,0,0,17,35,33,77,92,78,96,95,114,97,98,95,78,73,34,55,34,14,17,7,0,0
2026-05-24,1121,지족,하차,0,0,3,18,16,30,59,77,51,45,76,62,81,97,111,115,78,79,87,71,40,23,0,0
2026-05-24,1122,반석,승차,0,0,64,86,198,286,362,329,402,381,385,347,300,295,286,257,182,144,125,153,78,0,0,0
2026-05-24,1122,반석,하차,0,0,21,60,81,147,204,199,196,179,260,292,285,339,415,395,357,303,299,228,130,37,0,0
2026-05-25,1101,판암,승차,0,0,74,93,161,188,220,251,261,239,244,211,163,208,188,179,81,95,47,41,9,0,0,0
2026-05-25,1101,판암,하차,0,0,22,48,57,131,110,132,139,124,153,182,224,231,245,185,164,173,151,99,46,26,0,0
2026-05-25,1102,신흥,승차,0,0,31,58,92,114,133,110,95,109,108,91,79,91,76,58,45,38,25,12,2,0,0,0
2026-05-25,1102,신흥,하차,0,0,7,13,28,36,26,49,65,52,43,70,100,146,129,120,83,70,84,68,36,6,0,0
2026-05-25,1103,대동,승차,0,0,39,79,88,176,189,213,168,186,226,166,184,177,166,138,104,93,64,43,30,0,0,0
2026-05-25,1103,대동,하차,0,0,20,38,43,74,66,79,96,98,141,153,181,179,189,214,145,131,142,157,117,24,0,0
2026-05-25,1104,대전,승차,0,0,15,155,201,311,591,770,781,814,718,951,1029,1008,844,754,877,733,637,794,509,1,0,0
2026-05-25,1104,대전,하차,0,0,109,243,374,508,611,628,769,684,703,729,665,703,643,530,463,441,250,141,56,4,0,0
2026-05-25,1105,중앙로,승차,0,0,26,34,33,113,117,192,241,323,531,718,775,841,852,744,656,606,416,204,112,11,0,0
2026-05-25,1105,중앙로,하차,0,0,18,55,104,210,347,647,908,988,974,883,742,607,577,408,306,172,133,69,49,12,0,0
2026-05-25,1106,중구청,승차,0,0,17,24,43,77,69,73,91,108,89,129,121,136,171,78,61,56,36,24,7,7,0,0
2026-05-25,1106,중구청,하차,0,0,14,38,86,87,85,100,120,127,146,101,125,100,93,71,68,64,56,49,30,9,0,0
2026-05-25,1107,서대전네거리,승차,0,0,69,72,119,207,200,255,240,267,306,293,262,285,279,260,255,155,126,91,61,2,0,0
2026-05-25,1107,서대전네거리,하차,0,0,24,59,91,129,204,176,244,256,289,254,279,351,355,376,279,249,184,175,90,8,0,0
2026-05-25,1108,오룡,승차,0,0,66,73,96,142,141,161,179,192,157,187,148,170,228,135,189,127,96,71,29,0,0,0
2026-05-25,1108,오룡,하차,0,0,9,43,64,83,90,86,119,89,135,106,170,163,165,200,155,146,101,132,72,0,0,0
2026-05-25,1109,용문,승차,0,0,89,139,144,278,294,296,377,363,401,362,427,385,399,320,218,217,126,110,60,0,0,0
2026-05-25,1109,용문,하차,0,0,20,56,101,197,251,308,342,326,384,380,467,421,473,405,317,265,199,198,148,0,0,0
2026-05-25,1110,탄방,승차,0,0,32,57,92,121,136,158,151,185,182,189,255,209,161,168,144,116,87,94,35,0,0,0
2026-05-25,1110,탄방,하차,0,0,24,65,88,171,138,163,160,189,178,211,206,197,226,231,190,150,109,84,77,2,0,0
2026-05-25,1111,시청,승차,0,0,38,48,84,111,146,198,232,293,300,301,472,419,363,399,280,290,208,309,101,0,0,0
2026-05-25,1111,시청,하차,0,0,23,70,132,228,236,247,330,373,408,456,395,375,389,321,258,218,139,95,66,15,0,0
2026-05-25,1112,정부청사,승차,0,0,27,44,80,96,98,192,206,190,217,275,293,339,259,298,201,254,187,95,72,0,0,0
2026-05-25,1112,정부청사,하차,0,0,43,71,111,171,258,282,279,293,316,364,360,349,318,222,174,184,143,112,73,19,0,0
2026-05-25,1113,갈마,승차,0,0,54,58,94,137,169,161,171,180,148,138,140,158,150,132,113,96,59,43,22,0,0,0
2026-05-25,1113,갈마,하차,0,0,23,18,26,60,66,103,123,152,175,182,194,175,213,190,200,169,96,116,94,20,0,0
2026-05-25,1114,월평,승차,0,0,53,62,90,120,132,202,230,230,180,209,195,160,199,195,117,106,87,55,26,7,0,0
2026-05-25,1114,월평,하차,0,0,14,32,36,82,131,149,162,170,210,235,306,275,307,244,236,217,190,183,202,54,0,0
2026-05-25,1115,갑천,승차,0,0,18,29,29,60,50,59,51,50,48,42,59,57,55,63,29,14,22,4,6,0,0,0
2026-05-25,1115,갑천,하차,0,0,8,24,16,40,38,46,52,45,39,27,64,63,49,63,44,53,23,22,33,2,0,0
2026-05-25,1116,유성온천,승차,0,1,72,125,206,289,359,447,500,609,585,538,536,566,568,455,404,336,282,170,111,4,0,0
2026-05-25,1116,유성온천,하차,0,0,55,95,159,295,402,404,395,504,466,600,567,699,581,621,454,487,483,402,297,73,0,0
2026-05-25,1117,구암,승차,0,0,31,32,64,102,114,183,203,168,158,195,189,214,167,198,171,124,129,86,41,0,0,0
2026-05-25,1117,구암,하차,0,0,8,52,76,130,174,128,154,160,187,201,240,214,268,217,213,162,150,87,42,9,0,0
2026-05-25,1118,현충원,승차,0,0,15,17,33,107,100,123,165,176,197,228,171,163,161,117,79,80,26,21,5,0,0,0
2026-05-25,1118,현충원,하차,0,0,9,27,56,80,114,162,147,95,113,96,104,115,116,73,127,91,103,82,38,8,0,0
2026-05-25,1119,월드컵경기장,승차,0,0,13,31,70,107,117,124,133,123,167,158,123,133,97,90,64,47,38,16,3,3,0,0
2026-05-25,1119,월드컵경기장,하차,0,0,12,39,34,46,56,80,78,82,65,114,112,124,138,130,94,108,95,80,43,16,0,0
2026-05-25,1120,노은,승차,0,0,18,55,88,133,128,160,196,240,234,213,246,221,221,227,178,131,146,110,58,0,0,0
2026-05-25,1120,노은,하차,0,0,16,25,67,121,119,138,164,199,204,258,266,302,250,259,204,152,129,107,80,21,0,0
2026-05-25,1121,지족,승차,0,0,16,38,33,72,77,69,105,98,123,94,75,102,87,83,54,54,21,14,12,0,0,0
2026-05-25,1121,지족,하차,0,0,11,17,22,35,54,35,55,63,61,94,85,101,122,94,66,77,120,73,46,14,0,0
2026-05-25,1122,반석,승차,0,0,57,91,150,255,337,377,365,346,401,290,293,287,321,247,191,178,156,117,51,0,0,0
2026-05-25,1122,반석,하차,0,0,37,74,95,121,151,180,187,175,209,259,314,355,502,343,279,329,263,182,98,17,0,0
2026-05-26,1101,판암,승차,0,4,112,180,561,762,379,260,225,261,260,211,219,288,307,344,108,79,65,26,21,0,0,0
2026-05-26,1101,판암,하차,0,4,7,64,164,307,172,183,168,185,195,190,295,394,372,598,238,193,193,158,60,17,0,0
2026-05-26,1102,신흥,승차,0,0,70,117,435,580,203,128,99,92,127,86,80,102,108,98,32,30,23,14,12,0,0,0
2026-05-26,1102,신흥,하차,0,0,9,24,61,110,63,58,60,97,76,90,152,218,217,451,195,133,145,99,57,10,0,0
2026-05-26,1103,대동,승차,0,0,80,142,478,665,318,200,158,253,265,228,285,557,450,494,166,142,161,59,31,0,0,0
2026-05-26,1103,대동,하차,0,0,16,62,302,535,300,179,194,169,210,188,243,283,327,562,244,174,218,188,115,22,0,0
2026-05-26,1104,대전,승차,0,0,14,216,687,1043,797,677,587,718,626,697,741,688,896,839,630,426,360,254,165,0,0,0
2026-05-26,1104,대전,하차,0,0,210,570,884,1030,792,663,761,605,628,592,599,664,638,703,302,270,174,119,50,5,0,0
2026-05-26,1105,중앙로,승차,0,0,21,68,153,305,185,139,201,269,337,354,481,468,570,717,355,329,316,186,95,2,0,0
2026-05-26,1105,중앙로,하차,0,0,29,61,160,761,366,365,375,415,418,363,378,411,408,680,270,162,111,89,49,12,0,0
2026-05-26,1106,중구청,승차,0,0,31,64,168,282,125,111,129,99,128,141,174,363,279,412,126,109,80,47,23,0,0,0
2026-05-26,1106,중구청,하차,0,0,21,61,295,640,216,108,130,106,163,121,136,131,176,233,108,78,82,63,44,4,0,0
2026-05-26,1107,서대전네거리,승차,0,0,120,160,556,902,427,362,311,361,321,260,377,400,464,518,236,189,177,109,56,0,0,0
2026-05-26,1107,서대전네거리,하차,0,0,39,93,290,686,384,270,367,318,365,305,314,431,552,942,368,249,260,205,99,16,0,0
2026-05-26,1108,오룡,승차,0,0,87,149,451,900,371,202,207,197,215,177,215,248,291,689,161,84,89,37,29,0,0,0
2026-05-26,1108,오룡,하차,0,0,23,57,195,680,224,135,125,177,165,166,197,295,334,579,264,181,186,154,78,1,0,0
2026-05-26,1109,용문,승차,0,0,145,258,715,1329,483,378,374,445,422,324,355,514,466,444,255,228,200,123,133,0,0,0
2026-05-26,1109,용문,하차,0,0,29,72,224,598,452,396,315,333,354,402,360,572,670,1229,540,333,364,232,122,0,0,0
2026-05-26,1110,탄방,승차,0,9,59,145,339,551,291,249,270,209,242,236,306,280,469,805,221,164,276,203,39,0,0,0
2026-05-26,1110,탄방,하차,0,9,33,104,392,1247,501,239,202,222,304,238,287,339,376,743,292,168,133,92,71,0,0,0
2026-05-26,1111,시청,승차,0,0,55,108,315,406,288,312,353,335,348,394,442,624,844,1463,478,579,510,485,190,0,0,0
2026-05-26,1111,시청,하차,0,0,62,188,650,1956,742,435,375,308,387,410,411,628,670,859,404,209,173,153,64,9,0,0
2026-05-26,1112,정부청사,승차,0,0,41,98,232,386,251,252,320,309,280,296,424,611,961,1914,448,403,259,151,79,0,0,0
2026-05-26,1112,정부청사,하차,0,0,98,266,791,2768,821,357,291,321,307,276,314,320,416,463,244,177,168,103,50,11,0,0
2026-05-26,1113,갈마,승차,0,0,93,137,340,539,226,169,137,137,149,144,122,185,197,184,100,69,79,53,25,0,0,0
2026-05-26,1113,갈마,하차,0,0,24,38,115,144,99,106,113,148,148,142,173,251,260,432,209,140,154,124,88,8,0,0
2026-05-26,1114,월평,승차,0,0,75,133,316,501,224,141,180,190,169,181,222,244,236,396,126,121,131,80,38,0,0,0
2026-05-26,1114,월평,하차,0,0,15,38,150,384,320,243,213,264,181,221,247,231,313,471,241,167,169,123,74,3,0,0
2026-05-26,1115,갑천,승차,0,0,24,53,134,223,71,57,44,35,48,44,49,54,77,118,48,23,34,12,8,0,0,0
2026-05-26,1115,갑천,하차,0,0,9,23,38,117,55,39,24,55,42,53,74,80,97,164,89,54,62,24,31,2,0,0
2026-05-26,1116,유성온천,승차,0,10,130,276,759,1341,563,457,415,465,474,451,518,799,742,1022,381,368,309,230,123,7,0,0
2026-05-26,1116,유성온천,하차,0,10,73,142,420,1003,780,538,548,517,490,521,539,616,849,1389,578,397,424,367,219,26,0,0
2026-05-26,1117,구암,승차,0,0,43,78,288,433,181,150,156,177,147,169,174,234,240,287,141,94,78,47,30,1,0,0
2026-05-26,1117,구암,하차,0,0,16,72,203,301,201,184,158,158,143,148,201,194,273,404,130,115,105,66,37,6,0,0
2026-05-26,1118,현충원,승차,0,0,22,57,179,369,148,116,132,197,178,158,199,322,317,297,88,69,79,33,12,3,0,0
2026-05-26,1118,현충원,하차,0,0,8,35,182,366,322,98,168,127,174,84,86,108,120,259,58,85,95,72,47,11,0,0
2026-05-26,1119,월드컵경기장,승차,0,0,36,100,271,558,227,144,110,133,163,136,141,206,169,244,93,74,46,32,5,0,0,0
2026-05-26,1119,월드컵경기장,하차,0,0,11,37,206,253,116,93,115,91,130,110,133,164,194,391,183,114,129,96,63,17,0,0
2026-05-26,1120,노은,승차,0,0,43,100,411,508,234,212,236,212,228,184,213,311,299,421,211,196,171,154,51,1,0,0
2026-05-26,1120,노은,하차,0,0,16,49,197,375,221,191,212,197,223,231,278,413,427,665,311,196,181,124,83,12,0,0
2026-05-26,1121,지족,승차,0,0,37,59,195,259,137,93,93,90,92,87,161,183,200,345,85,68,61,45,24,7,0,0
2026-05-26,1121,지족,하차,0,0,8,36,158,442,97,90,73,114,100,95,102,140,162,254,110,94,93,90,41,17,0,0
2026-05-26,1122,반석,승차,0,0,90,240,954,1361,577,368,298,285,303,275,297,381,548,782,334,270,243,183,111,0,0,0
2026-05-26,1122,반석,하차,0,0,37,177,427,590,277,181,230,266,312,278,362,581,712,1236,394,329,364,310,132,22,0,0
2026-05-27,1101,판암,승차,0,0,112,191,621,775,337,231,239,294,267,209,213,310,273,349,114,102,69,43,13,4,0,0
2026-05-27,1101,판암,하차,0,0,20,55,164,271,130,168,167,184,213,237,318,375,417,569,231,200,232,180,76,34,0,0
2026-05-27,1102,신흥,승차,0,0,55,111,433,572,192,112,92,115,105,92,71,110,132,114,51,39,14,16,4,0,0,0
2026-05-27,1102,신흥,하차,0,0,9,23,54,107,59,61,71,89,81,96,157,241,205,457,179,132,161,91,55,3,0,0
2026-05-27,1103,대동,승차,0,0,78,151,469,707,264,200,239,224,265,252,343,509,427,525,211,137,155,76,33,1,0,0
2026-05-27,1103,대동,하차,0,0,13,51,300,522,248,202,133,239,192,224,267,318,370,570,266,200,249,232,144,13,0,0
2026-05-27,1104,대전,승차,0,0,17,134,346,709,485,516,552,560,563,790,689,676,965,881,613,459,406,253,141,0,0,0
2026-05-27,1104,대전,하차,0,0,137,376,786,1101,756,623,688,568,665,714,677,724,727,674,271,252,193,90,44,5,0,0
2026-05-27,1105,중앙로,승차,0,0,24,58,176,308,163,184,198,272,327,338,448,546,605,761,355,392,372,218,97,7,0,0
2026-05-27,1105,중앙로,하차,0,0,26,63,188,752,351,338,386,392,388,441,425,472,504,734,274,139,140,73,48,11,0,0
2026-05-27,1106,중구청,승차,0,0,31,63,180,282,131,107,134,114,127,159,197,248,348,450,114,71,70,61,24,7,0,0
2026-05-27,1106,중구청,하차,0,0,15,53,292,604,225,122,117,126,172,157,141,152,140,289,127,69,82,68,37,13,0,0
2026-05-27,1107,서대전네거리,승차,0,3,98,167,547,932,352,323,287,300,277,301,348,453,451,594,292,225,182,134,57,4,0,0
2026-05-27,1107,서대전네거리,하차,0,0,25,82,276,657,335,245,308,313,345,330,313,536,568,1010,394,283,269,243,112,12,0,0
2026-05-27,1108,오룡,승차,0,0,89,178,474,858,321,206,231,174,233,200,205,331,320,698,169,91,78,45,22,0,0,0
2026-05-27,1108,오룡,하차,0,0,25,56,195,647,266,142,139,144,146,175,200,304,364,599,257,185,199,165,78,2,0,0
2026-05-27,1109,용문,승차,0,0,121,241,672,1341,496,336,364,366,652,561,528,519,474,464,232,240,514,205,168,0,0,0
2026-05-27,1109,용문,하차,0,0,35,75,220,634,408,348,562,363,369,422,446,558,734,1443,852,371,322,250,133,0,0,0
2026-05-27,1110,탄방,승차,0,9,55,132,316,587,256,202,281,232,260,261,289,284,498,788,224,194,212,220,46,0,0,0
2026-05-27,1110,탄방,하차,0,9,42,114,360,1239,408,237,207,199,274,241,278,344,397,674,268,168,149,121,77,0,0,0
2026-05-27,1111,시청,승차,0,1,39,105,297,435,256,267,317,301,354,371,538,642,950,1467,494,509,496,479,232,0,0,0
2026-05-27,1111,시청,하차,0,0,55,188,619,1980,670,399,344,335,414,394,462,613,725,855,409,218,227,141,63,3,0,0
2026-05-27,1112,정부청사,승차,0,0,32,90,233,380,264,244,323,305,331,327,499,695,921,1950,449,309,274,199,81,2,0,0
2026-05-27,1112,정부청사,하차,0,0,96,236,746,2600,694,373,261,322,358,308,320,338,434,473,225,172,185,124,44,16,0,0
2026-05-27,1113,갈마,승차,0,0,60,121,343,544,220,158,155,141,172,119,149,178,206,195,118,77,82,56,45,2,0,0
2026-05-27,1113,갈마,하차,0,0,16,32,94,155,113,99,113,124,156,146,205,234,278,480,253,165,179,149,105,9,0,0
2026-05-27,1114,월평,승차,0,9,62,114,277,550,241,176,133,199,171,171,234,269,262,369,165,125,118,78,52,1,0,0
2026-05-27,1114,월평,하차,0,9,18,43,120,346,245,145,186,187,192,192,223,258,293,514,201,169,206,143,102,13,0,0
2026-05-27,1115,갑천,승차,0,0,15,36,123,226,68,57,59,45,77,30,58,54,82,119,43,32,25,11,7,0,0,0
2026-05-27,1115,갑천,하차,0,0,8,28,32,100,49,38,36,47,33,55,69,72,91,163,76,58,48,31,30,1,0,0
2026-05-27,1116,유성온천,승차,0,17,98,233,734,1431,491,378,435,489,501,476,657,768,851,982,458,394,328,268,146,4,0,0
2026-05-27,1116,유성온천,하차,0,16,72,140,411,928,677,451,417,483,552,552,556,623,953,1476,582,432,514,392,278,23,0,0
2026-05-27,1117,구암,승차,0,0,45,86,249,430,166,152,166,152,160,144,198,275,256,298,183,116,81,54,31,1,0,0
2026-05-27,1117,구암,하차,0,0,16,73,185,287,203,138,155,147,161,162,198,227,262,375,139,111,132,108,36,6,0,0
2026-05-27,1118,현충원,승차,0,0,19,43,168,333,138,103,158,199,183,150,202,337,345,282,92,105,70,45,9,0,0,0
2026-05-27,1118,현충원,하차,0,0,5,51,155,337,294,96,162,127,148,90,97,128,126,233,85,64,75,78,48,13,0,0
2026-05-27,1119,월드컵경기장,승차,0,0,25,100,269,547,180,134,147,109,141,135,133,275,179,263,108,90,64,29,5,2,0,0
2026-05-27,1119,월드컵경기장,하차,0,0,8,38,192,279,115,74,114,99,99,98,131,203,208,366,175,117,142,109,53,19,0,0
2026-05-27,1120,노은,승차,0,0,41,103,353,530,253,188,189,222,207,173,289,287,366,416,214,192,229,186,85,5,0,0
2026-05-27,1120,노은,하차,0,0,17,50,214,389,230,175,144,193,224,266,319,389,432,607,352,213,191,184,82,20,0,0
2026-05-27,1121,지족,승차,0,0,31,64,194,231,140,92,84,105,128,127,181,172,221,367,99,67,50,42,12,3,0,0
2026-05-27,1121,지족,하차,0,0,14,39,158,498,98,65,83,96,104,89,119,119,188,237,144,83,113,90,47,16,0,0
2026-05-27,1122,반석,승차,0,0,89,246,979,1207,616,362,281,322,312,265,358,371,585,796,352,269,274,231,92,1,0,0
2026-05-27,1122,반석,하차,0,0,44,154,411,656,226,167,231,292,312,305,405,613,768,1193,392,329,393,349,172,35,0,0
2026-05-28,1101,판암,승차,0,0,118,167,544,779,343,225,218,251,259,204,233,235,299,367,132,93,59,46,22,5,0,0
2026-05-28,1101,판암,하차,0,0,10,59,150,303,145,156,183,178,218,220,274,359,363,589,256,202,211,198,63,36,0,0
2026-05-28,1102,신흥,승차,0,4,64,108,410,569,203,112,103,128,104,78,93,102,115,101,54,30,25,14,5,0,0,0
2026-05-28,1102,신흥,하차,0,4,11,20,57,117,39,60,71,92,91,94,158,198,207,417,198,139,178,104,68,7,0,0
2026-05-28,1103,대동,승차,0,0,82,156,459,680,270,212,218,226,265,247,331,508,456,542,155,149,138,61,30,0,0,0
2026-05-28,1103,대동,하차,0,0,21,51,298,506,244,196,157,237,173,202,271,279,344,538,239,200,225,215,123,15,0,0
2026-05-28,1104,대전,승차,0,0,15,119,393,741,490,591,579,664,574,732,817,744,994,1058,724,508,449,341,155,4,0,0
2026-05-28,1104,대전,하차,0,0,134,404,800,1147,778,620,728,592,711,668,719,757,771,859,355,320,230,152,57,7,0,0
2026-05-28,1105,중앙로,승차,0,0,21,61,163,309,183,156,221,284,328,330,482,473,660,750,413,401,421,216,126,2,0,0
2026-05-28,1105,중앙로,하차,0,0,24,66,195,789,368,388,410,435,395,385,411,441,557,774,299,214,171,84,49,2,0,0
2026-05-28,1106,중구청,승차,0,0,23,63,180,301,135,108,140,127,136,127,139,341,292,436,106,95,70,54,21,0,0,0
2026-05-28,1106,중구청,하차,0,0,15,52,270,664,225,121,117,106,140,131,108,141,171,262,109,79,76,60,46,4,0,0
2026-05-28,1107,서대전네거리,승차,0,1,118,179,553,940,342,302,338,345,315,288,355,446,499,593,243,209,179,102,72,0,0,0
2026-05-28,1107,서대전네거리,하차,0,0,37,78,296,683,340,240,309,334,345,294,376,458,595,942,378,336,256,278,105,15,0,0
2026-05-28,1108,오룡,승차,0,4,82,146,461,828,306,202,225,209,223,182,176,324,351,739,172,75,65,62,30,0,0,0
2026-05-28,1108,오룡,하차,0,4,30,48,201,695,229,130,155,129,174,178,212,287,355,564,264,189,207,164,97,0,0,0
2026-05-28,1109,용문,승차,0,0,122,243,678,1416,437,343,331,404,487,416,389,483,481,480,272,269,234,154,114,0,0,0
2026-05-28,1109,용문,하차,0,0,24,76,229,557,431,303,336,311,394,397,471,536,731,1275,517,362,395,267,150,0,0,0
2026-05-28,1110,탄방,승차,0,0,59,121,317,593,254,210,260,203,229,266,296,306,537,755,248,232,326,257,56,1,0,0
2026-05-28,1110,탄방,하차,0,0,38,118,381,1223,399,234,202,227,288,261,250,390,449,837,308,179,172,131,83,1,0,0
2026-05-28,1111,시청,승차,0,0,45,127,345,478,289,284,328,308,356,359,497,575,841,1419,456,557,580,528,237,0,0,0
2026-05-28,1111,시청,하차,0,0,52,187,645,1905,711,357,339,318,381,409,461,663,718,858,451,259,200,166,86,9,0,0
2026-05-28,1112,정부청사,승차,0,2,26,90,254,418,278,250,313,309,296,350,487,657,976,1815,444,370,308,210,78,0,0,0
2026-05-28,1112,정부청사,하차,0,2,104,240,796,2713,705,398,282,361,366,318,301,341,423,501,248,188,141,137,47,13,0,0
2026-05-28,1113,갈마,승차,0,0,71,132,364,521,208,166,155,168,172,149,206,170,184,211,100,101,80,50,31,0,0,0
2026-05-28,1113,갈마,하차,0,0,19,30,116,185,155,88,133,152,139,149,189,238,305,514,228,194,177,145,100,19,0,0
2026-05-28,1114,월평,승차,0,0,66,126,279,538,224,175,146,196,191,186,276,294,318,425,154,134,167,81,63,1,0,0
2026-05-28,1114,월평,하차,0,0,13,39,138,350,223,193,163,212,206,206,202,269,294,506,261,169,188,150,111,9,0,0
2026-05-28,1115,갑천,승차,0,0,17,46,116,228,76,54,43,37,43,41,51,50,73,107,55,34,30,12,9,0,0,0
2026-05-28,1115,갑천,하차,0,0,7,21,47,103,37,40,40,41,41,49,43,63,112,146,82,57,48,40,22,0,0,0
2026-05-28,1116,유성온천,승차,0,1,112,248,747,1479,556,404,409,501,540,534,572,830,846,994,479,419,395,297,171,6,0,0
2026-05-28,1116,유성온천,하차,0,0,103,139,413,949,649,458,497,473,551,462,606,689,864,1489,660,464,437,436,266,19,0,0
2026-05-28,1117,구암,승차,0,0,34,79,266,431,190,131,140,177,156,181,206,253,260,336,147,102,94,82,33,4,0,0
2026-05-28,1117,구암,하차,0,0,21,74,190,302,185,162,170,203,170,146,232,207,317,389,177,139,111,92,51,1,0,0
2026-05-28,1118,현충원,승차,0,0,16,47,156,312,169,128,170,215,201,179,210,306,356,295,111,98,87,43,9,2,0,0
2026-05-28,1118,현충원,하차,0,0,10,53,145,324,323,101,159,135,187,86,100,131,106,224,88,77,97,82,38,15,0,0
2026-05-28,1119,월드컵경기장,승차,0,0,32,103,301,531,230,132,132,138,131,116,145,247,201,288,105,75,69,36,17,0,0,0
2026-05-28,1119,월드컵경기장,하차,0,0,13,40,193,256,109,103,95,117,120,116,131,181,232,359,170,135,140,126,62,21,0,0
2026-05-28,1120,노은,승차,0,0,38,104,385,522,234,178,198,217,211,178,221,293,378,420,233,203,205,171,61,0,0,0
2026-05-28,1120,노은,하차,0,0,21,46,191,400,231,159,162,185,252,261,295,414,446,649,325,193,214,184,100,23,0,0
2026-05-28,1121,지족,승차,0,0,28,73,210,254,119,108,79,99,120,124,146,207,234,387,90,83,61,53,17,3,0,0
2026-05-28,1121,지족,하차,0,0,12,30,156,487,113,96,85,111,83,75,108,169,145,284,92,113,113,89,60,9,0,0
2026-05-28,1122,반석,승차,0,0,86,235,1006,1273,629,334,281,308,320,250,349,433,582,793,350,267,273,210,119,0,0,0
2026-05-28,1122,반석,하차,0,0,40,155,402,632,275,184,229,279,289,304,379,535,721,1240,418,371,416,379,159,25,0,0
2026-05-29,1101,판암,승차,0,3,115,190,543,747,329,245,237,274,285,239,262,316,358,359,151,130,72,54,33,3,0,0
2026-05-29,1101,판암,하차,0,0,14,80,171,317,148,183,186,179,232,189,345,412,398,574,291,235,245,228,74,44,0,0
2026-05-29,1102,신흥,승차,0,0,74,103,407,559,203,102,100,117,106,108,77,109,142,154,79,39,39,28,14,0,0,0
2026-05-29,1102,신흥,하차,0,0,11,25,67,117,68,64,78,90,124,98,163,219,257,384,212,130,151,117,84,4,0,0
2026-05-29,1103,대동,승차,0,0,82,154,453,682,271,204,246,296,302,259,474,462,409,459,205,161,143,66,41,0,0,0
2026-05-29,1103,대동,하차,0,0,17,54,287,483,210,145,151,196,198,210,250,300,378,550,331,179,208,198,171,17,0,0
2026-05-29,1104,대전,승차,0,0,20,143,469,688,485,574,535,694,744,921,957,1091,1389,1164,886,722,530,354,236,0,0,0
2026-05-29,1104,대전,하차,0,0,164,450,839,1069,753,706,820,702,778,839,887,1120,1166,1216,791,535,333,211,92,9,0,0
2026-05-29,1105,중앙로,승차,0,0,38,68,167,312,215,188,278,308,409,465,565,596,711,905,546,459,1079,396,209,12,0,0
2026-05-29,1105,중앙로,하차,0,0,36,65,208,759,416,357,474,550,555,588,624,747,938,1202,514,320,175,119,65,18,0,0
2026-05-29,1106,중구청,승차,0,0,34,61,172,294,136,162,124,142,152,135,157,271,302,428,126,85,144,66,20,0,0,0
2026-05-29,1106,중구청,하차,0,0,12,53,262,609,203,143,126,124,172,129,128,181,222,354,143,78,86,83,42,6,0,0
2026-05-29,1107,서대전네거리,승차,0,7,111,195,523,858,348,309,365,334,343,341,442,527,576,626,352,257,242,205,118,3,0,0
2026-05-29,1107,서대전네거리,하차,0,2,41,91,262,734,337,253,331,330,345,389,467,522,665,1229,514,372,264,271,137,15,0,0
2026-05-29,1108,오룡,승차,0,0,92,148,431,808,334,206,208,213,243,257,342,339,410,726,337,126,106,85,35,0,0,0
2026-05-29,1108,오룡,하차,0,0,20,63,197,676,270,157,163,155,179,196,255,316,391,628,308,188,190,157,128,0,0,0
2026-05-29,1109,용문,승차,0,0,130,256,677,1356,496,381,397,461,468,368,485,619,653,610,383,276,252,170,139,0,0,0
2026-05-29,1109,용문,하차,0,0,34,90,242,602,402,362,368,381,480,483,547,629,765,1298,628,415,370,294,181,0,0,0
2026-05-29,1110,탄방,승차,0,0,60,125,319,578,266,248,273,214,244,268,338,333,589,857,256,195,199,225,56,0,0,0
2026-05-29,1110,탄방,하차,0,0,38,120,379,1186,409,241,192,221,272,287,324,386,444,652,339,182,168,175,119,0,0,0
2026-05-29,1111,시청,승차,0,0,52,116,310,421,284,287,371,363,372,466,588,779,1004,1513,537,506,509,560,283,0,0,0
2026-05-29,1111,시청,하차,0,0,56,186,622,1886,702,395,385,402,560,505,695,654,783,1004,491,307,226,216,116,11,0,0
2026-05-29,1112,정부청사,승차,0,0,34,95,261,423,251,269,308,329,330,488,619,922,1137,1913,531,355,283,193,78,0,0,0
2026-05-29,1112,정부청사,하차,0,0,100,238,726,2484,647,349,283,375,376,347,411,421,498,568,342,243,214,192,84,17,0,0
2026-05-29,1113,갈마,승차,0,0,84,128,360,514,218,168,170,147,166,161,165,192,260,271,133,94,80,69,36,0,0,0
2026-05-29,1113,갈마,하차,0,0,24,36,107,139,106,102,141,160,166,192,238,245,301,524,272,188,200,179,120,18,0,0
2026-05-29,1114,월평,승차,0,1,67,124,315,500,226,196,196,217,216,272,259,294,336,482,225,189,146,96,47,1,0,0
2026-05-29,1114,월평,하차,0,0,15,44,144,321,199,148,188,229,219,175,218,306,364,514,278,206,216,214,123,11,0,0
2026-05-29,1115,갑천,승차,0,0,22,41,118,225,79,50,58,46,52,61,45,65,114,115,57,40,32,21,9,0,0,0
2026-05-29,1115,갑천,하차,0,0,10,33,46,111,49,43,41,57,49,50,70,78,95,154,101,49,64,55,44,4,0,0
2026-05-29,1116,유성온천,승차,0,0,139,262,770,1341,509,457,441,626,605,762,771,878,905,1142,624,480,411,294,208,5,0,0
2026-05-29,1116,유성온천,하차,0,0,85,149,429,874,665,462,452,517,576,554,749,779,1207,1519,807,549,513,630,282,22,0,0
2026-05-29,1117,구암,승차,0,0,42,87,249,411,225,259,279,274,285,306,348,414,367,403,273,222,170,103,61,2,0,0
2026-05-29,1117,구암,하차,0,0,23,72,205,380,272,296,267,234,238,305,332,320,335,501,209,146,141,112,62,14,0,0
2026-05-29,1118,현충원,승차,0,0,21,53,150,347,124,123,134,199,222,217,246,334,351,286,170,85,83,37,7,0,0,0
2026-05-29,1118,현충원,하차,0,0,7,50,122,216,233,123,151,139,150,106,137,121,150,280,109,75,96,142,38,10,0,0
2026-05-29,1119,월드컵경기장,승차,0,0,37,98,324,508,189,152,129,141,185,183,221,259,270,285,144,93,83,44,24,1,0,0
2026-05-29,1119,월드컵경기장,하차,0,0,18,53,186,258,134,95,126,111,140,152,182,203,270,388,179,137,115,153,73,9,0,0
2026-05-29,1120,노은,승차,0,0,39,113,377,531,254,227,227,207,237,207,402,285,478,459,244,221,214,179,100,6,0,0
2026-05-29,1120,노은,하차,0,0,24,48,191,403,255,208,192,198,251,343,358,439,534,678,375,242,234,223,132,19,0,0
2026-05-29,1121,지족,승차,0,0,32,87,176,243,133,117,118,127,119,145,182,194,217,458,94,63,53,40,32,4,0,0
2026-05-29,1121,지족,하차,0,0,14,32,154,446,123,81,90,98,84,127,124,137,191,249,127,129,130,105,92,19,0,0
2026-05-29,1122,반석,승차,0,0,81,233,959,1183,505,421,319,304,388,386,400,593,809,855,440,268,267,204,139,0,0,0
2026-05-29,1122,반석,하차,0,0,50,160,450,625,253,189,232,305,285,379,518,623,802,1106,432,406,404,463,222,48,0,0
2026-05-30,1101,판암,승차,0,0,86,124,203,313,338,300,295,309,276,224,237,248,229,157,144,103,68,35,23,0,0,0
2026-05-30,1101,판암,하차,0,0,19,75,103,142,140,166,154,169,224,232,263,249,287,244,192,176,218,143,91,40,0,0
2026-05-30,1102,신흥,승차,0,7,50,89,115,194,171,138,144,128,119,127,116,97,123,93,61,48,32,16,16,0,0,0
2026-05-30,1102,신흥,하차,0,7,5,16,49,53,53,62,63,79,119,125,107,133,190,142,107,99,125,112,78,7,0,0
2026-05-30,1103,대동,승차,0,0,66,88,201,271,296,242,323,289,258,235,213,220,248,217,108,90,74,47,40,0,0,0
2026-05-30,1103,대동,하차,0,0,14,55,72,187,119,114,168,151,158,205,217,262,228,251,186,204,178,149,144,24,0,0
2026-05-30,1104,대전,승차,0,0,21,166,326,471,606,894,836,1029,967,1034,1127,1192,1081,797,614,645,695,585,356,2,0,0
2026-05-30,1104,대전,하차,0,0,188,511,525,689,931,949,1160,979,1045,910,956,920,877,635,555,556,422,125,68,3,0,0
2026-05-30,1105,중앙로,승차,0,0,33,41,68,131,189,208,276,375,464,626,714,864,859,827,749,746,1158,378,231,1,0,0
2026-05-30,1105,중앙로,하차,0,0,24,78,129,253,357,512,744,1011,1085,1033,1108,949,912,650,510,326,218,116,81,6,0,0
2026-05-30,1106,중구청,승차,0,0,30,44,85,101,90,102,109,121,126,132,107,112,138,101,74,60,98,30,25,0,0,0
2026-05-30,1106,중구청,하차,0,0,17,32,40,91,81,86,125,124,166,168,169,184,148,115,72,82,79,47,44,4,0,0
2026-05-30,1107,서대전네거리,승차,0,0,92,95,186,335,311,321,427,431,404,365,331,323,370,304,248,230,184,121,77,3,0,0
2026-05-30,1107,서대전네거리,하차,0,0,46,64,127,247,267,298,333,365,450,366,355,434,442,461,307,291,234,201,124,15,0,0
2026-05-30,1108,오룡,승차,0,0,51,89,138,276,233,238,301,239,218,148,191,197,224,185,123,106,85,53,44,0,0,0
2026-05-30,1108,오룡,하차,0,0,20,53,78,149,128,141,140,146,175,169,180,227,212,174,148,149,132,139,101,1,0,0
2026-05-30,1109,용문,승차,0,1,113,158,217,396,399,392,463,524,574,545,490,513,542,452,316,300,202,158,79,0,0,0
2026-05-30,1109,용문,하차,0,0,29,97,170,384,359,372,430,424,505,525,509,548,610,477,327,312,314,262,208,0,0,0
2026-05-30,1110,탄방,승차,0,6,50,85,129,212,171,200,194,275,354,324,332,275,395,250,189,169,153,107,29,0,0,0
2026-05-30,1110,탄방,하차,0,6,23,71,128,251,381,324,297,319,315,252,232,252,322,246,186,153,162,116,108,0,0,0
2026-05-30,1111,시청,승차,0,0,54,68,85,193,226,317,374,516,540,443,540,588,546,542,492,425,385,339,252,0,0,0
2026-05-30,1111,시청,하차,0,0,32,97,198,416,561,503,457,617,526,480,420,493,472,446,278,250,273,157,77,16,0,0
2026-05-30,1112,정부청사,승차,0,1,39,68,102,176,201,247,296,349,345,380,421,463,435,360,328,262,209,114,87,0,0,0
2026-05-30,1112,정부청사,하차,0,0,43,109,162,321,358,374,450,414,434,415,383,425,354,302,209,205,237,126,65,27,0,0
2026-05-30,1113,갈마,승차,0,0,78,88,132,204,204,203,206,199,205,204,184,222,181,155,125,87,77,57,39,0,0,0
2026-05-30,1113,갈마,하차,0,0,21,28,46,86,97,119,163,183,192,226,242,207,234,209,186,161,180,141,133,25,0,0
2026-05-30,1114,월평,승차,0,0,85,91,137,184,237,246,236,230,207,215,226,216,214,196,153,144,111,79,56,1,0,0
2026-05-30,1114,월평,하차,0,0,15,25,61,101,122,144,214,183,229,197,233,227,281,255,173,173,226,176,123,18,0,0
2026-05-30,1115,갑천,승차,0,0,27,32,39,77,76,55,78,96,87,66,87,78,73,69,28,39,37,17,14,0,0,0
2026-05-30,1115,갑천,하차,0,0,11,29,26,53,69,68,71,57,73,77,67,70,74,57,53,42,47,53,30,1,0,0
2026-05-30,1116,유성온천,승차,0,8,130,193,261,518,518,536,577,703,618,683,710,648,647,458,431,407,399,273,191,7,0,0
2026-05-30,1116,유성온천,하차,0,7,86,95,188,493,524,438,519,595,611,597,651,726,845,867,579,525,570,420,316,36,0,0
2026-05-30,1117,구암,승차,0,0,41,50,115,173,207,271,256,277,241,271,232,276,203,229,136,127,112,76,38,4,0,0
2026-05-30,1117,구암,하차,0,0,11,74,154,196,226,194,182,211,214,196,232,196,240,187,174,128,154,81,55,7,0,0
2026-05-30,1118,현충원,승차,0,0,16,36,61,195,131,172,214,217,229,224,213,213,199,154,77,99,46,29,9,0,0,0
2026-05-30,1118,현충원,하차,0,0,16,34,79,135,235,198,172,130,116,102,86,128,138,100,71,88,128,91,39,3,0,0
2026-05-30,1119,월드컵경기장,승차,0,0,31,53,127,180,204,186,173,170,172,142,156,140,203,133,103,67,57,39,11,0,0,0
2026-05-30,1119,월드컵경기장,하차,0,0,13,37,61,74,82,100,118,126,107,119,126,146,171,109,100,110,132,106,54,25,0,0
2026-05-30,1120,노은,승차,0,0,45,70,144,178,239,224,272,324,294,228,265,289,270,241,222,161,166,110,65,3,0,0
2026-05-30,1120,노은,하차,0,0,17,27,92,179,198,203,256,264,268,255,249,294,327,369,230,186,173,163,104,29,0,0
2026-05-30,1121,지족,승차,0,0,44,43,84,108,103,114,137,97,112,109,128,128,170,89,53,55,37,20,9,0,0,0
2026-05-30,1121,지족,하차,0,0,11,27,39,106,106,61,72,82,139,76,93,112,120,126,86,89,83,85,59,17,0,0
2026-05-30,1122,반석,승차,0,0,73,104,278,438,445,449,446,496,435,389,399,391,417,276,170,152,176,159,86,0,0,0
2026-05-30,1122,반석,하차,0,0,39,95,131,213,262,220,224,265,285,320,351,459,553,382,306,321,397,334,165,46,0,0
2026-05-31,1101,판암,승차,0,0,59,77,111,210,213,202,253,227,225,202,157,172,175,159,131,94,49,19,19,4,0,0
2026-05-31,1101,판암,하차,0,0,11,47,88,96,125,130,152,108,150,194,193,188,225,188,137,169,148,127,40,38,0,0
2026-05-31,1102,신흥,승차,0,0,35,53,66,101,105,113,110,112,82,79,76,66,87,60,48,34,24,10,8,0,0,0
2026-05-31,1102,신흥,하차,0,0,6,20,33,35,31,54,73,64,65,84,96,101,123,104,84,85,81,59,39,8,0,0
2026-05-31,1103,대동,승차,0,0,38,64,113,196,186,241,212,201,203,183,146,195,166,91,97,67,44,39,23,1,0,0
2026-05-31,1103,대동,하차,0,0,15,40,40,75,78,86,140,103,122,112,158,195,192,202,150,179,174,134,119,15,0,0
2026-05-31,1104,대전,승차,0,0,10,148,214,375,493,734,736,804,723,785,980,1064,962,836,822,931,950,755,445,1,0,0
2026-05-31,1104,대전,하차,0,0,124,269,370,442,640,650,814,614,648,757,742,696,737,601,516,477,331,86,42,2,0,0
2026-05-31,1105,중앙로,승차,0,0,29,21,44,102,143,187,229,271,350,501,625,710,1041,765,594,514,399,216,109,7,0,0
2026-05-31,1105,중앙로,하차,0,0,34,58,94,195,345,528,772,979,840,801,601,599,510,347,288,184,130,54,30,13,0,0
2026-05-31,1106,중구청,승차,0,0,16,21,48,52,61,63,68,70,92,91,105,83,117,89,69,45,24,24,5,7,0,0
2026-05-31,1106,중구청,하차,0,0,6,23,16,33,61,56,96,91,142,112,92,79,103,91,46,63,76,48,31,10,0,0
2026-05-31,1107,서대전네거리,승차,0,2,60,67,78,177,171,224,192,256,279,264,270,229,244,263,214,161,123,73,41,1,0,0
2026-05-31,1107,서대전네거리,하차,0,0,25,53,74,151,131,179,167,254,280,242,241,315,346,368,232,258,178,158,96,6,0,0
2026-05-31,1108,오룡,승차,0,0,47,56,70,146,159,173,229,228,168,146,143,194,161,130,152,67,86,48,17,0,0,0
2026-05-31,1108,오룡,하차,0,0,16,48,66,145,111,153,89,113,142,143,140,167,166,155,125,123,118,107,92,0,0,0
2026-05-31,1109,용문,승차,0,2,70,114,120,242,244,446,494,407,570,495,377,419,510,336,259,276,248,136,76,0,0,0
2026-05-31,1109,용문,하차,0,0,21,61,160,526,329,358,519,311,286,412,485,388,426,387,404,240,218,159,143,0,0,0
2026-05-31,1110,탄방,승차,0,0,35,48,79,118,135,125,144,175,196,231,215,181,224,136,139,122,78,68,20,0,0,0
2026-05-31,1110,탄방,하차,0,0,24,47,52,102,203,216,213,223,193,196,158,191,239,161,163,137,121,100,76,0,0,0
2026-05-31,1111,시청,승차,0,0,41,50,68,126,156,180,170,240,307,274,345,353,345,418,347,282,244,234,101,0,0,0
2026-05-31,1111,시청,하차,0,0,13,48,75,197,226,222,306,417,398,330,314,353,309,302,192,136,166,105,71,20,0,0
2026-05-31,1112,정부청사,승차,0,0,34,42,63,125,118,161,163,208,227,225,290,270,314,284,186,242,169,84,51,0,0,0
2026-05-31,1112,정부청사,하차,0,0,27,58,65,161,197,310,271,284,309,305,276,301,313,237,202,171,211,130,54,13,0,0
2026-05-31,1113,갈마,승차,0,0,47,51,106,142,181,168,182,175,174,163,159,157,150,118,98,85,60,39,16,0,0,0
2026-05-31,1113,갈마,하차,0,0,11,18,26,92,86,107,115,139,157,145,186,197,200,199,178,146,127,145,86,13,0,0
2026-05-31,1114,월평,승차,0,0,40,45,72,139,164,162,183,147,171,183,175,168,139,141,118,90,72,61,41,6,0,0
2026-05-31,1114,월평,하차,0,0,12,20,35,72,105,129,132,124,177,211,209,236,301,219,240,216,202,218,144,33,0,0
2026-05-31,1115,갑천,승차,0,0,12,19,24,47,50,66,38,71,50,62,51,43,56,48,31,19,17,14,10,0,0,0
2026-05-31,1115,갑천,하차,0,0,10,23,12,33,44,54,37,25,42,46,45,30,55,51,49,67,53,30,39,4,0,0
2026-05-31,1116,유성온천,승차,0,1,85,131,201,351,392,424,454,519,549,503,450,457,445,415,337,329,242,149,110,3,0,0
2026-05-31,1116,유성온천,하차,0,0,42,88,131,221,287,305,309,472,444,475,501,654,690,663,528,470,440,362,286,36,0,0
2026-05-31,1117,구암,승차,0,0,28,21,55,107,110,200,195,163,203,198,167,190,155,170,169,133,104,80,47,2,0,0
2026-05-31,1117,구암,하차,0,0,12,35,57,88,150,133,136,158,150,165,212,187,203,207,199,161,134,63,45,8,0,0
2026-05-31,1118,현충원,승차,0,0,10,19,67,110,86,137,158,161,211,140,202,154,109,96,110,73,51,14,2,0,0,0
2026-05-31,1118,현충원,하차,0,0,8,25,53,105,125,173,159,89,66,80,99,101,119,115,112,94,98,89,31,4,0,0
2026-05-31,1119,월드컵경기장,승차,0,1,17,31,52,90,111,147,131,118,134,103,104,102,92,90,71,47,44,21,17,0,0,0
2026-05-31,1119,월드컵경기장,하차,0,0,4,25,37,51,63,85,75,58,63,90,106,107,121,120,92,100,84,87,41,19,0,0
2026-05-31,1120,노은,승차,0,0,23,35,64,136,147,120,170,214,173,195,202,233,194,218,169,158,144,68,48,1,0,0
2026-05-31,1120,노은,하차,0,0,6,15,35,66,122,124,146,192,246,222,274,241,239,261,181,190,132,123,59,13,0,0
2026-05-31,1121,지족,승차,0,0,13,36,39,65,84,82,77,168,103,88,126,102,97,64,50,52,34,21,13,1,0,0
2026-05-31,1121,지족,하차,0,0,10,18,18,63,59,58,63,67,72,108,80,123,106,117,80,112,78,86,52,14,0,0
2026-05-31,1122,반석,승차,0,0,40,79,143,261,307,314,291,342,337,239,282,261,198,213,176,140,153,114,61,0,0,0
2026-05-31,1122,반석,하차,0,0,28,54,69,99,190,147,154,191,236,247,289,333,392,331,301,264,236,172,119,18,0,0
2026-06-01,1101,판암,승차,0,0,129,197,574,752,357,224,244,291,262,236,237,254,328,363,108,70,65,45,22,0,0,0
2026-06-01,1101,판암,하차,0,0,11,74,205,302,141,173,166,188,202,218,301,365,380,645,253,166,211,165,57,17,0,0
2026-06-01,1102,신흥,승차,0,0,83,123,406,549,189,85,98,123,118,77,76,94,87,90,43,24,23,14,9,0,0,0
2026-06-01,1102,신흥,하차,0,0,9,26,43,111,50,63,87,72,96,78,131,218,250,448,224,128,132,93,58,6,0,0
2026-06-01,1103,대동,승차,0,0,96,164,474,705,284,202,168,206,245,227,277,524,364,512,191,149,170,60,27,6,0,0
2026-06-01,1103,대동,하차,0,0,18,57,254,637,213,189,148,225,195,181,254,269,329,559,282,199,194,170,123,25,0,0
2026-06-01,1104,대전,승차,0,0,19,240,825,890,739,674,645,712,643,659,720,831,958,1031,605,418,381,259,140,0,0,0
2026-06-01,1104,대전,하차,0,0,230,632,929,1139,746,629,715,600,668,638,697,676,613,745,333,272,193,95,51,4,0,0
2026-06-01,1105,중앙로,승차,0,0,30,63,151,314,189,155,215,289,332,366,488,543,605,790,389,376,345,202,95,1,0,0
2026-06-01,1105,중앙로,하차,0,0,31,83,226,798,343,426,419,414,375,462,429,378,526,737,297,153,116,79,42,2,0,0
2026-06-01,1106,중구청,승차,0,0,32,71,169,290,124,95,107,123,100,175,184,312,286,456,116,91,60,44,23,0,0,0
2026-06-01,1106,중구청,하차,0,0,20,61,267,670,188,126,129,119,136,123,122,124,171,234,103,89,70,51,37,1,0,0
2026-06-01,1107,서대전네거리,승차,0,3,133,186,555,909,359,329,306,295,280,322,353,435,495,586,232,172,144,89,53,0,0,0
2026-06-01,1107,서대전네거리,하차,0,1,44,106,256,674,351,236,270,309,293,320,322,441,581,899,394,271,238,205,90,12,0,0
2026-06-01,1108,오룡,승차,0,0,93,167,482,861,321,192,224,203,214,157,170,293,262,701,168,105,60,56,39,0,0,0
2026-06-01,1108,오룡,하차,0,0,24,63,215,633,211,113,125,142,154,158,197,281,344,644,243,187,153,153,96,1,0,0
2026-06-01,1109,용문,승차,0,0,143,257,716,1383,478,483,409,440,418,322,447,455,499,494,229,346,222,106,162,0,0,0
2026-06-01,1109,용문,하차,0,0,28,90,243,736,454,318,340,316,428,386,414,593,665,1313,637,335,352,255,132,0,0,0
2026-06-01,1110,탄방,승차,0,0,64,165,323,581,283,209,250,229,245,262,292,291,481,831,219,173,242,142,36,0,0,0
2026-06-01,1110,탄방,하차,0,0,43,94,412,1224,438,233,211,225,246,200,255,319,338,710,310,161,143,120,70,0,0,0
2026-06-01,1111,시청,승차,0,0,61,144,313,462,278,280,363,310,370,419,476,572,844,1504,470,474,440,487,185,8,0,0
2026-06-01,1111,시청,하차,0,0,61,193,641,1993,742,417,308,318,419,410,446,660,668,794,354,222,172,121,55,17,0,0
2026-06-01,1112,정부청사,승차,0,0,48,106,233,399,244,233,291,262,299,312,421,555,927,1936,499,358,266,137,73,1,0,0
2026-06-01,1112,정부청사,하차,0,0,98,278,773,2725,727,375,291,323,345,280,293,364,384,504,233,142,161,85,40,10,0,0
2026-06-01,1113,갈마,승차,0,0,78,137,342,536,229,146,146,135,149,146,148,199,188,208,93,90,74,43,18,0,0,0
2026-06-01,1113,갈마,하차,0,0,27,37,107,193,101,105,116,136,182,152,164,251,301,518,236,155,166,114,78,5,0,0
2026-06-01,1114,월평,승차,0,0,74,146,293,469,218,147,133,169,203,202,214,251,258,372,145,117,130,70,37,1,0,0
2026-06-01,1114,월평,하차,0,0,17,42,150,377,282,235,194,226,193,197,235,256,326,510,233,179,172,126,91,5,0,0
2026-06-01,1115,갑천,승차,0,0,28,58,120,222,73,55,52,32,38,47,40,55,76,110,50,28,26,12,7,1,0,0
2026-06-01,1115,갑천,하차,0,0,6,36,50,98,42,38,35,42,45,28,70,83,100,160,81,60,52,32,34,4,0,0
2026-06-01,1116,유성온천,승차,0,9,128,276,736,1394,476,396,414,479,485,446,566,761,788,990,423,350,350,243,140,2,0,0
2026-06-01,1116,유성온천,하차,0,8,57,151,484,900,745,470,526,509,505,507,580,623,906,1488,627,426,451,353,202,19,0,0
2026-06-01,1117,구암,승차,0,0,60,100,297,444,178,135,166,169,153,163,179,213,242,277,167,109,91,57,24,1,0,0
2026-06-01,1117,구암,하차,0,0,22,91,197,283,214,165,133,184,171,132,209,215,268,389,131,113,117,92,46,5,0,0
2026-06-01,1118,현충원,승차,0,0,26,60,192,361,154,123,123,192,183,183,191,342,378,269,130,95,82,29,17,0,0,0
2026-06-01,1118,현충원,하차,0,0,8,42,163,308,312,150,159,190,250,83,93,128,115,258,101,67,94,71,33,2,0,0
2026-06-01,1119,월드컵경기장,승차,0,0,42,109,285,560,192,148,146,111,146,128,201,206,215,276,95,49,58,30,6,0,0,0
2026-06-01,1119,월드컵경기장,하차,0,0,20,47,206,262,132,100,127,89,103,118,115,168,245,395,187,118,125,91,67,9,0,0
2026-06-01,1120,노은,승차,0,0,54,109,412,521,263,196,216,214,208,186,253,316,342,427,228,194,192,139,50,0,0,0
2026-06-01,1120,노은,하차,0,0,25,55,178,447,266,184,179,188,250,223,318,409,417,653,330,185,177,135,80,11,0,0
2026-06-01,1121,지족,승차,0,1,35,67,196,251,136,89,83,90,130,119,142,166,170,407,108,64,73,31,19,0,0,0
2026-06-01,1121,지족,하차,0,0,15,35,176,493,118,67,111,106,89,66,129,120,163,273,143,95,95,92,56,7,0,0
2026-06-01,1122,반석,승차,0,0,103,247,1052,1304,558,328,259,324,364,262,303,350,571,823,367,246,250,176,84,0,0,0
2026-06-01,1122,반석,하차,0,0,51,177,413,650,249,184,205,249,288,296,375,546,716,1304,430,296,327,308,142,25,0,0
2026-06-02,1101,판암,승차,0,0,118,189,583,722,346,246,240,234,247,202,354,297,326,391,135,94,86,49,26,0,0,0
2026-06-02,1101,판암,하차,0,0,17,87,181,335,129,174,178,199,218,198,266,389,343,609,267,170,214,199,81,44,0,0
2026-06-02,1102,신흥,승차,0,0,72,116,456,571,218,131,82,102,97,91,71,129,113,127,71,38,30,14,3,0,0,0
2026-06-02,1102,신흥,하차,0,0,9,26,64,107,34,49,85,92,67,108,160,217,176,485,200,151,104,147,70,12,0,0
2026-06-02,1103,대동,승차,0,0,85,166,460,683,307,200,177,240,253,220,322,575,459,526,208,165,188,71,36,1,0,0
2026-06-02,1103,대동,하차,0,0,19,72,313,552,269,173,161,190,200,198,286,301,353,575,251,190,202,203,128,16,0,0
2026-06-02,1104,대전,승차,0,0,17,186,556,703,581,638,619,711,645,702,836,961,1096,1151,861,611,487,370,206,8,0,0
2026-06-02,1104,대전,하차,0,0,144,415,825,1071,718,628,710,664,741,753,783,941,952,1208,576,395,267,138,67,11,0,0
2026-06-02,1105,중앙로,승차,0,0,37,68,164,315,194,200,206,264,353,399,468,533,673,827,387,447,414,276,148,4,0,0
2026-06-02,1105,중앙로,하차,0,0,31,97,263,773,358,427,435,452,390,424,353,554,575,907,469,298,194,117,80,12,0,0
2026-06-02,1106,중구청,승차,0,0,33,63,188,297,136,129,132,131,118,127,179,339,317,404,119,85,78,58,15,6,0,0
2026-06-02,1106,중구청,하차,0,0,22,62,258,659,230,123,144,129,145,145,137,150,174,283,127,79,82,57,45,13,0,0
2026-06-02,1107,서대전네거리,승차,0,3,112,193,568,932,354,385,316,286,268,281,366,427,541,647,275,199,172,138,89,0,0,0
2026-06-02,1107,서대전네거리,하차,0,0,43,102,263,665,353,265,295,301,318,262,364,485,567,995,453,349,305,270,125,19,0,0
2026-06-02,1108,오룡,승차,0,0,98,147,487,839,320,196,188,205,191,171,217,285,331,725,185,113,100,73,36,0,0,0
2026-06-02,1108,오룡,하차,0,0,18,55,200,655,186,128,133,135,187,200,204,291,383,624,258,179,194,177,99,0,0,0
2026-06-02,1109,용문,승차,0,0,129,279,713,1340,492,342,329,450,472,363,417,519,553,564,299,270,227,125,148,0,0,0
2026-06-02,1109,용문,하차,0,0,35,65,247,553,411,363,351,352,402,448,399,575,734,1202,600,341,403,306,199,0,0,0
2026-06-02,1110,탄방,승차,0,0,60,130,337,534,224,188,253,224,206,303,303,305,548,843,223,209,239,209,61,0,0,0
2026-06-02,1110,탄방,하차,0,0,44,118,412,1146,411,247,180,226,281,220,274,354,408,734,322,169,166,113,95,0,0,0
2026-06-02,1111,시청,승차,0,0,40,131,313,425,276,283,340,312,374,444,489,570,881,1510,536,570,523,505,233,0,0,0
2026-06-02,1111,시청,하차,0,0,56,192,655,1907,674,419,337,298,395,399,517,683,794,938,473,259,225,160,113,9,0,0
2026-06-02,1112,정부청사,승차,0,1,24,91,255,427,231,241,285,316,322,356,491,704,1090,2020,507,328,290,166,93,1,0,0
2026-06-02,1112,정부청사,하차,0,0,100,241,788,2639,683,391,283,320,321,261,296,293,442,557,264,195,169,141,46,26,0,0
2026-06-02,1113,갈마,승차,0,0,78,143,321,551,226,151,152,141,183,116,152,216,212,268,128,115,103,56,36,1,0,0
2026-06-02,1113,갈마,하차,0,0,26,35,89,164,102,116,118,141,163,167,210,232,295,513,260,187,180,130,115,10,0,0
2026-06-02,1114,월평,승차,0,0,67,125,278,522,225,177,178,194,195,166,230,242,289,426,185,160,149,115,54,2,0,0
2026-06-02,1114,월평,하차,0,0,20,39,120,332,282,182,179,204,211,196,230,246,354,561,237,188,181,150,107,17,0,0
2026-06-02,1115,갑천,승차,0,0,25,54,125,235,67,52,59,39,57,47,62,62,91,128,51,33,22,21,12,0,0,0
2026-06-02,1115,갑천,하차,0,0,10,34,42,127,39,53,45,41,52,48,72,87,93,143,93,53,62,39,32,2,0,0
2026-06-02,1116,유성온천,승차,0,0,106,256,726,1370,483,404,402,467,521,559,614,800,891,1098,510,391,419,290,192,7,0,0
2026-06-02,1116,유성온천,하차,0,0,62,147,386,988,689,473,527,497,522,492,567,683,979,1663,711,522,503,461,259,33,0,0
2026-06-02,1117,구암,승차,0,0,37,79,261,423,185,132,135,171,141,158,185,255,260,321,202,121,100,64,28,1,0,0
2026-06-02,1117,구암,하차,0,0,15,62,193,282,172,151,148,158,144,137,192,244,286,443,154,131,105,99,51,13,0,0
2026-06-02,1118,현충원,승차,0,0,25,50,152,340,118,135,142,221,211,192,263,325,371,335,162,94,104,47,9,0,0,0
2026-06-02,1118,현충원,하차,0,0,8,65,155,336,331,151,163,165,171,83,87,119,146,236,85,84,86,87,42,15,0,0
2026-06-02,1119,월드컵경기장,승차,0,0,27,111,277,552,176,147,137,125,142,158,164,235,215,250,118,86,76,45,32,3,0,0
2026-06-02,1119,월드컵경기장,하차,0,0,12,45,198,268,146,80,95,104,99,123,129,184,232,362,200,127,118,93,71,17,0,0
2026-06-02,1120,노은,승차,0,0,43,95,384,489,231,175,224,222,194,186,261,331,335,448,268,205,230,212,77,3,0,0
2026-06-02,1120,노은,하차,0,0,20,58,221,379,234,202,159,166,238,249,336,447,492,745,383,215,231,165,69,19,0,0
2026-06-02,1121,지족,승차,0,0,27,70,194,257,111,94,95,97,99,90,165,198,216,418,125,75,59,39,15,7,0,0
2026-06-02,1121,지족,하차,0,0,14,38,138,495,98,93,76,81,98,77,87,158,164,249,108,104,108,117,53,26,0,0
2026-06-02,1122,반석,승차,0,0,94,249,1026,1270,565,407,305,315,358,270,321,392,627,892,397,255,296,219,125,0,0,0
2026-06-02,1122,반석,하차,0,0,37,170,431,682,232,164,237,271,300,301,402,549,783,1248,477,338,412,385,184,28,0,0
2026-06-03,1101,판암,승차,0,0,67,102,144,217,268,232,299,251,229,221,186,231,200,150,102,98,50,31,24,0,0,0
2026-06-03,1101,판암,하차,0,0,9,63,84,101,117,144,153,134,177,230,198,248,262,196,170,148,179,118,68,29,0,0
2026-06-03,1102,신흥,승차,0,0,40,54,97,131,116,126,135,99,117,108,82,104,77,73,49,46,18,11,3,0,0,0
2026-06-03,1102,신흥,하차,0,0,5,16,42,42,30,64,44,69,81,113,117,124,137,129,100,82,110,65,62,7,0,0
2026-06-03,1103,대동,승차,0,0,48,67,118,184,227,224,257,201,216,190,182,209,183,168,121,72,67,39,30,0,0,0
2026-06-03,1103,대동,하차,0,0,14,30,53,78,75,76,98,139,126,220,173,217,222,216,160,136,170,160,150,10,0,0
2026-06-03,1104,대전,승차,0,0,17,142,297,393,672,882,802,869,728,743,847,809,682,620,538,497,540,511,184,0,0,0
2026-06-03,1104,대전,하차,0,0,109,265,315,656,711,757,775,734,740,834,721,687,630,572,471,386,289,117,48,2,0,0
2026-06-03,1105,중앙로,승차,0,0,34,37,44,108,168,194,254,319,473,692,703,832,873,798,661,657,426,249,163,0,0,0
2026-06-03,1105,중앙로,하차,0,0,40,83,126,236,346,643,851,1001,844,1011,671,706,595,489,265,175,113,60,43,3,0,0
2026-06-03,1106,중구청,승차,0,0,20,24,41,65,68,88,82,92,129,125,124,123,129,82,66,53,43,33,24,0,0,0
2026-06-03,1106,중구청,하차,0,0,13,39,68,97,93,86,118,133,147,148,116,112,88,86,54,60,86,48,32,5,0,0
2026-06-03,1107,서대전네거리,승차,0,1,65,93,126,209,194,216,257,315,299,297,279,313,298,219,205,137,118,88,75,0,0,0
2026-06-03,1107,서대전네거리,하차,0,1,25,44,97,139,233,202,275,230,290,246,309,323,324,314,235,194,205,167,113,8,0,0
2026-06-03,1108,오룡,승차,0,0,47,78,101,165,167,187,184,197,183,155,131,137,167,152,91,72,74,44,19,0,0,0
2026-06-03,1108,오룡,하차,0,0,16,47,61,94,106,110,110,100,120,148,150,182,154,137,158,112,134,133,82,1,0,0
2026-06-03,1109,용문,승차,0,1,86,119,154,289,277,319,388,336,497,715,518,499,435,310,221,197,400,253,134,0,0,0
2026-06-03,1109,용문,하차,0,0,34,56,122,209,302,381,673,375,393,442,434,395,490,513,527,359,262,198,114,0,0,0
2026-06-03,1110,탄방,승차,0,0,37,73,84,111,149,160,214,183,265,254,274,222,236,220,170,130,152,72,35,0,0,0
2026-06-03,1110,탄방,하차,0,0,23,57,90,215,267,196,170,238,244,237,203,219,259,194,178,118,140,104,86,1,0,0
2026-06-03,1111,시청,승차,0,0,34,57,73,127,154,171,256,293,327,319,345,338,364,378,367,349,302,302,146,8,0,0
2026-06-03,1111,시청,하차,0,0,24,62,89,228,282,273,306,383,361,396,386,413,423,307,236,163,157,103,61,16,0,0
2026-06-03,1112,정부청사,승차,0,0,21,44,90,116,147,161,208,203,226,238,272,331,335,269,217,206,144,113,55,0,0,0
2026-06-03,1112,정부청사,하차,0,0,37,73,105,202,270,264,260,259,281,304,271,316,275,220,188,148,139,109,47,16,0,0
2026-06-03,1113,갈마,승차,0,0,51,51,108,143,188,151,187,133,148,151,116,143,155,140,119,96,76,47,20,1,0,0
2026-06-03,1113,갈마,하차,0,0,16,19,20,45,64,96,116,160,171,191,170,192,207,177,140,112,140,109,104,14,0,0
2026-06-03,1114,월평,승차,0,0,46,54,98,142,155,194,203,156,189,211,177,191,212,188,134,108,85,75,35,0,0,0
2026-06-03,1114,월평,하차,0,0,8,25,53,64,105,111,143,156,163,210,192,190,263,173,191,179,206,137,123,12,0,0
2026-06-03,1115,갑천,승차,0,0,14,20,41,60,56,45,50,61,52,40,54,68,64,53,42,19,15,11,4,0,0,0
2026-06-03,1115,갑천,하차,0,0,9,21,24,41,54,27,34,44,39,39,56,71,57,71,40,49,33,29,38,1,0,0
2026-06-03,1116,유성온천,승차,0,2,81,127,185,339,380,454,503,560,502,535,537,599,535,502,379,323,281,177,100,0,0,0
2026-06-03,1116,유성온천,하차,0,0,52,92,151,315,368,345,435,464,453,599,557,612,622,567,414,355,390,353,240,33,0,0
2026-06-03,1117,구암,승차,0,0,26,22,66,105,150,210,173,147,176,172,137,146,178,152,116,99,77,55,28,2,0,0
2026-06-03,1117,구암,하차,0,0,14,40,92,108,134,136,141,165,116,132,166,144,194,168,145,120,147,80,30,6,0,0
2026-06-03,1118,현충원,승차,0,0,12,24,42,142,125,151,236,235,274,247,255,157,147,130,59,45,39,18,14,2,0,0
2026-06-03,1118,현충원,하차,0,0,8,33,52,117,194,217,229,182,86,86,81,120,104,96,74,92,102,87,38,8,0,0
2026-06-03,1119,월드컵경기장,승차,0,0,23,27,88,115,137,156,163,134,130,126,128,109,132,118,84,61,42,13,10,1,0,0
2026-06-03,1119,월드컵경기장,하차,0,0,10,34,55,79,69,84,58,81,112,86,108,134,121,113,113,89,87,79,45,13,0,0
2026-06-03,1120,노은,승차,0,0,20,44,88,154,160,159,186,217,214,258,212,221,230,215,185,168,159,124,51,1,0,0
2026-06-03,1120,노은,하차,0,0,11,26,60,123,148,165,157,236,240,277,268,281,269,329,211,163,129,103,64,9,0,0
2026-06-03,1121,지족,승차,0,0,22,27,67,78,101,118,99,119,100,76,101,77,97,86,49,43,41,15,18,0,0,0
2026-06-03,1121,지족,하차,0,0,12,23,26,40,44,48,54,61,76,93,81,91,104,116,93,68,70,53,60,14,0,0
2026-06-03,1122,반석,승차,0,0,48,79,159,253,336,356,412,327,343,308,295,321,262,259,174,198,154,127,67,0,0,0
2026-06-03,1122,반석,하차,0,0,20,64,89,146,188,138,211,200,243,301,329,395,446,331,286,265,280,198,128,22,0,0
2026-06-04,1101,판암,승차,0,0,120,203,574,740,352,223,209,284,231,208,224,232,274,308,151,91,70,39,17,0,0,0
2026-06-04,1101,판암,하차,0,0,9,71,149,287,147,167,158,196,184,215,293,334,411,590,248,176,193,151,60,33,0,0
2026-06-04,1102,신흥,승차,0,3,72,117,427,540,207,107,99,114,95,76,80,81,114,100,47,39,16,10,8,0,0,0
2026-06-04,1102,신흥,하차,0,0,14,27,58,95,52,50,76,104,86,90,147,184,227,438,190,144,124,116,49,10,0,0
2026-06-04,1103,대동,승차,0,0,84,162,455,651,283,189,175,246,254,246,314,464,550,440,172,116,120,66,44,2,0,0
2026-06-04,1103,대동,하차,0,0,22,55,324,506,259,195,155,210,178,168,237,281,337,534,276,197,229,152,116,11,0,0
2026-06-04,1104,대전,승차,0,0,20,194,632,816,668,618,611,664,518,654,673,805,966,1042,626,462,407,301,152,0,0,0
2026-06-04,1104,대전,하차,0,0,178,548,951,1134,742,628,675,532,696,701,743,745,749,749,395,307,226,101,50,2,0,0
2026-06-04,1105,중앙로,승차,0,0,31,56,165,347,181,201,258,304,347,374,480,497,611,779,373,312,379,213,101,10,0,0
2026-06-04,1105,중앙로,하차,0,0,29,84,238,733,440,379,466,379,378,373,388,401,559,692,287,192,125,70,51,15,0,0
2026-06-04,1106,중구청,승차,0,0,30,66,190,281,115,116,113,118,146,145,149,230,344,408,102,82,52,38,15,0,0,0
2026-06-04,1106,중구청,하차,0,0,20,47,280,612,198,114,101,113,136,114,98,120,173,248,106,66,82,52,38,2,0,0
2026-06-04,1107,서대전네거리,승차,0,4,108,191,553,887,363,310,353,291,301,270,356,393,487,546,220,170,137,92,64,2,0,0
2026-06-04,1107,서대전네거리,하차,0,0,24,112,284,675,310,288,273,290,328,309,352,405,616,885,423,246,247,247,82,18,0,0
2026-06-04,1108,오룡,승차,0,0,104,125,494,811,351,193,210,200,202,178,155,232,503,666,154,68,78,44,31,0,0,0
2026-06-04,1108,오룡,하차,0,0,26,62,195,691,194,130,128,136,166,165,206,234,375,608,228,165,175,142,71,2,0,0
2026-06-04,1109,용문,승차,0,0,133,274,730,1316,439,355,338,473,439,351,409,479,500,449,226,244,211,126,110,0,0,0
2026-06-04,1109,용문,하차,0,0,28,81,248,571,463,322,317,367,343,449,470,504,735,1241,494,323,330,227,141,0,0,0
2026-06-04,1110,탄방,승차,0,2,58,147,338,547,246,222,249,209,252,299,310,287,496,770,221,173,254,224,41,0,0,0
2026-06-04,1110,탄방,하차,0,0,42,103,393,1197,430,249,231,218,269,252,247,284,425,724,329,170,148,111,86,0,0,0
2026-06-04,1111,시청,승차,0,0,56,127,317,446,289,273,323,317,291,358,457,601,812,1488,519,505,531,404,194,0,0,0
2026-06-04,1111,시청,하차,0,0,62,195,727,1808,700,408,324,297,398,339,406,440,834,841,358,219,194,124,77,8,0,0
2026-06-04,1112,정부청사,승차,0,0,40,93,234,395,280,247,292,276,273,333,434,612,946,1834,439,349,246,170,76,1,0,0
2026-06-04,1112,정부청사,하차,0,0,98,250,747,2604,745,360,284,331,298,278,286,249,396,504,220,159,150,79,50,20,0,0
2026-06-04,1113,갈마,승차,0,0,89,150,362,495,205,143,139,135,161,138,108,167,182,166,91,71,83,40,20,2,0,0
2026-06-04,1113,갈마,하차,0,0,26,45,101,160,98,107,97,146,115,164,185,183,301,469,215,144,131,109,86,9,0,0
2026-06-04,1114,월평,승차,0,0,83,137,305,510,216,158,149,167,202,254,237,254,287,360,164,134,130,92,46,0,0,0
2026-06-04,1114,월평,하차,0,0,17,44,133,333,228,199,199,269,208,185,220,227,321,468,232,169,191,113,80,13,0,0
2026-06-04,1115,갑천,승차,0,0,25,51,119,221,91,59,48,44,45,53,32,46,72,113,26,19,19,12,10,0,0,0
2026-06-04,1115,갑천,하차,0,0,8,31,54,127,36,34,48,60,47,41,49,73,83,159,75,52,48,35,29,3,0,0
2026-06-04,1116,유성온천,승차,0,1,118,272,761,1306,528,390,392,412,428,497,475,681,913,887,454,412,350,242,139,1,0,0
2026-06-04,1116,유성온천,하차,0,0,52,169,436,939,615,465,468,461,520,501,538,503,1001,1429,614,361,468,388,224,16,0,0
2026-06-04,1117,구암,승차,0,1,36,88,278,457,238,217,249,192,181,222,226,216,264,304,170,112,57,44,34,1,0,0
2026-06-04,1117,구암,하차,0,0,22,90,199,357,296,251,243,211,157,166,202,214,265,389,154,130,106,87,39,4,0,0
2026-06-04,1118,현충원,승차,0,0,30,70,174,317,150,135,172,201,173,222,276,265,345,237,117,94,80,48,14,0,0,0
2026-06-04,1118,현충원,하차,0,0,11,50,141,298,332,142,201,168,209,82,101,102,129,241,94,63,69,84,43,1,0,0
2026-06-04,1119,월드컵경기장,승차,0,0,41,117,288,523,199,148,113,126,136,101,133,156,218,245,95,57,67,17,17,0,0,0
2026-06-04,1119,월드컵경기장,하차,0,0,12,47,190,242,127,112,80,88,107,102,133,157,229,349,169,111,135,98,56,15,0,0
2026-06-04,1120,노은,승차,0,0,55,110,394,506,247,202,202,205,193,185,223,252,397,411,211,195,178,148,58,4,0,0
2026-06-04,1120,노은,하차,0,0,21,55,200,409,236,180,166,195,224,241,281,339,525,635,318,187,204,153,93,17,0,0
2026-06-04,1121,지족,승차,0,1,31,70,191,252,127,88,103,73,111,136,134,154,238,396,91,70,54,32,33,0,0,0
2026-06-04,1121,지족,하차,0,0,12,40,137,491,102,85,93,101,73,62,122,104,168,281,111,106,89,98,62,4,0,0
2026-06-04,1122,반석,승차,0,0,96,261,1019,1204,570,365,291,298,324,275,311,359,562,800,318,264,274,172,96,0,0,0
2026-06-04,1122,반석,하차,0,0,52,171,432,631,262,181,216,274,259,332,396,495,758,1253,393,358,323,292,135,26,0,0
2026-06-05,1101,판암,승차,0,4,116,192,548,739,310,227,219,277,275,220,250,291,344,409,126,127,75,48,28,0,0,0
2026-06-05,1101,판암,하차,0,4,13,60,167,316,132,179,202,176,195,212,305,383,386,589,276,211,229,217,85,38,0,0
2026-06-05,1102,신흥,승차,0,0,64,111,401,505,179,101,125,95,105,93,84,109,148,150,103,41,24,12,11,0,0,0
2026-06-05,1102,신흥,하차,0,0,12,24,48,96,42,62,60,100,107,110,133,255,209,426,189,139,146,142,70,11,0,0
2026-06-05,1103,대동,승차,0,0,96,159,458,640,286,185,229,273,207,253,502,463,384,406,213,146,103,77,42,9,0,0
2026-06-05,1103,대동,하차,0,0,14,49,301,464,219,154,160,149,188,197,233,289,393,528,298,198,202,193,145,28,0,0
2026-06-05,1104,대전,승차,0,0,20,180,486,617,609,665,641,703,651,834,973,1240,1264,1287,956,640,836,412,238,17,0,0
2026-06-05,1104,대전,하차,0,0,140,399,832,1111,816,742,855,746,879,916,1034,1171,1307,1469,808,538,392,185,80,22,0,0
2026-06-05,1105,중앙로,승차,0,0,30,58,168,335,226,229,213,291,371,454,495,633,701,834,493,508,480,348,197,1,0,0
2026-06-05,1105,중앙로,하차,0,0,35,105,247,742,387,386,522,463,481,479,570,572,659,954,552,290,192,127,97,11,0,0
2026-06-05,1106,중구청,승차,0,0,29,56,170,301,106,95,121,130,136,185,184,311,341,417,114,104,76,65,35,0,0,0
2026-06-05,1106,중구청,하차,0,0,22,62,247,582,227,136,106,136,148,130,127,174,171,289,120,62,85,61,42,10,0,0
2026-06-05,1107,서대전네거리,승차,0,2,103,172,521,848,353,342,345,289,322,314,450,471,578,638,324,258,230,180,84,0,0,0
2026-06-05,1107,서대전네거리,하차,0,1,42,90,290,657,336,264,292,357,369,315,507,516,629,1118,496,304,276,258,130,17,0,0
2026-06-05,1108,오룡,승차,0,0,88,141,453,820,269,208,195,210,198,188,269,288,433,776,269,122,109,100,36,0,0,0
2026-06-05,1108,오룡,하차,0,0,17,69,188,643,209,116,143,171,218,181,242,280,383,653,298,180,169,148,113,1,0,0
2026-06-05,1109,용문,승차,0,0,124,235,651,1237,471,384,399,383,476,396,441,547,575,599,364,324,221,172,84,0,0,0
2026-06-05,1109,용문,하차,0,0,30,70,245,581,430,325,322,340,436,421,540,616,770,1258,606,379,384,291,185,0,0,0
2026-06-05,1110,탄방,승차,0,0,54,123,310,546,268,256,244,236,246,287,333,359,601,834,253,181,198,251,60,0,0,0
2026-06-05,1110,탄방,하차,0,0,41,102,354,1158,398,230,219,210,236,264,344,448,401,666,327,180,185,144,112,0,0,0
2026-06-05,1111,시청,승차,0,0,40,115,320,401,310,289,403,340,356,387,485,721,1052,1516,532,493,469,556,306,0,0,0
2026-06-05,1111,시청,하차,0,0,63,195,580,1865,656,430,350,319,417,460,682,707,790,967,520,287,203,174,118,12,0,0
2026-06-05,1112,정부청사,승차,0,0,28,89,219,387,260,240,322,328,333,418,611,842,1138,2000,471,355,292,193,80,0,0,0
2026-06-05,1112,정부청사,하차,0,0,91,250,729,2428,648,356,308,314,335,319,349,403,509,559,303,217,193,130,63,31,0,0
2026-06-05,1113,갈마,승차,0,0,75,123,319,487,208,177,170,128,127,159,175,194,199,255,149,105,84,70,47,0,0,0
2026-06-05,1113,갈마,하차,0,0,31,39,91,161,99,71,119,123,151,157,214,245,316,470,262,176,194,157,113,10,0,0
2026-06-05,1114,월평,승차,0,0,89,138,296,505,252,178,181,213,248,213,284,365,327,462,231,184,150,99,40,0,0,0
2026-06-05,1114,월평,하차,0,0,11,42,130,321,197,169,173,205,208,166,234,283,396,517,276,189,200,205,93,11,0,0
2026-06-05,1115,갑천,승차,0,0,26,50,123,205,60,55,45,42,64,42,63,72,106,133,52,27,32,20,6,0,0,0
2026-06-05,1115,갑천,하차,0,0,10,26,48,105,47,38,26,54,45,47,65,77,101,155,81,50,51,50,34,1,0,0
2026-06-05,1116,유성온천,승차,0,1,102,234,733,1282,483,407,439,579,550,710,669,816,928,1043,593,434,418,303,193,5,0,0
2026-06-05,1116,유성온천,하차,0,0,71,144,397,877,593,436,475,454,532,536,663,779,1154,1525,745,556,538,548,324,39,0,0
2026-06-05,1117,구암,승차,0,0,39,80,235,420,163,172,151,185,213,215,236,293,305,351,223,182,147,105,50,1,0,0
2026-06-05,1117,구암,하차,0,0,12,61,170,259,181,144,151,207,163,181,215,267,299,428,181,156,129,94,76,6,0,0
2026-06-05,1118,현충원,승차,0,0,21,57,174,322,125,138,172,262,272,294,312,284,353,314,151,99,78,38,20,0,0,0
2026-06-05,1118,현충원,하차,0,0,11,54,130,223,271,228,247,174,143,110,120,145,164,282,103,95,91,104,42,10,0,0
2026-06-05,1119,월드컵경기장,승차,0,0,30,105,290,514,201,144,137,149,162,139,229,219,235,281,136,98,84,45,31,0,0,0
2026-06-05,1119,월드컵경기장,하차,0,0,13,52,207,227,110,99,99,111,111,118,166,195,263,392,179,130,132,137,81,20,0,0
2026-06-05,1120,노은,승차,0,0,44,93,370,493,219,199,216,238,189,249,357,330,417,491,263,208,189,190,85,4,0,0
2026-06-05,1120,노은,하차,0,0,23,47,198,380,243,222,184,214,248,298,368,402,534,711,389,271,242,205,101,18,0,0
2026-06-05,1121,지족,승차,0,0,37,67,197,222,110,94,115,94,99,129,193,187,218,429,108,74,64,32,21,0,0,0
2026-06-05,1121,지족,하차,0,0,12,38,151,453,84,68,90,97,112,106,96,122,170,261,121,97,109,90,80,20,0,0
2026-06-05,1122,반석,승차,0,0,92,249,938,1132,532,349,261,320,319,294,409,523,692,918,403,245,292,190,136,0,0,0
2026-06-05,1122,반석,하차,0,0,46,156,389,629,201,192,207,287,286,345,478,585,801,1196,459,367,372,409,212,38,0,0
2026-06-06,1101,판암,승차,0,0,98,122,164,224,343,256,242,273,215,245,225,251,216,180,115,91,81,32,19,10,0,0
2026-06-06,1101,판암,하차,0,0,20,57,80,116,159,149,142,145,207,166,221,212,293,231,165,205,168,143,86,43,0,0
2026-06-06,1102,신흥,승차,0,0,50,65,87,140,144,134,139,79,99,106,82,111,144,70,71,51,26,13,8,10,0,0
2026-06-06,1102,신흥,하차,0,0,6,20,39,46,41,39,57,68,76,78,111,118,109,109,113,110,100,92,60,38,0,0
2026-06-06,1103,대동,승차,0,0,58,81,134,179,226,213,222,218,198,203,201,235,279,167,120,105,53,47,41,0,0,0
2026-06-06,1103,대동,하차,0,0,17,34,48,77,106,98,134,140,132,146,182,236,224,215,155,173,173,166,147,20,0,0
2026-06-06,1104,대전,승차,0,0,18,203,327,505,775,933,999,975,978,1060,1084,1093,991,809,697,611,603,569,324,0,0,0
2026-06-06,1104,대전,하차,0,0,180,465,545,807,953,993,1226,885,1094,1097,927,958,791,639,532,508,335,131,55,5,0,0
2026-06-06,1105,중앙로,승차,0,0,32,41,47,116,167,224,259,367,393,647,699,808,955,870,709,736,526,307,168,1,0,0
2026-06-06,1105,중앙로,하차,0,0,27,94,140,225,387,514,790,943,886,1040,925,735,960,567,433,318,178,111,74,5,0,0
2026-06-06,1106,중구청,승차,0,0,30,23,49,69,79,81,81,96,98,110,147,119,117,106,55,51,55,34,17,7,0,0
2026-06-06,1106,중구청,하차,0,0,10,51,33,77,72,82,111,106,130,128,111,126,132,115,64,75,62,43,53,9,0,0
2026-06-06,1107,서대전네거리,승차,0,2,69,88,148,261,298,317,293,384,314,292,313,282,295,248,195,172,155,103,105,1,0,0
2026-06-06,1107,서대전네거리,하차,0,0,26,55,82,172,212,236,272,350,248,313,303,382,458,403,226,247,238,174,156,9,0,0
2026-06-06,1108,오룡,승차,0,0,62,85,113,203,208,183,186,193,176,157,133,182,210,157,122,93,77,55,28,0,0,0
2026-06-06,1108,오룡,하차,0,0,14,50,56,82,95,122,129,153,146,116,137,188,208,151,130,140,121,120,93,4,0,0
2026-06-06,1109,용문,승차,0,0,95,151,190,286,383,388,440,367,409,398,419,461,482,351,283,297,225,134,85,0,0,0
2026-06-06,1109,용문,하차,0,0,24,75,104,184,276,313,321,363,397,420,446,481,533,475,343,306,254,237,170,0,0,0
2026-06-06,1110,탄방,승차,0,0,42,85,126,156,189,195,247,246,253,284,249,295,375,193,166,155,136,82,29,0,0,0
2026-06-06,1110,탄방,하차,0,0,27,72,82,188,298,245,257,283,273,256,208,257,282,251,182,174,155,102,88,0,0,0
2026-06-06,1111,시청,승차,0,0,48,56,100,140,154,195,247,345,355,358,434,481,462,467,418,398,346,385,230,0,0,0
2026-06-06,1111,시청,하차,0,0,27,63,122,228,365,354,383,545,409,405,391,446,422,354,276,197,203,108,70,9,0,0
2026-06-06,1112,정부청사,승차,0,0,27,46,97,113,199,189,218,251,259,284,370,358,400,355,307,266,225,165,77,0,0,0
2026-06-06,1112,정부청사,하차,0,0,42,67,110,198,306,326,359,330,326,400,366,408,379,286,219,189,170,120,61,12,0,0
2026-06-06,1113,갈마,승차,0,0,63,73,117,164,218,189,158,209,153,187,172,167,161,168,92,97,65,34,35,1,0,0
2026-06-06,1113,갈마,하차,0,0,26,22,30,64,75,117,126,178,180,180,188,204,224,192,184,144,156,118,140,13,0,0
2026-06-06,1114,월평,승차,0,0,62,66,97,151,228,215,204,193,179,212,206,197,187,173,137,120,112,82,68,2,0,0
2026-06-06,1114,월평,하차,0,0,23,30,50,64,94,139,164,173,174,213,217,227,282,202,181,221,164,137,132,22,0,0
2026-06-06,1115,갑천,승차,0,0,25,25,40,67,69,59,78,78,72,80,91,57,64,50,31,39,21,11,8,0,0,0
2026-06-06,1115,갑천,하차,0,0,10,29,29,37,47,66,56,86,67,52,72,51,62,84,75,35,43,39,36,2,0,0
2026-06-06,1116,유성온천,승차,0,0,107,208,221,413,488,537,572,654,598,625,634,621,589,510,390,374,361,225,168,6,0,0
2026-06-06,1116,유성온천,하차,0,0,46,128,172,317,480,432,509,555,516,482,572,784,775,776,518,489,474,398,237,56,0,0
2026-06-06,1117,구암,승차,0,0,32,40,76,170,200,270,307,255,246,201,206,200,185,171,151,115,109,57,51,0,0,0
2026-06-06,1117,구암,하차,0,0,11,70,119,172,227,200,179,212,197,177,196,204,218,168,149,134,124,81,43,8,0,0
2026-06-06,1118,현충원,승차,0,0,19,34,44,175,102,132,111,114,149,265,290,225,197,129,78,100,72,33,11,0,0,0
2026-06-06,1118,현충원,하차,0,0,17,39,59,69,58,69,45,68,58,180,131,127,132,85,91,81,105,68,38,3,0,0
2026-06-06,1119,월드컵경기장,승차,0,0,21,47,83,124,222,307,456,492,593,239,157,138,150,114,110,60,50,32,20,0,0,0
2026-06-06,1119,월드컵경기장,하차,0,0,14,73,102,295,511,514,377,251,182,139,130,115,154,117,130,95,121,68,79,18,0,0
2026-06-06,1120,노은,승차,0,0,45,55,118,154,201,194,205,265,215,215,222,250,251,247,176,156,124,116,67,3,0,0
2026-06-06,1120,노은,하차,0,0,10,22,45,104,183,158,221,223,204,258,279,274,288,332,227,202,178,130,101,24,0,0
2026-06-06,1121,지족,승차,0,0,19,52,60,83,102,138,120,98,112,97,102,97,115,73,66,36,39,14,11,0,0,0
2026-06-06,1121,지족,하차,0,0,11,18,27,57,64,58,65,75,93,84,94,92,107,90,96,82,65,76,60,13,0,0
2026-06-06,1122,반석,승차,0,0,72,95,223,324,415,418,434,372,352,310,295,383,373,289,221,190,156,124,80,1,0,0
2026-06-06,1122,반석,하차,0,0,35,56,97,159,191,169,207,261,280,294,329,370,493,361,303,320,320,245,167,56,0,0
2026-06-07,1101,판암,승차,0,0,60,97,133,236,206,194,218,204,212,204,172,154,110,139,96,93,46,26,16,0,0,0
2026-06-07,1101,판암,하차,0,0,10,44,63,88,123,125,163,109,170,181,183,215,187,147,129,136,157,81,49,30,0,0
2026-06-07,1102,신흥,승차,0,0,45,50,67,102,98,89,99,90,95,88,79,64,74,61,55,37,15,11,7,1,0,0
2026-06-07,1102,신흥,하차,0,0,5,17,53,37,31,54,51,60,81,78,83,101,93,68,76,67,63,68,36,5,0,0
2026-06-07,1103,대동,승차,0,0,35,60,101,196,187,198,198,202,191,150,148,156,145,78,82,68,47,46,27,10,0,0
2026-06-07,1103,대동,하차,0,0,11,20,38,111,82,91,117,100,118,144,174,150,189,181,152,145,133,120,100,21,0,0
2026-06-07,1104,대전,승차,0,13,9,137,186,258,453,607,617,663,627,819,985,1031,881,729,758,917,877,673,447,0,0,0
2026-06-07,1104,대전,하차,0,13,102,302,346,463,581,544,691,565,658,618,670,623,584,525,510,406,320,118,30,2,0,0
2026-06-07,1105,중앙로,승차,0,0,15,24,47,94,129,146,194,235,358,443,541,593,572,540,457,422,292,177,93,0,0,0
2026-06-07,1105,중앙로,하차,0,0,22,54,82,159,259,415,601,680,624,697,568,499,447,312,216,133,112,72,43,5,0,0
2026-06-07,1106,중구청,승차,0,0,12,26,50,53,60,54,71,58,84,82,87,83,70,85,53,42,25,21,11,0,0,0
2026-06-07,1106,중구청,하차,0,0,10,35,19,46,58,45,82,92,110,87,77,95,90,77,42,49,64,50,39,0,0,0
2026-06-07,1107,서대전네거리,승차,0,1,50,59,92,174,176,233,196,243,248,212,237,196,211,208,209,141,111,68,45,0,0,0
2026-06-07,1107,서대전네거리,하차,0,0,15,72,59,106,143,177,188,166,261,242,217,304,318,279,220,226,143,133,73,9,0,0
2026-06-07,1108,오룡,승차,0,0,40,54,84,133,149,152,158,209,183,151,131,139,164,128,147,87,87,38,26,0,0,0
2026-06-07,1108,오룡,하차,0,0,14,46,49,112,99,163,95,99,124,108,145,144,152,168,134,125,117,112,70,4,0,0
2026-06-07,1109,용문,승차,0,1,65,104,132,226,231,483,420,400,600,453,409,403,396,280,215,208,232,104,78,0,0,0
2026-06-07,1109,용문,하차,0,0,19,56,160,527,317,359,493,279,263,328,424,322,347,343,320,303,190,187,129,0,0,0
2026-06-07,1110,탄방,승차,0,0,28,66,81,109,122,141,129,159,196,184,191,189,216,112,124,92,103,58,16,0,0,0
2026-06-07,1110,탄방,하차,0,0,13,44,62,95,170,227,140,192,184,173,188,175,212,142,147,136,110,85,106,0,0,0
2026-06-07,1111,시청,승차,0,0,34,47,50,98,132,148,166,238,245,230,324,338,341,434,359,288,233,254,106,0,0,0
2026-06-07,1111,시청,하차,0,0,18,55,88,148,208,252,269,370,363,298,308,332,308,248,226,151,190,107,92,9,0,0
2026-06-07,1112,정부청사,승차,0,0,14,30,55,116,126,149,152,137,214,207,206,244,241,230,187,214,119,73,38,0,0,0
2026-06-07,1112,정부청사,하차,0,0,17,53,60,140,198,227,254,233,241,238,256,253,228,161,161,164,191,97,52,9,0,0
2026-06-07,1113,갈마,승차,0,0,49,59,74,132,123,165,157,140,150,121,156,131,146,114,80,95,65,35,22,0,0,0
2026-06-07,1113,갈마,하차,0,0,12,13,27,46,68,86,105,114,129,178,184,171,214,172,162,127,122,114,81,14,0,0
2026-06-07,1114,월평,승차,0,0,39,64,77,130,150,151,158,160,153,183,157,158,134,134,124,73,70,56,29,2,0,0
2026-06-07,1114,월평,하차,0,0,11,14,33,61,96,108,122,131,182,201,224,188,231,184,208,204,207,185,134,25,0,0
2026-06-07,1115,갑천,승차,0,0,12,21,33,43,70,49,52,52,58,53,37,34,45,50,26,31,14,8,4,0,0,0
2026-06-07,1115,갑천,하차,0,0,7,13,16,29,45,59,30,37,53,32,51,48,57,51,71,46,34,29,31,2,0,0
2026-06-07,1116,유성온천,승차,0,1,76,106,201,317,344,392,404,426,445,439,444,418,411,378,327,319,262,127,114,2,0,0
2026-06-07,1116,유성온천,하차,0,0,52,82,151,229,276,349,324,364,426,496,527,568,547,581,504,455,444,373,222,43,0,0
2026-06-07,1117,구암,승차,0,0,22,26,53,104,128,151,152,126,136,180,142,205,155,194,156,128,110,65,38,1,0,0
2026-06-07,1117,구암,하차,0,0,7,41,88,60,139,89,137,132,149,207,186,206,197,176,147,148,122,58,32,1,0,0
2026-06-07,1118,현충원,승차,0,0,12,25,47,104,94,134,105,178,145,156,171,124,107,103,81,62,47,20,4,3,0,0
2026-06-07,1118,현충원,하차,0,0,4,19,41,86,128,160,125,56,90,105,97,102,113,53,75,87,86,61,32,5,0,0
2026-06-07,1119,월드컵경기장,승차,0,0,23,30,74,77,99,123,94,108,119,124,128,126,99,104,64,45,41,19,7,0,0,0
2026-06-07,1119,월드컵경기장,하차,0,0,8,21,44,48,91,109,54,84,74,77,68,96,127,108,105,82,93,70,38,13,0,0
2026-06-07,1120,노은,승차,0,0,36,39,60,117,134,154,148,186,216,163,184,195,184,193,126,137,85,76,30,2,0,0
2026-06-07,1120,노은,하차,0,0,7,17,33,72,105,112,160,131,245,225,247,228,188,257,182,135,111,83,50,14,0,0
2026-06-07,1121,지족,승차,0,0,17,23,48,63,72,69,81,104,89,74,82,78,75,65,45,42,49,18,11,0,0,0
2026-06-07,1121,지족,하차,0,0,8,23,19,38,47,52,55,48,77,82,93,90,115,78,92,92,73,56,46,9,0,0
2026-06-07,1122,반석,승차,0,0,45,68,139,193,298,278,295,275,282,278,287,262,219,183,185,149,129,112,28,4,0,0
2026-06-07,1122,반석,하차,0,0,18,65,76,123,177,156,161,158,199,238,325,328,391,283,227,228,236,158,94,27,0,0
2026-06-08,1101,판암,승차,0,0,127,174,533,761,362,251,231,268,252,229,246,272,327,377,99,65,57,52,15,0,0,0
2026-06-08,1101,판암,하차,0,0,12,63,186,307,138,180,203,213,204,203,308,353,396,597,210,158,236,168,54,28,0,0
2026-06-08,1102,신흥,승차,0,0,75,117,417,566,197,112,79,107,123,68,83,104,105,107,46,36,33,13,6,0,0,0
2026-06-08,1102,신흥,하차,0,0,6,25,47,107,56,50,93,89,79,76,119,228,243,480,187,135,128,119,55,5,0,0
2026-06-08,1103,대동,승차,0,0,100,149,473,654,279,179,184,219,246,227,265,502,385,459,179,131,154,70,36,0,0,0
2026-06-08,1103,대동,하차,0,0,25,55,251,589,226,177,158,224,189,179,259,292,359,572,304,196,224,153,77,21,0,0
2026-06-08,1104,대전,승차,0,0,19,227,787,932,753,588,620,693,648,731,773,904,923,990,635,417,404,268,161,1,0,0
2026-06-08,1104,대전,하차,0,0,219,586,933,1129,803,677,760,589,632,609,642,675,588,777,293,266,197,75,54,1,0,0
2026-06-08,1105,중앙로,승차,0,0,27,55,131,319,159,167,225,266,361,389,434,466,583,810,371,361,384,202,85,1,0,0
2026-06-08,1105,중앙로,하차,0,0,27,60,186,730,367,376,435,458,404,392,398,405,481,704,262,145,110,73,46,3,0,0
2026-06-08,1106,중구청,승차,0,0,29,63,176,269,138,114,105,114,140,152,193,291,315,419,114,102,65,50,28,0,0,0
2026-06-08,1106,중구청,하차,0,0,17,65,259,682,184,132,133,140,162,131,123,145,149,269,104,70,67,71,39,2,0,0
2026-06-08,1107,서대전네거리,승차,0,3,122,188,563,909,363,319,363,319,326,268,322,390,471,557,198,178,152,89,67,2,0,0
2026-06-08,1107,서대전네거리,하차,0,1,46,96,265,709,340,287,355,300,284,312,304,444,585,969,352,249,223,203,93,16,0,0
2026-06-08,1108,오룡,승차,0,0,104,131,469,860,319,195,206,182,232,182,178,320,306,655,158,110,66,47,31,0,0,0
2026-06-08,1108,오룡,하차,0,0,23,63,205,663,225,102,134,126,153,156,193,285,347,663,252,181,152,161,85,1,0,0
2026-06-08,1109,용문,승차,0,12,154,274,687,1368,444,427,408,448,434,317,378,457,483,450,235,228,186,84,160,0,0,0
2026-06-08,1109,용문,하차,0,12,30,74,235,568,396,306,297,310,395,367,440,531,667,1284,528,348,354,254,125,0,0,0
2026-06-08,1110,탄방,승차,0,0,64,145,334,550,253,222,268,214,222,221,287,280,527,766,237,177,224,142,38,0,0,0
2026-06-08,1110,탄방,하차,0,0,39,107,376,1236,428,207,171,204,258,233,255,337,340,666,335,140,134,105,78,0,0,0
2026-06-08,1111,시청,승차,0,0,61,120,308,425,285,309,352,331,309,351,482,579,875,1438,459,484,473,479,159,0,0,0
2026-06-08,1111,시청,하차,0,0,65,173,654,1941,721,388,336,294,422,416,451,679,652,799,362,224,169,117,73,7,0,0
2026-06-08,1112,정부청사,승차,0,0,40,90,228,420,235,277,301,302,306,313,435,578,997,1999,422,333,257,138,56,0,0,0
2026-06-08,1112,정부청사,하차,0,0,95,241,792,2733,804,338,299,292,363,294,330,348,430,456,218,171,134,105,30,15,0,0
2026-06-08,1113,갈마,승차,0,0,88,145,329,525,249,137,162,151,148,126,127,187,184,202,101,86,89,32,29,2,0,0
2026-06-08,1113,갈마,하차,0,0,27,32,108,188,120,124,117,158,160,138,190,246,283,476,242,143,151,115,75,16,0,0
2026-06-08,1114,월평,승차,0,0,72,128,286,446,213,165,165,167,215,202,186,240,260,362,145,121,108,103,31,0,0,0
2026-06-08,1114,월평,하차,0,0,20,40,125,395,300,224,179,225,204,214,209,230,313,488,216,163,156,129,79,6,0,0
2026-06-08,1115,갑천,승차,0,0,27,47,119,205,79,60,44,49,55,38,51,51,80,105,40,28,28,12,4,2,0,0
2026-06-08,1115,갑천,하차,0,0,11,32,51,114,39,42,33,37,52,50,67,84,102,162,86,50,50,36,38,4,0,0
2026-06-08,1116,유성온천,승차,0,1,109,261,722,1368,504,377,457,473,463,485,566,751,828,947,392,409,346,216,129,3,0,0
2026-06-08,1116,유성온천,하차,0,0,69,147,406,917,669,533,512,506,526,522,502,698,901,1444,633,402,441,341,220,22,0,0
2026-06-08,1117,구암,승차,0,0,51,85,266,460,178,170,145,172,166,169,200,267,211,273,153,89,74,48,20,3,0,0
2026-06-08,1117,구암,하차,0,0,20,81,182,313,193,146,170,192,180,153,205,192,255,385,145,111,123,82,29,11,0,0
2026-06-08,1118,현충원,승차,0,0,21,51,202,339,134,144,127,169,157,147,214,281,309,253,101,100,66,42,19,0,0,0
2026-06-08,1118,현충원,하차,0,0,12,45,159,282,266,118,155,139,235,80,102,114,126,246,82,63,62,69,32,9,0,0
2026-06-08,1119,월드컵경기장,승차,0,0,43,114,275,549,190,129,138,125,166,170,192,201,187,271,104,70,54,26,13,1,0,0
2026-06-08,1119,월드컵경기장,하차,0,0,16,44,204,237,115,87,118,106,110,130,142,191,226,386,160,118,143,104,52,14,0,0
2026-06-08,1120,노은,승차,0,0,44,112,415,490,261,176,184,216,209,187,255,296,326,396,225,199,160,117,52,0,0,0
2026-06-08,1120,노은,하차,0,0,20,55,177,434,242,189,193,183,220,221,261,399,454,653,261,201,205,152,62,11,0,0
2026-06-08,1121,지족,승차,0,2,39,65,185,264,124,93,91,87,106,127,143,202,200,402,81,73,58,28,15,4,0,0
2026-06-08,1121,지족,하차,0,0,14,39,169,531,118,60,101,100,111,76,103,144,148,267,119,82,92,80,42,14,0,0
2026-06-08,1122,반석,승차,0,0,98,240,1009,1255,590,351,282,290,312,244,296,396,535,770,333,239,287,195,98,0,0,0
2026-06-08,1122,반석,하차,0,0,48,155,392,631,236,180,215,229,290,284,395,522,723,1288,393,329,337,298,134,24,0,0
2026-06-09,1101,판암,승차,0,3,114,180,591,734,335,235,210,270,245,242,225,253,309,372,96,99,63,39,20,0,0,0
2026-06-09,1101,판암,하차,0,3,22,65,154,321,149,175,162,192,187,220,264,387,369,599,240,177,218,189,67,26,0,0
2026-06-09,1102,신흥,승차,0,0,66,127,434,572,213,119,104,86,99,76,69,95,138,116,47,44,23,31,8,0,0,0
2026-06-09,1102,신흥,하차,0,0,8,30,53,116,56,59,69,95,94,90,137,219,251,426,187,114,180,105,55,7,0,0
2026-06-09,1103,대동,승차,0,0,96,145,442,672,326,205,224,223,283,231,262,523,396,473,140,142,174,78,40,3,0,0
2026-06-09,1103,대동,하차,0,0,19,65,299,535,282,184,149,204,170,188,248,280,380,524,271,217,222,178,102,19,0,0
2026-06-09,1104,대전,승차,0,0,13,176,546,652,652,635,609,783,671,684,782,955,890,1038,665,424,402,307,135,1,0,0
2026-06-09,1104,대전,하차,0,0,167,451,842,1084,796,634,671,558,686,699,715,774,723,816,317,260,195,151,68,1,0,0
2026-06-09,1105,중앙로,승차,0,0,32,68,149,300,175,171,182,305,356,418,488,488,614,727,342,362,424,774,98,0,0,0
2026-06-09,1105,중앙로,하차,0,0,44,83,197,728,422,409,414,468,448,423,473,503,688,823,296,151,115,94,55,4,0,0
2026-06-09,1106,중구청,승차,0,0,31,80,178,285,132,103,122,126,119,136,157,334,300,435,111,89,67,123,22,0,0,0
2026-06-09,1106,중구청,하차,0,0,11,67,273,629,227,124,124,112,144,129,117,140,194,296,130,72,83,59,40,4,0,0
2026-06-09,1107,서대전네거리,승차,0,1,116,159,549,895,378,325,316,339,341,310,362,424,466,554,259,191,153,133,72,0,0,0
2026-06-09,1107,서대전네거리,하차,0,0,45,83,281,744,325,285,341,256,377,267,378,423,579,969,407,297,211,247,97,18,0,0
2026-06-09,1108,오룡,승차,0,0,84,157,500,870,315,194,218,183,233,198,234,276,335,699,135,99,97,53,39,0,0,0
2026-06-09,1108,오룡,하차,0,0,24,48,214,684,245,138,139,153,146,158,206,289,369,630,215,173,185,154,100,0,0,0
2026-06-09,1109,용문,승차,0,0,143,257,694,1365,512,378,329,437,433,362,352,494,515,456,254,237,244,116,123,0,0,0
2026-06-09,1109,용문,하차,0,0,28,75,281,568,401,360,334,338,356,390,431,599,669,1191,482,379,396,326,145,0,0,0
2026-06-09,1110,탄방,승차,0,0,63,132,325,570,286,233,254,214,254,275,296,340,548,812,224,181,252,183,26,0,0,0
2026-06-09,1110,탄방,하차,0,0,35,105,367,1217,435,260,170,284,311,266,289,351,419,686,276,174,150,146,91,0,0,0
2026-06-09,1111,시청,승차,0,0,46,112,326,471,290,290,302,346,369,401,487,599,973,1438,495,517,535,494,194,0,0,0
2026-06-09,1111,시청,하차,0,0,67,209,628,1885,690,388,384,385,458,446,448,646,728,832,395,213,180,158,89,5,0,0
2026-06-09,1112,정부청사,승차,0,0,39,90,220,405,265,264,311,279,288,401,468,653,1013,1880,472,373,305,201,76,0,0,0
2026-06-09,1112,정부청사,하차,0,0,93,244,791,2658,712,333,304,360,341,278,281,361,441,542,218,175,162,145,59,14,0,0
2026-06-09,1113,갈마,승차,0,0,88,151,354,540,261,164,136,161,178,139,135,179,220,212,97,79,84,59,32,0,0,0
2026-06-09,1113,갈마,하차,0,0,20,39,97,173,109,130,111,146,154,180,234,259,303,441,238,176,179,154,88,10,0,0
2026-06-09,1114,월평,승차,0,1,79,133,286,525,230,154,162,170,223,173,192,246,288,356,136,112,151,91,35,0,0,0
2026-06-09,1114,월평,하차,0,0,15,34,129,362,244,179,197,184,208,220,238,251,316,468,200,183,160,173,87,10,0,0
2026-06-09,1115,갑천,승차,0,0,25,46,121,247,76,44,73,41,51,51,62,67,86,112,45,29,26,17,10,0,0,0
2026-06-09,1115,갑천,하차,0,0,9,26,52,110,51,31,51,54,45,46,55,84,79,175,84,44,66,40,30,0,0,0
2026-06-09,1116,유성온천,승차,0,2,109,238,754,1363,540,386,409,522,496,479,619,806,870,966,405,383,345,255,147,5,0,0
2026-06-09,1116,유성온천,하차,0,0,69,150,404,934,661,485,509,527,527,493,522,677,990,1437,605,460,515,487,235,30,0,0
2026-06-09,1117,구암,승차,0,0,39,79,274,457,256,231,244,236,245,255,227,297,282,274,171,96,80,59,19,1,0,0
2026-06-09,1117,구암,하차,0,0,14,83,200,353,318,257,229,220,242,184,244,264,302,387,119,115,129,90,72,5,0,0
2026-06-09,1118,현충원,승차,0,0,21,59,174,334,145,118,145,191,177,196,324,288,283,261,120,111,82,39,23,2,0,0
2026-06-09,1118,현충원,하차,0,0,11,48,175,358,289,130,146,156,173,82,103,110,146,259,88,54,67,108,46,7,0,0
2026-06-09,1119,월드컵경기장,승차,0,0,31,109,293,590,207,144,136,131,142,133,186,250,211,249,96,71,76,30,10,0,0,0
2026-06-09,1119,월드컵경기장,하차,0,0,13,40,211,271,129,89,108,104,123,118,152,178,249,384,154,109,131,129,72,14,0,0
2026-06-09,1120,노은,승차,0,0,39,117,398,526,258,223,206,230,203,196,251,310,326,398,213,198,188,151,51,2,0,0
2026-06-09,1120,노은,하차,0,0,27,54,199,396,230,194,171,231,241,269,270,403,483,662,324,185,211,181,87,11,0,0
2026-06-09,1121,지족,승차,0,0,29,61,211,253,144,100,79,126,113,101,144,219,238,378,83,65,65,34,26,0,0,0
2026-06-09,1121,지족,하차,0,0,10,35,149,545,114,73,94,122,104,104,93,141,168,259,101,100,87,120,55,8,0,0
2026-06-09,1122,반석,승차,0,0,91,261,1004,1339,584,390,306,270,309,274,337,436,666,794,330,244,236,195,120,0,0,0
2026-06-09,1122,반석,하차,0,0,40,169,418,648,252,221,245,247,296,331,434,577,723,1141,461,369,373,373,158,20,0,0
2026-06-10,1101,판암,승차,0,4,119,189,563,788,348,229,238,266,235,229,253,273,310,357,127,103,82,52,15,0,0,0
2026-06-10,1101,판암,하차,0,0,17,76,193,310,145,158,171,181,193,265,301,368,421,559,247,179,249,190,63,34,0,0
2026-06-10,1102,신흥,승차,0,0,59,109,456,591,174,115,113,111,102,87,83,105,115,117,48,44,32,17,5,0,0,0
2026-06-10,1102,신흥,하차,0,0,10,24,47,113,68,57,80,96,84,115,158,222,215,453,192,146,122,116,62,9,0,0
2026-06-10,1103,대동,승차,0,0,83,149,480,711,296,188,214,219,273,258,356,486,383,481,200,141,137,65,46,0,0,0
2026-06-10,1103,대동,하차,0,0,24,59,318,488,217,174,165,194,175,238,258,333,340,540,281,153,238,218,127,26,0,0
2026-06-10,1104,대전,승차,0,0,18,147,537,675,626,616,615,735,617,728,750,914,1016,1029,692,412,400,320,172,5,0,0
2026-06-10,1104,대전,하차,0,0,149,436,864,1093,765,677,741,668,711,715,771,768,726,859,366,285,191,159,69,6,0,0
2026-06-10,1105,중앙로,승차,0,0,24,56,155,314,156,146,216,295,399,424,490,517,632,837,364,391,444,728,107,3,0,0
2026-06-10,1105,중앙로,하차,0,0,34,84,191,767,385,358,461,496,434,483,530,596,736,896,321,182,131,86,58,11,0,0
2026-06-10,1106,중구청,승차,0,0,27,53,170,272,122,111,123,127,109,169,179,287,343,461,105,83,66,118,29,0,0,0
2026-06-10,1106,중구청,하차,0,0,14,62,283,657,195,142,125,120,150,164,108,142,239,310,98,89,94,54,50,2,0,0
2026-06-10,1107,서대전네거리,승차,0,4,112,173,588,874,378,334,345,346,332,315,382,418,482,563,281,195,137,123,67,2,0,0
2026-06-10,1107,서대전네거리,하차,0,0,34,81,308,689,342,283,259,330,350,317,382,459,568,921,392,243,340,260,115,14,0,0
2026-06-10,1108,오룡,승차,0,0,104,135,476,869,316,197,214,191,224,199,181,391,334,767,165,94,75,52,23,0,0,0
2026-06-10,1108,오룡,하차,0,0,13,56,209,694,243,142,160,171,170,178,228,274,344,639,245,150,200,166,90,3,0,0
2026-06-10,1109,용문,승차,0,0,135,244,704,1317,416,332,412,376,535,599,505,453,488,501,256,251,556,192,162,0,0,0
2026-06-10,1109,용문,하차,0,0,26,82,261,662,407,333,540,346,407,379,414,584,751,1493,823,386,302,325,119,0,0,0
2026-06-10,1110,탄방,승차,0,0,64,118,359,549,234,198,285,199,232,227,307,321,546,793,189,158,220,221,41,0,0,0
2026-06-10,1110,탄방,하차,0,0,40,117,367,1214,382,218,207,237,261,215,303,355,432,652,261,165,150,135,84,0,0,0
2026-06-10,1111,시청,승차,0,0,52,120,310,458,298,302,357,342,347,406,456,622,949,1513,552,476,495,496,225,0,0,0
2026-06-10,1111,시청,하차,0,0,60,215,551,1978,729,439,342,313,399,425,502,715,725,899,430,198,203,177,106,8,0,0
2026-06-10,1112,정부청사,승차,0,0,42,94,243,425,284,272,335,300,324,370,520,728,1136,1913,460,305,243,234,81,1,0,0
2026-06-10,1112,정부청사,하차,0,0,99,233,783,2678,754,397,290,392,357,348,333,318,454,581,204,158,193,153,70,18,0,0
2026-06-10,1113,갈마,승차,0,0,73,125,350,553,257,146,166,156,169,143,159,193,235,231,120,83,91,52,32,0,0,0
2026-06-10,1113,갈마,하차,0,0,28,33,104,190,115,105,125,137,160,180,203,247,319,467,225,169,208,164,120,16,0,0
2026-06-10,1114,월평,승차,0,0,74,134,294,516,218,174,160,207,180,178,208,277,301,357,197,114,115,100,44,2,0,0
2026-06-10,1114,월평,하차,0,0,18,47,124,341,221,135,159,183,185,193,201,256,330,475,233,148,173,180,100,7,0,0
2026-06-10,1115,갑천,승차,0,0,22,51,127,225,81,69,46,45,69,37,52,60,110,134,41,31,33,10,5,1,0,0
2026-06-10,1115,갑천,하차,0,0,11,26,53,122,40,44,52,56,43,55,81,85,105,169,78,55,51,41,25,3,0,0
2026-06-10,1116,유성온천,승차,0,1,117,262,732,1430,537,409,445,564,471,513,686,756,903,979,457,431,360,251,165,11,0,0
2026-06-10,1116,유성온천,하차,0,0,64,152,390,905,621,480,473,468,512,535,594,715,999,1494,642,443,511,509,258,24,0,0
2026-06-10,1117,구암,승차,0,0,46,85,241,457,130,145,152,149,148,164,192,284,237,327,153,84,95,52,29,1,0,0
2026-06-10,1117,구암,하차,0,0,18,67,176,296,190,142,151,155,164,138,185,191,245,386,144,128,104,103,55,3,0,0
2026-06-10,1118,현충원,승차,0,0,22,48,197,328,114,166,141,215,208,209,279,347,279,278,103,92,71,36,17,4,0,0
2026-06-10,1118,현충원,하차,0,0,8,55,166,332,284,151,169,130,165,86,101,112,144,262,62,82,82,107,35,7,0,0
2026-06-10,1119,월드컵경기장,승차,0,0,34,99,280,531,175,152,142,123,146,128,142,254,224,276,115,88,58,28,14,1,0,0
2026-06-10,1119,월드컵경기장,하차,0,0,15,43,191,243,116,75,107,94,116,118,145,199,262,404,145,120,122,128,60,9,0,0
2026-06-10,1120,노은,승차,0,0,38,100,396,492,262,194,215,207,191,187,307,289,371,447,229,186,211,166,74,2,0,0
2026-06-10,1120,노은,하차,0,0,23,49,188,368,238,180,173,207,237,246,349,395,443,639,291,196,208,184,99,13,0,0
2026-06-10,1121,지족,승차,0,0,29,70,185,258,146,91,76,117,109,118,190,184,207,430,73,54,61,14,15,2,0,0
2026-06-10,1121,지족,하차,0,0,16,35,142,525,106,68,88,115,111,72,101,126,142,258,115,110,105,95,70,12,0,0
2026-06-10,1122,반석,승차,0,0,96,251,1001,1237,591,407,307,311,288,257,342,445,637,758,343,251,266,186,93,0,0,0
2026-06-10,1122,반석,하차,0,0,47,172,392,636,246,191,217,278,302,318,435,610,718,1207,411,307,374,395,170,35,0,0
2026-06-11,1101,판암,승차,0,5,112,191,595,723,385,240,210,248,268,221,209,254,330,341,101,97,78,38,25,0,0,0
2026-06-11,1101,판암,하차,0,0,15,77,187,323,168,174,188,188,198,197,286,364,344,595,233,193,222,177,78,19,0,0
2026-06-11,1102,신흥,승차,0,0,71,125,412,565,194,112,108,98,122,77,79,110,119,128,57,33,36,17,5,0,0,0
2026-06-11,1102,신흥,하차,0,0,7,24,61,95,57,59,70,95,106,88,165,213,226,454,200,154,134,127,62,9,0,0
2026-06-11,1103,대동,승차,0,0,88,149,448,661,304,220,210,241,276,258,317,539,427,461,171,137,159,70,46,5,0,0
2026-06-11,1103,대동,하차,0,0,27,66,334,472,245,173,154,246,210,184,243,340,331,538,251,202,224,220,110,14,0,0
2026-06-11,1104,대전,승차,0,0,13,190,534,676,560,669,613,728,626,783,865,929,912,1147,732,445,438,390,163,0,0,0
2026-06-11,1104,대전,하차,0,0,151,470,922,1067,830,739,777,671,692,708,807,848,820,950,371,306,281,144,56,4,0,0
2026-06-11,1105,중앙로,승차,0,0,33,52,151,325,187,185,228,354,417,382,460,521,632,764,433,416,874,446,141,0,0,0
2026-06-11,1105,중앙로,하차,0,0,32,72,174,763,405,396,424,531,472,540,444,660,785,904,336,179,135,97,66,3,0,0
2026-06-11,1106,중구청,승차,0,0,26,61,187,296,127,103,109,133,128,111,162,305,353,427,109,86,127,79,35,0,0,0
2026-06-11,1106,중구청,하차,0,0,21,58,281,623,219,135,118,118,142,134,143,165,201,286,108,65,87,62,50,4,0,0
2026-06-11,1107,서대전네거리,승차,0,2,102,193,539,914,369,330,371,347,302,302,375,436,516,613,223,208,175,138,60,0,0,0
2026-06-11,1107,서대전네거리,하차,0,0,40,103,274,724,374,262,294,299,390,284,334,444,580,996,382,287,308,275,108,9,0,0
2026-06-11,1108,오룡,승차,0,1,91,154,484,872,299,200,208,215,235,188,197,349,359,730,168,88,94,59,34,0,0,0
2026-06-11,1108,오룡,하차,0,0,21,66,218,733,249,154,168,163,166,153,247,284,332,593,265,189,208,174,107,3,0,0
2026-06-11,1109,용문,승차,0,0,132,258,720,1333,485,326,387,422,446,369,388,543,482,519,255,251,217,116,113,0,0,0
2026-06-11,1109,용문,하차,0,0,32,72,252,570,408,317,338,348,340,406,510,516,718,1166,535,368,424,308,159,0,0,0
2026-06-11,1110,탄방,승차,0,0,53,164,312,543,270,235,270,227,219,241,258,342,572,810,236,173,253,244,42,0,0,0
2026-06-11,1110,탄방,하차,0,0,37,111,349,1226,394,225,216,243,230,218,294,405,376,722,326,184,168,161,92,0,0,0
2026-06-11,1111,시청,승차,0,0,41,114,300,468,297,271,325,359,342,368,522,556,909,1448,452,570,575,551,262,0,0,0
2026-06-11,1111,시청,하차,0,0,62,189,594,1870,698,399,334,334,398,383,459,632,743,875,417,258,205,207,86,6,0,0
2026-06-11,1112,정부청사,승차,0,0,37,90,242,385,294,266,340,283,313,359,515,699,1097,1879,471,347,282,181,76,0,0,0
2026-06-11,1112,정부청사,하차,0,0,98,245,745,2659,685,396,315,396,338,341,372,307,433,562,271,185,170,161,63,16,0,0
2026-06-11,1113,갈마,승차,0,1,83,136,339,524,222,151,161,154,156,143,147,189,216,216,101,102,83,44,23,4,0,0
2026-06-11,1113,갈마,하차,0,0,25,36,99,160,104,101,108,137,126,176,199,248,289,450,221,180,159,177,92,9,0,0
2026-06-11,1114,월평,승차,0,0,83,134,292,459,239,170,148,228,206,184,269,243,333,339,160,156,133,101,34,0,0,0
2026-06-11,1114,월평,하차,0,0,12,44,125,343,216,178,184,214,206,184,239,244,316,460,254,201,178,179,90,10,0,0
2026-06-11,1115,갑천,승차,0,0,30,42,122,234,93,59,52,55,46,45,45,46,90,114,58,20,39,15,8,0,0,0
2026-06-11,1115,갑천,하차,0,0,10,28,55,110,45,32,51,50,46,46,58,79,90,145,83,57,44,40,22,2,0,0
2026-06-11,1116,유성온천,승차,0,2,110,242,718,1409,575,414,424,500,503,524,667,832,844,903,446,478,391,279,151,3,0,0
2026-06-11,1116,유성온천,하차,0,0,84,139,414,864,596,502,434,524,578,564,477,682,946,1547,665,434,478,559,242,19,0,0
2026-06-11,1117,구암,승차,0,0,44,92,260,401,163,153,160,148,164,182,201,240,258,327,141,109,94,61,27,1,0,0
2026-06-11,1117,구암,하차,0,0,17,62,164,300,148,128,179,172,168,154,207,226,266,401,137,121,127,111,50,6,0,0
2026-06-11,1118,현충원,승차,0,0,20,49,168,331,133,144,197,177,156,214,304,245,294,255,132,96,57,33,15,3,0,0
2026-06-11,1118,현충원,하차,0,0,10,65,155,284,287,145,168,148,145,68,80,134,139,252,80,70,89,107,47,12,0,0
2026-06-11,1119,월드컵경기장,승차,0,0,35,119,304,557,217,166,130,124,141,119,183,227,213,271,127,83,48,35,7,0,0,0
2026-06-11,1119,월드컵경기장,하차,0,0,12,59,179,243,126,91,100,115,104,103,140,174,241,355,161,145,148,152,69,8,0,0
2026-06-11,1120,노은,승차,0,0,46,100,391,510,227,169,216,239,200,175,244,316,348,437,240,223,205,160,63,4,0,0
2026-06-11,1120,노은,하차,0,0,18,52,196,385,248,174,182,219,196,255,272,454,439,606,308,214,222,215,82,19,0,0
2026-06-11,1121,지족,승차,0,0,39,68,172,242,119,87,103,102,128,128,128,234,206,442,82,57,81,26,23,0,0,0
2026-06-11,1121,지족,하차,0,0,12,38,156,515,108,83,79,92,100,87,129,171,148,236,106,119,107,107,54,9,0,0
2026-06-11,1122,반석,승차,0,1,92,231,1010,1198,584,327,281,312,320,241,327,484,618,784,319,288,298,179,103,0,0,0
2026-06-11,1122,반석,하차,0,0,44,156,384,688,259,198,241,250,264,311,366,533,729,1257,383,373,337,475,171,34,0,0
2026-06-12,1101,판암,승차,0,0,135,186,550,672,333,201,212,233,265,216,256,301,464,393,135,110,88,33,30,0,0,0
2026-06-12,1101,판암,하차,0,0,16,77,169,337,139,155,156,175,191,190,334,352,498,600,231,193,225,238,81,39,0,0
2026-06-12,1102,신흥,승차,0,0,74,110,426,553,196,116,79,91,107,103,79,104,171,171,65,62,22,14,9,0,0,0
2026-06-12,1102,신흥,하차,0,0,13,28,62,102,59,70,91,94,90,98,143,246,200,420,174,169,156,105,74,13,0,0
2026-06-12,1103,대동,승차,0,0,90,148,458,647,299,193,182,260,246,232,455,439,449,440,194,147,119,71,40,1,0,0
2026-06-12,1103,대동,하차,0,0,27,68,303,424,211,150,133,166,172,186,245,298,360,537,252,189,209,194,144,18,0,0
2026-06-12,1104,대전,승차,0,0,16,175,450,641,529,574,563,622,665,860,936,1161,1171,1277,956,664,760,411,227,7,0,0
2026-06-12,1104,대전,하차,0,0,173,405,921,1078,803,762,768,666,870,880,946,1196,1214,1431,731,529,352,182,84,6,0,0
2026-06-12,1105,중앙로,승차,0,0,28,68,153,347,166,192,246,262,354,405,510,635,684,808,480,481,472,276,172,0,0,0
2026-06-12,1105,중앙로,하차,0,0,34,75,210,676,374,382,431,451,452,497,530,513,689,984,433,274,162,116,80,8,0,0
2026-06-12,1106,중구청,승차,0,0,29,61,153,305,114,110,96,119,143,145,169,317,342,451,92,72,54,45,37,0,0,0
2026-06-12,1106,중구청,하차,0,0,15,54,254,629,188,140,104,117,134,123,142,144,177,274,127,85,64,74,51,4,0,0
2026-06-12,1107,서대전네거리,승차,0,3,104,178,537,890,374,353,310,365,326,321,411,434,618,642,316,257,167,168,94,2,0,0
2026-06-12,1107,서대전네거리,하차,0,0,39,94,301,653,349,308,341,335,349,341,405,499,595,1093,451,309,274,286,128,20,0,0
2026-06-12,1108,오룡,승차,0,0,101,150,461,820,261,201,219,210,255,191,256,348,505,716,229,144,116,73,40,0,0,0
2026-06-12,1108,오룡,하차,0,0,20,61,198,683,242,150,151,144,169,191,235,297,381,649,267,192,154,154,123,2,0,0
2026-06-12,1109,용문,승차,0,0,142,265,684,1295,466,360,376,400,401,357,469,508,618,568,308,300,249,202,103,7,0,0
2026-06-12,1109,용문,하차,0,0,39,89,239,638,363,308,331,347,393,384,502,635,783,1212,545,402,346,260,152,7,0,0
2026-06-12,1110,탄방,승차,0,0,55,141,351,510,247,211,260,206,276,281,324,354,635,781,237,159,192,234,58,0,0,0
2026-06-12,1110,탄방,하차,0,0,40,106,351,1134,389,212,223,219,270,226,322,439,409,740,309,184,167,122,98,0,0,0
2026-06-12,1111,시청,승차,0,0,59,103,324,430,301,278,402,328,357,374,551,716,1051,1513,483,503,552,574,317,0,0,0
2026-06-12,1111,시청,하차,0,0,62,193,625,1903,676,424,329,292,378,478,672,663,818,988,475,319,213,172,125,24,0,0
2026-06-12,1112,정부청사,승차,0,0,45,91,256,382,234,250,319,287,340,424,607,847,1037,1965,473,310,272,197,81,0,0,0
2026-06-12,1112,정부청사,하차,0,0,94,233,698,2440,617,315,273,315,350,327,374,383,526,632,328,217,195,144,63,23,0,0
2026-06-12,1113,갈마,승차,0,0,80,125,331,518,210,160,150,119,162,151,169,208,249,239,118,127,84,64,48,1,0,0
2026-06-12,1113,갈마,하차,0,0,23,33,99,159,102,98,117,133,124,186,217,250,305,469,272,162,211,173,130,21,0,0
2026-06-12,1114,월평,승차,0,0,73,111,289,491,199,159,175,153,217,233,271,314,306,392,208,160,133,128,61,1,0,0
2026-06-12,1114,월평,하차,0,0,18,44,135,304,185,147,155,201,201,156,239,281,377,492,257,202,213,187,101,18,0,0
2026-06-12,1115,갑천,승차,0,0,25,45,119,201,67,55,53,34,58,39,74,74,125,116,56,30,25,23,8,0,0,0
2026-06-12,1115,갑천,하차,0,0,13,29,52,118,49,35,44,47,44,54,65,94,105,134,84,49,51,38,34,9,0,0
2026-06-12,1116,유성온천,승차,0,0,118,250,726,1330,516,429,421,570,561,696,642,842,957,1027,587,483,393,302,180,8,0,0
2026-06-12,1116,유성온천,하차,0,0,70,183,398,866,609,483,469,397,563,504,668,770,1188,1580,754,530,523,528,294,21,0,0
2026-06-12,1117,구암,승차,0,0,48,71,251,431,158,150,137,154,206,206,265,302,255,371,220,191,171,84,38,2,0,0
2026-06-12,1117,구암,하차,0,0,20,58,165,282,165,158,139,172,172,191,252,259,346,454,179,149,141,85,59,5,0,0
2026-06-12,1118,현충원,승차,0,0,19,49,183,322,125,142,155,166,192,192,242,331,304,282,165,104,69,34,10,2,0,0
2026-06-12,1118,현충원,하차,0,0,10,61,128,210,225,137,153,123,150,105,119,114,170,255,113,97,100,108,50,10,0,0
2026-06-12,1119,월드컵경기장,승차,0,0,29,107,290,500,184,149,137,127,171,194,202,189,243,286,134,110,96,42,20,0,0,0
2026-06-12,1119,월드컵경기장,하차,0,0,22,48,207,248,113,100,83,137,112,137,136,213,264,371,160,130,121,134,90,17,0,0
2026-06-12,1120,노은,승차,0,0,40,92,376,465,220,209,193,209,214,222,333,281,409,446,251,211,187,194,81,5,0,0
2026-06-12,1120,노은,하차,0,0,20,57,202,391,268,203,171,201,251,285,344,392,483,703,334,231,214,169,122,14,0,0
2026-06-12,1121,지족,승차,0,1,30,68,181,245,114,101,69,114,122,124,186,203,219,377,88,82,59,21,16,0,0,0
2026-06-12,1121,지족,하차,0,0,14,32,145,483,100,64,79,91,77,106,105,120,184,241,112,93,127,109,60,20,0,0
2026-06-12,1122,반석,승차,0,0,86,273,929,1179,497,367,254,283,333,323,370,484,816,871,368,268,242,235,133,0,0,0
2026-06-12,1122,반석,하차,0,0,52,151,369,656,210,178,245,250,245,370,478,554,759,1128,474,357,457,383,203,36,0,0
2026-06-13,1101,판암,승차,0,2,100,162,210,298,332,306,309,275,240,244,230,228,277,215,113,98,78,40,14,0,0,0
2026-06-13,1101,판암,하차,0,2,16,68,83,192,191,191,177,174,218,200,219,305,296,228,210,211,186,167,82,36,0,0
2026-06-13,1102,신흥,승차,0,0,63,84,123,185,159,152,143,126,133,103,94,104,110,107,59,40,29,18,8,0,0,0
2026-06-13,1102,신흥,하차,0,0,6,21,53,49,49,57,69,82,100,109,111,112,140,142,135,119,108,94,60,10,0,0
2026-06-13,1103,대동,승차,0,1,94,111,176,265,294,239,250,272,254,209,186,231,289,191,109,91,49,47,44,0,0,0
2026-06-13,1103,대동,하차,0,0,20,54,68,112,98,111,149,198,199,190,225,205,220,237,177,194,166,182,123,14,0,0
2026-06-13,1104,대전,승차,0,0,16,231,308,476,748,908,1011,980,864,1051,1210,1259,1025,823,722,737,654,633,298,1,0,0
2026-06-13,1104,대전,하차,0,0,191,521,549,850,970,1008,1177,880,1074,1077,916,959,865,759,562,486,292,184,63,8,0,0
2026-06-13,1105,중앙로,승차,0,0,36,51,77,127,144,214,278,374,427,628,719,820,889,751,743,659,470,299,166,0,0,0
2026-06-13,1105,중앙로,하차,0,0,35,59,112,269,373,497,798,891,904,940,813,774,883,629,439,275,185,89,50,6,0,0
2026-06-13,1106,중구청,승차,0,0,24,39,74,101,83,87,113,120,104,103,146,143,115,89,70,98,69,50,28,1,0,0
2026-06-13,1106,중구청,하차,0,0,13,44,47,123,86,118,141,120,129,143,101,122,140,127,82,76,70,67,45,7,0,0
2026-06-13,1107,서대전네거리,승차,0,2,76,97,202,318,286,349,342,412,433,310,291,337,316,252,203,209,165,129,80,0,0,0
2026-06-13,1107,서대전네거리,하차,0,0,40,85,123,231,256,282,326,345,376,330,346,424,430,378,251,278,258,204,140,15,0,0
2026-06-13,1108,오룡,승차,0,0,60,95,136,241,235,208,222,255,203,185,152,153,241,158,129,80,82,36,29,1,0,0
2026-06-13,1108,오룡,하차,0,0,17,47,76,130,108,110,160,175,161,146,169,197,187,211,142,191,114,119,96,4,0,0
2026-06-13,1109,용문,승차,0,0,98,159,233,420,380,430,469,454,543,482,449,488,486,462,350,266,183,124,75,0,0,0
2026-06-13,1109,용문,하차,0,0,46,71,145,325,383,376,359,467,465,467,499,519,578,428,378,319,256,254,178,0,0,0
2026-06-13,1110,탄방,승차,0,0,64,98,133,201,197,232,250,286,306,291,278,292,313,232,228,180,136,92,33,0,0,0
2026-06-13,1110,탄방,하차,0,0,23,75,129,268,359,257,287,279,303,221,272,242,314,196,183,158,112,110,90,0,0,0
2026-06-13,1111,시청,승차,0,0,56,66,118,170,229,301,363,463,509,439,490,518,555,530,470,438,387,366,247,0,0,0
2026-06-13,1111,시청,하차,0,0,39,123,264,434,538,493,500,594,523,407,414,442,507,421,285,235,204,139,87,15,0,0
2026-06-13,1112,정부청사,승차,0,1,31,63,120,162,217,267,294,344,364,323,372,418,499,351,259,283,174,220,65,0,0,0
2026-06-13,1112,정부청사,하차,0,0,42,99,186,273,364,407,423,412,387,437,381,403,430,289,206,188,201,120,55,19,0,0
2026-06-13,1113,갈마,승차,0,0,74,74,126,180,224,218,225,238,196,191,236,170,207,160,108,104,85,63,45,1,0,0
2026-06-13,1113,갈마,하차,0,0,22,31,43,122,122,110,155,213,193,200,226,238,252,193,173,170,143,150,124,18,0,0
2026-06-13,1114,월평,승차,0,0,69,85,131,218,220,211,220,231,221,173,238,232,209,168,165,139,116,100,53,1,0,0
2026-06-13,1114,월평,하차,0,0,13,19,55,100,141,171,191,229,221,214,272,258,278,251,210,196,185,153,126,9,0,0
2026-06-13,1115,갑천,승차,0,0,30,26,51,76,74,45,52,103,74,70,89,87,58,68,35,51,20,12,5,0,0,0
2026-06-13,1115,갑천,하차,0,0,18,32,33,40,61,59,74,72,80,57,64,74,52,61,62,49,40,44,40,3,0,0
2026-06-13,1116,유성온천,승차,0,0,104,181,299,452,546,543,581,661,661,662,629,605,647,516,442,360,358,246,152,12,0,0
2026-06-13,1116,유성온천,하차,0,0,50,133,210,451,523,458,516,638,552,530,610,797,810,733,574,523,494,381,267,50,0,0
2026-06-13,1117,구암,승차,0,0,41,56,91,164,200,207,230,253,232,197,231,186,209,196,199,112,108,75,50,2,0,0
2026-06-13,1117,구암,하차,0,0,20,55,109,180,191,202,232,217,191,222,209,233,251,166,160,120,113,82,45,10,0,0
2026-06-13,1118,현충원,승차,0,0,16,37,67,199,140,262,201,205,244,203,214,177,168,140,66,80,45,30,9,0,0,0
2026-06-13,1118,현충원,하차,0,0,4,44,65,143,169,201,194,106,89,99,111,91,136,96,88,89,98,69,34,8,0,0
2026-06-13,1119,월드컵경기장,승차,0,0,28,53,99,190,198,177,182,152,152,140,138,133,155,116,96,90,53,34,13,0,0,0
2026-06-13,1119,월드컵경기장,하차,0,0,11,40,68,73,88,80,117,107,128,114,145,129,171,151,103,122,130,92,59,17,0,0
2026-06-13,1120,노은,승차,0,0,30,58,117,205,222,239,254,332,300,255,231,306,264,233,181,160,150,117,52,2,0,0
2026-06-13,1120,노은,하차,0,0,15,28,79,203,205,198,223,275,268,257,261,279,294,339,214,195,171,161,113,32,0,0
2026-06-13,1121,지족,승차,0,2,27,45,87,117,117,111,116,115,133,109,93,114,114,79,53,44,47,15,20,1,0,0
2026-06-13,1121,지족,하차,0,2,10,23,26,61,61,51,108,102,103,74,93,96,97,89,93,101,75,83,73,20,0,0
2026-06-13,1122,반석,승차,0,0,77,118,270,403,430,425,454,490,391,335,286,425,368,260,201,207,205,141,80,0,0,0
2026-06-13,1122,반석,하차,0,0,27,98,126,207,263,229,249,277,286,344,318,456,524,345,322,324,302,277,151,31,0,0
2026-06-14,1101,판암,승차,0,0,52,132,123,213,224,209,251,170,196,165,156,158,167,140,90,65,54,30,12,0,0,0
2026-06-14,1101,판암,하차,0,0,12,42,80,91,110,118,149,126,146,192,188,225,191,154,152,132,147,93,43,27,0,0
2026-06-14,1102,신흥,승차,0,0,30,60,71,113,121,97,90,85,83,59,71,81,60,42,42,29,18,8,9,0,0,0
2026-06-14,1102,신흥,하차,0,0,4,18,35,29,32,56,73,64,50,78,105,95,99,104,65,81,78,50,37,4,0,0
2026-06-14,1103,대동,승차,0,1,47,82,88,208,190,185,181,164,161,165,143,108,99,95,76,57,36,37,23,1,0,0
2026-06-14,1103,대동,하차,0,0,16,29,43,63,74,84,103,84,123,104,165,143,178,167,115,137,141,131,90,17,0,0
2026-06-14,1104,대전,승차,0,0,14,141,189,262,430,622,628,745,661,786,912,890,873,689,777,793,879,605,380,0,0,0
2026-06-14,1104,대전,하차,0,0,88,318,354,494,592,600,748,544,641,682,602,521,566,511,443,372,236,109,23,4,0,0
2026-06-14,1105,중앙로,승차,0,0,20,44,38,71,127,159,182,260,374,379,503,534,563,496,452,353,315,145,57,0,0,0
2026-06-14,1105,중앙로,하차,0,0,17,35,62,166,291,408,557,680,670,658,488,419,484,298,192,112,82,60,49,10,0,0
2026-06-14,1106,중구청,승차,0,0,18,18,49,52,49,53,69,64,75,76,74,80,78,61,56,50,30,28,12,0,0,0
2026-06-14,1106,중구청,하차,0,0,10,22,23,42,54,59,86,105,104,103,91,96,92,77,53,46,59,45,37,3,0,0
2026-06-14,1107,서대전네거리,승차,0,1,49,81,95,171,184,250,193,220,261,243,212,202,191,216,213,124,111,62,47,2,0,0
2026-06-14,1107,서대전네거리,하차,0,0,19,80,83,140,170,179,202,242,259,241,291,310,307,276,202,220,155,123,74,9,0,0
2026-06-14,1108,오룡,승차,0,0,47,54,82,144,134,151,165,176,166,180,133,115,113,119,183,71,76,32,31,0,0,0
2026-06-14,1108,오룡,하차,0,0,5,105,48,108,117,165,94,118,100,130,137,128,148,135,113,133,86,80,69,0,0,0
2026-06-14,1109,용문,승차,0,0,65,104,118,195,270,268,706,369,426,502,442,430,365,245,210,212,224,83,83,0,0,0
2026-06-14,1109,용문,하차,0,0,16,46,146,501,359,385,532,290,321,366,376,350,364,314,326,226,227,168,127,0,0,0
2026-06-14,1110,탄방,승차,0,0,41,67,64,106,126,148,142,172,196,212,186,166,176,148,120,92,72,59,22,0,0,0
2026-06-14,1110,탄방,하차,0,0,17,58,69,98,187,200,203,185,188,197,166,169,168,119,129,109,108,95,83,0,0,0
2026-06-14,1111,시청,승차,0,0,29,44,64,119,148,159,179,213,285,252,306,341,328,378,321,246,204,212,98,0,0,0
2026-06-14,1111,시청,하차,0,0,19,53,81,153,220,254,318,367,368,294,310,312,258,225,197,137,172,89,75,9,0,0
2026-06-14,1112,정부청사,승차,0,0,16,31,72,124,136,162,173,148,212,196,232,246,271,222,176,171,117,82,49,0,0,0
2026-06-14,1112,정부청사,하차,0,0,29,83,68,138,177,250,254,305,256,252,231,225,201,158,170,117,178,80,55,20,0,0
2026-06-14,1113,갈마,승차,0,1,44,60,98,144,147,150,165,142,144,152,149,138,113,105,71,84,52,35,29,2,0,0
2026-06-14,1113,갈마,하차,0,0,11,15,21,49,80,106,106,111,160,174,148,186,179,162,172,110,129,98,76,21,0,0
2026-06-14,1114,월평,승차,0,0,35,64,69,146,163,155,154,150,174,146,140,116,122,120,68,76,67,39,30,1,0,0
2026-06-14,1114,월평,하차,0,0,10,18,30,66,76,106,98,128,126,183,185,209,193,154,201,154,165,174,90,19,0,0
2026-06-14,1115,갑천,승차,0,0,20,17,25,33,64,59,36,71,58,68,49,50,54,38,27,14,21,5,5,0,0,0
2026-06-14,1115,갑천,하차,0,0,14,23,15,43,45,61,55,62,44,49,42,45,46,37,45,36,44,29,24,2,0,0
2026-06-14,1116,유성온천,승차,0,0,63,154,172,314,368,393,416,409,460,464,370,403,415,323,279,276,201,117,89,3,0,0
2026-06-14,1116,유성온천,하차,0,0,53,90,141,217,303,338,348,358,382,484,491,504,461,503,419,418,398,291,200,29,0,0
2026-06-14,1117,구암,승차,0,0,23,37,59,117,186,277,291,205,200,220,223,196,191,152,177,112,131,67,36,2,0,0
2026-06-14,1117,구암,하차,0,0,13,55,88,137,267,251,182,204,166,236,202,191,205,183,136,127,124,71,27,7,0,0
2026-06-14,1118,현충원,승차,0,0,8,30,36,111,105,117,139,130,175,137,161,101,91,95,65,61,28,19,7,1,0,0
2026-06-14,1118,현충원,하차,0,0,5,30,41,64,100,106,120,81,65,78,79,122,104,51,84,82,75,71,26,5,0,0
2026-06-14,1119,월드컵경기장,승차,0,0,21,47,60,110,135,133,104,100,106,100,107,86,82,69,65,47,44,10,5,0,0,0
2026-06-14,1119,월드컵경기장,하차,0,0,9,27,40,59,74,84,62,64,64,106,96,91,113,95,89,76,83,74,37,14,0,0
2026-06-14,1120,노은,승차,0,0,27,42,57,123,150,147,160,188,194,184,156,153,167,171,118,109,85,67,24,3,0,0
2026-06-14,1120,노은,하차,0,0,6,21,38,71,123,105,177,163,198,206,184,237,210,215,128,129,94,98,45,8,0,0
2026-06-14,1121,지족,승차,0,0,14,40,33,69,81,82,102,102,90,90,83,62,70,38,46,25,26,14,14,0,0,0
2026-06-14,1121,지족,하차,0,0,8,17,20,41,58,51,60,46,60,68,108,90,101,82,67,87,92,51,41,14,0,0
2026-06-14,1122,반석,승차,0,0,49,87,140,232,322,288,302,323,294,263,248,227,182,202,128,136,116,86,37,0,0,0
2026-06-14,1122,반석,하차,0,0,23,58,73,114,171,154,171,176,223,274,290,306,353,277,249,227,202,122,94,19,0,0
2026-06-15,1101,판암,승차,0,7,118,199,566,768,372,233,198,274,285,214,246,269,302,325,133,86,55,43,23,0,0,0
2026-06-15,1101,판암,하차,0,0,16,74,199,331,152,185,187,208,213,197,353,307,386,585,253,186,196,171,43,29,0,0
2026-06-15,1102,신흥,승차,0,0,78,125,413,588,181,107,94,94,74,84,97,99,115,105,47,39,17,9,11,7,0,0
2026-06-15,1102,신흥,하차,0,0,7,29,60,107,40,58,67,95,82,78,168,229,240,421,221,116,145,89,56,18,0,0
2026-06-15,1103,대동,승차,0,1,105,154,479,690,300,209,187,194,284,247,301,524,373,388,190,115,142,63,34,0,0,0
2026-06-15,1103,대동,하차,0,0,22,58,248,592,229,178,179,177,187,208,280,304,335,549,289,180,204,168,94,17,0,0
2026-06-15,1104,대전,승차,0,5,18,218,731,907,708,677,569,696,649,706,774,902,972,992,623,404,425,318,113,6,0,0
2026-06-15,1104,대전,하차,0,5,227,609,953,1121,803,653,678,538,624,615,673,672,628,771,304,272,216,94,56,7,0,0
2026-06-15,1105,중앙로,승차,0,0,22,47,148,288,172,151,225,265,326,395,519,483,672,762,391,395,367,198,80,7,0,0
2026-06-15,1105,중앙로,하차,0,0,26,62,196,718,392,404,463,451,469,439,409,450,466,679,312,162,111,87,32,7,0,0
2026-06-15,1106,중구청,승차,0,0,31,62,182,285,123,116,112,124,135,155,195,321,306,388,117,101,76,64,19,0,0,0
2026-06-15,1106,중구청,하차,0,0,20,67,281,653,208,139,98,117,179,130,145,130,159,251,102,75,81,65,28,2,0,0
2026-06-15,1107,서대전네거리,승차,0,4,130,182,541,901,388,328,300,338,306,273,369,414,462,600,250,133,137,114,53,1,0,0
2026-06-15,1107,서대전네거리,하차,0,1,34,104,292,713,341,278,300,308,320,307,358,468,546,945,345,267,220,215,67,15,0,0
2026-06-15,1108,오룡,승차,0,0,98,146,495,858,307,216,184,193,190,192,194,345,294,664,161,108,65,51,29,0,0,0
2026-06-15,1108,오룡,하차,0,0,17,60,204,680,249,136,142,154,152,172,230,258,351,610,259,183,171,128,80,0,0,0
2026-06-15,1109,용문,승차,0,0,146,260,721,1315,482,410,371,401,438,349,443,468,530,501,253,256,236,101,117,0,0,0
2026-06-15,1109,용문,하차,0,0,33,80,250,630,394,313,312,325,381,398,474,560,708,1264,559,342,336,235,158,0,0,0
2026-06-15,1110,탄방,승차,0,0,65,164,344,533,298,273,317,229,235,267,287,316,517,808,196,187,190,132,39,0,0,0
2026-06-15,1110,탄방,하차,0,0,30,105,412,1275,459,274,237,208,248,241,268,302,348,627,266,163,141,105,81,0,0,0
2026-06-15,1111,시청,승차,0,0,53,121,294,435,319,291,387,353,383,382,430,557,823,1433,488,549,521,501,160,0,0,0
2026-06-15,1111,시청,하차,0,0,63,193,603,1928,721,401,365,328,447,393,461,683,668,827,323,225,193,143,65,6,0,0
2026-06-15,1112,정부청사,승차,0,0,41,95,252,399,238,273,280,280,269,313,429,571,959,1881,437,341,245,140,63,0,0,0
2026-06-15,1112,정부청사,하차,0,0,105,237,778,2663,731,345,270,289,338,321,279,344,441,442,234,156,159,95,38,9,0,0
2026-06-15,1113,갈마,승차,0,0,81,145,358,514,222,149,149,142,157,142,151,169,196,210,97,93,96,51,37,2,0,0
2026-06-15,1113,갈마,하차,0,0,28,31,103,196,102,128,105,143,145,152,216,246,261,445,232,141,146,146,75,15,0,0
2026-06-15,1114,월평,승차,0,1,91,126,292,481,219,166,151,163,198,218,234,222,254,330,155,106,119,81,35,8,0,0
2026-06-15,1114,월평,하차,0,0,12,40,137,359,243,223,188,209,206,194,214,245,292,478,221,159,184,105,75,18,0,0
2026-06-15,1115,갑천,승차,0,0,30,54,122,214,84,51,45,42,33,37,41,67,88,107,49,22,20,6,7,1,0,0
2026-06-15,1115,갑천,하차,0,0,21,26,48,108,32,49,30,46,34,41,69,59,107,171,60,33,45,30,26,1,0,0
2026-06-15,1116,유성온천,승차,0,0,131,283,709,1359,511,388,353,490,503,487,574,739,748,942,352,331,322,251,118,2,0,0
2026-06-15,1116,유성온천,하차,0,0,58,166,457,873,700,493,548,480,465,551,566,666,957,1497,537,426,466,351,191,21,0,0
2026-06-15,1117,구암,승차,0,0,52,84,288,423,160,161,154,156,171,150,151,258,211,271,146,93,90,46,20,0,0,0
2026-06-15,1117,구암,하차,0,0,21,78,187,304,185,160,154,174,146,144,205,212,234,362,134,120,133,91,39,1,0,0
2026-06-15,1118,현충원,승차,0,0,19,48,191,359,145,161,134,155,202,256,317,225,235,225,103,90,57,22,9,0,0,0
2026-06-15,1118,현충원,하차,0,0,9,55,179,304,219,166,198,143,182,73,92,110,137,243,67,66,84,59,27,13,0,0
2026-06-15,1119,월드컵경기장,승차,0,1,40,123,292,523,161,137,129,130,124,150,209,181,214,226,124,63,61,28,11,0,0,0
2026-06-15,1119,월드컵경기장,하차,0,0,14,50,206,249,108,89,104,107,112,99,146,197,215,390,159,119,135,93,58,13,0,0
2026-06-15,1120,노은,승차,0,0,43,109,403,517,256,201,197,225,174,186,260,294,315,385,210,188,171,126,56,3,0,0
2026-06-15,1120,노은,하차,0,0,22,46,183,400,232,184,195,207,209,226,314,417,403,650,318,186,172,158,64,14,0,0
2026-06-15,1121,지족,승차,0,0,38,74,187,245,114,94,81,118,111,110,164,168,187,384,68,71,69,35,23,0,0,0
2026-06-15,1121,지족,하차,0,0,12,29,162,506,115,66,101,113,107,87,96,123,147,231,133,82,114,81,52,7,0,0
2026-06-15,1122,반석,승차,0,1,102,248,996,1271,547,347,309,278,319,266,290,375,541,796,313,248,257,170,115,0,0,0
2026-06-15,1122,반석,하차,0,0,55,167,398,634,240,176,215,233,294,323,427,539,680,1242,387,348,373,279,126,23,0,0
2026-06-16,1101,판암,승차,0,0,118,190,559,717,354,225,236,258,253,202,235,274,307,316,140,88,57,34,15,0,0,0
2026-06-16,1101,판암,하차,0,0,12,82,182,342,152,160,181,176,210,206,244,393,339,588,252,201,210,172,62,39,0,0
2026-06-16,1102,신흥,승차,0,0,74,118,433,572,189,102,89,115,96,69,76,116,120,125,52,31,24,11,7,0,0,0
2026-06-16,1102,신흥,하차,0,0,9,35,49,106,43,47,67,80,79,105,156,213,188,462,203,145,139,111,55,9,0,0
2026-06-16,1103,대동,승차,0,0,99,161,438,656,276,234,192,238,263,190,257,505,365,438,177,117,161,68,28,0,0,0
2026-06-16,1103,대동,하차,0,0,28,66,297,477,220,195,142,180,198,165,244,296,334,530,230,190,261,155,101,14,0,0
2026-06-16,1104,대전,승차,0,0,20,180,570,688,698,654,577,812,625,681,761,846,944,1001,711,431,383,306,142,1,0,0
2026-06-16,1104,대전,하차,0,0,183,445,916,1109,785,636,736,625,635,595,757,862,734,804,355,329,209,108,50,4,0,0
2026-06-16,1105,중앙로,승차,0,0,29,79,144,319,151,190,209,327,361,396,391,524,701,767,368,387,317,193,96,1,0,0
2026-06-16,1105,중앙로,하차,0,0,38,64,205,747,418,369,453,440,389,366,432,494,550,651,291,181,129,76,39,2,0,0
2026-06-16,1106,중구청,승차,0,0,35,67,184,280,136,106,108,155,124,134,159,344,317,470,108,99,65,48,9,7,0,0
2026-06-16,1106,중구청,하차,0,0,24,64,297,699,234,111,124,144,152,144,137,138,154,240,123,58,72,62,38,9,0,0
2026-06-16,1107,서대전네거리,승차,0,2,108,195,558,864,353,302,336,304,306,301,361,466,526,569,219,197,166,119,64,2,0,0
2026-06-16,1107,서대전네거리,하차,0,0,39,103,311,731,363,263,314,301,328,274,328,441,548,987,367,279,256,241,97,18,0,0
2026-06-16,1108,오룡,승차,0,0,114,151,472,834,282,168,213,194,183,189,274,298,322,693,142,99,83,54,22,0,0,0
2026-06-16,1108,오룡,하차,0,0,17,52,190,694,256,123,139,160,163,169,201,246,328,607,230,207,167,144,85,0,0,0
2026-06-16,1109,용문,승차,0,0,151,257,740,1341,467,338,332,392,419,386,344,531,505,481,238,246,282,108,98,7,0,0
2026-06-16,1109,용문,하차,0,0,30,94,218,564,408,369,306,366,353,337,430,600,668,1306,492,337,350,293,131,7,0,0
2026-06-16,1110,탄방,승차,0,0,54,150,346,569,280,204,256,213,229,271,332,286,540,826,178,208,206,205,44,0,0,0
2026-06-16,1110,탄방,하차,0,0,38,112,390,1226,454,218,225,225,283,226,266,343,344,787,294,164,172,110,65,0,0,0
2026-06-16,1111,시청,승차,0,0,45,123,318,496,296,282,357,319,354,335,458,592,900,1433,471,559,552,499,203,0,0,0
2026-06-16,1111,시청,하차,0,0,58,192,640,1920,738,389,368,331,444,412,446,659,638,913,344,249,194,124,78,2,0,0
2026-06-16,1112,정부청사,승차,0,0,23,100,236,392,285,250,310,252,304,359,496,664,927,1923,489,363,281,172,63,0,0,0
2026-06-16,1112,정부청사,하차,0,0,94,244,766,2610,729,362,291,347,338,284,305,351,434,489,242,146,152,126,42,12,0,0
2026-06-16,1113,갈마,승차,0,0,75,140,324,537,223,136,164,155,160,128,110,180,190,195,114,98,98,52,35,0,0,0
2026-06-16,1113,갈마,하차,0,0,28,35,108,160,103,126,127,131,135,138,166,243,280,453,235,152,169,115,90,13,0,0
2026-06-16,1114,월평,승차,0,1,86,124,294,494,220,195,166,181,201,139,179,241,280,373,160,142,126,99,37,0,0,0
2026-06-16,1114,월평,하차,0,0,21,44,146,347,246,148,190,191,183,191,210,232,309,556,222,182,192,127,93,4,0,0
2026-06-16,1115,갑천,승차,0,0,24,57,134,207,70,58,53,36,58,38,53,60,96,110,38,27,42,16,8,0,0,0
2026-06-16,1115,갑천,하차,0,0,14,35,46,112,52,40,57,48,55,49,63,105,89,168,73,60,51,36,30,4,0,0
2026-06-16,1116,유성온천,승차,0,10,105,247,770,1414,518,409,450,486,474,528,596,776,794,900,452,399,356,250,121,13,0,0
2026-06-16,1116,유성온천,하차,0,10,66,171,425,920,651,464,556,493,494,542,527,621,964,1457,630,390,501,359,193,23,0,0
2026-06-16,1117,구암,승차,0,0,48,76,249,442,190,124,156,161,145,141,140,252,236,292,162,105,106,54,20,0,0,0
2026-06-16,1117,구암,하차,0,0,16,66,200,300,155,158,160,151,157,133,197,215,244,401,129,118,112,78,41,4,0,0
2026-06-16,1118,현충원,승차,0,0,15,48,178,328,149,147,161,152,177,188,280,195,208,280,124,81,60,23,10,2,0,0
2026-06-16,1118,현충원,하차,0,0,14,51,160,249,225,143,149,117,155,97,86,116,136,239,90,78,66,79,39,14,0,0
2026-06-16,1119,월드컵경기장,승차,0,0,34,118,298,537,194,150,130,112,138,128,157,217,201,256,113,70,61,31,13,0,0,0
2026-06-16,1119,월드컵경기장,하차,0,0,14,51,195,238,136,89,87,99,99,112,120,209,232,371,198,134,137,101,58,15,0,0
2026-06-16,1120,노은,승차,0,0,49,104,394,502,236,212,204,179,195,169,220,299,296,399,213,209,188,145,46,3,0,0
2026-06-16,1120,노은,하차,0,0,15,52,215,364,209,159,186,195,218,261,257,415,424,624,335,186,191,157,84,20,0,0
2026-06-16,1121,지족,승차,0,0,31,58,189,264,122,110,88,99,86,118,158,186,189,375,80,80,53,34,25,0,0,0
2026-06-16,1121,지족,하차,0,0,12,37,153,489,109,65,83,95,105,60,124,121,166,246,110,98,100,83,59,11,0,0
2026-06-16,1122,반석,승차,0,1,86,273,1000,1253,603,312,330,293,291,289,361,372,624,780,336,250,279,214,112,0,0,0
2026-06-16,1122,반석,하차,0,0,44,156,404,630,278,177,273,280,325,297,382,544,736,1239,389,354,343,352,134,26,0,0
2026-06-17,1101,판암,승차,0,0,119,176,596,735,346,229,248,286,259,220,221,303,268,322,122,101,50,31,26,0,0,0
2026-06-17,1101,판암,하차,0,0,18,80,170,305,131,172,170,165,197,263,315,349,386,538,223,167,192,166,58,21,0,0
2026-06-17,1102,신흥,승차,0,0,71,107,437,557,186,101,109,102,90,93,80,103,108,126,38,36,17,10,5,0,0,0
2026-06-17,1102,신흥,하차,0,0,8,27,44,121,52,55,85,100,77,100,149,192,253,407,179,132,147,92,64,9,0,0
2026-06-17,1103,대동,승차,0,0,89,150,449,659,274,227,222,201,263,224,321,465,352,440,139,112,129,63,24,1,0,0
2026-06-17,1103,대동,하차,0,0,21,55,297,461,194,157,153,212,160,230,267,302,337,498,247,161,245,164,107,8,0,0
2026-06-17,1104,대전,승차,0,0,23,172,493,671,651,688,625,694,598,685,783,901,1033,1043,615,444,366,307,164,3,0,0
2026-06-17,1104,대전,하차,0,0,164,450,882,1070,797,649,654,586,662,720,740,836,790,841,397,293,229,104,41,9,0,0
2026-06-17,1105,중앙로,승차,0,0,20,64,153,325,148,159,234,304,374,449,453,598,746,837,404,382,356,196,80,12,0,0
2026-06-17,1105,중앙로,하차,0,0,31,62,188,764,431,419,471,499,470,443,482,495,515,698,263,170,104,79,45,13,0,0
2026-06-17,1106,중구청,승차,0,0,30,66,195,303,140,133,153,112,135,160,187,264,317,420,88,89,75,56,14,0,0,0
2026-06-17,1106,중구청,하차,0,0,17,67,304,634,215,141,119,123,177,120,141,146,157,265,104,71,73,57,49,1,0,0
2026-06-17,1107,서대전네거리,승차,0,1,109,190,528,872,340,307,310,328,301,303,338,460,421,572,241,186,138,78,69,1,0,0
2026-06-17,1107,서대전네거리,하차,0,0,41,107,296,690,343,253,321,303,298,322,319,433,568,868,346,246,235,202,83,16,0,0
2026-06-17,1108,오룡,승차,0,0,101,147,469,832,290,180,224,185,186,206,188,341,334,715,131,89,73,35,27,0,0,0
2026-06-17,1108,오룡,하차,0,0,23,62,208,656,231,132,165,145,176,175,188,289,307,565,227,173,190,147,75,5,0,0
2026-06-17,1109,용문,승차,0,0,141,245,712,1314,477,348,358,355,651,578,488,460,421,386,217,229,502,182,127,0,0,0
2026-06-17,1109,용문,하차,0,0,30,89,267,668,376,394,571,384,363,358,452,586,766,1435,783,355,302,236,111,0,0,0
2026-06-17,1110,탄방,승차,0,0,58,140,329,558,254,226,276,251,229,263,335,297,544,863,227,139,158,248,28,0,0,0
2026-06-17,1110,탄방,하차,0,0,42,105,353,1231,399,235,206,198,285,268,274,362,397,667,257,141,154,107,80,0,0,0
2026-06-17,1111,시청,승차,0,0,33,124,307,460,309,274,345,304,395,355,478,593,903,1520,421,490,507,440,196,0,0,0
2026-06-17,1111,시청,하차,0,0,53,200,589,1927,685,418,360,372,461,388,460,725,641,843,364,189,167,125,79,5,0,0
2026-06-17,1112,정부청사,승차,0,1,39,108,216,372,259,215,334,324,277,351,476,707,999,1855,528,258,227,153,59,0,0,0
2026-06-17,1112,정부청사,하차,0,0,89,235,724,2643,723,379,341,355,361,320,314,318,419,440,214,125,179,104,48,9,0,0
2026-06-17,1113,갈마,승차,0,0,72,122,334,541,232,176,137,130,149,121,155,214,186,210,118,71,79,44,32,0,0,0
2026-06-17,1113,갈마,하차,0,0,26,33,109,188,113,103,126,151,132,160,200,232,321,472,204,152,147,128,77,14,0,0
2026-06-17,1114,월평,승차,0,1,84,135,295,508,244,155,171,190,187,208,194,234,242,315,167,116,91,75,42,0,0,0
2026-06-17,1114,월평,하차,0,0,12,43,144,333,219,140,164,176,179,179,179,258,308,482,230,167,178,134,89,7,0,0
2026-06-17,1115,갑천,승차,0,0,29,43,119,232,73,59,38,37,60,40,45,59,84,102,38,24,21,20,2,0,0,0
2026-06-17,1115,갑천,하차,0,0,14,28,49,101,51,43,38,47,53,45,63,93,95,152,90,50,48,33,24,2,0,0
2026-06-17,1116,유성온천,승차,0,1,114,239,746,1384,536,389,419,548,512,485,652,734,757,841,407,371,337,213,109,1,0,0
2026-06-17,1116,유성온천,하차,0,0,81,166,414,883,653,461,476,415,454,556,548,672,958,1425,521,386,438,388,221,29,0,0
2026-06-17,1117,구암,승차,0,0,38,75,254,432,153,144,136,166,131,175,180,249,189,260,132,114,79,49,19,1,0,0
2026-06-17,1117,구암,하차,0,0,17,62,198,305,154,144,157,163,150,148,174,189,235,361,138,88,109,69,33,7,0,0
2026-06-17,1118,현충원,승차,0,0,18,48,187,326,131,135,142,154,166,202,295,285,205,236,87,79,58,28,8,0,0,0
2026-06-17,1118,현충원,하차,0,0,9,67,152,259,192,124,132,138,166,63,121,112,150,246,84,76,83,69,34,6,0,0
2026-06-17,1119,월드컵경기장,승차,0,0,37,120,277,561,182,127,166,125,134,113,138,204,204,264,94,61,61,28,10,2,0,0
2026-06-17,1119,월드컵경기장,하차,0,0,11,36,189,245,129,91,86,106,110,127,140,191,228,351,176,118,132,109,48,23,0,0
2026-06-17,1120,노은,승차,0,0,50,95,377,504,240,185,221,191,189,191,281,263,315,395,194,206,198,162,64,3,0,0
2026-06-17,1120,노은,하차,0,0,13,61,202,364,237,126,184,218,215,253,346,359,417,649,272,173,182,164,73,9,0,0
2026-06-17,1121,지족,승차,0,0,29,57,208,231,124,105,78,100,132,135,203,151,212,386,74,62,57,19,9,5,0,0
2026-06-17,1121,지족,하차,0,0,13,37,157,504,117,74,72,103,96,93,124,150,136,237,114,78,122,79,44,13,0,0
2026-06-17,1122,반석,승차,0,0,106,240,1000,1209,578,347,283,312,330,245,316,401,588,738,298,252,258,178,93,0,0,0
2026-06-17,1122,반석,하차,0,0,43,168,402,620,263,179,208,266,284,364,448,626,720,1143,332,313,348,282,137,19,0,0
2026-06-18,1101,판암,승차,0,0,115,184,570,670,343,224,209,255,242,242,214,274,326,344,122,104,81,43,15,0,0,0
2026-06-18,1101,판암,하차,0,0,7,66,164,332,148,160,173,198,195,166,267,358,371,584,233,186,226,198,79,24,0,0
2026-06-18,1102,신흥,승차,0,0,61,102,390,578,159,126,84,96,96,96,75,112,110,121,44,34,27,7,11,0,0,0
2026-06-18,1102,신흥,하차,0,0,12,21,47,112,47,60,55,79,88,87,170,221,203,404,189,159,139,115,53,7,0,0
2026-06-18,1103,대동,승차,0,1,74,171,443,676,263,215,197,242,259,239,248,466,358,425,133,122,121,71,29,1,0,0
2026-06-18,1103,대동,하차,0,0,24,54,288,399,192,158,157,191,181,179,249,310,306,460,264,216,250,197,138,18,0,0
2026-06-18,1104,대전,승차,0,0,17,134,538,630,654,653,668,735,628,746,788,911,983,1113,726,461,464,377,194,2,0,0
2026-06-18,1104,대전,하차,0,0,127,445,904,1092,746,719,754,667,699,688,783,785,848,882,450,379,260,130,66,5,0,0
2026-06-18,1105,중앙로,승차,0,0,34,53,148,315,170,179,227,295,390,475,535,585,826,878,456,490,459,242,132,0,0,0
2026-06-18,1105,중앙로,하차,0,0,31,83,208,767,461,472,523,503,541,530,475,545,621,801,358,224,132,82,52,2,0,0
2026-06-18,1106,중구청,승차,0,4,28,62,177,295,118,118,138,130,142,146,157,287,320,442,122,108,79,71,20,0,0,0
2026-06-18,1106,중구청,하차,0,4,19,36,276,651,255,122,136,90,168,134,138,148,173,286,100,89,78,72,67,3,0,0
2026-06-18,1107,서대전네거리,승차,0,2,111,170,527,827,343,320,328,293,322,298,355,412,505,608,228,199,170,102,67,0,0,0
2026-06-18,1107,서대전네거리,하차,0,0,44,89,275,664,361,245,277,330,326,338,335,427,526,944,357,303,285,265,101,15,0,0
2026-06-18,1108,오룡,승차,0,6,92,134,493,848,277,203,198,189,219,166,189,320,339,724,149,99,75,65,26,0,0,0
2026-06-18,1108,오룡,하차,0,6,21,52,197,641,222,151,140,151,173,174,241,256,321,578,235,189,181,146,89,9,0,0
2026-06-18,1109,용문,승차,0,0,129,237,722,1323,432,351,346,429,450,373,376,501,530,498,275,258,240,135,113,0,0,0
2026-06-18,1109,용문,하차,0,0,28,79,214,526,409,351,340,360,358,396,450,516,723,1249,535,327,406,283,137,0,0,0
2026-06-18,1110,탄방,승차,0,9,48,131,331,549,249,225,294,233,213,264,298,314,496,812,200,163,205,258,56,0,0,0
2026-06-18,1110,탄방,하차,0,9,37,112,366,1229,409,222,213,227,282,226,279,366,423,712,268,151,178,144,92,0,0,0
2026-06-18,1111,시청,승차,0,0,45,130,307,457,278,275,350,340,328,383,463,587,876,1352,497,570,587,534,237,0,0,0
2026-06-18,1111,시청,하차,0,0,59,179,578,1845,673,370,375,359,381,405,447,656,748,908,381,250,181,170,81,5,0,0
2026-06-18,1112,정부청사,승차,0,0,29,103,228,406,284,261,310,328,298,353,473,590,996,1771,496,389,337,174,69,1,0,0
2026-06-18,1112,정부청사,하차,0,0,97,236,719,2630,708,393,270,339,370,320,315,339,455,555,249,168,144,129,56,35,0,0
2026-06-18,1113,갈마,승차,0,0,64,133,316,510,208,151,138,121,153,147,148,158,205,246,128,113,89,52,36,0,0,0
2026-06-18,1113,갈마,하차,0,0,28,43,96,167,105,85,124,158,129,154,195,222,294,496,229,181,184,136,96,14,0,0
2026-06-18,1114,월평,승차,0,0,56,143,275,486,231,153,180,182,235,208,225,332,294,365,180,119,133,95,52,1,0,0
2026-06-18,1114,월평,하차,0,0,17,45,133,317,224,163,150,207,207,202,217,254,323,509,255,152,194,143,117,7,0,0
2026-06-18,1115,갑천,승차,0,0,22,50,120,227,78,57,39,40,43,35,37,59,97,108,41,35,35,12,10,0,0,0
2026-06-18,1115,갑천,하차,0,0,5,27,46,124,44,37,37,40,47,44,53,71,103,175,86,61,51,43,18,1,0,0
2026-06-18,1116,유성온천,승차,0,0,103,266,690,1336,535,470,424,491,534,555,624,868,834,858,469,424,422,283,187,16,0,0
2026-06-18,1116,유성온천,하차,0,0,70,154,429,876,643,481,532,469,532,494,525,668,1025,1452,632,411,517,448,235,25,0,0
2026-06-18,1117,구암,승차,0,0,38,75,246,439,169,132,176,167,191,185,224,244,220,281,163,122,97,65,28,3,0,0
2026-06-18,1117,구암,하차,0,0,20,61,195,266,163,162,157,162,148,126,174,237,254,389,140,121,121,96,38,14,0,0
2026-06-18,1118,현충원,승차,0,0,21,46,182,350,138,152,176,157,161,189,222,195,228,252,115,84,40,34,8,2,0,0
2026-06-18,1118,현충원,하차,0,0,5,45,146,215,154,128,154,134,120,70,106,129,135,213,74,86,83,115,37,15,0,0
2026-06-18,1119,월드컵경기장,승차,0,0,27,98,283,544,175,142,131,123,148,125,139,207,212,257,118,83,60,30,14,1,0,0
2026-06-18,1119,월드컵경기장,하차,0,0,13,45,204,263,111,90,101,105,104,90,124,159,243,347,150,130,134,103,70,17,0,0
2026-06-18,1120,노은,승차,0,0,34,108,375,488,223,225,197,202,201,196,247,290,340,401,205,227,197,164,63,5,0,0
2026-06-18,1120,노은,하차,0,0,19,44,204,369,246,171,194,223,211,267,296,419,437,573,324,238,177,168,89,27,0,0
2026-06-18,1121,지족,승차,0,0,36,65,207,248,114,98,90,91,102,120,118,197,194,367,83,86,73,31,13,6,0,0
2026-06-18,1121,지족,하차,0,0,15,29,146,484,106,65,89,82,94,88,90,161,140,232,122,93,106,114,51,15,0,0
2026-06-18,1122,반석,승차,0,0,89,217,997,1202,530,402,303,266,311,282,323,431,628,777,310,255,279,211,125,0,0,0
2026-06-18,1122,반석,하차,0,0,38,165,397,650,259,203,246,250,281,304,431,529,695,1178,416,396,368,366,135,39,0,0
2026-06-19,1101,판암,승차,0,6,112,195,559,714,333,190,192,270,290,225,266,295,327,414,128,117,56,37,20,1,0,0
2026-06-19,1101,판암,하차,0,0,10,91,174,316,137,157,195,172,212,197,351,358,389,508,246,176,206,221,87,41,0,0
2026-06-19,1102,신흥,승차,0,0,76,104,418,560,186,92,86,100,105,100,74,117,140,150,70,54,26,28,11,0,0,0
2026-06-19,1102,신흥,하차,0,0,9,30,53,106,54,59,82,93,80,93,158,209,214,442,179,121,146,120,61,3,0,0
2026-06-19,1103,대동,승차,0,1,90,156,440,636,301,224,181,258,239,213,453,400,403,426,167,129,104,62,46,0,0,0
2026-06-19,1103,대동,하차,0,0,17,61,287,418,158,134,141,174,154,197,264,332,297,533,260,200,199,180,149,25,0,0
2026-06-19,1104,대전,승차,0,0,22,192,513,592,615,656,678,717,671,928,1122,1094,1237,1241,915,644,794,473,295,7,0,0
2026-06-19,1104,대전,하차,0,0,174,451,893,1083,797,720,876,684,909,867,972,1173,1231,1468,781,538,413,292,85,12,0,0
2026-06-19,1105,중앙로,승차,0,0,32,70,154,316,203,198,281,335,471,505,587,637,792,845,527,512,596,694,379,12,0,0
2026-06-19,1105,중앙로,하차,0,0,42,95,214,764,457,478,633,600,636,662,636,757,943,1147,485,271,207,115,66,14,0,0
2026-06-19,1106,중구청,승차,0,0,25,78,174,273,129,108,111,123,129,158,193,369,304,390,111,64,58,89,33,0,0,0
2026-06-19,1106,중구청,하차,0,0,14,63,260,608,203,116,112,124,150,119,161,159,223,296,102,56,72,62,50,6,0,0
2026-06-19,1107,서대전네거리,승차,0,1,114,191,495,868,326,296,325,342,341,324,398,452,551,608,327,237,177,182,71,0,0,0
2026-06-19,1107,서대전네거리,하차,0,0,35,113,252,667,368,229,298,325,393,364,422,534,649,1055,463,258,254,261,129,15,0,0
2026-06-19,1108,오룡,승차,0,0,83,152,444,791,263,187,242,218,220,219,281,323,512,703,246,127,86,74,35,0,0,0
2026-06-19,1108,오룡,하차,0,0,20,59,210,646,240,157,146,171,196,175,244,268,408,590,259,177,152,163,115,0,0,0
2026-06-19,1109,용문,승차,0,0,145,250,689,1262,455,348,375,421,449,388,419,535,682,591,335,250,231,173,96,0,0,0
2026-06-19,1109,용문,하차,0,0,33,91,251,610,408,353,322,346,441,444,516,628,716,1239,572,416,344,279,162,0,0,0
2026-06-19,1110,탄방,승차,0,0,53,143,318,521,246,225,266,268,280,271,351,314,601,832,245,173,164,213,44,0,0,0
2026-06-19,1110,탄방,하차,0,0,29,116,353,1103,444,219,167,222,286,256,361,395,436,650,308,189,178,140,110,0,0,0
2026-06-19,1111,시청,승차,0,0,42,117,287,427,288,268,379,346,394,464,530,707,1037,1425,530,519,492,531,241,0,0,0
2026-06-19,1111,시청,하차,0,0,64,191,563,1903,690,385,318,376,437,486,685,654,804,996,465,293,188,170,162,18,0,0
2026-06-19,1112,정부청사,승차,0,0,34,92,241,363,245,257,288,367,338,476,661,827,1185,1847,501,341,273,158,56,0,0,0
2026-06-19,1112,정부청사,하차,0,0,97,213,695,2356,626,311,306,344,389,339,401,406,525,573,295,190,196,150,118,20,0,0
2026-06-19,1113,갈마,승차,0,0,83,129,338,533,220,146,128,147,170,168,175,192,235,218,109,97,69,49,41,0,0,0
2026-06-19,1113,갈마,하차,0,0,24,34,84,161,112,106,120,136,141,188,213,249,302,457,245,162,187,152,147,17,0,0
2026-06-19,1114,월평,승차,0,0,83,141,296,476,215,173,185,205,251,280,286,280,340,463,228,136,130,78,45,0,0,0
2026-06-19,1114,월평,하차,0,0,11,42,126,294,231,146,155,183,184,197,231,287,383,497,264,188,184,197,141,7,0,0
2026-06-19,1115,갑천,승차,0,0,25,44,128,223,84,61,45,54,60,43,59,70,95,121,46,38,19,11,11,0,0,0
2026-06-19,1115,갑천,하차,0,0,10,30,43,112,56,28,35,57,44,42,74,73,108,127,88,57,46,55,31,2,0,0
2026-06-19,1116,유성온천,승차,0,0,132,245,714,1302,546,426,376,627,605,723,728,861,1005,1084,499,445,411,250,204,5,0,0
2026-06-19,1116,유성온천,하차,0,0,63,174,424,866,568,457,439,454,517,556,613,776,1171,1529,733,601,504,482,339,33,0,0
2026-06-19,1117,구암,승차,0,0,49,76,254,435,222,196,214,223,235,290,301,310,344,327,298,194,166,72,49,2,0,0
2026-06-19,1117,구암,하차,0,0,20,57,211,336,249,202,209,228,229,276,302,251,348,427,193,146,125,100,66,6,0,0
2026-06-19,1118,현충원,승차,0,0,15,52,159,331,150,151,135,192,195,231,234,253,249,272,112,95,68,30,4,0,0,0
2026-06-19,1118,현충원,하차,0,0,13,48,116,180,180,108,134,136,123,94,108,137,169,248,108,100,88,143,61,9,0,0
2026-06-19,1119,월드컵경기장,승차,0,0,28,108,268,490,184,131,127,175,181,161,191,202,226,290,125,90,74,36,13,0,0,0
2026-06-19,1119,월드컵경기장,하차,0,0,9,45,196,218,131,102,100,121,128,122,157,211,233,356,191,121,140,108,85,25,0,0
2026-06-19,1120,노은,승차,0,0,51,86,390,474,245,183,173,243,222,215,327,288,379,445,231,204,197,171,80,4,0,0
2026-06-19,1120,노은,하차,0,0,16,52,188,371,270,203,169,180,246,341,347,352,425,618,348,197,204,165,119,17,0,0
2026-06-19,1121,지족,승차,0,0,31,69,191,246,91,101,76,101,107,126,162,194,231,371,83,58,50,21,16,0,0,0
2026-06-19,1121,지족,하차,0,0,12,36,165,445,97,74,64,98,84,83,115,131,152,248,115,87,80,105,80,17,0,0
2026-06-19,1122,반석,승차,0,0,79,241,948,1122,508,341,256,305,418,328,477,517,809,812,359,294,268,187,92,0,0,0
2026-06-19,1122,반석,하차,0,0,62,150,392,643,240,201,213,261,320,401,458,547,746,1139,417,357,434,385,241,31,0,0
2026-06-20,1101,판암,승차,0,0,78,101,167,277,305,233,270,239,238,208,227,200,236,161,99,91,78,41,17,0,0,0
2026-06-20,1101,판암,하차,0,0,12,49,52,106,117,153,144,172,201,223,208,252,334,209,151,180,145,144,83,44,0,0
2026-06-20,1102,신흥,승차,0,0,42,68,118,173,125,132,153,104,105,112,74,119,110,69,47,33,36,16,11,6,0,0
2026-06-20,1102,신흥,하차,0,0,7,19,41,31,39,67,79,99,104,83,118,107,135,130,88,112,84,87,66,15,0,0
2026-06-20,1103,대동,승차,0,0,42,72,170,211,245,188,273,364,202,208,175,257,255,137,97,69,75,25,29,0,0,0
2026-06-20,1103,대동,하차,0,0,17,27,45,150,115,118,156,145,180,169,208,207,175,241,164,162,158,167,141,14,0,0
2026-06-20,1104,대전,승차,0,0,11,89,213,469,689,885,927,1046,979,1064,1131,1172,1025,724,657,612,673,493,315,2,0,0
2026-06-20,1104,대전,하차,0,0,85,358,494,675,926,954,1159,855,995,958,982,959,892,749,592,513,524,135,64,12,0,0
2026-06-20,1105,중앙로,승차,0,0,33,52,65,124,178,207,273,402,510,580,628,718,764,759,684,776,1033,391,209,2,0,0
2026-06-20,1105,중앙로,하차,0,0,28,74,150,348,412,528,786,934,910,948,968,897,832,590,401,286,170,82,64,7,0,0
2026-06-20,1106,중구청,승차,0,1,21,28,63,85,71,89,99,119,86,120,145,100,109,77,99,63,78,40,21,0,0,0
2026-06-20,1106,중구청,하차,0,1,6,22,35,71,128,93,112,131,128,142,114,147,163,90,91,59,57,41,48,2,0,0
2026-06-20,1107,서대전네거리,승차,0,1,59,70,158,249,256,334,350,507,344,327,305,318,394,275,257,204,181,106,101,2,0,0
2026-06-20,1107,서대전네거리,하차,0,0,21,76,91,238,260,303,308,350,391,342,359,488,458,409,231,228,216,170,134,16,0,0
2026-06-20,1108,오룡,승차,0,0,49,65,116,212,233,205,281,254,192,175,134,174,243,136,130,106,63,48,29,0,0,0
2026-06-20,1108,오룡,하차,0,0,13,35,50,92,103,100,127,182,181,152,191,172,226,183,131,120,129,131,78,7,0,0
2026-06-20,1109,용문,승차,0,0,69,135,194,346,349,373,427,419,509,429,575,564,578,422,308,285,179,108,91,0,0,0
2026-06-20,1109,용문,하차,0,0,16,59,130,263,382,341,420,499,477,491,496,501,564,382,322,278,309,205,198,0,0,0
2026-06-20,1110,탄방,승차,0,0,41,76,91,178,161,178,243,306,318,303,293,323,371,245,167,163,142,86,37,5,0,0
2026-06-20,1110,탄방,하차,0,0,22,77,145,262,324,286,272,352,270,274,269,259,291,215,170,155,169,83,101,5,0,0
2026-06-20,1111,시청,승차,0,1,44,52,107,176,209,282,316,429,502,452,509,505,486,442,405,413,294,355,254,0,0,0
2026-06-20,1111,시청,하차,0,0,29,78,165,348,457,412,472,570,414,376,335,453,513,417,268,282,243,157,79,15,0,0
2026-06-20,1112,정부청사,승차,0,2,21,49,86,170,152,255,237,318,281,331,363,368,378,352,217,206,162,111,57,0,0,0
2026-06-20,1112,정부청사,하차,0,0,46,74,105,283,282,381,348,450,358,344,315,345,319,233,202,170,199,106,51,26,0,0
2026-06-20,1113,갈마,승차,0,0,45,73,113,179,186,194,200,177,208,181,157,152,212,107,88,78,60,29,43,4,0,0
2026-06-20,1113,갈마,하차,0,0,24,17,39,80,72,117,139,214,171,157,182,192,235,211,159,142,157,125,117,17,0,0
2026-06-20,1114,월평,승차,0,0,50,68,141,205,186,203,224,236,231,186,206,238,239,156,141,109,89,86,59,2,0,0
2026-06-20,1114,월평,하차,0,0,14,23,43,61,101,135,171,222,168,217,216,280,265,210,177,165,182,147,120,13,0,0
2026-06-20,1115,갑천,승차,0,0,17,24,49,67,68,52,55,49,47,46,66,41,45,47,19,23,15,7,11,1,0,0
2026-06-20,1115,갑천,하차,0,0,8,17,16,19,33,51,52,53,48,41,36,51,62,49,61,39,43,47,39,1,0,0
2026-06-20,1116,유성온천,승차,0,0,83,149,244,452,499,510,547,643,643,632,659,680,599,459,357,399,324,239,174,7,0,0
2026-06-20,1116,유성온천,하차,0,0,60,118,168,414,399,405,441,616,514,530,612,690,858,756,480,439,563,436,265,23,0,0
2026-06-20,1117,구암,승차,0,0,36,44,86,142,148,241,253,253,249,228,251,204,201,174,122,109,100,47,42,0,0,0
2026-06-20,1117,구암,하차,0,0,14,49,94,130,185,163,195,188,221,212,214,192,206,180,143,124,107,78,57,10,0,0
2026-06-20,1118,현충원,승차,0,0,18,24,59,187,112,139,140,136,155,176,177,172,211,127,84,74,32,12,7,0,0,0
2026-06-20,1118,현충원,하차,0,0,4,22,36,66,87,96,140,104,96,83,125,96,116,98,50,71,104,95,36,6,0,0
2026-06-20,1119,월드컵경기장,승차,0,0,28,53,93,118,186,135,158,241,118,131,130,138,171,137,64,74,65,24,17,0,0,0
2026-06-20,1119,월드컵경기장,하차,0,0,8,28,69,118,75,64,98,121,88,83,109,137,146,129,113,81,102,75,56,17,0,0
2026-06-20,1120,노은,승차,0,0,33,48,112,170,180,202,239,316,235,219,238,237,278,201,162,169,129,127,56,6,0,0
2026-06-20,1120,노은,하차,0,0,17,21,74,166,195,193,205,265,244,223,254,266,262,254,216,194,147,123,90,27,0,0
2026-06-20,1121,지족,승차,0,0,21,36,69,107,92,105,122,91,114,96,96,117,122,88,58,51,34,16,12,1,0,0
2026-06-20,1121,지족,하차,0,0,4,21,22,59,61,60,88,91,111,83,76,102,92,90,70,88,71,81,61,14,0,0
2026-06-20,1122,반석,승차,0,0,63,79,210,399,408,422,430,577,371,360,334,377,351,265,181,176,197,105,89,0,0,0
2026-06-20,1122,반석,하차,0,0,33,65,116,255,246,169,265,269,312,326,313,398,500,315,279,298,309,254,195,43,0,0
2026-06-21,1101,판암,승차,0,1,57,106,120,194,213,214,236,188,205,193,176,199,173,127,87,86,56,33,11,0,0,0
2026-06-21,1101,판암,하차,0,0,8,50,67,87,104,98,167,109,137,190,199,188,229,165,149,151,149,125,65,21,0,0
2026-06-21,1102,신흥,승차,0,0,24,60,60,99,93,113,71,100,96,82,69,86,63,53,47,42,29,12,6,0,0,0
2026-06-21,1102,신흥,하차,0,0,5,17,30,25,46,50,76,51,66,79,93,125,105,110,81,93,75,65,38,7,0,0
2026-06-21,1103,대동,승차,0,1,47,71,85,192,196,205,184,180,205,154,188,189,176,91,89,73,51,27,30,0,0,0
2026-06-21,1103,대동,하차,0,0,9,25,48,122,76,113,128,88,150,132,138,158,178,170,173,157,153,110,96,12,0,0
2026-06-21,1104,대전,승차,0,0,11,160,222,286,442,683,704,798,816,899,1062,1045,901,696,826,811,992,839,390,0,0,0
2026-06-21,1104,대전,하차,0,0,132,324,395,532,605,681,795,595,659,660,680,665,632,543,532,539,345,102,34,1,0,0
2026-06-21,1105,중앙로,승차,0,0,22,26,38,100,122,144,184,283,400,497,613,747,687,647,565,971,504,225,100,12,0,0
2026-06-21,1105,중앙로,하차,0,0,21,72,87,162,324,533,762,903,884,879,785,688,525,359,306,200,120,72,31,15,0,0
2026-06-21,1106,중구청,승차,0,6,13,17,38,58,46,52,64,59,79,66,110,85,78,73,51,79,37,25,8,0,0,0
2026-06-21,1106,중구청,하차,0,6,8,23,22,27,74,79,83,83,105,102,109,125,110,65,59,57,59,52,32,5,0,0
2026-06-21,1107,서대전네거리,승차,0,0,63,71,84,163,189,225,191,200,289,252,240,240,223,226,256,169,122,53,61,0,0,0
2026-06-21,1107,서대전네거리,하차,0,0,25,64,99,133,156,163,182,213,226,274,286,322,315,353,248,274,188,148,92,11,0,0
2026-06-21,1108,오룡,승차,0,0,45,63,91,142,147,162,151,249,224,177,124,135,143,136,149,91,81,41,29,0,0,0
2026-06-21,1108,오룡,하차,0,0,14,63,47,146,129,174,84,111,115,126,134,185,160,141,131,156,101,120,95,4,0,0
2026-06-21,1109,용문,승차,0,0,67,101,126,217,254,501,529,411,522,488,425,425,449,339,286,209,217,106,89,0,0,0
2026-06-21,1109,용문,하차,0,0,31,56,159,451,317,318,456,316,375,446,459,463,416,359,331,291,233,199,139,0,0,0
2026-06-21,1110,탄방,승차,0,0,33,61,85,103,121,149,125,161,195,202,222,198,178,167,130,98,67,52,26,0,0,0
2026-06-21,1110,탄방,하차,0,0,11,37,55,87,192,263,120,173,190,156,213,167,214,181,125,155,128,99,85,0,0,0
2026-06-21,1111,시청,승차,0,0,44,52,72,106,135,141,209,242,313,302,355,406,337,393,308,289,219,217,95,0,0,0
2026-06-21,1111,시청,하차,0,0,20,65,63,131,212,218,288,389,348,352,290,371,308,268,223,173,253,108,76,15,0,0
2026-06-21,1112,정부청사,승차,0,0,22,33,90,108,136,173,167,196,198,229,320,299,287,275,238,247,175,85,57,1,0,0
2026-06-21,1112,정부청사,하차,0,0,23,67,88,132,204,256,264,277,257,309,328,294,295,217,230,173,221,114,64,17,0,0
2026-06-21,1113,갈마,승차,0,0,41,52,82,148,159,170,149,148,204,145,151,149,141,151,79,84,51,37,42,2,0,0
2026-06-21,1113,갈마,하차,0,0,17,23,31,57,61,88,151,111,142,184,170,197,204,145,160,153,152,134,98,19,0,0
2026-06-21,1114,월평,승차,0,0,60,54,105,150,165,163,170,165,166,195,186,159,143,138,111,94,76,56,28,2,0,0
2026-06-21,1114,월평,하차,0,0,10,28,43,86,89,124,120,133,181,183,222,246,240,179,236,224,208,228,113,28,0,0
2026-06-21,1115,갑천,승차,0,0,8,20,28,52,39,52,48,46,64,48,57,54,43,36,25,33,15,9,12,0,0,0
2026-06-21,1115,갑천,하차,0,0,10,11,18,28,34,49,34,40,35,43,47,40,48,56,57,45,55,44,24,4,0,0
2026-06-21,1116,유성온천,승차,0,6,71,149,196,331,421,476,442,488,495,542,539,445,471,383,332,326,238,149,140,0,0,0
2026-06-21,1116,유성온천,하차,0,6,54,93,150,207,287,279,332,401,371,559,502,653,581,611,484,501,527,415,253,46,0,0
2026-06-21,1117,구암,승차,0,0,34,22,65,112,112,157,160,171,148,190,184,167,176,173,200,110,118,78,32,2,0,0
2026-06-21,1117,구암,하차,0,0,10,36,94,79,142,141,132,128,155,181,210,194,205,155,176,148,140,61,44,5,0,0
2026-06-21,1118,현충원,승차,0,0,8,19,41,120,83,130,124,147,161,152,174,156,120,123,61,65,41,16,6,0,0,0
2026-06-21,1118,현충원,하차,0,0,8,27,40,67,117,118,106,72,79,83,92,101,106,82,90,71,97,113,35,4,0,0
2026-06-21,1119,월드컵경기장,승차,0,0,26,47,47,92,128,141,103,103,124,113,120,124,106,90,69,39,47,16,11,0,0,0
2026-06-21,1119,월드컵경기장,하차,0,0,5,23,46,59,58,68,70,52,71,93,91,127,126,119,102,86,109,72,29,23,0,0
2026-06-21,1120,노은,승차,0,0,23,43,69,109,150,146,166,204,150,186,181,202,181,199,139,140,100,82,33,2,0,0
2026-06-21,1120,노은,하차,0,0,10,23,48,72,110,109,156,175,216,247,226,226,213,219,182,133,129,115,44,16,0,0
2026-06-21,1121,지족,승차,0,0,25,41,43,61,78,79,94,95,80,92,86,88,72,77,55,23,25,18,10,5,0,0
2026-06-21,1121,지족,하차,0,0,5,17,15,46,56,75,55,50,72,82,80,89,111,85,64,72,59,58,38,23,0,0
2026-06-21,1122,반석,승차,0,0,59,89,145,231,279,289,305,279,305,260,269,284,207,197,155,140,152,104,42,0,0,0
2026-06-21,1122,반석,하차,0,0,15,51,68,112,184,138,174,174,226,244,277,319,374,307,252,220,254,134,97,26,0,0
2026-06-22,1101,판암,승차,0,0,123,179,513,756,333,262,250,254,283,225,218,268,288,337,123,81,43,32,19,0,0,0
2026-06-22,1101,판암,하차,0,0,7,75,160,338,133,163,174,196,211,233,277,339,355,581,229,196,191,149,76,22,0,0
2026-06-22,1102,신흥,승차,0,0,59,135,399,551,184,97,95,116,107,67,67,91,102,103,42,39,16,16,6,1,0,0
2026-06-22,1102,신흥,하차,0,0,5,26,45,101,56,53,61,86,84,94,169,184,253,430,194,141,95,105,51,6,0,0
2026-06-22,1103,대동,승차,0,0,98,164,427,661,284,219,175,205,250,224,199,436,334,402,159,101,137,53,27,0,0,0
2026-06-22,1103,대동,하차,0,0,31,57,248,533,156,146,149,201,160,178,241,284,318,517,268,153,188,137,99,18,0,0
2026-06-22,1104,대전,승차,0,3,22,210,795,906,698,768,705,813,682,764,897,920,954,1060,718,447,415,366,144,0,0,0
2026-06-22,1104,대전,하차,0,3,226,579,961,1131,856,781,740,639,704,693,739,802,712,818,387,356,246,99,58,2,0,0
2026-06-22,1105,중앙로,승차,0,0,25,68,122,296,170,200,243,316,398,445,596,585,705,823,486,452,379,233,137,0,0,0
2026-06-22,1105,중앙로,하차,0,0,32,84,159,746,409,474,603,598,564,461,504,522,557,720,360,184,122,84,48,4,0,0
2026-06-22,1106,중구청,승차,0,0,36,59,175,262,146,117,133,128,117,138,173,318,295,433,93,76,81,49,22,0,0,0
2026-06-22,1106,중구청,하차,0,0,22,58,260,646,214,138,117,120,177,124,105,139,148,235,99,80,73,60,43,3,0,0
2026-06-22,1107,서대전네거리,승차,0,0,126,178,522,890,340,304,342,347,347,297,377,465,451,573,223,178,157,116,55,0,0,0
2026-06-22,1107,서대전네거리,하차,0,0,47,94,299,684,335,322,314,332,335,316,391,425,516,950,369,252,236,189,94,12,0,0
2026-06-22,1108,오룡,승차,0,0,117,134,465,830,290,200,225,186,237,189,195,353,282,706,158,109,67,48,34,0,0,0
2026-06-22,1108,오룡,하차,0,0,19,69,195,646,234,126,160,195,172,169,200,241,309,590,245,175,179,130,75,2,0,0
2026-06-22,1109,용문,승차,0,0,154,267,706,1299,465,354,378,414,426,397,455,489,526,516,268,226,219,100,152,0,0,0
2026-06-22,1109,용문,하차,0,0,37,65,239,606,419,332,334,365,418,464,462,593,709,1217,537,346,326,226,139,0,0,0
2026-06-22,1110,탄방,승차,0,0,66,141,325,551,213,188,261,235,225,207,297,276,509,790,249,160,199,136,25,0,0,0
2026-06-22,1110,탄방,하차,0,0,41,95,414,1252,417,210,183,233,263,245,255,328,337,641,270,159,114,117,57,0,0,0
2026-06-22,1111,시청,승차,0,0,62,115,275,454,276,343,374,333,367,398,455,619,846,1478,457,482,463,419,184,0,0,0
2026-06-22,1111,시청,하차,0,0,70,178,655,1922,762,437,410,340,414,398,479,642,657,824,327,212,175,127,82,6,0,0
2026-06-22,1112,정부청사,승차,0,0,45,105,254,401,246,256,327,322,342,319,499,610,951,1904,469,333,245,170,85,0,0,0
2026-06-22,1112,정부청사,하차,0,0,105,250,747,2743,688,387,328,343,364,329,331,373,421,522,203,165,182,101,43,15,0,0
2026-06-22,1113,갈마,승차,0,0,101,121,313,521,237,164,161,147,149,176,172,185,178,198,90,92,96,48,35,1,0,0
2026-06-22,1113,갈마,하차,0,0,35,37,108,189,103,114,126,146,177,155,202,243,264,474,215,132,173,115,85,7,0,0
2026-06-22,1114,월평,승차,0,0,68,123,291,465,234,176,174,168,197,182,200,212,247,337,174,115,121,76,31,0,0,0
2026-06-22,1114,월평,하차,0,0,21,35,117,332,183,175,179,217,184,199,239,265,310,470,240,190,143,128,106,12,0,0
2026-06-22,1115,갑천,승차,0,0,22,52,121,218,86,60,61,49,39,31,41,60,85,114,33,30,22,12,7,1,0,0
2026-06-22,1115,갑천,하차,0,0,4,30,50,105,44,48,39,31,33,44,54,74,90,168,80,49,55,47,24,2,0,0
2026-06-22,1116,유성온천,승차,0,14,139,294,728,1385,563,436,453,510,532,555,591,713,809,866,387,407,335,185,125,1,0,0
2026-06-22,1116,유성온천,하차,0,14,57,163,415,917,617,455,504,488,479,575,559,737,955,1464,606,431,462,412,261,26,0,0
2026-06-22,1117,구암,승차,0,0,55,74,274,432,159,168,173,188,179,189,206,248,236,267,125,86,93,46,13,1,0,0
2026-06-22,1117,구암,하차,0,0,28,64,176,278,193,192,164,159,159,171,200,222,261,421,141,146,108,84,42,7,0,0
2026-06-22,1118,현충원,승차,0,0,23,53,192,356,131,150,158,165,180,187,195,209,239,233,60,61,62,24,19,0,0,0
2026-06-22,1118,현충원,하차,0,0,13,47,116,212,174,141,144,131,129,84,101,110,128,227,93,74,107,63,56,12,0,0
2026-06-22,1119,월드컵경기장,승차,0,1,43,107,280,509,147,130,129,120,158,146,208,178,190,241,90,66,64,32,17,0,0,0
2026-06-22,1119,월드컵경기장,하차,0,1,18,55,206,239,110,87,112,116,83,114,134,182,243,382,176,106,142,89,50,16,0,0
2026-06-22,1120,노은,승차,0,0,36,96,397,480,241,199,204,202,218,216,278,279,333,414,207,158,167,129,54,3,0,0
2026-06-22,1120,노은,하차,0,0,21,53,182,400,252,174,187,193,244,251,302,371,403,593,303,191,187,142,70,15,0,0
2026-06-22,1121,지족,승차,0,0,44,76,210,244,119,99,81,112,103,126,152,132,171,342,87,76,66,34,28,0,0,0
2026-06-22,1121,지족,하차,0,0,16,32,159,481,94,79,80,102,73,92,91,131,145,230,102,76,97,63,47,9,0,0
2026-06-22,1122,반석,승차,0,1,103,272,958,1221,529,364,278,323,315,268,320,405,647,728,282,270,245,189,133,0,0,0
2026-06-22,1122,반석,하차,0,0,46,156,398,645,254,176,236,293,264,348,397,535,682,1203,356,326,332,270,124,26,0,0
2026-06-23,1101,판암,승차,0,4,120,189,561,653,334,227,250,278,250,232,216,267,322,348,112,80,70,38,23,0,0,0
2026-06-23,1101,판암,하차,0,0,10,75,155,334,134,151,160,193,211,204,290,360,385,587,259,174,202,155,68,41,0,0
2026-06-23,1102,신흥,승차,0,0,58,103,397,548,189,126,98,105,116,100,81,100,131,133,55,42,18,39,11,0,0,0
2026-06-23,1102,신흥,하차,0,0,11,27,45,114,65,66,73,91,88,78,161,220,218,420,186,127,138,102,61,15,0,0
2026-06-23,1103,대동,승차,0,0,100,155,447,656,270,180,176,209,253,183,232,505,347,383,180,110,121,57,30,13,0,0
2026-06-23,1103,대동,하차,0,0,22,61,306,402,185,120,116,163,168,186,266,273,321,548,265,162,223,162,109,23,0,0
2026-06-23,1104,대전,승차,0,0,15,178,581,728,743,767,694,903,734,905,914,931,1083,1134,735,489,422,390,197,4,0,0
2026-06-23,1104,대전,하차,0,0,181,488,867,1172,846,764,786,659,764,737,753,918,777,887,409,351,252,210,58,5,0,0
2026-06-23,1105,중앙로,승차,0,0,26,79,142,292,177,179,229,368,440,489,655,594,732,937,444,489,468,886,123,7,0,0
2026-06-23,1105,중앙로,하차,0,0,38,58,198,758,443,529,633,676,604,661,621,770,828,926,339,193,145,90,60,14,0,0
2026-06-23,1106,중구청,승차,0,0,26,79,178,274,139,128,120,121,137,139,187,349,333,427,102,92,81,121,32,0,0,0
2026-06-23,1106,중구청,하차,0,0,17,74,276,643,240,146,133,129,161,147,160,176,218,301,117,73,72,73,46,5,0,0
2026-06-23,1107,서대전네거리,승차,0,1,123,182,526,884,339,321,314,317,320,314,377,507,483,554,245,211,170,141,67,0,0,0
2026-06-23,1107,서대전네거리,하차,0,0,43,98,287,728,362,252,299,345,356,294,401,488,566,969,417,279,263,243,91,15,0,0
2026-06-23,1108,오룡,승차,0,0,82,162,464,816,283,205,227,224,236,180,238,336,322,696,167,112,90,52,29,0,0,0
2026-06-23,1108,오룡,하차,0,0,22,56,194,647,264,127,161,163,171,150,241,277,349,606,225,192,151,162,84,1,0,0
2026-06-23,1109,용문,승차,0,1,148,259,714,1314,454,367,398,464,510,430,424,592,579,608,322,313,254,140,116,0,0,0
2026-06-23,1109,용문,하차,0,0,33,79,251,596,402,388,386,405,443,448,481,575,763,1334,575,359,407,322,135,0,0,0
2026-06-23,1110,탄방,승차,0,0,55,135,330,518,282,294,258,195,250,259,318,296,571,816,244,206,184,201,50,0,0,0
2026-06-23,1110,탄방,하차,0,0,41,107,385,1190,442,271,189,233,323,239,289,323,372,649,300,152,145,150,76,0,0,0
2026-06-23,1111,시청,승차,0,0,59,112,308,449,291,267,358,373,452,451,592,645,905,1453,513,561,533,477,204,0,0,0
2026-06-23,1111,시청,하차,0,0,70,182,624,1893,714,424,402,433,500,485,469,689,722,862,371,255,183,211,91,7,0,0
2026-06-23,1112,정부청사,승차,0,0,41,100,249,427,291,274,349,293,326,372,506,673,1084,1805,511,349,277,186,79,0,0,0
2026-06-23,1112,정부청사,하차,0,0,94,262,792,2590,723,370,326,419,363,346,358,350,431,530,239,177,205,177,65,15,0,0
2026-06-23,1113,갈마,승차,0,1,83,126,342,510,242,162,165,150,187,148,168,214,215,231,93,121,92,58,36,1,0,0
2026-06-23,1113,갈마,하차,0,0,23,40,90,159,115,109,120,170,152,177,227,267,282,441,229,169,145,155,93,16,0,0
2026-06-23,1114,월평,승차,0,0,77,128,282,498,243,187,166,206,179,199,207,227,267,378,156,138,126,82,34,0,0,0
2026-06-23,1114,월평,하차,0,0,11,33,124,339,187,175,171,188,199,174,213,259,352,499,239,228,187,200,97,9,0,0
2026-06-23,1115,갑천,승차,0,0,26,49,114,224,71,61,49,56,39,41,59,58,99,115,48,34,30,12,7,0,0,0
2026-06-23,1115,갑천,하차,0,0,5,29,53,110,43,41,32,40,57,48,68,86,104,160,70,48,55,39,30,3,0,0
2026-06-23,1116,유성온천,승차,0,1,110,228,761,1414,511,463,476,619,540,543,725,847,880,941,399,405,362,229,138,6,0,0
2026-06-23,1116,유성온천,하차,0,0,75,154,439,876,580,473,513,462,516,583,581,721,1017,1489,677,486,506,521,225,51,0,0
2026-06-23,1117,구암,승차,0,0,43,89,248,418,170,157,164,196,215,181,199,252,246,298,145,104,100,50,26,1,0,0
2026-06-23,1117,구암,하차,0,0,13,64,162,299,163,153,132,138,142,178,206,220,258,429,186,149,112,109,41,7,0,0
2026-06-23,1118,현충원,승차,0,0,16,52,183,343,135,121,130,155,163,158,154,176,225,231,59,55,46,21,16,0,0,0
2026-06-23,1118,현충원,하차,0,0,14,47,99,179,137,97,133,105,80,71,111,128,144,250,74,77,82,131,58,5,0,0
2026-06-23,1119,월드컵경기장,승차,0,0,36,110,318,498,168,151,146,109,143,154,148,248,201,269,111,78,55,34,15,0,0,0
2026-06-23,1119,월드컵경기장,하차,0,0,13,52,202,259,109,95,110,109,120,112,129,174,230,376,155,123,152,117,60,24,0,0
2026-06-23,1120,노은,승차,0,1,48,98,395,518,244,173,218,235,206,208,234,326,348,446,237,183,182,154,50,4,0,0
2026-06-23,1120,노은,하차,0,0,14,54,217,383,235,167,180,205,238,272,275,400,443,661,313,184,178,172,84,17,0,0
2026-06-23,1121,지족,승차,0,0,39,71,184,250,120,103,99,106,93,105,129,202,208,364,80,67,51,19,13,0,0,0
2026-06-23,1121,지족,하차,0,0,11,35,160,467,84,60,70,96,92,67,117,125,145,281,98,87,123,88,76,10,0,0
2026-06-23,1122,반석,승차,0,0,92,232,978,1169,536,343,278,298,309,306,365,462,666,773,308,256,268,223,97,0,0,0
2026-06-23,1122,반석,하차,0,0,55,147,399,661,243,176,223,291,316,328,358,521,723,1241,384,356,354,394,187,28,0,0
2026-06-24,1101,판암,승차,0,2,134,195,553,701,355,229,233,257,279,192,207,283,291,384,125,105,72,40,29,0,0,0
2026-06-24,1101,판암,하차,0,2,15,67,166,314,116,163,179,175,190,271,304,364,365,583,245,174,244,163,80,30,0,0
2026-06-24,1102,신흥,승차,0,0,67,119,416,541,201,101,108,98,83,81,64,118,132,141,45,37,38,21,9,0,0,0
2026-06-24,1102,신흥,하차,0,0,18,21,56,111,44,55,72,78,97,113,153,195,207,454,194,137,143,104,64,6,0,0
2026-06-24,1103,대동,승차,0,0,80,163,443,668,276,211,176,236,288,343,327,356,334,391,180,127,98,54,37,5,0,0
2026-06-24,1103,대동,하차,0,0,23,62,256,432,158,120,129,184,169,194,243,298,335,516,243,169,247,206,125,20,0,0
2026-06-24,1104,대전,승차,0,0,23,180,451,720,626,685,689,879,703,862,883,938,1027,1106,727,527,433,378,187,13,0,0
2026-06-24,1104,대전,하차,0,0,176,462,933,1137,872,756,778,693,732,745,846,797,826,853,427,332,284,220,58,13,0,0
2026-06-24,1105,중앙로,승차,0,0,42,56,145,315,177,222,246,388,475,475,547,725,837,909,491,515,598,777,125,1,0,0
2026-06-24,1105,중앙로,하차,0,0,35,81,191,787,450,491,586,685,694,702,617,785,779,932,369,221,137,114,65,6,0,0
2026-06-24,1106,중구청,승차,0,0,33,57,170,290,124,132,156,111,125,175,236,324,333,439,105,86,91,97,22,0,0,0
2026-06-24,1106,중구청,하차,0,0,14,68,284,650,235,176,128,127,176,143,151,128,207,332,105,81,86,61,51,6,0,0
2026-06-24,1107,서대전네거리,승차,0,0,130,171,515,888,359,348,300,349,332,331,416,439,507,576,213,247,184,142,52,0,0,0
2026-06-24,1107,서대전네거리,하차,0,0,30,102,285,709,335,271,333,355,394,389,388,497,606,956,366,267,254,270,74,15,0,0
2026-06-24,1108,오룡,승차,0,0,93,146,476,779,263,200,222,227,238,179,220,392,358,692,173,108,83,63,27,0,0,0
2026-06-24,1108,오룡,하차,0,0,13,57,210,668,317,153,149,146,189,169,202,269,341,599,220,164,183,165,81,0,0,0
2026-06-24,1109,용문,승차,0,5,130,248,711,1287,423,367,385,417,691,598,587,548,570,505,267,260,500,200,132,0,0,0
2026-06-24,1109,용문,하차,0,5,36,67,254,653,390,396,647,434,457,434,482,567,753,1337,785,412,308,276,148,0,0,0
2026-06-24,1110,탄방,승차,0,7,51,154,333,510,266,245,309,225,230,259,303,333,559,793,223,186,195,247,38,0,0,0
2026-06-24,1110,탄방,하차,0,7,47,116,357,1200,454,229,226,210,296,232,258,360,425,692,287,169,164,176,89,0,0,0
2026-06-24,1111,시청,승차,0,0,55,124,313,465,351,292,346,365,409,418,478,646,951,1424,519,512,515,496,197,0,0,0
2026-06-24,1111,시청,하차,0,0,60,205,628,1881,724,386,392,342,477,503,553,658,711,846,332,229,210,199,95,11,0,0
2026-06-24,1112,정부청사,승차,0,0,30,76,225,422,293,269,347,299,373,383,490,670,1061,1849,452,346,282,172,102,0,0,0
2026-06-24,1112,정부청사,하차,0,0,106,248,733,2548,691,342,323,376,444,365,321,418,487,550,241,186,193,146,47,16,0,0
2026-06-24,1113,갈마,승차,0,0,79,144,341,494,215,184,161,179,185,133,163,214,225,201,118,88,91,58,37,2,0,0
2026-06-24,1113,갈마,하차,0,0,25,34,100,186,98,119,127,151,196,183,205,238,295,499,228,165,193,174,97,16,0,0
2026-06-24,1114,월평,승차,0,0,74,142,285,533,225,199,199,206,186,196,192,247,265,336,167,122,113,92,49,3,0,0
2026-06-24,1114,월평,하차,0,0,20,33,125,296,172,177,157,179,219,182,215,282,321,499,264,186,215,179,106,9,0,0
2026-06-24,1115,갑천,승차,0,0,27,41,125,206,71,74,43,47,63,33,61,72,78,124,41,32,13,11,6,0,0,0
2026-06-24,1115,갑천,하차,0,0,10,33,45,105,45,50,38,45,59,46,71,78,103,160,61,43,63,52,29,1,0,0
2026-06-24,1116,유성온천,승차,0,0,127,262,760,1386,554,503,454,550,575,521,723,741,869,917,448,410,367,226,151,1,0,0
2026-06-24,1116,유성온천,하차,0,0,83,157,386,874,573,493,437,461,551,520,615,715,1065,1441,644,468,520,530,279,27,0,0
2026-06-24,1117,구암,승차,0,0,48,82,269,445,234,264,275,251,298,261,263,287,257,326,173,129,101,43,25,6,0,0
2026-06-24,1117,구암,하차,0,0,24,80,210,361,256,278,265,223,233,201,261,234,269,366,165,119,119,95,72,11,0,0
2026-06-24,1118,현충원,승차,0,0,22,48,151,362,139,152,142,148,187,165,166,189,260,252,76,72,40,20,7,4,0,0
2026-06-24,1118,현충원,하차,0,0,13,52,94,181,120,128,103,96,120,91,111,138,146,224,70,70,97,98,44,18,0,0
2026-06-24,1119,월드컵경기장,승차,0,0,39,109,294,547,190,134,168,130,177,137,171,232,191,259,120,108,57,26,17,0,0,0
2026-06-24,1119,월드컵경기장,하차,0,0,12,41,205,245,124,112,98,117,121,109,122,170,231,389,182,125,129,123,68,14,0,0
2026-06-24,1120,노은,승차,0,0,46,94,390,521,238,197,194,220,218,205,305,313,332,429,215,189,192,174,49,3,0,0
2026-06-24,1120,노은,하차,0,0,19,57,206,367,269,191,162,194,251,245,339,369,396,633,301,197,209,178,91,18,0,0
2026-06-24,1121,지족,승차,0,0,33,78,188,237,107,105,73,111,132,112,147,153,203,399,84,64,72,26,15,1,0,0
2026-06-24,1121,지족,하차,0,0,14,33,151,486,96,74,89,86,63,104,116,123,140,216,125,93,102,102,74,14,0,0
2026-06-24,1122,반석,승차,0,1,95,232,995,1196,551,408,303,307,377,286,344,454,654,818,290,247,286,196,121,0,0,0
2026-06-24,1122,반석,하차,0,0,50,151,380,618,248,217,239,268,339,351,394,533,707,1193,387,380,417,401,205,26,0,0
2026-06-25,1101,판암,승차,0,4,122,198,553,675,323,197,182,271,266,230,219,245,292,321,114,93,68,36,26,0,0,0
2026-06-25,1101,판암,하차,0,0,11,73,169,307,146,142,149,184,179,219,254,367,347,596,232,178,189,187,81,32,0,0
2026-06-25,1102,신흥,승차,0,1,81,114,401,543,187,109,90,111,98,89,77,99,121,115,47,32,31,22,7,0,0,0
2026-06-25,1102,신흥,하차,0,1,10,24,62,111,52,57,73,68,110,98,138,189,187,462,185,139,131,121,66,8,0,0
2026-06-25,1103,대동,승차,0,0,97,150,403,697,268,187,162,210,232,223,228,486,351,421,147,95,138,74,24,0,0,0
2026-06-25,1103,대동,하차,0,0,24,54,284,417,138,124,138,182,202,181,242,262,323,507,240,163,199,193,130,27,0,0
2026-06-25,1104,대전,승차,0,0,15,196,538,642,669,687,650,851,703,847,955,929,1060,1047,784,541,468,450,224,0,0,0
2026-06-25,1104,대전,하차,0,0,176,487,962,1156,814,704,783,704,791,697,836,887,860,877,437,337,284,217,59,3,0,0
2026-06-25,1105,중앙로,승차,0,0,40,61,158,338,175,198,228,407,450,440,601,540,850,794,518,476,518,871,169,8,0,0
2026-06-25,1105,중앙로,하차,0,0,31,71,201,778,493,487,589,666,639,663,555,681,782,983,377,200,123,90,54,12,0,0
2026-06-25,1106,중구청,승차,0,0,28,63,168,263,123,93,133,127,125,122,172,332,322,420,108,74,110,118,25,6,0,0
2026-06-25,1106,중구청,하차,0,0,16,62,270,601,223,133,123,120,161,137,134,167,205,288,121,77,89,63,46,10,0,0
2026-06-25,1107,서대전네거리,승차,0,5,122,176,535,893,330,314,305,342,283,285,405,430,526,607,245,184,174,137,80,1,0,0
2026-06-25,1107,서대전네거리,하차,0,1,41,100,304,697,347,273,237,358,360,308,378,465,589,955,343,255,246,272,109,13,0,0
2026-06-25,1108,오룡,승차,0,0,91,151,463,828,284,186,212,223,196,212,168,381,350,751,168,92,80,59,27,0,0,0
2026-06-25,1108,오룡,하차,0,0,20,53,197,693,253,133,142,196,172,169,213,248,322,607,250,168,171,179,84,0,0,0
2026-06-25,1109,용문,승차,0,0,129,248,694,1253,436,364,329,497,504,394,366,455,536,535,258,227,251,153,170,0,0,0
2026-06-25,1109,용문,하차,0,0,28,75,233,585,426,324,308,342,436,407,402,566,710,1162,501,390,381,345,166,0,0,0
2026-06-25,1110,탄방,승차,0,0,56,131,324,534,281,179,264,215,235,275,276,340,553,795,224,149,207,214,56,0,0,0
2026-06-25,1110,탄방,하차,0,0,43,117,370,1215,404,204,193,219,292,260,290,351,398,619,293,175,142,156,82,0,0,0
2026-06-25,1111,시청,승차,0,0,55,138,282,431,285,272,339,398,361,429,493,549,869,1410,524,533,538,495,206,0,0,0
2026-06-25,1111,시청,하차,0,0,67,205,617,1854,718,353,326,377,486,420,460,661,735,885,439,250,201,216,106,12,0,0
2026-06-25,1112,정부청사,승차,0,0,33,98,265,371,289,253,293,288,332,333,577,652,1033,1850,470,374,275,202,65,0,0,0
2026-06-25,1112,정부청사,하차,0,0,90,253,738,2557,665,358,313,414,420,313,336,313,466,509,237,162,180,165,64,14,0,0
2026-06-25,1113,갈마,승차,0,0,81,133,346,491,189,147,142,168,162,141,163,216,225,228,98,94,75,53,48,1,0,0
2026-06-25,1113,갈마,하차,0,0,25,32,87,189,94,86,106,144,160,161,194,268,272,497,240,159,162,154,97,16,0,0
2026-06-25,1114,월평,승차,0,0,75,152,282,493,230,152,155,206,203,196,191,260,275,330,146,147,118,82,48,0,0,0
2026-06-25,1114,월평,하차,0,0,6,40,125,293,213,137,137,163,192,173,237,275,339,507,230,168,175,194,115,10,0,0
2026-06-25,1115,갑천,승차,0,0,22,53,121,223,78,52,45,53,59,47,56,66,109,106,39,27,27,11,6,0,0,0
2026-06-25,1115,갑천,하차,0,0,8,25,55,119,52,33,30,42,41,53,56,60,106,134,89,55,45,31,34,3,0,0
2026-06-25,1116,유성온천,승차,0,0,119,254,779,1381,549,363,441,568,536,517,655,824,831,880,457,399,360,261,119,6,0,0
2026-06-25,1116,유성온천,하차,0,0,81,169,407,871,600,385,464,486,550,551,529,679,982,1479,574,507,509,558,262,41,0,0
2026-06-25,1117,구암,승차,0,0,44,80,253,422,190,136,145,153,226,190,211,239,230,266,147,119,84,63,30,2,0,0
2026-06-25,1117,구암,하차,0,0,20,68,203,270,163,163,146,167,142,168,203,203,253,391,139,140,122,112,52,11,0,0
2026-06-25,1118,현충원,승차,0,0,24,54,166,332,154,117,128,159,168,127,155,196,253,218,81,72,51,27,9,0,0,0
2026-06-25,1118,현충원,하차,0,0,12,63,115,168,147,118,102,94,100,93,92,135,134,242,81,73,100,112,41,14,0,0
2026-06-25,1119,월드컵경기장,승차,0,0,25,116,327,508,190,108,126,147,127,152,136,218,222,254,99,87,72,32,15,0,0,0
2026-06-25,1119,월드컵경기장,하차,0,0,14,52,187,255,102,102,101,85,117,103,124,195,251,358,173,132,179,108,87,17,0,0
2026-06-25,1120,노은,승차,0,0,53,92,392,487,214,181,198,239,250,212,243,323,374,429,210,219,212,165,71,4,0,0
2026-06-25,1120,노은,하차,0,0,18,52,208,354,261,170,165,193,228,242,294,385,496,626,328,203,223,198,94,18,0,0
2026-06-25,1121,지족,승차,0,1,34,68,188,246,116,91,101,97,121,118,158,195,194,378,81,71,71,35,21,8,0,0
2026-06-25,1121,지족,하차,0,0,13,35,142,469,99,59,81,80,80,85,84,143,144,255,117,92,89,117,50,23,0,0
2026-06-25,1122,반석,승차,0,0,93,237,998,1158,467,325,307,326,352,287,366,484,714,764,348,252,271,196,104,0,0,0
2026-06-25,1122,반석,하차,0,0,54,147,371,667,246,165,214,218,294,335,362,538,732,1158,377,372,386,426,163,35,0,0
2026-06-26,1101,판암,승차,0,0,125,178,547,663,339,233,255,266,256,243,251,296,348,398,142,126,72,44,21,0,0,0
2026-06-26,1101,판암,하차,0,0,9,59,160,313,135,122,190,193,177,206,307,387,378,571,256,167,239,241,79,36,0,0
2026-06-26,1102,신흥,승차,0,0,61,105,415,540,163,126,103,115,105,85,102,131,175,151,92,43,28,15,9,0,0,0
2026-06-26,1102,신흥,하차,0,0,11,24,45,118,60,62,82,78,91,87,192,212,203,459,181,131,161,124,74,12,0,0
2026-06-26,1103,대동,승차,0,0,83,147,436,672,263,195,208,206,211,221,455,403,404,386,145,141,115,71,32,0,0,0
2026-06-26,1103,대동,하차,0,0,18,55,274,388,145,116,137,157,151,203,279,278,328,521,281,208,194,161,137,25,0,0
2026-06-26,1104,대전,승차,0,0,17,150,500,632,595,660,663,716,688,1006,1075,1300,1236,1257,945,572,745,486,231,11,0,0
2026-06-26,1104,대전,하차,0,0,146,411,944,1107,899,837,895,789,843,849,1027,1267,1266,1447,699,562,386,172,76,13,0,0
2026-06-26,1105,중앙로,승차,0,0,27,73,150,324,197,191,285,359,432,549,630,693,917,997,599,564,580,316,189,0,0,0
2026-06-26,1105,중앙로,하차,0,0,34,78,216,759,428,517,630,618,599,688,640,671,773,1056,570,306,193,115,73,8,0,0
2026-06-26,1106,중구청,승차,0,0,24,73,162,286,135,133,115,101,141,168,180,311,333,425,116,77,62,53,30,0,0,0
2026-06-26,1106,중구청,하차,0,0,15,53,248,633,199,116,127,159,158,151,150,159,174,246,117,59,69,59,43,10,0,0
2026-06-26,1107,서대전네거리,승차,0,1,109,157,519,798,356,339,372,384,346,367,443,488,556,648,324,258,204,176,93,0,0,0
2026-06-26,1107,서대전네거리,하차,0,0,29,102,284,722,316,325,336,344,415,275,478,545,719,1134,416,328,275,253,109,19,0,0
2026-06-26,1108,오룡,승차,0,0,93,134,462,765,253,206,263,293,247,265,310,325,412,626,265,127,90,83,44,0,0,0
2026-06-26,1108,오룡,하차,0,0,14,62,194,620,294,146,168,148,191,176,267,318,385,618,251,177,156,164,113,9,0,0
2026-06-26,1109,용문,승차,0,0,136,238,710,1283,474,363,438,488,454,442,458,568,638,609,387,304,213,158,103,0,0,0
2026-06-26,1109,용문,하차,0,0,31,66,253,595,410,342,394,363,422,477,529,648,795,1196,593,399,335,300,185,2,0,0
2026-06-26,1110,탄방,승차,0,0,48,137,326,501,229,223,319,245,220,282,347,369,599,792,233,197,164,199,54,0,0,0
2026-06-26,1110,탄방,하차,0,0,49,124,363,1120,401,244,223,228,287,280,312,390,453,681,286,174,179,117,98,1,0,0
2026-06-26,1111,시청,승차,0,0,60,121,309,432,317,310,392,351,390,466,597,712,1108,1546,494,515,497,518,257,0,0,0
2026-06-26,1111,시청,하차,0,0,57,170,584,1858,701,410,364,398,477,516,718,618,841,920,458,283,234,174,140,15,0,0
2026-06-26,1112,정부청사,승차,0,0,28,86,239,387,298,286,390,315,383,390,618,900,1086,1886,467,347,279,180,98,0,0,0
2026-06-26,1112,정부청사,하차,0,0,93,223,707,2370,706,340,279,339,388,389,386,423,581,516,321,198,210,158,71,15,0,0
2026-06-26,1113,갈마,승차,0,0,76,126,337,480,223,167,139,146,162,164,202,239,278,278,138,113,80,75,57,3,0,0
2026-06-26,1113,갈마,하차,0,1,32,35,88,162,113,115,118,148,164,152,242,253,322,483,276,189,210,170,99,16,0,0
2026-06-26,1114,월평,승차,0,0,61,134,295,471,225,175,210,229,246,238,272,354,328,460,201,156,130,120,67,0,0,0
2026-06-26,1114,월평,하차,0,0,12,52,130,287,202,144,194,226,180,185,250,309,394,554,277,216,206,164,122,12,0,0
2026-06-26,1115,갑천,승차,0,0,26,50,112,215,63,64,49,44,56,53,61,69,118,123,61,40,35,22,10,1,0,0
2026-06-26,1115,갑천,하차,0,0,8,36,50,118,35,39,46,51,39,46,71,72,106,149,75,58,62,36,29,1,0,0
2026-06-26,1116,유성온천,승차,0,0,105,238,754,1360,547,481,466,590,550,730,730,842,961,1039,532,466,427,313,235,6,0,0
2026-06-26,1116,유성온천,하차,0,0,67,168,404,863,569,444,516,488,521,627,666,753,1278,1583,825,589,468,490,292,33,0,0
2026-06-26,1117,구암,승차,0,0,48,67,243,399,165,131,180,198,184,216,261,277,299,328,258,197,150,66,32,1,0,0
2026-06-26,1117,구암,하차,0,0,19,61,172,291,170,125,176,175,182,180,267,247,348,489,151,148,159,99,62,14,0,0
2026-06-26,1118,현충원,승차,0,0,17,48,162,325,147,127,140,113,172,147,199,228,272,239,113,78,72,27,11,2,0,0
2026-06-26,1118,현충원,하차,0,0,13,48,82,152,116,96,127,115,92,85,127,124,151,250,113,77,120,96,51,22,0,0
2026-06-26,1119,월드컵경기장,승차,0,0,24,105,308,484,201,154,139,171,173,155,226,204,223,290,149,102,65,42,20,0,0,0
2026-06-26,1119,월드컵경기장,하차,0,0,11,49,211,254,115,87,109,129,111,117,128,236,280,406,173,116,138,136,76,14,0,0
2026-06-26,1120,노은,승차,0,0,52,95,372,503,237,197,227,218,264,247,354,313,392,456,273,186,212,168,87,1,0,0
2026-06-26,1120,노은,하차,0,0,20,42,200,365,239,182,225,249,221,363,356,423,522,675,348,226,235,207,123,34,0,0
2026-06-26,1121,지족,승차,0,0,27,69,178,236,112,107,115,113,109,142,182,149,218,414,97,80,67,37,18,0,0,0
2026-06-26,1121,지족,하차,0,0,15,31,152,454,93,63,67,111,102,91,117,151,179,258,107,112,123,91,54,13,0,0
2026-06-26,1122,반석,승차,0,0,93,250,964,1076,523,337,330,361,382,379,415,540,863,826,362,296,276,223,114,0,0,0
2026-06-26,1122,반석,하차,0,0,50,140,408,629,293,206,248,283,312,404,474,583,833,1114,453,365,449,384,194,32,0,0
2026-06-27,1101,판암,승차,0,1,88,113,212,268,329,286,287,249,257,213,184,207,242,162,118,96,64,33,21,0,0,0
2026-06-27,1101,판암,하차,0,0,16,45,89,139,140,180,161,230,180,190,240,220,259,230,172,196,208,149,98,29,0,0
2026-06-27,1102,신흥,승차,0,0,57,85,124,189,169,153,136,113,110,102,83,116,136,87,64,72,39,8,8,0,0,0
2026-06-27,1102,신흥,하차,0,0,8,22,45,47,63,47,62,87,135,99,119,147,126,155,116,95,122,91,68,4,0,0
2026-06-27,1103,대동,승차,0,0,65,99,160,225,269,236,284,244,200,196,172,231,296,153,114,94,61,39,32,0,0,0
2026-06-27,1103,대동,하차,0,0,16,34,58,172,101,125,133,120,176,163,153,171,223,200,150,211,178,143,114,14,0,0
2026-06-27,1104,대전,승차,0,0,14,189,399,509,697,892,1123,1066,946,1092,1168,1175,1137,848,699,687,785,657,358,1,0,0
2026-06-27,1104,대전,하차,0,0,194,507,651,896,1085,1110,1249,858,1072,1056,921,930,806,671,589,521,386,151,71,4,0,0
2026-06-27,1105,중앙로,승차,0,0,27,51,73,128,169,224,297,351,423,601,786,968,957,713,844,780,615,368,188,7,0,0
2026-06-27,1105,중앙로,하차,0,0,22,68,143,270,468,608,898,983,992,1006,867,849,906,748,490,314,172,86,68,10,0,0
2026-06-27,1106,중구청,승차,0,0,17,44,52,68,82,86,127,147,139,124,123,118,109,101,81,62,63,31,28,0,0,0
2026-06-27,1106,중구청,하차,0,0,9,51,52,100,109,102,128,126,137,118,128,131,149,106,81,71,49,50,40,4,0,0
2026-06-27,1107,서대전네거리,승차,0,1,91,92,172,306,331,323,428,442,394,307,285,289,305,276,218,208,169,95,99,0,0,0
2026-06-27,1107,서대전네거리,하차,0,0,29,73,118,244,338,264,325,313,387,295,309,326,465,404,295,247,225,218,125,19,0,0
2026-06-27,1108,오룡,승차,0,0,74,101,131,225,247,249,276,225,179,176,147,166,240,158,119,90,101,43,20,0,0,0
2026-06-27,1108,오룡,하차,0,0,22,57,77,150,135,136,136,166,210,147,163,238,179,188,152,153,111,127,100,1,0,0
2026-06-27,1109,용문,승차,0,7,125,153,235,389,418,439,451,492,567,478,468,559,613,477,297,276,161,95,99,0,0,0
2026-06-27,1109,용문,하차,0,7,35,103,198,303,348,371,510,464,488,493,472,513,592,469,375,314,288,263,165,1,0,0
2026-06-27,1110,탄방,승차,0,0,51,98,151,181,192,229,221,315,322,279,266,285,355,241,236,191,140,90,37,0,0,0
2026-06-27,1110,탄방,하차,0,0,31,82,120,270,344,311,329,325,304,254,240,272,303,246,159,156,160,117,107,0,0,0
2026-06-27,1111,시청,승차,0,0,43,73,119,205,221,302,386,495,514,440,442,484,501,542,433,460,308,409,176,0,0,0
2026-06-27,1111,시청,하차,0,0,33,79,209,422,497,441,513,563,453,397,399,418,561,483,313,248,217,131,87,19,0,0
2026-06-27,1112,정부청사,승차,0,0,28,66,119,175,224,254,265,329,368,344,345,362,397,367,277,269,197,125,69,2,0,0
2026-06-27,1112,정부청사,하차,0,0,47,108,142,280,326,366,386,396,375,404,339,398,355,295,223,204,195,127,64,32,0,0
2026-06-27,1113,갈마,승차,0,1,79,93,122,185,229,225,210,189,256,186,185,162,199,175,124,81,88,54,43,4,0,0
2026-06-27,1113,갈마,하차,0,0,28,29,45,103,88,128,160,174,207,205,185,213,287,226,205,148,145,136,140,21,0,0
2026-06-27,1114,월평,승차,0,0,62,102,153,201,226,209,244,207,195,195,176,191,212,206,141,127,105,87,45,2,0,0
2026-06-27,1114,월평,하차,0,0,13,26,48,86,119,153,179,152,195,221,203,228,325,270,222,202,162,167,133,22,0,0
2026-06-27,1115,갑천,승차,0,0,20,28,53,67,77,65,69,75,60,70,80,56,59,83,50,29,22,18,11,0,0,0
2026-06-27,1115,갑천,하차,0,0,11,28,34,49,52,57,76,79,71,59,62,61,66,64,42,50,47,40,32,4,0,0
2026-06-27,1116,유성온천,승차,0,1,119,182,345,505,521,630,644,633,678,638,647,589,678,490,396,437,373,243,178,3,0,0
2026-06-27,1116,유성온천,하차,0,0,68,111,197,475,447,453,574,606,540,551,609,804,897,792,575,544,480,400,299,38,0,0
2026-06-27,1117,구암,승차,0,3,41,54,98,156,184,225,267,253,219,235,218,226,249,207,149,142,107,48,35,1,0,0
2026-06-27,1117,구암,하차,0,3,21,56,128,179,208,184,237,235,171,230,202,216,280,168,140,113,140,80,67,7,0,0
2026-06-27,1118,현충원,승차,0,0,24,28,74,246,179,164,157,144,234,186,170,173,140,117,88,86,61,26,8,0,0,0
2026-06-27,1118,현충원,하차,0,0,10,33,63,97,173,158,127,96,85,101,108,131,170,104,73,66,83,75,28,10,0,0
2026-06-27,1119,월드컵경기장,승차,0,0,19,64,112,162,190,175,147,143,153,139,136,131,173,140,84,89,46,39,6,3,0,0
2026-06-27,1119,월드컵경기장,하차,0,0,14,45,65,68,88,93,117,108,84,105,95,129,171,148,113,88,129,101,53,11,0,0
2026-06-27,1120,노은,승차,0,0,46,60,120,211,234,226,261,307,275,258,243,277,316,227,183,151,134,118,66,1,0,0
2026-06-27,1120,노은,하차,0,0,15,28,97,197,200,212,250,251,288,273,284,286,321,291,245,232,206,157,87,24,0,0
2026-06-27,1121,지족,승차,0,0,27,43,91,108,125,117,129,109,161,106,97,130,114,117,45,34,48,18,15,4,0,0
2026-06-27,1121,지족,하차,0,0,6,22,35,69,52,63,75,91,122,96,86,107,123,102,92,90,82,100,52,18,0,0
2026-06-27,1122,반석,승차,0,0,96,125,262,400,453,489,473,419,360,294,362,412,445,275,207,178,186,149,82,0,0,0
2026-06-27,1122,반석,하차,0,0,41,75,117,192,249,235,264,275,312,328,302,395,496,378,296,349,339,258,155,34,0,0
2026-06-28,1101,판암,승차,0,0,81,92,137,209,201,212,225,206,182,183,171,140,148,107,95,82,45,20,19,0,0,0
2026-06-28,1101,판암,하차,0,0,10,45,67,84,101,105,150,117,147,178,140,204,215,179,143,121,152,93,50,24,0,0
2026-06-28,1102,신흥,승차,0,0,36,51,64,105,94,78,94,96,87,72,64,63,73,37,44,35,22,5,8,1,0,0
2026-06-28,1102,신흥,하차,0,0,6,16,28,24,34,59,54,64,57,60,100,77,99,85,75,82,79,50,39,5,0,0
2026-06-28,1103,대동,승차,0,0,55,68,104,171,180,173,173,179,165,165,130,145,143,99,91,70,53,23,28,0,0,0
2026-06-28,1103,대동,하차,0,0,12,34,47,67,50,97,99,94,128,119,171,152,193,167,150,182,117,126,77,18,0,0
2026-06-28,1104,대전,승차,0,0,10,159,231,311,440,692,653,692,674,824,977,989,942,725,779,917,906,774,469,0,0,0
2026-06-28,1104,대전,하차,0,0,125,316,351,511,614,654,773,543,685,687,604,652,646,538,553,454,285,119,31,2,0,0
2026-06-28,1105,중앙로,승차,0,0,17,36,53,80,138,177,204,263,383,478,538,708,641,628,563,572,350,199,128,1,0,0
2026-06-28,1105,중앙로,하차,0,0,22,51,98,205,322,454,687,736,734,739,642,632,505,387,299,153,112,45,54,1,0,0
2026-06-28,1106,중구청,승차,0,0,16,18,39,61,41,50,62,86,76,81,108,84,73,87,56,45,27,29,12,0,0,0
2026-06-28,1106,중구청,하차,0,0,10,32,21,37,52,69,70,100,113,98,89,92,107,69,65,41,68,39,32,5,0,0
2026-06-28,1107,서대전네거리,승차,0,0,60,53,85,161,170,230,178,253,262,185,251,222,212,194,180,121,123,62,46,0,0,0
2026-06-28,1107,서대전네거리,하차,0,0,27,65,76,130,159,181,181,220,208,231,240,293,354,293,183,245,172,123,67,5,0,0
2026-06-28,1108,오룡,승차,0,0,57,58,86,110,137,149,167,230,158,160,154,126,103,113,152,79,86,26,23,0,0,0
2026-06-28,1108,오룡,하차,0,0,16,46,49,119,112,169,68,105,103,107,127,131,159,132,143,116,102,68,65,1,0,0
2026-06-28,1109,용문,승차,0,0,64,89,135,193,241,507,427,395,564,429,424,442,477,292,227,191,239,67,57,0,0,0
2026-06-28,1109,용문,하차,0,0,19,62,153,543,316,336,557,295,288,355,445,390,391,346,337,246,249,158,104,0,0,0
2026-06-28,1110,탄방,승차,0,8,42,52,80,109,106,137,115,174,216,210,186,175,215,158,135,92,94,44,26,5,0,0
2026-06-28,1110,탄방,하차,0,8,16,50,69,87,184,194,153,196,182,176,171,164,199,140,153,141,142,101,93,5,0,0
2026-06-28,1111,시청,승차,0,0,34,41,76,127,149,169,161,220,228,248,305,344,310,350,310,214,223,145,88,1,0,0
2026-06-28,1111,시청,하차,0,0,13,51,65,151,192,223,247,322,336,333,283,291,273,244,172,185,187,110,88,20,0,0
2026-06-28,1112,정부청사,승차,0,0,22,44,63,116,108,169,146,176,149,182,307,274,244,285,205,172,128,74,52,1,0,0
2026-06-28,1112,정부청사,하차,0,0,24,64,68,147,206,292,273,244,218,273,272,273,206,184,172,160,187,115,59,25,0,0
2026-06-28,1113,갈마,승차,0,0,38,57,96,143,133,122,125,136,137,115,141,121,131,120,103,85,60,16,34,0,0,0
2026-06-28,1113,갈마,하차,0,0,11,19,26,62,65,90,93,131,147,156,149,184,189,154,148,143,132,120,90,19,0,0
2026-06-28,1114,월평,승차,0,1,37,56,71,151,150,163,148,168,152,159,144,111,97,139,105,81,73,31,24,3,0,0
2026-06-28,1114,월평,하차,0,0,13,10,25,81,88,107,102,122,133,176,190,217,214,190,228,188,185,186,135,18,0,0
2026-06-28,1115,갑천,승차,0,0,19,20,28,51,44,70,42,53,58,47,43,39,52,51,34,36,18,10,3,0,0,0
2026-06-28,1115,갑천,하차,0,0,7,26,16,33,44,41,41,46,32,46,56,45,54,54,57,51,42,45,25,7,0,0
2026-06-28,1116,유성온천,승차,0,0,61,154,182,358,403,413,433,400,457,447,443,430,476,396,346,338,246,123,111,4,0,0
2026-06-28,1116,유성온천,하차,0,0,48,95,152,225,247,278,357,402,401,503,468,609,542,545,441,407,437,366,242,34,0,0
2026-06-28,1117,구암,승차,0,0,27,32,57,108,103,144,177,160,164,163,156,195,185,177,186,122,87,45,26,1,0,0
2026-06-28,1117,구암,하차,0,0,13,45,66,81,148,121,126,116,126,173,186,158,187,153,174,161,126,56,40,4,0,0
2026-06-28,1118,현충원,승차,0,0,12,26,33,161,95,119,110,117,164,131,144,138,108,126,62,95,34,15,1,3,0,0
2026-06-28,1118,현충원,하차,0,0,8,26,72,80,117,96,93,83,57,64,99,99,91,72,83,83,88,69,32,6,0,0
2026-06-28,1119,월드컵경기장,승차,0,0,12,36,72,107,99,125,100,104,133,120,113,104,104,111,71,55,36,28,5,0,0,0
2026-06-28,1119,월드컵경기장,하차,0,0,6,17,53,44,68,69,79,76,53,108,91,103,110,123,113,84,95,75,36,21,0,0
2026-06-28,1120,노은,승차,0,0,27,45,53,130,129,108,180,179,167,173,185,192,168,171,149,106,94,86,43,3,0,0
2026-06-28,1120,노은,하차,0,0,8,17,54,86,100,98,135,166,210,198,236,250,219,217,176,129,115,96,38,24,0,0
2026-06-28,1121,지족,승차,0,0,23,32,45,80,68,82,90,136,97,84,74,66,81,34,45,35,30,10,15,0,0,0
2026-06-28,1121,지족,하차,0,0,8,23,22,49,82,49,52,52,45,52,99,104,80,80,76,73,58,47,52,17,0,0
2026-06-28,1122,반석,승차,0,0,45,73,148,213,303,284,297,318,271,281,267,203,190,206,147,150,134,91,45,0,0,0
2026-06-28,1122,반석,하차,0,0,17,51,63,138,165,146,187,182,219,249,262,334,347,288,257,236,243,136,120,25,0,0
2026-06-29,1101,판암,승차,0,0,128,179,541,700,323,228,211,233,239,229,215,294,272,320,111,100,61,24,21,0,0,0
2026-06-29,1101,판암,하차,0,0,13,68,159,311,152,189,187,195,188,200,244,335,371,582,277,182,179,170,53,24,0,0
2026-06-29,1102,신흥,승차,0,0,84,109,404,506,207,112,86,109,104,86,65,100,90,99,55,40,17,12,12,0,0,0
2026-06-29,1102,신흥,하차,0,0,9,22,53,95,45,57,85,112,110,78,134,199,227,433,207,135,132,65,47,11,0,0
2026-06-29,1103,대동,승차,0,0,106,149,463,652,289,197,177,189,249,203,233,451,308,394,127,110,127,58,32,1,0,0
2026-06-29,1103,대동,하차,0,0,27,66,217,481,137,129,138,168,181,175,216,269,383,531,247,172,209,144,106,16,0,0
2026-06-29,1104,대전,승차,0,0,19,200,737,1031,833,861,765,857,719,743,796,904,934,992,649,478,377,326,167,3,0,0
2026-06-29,1104,대전,하차,0,0,241,550,945,1104,793,724,767,596,623,634,729,836,770,850,389,280,216,92,50,3,0,0
2026-06-29,1105,중앙로,승차,0,0,29,77,130,292,210,203,234,346,485,479,535,688,789,969,525,442,423,212,102,2,0,0
2026-06-29,1105,중앙로,하차,0,0,31,60,185,784,427,536,621,625,521,569,597,523,571,753,329,177,131,72,44,6,0,0
2026-06-29,1106,중구청,승차,0,0,29,59,161,266,131,132,116,127,108,151,163,265,282,411,109,100,78,41,13,7,0,0
2026-06-29,1106,중구청,하차,0,0,17,56,281,598,225,125,119,123,130,127,132,136,154,246,110,84,78,46,34,10,0,0
2026-06-29,1107,서대전네거리,승차,0,3,111,180,525,876,337,336,329,307,312,280,373,394,470,544,208,166,159,118,66,2,0,0
2026-06-29,1107,서대전네거리,하차,0,0,41,98,286,686,320,313,301,300,337,324,350,458,573,927,382,260,226,206,77,16,0,0
2026-06-29,1108,오룡,승차,0,0,87,162,445,847,276,205,235,305,239,177,177,278,322,606,177,101,53,49,24,0,0,0
2026-06-29,1108,오룡,하차,0,0,17,68,191,644,236,149,138,139,165,133,200,274,336,615,247,181,156,124,68,4,0,0
2026-06-29,1109,용문,승차,0,0,136,241,675,1295,457,433,362,420,441,359,469,501,511,523,281,243,220,120,145,0,0,0
2026-06-29,1109,용문,하차,0,0,26,73,246,591,393,368,333,371,428,414,481,594,694,1220,555,345,352,212,134,0,0,0
2026-06-29,1110,탄방,승차,0,0,63,148,316,528,273,249,259,282,227,231,321,338,491,844,220,192,183,140,30,0,0,0
2026-06-29,1110,탄방,하차,0,0,46,98,424,1213,500,273,197,227,321,233,255,287,329,636,258,149,137,99,70,0,0,0
2026-06-29,1111,시청,승차,0,0,57,109,318,400,283,313,342,327,342,401,516,727,882,1566,553,527,458,433,134,0,0,0
2026-06-29,1111,시청,하차,0,0,66,171,636,1904,731,391,383,421,535,472,467,638,642,771,313,205,166,119,79,7,0,0
2026-06-29,1112,정부청사,승차,0,0,38,84,246,383,249,248,321,290,254,333,528,671,1019,1914,471,344,240,154,81,2,0,0
2026-06-29,1112,정부청사,하차,0,0,90,272,786,2719,783,449,389,344,376,344,311,339,415,502,207,166,159,84,45,17,0,0
2026-06-29,1113,갈마,승차,0,0,94,128,350,507,228,155,170,147,153,143,173,212,214,199,103,85,76,31,34,1,0,0
2026-06-29,1113,갈마,하차,0,0,20,43,110,183,142,123,140,171,178,159,179,246,309,485,210,160,142,122,65,17,0,0
2026-06-29,1114,월평,승차,0,0,74,128,288,477,245,171,185,151,210,185,200,169,243,282,125,137,104,66,46,0,0,0
2026-06-29,1114,월평,하차,0,0,10,34,121,342,199,207,169,204,181,199,209,232,329,522,228,189,172,151,87,8,0,0
2026-06-29,1115,갑천,승차,0,0,21,46,128,224,85,64,41,44,39,38,46,51,90,133,26,32,22,10,6,1,0,0
2026-06-29,1115,갑천,하차,0,0,10,25,49,108,46,40,53,58,37,45,60,71,96,161,80,43,43,26,26,5,0,0
2026-06-29,1116,유성온천,승차,0,0,131,263,730,1289,516,406,417,530,583,477,505,729,727,862,371,366,294,203,122,2,0,0
2026-06-29,1116,유성온천,하차,0,0,69,134,442,872,548,472,521,477,539,546,480,667,971,1415,634,400,483,335,215,28,0,0
2026-06-29,1117,구암,승차,0,0,51,74,276,457,249,286,224,261,237,211,239,217,235,246,151,95,61,56,23,1,0,0
2026-06-29,1117,구암,하차,0,0,17,84,208,343,270,260,215,221,211,226,203,246,249,374,173,155,121,82,42,4,0,0
2026-06-29,1118,현충원,승차,0,0,19,65,180,334,146,115,111,151,182,125,120,179,210,217,56,66,34,22,1,4,0,0
2026-06-29,1118,현충원,하차,0,0,8,40,89,189,142,116,111,101,96,78,90,121,151,229,78,77,81,67,39,12,0,0
2026-06-29,1119,월드컵경기장,승차,0,0,39,115,284,516,197,143,167,156,167,145,165,203,183,244,89,71,44,17,12,0,0,0
2026-06-29,1119,월드컵경기장,하차,0,0,11,52,192,249,127,126,99,130,118,115,128,182,220,369,189,108,141,101,55,18,0,0
2026-06-29,1120,노은,승차,0,0,54,101,403,477,228,238,197,260,249,197,290,257,324,404,211,177,190,132,54,3,0,0
2026-06-29,1120,노은,하차,0,0,24,47,212,369,261,209,183,216,238,265,264,368,423,656,303,172,167,122,82,17,0,0
2026-06-29,1121,지족,승차,0,1,39,80,185,270,122,103,96,121,110,128,137,153,198,346,91,62,63,33,24,1,0,0
2026-06-29,1121,지족,하차,0,0,12,38,151,476,105,82,91,118,85,74,102,120,138,256,118,94,87,75,48,9,0,0
2026-06-29,1122,반석,승차,0,0,99,264,981,1145,544,313,317,295,323,296,357,374,546,790,305,264,233,164,106,0,0,0
2026-06-29,1122,반석,하차,0,0,53,168,424,609,255,206,233,261,309,313,392,501,643,1153,388,339,348,299,125,17,0,0
2026-06-30,1101,판암,승차,0,5,113,194,546,657,336,237,197,234,252,213,221,218,297,309,115,82,75,32,26,0,0,0
2026-06-30,1101,판암,하차,0,0,11,63,159,333,138,146,162,180,196,192,268,341,338,568,234,164,180,152,74,20,0,0
2026-06-30,1102,신흥,승차,0,0,68,104,427,544,188,107,81,95,90,90,66,102,96,110,42,40,24,12,12,8,0,0
2026-06-30,1102,신흥,하차,0,0,14,25,51,106,51,51,79,118,98,100,136,159,219,450,208,124,115,92,52,14,0,0
2026-06-30,1103,대동,승차,0,0,86,159,451,667,300,204,201,263,291,187,224,466,300,382,123,99,129,41,27,7,0,0
2026-06-30,1103,대동,하차,0,0,20,61,286,416,156,127,155,193,160,159,218,313,331,517,247,164,192,187,84,27,0,0
2026-06-30,1104,대전,승차,0,1,26,189,535,637,619,690,700,883,666,709,882,947,940,1002,660,452,463,299,161,1,0,0
2026-06-30,1104,대전,하차,0,0,157,455,857,1084,789,712,733,629,666,626,725,847,787,837,421,384,333,120,53,3,0,0
2026-06-30,1105,중앙로,승차,0,0,36,76,139,285,164,184,265,362,447,477,533,636,781,847,482,551,797,275,123,1,0,0
2026-06-30,1105,중앙로,하차,0,0,43,63,196,738,428,496,567,577,644,552,576,664,636,828,324,189,146,78,31,2,0,0
2026-06-30,1106,중구청,승차,0,0,31,67,162,272,122,134,155,147,156,142,150,306,342,421,126,94,119,39,30,0,0,0
2026-06-30,1106,중구청,하차,0,0,17,74,285,679,204,125,118,142,157,117,132,163,200,277,108,70,85,54,46,3,0,0
2026-06-30,1107,서대전네거리,승차,0,0,120,166,555,854,311,298,304,362,329,297,386,425,459,582,232,164,159,89,57,0,0,0
2026-06-30,1107,서대전네거리,하차,0,0,44,92,272,746,351,230,295,324,329,277,359,431,557,853,379,237,259,212,71,16,0,0
2026-06-30,1108,오룡,승차,0,0,92,149,456,816,262,181,206,305,254,189,187,303,338,574,174,80,67,48,24,0,0,0
2026-06-30,1108,오룡,하차,0,0,18,60,203,648,274,118,161,184,175,163,163,279,341,539,263,158,160,139,70,1,0,0
2026-06-30,1109,용문,승차,0,0,124,252,695,1309,459,373,370,466,483,369,367,551,514,524,259,205,278,116,127,0,0,0
2026-06-30,1109,용문,하차,0,0,32,86,264,576,399,371,327,386,413,428,446,566,708,1214,514,289,364,214,109,1,0,0
2026-06-30,1110,탄방,승차,0,0,54,145,349,521,213,194,258,233,212,240,286,317,506,770,249,187,239,171,41,0,0,0
2026-06-30,1110,탄방,하차,0,0,46,113,390,1152,389,243,201,252,318,239,268,351,334,710,227,161,180,110,71,0,0,0
2026-06-30,1111,시청,승차,0,0,44,111,310,456,281,287,329,331,388,385,454,681,998,1455,557,478,481,377,170,0,0,0
2026-06-30,1111,시청,하차,0,0,62,175,643,1902,672,414,367,405,542,469,404,576,658,743,313,211,226,143,72,4,0,0
2026-06-30,1112,정부청사,승차,0,0,41,80,245,391,244,248,254,307,310,328,469,619,941,1832,470,329,303,163,69,1,0,0
2026-06-30,1112,정부청사,하차,0,0,100,243,747,2597,716,315,268,336,391,307,326,359,431,479,256,187,158,116,36,9,0,0
2026-06-30,1113,갈마,승차,0,0,88,130,346,475,213,123,149,161,178,121,137,134,185,203,104,83,68,42,31,1,0,0
2026-06-30,1113,갈마,하차,0,0,24,32,101,157,100,87,112,160,190,139,168,232,275,475,245,195,178,116,73,13,0,0
2026-06-30,1114,월평,승차,0,0,74,121,314,501,219,171,156,185,188,201,175,216,260,335,166,119,114,64,23,0,0,0
2026-06-30,1114,월평,하차,0,0,17,46,118,341,154,165,169,203,170,180,220,265,317,518,226,175,179,138,83,8,0,0
2026-06-30,1115,갑천,승차,0,0,18,41,122,212,66,59,40,37,49,34,45,64,99,98,53,21,30,15,11,2,0,0
2026-06-30,1115,갑천,하차,0,0,6,39,49,107,40,31,43,65,51,46,41,75,91,164,68,61,46,28,24,4,0,0
2026-06-30,1116,유성온천,승차,0,14,115,244,766,1320,556,474,401,506,551,534,581,686,737,817,421,338,301,213,125,3,0,0
2026-06-30,1116,유성온천,하차,0,13,79,159,412,840,558,417,496,463,520,525,476,650,971,1463,620,381,520,371,203,28,0,0
2026-06-30,1117,구암,승차,0,0,41,86,258,415,168,129,123,191,197,151,165,256,219,254,152,101,90,48,20,1,0,0
2026-06-30,1117,구암,하차,0,0,21,59,163,242,173,147,160,139,140,142,186,164,272,384,153,102,122,100,38,9,0,0
2026-06-30,1118,현충원,승차,0,0,21,51,164,300,127,113,99,136,161,129,167,198,208,224,68,59,37,23,9,0,0,0
2026-06-30,1118,현충원,하차,0,0,9,41,102,160,149,86,105,105,112,78,92,100,127,239,64,85,66,111,40,10,0,0
2026-06-30,1119,월드컵경기장,승차,0,0,30,107,299,536,187,114,146,169,172,120,135,162,210,243,110,74,65,25,8,0,0,0
2026-06-30,1119,월드컵경기장,하차,0,0,13,44,199,250,104,80,98,132,106,93,103,180,224,357,178,119,133,129,60,13,0,0
2026-06-30,1120,노은,승차,0,0,50,101,382,461,225,189,210,269,237,195,252,264,367,395,204,211,211,158,46,2,0,0
2026-06-30,1120,노은,하차,0,0,16,53,211,382,234,186,162,213,252,256,274,395,426,643,285,188,192,152,76,17,0,0
2026-06-30,1121,지족,승차,0,0,31,64,172,252,111,90,91,95,104,95,130,186,210,382,90,70,58,24,18,0,0,0
2026-06-30,1121,지족,하차,0,0,14,32,143,466,94,55,53,107,114,77,100,107,179,216,104,73,106,71,67,9,0,0
2026-06-30,1122,반석,승차,0,0,84,236,944,1152,522,311,292,273,339,297,351,438,622,811,283,230,240,158,85,0,0,0
2026-06-30,1122,반석,하차,0,0,61,142,404,667,260,199,238,282,329,298,352,477,667,1146,425,303,407,385,138,27,0,0