일자,역번호,역명,구분,05_06,06_07,07_08,08_09,09_10,10_11,11_12,12_13,13_14,14_15,15_16,16_17,17_18,18_19,19_20,20_21,21_22,22_23,23_24
2026-01-01,100,녹동                ,승차,0,0,3,9,4,7,4,11,5,0,3,2,7,7,0,0,1,0,0
2026-01-01,100,녹동                ,하차,0,0,0,0,5,2,1,5,2,1,9,6,2,3,2,0,4,3,0
2026-01-01,101,소태                ,승차,8,26,52,77,86,95,111,114,108,108,85,73,80,57,42,21,20,13,7
2026-01-01,101,소태                ,하차,1,60,45,41,40,50,63,74,65,87,103,86,113,99,74,67,50,74,30
2026-01-01,102,학동증심사          ,승차,11,24,27,55,83,70,85,115,110,86,74,84,66,33,37,14,14,15,8
2026-01-01,102,학동증심사          ,하차,1,42,48,70,82,61,83,71,67,86,74,84,80,61,45,30,27,31,21
2026-01-01,103,남광주              ,승차,14,54,67,80,94,101,108,121,131,150,142,107,153,80,81,55,29,42,46
2026-01-01,103,남광주              ,하차,2,69,50,79,96,98,110,131,128,123,137,119,115,107,54,76,66,92,53
2026-01-01,104,문화전당            ,승차,37,35,26,25,39,62,73,81,119,115,177,194,218,186,167,198,145,140,53
2026-01-01,104,문화전당            ,하차,4,17,39,53,66,104,154,185,212,192,209,177,200,146,99,56,54,42,31
2026-01-01,105,금남로4가           ,승차,20,22,25,44,72,61,122,94,175,203,246,270,371,199,180,105,153,84,21
2026-01-01,105,금남로4가           ,하차,14,39,26,50,129,152,213,257,336,267,283,191,180,106,55,69,50,34,32
2026-01-01,106,금남로5가           ,승차,8,22,22,21,39,34,35,42,61,84,112,111,66,33,41,32,32,14,10
2026-01-01,106,금남로5가           ,하차,6,12,17,17,38,58,54,88,100,90,57,51,44,49,37,34,24,15,28
2026-01-01,107,양동시장            ,승차,15,32,40,44,47,65,66,78,79,97,108,94,91,48,29,21,23,9,10
2026-01-01,107,양동시장            ,하차,12,24,32,37,73,73,78,81,74,85,118,93,85,38,17,25,22,16,14
2026-01-01,108,돌고개              ,승차,14,19,31,71,57,57,91,79,74,59,48,57,74,44,30,28,19,22,9
2026-01-01,108,돌고개              ,하차,16,35,15,19,26,38,52,74,48,63,69,95,71,69,42,47,46,45,29
2026-01-01,109,농성                ,승차,18,24,35,64,67,83,111,146,109,124,127,123,93,74,51,44,43,25,14
2026-01-01,109,농성                ,하차,12,26,25,70,89,91,94,74,95,113,100,118,110,112,83,57,49,32,32
2026-01-01,110,화정                ,승차,14,24,34,50,64,63,58,62,87,292,79,62,56,45,37,31,22,10,5
2026-01-01,110,화정                ,하차,4,33,23,33,48,30,39,43,41,44,50,60,79,69,72,49,39,37,37
2026-01-01,111,쌍촌                ,승차,23,31,43,66,132,129,95,98,86,78,84,80,62,73,36,37,15,25,4
2026-01-01,111,쌍촌                ,하차,8,16,20,36,34,43,38,44,48,62,69,82,125,83,54,73,76,41,43
2026-01-01,112,운천                ,승차,83,138,72,71,91,91,92,110,127,106,116,108,111,95,86,70,72,67,49
2026-01-01,112,운천                ,하차,8,20,30,45,66,68,62,64,75,91,129,134,145,147,132,113,121,84,78
2026-01-01,113,상무                ,승차,47,55,72,62,84,93,109,92,128,107,117,138,115,116,92,111,75,48,24
2026-01-01,113,상무                ,하차,14,36,32,61,95,89,113,102,109,115,145,164,191,152,91,72,76,72,47
2026-01-01,114,컨벤션센터          ,승차,8,17,14,15,23,25,27,38,22,67,42,30,43,21,18,20,21,14,4
2026-01-01,114,컨벤션센터          ,하차,4,8,14,21,20,21,27,32,29,30,38,34,42,34,17,20,9,18,5
2026-01-01,115,공항                ,승차,9,5,16,25,63,33,31,88,29,52,41,54,46,35,15,25,11,10,3
2026-01-01,115,공항                ,하차,6,12,27,19,15,12,31,31,43,24,33,39,61,27,29,17,15,21,12
2026-01-01,116,송정공원            ,승차,28,29,37,68,66,56,118,82,111,93,152,95,107,55,43,26,14,18,6
2026-01-01,116,송정공원            ,하차,15,26,45,69,64,48,66,105,92,66,91,90,124,72,81,60,70,52,29
2026-01-01,117,광주송정            ,승차,21,21,51,103,163,195,231,281,195,254,295,261,334,190,182,219,218,107,123
2026-01-01,117,광주송정            ,하차,44,51,111,122,151,222,174,180,231,229,234,250,254,202,158,211,106,67,39
2026-01-01,118,도산                ,승차,14,23,41,55,49,64,50,76,84,54,56,52,51,33,24,30,24,15,7
2026-01-01,118,도산                ,하차,10,17,38,29,24,31,37,47,54,54,67,63,78,69,43,43,44,32,20
2026-01-01,119,평동                ,승차,15,19,31,36,31,45,48,55,76,83,81,86,68,56,33,16,19,7,17
2026-01-01,119,평동                ,하차,7,48,47,73,35,30,32,41,63,44,66,47,53,48,50,29,24,21,17
2026-01-02,100,녹동                ,승차,2,4,22,27,18,11,18,11,11,14,4,8,17,31,2,1,0,3,0
2026-01-02,100,녹동                ,하차,0,2,10,20,1,6,2,9,8,8,7,7,17,13,4,6,1,8,2
2026-01-02,101,소태                ,승차,32,67,203,312,156,129,117,124,186,152,157,156,174,168,79,40,36,30,11
2026-01-02,101,소태                ,하차,1,39,76,207,71,73,94,114,79,136,140,148,213,279,145,83,103,90,51
2026-01-02,102,학동증심사          ,승차,24,39,121,207,127,135,149,225,133,131,130,206,133,145,66,23,24,26,21
2026-01-02,102,학동증심사          ,하차,1,26,98,212,124,99,105,127,142,113,145,164,162,200,75,55,46,42,30
2026-01-02,103,남광주              ,승차,26,93,212,336,247,229,231,225,226,245,279,297,473,307,131,96,64,68,51
2026-01-02,103,남광주              ,하차,6,133,286,577,319,182,182,194,228,243,207,229,268,377,119,101,115,112,57
2026-01-02,104,문화전당            ,승차,10,29,56,88,45,88,88,133,165,182,238,320,411,481,228,184,190,234,128
2026-01-02,104,문화전당            ,하차,5,33,103,541,238,191,209,291,263,217,198,268,281,334,157,119,50,53,53
2026-01-02,105,금남로4가           ,승차,20,67,149,231,122,126,161,237,225,316,373,439,437,566,272,183,192,150,34
2026-01-02,105,금남로4가           ,하차,29,62,142,546,322,269,248,316,375,314,257,250,290,356,147,78,63,41,27
2026-01-02,106,금남로5가           ,승차,17,55,98,145,86,94,94,107,118,141,192,178,256,341,73,90,33,22,11
2026-01-02,106,금남로5가           ,하차,27,27,103,408,189,160,141,148,151,140,108,96,120,148,62,38,41,35,22
2026-01-02,107,양동시장            ,승차,23,50,141,227,113,132,138,148,171,163,174,195,204,251,75,36,22,15,7
2026-01-02,107,양동시장            ,하차,17,26,96,299,130,159,156,163,189,173,213,173,155,181,61,32,40,34,26
2026-01-02,108,돌고개              ,승차,30,81,194,361,148,109,124,110,111,106,95,103,135,123,56,41,39,24,27
2026-01-02,108,돌고개              ,하차,13,27,46,160,102,80,102,101,113,124,144,175,180,270,118,73,72,55,64
2026-01-02,109,농성                ,승차,45,77,201,444,181,164,197,183,210,162,181,194,248,289,110,87,59,32,14
2026-01-02,109,농성                ,하차,18,45,108,262,165,122,133,127,197,183,183,230,270,391,143,92,77,84,52
2026-01-02,110,화정                ,승차,25,76,202,359,149,393,117,132,118,122,109,121,157,144,74,33,44,20,10
2026-01-02,110,화정                ,하차,9,13,65,165,89,71,106,76,75,91,118,166,195,281,124,63,77,53,45
2026-01-02,111,쌍촌                ,승차,56,100,275,517,197,147,120,121,171,101,227,125,160,134,94,61,79,22,29
2026-01-02,111,쌍촌                ,하차,3,15,50,124,78,60,89,102,82,93,131,174,300,384,129,92,113,103,88
2026-01-02,112,운천                ,승차,43,83,297,502,239,158,238,182,179,130,197,211,278,281,150,82,87,97,65
2026-01-02,112,운천                ,하차,18,35,129,550,151,146,119,133,169,130,160,197,410,721,275,204,154,149,76
2026-01-02,113,상무                ,승차,40,116,315,482,223,203,232,240,248,247,263,293,415,529,179,168,156,134,48
2026-01-02,113,상무                ,하차,27,59,142,701,334,195,185,192,274,254,321,326,448,550,268,148,89,122,56
2026-01-02,114,컨벤션센터          ,승차,10,18,76,118,52,57,49,44,57,58,70,63,125,159,49,35,29,11,5
2026-01-02,114,컨벤션센터          ,하차,12,41,49,208,74,52,49,48,70,53,66,87,106,113,42,27,23,20,23
2026-01-02,115,공항                ,승차,11,27,94,158,66,90,43,79,61,71,53,117,108,75,29,32,40,11,4
2026-01-02,115,공항                ,하차,7,32,64,91,48,27,67,52,55,62,60,92,75,108,35,34,23,26,22
2026-01-02,116,송정공원            ,승차,39,99,287,458,199,149,134,138,142,118,172,175,288,236,78,54,37,25,160
2026-01-02,116,송정공원            ,하차,24,62,143,257,104,73,91,154,144,118,159,201,276,347,176,94,126,82,35
2026-01-02,117,광주송정            ,승차,22,53,202,372,240,194,268,345,271,308,274,281,687,513,312,292,304,127,111
2026-01-02,117,광주송정            ,하차,43,110,361,389,215,352,277,267,279,291,285,335,396,600,307,212,114,121,57
2026-01-02,118,도산                ,승차,35,74,172,247,137,79,70,106,82,95,73,92,145,153,56,41,29,12,17
2026-01-02,118,도산                ,하차,14,30,59,97,39,28,85,64,60,81,102,117,159,193,90,65,57,69,22
2026-01-02,119,평동                ,승차,10,25,49,77,62,77,102,77,124,92,130,158,342,202,68,49,17,15,15
2026-01-02,119,평동                ,하차,3,147,366,281,80,44,73,84,87,63,71,40,81,82,43,32,35,39,13
2026-01-03,100,녹동                ,승차,0,1,11,12,11,5,7,6,7,9,5,15,17,12,1,0,5,0,0
2026-01-03,100,녹동                ,하차,0,0,1,4,4,4,4,4,5,3,8,10,10,4,4,2,8,5,0
2026-01-03,101,소태                ,승차,20,33,78,104,156,162,134,169,168,142,150,162,128,77,56,52,39,26,10
2026-01-03,101,소태                ,하차,3,29,44,62,73,72,85,92,112,93,138,136,148,188,101,108,118,56,50
2026-01-03,102,학동증심사          ,승차,20,32,45,85,91,99,121,176,139,105,118,141,143,60,50,24,21,17,16
2026-01-03,102,학동증심사          ,하차,1,20,56,111,106,93,94,76,118,92,109,125,124,80,61,86,57,53,32
2026-01-03,103,남광주              ,승차,23,63,130,148,194,188,152,222,208,208,201,220,194,140,102,84,70,42,46
2026-01-03,103,남광주              ,하차,2,74,93,178,122,161,179,168,157,180,180,164,211,176,105,157,130,87,83
2026-01-03,104,문화전당            ,승차,14,22,33,49,60,62,64,127,172,190,238,361,410,331,267,251,197,243,93
2026-01-03,104,문화전당            ,하차,2,22,53,121,144,179,297,300,361,300,291,256,281,272,157,95,72,34,38
2026-01-03,105,금남로4가           ,승차,17,30,51,77,68,108,107,140,217,284,387,436,484,404,288,210,161,92,42
2026-01-03,105,금남로4가           ,하차,15,25,41,129,186,249,352,421,448,380,355,278,279,156,72,79,82,46,31
2026-01-03,106,금남로5가           ,승차,36,14,28,54,48,58,61,84,104,95,128,182,152,102,93,75,42,27,17
2026-01-03,106,금남로5가           ,하차,6,11,15,40,83,84,117,139,168,122,110,71,82,61,37,36,61,26,24
2026-01-03,107,양동시장            ,승차,15,47,54,75,91,122,162,152,164,177,181,196,156,93,44,45,30,10,9
2026-01-03,107,양동시장            ,하차,17,23,47,85,96,140,166,160,191,186,187,142,112,88,36,43,56,32,23
2026-01-03,108,돌고개              ,승차,20,34,65,116,100,94,115,100,104,84,96,116,130,68,57,45,27,25,14
2026-01-03,108,돌고개              ,하차,14,19,28,42,50,51,77,72,98,74,111,97,134,128,75,124,75,61,49
2026-01-03,109,농성                ,승차,26,45,65,120,149,164,209,199,206,220,247,238,173,124,107,81,59,38,25
2026-01-03,109,농성                ,하차,13,29,51,95,145,139,139,133,194,186,204,197,193,176,103,153,95,44,56
2026-01-03,110,화정                ,승차,7,26,57,87,124,138,95,113,120,90,283,103,337,60,69,56,42,15,17
2026-01-03,110,화정                ,하차,7,10,34,39,57,48,82,73,96,70,100,108,119,112,61,138,71,64,45
2026-01-03,111,쌍촌                ,승차,31,48,77,136,118,142,166,175,167,117,128,165,115,90,62,42,26,17,26
2026-01-03,111,쌍촌                ,하차,6,15,34,42,60,55,80,71,110,101,111,111,157,138,98,137,73,75,82
2026-01-03,112,운천                ,승차,34,44,95,154,352,158,173,181,182,137,159,206,151,132,94,99,98,85,86
2026-01-03,112,운천                ,하차,7,22,47,101,102,111,87,121,124,138,153,182,289,298,234,255,164,124,117
2026-01-03,113,상무                ,승차,25,68,94,139,140,200,234,214,241,236,213,205,230,150,129,168,137,100,47
2026-01-03,113,상무                ,하차,26,41,46,197,202,194,208,199,224,204,243,256,280,240,147,166,101,76,83
2026-01-03,114,컨벤션센터          ,승차,12,11,30,36,48,55,58,63,73,105,96,79,131,67,49,1104,117,12,11
2026-01-03,114,컨벤션센터          ,하차,9,15,21,42,57,78,94,86,97,126,169,457,528,62,48,110,31,20,20
2026-01-03,115,공항                ,승차,11,13,40,47,81,82,71,60,48,39,48,59,61,50,25,27,14,5,1
2026-01-03,115,공항                ,하차,6,36,23,84,60,36,54,45,53,58,49,45,51,51,27,41,16,13,27
2026-01-03,116,송정공원            ,승차,31,59,72,129,128,133,177,212,181,150,116,171,169,99,60,50,29,28,14
2026-01-03,116,송정공원            ,하차,13,28,45,85,80,90,127,120,117,134,148,163,200,153,107,111,114,83,60
2026-01-03,117,광주송정            ,승차,15,18,71,170,290,303,367,310,445,471,443,461,604,265,230,238,279,119,126
2026-01-03,117,광주송정            ,하차,42,54,217,157,284,480,333,278,322,354,311,387,362,325,274,576,181,120,40
2026-01-03,118,도산                ,승차,14,44,50,97,83,104,121,114,142,110,77,85,87,77,33,40,41,17,16
2026-01-03,118,도산                ,하차,10,16,35,34,29,45,74,67,83,66,76,74,143,83,99,96,63,49,32
2026-01-03,119,평동                ,승차,13,16,34,45,46,77,75,89,120,90,129,108,101,74,38,24,13,11,14
2026-01-03,119,평동                ,하차,2,52,92,105,39,40,47,67,62,67,76,88,104,65,66,69,41,21,27
2026-01-04,100,녹동                ,승차,0,0,5,7,5,18,15,8,8,5,5,2,5,2,2,0,0,0,0
2026-01-04,100,녹동                ,하차,0,0,3,4,2,5,1,6,6,4,3,4,10,7,3,4,1,4,0
2026-01-04,101,소태                ,승차,17,19,38,60,93,115,118,131,107,95,115,90,102,86,43,33,24,21,8
2026-01-04,101,소태                ,하차,0,27,44,36,64,65,50,59,72,62,105,107,124,105,76,82,55,59,44
2026-01-04,102,학동증심사          ,승차,17,18,25,44,64,92,70,92,97,106,106,89,93,50,31,25,19,17,17
2026-01-04,102,학동증심사          ,하차,2,18,22,42,73,80,52,59,74,84,80,103,96,83,40,40,40,25,22
2026-01-04,103,남광주              ,승차,14,34,46,82,106,120,88,131,116,162,141,187,164,115,85,73,60,37,24
2026-01-04,103,남광주              ,하차,3,50,50,58,81,97,90,111,158,117,145,136,166,154,82,93,113,67,41
2026-01-04,104,문화전당            ,승차,13,10,19,69,44,38,53,92,104,133,185,246,309,232,190,199,144,140,52
2026-01-04,104,문화전당            ,하차,5,33,39,59,86,137,166,203,271,261,204,191,195,144,75,65,60,40,58
2026-01-04,105,금남로4가           ,승차,14,26,38,34,65,74,81,112,168,183,286,334,346,329,224,152,175,81,19
2026-01-04,105,금남로4가           ,하차,10,20,32,68,114,179,262,313,339,326,288,214,159,144,95,70,53,41,41
2026-01-04,106,금남로5가           ,승차,9,21,22,21,32,52,53,59,59,93,121,156,178,183,68,74,86,10,21
2026-01-04,106,금남로5가           ,하차,7,8,22,32,68,100,94,124,227,82,79,46,54,151,26,26,45,25,28
2026-01-04,107,양동시장            ,승차,11,22,31,41,59,74,59,74,102,88,75,70,91,68,30,29,45,9,11
2026-01-04,107,양동시장            ,하차,6,29,20,35,43,54,64,61,102,84,92,93,93,70,26,33,30,24,28
2026-01-04,108,돌고개              ,승차,12,19,34,40,74,69,61,92,110,79,64,63,71,57,25,30,15,23,8
2026-01-04,108,돌고개              ,하차,9,22,15,35,35,36,45,52,73,45,83,86,93,87,57,70,48,50,29
2026-01-04,109,농성                ,승차,17,28,28,71,97,112,100,132,157,169,150,159,140,124,79,83,50,23,16
2026-01-04,109,농성                ,하차,9,16,29,54,85,104,103,116,115,128,109,128,166,136,79,68,85,48,43
2026-01-04,110,화정                ,승차,14,24,35,50,71,88,407,75,102,88,75,55,88,59,53,36,26,22,13
2026-01-04,110,화정                ,하차,5,12,15,30,35,39,34,42,45,71,98,88,111,69,49,49,61,33,42
2026-01-04,111,쌍촌                ,승차,23,33,54,62,103,211,81,90,94,94,92,83,94,53,41,38,32,250,236
2026-01-04,111,쌍촌                ,하차,4,10,18,21,23,37,41,48,76,70,65,78,118,106,74,63,93,62,66
2026-01-04,112,운천                ,승차,25,43,64,67,225,118,113,126,119,107,128,141,121,105,64,94,76,53,39
2026-01-04,112,운천                ,하차,8,7,15,45,59,86,58,86,84,110,111,131,161,181,148,128,117,88,58
2026-01-04,113,상무                ,승차,22,36,52,96,105,114,87,175,178,142,159,144,155,135,86,117,75,66,31
2026-01-04,113,상무                ,하차,11,30,41,78,106,119,105,104,155,145,151,178,197,203,99,95,83,83,71
2026-01-04,114,컨벤션센터          ,승차,7,7,23,14,37,30,38,46,37,51,52,36,40,28,23,32,18,9,14
2026-01-04,114,컨벤션센터          ,하차,2,11,16,19,24,25,26,53,37,37,38,37,54,41,18,14,25,9,10
2026-01-04,115,공항                ,승차,6,15,15,18,44,40,38,72,57,45,49,59,61,51,30,19,18,4,7
2026-01-04,115,공항                ,하차,3,12,14,45,22,22,38,34,33,63,67,59,52,65,24,20,28,9,22
2026-01-04,116,송정공원            ,승차,20,29,29,72,79,89,86,136,128,74,115,121,103,40,29,25,32,17,10
2026-01-04,116,송정공원            ,하차,8,16,21,47,47,60,43,52,88,95,121,156,127,117,90,120,88,49,31
2026-01-04,117,광주송정            ,승차,15,16,44,103,152,171,264,367,233,300,244,390,472,338,242,381,305,137,207
2026-01-04,117,광주송정            ,하차,35,38,156,124,187,365,194,179,208,206,211,343,382,433,330,355,166,99,17
2026-01-04,118,도산                ,승차,18,38,47,63,70,65,83,81,78,75,58,55,64,37,25,17,23,12,14
2026-01-04,118,도산                ,하차,8,16,23,18,14,34,50,48,43,62,72,68,103,65,49,46,47,29,27
2026-01-04,119,평동                ,승차,4,11,27,19,38,62,50,49,77,78,86,57,84,39,25,30,21,5,9
2026-01-04,119,평동                ,하차,3,17,32,40,33,38,32,51,68,68,69,63,68,65,54,35,23,26,10
2026-01-05,100,녹동                ,승차,2,4,22,47,13,9,14,11,17,10,4,5,10,25,4,0,1,0,0
2026-01-05,100,녹동                ,하차,0,3,11,21,1,2,5,8,9,9,15,14,21,18,3,4,2,2,0
2026-01-05,101,소태                ,승차,48,67,211,394,177,138,153,121,155,128,149,122,151,123,53,30,25,22,7
2026-01-05,101,소태                ,하차,3,43,93,207,89,90,108,73,140,132,142,163,216,257,107,95,74,48,34
2026-01-05,102,학동증심사          ,승차,21,57,133,266,165,147,167,141,147,130,118,171,215,113,50,32,28,17,13
2026-01-05,102,학동증심사          ,하차,3,28,73,214,122,111,127,109,132,153,171,147,199,178,73,63,57,43,30
2026-01-05,103,남광주              ,승차,31,121,255,355,288,237,274,239,266,299,333,293,465,264,123,97,76,48,40
2026-01-05,103,남광주              ,하차,9,116,280,703,370,217,254,250,327,262,236,232,277,349,133,121,97,71,21
2026-01-05,104,문화전당            ,승차,16,37,62,100,51,86,118,136,177,209,213,259,305,446,204,151,173,174,56
2026-01-05,104,문화전당            ,하차,4,39,99,543,283,164,191,193,228,209,163,180,255,254,131,65,47,27,21
2026-01-05,105,금남로4가           ,승차,35,65,163,240,120,147,181,269,286,343,344,404,440,438,200,152,168,134,41
2026-01-05,105,금남로4가           ,하차,26,46,115,587,375,290,329,315,340,297,231,251,266,285,137,76,46,42,30
2026-01-05,106,금남로5가           ,승차,23,65,122,162,91,110,108,84,114,200,185,193,195,315,82,76,39,20,19
2026-01-05,106,금남로5가           ,하차,25,25,101,427,213,148,139,155,187,127,111,97,129,148,63,40,38,13,14
2026-01-05,107,양동시장            ,승차,23,63,137,223,127,130,196,182,214,220,210,221,210,239,48,20,17,17,10
2026-01-05,107,양동시장            ,하차,15,32,86,308,167,173,197,197,207,212,237,180,168,173,65,34,36,29,26
2026-01-05,108,돌고개              ,승차,31,98,172,331,155,112,114,104,143,113,137,111,127,119,37,28,26,23,7
2026-01-05,108,돌고개              ,하차,12,26,52,159,129,79,96,126,132,131,138,160,223,248,114,70,66,46,35
2026-01-05,109,농성                ,승차,43,92,191,447,214,182,153,174,173,183,206,164,221,251,83,87,59,30,17
2026-01-05,109,농성                ,하차,13,39,104,256,146,138,180,141,165,149,229,224,271,347,148,85,61,59,41
2026-01-05,110,화정                ,승차,22,91,204,353,188,145,323,154,136,123,154,111,127,122,56,40,25,23,6
2026-01-05,110,화정                ,하차,3,15,61,174,91,74,100,76,111,108,129,122,201,271,108,74,67,59,32
2026-01-05,111,쌍촌                ,승차,55,135,282,484,262,199,151,170,145,139,122,102,146,132,65,49,38,24,25
2026-01-05,111,쌍촌                ,하차,7,15,38,142,87,71,88,86,90,109,121,177,260,383,164,96,100,88,42
2026-01-05,112,운천                ,승차,42,121,337,477,222,156,163,149,194,325,246,183,249,272,106,91,71,84,36
2026-01-05,112,운천                ,하차,14,27,83,389,122,116,138,131,137,137,200,184,323,536,214,141,104,113,59
2026-01-05,113,상무                ,승차,42,94,273,465,220,274,274,244,248,242,270,251,348,480,191,147,130,100,43
2026-01-05,113,상무                ,하차,35,66,159,712,348,225,230,216,232,303,308,302,407,491,213,99,100,102,51
2026-01-05,114,컨벤션센터          ,승차,12,18,89,119,67,44,43,61,64,66,79,64,95,136,27,32,26,24,4
2026-01-05,114,컨벤션센터          ,하차,7,18,56,185,83,54,63,46,69,64,47,54,102,129,41,34,17,27,13
2026-01-05,115,공항                ,승차,15,27,97,162,109,63,55,61,57,53,49,78,91,73,34,20,12,5,0
2026-01-05,115,공항                ,하차,6,39,54,105,42,52,61,61,54,55,70,68,104,84,31,33,21,14,17
2026-01-05,116,송정공원            ,승차,25,132,352,347,190,136,179,131,174,121,191,177,201,234,77,46,42,22,9
2026-01-05,116,송정공원            ,하차,21,58,123,260,98,92,103,166,151,119,185,217,341,352,182,73,89,82,43
2026-01-05,117,광주송정            ,승차,20,53,311,404,282,248,319,316,176,278,275,292,408,336,240,156,170,69,72
2026-01-05,117,광주송정            ,하차,80,104,387,355,273,353,230,209,225,232,284,262,345,349,196,154,89,96,30
2026-01-05,118,도산                ,승차,21,79,175,239,140,72,70,78,102,75,69,74,125,134,75,43,31,20,16
2026-01-05,118,도산                ,하차,7,28,64,97,42,51,57,62,64,82,91,122,192,172,79,74,50,63,27
2026-01-05,119,평동                ,승차,9,22,44,90,55,46,62,76,69,53,129,170,684,323,149,114,69,12,13
2026-01-05,119,평동                ,하차,3,272,747,342,62,60,63,47,65,74,59,58,60,79,54,47,43,20,14
2026-01-06,100,녹동                ,승차,2,4,18,40,12,13,12,6,13,7,0,7,16,28,0,1,0,2,0
2026-01-06,100,녹동                ,하차,0,3,7,30,1,6,2,8,4,8,10,16,14,23,4,7,5,4,0
2026-01-06,101,소태                ,승차,33,77,202,356,235,114,122,118,194,136,106,147,182,132,50,35,37,26,10
2026-01-06,101,소태                ,하차,1,38,91,202,72,73,103,89,112,130,155,164,218,297,136,98,91,61,41
2026-01-06,102,학동증심사          ,승차,24,56,141,216,136,137,155,164,150,113,145,162,196,98,36,40,34,24,15
2026-01-06,102,학동증심사          ,하차,1,33,71,226,120,101,91,110,134,126,156,139,173,188,111,67,60,34,30
2026-01-06,103,남광주              ,승차,31,120,243,348,222,241,299,284,263,269,388,315,453,288,155,87,68,53,32
2026-01-06,103,남광주              ,하차,7,124,296,641,395,203,206,250,345,272,282,215,249,369,135,131,100,87,37
2026-01-06,104,문화전당            ,승차,12,36,59,86,61,85,107,152,165,205,245,349,345,463,226,228,194,174,66
2026-01-06,104,문화전당            ,하차,6,37,98,580,248,160,210,179,217,199,176,190,289,296,126,84,58,47,27
2026-01-06,105,금남로4가           ,승차,24,67,161,242,116,124,123,255,288,337,380,416,462,492,200,201,160,134,29
2026-01-06,105,금남로4가           ,하차,27,42,141,566,369,282,312,326,384,311,285,233,316,262,115,83,49,37,18
2026-01-06,106,금남로5가           ,승차,20,79,94,162,87,99,92,83,142,165,157,194,205,296,81,78,37,28,9
2026-01-06,106,금남로5가           ,하차,20,27,93,414,182,154,151,146,180,132,103,98,114,170,64,29,36,28,19
2026-01-06,107,양동시장            ,승차,21,65,120,227,100,142,166,164,206,204,217,192,201,247,48,35,40,26,8
2026-01-06,107,양동시장            ,하차,15,36,89,281,123,182,173,184,206,222,205,186,174,166,68,48,44,38,28
2026-01-06,108,돌고개              ,승차,33,93,179,327,143,108,107,117,146,100,102,102,127,132,37,42,23,27,8
2026-01-06,108,돌고개              ,하차,13,21,42,142,111,73,88,131,132,123,153,142,238,231,109,86,78,52,39
2026-01-06,109,농성                ,승차,41,86,221,435,206,177,174,172,196,148,189,190,231,265,85,76,53,33,22
2026-01-06,109,농성                ,하차,11,45,107,245,168,133,114,161,189,184,202,216,288,368,122,104,70,58,38
2026-01-06,110,화정                ,승차,22,89,197,462,167,128,147,136,113,128,119,130,125,110,65,42,40,13,7
2026-01-06,110,화정                ,하차,5,21,51,156,93,79,93,82,86,99,136,127,190,276,119,65,86,48,39
2026-01-06,111,쌍촌                ,승차,57,141,286,532,270,153,138,165,149,131,122,110,142,146,123,155,48,27,48
2026-01-06,111,쌍촌                ,하차,7,21,35,133,86,70,78,73,115,82,127,155,302,357,158,99,123,95,73
2026-01-06,112,운천                ,승차,29,130,319,497,231,159,155,157,171,296,162,224,250,269,122,113,102,93,46
2026-01-06,112,운천                ,하차,23,29,74,400,143,114,112,106,149,158,175,220,359,530,233,162,132,97,67
2026-01-06,113,상무                ,승차,33,102,276,494,211,238,242,253,292,267,261,311,364,472,208,169,149,136,62
2026-01-06,113,상무                ,하차,31,68,124,708,328,209,213,209,254,254,323,347,411,549,223,140,98,127,70
2026-01-06,114,컨벤션센터          ,승차,8,20,77,138,65,64,45,60,70,87,56,66,130,130,42,44,28,9,6
2026-01-06,114,컨벤션센터          ,하차,5,20,51,196,95,59,57,45,66,64,57,71,91,121,51,34,31,18,9
2026-01-06,115,공항                ,승차,9,26,98,150,104,46,70,59,69,69,43,99,85,75,48,34,15,7,4
2026-01-06,115,공항                ,하차,8,39,53,97,46,45,45,67,35,64,83,95,82,112,22,41,22,26,15
2026-01-06,116,송정공원            ,승차,27,131,348,383,192,136,168,133,175,183,183,173,195,261,91,46,50,20,17
2026-01-06,116,송정공원            ,하차,27,62,128,277,91,86,115,147,169,131,157,211,327,399,197,123,90,87,45
2026-01-06,117,광주송정            ,승차,26,63,201,378,250,191,256,287,240,325,285,320,412,368,221,195,223,73,78
2026-01-06,117,광주송정            ,하차,36,103,332,409,269,297,266,218,288,264,288,335,351,341,208,153,96,105,28
2026-01-06,118,도산                ,승차,22,81,188,256,120,85,70,102,99,81,74,96,122,152,49,40,19,23,17
2026-01-06,118,도산                ,하차,6,29,54,97,45,33,60,76,45,64,89,116,185,194,97,70,71,71,33
2026-01-06,119,평동                ,승차,23,22,81,120,84,53,55,94,67,70,119,154,673,281,195,92,60,12,18
2026-01-06,119,평동                ,하차,3,291,773,353,64,64,61,68,65,66,69,75,49,83,62,40,42,25,25
2026-01-07,100,녹동                ,승차,1,3,22,28,6,11,8,6,16,8,7,6,22,29,2,1,2,0,0
2026-01-07,100,녹동                ,하차,0,0,6,32,2,0,8,14,4,12,13,10,19,19,6,5,3,6,0
2026-01-07,101,소태                ,승차,41,70,203,340,175,139,120,145,204,112,115,200,135,144,63,47,25,14,9
2026-01-07,101,소태                ,하차,3,31,86,206,58,89,86,120,113,128,146,178,210,261,153,95,108,66,31
2026-01-07,102,학동증심사          ,승차,31,51,138,217,139,117,159,188,158,128,133,229,133,93,55,47,32,37,9
2026-01-07,102,학동증심사          ,하차,2,27,78,218,128,101,106,95,144,126,158,153,170,209,81,75,65,43,23
2026-01-07,103,남광주              ,승차,32,108,254,374,233,291,256,319,254,299,292,331,507,309,132,98,60,50,42
2026-01-07,103,남광주              ,하차,11,124,262,682,398,261,200,244,294,251,262,249,293,326,160,108,116,82,46
2026-01-07,104,문화전당            ,승차,11,40,61,104,53,65,128,201,207,188,216,271,352,539,242,189,229,192,58
2026-01-07,104,문화전당            ,하차,2,34,102,600,307,170,196,197,236,192,186,246,251,277,128,96,51,36,22
2026-01-07,105,금남로4가           ,승차,18,59,166,248,112,145,176,252,281,272,354,376,454,506,224,163,163,135,34
2026-01-07,105,금남로4가           ,하차,26,35,110,583,365,254,327,311,359,296,258,289,295,291,122,94,65,55,42
2026-01-07,106,금남로5가           ,승차,20,73,110,172,81,71,70,116,149,187,181,181,213,321,77,100,39,19,27
2026-01-07,106,금남로5가           ,하차,27,25,89,411,181,147,131,174,176,121,123,106,136,149,76,48,36,24,24
2026-01-07,107,양동시장            ,승차,19,72,132,217,124,122,149,164,204,204,177,183,191,271,53,28,26,14,20
2026-01-07,107,양동시장            ,하차,18,31,99,292,135,153,170,188,229,195,182,173,146,165,51,42,43,26,27
2026-01-07,108,돌고개              ,승차,38,96,179,318,161,113,133,153,128,105,113,86,142,98,42,32,28,19,10
2026-01-07,108,돌고개              ,하차,14,30,40,159,110,81,92,126,121,105,141,171,204,292,107,66,70,61,30
2026-01-07,109,농성                ,승차,46,89,225,425,209,153,137,175,173,158,194,193,206,238,96,87,57,28,20
2026-01-07,109,농성                ,하차,10,35,110,252,148,122,154,165,162,159,174,220,266,347,137,114,73,65,39
2026-01-07,110,화정                ,승차,19,82,202,396,164,125,132,125,109,120,128,127,141,103,77,44,40,18,8
2026-01-07,110,화정                ,하차,5,14,49,152,76,77,89,93,96,100,109,130,243,248,107,90,70,63,34
2026-01-07,111,쌍촌                ,승차,52,134,301,523,200,137,137,143,156,120,127,190,152,152,65,60,44,28,32
2026-01-07,111,쌍촌                ,하차,7,17,39,140,70,83,78,124,113,126,131,176,292,377,159,117,94,96,41
2026-01-07,112,운천                ,승차,35,135,323,509,243,248,139,166,152,150,177,209,272,279,98,108,99,81,61
2026-01-07,112,운천                ,하차,16,34,79,412,117,110,100,138,142,133,168,198,343,555,259,150,128,122,77
2026-01-07,113,상무                ,승차,44,103,275,467,209,240,232,276,250,228,307,266,339,493,204,165,176,129,43
2026-01-07,113,상무                ,하차,35,67,139,678,280,198,238,219,262,245,312,287,400,527,226,156,109,111,67
2026-01-07,114,컨벤션센터          ,승차,14,21,89,126,61,45,46,67,65,75,74,99,119,116,36,47,26,13,10
2026-01-07,114,컨벤션센터          ,하차,7,23,59,198,94,50,51,68,68,51,56,67,102,122,54,34,26,13,13
2026-01-07,115,공항                ,승차,13,26,105,162,84,72,62,43,63,48,54,79,94,73,39,32,27,6,5
2026-01-07,115,공항                ,하차,6,37,67,93,34,28,62,57,63,55,77,85,81,95,40,36,37,16,19
2026-01-07,116,송정공원            ,승차,31,136,340,382,186,121,182,191,147,127,108,169,185,243,89,54,56,21,19
2026-01-07,116,송정공원            ,하차,22,65,150,311,102,75,100,116,132,122,189,215,320,311,183,121,87,89,45
2026-01-07,117,광주송정            ,승차,22,46,251,393,232,185,223,308,227,309,251,269,348,413,243,213,205,98,76
2026-01-07,117,광주송정            ,하차,28,86,354,350,236,291,210,255,324,274,246,308,364,384,193,134,102,98,33
2026-01-07,118,도산                ,승차,18,81,189,262,116,75,64,116,126,89,73,72,128,129,66,39,27,25,13
2026-01-07,118,도산                ,하차,5,28,62,115,66,44,59,74,54,83,98,120,177,218,86,70,71,60,27
2026-01-07,119,평동                ,승차,22,22,77,106,72,54,75,100,69,80,117,167,708,278,163,98,61,15,17
2026-01-07,119,평동                ,하차,3,305,797,352,69,55,57,74,58,61,65,79,64,71,81,45,37,27,16
2026-01-08,100,녹동                ,승차,1,2,26,26,5,15,12,12,11,4,4,9,16,32,0,1,0,0,0
2026-01-08,100,녹동                ,하차,0,2,10,23,3,0,7,6,5,7,7,21,16,14,3,4,1,5,1
2026-01-08,101,소태                ,승차,42,72,192,354,172,116,114,143,166,146,142,123,145,131,68,28,32,29,13
2026-01-08,101,소태                ,하차,1,28,86,201,61,76,90,81,107,141,147,164,186,281,140,103,97,56,35
2026-01-08,102,학동증심사          ,승차,36,44,134,217,143,165,173,171,149,112,173,172,122,97,34,39,30,20,25
2026-01-08,102,학동증심사          ,하차,4,33,79,197,120,94,114,105,121,119,166,128,162,210,87,54,52,37,40
2026-01-08,103,남광주              ,승차,39,120,227,349,219,255,252,210,245,297,292,323,441,296,105,96,97,50,31
2026-01-08,103,남광주              ,하차,11,129,250,639,355,213,240,215,236,260,237,235,235,323,124,128,114,85,35
2026-01-08,104,문화전당            ,승차,9,37,64,87,67,75,91,127,168,176,244,309,310,458,208,206,180,161,97
2026-01-08,104,문화전당            ,하차,4,40,108,562,249,171,185,205,268,227,214,213,228,264,136,66,52,22,47
2026-01-08,105,금남로4가           ,승차,28,60,155,242,112,138,174,259,266,328,344,373,456,515,249,205,163,127,15
2026-01-08,105,금남로4가           ,하차,28,42,118,557,341,296,331,343,391,324,241,281,252,338,132,83,57,38,32
2026-01-08,106,금남로5가           ,승차,18,65,102,172,103,102,118,71,138,159,184,217,207,354,104,73,42,17,9
2026-01-08,106,금남로5가           ,하차,23,25,87,403,175,177,138,146,169,127,73,98,108,234,74,43,37,23,22
2026-01-08,107,양동시장            ,승차,20,57,142,211,101,123,146,168,171,194,187,170,174,246,45,27,24,17,15
2026-01-08,107,양동시장            ,하차,12,41,91,296,140,149,146,165,155,192,189,173,170,153,50,49,53,21,24
2026-01-08,108,돌고개              ,승차,32,86,178,324,161,126,106,126,135,114,119,81,129,145,48,38,17,34,15
2026-01-08,108,돌고개              ,하차,15,27,42,171,96,72,88,112,129,123,138,198,215,232,136,78,77,63,29
2026-01-08,109,농성                ,승차,46,84,200,431,224,149,158,171,189,194,183,192,192,240,102,75,55,37,23
2026-01-08,109,농성                ,하차,18,39,88,221,159,133,133,142,155,215,178,211,268,374,140,97,91,65,42
2026-01-08,110,화정                ,승차,22,70,196,389,174,133,116,129,116,134,99,113,132,114,64,47,30,14,13
2026-01-08,110,화정                ,하차,11,15,51,149,84,58,75,77,88,79,121,111,217,264,118,69,65,46,33
2026-01-08,111,쌍촌                ,승차,52,136,281,474,226,144,155,139,147,132,124,113,163,127,60,43,49,18,27
2026-01-08,111,쌍촌                ,하차,4,23,34,131,92,56,82,85,87,109,148,142,296,334,146,95,119,88,54
2026-01-08,112,운천                ,승차,35,123,332,488,329,166,181,167,176,148,151,205,262,253,122,100,96,82,38
2026-01-08,112,운천                ,하차,17,31,90,362,149,113,117,120,169,134,168,203,336,571,245,152,135,110,57
2026-01-08,113,상무                ,승차,36,108,260,488,213,236,251,238,231,225,269,281,337,509,209,168,153,134,58
2026-01-08,113,상무                ,하차,34,66,140,677,318,195,228,183,221,249,291,358,426,501,209,124,133,127,50
2026-01-08,114,컨벤션센터          ,승차,11,21,79,117,74,50,59,64,76,63,94,82,124,163,43,38,50,6,11
2026-01-08,114,컨벤션센터          ,하차,8,21,47,218,79,44,70,96,82,65,71,71,96,125,52,32,35,16,15
2026-01-08,115,공항                ,승차,14,28,93,148,101,65,56,71,52,64,41,79,112,95,29,34,16,3,3
2026-01-08,115,공항                ,하차,10,35,55,98,33,52,56,56,44,87,69,73,99,113,42,25,24,18,21
2026-01-08,116,송정공원            ,승차,44,133,345,329,178,143,179,164,143,122,188,130,226,259,88,51,52,25,11
2026-01-08,116,송정공원            ,하차,28,63,127,276,136,104,114,133,183,131,160,205,295,329,174,94,97,85,33
2026-01-08,117,광주송정            ,승차,21,50,189,331,223,211,294,335,246,309,302,284,464,351,229,200,207,114,74
2026-01-08,117,광주송정            ,하차,35,82,313,381,255,375,260,261,274,259,296,339,354,425,231,141,121,103,36
2026-01-08,118,도산                ,승차,23,78,186,239,134,88,69,87,105,85,104,79,128,134,52,46,36,25,11
2026-01-08,118,도산                ,하차,10,28,57,108,42,53,78,67,75,80,88,109,171,185,94,64,73,78,20
2026-01-08,119,평동                ,승차,22,21,70,109,74,58,67,78,74,72,118,185,607,316,207,83,47,14,13
2026-01-08,119,평동                ,하차,4,270,778,348,80,41,53,66,71,71,66,78,64,75,70,36,44,17,10
2026-01-09,100,녹동                ,승차,1,3,22,34,13,16,6,18,19,8,6,12,13,38,4,1,0,0,0
2026-01-09,100,녹동                ,하차,0,3,11,27,4,3,4,5,9,7,9,8,21,18,5,0,4,4,0
2026-01-09,101,소태                ,승차,37,84,203,332,195,150,151,159,187,180,132,132,176,168,90,57,34,24,8
2026-01-09,101,소태                ,하차,2,35,90,200,80,93,87,98,124,159,161,190,248,271,135,112,99,70,56
2026-01-09,102,학동증심사          ,승차,28,47,129,215,165,133,169,157,282,136,151,146,131,100,52,42,45,25,14
2026-01-09,102,학동증심사          ,하차,2,33,76,210,114,109,118,141,161,139,164,163,161,192,114,77,52,49,37
2026-01-09,103,남광주              ,승차,38,98,244,381,252,244,241,240,237,283,290,299,479,332,140,79,85,70,36
2026-01-09,103,남광주              ,하차,3,119,244,597,367,224,184,234,241,291,246,256,275,378,141,162,113,101,75
2026-01-09,104,문화전당            ,승차,7,35,59,108,60,86,99,154,164,224,225,341,377,512,224,217,207,218,98
2026-01-09,104,문화전당            ,하차,3,38,103,543,274,198,191,229,304,252,217,189,290,419,178,103,63,46,45
2026-01-09,105,금남로4가           ,승차,22,70,138,250,129,158,171,287,301,321,396,493,519,550,276,226,204,148,45
2026-01-09,105,금남로4가           ,하차,31,46,112,518,339,258,394,408,439,385,341,258,316,372,157,69,72,47,59
2026-01-09,106,금남로5가           ,승차,22,69,96,166,94,82,100,91,143,174,208,179,242,359,121,87,34,30,20
2026-01-09,106,금남로5가           ,하차,24,19,96,374,180,126,147,149,160,143,102,94,129,172,85,60,71,49,31
2026-01-09,107,양동시장            ,승차,17,51,126,201,122,116,169,176,169,193,226,217,231,262,85,31,27,19,19
2026-01-09,107,양동시장            ,하차,18,31,90,283,148,161,173,158,204,212,201,200,176,200,65,52,60,25,22
2026-01-09,108,돌고개              ,승차,31,81,164,317,158,120,117,99,134,123,122,101,179,188,64,41,47,34,17
2026-01-09,108,돌고개              ,하차,15,24,45,152,87,66,110,128,113,114,140,181,225,277,118,85,81,69,57
2026-01-09,109,농성                ,승차,40,85,206,408,201,165,174,195,168,208,230,186,280,278,151,111,63,44,19
2026-01-09,109,농성                ,하차,8,43,83,247,139,100,163,161,199,191,197,215,307,383,178,139,107,83,54
2026-01-09,110,화정                ,승차,21,78,188,364,180,123,137,124,117,118,125,126,149,137,87,46,47,32,10
2026-01-09,110,화정                ,하차,9,14,52,147,85,84,85,98,113,103,135,149,207,296,120,76,82,52,55
2026-01-09,111,쌍촌                ,승차,58,129,283,476,216,148,137,152,174,121,130,145,200,182,87,73,105,26,32
2026-01-09,111,쌍촌                ,하차,9,20,40,109,69,65,93,94,119,121,152,179,328,405,150,115,99,110,66
2026-01-09,112,운천                ,승차,39,110,296,467,333,175,159,169,201,191,201,212,295,291,130,108,118,101,88
2026-01-09,112,운천                ,하차,20,31,74,371,142,124,112,121,141,160,196,192,429,719,341,231,201,159,99
2026-01-09,113,상무                ,승차,50,92,247,436,213,205,223,240,247,288,290,324,414,537,230,171,190,133,61
2026-01-09,113,상무                ,하차,34,77,134,627,332,216,193,227,269,282,306,370,464,547,283,184,119,120,99
2026-01-09,114,컨벤션센터          ,승차,10,25,75,111,64,53,88,78,63,77,104,86,154,161,37,27,43,13,3
2026-01-09,114,컨벤션센터          ,하차,7,22,54,196,91,49,80,68,63,80,66,81,115,138,52,35,34,26,20
2026-01-09,115,공항                ,승차,15,22,90,130,103,63,68,83,82,56,59,82,123,121,40,40,23,3,3
2026-01-09,115,공항                ,하차,8,34,61,76,41,33,43,51,50,51,100,93,105,110,47,40,29,15,21
2026-01-09,116,송정공원            ,승차,34,146,334,369,160,124,183,171,148,185,166,155,249,281,99,61,48,26,22
2026-01-09,116,송정공원            ,하차,26,59,121,290,91,94,91,128,199,142,160,216,289,371,201,125,122,104,56
2026-01-09,117,광주송정            ,승차,16,48,208,356,185,216,254,411,241,377,289,327,793,498,334,388,321,133,181
2026-01-09,117,광주송정            ,하차,39,79,347,359,284,369,264,270,316,286,277,390,505,707,366,262,179,132,56
2026-01-09,118,도산                ,승차,23,68,172,239,96,90,91,123,190,81,77,104,183,144,57,37,31,24,16
2026-01-09,118,도산                ,하차,7,22,52,101,42,47,68,54,76,118,91,119,174,195,98,62,71,70,40
2026-01-09,119,평동                ,승차,24,19,71,110,83,75,94,103,91,86,118,174,677,275,192,85,40,12,11
2026-01-09,119,평동                ,하차,3,264,794,303,86,68,73,74,79,65,55,72,88,87,78,43,57,17,22
2026-01-10,100,녹동                ,승차,0,2,11,10,13,10,7,4,11,5,11,6,7,7,1,0,4,0,0
2026-01-10,100,녹동                ,하차,0,0,2,5,1,8,1,6,2,5,4,6,16,6,3,1,1,5,0
2026-01-10,101,소태                ,승차,17,38,82,110,167,173,144,168,142,117,88,133,141,87,66,57,28,14,6
2026-01-10,101,소태                ,하차,0,25,51,81,82,80,87,91,108,129,103,153,160,139,89,89,82,74,45
2026-01-10,102,학동증심사          ,승차,19,25,62,94,93,133,148,166,132,97,118,129,98,63,43,41,23,13,16
2026-01-10,102,학동증심사          ,하차,2,29,38,117,109,89,103,94,103,93,100,130,123,110,70,59,65,39,29
2026-01-10,103,남광주              ,승차,29,85,140,196,196,253,190,227,202,204,153,218,203,128,104,102,68,61,38
2026-01-10,103,남광주              ,하차,6,86,135,193,159,191,161,182,176,168,183,223,232,206,106,135,116,83,59
2026-01-10,104,문화전당            ,승차,19,20,26,41,69,86,74,104,156,224,274,334,350,281,260,209,216,225,99
2026-01-10,104,문화전당            ,하차,3,15,62,140,141,202,293,285,389,318,254,234,240,228,128,101,79,36,62
2026-01-10,105,금남로4가           ,승차,25,39,69,67,81,131,141,204,253,300,349,418,420,405,253,209,186,104,43
2026-01-10,105,금남로4가           ,하차,11,37,52,125,194,277,402,395,429,379,292,259,267,198,120,64,86,37,30
2026-01-10,106,금남로5가           ,승차,10,26,36,36,54,72,62,96,101,122,134,176,128,181,70,86,44,25,18
2026-01-10,106,금남로5가           ,하차,6,10,27,49,89,111,142,169,152,119,89,95,97,164,41,52,42,27,38
2026-01-10,107,양동시장            ,승차,17,54,62,77,91,159,167,182,216,180,176,173,143,97,48,32,33,11,22
2026-01-10,107,양동시장            ,하차,20,37,58,80,115,194,194,160,207,166,164,154,130,80,36,39,60,20,34
2026-01-10,108,돌고개              ,승차,29,38,55,97,115,125,119,101,119,96,90,103,89,58,61,53,33,28,19
2026-01-10,108,돌고개              ,하차,10,24,30,46,50,60,76,82,102,105,105,126,126,127,91,60,70,63,44
2026-01-10,109,농성                ,승차,35,44,76,139,160,167,203,206,233,205,203,191,191,158,109,78,64,45,10
2026-01-10,109,농성                ,하차,14,36,53,102,141,135,168,202,214,186,190,236,201,186,88,99,76,50,74
2026-01-10,110,화정                ,승차,17,36,85,93,132,117,130,144,121,97,106,93,113,76,57,51,40,37,15
2026-01-10,110,화정                ,하차,8,12,31,51,55,63,94,76,79,91,92,132,113,104,66,67,68,46,48
2026-01-10,111,쌍촌                ,승차,38,66,99,145,129,164,182,158,169,123,102,109,294,102,63,35,39,23,72
2026-01-10,111,쌍촌                ,하차,4,16,24,35,60,73,73,79,114,90,134,109,152,141,81,104,110,79,70
2026-01-10,112,운천                ,승차,39,45,129,138,265,153,158,184,174,157,149,182,179,142,112,130,118,100,87
2026-01-10,112,운천                ,하차,14,32,50,106,106,99,118,111,122,147,158,206,293,316,220,200,190,109,106
2026-01-10,113,상무                ,승차,21,55,89,238,147,224,245,216,271,238,261,239,245,160,127,151,115,104,55
2026-01-10,113,상무                ,하차,25,46,62,197,256,194,262,200,251,176,211,249,303,268,168,146,119,103,82
2026-01-10,114,컨벤션센터          ,승차,9,19,24,37,43,42,63,116,133,141,99,103,97,55,50,154,55,14,5
2026-01-10,114,컨벤션센터          ,하차,4,21,23,62,64,153,155,163,128,84,65,96,142,63,34,39,24,15,11
2026-01-10,115,공항                ,승차,11,20,36,43,77,62,60,84,64,40,49,58,69,59,31,27,31,0,7
2026-01-10,115,공항                ,하차,4,13,16,32,17,31,51,38,45,69,68,57,69,45,33,38,23,17,20
2026-01-10,116,송정공원            ,승차,28,65,102,132,125,138,176,174,160,124,98,124,149,96,104,42,42,22,13
2026-01-10,116,송정공원            ,하차,36,26,49,80,59,58,95,107,106,113,152,157,204,152,138,87,93,90,43
2026-01-10,117,광주송정            ,승차,14,36,84,213,371,342,467,440,313,331,269,305,511,435,224,283,271,121,149
2026-01-10,117,광주송정            ,하차,59,63,204,193,262,479,294,259,326,363,281,416,361,360,244,326,164,124,26
2026-01-10,118,도산                ,승차,26,36,64,119,87,103,99,110,99,73,84,91,75,51,55,34,31,12,14
2026-01-10,118,도산                ,하차,4,14,36,35,43,64,59,64,56,61,81,88,138,76,84,54,70,46,31
2026-01-10,119,평동                ,승차,25,20,63,64,64,84,100,93,91,85,103,131,200,83,52,36,13,14,13
2026-01-10,119,평동                ,하차,4,90,205,129,61,63,61,60,74,67,73,80,83,60,58,32,57,28,16
2026-01-11,100,녹동                ,승차,0,0,0,8,6,9,3,6,13,4,5,6,4,7,3,0,0,1,0
2026-01-11,100,녹동                ,하차,0,0,0,1,2,1,3,3,5,10,5,6,10,3,4,0,1,6,0
2026-01-11,101,소태                ,승차,15,30,61,78,129,139,89,103,165,96,118,143,82,74,57,29,20,12,3
2026-01-11,101,소태                ,하차,1,27,43,38,68,49,70,59,92,106,89,115,126,137,91,83,56,65,22
2026-01-11,102,학동증심사          ,승차,19,24,32,53,73,98,77,89,120,95,109,93,112,53,46,34,22,16,6
2026-01-11,102,학동증심사          ,하차,1,13,34,60,76,103,62,56,86,80,88,93,103,93,62,54,53,41,26
2026-01-11,103,남광주              ,승차,14,49,83,105,126,143,118,149,169,156,189,147,209,143,92,84,37,49,24
2026-01-11,103,남광주              ,하차,4,64,45,70,99,148,118,109,137,136,159,201,209,185,81,110,92,67,54
2026-01-11,104,문화전당            ,승차,10,13,20,67,54,51,58,90,109,165,186,256,283,270,210,192,159,144,65
2026-01-11,104,문화전당            ,하차,2,38,41,75,98,140,183,208,266,269,191,190,220,142,104,83,54,23,48
2026-01-11,105,금남로4가           ,승차,15,40,47,30,67,109,79,118,142,185,273,333,351,293,212,200,173,89,41
2026-01-11,105,금남로4가           ,하차,12,25,38,64,123,171,206,237,335,352,233,265,203,132,79,68,68,47,48
2026-01-11,106,금남로5가           ,승차,19,21,30,23,45,42,44,59,82,80,92,220,117,74,70,90,27,16,17
2026-01-11,106,금남로5가           ,하차,5,13,16,41,65,115,93,112,159,122,102,70,68,77,34,36,38,21,25
2026-01-11,107,양동시장            ,승차,9,20,23,44,51,83,76,93,107,104,116,97,106,72,39,38,16,12,13
2026-01-11,107,양동시장            ,하차,9,22,40,47,73,87,94,62,109,103,121,91,91,60,32,43,40,19,19
2026-01-11,108,돌고개              ,승차,18,25,39,60,62,106,68,99,84,73,72,48,69,56,27,35,31,24,9
2026-01-11,108,돌고개              ,하차,12,17,20,21,31,40,45,56,80,59,99,95,91,99,67,76,44,39,25
2026-01-11,109,농성                ,승차,15,35,57,72,95,146,123,143,157,156,150,153,134,104,80,76,36,24,12
2026-01-11,109,농성                ,하차,9,28,38,71,112,132,93,100,128,141,140,133,162,138,74,83,72,53,53
2026-01-11,110,화정                ,승차,11,39,46,53,86,94,71,90,99,94,97,78,98,40,59,44,23,15,15
2026-01-11,110,화정                ,하차,4,17,22,35,38,58,38,41,73,67,88,113,103,100,50,72,71,36,47
2026-01-11,111,쌍촌                ,승차,20,36,58,79,108,131,98,104,125,74,97,102,106,69,61,59,25,25,8
2026-01-11,111,쌍촌                ,하차,7,22,19,36,28,48,45,58,70,94,86,112,102,136,88,86,73,55,51
2026-01-11,112,운천                ,승차,38,66,94,86,208,145,101,142,161,114,130,127,128,118,71,116,76,57,34
2026-01-11,112,운천                ,하차,7,15,30,66,74,71,58,62,100,128,144,154,193,162,123,127,124,65,102
2026-01-11,113,상무                ,승차,24,49,70,99,132,137,96,148,195,157,169,162,230,168,152,114,87,64,170
2026-01-11,113,상무                ,하차,10,26,33,76,109,124,124,140,161,147,176,194,237,174,138,101,100,77,81
2026-01-11,114,컨벤션센터          ,승차,9,10,8,25,22,36,35,47,143,218,129,119,65,53,26,20,19,12,2
2026-01-11,114,컨벤션센터          ,하차,7,12,10,39,53,71,105,109,196,129,122,58,50,40,30,19,19,11,11
2026-01-11,115,공항                ,승차,12,11,16,14,61,51,34,70,41,40,34,27,57,43,34,37,13,12,2
2026-01-11,115,공항                ,하차,6,15,24,35,14,21,59,25,40,60,55,66,60,60,29,22,26,23,20
2026-01-11,116,송정공원            ,승차,15,31,50,68,92,86,92,116,119,110,118,100,111,60,57,32,27,19,10
2026-01-11,116,송정공원            ,하차,9,21,48,51,44,65,45,69,65,95,108,139,120,148,83,98,84,66,32
2026-01-11,117,광주송정            ,승차,10,25,65,127,215,262,266,355,300,374,314,229,706,295,233,378,341,102,215
2026-01-11,117,광주송정            ,하차,30,64,207,175,206,473,249,200,253,261,261,350,410,412,341,387,147,122,20
2026-01-11,118,도산                ,승차,14,36,43,68,74,75,59,93,97,74,64,61,64,36,25,25,15,13,10
2026-01-11,118,도산                ,하차,2,7,12,23,18,37,78,49,40,63,75,78,86,91,55,50,48,31,19
2026-01-11,119,평동                ,승차,7,14,28,27,34,51,66,57,74,57,98,75,84,42,29,23,17,16,11
2026-01-11,119,평동                ,하차,6,33,45,54,33,19,36,40,80,59,72,81,55,55,50,47,35,33,12
2026-01-12,100,녹동                ,승차,1,6,19,31,12,8,7,12,14,18,16,7,12,31,3,0,0,1,0
2026-01-12,100,녹동                ,하차,0,2,11,25,2,1,1,12,8,10,21,20,16,22,10,5,2,3,0
2026-01-12,101,소태                ,승차,32,83,247,382,197,134,145,143,169,142,205,115,157,147,52,35,34,19,9
2026-01-12,101,소태                ,하차,1,43,96,166,89,108,114,89,108,115,151,158,208,271,126,90,104,66,34
2026-01-12,102,학동증심사          ,승차,25,60,142,238,145,127,149,137,145,152,142,121,132,123,46,35,30,16,12
2026-01-12,102,학동증심사          ,하차,3,36,76,170,116,97,118,104,132,118,167,174,181,192,84,69,59,32,34
2026-01-12,103,남광주              ,승차,43,119,257,350,268,261,283,220,233,256,303,330,461,309,129,74,64,71,37
2026-01-12,103,남광주              ,하차,6,128,278,658,392,225,226,230,317,272,214,297,274,366,132,128,88,79,29
2026-01-12,104,문화전당            ,승차,10,34,59,88,57,77,103,140,169,166,213,321,317,445,182,215,200,168,75
2026-01-12,104,문화전당            ,하차,3,36,96,580,290,155,190,185,209,207,192,159,184,268,145,57,50,23,50
2026-01-12,105,금남로4가           ,승차,23,67,161,242,120,165,156,230,238,288,400,405,461,481,205,162,140,120,34
2026-01-12,105,금남로4가           ,하차,22,48,126,555,394,263,349,288,336,302,240,243,294,269,132,82,59,44,29
2026-01-12,106,금남로5가           ,승차,18,71,100,181,102,94,110,99,142,167,154,216,206,311,93,85,32,25,18
2026-01-12,106,금남로5가           ,하차,23,26,95,429,210,160,136,156,182,111,108,90,116,165,71,35,50,19,24
2026-01-12,107,양동시장            ,승차,20,65,130,230,109,123,151,145,182,189,218,213,216,221,63,40,25,19,15
2026-01-12,107,양동시장            ,하차,11,26,84,328,146,148,170,189,186,197,178,189,157,179,56,38,41,30,18
2026-01-12,108,돌고개              ,승차,29,86,162,313,141,97,123,106,103,118,98,100,127,129,51,36,28,23,9
2026-01-12,108,돌고개              ,하차,10,20,55,185,84,77,109,104,131,93,140,166,191,243,112,71,65,61,32
2026-01-12,109,농성                ,승차,50,92,205,446,192,167,162,203,170,184,191,163,216,248,81,74,58,34,15
2026-01-12,109,농성                ,하차,10,38,103,260,167,95,172,147,137,185,178,219,261,349,129,74,85,50,42
2026-01-12,110,화정                ,승차,20,79,199,365,167,116,149,125,117,127,125,103,128,146,47,40,38,15,12
2026-01-12,110,화정                ,하차,6,17,77,162,85,118,90,101,96,91,104,119,204,262,124,76,70,46,34
2026-01-12,111,쌍촌                ,승차,64,143,288,476,189,293,133,146,147,135,115,123,170,118,66,40,35,24,30
2026-01-12,111,쌍촌                ,하차,4,21,46,133,86,77,94,95,87,110,127,160,313,348,158,115,93,88,56
2026-01-12,112,운천                ,승차,36,127,343,499,214,163,286,202,175,187,190,183,252,265,111,82,75,62,61
2026-01-12,112,운천                ,하차,16,30,76,391,132,104,123,115,162,162,174,184,400,544,206,152,143,114,72
2026-01-12,113,상무                ,승차,55,93,299,499,221,194,263,232,286,263,255,265,345,499,184,183,131,108,54
2026-01-12,113,상무                ,하차,31,78,144,706,347,208,244,198,263,253,308,308,434,525,226,121,91,105,52
2026-01-12,114,컨벤션센터          ,승차,13,20,81,140,89,48,40,91,69,72,64,50,90,130,37,24,24,9,4
2026-01-12,114,컨벤션센터          ,하차,5,18,61,184,79,62,74,59,56,56,60,66,105,147,41,39,24,20,10
2026-01-12,115,공항                ,승차,9,30,101,173,87,56,64,64,64,40,79,90,112,85,40,37,18,10,3
2026-01-12,115,공항                ,하차,8,37,70,95,31,45,61,52,70,53,90,74,110,98,48,33,23,29,14
2026-01-12,116,송정공원            ,승차,31,126,346,402,176,132,117,177,135,132,111,174,187,255,86,42,57,22,15
2026-01-12,116,송정공원            ,하차,20,48,126,269,105,74,115,121,136,122,152,192,300,357,183,106,101,75,55
2026-01-12,117,광주송정            ,승차,15,62,316,455,293,266,320,263,237,271,290,275,516,388,231,217,195,82,94
2026-01-12,117,광주송정            ,하차,76,110,418,391,283,343,260,251,282,255,320,299,354,373,220,148,114,96,38
2026-01-12,118,도산                ,승차,27,72,182,257,117,84,89,86,103,104,78,86,138,109,54,34,37,24,29
2026-01-12,118,도산                ,하차,7,22,61,92,29,45,59,74,67,99,65,117,159,243,94,62,41,54,31
2026-01-12,119,평동                ,승차,13,24,42,76,58,62,75,92,80,71,87,153,682,324,183,118,58,21,16
2026-01-12,119,평동                ,하차,3,276,791,386,73,55,69,44,63,61,57,76,66,79,56,30,34,23,14
2026-01-13,100,녹동                ,승차,1,4,24,26,7,13,8,9,15,8,11,10,13,25,4,1,3,0,0
2026-01-13,100,녹동                ,하차,0,2,10,28,5,4,3,7,5,9,14,16,8,20,6,4,3,3,1
2026-01-13,101,소태                ,승차,39,86,209,365,195,141,128,132,180,224,119,130,140,158,53,34,35,27,8
2026-01-13,101,소태                ,하차,4,43,77,162,66,85,103,104,143,116,159,182,208,260,125,98,103,53,44
2026-01-13,102,학동증심사          ,승차,30,40,121,218,151,153,146,176,195,137,126,104,142,161,51,45,38,17,13
2026-01-13,102,학동증심사          ,하차,8,35,58,146,147,105,119,127,135,143,174,194,165,207,76,56,55,37,24
2026-01-13,103,남광주              ,승차,31,129,243,337,260,266,277,223,238,258,316,367,475,290,119,98,59,54,61
2026-01-13,103,남광주              ,하차,6,123,262,627,362,227,250,228,299,289,228,218,217,401,177,142,95,78,46
2026-01-13,104,문화전당            ,승차,7,30,67,88,57,76,102,134,150,176,233,299,354,484,196,204,218,184,54
2026-01-13,104,문화전당            ,하차,3,35,92,578,265,159,177,236,246,242,189,179,251,313,137,88,50,29,45
2026-01-13,105,금남로4가           ,승차,22,70,144,240,119,132,157,272,275,284,380,379,470,494,205,196,177,152,91
2026-01-13,105,금남로4가           ,하차,28,48,101,569,368,262,379,299,370,349,260,237,297,277,141,71,78,35,40
2026-01-13,106,금남로5가           ,승차,15,69,108,169,90,88,101,90,152,161,208,176,211,305,101,82,33,35,8
2026-01-13,106,금남로5가           ,하차,29,22,83,399,181,153,137,127,184,123,107,91,122,145,77,29,32,32,17
2026-01-13,107,양동시장            ,승차,20,67,111,223,113,146,151,155,157,228,182,210,190,280,42,34,16,7,18
2026-01-13,107,양동시장            ,하차,16,30,88,305,124,169,166,170,175,193,199,162,172,169,57,43,53,18,22
2026-01-13,108,돌고개              ,승차,33,85,178,313,165,106,120,131,164,115,86,119,118,131,45,34,35,25,14
2026-01-13,108,돌고개              ,하차,13,25,48,175,105,90,103,129,133,119,144,164,215,270,100,70,73,55,35
2026-01-13,109,농성                ,승차,45,89,211,438,230,155,154,170,170,204,192,188,215,257,118,74,62,25,16
2026-01-13,109,농성                ,하차,9,46,96,262,152,110,149,166,168,181,180,213,285,356,134,93,90,60,35
2026-01-13,110,화정                ,승차,19,70,195,373,181,112,102,169,142,141,125,102,118,135,47,44,24,23,13
2026-01-13,110,화정                ,하차,6,12,70,175,70,73,86,94,97,104,120,127,196,238,137,56,83,81,41
2026-01-13,111,쌍촌                ,승차,67,124,292,506,288,167,157,192,128,111,137,104,143,135,56,41,33,21,10
2026-01-13,111,쌍촌                ,하차,4,20,35,117,74,99,87,101,103,117,115,171,326,377,152,107,97,92,53
2026-01-13,112,운천                ,승차,34,108,332,489,341,170,216,177,184,195,154,212,277,292,135,107,101,69,53
2026-01-13,112,운천                ,하차,20,36,81,393,156,105,102,112,178,144,176,214,366,567,234,156,150,119,78
2026-01-13,113,상무                ,승차,38,91,291,476,205,235,263,269,296,271,258,272,364,420,215,169,153,116,55
2026-01-13,113,상무                ,하차,32,70,144,658,352,214,230,222,237,293,303,360,426,513,226,127,119,121,64
2026-01-13,114,컨벤션센터          ,승차,12,24,92,137,65,49,48,63,92,90,64,102,106,129,44,31,32,9,1
2026-01-13,114,컨벤션센터          ,하차,7,18,51,191,106,64,71,37,79,69,86,76,122,109,61,28,23,18,6
2026-01-13,115,공항                ,승차,14,25,95,141,91,75,58,63,61,48,50,68,110,83,31,36,20,6,6
2026-01-13,115,공항                ,하차,10,38,57,82,43,58,54,66,49,61,61,73,100,96,37,43,17,21,23
2026-01-13,116,송정공원            ,승차,32,140,322,385,193,153,183,147,172,140,118,199,213,269,85,42,42,28,6
2026-01-13,116,송정공원            ,하차,24,50,115,278,128,93,124,163,195,155,160,194,275,361,174,130,111,99,45
2026-01-13,117,광주송정            ,승차,20,54,200,336,222,238,325,333,281,382,315,374,442,387,199,182,231,83,110
2026-01-13,117,광주송정            ,하차,30,88,379,374,227,373,270,275,292,280,300,296,314,389,201,153,118,103,43
2026-01-13,118,도산                ,승차,26,71,190,257,111,97,78,111,142,106,78,83,124,128,66,34,33,23,11
2026-01-13,118,도산                ,하차,15,15,62,100,46,64,75,79,79,76,96,122,161,235,86,58,52,62,20
2026-01-13,119,평동                ,승차,19,26,66,123,70,78,76,90,74,88,96,157,668,319,219,100,53,16,13
2026-01-13,119,평동                ,하차,2,306,803,352,81,67,73,74,68,47,62,97,80,101,57,30,33,24,12
2026-01-14,100,녹동                ,승차,2,2,23,35,5,14,12,8,15,11,5,2,13,30,3,0,0,0,1
2026-01-14,100,녹동                ,하차,0,0,8,29,1,8,2,5,7,7,5,11,16,19,11,1,2,5,2
2026-01-14,101,소태                ,승차,36,59,194,362,187,136,130,142,157,122,113,131,147,136,58,38,30,16,15
2026-01-14,101,소태                ,하차,2,37,73,190,73,76,104,101,108,115,173,159,209,252,110,81,103,70,43
2026-01-14,102,학동증심사          ,승차,27,42,126,233,139,109,138,149,179,95,152,92,107,116,63,43,28,12,21
2026-01-14,102,학동증심사          ,하차,1,29,68,156,115,98,103,107,136,136,138,152,150,199,100,61,53,42,36
2026-01-14,103,남광주              ,승차,39,129,255,352,245,269,260,233,255,268,284,292,493,244,103,83,68,73,68
2026-01-14,103,남광주              ,하차,4,114,275,642,384,214,235,223,278,272,204,220,256,393,117,116,104,119,51
2026-01-14,104,문화전당            ,승차,13,31,66,102,60,86,116,137,169,191,243,284,306,491,207,223,200,156,54
2026-01-14,104,문화전당            ,하차,3,37,95,571,289,203,211,192,257,242,201,191,220,283,132,67,46,32,33
2026-01-14,105,금남로4가           ,승차,20,68,134,248,109,126,141,220,238,285,341,435,502,531,227,186,151,139,40
2026-01-14,105,금남로4가           ,하차,27,50,104,564,323,253,306,289,391,320,255,231,294,339,140,93,74,35,36
2026-01-14,106,금남로5가           ,승차,18,67,107,161,86,82,88,101,112,146,200,215,205,294,84,91,49,17,17
2026-01-14,106,금남로5가           ,하차,23,20,90,382,211,148,147,149,160,128,123,112,108,162,90,45,37,33,33
2026-01-14,107,양동시장            ,승차,24,58,144,198,117,131,164,155,174,191,219,231,188,266,46,37,30,14,19
2026-01-14,107,양동시장            ,하차,14,35,96,288,138,159,154,152,187,206,206,190,177,179,53,67,56,24,33
2026-01-14,108,돌고개              ,승차,31,87,179,294,149,136,122,118,123,116,79,117,139,123,49,44,43,29,11
2026-01-14,108,돌고개              ,하차,13,24,52,172,109,68,79,138,101,105,138,155,204,262,83,98,74,50,39
2026-01-14,109,농성                ,승차,43,89,194,438,225,146,166,195,206,191,198,176,215,286,100,93,67,43,21
2026-01-14,109,농성                ,하차,13,43,96,288,173,143,138,140,189,167,201,236,281,356,155,101,107,45,46
2026-01-14,110,화정                ,승차,15,76,187,368,326,113,112,126,137,142,185,124,130,155,56,39,42,17,2
2026-01-14,110,화정                ,하차,7,12,66,170,87,73,96,86,94,81,100,131,213,256,115,70,67,56,30
2026-01-14,111,쌍촌                ,승차,60,126,283,505,216,164,153,157,246,130,120,125,156,125,59,47,51,25,18
2026-01-14,111,쌍촌                ,하차,4,21,39,123,73,66,93,92,101,110,116,152,290,404,154,100,110,96,39
2026-01-14,112,운천                ,승차,34,113,330,525,196,315,172,167,199,171,179,215,242,282,120,93,101,82,62
2026-01-14,112,운천                ,하차,15,34,84,403,116,109,121,114,173,152,164,184,378,572,263,185,133,125,74
2026-01-14,113,상무                ,승차,43,95,292,493,236,223,280,248,263,276,308,293,363,455,211,151,142,116,40
2026-01-14,113,상무                ,하차,29,75,146,678,330,223,215,200,280,287,294,317,420,540,215,166,97,113,58
2026-01-14,114,컨벤션센터          ,승차,9,21,79,148,85,52,63,70,90,66,112,79,123,138,54,40,38,15,4
2026-01-14,114,컨벤션센터          ,하차,5,22,70,191,94,53,77,69,120,58,78,72,127,106,42,32,30,15,6
2026-01-14,115,공항                ,승차,12,24,94,150,90,66,54,76,69,50,57,68,86,93,35,20,37,9,7
2026-01-14,115,공항                ,하차,10,32,54,80,40,48,70,66,63,66,63,87,90,97,33,35,22,26,22
2026-01-14,116,송정공원            ,승차,34,152,331,382,173,130,143,183,141,110,120,189,223,264,83,62,43,27,12
2026-01-14,116,송정공원            ,하차,20,50,119,283,120,77,96,134,155,117,183,178,315,334,189,106,94,78,47
2026-01-14,117,광주송정            ,승차,19,60,221,347,251,220,297,339,243,514,285,300,434,365,219,250,212,102,115
2026-01-14,117,광주송정            ,하차,44,95,340,375,282,358,264,236,251,260,325,383,344,413,209,159,100,102,17
2026-01-14,118,도산                ,승차,25,65,184,228,114,90,77,119,156,93,85,72,129,150,55,35,29,17,27
2026-01-14,118,도산                ,하차,2,23,51,95,37,45,86,82,51,80,96,119,162,211,90,76,62,68,28
2026-01-14,119,평동                ,승차,25,23,64,113,77,63,66,89,78,83,98,183,659,312,216,96,36,15,15
2026-01-14,119,평동                ,하차,11,297,814,342,74,51,71,54,64,54,79,73,70,87,70,31,25,24,18
2026-01-15,100,녹동                ,승차,2,3,21,30,15,11,17,9,8,21,9,7,18,28,1,2,0,0,0
2026-01-15,100,녹동                ,하차,0,3,10,29,4,3,8,12,4,17,9,19,16,21,10,3,3,3,0
2026-01-15,101,소태                ,승차,32,73,192,354,188,123,163,141,170,126,130,137,178,154,68,26,40,19,14
2026-01-15,101,소태                ,하차,0,37,85,166,89,108,105,79,144,140,176,190,207,284,116,91,103,59,38
2026-01-15,102,학동증심사          ,승차,32,46,117,231,134,113,157,136,187,126,136,109,122,108,52,37,34,28,8
2026-01-15,102,학동증심사          ,하차,3,31,61,150,108,109,110,80,154,142,141,160,148,182,84,62,37,47,21
2026-01-15,103,남광주              ,승차,26,126,257,346,259,261,312,220,250,273,312,285,475,283,158,111,78,48,37
2026-01-15,103,남광주              ,하차,11,122,273,651,414,230,231,257,265,254,249,261,278,361,141,153,108,81,29
2026-01-15,104,문화전당            ,승차,10,36,55,99,73,73,84,147,193,195,238,310,353,543,208,208,213,170,71
2026-01-15,104,문화전당            ,하차,3,38,98,558,260,173,215,189,313,196,197,196,259,306,146,108,41,44,33
2026-01-15,105,금남로4가           ,승차,26,78,148,272,119,149,153,249,275,301,351,428,464,458,212,186,170,150,38
2026-01-15,105,금남로4가           ,하차,26,45,123,529,362,241,374,280,399,342,285,308,263,287,145,73,54,61,25
2026-01-15,106,금남로5가           ,승차,20,61,109,156,290,81,105,77,130,162,210,201,210,288,101,78,39,31,9
2026-01-15,106,금남로5가           ,하차,27,30,104,391,385,161,148,157,180,132,99,109,142,145,70,49,36,26,17
2026-01-15,107,양동시장            ,승차,26,77,137,220,202,189,169,142,203,237,209,202,225,298,64,30,29,20,22
2026-01-15,107,양동시장            ,하차,18,41,108,315,157,204,148,174,243,217,185,210,175,166,71,49,51,46,22
2026-01-15,108,돌고개              ,승차,40,76,164,314,132,121,130,136,133,119,123,120,142,118,52,33,37,26,13
2026-01-15,108,돌고개              ,하차,10,24,45,176,102,78,108,117,111,130,143,159,222,240,106,103,77,68,38
2026-01-15,109,농성                ,승차,40,92,215,424,234,172,187,195,209,216,178,199,255,273,109,91,64,37,24
2026-01-15,109,농성                ,하차,12,43,95,284,177,124,149,156,201,197,203,241,302,355,145,122,70,88,42
2026-01-15,110,화정                ,승차,25,71,217,504,185,127,121,123,120,159,143,132,122,156,47,51,26,26,3
2026-01-15,110,화정                ,하차,5,15,66,173,88,76,90,76,91,94,124,131,220,275,136,73,61,62,33
2026-01-15,111,쌍촌                ,승차,61,135,279,502,211,171,156,150,170,129,191,116,155,150,70,44,43,31,12
2026-01-15,111,쌍촌                ,하차,9,26,31,128,92,78,85,96,104,113,148,168,288,412,160,111,102,101,58
2026-01-15,112,운천                ,승차,45,117,332,517,246,258,168,200,191,187,171,206,258,271,119,113,101,80,41
2026-01-15,112,운천                ,하차,17,40,84,387,154,86,110,128,158,163,162,217,372,565,250,194,120,122,60
2026-01-15,113,상무                ,승차,47,101,300,489,281,251,272,249,269,290,289,283,373,496,229,182,157,156,85
2026-01-15,113,상무                ,하차,29,69,150,705,346,244,255,238,267,299,319,342,462,575,233,132,120,130,59
2026-01-15,114,컨벤션센터          ,승차,14,24,80,137,90,88,48,58,124,82,73,63,126,144,33,25,44,15,8
2026-01-15,114,컨벤션센터          ,하차,10,19,60,207,130,68,88,62,58,63,70,78,108,113,39,30,18,23,6
2026-01-15,115,공항                ,승차,15,26,91,148,91,40,66,89,63,72,80,87,95,59,66,35,22,5,5
2026-01-15,115,공항                ,하차,7,34,53,73,46,60,65,44,56,84,98,90,106,120,43,35,23,21,22
2026-01-15,116,송정공원            ,승차,34,139,321,401,179,125,152,182,164,108,150,202,227,237,107,69,33,23,19
2026-01-15,116,송정공원            ,하차,23,60,132,259,106,72,82,169,181,101,203,201,316,352,190,94,108,98,63
2026-01-15,117,광주송정            ,승차,22,76,212,354,242,210,265,325,435,305,307,366,469,370,249,239,216,68,83
2026-01-15,117,광주송정            ,하차,37,94,375,375,259,329,245,236,261,265,293,305,380,415,224,174,118,109,43
2026-01-15,118,도산                ,승차,20,64,178,249,127,88,100,133,113,88,80,82,148,141,63,29,37,19,18
2026-01-15,118,도산                ,하차,7,13,67,91,52,55,84,81,75,85,89,121,135,202,89,72,68,81,28
2026-01-15,119,평동                ,승차,23,21,63,106,97,55,70,91,88,89,124,183,635,294,227,112,45,10,21
2026-01-15,119,평동                ,하차,3,313,795,354,91,61,53,78,72,71,59,79,79,75,57,48,26,18,16
2026-01-16,100,녹동                ,승차,1,2,15,26,13,16,12,16,16,13,4,10,17,37,8,1,1,1,0
2026-01-16,100,녹동                ,하차,0,3,11,31,1,4,3,4,3,9,15,10,16,16,8,5,8,5,3
2026-01-16,101,소태                ,승차,39,72,212,355,190,150,144,142,204,147,141,146,185,152,84,48,34,23,10
2026-01-16,101,소태                ,하차,3,41,72,161,74,102,128,117,145,149,155,186,213,255,153,84,110,81,68
2026-01-16,102,학동증심사          ,승차,37,50,136,225,166,161,179,140,164,130,125,135,135,124,50,38,43,24,12
2026-01-16,102,학동증심사          ,하차,3,30,60,152,105,129,131,114,135,132,155,174,158,192,112,70,64,57,35
2026-01-16,103,남광주              ,승차,38,125,256,364,276,272,270,262,291,241,307,335,464,281,168,108,77,73,35
2026-01-16,103,남광주              ,하차,10,113,281,606,317,209,199,216,243,258,232,254,298,372,159,143,128,124,56
2026-01-16,104,문화전당            ,승차,14,37,59,96,65,92,84,162,178,221,219,309,396,551,249,220,192,235,90
2026-01-16,104,문화전당            ,하차,2,33,109,573,264,181,199,178,250,262,226,248,291,435,187,111,74,73,46
2026-01-16,105,금남로4가           ,승차,27,75,152,247,125,176,185,238,244,291,392,433,544,606,252,220,181,158,30
2026-01-16,105,금남로4가           ,하차,10,70,86,559,342,253,393,289,503,271,317,292,321,343,138,57,68,63,69
2026-01-16,106,금남로5가           ,승차,21,61,90,156,101,173,107,97,141,134,184,261,235,329,104,92,60,33,14
2026-01-16,106,금남로5가           ,하차,18,34,77,399,173,223,118,140,204,126,113,101,144,165,88,59,60,27,33
2026-01-16,107,양동시장            ,승차,33,56,118,213,120,152,172,169,182,195,240,201,269,279,63,39,33,24,15
2026-01-16,107,양동시장            ,하차,18,37,92,272,151,180,171,189,197,211,236,188,193,206,62,51,53,40,42
2026-01-16,108,돌고개              ,승차,36,84,166,332,160,113,124,114,164,110,114,115,152,155,59,48,32,41,17
2026-01-16,108,돌고개              ,하차,11,21,56,180,76,81,100,119,134,101,143,174,238,254,108,102,83,53,58
2026-01-16,109,농성                ,승차,51,100,212,417,202,168,182,192,191,229,237,203,286,269,123,127,83,39,24
2026-01-16,109,농성                ,하차,12,37,98,279,170,138,178,150,209,192,253,236,319,370,179,105,105,73,43
2026-01-16,110,화정                ,승차,24,75,193,360,328,145,140,129,119,143,155,127,162,153,83,38,47,24,10
2026-01-16,110,화정                ,하차,8,20,74,189,82,91,95,113,94,104,155,145,204,298,129,89,75,65,47
2026-01-16,111,쌍촌                ,승차,63,130,285,517,219,157,149,152,182,151,139,128,201,191,94,58,53,42,15
2026-01-16,111,쌍촌                ,하차,7,23,34,138,95,82,107,94,112,121,114,164,345,392,148,124,117,101,57
2026-01-16,112,운천                ,승차,40,105,324,482,242,272,184,197,225,153,194,221,289,294,158,107,136,109,82
2026-01-16,112,운천                ,하차,14,41,86,357,168,112,134,113,168,161,184,238,420,739,351,259,183,126,119
2026-01-16,113,상무                ,승차,38,98,286,496,244,273,232,242,337,247,331,336,450,571,240,218,150,143,52
2026-01-16,113,상무                ,하차,34,60,143,690,324,275,235,220,275,265,336,384,450,594,312,184,153,129,76
2026-01-16,114,컨벤션센터          ,승차,16,25,72,159,67,71,42,95,106,82,107,101,132,144,45,29,39,16,7
2026-01-16,114,컨벤션센터          ,하차,7,18,70,212,95,66,80,59,86,74,80,67,106,135,40,37,29,21,20
2026-01-16,115,공항                ,승차,13,24,96,164,68,44,41,124,87,93,80,72,114,92,61,40,31,2,7
2026-01-16,115,공항                ,하차,12,36,66,65,41,28,73,55,57,63,76,82,116,124,44,34,33,37,26
2026-01-16,116,송정공원            ,승차,31,125,319,363,198,137,198,162,155,137,219,197,253,262,90,48,56,22,13
2026-01-16,116,송정공원            ,하차,16,62,134,274,109,79,89,155,148,153,202,226,310,384,198,99,112,103,46
2026-01-16,117,광주송정            ,승차,26,48,203,353,205,247,281,377,246,361,361,341,769,617,305,392,340,155,195
2026-01-16,117,광주송정            ,하차,83,86,352,386,302,487,269,317,341,292,317,411,568,707,409,241,165,122,38
2026-01-16,118,도산                ,승차,23,73,163,261,135,112,99,120,136,137,103,114,150,168,59,47,36,29,13
2026-01-16,118,도산                ,하차,7,21,62,96,47,59,72,79,59,102,106,128,196,206,132,90,67,69,36
2026-01-16,119,평동                ,승차,25,19,73,101,81,80,60,90,79,98,111,187,686,313,178,121,57,5,14
2026-01-16,119,평동                ,하차,17,276,775,344,84,56,68,95,65,60,61,78,63,79,62,47,52,30,22
2026-01-17,100,녹동                ,승차,0,5,7,14,18,16,11,10,6,7,4,9,14,6,3,11,2,0,0
2026-01-17,100,녹동                ,하차,0,0,2,6,2,5,7,6,5,7,5,7,18,2,7,9,10,1,0
2026-01-17,101,소태                ,승차,23,48,97,119,147,169,179,157,165,131,130,116,141,103,71,41,38,15,15
2026-01-17,101,소태                ,하차,2,27,52,100,90,79,116,106,120,115,127,114,218,163,119,98,73,70,56
2026-01-17,102,학동증심사          ,승차,23,32,67,104,102,130,163,147,136,135,125,106,91,79,42,38,24,23,13
2026-01-17,102,학동증심사          ,하차,2,31,51,118,121,114,106,83,98,99,120,135,128,112,62,66,49,41,30
2026-01-17,103,남광주              ,승차,26,79,142,219,239,209,196,213,213,200,221,181,229,175,112,82,60,39,40
2026-01-17,103,남광주              ,하차,11,90,139,200,132,163,191,165,207,180,177,225,254,178,115,110,103,66,65
2026-01-17,104,문화전당            ,승차,10,17,34,47,56,98,123,130,188,199,264,407,383,341,310,274,262,186,116
2026-01-17,104,문화전당            ,하차,3,23,58,130,163,263,358,356,418,349,322,310,343,291,180,108,67,26,57
2026-01-17,105,금남로4가           ,승차,16,59,65,64,97,117,142,216,244,304,403,510,465,432,271,239,248,127,41
2026-01-17,105,금남로4가           ,하차,18,26,57,141,219,276,424,410,484,447,407,299,270,187,147,89,68,31,64
2026-01-17,106,금남로5가           ,승차,16,27,36,51,116,73,70,66,145,117,136,163,145,102,85,78,32,28,12
2026-01-17,106,금남로5가           ,하차,14,19,29,61,158,96,137,131,175,92,94,91,88,77,71,47,49,27,28
2026-01-17,107,양동시장            ,승차,22,48,64,72,109,127,173,169,203,203,181,200,180,107,47,34,24,7,13
2026-01-17,107,양동시장            ,하차,18,28,56,96,138,192,189,158,218,194,182,178,134,90,41,29,32,26,49
2026-01-17,108,돌고개              ,승차,25,38,69,99,114,113,137,130,100,105,70,95,115,84,47,41,37,25,13
2026-01-17,108,돌고개              ,하차,12,18,25,59,73,58,82,83,108,111,109,157,135,116,66,77,81,46,49
2026-01-17,109,농성                ,승차,38,53,91,146,165,170,214,210,242,232,203,236,214,145,103,109,62,40,19
2026-01-17,109,농성                ,하차,16,43,57,129,148,167,164,192,218,213,202,237,212,189,82,92,78,58,63
2026-01-17,110,화정                ,승차,22,42,83,100,104,124,149,122,254,107,106,95,119,74,49,42,41,27,17
2026-01-17,110,화정                ,하차,3,12,28,67,49,67,84,77,103,93,109,112,107,116,68,71,60,48,57
2026-01-17,111,쌍촌                ,승차,41,52,101,140,149,211,152,166,144,160,139,151,167,139,76,58,32,19,19
2026-01-17,111,쌍촌                ,하차,9,11,26,41,66,56,78,87,103,121,108,139,177,153,82,104,91,74,63
2026-01-17,112,운천                ,승차,43,51,118,160,266,178,166,197,184,185,195,171,178,118,110,128,100,116,80
2026-01-17,112,운천                ,하차,14,18,34,109,117,113,121,138,177,155,150,178,267,344,298,214,175,150,105
2026-01-17,113,상무                ,승차,25,52,85,140,157,229,225,273,314,267,271,263,247,181,143,127,110,86,100
2026-01-17,113,상무                ,하차,20,50,56,188,252,208,242,236,261,213,285,278,317,269,192,146,115,81,86
2026-01-17,114,컨벤션센터          ,승차,13,16,23,37,42,47,78,109,145,156,148,119,165,100,72,47,35,18,20
2026-01-17,114,컨벤션센터          ,하차,7,20,19,69,103,149,141,151,139,112,145,94,73,65,31,29,24,27,30
2026-01-17,115,공항                ,승차,11,15,33,62,61,76,72,95,71,48,39,93,66,73,34,19,15,10,5
2026-01-17,115,공항                ,하차,7,18,18,35,28,32,57,45,51,75,75,52,75,73,38,25,24,19,21
2026-01-17,116,송정공원            ,승차,27,68,123,134,140,139,163,172,190,126,109,180,147,113,78,45,35,19,16
2026-01-17,116,송정공원            ,하차,18,29,39,83,69,63,71,88,139,114,160,160,199,168,127,110,125,76,53
2026-01-17,117,광주송정            ,승차,20,32,94,229,412,376,457,513,419,446,477,360,503,293,251,332,260,170,158
2026-01-17,117,광주송정            ,하차,56,67,238,196,251,483,311,309,333,331,343,387,391,466,314,326,145,144,45
2026-01-17,118,도산                ,승차,24,43,66,101,105,98,119,147,130,98,79,104,89,75,41,36,34,16,16
2026-01-17,118,도산                ,하차,8,17,39,40,36,53,78,75,59,67,98,137,140,131,84,70,57,46,26
2026-01-17,119,평동                ,승차,18,20,52,52,49,87,86,93,98,118,119,134,212,134,67,36,23,15,10
2026-01-17,119,평동                ,하차,3,100,222,107,48,54,72,70,72,70,72,93,95,78,69,37,81,55,29
2026-01-18,100,녹동                ,승차,0,0,1,11,10,11,7,7,3,10,6,9,6,0,1,1,2,0,0
2026-01-18,100,녹동                ,하차,0,0,1,1,2,4,1,4,3,7,13,5,7,2,2,3,4,6,0
2026-01-18,101,소태                ,승차,14,20,40,66,98,139,94,113,131,117,103,123,100,88,43,34,15,13,8
2026-01-18,101,소태                ,하차,2,26,46,43,53,64,70,50,68,96,103,113,122,119,88,82,56,56,37
2026-01-18,102,학동증심사          ,승차,17,16,28,50,80,85,72,105,95,100,106,84,71,34,54,21,21,8,18
2026-01-18,102,학동증심사          ,하차,2,15,29,64,70,85,67,55,74,80,84,96,87,87,67,46,32,20,28
2026-01-18,103,남광주              ,승차,18,38,68,83,97,171,124,123,138,123,171,145,139,125,98,71,53,38,43
2026-01-18,103,남광주              ,하차,4,45,48,70,92,119,78,118,152,156,155,140,198,193,75,108,94,64,68
2026-01-18,104,문화전당            ,승차,9,15,31,77,56,60,67,92,105,129,232,232,350,287,199,246,166,122,51
2026-01-18,104,문화전당            ,하차,5,42,46,69,95,138,193,239,295,275,223,205,212,180,107,63,74,13,50
2026-01-18,105,금남로4가           ,승차,20,36,30,45,59,83,89,93,162,221,276,344,324,301,231,188,130,74,21
2026-01-18,105,금남로4가           ,하차,9,23,43,80,143,172,230,319,336,305,307,227,171,137,77,72,60,44,40
2026-01-18,106,금남로5가           ,승차,8,21,17,31,128,63,42,65,73,83,113,192,156,90,74,80,30,17,18
2026-01-18,106,금남로5가           ,하차,3,7,22,36,147,107,83,127,159,117,94,59,59,55,28,46,41,24,47
2026-01-18,107,양동시장            ,승차,11,23,38,35,67,80,91,93,88,88,90,69,74,49,61,34,20,4,7
2026-01-18,107,양동시장            ,하차,10,21,51,37,53,61,56,63,80,75,91,93,96,62,35,38,28,26,16
2026-01-18,108,돌고개              ,승차,21,18,41,47,86,88,80,91,101,95,86,57,88,50,30,30,27,21,9
2026-01-18,108,돌고개              ,하차,15,15,12,40,37,59,43,54,92,86,93,102,114,109,52,50,53,37,21
2026-01-18,109,농성                ,승차,24,30,52,72,100,129,137,131,171,214,186,135,164,121,93,77,47,24,17
2026-01-18,109,농성                ,하차,11,15,31,49,91,143,148,135,183,136,174,142,142,147,89,74,66,50,45
2026-01-18,110,화정                ,승차,6,28,47,50,75,110,87,101,100,79,106,79,81,60,60,43,31,21,10
2026-01-18,110,화정                ,하차,5,8,15,26,30,45,52,51,83,71,91,86,100,84,44,45,66,30,29
2026-01-18,111,쌍촌                ,승차,18,29,61,76,120,142,100,118,112,181,91,98,92,79,50,45,26,22,12
2026-01-18,111,쌍촌                ,하차,10,14,15,22,35,45,55,65,72,92,84,78,120,99,81,92,92,50,44
2026-01-18,112,운천                ,승차,24,38,65,87,223,130,123,154,181,119,152,128,145,125,106,105,70,59,47
2026-01-18,112,운천                ,하차,7,13,32,60,63,77,78,107,79,126,149,129,169,196,138,157,145,71,71
2026-01-18,113,상무                ,승차,21,46,59,97,105,133,127,162,208,191,189,187,154,149,109,125,105,71,23
2026-01-18,113,상무                ,하차,10,24,29,69,114,158,125,129,159,147,222,234,189,169,140,123,69,81,77
2026-01-18,114,컨벤션센터          ,승차,9,9,9,16,47,36,31,83,72,72,82,51,46,59,26,26,24,13,2
2026-01-18,114,컨벤션센터          ,하차,6,16,8,34,35,72,102,60,67,30,42,61,59,28,17,22,21,18,10
2026-01-18,115,공항                ,승차,10,16,15,25,64,39,60,53,52,40,50,48,51,41,14,29,12,3,4
2026-01-18,115,공항                ,하차,7,13,12,29,23,23,48,27,52,66,68,67,67,56,43,18,30,14,13
2026-01-18,116,송정공원            ,승차,14,29,39,60,88,92,151,157,150,169,114,141,96,75,20,19,35,18,4
2026-01-18,116,송정공원            ,하차,11,21,26,51,77,116,100,86,112,113,130,113,148,102,91,81,77,60,25
2026-01-18,117,광주송정            ,승차,10,18,49,124,196,428,394,396,324,457,325,328,632,333,225,373,303,132,198
2026-01-18,117,광주송정            ,하차,36,46,183,126,235,408,324,293,345,283,301,356,401,458,360,398,149,138,24
2026-01-18,118,도산                ,승차,12,27,49,71,94,79,82,99,83,94,58,61,70,45,49,32,26,14,11
2026-01-18,118,도산                ,하차,5,11,22,24,26,43,64,37,48,60,83,92,97,85,46,56,51,27,23
2026-01-18,119,평동                ,승차,14,14,20,35,46,63,82,103,79,87,77,81,96,34,37,13,21,16,7
2026-01-18,119,평동                ,하차,3,24,26,60,36,26,43,48,63,84,97,87,93,65,63,48,33,33,18
2026-01-19,100,녹동                ,승차,2,4,25,29,16,13,15,6,12,7,2,6,19,30,2,2,0,1,0
2026-01-19,100,녹동                ,하차,0,4,14,26,1,3,6,12,10,9,5,7,17,25,7,3,0,5,2
2026-01-19,101,소태                ,승차,35,69,190,383,205,130,153,125,209,136,129,138,147,128,47,41,21,19,7
2026-01-19,101,소태                ,하차,0,28,87,175,80,94,106,104,135,137,153,204,214,260,128,110,83,51,35
2026-01-19,102,학동증심사          ,승차,34,48,130,247,167,126,140,161,162,109,122,110,92,122,39,38,21,16,8
2026-01-19,102,학동증심사          ,하차,2,34,63,153,96,120,134,144,125,118,151,141,173,183,75,56,41,29,22
2026-01-19,103,남광주              ,승차,41,110,266,362,249,281,275,245,192,288,328,291,442,281,125,94,74,46,44
2026-01-19,103,남광주              ,하차,7,137,276,601,398,239,238,225,321,252,230,238,283,349,144,116,106,71,41
2026-01-19,104,문화전당            ,승차,12,39,60,97,75,93,87,151,245,181,219,272,293,462,189,179,176,161,49
2026-01-19,104,문화전당            ,하차,3,38,105,563,278,163,174,182,264,201,163,191,217,226,131,74,48,28,37
2026-01-19,105,금남로4가           ,승차,22,67,149,225,117,135,182,225,231,296,386,357,435,472,185,180,163,101,40
2026-01-19,105,금남로4가           ,하차,8,58,131,542,352,242,309,316,345,310,280,267,258,259,131,70,59,32,39
2026-01-19,106,금남로5가           ,승차,28,63,106,155,109,117,137,108,118,132,171,200,192,394,116,91,31,17,19
2026-01-19,106,금남로5가           ,하차,17,34,102,374,205,172,139,161,145,133,87,92,135,163,72,39,21,22,13
2026-01-19,107,양동시장            ,승차,20,76,127,209,106,161,148,162,169,192,202,199,214,233,45,22,24,11,19
2026-01-19,107,양동시장            ,하차,15,36,90,312,173,178,160,167,207,172,176,156,145,181,54,53,39,25,20
2026-01-19,108,돌고개              ,승차,32,87,159,345,153,128,137,121,135,104,84,102,109,115,40,43,29,19,12
2026-01-19,108,돌고개              ,하차,11,26,46,184,99,79,91,124,132,98,149,160,205,224,91,83,58,51,28
2026-01-19,109,농성                ,승차,48,87,199,398,212,165,165,204,191,179,205,145,232,237,70,69,48,26,13
2026-01-19,109,농성                ,하차,6,38,110,262,193,144,162,141,206,179,201,225,237,332,145,107,82,37,38
2026-01-19,110,화정                ,승차,19,83,184,370,169,265,137,138,113,117,208,106,130,128,55,33,28,13,22
2026-01-19,110,화정                ,하차,3,15,61,166,105,102,103,97,92,75,101,123,184,257,98,74,67,48,48
2026-01-19,111,쌍촌                ,승차,60,134,305,489,196,143,148,162,163,135,135,103,135,127,71,36,34,22,10
2026-01-19,111,쌍촌                ,하차,10,20,42,125,82,74,98,102,80,103,123,137,263,387,147,107,88,85,45
2026-01-19,112,운천                ,승차,38,119,330,475,267,239,163,169,174,149,167,173,214,244,124,98,79,74,40
2026-01-19,112,운천                ,하차,17,37,81,383,153,95,114,119,139,131,173,159,350,510,210,172,121,103,65
2026-01-19,113,상무                ,승차,47,92,272,482,236,214,285,286,284,235,270,288,319,420,235,173,130,104,168
2026-01-19,113,상무                ,하차,32,70,140,723,354,218,241,220,266,323,286,323,368,507,210,141,87,98,84
2026-01-19,114,컨벤션센터          ,승차,12,15,70,146,81,60,40,72,80,85,71,66,115,142,35,30,29,7,3
2026-01-19,114,컨벤션센터          ,하차,6,15,69,189,105,80,80,49,79,65,73,67,104,98,52,37,25,16,9
2026-01-19,115,공항                ,승차,14,25,112,154,87,57,83,59,70,49,55,68,97,66,53,36,11,5,1
2026-01-19,115,공항                ,하차,9,29,61,80,38,55,53,56,73,59,60,82,98,124,33,30,20,14,21
2026-01-19,116,송정공원            ,승차,38,135,332,361,192,120,155,149,124,117,145,145,180,256,84,43,46,22,10
2026-01-19,116,송정공원            ,하차,19,48,126,261,92,80,99,123,137,133,165,184,293,341,163,104,89,90,37
2026-01-19,117,광주송정            ,승차,17,59,286,444,305,278,346,322,352,341,295,318,443,345,215,200,173,89,105
2026-01-19,117,광주송정            ,하차,85,93,390,365,278,396,277,264,294,259,290,308,280,360,200,114,110,64,44
2026-01-19,118,도산                ,승차,17,71,178,257,120,88,56,103,109,79,50,95,115,157,48,37,34,16,17
2026-01-19,118,도산                ,하차,6,14,60,93,30,61,77,64,63,88,73,119,163,211,90,56,54,51,23
2026-01-19,119,평동                ,승차,12,26,62,78,79,67,59,75,67,59,93,134,701,296,173,116,60,11,14
2026-01-19,119,평동                ,하차,2,270,768,367,69,55,53,62,49,57,63,88,63,90,66,31,41,22,11
2026-01-20,100,녹동                ,승차,1,3,18,26,16,13,9,5,6,13,9,5,15,28,6,0,0,1,0
2026-01-20,100,녹동                ,하차,0,2,12,30,2,1,2,7,3,8,6,9,13,20,3,3,3,2,0
2026-01-20,101,소태                ,승차,35,75,206,341,165,137,130,138,148,131,108,124,143,150,36,36,30,30,6
2026-01-20,101,소태                ,하차,1,33,91,176,62,73,93,103,82,112,162,174,210,259,117,94,82,72,43
2026-01-20,102,학동증심사          ,승차,26,46,141,227,142,134,140,133,163,128,103,106,115,125,30,37,29,23,67
2026-01-20,102,학동증심사          ,하차,1,30,57,150,109,107,95,93,113,109,163,168,152,172,118,74,78,29,299
2026-01-20,103,남광주              ,승차,34,130,236,372,247,249,292,212,220,254,342,336,479,307,122,80,67,41,39
2026-01-20,103,남광주              ,하차,4,132,254,616,374,226,209,242,287,288,234,211,239,375,136,137,94,88,34
2026-01-20,104,문화전당            ,승차,11,37,53,102,60,82,92,111,159,193,233,264,335,502,226,202,206,145,51
2026-01-20,104,문화전당            ,하차,3,36,115,589,264,181,179,204,244,220,183,162,199,303,111,66,43,39,36
2026-01-20,105,금남로4가           ,승차,22,76,150,251,113,143,163,210,244,335,336,374,485,464,227,180,155,153,32
2026-01-20,105,금남로4가           ,하차,24,45,122,539,373,257,306,317,401,319,227,208,276,310,135,76,64,48,19
2026-01-20,106,금남로5가           ,승차,19,59,102,175,72,86,85,90,146,137,173,225,185,288,79,92,42,36,6
2026-01-20,106,금남로5가           ,하차,24,24,90,392,176,134,125,157,163,126,86,80,112,147,68,38,38,27,17
2026-01-20,107,양동시장            ,승차,19,53,129,204,99,113,180,146,189,214,197,219,211,256,46,36,18,15,13
2026-01-20,107,양동시장            ,하차,9,38,94,302,124,184,191,166,196,214,205,183,154,157,47,32,52,23,42
2026-01-20,108,돌고개              ,승차,37,83,166,300,145,100,111,99,146,107,101,104,112,133,51,31,28,33,6
2026-01-20,108,돌고개              ,하차,11,25,48,174,85,84,98,127,120,105,137,156,212,249,107,84,73,37,39
2026-01-20,109,농성                ,승차,50,82,234,407,185,183,137,174,197,176,189,147,211,244,105,69,60,31,19
2026-01-20,109,농성                ,하차,17,48,93,277,157,136,183,140,157,143,182,208,261,351,105,104,82,59,31
2026-01-20,110,화정                ,승차,20,92,189,377,191,119,125,140,145,114,132,90,130,107,53,43,28,21,14
2026-01-20,110,화정                ,하차,12,26,59,158,83,91,85,93,89,102,102,132,194,264,93,70,81,69,41
2026-01-20,111,쌍촌                ,승차,59,139,293,513,191,133,128,171,147,145,123,116,146,137,54,44,35,28,6
2026-01-20,111,쌍촌                ,하차,6,27,33,130,87,68,83,91,106,92,147,174,286,378,160,100,94,101,41
2026-01-20,112,운천                ,승차,42,126,310,541,329,167,173,155,150,180,181,159,254,243,103,96,97,83,44
2026-01-20,112,운천                ,하차,20,34,90,366,153,107,136,110,131,149,162,193,336,577,209,180,140,113,54
2026-01-20,113,상무                ,승차,34,114,282,484,238,220,293,253,268,232,274,283,344,468,179,188,155,120,43
2026-01-20,113,상무                ,하차,30,69,122,711,318,232,216,203,286,262,287,303,412,509,240,158,110,118,49
2026-01-20,114,컨벤션센터          ,승차,11,25,67,142,76,51,58,90,92,62,88,84,110,128,32,48,49,9,4
2026-01-20,114,컨벤션센터          ,하차,7,19,54,211,81,59,54,69,66,75,74,75,107,115,57,30,26,25,12
2026-01-20,115,공항                ,승차,9,33,101,149,80,83,53,82,47,87,78,77,81,86,44,27,27,4,11
2026-01-20,115,공항                ,하차,5,40,64,81,46,39,71,52,45,72,91,79,82,105,26,33,22,26,23
2026-01-20,116,송정공원            ,승차,39,132,366,328,174,86,160,141,151,97,135,157,197,251,85,50,44,18,9
2026-01-20,116,송정공원            ,하차,23,57,136,268,91,75,105,128,154,113,161,202,251,370,167,113,117,83,35
2026-01-20,117,광주송정            ,승차,23,59,201,364,230,228,270,323,243,283,269,353,418,371,230,198,216,80,149
2026-01-20,117,광주송정            ,하차,48,111,367,351,235,302,236,224,258,262,255,340,344,387,206,147,97,101,30
2026-01-20,118,도산                ,승차,23,80,196,245,147,82,69,106,106,81,54,92,131,127,39,46,35,16,13
2026-01-20,118,도산                ,하차,6,27,72,95,46,55,55,74,56,79,79,119,162,203,95,62,56,58,29
2026-01-20,119,평동                ,승차,30,23,79,121,87,60,53,72,88,80,105,165,630,279,205,115,54,17,18
2026-01-20,119,평동                ,하차,5,283,803,380,83,39,55,61,65,65,86,67,80,83,84,40,31,26,9
2026-01-21,100,녹동                ,승차,1,4,18,21,15,13,14,10,5,5,5,8,10,29,1,2,0,0,0
2026-01-21,100,녹동                ,하차,0,2,10,34,0,2,4,5,2,10,4,10,17,15,8,2,1,5,1
2026-01-21,101,소태                ,승차,35,83,206,357,206,129,116,145,147,116,102,101,155,143,59,37,28,24,11
2026-01-21,101,소태                ,하차,2,38,78,168,78,96,101,90,109,116,130,174,182,253,106,125,100,72,40
2026-01-21,102,학동증심사          ,승차,26,45,133,219,146,102,150,120,121,90,112,93,148,111,51,43,35,23,26
2026-01-21,102,학동증심사          ,하차,2,30,51,143,108,89,106,91,122,98,128,159,168,194,69,66,72,36,47
2026-01-21,103,남광주              ,승차,40,112,255,333,257,273,239,265,229,212,272,330,447,255,119,98,70,63,34
2026-01-21,103,남광주              ,하차,9,120,249,604,384,243,177,207,265,220,215,211,255,325,135,155,101,93,49
2026-01-21,104,문화전당            ,승차,12,35,60,102,70,82,98,145,139,152,179,273,328,433,202,186,196,163,48
2026-01-21,104,문화전당            ,하차,2,38,103,556,288,173,191,185,208,138,172,143,195,222,118,94,47,30,32
2026-01-21,105,금남로4가           ,승차,16,74,149,259,127,106,143,247,230,287,323,375,423,462,170,161,189,128,64
2026-01-21,105,금남로4가           ,하차,19,48,108,563,324,263,326,279,416,229,219,198,256,248,135,79,65,36,335
2026-01-21,106,금남로5가           ,승차,13,63,98,162,73,89,109,72,157,130,149,185,207,388,95,95,55,22,24
2026-01-21,106,금남로5가           ,하차,23,28,79,401,196,131,130,149,151,103,66,98,130,225,78,37,44,35,25
2026-01-21,107,양동시장            ,승차,22,52,132,199,116,127,138,147,185,164,159,155,203,243,52,39,25,11,14
2026-01-21,107,양동시장            ,하차,16,33,80,316,141,176,136,128,167,172,167,167,155,159,67,44,52,29,32
2026-01-21,108,돌고개              ,승차,27,90,172,320,135,118,103,118,119,89,99,96,113,128,37,47,44,24,5
2026-01-21,108,돌고개              ,하차,12,28,40,167,91,68,93,104,127,121,159,130,191,247,76,110,77,59,32
2026-01-21,109,농성                ,승차,44,89,219,412,201,146,166,169,187,170,158,148,191,220,81,73,63,30,9
2026-01-21,109,농성                ,하차,11,45,95,260,158,133,143,150,157,167,182,196,254,333,132,104,85,58,47
2026-01-21,110,화정                ,승차,22,79,191,359,155,126,240,112,117,119,136,92,136,89,73,38,42,28,19
2026-01-21,110,화정                ,하차,5,17,66,161,83,84,83,77,91,93,107,123,191,274,118,70,76,58,40
2026-01-21,111,쌍촌                ,승차,55,137,295,478,175,231,134,212,206,124,93,108,162,130,79,38,35,30,14
2026-01-21,111,쌍촌                ,하차,9,24,50,202,78,71,92,96,114,100,124,142,293,360,163,108,97,103,50
2026-01-21,112,운천                ,승차,41,105,330,491,259,261,152,149,176,145,156,163,219,244,76,98,87,83,67
2026-01-21,112,운천                ,하차,18,42,83,387,118,107,114,122,134,133,129,183,341,581,228,146,133,117,66
2026-01-21,113,상무                ,승차,36,108,275,499,248,223,256,208,270,230,251,275,348,421,200,212,152,115,55
2026-01-21,113,상무                ,하차,28,74,134,691,306,223,240,205,291,243,268,293,396,513,244,128,119,99,55
2026-01-21,114,컨벤션센터          ,승차,13,28,82,139,79,50,42,71,87,70,58,69,113,142,40,42,34,15,3
2026-01-21,114,컨벤션센터          ,하차,9,17,77,198,78,55,58,47,55,59,59,68,108,122,49,30,37,23,9
2026-01-21,115,공항                ,승차,12,32,89,161,81,68,61,54,54,47,55,60,77,114,35,33,25,10,4
2026-01-21,115,공항                ,하차,9,38,58,93,34,23,52,47,55,52,72,59,93,91,27,35,22,28,24
2026-01-21,116,송정공원            ,승차,32,133,351,387,190,125,135,118,146,106,129,132,201,244,101,58,42,25,10
2026-01-21,116,송정공원            ,하차,17,59,136,286,100,92,112,128,179,129,142,200,288,366,165,94,109,76,29
2026-01-21,117,광주송정            ,승차,28,61,187,357,215,209,235,310,226,259,261,297,398,395,268,231,210,101,367
2026-01-21,117,광주송정            ,하차,29,75,392,339,242,343,205,253,271,246,257,286,337,389,191,170,112,93,35
2026-01-21,118,도산                ,승차,20,68,207,250,111,87,74,98,125,65,73,77,128,138,57,42,34,26,25
2026-01-21,118,도산                ,하차,7,20,59,94,48,53,65,65,74,93,89,111,169,179,94,69,62,67,32
2026-01-21,119,평동                ,승차,24,22,74,113,75,63,57,77,57,62,100,176,637,283,206,94,64,10,13
2026-01-21,119,평동                ,하차,2,275,797,363,84,53,45,58,56,52,48,58,57,89,67,34,34,32,13
2026-01-22,100,녹동                ,승차,2,4,21,28,10,11,7,4,8,8,7,11,14,30,0,1,3,0,0
2026-01-22,100,녹동                ,하차,0,3,10,30,0,3,2,3,4,7,7,10,15,16,6,5,0,2,0
2026-01-22,101,소태                ,승차,37,68,186,350,145,150,133,134,151,110,127,127,157,151,43,43,27,22,5
2026-01-22,101,소태                ,하차,6,31,85,165,56,74,108,86,96,121,194,170,211,244,108,87,84,68,33
2026-01-22,102,학동증심사          ,승차,30,45,121,242,113,100,123,123,163,121,138,116,112,119,53,40,29,28,71
2026-01-22,102,학동증심사          ,하차,2,43,59,137,109,93,101,112,112,112,146,157,171,199,93,65,57,49,34
2026-01-22,103,남광주              ,승차,32,109,255,358,226,245,269,210,238,219,267,290,482,299,130,112,87,60,50
2026-01-22,103,남광주              ,하차,6,151,291,612,312,170,190,238,259,204,228,245,292,362,145,130,105,96,38
2026-01-22,104,문화전당            ,승차,11,34,61,89,53,65,75,148,129,155,221,265,340,455,216,160,198,184,63
2026-01-22,104,문화전당            ,하차,3,38,92,565,261,154,196,196,236,223,216,180,233,280,121,94,58,43,33
2026-01-22,105,금남로4가           ,승차,18,68,153,235,119,108,138,214,252,309,332,362,457,545,215,194,152,125,33
2026-01-22,105,금남로4가           ,하차,26,41,118,556,320,217,279,276,386,317,274,203,297,297,118,75,58,43,29
2026-01-22,106,금남로5가           ,승차,20,60,106,143,96,81,75,85,115,175,173,239,224,315,107,67,33,18,9
2026-01-22,106,금남로5가           ,하차,31,28,89,407,199,121,104,128,208,116,97,75,123,161,57,38,32,26,34
2026-01-22,107,양동시장            ,승차,19,70,126,191,88,107,150,136,181,142,179,177,213,254,43,39,25,21,11
2026-01-22,107,양동시장            ,하차,15,34,90,288,134,139,124,159,155,187,179,162,133,168,72,40,60,21,23
2026-01-22,108,돌고개              ,승차,37,90,173,317,132,100,118,102,147,108,100,110,132,107,28,50,27,35,12
2026-01-22,108,돌고개              ,하차,10,20,36,154,78,64,78,102,112,92,139,187,183,251,125,93,68,55,33
2026-01-22,109,농성                ,승차,33,90,200,422,203,125,156,176,180,180,196,183,226,265,102,95,53,35,25
2026-01-22,109,농성                ,하차,10,45,95,288,135,126,148,135,173,156,190,213,263,375,133,96,78,81,40
2026-01-22,110,화정                ,승차,29,85,203,355,152,122,121,142,125,133,134,165,120,111,55,34,34,23,8
2026-01-22,110,화정                ,하차,5,22,87,193,110,77,70,84,105,71,100,113,193,271,121,85,79,62,38
2026-01-22,111,쌍촌                ,승차,51,136,295,502,162,126,130,164,204,123,104,131,139,128,66,41,42,34,17
2026-01-22,111,쌍촌                ,하차,1,23,51,190,79,52,74,87,108,103,137,151,308,352,151,97,88,114,42
2026-01-22,112,운천                ,승차,35,109,360,492,213,264,129,163,171,152,143,178,246,270,107,107,94,103,41
2026-01-22,112,운천                ,하차,20,32,90,378,128,126,117,127,120,118,141,221,345,553,255,200,128,132,81
2026-01-22,113,상무                ,승차,41,106,283,521,229,235,211,231,233,253,259,301,355,489,229,199,137,135,48
2026-01-22,113,상무                ,하차,28,62,136,649,303,173,214,215,262,235,285,329,428,539,255,138,121,135,61
2026-01-22,114,컨벤션센터          ,승차,7,30,85,123,72,37,53,44,62,90,82,85,128,132,36,31,31,18,8
2026-01-22,114,컨벤션센터          ,하차,5,16,64,183,92,50,58,44,99,52,65,73,96,101,55,33,27,15,11
2026-01-22,115,공항                ,승차,13,29,103,141,75,60,45,98,63,92,70,83,96,73,58,34,19,7,5
2026-01-22,115,공항                ,하차,11,27,58,88,37,38,64,51,67,95,92,76,103,106,54,42,27,35,23
2026-01-22,116,송정공원            ,승차,36,134,394,397,154,121,148,149,157,104,192,141,196,232,97,53,51,12,10
2026-01-22,116,송정공원            ,하차,17,67,131,275,87,68,83,132,150,129,180,210,305,351,156,90,82,89,43
2026-01-22,117,광주송정            ,승차,22,63,227,357,253,178,269,309,216,310,240,320,442,390,258,239,233,92,75
2026-01-22,117,광주송정            ,하차,48,92,416,351,264,386,229,238,240,256,316,295,359,414,258,166,107,111,18
2026-01-22,118,도산                ,승차,25,83,207,239,136,74,67,104,109,78,74,78,127,127,66,42,31,32,14
2026-01-22,118,도산                ,하차,9,21,57,122,52,69,63,77,69,93,75,101,167,204,79,76,52,69,20
2026-01-22,119,평동                ,승차,25,19,83,108,71,45,84,90,109,82,96,190,621,301,207,79,55,14,18
2026-01-22,119,평동                ,하차,7,287,797,362,77,44,56,57,76,59,88,60,69,81,64,39,35,21,20
2026-01-23,100,녹동                ,승차,1,3,16,22,17,49,8,8,5,16,3,9,19,27,6,4,0,5,0
2026-01-23,100,녹동                ,하차,0,3,8,29,0,5,2,8,4,9,5,20,11,18,11,4,4,2,2
2026-01-23,101,소태                ,승차,35,67,175,334,196,210,127,141,226,155,111,144,208,190,77,50,33,23,9
2026-01-23,101,소태                ,하차,2,35,85,163,88,88,116,101,129,122,148,196,211,295,142,107,114,97,53
2026-01-23,102,학동증심사          ,승차,34,44,126,227,146,119,154,147,167,147,134,146,147,134,62,35,48,24,23
2026-01-23,102,학동증심사          ,하차,2,29,57,149,107,99,132,103,138,133,135,173,157,198,124,79,69,39,53
2026-01-23,103,남광주              ,승차,37,116,224,349,255,239,253,265,251,236,279,297,502,283,155,93,88,74,40
2026-01-23,103,남광주              ,하차,6,116,228,532,304,195,201,207,279,221,216,225,275,403,128,149,123,107,52
2026-01-23,104,문화전당            ,승차,13,30,50,99,77,76,107,153,186,188,242,332,390,486,226,173,201,245,77
2026-01-23,104,문화전당            ,하차,2,31,114,562,278,197,217,278,268,256,193,194,265,362,190,111,51,42,59
2026-01-23,105,금남로4가           ,승차,20,63,149,231,118,156,173,201,275,307,365,441,479,532,250,191,194,139,30
2026-01-23,105,금남로4가           ,하차,8,65,81,553,335,284,282,336,394,326,250,251,265,351,159,75,65,62,48
2026-01-23,106,금남로5가           ,승차,26,61,97,145,89,104,106,90,118,139,186,223,233,359,97,108,58,37,14
2026-01-23,106,금남로5가           ,하차,19,34,80,371,196,135,142,148,174,112,114,83,139,210,74,58,59,40,27
2026-01-23,107,양동시장            ,승차,23,51,129,204,110,136,147,163,200,167,189,222,231,291,77,34,25,12,18
2026-01-23,107,양동시장            ,하차,18,28,85,297,146,143,166,158,207,172,202,172,171,189,78,68,56,31,42
2026-01-23,108,돌고개              ,승차,25,76,161,306,175,119,124,127,146,123,130,100,121,138,80,59,37,31,14
2026-01-23,108,돌고개              ,하차,8,22,38,149,104,62,114,104,112,99,135,212,232,269,87,105,82,65,33
2026-01-23,109,농성                ,승차,47,77,185,416,206,209,174,215,234,204,246,222,274,268,127,100,75,48,13
2026-01-23,109,농성                ,하차,12,37,93,291,171,153,147,152,177,200,221,215,312,395,155,105,106,80,49
2026-01-23,110,화정                ,승차,19,77,185,359,173,106,144,198,147,125,153,114,132,168,69,52,48,29,25
2026-01-23,110,화정                ,하차,6,16,77,199,101,86,77,101,106,113,136,145,189,262,100,95,78,73,47
2026-01-23,111,쌍촌                ,승차,55,127,268,494,196,259,220,182,173,129,126,148,193,173,90,61,45,20,17
2026-01-23,111,쌍촌                ,하차,13,17,55,196,86,88,104,92,117,126,161,173,284,350,138,128,113,100,76
2026-01-23,112,운천                ,승차,37,99,294,497,320,157,154,199,215,184,188,192,295,298,139,137,117,121,84
2026-01-23,112,운천                ,하차,17,35,88,364,149,110,109,124,143,181,187,204,423,714,310,231,189,148,101
2026-01-23,113,상무                ,승차,40,108,272,489,230,233,267,264,295,288,327,288,394,529,204,221,182,121,54
2026-01-23,113,상무                ,하차,32,74,118,677,316,229,298,239,292,309,316,358,423,668,274,179,123,124,71
2026-01-23,114,컨벤션센터          ,승차,9,24,71,154,90,56,39,63,89,86,101,87,140,127,48,52,36,18,6
2026-01-23,114,컨벤션센터          ,하차,7,20,66,196,78,47,57,73,72,81,91,75,134,134,50,43,31,25,20
2026-01-23,115,공항                ,승차,12,28,88,153,117,84,47,59,87,71,62,69,106,113,54,58,15,6,7
2026-01-23,115,공항                ,하차,8,33,52,80,41,45,56,41,36,61,99,110,99,117,52,49,12,28,40
2026-01-23,116,송정공원            ,승차,40,131,355,387,161,137,160,156,151,130,174,198,255,232,91,41,64,35,16
2026-01-23,116,송정공원            ,하차,18,64,108,277,119,94,120,172,202,132,148,218,258,347,165,128,107,77,67
2026-01-23,117,광주송정            ,승차,27,42,195,332,236,221,357,331,278,408,309,320,833,511,346,387,341,110,436
2026-01-23,117,광주송정            ,하차,52,90,317,378,264,409,325,305,327,337,316,472,537,741,366,232,178,152,35
2026-01-23,118,도산                ,승차,31,68,187,250,109,78,62,106,111,73,71,118,138,152,63,36,27,20,26
2026-01-23,118,도산                ,하차,10,21,47,93,35,70,79,68,58,65,105,102,180,215,83,77,68,73,29
2026-01-23,119,평동                ,승차,24,16,72,97,73,87,61,108,78,65,96,186,636,325,182,75,49,14,15
2026-01-23,119,평동                ,하차,3,279,745,349,60,64,55,60,107,60,71,80,66,99,66,42,38,19,25
2026-01-24,100,녹동                ,승차,0,2,8,16,13,8,4,6,3,11,3,10,12,6,2,1,1,0,0
2026-01-24,100,녹동                ,하차,0,0,2,6,0,1,10,0,2,11,6,10,6,4,6,2,5,2,0
2026-01-24,101,소태                ,승차,25,55,83,140,136,147,171,166,174,114,109,116,114,108,51,47,33,17,8
2026-01-24,101,소태                ,하차,7,30,47,79,76,66,86,80,109,103,129,142,194,139,80,95,90,64,46
2026-01-24,102,학동증심사          ,승차,18,37,48,74,115,116,153,146,154,126,122,114,105,68,41,33,24,16,75
2026-01-24,102,학동증심사          ,하차,1,38,40,103,126,100,120,84,121,126,89,126,120,114,65,56,52,35,30
2026-01-24,103,남광주              ,승차,21,72,145,154,180,208,195,210,224,158,192,179,197,145,115,93,61,63,25
2026-01-24,103,남광주              ,하차,9,79,104,152,138,163,195,156,177,187,184,203,241,196,105,119,110,72,51
2026-01-24,104,문화전당            ,승차,21,22,26,46,61,83,90,120,172,226,230,327,350,304,274,212,250,222,84
2026-01-24,104,문화전당            ,하차,2,26,55,138,173,215,294,322,416,328,293,276,264,214,142,89,71,40,52
2026-01-24,105,금남로4가           ,승차,29,44,69,74,99,114,114,201,235,270,342,466,427,411,246,199,212,99,46
2026-01-24,105,금남로4가           ,하차,27,24,50,122,208,242,392,367,483,365,299,263,270,177,120,77,73,42,49
2026-01-24,106,금남로5가           ,승차,18,25,32,45,64,76,63,96,76,110,137,159,146,104,77,75,31,21,12
2026-01-24,106,금남로5가           ,하차,20,9,19,60,100,101,122,137,147,115,89,85,122,76,45,36,43,26,23
2026-01-24,107,양동시장            ,승차,16,43,63,91,113,133,152,149,181,206,166,177,164,104,45,37,28,18,13
2026-01-24,107,양동시장            ,하차,15,31,63,84,106,152,165,157,187,182,157,194,115,93,42,33,42,35,24
2026-01-24,108,돌고개              ,승차,18,36,61,92,99,109,108,99,129,94,73,83,102,70,56,39,37,26,9
2026-01-24,108,돌고개              ,하차,9,18,19,49,47,72,70,94,91,74,120,109,133,126,68,72,72,45,41
2026-01-24,109,농성                ,승차,46,49,71,138,157,161,195,215,251,180,220,192,185,131,117,82,53,31,17
2026-01-24,109,농성                ,하차,15,24,54,109,144,156,193,174,194,158,165,182,193,166,97,76,77,78,41
2026-01-24,110,화정                ,승차,19,47,61,96,120,114,118,136,151,88,90,121,122,84,71,48,27,26,8
2026-01-24,110,화정                ,하차,6,13,27,56,69,75,75,76,73,87,96,97,125,127,58,71,65,33,48
2026-01-24,111,쌍촌                ,승차,40,59,98,154,130,142,138,142,138,118,191,158,129,91,60,42,32,31,5
2026-01-24,111,쌍촌                ,하차,5,18,33,51,69,65,57,63,131,92,96,130,159,109,91,79,121,67,60
2026-01-24,112,운천                ,승차,29,52,114,159,165,167,174,170,187,184,172,172,161,124,85,108,113,80,67
2026-01-24,112,운천                ,하차,13,31,39,129,116,116,125,140,158,139,175,197,296,301,252,213,171,122,96
2026-01-24,113,상무                ,승차,23,60,92,147,157,212,216,253,308,213,245,266,246,152,148,130,115,92,42
2026-01-24,113,상무                ,하차,21,45,58,197,249,188,186,205,215,208,228,261,316,277,215,171,128,78,79
2026-01-24,114,컨벤션센터          ,승차,9,13,29,42,45,57,50,82,108,118,91,110,119,68,44,34,48,17,5
2026-01-24,114,컨벤션센터          ,하차,4,20,15,57,74,91,142,98,120,82,69,77,94,57,32,32,19,18,11
2026-01-24,115,공항                ,승차,13,27,30,45,55,69,69,78,68,75,33,76,67,56,28,28,10,14,5
2026-01-24,115,공항                ,하차,6,17,25,36,30,25,54,56,45,54,62,63,67,47,40,20,28,19,20
2026-01-24,116,송정공원            ,승차,27,58,133,125,124,123,153,176,159,126,119,153,151,107,73,47,50,24,10
2026-01-24,116,송정공원            ,하차,23,23,55,82,57,66,85,100,147,128,149,158,217,137,106,119,82,86,35
2026-01-24,117,광주송정            ,승차,20,22,96,214,378,346,452,436,325,347,285,370,520,284,230,306,266,113,131
2026-01-24,117,광주송정            ,하차,54,67,252,205,271,446,309,260,353,338,276,417,391,352,278,212,145,133,22
2026-01-24,118,도산                ,승차,27,44,75,89,89,94,98,102,102,96,77,86,86,56,43,48,40,18,21
2026-01-24,118,도산                ,하차,5,16,39,35,23,42,65,77,54,57,83,95,137,109,71,80,57,41,39
2026-01-24,119,평동                ,승차,24,22,51,55,45,69,69,84,98,82,107,118,197,88,73,22,25,20,14
2026-01-24,119,평동                ,하차,2,91,218,122,51,44,52,61,67,71,63,81,87,57,88,39,47,30,14
2026-01-25,100,녹동                ,승차,0,0,4,4,11,11,2,10,4,4,8,3,15,3,2,2,0,0,0
2026-01-25,100,녹동                ,하차,0,0,1,3,2,8,6,5,3,5,9,6,12,1,1,7,1,1,0
2026-01-25,101,소태                ,승차,10,24,49,57,102,104,103,90,133,119,111,94,91,74,37,37,9,13,6
2026-01-25,101,소태                ,하차,0,24,33,37,46,67,48,72,70,84,105,84,107,129,80,67,78,39,37
2026-01-25,102,학동증심사          ,승차,13,18,35,48,67,71,72,93,109,97,75,78,77,58,27,37,13,11,134
2026-01-25,102,학동증심사          ,하차,2,12,29,53,69,80,54,44,88,65,63,86,83,102,62,50,34,20,34
2026-01-25,103,남광주              ,승차,16,35,58,98,92,129,113,151,140,140,151,129,162,105,101,48,46,27,30
2026-01-25,103,남광주              ,하차,3,47,41,82,73,95,98,112,158,157,130,128,177,166,74,87,66,63,56
2026-01-25,104,문화전당            ,승차,10,12,12,67,43,55,64,97,131,155,166,295,274,292,211,196,191,137,57
2026-01-25,104,문화전당            ,하차,4,34,36,64,85,156,183,213,301,254,245,193,194,163,82,73,66,37,68
2026-01-25,105,금남로4가           ,승차,14,15,37,37,79,108,63,92,182,211,271,362,347,311,234,166,143,73,26
2026-01-25,105,금남로4가           ,하차,3,23,37,53,131,160,204,298,355,341,269,221,185,126,81,72,56,38,48
2026-01-25,106,금남로5가           ,승차,9,18,15,30,33,42,44,61,78,94,94,155,102,207,74,83,28,22,38
2026-01-25,106,금남로5가           ,하차,5,16,17,43,82,102,88,123,155,100,72,51,58,172,33,38,36,30,35
2026-01-25,107,양동시장            ,승차,9,23,35,31,67,96,98,117,97,115,125,128,126,74,37,25,21,13,8
2026-01-25,107,양동시장            ,하차,12,19,39,40,77,109,92,98,115,122,144,99,111,76,51,29,31,25,15
2026-01-25,108,돌고개              ,승차,19,25,35,40,57,83,52,89,104,79,68,67,75,54,33,37,27,23,12
2026-01-25,108,돌고개              ,하차,13,18,23,20,34,42,38,46,67,64,82,93,98,96,60,72,40,48,33
2026-01-25,109,농성                ,승차,19,34,38,67,99,115,96,131,158,143,152,168,155,99,64,71,35,20,16
2026-01-25,109,농성                ,하차,10,22,33,49,85,89,111,98,146,126,143,135,146,119,69,57,52,53,53
2026-01-25,110,화정                ,승차,13,22,38,47,62,100,49,85,97,81,59,78,74,48,48,25,27,21,15
2026-01-25,110,화정                ,하차,4,8,17,28,39,44,42,43,64,47,61,85,91,83,49,65,54,39,39
2026-01-25,111,쌍촌                ,승차,21,28,51,69,104,195,98,109,97,102,98,78,83,53,65,47,22,17,17
2026-01-25,111,쌍촌                ,하차,7,18,15,18,34,35,39,49,51,64,85,93,105,125,48,78,85,49,51
2026-01-25,112,운천                ,승차,16,43,66,82,105,131,102,172,136,100,126,118,158,124,103,96,54,59,45
2026-01-25,112,운천                ,하차,9,15,24,64,58,77,83,62,109,91,129,146,176,169,148,162,144,59,79
2026-01-25,113,상무                ,승차,17,40,56,78,105,136,103,157,175,153,194,166,158,154,112,117,83,58,36
2026-01-25,113,상무                ,하차,12,22,32,68,116,118,101,120,152,182,156,226,207,175,141,125,92,74,64
2026-01-25,114,컨벤션센터          ,승차,9,10,14,14,31,37,40,57,57,87,53,43,64,40,34,22,21,15,10
2026-01-25,114,컨벤션센터          ,하차,5,9,8,34,43,56,94,80,57,52,60,34,47,41,12,18,23,16,13
2026-01-25,115,공항                ,승차,10,10,17,22,73,67,59,71,37,61,44,61,47,47,27,19,19,7,1
2026-01-25,115,공항                ,하차,2,13,25,31,20,21,36,45,41,46,88,50,55,49,27,16,12,17,19
2026-01-25,116,송정공원            ,승차,21,28,53,60,90,91,113,96,102,107,115,91,84,44,34,30,22,14,7
2026-01-25,116,송정공원            ,하차,14,10,36,34,49,65,55,45,64,79,108,109,136,98,120,70,72,44,30
2026-01-25,117,광주송정            ,승차,12,18,48,104,214,189,294,357,266,350,281,217,608,345,432,360,245,200,234
2026-01-25,117,광주송정            ,하차,37,41,131,118,207,346,241,223,239,261,283,264,392,426,369,351,159,121,25
2026-01-25,118,도산                ,승차,11,31,37,67,69,64,69,89,96,67,57,51,46,29,33,26,21,15,13
2026-01-25,118,도산                ,하차,4,8,15,28,10,39,65,36,53,56,76,85,100,80,50,52,55,34,24
2026-01-25,119,평동                ,승차,9,17,29,22,39,70,60,70,73,75,90,87,69,50,37,20,18,14,14
2026-01-25,119,평동                ,하차,3,31,48,55,35,25,29,55,75,60,84,62,95,54,75,36,40,24,18
2026-01-26,100,녹동                ,승차,1,4,21,28,10,9,58,9,13,8,5,10,24,28,3,0,1,2,0
2026-01-26,100,녹동                ,하차,0,2,13,21,2,5,7,10,8,7,9,12,15,22,5,4,5,3,0
2026-01-26,101,소태                ,승차,37,72,196,407,183,187,129,116,166,167,131,118,138,142,53,30,29,23,12
2026-01-26,101,소태                ,하차,1,33,83,161,89,92,151,120,105,148,167,183,194,259,117,90,81,54,38
2026-01-26,102,학동증심사          ,승차,26,48,116,239,162,132,148,168,138,132,126,150,150,112,36,32,21,19,73
2026-01-26,102,학동증심사          ,하차,5,33,56,167,101,109,114,114,124,151,138,160,156,173,85,71,35,38,19
2026-01-26,103,남광주              ,승차,36,119,235,328,229,254,269,219,222,262,310,292,463,278,122,79,62,55,27
2026-01-26,103,남광주              ,하차,5,133,258,576,361,227,234,215,268,288,253,261,245,343,130,119,83,62,34
2026-01-26,104,문화전당            ,승차,13,34,56,78,65,89,169,151,152,197,162,257,299,491,205,210,193,142,62
2026-01-26,104,문화전당            ,하차,3,36,98,574,269,160,196,214,221,211,172,146,196,238,132,74,42,22,28
2026-01-26,105,금남로4가           ,승차,25,67,147,213,125,150,185,221,243,309,365,455,403,482,195,177,155,104,48
2026-01-26,105,금남로4가           ,하차,24,47,149,631,353,293,335,311,345,273,252,230,258,284,132,67,51,29,36
2026-01-26,106,금남로5가           ,승차,39,54,102,169,84,103,87,77,107,161,187,217,200,305,80,70,36,25,32
2026-01-26,106,금남로5가           ,하차,24,24,96,383,211,146,126,169,193,123,110,90,113,168,60,42,45,22,31
2026-01-26,107,양동시장            ,승차,19,66,131,189,137,143,149,155,210,211,251,202,224,243,59,38,17,10,17
2026-01-26,107,양동시장            ,하차,8,34,102,289,161,170,186,201,224,218,231,198,175,188,70,45,57,26,21
2026-01-26,108,돌고개              ,승차,32,88,157,337,147,111,113,96,144,107,109,111,124,129,49,34,24,16,21
2026-01-26,108,돌고개              ,하차,11,24,55,164,93,71,122,105,119,133,143,163,196,231,93,69,64,54,30
2026-01-26,109,농성                ,승차,38,90,200,388,223,174,203,199,183,192,203,189,219,235,101,71,42,27,12
2026-01-26,109,농성                ,하차,10,49,86,270,166,140,159,150,190,171,211,220,270,357,125,98,65,58,40
2026-01-26,110,화정                ,승차,25,67,183,363,163,125,124,152,121,144,134,111,128,130,60,37,27,16,13
2026-01-26,110,화정                ,하차,7,21,63,154,98,88,93,80,90,102,119,126,171,250,123,65,71,51,41
2026-01-26,111,쌍촌                ,승차,63,142,295,545,246,248,156,163,162,138,114,117,154,137,76,41,43,23,10
2026-01-26,111,쌍촌                ,하차,4,19,41,136,93,86,98,98,89,125,127,185,305,414,148,99,102,84,55
2026-01-26,112,운천                ,승차,35,104,317,472,203,170,155,165,188,263,177,185,204,269,119,91,105,61,48
2026-01-26,112,운천                ,하차,12,29,90,349,159,112,110,95,106,120,179,227,335,553,230,148,128,94,72
2026-01-26,113,상무                ,승차,45,105,266,453,243,195,238,269,270,279,305,321,333,514,190,182,123,85,48
2026-01-26,113,상무                ,하차,32,64,129,727,336,238,234,195,273,314,264,304,392,516,231,125,105,94,57
2026-01-26,114,컨벤션센터          ,승차,9,29,69,156,65,62,58,56,88,73,71,104,133,142,38,21,19,12,7
2026-01-26,114,컨벤션센터          ,하차,5,16,69,243,90,52,68,58,55,89,60,66,119,118,54,29,20,11,13
2026-01-26,115,공항                ,승차,13,30,100,142,83,84,47,73,59,92,58,74,78,95,34,34,24,3,11
2026-01-26,115,공항                ,하차,8,30,56,104,39,45,59,77,56,112,73,87,119,84,33,35,28,24,28
2026-01-26,116,송정공원            ,승차,32,119,350,356,184,132,173,132,123,153,156,127,200,226,91,60,38,19,15
2026-01-26,116,송정공원            ,하차,30,46,111,248,98,74,101,133,142,153,171,186,285,386,196,102,95,74,35
2026-01-26,117,광주송정            ,승차,22,63,332,461,279,250,313,378,212,324,239,342,417,342,200,173,174,81,206
2026-01-26,117,광주송정            ,하차,80,111,399,339,247,369,238,228,221,244,302,317,348,398,214,139,101,81,40
2026-01-26,118,도산                ,승차,20,86,203,226,105,85,60,96,109,97,75,75,135,165,39,44,45,30,18
2026-01-26,118,도산                ,하차,6,18,51,87,41,54,59,68,57,83,96,122,190,205,103,75,57,51,36
2026-01-26,119,평동                ,승차,16,20,46,94,78,54,53,81,86,95,107,172,628,284,207,97,70,18,13
2026-01-26,119,평동                ,하차,2,268,769,348,67,69,52,49,68,75,81,82,77,78,58,40,41,12,19
2026-01-27,100,녹동                ,승차,1,8,19,29,10,13,9,9,12,12,1,10,15,24,4,4,1,1,0
2026-01-27,100,녹동                ,하차,0,3,11,32,4,3,11,12,4,5,7,10,19,14,8,4,4,1,0
2026-01-27,101,소태                ,승차,35,77,177,365,198,121,117,111,140,165,111,117,160,158,45,37,43,27,5
2026-01-27,101,소태                ,하차,1,43,83,153,69,61,92,97,98,126,151,176,211,270,133,109,81,60,41
2026-01-27,102,학동증심사          ,승차,32,56,114,234,147,167,129,148,182,142,151,108,123,136,54,36,31,14,17
2026-01-27,102,학동증심사          ,하차,2,31,74,176,157,117,120,94,127,141,165,195,169,189,100,53,72,43,25
2026-01-27,103,남광주              ,승차,27,115,252,350,252,233,287,255,241,217,293,311,434,248,133,104,67,58,43
2026-01-27,103,남광주              ,하차,3,136,244,567,360,229,203,206,281,237,220,233,242,372,138,113,104,96,47
2026-01-27,104,문화전당            ,승차,16,36,52,98,68,72,122,140,140,158,235,289,319,469,208,187,202,150,74
2026-01-27,104,문화전당            ,하차,3,34,85,562,261,172,194,220,231,192,169,195,230,286,135,86,50,34,42
2026-01-27,105,금남로4가           ,승차,15,79,146,244,119,126,177,221,272,302,349,449,436,473,212,209,174,110,36
2026-01-27,105,금남로4가           ,하차,26,57,115,623,361,256,298,290,410,303,222,246,282,301,100,78,63,36,29
2026-01-27,106,금남로5가           ,승차,19,63,96,163,83,96,107,95,121,162,196,210,174,413,80,93,39,19,6
2026-01-27,106,금남로5가           ,하차,23,27,98,400,177,150,130,133,161,132,80,84,112,231,71,38,37,17,21
2026-01-27,107,양동시장            ,승차,21,67,121,205,110,149,168,150,196,225,216,207,205,270,60,41,30,29,17
2026-01-27,107,양동시장            ,하차,17,37,94,285,174,165,190,186,195,210,196,192,168,175,70,40,53,32,19
2026-01-27,108,돌고개              ,승차,36,76,160,307,162,102,112,104,114,87,97,93,124,132,46,42,24,23,9
2026-01-27,108,돌고개              ,하차,11,26,45,152,101,64,118,122,100,120,140,178,190,222,109,102,69,39,23
2026-01-27,109,농성                ,승차,38,97,212,394,210,172,156,218,192,188,188,173,204,238,75,84,51,36,10
2026-01-27,109,농성                ,하차,12,48,96,252,143,132,176,153,163,156,198,207,267,362,133,93,57,82,35
2026-01-27,110,화정                ,승차,25,74,179,360,172,124,152,139,129,140,137,117,129,144,67,34,26,16,11
2026-01-27,110,화정                ,하차,8,26,66,164,114,68,90,90,90,116,107,135,173,258,109,87,74,60,41
2026-01-27,111,쌍촌                ,승차,59,161,294,504,208,123,132,145,145,135,126,215,142,141,74,41,35,20,28
2026-01-27,111,쌍촌                ,하차,13,21,42,129,71,48,74,98,85,120,135,166,287,415,158,106,98,90,61
2026-01-27,112,운천                ,승차,39,111,334,474,234,191,257,161,178,155,158,186,265,271,101,108,72,73,41
2026-01-27,112,운천                ,하차,17,38,76,368,132,97,121,109,161,141,162,186,338,599,228,170,118,107,67
2026-01-27,113,상무                ,승차,47,104,281,470,217,275,249,273,244,207,272,305,351,489,202,181,138,132,49
2026-01-27,113,상무                ,하차,27,71,125,711,349,249,205,244,264,247,257,284,432,531,234,141,107,88,63
2026-01-27,114,컨벤션센터          ,승차,14,33,72,124,50,56,43,49,68,75,92,142,131,151,35,28,34,11,6
2026-01-27,114,컨벤션센터          ,하차,7,17,58,232,100,65,66,67,75,59,49,85,116,116,58,35,28,18,13
2026-01-27,115,공항                ,승차,16,24,106,141,100,56,60,51,46,76,84,89,83,72,36,27,27,6,5
2026-01-27,115,공항                ,하차,9,39,57,69,40,41,63,58,63,76,90,104,88,89,37,47,29,20,14
2026-01-27,116,송정공원            ,승차,34,142,360,386,184,125,183,136,139,103,218,149,189,258,82,65,32,26,49
2026-01-27,116,송정공원            ,하차,22,47,115,281,103,74,91,142,137,136,158,214,320,360,173,113,113,87,31
2026-01-27,117,광주송정            ,승차,22,51,249,369,234,223,258,296,245,300,242,259,475,303,210,209,224,89,328
2026-01-27,117,광주송정            ,하차,40,91,367,356,235,318,289,240,259,281,266,289,353,361,217,146,125,77,26
2026-01-27,118,도산                ,승차,22,80,209,254,96,94,79,112,116,90,64,74,128,154,49,33,37,29,12
2026-01-27,118,도산                ,하차,5,23,58,83,47,70,54,51,55,79,91,135,191,221,70,73,57,56,23
2026-01-27,119,평동                ,승차,25,21,56,118,83,105,57,79,97,82,92,168,639,306,223,109,42,12,19
2026-01-27,119,평동                ,하차,3,303,817,359,80,57,68,53,69,52,65,67,75,97,63,41,22,26,14
2026-01-28,100,녹동                ,승차,2,6,18,27,22,7,7,6,7,9,4,9,15,26,6,0,1,1,0
2026-01-28,100,녹동                ,하차,0,2,6,28,4,7,13,10,4,5,7,12,18,20,10,3,0,2,0
2026-01-28,101,소태                ,승차,30,91,185,341,174,138,124,143,160,122,116,158,146,128,42,38,31,22,13
2026-01-28,101,소태                ,하차,5,33,87,133,67,64,68,100,110,105,173,199,214,249,119,95,106,67,29
2026-01-28,102,학동증심사          ,승차,31,40,113,221,177,145,139,147,151,106,143,100,119,126,44,30,34,19,12
2026-01-28,102,학동증심사          ,하차,1,31,58,174,114,84,103,116,118,140,164,152,139,200,66,55,45,40,23
2026-01-28,103,남광주              ,승차,34,108,248,380,234,298,277,243,226,225,281,305,453,261,130,92,84,79,40
2026-01-28,103,남광주              ,하차,4,129,254,570,395,220,242,236,256,222,233,220,282,372,132,104,101,77,40
2026-01-28,104,문화전당            ,승차,14,38,54,96,48,76,95,166,155,174,270,256,307,442,218,184,175,163,54
2026-01-28,104,문화전당            ,하차,2,36,89,549,272,174,200,211,281,204,194,199,194,250,130,69,40,40,34
2026-01-28,105,금남로4가           ,승차,13,71,157,242,121,133,220,208,306,287,358,382,462,463,202,200,157,153,50
2026-01-28,105,금남로4가           ,하차,27,39,126,629,327,291,314,304,367,320,242,202,273,313,154,71,64,55,40
2026-01-28,106,금남로5가           ,승차,18,51,84,161,87,79,105,78,161,147,251,231,215,324,95,85,54,21,28
2026-01-28,106,금남로5가           ,하차,27,23,87,485,173,143,130,177,169,111,110,88,135,158,73,41,33,22,38
2026-01-28,107,양동시장            ,승차,25,59,126,207,110,140,162,168,189,166,188,220,211,253,63,28,33,16,44
2026-01-28,107,양동시장            ,하차,11,32,76,286,126,203,181,183,190,184,236,177,167,153,73,52,44,26,42
2026-01-28,108,돌고개              ,승차,31,74,162,308,151,107,104,119,121,118,94,113,128,127,40,52,29,24,9
2026-01-28,108,돌고개              ,하차,12,25,36,146,83,73,97,94,104,117,127,167,193,246,84,73,90,55,38
2026-01-28,109,농성                ,승차,45,88,200,396,178,153,181,196,206,194,178,183,195,265,79,76,61,24,21
2026-01-28,109,농성                ,하차,12,51,86,243,180,106,147,114,175,197,218,198,244,351,131,98,73,59,37
2026-01-28,110,화정                ,승차,20,66,186,387,188,117,109,124,129,148,138,124,131,110,54,39,34,22,14
2026-01-28,110,화정                ,하차,8,26,68,140,80,94,79,80,107,98,124,140,185,282,91,89,75,69,44
2026-01-28,111,쌍촌                ,승차,56,153,281,528,318,143,151,154,166,124,121,236,160,139,82,46,45,32,9
2026-01-28,111,쌍촌                ,하차,6,20,48,122,70,55,91,104,100,134,147,142,288,370,162,120,99,110,50
2026-01-28,112,운천                ,승차,39,111,307,476,334,161,154,168,181,138,142,190,230,272,107,110,93,106,46
2026-01-28,112,운천                ,하차,16,33,83,390,119,97,115,123,133,150,162,196,326,582,233,160,136,123,68
2026-01-28,113,상무                ,승차,39,104,273,463,217,251,275,321,248,271,283,239,343,462,176,165,157,101,70
2026-01-28,113,상무                ,하차,33,62,136,706,372,209,239,206,250,275,286,363,376,512,238,132,112,104,70
2026-01-28,114,컨벤션센터          ,승차,10,26,68,130,83,90,75,80,89,73,80,82,134,121,45,30,33,18,16
2026-01-28,114,컨벤션센터          ,하차,5,17,62,242,93,73,70,77,71,49,63,79,97,121,39,28,41,24,21
2026-01-28,115,공항                ,승차,9,29,116,147,104,59,77,58,56,88,57,68,78,92,51,38,17,10,38
2026-01-28,115,공항                ,하차,9,37,51,67,45,38,51,58,51,93,65,97,83,101,28,30,20,28,22
2026-01-28,116,송정공원            ,승차,33,136,351,396,162,123,168,154,131,141,187,141,225,214,96,57,54,21,14
2026-01-28,116,송정공원            ,하차,20,59,102,295,134,94,105,183,173,145,159,177,275,369,164,121,101,75,37
2026-01-28,117,광주송정            ,승차,21,65,232,359,221,248,257,342,260,353,280,279,455,387,230,178,183,95,81
2026-01-28,117,광주송정            ,하차,36,89,334,346,251,398,249,271,302,317,293,320,328,403,201,152,113,105,39
2026-01-28,118,도산                ,승차,24,73,212,277,104,87,76,95,136,84,82,79,123,160,51,34,38,25,8
2026-01-28,118,도산                ,하차,8,25,54,90,39,62,86,75,62,79,98,120,160,184,98,77,58,74,18
2026-01-28,119,평동                ,승차,25,20,56,108,84,63,54,81,74,77,112,175,637,302,177,103,69,12,18
2026-01-28,119,평동                ,하차,3,297,776,370,85,43,73,68,59,66,68,61,70,85,51,30,32,19,12
2026-01-29,100,녹동                ,승차,1,8,23,32,11,12,9,13,14,6,11,11,21,29,2,2,1,0,0
2026-01-29,100,녹동                ,하차,0,1,13,26,3,2,9,10,8,11,14,8,18,17,3,5,5,6,1
2026-01-29,101,소태                ,승차,28,89,178,372,177,153,134,144,183,135,112,121,147,146,42,32,38,30,3
2026-01-29,101,소태                ,하차,2,29,76,168,67,71,77,110,121,103,167,191,228,267,129,101,109,60,50
2026-01-29,102,학동증심사          ,승차,34,44,130,208,166,132,173,140,154,120,110,106,133,147,54,49,27,17,9
2026-01-29,102,학동증심사          ,하차,1,31,58,181,121,79,106,121,127,140,121,148,174,189,85,59,54,48,33
2026-01-29,103,남광주              ,승차,36,126,264,404,251,246,289,247,254,256,293,308,472,311,126,93,85,54,35
2026-01-29,103,남광주              ,하차,8,131,264,601,389,206,250,205,278,225,251,258,236,385,141,144,116,89,48
2026-01-29,104,문화전당            ,승차,19,36,54,95,69,81,82,124,153,169,226,280,334,476,230,152,193,207,98
2026-01-29,104,문화전당            ,하차,2,30,103,533,270,141,194,176,239,204,184,211,217,282,121,90,44,42,43
2026-01-29,105,금남로4가           ,승차,18,76,145,237,95,127,181,240,271,277,356,392,498,489,211,181,167,133,27
2026-01-29,105,금남로4가           ,하차,25,42,102,535,348,277,341,305,388,354,273,230,241,273,115,74,78,43,34
2026-01-29,106,금남로5가           ,승차,18,63,90,146,81,83,95,84,125,138,168,342,205,395,83,100,53,24,17
2026-01-29,106,금남로5가           ,하차,26,27,95,476,175,134,139,137,183,119,99,74,104,221,56,36,49,24,24
2026-01-29,107,양동시장            ,승차,17,59,108,188,113,178,157,158,182,177,189,202,225,266,68,27,23,18,12
2026-01-29,107,양동시장            ,하차,13,39,95,300,150,174,176,161,188,206,210,176,149,160,68,51,55,29,14
2026-01-29,108,돌고개              ,승차,39,76,159,316,159,107,128,122,137,89,103,98,113,122,38,46,28,26,15
2026-01-29,108,돌고개              ,하차,11,26,40,141,85,77,91,132,107,106,138,169,194,255,92,82,83,52,35
2026-01-29,109,농성                ,승차,40,79,206,410,200,192,157,163,184,188,220,600,225,247,93,86,67,36,29
2026-01-29,109,농성                ,하차,13,39,101,252,147,128,165,166,153,184,206,256,275,365,158,87,100,69,51
2026-01-29,110,화정                ,승차,23,79,197,371,161,117,107,137,136,140,138,110,129,130,56,34,21,16,11
2026-01-29,110,화정                ,하차,10,16,68,166,78,96,81,78,109,95,113,156,199,234,122,79,81,49,38
2026-01-29,111,쌍촌                ,승차,52,153,293,481,198,256,141,154,154,125,109,106,138,133,73,30,49,25,46
2026-01-29,111,쌍촌                ,하차,13,19,25,127,93,65,85,87,103,106,131,161,306,418,149,119,97,88,50
2026-01-29,112,운천                ,승차,39,114,335,476,307,150,172,168,175,153,153,211,234,247,108,130,105,90,54
2026-01-29,112,운천                ,하차,16,38,80,373,137,111,110,110,98,146,158,181,318,574,237,158,135,121,72
2026-01-29,113,상무                ,승차,30,106,283,453,215,253,230,238,254,282,308,258,362,461,194,181,155,117,50
2026-01-29,113,상무                ,하차,29,72,116,641,330,259,228,222,299,254,272,320,424,529,230,139,125,112,51
2026-01-29,114,컨벤션센터          ,승차,15,25,69,118,66,53,55,47,97,100,94,103,121,139,25,27,41,13,14
2026-01-29,114,컨벤션센터          ,하차,8,18,66,199,98,51,77,56,66,73,81,65,99,109,42,27,33,22,17
2026-01-29,115,공항                ,승차,13,26,114,139,107,60,35,104,65,65,59,81,84,67,49,22,19,8,5
2026-01-29,115,공항                ,하차,9,32,68,91,37,30,63,35,62,75,66,75,104,112,27,36,23,24,27
2026-01-29,116,송정공원            ,승차,38,131,345,379,170,128,197,141,157,130,179,119,200,226,85,56,28,26,10
2026-01-29,116,송정공원            ,하차,22,55,112,264,111,86,107,138,173,112,145,206,292,374,193,108,101,68,44
2026-01-29,117,광주송정            ,승차,20,54,196,404,247,204,259,295,233,292,258,333,451,373,226,285,237,74,345
2026-01-29,117,광주송정            ,하차,38,115,377,317,258,337,248,266,238,256,281,303,401,452,245,149,98,102,43
2026-01-29,118,도산                ,승차,28,79,179,251,109,59,83,116,119,91,91,70,124,153,58,41,41,20,12
2026-01-29,118,도산                ,하차,7,18,49,99,37,48,85,63,58,80,95,140,166,200,91,71,54,62,23
2026-01-29,119,평동                ,승차,26,22,60,108,69,58,66,92,79,82,93,178,623,292,216,111,62,10,16
2026-01-29,119,평동                ,하차,4,286,811,394,79,54,61,57,62,48,55,63,57,90,48,33,35,14,9
2026-01-30,100,녹동                ,승차,1,3,21,27,12,19,6,5,11,18,8,5,15,27,0,1,0,1,0
2026-01-30,100,녹동                ,하차,0,3,11,23,1,3,6,6,4,7,12,3,16,10,4,3,3,1,0
2026-01-30,101,소태                ,승차,33,80,185,365,197,130,122,152,194,133,148,112,223,171,60,62,22,23,15
2026-01-30,101,소태                ,하차,4,31,78,162,76,77,100,110,103,136,150,171,240,260,135,98,86,80,53
2026-01-30,102,학동증심사          ,승차,26,54,122,195,228,142,158,137,149,130,142,124,144,140,56,50,35,20,10
2026-01-30,102,학동증심사          ,하차,2,37,67,180,107,112,141,135,154,142,153,169,147,210,82,68,51,55,21
2026-01-30,103,남광주              ,승차,39,109,250,368,250,253,242,229,255,229,279,331,473,317,143,91,79,55,29
2026-01-30,103,남광주              ,하차,2,119,235,532,335,195,215,270,234,208,240,223,286,415,135,125,118,106,53
2026-01-30,104,문화전당            ,승차,16,30,69,100,62,75,93,144,145,188,278,302,370,487,218,189,178,193,71
2026-01-30,104,문화전당            ,하차,4,24,100,502,276,189,192,232,330,219,193,176,232,357,188,104,73,44,60
2026-01-30,105,금남로4가           ,승차,24,66,140,250,149,179,161,232,274,273,328,411,537,557,227,185,203,144,46
2026-01-30,105,금남로4가           ,하차,29,45,118,513,375,265,338,331,391,321,287,246,308,280,149,75,61,68,50
2026-01-30,106,금남로5가           ,승차,18,59,105,157,69,90,213,82,141,137,149,204,230,336,103,80,39,18,21
2026-01-30,106,금남로5가           ,하차,22,19,91,488,187,161,113,136,155,110,100,81,161,186,82,50,48,37,34
2026-01-30,107,양동시장            ,승차,22,54,134,209,124,213,155,201,197,211,213,225,229,273,77,34,30,19,13
2026-01-30,107,양동시장            ,하차,17,37,99,306,170,191,201,196,243,204,191,196,141,193,69,31,52,41,38
2026-01-30,108,돌고개              ,승차,36,81,171,302,162,107,129,111,123,111,107,118,136,146,56,50,42,36,20
2026-01-30,108,돌고개              ,하차,12,23,48,142,107,74,98,114,104,112,137,195,216,242,124,96,87,64,49
2026-01-30,109,농성                ,승차,40,90,197,379,207,155,171,191,169,187,999,197,253,238,96,90,59,44,18
2026-01-30,109,농성                ,하차,12,42,92,253,152,124,147,172,190,197,196,232,298,394,151,96,90,82,45
2026-01-30,110,화정                ,승차,22,78,177,326,175,114,141,124,119,151,124,114,141,153,70,37,44,27,11
2026-01-30,110,화정                ,하차,8,18,59,154,83,91,101,82,100,91,115,118,208,247,102,78,77,66,55
2026-01-30,111,쌍촌                ,승차,60,140,269,510,209,132,140,175,282,121,124,138,179,162,109,62,35,34,9
2026-01-30,111,쌍촌                ,하차,9,21,35,117,87,69,73,89,84,115,110,128,299,380,140,115,91,111,64
2026-01-30,112,운천                ,승차,32,96,303,423,295,179,174,173,211,167,170,199,266,287,153,88,100,91,56
2026-01-30,112,운천                ,하차,20,33,91,357,124,106,125,128,150,148,182,192,384,677,271,186,182,134,77
2026-01-30,113,상무                ,승차,31,91,255,449,223,220,251,251,271,253,282,274,411,525,229,185,148,147,66
2026-01-30,113,상무                ,하차,37,63,134,604,304,217,233,210,231,270,283,325,502,586,272,143,129,129,80
2026-01-30,114,컨벤션센터          ,승차,7,20,67,105,77,57,34,62,84,76,95,119,160,143,41,33,62,56,11
2026-01-30,114,컨벤션센터          ,하차,7,16,52,181,111,51,75,56,63,70,85,93,143,179,70,28,38,19,17
2026-01-30,115,공항                ,승차,10,28,106,154,101,56,39,90,65,74,59,63,91,142,44,20,20,7,5
2026-01-30,115,공항                ,하차,11,41,51,61,32,41,50,41,53,66,79,85,99,103,42,33,23,29,20
2026-01-30,116,송정공원            ,승차,40,119,289,373,195,135,170,139,144,106,183,130,250,246,88,66,42,32,15
2026-01-30,116,송정공원            ,하차,25,71,97,276,127,83,106,142,155,110,139,169,281,384,158,92,118,82,45
2026-01-30,117,광주송정            ,승차,24,48,198,341,226,226,291,391,237,372,251,293,803,536,294,346,346,129,141
2026-01-30,117,광주송정            ,하차,42,84,305,374,317,379,292,274,264,312,316,425,546,665,399,209,136,128,38
2026-01-30,118,도산                ,승차,31,71,163,245,125,99,74,118,145,79,84,100,140,138,57,43,41,24,20
2026-01-30,118,도산                ,하차,10,18,53,99,50,67,59,84,63,85,91,122,176,221,80,70,66,73,23
2026-01-30,119,평동                ,승차,29,26,66,115,72,65,54,109,115,90,126,176,618,279,186,107,41,8,20
2026-01-30,119,평동                ,하차,3,283,760,345,77,71,67,84,64,63,83,79,92,104,73,38,45,20,25
2026-01-31,100,녹동                ,승차,0,1,5,17,7,16,8,10,16,11,6,7,5,8,3,0,1,0,0
2026-01-31,100,녹동                ,하차,0,0,3,5,4,3,2,9,5,6,9,11,8,7,4,3,8,2,0
2026-01-31,101,소태                ,승차,23,50,98,121,157,149,131,142,162,121,152,132,107,76,56,55,36,16,9
2026-01-31,101,소태                ,하차,0,30,47,70,66,81,82,116,124,104,107,140,170,140,105,86,78,67,49
2026-01-31,102,학동증심사          ,승차,21,38,69,108,120,141,120,147,141,131,101,143,124,94,51,21,45,24,11
2026-01-31,102,학동증심사          ,하차,2,32,57,131,122,93,100,100,129,92,108,112,125,102,72,72,46,42,46
2026-01-31,103,남광주              ,승차,36,87,146,238,224,171,187,206,197,212,186,219,253,137,95,66,78,57,34
2026-01-31,103,남광주              ,하차,6,84,147,188,144,150,155,162,179,205,222,190,260,222,87,106,87,68,53
2026-01-31,104,문화전당            ,승차,19,13,30,50,51,94,143,161,151,209,273,318,357,392,295,273,270,174,145
2026-01-31,104,문화전당            ,하차,3,28,52,123,183,298,300,388,397,314,315,331,304,260,158,120,71,37,59
2026-01-31,105,금남로4가           ,승차,19,33,52,65,88,113,100,199,245,249,297,394,421,388,257,175,196,116,23
2026-01-31,105,금남로4가           ,하차,15,25,40,110,188,230,351,370,416,388,362,320,206,199,115,48,51,56,35
2026-01-31,106,금남로5가           ,승차,10,39,29,46,79,91,65,70,74,106,113,179,129,192,60,85,45,22,12
2026-01-31,106,금남로5가           ,하차,7,12,25,58,96,111,101,144,152,114,92,94,97,95,37,41,42,36,29
2026-01-31,107,양동시장            ,승차,16,53,66,86,87,133,158,175,177,213,221,200,156,131,88,39,31,9,16
2026-01-31,107,양동시장            ,하차,19,38,61,102,128,169,195,200,201,227,175,129,123,116,41,42,32,32,24
2026-01-31,108,돌고개              ,승차,30,41,68,97,106,116,105,99,132,91,82,98,78,67,60,42,28,36,13
2026-01-31,108,돌고개              ,하차,12,22,26,60,48,61,84,94,101,89,120,121,152,111,73,73,83,56,27
2026-01-31,109,농성                ,승차,43,45,68,126,137,153,202,178,204,228,262,214,181,171,105,103,53,26,31
2026-01-31,109,농성                ,하차,11,37,60,114,133,158,176,181,216,195,198,187,225,174,91,97,67,51,63
2026-01-31,110,화정                ,승차,19,43,86,94,97,128,126,115,130,119,83,92,100,67,54,38,29,19,26
2026-01-31,110,화정                ,하차,4,12,35,59,75,88,83,79,73,94,94,111,105,92,76,72,68,35,56
2026-01-31,111,쌍촌                ,승차,31,58,113,150,132,164,155,129,162,139,121,142,154,102,60,47,29,30,12
2026-01-31,111,쌍촌                ,하차,11,15,19,48,61,57,61,86,87,135,106,139,141,132,88,109,90,73,77
2026-01-31,112,운천                ,승차,40,49,120,127,241,164,173,219,180,137,162,172,173,132,86,128,105,124,66
2026-01-31,112,운천                ,하차,12,26,32,140,96,105,122,110,141,146,151,225,226,314,244,175,184,105,113
2026-01-31,113,상무                ,승차,30,51,98,138,150,200,177,271,258,268,221,266,205,157,115,128,110,88,55
2026-01-31,113,상무                ,하차,27,42,48,170,232,203,183,187,241,195,195,271,305,260,181,125,120,81,58
2026-01-31,114,컨벤션센터          ,승차,9,15,25,36,44,43,69,100,148,139,124,108,109,96,47,36,28,8,4
2026-01-31,114,컨벤션센터          ,하차,6,23,25,65,100,129,157,113,122,85,79,95,76,47,32,21,31,12,15
2026-01-31,115,공항                ,승차,14,13,35,56,81,64,52,111,80,64,59,93,76,51,40,18,16,5,4
2026-01-31,115,공항                ,하차,6,14,22,41,22,24,53,55,59,50,58,63,82,52,31,21,27,14,29
2026-01-31,116,송정공원            ,승차,26,70,114,126,120,136,150,195,143,145,126,139,133,94,49,42,37,24,14
2026-01-31,116,송정공원            ,하차,23,18,53,77,58,71,88,70,111,115,137,172,193,146,118,94,101,83,36
2026-01-31,117,광주송정            ,승차,20,31,96,186,405,410,515,500,318,386,291,388,473,272,232,255,288,112,388
2026-01-31,117,광주송정            ,하차,56,68,196,183,273,461,310,309,309,349,284,427,425,396,289,251,133,170,52
2026-01-31,118,도산                ,승차,20,43,65,103,89,100,116,136,111,104,89,96,84,70,56,35,24,14,17
2026-01-31,118,도산                ,하차,12,15,43,32,40,56,70,69,78,74,74,117,125,94,106,62,67,58,37
2026-01-31,119,평동                ,승차,23,17,52,64,62,80,71,91,90,88,99,107,221,117,95,20,24,25,13
2026-01-31,119,평동                ,하차,4,94,240,115,48,58,67,70,62,69,66,87,70,64,70,42,53,26,42
2026-02-01,100,녹동                ,승차,0,0,2,10,7,8,8,8,8,8,7,4,6,5,1,0,0,0,0
2026-02-01,100,녹동                ,하차,0,0,2,2,2,4,4,6,5,6,7,7,5,3,5,2,2,0,0
2026-02-01,101,소태                ,승차,21,27,50,61,103,106,91,114,127,115,103,104,91,73,45,38,24,11,3
2026-02-01,101,소태                ,하차,3,28,51,31,63,59,66,60,65,91,115,85,114,118,66,80,59,52,35
2026-02-01,102,학동증심사          ,승차,17,23,28,43,69,87,63,85,105,80,84,77,72,49,18,22,11,12,12
2026-02-01,102,학동증심사          ,하차,1,26,16,46,65,81,54,52,70,78,75,91,118,84,47,45,36,20,34
2026-02-01,103,남광주              ,승차,16,44,55,74,133,158,118,113,156,146,152,152,164,118,83,72,53,33,24
2026-02-01,103,남광주              ,하차,2,49,48,66,97,103,93,86,159,134,140,135,172,158,72,93,95,58,64
2026-02-01,104,문화전당            ,승차,12,12,20,69,57,56,60,80,124,140,195,235,290,277,193,172,170,103,55
2026-02-01,104,문화전당            ,하차,3,34,37,71,99,112,154,210,248,259,195,158,184,144,94,61,55,33,44
2026-02-01,105,금남로4가           ,승차,12,29,38,37,63,83,88,98,145,214,274,325,390,275,247,158,153,69,42
2026-02-01,105,금남로4가           ,하차,10,14,43,59,117,147,198,236,347,336,252,211,167,148,81,51,54,44,57
2026-02-01,106,금남로5가           ,승차,23,18,25,22,56,48,42,57,73,77,103,169,113,74,83,63,34,12,6
2026-02-01,106,금남로5가           ,하차,5,7,22,45,71,94,79,108,175,78,74,64,51,71,18,32,33,36,16
2026-02-01,107,양동시장            ,승차,10,21,28,37,47,90,71,102,75,84,73,70,89,47,47,30,22,9,6
2026-02-01,107,양동시장            ,하차,6,28,40,32,57,62,72,63,77,91,95,77,88,63,29,30,31,22,30
2026-02-01,108,돌고개              ,승차,17,15,28,51,60,106,78,81,89,76,73,63,80,46,43,26,32,29,7
2026-02-01,108,돌고개              ,하차,9,18,15,31,33,38,43,49,71,54,111,101,90,85,64,63,48,36,25
2026-02-01,109,농성                ,승차,21,31,39,64,90,140,109,126,172,164,152,158,149,115,74,70,45,28,14
2026-02-01,109,농성                ,하차,12,16,48,58,97,133,104,118,123,134,126,127,135,134,77,61,86,40,42
2026-02-01,110,화정                ,승차,8,23,46,59,68,76,61,90,84,80,55,77,76,53,49,33,24,17,10
2026-02-01,110,화정                ,하차,6,8,14,34,39,42,31,54,46,65,88,76,88,79,42,58,50,29,30
2026-02-01,111,쌍촌                ,승차,14,32,49,154,139,111,92,95,118,108,87,78,98,74,63,47,24,25,14
2026-02-01,111,쌍촌                ,하차,5,18,23,30,34,45,40,50,62,92,78,82,103,112,89,83,80,61,51
2026-02-01,112,운천                ,승차,23,45,49,77,188,95,92,128,126,113,119,137,110,117,101,91,62,79,35
2026-02-01,112,운천                ,하차,9,12,30,52,62,80,60,71,89,88,119,124,142,141,141,141,144,66,76
2026-02-01,113,상무                ,승차,30,41,60,86,100,119,100,151,154,153,193,149,180,163,102,128,91,45,29
2026-02-01,113,상무                ,하차,12,20,34,67,118,123,107,96,190,149,180,196,214,182,144,92,97,58,92
2026-02-01,114,컨벤션센터          ,승차,9,5,15,18,30,24,34,66,78,80,66,58,73,69,37,21,16,10,11
2026-02-01,114,컨벤션센터          ,하차,3,15,6,35,52,61,71,45,49,51,45,44,64,37,32,21,19,13,22
2026-02-01,115,공항                ,승차,11,8,16,33,53,35,41,41,46,31,32,45,46,37,33,15,8,8,10
2026-02-01,115,공항                ,하차,5,5,9,31,27,42,33,23,43,49,69,40,67,52,32,19,19,17,21
2026-02-01,116,송정공원            ,승차,16,29,124,72,94,106,115,122,132,118,100,90,75,72,52,30,32,19,6
2026-02-01,116,송정공원            ,하차,8,16,28,47,68,74,59,53,99,93,84,129,135,132,114,101,82,56,29
2026-02-01,117,광주송정            ,승차,12,27,49,132,179,186,247,309,250,295,255,270,539,240,205,386,313,100,200
2026-02-01,117,광주송정            ,하차,51,28,160,110,210,336,245,213,243,228,244,332,385,428,350,338,129,85,11
2026-02-01,118,도산                ,승차,13,31,33,57,76,70,67,83,87,86,64,52,49,40,28,24,25,12,14
2026-02-01,118,도산                ,하차,4,8,21,20,22,48,55,55,49,50,60,100,114,78,43,50,45,42,22
2026-02-01,119,평동                ,승차,10,12,26,33,37,71,70,65,84,90,85,93,86,49,23,12,8,15,11
2026-02-01,119,평동                ,하차,3,17,39,62,42,46,42,54,78,48,66,116,67,67,67,38,35,30,17
2026-02-02,100,녹동                ,승차,1,4,27,31,14,9,6,7,18,11,20,7,13,27,1,3,1,1,0
2026-02-02,100,녹동                ,하차,0,2,20,17,1,1,2,7,6,12,12,13,24,22,15,6,3,4,0
2026-02-02,101,소태                ,승차,46,89,239,383,191,257,109,134,185,137,119,114,141,163,56,34,33,14,4
2026-02-02,101,소태                ,하차,1,46,105,164,98,93,104,105,90,143,182,187,195,292,132,91,98,56,37
2026-02-02,102,학동증심사          ,승차,34,53,149,236,170,131,144,124,139,126,134,115,189,106,32,37,25,13,11
2026-02-02,102,학동증심사          ,하차,4,30,73,179,117,98,101,122,141,135,132,168,173,197,78,69,57,33,13
2026-02-02,103,남광주              ,승차,38,157,279,377,255,237,265,250,228,252,277,309,468,313,133,74,79,65,29
2026-02-02,103,남광주              ,하차,10,166,300,638,346,261,208,231,263,309,231,221,282,371,158,125,81,87,31
2026-02-02,104,문화전당            ,승차,19,36,71,96,78,61,102,136,154,168,187,263,289,464,197,173,165,149,44
2026-02-02,104,문화전당            ,하차,3,40,112,545,260,150,172,175,203,204,151,147,212,221,116,64,48,31,28
2026-02-02,105,금남로4가           ,승차,33,84,168,254,137,136,160,225,239,282,317,374,412,442,189,172,153,104,37
2026-02-02,105,금남로4가           ,하차,11,65,134,568,365,272,304,283,322,283,236,209,277,324,152,64,63,34,31
2026-02-02,106,금남로5가           ,승차,24,72,116,176,118,112,90,82,126,122,182,169,194,332,81,92,40,19,6
2026-02-02,106,금남로5가           ,하차,21,32,106,430,200,157,130,126,156,110,125,86,106,161,76,46,35,23,6
2026-02-02,107,양동시장            ,승차,21,75,149,224,122,153,156,150,194,167,193,222,226,273,59,27,28,21,19
2026-02-02,107,양동시장            ,하차,14,34,92,317,171,171,172,173,201,203,183,162,191,165,63,42,52,26,32
2026-02-02,108,돌고개              ,승차,30,96,188,333,141,123,129,113,117,107,106,94,135,116,55,43,40,21,7
2026-02-02,108,돌고개              ,하차,14,19,53,184,110,87,108,111,125,103,137,173,205,272,91,90,66,51,27
2026-02-02,109,농성                ,승차,46,87,259,456,205,179,138,180,188,211,210,168,219,260,94,58,49,24,206
2026-02-02,109,농성                ,하차,5,51,116,300,176,123,161,152,176,155,200,207,227,354,139,93,68,55,40
2026-02-02,110,화정                ,승차,29,91,205,392,174,138,107,128,135,108,139,111,161,130,63,33,21,13,8
2026-02-02,110,화정                ,하차,7,17,74,183,112,96,112,91,78,96,112,136,186,275,102,76,64,50,37
2026-02-02,111,쌍촌                ,승차,72,149,328,536,351,153,124,186,155,110,100,112,132,143,63,54,50,33,20
2026-02-02,111,쌍촌                ,하차,12,22,37,150,94,72,107,103,90,115,113,145,304,410,156,119,105,82,42
2026-02-02,112,운천                ,승차,45,119,352,510,309,181,171,147,151,133,154,197,244,291,104,85,89,75,47
2026-02-02,112,운천                ,하차,14,46,99,414,167,123,119,120,116,118,153,199,289,543,226,159,116,99,60
2026-02-02,113,상무                ,승차,52,122,319,516,256,230,284,278,253,253,250,265,353,496,173,179,121,79,37
2026-02-02,113,상무                ,하차,32,76,167,750,387,241,226,255,251,245,275,310,401,488,226,130,108,89,45
2026-02-02,114,컨벤션센터          ,승차,13,28,77,135,82,70,40,62,95,89,84,80,112,133,31,43,24,12,5
2026-02-02,114,컨벤션센터          ,하차,6,23,63,216,135,81,57,64,66,51,53,61,101,121,44,32,34,15,18
2026-02-02,115,공항                ,승차,18,30,106,154,93,88,48,59,65,29,50,59,92,90,46,30,17,2,628
2026-02-02,115,공항                ,하차,8,36,73,94,65,45,61,40,71,66,58,81,102,97,33,30,14,22,14
2026-02-02,116,송정공원            ,승차,35,160,336,447,180,123,145,131,140,119,125,116,198,248,96,48,40,35,13
2026-02-02,116,송정공원            ,하차,23,74,157,302,131,64,91,139,126,124,139,199,281,381,170,84,96,60,40
2026-02-02,117,광주송정            ,승차,20,54,285,480,249,274,246,312,245,268,293,246,386,382,277,189,185,134,381
2026-02-02,117,광주송정            ,하차,90,132,456,402,282,362,247,245,241,240,254,263,306,369,191,174,92,67,34
2026-02-02,118,도산                ,승차,22,64,189,281,145,74,72,97,105,94,67,86,134,169,58,39,25,14,18
2026-02-02,118,도산                ,하차,4,25,76,116,46,58,61,75,57,93,76,107,186,180,90,70,59,62,25
2026-02-02,119,평동                ,승차,11,19,55,100,83,63,50,84,84,65,94,174,581,320,216,129,78,17,14
2026-02-02,119,평동                ,하차,4,276,814,358,96,70,67,55,51,59,67,82,54,81,82,27,43,19,12
2026-02-03,100,녹동                ,승차,1,3,19,29,16,6,10,5,17,13,5,10,19,26,1,4,2,1,0
2026-02-03,100,녹동                ,하차,0,3,10,27,1,3,5,11,5,8,5,10,18,17,6,4,3,4,0
2026-02-03,101,소태                ,승차,30,76,216,375,198,140,117,131,156,130,110,160,161,143,50,33,22,24,12
2026-02-03,101,소태                ,하차,3,42,77,175,69,100,95,102,110,124,162,176,216,281,120,97,92,53,45
2026-02-03,102,학동증심사          ,승차,24,45,136,243,158,135,172,153,159,137,130,120,127,123,70,30,40,14,17
2026-02-03,102,학동증심사          ,하차,2,32,64,165,159,124,104,125,132,106,156,160,171,195,89,70,61,41,33
2026-02-03,103,남광주              ,승차,33,114,244,371,276,253,264,242,283,264,317,326,463,290,102,117,72,55,41
2026-02-03,103,남광주              ,하차,3,123,297,611,373,202,221,244,305,273,236,223,279,358,132,152,120,77,36
2026-02-03,104,문화전당            ,승차,16,45,52,88,62,61,78,106,169,154,229,244,286,510,206,168,168,148,56
2026-02-03,104,문화전당            ,하차,3,38,95,530,276,126,182,226,231,209,155,170,218,252,119,67,61,26,44
2026-02-03,105,금남로4가           ,승차,25,71,143,261,132,162,184,268,246,301,359,367,429,493,236,185,162,124,55
2026-02-03,105,금남로4가           ,하차,29,40,134,561,350,307,312,293,391,295,239,220,253,314,118,78,72,44,39
2026-02-03,106,금남로5가           ,승차,21,61,93,168,89,111,102,91,129,148,179,193,212,298,100,90,46,30,14
2026-02-03,106,금남로5가           ,하차,22,21,92,378,185,171,125,145,181,106,118,101,118,166,71,44,33,30,14
2026-02-03,107,양동시장            ,승차,28,72,129,193,129,211,172,178,224,195,234,204,231,264,55,35,23,28,19
2026-02-03,107,양동시장            ,하차,9,41,101,314,166,237,195,199,223,224,219,176,178,177,62,48,61,29,23
2026-02-03,108,돌고개              ,승차,32,95,180,303,164,117,113,116,152,91,106,113,112,114,41,39,26,26,9
2026-02-03,108,돌고개              ,하차,11,23,49,173,85,79,107,119,114,107,123,176,209,262,100,88,67,45,31
2026-02-03,109,농성                ,승차,39,90,214,413,216,177,137,219,172,175,180,169,254,242,103,71,52,35,12
2026-02-03,109,농성                ,하차,9,40,109,255,163,126,161,146,166,166,223,210,243,347,144,92,81,52,55
2026-02-03,110,화정                ,승차,22,74,195,380,187,133,148,153,152,121,121,112,127,132,43,35,29,18,11
2026-02-03,110,화정                ,하차,8,19,62,192,96,85,95,102,102,99,121,116,192,239,117,75,81,60,28
2026-02-03,111,쌍촌                ,승차,51,144,304,472,233,169,290,166,186,119,106,133,121,128,62,51,36,30,21
2026-02-03,111,쌍촌                ,하차,4,17,31,126,87,71,91,96,98,100,133,161,276,384,161,103,104,82,55
2026-02-03,112,운천                ,승차,36,105,338,474,320,190,188,165,186,162,176,181,247,257,119,110,111,66,45
2026-02-03,112,운천                ,하차,19,38,78,371,150,122,115,122,152,164,169,204,315,549,225,163,131,107,60
2026-02-03,113,상무                ,승차,45,117,294,448,238,273,272,242,288,292,270,303,336,476,204,178,145,107,54
2026-02-03,113,상무                ,하차,38,73,137,660,349,287,219,214,278,270,288,300,465,529,251,112,117,100,77
2026-02-03,114,컨벤션센터          ,승차,9,28,71,133,69,78,54,61,78,79,83,66,125,140,41,35,25,79,404
2026-02-03,114,컨벤션센터          ,하차,6,21,46,214,95,51,61,77,72,60,61,75,96,124,51,34,38,24,15
2026-02-03,115,공항                ,승차,12,22,103,146,86,86,64,60,70,65,52,81,92,72,33,29,10,5,17
2026-02-03,115,공항                ,하차,10,40,53,77,44,68,50,50,64,65,77,92,91,96,31,35,26,26,21
2026-02-03,116,송정공원            ,승차,38,146,345,392,172,115,192,138,154,167,166,152,193,253,109,57,51,30,17
2026-02-03,116,송정공원            ,하차,25,70,118,281,130,125,145,157,174,155,151,205,275,341,176,111,118,64,38
2026-02-03,117,광주송정            ,승차,19,57,173,405,273,256,279,327,262,314,271,310,388,337,215,235,195,85,85
2026-02-03,117,광주송정            ,하차,41,88,360,339,263,372,271,284,292,285,279,284,315,377,230,106,97,92,31
2026-02-03,118,도산                ,승차,28,76,169,243,113,72,68,103,119,86,74,71,130,139,59,40,42,15,14
2026-02-03,118,도산                ,하차,12,25,46,93,35,50,51,65,68,72,83,132,155,204,77,65,58,73,31
2026-02-03,119,평동                ,승차,22,21,83,113,93,79,66,84,63,77,90,162,660,298,189,109,71,18,15
2026-02-03,119,평동                ,하차,3,288,799,369,81,60,71,63,62,60,61,80,60,67,81,23,37,29,10
2026-02-04,100,녹동                ,승차,1,6,20,31,14,11,13,9,10,12,7,6,21,28,1,3,1,0,0
2026-02-04,100,녹동                ,하차,0,2,11,20,9,6,4,8,5,11,9,13,25,12,9,6,2,3,0
2026-02-04,101,소태                ,승차,38,81,205,352,193,128,148,140,173,150,121,125,168,149,60,37,35,24,9
2026-02-04,101,소태                ,하차,2,32,78,192,83,96,107,105,130,113,172,184,221,252,121,95,123,61,60
2026-02-04,102,학동증심사          ,승차,31,50,117,224,147,135,170,148,158,137,129,127,126,144,55,58,39,23,11
2026-02-04,102,학동증심사          ,하차,6,31,66,167,115,109,105,114,140,143,157,193,137,198,97,80,48,51,23
2026-02-04,103,남광주              ,승차,43,120,273,387,282,285,264,254,260,276,296,345,457,252,106,96,67,55,46
2026-02-04,103,남광주              ,하차,12,143,278,588,381,243,211,205,263,268,226,230,253,356,128,129,104,77,42
2026-02-04,104,문화전당            ,승차,19,37,60,91,66,75,82,145,150,173,253,277,296,419,193,216,208,188,44
2026-02-04,104,문화전당            ,하차,4,39,103,538,278,164,204,266,239,201,160,183,228,264,110,71,34,30,40
2026-02-04,105,금남로4가           ,승차,20,70,130,254,132,131,167,265,287,276,317,374,430,534,200,173,173,148,21
2026-02-04,105,금남로4가           ,하차,28,42,117,533,376,282,302,281,351,279,272,195,285,310,130,65,55,33,28
2026-02-04,106,금남로5가           ,승차,18,55,96,150,86,82,91,81,118,151,177,222,243,354,77,99,59,25,17
2026-02-04,106,금남로5가           ,하차,27,26,85,368,187,159,115,162,193,131,105,86,122,133,91,49,40,23,21
2026-02-04,107,양동시장            ,승차,20,68,142,215,116,153,180,198,239,233,235,268,235,249,60,61,22,18,21
2026-02-04,107,양동시장            ,하차,14,43,91,306,163,201,190,200,247,240,270,213,161,163,63,58,60,21,24
2026-02-04,108,돌고개              ,승차,33,80,177,305,155,117,142,130,158,110,126,88,119,108,48,40,28,30,15
2026-02-04,108,돌고개              ,하차,15,20,49,184,109,88,87,117,145,132,139,149,193,262,106,83,68,68,32
2026-02-04,109,농성                ,승차,41,102,214,445,204,154,140,203,196,182,201,168,214,275,110,92,51,31,23
2026-02-04,109,농성                ,하차,9,51,111,277,122,131,139,138,173,170,196,245,287,343,153,126,90,55,39
2026-02-04,110,화정                ,승차,24,99,192,346,323,113,113,120,123,112,118,101,118,157,71,33,29,22,9
2026-02-04,110,화정                ,하차,9,14,78,184,82,103,78,97,88,83,100,107,222,265,118,69,71,67,33
2026-02-04,111,쌍촌                ,승차,52,144,303,485,218,169,137,148,160,133,117,101,164,145,70,55,73,21,13
2026-02-04,111,쌍촌                ,하차,10,24,39,127,77,52,87,89,96,134,107,193,289,427,167,114,100,97,58
2026-02-04,112,운천                ,승차,33,116,329,500,312,171,169,172,207,152,160,190,235,269,112,83,82,92,56
2026-02-04,112,운천                ,하차,17,38,78,368,143,113,115,127,154,146,148,168,322,569,258,173,146,103,69
2026-02-04,113,상무                ,승차,40,112,293,480,205,257,266,264,261,242,322,273,357,466,182,187,155,325,112
2026-02-04,113,상무                ,하차,40,64,130,671,340,215,233,182,284,254,328,330,390,562,288,135,111,122,87
2026-02-04,114,컨벤션센터          ,승차,11,27,62,132,77,60,53,66,96,70,59,115,111,149,36,33,32,9,4
2026-02-04,114,컨벤션센터          ,하차,7,20,54,224,93,49,80,63,66,67,57,52,123,102,52,32,30,25,12
2026-02-04,115,공항                ,승차,15,30,96,178,71,93,70,71,71,71,65,86,102,84,46,28,13,4,4
2026-02-04,115,공항                ,하차,5,39,53,94,49,57,74,49,50,66,76,75,88,103,27,39,27,26,17
2026-02-04,116,송정공원            ,승차,32,134,337,377,186,142,162,164,181,128,186,134,207,251,106,57,46,28,15
2026-02-04,116,송정공원            ,하차,22,54,143,272,100,85,104,158,146,166,169,189,342,338,190,103,119,71,30
2026-02-04,117,광주송정            ,승차,23,57,229,347,239,210,233,275,377,287,255,304,428,337,281,199,225,80,81
2026-02-04,117,광주송정            ,하차,37,90,390,357,265,331,182,236,231,274,296,330,353,406,211,144,126,115,36
2026-02-04,118,도산                ,승차,21,78,170,240,98,94,78,102,112,88,77,78,135,162,65,46,18,25,16
2026-02-04,118,도산                ,하차,4,25,58,92,53,73,73,71,74,79,94,126,159,215,96,63,51,83,21
2026-02-04,119,평동                ,승차,20,18,67,124,109,64,71,64,85,92,98,174,668,315,215,108,71,16,14
2026-02-04,119,평동                ,하차,2,300,798,371,88,76,68,60,72,70,75,76,73,87,78,30,36,28,10
2026-02-05,100,녹동                ,승차,1,8,22,25,12,13,10,10,11,18,12,7,21,26,0,1,1,0,0
2026-02-05,100,녹동                ,하차,0,2,12,26,2,3,8,11,6,11,10,14,18,17,6,5,2,4,0
2026-02-05,101,소태                ,승차,33,83,200,352,193,137,114,127,195,125,126,122,150,152,64,43,27,28,15
2026-02-05,101,소태                ,하차,2,39,84,179,74,80,116,91,128,119,144,150,206,290,128,113,101,69,57
2026-02-05,102,학동증심사          ,승차,26,43,138,239,169,147,157,154,162,150,153,135,106,113,31,44,38,25,6
2026-02-05,102,학동증심사          ,하차,1,43,69,162,143,117,115,110,140,140,145,145,190,172,91,67,42,49,32
2026-02-05,103,남광주              ,승차,40,138,240,363,273,277,319,299,245,268,317,318,495,265,115,103,64,58,41
2026-02-05,103,남광주              ,하차,7,155,245,655,405,257,227,258,289,250,241,226,294,345,120,120,119,95,49
2026-02-05,104,문화전당            ,승차,16,37,52,77,66,81,111,140,185,188,221,275,324,512,209,197,212,176,83
2026-02-05,104,문화전당            ,하차,3,33,94,543,274,174,183,182,264,229,193,205,249,280,138,73,68,45,37
2026-02-05,105,금남로4가           ,승차,22,83,155,260,140,127,150,253,248,332,372,443,435,508,211,187,171,159,42
2026-02-05,105,금남로4가           ,하차,29,39,98,566,352,266,326,349,375,328,302,232,333,325,112,97,48,42,34
2026-02-05,106,금남로5가           ,승차,17,55,105,153,220,80,107,87,157,116,190,193,232,392,92,99,46,31,10
2026-02-05,106,금남로5가           ,하차,25,28,96,362,311,121,151,163,176,133,100,101,126,159,58,40,48,24,17
2026-02-05,107,양동시장            ,승차,22,65,128,211,130,162,198,212,240,266,235,237,232,270,61,39,30,17,5
2026-02-05,107,양동시장            ,하차,19,44,102,318,186,197,210,214,272,229,259,201,169,171,68,40,56,39,25
2026-02-05,108,돌고개              ,승차,37,80,163,310,141,114,149,121,144,89,114,131,143,126,49,37,32,39,14
2026-02-05,108,돌고개              ,하차,12,21,64,157,79,73,91,132,105,112,133,200,204,247,100,109,87,51,50
2026-02-05,109,농성                ,승차,39,97,220,413,264,174,145,188,211,220,224,186,219,232,107,81,50,45,11
2026-02-05,109,농성                ,하차,12,41,105,263,178,139,165,172,169,202,236,240,264,374,132,104,83,74,38
2026-02-05,110,화정                ,승차,29,76,201,385,316,128,137,144,117,151,145,121,127,122,64,48,30,20,5
2026-02-05,110,화정                ,하차,11,16,76,168,96,80,94,87,100,106,132,135,218,297,128,92,75,76,24
2026-02-05,111,쌍촌                ,승차,54,138,298,466,227,151,132,186,176,119,134,129,169,151,63,31,50,29,20
2026-02-05,111,쌍촌                ,하차,6,23,44,125,83,67,79,90,112,126,115,179,280,368,152,126,107,119,45
2026-02-05,112,운천                ,승차,48,101,318,485,234,289,152,161,203,244,206,236,266,259,96,119,85,100,53
2026-02-05,112,운천                ,하차,15,41,86,364,137,96,110,160,160,159,153,198,343,557,259,164,143,119,68
2026-02-05,113,상무                ,승차,41,105,303,452,209,264,247,259,292,253,266,285,389,511,201,171,155,125,60
2026-02-05,113,상무                ,하차,34,77,136,651,326,250,231,226,281,308,309,390,394,529,259,142,113,125,86
2026-02-05,114,컨벤션센터          ,승차,10,26,61,127,86,69,41,45,101,95,131,147,178,167,53,39,45,19,5
2026-02-05,114,컨벤션센터          ,하차,5,21,51,221,140,65,93,83,134,94,68,74,117,101,44,30,25,27,14
2026-02-05,115,공항                ,승차,12,29,99,157,112,75,49,93,73,82,66,90,92,83,46,30,12,7,3
2026-02-05,115,공항                ,하차,10,38,48,77,52,43,60,65,52,68,84,105,116,122,39,31,25,29,12
2026-02-05,116,송정공원            ,승차,37,130,337,402,194,136,176,156,159,127,178,149,173,227,104,57,48,26,11
2026-02-05,116,송정공원            ,하차,27,48,141,269,103,79,117,134,156,171,187,198,276,372,208,84,111,87,37
2026-02-05,117,광주송정            ,승차,23,59,197,402,454,229,297,324,238,299,272,314,437,364,255,242,204,114,77
2026-02-05,117,광주송정            ,하차,40,108,371,370,249,381,240,247,240,254,266,332,370,428,219,161,122,96,35
2026-02-05,118,도산                ,승차,27,80,177,222,121,94,69,111,122,127,57,96,142,147,60,47,30,33,15
2026-02-05,118,도산                ,하차,9,20,59,90,49,51,69,84,61,105,114,113,161,223,82,74,64,76,29
2026-02-05,119,평동                ,승차,22,18,78,112,69,49,74,98,87,85,96,161,603,290,234,119,75,18,14
2026-02-05,119,평동                ,하차,8,283,781,370,63,40,77,64,57,58,62,82,73,79,75,28,41,20,16
2026-02-06,100,녹동                ,승차,1,5,21,25,9,13,7,13,14,16,8,13,21,27,4,3,1,2,0
2026-02-06,100,녹동                ,하차,0,4,13,24,0,2,0,9,7,9,13,9,26,24,7,3,5,2,3
2026-02-06,101,소태                ,승차,37,80,210,333,187,168,121,156,196,148,110,132,170,172,77,43,28,30,6
2026-02-06,101,소태                ,하차,4,45,77,171,81,87,104,112,110,139,161,189,224,252,135,76,79,73,70
2026-02-06,102,학동증심사          ,승차,36,47,148,237,153,126,178,133,152,132,137,118,150,117,34,32,32,23,63
2026-02-06,102,학동증심사          ,하차,3,35,72,149,138,109,98,114,150,143,172,166,195,197,90,62,59,50,47
2026-02-06,103,남광주              ,승차,34,111,258,389,264,288,261,239,228,263,260,312,457,326,166,93,72,47,47
2026-02-06,103,남광주              ,하차,9,117,243,509,333,213,171,228,241,264,221,274,306,416,161,145,112,82,64
2026-02-06,104,문화전당            ,승차,18,36,53,100,70,64,125,158,138,170,220,280,354,514,218,165,216,203,72
2026-02-06,104,문화전당            ,하차,6,37,90,532,263,180,180,195,239,216,194,197,257,375,175,88,48,47,44
2026-02-06,105,금남로4가           ,승차,20,73,141,234,143,166,178,233,257,262,411,345,436,582,247,194,166,147,34
2026-02-06,105,금남로4가           ,하차,18,52,94,547,340,295,313,305,427,279,305,289,281,310,140,75,75,60,44
2026-02-06,106,금남로5가           ,승차,19,53,101,147,159,105,95,89,134,133,201,214,235,358,99,86,37,24,11
2026-02-06,106,금남로5가           ,하차,19,24,71,380,269,130,150,136,144,117,125,122,135,196,81,54,53,30,20
2026-02-06,107,양동시장            ,승차,21,64,129,207,145,154,179,175,187,200,216,271,238,254,82,39,36,17,18
2026-02-06,107,양동시장            ,하차,20,40,97,313,177,169,195,179,208,210,220,161,172,188,100,54,57,52,35
2026-02-06,108,돌고개              ,승차,34,84,172,304,134,116,138,125,143,106,85,103,116,135,46,45,35,34,10
2026-02-06,108,돌고개              ,하차,16,18,51,151,90,77,93,118,93,95,132,178,187,250,113,116,79,52,44
2026-02-06,109,농성                ,승차,41,94,211,401,202,166,184,163,180,202,210,194,234,258,121,81,81,28,39
2026-02-06,109,농성                ,하차,11,50,85,273,163,129,143,167,171,151,192,218,286,360,153,117,120,72,64
2026-02-06,110,화정                ,승차,23,90,188,501,189,115,138,155,121,155,156,120,167,174,70,53,43,18,10
2026-02-06,110,화정                ,하차,11,10,83,158,93,98,89,92,113,98,133,170,204,278,133,75,86,73,43
2026-02-06,111,쌍촌                ,승차,55,126,270,481,223,145,132,182,172,132,120,135,176,161,79,61,47,42,10
2026-02-06,111,쌍촌                ,하차,11,18,38,132,82,83,95,81,78,105,141,182,271,368,144,99,130,101,55
2026-02-06,112,운천                ,승차,31,93,297,463,225,238,180,164,171,154,175,222,321,285,164,87,116,113,73
2026-02-06,112,운천                ,하차,16,35,77,370,166,101,124,147,147,138,186,189,394,686,307,227,172,145,79
2026-02-06,113,상무                ,승차,44,94,297,442,207,237,253,255,254,305,306,289,417,549,229,204,143,122,43
2026-02-06,113,상무                ,하차,33,68,130,662,348,253,230,252,242,265,310,311,486,577,280,163,137,108,67
2026-02-06,114,컨벤션센터          ,승차,10,23,60,122,71,57,54,65,91,76,123,121,145,155,51,63,61,18,8
2026-02-06,114,컨벤션센터          ,하차,9,24,62,218,119,84,72,59,86,70,81,81,126,128,67,37,36,25,18
2026-02-06,115,공항                ,승차,19,26,102,156,124,60,58,93,49,84,44,110,133,108,70,21,15,6,3
2026-02-06,115,공항                ,하차,10,37,57,81,31,48,62,56,45,58,66,101,104,112,35,24,30,28,17
2026-02-06,116,송정공원            ,승차,36,126,334,380,192,131,145,135,131,147,199,143,244,253,94,53,56,20,17
2026-02-06,116,송정공원            ,하차,20,57,129,276,93,94,112,132,182,115,149,181,278,315,189,122,131,71,43
2026-02-06,117,광주송정            ,승차,29,50,198,331,229,211,264,314,254,350,271,286,858,449,333,364,335,125,158
2026-02-06,117,광주송정            ,하차,29,85,344,349,247,363,250,279,286,307,305,407,539,702,397,205,136,116,28
2026-02-06,118,도산                ,승차,21,64,180,232,104,76,63,130,132,80,84,99,142,149,64,49,45,26,21
2026-02-06,118,도산                ,하차,12,20,65,95,53,49,75,47,65,74,96,121,167,203,114,66,70,85,36
2026-02-06,119,평동                ,승차,19,15,69,111,89,76,66,83,83,61,101,172,645,286,182,116,53,12,12
2026-02-06,119,평동                ,하차,2,287,766,363,83,48,60,64,61,53,69,76,63,96,81,31,45,37,7
2026-02-07,100,녹동                ,승차,0,0,8,19,8,11,5,6,9,11,6,6,13,2,2,5,0,0,0
2026-02-07,100,녹동                ,하차,0,0,3,6,3,7,10,3,3,5,4,10,8,5,5,3,3,1,0
2026-02-07,101,소태                ,승차,19,56,105,148,236,193,152,209,166,137,107,140,103,74,48,45,42,23,6
2026-02-07,101,소태                ,하차,2,32,54,96,113,121,99,114,103,121,95,184,164,160,85,109,83,48,39
2026-02-07,102,학동증심사          ,승차,19,34,77,96,139,120,151,170,180,90,136,110,103,82,34,39,19,14,15
2026-02-07,102,학동증심사          ,하차,2,41,57,124,122,115,126,87,110,113,117,130,131,119,67,65,44,42,36
2026-02-07,103,남광주              ,승차,31,74,161,224,217,225,169,195,190,187,181,204,206,154,82,77,64,36,33
2026-02-07,103,남광주              ,하차,7,102,140,205,143,174,191,165,156,181,190,176,190,194,107,105,80,85,67
2026-02-07,104,문화전당            ,승차,17,19,40,41,53,97,143,130,189,183,254,390,362,353,237,226,214,195,108
2026-02-07,104,문화전당            ,하차,2,19,52,138,176,228,311,294,394,322,300,236,285,216,167,122,77,32,52
2026-02-07,105,금남로4가           ,승차,23,40,62,73,116,167,138,201,229,278,346,389,413,407,244,211,204,92,46
2026-02-07,105,금남로4가           ,하차,20,21,49,113,254,266,397,373,414,361,334,265,257,179,111,54,50,44,53
2026-02-07,106,금남로5가           ,승차,15,33,32,49,204,87,73,78,84,108,123,175,110,101,68,87,29,23,11
2026-02-07,106,금남로5가           ,하차,9,18,25,55,279,124,125,123,144,102,120,68,87,68,48,41,28,26,24
2026-02-07,107,양동시장            ,승차,16,60,74,92,123,224,248,239,208,200,206,177,136,111,58,44,22,13,9
2026-02-07,107,양동시장            ,하차,17,36,65,139,248,214,224,205,205,165,194,155,123,90,44,38,33,36,35
2026-02-07,108,돌고개              ,승차,35,47,80,106,119,117,123,95,99,80,72,77,100,73,55,43,26,23,15
2026-02-07,108,돌고개              ,하차,12,21,33,49,76,82,109,87,92,103,103,117,89,113,57,92,78,49,41
2026-02-07,109,농성                ,승차,36,46,85,146,154,170,210,170,192,206,169,164,190,128,84,90,53,26,26
2026-02-07,109,농성                ,하차,14,38,61,121,142,152,200,196,197,174,172,169,200,169,104,61,67,45,48
2026-02-07,110,화정                ,승차,20,44,79,124,136,254,135,125,132,112,98,87,109,85,52,38,23,24,18
2026-02-07,110,화정                ,하차,13,10,34,65,96,66,85,78,92,86,98,118,100,96,64,73,89,41,45
2026-02-07,111,쌍촌                ,승차,37,56,99,147,176,152,184,166,146,144,113,137,124,81,60,37,29,25,28
2026-02-07,111,쌍촌                ,하차,3,13,28,56,66,59,69,96,100,80,109,114,165,139,91,87,101,75,109
2026-02-07,112,운천                ,승차,38,46,119,145,282,148,214,179,197,137,150,173,160,105,118,92,86,121,82
2026-02-07,112,운천                ,하차,10,23,43,134,127,114,115,137,148,150,172,178,271,291,222,160,159,101,103
2026-02-07,113,상무                ,승차,28,57,101,130,178,231,244,261,247,223,207,203,230,153,133,128,110,82,75
2026-02-07,113,상무                ,하차,27,47,59,184,265,202,231,208,233,172,207,256,315,215,174,123,127,106,69
2026-02-07,114,컨벤션센터          ,승차,9,15,26,39,53,43,51,100,136,148,140,116,118,96,53,61,32,14,6
2026-02-07,114,컨벤션센터          ,하차,5,24,19,62,66,93,174,145,138,82,91,115,90,57,41,28,22,19,12
2026-02-07,115,공항                ,승차,13,16,41,54,80,56,82,87,62,62,59,61,52,46,24,17,18,7,8
2026-02-07,115,공항                ,하차,10,12,19,31,24,42,55,38,50,58,59,85,78,54,28,29,21,16,16
2026-02-07,116,송정공원            ,승차,32,67,119,134,143,117,160,152,145,123,120,138,180,93,61,50,46,19,29
2026-02-07,116,송정공원            ,하차,20,32,59,95,73,69,93,93,132,97,134,170,192,147,124,130,94,81,57
2026-02-07,117,광주송정            ,승차,21,32,93,231,382,338,634,438,320,348,290,275,587,262,174,263,276,121,170
2026-02-07,117,광주송정            ,하차,65,59,208,174,241,474,317,292,332,353,298,362,363,381,287,211,131,97,36
2026-02-07,118,도산                ,승차,26,46,81,119,93,84,92,102,114,85,96,89,73,55,50,27,27,23,16
2026-02-07,118,도산                ,하차,9,20,36,35,32,53,77,61,67,90,83,83,136,98,65,59,55,44,40
2026-02-07,119,평동                ,승차,25,18,58,58,72,56,81,96,67,88,136,117,212,95,60,39,32,24,17
2026-02-07,119,평동                ,하차,4,103,244,123,51,39,54,72,64,58,52,74,73,65,48,44,51,26,39
2026-02-08,100,녹동                ,승차,0,0,3,7,6,10,4,9,8,4,3,1,5,2,2,1,1,0,0
2026-02-08,100,녹동                ,하차,0,0,2,3,1,4,1,3,4,6,7,4,4,5,1,1,1,3,0
2026-02-08,101,소태                ,승차,17,31,49,89,127,123,116,114,94,122,106,87,109,51,54,36,20,5,5
2026-02-08,101,소태                ,하차,1,26,51,35,67,74,60,54,84,83,102,106,111,131,88,63,50,53,34
2026-02-08,102,학동증심사          ,승차,22,22,35,58,81,88,72,87,97,108,66,70,82,34,39,22,8,10,65
2026-02-08,102,학동증심사          ,하차,0,21,24,62,64,70,41,71,90,95,81,106,79,78,39,51,46,26,29
2026-02-08,103,남광주              ,승차,17,53,71,113,116,113,102,173,169,143,132,153,181,105,83,62,45,31,30
2026-02-08,103,남광주              ,하차,5,61,45,122,96,90,108,121,139,133,129,133,171,156,75,92,92,59,71
2026-02-08,104,문화전당            ,승차,11,16,13,57,45,63,47,102,113,132,175,199,300,284,200,157,147,112,50
2026-02-08,104,문화전당            ,하차,2,35,32,61,108,146,198,200,221,234,248,175,159,117,93,50,71,26,49
2026-02-08,105,금남로4가           ,승차,16,31,42,34,68,85,64,111,151,189,238,272,267,280,228,214,130,84,20
2026-02-08,105,금남로4가           ,하차,6,18,47,56,132,150,202,249,285,292,238,217,156,146,86,69,51,39,43
2026-02-08,106,금남로5가           ,승차,9,24,19,37,221,62,59,52,64,88,101,186,98,100,59,74,26,13,10
2026-02-08,106,금남로5가           ,하차,5,7,16,44,178,180,75,96,154,71,62,44,53,69,36,34,34,30,22
2026-02-08,107,양동시장            ,승차,11,27,31,39,69,89,88,87,113,108,123,94,125,67,48,33,18,14,9
2026-02-08,107,양동시장            ,하차,12,25,39,45,81,63,68,97,96,106,114,87,85,69,36,36,25,28,33
2026-02-08,108,돌고개              ,승차,26,27,42,61,64,109,60,89,94,75,58,65,79,60,36,31,15,18,11
2026-02-08,108,돌고개              ,하차,18,19,23,35,36,47,37,41,62,70,95,91,83,96,54,63,48,37,29
2026-02-08,109,농성                ,승차,21,39,51,81,117,126,113,139,149,137,147,162,122,119,89,63,43,40,18
2026-02-08,109,농성                ,하차,10,28,57,86,90,96,93,110,112,135,138,134,128,157,67,65,59,36,56
2026-02-08,110,화정                ,승차,15,23,53,52,80,97,80,109,97,83,73,92,64,66,49,39,19,22,10
2026-02-08,110,화정                ,하차,6,13,28,38,53,56,36,52,61,63,80,65,92,93,60,49,53,32,42
2026-02-08,111,쌍촌                ,승차,22,33,61,79,141,115,99,106,138,100,74,306,92,104,68,33,25,21,12
2026-02-08,111,쌍촌                ,하차,7,16,22,29,43,42,48,63,81,95,108,96,113,91,75,112,95,49,54
2026-02-08,112,운천                ,승차,29,58,80,83,138,244,130,128,137,131,138,112,138,106,86,87,60,62,39
2026-02-08,112,운천                ,하차,12,21,36,58,73,91,87,81,123,112,125,139,184,162,148,118,128,86,94
2026-02-08,113,상무                ,승차,19,50,67,112,167,145,137,157,167,136,143,143,155,136,116,100,79,55,35
2026-02-08,113,상무                ,하차,13,21,45,69,147,123,106,136,144,160,157,191,209,159,123,133,74,77,67
2026-02-08,114,컨벤션센터          ,승차,11,10,17,24,34,24,29,60,70,83,60,51,44,28,29,19,22,14,4
2026-02-08,114,컨벤션센터          ,하차,5,11,11,30,53,56,78,55,38,39,36,49,56,38,30,24,24,13,14
2026-02-08,115,공항                ,승차,8,11,21,33,29,46,20,46,33,49,41,45,45,24,19,41,23,3,2
2026-02-08,115,공항                ,하차,3,12,23,41,26,23,28,41,30,43,55,45,67,65,47,17,19,17,19
2026-02-08,116,송정공원            ,승차,20,43,60,93,97,107,80,125,126,116,109,89,81,54,34,20,26,13,6
2026-02-08,116,송정공원            ,하차,11,25,36,53,60,83,69,61,94,105,102,99,125,125,91,61,55,44,21
2026-02-08,117,광주송정            ,승차,16,28,62,115,218,225,303,507,403,370,344,372,498,316,231,358,321,126,258
2026-02-08,117,광주송정            ,하차,45,56,211,148,251,490,331,256,314,323,252,318,385,437,336,391,106,114,17
2026-02-08,118,도산                ,승차,15,39,33,65,70,64,65,61,81,75,69,56,68,41,32,25,14,14,12
2026-02-08,118,도산                ,하차,4,14,22,22,34,47,41,31,60,56,60,75,87,69,53,63,57,27,25
2026-02-08,119,평동                ,승차,7,10,50,30,42,69,37,43,83,70,75,68,87,44,16,14,16,17,16
2026-02-08,119,평동                ,하차,4,29,46,48,40,26,46,50,53,42,75,100,55,51,46,45,35,15,9
2026-02-09,100,녹동                ,승차,1,5,18,30,12,10,11,6,15,12,17,6,19,27,2,4,2,1,0
2026-02-09,100,녹동                ,하차,0,3,11,28,1,5,3,10,7,9,17,13,21,14,7,2,3,2,3
2026-02-09,101,소태                ,승차,40,82,199,356,185,175,141,177,164,143,117,117,143,160,50,39,33,16,6
2026-02-09,101,소태                ,하차,3,28,93,194,87,78,101,96,118,137,166,152,181,281,138,98,98,67,29
2026-02-09,102,학동증심사          ,승차,25,38,113,243,158,152,163,128,165,131,125,138,129,115,43,30,27,16,7
2026-02-09,102,학동증심사          ,하차,3,35,60,148,118,107,123,141,128,141,137,186,181,180,91,67,54,32,14
2026-02-09,103,남광주              ,승차,29,138,255,343,270,251,265,257,212,272,287,318,463,306,139,95,73,51,30
2026-02-09,103,남광주              ,하차,7,132,281,648,316,244,223,236,331,281,232,239,264,370,133,113,87,90,31
2026-02-09,104,문화전당            ,승차,11,41,58,82,71,87,112,147,172,162,178,250,317,456,200,202,170,169,30
2026-02-09,104,문화전당            ,하차,3,34,91,525,282,162,163,202,232,214,167,183,196,248,109,64,52,30,36
2026-02-09,105,금남로4가           ,승차,23,73,128,236,111,152,167,244,248,302,340,385,450,467,212,190,159,92,44
2026-02-09,105,금남로4가           ,하차,19,46,115,528,330,293,322,308,326,292,280,242,280,320,127,71,50,40,35
2026-02-09,106,금남로5가           ,승차,23,63,98,157,83,82,63,86,120,169,173,206,209,301,96,95,42,17,13
2026-02-09,106,금남로5가           ,하차,23,18,82,376,189,151,144,163,141,120,109,81,101,164,60,47,37,26,20
2026-02-09,107,양동시장            ,승차,28,61,116,217,112,161,176,182,213,276,245,254,211,276,66,39,29,11,14
2026-02-09,107,양동시장            ,하차,15,30,89,314,180,211,198,189,296,266,226,192,184,174,55,58,63,22,20
2026-02-09,108,돌고개              ,승차,34,75,186,284,160,102,129,145,146,110,97,114,126,126,38,25,17,20,9
2026-02-09,108,돌고개              ,하차,11,19,51,181,102,70,87,131,94,151,136,198,194,229,113,71,50,58,40
2026-02-09,109,농성                ,승차,44,96,204,414,213,176,187,183,202,193,232,196,217,257,91,79,68,31,12
2026-02-09,109,농성                ,하차,12,37,104,245,184,143,154,146,172,198,212,212,251,335,159,117,85,50,39
2026-02-09,110,화정                ,승차,27,64,188,354,352,119,131,126,129,170,142,107,133,142,72,29,24,22,9
2026-02-09,110,화정                ,하차,6,20,87,168,99,108,98,82,105,100,100,126,175,245,118,77,68,53,32
2026-02-09,111,쌍촌                ,승차,65,130,302,475,204,142,153,170,179,133,121,104,162,128,59,53,49,31,12
2026-02-09,111,쌍촌                ,하차,6,16,45,122,74,67,103,95,104,130,129,152,296,403,149,148,106,82,34
2026-02-09,112,운천                ,승차,40,115,336,440,217,289,178,175,178,145,175,192,278,281,122,98,96,80,48
2026-02-09,112,운천                ,하차,16,34,90,361,148,104,129,114,128,166,153,208,341,568,240,156,153,113,65
2026-02-09,113,상무                ,승차,58,92,297,456,219,217,229,271,304,247,256,293,332,489,204,182,140,98,46
2026-02-09,113,상무                ,하차,30,64,150,678,380,250,219,228,248,252,307,317,436,512,243,120,98,93,57
2026-02-09,114,컨벤션센터          ,승차,12,27,80,151,63,48,42,74,70,83,70,75,97,132,27,38,24,12,77
2026-02-09,114,컨벤션센터          ,하차,5,20,54,178,111,79,73,64,54,59,53,54,103,114,47,42,27,19,28
2026-02-09,115,공항                ,승차,18,28,109,145,104,65,65,70,60,61,61,82,68,105,32,39,10,6,14
2026-02-09,115,공항                ,하차,12,32,42,85,55,54,67,74,76,77,86,105,96,127,20,35,19,19,22
2026-02-09,116,송정공원            ,승차,38,128,347,366,186,137,156,154,136,132,186,130,201,214,93,46,43,29,19
2026-02-09,116,송정공원            ,하차,25,55,127,232,98,81,102,157,157,151,132,166,266,349,215,110,112,57,55
2026-02-09,117,광주송정            ,승차,24,63,298,433,276,515,309,335,282,329,287,309,433,349,224,219,227,82,88
2026-02-09,117,광주송정            ,하차,88,108,395,344,259,357,226,262,253,267,267,272,319,413,227,177,111,73,22
2026-02-09,118,도산                ,승차,20,75,166,244,128,81,75,95,116,91,74,70,120,154,51,44,34,22,9
2026-02-09,118,도산                ,하차,10,18,65,80,33,47,57,81,54,86,77,122,201,202,100,86,69,65,21
2026-02-09,119,평동                ,승차,16,17,56,78,67,56,56,97,85,85,104,145,593,329,245,126,69,24,21
2026-02-09,119,평동                ,하차,3,280,805,331,74,48,63,59,85,75,74,68,75,95,65,37,33,26,18
2026-02-10,100,녹동                ,승차,1,4,21,31,15,14,10,6,12,19,4,12,20,27,2,2,1,1,0
2026-02-10,100,녹동                ,하차,0,3,13,27,7,6,8,4,3,13,9,11,17,16,8,7,2,0,0
2026-02-10,101,소태                ,승차,41,77,225,335,209,159,119,145,150,122,93,164,145,143,59,46,28,23,5
2026-02-10,101,소태                ,하차,1,38,80,186,88,91,106,119,115,133,139,157,231,242,123,106,95,76,35
2026-02-10,102,학동증심사          ,승차,35,57,145,240,154,178,212,160,158,140,137,111,139,99,46,44,37,25,32
2026-02-10,102,학동증심사          ,하차,2,32,64,150,158,107,128,146,146,146,159,184,165,202,70,73,65,64,28
2026-02-10,103,남광주              ,승차,34,138,255,418,294,282,278,241,263,287,352,318,503,266,116,114,104,72,35
2026-02-10,103,남광주              ,하차,9,149,318,674,302,281,261,274,382,299,231,210,238,383,130,125,96,75,47
2026-02-10,104,문화전당            ,승차,12,33,57,87,73,85,95,133,149,204,193,255,347,452,168,218,207,167,51
2026-02-10,104,문화전당            ,하차,6,38,96,526,275,180,181,207,230,210,188,179,213,242,131,87,56,33,37
2026-02-10,105,금남로4가           ,승차,18,79,148,234,158,121,160,256,245,314,318,328,413,453,203,162,156,130,23
2026-02-10,105,금남로4가           ,하차,33,49,134,537,384,253,335,302,348,287,226,197,285,254,124,77,73,40,34
2026-02-10,106,금남로5가           ,승차,13,51,109,156,106,88,80,106,118,150,188,180,192,293,86,92,27,37,202
2026-02-10,106,금남로5가           ,하차,21,28,81,373,230,138,133,172,154,100,96,83,107,168,51,45,41,30,50
2026-02-10,107,양동시장            ,승차,27,63,141,209,140,270,279,245,259,254,310,258,221,252,42,41,23,14,14
2026-02-10,107,양동시장            ,하차,21,40,127,384,281,264,260,231,298,266,233,174,156,157,54,52,49,20,24
2026-02-10,108,돌고개              ,승차,45,81,188,295,173,118,121,125,124,104,91,103,119,107,42,44,26,26,14
2026-02-10,108,돌고개              ,하차,10,21,48,176,112,78,106,120,103,118,143,151,184,214,122,86,72,49,36
2026-02-10,109,농성                ,승차,39,102,225,409,224,188,156,156,174,171,177,191,203,231,87,78,55,30,20
2026-02-10,109,농성                ,하차,9,44,110,267,172,158,155,149,180,165,233,227,233,354,116,87,95,57,45
2026-02-10,110,화정                ,승차,24,83,200,394,378,124,123,138,136,127,138,89,150,119,61,25,23,12,10
2026-02-10,110,화정                ,하차,8,18,79,176,89,105,88,78,103,86,91,128,180,248,99,64,75,64,35
2026-02-10,111,쌍촌                ,승차,64,143,314,484,222,155,115,172,160,144,116,112,151,153,61,41,40,20,14
2026-02-10,111,쌍촌                ,하차,14,21,45,126,81,72,76,108,97,110,129,137,273,393,156,99,99,71,47
2026-02-10,112,운천                ,승차,28,116,346,479,324,171,169,156,187,121,172,173,233,267,101,105,119,66,40
2026-02-10,112,운천                ,하차,17,33,89,371,145,122,116,101,123,156,157,165,371,513,207,175,141,120,77
2026-02-10,113,상무                ,승차,48,106,317,477,244,289,231,280,297,241,314,263,341,497,205,175,156,104,41
2026-02-10,113,상무                ,하차,35,68,141,718,347,273,203,239,253,272,293,311,394,542,210,139,100,112,69
2026-02-10,114,컨벤션센터          ,승차,16,26,68,146,71,51,59,76,100,72,109,83,102,113,21,34,26,21,16
2026-02-10,114,컨벤션센터          ,하차,7,18,59,197,115,73,65,55,62,61,81,52,112,108,45,31,26,31,10
2026-02-10,115,공항                ,승차,17,29,106,164,96,73,60,69,60,88,45,80,91,79,42,37,14,5,2
2026-02-10,115,공항                ,하차,7,41,58,80,52,45,62,47,58,57,58,82,82,84,31,34,24,30,18
2026-02-10,116,송정공원            ,승차,33,154,350,370,171,138,162,170,161,138,174,121,198,210,64,54,41,20,12
2026-02-10,116,송정공원            ,하차,24,64,130,261,118,86,116,166,142,135,182,175,309,341,189,115,130,55,32
2026-02-10,117,광주송정            ,승차,28,63,226,381,296,257,315,338,247,340,214,309,391,353,231,208,213,86,104
2026-02-10,117,광주송정            ,하차,43,100,385,342,219,357,206,244,239,254,269,299,376,409,212,137,103,100,43
2026-02-10,118,도산                ,승차,30,66,188,232,107,73,73,109,103,78,62,62,138,139,48,49,35,39,9
2026-02-10,118,도산                ,하차,9,15,61,90,48,52,67,46,66,71,106,107,151,204,95,66,52,64,27
2026-02-10,119,평동                ,승차,24,27,68,118,80,68,57,70,73,71,77,165,570,297,248,122,65,12,24
2026-02-10,119,평동                ,하차,39,257,805,359,88,55,51,49,70,47,61,57,62,90,63,31,28,26,15
2026-02-11,100,녹동                ,승차,2,4,21,29,17,13,13,17,10,12,5,10,20,28,4,6,1,1,0
2026-02-11,100,녹동                ,하차,0,5,8,24,3,7,11,11,7,11,4,11,10,21,10,4,8,2,1
2026-02-11,101,소태                ,승차,38,80,220,338,204,130,137,170,161,112,109,226,142,135,57,39,27,24,10
2026-02-11,101,소태                ,하차,2,28,79,181,93,89,118,113,119,107,146,203,205,228,146,98,96,65,38
2026-02-11,102,학동증심사          ,승차,31,33,137,236,157,146,181,172,216,110,162,123,146,105,58,46,38,21,127
2026-02-11,102,학동증심사          ,하차,2,36,72,160,142,118,112,132,142,133,182,172,176,192,88,81,55,47,24
2026-02-11,103,남광주              ,승차,42,129,250,419,262,321,308,303,267,310,348,311,471,267,131,105,87,72,34
2026-02-11,103,남광주              ,하차,8,148,303,684,358,270,296,265,317,300,261,262,256,367,152,120,114,84,44
2026-02-11,104,문화전당            ,승차,18,36,70,90,74,79,121,148,141,174,253,276,326,478,230,210,210,149,69
2026-02-11,104,문화전당            ,하차,4,28,108,537,267,163,190,254,236,196,174,192,202,270,129,63,53,42,43
2026-02-11,105,금남로4가           ,승차,15,75,149,245,145,113,160,241,241,286,380,368,407,497,228,173,164,141,27
2026-02-11,105,금남로4가           ,하차,25,44,122,542,341,264,324,317,330,329,239,207,315,271,141,62,77,40,36
2026-02-11,106,금남로5가           ,승차,14,68,104,158,216,132,92,80,131,157,185,246,221,465,80,100,56,24,16
2026-02-11,106,금남로5가           ,하차,24,22,93,396,304,149,109,180,179,109,105,95,148,322,82,46,50,29,25
2026-02-11,107,양동시장            ,승차,26,76,143,218,178,221,257,243,267,341,349,358,255,275,56,23,73,11,26
2026-02-11,107,양동시장            ,하차,14,47,120,374,240,281,256,284,396,317,307,226,185,179,66,54,64,29,33
2026-02-11,108,돌고개              ,승차,32,77,184,296,154,120,111,128,120,119,96,88,128,111,55,49,32,23,10
2026-02-11,108,돌고개              ,하차,10,23,46,168,99,79,92,107,113,96,123,168,197,255,87,89,74,64,39
2026-02-11,109,농성                ,승차,44,90,234,431,226,164,166,211,238,183,200,175,217,223,96,81,77,42,16
2026-02-11,109,농성                ,하차,13,36,105,273,162,112,193,165,186,177,245,230,257,366,128,97,105,62,36
2026-02-11,110,화정                ,승차,23,73,225,375,169,137,138,150,159,146,133,98,140,128,70,36,37,22,12
2026-02-11,110,화정                ,하차,9,21,61,174,84,96,94,93,103,111,116,122,192,244,115,86,83,79,37
2026-02-11,111,쌍촌                ,승차,60,152,308,481,188,177,161,158,175,154,134,146,257,127,84,53,42,26,19
2026-02-11,111,쌍촌                ,하차,3,25,40,119,91,61,101,104,107,114,153,166,278,378,163,101,126,71,60
2026-02-11,112,운천                ,승차,33,123,325,493,233,166,159,165,178,262,168,174,262,269,103,110,134,86,67
2026-02-11,112,운천                ,하차,14,36,96,359,142,96,120,124,141,149,154,213,362,542,254,141,179,122,74
2026-02-11,113,상무                ,승차,41,108,315,447,207,243,255,282,283,256,299,291,355,475,188,174,144,145,37
2026-02-11,113,상무                ,하차,34,54,142,672,338,231,235,230,332,254,315,309,401,567,218,167,101,101,62
2026-02-11,114,컨벤션센터          ,승차,10,23,79,125,92,79,60,58,93,86,63,87,129,143,37,48,40,8,10
2026-02-11,114,컨벤션센터          ,하차,6,15,58,195,111,90,71,70,80,65,74,73,121,115,48,29,42,22,10
2026-02-11,115,공항                ,승차,12,26,108,143,62,72,92,93,67,61,57,94,103,99,46,32,22,8,3
2026-02-11,115,공항                ,하차,8,41,55,94,44,48,59,56,66,91,83,90,104,106,42,35,26,24,16
2026-02-11,116,송정공원            ,승차,30,146,357,368,214,145,197,196,161,128,162,129,196,238,83,54,52,19,14
2026-02-11,116,송정공원            ,하차,27,62,140,247,129,128,116,179,146,135,191,183,315,313,152,141,120,77,38
2026-02-11,117,광주송정            ,승차,22,61,221,351,228,225,295,362,237,305,265,328,407,364,232,281,246,89,368
2026-02-11,117,광주송정            ,하차,45,91,383,333,235,290,247,265,249,230,294,327,356,375,233,167,134,104,56
2026-02-11,118,도산                ,승차,26,80,192,233,117,91,73,125,119,95,65,80,142,158,56,61,41,24,12
2026-02-11,118,도산                ,하차,5,25,53,90,38,58,73,73,66,75,100,117,155,227,104,70,81,74,24
2026-02-11,119,평동                ,승차,14,27,72,99,71,62,74,85,84,77,108,184,635,277,200,102,84,12,19
2026-02-11,119,평동                ,하차,26,257,847,338,77,54,74,59,67,67,58,90,64,76,65,38,45,32,16
2026-02-12,100,녹동                ,승차,1,7,13,29,8,12,7,15,12,13,8,7,19,32,1,1,1,1,0
2026-02-12,100,녹동                ,하차,0,6,13,28,1,4,8,5,9,9,9,13,23,13,4,2,2,6,3
2026-02-12,101,소태                ,승차,41,71,235,353,200,144,132,148,170,102,203,138,180,158,60,37,34,17,14
2026-02-12,101,소태                ,하차,8,35,84,173,92,93,130,100,133,123,150,159,213,242,136,113,91,73,51
2026-02-12,102,학동증심사          ,승차,27,53,166,247,179,157,150,143,186,170,137,118,132,126,43,32,38,16,11
2026-02-12,102,학동증심사          ,하차,2,34,82,179,129,123,106,112,144,161,150,197,171,199,86,76,55,48,38
2026-02-12,103,남광주              ,승차,25,152,282,410,295,332,345,260,282,300,337,350,495,306,143,111,82,77,47
2026-02-12,103,남광주              ,하차,6,148,327,755,383,292,226,288,396,271,296,262,264,372,143,131,98,84,61
2026-02-12,104,문화전당            ,승차,11,38,73,85,63,87,89,138,168,172,206,252,351,489,237,219,223,165,65
2026-02-12,104,문화전당            ,하차,4,36,99,551,273,146,224,205,256,204,173,175,235,320,178,88,50,28,41
2026-02-12,105,금남로4가           ,승차,20,69,145,234,130,129,153,216,248,285,333,369,432,507,209,203,171,167,29
2026-02-12,105,금남로4가           ,하차,30,50,132,528,338,284,315,296,376,323,292,215,308,262,130,71,85,60,26
2026-02-12,106,금남로5가           ,승차,19,57,99,164,90,99,100,82,136,160,172,189,236,323,110,97,44,26,18
2026-02-12,106,금남로5가           ,하차,24,22,88,399,206,131,150,167,160,128,105,89,122,172,73,50,51,38,32
2026-02-12,107,양동시장            ,승차,24,74,119,201,234,253,272,241,301,301,391,387,304,279,83,45,31,16,12
2026-02-12,107,양동시장            ,하차,20,46,134,392,251,279,318,291,379,355,295,229,208,173,57,63,50,33,27
2026-02-12,108,돌고개              ,승차,38,70,192,295,141,142,145,109,127,128,127,95,128,105,58,30,15,22,17
2026-02-12,108,돌고개              ,하차,10,23,42,171,90,88,102,150,113,131,143,190,183,244,108,91,81,62,55
2026-02-12,109,농성                ,승차,37,97,214,428,216,208,175,217,239,224,244,195,254,253,111,80,71,38,29
2026-02-12,109,농성                ,하차,13,46,113,272,186,152,206,172,223,184,239,245,298,371,146,104,96,71,35
2026-02-12,110,화정                ,승차,30,72,217,364,156,125,152,160,125,200,154,113,140,156,80,36,28,27,7
2026-02-12,110,화정                ,하차,9,13,95,178,101,122,81,71,91,112,138,126,211,245,125,96,65,71,41
2026-02-12,111,쌍촌                ,승차,68,127,325,494,214,160,140,183,174,286,142,128,161,131,64,51,42,32,8
2026-02-12,111,쌍촌                ,하차,6,24,40,135,76,69,102,85,114,134,134,155,295,400,151,117,116,71,59
2026-02-12,112,운천                ,승차,41,121,332,484,290,231,170,196,200,164,181,216,263,292,121,98,90,96,54
2026-02-12,112,운천                ,하차,13,44,94,374,178,119,147,116,131,135,178,211,399,552,248,174,163,137,78
2026-02-12,113,상무                ,승차,53,114,315,469,266,273,245,283,277,293,319,271,333,457,211,165,164,120,46
2026-02-12,113,상무                ,하차,36,62,139,654,354,271,265,249,271,270,315,321,455,568,211,165,103,141,68
2026-02-12,114,컨벤션센터          ,승차,12,25,78,130,65,69,67,72,87,90,74,97,133,117,42,43,47,16,6
2026-02-12,114,컨벤션센터          ,하차,8,18,70,168,104,64,81,82,73,81,74,83,127,139,45,39,24,24,7
2026-02-12,115,공항                ,승차,17,18,104,163,82,82,64,104,89,67,83,85,117,87,50,30,19,7,6
2026-02-12,115,공항                ,하차,6,51,51,82,66,51,78,59,92,66,91,89,126,112,53,38,27,24,22
2026-02-12,116,송정공원            ,승차,47,126,374,375,197,140,201,169,172,140,194,138,187,245,92,53,37,33,16
2026-02-12,116,송정공원            ,하차,24,64,135,260,91,103,109,147,139,134,185,179,327,346,168,122,112,98,39
2026-02-12,117,광주송정            ,승차,24,49,282,387,290,281,358,363,241,342,318,371,520,377,223,318,300,106,166
2026-02-12,117,광주송정            ,하차,39,87,355,343,266,327,274,245,230,262,308,321,331,441,273,214,143,122,39
2026-02-12,118,도산                ,승차,32,66,191,231,126,80,72,125,117,93,60,77,145,170,56,45,31,22,12
2026-02-12,118,도산                ,하차,9,19,65,94,44,54,65,60,59,94,112,111,185,201,98,91,62,87,30
2026-02-12,119,평동                ,승차,20,29,64,113,69,84,68,65,79,102,118,164,551,276,212,134,90,19,24
2026-02-12,119,평동                ,하차,34,260,819,309,102,58,75,54,77,47,75,75,73,94,74,30,31,24,31
2026-02-13,100,녹동                ,승차,0,5,22,30,9,10,14,11,17,16,13,10,26,20,4,0,0,1,0
2026-02-13,100,녹동                ,하차,0,3,12,24,1,6,9,6,7,15,11,9,12,18,10,3,7,3,6
2026-02-13,101,소태                ,승차,41,75,224,348,202,168,131,229,225,167,151,149,165,221,117,50,40,19,11
2026-02-13,101,소태                ,하차,3,36,90,217,110,119,130,141,132,161,191,187,254,271,154,123,98,89,49
2026-02-13,102,학동증심사          ,승차,28,58,137,236,148,197,154,140,183,144,141,163,160,120,60,36,35,25,14
2026-02-13,102,학동증심사          ,하차,2,33,74,165,138,131,155,138,139,163,191,209,190,205,77,62,67,55,38
2026-02-13,103,남광주              ,승차,29,129,278,416,334,325,315,304,284,330,305,383,512,331,189,123,84,56,54
2026-02-13,103,남광주              ,하차,13,150,323,639,355,329,276,274,319,285,286,292,326,385,134,131,109,110,75
2026-02-13,104,문화전당            ,승차,12,38,66,91,64,96,119,178,193,210,271,314,405,495,214,203,245,219,115
2026-02-13,104,문화전당            ,하차,4,33,99,543,260,213,174,227,278,251,255,228,272,390,208,125,79,71,89
2026-02-13,105,금남로4가           ,승차,20,65,158,214,150,131,182,262,250,276,399,455,500,533,243,196,239,152,60
2026-02-13,105,금남로4가           ,하차,33,44,138,517,340,368,320,308,367,333,326,256,341,316,156,87,61,54,45
2026-02-13,106,금남로5가           ,승차,20,51,93,149,105,95,104,94,146,154,183,217,258,436,97,80,46,31,15
2026-02-13,106,금남로5가           ,하차,23,22,87,371,182,165,144,144,167,131,116,104,138,332,66,53,60,46,28
2026-02-13,107,양동시장            ,승차,23,61,132,217,178,284,273,279,258,311,392,341,282,302,92,33,36,21,24
2026-02-13,107,양동시장            ,하차,16,45,129,391,293,303,305,298,330,359,330,244,206,213,63,42,64,34,38
2026-02-13,108,돌고개              ,승차,33,78,167,289,161,125,154,139,142,112,126,126,168,138,79,44,42,30,18
2026-02-13,108,돌고개              ,하차,12,22,51,158,102,67,129,111,118,131,176,208,240,273,116,99,85,87,63
2026-02-13,109,농성                ,승차,43,99,205,394,216,176,210,203,231,250,267,236,330,273,145,126,96,42,39
2026-02-13,109,농성                ,하차,11,47,105,271,164,162,182,205,200,232,290,278,359,422,159,129,110,81,48
2026-02-13,110,화정                ,승차,27,67,207,373,186,186,139,161,166,206,194,137,193,168,91,58,21,28,17
2026-02-13,110,화정                ,하차,12,18,81,172,118,104,108,117,143,129,154,210,238,258,110,94,92,70,56
2026-02-13,111,쌍촌                ,승차,69,142,292,486,257,175,135,186,183,154,232,193,196,175,97,64,60,35,15
2026-02-13,111,쌍촌                ,하차,5,18,40,131,101,100,133,113,115,141,181,216,344,350,186,116,121,91,67
2026-02-13,112,운천                ,승차,37,119,320,459,243,188,159,212,215,211,169,361,267,300,119,126,108,126,92
2026-02-13,112,운천                ,하차,13,32,105,389,147,153,172,166,133,166,210,313,499,660,318,227,185,146,114
2026-02-13,113,상무                ,승차,39,107,325,443,221,296,267,275,284,315,346,355,477,475,218,185,151,117,58
2026-02-13,113,상무                ,하차,35,52,140,643,349,265,236,249,324,278,307,399,547,659,257,171,125,118,98
2026-02-13,114,컨벤션센터          ,승차,8,29,66,133,74,61,68,92,120,130,119,115,165,97,49,53,71,17,5
2026-02-13,114,컨벤션센터          ,하차,4,22,53,190,109,80,99,75,94,99,109,109,171,166,47,40,35,29,7
2026-02-13,115,공항                ,승차,13,25,95,158,72,109,62,81,76,98,79,119,138,127,71,36,11,12,4
2026-02-13,115,공항                ,하차,8,38,47,62,39,50,58,37,66,66,87,109,105,99,39,26,21,31,21
2026-02-13,116,송정공원            ,승차,38,135,326,336,205,185,196,149,199,189,252,206,254,237,88,47,38,21,16
2026-02-13,116,송정공원            ,하차,28,69,141,274,149,154,159,198,177,205,200,216,330,322,168,104,126,67,48
2026-02-13,117,광주송정            ,승차,23,51,293,401,376,365,470,439,327,458,358,524,827,549,282,403,354,146,407
2026-02-13,117,광주송정            ,하차,29,88,282,348,235,411,314,333,386,391,394,442,553,673,412,250,139,149,67
2026-02-13,118,도산                ,승차,31,73,190,235,129,92,96,93,129,93,91,106,186,152,79,50,44,33,23
2026-02-13,118,도산                ,하차,7,24,66,91,43,59,77,73,61,80,103,142,222,194,116,79,52,80,41
2026-02-13,119,평동                ,승차,22,23,69,106,79,77,75,144,83,120,158,260,616,219,171,81,53,16,22
2026-02-13,119,평동                ,하차,32,246,768,300,70,66,56,73,84,89,55,98,96,83,82,44,41,45,17
2026-02-14,100,녹동                ,승차,0,1,18,18,12,10,11,9,11,5,7,20,16,5,1,2,0,0,0
2026-02-14,100,녹동                ,하차,0,0,7,6,10,9,11,2,10,6,3,15,11,6,8,1,2,0,0
2026-02-14,101,소태                ,승차,38,40,140,145,140,145,164,185,151,149,118,133,147,94,53,58,41,20,14
2026-02-14,101,소태                ,하차,5,35,66,113,99,94,104,98,112,142,154,169,161,178,107,117,113,59,61
2026-02-14,102,학동증심사          ,승차,21,42,93,132,136,108,163,135,178,128,123,111,130,72,48,31,20,26,22
2026-02-14,102,학동증심사          ,하차,1,41,74,147,132,148,142,86,77,118,127,134,117,109,77,67,54,44,56
2026-02-14,103,남광주              ,승차,31,89,193,325,298,228,240,236,240,217,232,199,219,163,127,100,61,49,44
2026-02-14,103,남광주              ,하차,16,147,223,300,192,183,238,185,221,210,180,152,215,212,107,106,109,86,82
2026-02-14,104,문화전당            ,승차,12,11,28,33,64,65,80,123,157,191,272,306,352,349,262,260,265,239,94
2026-02-14,104,문화전당            ,하차,2,23,47,122,135,168,290,320,323,333,299,241,338,238,207,144,69,50,49
2026-02-14,105,금남로4가           ,승차,14,28,64,63,97,106,141,189,226,239,286,395,476,404,337,221,246,129,40
2026-02-14,105,금남로4가           ,하차,18,23,59,107,212,262,331,386,419,405,368,284,243,186,138,73,70,38,42
2026-02-14,106,금남로5가           ,승차,11,27,39,61,75,73,66,83,118,95,116,138,123,91,84,77,23,20,9
2026-02-14,106,금남로5가           ,하차,7,11,32,64,126,86,117,120,126,103,83,100,87,89,29,46,38,35,35
2026-02-14,107,양동시장            ,승차,12,42,77,102,248,327,346,332,299,333,345,294,222,139,66,39,38,18,12
2026-02-14,107,양동시장            ,하차,24,37,113,266,344,386,344,287,352,307,275,210,150,95,45,44,43,37,27
2026-02-14,108,돌고개              ,승차,31,36,69,111,99,109,119,104,111,73,95,109,135,83,59,38,39,27,20
2026-02-14,108,돌고개              ,하차,12,19,33,73,67,90,101,95,90,89,112,113,130,128,81,77,84,76,53
2026-02-14,109,농성                ,승차,31,42,95,160,169,218,171,197,229,234,194,210,197,158,131,95,66,38,24
2026-02-14,109,농성                ,하차,7,43,60,140,169,151,210,179,209,203,183,207,209,198,113,100,78,48,54
2026-02-14,110,화정                ,승차,17,43,89,119,153,142,151,136,156,129,114,107,106,64,53,54,25,30,13
2026-02-14,110,화정                ,하차,9,12,31,68,81,101,102,75,116,107,101,123,107,126,70,86,54,62,63
2026-02-14,111,쌍촌                ,승차,44,44,108,158,283,174,162,185,176,131,142,139,142,94,87,51,20,33,11
2026-02-14,111,쌍촌                ,하차,7,16,24,74,68,82,104,104,96,102,110,132,153,154,88,86,103,79,71
2026-02-14,112,운천                ,승차,28,52,104,163,166,198,171,163,191,169,180,218,153,150,91,121,111,127,81
2026-02-14,112,운천                ,하차,10,25,52,107,125,109,130,136,152,134,140,181,418,335,281,215,183,127,99
2026-02-14,113,상무                ,승차,27,65,103,153,164,218,223,267,268,252,219,248,243,212,145,126,125,98,68
2026-02-14,113,상무                ,하차,22,42,54,196,215,235,187,206,202,218,234,267,352,321,152,178,143,125,77
2026-02-14,114,컨벤션센터          ,승차,8,7,32,50,51,71,91,91,104,128,135,108,80,37,31,65,30,15,5
2026-02-14,114,컨벤션센터          ,하차,3,10,17,59,75,101,98,113,129,95,88,86,97,66,30,30,23,26,10
2026-02-14,115,공항                ,승차,14,13,37,54,51,99,59,100,65,80,77,54,87,52,36,48,17,6,8
2026-02-14,115,공항                ,하차,4,19,29,29,21,43,70,50,52,70,64,67,79,54,28,28,21,21,20
2026-02-14,116,송정공원            ,승차,27,53,89,117,127,145,165,188,181,141,127,110,152,119,64,40,28,17,17
2026-02-14,116,송정공원            ,하차,20,23,47,92,76,93,105,96,126,141,136,154,157,157,120,95,70,85,53
2026-02-14,117,광주송정            ,승차,16,53,152,353,436,303,511,385,321,343,272,350,592,245,235,359,274,132,195
2026-02-14,117,광주송정            ,하차,32,50,148,203,263,447,279,296,336,343,301,348,394,309,231,249,141,127,43
2026-02-14,118,도산                ,승차,35,34,56,73,93,97,103,109,148,105,84,91,103,81,57,51,36,38,8
2026-02-14,118,도산                ,하차,7,9,28,39,36,53,66,61,63,78,84,97,132,130,70,82,87,72,36
2026-02-14,119,평동                ,승차,18,19,45,60,75,106,100,93,125,119,116,96,132,106,82,30,22,11,15
2026-02-14,119,평동                ,하차,10,47,122,114,67,56,65,76,98,80,75,81,82,87,110,69,74,46,40
2026-02-15,100,녹동                ,승차,0,0,4,13,6,6,2,10,10,4,5,12,5,1,3,0,0,1,0
2026-02-15,100,녹동                ,하차,0,0,1,9,3,9,1,8,1,5,2,8,9,7,5,0,5,2,0
2026-02-15,101,소태                ,승차,17,28,81,82,108,91,117,95,119,136,139,95,134,109,80,39,23,20,11
2026-02-15,101,소태                ,하차,1,25,48,79,84,94,81,80,90,112,93,100,129,146,91,90,73,63,55
2026-02-15,102,학동증심사          ,승차,18,20,51,87,99,94,55,100,96,115,99,92,131,67,62,43,33,13,19
2026-02-15,102,학동증심사          ,하차,2,25,34,87,84,86,97,63,80,86,100,118,128,134,69,62,69,49,42
2026-02-15,103,남광주              ,승차,16,48,103,180,157,163,135,160,149,170,162,169,188,139,97,63,44,39,40
2026-02-15,103,남광주              ,하차,9,79,123,163,90,164,135,119,147,157,139,134,179,174,90,73,106,68,60
2026-02-15,104,문화전당            ,승차,8,8,28,60,52,72,58,82,118,129,169,288,336,290,210,233,227,240,122
2026-02-15,104,문화전당            ,하차,8,31,46,65,92,135,194,248,266,285,274,238,286,241,175,118,48,53,71
2026-02-15,105,금남로4가           ,승차,10,23,27,37,61,82,88,120,117,170,248,347,333,359,226,204,232,97,26
2026-02-15,105,금남로4가           ,하차,12,16,33,76,122,163,208,260,329,308,303,268,217,168,108,80,72,36,32
2026-02-15,106,금남로5가           ,승차,6,30,14,23,55,36,51,57,65,84,94,163,103,121,50,68,29,21,13
2026-02-15,106,금남로5가           ,하차,3,7,30,48,92,80,88,91,100,81,69,48,73,101,32,42,36,23,32
2026-02-15,107,양동시장            ,승차,8,28,51,51,116,171,177,181,226,232,247,242,172,111,56,53,32,11,12
2026-02-15,107,양동시장            ,하차,14,28,63,109,158,223,163,182,235,233,260,170,121,82,29,31,43,37,28
2026-02-15,108,돌고개              ,승차,17,21,33,51,69,68,49,93,89,100,79,99,83,55,44,27,35,24,9
2026-02-15,108,돌고개              ,하차,6,16,19,37,50,68,50,48,45,66,87,88,128,100,70,69,87,46,51
2026-02-15,109,농성                ,승차,20,33,52,89,96,124,128,138,228,201,207,194,191,140,92,73,48,39,15
2026-02-15,109,농성                ,하차,8,11,45,81,99,144,112,162,148,166,184,168,189,173,95,105,76,68,47
2026-02-15,110,화정                ,승차,13,19,46,51,87,79,86,93,88,114,103,106,112,53,53,47,22,18,31
2026-02-15,110,화정                ,하차,6,9,22,34,40,63,64,53,81,64,82,86,69,106,74,49,67,31,35
2026-02-15,111,쌍촌                ,승차,12,40,49,110,159,145,114,126,136,97,135,110,103,77,72,44,32,30,52
2026-02-15,111,쌍촌                ,하차,2,9,13,36,39,35,60,71,72,77,73,88,105,114,81,75,91,59,62
2026-02-15,112,운천                ,승차,32,36,67,81,126,133,122,137,154,114,125,179,133,116,74,87,83,105,78
2026-02-15,112,운천                ,하차,4,11,34,46,54,61,78,73,93,95,124,148,310,260,183,223,140,100,75
2026-02-15,113,상무                ,승차,19,38,66,68,103,125,124,155,157,183,215,177,173,158,105,109,100,68,42
2026-02-15,113,상무                ,하차,13,22,42,88,114,130,144,148,127,153,152,213,272,247,145,137,121,83,70
2026-02-15,114,컨벤션센터          ,승차,9,14,12,16,35,51,54,84,77,111,102,82,77,42,28,34,17,16,4
2026-02-15,114,컨벤션센터          ,하차,2,10,12,30,54,73,83,66,88,108,89,69,84,44,15,20,23,15,13
2026-02-15,115,공항                ,승차,12,4,22,17,59,76,40,45,51,58,54,53,63,59,31,28,18,11,3
2026-02-15,115,공항                ,하차,3,8,14,28,23,21,36,33,28,45,40,70,62,46,28,20,15,21,24
2026-02-15,116,송정공원            ,승차,12,30,41,62,95,100,121,128,99,124,102,98,113,82,56,28,31,16,7
2026-02-15,116,송정공원            ,하차,9,10,30,57,61,47,61,71,90,80,114,118,136,123,79,86,68,69,38
2026-02-15,117,광주송정            ,승차,9,29,141,229,348,278,356,406,272,336,263,337,537,242,209,342,270,85,398
2026-02-15,117,광주송정            ,하차,26,32,152,137,265,408,264,226,290,272,330,359,358,320,243,210,119,110,32
2026-02-15,118,도산                ,승차,11,30,41,54,67,82,82,91,72,80,82,92,83,61,45,30,26,16,11
2026-02-15,118,도산                ,하차,3,11,20,18,23,46,44,55,52,57,73,108,100,83,65,64,59,44,34
2026-02-15,119,평동                ,승차,6,19,47,28,67,63,94,114,120,96,79,98,94,72,37,33,29,12,8
2026-02-15,119,평동                ,하차,2,23,43,48,32,24,59,55,71,90,81,101,113,55,114,42,69,47,25
2026-02-16,100,녹동                ,승차,0,1,3,1,4,6,4,12,6,3,7,6,10,1,2,1,1,0,0
2026-02-16,100,녹동                ,하차,0,0,0,5,2,6,5,0,2,2,7,6,1,11,2,5,1,0,0
2026-02-16,101,소태                ,승차,25,24,73,80,95,89,82,75,108,114,119,97,108,89,52,59,29,9,12
2026-02-16,101,소태                ,하차,8,24,54,68,85,94,66,79,67,103,85,93,104,137,81,100,85,54,37
2026-02-16,102,학동증심사          ,승차,14,34,48,51,62,67,77,64,82,66,96,77,84,64,35,31,32,14,7
2026-02-16,102,학동증심사          ,하차,1,10,42,57,65,69,55,58,86,60,92,100,59,98,50,33,35,39,21
2026-02-16,103,남광주              ,승차,9,51,93,143,127,136,91,107,113,165,132,115,123,97,84,53,47,26,25
2026-02-16,103,남광주              ,하차,8,71,83,153,68,147,113,94,132,107,99,136,123,130,68,105,60,49,37
2026-02-16,104,문화전당            ,승차,7,20,24,24,33,51,44,85,95,126,185,243,287,231,160,149,143,145,67
2026-02-16,104,문화전당            ,하차,2,17,14,57,61,96,158,169,225,181,256,182,190,214,123,72,44,34,42
2026-02-16,105,금남로4가           ,승차,16,22,25,36,41,75,57,83,103,149,199,288,295,234,190,215,156,67,34
2026-02-16,105,금남로4가           ,하차,10,20,26,64,103,94,153,180,277,304,225,273,151,150,89,78,43,27,23
2026-02-16,106,금남로5가           ,승차,9,11,17,25,43,57,18,45,32,51,57,61,54,65,15,24,15,25,7
2026-02-16,106,금남로5가           ,하차,6,6,18,21,44,33,37,33,49,67,48,39,46,59,25,45,18,37,20
2026-02-16,107,양동시장            ,승차,15,29,44,89,113,141,152,144,129,145,154,131,146,71,51,33,22,10,8
2026-02-16,107,양동시장            ,하차,11,41,62,84,151,177,186,119,123,156,155,134,77,79,28,38,23,28,31
2026-02-16,108,돌고개              ,승차,9,18,32,35,60,55,52,62,74,78,91,59,79,42,63,34,22,17,12
2026-02-16,108,돌고개              ,하차,6,13,14,24,42,58,49,57,38,64,68,86,89,102,65,59,52,34,46
2026-02-16,109,농성                ,승차,12,35,57,75,70,133,132,99,142,129,157,156,142,103,76,63,35,21,18
2026-02-16,109,농성                ,하차,7,20,49,54,64,97,102,90,138,133,112,102,148,135,70,56,50,49,41
2026-02-16,110,화정                ,승차,8,27,47,46,61,64,79,66,79,74,98,69,87,46,46,37,17,14,8
2026-02-16,110,화정                ,하차,2,9,22,29,41,40,46,35,51,40,89,75,78,99,47,50,50,38,33
2026-02-16,111,쌍촌                ,승차,16,28,53,76,81,99,71,88,83,92,141,142,103,45,57,25,31,13,20
2026-02-16,111,쌍촌                ,하차,7,11,12,33,32,59,58,40,59,60,76,98,87,81,78,56,58,67,42
2026-02-16,112,운천                ,승차,21,51,56,58,97,95,77,89,72,101,128,94,121,77,73,52,47,67,62
2026-02-16,112,운천                ,하차,7,17,22,56,50,53,76,41,87,63,108,143,163,189,130,153,109,99,57
2026-02-16,113,상무                ,승차,26,45,61,54,81,117,109,101,114,133,99,96,141,116,88,91,66,56,32
2026-02-16,113,상무                ,하차,24,26,32,62,92,77,64,121,106,93,117,152,183,160,112,89,81,48,59
2026-02-16,114,컨벤션센터          ,승차,7,4,10,22,16,44,46,63,47,68,54,45,42,32,31,25,12,11,2
2026-02-16,114,컨벤션센터          ,하차,3,4,9,15,33,38,49,64,42,68,43,35,42,37,18,25,13,11,6
2026-02-16,115,공항                ,승차,9,7,17,21,41,45,32,56,36,45,47,70,46,42,26,16,6,4,4
2026-02-16,115,공항                ,하차,3,10,23,24,21,19,28,38,36,38,48,44,51,57,30,14,14,12,14
2026-02-16,116,송정공원            ,승차,14,23,36,43,41,49,59,78,91,86,97,60,86,68,34,24,25,9,11
2026-02-16,116,송정공원            ,하차,13,22,23,48,30,23,44,45,37,58,95,100,78,99,42,63,72,37,22
2026-02-16,117,광주송정            ,승차,15,25,148,176,315,252,350,327,229,287,384,310,518,197,198,415,253,79,113
2026-02-16,117,광주송정            ,하차,34,35,143,150,207,405,273,184,253,216,224,380,316,400,259,226,147,90,21
2026-02-16,118,도산                ,승차,13,15,31,35,30,44,64,48,77,67,53,28,80,64,39,27,26,10,14
2026-02-16,118,도산                ,하차,6,8,14,29,25,29,39,37,52,36,40,58,73,86,42,38,48,39,21
2026-02-16,119,평동                ,승차,8,8,27,25,34,41,59,55,93,102,113,121,115,71,57,46,18,11,4
2026-02-16,119,평동                ,하차,6,15,19,57,21,32,39,73,70,56,66,94,114,93,67,96,57,35,23
2026-02-17,100,녹동                ,승차,0,0,0,4,2,2,7,8,3,10,11,2,11,4,0,1,1,0,0
2026-02-17,100,녹동                ,하차,0,0,1,1,3,5,2,1,5,0,4,2,5,2,3,1,5,0,0
2026-02-17,101,소태                ,승차,11,22,36,44,61,65,66,68,80,94,129,116,147,129,77,59,32,16,12
2026-02-17,101,소태                ,하차,1,20,34,30,50,55,33,58,62,52,94,64,80,128,48,79,56,48,22
2026-02-17,102,학동증심사          ,승차,13,20,25,24,43,43,26,54,77,80,78,90,70,52,52,40,39,14,18
2026-02-17,102,학동증심사          ,하차,2,13,32,27,27,51,45,42,44,45,60,53,89,77,34,46,47,27,27
2026-02-17,103,남광주              ,승차,14,41,44,31,56,59,47,72,67,96,112,115,129,113,118,46,64,35,37
2026-02-17,103,남광주              ,하차,3,24,33,50,44,93,77,64,76,64,77,117,102,136,72,101,44,54,63
2026-02-17,104,문화전당            ,승차,8,10,14,18,24,36,25,47,60,78,125,169,212,206,125,129,156,117,63
2026-02-17,104,문화전당            ,하차,1,18,9,44,23,75,114,105,157,155,195,181,205,199,129,92,57,40,40
2026-02-17,105,금남로4가           ,승차,15,23,24,16,26,55,47,53,54,88,146,207,264,207,167,130,96,78,24
2026-02-17,105,금남로4가           ,하차,7,24,24,27,49,54,95,98,183,233,160,245,146,151,91,85,55,41,43
2026-02-17,106,금남로5가           ,승차,5,13,21,18,36,33,32,26,26,49,39,67,60,188,36,30,38,15,9
2026-02-17,106,금남로5가           ,하차,3,10,18,18,29,24,37,37,69,45,34,48,73,198,28,42,34,10,23
2026-02-17,107,양동시장            ,승차,6,15,22,24,31,39,32,27,54,34,49,49,54,38,28,56,37,9,22
2026-02-17,107,양동시장            ,하차,4,12,23,15,21,46,35,33,34,57,48,49,73,68,30,46,31,14,27
2026-02-17,108,돌고개              ,승차,19,14,24,31,38,46,68,48,45,42,43,34,85,59,33,53,36,13,14
2026-02-17,108,돌고개              ,하차,3,8,20,23,34,26,30,32,33,63,61,54,68,88,48,49,39,27,21
2026-02-17,109,농성                ,승차,16,24,37,41,51,79,68,81,71,81,88,116,134,115,90,87,49,44,10
2026-02-17,109,농성                ,하차,8,10,27,36,36,37,61,94,80,93,107,102,89,120,40,77,42,40,28
2026-02-17,110,화정                ,승차,7,20,29,26,38,49,37,49,43,63,53,51,58,52,48,31,26,12,10
2026-02-17,110,화정                ,하차,5,11,12,30,23,34,32,34,45,40,42,81,70,76,44,71,52,28,35
2026-02-17,111,쌍촌                ,승차,12,21,45,35,98,107,45,69,72,53,68,78,111,60,60,40,37,18,116
2026-02-17,111,쌍촌                ,하차,5,7,13,17,32,25,32,17,46,66,41,69,64,91,78,79,79,57,32
2026-02-17,112,운천                ,승차,15,36,47,47,51,63,43,75,63,63,89,109,100,73,64,61,59,66,47
2026-02-17,112,운천                ,하차,5,8,21,33,32,40,59,32,69,85,88,101,141,236,165,157,134,98,95
2026-02-17,113,상무                ,승차,19,25,48,40,30,55,57,79,89,95,82,103,111,81,71,61,84,61,37
2026-02-17,113,상무                ,하차,15,7,27,38,41,41,51,62,62,70,89,122,156,197,86,109,66,67,37
2026-02-17,114,컨벤션센터          ,승차,5,11,8,20,14,26,21,27,25,37,24,47,51,21,21,30,16,8,8
2026-02-17,114,컨벤션센터          ,하차,0,6,9,18,13,32,16,17,26,26,40,51,55,41,16,19,16,8,10
2026-02-17,115,공항                ,승차,7,7,9,26,25,26,34,54,34,52,24,41,45,55,35,24,13,8,5
2026-02-17,115,공항                ,하차,4,9,16,38,24,19,36,36,24,45,38,39,74,42,26,8,11,19,11
2026-02-17,116,송정공원            ,승차,16,10,29,37,32,45,45,42,82,65,70,70,66,99,46,46,26,16,10
2026-02-17,116,송정공원            ,하차,8,22,14,19,34,27,28,50,39,51,63,86,78,63,49,51,41,37,7
2026-02-17,117,광주송정            ,승차,15,8,77,117,187,193,313,281,207,280,370,352,513,326,203,428,233,124,81
2026-02-17,117,광주송정            ,하차,50,42,142,123,159,325,187,154,217,202,176,335,374,312,302,271,206,115,42
2026-02-17,118,도산                ,승차,7,15,28,20,21,25,30,38,50,41,47,69,48,47,28,39,32,6,14
2026-02-17,118,도산                ,하차,7,11,18,21,9,26,21,20,33,38,26,39,60,62,55,45,33,36,26
2026-02-17,119,평동                ,승차,9,10,11,22,12,33,49,58,98,93,105,77,103,56,54,34,12,7,9
2026-02-17,119,평동                ,하차,6,10,15,34,14,42,32,34,58,42,57,93,92,86,51,77,58,48,25
2026-02-18,100,녹동                ,승차,0,0,2,1,5,3,7,6,7,4,8,10,4,2,3,2,0,0,0
2026-02-18,100,녹동                ,하차,0,0,0,4,2,1,2,2,6,3,9,9,9,7,3,5,4,0,0
2026-02-18,101,소태                ,승차,15,29,52,55,100,118,132,148,136,136,147,137,136,115,79,47,57,9,6
2026-02-18,101,소태                ,하차,6,19,36,23,36,50,39,82,45,95,109,111,124,133,65,140,79,63,26
2026-02-18,102,학동증심사          ,승차,20,15,31,38,62,87,63,90,109,103,71,90,93,66,44,47,21,10,17
2026-02-18,102,학동증심사          ,하차,1,11,25,32,64,55,47,60,74,49,75,108,95,90,60,64,48,40,37
2026-02-18,103,남광주              ,승차,13,39,58,50,103,102,124,104,156,127,127,159,167,146,96,100,63,35,39
2026-02-18,103,남광주              ,하차,1,51,30,60,51,122,122,71,117,123,123,183,132,166,96,110,89,83,53
2026-02-18,104,문화전당            ,승차,3,4,7,21,33,32,55,57,112,202,221,242,325,295,238,234,244,154,106
2026-02-18,104,문화전당            ,하차,3,8,19,72,78,122,203,225,348,286,287,226,211,214,131,98,50,43,60
2026-02-18,105,금남로4가           ,승차,13,17,23,37,49,80,61,101,118,191,273,422,333,317,254,245,244,125,31
2026-02-18,105,금남로4가           ,하차,6,21,24,43,123,135,239,315,362,389,317,265,239,160,125,78,48,34,50
2026-02-18,106,금남로5가           ,승차,12,19,12,23,29,28,43,44,67,72,87,141,110,81,67,93,31,14,10
2026-02-18,106,금남로5가           ,하차,5,7,10,31,73,48,78,105,104,98,64,85,80,74,36,16,24,17,21
2026-02-18,107,양동시장            ,승차,8,26,23,48,32,57,55,66,61,70,72,72,86,44,42,41,37,15,14
2026-02-18,107,양동시장            ,하차,8,14,16,21,37,51,66,66,69,65,76,85,88,70,46,50,29,21,22
2026-02-18,108,돌고개              ,승차,18,17,30,47,66,87,70,98,98,74,65,75,89,66,39,27,45,19,8
2026-02-18,108,돌고개              ,하차,11,11,13,24,30,37,47,53,45,56,89,86,129,93,69,65,72,41,19
2026-02-18,109,농성                ,승차,23,20,44,62,61,101,102,128,99,163,148,135,159,119,109,73,54,20,19
2026-02-18,109,농성                ,하차,8,14,25,38,62,69,68,107,97,148,135,152,137,142,95,78,90,45,48
2026-02-18,110,화정                ,승차,8,25,44,40,61,76,64,79,83,96,76,62,68,79,59,33,31,17,11
2026-02-18,110,화정                ,하차,4,6,19,19,26,32,41,27,53,45,66,104,81,89,50,46,52,49,24
2026-02-18,111,쌍촌                ,승차,18,29,35,52,92,157,95,115,116,96,118,92,144,102,62,43,30,18,18
2026-02-18,111,쌍촌                ,하차,6,10,11,38,15,30,61,35,72,78,89,97,101,120,90,104,100,66,59
2026-02-18,112,운천                ,승차,16,32,63,148,83,90,74,118,105,119,123,135,157,114,88,94,87,69,55
2026-02-18,112,운천                ,하차,5,10,22,42,41,53,86,79,74,103,137,187,170,243,158,167,133,100,79
2026-02-18,113,상무                ,승차,15,25,43,70,90,96,91,159,143,172,161,156,179,131,136,116,86,60,53
2026-02-18,113,상무                ,하차,15,21,21,63,75,86,124,122,138,144,159,185,247,238,125,129,78,73,71
2026-02-18,114,컨벤션센터          ,승차,6,5,13,16,20,31,25,44,60,89,54,46,43,44,30,29,26,11,10
2026-02-18,114,컨벤션센터          ,하차,3,7,10,22,30,29,47,63,64,38,55,38,72,40,23,25,19,14,20
2026-02-18,115,공항                ,승차,8,9,16,18,64,45,50,70,44,46,39,61,48,56,32,27,13,4,9
2026-02-18,115,공항                ,하차,4,10,21,22,27,16,37,31,54,67,53,38,68,55,50,24,23,17,22
2026-02-18,116,송정공원            ,승차,12,20,42,47,61,87,99,110,91,105,101,91,90,100,44,32,27,20,27
2026-02-18,116,송정공원            ,하차,6,19,14,36,31,26,58,51,65,76,100,120,134,103,100,82,118,55,35
2026-02-18,117,광주송정            ,승차,18,18,45,85,157,206,340,361,289,395,473,308,635,314,210,337,272,107,100
2026-02-18,117,광주송정            ,하차,44,42,151,112,182,386,264,208,251,241,264,350,372,441,355,317,243,163,33
2026-02-18,118,도산                ,승차,11,23,29,35,33,44,98,91,83,72,72,66,56,39,29,28,19,11,10
2026-02-18,118,도산                ,하차,4,9,15,23,15,24,24,37,38,53,70,87,60,90,85,59,59,35,25
2026-02-18,119,평동                ,승차,4,7,13,18,35,44,85,74,81,71,112,48,85,44,23,25,11,19,2
2026-02-18,119,평동                ,하차,9,13,33,39,23,47,36,39,53,62,83,58,113,54,53,57,32,36,11
2026-02-19,100,녹동                ,승차,2,4,15,28,12,8,59,15,13,14,9,8,17,29,3,0,0,1,0
2026-02-19,100,녹동                ,하차,0,6,8,26,2,6,9,10,7,12,6,18,13,15,6,6,4,4,1
2026-02-19,101,소태                ,승차,40,70,204,302,220,157,130,155,189,145,145,152,203,162,77,46,46,23,6
2026-02-19,101,소태                ,하차,1,42,94,142,76,84,84,95,111,123,127,187,191,264,172,113,90,89,39
2026-02-19,102,학동증심사          ,승차,29,48,119,221,245,142,125,142,177,140,95,156,153,106,59,38,22,22,15
2026-02-19,102,학동증심사          ,하차,2,35,62,144,108,115,97,106,127,149,125,137,162,186,99,56,60,36,35
2026-02-19,103,남광주              ,승차,31,116,231,326,253,282,236,222,264,262,289,310,473,269,146,98,81,46,87
2026-02-19,103,남광주              ,하차,8,104,241,622,312,219,246,221,276,253,242,249,260,318,153,111,75,76,45
2026-02-19,104,문화전당            ,승차,12,29,57,81,63,81,100,130,168,154,201,287,310,494,283,259,221,213,93
2026-02-19,104,문화전당            ,하차,3,38,112,482,244,168,226,275,284,269,226,227,288,303,145,85,42,36,53
2026-02-19,105,금남로4가           ,승차,29,54,141,196,129,157,205,212,235,320,355,383,466,521,255,227,215,155,34
2026-02-19,105,금남로4가           ,하차,30,44,121,511,360,355,319,312,402,411,297,272,292,267,132,90,63,49,25
2026-02-19,106,금남로5가           ,승차,16,57,105,133,105,103,99,75,104,136,167,205,210,289,109,90,35,26,12
2026-02-19,106,금남로5가           ,하차,15,16,96,358,177,113,116,162,162,148,100,87,128,163,69,35,45,24,17
2026-02-19,107,양동시장            ,승차,21,59,110,176,99,145,144,142,156,141,154,181,205,246,68,21,23,14,14
2026-02-19,107,양동시장            ,하차,9,45,76,271,126,139,173,146,138,152,155,145,149,133,63,46,38,22,32
2026-02-19,108,돌고개              ,승차,33,78,146,285,149,154,104,150,136,84,144,109,136,133,54,49,29,27,8
2026-02-19,108,돌고개              ,하차,10,18,46,127,103,75,112,135,110,132,137,179,223,256,98,83,80,70,44
2026-02-19,109,농성                ,승차,37,82,205,380,204,175,139,192,201,214,216,200,224,243,118,112,49,51,18
2026-02-19,109,농성                ,하차,12,49,89,226,141,150,177,167,201,157,212,212,244,369,144,104,70,74,41
2026-02-19,110,화정                ,승차,22,80,189,319,192,120,136,131,115,143,120,126,137,160,68,29,34,13,9
2026-02-19,110,화정                ,하차,12,16,72,166,95,100,87,110,99,116,102,158,173,234,108,71,73,63,41
2026-02-19,111,쌍촌                ,승차,56,123,267,425,171,310,136,181,180,124,145,149,163,145,71,51,41,29,22
2026-02-19,111,쌍촌                ,하차,4,20,51,134,66,60,80,89,119,107,128,165,273,329,166,108,81,78,53
2026-02-19,112,운천                ,승차,37,86,302,396,310,190,145,178,206,193,181,215,285,281,134,104,105,91,41
2026-02-19,112,운천                ,하차,13,28,87,328,172,140,100,132,144,138,185,199,365,484,271,170,147,111,53
2026-02-19,113,상무                ,승차,39,95,263,391,191,226,245,290,261,274,300,315,337,488,272,203,175,96,66
2026-02-19,113,상무                ,하차,33,61,128,604,336,241,186,229,280,271,275,322,358,509,229,139,85,123,48
2026-02-19,114,컨벤션센터          ,승차,8,24,68,122,65,68,70,59,102,132,96,72,133,149,44,37,30,13,14
2026-02-19,114,컨벤션센터          ,하차,8,21,61,168,135,98,78,63,89,54,69,85,105,126,40,41,32,15,16
2026-02-19,115,공항                ,승차,17,22,97,138,85,73,69,67,67,76,61,66,67,81,52,25,15,4,11
2026-02-19,115,공항                ,하차,9,33,57,72,53,48,61,51,62,80,77,79,90,117,45,22,29,23,21
2026-02-19,116,송정공원            ,승차,40,125,324,336,192,183,146,167,153,167,123,157,210,240,74,54,48,27,14
2026-02-19,116,송정공원            ,하차,19,47,123,218,112,90,85,128,156,151,174,236,298,332,166,148,102,85,48
2026-02-19,117,광주송정            ,승차,21,61,255,332,258,235,332,378,260,396,300,331,407,338,182,164,172,88,314
2026-02-19,117,광주송정            ,하차,73,102,319,328,263,422,326,252,307,250,304,363,354,540,311,289,179,121,52
2026-02-19,118,도산                ,승차,30,65,197,214,135,94,87,130,112,109,69,89,124,140,61,33,22,23,11
2026-02-19,118,도산                ,하차,8,17,48,85,39,45,58,56,59,102,108,123,163,200,108,70,52,65,29
2026-02-19,119,평동                ,승차,13,19,56,76,90,71,72,85,86,74,120,156,457,245,177,97,58,15,18
2026-02-19,119,평동                ,하차,9,201,666,252,75,48,61,79,62,68,79,78,78,81,71,50,35,22,18
2026-02-20,100,녹동                ,승차,2,4,20,24,10,20,9,10,18,10,9,9,10,34,2,0,0,0,0
2026-02-20,100,녹동                ,하차,0,5,5,28,3,5,5,4,4,7,10,17,18,20,12,0,1,4,1
2026-02-20,101,소태                ,승차,41,82,197,333,198,173,144,137,181,150,159,151,173,177,65,47,37,26,17
2026-02-20,101,소태                ,하차,4,46,88,143,61,74,113,111,112,125,156,194,219,278,171,110,94,85,46
2026-02-20,102,학동증심사          ,승차,31,43,109,208,166,147,186,146,156,154,135,141,166,139,52,51,38,23,13
2026-02-20,102,학동증심사          ,하차,4,30,71,152,116,114,129,116,148,131,155,173,143,220,94,90,67,49,38
2026-02-20,103,남광주              ,승차,32,112,246,358,252,272,239,288,222,237,304,300,470,292,167,77,79,50,40
2026-02-20,103,남광주              ,하차,5,102,238,608,302,260,209,210,244,271,238,245,300,368,183,117,97,98,64
2026-02-20,104,문화전당            ,승차,8,27,51,97,75,99,118,150,150,208,279,317,360,590,295,261,251,249,74
2026-02-20,104,문화전당            ,하차,4,33,100,503,310,187,241,219,301,302,233,253,291,412,174,95,91,51,46
2026-02-20,105,금남로4가           ,승차,17,73,148,216,161,137,178,231,263,307,417,415,518,576,261,239,237,153,51
2026-02-20,105,금남로4가           ,하차,29,42,119,517,323,320,332,341,457,372,328,274,340,319,169,83,69,56,49
2026-02-20,106,금남로5가           ,승차,18,57,90,152,102,91,101,109,133,137,178,258,236,320,101,85,39,30,15
2026-02-20,106,금남로5가           ,하차,24,21,87,395,152,118,147,175,174,119,109,86,144,150,87,57,53,35,39
2026-02-20,107,양동시장            ,승차,24,51,114,194,97,160,139,177,192,193,190,203,228,277,80,42,28,16,17
2026-02-20,107,양동시장            ,하차,16,38,82,300,144,166,173,145,171,176,186,179,202,202,87,46,51,28,27
2026-02-20,108,돌고개              ,승차,36,72,180,305,136,156,119,121,141,113,134,94,153,127,47,38,39,32,12
2026-02-20,108,돌고개              ,하차,16,21,43,143,78,77,108,104,123,122,161,143,205,286,103,83,64,83,38
2026-02-20,109,농성                ,승차,42,98,212,364,234,192,172,203,209,235,231,227,276,288,134,116,58,49,16
2026-02-20,109,농성                ,하차,11,55,90,258,147,120,155,174,198,189,242,213,252,397,150,102,116,72,35
2026-02-20,110,화정                ,승차,23,68,200,337,177,137,160,156,142,198,160,118,154,186,77,53,36,27,12
2026-02-20,110,화정                ,하차,14,10,101,150,94,97,81,100,116,125,127,148,203,241,142,88,84,94,37
2026-02-20,111,쌍촌                ,승차,67,124,257,471,254,138,200,155,190,148,169,169,195,177,109,57,51,31,13
2026-02-20,111,쌍촌                ,하차,10,20,61,150,76,64,80,82,93,122,161,150,285,359,171,135,113,103,75
2026-02-20,112,운천                ,승차,39,108,283,468,260,171,189,205,218,170,209,215,311,286,166,121,106,135,68
2026-02-20,112,운천                ,하차,17,29,80,364,186,103,149,129,134,164,182,206,426,593,303,240,194,148,94
2026-02-20,113,상무                ,승차,41,90,266,420,218,256,263,247,266,239,308,319,446,529,269,201,169,83,66
2026-02-20,113,상무                ,하차,36,64,131,634,338,231,214,203,265,286,317,341,522,637,234,168,120,133,57
2026-02-20,114,컨벤션센터          ,승차,11,22,65,112,84,57,70,70,111,129,127,114,154,166,42,42,38,17,10
2026-02-20,114,컨벤션센터          ,하차,8,15,61,166,127,74,81,91,142,111,94,91,122,128,53,43,39,29,18
2026-02-20,115,공항                ,승차,11,24,88,154,88,61,55,98,94,74,63,95,93,91,47,34,16,10,8
2026-02-20,115,공항                ,하차,9,33,49,80,50,46,64,44,62,77,79,74,87,116,61,27,23,33,22
2026-02-20,116,송정공원            ,승차,32,123,337,362,168,145,174,186,165,167,188,149,258,270,68,68,50,28,14
2026-02-20,116,송정공원            ,하차,20,68,114,244,123,84,125,143,180,146,200,214,321,333,193,130,115,91,36
2026-02-20,117,광주송정            ,승차,24,55,220,496,290,211,290,366,311,350,297,330,595,436,261,324,296,109,112
2026-02-20,117,광주송정            ,하차,47,64,302,363,284,452,314,274,285,305,323,396,471,686,362,281,151,149,50
2026-02-20,118,도산                ,승차,34,69,184,248,122,109,70,100,151,101,62,97,148,139,70,41,40,30,10
2026-02-20,118,도산                ,하차,10,16,60,94,34,74,79,64,71,82,77,140,179,196,93,78,76,68,29
2026-02-20,119,평동                ,승차,17,19,77,119,94,72,49,55,95,89,121,141,526,261,217,112,71,23,20
2026-02-20,119,평동                ,하차,31,241,717,276,81,62,65,64,84,69,70,73,74,90,77,37,52,24,20
2026-02-21,100,녹동                ,승차,0,1,8,17,11,7,12,9,8,8,5,11,17,5,3,0,0,0,0
2026-02-21,100,녹동                ,하차,0,0,3,3,1,2,5,3,9,4,12,8,10,1,8,4,1,1,0
2026-02-21,101,소태                ,승차,19,47,66,120,169,186,189,167,164,137,145,146,128,86,58,34,28,14,5
2026-02-21,101,소태                ,하차,5,42,63,81,75,97,78,105,80,129,110,154,153,190,117,127,113,64,43
2026-02-21,102,학동증심사          ,승차,26,33,58,104,132,142,151,160,172,131,146,151,119,103,59,30,37,21,8
2026-02-21,102,학동증심사          ,하차,2,29,56,121,151,119,134,123,116,109,122,136,149,121,62,75,77,30,35
2026-02-21,103,남광주              ,승차,33,80,130,147,213,194,198,191,232,204,213,208,174,119,105,71,64,50,42
2026-02-21,103,남광주              ,하차,8,77,82,174,163,157,205,160,200,170,210,197,245,188,114,99,135,72,73
2026-02-21,104,문화전당            ,승차,5,28,39,28,67,86,67,151,170,206,293,411,423,404,364,295,279,229,114
2026-02-21,104,문화전당            ,하차,4,20,37,133,167,217,324,390,440,380,339,312,320,220,157,129,92,34,56
2026-02-21,105,금남로4가           ,승차,22,42,64,84,91,125,134,175,276,302,426,476,583,511,387,274,231,128,42
2026-02-21,105,금남로4가           ,하차,20,25,43,116,233,250,483,452,609,450,380,373,286,253,124,100,61,32,24
2026-02-21,106,금남로5가           ,승차,13,44,38,51,68,75,73,74,85,111,145,217,139,193,64,63,43,19,17
2026-02-21,106,금남로5가           ,하차,11,4,26,56,105,111,140,154,177,112,109,87,85,177,53,41,55,30,30
2026-02-21,107,양동시장            ,승차,20,45,60,90,143,173,160,208,176,174,189,166,158,111,59,37,20,15,20
2026-02-21,107,양동시장            ,하차,13,33,43,88,231,159,188,156,167,166,176,147,118,88,43,50,46,50,32
2026-02-21,108,돌고개              ,승차,23,37,66,91,126,120,135,142,176,114,88,101,108,87,52,39,46,19,7
2026-02-21,108,돌고개              ,하차,9,16,25,56,76,81,105,91,108,122,109,158,167,129,77,86,75,61,42
2026-02-21,109,농성                ,승차,38,59,92,133,189,201,185,233,218,213,201,188,236,174,107,112,49,26,25
2026-02-21,109,농성                ,하차,17,24,55,115,130,139,189,191,191,168,187,224,233,182,116,106,101,57,53
2026-02-21,110,화정                ,승차,13,39,74,109,175,132,98,147,147,101,111,92,116,75,49,41,38,27,8
2026-02-21,110,화정                ,하차,11,12,29,53,63,76,90,111,82,93,120,122,100,153,69,72,61,37,47
2026-02-21,111,쌍촌                ,승차,36,62,125,147,196,246,185,158,146,118,163,134,139,110,80,53,49,26,37
2026-02-21,111,쌍촌                ,하차,7,21,25,49,57,55,96,96,102,99,123,132,173,133,116,102,100,59,86
2026-02-21,112,운천                ,승차,30,63,114,157,310,162,179,221,201,181,190,199,158,134,134,117,106,118,50
2026-02-21,112,운천                ,하차,12,27,47,118,105,104,153,159,149,114,180,191,326,317,253,220,188,124,86
2026-02-21,113,상무                ,승차,33,52,108,142,172,246,250,252,254,279,296,256,219,190,159,133,129,77,38
2026-02-21,113,상무                ,하차,25,38,57,203,204,213,256,242,211,210,233,264,337,267,205,153,120,106,71
2026-02-21,114,컨벤션센터          ,승차,9,12,30,38,54,72,300,122,115,122,112,99,91,102,41,156,54,13,6
2026-02-21,114,컨벤션센터          ,하차,4,18,20,68,166,269,99,110,114,100,86,118,193,55,43,29,27,21,14
2026-02-21,115,공항                ,승차,12,16,30,75,101,61,77,125,58,51,82,57,64,53,29,20,24,5,6
2026-02-21,115,공항                ,하차,7,11,29,44,42,48,54,55,76,75,82,49,102,69,38,29,31,24,24
2026-02-21,116,송정공원            ,승차,29,77,134,130,153,155,142,205,166,136,148,147,152,92,88,53,40,18,15
2026-02-21,116,송정공원            ,하차,17,35,54,80,70,87,104,100,141,123,168,195,245,153,110,133,102,81,43
2026-02-21,117,광주송정            ,승차,10,36,82,216,260,348,455,485,299,408,328,329,589,302,229,350,282,107,277
2026-02-21,117,광주송정            ,하차,44,84,252,179,227,491,316,298,299,311,347,394,407,425,359,323,190,144,47
2026-02-21,118,도산                ,승차,23,39,71,90,101,116,145,132,142,118,103,131,87,67,58,37,31,28,9
2026-02-21,118,도산                ,하차,3,17,43,42,34,52,66,74,62,79,99,142,130,99,80,71,77,66,31
2026-02-21,119,평동                ,승차,18,24,63,74,69,82,76,107,93,117,133,114,295,67,76,42,27,18,15
2026-02-21,119,평동                ,하차,12,92,321,113,87,43,61,53,88,96,80,98,88,57,80,62,61,33,22
2026-02-22,100,녹동                ,승차,0,0,2,10,11,12,5,7,20,22,7,4,6,1,1,0,1,0,0
2026-02-22,100,녹동                ,하차,0,0,4,4,5,6,3,3,7,11,4,9,20,2,3,2,3,0,0
2026-02-22,101,소태                ,승차,20,31,47,69,126,104,105,105,163,154,123,121,96,71,52,40,28,10,11
2026-02-22,101,소태                ,하차,1,32,43,53,45,65,54,52,81,78,135,107,185,161,105,99,80,52,42
2026-02-22,102,학동증심사          ,승차,19,24,34,53,84,72,81,128,112,122,102,90,88,51,37,28,11,13,12
2026-02-22,102,학동증심사          ,하차,2,17,28,60,78,77,47,54,83,80,102,109,111,87,67,72,45,23,29
2026-02-22,103,남광주              ,승차,18,58,50,119,127,156,91,152,160,169,189,161,152,128,95,81,45,25,19
2026-02-22,103,남광주              ,하차,5,45,39,87,106,123,88,118,140,153,151,181,213,215,100,129,93,71,60
2026-02-22,104,문화전당            ,승차,11,19,13,69,61,54,51,106,125,195,283,431,522,376,311,267,196,118,48
2026-02-22,104,문화전당            ,하차,6,25,33,70,108,163,219,256,364,375,328,205,227,147,107,73,54,31,37
2026-02-22,105,금남로4가           ,승차,11,26,33,33,73,97,84,132,211,239,343,470,754,380,322,238,162,85,52
2026-02-22,105,금남로4가           ,하차,10,19,20,71,133,161,296,328,484,579,481,267,213,130,95,75,52,28,65
2026-02-22,106,금남로5가           ,승차,9,19,24,30,53,56,53,73,81,112,126,140,148,217,82,70,26,18,10
2026-02-22,106,금남로5가           ,하차,8,8,31,45,85,97,86,130,149,109,74,63,74,61,42,43,30,26,23
2026-02-22,107,양동시장            ,승차,14,13,27,36,60,75,93,85,127,97,111,94,113,111,38,41,23,13,11
2026-02-22,107,양동시장            ,하차,11,15,33,41,66,87,82,82,97,91,117,119,96,83,43,35,26,35,29
2026-02-22,108,돌고개              ,승차,18,24,39,48,73,76,75,91,99,75,64,73,72,55,35,39,19,21,7
2026-02-22,108,돌고개              ,하차,10,15,20,32,51,48,37,46,66,73,88,101,131,91,68,63,44,42,26
2026-02-22,109,농성                ,승차,20,32,43,58,120,114,140,125,175,195,173,168,155,124,83,71,33,29,18
2026-02-22,109,농성                ,하차,7,20,35,62,87,108,90,129,137,124,147,166,236,180,86,87,67,31,50
2026-02-22,110,화정                ,승차,8,20,50,74,88,95,89,90,112,106,109,61,81,56,42,32,31,22,3
2026-02-22,110,화정                ,하차,6,9,19,30,33,40,48,48,74,93,78,73,101,81,75,83,68,35,34
2026-02-22,111,쌍촌                ,승차,15,34,46,56,133,492,90,102,106,136,95,87,84,54,54,48,26,20,5
2026-02-22,111,쌍촌                ,하차,6,13,18,27,45,44,42,72,70,102,95,84,163,118,87,98,82,50,50
2026-02-22,112,운천                ,승차,20,35,67,79,202,111,114,158,172,182,144,130,134,91,93,87,65,53,39
2026-02-22,112,운천                ,하차,6,13,33,43,82,78,79,64,108,123,130,151,217,167,122,160,111,96,46
2026-02-22,113,상무                ,승차,21,33,55,82,105,153,116,166,221,223,162,169,157,111,106,110,79,47,28
2026-02-22,113,상무                ,하차,9,18,26,54,108,126,115,127,129,173,225,197,261,202,143,155,102,61,56
2026-02-22,114,컨벤션센터          ,승차,8,5,11,28,34,38,48,75,79,102,108,101,54,62,114,73,25,5,9
2026-02-22,114,컨벤션센터          ,하차,3,9,16,32,55,57,87,83,114,70,89,121,68,44,39,29,24,16,8
2026-02-22,115,공항                ,승차,10,9,25,22,67,52,46,45,43,67,57,48,56,37,36,25,14,1,5
2026-02-22,115,공항                ,하차,3,9,17,26,23,29,38,24,32,44,76,43,92,50,47,36,18,11,22
2026-02-22,116,송정공원            ,승차,21,34,38,61,79,97,108,166,114,158,111,112,108,66,36,37,24,16,11
2026-02-22,116,송정공원            ,하차,11,23,32,51,58,59,47,42,83,106,119,240,160,120,111,110,77,49,45
2026-02-22,117,광주송정            ,승차,41,22,63,91,224,183,282,366,310,377,276,303,522,249,214,355,295,139,173
2026-02-22,117,광주송정            ,하차,30,39,176,123,215,372,237,238,216,253,264,317,470,400,357,365,163,93,27
2026-02-22,118,도산                ,승차,9,28,40,63,82,81,81,107,111,99,84,52,86,28,23,30,31,19,8
2026-02-22,118,도산                ,하차,4,10,17,28,24,51,43,48,48,44,83,72,105,96,58,80,72,47,16
2026-02-22,119,평동                ,승차,9,12,34,51,45,55,73,80,62,123,131,70,84,41,37,13,19,8,9
2026-02-22,119,평동                ,하차,11,22,50,43,50,26,31,67,60,68,85,99,111,62,57,39,45,22,15
2026-02-23,100,녹동                ,승차,2,7,21,25,19,10,27,9,11,18,8,6,21,33,3,3,0,1,0
2026-02-23,100,녹동                ,하차,0,3,12,25,2,4,10,5,5,16,7,20,19,13,11,3,0,2,2
2026-02-23,101,소태                ,승차,34,99,229,347,168,173,144,159,201,128,220,186,160,143,54,31,39,39,13
2026-02-23,101,소태                ,하차,1,43,97,170,83,83,111,109,137,123,170,191,190,272,147,110,128,68,51
2026-02-23,102,학동증심사          ,승차,31,52,118,223,178,147,151,144,175,149,145,112,130,113,41,32,30,26,15
2026-02-23,102,학동증심사          ,하차,3,37,71,133,104,114,128,110,139,145,135,166,164,209,100,60,48,35,32
2026-02-23,103,남광주              ,승차,38,143,258,379,261,265,301,235,240,301,316,322,445,308,117,88,85,58,21
2026-02-23,103,남광주              ,하차,7,153,281,660,346,263,219,272,306,309,250,252,271,371,154,133,102,81,44
2026-02-23,104,문화전당            ,승차,18,43,65,88,89,99,98,147,170,152,228,277,342,468,248,201,205,170,53
2026-02-23,104,문화전당            ,하차,4,35,93,512,274,165,212,256,300,254,194,202,243,273,110,91,63,27,47
2026-02-23,105,금남로4가           ,승차,20,68,165,224,144,169,190,241,258,300,382,424,467,498,259,221,195,114,24
2026-02-23,105,금남로4가           ,하차,28,45,159,594,347,313,320,377,411,345,293,263,298,270,167,77,66,44,24
2026-02-23,106,금남로5가           ,승차,19,66,105,167,106,112,115,137,126,121,165,242,194,457,89,74,42,23,14
2026-02-23,106,금남로5가           ,하차,24,22,95,446,167,138,137,149,166,122,110,97,139,311,78,42,45,24,23
2026-02-23,107,양동시장            ,승차,24,63,138,191,119,155,138,149,181,209,183,169,200,260,57,41,31,17,9
2026-02-23,107,양동시장            ,하차,13,25,101,318,159,163,154,159,199,181,197,173,147,168,55,53,45,28,26
2026-02-23,108,돌고개              ,승차,42,79,206,304,154,122,125,123,130,116,98,108,125,115,43,30,24,16,8
2026-02-23,108,돌고개              ,하차,9,22,59,150,83,85,111,126,127,128,134,187,209,252,104,93,68,52,28
2026-02-23,109,농성                ,승차,47,101,222,403,200,186,167,195,207,185,230,170,222,245,114,87,63,20,370
2026-02-23,109,농성                ,하차,15,47,108,248,173,147,161,156,157,179,220,230,255,372,153,113,78,56,46
2026-02-23,110,화정                ,승차,20,96,227,366,180,115,134,151,137,119,133,117,134,153,67,30,27,23,7
2026-02-23,110,화정                ,하차,11,17,91,182,88,82,88,117,95,111,101,160,190,240,117,103,52,67,33
2026-02-23,111,쌍촌                ,승차,74,136,306,485,221,161,127,198,337,315,127,185,169,152,70,57,49,29,29
2026-02-23,111,쌍촌                ,하차,8,23,55,150,86,82,83,121,117,120,134,186,280,376,178,112,114,101,42
2026-02-23,112,운천                ,승차,48,116,359,443,326,185,155,229,203,180,186,253,248,284,114,105,70,71,51
2026-02-23,112,운천                ,하차,12,38,121,376,151,128,128,153,155,151,167,217,338,469,263,181,148,92,68
2026-02-23,113,상무                ,승차,54,99,308,453,235,205,275,316,290,257,300,300,320,471,218,179,154,105,37
2026-02-23,113,상무                ,하차,38,61,146,701,386,228,221,218,272,263,279,329,424,556,209,127,109,98,48
2026-02-23,114,컨벤션센터          ,승차,8,24,91,151,83,90,44,55,98,93,69,70,119,136,31,42,29,8,30
2026-02-23,114,컨벤션센터          ,하차,8,17,77,207,85,70,71,59,83,52,69,71,129,110,59,38,27,11,23
2026-02-23,115,공항                ,승차,16,27,114,138,98,68,73,82,73,68,59,82,108,74,41,52,17,6,11
2026-02-23,115,공항                ,하차,8,40,46,82,48,58,68,59,89,82,97,94,108,112,36,21,19,32,27
2026-02-23,116,송정공원            ,승차,42,128,378,382,197,153,221,183,166,153,168,155,191,243,88,63,40,26,8
2026-02-23,116,송정공원            ,하차,24,74,147,263,169,139,108,172,154,172,180,203,306,317,182,136,113,74,30
2026-02-23,117,광주송정            ,승차,23,70,303,421,332,235,353,402,306,386,325,352,465,337,268,241,228,95,269
2026-02-23,117,광주송정            ,하차,76,92,447,391,308,434,327,345,300,281,308,367,306,401,239,189,108,121,39
2026-02-23,118,도산                ,승차,25,78,233,231,126,96,90,111,143,89,85,87,152,132,63,30,36,23,18
2026-02-23,118,도산                ,하차,6,22,58,97,43,72,84,73,71,85,96,104,177,210,86,77,85,47,25
2026-02-23,119,평동                ,승차,14,24,68,81,91,36,69,97,117,88,112,164,565,306,288,127,84,15,15
2026-02-23,119,평동                ,하차,39,237,803,333,83,52,79,60,72,59,64,86,84,77,89,57,30,27,18
2026-02-24,100,녹동                ,승차,1,5,23,30,20,7,7,8,9,12,3,10,14,22,3,1,1,1,0
2026-02-24,100,녹동                ,하차,0,4,10,29,1,9,7,8,3,4,5,13,12,12,6,4,1,2,2
2026-02-24,101,소태                ,승차,43,90,207,346,210,122,131,123,168,102,250,93,131,109,55,20,28,19,5
2026-02-24,101,소태                ,하차,4,50,73,142,79,94,90,83,119,108,131,178,167,274,119,96,85,61,33
2026-02-24,102,학동증심사          ,승차,47,51,138,200,165,148,158,116,148,113,103,98,104,83,33,47,17,22,10
2026-02-24,102,학동증심사          ,하차,7,31,63,161,123,97,97,122,106,120,123,150,156,190,71,63,50,48,23
2026-02-24,103,남광주              ,승차,34,147,273,354,257,301,235,220,250,230,295,325,438,271,102,79,74,61,71
2026-02-24,103,남광주              ,하차,7,142,270,665,362,241,214,232,251,219,225,211,242,343,142,111,108,94,41
2026-02-24,104,문화전당            ,승차,11,38,61,82,71,84,80,142,137,174,245,279,295,462,212,172,155,161,72
2026-02-24,104,문화전당            ,하차,6,31,91,541,239,168,172,174,244,203,163,166,210,236,123,57,40,36,46
2026-02-24,105,금남로4가           ,승차,26,65,164,218,136,126,151,229,256,227,310,315,384,446,208,195,152,127,28
2026-02-24,105,금남로4가           ,하차,30,48,157,571,330,291,348,270,319,216,214,219,214,249,103,71,58,29,27
2026-02-24,106,금남로5가           ,승차,21,60,95,171,82,110,150,68,115,135,138,198,191,289,83,90,35,24,7
2026-02-24,106,금남로5가           ,하차,26,23,103,457,210,130,104,151,127,92,89,87,114,137,62,44,52,13,12
2026-02-24,107,양동시장            ,승차,25,67,115,204,114,126,124,130,151,129,141,132,186,234,38,20,31,19,10
2026-02-24,107,양동시장            ,하차,15,40,95,271,157,130,157,145,150,107,142,137,138,149,58,49,45,28,22
2026-02-24,108,돌고개              ,승차,47,80,176,306,135,102,118,108,129,74,94,89,124,95,42,40,20,12,6
2026-02-24,108,돌고개              ,하차,7,22,43,151,95,68,114,90,102,134,134,164,177,229,92,82,72,53,31
2026-02-24,109,농성                ,승차,38,121,212,402,211,141,124,130,153,142,153,169,190,227,105,59,49,27,28
2026-02-24,109,농성                ,하차,8,41,104,267,147,131,147,143,158,159,167,154,217,327,108,70,96,61,49
2026-02-24,110,화정                ,승차,20,78,221,340,182,143,126,118,108,105,372,79,127,111,49,39,23,17,11
2026-02-24,110,화정                ,하차,11,19,81,171,86,92,96,75,89,70,89,129,201,222,81,76,75,77,27
2026-02-24,111,쌍촌                ,승차,64,125,312,482,215,321,165,178,123,117,96,140,128,110,62,30,41,24,10
2026-02-24,111,쌍촌                ,하차,12,24,54,142,134,91,80,119,92,88,129,160,245,368,160,98,103,73,39
2026-02-24,112,운천                ,승차,39,114,347,457,322,162,127,190,130,137,143,172,244,219,100,77,76,72,37
2026-02-24,112,운천                ,하차,19,42,85,391,179,92,119,109,108,130,119,171,312,436,205,162,144,103,46
2026-02-24,113,상무                ,승차,50,99,341,469,225,196,211,232,224,214,257,276,330,428,176,159,141,98,52
2026-02-24,113,상무                ,하차,39,70,126,658,362,226,207,183,246,210,245,308,379,499,206,118,95,116,66
2026-02-24,114,컨벤션센터          ,승차,11,28,79,117,85,58,59,73,89,76,74,61,117,131,30,41,29,17,7
2026-02-24,114,컨벤션센터          ,하차,8,20,68,232,97,66,59,59,68,53,62,48,118,86,54,36,31,18,14
2026-02-24,115,공항                ,승차,15,23,113,146,93,69,55,62,47,46,28,62,67,70,33,24,13,5,4
2026-02-24,115,공항                ,하차,6,38,59,74,72,36,34,46,53,47,54,83,92,112,33,16,11,17,14
2026-02-24,116,송정공원            ,승차,37,138,392,380,213,122,178,144,121,91,138,122,175,223,79,50,42,31,62
2026-02-24,116,송정공원            ,하차,17,66,139,262,123,92,103,150,138,149,167,199,252,328,162,134,84,61,41
2026-02-24,117,광주송정            ,승차,83,60,226,386,257,188,267,298,216,284,297,339,434,313,226,236,235,104,86
2026-02-24,117,광주송정            ,하차,49,98,350,385,271,316,269,249,247,231,260,278,319,365,231,169,91,99,35
2026-02-24,118,도산                ,승차,27,66,253,226,153,63,78,86,94,82,58,75,106,126,60,28,23,22,14
2026-02-24,118,도산                ,하차,12,21,69,97,53,43,82,67,69,73,97,111,167,214,72,73,48,73,19
2026-02-24,119,평동                ,승차,22,26,81,107,80,58,58,76,80,68,107,161,569,240,267,138,77,11,12
2026-02-24,119,평동                ,하차,28,262,849,310,78,55,69,65,60,57,60,62,66,96,62,38,23,20,22
2026-02-25,100,녹동                ,승차,1,6,20,34,23,16,14,11,16,11,6,7,20,33,2,2,0,2,0
2026-02-25,100,녹동                ,하차,0,8,9,26,3,10,10,8,8,13,8,12,14,8,11,5,1,4,1
2026-02-25,101,소태                ,승차,35,94,200,323,165,151,147,167,197,135,133,139,198,150,68,38,25,22,7
2026-02-25,101,소태                ,하차,2,57,86,166,76,93,96,127,137,115,135,220,365,245,121,123,122,97,30
2026-02-25,102,학동증심사          ,승차,32,55,123,210,172,172,153,186,190,137,125,127,130,113,65,47,22,19,21
2026-02-25,102,학동증심사          ,하차,3,43,70,140,146,127,128,105,148,155,180,167,156,179,90,65,61,53,38
2026-02-25,103,남광주              ,승차,48,146,260,344,264,313,305,313,240,313,341,383,447,281,134,86,102,83,40
2026-02-25,103,남광주              ,하차,13,135,261,640,420,329,297,249,306,256,278,256,293,349,146,138,117,129,55
2026-02-25,104,문화전당            ,승차,16,29,63,78,62,80,103,167,222,251,318,309,366,504,263,182,274,215,71
2026-02-25,104,문화전당            ,하차,6,42,93,557,273,264,226,292,284,293,201,223,243,336,155,87,59,27,30
2026-02-25,105,금남로4가           ,승차,18,70,154,230,141,156,197,251,257,302,392,421,467,540,264,237,228,151,34
2026-02-25,105,금남로4가           ,하차,27,43,152,581,354,324,375,368,419,344,270,301,334,285,164,88,67,38,36
2026-02-25,106,금남로5가           ,승차,24,69,99,168,323,113,98,89,140,168,197,264,234,310,100,95,41,35,19
2026-02-25,106,금남로5가           ,하차,18,21,79,419,432,153,139,174,221,147,128,97,152,144,78,36,55,27,30
2026-02-25,107,양동시장            ,승차,21,58,144,199,115,150,140,149,184,178,257,230,204,275,79,45,31,16,12
2026-02-25,107,양동시장            ,하차,14,30,88,282,144,163,157,183,197,186,227,192,174,174,75,62,55,30,25
2026-02-25,108,돌고개              ,승차,40,85,178,306,112,112,120,141,146,127,118,125,137,122,76,40,40,21,9
2026-02-25,108,돌고개              ,하차,14,26,50,138,89,66,102,126,117,140,122,213,194,252,125,80,99,72,42
2026-02-25,109,농성                ,승차,40,102,237,391,201,206,161,211,202,198,187,204,213,294,110,79,82,38,21
2026-02-25,109,농성                ,하차,11,47,107,283,132,142,151,164,177,188,216,220,256,386,150,119,110,74,46
2026-02-25,110,화정                ,승차,31,73,203,539,188,139,136,172,154,144,96,137,126,159,67,47,26,19,6
2026-02-25,110,화정                ,하차,14,23,66,167,87,95,102,96,98,99,124,156,208,247,107,91,80,63,39
2026-02-25,111,쌍촌                ,승차,64,129,288,475,239,171,152,182,154,129,126,177,148,148,66,54,45,28,12
2026-02-25,111,쌍촌                ,하차,3,19,54,131,64,73,99,91,108,120,136,175,289,407,187,136,100,95,56
2026-02-25,112,운천                ,승차,34,115,326,470,244,179,281,224,204,210,221,250,264,265,112,106,108,74,48
2026-02-25,112,운천                ,하차,19,39,108,401,123,110,139,187,161,173,152,220,423,532,257,188,165,108,87
2026-02-25,113,상무                ,승차,43,96,330,446,218,244,266,286,300,260,306,305,400,460,215,182,184,117,37
2026-02-25,113,상무                ,하차,39,59,144,674,302,201,211,249,279,231,319,358,429,628,263,155,132,125,63
2026-02-25,114,컨벤션센터          ,승차,10,28,79,127,81,56,65,57,79,91,79,86,136,136,44,42,42,9,6
2026-02-25,114,컨벤션센터          ,하차,6,21,59,195,119,66,94,62,70,60,64,76,137,121,53,41,30,20,14
2026-02-25,115,공항                ,승차,16,38,119,169,89,110,100,71,69,57,57,79,86,81,43,48,26,7,8
2026-02-25,115,공항                ,하차,8,34,52,83,46,58,69,61,64,69,93,95,117,128,58,31,31,21,16
2026-02-25,116,송정공원            ,승차,41,131,394,349,214,147,199,190,168,115,177,128,191,287,91,60,38,21,28
2026-02-25,116,송정공원            ,하차,23,60,138,249,134,105,103,133,165,164,196,220,310,330,214,137,126,72,41
2026-02-25,117,광주송정            ,승차,21,57,218,392,290,254,334,368,296,354,489,382,480,396,271,302,244,111,154
2026-02-25,117,광주송정            ,하차,62,79,372,380,255,381,307,269,328,299,338,315,359,395,239,235,134,119,32
2026-02-25,118,도산                ,승차,22,73,244,232,128,98,89,123,125,86,73,106,115,145,79,39,32,27,15
2026-02-25,118,도산                ,하차,8,21,51,90,39,63,73,60,83,91,103,130,200,181,132,95,63,69,30
2026-02-25,119,평동                ,승차,29,27,91,97,78,60,71,92,88,80,116,147,611,292,271,109,70,16,13
2026-02-25,119,평동                ,하차,42,257,850,309,75,73,60,70,62,59,63,70,72,103,69,42,41,24,13
2026-02-26,100,녹동                ,승차,1,6,22,34,16,12,13,6,14,20,6,4,27,19,3,3,3,2,0
2026-02-26,100,녹동                ,하차,0,7,11,27,12,9,9,7,8,6,19,9,20,17,3,5,1,6,1
2026-02-26,101,소태                ,승차,45,84,215,316,214,137,165,154,152,124,104,130,289,150,64,39,39,21,14
2026-02-26,101,소태                ,하차,0,45,91,155,73,112,115,104,126,132,141,187,254,233,136,119,116,92,42
2026-02-26,102,학동증심사          ,승차,28,45,134,218,155,183,164,158,186,151,162,145,144,135,39,35,23,12,10
2026-02-26,102,학동증심사          ,하차,2,35,64,175,115,124,91,135,127,161,148,162,187,202,97,70,53,50,32
2026-02-26,103,남광주              ,승차,36,162,252,383,261,288,281,242,257,266,297,351,431,283,151,96,110,53,34
2026-02-26,103,남광주              ,하차,11,140,256,633,295,228,229,239,268,273,227,236,264,369,161,114,117,89,46
2026-02-26,104,문화전당            ,승차,13,32,48,71,82,78,124,179,163,191,220,358,397,507,252,198,201,239,78
2026-02-26,104,문화전당            ,하차,7,34,103,513,317,189,245,244,281,221,213,204,245,297,143,90,64,37,52
2026-02-26,105,금남로4가           ,승차,21,82,127,223,148,185,198,259,296,333,370,372,480,558,276,202,152,136,36
2026-02-26,105,금남로4가           ,하차,30,42,126,585,367,305,370,395,373,318,309,263,294,291,142,88,78,40,40
2026-02-26,106,금남로5가           ,승차,20,56,102,166,110,225,272,110,144,188,173,246,226,385,87,85,47,30,13
2026-02-26,106,금남로5가           ,하차,24,28,89,413,377,241,159,180,166,131,111,112,147,156,68,67,53,26,26
2026-02-26,107,양동시장            ,승차,26,64,134,194,124,170,184,180,213,190,202,210,207,245,71,46,30,18,15
2026-02-26,107,양동시장            ,하차,15,40,99,300,177,191,193,185,198,208,176,178,178,165,70,69,50,35,24
2026-02-26,108,돌고개              ,승차,48,84,162,334,167,139,142,120,123,111,110,106,143,121,42,34,26,26,7
2026-02-26,108,돌고개              ,하차,16,22,46,166,92,95,111,120,130,119,140,195,206,257,126,81,96,50,31
2026-02-26,109,농성                ,승차,47,102,224,388,214,174,205,190,214,208,185,207,219,255,125,93,58,29,21
2026-02-26,109,농성                ,하차,8,45,123,275,172,156,175,175,182,187,220,217,237,365,125,109,101,64,34
2026-02-26,110,화정                ,승차,26,79,235,354,153,329,128,157,111,155,175,131,156,133,76,51,31,34,12
2026-02-26,110,화정                ,하차,12,21,72,174,95,91,116,103,93,95,120,144,255,257,112,61,96,63,35
2026-02-26,111,쌍촌                ,승차,68,143,291,484,277,185,153,200,170,135,110,128,156,157,64,45,55,41,11
2026-02-26,111,쌍촌                ,하차,10,23,43,135,82,76,88,101,100,149,144,170,296,376,190,108,145,86,52
2026-02-26,112,운천                ,승차,35,103,342,474,352,183,142,217,175,140,195,242,254,254,111,120,108,87,43
2026-02-26,112,운천                ,하차,17,32,100,413,166,114,155,151,153,160,156,214,345,509,235,193,141,119,67
2026-02-26,113,상무                ,승차,51,106,325,504,307,315,251,269,255,286,300,307,370,470,221,188,185,101,38
2026-02-26,113,상무                ,하차,34,63,137,646,333,266,294,256,284,287,299,378,476,574,213,166,117,116,55
2026-02-26,114,컨벤션센터          ,승차,12,23,79,121,91,62,66,91,91,100,81,106,135,122,55,60,33,17,9
2026-02-26,114,컨벤션센터          ,하차,7,16,65,235,90,71,72,69,117,63,73,78,112,128,62,38,26,21,19
2026-02-26,115,공항                ,승차,14,27,113,168,90,83,79,97,78,85,44,100,99,83,62,33,25,5,28
2026-02-26,115,공항                ,하차,8,36,51,65,63,48,69,52,74,74,83,87,118,123,75,30,14,27,20
2026-02-26,116,송정공원            ,승차,45,150,339,375,195,123,196,156,134,149,172,179,218,231,95,63,40,35,12
2026-02-26,116,송정공원            ,하차,25,68,146,230,107,88,122,147,156,143,173,192,340,339,195,123,84,81,50
2026-02-26,117,광주송정            ,승차,24,57,217,388,302,232,505,327,280,298,239,346,540,362,273,276,221,100,117
2026-02-26,117,광주송정            ,하차,59,90,364,370,261,421,298,307,304,267,286,365,387,500,272,213,116,91,48
2026-02-26,118,도산                ,승차,31,80,220,195,147,89,74,108,117,95,69,84,169,135,60,42,33,35,12
2026-02-26,118,도산                ,하차,8,28,55,84,43,79,76,74,78,88,89,96,170,193,104,91,81,100,31
2026-02-26,119,평동                ,승차,27,23,74,110,87,59,86,99,88,97,132,125,581,287,258,130,80,16,11
2026-02-26,119,평동                ,하차,36,266,827,315,96,56,75,61,70,71,61,69,84,82,75,51,36,27,21
2026-02-27,100,녹동                ,승차,1,4,23,36,7,11,43,8,13,14,6,3,20,33,5,3,4,3,0
2026-02-27,100,녹동                ,하차,0,6,9,21,4,3,10,8,10,4,11,13,19,17,6,2,2,5,0
2026-02-27,101,소태                ,승차,34,77,180,301,202,154,153,161,189,137,184,139,184,174,87,32,34,29,5
2026-02-27,101,소태                ,하차,3,42,66,137,90,101,110,124,151,149,183,152,237,274,149,99,123,76,67
2026-02-27,102,학동증심사          ,승차,34,40,101,198,178,245,171,153,175,161,118,106,151,136,43,38,34,19,19
2026-02-27,102,학동증심사          ,하차,5,34,57,164,111,100,152,123,127,125,171,156,218,214,75,72,51,58,45
2026-02-27,103,남광주              ,승차,28,118,234,343,274,269,237,319,242,289,325,309,479,309,147,100,112,70,39
2026-02-27,103,남광주              ,하차,9,138,235,583,315,211,258,184,282,297,252,236,295,406,146,152,124,107,77
2026-02-27,104,문화전당            ,승차,19,38,60,79,60,82,97,177,210,232,270,272,398,533,233,218,235,214,60
2026-02-27,104,문화전당            ,하차,5,37,91,529,255,187,218,248,299,305,234,209,299,366,204,84,45,46,54
2026-02-27,105,금남로4가           ,승차,19,73,161,216,121,208,262,265,294,334,421,433,528,556,277,219,233,138,53
2026-02-27,105,금남로4가           ,하차,35,47,112,553,380,347,439,365,434,343,312,270,339,311,140,95,84,75,50
2026-02-27,106,금남로5가           ,승차,26,62,104,137,181,102,104,99,155,156,184,203,244,320,85,98,39,36,20
2026-02-27,106,금남로5가           ,하차,24,21,67,361,292,167,165,165,172,147,120,96,157,174,78,65,60,35,46
2026-02-27,107,양동시장            ,승차,23,63,124,205,118,156,172,153,180,219,264,210,257,267,72,39,42,18,12
2026-02-27,107,양동시장            ,하차,17,35,93,284,151,178,189,169,248,233,201,170,190,205,70,76,46,35,32
2026-02-27,108,돌고개              ,승차,43,86,154,303,145,136,132,132,158,124,104,123,161,150,67,53,47,32,19
2026-02-27,108,돌고개              ,하차,16,25,44,160,108,84,107,126,130,146,135,199,205,273,116,96,111,96,42
2026-02-27,109,농성                ,승차,36,100,206,388,217,198,171,180,244,271,293,234,280,309,154,119,102,49,22
2026-02-27,109,농성                ,하차,9,40,113,248,173,130,213,193,275,266,236,206,321,409,134,112,120,94,62
2026-02-27,110,화정                ,승차,27,76,191,533,179,158,148,138,142,169,136,142,163,149,83,46,31,42,14
2026-02-27,110,화정                ,하차,11,17,69,161,94,98,91,97,112,121,145,155,214,274,144,85,102,63,38
2026-02-27,111,쌍촌                ,승차,62,122,280,490,193,174,151,197,180,125,156,143,221,134,85,67,175,28,16
2026-02-27,111,쌍촌                ,하차,5,15,41,118,83,74,101,102,120,134,179,148,302,359,196,106,125,106,42
2026-02-27,112,운천                ,승차,43,106,322,448,235,295,182,256,204,194,207,194,291,262,142,112,115,110,86
2026-02-27,112,운천                ,하차,16,42,91,397,150,128,114,141,146,155,205,250,335,560,320,210,183,146,103
2026-02-27,113,상무                ,승차,47,82,289,398,218,290,251,284,330,308,316,331,447,529,229,189,167,154,44
2026-02-27,113,상무                ,하차,35,55,138,620,337,213,249,246,254,338,353,378,463,688,248,153,158,143,88
2026-02-27,114,컨벤션센터          ,승차,8,30,72,145,83,63,68,60,94,88,136,108,159,139,53,40,32,20,10
2026-02-27,114,컨벤션센터          ,하차,5,24,74,206,96,84,65,92,114,66,81,66,113,116,47,38,38,20,18
2026-02-27,115,공항                ,승차,16,34,109,158,108,85,66,92,59,65,77,96,101,98,72,36,32,8,9
2026-02-27,115,공항                ,하차,7,38,40,73,36,48,60,56,67,62,76,93,112,129,35,29,19,26,17
2026-02-27,116,송정공원            ,승차,47,130,341,411,186,151,183,168,213,128,176,160,245,250,87,50,68,35,12
2026-02-27,116,송정공원            ,하차,18,73,132,260,134,90,99,175,129,154,215,186,324,313,182,128,141,80,38
2026-02-27,117,광주송정            ,승차,25,51,199,326,296,232,375,356,334,404,329,451,726,465,335,348,355,151,206
2026-02-27,117,광주송정            ,하차,46,81,293,341,282,505,308,276,361,326,339,423,506,773,445,285,183,136,53
2026-02-27,118,도산                ,승차,28,72,194,220,132,115,88,115,150,131,82,127,140,142,70,28,68,28,14
2026-02-27,118,도산                ,하차,7,19,55,97,39,65,87,81,69,94,101,147,161,209,113,70,84,93,39
2026-02-27,119,평동                ,승차,19,27,77,116,66,42,85,93,104,95,142,151,609,290,248,117,48,17,11
2026-02-27,119,평동                ,하차,35,255,829,307,74,51,92,55,87,68,68,109,92,96,77,32,45,30,9
2026-02-28,100,녹동                ,승차,0,0,11,18,11,16,6,15,23,10,11,16,10,7,2,1,0,0,0
2026-02-28,100,녹동                ,하차,0,0,14,7,1,8,8,2,5,13,9,10,20,6,7,8,2,3,0
2026-02-28,101,소태                ,승차,29,58,96,132,160,184,152,179,170,135,130,143,133,135,58,46,51,23,8
2026-02-28,101,소태                ,하차,0,34,47,102,89,95,94,87,111,110,154,170,143,185,102,119,109,84,42
2026-02-28,102,학동증심사          ,승차,29,38,67,101,129,181,178,164,150,127,119,100,129,80,37,28,24,8,28
2026-02-28,102,학동증심사          ,하차,2,40,58,132,158,115,107,104,125,92,121,113,148,121,72,75,64,29,59
2026-02-28,103,남광주              ,승차,23,102,162,249,222,225,219,198,237,203,204,210,226,160,112,88,60,56,34
2026-02-28,103,남광주              ,하차,5,105,142,193,187,180,163,159,201,250,168,202,229,202,119,118,120,79,74
2026-02-28,104,문화전당            ,승차,16,19,50,50,73,73,90,136,189,184,306,375,439,410,317,333,266,274,127
2026-02-28,104,문화전당            ,하차,4,26,51,129,170,237,289,376,414,354,365,288,328,318,185,107,104,36,66
2026-02-28,105,금남로4가           ,승차,20,44,56,83,99,212,164,185,218,310,376,477,507,445,354,261,224,151,46
2026-02-28,105,금남로4가           ,하차,16,20,49,169,292,311,431,459,536,420,423,331,320,237,136,81,82,53,55
2026-02-28,106,금남로5가           ,승차,15,39,36,53,231,96,89,104,85,113,121,191,139,132,74,97,35,17,8
2026-02-28,106,금남로5가           ,하차,14,11,20,63,271,95,134,180,112,130,109,99,104,104,45,50,43,39,29
2026-02-28,107,양동시장            ,승차,18,40,57,80,117,181,158,194,177,181,211,220,167,128,67,37,43,24,16
2026-02-28,107,양동시장            ,하차,15,29,64,112,148,182,168,153,216,196,201,196,160,110,55,65,57,34,26
2026-02-28,108,돌고개              ,승차,35,42,70,94,121,131,122,140,121,99,105,98,116,76,55,45,28,20,10
2026-02-28,108,돌고개              ,하차,13,22,25,58,59,79,81,89,104,131,125,119,152,132,72,85,88,59,55
2026-02-28,109,농성                ,승차,47,57,73,131,185,214,193,269,226,243,254,228,247,158,126,109,75,44,35
2026-02-28,109,농성                ,하차,14,43,72,113,173,165,230,182,231,208,200,219,239,195,111,128,98,64,44
2026-02-28,110,화정                ,승차,15,48,75,318,157,168,132,154,146,99,108,120,132,110,66,52,28,27,12
2026-02-28,110,화정                ,하차,10,10,38,67,85,89,112,72,101,93,108,115,119,133,88,84,98,65,46
2026-02-28,111,쌍촌                ,승차,45,71,115,154,153,171,150,183,155,159,115,123,143,106,76,52,31,24,17
2026-02-28,111,쌍촌                ,하차,9,18,34,67,66,75,77,92,121,108,108,157,173,151,114,123,96,90,72
2026-02-28,112,운천                ,승차,34,50,124,186,196,291,166,231,209,211,158,207,186,189,111,97,99,129,73
2026-02-28,112,운천                ,하차,12,31,54,130,135,118,119,156,130,140,162,209,357,313,282,266,157,131,110
2026-02-28,113,상무                ,승차,35,50,130,153,205,271,226,257,281,298,287,318,289,189,142,152,111,86,58
2026-02-28,113,상무                ,하차,24,48,51,207,235,206,240,220,232,265,271,295,390,293,226,173,132,101,114
2026-02-28,114,컨벤션센터          ,승차,11,15,28,35,48,64,93,102,187,174,244,166,123,120,49,291,67,13,4
2026-02-28,114,컨벤션센터          ,하차,9,22,28,70,107,133,175,222,213,159,119,154,276,68,47,35,34,21,13
2026-02-28,115,공항                ,승차,14,16,37,49,52,80,77,161,58,84,51,67,72,66,28,23,12,8,9
2026-02-28,115,공항                ,하차,7,11,23,29,27,42,66,48,42,75,77,62,96,59,34,24,28,31,26
2026-02-28,116,송정공원            ,승차,34,77,121,157,166,163,198,199,208,159,173,195,168,110,82,58,27,28,17
2026-02-28,116,송정공원            ,하차,18,40,62,96,111,135,111,132,137,161,156,195,230,150,113,163,106,78,38
2026-02-28,117,광주송정            ,승차,14,46,184,234,503,407,751,508,402,495,395,497,600,340,248,349,284,127,158
2026-02-28,117,광주송정            ,하차,55,80,273,195,328,622,445,366,417,352,360,433,445,475,331,315,188,119,45
2026-02-28,118,도산                ,승차,27,40,73,108,104,86,130,131,160,75,101,115,89,80,67,54,50,13,9
2026-02-28,118,도산                ,하차,10,8,36,46,43,54,84,84,86,63,103,86,174,138,76,85,89,60,27
2026-02-28,119,평동                ,승차,22,15,69,67,53,81,85,145,116,100,125,124,296,101,71,47,30,25,9
2026-02-28,119,평동                ,하차,20,84,274,116,61,61,83,61,73,69,93,85,85,82,84,91,57,21,29
2026-03-01,100,녹동                ,승차,0,0,3,12,8,10,4,12,8,4,3,7,11,8,1,0,0,0,0
2026-03-01,100,녹동                ,하차,0,0,2,5,5,6,6,3,3,6,4,5,3,5,3,1,2,0,0
2026-03-01,101,소태                ,승차,20,35,48,60,109,140,103,125,153,103,127,121,93,96,50,35,18,16,12
2026-03-01,101,소태                ,하차,1,32,46,41,61,58,71,57,93,77,89,102,110,111,88,98,77,73,42
2026-03-01,102,학동증심사          ,승차,19,19,42,47,80,76,103,89,129,128,150,93,97,72,43,36,15,21,12
2026-03-01,102,학동증심사          ,하차,2,27,30,67,96,117,97,54,90,88,91,106,125,93,61,55,59,32,38
2026-03-01,103,남광주              ,승차,27,35,68,90,131,134,94,122,162,167,134,172,158,118,98,63,50,43,41
2026-03-01,103,남광주              ,하차,5,49,70,107,88,121,108,112,142,166,144,152,164,144,87,131,97,98,63
2026-03-01,104,문화전당            ,승차,12,16,18,87,48,67,50,82,124,199,277,332,343,322,270,280,268,189,39
2026-03-01,104,문화전당            ,하차,5,39,39,54,111,169,240,244,385,344,301,245,282,219,168,135,56,57,39
2026-03-01,105,금남로4가           ,승차,13,35,25,42,71,81,88,110,175,243,282,429,464,317,317,216,228,109,22
2026-03-01,105,금남로4가           ,하차,12,17,35,69,129,154,284,350,418,419,340,251,204,190,92,87,80,33,44
2026-03-01,106,금남로5가           ,승차,13,19,30,26,58,64,170,65,72,94,115,164,157,94,67,67,25,19,4
2026-03-01,106,금남로5가           ,하차,7,9,33,33,88,141,243,135,192,97,98,60,58,45,30,38,38,24,14
2026-03-01,107,양동시장            ,승차,11,20,42,41,75,81,75,67,103,122,99,77,88,78,44,38,30,22,15
2026-03-01,107,양동시장            ,하차,10,30,25,39,57,67,74,69,86,130,98,109,94,84,40,33,28,37,38
2026-03-01,108,돌고개              ,승차,19,36,41,52,92,87,79,98,100,90,66,68,89,51,37,38,26,26,11
2026-03-01,108,돌고개              ,하차,10,18,15,27,31,39,38,56,80,76,83,124,133,75,76,70,77,46,44
2026-03-01,109,농성                ,승차,23,30,49,72,123,139,108,178,160,199,177,183,137,137,98,80,55,25,23
2026-03-01,109,농성                ,하차,14,20,40,54,101,111,117,99,120,155,156,187,177,141,84,90,73,49,37
2026-03-01,110,화정                ,승차,6,24,57,72,93,100,62,102,97,91,101,117,86,78,38,38,31,24,9
2026-03-01,110,화정                ,하차,6,13,24,28,45,47,53,48,57,61,75,94,97,96,80,55,70,44,42
2026-03-01,111,쌍촌                ,승차,18,45,55,69,136,95,115,117,129,116,90,96,101,103,89,44,27,19,11
2026-03-01,111,쌍촌                ,하차,9,22,24,24,47,41,51,45,83,100,109,107,102,137,74,83,89,72,57
2026-03-01,112,운천                ,승차,18,47,60,86,205,132,96,156,166,129,130,147,138,101,106,85,101,82,35
2026-03-01,112,운천                ,하차,11,18,28,53,85,77,85,88,98,129,106,194,241,254,159,181,167,129,85
2026-03-01,113,상무                ,승차,30,40,63,78,106,136,167,210,209,168,211,174,194,154,135,134,92,53,31
2026-03-01,113,상무                ,하차,9,19,33,90,124,142,125,113,154,182,200,197,274,224,148,133,116,66,50
2026-03-01,114,컨벤션센터          ,승차,8,10,8,19,35,35,35,45,63,57,72,53,61,34,23,35,27,11,11
2026-03-01,114,컨벤션센터          ,하차,4,19,12,43,49,49,50,55,53,35,36,64,78,28,25,29,34,16,21
2026-03-01,115,공항                ,승차,10,20,20,24,78,43,42,66,52,46,36,55,61,51,15,45,17,6,6
2026-03-01,115,공항                ,하차,4,12,17,37,28,34,35,29,52,54,55,66,81,71,24,22,15,8,20
2026-03-01,116,송정공원            ,승차,26,30,35,84,89,101,146,127,140,166,117,102,100,67,60,36,39,19,10
2026-03-01,116,송정공원            ,하차,12,28,22,57,49,79,67,70,82,94,115,140,164,117,92,81,86,86,23
2026-03-01,117,광주송정            ,승차,7,33,63,129,279,269,403,382,270,412,255,390,708,317,229,310,321,118,168
2026-03-01,117,광주송정            ,하차,30,54,215,125,273,416,285,230,262,286,280,356,403,412,374,307,174,111,30
2026-03-01,118,도산                ,승차,5,29,54,59,73,77,77,101,128,77,70,70,84,33,56,33,30,14,16
2026-03-01,118,도산                ,하차,2,8,18,21,31,47,52,51,41,60,82,67,93,87,58,63,63,45,29
2026-03-01,119,평동                ,승차,19,26,48,38,48,70,64,84,93,85,103,56,86,38,35,21,19,18,3
2026-03-01,119,평동                ,하차,10,16,38,57,40,43,49,49,66,71,64,88,84,66,94,52,44,18,10
2026-03-02,100,녹동                ,승차,0,2,3,15,7,6,9,8,6,11,6,7,4,0,0,0,0,0,0
2026-03-02,100,녹동                ,하차,0,1,1,2,1,3,9,4,4,7,7,6,8,4,1,2,0,0,0
2026-03-02,101,소태                ,승차,18,37,65,104,103,105,101,114,113,126,92,86,74,77,42,40,24,13,3
2026-03-02,101,소태                ,하차,1,25,45,41,48,57,73,72,97,111,82,109,135,131,75,75,73,41,23
2026-03-02,102,학동증심사          ,승차,22,20,42,68,82,111,94,95,104,113,89,65,62,46,33,16,10,10,6
2026-03-02,102,학동증심사          ,하차,1,11,23,61,64,67,77,61,90,89,100,101,84,103,56,44,34,21,15
2026-03-02,103,남광주              ,승차,23,68,82,106,121,123,131,141,174,137,146,146,124,136,86,32,57,17,25
2026-03-02,103,남광주              ,하차,6,56,68,73,96,106,115,121,130,169,173,181,173,163,110,81,105,57,60
2026-03-02,104,문화전당            ,승차,10,22,17,38,43,55,55,84,144,172,205,216,250,210,168,147,143,108,52
2026-03-02,104,문화전당            ,하차,4,18,26,86,96,116,199,208,235,227,189,176,160,125,60,54,52,31,58
2026-03-02,105,금남로4가           ,승차,12,32,34,44,65,135,117,121,173,278,297,297,306,291,240,179,126,62,38
2026-03-02,105,금남로4가           ,하차,16,23,30,85,203,201,290,336,378,285,228,198,172,120,86,57,55,30,61
2026-03-02,106,금남로5가           ,승차,15,29,28,26,189,41,55,62,64,63,128,108,92,89,61,61,15,18,6
2026-03-02,106,금남로5가           ,하차,7,9,26,35,250,76,92,141,96,66,62,62,60,68,28,31,42,25,17
2026-03-02,107,양동시장            ,승차,15,34,48,57,88,131,126,148,129,161,131,122,97,81,37,23,18,5,14
2026-03-02,107,양동시장            ,하차,14,25,54,71,109,137,131,112,135,154,144,97,99,79,38,44,32,32,20
2026-03-02,108,돌고개              ,승차,23,40,55,72,72,82,66,68,86,84,78,60,62,43,38,26,17,11,3
2026-03-02,108,돌고개              ,하차,5,12,20,31,38,31,55,58,65,87,96,106,105,91,53,61,46,35,29
2026-03-02,109,농성                ,승차,29,55,54,80,99,96,103,112,104,126,129,89,126,107,68,87,32,15,13
2026-03-02,109,농성                ,하차,12,32,35,64,85,67,95,84,92,118,112,129,117,122,74,73,56,41,58
2026-03-02,110,화정                ,승차,8,38,64,60,82,73,85,112,71,65,76,85,82,57,66,30,25,14,14
2026-03-02,110,화정                ,하차,4,6,22,30,37,38,38,34,48,58,86,100,103,92,65,64,50,32,38
2026-03-02,111,쌍촌                ,승차,25,64,96,98,102,104,120,94,105,94,87,88,77,71,54,34,19,10,14
2026-03-02,111,쌍촌                ,하차,7,17,17,39,39,38,50,39,51,82,87,102,140,103,74,77,66,61,43
2026-03-02,112,운천                ,승차,27,55,92,82,102,194,94,106,127,135,130,126,101,103,92,70,65,42,23
2026-03-02,112,운천                ,하차,6,19,28,61,67,84,73,83,110,110,109,150,170,164,103,120,111,65,55
2026-03-02,113,상무                ,승차,24,49,77,82,98,104,122,157,165,136,164,150,153,133,118,101,56,39,21
2026-03-02,113,상무                ,하차,16,32,40,91,113,106,127,103,132,144,188,201,188,172,97,114,77,72,66
2026-03-02,114,컨벤션센터          ,승차,6,12,23,23,31,37,30,50,53,39,42,44,49,27,23,30,19,7,4
2026-03-02,114,컨벤션센터          ,하차,4,11,14,31,30,40,51,23,40,52,31,30,56,42,27,26,20,13,21
2026-03-02,115,공항                ,승차,12,12,21,35,47,32,46,40,34,47,43,47,36,27,6,10,27,4,3
2026-03-02,115,공항                ,하차,6,13,20,36,24,25,47,26,52,51,47,55,44,40,24,22,14,21,16
2026-03-02,116,송정공원            ,승차,21,63,110,76,70,97,153,124,119,87,100,99,92,47,40,34,20,14,10
2026-03-02,116,송정공원            ,하차,19,30,34,80,69,46,58,67,105,84,109,129,157,134,102,97,78,42,27
2026-03-02,117,광주송정            ,승차,16,20,87,98,173,214,270,288,222,490,255,273,518,323,174,367,289,140,238
2026-03-02,117,광주송정            ,하차,22,46,161,121,169,279,192,203,221,248,238,262,289,331,297,301,84,72,19
2026-03-02,118,도산                ,승차,19,37,71,35,68,74,91,107,76,82,66,60,59,41,41,27,16,13,13
2026-03-02,118,도산                ,하차,4,13,35,27,27,27,49,33,57,60,90,85,109,82,57,63,51,32,13
2026-03-02,119,평동                ,승차,11,12,29,24,37,37,43,47,66,49,93,87,305,86,75,44,37,12,3
2026-03-02,119,평동                ,하차,22,118,365,94,40,20,53,54,36,41,52,55,46,48,57,38,34,15,18
2026-03-03,100,녹동                ,승차,1,7,20,27,6,8,22,9,21,14,8,8,21,26,5,4,0,0,2
2026-03-03,100,녹동                ,하차,0,5,12,16,4,3,28,8,5,12,16,23,12,14,7,1,5,5,5
2026-03-03,101,소태                ,승차,45,88,237,372,186,197,130,132,147,95,110,149,153,171,55,35,29,66,27
2026-03-03,101,소태                ,하차,2,39,94,205,73,87,94,108,127,121,165,185,240,236,123,103,101,92,113
2026-03-03,102,학동증심사          ,승차,29,50,143,221,151,166,138,158,181,168,148,145,327,133,58,31,30,33,16
2026-03-03,102,학동증심사          ,하차,8,41,146,230,149,128,96,127,158,163,169,174,148,211,79,100,52,42,22
2026-03-03,103,남광주              ,승차,37,129,263,357,266,275,299,295,346,395,552,558,621,302,194,123,99,76,48
2026-03-03,103,남광주              ,하차,7,176,316,"1,031",757,359,283,336,368,301,269,248,296,371,175,121,98,68,53
2026-03-03,104,문화전당            ,승차,17,36,73,90,64,77,94,131,137,200,196,239,279,494,218,172,193,149,37
2026-03-03,104,문화전당            ,하차,11,41,123,572,213,128,141,138,212,183,140,151,257,262,133,56,57,21,30
2026-03-03,105,금남로4가           ,승차,23,86,167,220,146,162,214,234,251,282,330,373,425,494,224,170,173,109,26
2026-03-03,105,금남로4가           ,하차,29,48,220,636,404,323,266,266,310,245,215,207,280,259,159,96,60,44,33
2026-03-03,106,금남로5가           ,승차,19,59,110,269,106,118,84,94,126,154,163,216,195,332,80,90,158,34,13
2026-03-03,106,금남로5가           ,하차,23,28,126,512,234,141,111,159,157,117,102,100,122,166,60,41,48,29,20
2026-03-03,107,양동시장            ,승차,25,72,167,223,127,156,123,161,198,182,189,192,207,285,62,31,24,19,14
2026-03-03,107,양동시장            ,하차,14,37,113,306,172,170,173,171,204,185,202,180,178,188,70,52,44,40,26
2026-03-03,108,돌고개              ,승차,35,97,231,330,155,120,124,130,141,96,127,100,124,117,50,39,32,16,12
2026-03-03,108,돌고개              ,하차,10,17,55,146,90,102,119,119,137,144,139,201,247,265,115,83,95,68,36
2026-03-03,109,농성                ,승차,44,108,257,439,219,175,144,180,216,199,194,226,209,252,115,88,54,30,10
2026-03-03,109,농성                ,하차,20,48,127,275,173,130,165,162,178,173,191,226,284,407,116,90,89,72,34
2026-03-03,110,화정                ,승차,25,93,249,407,404,130,111,150,120,110,143,137,144,146,56,32,36,55,6
2026-03-03,110,화정                ,하차,11,13,139,168,95,98,80,96,109,111,120,138,203,258,118,77,77,77,22
2026-03-03,111,쌍촌                ,승차,73,146,360,522,253,172,118,203,152,130,114,137,139,136,66,53,142,30,11
2026-03-03,111,쌍촌                ,하차,7,26,109,183,86,62,79,104,116,148,161,178,289,394,189,125,118,84,41
2026-03-03,112,운천                ,승차,40,114,387,520,275,307,172,178,153,149,155,202,223,434,124,123,95,75,51
2026-03-03,112,운천                ,하차,18,31,177,429,164,136,115,114,138,150,163,205,412,530,251,156,134,103,68
2026-03-03,113,상무                ,승차,55,131,387,513,248,263,227,242,224,237,242,291,325,468,192,175,184,91,33
2026-03-03,113,상무                ,하차,37,57,167,696,343,223,203,205,229,276,291,340,466,558,220,126,124,122,52
2026-03-03,114,컨벤션센터          ,승차,15,31,93,140,90,64,51,49,64,86,87,87,164,204,36,30,60,11,4
2026-03-03,114,컨벤션센터          ,하차,9,18,85,238,87,66,79,155,72,73,62,75,105,129,56,39,21,22,4
2026-03-03,115,공항                ,승차,20,34,163,174,111,40,72,78,64,71,56,91,73,70,43,42,12,1,4
2026-03-03,115,공항                ,하차,7,31,72,100,49,34,52,39,67,68,57,87,82,133,54,23,19,30,12
2026-03-03,116,송정공원            ,승차,41,153,552,480,251,170,162,174,185,139,205,170,234,241,104,60,39,24,11
2026-03-03,116,송정공원            ,하차,25,71,174,290,138,117,126,158,189,169,204,266,438,459,199,158,155,112,35
2026-03-03,117,광주송정            ,승차,25,93,400,498,266,376,274,358,271,295,238,331,479,374,219,180,160,78,76
2026-03-03,117,광주송정            ,하차,72,112,401,366,242,321,217,252,248,233,286,321,325,389,223,144,106,104,35
2026-03-03,118,도산                ,승차,31,76,374,297,161,87,73,101,113,88,53,96,130,147,61,50,32,20,113
2026-03-03,118,도산                ,하차,9,21,70,90,33,61,83,80,67,86,126,140,163,249,113,93,62,105,78
2026-03-03,119,평동                ,승차,24,32,103,104,78,78,69,86,75,68,85,154,556,277,251,173,68,17,10
2026-03-03,119,평동                ,하차,34,260,830,310,94,65,68,76,128,60,39,70,87,95,80,35,38,31,11
2026-03-04,100,녹동                ,승차,1,6,28,25,7,12,15,14,14,8,8,8,22,28,1,3,0,6,0
2026-03-04,100,녹동                ,하차,0,9,12,25,4,0,5,7,6,11,15,16,23,19,14,6,3,3,1
2026-03-04,101,소태                ,승차,43,90,235,384,190,140,121,136,165,114,131,183,141,136,57,43,37,15,10
2026-03-04,101,소태                ,하차,2,43,106,208,80,83,121,108,100,128,163,203,195,269,135,106,117,69,34
2026-03-04,102,학동증심사          ,승차,33,51,137,226,185,164,121,155,149,156,185,359,132,145,59,43,37,28,17
2026-03-04,102,학동증심사          ,하차,2,39,143,241,153,109,122,114,176,117,158,173,163,235,89,73,75,41,21
2026-03-04,103,남광주              ,승차,33,126,276,396,262,318,323,314,299,394,563,537,666,336,152,111,134,66,55
2026-03-04,103,남광주              ,하차,16,178,309,"1,162",684,414,253,295,475,285,238,272,321,381,163,101,124,82,42
2026-03-04,104,문화전당            ,승차,17,39,60,93,66,90,95,149,146,177,341,287,336,468,212,200,189,140,82
2026-03-04,104,문화전당            ,하차,8,36,116,606,295,172,159,214,236,175,167,244,217,253,126,76,32,33,52
2026-03-04,105,금남로4가           ,승차,23,67,156,264,174,135,202,237,242,263,390,397,420,565,186,202,181,135,28
2026-03-04,105,금남로4가           ,하차,31,53,197,640,363,315,306,296,338,236,254,264,291,299,131,81,82,42,24
2026-03-04,106,금남로5가           ,승차,17,74,119,170,108,74,111,96,125,154,192,191,247,348,101,77,137,40,14
2026-03-04,106,금남로5가           ,하차,24,32,108,545,204,139,129,170,159,126,109,108,111,193,86,32,50,22,13
2026-03-04,107,양동시장            ,승차,26,61,159,212,142,146,137,141,194,166,174,198,184,261,59,36,25,14,9
2026-03-04,107,양동시장            ,하차,18,33,88,318,143,231,165,181,183,161,193,143,178,156,73,54,48,35,24
2026-03-04,108,돌고개              ,승차,42,97,242,331,150,130,99,116,144,115,89,94,106,113,33,57,20,34,12
2026-03-04,108,돌고개              ,하차,12,31,61,159,89,67,88,100,127,118,151,190,217,277,127,81,105,69,41
2026-03-04,109,농성                ,승차,39,100,244,435,202,169,160,180,195,182,214,166,215,257,97,65,53,35,18
2026-03-04,109,농성                ,하차,18,52,137,267,159,113,143,136,158,173,212,222,254,356,138,108,122,65,40
2026-03-04,110,화정                ,승차,31,93,275,419,156,373,111,159,115,106,143,149,137,194,79,40,35,59,3
2026-03-04,110,화정                ,하차,10,19,175,172,83,91,94,85,105,77,138,151,214,266,114,62,73,75,32
2026-03-04,111,쌍촌                ,승차,66,156,376,569,250,157,162,143,150,107,248,132,139,146,63,55,61,19,29
2026-03-04,111,쌍촌                ,하차,9,25,105,208,87,55,97,86,94,113,163,200,294,413,211,123,140,107,59
2026-03-04,112,운천                ,승차,47,124,408,574,237,278,165,160,183,166,272,203,243,337,109,90,104,95,53
2026-03-04,112,운천                ,하차,19,33,136,462,149,125,119,116,131,140,189,259,382,491,241,181,151,111,63
2026-03-04,113,상무                ,승차,53,108,416,534,230,243,252,280,265,236,295,222,342,451,188,156,191,101,35
2026-03-04,113,상무                ,하차,35,70,160,677,330,189,246,209,234,248,339,399,447,611,198,137,116,121,64
2026-03-04,114,컨벤션센터          ,승차,11,28,92,150,77,63,58,64,78,59,83,94,110,147,34,33,100,14,6
2026-03-04,114,컨벤션센터          ,하차,10,19,78,231,88,50,56,46,100,69,55,93,107,177,48,28,31,31,7
2026-03-04,115,공항                ,승차,18,34,148,178,100,112,76,63,50,81,36,76,97,79,32,47,23,4,4
2026-03-04,115,공항                ,하차,7,34,57,92,40,62,62,63,51,60,84,116,86,118,40,25,28,22,20
2026-03-04,116,송정공원            ,승차,40,158,568,513,259,153,194,200,173,142,150,197,200,227,119,67,49,23,11
2026-03-04,116,송정공원            ,하차,23,67,164,321,124,118,119,172,152,163,297,342,390,402,210,149,163,81,33
2026-03-04,117,광주송정            ,승차,25,61,340,392,235,183,212,280,182,238,236,316,431,365,263,170,186,74,338
2026-03-04,117,광주송정            ,하차,50,83,395,379,200,286,197,225,252,197,274,352,340,351,190,122,118,111,52
2026-03-04,118,도산                ,승차,28,76,374,307,125,91,65,115,110,79,44,101,113,162,56,39,29,24,95
2026-03-04,118,도산                ,하차,8,19,73,112,51,68,76,74,59,76,96,203,173,237,113,75,77,72,37
2026-03-04,119,평동                ,승차,25,24,119,142,70,67,83,80,78,100,123,180,586,295,246,135,65,25,6
2026-03-04,119,평동                ,하차,39,288,832,334,76,89,97,65,91,83,73,76,68,87,87,29,26,28,10
2026-03-05,100,녹동                ,승차,1,3,30,33,8,7,18,9,14,17,10,10,15,23,2,2,0,2,0
2026-03-05,100,녹동                ,하차,0,2,14,28,3,11,14,8,8,14,10,14,20,18,6,3,6,3,0
2026-03-05,101,소태                ,승차,45,104,228,379,214,132,142,182,126,120,115,152,142,137,55,38,23,23,10
2026-03-05,101,소태                ,하차,7,57,96,216,62,88,95,117,134,130,192,178,242,250,139,101,117,84,40
2026-03-05,102,학동증심사          ,승차,35,53,141,224,133,167,151,161,177,151,190,327,141,122,35,39,33,34,13
2026-03-05,102,학동증심사          ,하차,1,40,152,236,136,106,116,142,125,143,158,175,158,207,63,72,72,51,20
2026-03-05,103,남광주              ,승차,44,148,278,416,253,278,315,292,288,419,463,535,607,313,127,97,152,63,45
2026-03-05,103,남광주              ,하차,9,171,312,"1,007",612,431,270,383,370,292,228,256,300,406,134,131,119,69,50
2026-03-05,104,문화전당            ,승차,13,36,59,94,66,74,97,136,158,207,236,231,381,441,219,167,207,140,75
2026-03-05,104,문화전당            ,하차,6,46,114,574,249,157,197,178,191,171,155,212,208,246,108,69,45,30,34
2026-03-05,105,금남로4가           ,승차,14,71,169,259,138,138,214,240,276,279,367,381,423,541,212,174,196,130,27
2026-03-05,105,금남로4가           ,하차,26,40,192,665,367,267,304,298,311,257,267,204,313,269,141,81,80,42,25
2026-03-05,106,금남로5가           ,승차,20,67,115,165,84,87,104,91,137,183,184,217,224,353,116,93,148,29,12
2026-03-05,106,금남로5가           ,하차,24,34,129,521,187,143,134,169,163,103,133,125,122,153,75,37,45,38,19
2026-03-05,107,양동시장            ,승차,29,68,160,236,126,120,147,136,188,196,217,192,208,235,57,30,23,13,12
2026-03-05,107,양동시장            ,하차,20,37,94,299,162,158,170,188,202,207,190,162,160,161,51,54,42,33,32
2026-03-05,108,돌고개              ,승차,36,97,218,333,161,123,132,123,124,104,96,114,117,109,46,34,25,19,5
2026-03-05,108,돌고개              ,하차,13,23,59,176,85,83,106,105,136,122,162,166,218,259,109,94,91,50,34
2026-03-05,109,농성                ,승차,45,98,268,439,207,163,161,195,210,187,180,193,225,340,86,293,59,36,19
2026-03-05,109,농성                ,하차,13,49,123,275,156,135,161,148,180,171,225,221,256,377,129,94,80,67,38
2026-03-05,110,화정                ,승차,28,87,274,408,192,345,140,139,109,134,105,128,126,137,59,39,33,113,5
2026-03-05,110,화정                ,하차,9,22,159,184,82,84,95,73,107,111,136,161,230,270,117,68,93,81,30
2026-03-05,111,쌍촌                ,승차,69,163,361,554,243,164,130,194,248,111,123,129,170,136,51,36,126,27,12
2026-03-05,111,쌍촌                ,하차,1,20,87,209,72,55,92,102,91,143,149,213,289,344,190,102,150,84,55
2026-03-05,112,운천                ,승차,44,120,380,568,245,187,165,188,305,169,166,197,257,414,123,82,88,53,42
2026-03-05,112,운천                ,하차,21,51,144,450,170,109,175,142,136,148,183,233,398,490,250,170,126,108,52
2026-03-05,113,상무                ,승차,48,115,404,544,240,235,239,245,227,255,229,292,329,472,205,141,184,102,31
2026-03-05,113,상무                ,하차,38,61,156,674,308,218,216,200,244,277,304,365,443,589,197,117,123,143,52
2026-03-05,114,컨벤션센터          ,승차,9,31,108,165,76,85,53,87,90,74,85,122,142,154,43,49,49,17,5
2026-03-05,114,컨벤션센터          ,하차,6,23,85,256,130,105,73,82,81,57,78,58,130,130,47,37,32,24,11
2026-03-05,115,공항                ,승차,14,33,146,171,95,73,71,57,71,62,59,72,95,63,47,47,19,8,11
2026-03-05,115,공항                ,하차,11,40,61,80,50,44,62,46,78,80,77,116,110,129,35,30,26,29,27
2026-03-05,116,송정공원            ,승차,45,146,532,496,246,162,176,172,141,177,192,173,239,219,99,50,43,23,13
2026-03-05,116,송정공원            ,하차,20,72,152,322,150,83,117,184,179,160,192,334,339,429,183,145,153,121,30
2026-03-05,117,광주송정            ,승차,270,65,299,388,245,216,245,326,181,251,242,335,469,389,198,219,218,96,74
2026-03-05,117,광주송정            ,하차,54,85,408,362,244,293,223,207,205,276,313,362,388,406,256,144,94,116,43
2026-03-05,118,도산                ,승차,31,74,380,292,122,96,74,95,87,128,83,71,138,133,53,55,19,25,16
2026-03-05,118,도산                ,하차,7,31,74,111,50,51,81,58,49,98,127,119,179,214,136,87,62,122,23
2026-03-05,119,평동                ,승차,26,25,108,131,78,59,73,70,62,78,120,175,553,268,263,150,76,23,5
2026-03-05,119,평동                ,하차,32,274,845,359,84,57,56,50,64,50,62,76,77,89,76,32,35,34,11
2026-03-06,100,녹동                ,승차,2,6,28,20,16,6,25,14,19,17,6,8,23,25,5,4,0,1,0
2026-03-06,100,녹동                ,하차,0,5,13,25,2,8,6,8,8,12,14,23,7,11,5,2,3,3,1
2026-03-06,101,소태                ,승차,49,91,244,361,209,176,130,146,166,118,136,141,178,174,72,56,41,15,9
2026-03-06,101,소태                ,하차,2,42,100,179,81,100,103,109,145,102,170,180,244,291,152,103,123,82,43
2026-03-06,102,학동증심사          ,승차,28,51,140,235,148,146,145,154,157,128,198,341,128,156,41,42,46,35,20
2026-03-06,102,학동증심사          ,하차,4,46,129,246,127,110,99,142,170,165,142,171,195,205,81,89,68,60,39
2026-03-06,103,남광주              ,승차,34,122,278,387,274,305,274,352,307,313,357,398,524,311,151,90,106,94,41
2026-03-06,103,남광주              ,하차,13,157,288,827,400,248,237,287,307,281,251,269,380,382,156,126,125,96,48
2026-03-06,104,문화전당            ,승차,20,29,64,88,48,77,118,183,175,207,254,274,371,465,208,210,189,191,97
2026-03-06,104,문화전당            ,하차,7,37,123,553,262,163,179,184,206,201,212,234,260,357,170,106,73,37,50
2026-03-06,105,금남로4가           ,승차,17,71,165,262,156,150,214,255,282,256,342,426,471,645,229,219,233,150,30
2026-03-06,105,금남로4가           ,하차,32,43,186,662,395,253,328,265,354,283,237,271,343,339,168,99,82,56,50
2026-03-06,106,금남로5가           ,승차,19,61,122,177,104,87,70,85,126,157,174,216,233,360,85,73,148,35,12
2026-03-06,106,금남로5가           ,하차,26,35,114,515,183,114,121,147,163,115,127,97,164,190,77,62,53,35,23
2026-03-06,107,양동시장            ,승차,18,52,180,212,115,132,156,147,149,200,202,183,249,256,73,35,29,35,11
2026-03-06,107,양동시장            ,하차,16,36,94,313,185,152,157,163,184,199,181,174,200,194,53,62,56,28,34
2026-03-06,108,돌고개              ,승차,39,86,228,302,152,102,125,135,112,105,132,113,140,143,54,40,27,29,12
2026-03-06,108,돌고개              ,하차,14,24,52,153,76,74,112,124,112,125,119,175,208,286,129,89,97,70,47
2026-03-06,109,농성                ,승차,48,93,247,417,214,153,145,173,197,201,188,213,250,263,117,92,94,46,8
2026-03-06,109,농성                ,하차,12,41,128,271,172,120,164,156,206,194,197,244,274,383,141,117,111,68,39
2026-03-06,110,화정                ,승차,28,97,269,389,170,136,141,149,149,337,134,150,155,145,89,57,46,107,18
2026-03-06,110,화정                ,하차,6,13,167,178,88,66,102,107,102,114,128,159,236,310,140,93,85,84,43
2026-03-06,111,쌍촌                ,승차,64,151,327,607,247,137,134,150,155,111,124,145,209,160,96,57,140,19,24
2026-03-06,111,쌍촌                ,하차,13,20,88,205,91,71,81,97,120,127,156,194,286,394,173,106,122,103,74
2026-03-06,112,운천                ,승차,42,123,370,537,326,168,158,206,179,160,158,222,285,413,133,99,103,89,56
2026-03-06,112,운천                ,하차,16,34,116,462,184,128,125,122,150,144,197,216,403,593,280,187,221,131,94
2026-03-06,113,상무                ,승차,54,109,407,496,219,228,249,267,236,240,305,296,387,547,209,182,207,90,43
2026-03-06,113,상무                ,하차,40,64,149,704,301,225,203,245,273,284,301,384,472,643,250,184,151,152,80
2026-03-06,114,컨벤션센터          ,승차,13,25,94,129,83,61,76,57,97,61,115,113,139,138,61,59,52,17,8
2026-03-06,114,컨벤션센터          ,하차,6,23,79,244,92,66,80,72,84,77,87,89,175,129,42,33,39,31,15
2026-03-06,115,공항                ,승차,20,28,143,167,91,61,71,66,79,62,65,93,99,103,36,32,12,5,5
2026-03-06,115,공항                ,하차,6,31,67,86,48,48,50,51,68,78,86,102,83,129,38,23,35,35,18
2026-03-06,116,송정공원            ,승차,38,139,539,449,199,147,143,185,158,159,142,270,230,256,81,65,41,30,7
2026-03-06,116,송정공원            ,하차,20,62,168,291,111,97,115,165,147,144,202,257,326,363,195,149,171,110,51
2026-03-06,117,광주송정            ,승차,24,50,270,382,208,216,253,349,250,389,318,502,733,506,386,372,337,124,387
2026-03-06,117,광주송정            ,하차,46,92,388,386,235,357,243,318,321,298,295,425,535,702,423,244,136,141,48
2026-03-06,118,도산                ,승차,26,81,338,280,108,68,69,117,99,105,55,104,149,154,75,32,39,16,19
2026-03-06,118,도산                ,하차,11,24,58,101,38,59,70,81,56,96,102,120,189,182,128,81,78,133,36
2026-03-06,119,평동                ,승차,18,25,92,130,73,55,73,106,95,78,136,206,572,278,244,132,59,21,7
2026-03-06,119,평동                ,하차,39,272,761,366,72,61,50,70,87,58,91,81,79,89,83,26,42,36,11
2026-03-07,100,녹동                ,승차,0,1,14,14,13,12,14,9,8,6,10,7,22,6,1,0,3,0,0
2026-03-07,100,녹동                ,하차,0,0,7,2,6,3,9,5,8,8,7,4,10,9,5,3,6,5,0
2026-03-07,101,소태                ,승차,28,49,96,148,181,149,138,156,192,130,122,126,139,105,70,38,32,19,13
2026-03-07,101,소태                ,하차,6,29,58,112,72,75,94,68,102,110,139,142,176,155,81,116,99,67,47
2026-03-07,102,학동증심사          ,승차,31,34,73,98,115,141,186,137,154,133,111,110,122,72,64,25,21,20,67
2026-03-07,102,학동증심사          ,하차,2,38,57,148,134,82,81,72,146,104,101,131,142,117,87,82,48,25,46
2026-03-07,103,남광주              ,승차,32,86,177,204,202,193,203,200,211,203,172,193,213,160,110,75,55,59,28
2026-03-07,103,남광주              ,하차,11,90,140,172,159,147,201,154,184,181,173,190,237,199,132,126,101,64,97
2026-03-07,104,문화전당            ,승차,15,23,46,50,68,66,96,105,166,243,244,366,404,369,266,253,210,235,89
2026-03-07,104,문화전당            ,하차,3,25,57,141,173,188,309,321,378,351,356,318,313,291,143,100,69,41,61
2026-03-07,105,금남로4가           ,승차,18,51,73,76,102,124,140,160,217,296,366,512,461,500,300,245,225,127,29
2026-03-07,105,금남로4가           ,하차,21,33,46,148,206,240,416,456,466,424,377,298,312,206,155,96,72,39,37
2026-03-07,106,금남로5가           ,승차,13,31,37,53,69,70,72,104,101,120,140,194,130,125,80,91,39,21,8
2026-03-07,106,금남로5가           ,하차,14,14,29,75,120,99,151,137,145,124,103,68,112,93,61,54,39,24,26
2026-03-07,107,양동시장            ,승차,19,60,68,82,117,138,169,161,188,188,171,180,194,137,51,37,36,3,13
2026-03-07,107,양동시장            ,하차,18,28,59,88,146,157,189,154,224,174,164,141,161,128,71,64,43,33,20
2026-03-07,108,돌고개              ,승차,33,49,72,88,110,115,120,112,102,111,85,80,114,77,45,40,38,20,16
2026-03-07,108,돌고개              ,하차,10,16,30,66,56,66,94,81,75,103,100,144,159,141,78,93,72,54,40
2026-03-07,109,농성                ,승차,40,57,80,133,167,195,184,192,218,242,220,203,233,275,96,93,48,37,15
2026-03-07,109,농성                ,하차,19,40,54,116,123,149,219,153,191,193,195,236,219,208,110,107,105,53,47
2026-03-07,110,화정                ,승차,15,47,101,108,140,127,146,143,135,123,101,118,105,102,64,43,44,29,14
2026-03-07,110,화정                ,하차,8,14,27,92,82,77,88,82,84,80,96,112,133,124,79,84,68,68,30
2026-03-07,111,쌍촌                ,승차,41,77,103,247,135,150,197,161,155,135,118,136,143,110,97,62,31,28,9
2026-03-07,111,쌍촌                ,하차,10,12,26,63,79,75,89,87,122,118,120,116,209,155,109,105,98,70,68
2026-03-07,112,운천                ,승차,31,46,112,149,168,186,194,200,196,175,186,189,193,131,119,118,100,82,64
2026-03-07,112,운천                ,하차,20,22,43,154,128,117,130,114,163,175,154,177,303,308,224,187,157,124,86
2026-03-07,113,상무                ,승차,36,62,113,134,155,230,222,254,278,247,261,261,239,186,156,142,130,92,29
2026-03-07,113,상무                ,하차,24,33,60,219,224,201,222,249,240,244,222,270,327,313,177,150,138,73,61
2026-03-07,114,컨벤션센터          ,승차,7,11,31,34,50,64,96,115,186,140,162,123,136,114,95,163,42,10,6
2026-03-07,114,컨벤션센터          ,하차,6,46,33,116,103,166,172,156,111,111,166,122,100,55,37,38,31,20,10
2026-03-07,115,공항                ,승차,17,16,37,63,71,56,100,71,61,63,51,53,65,40,45,31,17,7,8
2026-03-07,115,공항                ,하차,5,16,21,47,33,34,64,50,60,70,65,69,61,51,45,28,19,26,25
2026-03-07,116,송정공원            ,승차,28,67,133,156,129,150,171,184,192,162,172,136,168,99,64,52,41,21,8
2026-03-07,116,송정공원            ,하차,23,30,56,68,61,80,85,138,108,120,167,207,255,158,118,128,110,75,43
2026-03-07,117,광주송정            ,승차,18,46,126,257,375,352,521,454,300,419,328,357,520,259,239,273,283,106,146
2026-03-07,117,광주송정            ,하차,52,70,232,177,284,472,309,267,342,327,325,415,397,378,337,310,140,125,26
2026-03-07,118,도산                ,승차,27,43,86,86,103,73,122,127,106,84,92,100,105,66,55,43,59,27,20
2026-03-07,118,도산                ,하차,5,16,42,34,35,51,68,72,61,70,93,106,150,132,79,86,84,60,37
2026-03-07,119,평동                ,승차,25,29,53,70,52,61,64,97,93,98,105,146,273,101,89,50,22,16,7
2026-03-07,119,평동                ,하차,17,93,294,111,65,36,77,64,76,48,53,75,84,60,71,55,49,33,19
2026-03-08,100,녹동                ,승차,0,0,6,9,4,25,6,9,11,24,4,18,11,3,1,0,1,0,0
2026-03-08,100,녹동                ,하차,0,0,1,4,2,6,1,6,7,4,7,12,12,4,9,0,0,2,0
2026-03-08,101,소태                ,승차,14,27,58,70,112,132,95,151,129,123,100,112,74,88,71,48,21,14,5
2026-03-08,101,소태                ,하차,2,33,50,45,76,65,51,80,86,108,83,117,122,151,88,80,65,60,37
2026-03-08,102,학동증심사          ,승차,20,22,32,66,93,79,89,71,109,113,110,95,90,66,46,29,24,14,14
2026-03-08,102,학동증심사          ,하차,2,23,38,60,80,88,73,75,72,79,89,101,116,136,63,58,66,31,40
2026-03-08,103,남광주              ,승차,20,54,85,103,130,141,98,140,168,156,152,175,176,118,76,75,49,42,76
2026-03-08,103,남광주              ,하차,12,58,58,133,86,113,85,128,131,137,167,174,191,174,118,131,84,82,68
2026-03-08,104,문화전당            ,승차,9,12,27,70,58,55,60,112,117,170,213,288,341,295,240,217,164,108,60
2026-03-08,104,문화전당            ,하차,7,36,35,86,101,146,168,229,287,276,234,175,233,149,98,79,46,33,89
2026-03-08,105,금남로4가           ,승차,11,35,32,42,64,92,75,115,195,188,268,335,374,302,290,217,169,69,31
2026-03-08,105,금남로4가           ,하차,9,18,46,74,142,160,243,264,349,344,288,228,197,187,108,64,68,54,37
2026-03-08,106,금남로5가           ,승차,12,11,26,29,60,45,57,93,87,97,105,158,158,113,100,65,20,13,13
2026-03-08,106,금남로5가           ,하차,4,15,29,53,106,74,86,122,187,107,97,79,62,85,38,51,37,24,19
2026-03-08,107,양동시장            ,승차,12,17,33,47,64,73,81,118,114,126,144,104,104,99,38,28,16,9,9
2026-03-08,107,양동시장            ,하차,10,25,39,55,62,87,86,90,123,119,124,124,91,77,56,41,39,21,22
2026-03-08,108,돌고개              ,승차,25,26,35,51,87,83,89,96,91,81,75,80,78,60,46,41,20,14,15
2026-03-08,108,돌고개              ,하차,9,18,16,36,41,43,29,71,87,75,95,96,134,108,79,81,46,49,30
2026-03-08,109,농성                ,승차,21,37,52,69,102,128,115,142,164,169,161,154,154,116,94,85,44,27,14
2026-03-08,109,농성                ,하차,15,25,38,73,76,92,85,106,120,153,147,151,185,156,89,82,58,43,41
2026-03-08,110,화정                ,승차,12,37,54,59,83,98,72,100,103,89,74,73,93,57,50,34,35,22,7
2026-03-08,110,화정                ,하차,4,6,18,24,38,55,52,60,75,66,83,99,94,98,73,53,56,42,36
2026-03-08,111,쌍촌                ,승차,16,41,65,164,127,110,135,120,142,127,84,98,96,71,52,46,34,19,13
2026-03-08,111,쌍촌                ,하차,6,15,22,28,35,40,63,56,67,89,115,103,141,97,113,78,70,58,45
2026-03-08,112,운천                ,승차,18,42,92,80,118,129,106,155,141,133,137,156,137,124,102,107,67,61,33
2026-03-08,112,운천                ,하차,8,18,30,45,66,91,69,65,100,120,136,152,197,218,147,134,134,77,61
2026-03-08,113,상무                ,승차,24,38,70,96,138,144,169,155,177,199,191,192,191,158,112,112,84,62,27
2026-03-08,113,상무                ,하차,11,21,33,61,125,133,137,152,185,158,200,222,226,181,175,123,93,63,56
2026-03-08,114,컨벤션센터          ,승차,6,7,11,28,22,38,36,78,87,106,95,114,106,215,98,30,57,10,8
2026-03-08,114,컨벤션센터          ,하차,6,20,23,36,73,95,134,112,139,101,57,51,67,39,35,32,19,15,13
2026-03-08,115,공항                ,승차,9,6,21,36,69,49,50,77,57,54,55,67,55,34,40,18,15,7,12
2026-03-08,115,공항                ,하차,5,15,17,35,33,38,39,30,49,46,59,78,55,71,42,19,23,17,22
2026-03-08,116,송정공원            ,승차,21,43,49,73,86,129,137,158,148,117,161,122,133,78,53,33,35,14,7
2026-03-08,116,송정공원            ,하차,11,28,29,78,101,108,95,95,101,142,106,166,153,117,133,137,71,59,35
2026-03-08,117,광주송정            ,승차,10,19,60,119,198,238,351,408,322,379,332,446,590,314,461,371,360,133,243
2026-03-08,117,광주송정            ,하차,27,37,156,145,231,353,274,293,289,333,298,389,384,546,430,367,147,113,22
2026-03-08,118,도산                ,승차,9,40,48,55,71,55,74,76,95,72,58,60,61,51,38,31,23,17,11
2026-03-08,118,도산                ,하차,5,8,17,17,27,49,58,41,48,61,48,92,108,81,47,58,54,31,24
2026-03-08,119,평동                ,승차,9,17,45,47,49,73,53,78,101,75,104,90,81,39,34,21,22,12,13
2026-03-08,119,평동                ,하차,9,23,55,52,42,32,43,62,93,61,96,104,90,68,64,50,47,19,19
2026-03-09,100,녹동                ,승차,1,8,30,28,8,10,5,6,18,7,0,5,17,31,0,2,0,0,0
2026-03-09,100,녹동                ,하차,0,6,13,23,6,4,8,8,4,9,9,11,10,19,6,2,0,5,4
2026-03-09,101,소태                ,승차,48,91,236,376,207,126,116,151,160,174,112,117,127,133,48,35,36,24,10
2026-03-09,101,소태                ,하차,6,50,103,203,84,101,103,93,121,142,169,149,203,258,130,94,132,65,28
2026-03-09,102,학동증심사          ,승차,29,50,140,235,169,166,155,145,154,124,141,168,328,143,55,28,31,23,19
2026-03-09,102,학동증심사          ,하차,4,41,133,232,146,112,119,129,132,159,146,130,169,211,88,67,61,21,35
2026-03-09,103,남광주              ,승차,34,145,274,359,274,276,269,298,301,390,478,505,709,407,175,107,147,87,39
2026-03-09,103,남광주              ,하차,7,188,312,"1,090",736,455,336,330,468,312,281,232,318,390,133,127,93,73,37
2026-03-09,104,문화전당            ,승차,13,28,70,94,55,61,85,140,154,260,194,236,301,434,215,173,165,108,55
2026-03-09,104,문화전당            ,하차,6,40,103,546,256,143,146,160,243,148,144,171,229,228,121,54,38,35,45
2026-03-09,105,금남로4가           ,승차,29,73,165,246,147,133,226,223,268,296,380,385,400,524,216,182,191,79,20
2026-03-09,105,금남로4가           ,하차,30,52,196,661,407,294,320,253,324,254,250,212,292,252,148,67,60,27,33
2026-03-09,106,금남로5가           ,승차,21,64,124,179,107,200,116,88,115,108,158,202,196,319,86,58,134,34,12
2026-03-09,106,금남로5가           ,하차,25,34,105,543,188,137,135,160,155,90,109,65,129,153,87,47,38,17,26
2026-03-09,107,양동시장            ,승차,29,64,160,241,120,134,151,146,192,172,192,213,205,266,40,33,12,6,6
2026-03-09,107,양동시장            ,하차,17,35,97,309,172,164,166,154,194,185,186,150,170,146,72,50,61,27,22
2026-03-09,108,돌고개              ,승차,42,89,239,338,150,125,131,104,125,118,101,113,127,131,45,35,21,21,74
2026-03-09,108,돌고개              ,하차,14,19,62,183,90,88,99,107,123,113,168,175,223,284,120,80,100,65,56
2026-03-09,109,농성                ,승차,57,103,244,442,223,158,156,179,182,167,190,170,197,222,88,72,64,45,13
2026-03-09,109,농성                ,하차,14,48,122,287,183,116,153,130,165,167,216,199,275,411,140,99,98,55,39
2026-03-09,110,화정                ,승차,36,87,254,406,215,131,114,132,118,112,340,133,129,105,59,26,29,102,8
2026-03-09,110,화정                ,하차,9,20,170,185,77,100,94,80,97,73,133,157,226,255,104,75,83,65,26
2026-03-09,111,쌍촌                ,승차,71,144,345,561,332,161,141,179,156,111,110,138,162,158,66,47,153,18,15
2026-03-09,111,쌍촌                ,하차,6,24,91,190,85,78,78,95,105,118,160,193,295,391,187,115,142,93,39
2026-03-09,112,운천                ,승차,52,137,373,553,242,168,169,272,182,148,169,254,227,280,108,104,135,59,42
2026-03-09,112,운천                ,하차,15,36,147,449,177,111,115,126,150,123,171,226,410,508,244,130,151,106,61
2026-03-09,113,상무                ,승차,57,116,406,498,259,254,214,238,250,232,288,243,289,470,212,156,159,99,33
2026-03-09,113,상무                ,하차,41,53,159,705,310,190,243,203,234,235,312,319,436,602,213,117,114,112,39
2026-03-09,114,컨벤션센터          ,승차,11,33,88,172,104,64,44,62,66,63,60,69,111,146,29,29,60,11,21
2026-03-09,114,컨벤션센터          ,하차,2,19,65,231,92,61,63,56,47,54,71,58,127,126,35,37,39,18,11
2026-03-09,115,공항                ,승차,15,33,141,176,111,60,87,66,70,37,79,93,74,71,27,30,15,10,3
2026-03-09,115,공항                ,하차,7,33,63,106,54,45,60,53,74,43,76,89,98,113,42,23,30,27,15
2026-03-09,116,송정공원            ,승차,40,155,540,520,268,156,129,162,158,117,135,178,237,264,89,52,45,29,5
2026-03-09,116,송정공원            ,하차,21,75,160,272,125,102,91,140,144,164,206,313,457,382,207,127,181,104,33
2026-03-09,117,광주송정            ,승차,27,77,575,500,323,232,309,324,200,270,220,318,418,341,214,174,162,72,72
2026-03-09,117,광주송정            ,하차,102,115,446,360,290,290,221,233,217,222,239,292,319,369,190,125,106,95,35
2026-03-09,118,도산                ,승차,31,78,351,281,145,100,69,83,99,80,51,66,139,152,56,36,28,21,15
2026-03-09,118,도산                ,하차,7,27,63,106,29,57,67,85,60,61,102,130,196,201,118,66,61,112,18
2026-03-09,119,평동                ,승차,13,32,76,97,68,60,50,82,66,72,131,159,570,282,285,141,77,18,16
2026-03-09,119,평동                ,하차,24,262,786,369,92,58,55,44,62,78,53,65,82,84,63,34,32,31,13
2026-03-10,100,녹동                ,승차,0,7,21,28,12,16,41,9,15,7,7,8,15,36,2,2,0,1,0
2026-03-10,100,녹동                ,하차,0,6,13,28,1,8,9,9,3,8,12,12,25,17,9,3,2,5,2
2026-03-10,101,소태                ,승차,42,100,240,367,210,146,134,139,163,168,113,141,181,119,53,53,35,20,9
2026-03-10,101,소태                ,하차,3,49,93,195,75,87,101,102,107,116,168,191,187,273,139,107,105,75,38
2026-03-10,102,학동증심사          ,승차,30,52,164,247,169,141,161,135,141,158,145,160,306,142,44,40,34,29,14
2026-03-10,102,학동증심사          ,하차,2,46,139,268,128,138,117,128,135,146,150,189,156,209,78,71,75,61,28
2026-03-10,103,남광주              ,승차,34,129,308,366,268,264,288,285,293,331,551,584,701,429,143,135,153,76,122
2026-03-10,103,남광주              ,하차,7,182,308,"1,139",814,407,283,353,395,289,238,233,286,391,155,118,113,71,30
2026-03-10,104,문화전당            ,승차,14,28,66,88,69,83,91,136,132,190,232,256,325,452,201,165,193,140,54
2026-03-10,104,문화전당            ,하차,5,47,116,584,230,142,176,154,193,176,160,170,220,244,100,82,39,36,34
2026-03-10,105,금남로4가           ,승차,17,84,154,254,152,162,205,237,221,318,374,380,401,530,214,172,189,131,37
2026-03-10,105,금남로4가           ,하차,29,45,181,666,408,313,309,262,284,263,231,204,297,288,137,87,76,38,35
2026-03-10,106,금남로5가           ,승차,20,68,107,190,83,95,110,87,142,156,181,237,228,306,99,97,143,30,9
2026-03-10,106,금남로5가           ,하차,26,38,123,550,215,169,143,141,165,112,110,104,162,163,60,40,55,27,18
2026-03-10,107,양동시장            ,승차,23,65,155,228,134,144,157,155,193,193,211,243,219,260,59,33,19,8,13
2026-03-10,107,양동시장            ,하차,16,33,118,320,191,172,160,182,202,190,221,175,197,171,66,50,54,34,35
2026-03-10,108,돌고개              ,승차,39,103,227,338,168,100,128,121,125,126,91,100,104,113,55,49,46,11,14
2026-03-10,108,돌고개              ,하차,15,21,45,163,109,59,107,109,122,111,139,185,230,277,145,90,114,55,40
2026-03-10,109,농성                ,승차,41,97,259,447,240,158,148,236,215,176,187,179,233,258,110,87,48,44,19
2026-03-10,109,농성                ,하차,14,49,130,275,157,132,174,177,176,191,191,215,289,393,131,102,111,50,34
2026-03-10,110,화정                ,승차,28,88,261,422,201,147,121,130,132,128,108,135,125,124,55,44,36,98,8
2026-03-10,110,화정                ,하차,10,21,167,180,87,77,91,85,93,76,117,153,199,256,137,75,87,68,26
2026-03-10,111,쌍촌                ,승차,65,163,368,594,360,144,123,181,152,139,107,133,168,118,68,46,141,37,26
2026-03-10,111,쌍촌                ,하차,9,19,100,208,96,62,86,97,99,103,168,214,336,397,186,124,121,100,52
2026-03-10,112,운천                ,승차,42,125,412,597,294,199,149,200,216,226,193,276,218,301,151,104,130,92,50
2026-03-10,112,운천                ,하차,14,36,146,461,160,122,133,111,134,148,176,226,463,529,267,180,152,106,45
2026-03-10,113,상무                ,승차,50,131,421,540,298,248,275,257,244,253,251,276,352,489,230,177,195,105,43
2026-03-10,113,상무                ,하차,40,65,149,698,340,235,243,209,216,253,329,334,503,581,233,129,147,145,51
2026-03-10,114,컨벤션센터          ,승차,16,34,105,150,77,55,48,66,63,68,83,88,94,139,42,29,61,14,64
2026-03-10,114,컨벤션센터          ,하차,8,25,76,232,90,53,81,65,80,52,70,67,119,132,46,29,30,27,11
2026-03-10,115,공항                ,승차,17,35,158,187,102,58,68,37,66,63,58,82,69,91,26,35,18,5,7
2026-03-10,115,공항                ,하차,8,45,56,105,48,42,50,49,61,52,63,94,103,104,44,39,29,33,24
2026-03-10,116,송정공원            ,승차,52,162,536,552,294,175,150,165,144,123,146,224,270,249,107,67,40,19,9
2026-03-10,116,송정공원            ,하차,19,71,187,318,116,86,120,177,143,185,205,252,557,380,195,145,185,123,42
2026-03-10,117,광주송정            ,승차,25,66,321,402,273,185,264,296,185,248,212,269,457,370,233,184,189,72,116
2026-03-10,117,광주송정            ,하차,29,103,392,380,242,315,191,243,221,220,272,276,356,348,225,115,91,136,40
2026-03-10,118,도산                ,승차,27,85,345,328,143,102,83,87,104,71,61,98,140,133,52,29,40,21,25
2026-03-10,118,도산                ,하차,12,33,67,124,58,59,67,70,70,67,91,170,206,211,102,78,73,120,32
2026-03-10,119,평동                ,승차,16,23,108,115,84,80,70,81,89,91,143,171,560,279,286,139,81,17,15
2026-03-10,119,평동                ,하차,31,273,782,399,82,65,83,71,90,70,76,72,85,83,86,36,36,34,14
2026-03-11,100,녹동                ,승차,1,5,33,31,4,8,10,13,11,16,3,5,26,22,6,1,0,0,0
2026-03-11,100,녹동                ,하차,0,0,14,22,1,7,1,6,9,9,9,17,22,21,7,5,2,5,2
2026-03-11,101,소태                ,승차,39,99,260,390,174,138,153,147,174,102,116,144,156,151,49,42,23,23,6
2026-03-11,101,소태                ,하차,6,44,91,191,75,89,97,106,122,136,172,176,212,263,142,120,121,74,35
2026-03-11,102,학동증심사          ,승차,30,49,136,229,186,144,184,125,166,123,214,307,180,141,68,54,24,27,12
2026-03-11,102,학동증심사          ,하차,6,45,135,257,152,131,120,133,151,128,182,178,185,228,89,71,71,50,17
2026-03-11,103,남광주              ,승차,37,134,302,396,236,275,316,329,244,305,490,572,698,450,169,121,174,88,42
2026-03-11,103,남광주              ,하차,8,167,315,"1,207",708,444,255,258,479,238,267,245,318,408,160,124,135,94,36
2026-03-11,104,문화전당            ,승차,14,33,70,85,58,68,88,163,148,170,312,267,325,476,223,191,200,160,67
2026-03-11,104,문화전당            ,하차,4,45,109,589,267,149,179,219,215,179,163,234,161,263,142,58,50,24,45
2026-03-11,105,금남로4가           ,승차,15,73,153,257,130,127,203,219,293,301,394,363,412,524,214,158,169,133,33
2026-03-11,105,금남로4가           ,하차,30,57,175,670,393,277,300,252,333,260,211,256,288,288,147,81,61,36,42
2026-03-11,106,금남로5가           ,승차,19,81,120,183,101,72,85,71,134,157,210,234,219,445,111,87,138,32,18
2026-03-11,106,금남로5가           ,하차,26,34,108,537,227,161,150,185,171,128,118,104,137,176,85,36,47,33,22
2026-03-11,107,양동시장            ,승차,30,74,150,227,131,143,140,173,203,198,196,207,211,281,67,32,25,17,56
2026-03-11,107,양동시장            ,하차,11,34,94,306,169,169,198,164,198,192,198,186,162,189,72,50,48,26,34
2026-03-11,108,돌고개              ,승차,38,107,239,333,145,127,126,110,147,123,97,89,125,137,40,37,23,29,11
2026-03-11,108,돌고개              ,하차,16,21,63,178,99,63,93,124,99,113,166,198,221,250,140,106,91,61,26
2026-03-11,109,농성                ,승차,45,99,262,476,240,159,158,151,226,170,186,177,222,263,103,93,44,40,19
2026-03-11,109,농성                ,하차,9,50,132,280,143,146,151,191,166,198,185,238,288,382,138,97,113,62,36
2026-03-11,110,화정                ,승차,29,88,274,432,176,105,160,131,130,104,113,149,150,157,72,52,44,69,7
2026-03-11,110,화정                ,하차,8,24,150,196,71,83,80,90,98,72,137,160,212,265,134,76,85,82,37
2026-03-11,111,쌍촌                ,승차,74,152,330,591,232,276,133,166,174,111,229,141,159,125,65,67,74,25,9
2026-03-11,111,쌍촌                ,하차,2,25,80,208,80,95,91,94,102,109,165,195,309,450,155,107,132,110,63
2026-03-11,112,운천                ,승차,38,144,378,640,295,201,177,169,182,183,293,219,257,281,110,104,112,98,43
2026-03-11,112,운천                ,하차,19,28,149,474,158,128,94,122,151,135,172,235,442,497,254,148,148,124,64
2026-03-11,113,상무                ,승차,41,114,401,560,243,241,228,245,246,267,266,263,365,449,214,171,205,135,52
2026-03-11,113,상무                ,하차,43,56,159,686,330,191,202,194,230,260,286,421,498,611,239,151,117,126,64
2026-03-11,114,컨벤션센터          ,승차,16,25,107,160,83,76,56,67,85,79,110,91,120,144,43,53,53,23,43
2026-03-11,114,컨벤션센터          ,하차,9,25,87,239,104,58,72,87,91,64,66,91,117,153,42,43,39,25,18
2026-03-11,115,공항                ,승차,15,44,150,191,108,60,49,77,62,56,51,74,99,89,33,45,16,1,8
2026-03-11,115,공항                ,하차,12,39,68,102,46,35,52,57,50,63,73,109,103,116,51,28,22,19,22
2026-03-11,116,송정공원            ,승차,43,142,534,556,262,151,174,190,159,139,142,188,223,281,89,80,58,16,13
2026-03-11,116,송정공원            ,하차,21,73,176,280,116,100,149,137,143,156,276,362,328,416,225,153,153,124,38
2026-03-11,117,광주송정            ,승차,21,59,314,438,269,196,226,277,212,230,207,330,434,385,238,173,196,85,71
2026-03-11,117,광주송정            ,하차,50,82,393,384,194,238,192,238,229,233,261,319,345,404,220,161,124,118,40
2026-03-11,118,도산                ,승차,34,85,352,301,149,75,94,113,100,58,53,91,133,138,64,40,28,16,15
2026-03-11,118,도산                ,하차,11,27,75,121,43,62,78,74,66,86,107,219,169,218,114,66,81,95,25
2026-03-11,119,평동                ,승차,23,34,100,120,78,68,75,111,70,78,128,147,613,312,266,119,85,21,18
2026-03-11,119,평동                ,하차,30,261,859,343,89,69,72,53,85,51,58,84,78,107,76,43,35,35,12
2026-03-12,100,녹동                ,승차,1,5,33,29,16,8,18,10,15,12,6,8,17,34,9,1,1,1,0
2026-03-12,100,녹동                ,하차,0,6,15,27,2,5,5,6,4,14,9,13,17,22,10,5,4,3,2
2026-03-12,101,소태                ,승차,37,98,240,382,192,130,125,151,125,160,112,180,147,150,59,34,47,31,6
2026-03-12,101,소태                ,하차,1,51,94,218,79,71,101,119,123,133,165,180,212,257,142,112,125,86,46
2026-03-12,102,학동증심사          ,승차,30,50,149,247,154,133,212,143,174,117,199,329,155,124,52,59,38,21,11
2026-03-12,102,학동증심사          ,하차,3,46,133,263,157,121,122,128,122,158,152,168,188,196,77,79,66,56,25
2026-03-12,103,남광주              ,승차,32,145,307,405,277,289,349,283,272,387,465,564,701,412,155,126,163,106,31
2026-03-12,103,남광주              ,하차,10,176,305,"1,058",739,433,300,376,420,267,241,233,298,437,138,141,114,92,39
2026-03-12,104,문화전당            ,승차,19,30,67,90,51,62,124,147,155,189,174,284,365,464,205,159,228,165,64
2026-03-12,104,문화전당            ,하차,7,41,139,504,252,180,167,178,181,166,137,182,204,289,134,79,58,22,32
2026-03-12,105,금남로4가           ,승차,22,78,171,253,129,153,213,211,279,302,358,411,402,501,247,170,226,146,28
2026-03-12,105,금남로4가           ,하차,25,45,173,657,387,280,366,263,284,267,194,230,316,290,135,85,58,49,21
2026-03-12,106,금남로5가           ,승차,20,54,113,183,97,77,90,88,127,140,203,232,258,337,106,97,157,33,14
2026-03-12,106,금남로5가           ,하차,23,33,115,530,215,154,155,157,149,138,105,117,138,209,72,47,52,19,16
2026-03-12,107,양동시장            ,승차,26,69,155,223,148,159,172,162,172,205,205,211,217,281,80,41,22,20,17
2026-03-12,107,양동시장            ,하차,17,36,101,331,209,170,149,155,209,185,208,191,193,176,81,47,51,36,21
2026-03-12,108,돌고개              ,승차,45,92,213,351,160,121,121,113,130,95,93,109,138,114,42,31,35,34,14
2026-03-12,108,돌고개              ,하차,15,22,43,169,105,71,106,121,109,133,132,190,196,284,116,94,104,71,40
2026-03-12,109,농성                ,승차,46,87,239,480,218,176,160,170,229,187,176,204,222,253,124,87,66,56,9
2026-03-12,109,농성                ,하차,13,48,125,294,165,127,160,156,185,187,189,251,282,403,139,92,123,83,41
2026-03-12,110,화정                ,승차,27,102,288,394,182,129,149,119,116,120,122,128,147,130,66,61,42,91,7
2026-03-12,110,화정                ,하차,7,21,150,191,82,71,100,79,102,86,115,184,220,269,116,71,93,78,39
2026-03-12,111,쌍촌                ,승차,65,152,379,571,229,193,138,167,144,247,96,133,151,141,81,48,141,38,20
2026-03-12,111,쌍촌                ,하차,9,25,94,209,86,72,68,92,113,116,115,226,324,418,190,112,144,78,48
2026-03-12,112,운천                ,승차,48,128,394,669,250,184,163,208,180,172,167,304,227,286,128,118,152,89,44
2026-03-12,112,운천                ,하차,15,36,129,486,155,125,140,144,140,131,158,241,464,557,250,170,150,143,71
2026-03-12,113,상무                ,승차,41,113,411,570,289,252,243,255,246,238,247,291,363,486,219,158,194,100,45
2026-03-12,113,상무                ,하차,42,63,165,713,325,182,233,212,263,282,286,397,530,550,220,130,157,169,75
2026-03-12,114,컨벤션센터          ,승차,13,24,96,157,99,64,62,58,91,74,109,106,157,141,47,42,71,18,21
2026-03-12,114,컨벤션센터          ,하차,11,22,94,257,167,90,123,91,88,98,81,63,128,115,60,37,32,28,9
2026-03-12,115,공항                ,승차,16,31,148,192,92,89,38,88,75,62,56,93,86,93,39,40,17,3,8
2026-03-12,115,공항                ,하차,6,41,58,98,48,44,71,54,67,87,88,107,101,114,42,29,43,30,29
2026-03-12,116,송정공원            ,승차,43,158,541,552,267,172,148,154,170,141,160,208,268,298,95,46,43,29,17
2026-03-12,116,송정공원            ,하차,30,69,180,290,144,107,126,162,157,166,196,356,416,355,207,151,183,144,35
2026-03-12,117,광주송정            ,승차,26,71,309,417,332,220,369,321,219,262,239,379,525,407,241,223,221,88,160
2026-03-12,117,광주송정            ,하차,40,98,394,386,245,322,204,246,241,266,340,360,460,461,278,211,121,174,33
2026-03-12,118,도산                ,승차,29,84,331,315,141,89,83,105,105,93,69,95,137,153,69,53,47,30,10
2026-03-12,118,도산                ,하차,10,17,58,127,49,61,79,69,60,85,108,123,203,228,106,85,78,124,35
2026-03-12,119,평동                ,승차,17,20,105,134,88,62,62,76,87,91,93,214,588,295,247,147,89,18,22
2026-03-12,119,평동                ,하차,35,289,851,332,94,57,79,44,83,74,68,59,87,90,73,45,28,41,7
2026-03-13,100,녹동                ,승차,1,4,29,31,17,8,17,9,15,11,11,7,26,39,4,4,1,1,0
2026-03-13,100,녹동                ,하차,0,3,17,25,5,4,3,9,8,15,9,14,19,28,7,4,3,3,2
2026-03-13,101,소태                ,승차,43,96,238,393,182,152,127,182,171,130,139,142,186,200,81,48,41,37,12
2026-03-13,101,소태                ,하차,3,56,109,208,99,106,106,120,123,142,162,208,229,271,149,97,148,99,52
2026-03-13,102,학동증심사          ,승차,39,46,146,235,172,150,151,120,163,125,177,331,210,136,68,48,26,38,20
2026-03-13,102,학동증심사          ,하차,2,48,134,242,135,120,122,123,142,132,169,177,196,223,81,80,74,63,50
2026-03-13,103,남광주              ,승차,40,133,303,401,329,280,318,334,313,319,368,448,587,392,197,127,150,69,31
2026-03-13,103,남광주              ,하차,5,167,264,844,430,338,228,289,309,283,282,275,350,444,167,127,127,100,70
2026-03-13,104,문화전당            ,승차,18,38,67,91,67,77,120,172,189,184,279,333,398,529,262,221,243,223,107
2026-03-13,104,문화전당            ,하차,9,34,118,557,267,165,207,193,262,219,181,249,318,373,239,110,90,41,58
2026-03-13,105,금남로4가           ,승차,19,71,157,236,188,190,153,283,282,310,404,472,483,587,271,188,246,145,56
2026-03-13,105,금남로4가           ,하차,30,59,171,659,412,296,339,305,363,288,264,273,363,328,169,97,94,48,51
2026-03-13,106,금남로5가           ,승차,28,70,109,185,107,119,114,120,177,172,214,233,278,339,109,87,128,32,13
2026-03-13,106,금남로5가           ,하차,28,31,108,533,182,183,191,187,200,124,145,137,169,177,87,57,69,28,41
2026-03-13,107,양동시장            ,승차,20,66,155,251,148,177,146,190,177,174,183,245,271,255,86,40,32,14,16
2026-03-13,107,양동시장            ,하차,13,31,115,301,165,180,186,178,187,184,237,200,179,214,95,75,69,51,43
2026-03-13,108,돌고개              ,승차,46,95,201,325,176,126,117,124,119,90,115,115,142,137,69,44,31,35,15
2026-03-13,108,돌고개              ,하차,14,22,54,163,91,58,104,129,123,123,142,194,240,274,111,92,104,75,51
2026-03-13,109,농성                ,승차,37,104,241,448,236,174,205,168,235,169,224,230,297,351,171,117,83,66,14
2026-03-13,109,농성                ,하차,21,44,120,312,161,132,169,168,212,205,217,251,334,426,160,133,138,94,46
2026-03-13,110,화정                ,승차,31,96,260,402,198,145,154,137,137,134,135,159,153,189,101,71,54,99,16
2026-03-13,110,화정                ,하차,8,21,156,190,87,82,104,100,97,132,151,171,234,275,141,119,105,87,48
2026-03-13,111,쌍촌                ,승차,74,147,356,552,227,307,172,177,160,158,209,141,196,179,105,50,140,41,14
2026-03-13,111,쌍촌                ,하차,3,19,88,212,86,63,99,123,105,133,144,218,326,416,190,129,152,103,55
2026-03-13,112,운천                ,승차,41,146,362,548,349,193,183,217,175,174,192,301,280,308,185,123,152,145,63
2026-03-13,112,운천                ,하차,15,44,123,492,166,129,150,140,187,158,181,246,458,672,358,221,209,131,102
2026-03-13,113,상무                ,승차,39,118,385,545,277,243,298,256,250,267,292,301,447,529,242,202,208,115,61
2026-03-13,113,상무                ,하차,40,63,156,682,316,217,259,256,269,242,329,373,548,697,301,168,206,187,96
2026-03-13,114,컨벤션센터          ,승차,9,26,86,164,87,89,70,93,123,98,119,144,212,169,61,53,51,9,14
2026-03-13,114,컨벤션센터          ,하차,7,31,77,231,152,84,83,86,84,84,92,105,142,131,85,42,54,45,29
2026-03-13,115,공항                ,승차,17,32,142,184,97,66,63,64,62,94,65,134,99,120,41,63,19,9,11
2026-03-13,115,공항                ,하차,9,42,66,91,43,32,60,50,79,53,79,100,116,122,66,22,35,28,26
2026-03-13,116,송정공원            ,승차,41,161,521,477,220,136,163,151,161,155,199,257,280,263,134,63,47,22,21
2026-03-13,116,송정공원            ,하차,28,78,155,318,156,149,135,147,197,200,168,287,394,360,216,123,163,109,63
2026-03-13,117,광주송정            ,승차,23,58,278,373,284,266,349,433,293,469,354,557,790,573,356,460,419,112,190
2026-03-13,117,광주송정            ,하차,49,101,391,411,348,459,382,337,425,351,397,487,634,826,449,317,169,201,33
2026-03-13,118,도산                ,승차,35,79,336,256,125,94,76,110,118,90,93,119,162,173,83,45,23,23,21
2026-03-13,118,도산                ,하차,15,18,63,119,55,57,69,72,60,77,116,122,228,213,100,81,71,152,34
2026-03-13,119,평동                ,승차,22,33,110,121,109,67,65,96,84,68,146,181,594,289,211,132,43,24,20
2026-03-13,119,평동                ,하차,28,275,858,324,106,74,56,63,68,56,61,83,109,84,83,41,41,41,17
2026-03-14,100,녹동                ,승차,0,2,18,20,8,14,12,12,9,10,9,14,30,9,5,3,2,1,0
2026-03-14,100,녹동                ,하차,0,0,1,8,8,5,9,5,4,6,9,9,33,8,6,2,6,8,0
2026-03-14,101,소태                ,승차,23,58,108,167,176,201,163,181,138,140,154,155,157,118,71,49,42,21,13
2026-03-14,101,소태                ,하차,1,42,58,106,84,105,97,98,109,123,128,156,195,180,125,146,98,57,54
2026-03-14,102,학동증심사          ,승차,25,43,58,111,119,162,173,132,171,127,137,120,119,88,64,36,34,19,11
2026-03-14,102,학동증심사          ,하차,1,41,71,149,169,136,151,93,121,111,136,128,146,123,80,94,87,28,44
2026-03-14,103,남광주              ,승차,37,93,199,259,228,206,196,213,209,201,218,219,237,155,133,90,78,57,92
2026-03-14,103,남광주              ,하차,6,110,150,181,179,161,174,171,203,194,181,216,236,240,128,157,143,83,60
2026-03-14,104,문화전당            ,승차,13,23,49,54,68,81,102,155,216,317,540,490,408,395,353,292,313,231,121
2026-03-14,104,문화전당            ,하차,2,35,49,187,175,265,435,394,536,401,369,255,373,285,214,227,86,63,71
2026-03-14,105,금남로4가           ,승차,20,37,62,90,122,139,198,157,295,344,400,496,494,495,301,328,246,111,27
2026-03-14,105,금남로4가           ,하차,19,26,55,151,291,272,496,431,499,431,364,285,287,281,149,165,81,49,36
2026-03-14,106,금남로5가           ,승차,10,29,43,46,63,90,68,95,121,162,189,216,184,182,87,98,29,11,13
2026-03-14,106,금남로5가           ,하차,14,15,33,65,127,105,172,196,189,139,119,83,114,166,43,68,43,33,35
2026-03-14,107,양동시장            ,승차,24,51,85,102,107,150,177,156,195,207,201,209,180,146,63,32,27,14,13
2026-03-14,107,양동시장            ,하차,14,35,70,96,154,185,191,192,234,188,191,166,144,109,46,103,61,36,38
2026-03-14,108,돌고개              ,승차,36,56,70,114,108,133,155,105,119,103,108,94,102,113,67,27,32,22,20
2026-03-14,108,돌고개              ,하차,18,26,27,77,72,48,98,91,114,97,109,139,158,137,96,114,90,67,33
2026-03-14,109,농성                ,승차,47,67,73,144,190,187,220,241,284,256,245,267,249,213,138,106,65,47,28
2026-03-14,109,농성                ,하차,14,42,67,126,178,133,257,225,226,193,237,205,271,216,158,182,92,66,43
2026-03-14,110,화정                ,승차,25,36,84,105,122,139,154,149,151,107,135,152,123,112,76,62,37,15,12
2026-03-14,110,화정                ,하차,10,18,37,101,87,77,87,79,113,92,100,137,125,128,85,136,82,45,41
2026-03-14,111,쌍촌                ,승차,41,83,106,160,162,172,217,208,161,147,125,178,164,100,82,61,31,24,22
2026-03-14,111,쌍촌                ,하차,10,9,33,73,95,83,109,81,136,111,115,193,175,153,111,141,104,64,67
2026-03-14,112,운천                ,승차,29,70,120,264,166,204,171,213,229,180,262,209,207,142,148,145,144,117,83
2026-03-14,112,운천                ,하차,10,36,57,118,130,95,143,181,189,188,195,238,357,324,289,312,194,117,86
2026-03-14,113,상무                ,승차,29,75,104,154,193,240,246,330,326,312,331,330,269,196,175,204,181,95,45
2026-03-14,113,상무                ,하차,25,53,60,213,255,268,295,322,302,386,349,288,389,331,177,225,148,128,71
2026-03-14,114,컨벤션센터          ,승차,14,20,34,77,65,70,134,163,172,159,169,146,151,79,377,"1,598",90,14,16
2026-03-14,114,컨벤션센터          ,하차,11,21,29,91,140,329,243,201,256,339,726,900,138,83,61,47,26,16,31
2026-03-14,115,공항                ,승차,12,22,35,57,89,73,92,95,63,91,61,88,90,45,55,22,22,7,4
2026-03-14,115,공항                ,하차,4,21,33,45,53,28,80,53,61,61,72,94,77,56,39,37,25,21,15
2026-03-14,116,송정공원            ,승차,26,71,145,174,149,171,185,166,204,120,182,163,186,111,90,54,35,22,22
2026-03-14,116,송정공원            ,하차,19,31,55,95,65,89,104,111,137,133,153,174,226,178,181,168,122,74,49
2026-03-14,117,광주송정            ,승차,23,46,138,292,581,532,729,822,483,725,632,554,577,393,248,445,320,108,143
2026-03-14,117,광주송정            ,하차,61,80,283,189,273,452,308,300,386,379,388,421,448,422,386,"1,416",263,144,54
2026-03-14,118,도산                ,승차,25,56,89,114,84,107,149,156,149,93,98,118,101,81,62,41,39,25,20
2026-03-14,118,도산                ,하차,6,16,32,42,31,57,84,72,89,96,99,102,166,129,98,94,84,63,51
2026-03-14,119,평동                ,승차,25,15,56,58,67,76,89,114,90,101,136,144,287,73,93,41,62,15,11
2026-03-14,119,평동                ,하차,12,108,271,117,79,67,78,72,81,66,75,87,88,65,95,70,62,22,42
2026-03-15,100,녹동                ,승차,0,0,1,13,11,9,5,7,8,10,3,22,7,1,3,2,1,0,0
2026-03-15,100,녹동                ,하차,0,0,1,4,2,4,2,4,3,7,2,11,11,8,5,2,1,0,0
2026-03-15,101,소태                ,승차,17,18,39,85,128,112,94,135,129,128,118,100,85,85,38,35,26,15,6
2026-03-15,101,소태                ,하차,4,14,45,46,73,75,51,95,73,78,116,132,120,138,104,81,57,43,29
2026-03-15,102,학동증심사          ,승차,15,23,42,55,76,89,85,89,121,106,83,86,82,57,56,41,13,12,12
2026-03-15,102,학동증심사          ,하차,1,24,30,62,73,91,64,64,66,57,84,92,137,101,101,62,45,27,35
2026-03-15,103,남광주              ,승차,21,39,75,100,116,149,112,149,171,194,206,193,157,114,98,78,57,33,32
2026-03-15,103,남광주              ,하차,4,47,64,102,93,114,109,109,150,145,155,169,171,193,162,105,108,85,73
2026-03-15,104,문화전당            ,승차,4,14,24,82,48,89,101,115,176,348,321,330,363,306,209,211,210,126,61
2026-03-15,104,문화전당            ,하차,8,31,47,71,115,169,312,328,367,314,225,216,205,150,169,86,65,61,63
2026-03-15,105,금남로4가           ,승차,14,26,37,56,62,110,94,131,195,242,322,403,375,357,314,169,135,89,46
2026-03-15,105,금남로4가           ,하차,13,20,41,72,143,182,255,346,366,326,279,233,236,166,134,85,59,49,61
2026-03-15,106,금남로5가           ,승차,12,13,30,30,55,63,50,80,81,123,149,125,173,95,94,75,24,18,11
2026-03-15,106,금남로5가           ,하차,4,7,39,40,96,113,103,133,187,112,77,76,82,63,62,39,43,37,24
2026-03-15,107,양동시장            ,승차,14,15,40,50,69,87,81,102,141,110,124,94,97,73,44,37,23,7,10
2026-03-15,107,양동시장            ,하차,7,15,42,43,58,86,109,114,155,107,110,96,100,75,77,34,24,30,37
2026-03-15,108,돌고개              ,승차,22,26,34,49,104,89,111,85,97,96,72,72,66,59,32,28,29,13,10
2026-03-15,108,돌고개              ,하차,8,15,14,40,36,45,42,67,76,83,92,96,128,102,97,65,55,37,18
2026-03-15,109,농성                ,승차,14,31,53,76,105,119,128,163,229,224,221,195,190,115,91,95,39,26,17
2026-03-15,109,농성                ,하차,7,19,37,54,93,132,154,139,157,144,155,154,192,130,175,85,70,42,59
2026-03-15,110,화정                ,승차,10,25,48,71,76,92,95,98,118,96,121,84,80,61,57,43,33,21,21
2026-03-15,110,화정                ,하차,6,11,16,25,51,70,51,60,82,78,76,78,96,85,138,60,67,49,43
2026-03-15,111,쌍촌                ,승차,11,36,63,82,161,135,104,99,162,99,98,110,229,93,76,37,30,24,5
2026-03-15,111,쌍촌                ,하차,4,13,23,31,33,50,27,71,87,95,87,117,150,104,111,108,96,55,53
2026-03-15,112,운천                ,승차,23,39,73,79,228,114,134,210,175,210,148,138,147,86,126,95,93,57,31
2026-03-15,112,운천                ,하차,8,11,34,73,86,88,100,120,113,148,148,142,196,188,194,128,151,83,79
2026-03-15,113,상무                ,승차,24,41,73,81,127,191,187,215,212,215,232,184,202,135,243,155,105,76,24
2026-03-15,113,상무                ,하차,12,20,27,69,115,140,184,183,227,215,211,186,232,184,206,97,103,67,72
2026-03-15,114,컨벤션센터          ,승차,10,10,21,20,35,66,86,248,135,161,108,107,187,403,"1,738",173,29,14,18
2026-03-15,114,컨벤션센터          ,하차,4,20,15,67,274,149,204,242,366,667,877,44,86,66,53,36,32,18,12
2026-03-15,115,공항                ,승차,13,12,13,27,82,66,66,76,53,61,68,78,67,31,34,22,16,5,5
2026-03-15,115,공항                ,하차,8,7,19,38,34,25,49,45,54,66,79,60,70,61,58,20,29,16,14
2026-03-15,116,송정공원            ,승차,23,34,52,66,125,98,118,130,153,141,123,117,106,69,61,37,32,15,63
2026-03-15,116,송정공원            ,하차,12,24,21,64,56,72,72,82,97,98,99,182,185,121,172,136,75,76,32
2026-03-15,117,광주송정            ,승차,12,28,50,148,354,323,565,702,475,734,416,371,597,289,307,359,377,138,255
2026-03-15,117,광주송정            ,하차,45,42,143,120,211,382,299,309,286,305,323,462,443,477,"1,849",543,215,133,34
2026-03-15,118,도산                ,승차,13,34,41,77,82,82,67,96,87,82,70,53,72,46,66,37,26,14,12
2026-03-15,118,도산                ,하차,10,7,43,27,37,40,44,58,50,61,63,95,134,87,61,66,51,42,23
2026-03-15,119,평동                ,승차,21,21,43,42,56,61,69,93,76,70,116,74,106,47,40,26,12,6,9
2026-03-15,119,평동                ,하차,8,27,54,53,43,38,39,51,84,54,87,99,87,81,78,61,48,13,30
2026-03-16,100,녹동                ,승차,1,5,27,30,11,9,9,12,13,12,5,8,30,32,1,0,0,2,0
2026-03-16,100,녹동                ,하차,0,6,9,23,2,3,3,13,0,8,14,18,20,20,9,0,2,5,2
2026-03-16,101,소태                ,승차,44,88,245,410,183,141,121,160,158,122,119,170,139,163,42,45,49,17,9
2026-03-16,101,소태                ,하차,1,41,89,226,80,85,104,95,109,124,191,158,254,282,139,112,106,69,37
2026-03-16,102,학동증심사          ,승차,38,49,135,245,190,132,191,128,165,124,157,187,257,182,68,42,40,36,26
2026-03-16,102,학동증심사          ,하차,3,34,149,259,134,125,122,121,131,138,149,168,229,209,77,79,66,40,40
2026-03-16,103,남광주              ,승차,35,138,301,393,244,238,269,243,286,364,449,546,792,435,133,127,148,91,119
2026-03-16,103,남광주              ,하차,11,185,314,"1,023",700,443,330,399,363,330,265,257,312,397,150,120,114,71,46
2026-03-16,104,문화전당            ,승차,19,29,56,82,51,82,130,151,159,190,217,280,385,500,204,175,164,163,78
2026-03-16,104,문화전당            ,하차,5,48,113,575,258,165,178,174,208,187,156,155,216,276,143,68,60,24,54
2026-03-16,105,금남로4가           ,승차,20,79,169,245,150,141,178,281,246,334,363,425,422,517,220,181,231,90,25
2026-03-16,105,금남로4가           ,하차,25,43,188,657,404,286,326,264,345,270,239,216,327,266,140,103,64,36,31
2026-03-16,106,금남로5가           ,승차,23,62,125,173,93,97,93,90,134,165,169,203,210,342,81,86,123,34,9
2026-03-16,106,금남로5가           ,하차,21,28,116,554,186,149,147,164,163,122,111,103,136,184,60,49,45,25,19
2026-03-16,107,양동시장            ,승차,28,65,188,245,153,137,157,164,183,211,199,227,224,281,60,39,24,12,18
2026-03-16,107,양동시장            ,하차,19,29,95,331,162,153,181,159,219,206,207,205,217,176,84,51,51,29,21
2026-03-16,108,돌고개              ,승차,42,93,194,328,161,133,129,130,133,114,100,113,133,127,61,27,26,20,13
2026-03-16,108,돌고개              ,하차,10,22,54,177,95,83,114,101,117,121,151,184,222,278,135,94,90,56,31
2026-03-16,109,농성                ,승차,57,98,256,461,222,201,170,201,203,175,196,172,191,263,96,80,63,50,10
2026-03-16,109,농성                ,하차,17,46,115,295,171,118,150,147,156,185,217,228,294,399,159,106,99,58,28
2026-03-16,110,화정                ,승차,33,91,279,415,184,143,129,114,143,135,145,127,128,129,75,37,30,95,11
2026-03-16,110,화정                ,하차,9,17,160,201,92,86,102,84,98,110,111,155,227,260,130,75,83,64,32
2026-03-16,111,쌍촌                ,승차,76,155,353,577,214,165,412,158,161,148,110,217,168,153,87,61,102,30,24
2026-03-16,111,쌍촌                ,하차,9,19,88,211,93,77,88,76,96,134,156,211,317,448,214,118,116,91,51
2026-03-16,112,운천                ,승차,56,141,379,564,361,190,187,190,173,160,190,275,245,293,131,119,132,63,53
2026-03-16,112,운천                ,하차,16,31,135,477,170,127,106,137,164,153,166,202,412,550,234,182,139,115,71
2026-03-16,113,상무                ,승차,68,104,423,563,289,253,278,248,273,277,289,317,349,478,195,161,176,88,34
2026-03-16,113,상무                ,하차,40,73,169,726,329,200,237,196,249,285,303,376,527,602,230,112,143,137,46
2026-03-16,114,컨벤션센터          ,승차,12,21,97,154,85,74,46,63,75,70,95,83,133,146,39,31,48,12,17
2026-03-16,114,컨벤션센터          ,하차,7,19,74,220,95,86,71,62,55,66,69,47,120,138,54,30,34,21,7
2026-03-16,115,공항                ,승차,16,29,149,190,115,69,51,87,77,62,62,72,87,99,49,21,19,14,5
2026-03-16,115,공항                ,하차,6,30,78,124,46,45,69,50,77,86,68,103,118,106,51,33,30,27,23
2026-03-16,116,송정공원            ,승차,39,148,571,483,233,165,174,159,169,146,140,174,233,288,91,66,48,32,10
2026-03-16,116,송정공원            ,하차,21,62,162,283,137,102,123,151,168,160,208,272,484,422,236,116,153,122,49
2026-03-16,117,광주송정            ,승차,22,85,406,481,328,271,305,366,214,304,238,331,493,352,254,208,186,64,318
2026-03-16,117,광주송정            ,하차,111,109,433,431,286,377,238,251,251,263,287,285,358,410,237,161,133,123,39
2026-03-16,118,도산                ,승차,28,80,335,299,134,101,96,113,107,92,78,89,146,163,67,43,23,16,18
2026-03-16,118,도산                ,하차,9,22,75,110,49,69,90,100,87,78,121,138,240,194,131,65,66,95,25
2026-03-16,119,평동                ,승차,12,23,88,89,84,60,65,90,85,78,133,188,564,301,281,150,65,10,12
2026-03-16,119,평동                ,하차,32,254,843,306,57,54,72,69,51,44,76,82,74,104,81,39,37,31,15
2026-03-17,100,녹동                ,승차,1,5,31,25,11,14,50,18,9,12,7,6,25,36,3,1,0,4,0
2026-03-17,100,녹동                ,하차,0,3,9,31,7,4,15,13,6,13,9,13,18,20,10,2,3,2,0
2026-03-17,101,소태                ,승차,35,91,264,401,207,108,124,130,168,128,102,256,137,139,70,36,36,22,3
2026-03-17,101,소태                ,하차,2,53,93,230,93,77,105,126,126,109,131,150,238,288,124,107,98,65,33
2026-03-17,102,학동증심사          ,승차,36,67,148,248,165,134,143,159,199,182,138,170,357,188,72,57,24,39,16
2026-03-17,102,학동증심사          ,하차,5,47,152,241,167,123,126,158,164,119,148,202,197,208,91,77,47,41,32
2026-03-17,103,남광주              ,승차,45,144,297,420,244,262,303,283,276,377,499,555,753,408,179,125,164,79,56
2026-03-17,103,남광주              ,하차,8,192,299,"1,136",725,370,298,396,377,282,236,236,327,412,146,127,120,81,55
2026-03-17,104,문화전당            ,승차,17,27,66,83,76,74,150,200,153,134,215,269,343,454,183,156,171,158,72
2026-03-17,104,문화전당            ,하차,10,42,117,654,248,146,178,186,241,140,143,119,214,229,113,67,51,27,42
2026-03-17,105,금남로4가           ,승차,20,76,167,252,131,124,199,219,239,311,390,411,431,503,211,182,205,123,31
2026-03-17,105,금남로4가           ,하차,32,45,203,630,377,272,288,276,300,247,226,253,329,249,146,81,69,47,39
2026-03-17,106,금남로5가           ,승차,21,62,117,189,96,86,89,112,138,142,187,271,206,343,133,96,111,32,23
2026-03-17,106,금남로5가           ,하차,21,24,114,543,215,133,138,176,146,116,115,98,184,165,78,50,51,21,28
2026-03-17,107,양동시장            ,승차,29,66,165,260,151,157,160,143,194,140,198,233,243,238,60,49,20,18,6
2026-03-17,107,양동시장            ,하차,15,35,104,315,192,167,178,162,186,185,221,181,194,183,77,50,52,28,23
2026-03-17,108,돌고개              ,승차,39,88,228,347,192,115,133,105,139,100,92,94,132,118,71,30,22,21,17
2026-03-17,108,돌고개              ,하차,11,23,51,169,123,77,91,119,143,102,171,184,226,301,135,91,86,63,24
2026-03-17,109,농성                ,승차,49,101,272,474,214,137,160,188,199,172,197,190,210,256,94,86,57,45,27
2026-03-17,109,농성                ,하차,11,48,130,298,167,131,151,145,183,149,205,224,296,351,160,96,98,52,42
2026-03-17,110,화정                ,승차,35,83,289,409,202,135,134,156,109,112,117,125,130,132,57,43,33,86,15
2026-03-17,110,화정                ,하차,10,18,150,216,100,86,71,94,84,106,107,147,216,287,125,82,94,68,47
2026-03-17,111,쌍촌                ,승차,73,166,365,589,278,353,137,177,154,112,123,204,185,157,82,37,84,21,8
2026-03-17,111,쌍촌                ,하차,7,21,87,206,96,73,80,102,93,113,157,203,308,403,160,133,131,86,30
2026-03-17,112,운천                ,승차,40,142,413,591,355,187,153,192,190,144,144,259,259,300,107,100,138,81,34
2026-03-17,112,운천                ,하차,21,42,149,491,173,96,119,127,142,155,168,221,444,540,265,149,203,111,66
2026-03-17,113,상무                ,승차,51,130,429,552,290,267,240,275,297,231,317,286,352,456,219,159,169,87,53
2026-03-17,113,상무                ,하차,44,75,162,727,316,245,218,233,238,260,327,364,537,545,265,133,115,134,56
2026-03-17,114,컨벤션센터          ,승차,13,30,117,165,90,59,48,50,73,86,86,74,131,145,44,44,53,14,8
2026-03-17,114,컨벤션센터          ,하차,6,19,76,229,79,82,73,53,69,63,81,70,119,145,60,36,27,25,21
2026-03-17,115,공항                ,승차,13,27,156,179,103,68,50,98,67,64,84,62,93,106,37,32,17,5,6
2026-03-17,115,공항                ,하차,6,36,68,85,45,39,64,55,62,53,81,99,98,121,45,32,27,26,21
2026-03-17,116,송정공원            ,승차,41,159,569,520,288,159,172,191,201,128,135,240,213,271,90,65,52,34,46
2026-03-17,116,송정공원            ,하차,23,66,167,318,133,108,142,160,191,181,227,289,460,426,242,129,169,125,39
2026-03-17,117,광주송정            ,승차,20,61,325,414,239,182,237,280,162,190,228,294,432,403,244,170,190,92,77
2026-03-17,117,광주송정            ,하차,49,106,415,399,221,283,192,227,236,221,265,280,398,407,231,149,94,141,33
2026-03-17,118,도산                ,승차,35,80,348,302,144,91,88,122,91,62,65,91,126,165,72,51,33,24,20
2026-03-17,118,도산                ,하차,8,27,89,116,58,60,66,73,70,67,101,143,212,233,118,82,60,127,27
2026-03-17,119,평동                ,승차,22,25,114,134,85,61,90,94,86,61,128,190,583,290,285,126,73,23,23
2026-03-17,119,평동                ,하차,38,279,840,382,110,63,80,69,65,55,62,67,79,89,80,42,34,52,13
2026-03-18,100,녹동                ,승차,1,4,30,34,14,9,14,14,5,8,5,6,16,33,0,0,3,3,0
2026-03-18,100,녹동                ,하차,0,0,10,28,2,2,1,9,2,17,5,10,20,14,9,3,3,5,0
2026-03-18,101,소태                ,승차,33,89,233,372,182,110,126,130,117,89,125,107,133,143,48,44,32,22,9
2026-03-18,101,소태                ,하차,2,38,98,182,75,75,90,114,105,122,142,174,198,245,106,94,88,70,37
2026-03-18,102,학동증심사          ,승차,46,45,133,254,155,121,148,123,125,159,225,308,133,128,60,63,34,21,63
2026-03-18,102,학동증심사          ,하차,7,37,137,219,129,104,106,121,121,108,179,160,176,184,78,61,71,35,31
2026-03-18,103,남광주              ,승차,33,125,256,358,222,257,289,304,221,295,366,459,693,422,141,101,157,66,47
2026-03-18,103,남광주              ,하차,8,171,261,"1,037",658,369,229,258,424,233,253,252,280,368,163,120,102,123,50
2026-03-18,104,문화전당            ,승차,15,29,70,102,74,73,112,152,153,146,300,243,306,424,179,165,194,168,60
2026-03-18,104,문화전당            ,하차,9,35,123,622,273,160,190,210,203,125,118,199,189,240,107,62,44,31,29
2026-03-18,105,금남로4가           ,승차,17,72,144,250,148,140,159,198,221,266,376,333,411,477,209,142,172,161,29
2026-03-18,105,금남로4가           ,하차,27,42,175,643,366,247,250,212,268,219,239,209,254,278,129,92,80,38,27
2026-03-18,106,금남로5가           ,승차,16,62,110,179,193,59,72,77,121,140,231,211,202,310,95,109,99,37,27
2026-03-18,106,금남로5가           ,하차,23,25,100,564,313,150,122,157,128,118,101,109,159,183,69,36,41,22,24
2026-03-18,107,양동시장            ,승차,24,57,158,211,119,112,116,127,128,166,151,192,202,262,51,40,24,16,13
2026-03-18,107,양동시장            ,하차,17,34,88,316,133,151,136,136,141,140,174,142,164,170,67,69,49,26,34
2026-03-18,108,돌고개              ,승차,40,84,197,349,137,134,111,113,117,89,95,105,131,126,43,36,31,24,13
2026-03-18,108,돌고개              ,하차,13,17,50,171,112,49,97,113,115,87,140,177,199,270,112,82,83,56,31
2026-03-18,109,농성                ,승차,44,93,253,450,204,132,153,168,169,152,179,202,204,262,85,72,63,47,14
2026-03-18,109,농성                ,하차,5,46,121,281,147,98,154,129,155,166,202,205,254,374,127,110,85,63,34
2026-03-18,110,화정                ,승차,33,84,255,603,147,126,117,141,123,107,122,124,130,118,68,44,37,55,15
2026-03-18,110,화정                ,하차,7,25,140,184,70,65,71,84,77,103,125,157,196,280,112,85,89,73,40
2026-03-18,111,쌍촌                ,승차,58,161,307,564,217,137,116,149,139,119,250,124,144,110,67,61,89,26,162
2026-03-18,111,쌍촌                ,하차,7,19,79,199,89,63,87,87,80,108,157,166,310,444,174,99,115,97,62
2026-03-18,112,운천                ,승차,41,130,376,575,221,148,241,166,160,147,232,211,231,321,98,90,103,80,42
2026-03-18,112,운천                ,하차,10,33,120,464,133,105,82,107,167,112,156,232,411,530,247,172,147,102,70
2026-03-18,113,상무                ,승차,41,98,379,567,242,247,250,231,213,231,276,298,349,462,205,166,160,121,45
2026-03-18,113,상무                ,하차,40,67,143,688,294,205,216,196,209,235,309,417,472,607,186,127,121,135,69
2026-03-18,114,컨벤션센터          ,승차,11,29,91,159,65,51,48,52,64,63,79,104,106,138,33,40,41,13,4
2026-03-18,114,컨벤션센터          ,하차,8,18,79,219,89,62,74,62,52,42,55,76,123,128,43,33,25,34,12
2026-03-18,115,공항                ,승차,13,32,152,192,92,47,66,56,73,50,43,65,83,103,24,33,25,7,22
2026-03-18,115,공항                ,하차,10,27,60,73,37,33,43,40,58,62,67,75,110,120,43,29,28,22,25
2026-03-18,116,송정공원            ,승차,41,139,522,492,239,164,155,144,167,156,136,148,216,248,98,57,41,16,10
2026-03-18,116,송정공원            ,하차,25,61,158,295,130,93,117,139,168,163,250,368,344,381,193,108,128,88,54
2026-03-18,117,광주송정            ,승차,17,57,307,373,263,226,235,269,209,235,255,299,423,391,250,178,166,73,78
2026-03-18,117,광주송정            ,하차,38,87,374,378,189,279,208,217,218,237,247,341,321,388,218,118,123,114,27
2026-03-18,118,도산                ,승차,26,81,324,286,114,73,80,108,113,63,69,80,167,169,64,39,29,19,14
2026-03-18,118,도산                ,하차,8,17,61,119,58,55,93,68,69,82,91,207,183,193,119,62,73,98,31
2026-03-18,119,평동                ,승차,26,24,115,116,74,70,56,96,86,105,124,189,607,272,205,125,71,26,11
2026-03-18,119,평동                ,하차,17,298,824,329,86,59,62,69,58,66,94,83,75,93,71,34,36,42,11
2026-03-19,100,녹동                ,승차,1,9,30,26,16,15,12,16,10,15,4,7,21,34,2,1,0,2,0
2026-03-19,100,녹동                ,하차,0,8,14,25,10,12,2,12,8,24,9,12,20,23,7,2,3,2,1
2026-03-19,101,소태                ,승차,30,90,257,371,198,132,116,135,147,93,131,150,173,135,55,29,36,31,15
2026-03-19,101,소태                ,하차,0,39,100,205,77,92,111,117,113,130,161,192,195,246,134,116,106,87,56
2026-03-19,102,학동증심사          ,승차,35,52,150,251,154,134,128,135,174,148,141,247,238,164,62,52,38,30,8
2026-03-19,102,학동증심사          ,하차,2,49,135,249,142,110,95,149,135,112,158,172,173,206,100,78,74,48,21
2026-03-19,103,남광주              ,승차,40,137,291,393,276,279,293,304,324,388,451,534,671,443,162,132,159,89,59
2026-03-19,103,남광주              ,하차,5,189,328,"1,000",678,450,270,375,408,268,298,273,303,423,178,139,125,104,53
2026-03-19,104,문화전당            ,승차,20,26,67,82,77,58,96,144,149,173,243,282,402,477,228,194,200,171,80
2026-03-19,104,문화전당            ,하차,2,43,121,539,269,154,170,173,227,174,172,169,229,267,125,84,45,42,34
2026-03-19,105,금남로4가           ,승차,17,76,155,259,152,154,220,215,263,323,347,430,410,525,218,200,191,139,34
2026-03-19,105,금남로4가           ,하차,30,46,178,655,385,320,318,283,327,270,222,231,343,268,155,82,79,49,26
2026-03-19,106,금남로5가           ,승차,21,58,119,170,173,92,91,100,128,138,203,237,226,351,145,95,127,28,10
2026-03-19,106,금남로5가           ,하차,29,28,109,557,279,148,145,137,147,115,132,102,148,174,68,42,56,22,26
2026-03-19,107,양동시장            ,승차,27,69,172,231,133,167,185,168,215,200,193,229,224,264,73,29,30,17,12
2026-03-19,107,양동시장            ,하차,15,32,104,328,195,154,152,162,236,216,209,177,175,189,70,60,55,39,32
2026-03-19,108,돌고개              ,승차,32,96,235,342,177,121,135,105,129,110,88,98,139,106,66,30,23,35,12
2026-03-19,108,돌고개              ,하차,11,20,43,133,95,84,136,118,114,133,147,192,192,301,140,86,101,74,28
2026-03-19,109,농성                ,승차,44,101,246,484,234,141,195,205,208,204,226,171,247,248,134,102,62,55,20
2026-03-19,109,농성                ,하차,10,47,124,303,162,133,157,170,187,199,239,230,302,386,150,119,90,67,59
2026-03-19,110,화정                ,승차,30,92,277,412,431,117,150,135,158,121,121,122,126,153,74,42,38,88,10
2026-03-19,110,화정                ,하차,11,21,150,209,93,122,106,85,89,99,137,162,205,260,130,82,95,72,41
2026-03-19,111,쌍촌                ,승차,66,168,347,556,248,165,282,193,164,133,130,196,165,143,83,68,82,41,15
2026-03-19,111,쌍촌                ,하차,4,28,76,208,80,61,99,92,98,129,159,189,340,431,171,117,144,88,46
2026-03-19,112,운천                ,승차,47,142,415,542,258,296,186,204,198,166,166,232,249,333,108,109,173,95,46
2026-03-19,112,운천                ,하차,17,37,128,492,162,124,119,132,155,146,131,241,468,557,289,199,152,134,61
2026-03-19,113,상무                ,승차,47,118,412,529,276,284,265,267,284,257,274,313,347,468,219,190,192,90,38
2026-03-19,113,상무                ,하차,36,65,158,698,344,241,230,217,259,275,298,363,519,592,236,142,133,147,60
2026-03-19,114,컨벤션센터          ,승차,12,32,104,139,85,60,50,69,67,66,94,105,116,164,50,47,47,14,4
2026-03-19,114,컨벤션센터          ,하차,6,30,80,246,107,60,61,63,75,68,65,81,121,140,49,31,46,26,16
2026-03-19,115,공항                ,승차,18,31,148,184,125,69,48,83,79,59,42,79,82,88,45,37,8,9,14
2026-03-19,115,공항                ,하차,7,39,77,94,63,46,51,46,60,86,86,88,133,125,46,25,32,37,41
2026-03-19,116,송정공원            ,승차,49,148,546,511,271,182,168,199,173,173,168,184,250,255,117,62,51,30,12
2026-03-19,116,송정공원            ,하차,20,74,158,317,148,139,132,185,183,192,196,318,393,408,195,138,161,116,56
2026-03-19,117,광주송정            ,승차,17,62,298,372,323,186,296,342,203,469,282,377,514,354,275,224,250,106,95
2026-03-19,117,광주송정            ,하차,52,67,432,383,261,302,246,223,250,293,321,312,433,518,288,194,112,125,40
2026-03-19,118,도산                ,승차,33,79,353,294,122,79,81,108,92,88,65,73,162,182,61,43,29,28,23
2026-03-19,118,도산                ,하차,9,25,83,120,51,67,79,52,68,91,99,120,217,220,124,80,77,121,36
2026-03-19,119,평동                ,승차,16,21,120,111,98,66,62,98,90,66,127,217,619,296,217,118,63,34,17
2026-03-19,119,평동                ,하차,34,279,822,375,87,60,93,73,69,66,57,72,94,101,100,53,38,31,14
2026-03-20,100,녹동                ,승차,2,4,32,37,9,10,9,13,10,14,8,9,24,39,2,2,0,0,0
2026-03-20,100,녹동                ,하차,0,7,15,24,3,6,5,7,5,4,8,17,17,21,6,3,2,5,3
2026-03-20,101,소태                ,승차,31,93,256,341,187,144,140,144,171,129,198,143,201,188,72,63,46,30,15
2026-03-20,101,소태                ,하차,1,43,98,204,78,108,121,93,123,162,169,189,274,257,162,131,113,95,66
2026-03-20,102,학동증심사          ,승차,40,59,157,207,188,192,182,128,177,125,514,332,194,187,57,65,44,33,10
2026-03-20,102,학동증심사          ,하차,2,43,140,261,148,157,128,149,146,143,146,173,174,232,99,78,73,51,44
2026-03-20,103,남광주              ,승차,37,137,300,420,287,272,294,324,297,357,394,418,572,375,170,131,143,68,59
2026-03-20,103,남광주              ,하차,9,175,283,755,411,310,267,284,310,277,248,256,365,417,167,132,116,100,58
2026-03-20,104,문화전당            ,승차,26,35,80,93,77,111,118,194,195,203,248,277,414,530,236,247,218,216,96
2026-03-20,104,문화전당            ,하차,6,36,114,553,248,189,223,213,282,242,191,238,280,423,227,141,71,59,60
2026-03-20,105,금남로4가           ,승차,28,74,149,250,148,150,173,247,312,288,407,509,511,550,252,232,233,169,51
2026-03-20,105,금남로4가           ,하차,32,45,185,616,382,313,344,357,354,287,324,335,378,361,120,117,84,54,41
2026-03-20,106,금남로5가           ,승차,25,68,127,173,182,99,106,99,136,137,189,323,305,317,105,119,53,19,16
2026-03-20,106,금남로5가           ,하차,27,25,108,538,266,153,143,169,167,99,110,115,178,222,85,52,67,41,23
2026-03-20,107,양동시장            ,승차,31,69,163,244,123,155,175,156,172,204,237,229,250,290,94,46,36,21,16
2026-03-20,107,양동시장            ,하차,17,41,97,294,172,171,175,186,195,186,216,174,214,223,89,68,76,42,36
2026-03-20,108,돌고개              ,승차,35,91,201,339,144,126,106,125,117,95,126,124,170,158,58,44,35,35,19
2026-03-20,108,돌고개              ,하차,13,18,51,143,82,67,109,119,123,105,174,194,215,287,125,100,114,84,47
2026-03-20,109,농성                ,승차,50,101,243,392,227,164,189,216,245,212,231,270,277,300,144,105,87,66,27
2026-03-20,109,농성                ,하차,11,55,119,310,176,147,176,170,217,239,244,264,374,444,153,124,133,72,64
2026-03-20,110,화정                ,승차,26,95,265,354,419,161,150,139,131,137,145,141,179,148,89,71,48,115,12
2026-03-20,110,화정                ,하차,10,18,156,194,97,75,93,117,131,136,141,191,249,290,125,85,88,75,42
2026-03-20,111,쌍촌                ,승차,64,156,323,523,238,161,270,184,176,129,141,195,193,204,131,65,57,46,10
2026-03-20,111,쌍촌                ,하차,5,24,68,216,79,68,108,108,115,148,182,206,352,419,169,131,137,116,70
2026-03-20,112,운천                ,승차,41,142,390,504,349,201,194,245,175,162,203,294,274,316,156,100,170,130,53
2026-03-20,112,운천                ,하차,19,42,122,485,154,132,152,126,171,188,181,252,448,640,339,251,195,164,96
2026-03-20,113,상무                ,승차,52,117,368,500,214,266,275,240,262,256,321,347,383,577,211,197,221,137,49
2026-03-20,113,상무                ,하차,37,75,172,707,297,238,235,220,294,273,365,451,538,700,289,186,190,156,105
2026-03-20,114,컨벤션센터          ,승차,15,24,91,149,69,56,64,60,98,90,103,96,131,153,56,56,47,16,9
2026-03-20,114,컨벤션센터          ,하차,10,33,83,218,93,58,84,77,79,81,55,91,145,145,60,48,34,32,25
2026-03-20,115,공항                ,승차,19,29,148,189,119,75,94,64,72,71,75,138,124,108,59,79,22,9,10
2026-03-20,115,공항                ,하차,9,34,71,98,63,45,66,57,67,82,86,109,101,117,71,33,45,43,23
2026-03-20,116,송정공원            ,승차,43,142,517,437,202,174,151,177,210,181,156,279,273,252,111,63,57,32,11
2026-03-20,116,송정공원            ,하차,25,72,161,285,125,105,129,163,178,148,194,312,376,375,193,125,171,102,56
2026-03-20,117,광주송정            ,승차,24,62,288,360,242,230,419,441,270,430,362,453,955,567,395,404,377,122,230
2026-03-20,117,광주송정            ,하차,51,95,404,397,307,409,284,306,315,369,345,475,563,703,429,261,170,200,58
2026-03-20,118,도산                ,승차,29,78,324,270,112,94,93,118,115,100,80,111,167,151,79,46,45,37,21
2026-03-20,118,도산                ,하차,6,28,54,115,47,65,83,69,76,104,109,150,217,233,130,92,78,119,43
2026-03-20,119,평동                ,승차,21,16,105,143,83,62,75,96,114,117,136,228,616,322,202,120,49,18,19
2026-03-20,119,평동                ,하차,26,292,808,323,75,71,81,87,71,66,90,91,92,116,83,53,55,52,17
2026-03-21,100,녹동                ,승차,0,1,13,17,15,15,3,12,8,11,12,12,18,5,2,1,1,2,0
2026-03-21,100,녹동                ,하차,0,0,3,3,5,1,9,2,2,13,5,12,11,10,5,5,2,5,0
2026-03-21,101,소태                ,승차,26,50,109,145,216,157,166,202,153,142,132,140,144,101,66,35,39,20,17
2026-03-21,101,소태                ,하차,0,42,55,98,81,82,98,93,119,122,120,147,170,156,108,115,90,75,39
2026-03-21,102,학동증심사          ,승차,26,52,69,135,129,168,148,167,152,152,153,121,137,95,64,40,22,20,9
2026-03-21,102,학동증심사          ,하차,1,38,70,168,154,131,142,97,122,118,119,147,141,159,85,74,59,43,33
2026-03-21,103,남광주              ,승차,26,101,175,246,224,233,247,259,228,201,208,204,218,154,140,131,70,45,29
2026-03-21,103,남광주              ,하차,4,110,184,199,157,164,191,191,199,213,200,201,249,227,117,135,119,78,71
2026-03-21,104,문화전당            ,승차,11,17,33,53,77,102,114,154,199,228,305,401,433,392,327,266,234,232,90
2026-03-21,104,문화전당            ,하차,5,26,59,146,211,230,311,319,454,382,355,313,333,283,218,157,78,52,62
2026-03-21,105,금남로4가           ,승차,16,37,68,113,119,111,153,219,274,302,394,473,471,452,329,248,216,124,76
2026-03-21,105,금남로4가           ,하차,19,29,45,128,259,273,494,402,505,450,368,334,316,250,142,89,84,45,53
2026-03-21,106,금남로5가           ,승차,12,29,39,68,76,68,86,91,117,109,150,175,152,154,96,94,25,22,19
2026-03-21,106,금남로5가           ,하차,10,13,25,73,124,117,153,143,169,125,131,107,98,115,36,51,37,34,22
2026-03-21,107,양동시장            ,승차,24,46,79,99,124,153,192,170,186,216,187,205,193,132,71,54,37,23,11
2026-03-21,107,양동시장            ,하차,17,40,65,112,143,215,195,151,220,202,187,176,174,111,58,47,52,32,20
2026-03-21,108,돌고개              ,승차,25,49,87,103,115,143,159,115,121,92,115,105,128,92,59,33,29,28,8
2026-03-21,108,돌고개              ,하차,6,18,28,79,54,59,79,105,102,99,117,143,137,114,81,101,79,48,40
2026-03-21,109,농성                ,승차,40,64,97,149,151,201,201,215,268,236,255,228,223,170,113,117,59,36,21
2026-03-21,109,농성                ,하차,17,31,69,154,161,161,223,185,228,209,192,220,271,228,120,97,96,52,57
2026-03-21,110,화정                ,승차,21,45,82,109,146,162,139,176,148,138,123,112,125,83,75,71,48,25,13
2026-03-21,110,화정                ,하차,8,18,33,85,72,86,97,109,126,78,105,113,130,133,62,85,59,55,41
2026-03-21,111,쌍촌                ,승차,43,80,112,157,175,196,177,171,163,133,111,117,176,99,83,59,22,24,11
2026-03-21,111,쌍촌                ,하차,6,19,29,80,53,59,99,85,132,130,120,127,144,149,109,120,95,68,67
2026-03-21,112,운천                ,승차,42,74,117,182,207,273,226,210,210,214,186,182,207,180,130,102,136,85,82
2026-03-21,112,운천                ,하차,14,30,62,126,152,133,149,148,156,199,173,187,382,348,260,214,191,132,101
2026-03-21,113,상무                ,승차,29,69,120,156,207,237,248,287,286,282,286,302,286,190,166,171,118,88,48
2026-03-21,113,상무                ,하차,27,44,58,216,236,204,248,264,295,226,267,274,351,339,219,159,120,100,68
2026-03-21,114,컨벤션센터          ,승차,12,20,36,44,54,139,138,166,234,230,240,213,196,170,80,62,41,17,5
2026-03-21,114,컨벤션센터          ,하차,8,27,36,126,235,213,269,238,214,172,161,109,80,51,44,29,19,23,8
2026-03-21,115,공항                ,승차,19,21,53,60,56,74,87,91,53,81,47,74,107,51,34,26,29,8,7
2026-03-21,115,공항                ,하차,10,15,24,53,38,42,70,51,54,59,72,88,73,58,60,32,27,24,17
2026-03-21,116,송정공원            ,승차,40,80,138,176,178,160,173,183,181,174,127,125,188,120,88,53,43,28,12
2026-03-21,116,송정공원            ,하차,24,34,59,94,87,78,120,124,113,166,204,223,242,177,135,130,111,79,48
2026-03-21,117,광주송정            ,승차,12,85,146,269,546,418,451,499,377,389,309,320,575,307,271,302,298,125,135
2026-03-21,117,광주송정            ,하차,41,74,259,217,275,523,321,336,380,363,351,460,457,427,367,296,171,115,25
2026-03-21,118,도산                ,승차,27,42,81,121,111,88,142,119,144,113,97,101,117,63,82,34,35,27,12
2026-03-21,118,도산                ,하차,7,23,49,42,52,45,100,80,77,75,77,103,135,115,87,89,74,49,35
2026-03-21,119,평동                ,승차,19,30,110,86,86,117,134,137,116,110,140,137,289,127,74,37,37,11,16
2026-03-21,119,평동                ,하차,2,167,259,141,72,54,66,82,84,74,90,86,120,96,68,65,80,38,41
2026-03-22,100,녹동                ,승차,0,0,2,8,7,14,8,3,16,4,10,4,10,4,1,2,2,0,0
2026-03-22,100,녹동                ,하차,0,0,1,6,4,6,3,3,8,11,7,9,8,6,3,3,2,0,0
2026-03-22,101,소태                ,승차,15,31,56,63,129,120,52,130,154,125,133,90,114,71,45,50,24,12,5
2026-03-22,101,소태                ,하차,1,31,40,51,62,50,52,59,85,89,124,120,123,132,83,86,54,56,31
2026-03-22,102,학동증심사          ,승차,22,28,24,47,91,94,112,103,95,101,101,106,90,58,53,39,15,10,8
2026-03-22,102,학동증심사          ,하차,1,22,40,63,89,88,112,52,88,78,108,105,103,100,62,66,35,30,39
2026-03-22,103,남광주              ,승차,21,38,75,100,134,154,109,146,155,145,128,149,147,145,104,78,53,34,35
2026-03-22,103,남광주              ,하차,7,55,71,107,78,91,88,129,139,175,126,168,177,193,113,117,102,96,64
2026-03-22,104,문화전당            ,승차,10,17,15,60,53,45,64,107,111,153,236,327,350,297,267,200,193,148,48
2026-03-22,104,문화전당            ,하차,3,39,41,77,111,123,193,237,329,273,248,235,185,167,123,87,66,49,67
2026-03-22,105,금남로4가           ,승차,24,30,46,39,73,113,88,101,164,187,271,313,354,331,294,217,138,77,30
2026-03-22,105,금남로4가           ,하차,9,18,46,66,188,160,213,319,371,343,293,206,169,167,98,72,66,36,43
2026-03-22,106,금남로5가           ,승차,6,16,22,49,195,46,64,50,71,93,116,205,98,85,90,69,32,13,16
2026-03-22,106,금남로5가           ,하차,7,20,23,51,237,91,96,110,183,106,91,56,82,70,32,49,41,29,20
2026-03-22,107,양동시장            ,승차,8,25,36,56,77,105,91,110,115,98,144,118,109,91,54,41,13,18,16
2026-03-22,107,양동시장            ,하차,12,24,36,57,81,100,87,82,107,126,131,115,91,67,50,39,33,28,37
2026-03-22,108,돌고개              ,승차,22,20,45,54,78,96,93,87,94,79,62,61,57,49,44,50,26,12,11
2026-03-22,108,돌고개              ,하차,9,18,18,34,38,45,48,59,74,71,107,101,102,71,72,57,59,48,28
2026-03-22,109,농성                ,승차,22,35,52,66,109,130,115,158,196,177,140,187,168,133,112,92,59,36,14
2026-03-22,109,농성                ,하차,19,22,43,71,95,95,126,112,138,112,143,160,136,157,109,89,65,44,51
2026-03-22,110,화정                ,승차,14,31,52,77,77,85,89,83,83,75,95,82,92,54,65,47,20,31,12
2026-03-22,110,화정                ,하차,3,20,26,26,40,58,37,51,69,53,76,81,112,98,48,61,62,46,35
2026-03-22,111,쌍촌                ,승차,18,44,58,76,126,120,80,104,123,104,113,111,99,82,54,55,25,24,9
2026-03-22,111,쌍촌                ,하차,8,10,18,26,49,40,39,62,72,88,79,125,120,135,100,86,89,58,50
2026-03-22,112,운천                ,승차,32,34,61,93,116,235,110,162,131,116,162,159,190,126,115,93,63,71,36
2026-03-22,112,운천                ,하차,7,19,26,54,76,95,78,85,116,123,140,129,201,199,158,153,124,99,73
2026-03-22,113,상무                ,승차,21,39,88,99,117,152,148,194,173,176,189,163,201,155,123,133,70,55,21
2026-03-22,113,상무                ,하차,11,29,39,65,119,162,110,137,166,165,206,205,226,216,132,105,82,59,75
2026-03-22,114,컨벤션센터          ,승차,11,10,12,18,36,42,45,112,145,125,136,101,99,68,33,31,24,9,10
2026-03-22,114,컨벤션센터          ,하차,9,21,20,40,70,129,162,131,83,103,75,44,56,54,38,36,17,19,16
2026-03-22,115,공항                ,승차,9,7,19,31,54,46,68,53,53,69,46,63,41,34,24,21,15,9,5
2026-03-22,115,공항                ,하차,2,9,26,27,34,49,51,24,47,61,58,80,50,62,51,20,12,20,16
2026-03-22,116,송정공원            ,승차,28,41,54,82,106,92,85,176,125,127,108,126,94,76,51,36,38,14,6
2026-03-22,116,송정공원            ,하차,13,22,22,64,55,65,67,76,84,93,106,124,146,143,152,127,87,68,33
2026-03-22,117,광주송정            ,승차,9,29,59,120,197,222,312,355,272,371,290,258,945,309,280,416,388,159,242
2026-03-22,117,광주송정            ,하차,33,48,160,130,201,392,244,184,239,254,281,354,415,504,406,427,209,100,40
2026-03-22,118,도산                ,승차,15,38,45,64,84,77,84,76,110,88,63,66,48,40,41,31,30,14,15
2026-03-22,118,도산                ,하차,12,12,21,31,34,48,52,42,48,75,82,92,108,72,60,63,48,42,20
2026-03-22,119,평동                ,승차,22,22,50,48,33,96,58,74,94,89,107,71,87,57,52,35,18,8,4
2026-03-22,119,평동                ,하차,7,20,56,63,32,43,28,53,79,59,79,123,79,109,57,75,60,34,17
2026-03-23,100,녹동                ,승차,1,4,29,31,12,21,9,12,12,15,11,10,17,29,2,1,1,0,0
2026-03-23,100,녹동                ,하차,0,7,14,19,1,7,4,8,5,17,19,21,20,19,10,5,2,1,0
2026-03-23,101,소태                ,승차,32,98,265,354,181,128,106,160,145,124,167,126,143,127,47,42,25,20,12
2026-03-23,101,소태                ,하차,2,45,105,203,94,90,104,102,95,107,138,198,206,256,133,103,99,56,39
2026-03-23,102,학동증심사          ,승차,32,56,123,244,173,126,255,138,138,132,148,180,310,174,81,40,41,30,27
2026-03-23,102,학동증심사          ,하차,9,35,129,266,146,151,97,141,172,126,132,171,171,211,82,78,72,48,22
2026-03-23,103,남광주              ,승차,38,150,306,411,295,280,270,265,257,320,439,509,727,417,148,130,165,86,42
2026-03-23,103,남광주              ,하차,8,181,317,994,731,459,338,351,387,297,264,266,282,417,167,132,98,74,38
2026-03-23,104,문화전당            ,승차,15,30,69,81,63,94,109,136,162,168,190,238,286,459,211,186,167,139,74
2026-03-23,104,문화전당            ,하차,5,44,106,561,258,139,163,144,185,168,142,164,220,260,121,61,40,32,38
2026-03-23,105,금남로4가           ,승차,22,78,161,246,174,181,162,272,237,298,333,354,431,490,202,186,163,107,42
2026-03-23,105,금남로4가           ,하차,33,48,214,658,386,267,288,279,320,238,224,233,300,276,133,78,60,41,34
2026-03-23,106,금남로5가           ,승차,21,67,120,174,110,117,94,91,133,151,176,214,198,351,91,84,119,24,16
2026-03-23,106,금남로5가           ,하차,23,28,113,537,228,139,154,152,173,145,104,97,159,183,70,38,42,30,31
2026-03-23,107,양동시장            ,승차,33,66,183,232,156,194,136,164,166,174,187,215,228,296,68,24,62,23,12
2026-03-23,107,양동시장            ,하차,10,34,99,307,179,190,168,171,187,189,208,166,193,179,62,72,49,32,21
2026-03-23,108,돌고개              ,승차,36,93,222,354,253,130,108,133,132,117,111,99,110,119,41,33,26,18,13
2026-03-23,108,돌고개              ,하차,12,20,53,162,105,96,102,110,131,143,182,179,201,284,122,99,74,52,24
2026-03-23,109,농성                ,승차,54,104,242,475,217,174,183,224,208,199,189,183,219,239,89,78,66,49,9
2026-03-23,109,농성                ,하차,8,47,118,291,180,163,193,133,190,171,238,222,297,420,166,112,91,76,40
2026-03-23,110,화정                ,승차,36,89,267,631,194,155,150,133,141,126,133,135,135,122,66,41,40,92,8
2026-03-23,110,화정                ,하차,9,20,150,208,130,95,92,107,86,117,157,151,206,284,100,62,80,69,34
2026-03-23,111,쌍촌                ,승차,75,173,399,564,275,191,124,195,304,128,113,196,181,155,64,49,85,28,11
2026-03-23,111,쌍촌                ,하차,4,22,97,210,98,78,121,111,99,123,148,184,310,414,191,140,127,88,46
2026-03-23,112,운천                ,승차,45,134,418,523,267,293,160,197,171,179,163,286,205,316,113,119,141,71,38
2026-03-23,112,운천                ,하차,14,40,122,495,156,130,124,154,146,146,196,232,449,502,234,142,131,122,71
2026-03-23,113,상무                ,승차,54,114,413,546,271,279,261,280,248,279,282,288,302,466,223,148,157,107,39
2026-03-23,113,상무                ,하차,43,55,162,728,352,225,221,229,267,249,312,293,522,592,224,143,130,140,48
2026-03-23,114,컨벤션센터          ,승차,11,30,109,152,104,67,57,69,90,117,89,70,120,160,32,36,30,18,32
2026-03-23,114,컨벤션센터          ,하차,8,22,84,220,94,95,59,72,98,91,75,80,121,119,37,42,37,23,17
2026-03-23,115,공항                ,승차,18,31,150,206,127,53,61,72,53,51,53,92,78,104,32,20,23,4,4
2026-03-23,115,공항                ,하차,8,32,69,104,42,33,59,35,50,84,84,99,104,129,54,28,39,23,27
2026-03-23,116,송정공원            ,승차,55,126,537,530,286,246,188,188,130,203,241,187,231,271,101,80,40,24,18
2026-03-23,116,송정공원            ,하차,26,57,182,319,209,147,155,211,206,150,197,279,451,411,207,137,155,105,46
2026-03-23,117,광주송정            ,승차,24,76,370,481,311,301,364,396,238,363,297,384,609,383,249,187,202,89,72
2026-03-23,117,광주송정            ,하차,99,123,453,411,297,412,283,269,263,284,324,288,364,420,197,141,104,112,35
2026-03-23,118,도산                ,승차,16,87,346,287,173,89,70,120,97,81,73,101,150,151,50,34,39,29,7
2026-03-23,118,도산                ,하차,5,25,85,122,38,80,85,64,60,76,113,145,218,217,100,84,65,108,14
2026-03-23,119,평동                ,승차,18,25,85,97,85,63,64,92,102,68,108,178,602,289,263,128,60,21,12
2026-03-23,119,평동                ,하차,37,244,837,368,89,55,67,61,78,71,55,81,78,82,80,38,29,60,10
2026-03-24,100,녹동                ,승차,1,7,32,28,13,14,11,11,16,13,9,6,14,30,2,0,0,1,0
2026-03-24,100,녹동                ,하차,0,8,11,26,6,3,1,9,4,11,10,23,19,15,7,4,2,6,2
2026-03-24,101,소태                ,승차,33,89,263,411,180,132,130,138,139,98,95,145,160,132,50,33,32,28,19
2026-03-24,101,소태                ,하차,2,40,101,221,102,89,117,110,112,112,173,182,219,254,119,104,92,64,39
2026-03-24,102,학동증심사          ,승차,32,51,159,233,146,120,139,140,140,133,153,183,342,192,56,42,32,16,60
2026-03-24,102,학동증심사          ,하차,3,40,144,255,159,92,107,134,144,130,155,167,197,204,84,81,56,43,40
2026-03-24,103,남광주              ,승차,32,147,303,399,272,286,284,288,221,317,486,582,741,398,137,164,153,82,60
2026-03-24,103,남광주              ,하차,5,171,314,"1,096",732,412,295,385,384,299,216,218,347,439,161,133,95,66,49
2026-03-24,104,문화전당            ,승차,13,27,65,86,65,61,87,137,150,156,246,256,290,464,211,185,260,169,61
2026-03-24,104,문화전당            ,하차,3,39,113,593,234,165,169,152,238,180,135,136,243,336,101,75,44,28,45
2026-03-24,105,금남로4가           ,승차,25,91,173,271,144,130,195,199,275,319,317,325,529,466,255,192,230,130,33
2026-03-24,105,금남로4가           ,하차,31,45,190,657,363,295,291,277,305,224,243,210,339,355,169,68,60,29,32
2026-03-24,106,금남로5가           ,승차,28,64,118,180,88,91,105,108,141,148,151,200,361,362,82,69,40,18,10
2026-03-24,106,금남로5가           ,하차,25,31,129,559,220,144,138,154,159,110,91,97,135,175,58,36,41,20,20
2026-03-24,107,양동시장            ,승차,27,74,160,255,139,175,163,166,194,199,219,207,215,264,63,45,25,20,16
2026-03-24,107,양동시장            ,하차,17,37,103,338,180,193,180,155,172,181,205,148,187,206,68,50,45,25,33
2026-03-24,108,돌고개              ,승차,37,91,238,372,171,126,115,127,136,100,126,114,134,128,57,38,42,22,8
2026-03-24,108,돌고개              ,하차,11,16,41,146,110,76,121,124,120,114,171,196,246,269,127,108,79,77,32
2026-03-24,109,농성                ,승차,49,108,256,498,213,166,189,180,201,181,219,199,223,271,102,83,67,36,19
2026-03-24,109,농성                ,하차,15,45,138,325,160,134,172,123,189,186,223,203,300,402,128,94,124,53,48
2026-03-24,110,화정                ,승차,32,106,250,637,195,146,116,143,119,149,142,104,233,122,61,49,24,26,10
2026-03-24,110,화정                ,하차,8,25,147,214,87,101,101,107,76,90,137,158,229,253,123,80,79,86,35
2026-03-24,111,쌍촌                ,승차,73,168,377,593,245,162,296,173,177,121,118,107,338,146,56,32,47,22,17
2026-03-24,111,쌍촌                ,하차,11,22,91,209,94,74,95,84,95,120,152,206,348,388,187,136,142,89,43
2026-03-24,112,운천                ,승차,41,135,417,596,273,279,176,178,187,167,158,200,344,281,106,112,85,89,41
2026-03-24,112,운천                ,하차,15,32,149,480,158,95,120,101,147,144,195,228,442,553,221,166,145,111,73
2026-03-24,113,상무                ,승차,46,124,409,567,283,215,290,269,253,221,255,272,366,455,206,169,151,89,37
2026-03-24,113,상무                ,하차,40,63,169,711,371,220,270,190,243,272,303,360,546,588,246,151,165,114,55
2026-03-24,114,컨벤션센터          ,승차,16,32,118,170,69,107,47,70,72,84,92,81,134,143,39,41,34,21,5
2026-03-24,114,컨벤션센터          ,하차,9,26,75,219,102,106,58,73,69,70,80,71,105,136,50,42,33,27,6
2026-03-24,115,공항                ,승차,15,30,168,175,109,68,85,73,70,78,65,80,85,77,46,38,11,3,9
2026-03-24,115,공항                ,하차,7,44,72,84,49,32,61,56,72,75,90,86,117,112,40,39,18,16,20
2026-03-24,116,송정공원            ,승차,46,155,581,539,307,186,212,195,161,154,253,151,236,309,90,64,46,34,11
2026-03-24,116,송정공원            ,하차,25,60,170,412,155,107,132,243,189,143,222,268,537,441,231,140,154,94,51
2026-03-24,117,광주송정            ,승차,21,66,304,402,283,232,258,300,210,269,207,383,437,388,274,209,172,78,74
2026-03-24,117,광주송정            ,하차,45,103,382,430,281,267,223,240,211,216,277,312,386,471,236,140,107,97,49
2026-03-24,118,도산                ,승차,30,80,330,320,176,94,81,124,89,76,55,91,143,167,72,42,29,32,16
2026-03-24,118,도산                ,하차,7,21,77,149,58,62,67,86,61,88,83,128,257,238,95,78,71,67,33
2026-03-24,119,평동                ,승차,21,23,132,127,70,57,61,114,84,72,106,201,618,304,269,121,71,11,8
2026-03-24,119,평동                ,하차,20,316,878,352,113,58,77,56,56,63,64,66,84,96,76,36,27,20,10
2026-03-25,100,녹동                ,승차,1,7,23,28,19,10,17,13,16,9,13,5,22,34,2,1,0,0,0
2026-03-25,100,녹동                ,하차,0,4,10,26,6,6,7,5,11,12,6,13,26,16,11,3,3,3,0
2026-03-25,101,소태                ,승차,40,84,257,376,211,124,109,147,177,118,130,151,131,157,64,43,35,26,21
2026-03-25,101,소태                ,하차,2,37,97,208,79,98,105,80,116,144,162,190,230,286,133,117,116,67,64
2026-03-25,102,학동증심사          ,승차,29,66,146,246,182,173,130,143,136,175,160,370,145,150,57,44,28,21,16
2026-03-25,102,학동증심사          ,하차,2,42,138,260,142,155,113,134,140,149,169,205,188,191,75,80,62,57,34
2026-03-25,103,남광주              ,승차,39,158,309,401,249,254,307,312,242,280,448,485,725,373,159,167,162,79,116
2026-03-25,103,남광주              ,하차,8,177,320,"1,100",626,375,270,303,420,265,306,277,332,365,139,114,125,73,46
2026-03-25,104,문화전당            ,승차,17,34,61,92,59,82,101,153,165,157,300,256,367,482,211,195,225,159,86
2026-03-25,104,문화전당            ,하차,8,30,125,576,259,190,193,227,231,158,191,235,233,295,118,79,37,48,30
2026-03-25,105,금남로4가           ,승차,15,86,160,269,146,174,224,229,237,308,431,419,441,502,209,179,196,129,33
2026-03-25,105,금남로4가           ,하차,32,54,188,674,389,311,288,244,329,263,243,242,286,317,169,88,63,53,31
2026-03-25,106,금남로5가           ,승차,22,66,121,183,108,104,75,82,118,169,249,232,286,304,90,89,85,23,30
2026-03-25,106,금남로5가           ,하차,29,37,108,549,230,167,148,156,160,145,122,98,146,182,70,39,38,30,25
2026-03-25,107,양동시장            ,승차,25,65,165,261,125,153,146,148,173,166,216,240,220,262,69,50,36,14,15
2026-03-25,107,양동시장            ,하차,13,36,100,331,181,166,158,164,188,231,184,183,176,185,78,75,60,25,24
2026-03-25,108,돌고개              ,승차,37,97,239,354,166,113,105,139,119,107,118,111,142,153,49,33,29,11,8
2026-03-25,108,돌고개              ,하차,14,23,58,159,124,62,103,106,119,82,174,212,183,298,127,111,93,57,39
2026-03-25,109,농성                ,승차,51,114,257,494,228,164,199,183,226,155,218,196,226,268,118,73,63,39,6
2026-03-25,109,농성                ,하차,10,55,138,292,147,130,171,151,174,182,244,242,285,405,130,111,106,56,38
2026-03-25,110,화정                ,승차,26,99,283,423,170,145,149,146,143,98,114,157,135,140,69,48,53,65,8
2026-03-25,110,화정                ,하차,9,21,147,210,84,88,81,89,104,69,138,171,196,262,117,78,81,62,40
2026-03-25,111,쌍촌                ,승차,74,163,341,623,333,157,167,170,190,211,261,126,165,136,71,55,52,26,39
2026-03-25,111,쌍촌                ,하차,4,24,92,212,94,80,86,87,91,109,176,181,300,420,169,158,133,94,46
2026-03-25,112,운천                ,승차,37,142,413,575,241,161,167,285,167,172,293,210,244,299,125,106,117,80,45
2026-03-25,112,운천                ,하차,16,35,112,512,139,115,132,118,136,132,182,214,448,544,270,184,141,109,72
2026-03-25,113,상무                ,승차,40,122,398,566,244,266,245,250,261,263,322,265,342,472,198,195,161,123,30
2026-03-25,113,상무                ,하차,41,59,157,714,314,182,210,241,276,250,304,442,467,581,231,129,141,136,56
2026-03-25,114,컨벤션센터          ,승차,13,27,112,163,97,74,66,53,89,59,82,82,137,122,37,59,38,19,10
2026-03-25,114,컨벤션센터          ,하차,4,31,76,256,109,69,62,53,51,52,56,89,124,142,59,32,33,31,10
2026-03-25,115,공항                ,승차,13,34,148,201,107,61,68,50,54,76,72,70,89,81,37,38,22,9,12
2026-03-25,115,공항                ,하차,6,38,79,106,32,39,52,42,48,77,104,117,103,108,49,40,24,33,31
2026-03-25,116,송정공원            ,승차,47,141,540,513,244,134,237,164,198,130,251,175,221,231,73,60,66,22,15
2026-03-25,116,송정공원            ,하차,27,70,175,350,115,96,112,221,166,145,249,389,354,389,214,142,165,93,38
2026-03-25,117,광주송정            ,승차,22,76,292,395,249,214,273,290,205,275,228,314,473,411,343,194,200,100,163
2026-03-25,117,광주송정            ,하차,43,107,405,406,248,289,240,227,209,236,306,363,388,396,250,143,112,113,27
2026-03-25,118,도산                ,승차,31,81,327,300,124,80,80,99,119,82,68,84,153,170,77,64,31,26,22
2026-03-25,118,도산                ,하차,9,26,80,137,53,57,80,63,59,66,87,221,167,251,103,71,61,89,25
2026-03-25,119,평동                ,승차,23,34,122,138,97,54,52,96,79,56,115,187,647,316,269,150,62,15,7
2026-03-25,119,평동                ,하차,21,311,865,376,81,68,88,68,72,54,54,77,78,93,72,46,47,37,7
2026-03-26,100,녹동                ,승차,1,9,26,30,11,11,13,10,15,11,4,8,24,32,2,3,1,1,0
2026-03-26,100,녹동                ,하차,0,8,15,27,3,1,3,9,9,8,10,16,21,12,6,3,3,2,2
2026-03-26,101,소태                ,승차,41,99,259,387,205,151,125,142,136,115,113,146,168,161,70,36,41,23,13
2026-03-26,101,소태                ,하차,6,41,94,201,86,81,89,128,99,140,161,190,224,275,147,103,130,75,51
2026-03-26,102,학동증심사          ,승차,36,71,138,250,144,147,148,133,140,141,159,277,228,161,59,54,35,33,74
2026-03-26,102,학동증심사          ,하차,5,35,146,244,145,99,109,125,144,129,146,189,182,202,92,87,63,49,23
2026-03-26,103,남광주              ,승차,44,146,306,402,275,288,357,327,273,329,411,529,619,392,196,121,154,117,59
2026-03-26,103,남광주              ,하차,7,158,306,980,621,458,304,372,346,306,244,277,349,441,157,138,131,78,49
2026-03-26,104,문화전당            ,승차,19,35,54,91,79,63,91,134,162,215,247,310,343,474,240,192,218,203,80
2026-03-26,104,문화전당            ,하차,6,41,128,559,233,143,193,216,229,217,154,193,242,326,109,88,59,49,43
2026-03-26,105,금남로4가           ,승차,24,88,155,256,160,138,161,255,257,310,391,430,442,499,199,199,233,136,35
2026-03-26,105,금남로4가           ,하차,27,54,183,672,336,284,331,318,317,254,264,245,325,298,137,70,72,48,30
2026-03-26,106,금남로5가           ,승차,25,56,123,196,95,108,85,105,148,151,167,249,249,315,125,102,127,27,18
2026-03-26,106,금남로5가           ,하차,29,30,117,547,220,134,138,168,178,122,133,111,152,187,73,54,42,31,28
2026-03-26,107,양동시장            ,승차,25,71,184,259,152,152,166,170,208,210,286,901,239,256,75,44,25,20,17
2026-03-26,107,양동시장            ,하차,18,42,129,326,214,189,178,172,229,217,228,182,205,178,88,67,60,30,33
2026-03-26,108,돌고개              ,승차,48,100,220,349,174,116,111,135,139,87,143,92,121,128,52,38,34,24,18
2026-03-26,108,돌고개              ,하차,15,20,59,152,96,83,87,128,118,128,171,188,212,262,137,78,89,62,35
2026-03-26,109,농성                ,승차,44,100,251,484,241,179,200,211,223,205,182,239,263,245,121,104,75,53,15
2026-03-26,109,농성                ,하차,7,50,135,320,172,134,159,161,189,190,227,258,256,416,146,95,118,57,47
2026-03-26,110,화정                ,승차,26,101,280,407,203,135,123,158,121,128,126,129,127,119,62,56,39,91,10
2026-03-26,110,화정                ,하차,9,20,140,208,77,99,92,95,103,86,102,158,229,277,117,85,78,83,53
2026-03-26,111,쌍촌                ,승차,78,172,380,549,366,178,140,173,149,248,131,196,150,150,81,63,89,43,8
2026-03-26,111,쌍촌                ,하차,10,18,108,213,77,88,104,75,96,112,154,198,325,403,170,113,151,106,75
2026-03-26,112,운천                ,승차,41,138,430,581,250,268,198,182,205,156,189,282,277,308,118,116,146,92,51
2026-03-26,112,운천                ,하차,17,40,127,510,154,84,134,130,131,149,182,247,414,546,241,197,154,137,84
2026-03-26,113,상무                ,승차,39,115,404,577,246,250,266,276,249,236,300,291,353,509,212,175,184,112,34
2026-03-26,113,상무                ,하차,37,77,155,725,327,221,212,237,245,273,324,413,470,623,203,160,153,144,77
2026-03-26,114,컨벤션센터          ,승차,15,30,109,172,85,71,116,109,113,99,125,127,166,154,50,36,40,16,10
2026-03-26,114,컨벤션센터          ,하차,7,24,73,261,127,101,126,82,102,88,110,86,110,132,71,43,35,48,17
2026-03-26,115,공항                ,승차,18,24,160,187,72,51,74,99,53,70,52,97,85,104,41,33,14,4,9
2026-03-26,115,공항                ,하차,8,41,69,89,50,44,85,35,54,63,95,108,100,138,74,42,36,43,25
2026-03-26,116,송정공원            ,승차,45,172,511,506,273,170,250,184,150,151,207,276,236,291,102,71,56,25,16
2026-03-26,116,송정공원            ,하차,21,76,174,389,156,111,135,255,204,169,180,329,414,418,200,158,173,130,35
2026-03-26,117,광주송정            ,승차,51,76,310,375,258,242,305,333,197,292,284,380,522,388,235,305,266,90,99
2026-03-26,117,광주송정            ,하차,52,106,426,384,264,374,256,210,295,255,266,356,459,532,248,223,150,141,37
2026-03-26,118,도산                ,승차,34,81,332,306,146,87,82,108,89,94,89,68,152,143,72,51,21,34,13
2026-03-26,118,도산                ,하차,9,33,77,139,51,61,95,83,62,81,113,130,232,189,96,72,80,118,26
2026-03-26,119,평동                ,승차,20,27,118,124,74,58,79,83,91,92,122,182,665,308,235,131,57,17,14
2026-03-26,119,평동                ,하차,35,304,895,340,98,63,84,61,83,55,60,78,84,83,73,40,42,45,22
2026-03-27,100,녹동                ,승차,1,8,35,26,19,15,13,9,9,11,9,14,17,36,5,7,0,0,0
2026-03-27,100,녹동                ,하차,0,8,17,26,3,5,10,9,3,9,17,24,21,21,5,7,3,6,2
2026-03-27,101,소태                ,승차,32,98,251,369,178,153,140,142,190,180,148,168,180,200,78,54,46,22,8
2026-03-27,101,소태                ,하차,1,41,107,196,97,80,98,123,155,183,158,204,239,255,137,113,112,81,53
2026-03-27,102,학동증심사          ,승차,28,59,127,226,158,173,137,140,149,143,160,293,242,156,58,47,48,36,23
2026-03-27,102,학동증심사          ,하차,4,50,129,246,121,124,122,128,151,153,159,175,157,179,91,77,103,51,41
2026-03-27,103,남광주              ,승차,44,134,285,407,298,325,331,314,308,291,340,450,563,336,184,129,135,71,109
2026-03-27,103,남광주              ,하차,7,177,288,808,394,294,224,262,361,269,268,302,354,415,159,115,143,97,62
2026-03-27,104,문화전당            ,승차,20,23,64,90,86,84,113,175,173,218,276,305,379,529,267,202,258,215,109
2026-03-27,104,문화전당            ,하차,5,46,117,568,251,162,218,200,248,218,248,291,298,407,204,110,76,63,48
2026-03-27,105,금남로4가           ,승차,23,95,172,245,150,170,225,226,272,293,385,450,476,546,219,220,255,175,34
2026-03-27,105,금남로4가           ,하차,32,55,199,624,375,307,353,267,372,250,260,320,403,351,203,109,71,43,54
2026-03-27,106,금남로5가           ,승차,26,68,118,167,103,83,100,119,178,148,174,245,313,303,117,95,117,30,17
2026-03-27,106,금남로5가           ,하차,24,32,104,537,196,152,136,154,152,135,135,101,160,220,78,48,61,46,30
2026-03-27,107,양동시장            ,승차,23,76,164,242,270,155,342,165,430,199,253,241,231,310,79,68,50,19,11
2026-03-27,107,양동시장            ,하차,17,45,95,314,199,171,183,188,238,223,211,209,212,190,82,69,59,36,35
2026-03-27,108,돌고개              ,승차,41,87,221,339,153,130,122,120,352,93,136,173,135,138,60,51,38,32,16
2026-03-27,108,돌고개              ,하차,15,25,50,155,101,68,107,100,131,111,135,210,225,295,119,100,98,69,60
2026-03-27,109,농성                ,승차,52,110,243,463,198,210,195,189,213,221,289,285,430,317,128,101,86,48,24
2026-03-27,109,농성                ,하차,10,58,125,309,174,174,177,175,246,236,237,250,349,486,177,123,110,69,77
2026-03-27,110,화정                ,승차,23,100,275,404,211,133,146,138,154,116,147,147,146,156,99,48,54,87,16
2026-03-27,110,화정                ,하차,11,18,146,196,100,104,113,116,103,105,161,174,247,279,127,76,91,81,61
2026-03-27,111,쌍촌                ,승차,79,177,347,527,345,170,252,202,165,149,140,203,198,198,133,72,79,44,24
2026-03-27,111,쌍촌                ,하차,5,19,90,201,93,78,95,112,94,135,168,217,330,419,180,134,137,114,73
2026-03-27,112,운천                ,승차,35,145,388,511,343,215,171,222,187,199,197,336,292,303,161,113,147,126,87
2026-03-27,112,운천                ,하차,20,39,135,506,171,128,135,149,180,157,199,283,413,672,336,232,238,164,125
2026-03-27,113,상무                ,승차,44,122,398,525,232,270,260,226,299,271,284,329,403,566,231,198,179,119,54
2026-03-27,113,상무                ,하차,46,61,160,709,332,196,257,253,273,295,348,424,513,703,288,163,172,140,80
2026-03-27,114,컨벤션센터          ,승차,12,44,108,144,72,59,74,76,83,91,143,138,179,190,62,42,59,21,3
2026-03-27,114,컨벤션센터          ,하차,4,37,80,233,121,90,95,82,94,87,91,101,154,152,47,40,29,40,12
2026-03-27,115,공항                ,승차,14,35,164,176,100,53,68,75,69,74,67,142,102,116,58,45,19,12,5
2026-03-27,115,공항                ,하차,8,38,69,85,39,40,79,71,46,64,69,102,106,115,73,31,38,39,36
2026-03-27,116,송정공원            ,승차,51,138,529,450,220,149,228,193,166,144,260,309,281,293,110,66,57,33,11
2026-03-27,116,송정공원            ,하차,26,71,183,368,155,104,162,204,169,160,193,351,405,330,203,135,158,112,59
2026-03-27,117,광주송정            ,승차,28,74,292,374,298,250,312,396,310,447,298,450,862,543,550,418,389,117,231
2026-03-27,117,광주송정            ,하차,47,112,385,377,289,437,314,307,308,320,343,480,601,756,447,278,190,186,41
2026-03-27,118,도산                ,승차,27,90,312,296,127,72,100,112,137,109,98,106,211,187,60,46,35,20,15
2026-03-27,118,도산                ,하차,8,32,73,117,44,56,107,78,91,98,110,145,226,195,115,84,80,121,40
2026-03-27,119,평동                ,승차,23,37,110,131,81,71,61,100,95,77,146,203,692,293,222,122,36,20,13
2026-03-27,119,평동                ,하차,18,304,846,345,96,58,73,79,75,72,59,84,74,105,70,56,49,42,20
2026-03-28,100,녹동                ,승차,0,0,14,16,9,10,9,4,16,15,6,9,9,9,4,3,0,0,0
2026-03-28,100,녹동                ,하차,0,0,3,3,5,5,6,15,12,6,5,8,18,3,6,10,6,2,0
2026-03-28,101,소태                ,승차,33,62,126,143,171,163,187,144,156,215,141,137,145,120,56,40,45,24,12
2026-03-28,101,소태                ,하차,6,48,66,96,133,92,124,144,116,121,128,153,178,187,124,113,98,78,45
2026-03-28,102,학동증심사          ,승차,29,51,81,105,324,123,191,157,148,127,117,148,125,116,50,33,29,22,65
2026-03-28,102,학동증심사          ,하차,5,47,80,152,136,92,119,94,111,135,106,135,150,115,81,94,58,35,40
2026-03-28,103,남광주              ,승차,49,109,210,233,242,242,234,224,240,235,202,206,238,161,114,107,64,57,42
2026-03-28,103,남광주              ,하차,7,127,148,188,170,171,194,188,208,219,182,195,251,230,130,120,125,90,75
2026-03-28,104,문화전당            ,승차,13,19,40,59,84,101,103,165,186,248,327,394,503,379,358,305,263,193,79
2026-03-28,104,문화전당            ,하차,4,28,57,182,186,218,300,348,415,401,375,336,395,293,186,117,51,58,70
2026-03-28,105,금남로4가           ,승차,18,51,66,76,128,135,182,219,245,311,371,429,475,461,306,256,245,152,43
2026-03-28,105,금남로4가           ,하차,21,24,61,168,252,252,337,439,489,437,346,342,315,261,192,124,62,44,31
2026-03-28,106,금남로5가           ,승차,15,31,42,47,80,87,61,85,114,113,161,176,140,98,82,116,30,21,15
2026-03-28,106,금남로5가           ,하차,13,23,30,77,119,101,149,151,156,93,99,100,96,104,44,51,46,30,17
2026-03-28,107,양동시장            ,승차,27,53,82,97,157,160,200,384,175,180,343,187,177,129,60,48,26,13,8
2026-03-28,107,양동시장            ,하차,21,35,67,110,154,163,178,151,201,196,187,152,133,112,61,75,45,29,28
2026-03-28,108,돌고개              ,승차,32,49,82,116,115,145,139,132,157,108,84,95,119,72,58,46,38,34,17
2026-03-28,108,돌고개              ,하차,15,21,34,65,80,77,88,95,100,100,130,147,162,157,80,86,73,70,42
2026-03-28,109,농성                ,승차,47,65,91,269,315,215,181,285,247,245,208,248,235,193,161,110,62,39,14
2026-03-28,109,농성                ,하차,17,38,76,146,161,183,223,163,211,237,231,210,252,223,131,100,90,69,60
2026-03-28,110,화정                ,승차,27,67,81,110,161,183,138,164,142,123,188,134,128,85,63,76,36,30,17
2026-03-28,110,화정                ,하차,7,16,32,86,100,94,113,124,103,105,115,104,146,139,101,91,69,62,46
2026-03-28,111,쌍촌                ,승차,51,83,129,167,305,181,187,164,159,146,143,154,155,105,68,54,48,34,13
2026-03-28,111,쌍촌                ,하차,9,12,36,70,64,99,83,111,120,123,126,134,174,149,89,120,93,71,73
2026-03-28,112,운천                ,승차,45,67,134,194,212,171,188,200,229,228,261,293,338,221,199,159,134,166,71
2026-03-28,112,운천                ,하차,9,28,54,137,135,127,156,206,213,277,275,323,461,401,279,288,216,129,120
2026-03-28,113,상무                ,승차,30,61,129,172,174,212,234,307,326,336,268,307,294,210,146,166,130,92,52
2026-03-28,113,상무                ,하차,31,52,69,227,255,231,248,217,251,235,272,285,369,307,206,165,139,108,71
2026-03-28,114,컨벤션센터          ,승차,18,18,35,63,51,52,102,120,130,167,175,143,154,138,81,61,48,9,5
2026-03-28,114,컨벤션센터          ,하차,28,34,38,77,135,172,183,155,127,127,132,139,126,68,40,33,24,25,12
2026-03-28,115,공항                ,승차,17,18,41,58,66,71,89,112,68,60,56,81,92,48,37,46,13,5,10
2026-03-28,115,공항                ,하차,9,12,39,36,44,36,67,59,61,59,101,80,72,78,44,33,34,24,29
2026-03-28,116,송정공원            ,승차,29,71,156,158,149,176,194,230,202,185,174,163,160,131,89,43,36,19,10
2026-03-28,116,송정공원            ,하차,14,36,75,118,138,138,152,130,159,153,175,176,229,192,107,132,106,90,39
2026-03-28,117,광주송정            ,승차,199,42,168,295,507,409,504,506,400,443,414,340,629,337,306,323,339,99,170
2026-03-28,117,광주송정            ,하차,66,114,272,235,311,626,392,412,383,405,463,425,481,457,322,311,169,161,29
2026-03-28,118,도산                ,승차,23,45,82,112,111,102,118,143,135,106,96,109,106,57,60,61,34,19,17
2026-03-28,118,도산                ,하차,11,14,44,44,51,50,77,79,65,75,78,75,179,116,77,115,70,55,37
2026-03-28,119,평동                ,승차,26,27,62,63,67,103,95,119,130,108,150,138,289,103,75,41,20,19,7
2026-03-28,119,평동                ,하차,15,80,280,136,69,59,72,65,91,85,110,84,110,87,85,70,83,47,16
2026-03-29,100,녹동                ,승차,0,0,2,12,5,30,25,10,13,3,11,5,10,4,4,0,0,0,0
2026-03-29,100,녹동                ,하차,0,0,2,5,2,12,10,8,5,16,14,6,12,2,7,6,2,1,0
2026-03-29,101,소태                ,승차,14,25,56,68,111,120,110,138,122,170,100,81,81,86,70,43,38,12,7
2026-03-29,101,소태                ,하차,1,29,43,60,67,61,50,67,94,104,124,129,124,124,87,88,64,61,46
2026-03-29,102,학동증심사          ,승차,17,28,44,62,81,79,74,106,126,102,115,94,79,76,50,41,12,12,13
2026-03-29,102,학동증심사          ,하차,2,25,23,51,104,80,96,58,76,112,120,86,90,104,69,59,51,36,38
2026-03-29,103,남광주              ,승차,34,48,96,117,125,163,125,132,151,179,218,164,177,120,109,87,60,50,33
2026-03-29,103,남광주              ,하차,6,55,88,102,96,126,94,103,133,167,173,209,188,167,113,120,145,84,83
2026-03-29,104,문화전당            ,승차,6,21,27,82,58,54,65,96,149,194,257,324,331,324,284,242,207,122,70
2026-03-29,104,문화전당            ,하차,7,38,47,76,96,146,200,235,311,284,263,257,256,221,127,105,58,58,85
2026-03-29,105,금남로4가           ,승차,14,28,28,48,75,101,77,106,157,198,345,360,349,399,269,222,150,89,17
2026-03-29,105,금남로4가           ,하차,18,16,38,85,124,181,236,301,347,364,358,251,225,176,86,85,89,45,53
2026-03-29,106,금남로5가           ,승차,11,17,21,29,62,74,73,62,78,80,103,176,303,136,89,76,33,14,12
2026-03-29,106,금남로5가           ,하차,9,10,23,49,102,98,97,120,147,117,81,75,74,78,52,42,59,26,32
2026-03-29,107,양동시장            ,승차,15,16,36,56,768,"3,706","2,024",113,102,135,113,108,79,59,49,40,17,6,9
2026-03-29,107,양동시장            ,하차,14,30,36,35,68,95,72,72,78,102,119,111,103,95,48,48,37,28,20
2026-03-29,108,돌고개              ,승차,15,27,49,55,79,92,73,72,89,103,81,89,85,63,49,41,29,25,15
2026-03-29,108,돌고개              ,하차,11,17,20,35,26,41,40,57,64,79,94,83,132,130,89,60,67,44,32
2026-03-29,109,농성                ,승차,14,42,59,66,97,124,130,150,140,182,169,175,195,126,107,90,60,39,19
2026-03-29,109,농성                ,하차,14,26,30,76,100,99,112,107,146,151,160,180,177,129,81,107,71,34,64
2026-03-29,110,화정                ,승차,11,29,40,54,86,117,62,115,104,103,94,81,93,67,69,57,30,19,10
2026-03-29,110,화정                ,하차,8,7,23,39,39,74,47,46,67,84,88,94,110,110,91,69,72,32,41
2026-03-29,111,쌍촌                ,승차,23,45,68,82,109,120,99,115,126,110,108,84,199,70,68,51,37,21,9
2026-03-29,111,쌍촌                ,하차,2,14,24,32,45,43,39,67,60,95,105,108,123,158,105,111,88,73,34
2026-03-29,112,운천                ,승차,34,50,65,77,113,136,128,203,214,241,265,316,267,264,200,168,192,96,78
2026-03-29,112,운천                ,하차,7,17,28,63,64,140,145,160,200,274,302,321,350,277,235,240,151,93,65
2026-03-29,113,상무                ,승차,27,45,56,89,109,140,125,168,202,251,199,195,220,182,154,172,79,66,30
2026-03-29,113,상무                ,하차,10,16,28,75,115,136,101,131,179,169,205,205,237,197,176,125,102,66,82
2026-03-29,114,컨벤션센터          ,승차,10,11,27,21,24,39,46,46,62,85,84,72,96,67,35,32,29,10,9
2026-03-29,114,컨벤션센터          ,하차,2,22,11,38,57,77,98,73,73,70,53,69,58,49,26,35,32,20,11
2026-03-29,115,공항                ,승차,13,16,16,31,48,68,33,49,56,79,41,67,74,47,37,28,9,3,2
2026-03-29,115,공항                ,하차,4,9,24,42,32,44,31,21,46,48,83,82,50,46,28,20,19,16,14
2026-03-29,116,송정공원            ,승차,26,26,50,75,102,115,83,147,124,114,156,118,113,77,52,51,33,21,14
2026-03-29,116,송정공원            ,하차,13,23,33,61,50,65,68,59,101,80,112,150,144,161,138,129,108,58,42
2026-03-29,117,광주송정            ,승차,7,21,62,133,197,232,309,380,283,381,306,368,464,475,292,458,370,155,476
2026-03-29,117,광주송정            ,하차,32,55,187,140,197,390,254,211,261,243,258,384,389,457,441,497,202,113,44
2026-03-29,118,도산                ,승차,14,45,57,65,97,67,60,103,111,65,80,71,78,53,44,31,23,13,7
2026-03-29,118,도산                ,하차,7,18,32,21,29,60,49,49,54,49,50,84,122,101,63,65,60,41,24
2026-03-29,119,평동                ,승차,22,17,42,45,57,85,62,85,104,90,108,97,100,61,57,28,12,12,18
2026-03-29,119,평동                ,하차,6,31,51,60,43,34,40,70,93,69,89,98,75,90,68,65,63,32,22
2026-03-30,100,녹동                ,승차,1,5,32,34,15,21,4,7,15,5,9,4,15,32,0,1,1,2,0
2026-03-30,100,녹동                ,하차,0,8,14,25,3,4,7,9,3,7,5,21,23,17,5,2,1,8,0
2026-03-30,101,소태                ,승차,47,92,245,394,187,141,109,140,146,115,118,121,116,160,43,30,34,14,15
2026-03-30,101,소태                ,하차,5,43,97,195,95,78,96,99,119,135,168,161,199,280,136,94,66,61,37
2026-03-30,102,학동증심사          ,승차,35,62,140,220,167,143,138,137,138,127,158,142,270,161,58,35,21,31,57
2026-03-30,102,학동증심사          ,하차,6,36,135,248,137,121,138,121,150,148,131,146,180,211,92,57,50,30,24
2026-03-30,103,남광주              ,승차,40,136,302,372,298,275,258,263,267,313,387,477,737,430,189,107,139,77,29
2026-03-30,103,남광주              ,하차,3,165,325,989,722,445,337,358,342,270,226,225,317,381,140,111,82,69,28
2026-03-30,104,문화전당            ,승차,17,32,67,85,98,84,103,141,148,163,166,232,299,385,150,158,143,94,42
2026-03-30,104,문화전당            ,하차,8,39,106,569,259,149,172,151,204,149,124,142,176,219,94,50,38,24,39
2026-03-30,105,금남로4가           ,승차,26,78,159,257,169,163,139,310,242,260,273,327,395,484,205,169,139,87,20
2026-03-30,105,금남로4가           ,하차,27,49,198,666,372,314,277,234,295,193,174,171,257,252,106,67,42,33,25
2026-03-30,106,금남로5가           ,승차,19,75,132,156,90,92,90,111,133,120,165,208,203,321,72,85,102,15,12
2026-03-30,106,금남로5가           ,하차,25,28,118,541,197,147,131,150,151,96,93,98,121,145,64,44,37,22,20
2026-03-30,107,양동시장            ,승차,31,63,161,260,168,199,164,156,183,183,172,183,193,260,63,31,21,15,13
2026-03-30,107,양동시장            ,하차,18,35,90,313,192,199,193,175,198,173,181,142,182,182,78,57,31,33,29
2026-03-30,108,돌고개              ,승차,42,93,230,350,170,124,97,121,124,80,102,98,129,106,33,30,26,19,4
2026-03-30,108,돌고개              ,하차,13,16,65,156,111,73,112,110,107,122,124,180,201,278,118,84,70,45,31
2026-03-30,109,농성                ,승차,48,104,242,464,214,183,168,182,182,143,194,158,167,413,80,63,54,31,84
2026-03-30,109,농성                ,하차,12,47,132,287,190,125,130,152,149,136,173,177,271,373,135,113,78,50,33
2026-03-30,110,화정                ,승차,28,94,272,407,196,152,130,134,135,83,136,119,123,107,55,30,27,78,5
2026-03-30,110,화정                ,하차,7,22,154,190,97,99,75,90,92,90,90,147,221,232,104,53,63,61,21
2026-03-30,111,쌍촌                ,승차,78,149,361,563,269,273,145,159,243,104,111,197,136,131,62,45,56,14,14
2026-03-30,111,쌍촌                ,하차,9,21,75,215,82,74,105,119,89,97,120,174,308,418,178,98,91,80,34
2026-03-30,112,운천                ,승차,46,135,387,543,265,184,180,195,179,210,155,290,234,248,114,59,139,51,33
2026-03-30,112,운천                ,하차,14,27,133,500,178,118,114,145,144,160,178,190,412,482,205,139,113,80,50
2026-03-30,113,상무                ,승차,53,106,384,526,274,213,258,258,239,252,241,254,280,453,181,162,147,92,31
2026-03-30,113,상무                ,하차,39,66,156,735,347,217,226,224,207,247,245,285,483,540,173,112,86,99,45
2026-03-30,114,컨벤션센터          ,승차,15,28,105,164,80,70,51,73,84,81,76,48,93,133,36,27,31,8,2
2026-03-30,114,컨벤션센터          ,하차,8,20,75,239,95,90,53,68,73,74,60,67,118,124,37,35,21,26,10
2026-03-30,115,공항                ,승차,23,28,165,202,123,79,80,62,57,71,75,63,76,68,22,14,8,17,19
2026-03-30,115,공항                ,하차,10,47,57,106,46,50,46,45,72,89,80,102,103,91,50,23,29,10,13
2026-03-30,116,송정공원            ,승차,43,157,511,496,269,167,220,157,143,137,184,181,207,250,78,55,39,13,9
2026-03-30,116,송정공원            ,하차,19,60,184,307,164,97,132,195,166,154,192,293,445,378,201,122,137,93,28
2026-03-30,117,광주송정            ,승차,209,77,426,491,296,291,321,360,220,279,198,291,459,348,223,155,147,70,63
2026-03-30,117,광주송정            ,하차,86,121,445,423,279,388,250,233,258,256,305,272,331,369,178,138,109,90,11
2026-03-30,118,도산                ,승차,24,79,325,311,157,83,78,84,70,63,59,80,147,125,55,41,29,22,13
2026-03-30,118,도산                ,하차,7,22,63,117,42,59,77,96,64,66,76,133,207,191,103,65,51,88,23
2026-03-30,119,평동                ,승차,11,19,80,104,78,66,50,70,73,66,120,175,651,255,225,97,56,15,12
2026-03-30,119,평동                ,하차,24,258,850,323,59,75,69,48,65,77,69,66,60,76,72,36,38,24,6
2026-03-31,100,녹동                ,승차,1,8,30,29,11,13,52,11,14,7,7,11,14,36,7,2,0,0,0
2026-03-31,100,녹동                ,하차,0,8,14,25,0,6,7,6,14,11,14,13,20,18,10,3,6,7,0
2026-03-31,101,소태                ,승차,37,83,261,360,236,133,115,141,131,101,110,147,155,130,68,35,37,19,9
2026-03-31,101,소태                ,하차,1,44,108,193,103,90,80,119,112,133,142,171,197,285,140,110,101,64,39
2026-03-31,102,학동증심사          ,승차,24,60,140,241,178,127,113,157,152,126,135,186,288,152,72,47,49,34,11
2026-03-31,102,학동증심사          ,하차,2,43,144,257,160,123,110,118,125,136,141,168,179,202,112,83,69,51,34
2026-03-31,103,남광주              ,승차,35,141,293,398,259,251,272,269,248,352,527,499,682,405,186,135,158,79,64
2026-03-31,103,남광주              ,하차,3,160,310,"1,080",740,402,311,366,363,259,241,258,297,372,165,119,93,93,53
2026-03-31,104,문화전당            ,승차,14,28,66,81,73,85,88,146,149,151,198,262,297,472,221,199,201,173,80
2026-03-31,104,문화전당            ,하차,3,41,115,579,261,165,175,169,223,160,170,174,210,280,155,66,50,42,50
2026-03-31,105,금남로4가           ,승차,23,77,148,266,139,149,168,248,263,267,315,435,423,512,233,172,203,123,38
2026-03-31,105,금남로4가           ,하차,32,50,202,642,378,277,270,248,314,246,218,236,272,277,156,75,64,50,35
2026-03-31,106,금남로5가           ,승차,18,69,124,191,105,81,90,106,129,130,189,269,194,450,99,95,116,22,12
2026-03-31,106,금남로5가           ,하차,24,27,128,552,224,135,134,143,160,90,110,109,130,292,67,43,42,23,20
2026-03-31,107,양동시장            ,승차,23,65,171,240,148,153,152,176,186,198,197,213,222,285,71,31,27,17,16
2026-03-31,107,양동시장            ,하차,13,35,100,312,195,169,204,193,203,209,197,198,197,195,82,55,51,44,24
2026-03-31,108,돌고개              ,승차,42,97,232,334,154,96,172,115,103,116,91,91,118,116,50,28,17,19,198
2026-03-31,108,돌고개              ,하차,11,24,52,152,111,60,72,98,95,154,112,201,235,263,118,88,89,61,44
2026-03-31,109,농성                ,승차,126,104,266,465,251,160,141,205,203,168,203,322,292,303,117,103,61,53,21
2026-03-31,109,농성                ,하차,13,58,124,313,180,137,140,150,177,178,226,243,326,392,139,111,119,71,49
2026-03-31,110,화정                ,승차,27,87,265,429,230,120,142,142,131,138,139,131,140,134,60,46,45,82,18
2026-03-31,110,화정                ,하차,8,26,133,204,84,105,85,98,103,99,117,155,223,275,137,79,82,69,40
2026-03-31,111,쌍촌                ,승차,65,167,343,611,338,162,238,176,155,133,116,181,153,150,84,51,88,27,17
2026-03-31,111,쌍촌                ,하차,4,22,82,218,75,66,61,96,91,94,117,193,312,404,180,128,122,95,49
2026-03-31,112,운천                ,승차,45,124,420,567,285,279,169,182,214,179,225,296,287,331,181,125,174,120,50
2026-03-31,112,운천                ,하차,15,46,146,463,163,118,119,132,175,191,222,276,520,587,318,200,168,128,80
2026-03-31,113,상무                ,승차,43,120,390,547,288,264,229,285,231,225,234,266,338,482,187,216,170,128,42
2026-03-31,113,상무                ,하차,38,65,164,703,332,212,228,222,226,260,281,348,489,592,280,130,134,132,73
2026-03-31,114,컨벤션센터          ,승차,10,39,121,145,76,72,51,71,114,95,95,85,118,118,44,30,52,21,7
2026-03-31,114,컨벤션센터          ,하차,5,23,66,232,147,88,67,59,76,72,78,90,107,116,53,42,33,21,8
2026-03-31,115,공항                ,승차,15,35,149,193,122,83,72,71,61,71,80,91,84,84,35,28,7,5,16
2026-03-31,115,공항                ,하차,7,43,66,76,47,31,50,63,69,79,112,82,86,113,55,39,45,34,25
2026-03-31,116,송정공원            ,승차,52,153,559,520,270,163,155,212,137,143,155,273,240,301,125,56,44,30,12
2026-03-31,116,송정공원            ,하차,26,65,176,379,125,76,106,224,204,181,210,265,452,392,224,155,166,129,35
2026-03-31,117,광주송정            ,승차,19,69,326,397,257,230,251,298,201,266,227,307,435,348,247,231,206,78,81
2026-03-31,117,광주송정            ,하차,43,114,413,413,269,308,223,197,232,235,270,310,321,382,219,155,91,152,38
2026-03-31,118,도산                ,승차,31,93,325,313,165,186,67,107,80,75,74,89,165,155,80,38,26,24,29
2026-03-31,118,도산                ,하차,10,28,77,116,70,50,136,63,67,113,91,127,222,215,108,87,85,116,31
2026-03-31,119,평동                ,승차,30,35,113,117,104,58,143,79,89,69,119,172,632,296,244,120,67,22,17
2026-03-31,119,평동                ,하차,30,294,856,321,88,148,87,64,85,68,62,65,91,77,89,43,43,41,14
2026-04-01,100,녹동                ,승차,0,4,39,29,12,13,14,12,11,9,8,5,14,26,4,0,0,0,0
2026-04-01,100,녹동                ,하차,0,4,12,25,3,7,3,8,7,5,12,15,20,15,12,6,5,3,0
2026-04-01,101,소태                ,승차,50,84,260,397,228,131,141,128,160,113,137,186,150,121,68,32,26,19,13
2026-04-01,101,소태                ,하차,4,51,89,238,95,92,129,129,133,136,170,185,230,260,131,78,97,62,34
2026-04-01,102,학동증심사          ,승차,32,49,142,267,146,141,145,176,139,117,250,316,164,124,81,56,42,25,10
2026-04-01,102,학동증심사          ,하차,2,43,139,265,163,130,107,129,149,106,244,155,187,237,75,76,66,48,23
2026-04-01,103,남광주              ,승차,36,150,324,420,258,248,278,303,255,283,442,507,682,423,170,138,154,93,52
2026-04-01,103,남광주              ,하차,7,159,307,"1,131",659,364,263,251,401,275,290,253,289,419,160,127,111,103,41
2026-04-01,104,문화전당            ,승차,15,39,75,92,62,99,113,148,126,204,329,258,404,501,203,221,186,149,74
2026-04-01,104,문화전당            ,하차,5,41,116,604,231,153,188,223,239,173,154,221,187,274,144,70,52,40,42
2026-04-01,105,금남로4가           ,승차,26,73,166,250,163,127,155,290,248,247,382,371,469,527,191,173,166,162,34
2026-04-01,105,금남로4가           ,하차,30,42,190,684,384,254,290,252,291,263,249,252,314,276,111,93,70,27,27
2026-04-01,106,금남로5가           ,승차,19,75,121,194,90,84,95,91,131,152,232,188,219,428,95,98,66,21,37
2026-04-01,106,금남로5가           ,하차,22,31,126,550,192,150,114,168,155,97,110,99,137,176,84,50,33,16,17
2026-04-01,107,양동시장            ,승차,27,66,169,262,133,180,139,161,165,166,180,238,230,269,68,25,29,11,12
2026-04-01,107,양동시장            ,하차,20,42,113,328,187,169,153,183,184,171,241,198,165,218,64,60,49,28,25
2026-04-01,108,돌고개              ,승차,34,100,226,359,171,101,125,152,123,94,119,88,120,122,35,29,24,28,7
2026-04-01,108,돌고개              ,하차,14,24,49,161,117,75,93,122,98,92,182,219,250,286,130,90,72,48,39
2026-04-01,109,농성                ,승차,47,119,269,506,307,174,168,197,208,177,252,192,215,279,235,98,72,31,12
2026-04-01,109,농성                ,하차,9,52,128,326,162,128,141,156,177,158,234,237,308,377,142,104,108,62,51
2026-04-01,110,화정                ,승차,34,96,290,430,181,120,122,139,135,104,114,170,133,128,74,52,41,56,9
2026-04-01,110,화정                ,하차,9,22,148,188,100,92,102,95,84,95,115,174,211,301,113,90,67,65,40
2026-04-01,111,쌍촌                ,승차,65,165,373,604,232,142,372,184,162,196,230,148,163,154,79,52,58,28,16
2026-04-01,111,쌍촌                ,하차,7,23,86,201,84,70,85,90,95,124,147,225,340,446,183,121,130,103,62
2026-04-01,112,운천                ,승차,35,143,415,697,259,168,154,199,199,183,276,227,316,337,142,160,152,123,55
2026-04-01,112,운천                ,하차,15,57,163,477,154,111,125,152,184,160,220,287,506,595,304,211,161,119,65
2026-04-01,113,상무                ,승차,46,111,419,573,255,237,203,256,252,235,294,274,385,434,165,193,189,85,33
2026-04-01,113,상무                ,하차,42,63,159,732,313,188,178,209,294,229,300,430,505,608,253,119,108,125,48
2026-04-01,114,컨벤션센터          ,승차,13,37,113,160,75,73,66,70,72,83,67,82,144,149,49,28,32,18,4
2026-04-01,114,컨벤션센터          ,하차,8,19,81,260,115,75,90,91,69,66,68,89,124,125,51,39,37,25,13
2026-04-01,115,공항                ,승차,22,37,147,217,90,84,96,80,71,91,127,60,104,86,24,28,15,1,36
2026-04-01,115,공항                ,하차,9,48,78,79,44,47,52,46,87,59,75,99,78,114,50,44,22,27,18
2026-04-01,116,송정공원            ,승차,45,170,544,516,267,161,195,198,170,120,130,350,258,274,93,68,35,31,11
2026-04-01,116,송정공원            ,하차,23,73,205,372,146,119,134,237,188,158,235,351,386,406,198,138,140,113,35
2026-04-01,117,광주송정            ,승차,31,51,304,382,277,222,248,283,196,246,253,307,480,409,260,186,175,75,74
2026-04-01,117,광주송정            ,하차,38,96,409,407,234,307,230,205,227,193,269,355,376,395,172,148,119,116,41
2026-04-01,118,도산                ,승차,29,86,351,301,155,77,68,97,112,82,73,110,189,179,71,50,40,27,17
2026-04-01,118,도산                ,하차,13,27,77,150,98,69,66,86,62,74,95,219,196,220,130,77,70,79,38
2026-04-01,119,평동                ,승차,28,23,119,128,63,56,63,108,92,83,134,196,702,289,214,112,57,15,14
2026-04-01,119,평동                ,하차,37,290,918,330,101,46,62,86,59,78,72,80,72,90,77,44,28,33,33
2026-04-02,100,녹동                ,승차,2,5,40,32,11,15,16,12,11,13,11,3,20,29,5,0,4,0,0
2026-04-02,100,녹동                ,하차,0,6,16,26,1,5,4,10,6,10,11,14,27,12,5,4,6,5,1
2026-04-02,101,소태                ,승차,47,91,260,381,200,132,124,125,149,127,130,173,155,146,71,33,41,22,6
2026-04-02,101,소태                ,하차,3,42,112,219,115,96,79,116,121,130,145,170,212,285,154,94,143,76,34
2026-04-02,102,학동증심사          ,승차,37,62,142,249,174,121,137,153,148,132,195,320,229,150,70,61,47,40,10
2026-04-02,102,학동증심사          ,하차,1,52,137,290,157,119,112,119,172,136,165,189,195,231,114,77,90,42,27
2026-04-02,103,남광주              ,승차,48,149,308,410,246,262,287,273,302,381,442,581,660,407,158,145,131,94,187
2026-04-02,103,남광주              ,하차,8,186,315,"1,006",592,418,282,371,405,292,222,234,328,411,177,130,169,87,64
2026-04-02,104,문화전당            ,승차,16,24,60,94,85,64,117,139,161,180,220,282,382,506,221,197,210,178,81
2026-04-02,104,문화전당            ,하차,4,42,116,545,237,159,197,193,192,161,180,187,231,299,160,80,67,40,64
2026-04-02,105,금남로4가           ,승차,24,76,178,250,160,145,141,247,240,284,330,370,421,520,249,192,210,150,34
2026-04-02,105,금남로4가           ,하차,29,49,173,675,369,278,260,252,298,247,181,253,328,299,153,75,76,44,44
2026-04-02,106,금남로5가           ,승차,15,66,116,171,97,90,77,99,134,155,173,238,242,378,121,106,129,21,17
2026-04-02,106,금남로5가           ,하차,23,26,125,524,214,139,143,136,154,143,95,98,136,245,74,53,51,25,19
2026-04-02,107,양동시장            ,승차,23,68,175,263,164,170,168,159,224,180,227,229,245,274,82,34,21,21,16
2026-04-02,107,양동시장            ,하차,18,44,122,322,197,184,188,170,197,178,207,184,192,174,66,55,49,28,25
2026-04-02,108,돌고개              ,승차,35,109,219,348,166,150,108,139,140,123,113,101,127,138,53,35,28,27,233
2026-04-02,108,돌고개              ,하차,12,25,55,164,102,70,114,119,118,139,148,212,193,276,129,98,100,66,41
2026-04-02,109,농성                ,승차,45,119,262,477,225,176,182,201,204,188,223,809,537,278,116,95,81,42,14
2026-04-02,109,농성                ,하차,9,70,131,306,156,132,164,135,212,171,233,242,295,417,168,100,120,84,37
2026-04-02,110,화정                ,승차,36,102,271,424,194,139,120,129,132,110,131,142,154,120,78,47,36,94,14
2026-04-02,110,화정                ,하차,12,28,144,192,93,85,80,101,109,80,113,184,207,258,140,101,114,75,37
2026-04-02,111,쌍촌                ,승차,73,164,384,555,254,184,357,176,179,136,142,185,163,163,94,53,76,25,7
2026-04-02,111,쌍촌                ,하차,4,26,94,189,95,68,72,88,90,113,166,211,325,404,192,134,131,106,42
2026-04-02,112,운천                ,승차,37,141,420,637,318,208,167,184,188,233,233,344,313,318,204,185,198,121,58
2026-04-02,112,운천                ,하차,18,43,115,507,162,122,146,150,203,214,233,333,583,616,378,208,187,150,61
2026-04-02,113,상무                ,승차,49,127,410,537,271,273,207,253,253,264,288,284,343,478,249,178,208,114,36
2026-04-02,113,상무                ,하차,46,69,164,734,328,201,227,198,267,295,309,364,533,561,231,158,135,147,65
2026-04-02,114,컨벤션센터          ,승차,13,34,98,152,85,70,44,70,94,67,97,106,147,170,48,71,58,13,7
2026-04-02,114,컨벤션센터          ,하차,5,25,96,222,102,71,81,74,79,74,72,99,125,159,78,31,38,30,11
2026-04-02,115,공항                ,승차,15,41,138,210,108,59,158,60,61,110,62,81,95,74,31,36,20,4,22
2026-04-02,115,공항                ,하차,8,40,69,98,46,60,54,45,73,70,101,91,109,105,59,31,35,42,18
2026-04-02,116,송정공원            ,승차,53,159,521,503,236,156,161,217,161,126,155,290,255,268,117,78,41,36,11
2026-04-02,116,송정공원            ,하차,27,69,174,358,145,95,115,213,172,166,204,341,374,419,200,146,192,129,48
2026-04-02,117,광주송정            ,승차,22,72,329,384,228,218,287,357,203,269,270,346,491,386,283,287,271,84,76
2026-04-02,117,광주송정            ,하차,49,109,384,407,276,309,242,224,240,267,315,388,460,534,268,191,119,141,43
2026-04-02,118,도산                ,승차,34,82,316,303,146,84,84,87,113,83,73,93,176,161,66,35,28,29,16
2026-04-02,118,도산                ,하차,10,28,86,135,47,58,81,62,57,66,121,116,203,208,126,82,66,119,29
2026-04-02,119,평동                ,승차,24,28,123,135,80,65,69,93,81,73,120,156,646,341,272,113,60,11,17
2026-04-02,119,평동                ,하차,31,296,890,342,100,64,75,67,72,78,63,58,73,82,94,33,51,37,15
2026-04-03,100,녹동                ,승차,1,8,37,21,9,10,10,13,10,10,9,10,24,27,4,3,0,0,0
2026-04-03,100,녹동                ,하차,0,17,12,22,2,5,4,7,6,3,8,15,24,22,6,2,6,4,1
2026-04-03,101,소태                ,승차,60,88,264,368,202,137,117,159,152,131,143,185,182,189,84,62,44,29,9
2026-04-03,101,소태                ,하차,6,45,102,210,76,93,98,111,132,134,203,195,231,319,144,125,117,83,59
2026-04-03,102,학동증심사          ,승차,30,48,123,249,183,148,133,139,177,137,193,307,206,156,58,41,32,27,8
2026-04-03,102,학동증심사          ,하차,2,44,138,257,151,146,131,115,169,147,175,158,187,204,88,77,62,51,29
2026-04-03,103,남광주              ,승차,42,159,295,412,277,312,314,330,315,316,372,420,579,358,155,119,127,67,37
2026-04-03,103,남광주              ,하차,11,148,312,840,376,300,225,274,304,309,270,276,369,501,161,135,122,98,60
2026-04-03,104,문화전당            ,승차,21,35,52,82,78,95,124,174,195,203,285,310,411,491,212,214,203,171,92
2026-04-03,104,문화전당            ,하차,7,35,124,557,249,226,235,198,284,247,207,247,266,361,229,92,50,45,58
2026-04-03,105,금남로4가           ,승차,21,95,149,253,159,161,223,224,258,302,387,403,460,520,248,205,223,137,55
2026-04-03,105,금남로4가           ,하차,36,53,161,648,340,271,275,304,352,290,275,302,342,321,165,92,103,49,53
2026-04-03,106,금남로5가           ,승차,18,68,108,159,94,73,92,104,104,147,190,245,298,311,118,92,126,33,13
2026-04-03,106,금남로5가           ,하차,22,31,128,497,172,134,124,170,166,121,102,137,173,194,85,65,55,35,41
2026-04-03,107,양동시장            ,승차,25,72,171,223,150,181,181,184,171,201,192,235,229,273,72,47,36,23,24
2026-04-03,107,양동시장            ,하차,19,49,111,316,170,172,181,188,206,204,195,219,194,204,75,63,44,32,47
2026-04-03,108,돌고개              ,승차,30,108,207,354,171,120,112,146,129,122,138,115,140,146,69,33,36,28,9
2026-04-03,108,돌고개              ,하차,15,28,47,144,96,71,112,120,135,117,163,209,217,293,116,92,95,75,46
2026-04-03,109,농성                ,승차,52,108,256,456,209,175,197,205,227,206,229,250,803,262,148,118,83,90,24
2026-04-03,109,농성                ,하차,14,46,138,289,176,123,206,180,204,202,272,285,390,450,163,108,125,79,39
2026-04-03,110,화정                ,승차,28,105,271,397,184,132,157,135,123,129,146,184,178,168,87,42,40,82,12
2026-04-03,110,화정                ,하차,6,19,151,179,98,94,104,109,123,106,141,196,306,276,131,81,107,78,37
2026-04-03,111,쌍촌                ,승차,66,155,372,539,242,149,163,192,221,127,218,210,193,163,97,62,61,40,17
2026-04-03,111,쌍촌                ,하차,12,24,86,219,78,75,103,102,89,130,153,221,307,383,160,111,133,85,69
2026-04-03,112,운천                ,승차,47,136,392,507,355,209,167,239,215,259,217,360,344,306,211,161,155,116,73
2026-04-03,112,운천                ,하차,23,44,119,498,171,135,145,190,229,222,225,301,635,665,340,223,176,138,116
2026-04-03,113,상무                ,승차,43,118,391,520,239,230,223,283,297,236,319,315,467,563,208,185,172,106,59
2026-04-03,113,상무                ,하차,43,71,173,683,313,208,249,263,288,301,313,433,522,686,246,146,136,150,91
2026-04-03,114,컨벤션센터          ,승차,18,31,91,130,78,66,66,87,92,108,109,134,160,172,67,41,44,15,6
2026-04-03,114,컨벤션센터          ,하차,6,32,94,246,112,96,68,70,110,127,71,78,152,135,58,50,53,33,15
2026-04-03,115,공항                ,승차,16,35,152,159,78,122,77,58,47,117,52,190,89,116,45,32,13,3,10
2026-04-03,115,공항                ,하차,6,35,77,93,43,55,48,49,62,44,83,106,106,104,44,22,29,29,28
2026-04-03,116,송정공원            ,승차,44,153,512,468,189,137,155,213,170,164,223,379,290,274,114,43,49,28,18
2026-04-03,116,송정공원            ,하차,28,74,186,334,165,123,140,269,162,157,185,356,365,361,203,136,154,89,75
2026-04-03,117,광주송정            ,승차,30,58,305,391,276,312,401,488,291,453,380,516,869,534,347,426,363,118,222
2026-04-03,117,광주송정            ,하차,54,105,358,405,305,460,299,327,336,343,386,458,587,750,407,301,175,182,52
2026-04-03,118,도산                ,승차,30,76,315,279,114,87,64,108,84,118,85,113,227,149,56,45,38,24,14
2026-04-03,118,도산                ,하차,9,27,83,124,53,68,78,72,64,79,106,113,237,180,107,77,75,128,27
2026-04-03,119,평동                ,승차,26,30,96,122,65,79,71,106,115,90,130,231,702,260,224,103,39,18,12
2026-04-03,119,평동                ,하차,17,303,839,311,80,61,65,71,88,59,85,91,109,98,82,41,43,42,32
2026-04-04,100,녹동                ,승차,0,1,11,16,10,12,9,7,8,14,14,1,7,7,0,3,1,0,0
2026-04-04,100,녹동                ,하차,0,0,1,7,4,8,10,7,5,3,7,10,8,4,7,6,8,5,0
2026-04-04,101,소태                ,승차,23,60,96,136,163,150,140,158,158,145,141,112,112,83,50,66,52,16,11
2026-04-04,101,소태                ,하차,2,38,66,83,68,101,88,86,120,120,140,163,163,197,101,97,102,77,35
2026-04-04,102,학동증심사          ,승차,21,28,58,94,99,107,177,152,150,115,147,116,132,71,61,35,30,28,17
2026-04-04,102,학동증심사          ,하차,3,39,52,129,88,93,100,102,169,125,139,125,152,155,73,80,41,45,58
2026-04-04,103,남광주              ,승차,28,74,164,169,181,194,175,235,239,230,186,196,214,143,97,85,62,63,118
2026-04-04,103,남광주              ,하차,9,66,96,189,138,148,201,185,176,176,202,198,223,238,141,142,108,65,64
2026-04-04,104,문화전당            ,승차,10,25,38,41,88,90,98,150,230,241,341,436,458,406,372,328,220,212,54
2026-04-04,104,문화전당            ,하차,3,27,51,139,162,195,356,368,382,406,307,238,293,268,188,121,110,54,52
2026-04-04,105,금남로4가           ,승차,18,35,54,73,112,117,154,162,265,318,357,460,541,433,312,223,222,141,29
2026-04-04,105,금남로4가           ,하차,20,30,48,146,202,253,337,389,439,436,412,313,306,246,148,94,83,45,43
2026-04-04,106,금남로5가           ,승차,8,23,44,54,65,64,77,100,103,102,124,159,181,124,90,129,75,30,19
2026-04-04,106,금남로5가           ,하차,9,15,19,60,110,89,141,128,134,113,100,108,159,107,63,45,48,18,24
2026-04-04,107,양동시장            ,승차,17,44,58,91,106,137,167,172,187,188,213,172,157,109,50,61,30,17,17
2026-04-04,107,양동시장            ,하차,19,33,57,88,102,149,195,161,181,208,209,148,157,105,58,61,39,29,32
2026-04-04,108,돌고개              ,승차,24,42,70,105,87,127,109,114,123,82,82,94,98,77,54,46,36,21,16
2026-04-04,108,돌고개              ,하차,11,12,19,63,71,51,63,74,88,100,123,130,114,145,85,74,62,57,29
2026-04-04,109,농성                ,승차,35,47,92,138,150,178,318,222,205,209,200,178,220,150,143,138,95,47,20
2026-04-04,109,농성                ,하차,16,43,53,134,140,115,176,173,214,186,207,229,221,214,130,103,83,58,35
2026-04-04,110,화정                ,승차,21,51,77,99,136,121,126,196,137,111,79,96,100,93,71,40,34,21,20
2026-04-04,110,화정                ,하차,8,16,44,91,59,68,90,83,95,90,108,112,129,109,73,88,55,54,50
2026-04-04,111,쌍촌                ,승차,39,68,88,136,159,138,182,152,127,133,128,241,152,111,72,46,48,23,17
2026-04-04,111,쌍촌                ,하차,7,21,25,54,57,49,86,90,100,91,116,149,172,159,93,112,97,89,58
2026-04-04,112,운천                ,승차,33,56,102,161,264,177,205,257,238,213,258,233,222,221,167,143,184,107,65
2026-04-04,112,운천                ,하차,12,25,56,154,129,113,137,164,218,240,260,290,386,403,290,230,185,161,109
2026-04-04,113,상무                ,승차,19,61,95,159,174,187,235,271,283,284,271,277,219,203,168,182,112,74,43
2026-04-04,113,상무                ,하차,29,36,49,206,220,206,235,260,249,217,271,250,289,288,214,161,130,108,62
2026-04-04,114,컨벤션센터          ,승차,10,17,35,38,55,60,63,138,137,169,210,155,131,108,49,61,37,13,4
2026-04-04,114,컨벤션센터          ,하차,9,23,32,111,120,127,162,140,162,125,94,98,90,65,46,28,18,19,6
2026-04-04,115,공항                ,승차,8,19,39,57,64,98,66,46,64,91,52,62,93,53,35,41,11,2,5
2026-04-04,115,공항                ,하차,2,13,42,41,43,37,36,55,64,58,77,82,60,51,32,31,40,28,23
2026-04-04,116,송정공원            ,승차,30,65,128,131,118,142,181,164,166,137,157,153,168,128,87,38,44,19,17
2026-04-04,116,송정공원            ,하차,27,25,53,73,66,67,82,126,124,114,139,171,229,202,137,148,90,70,47
2026-04-04,117,광주송정            ,승차,15,47,193,233,359,318,382,450,298,388,324,340,654,350,253,294,283,113,119
2026-04-04,117,광주송정            ,하차,47,75,220,197,245,471,316,301,331,332,345,416,413,436,297,334,220,124,26
2026-04-04,118,도산                ,승차,26,39,68,117,85,90,120,138,153,113,88,87,100,78,56,43,38,21,22
2026-04-04,118,도산                ,하차,7,16,42,39,39,53,78,88,63,93,89,81,129,124,80,75,78,64,35
2026-04-04,119,평동                ,승차,27,30,67,47,53,75,99,90,115,107,145,114,270,108,70,48,19,25,15
2026-04-04,119,평동                ,하차,4,89,231,110,56,60,73,69,74,71,82,90,116,96,76,40,92,30,35
2026-04-05,100,녹동                ,승차,0,0,3,8,11,17,3,8,5,6,4,5,8,1,3,0,1,0,0
2026-04-05,100,녹동                ,하차,0,0,3,4,9,8,3,0,9,5,7,4,8,7,2,10,1,1,0
2026-04-05,101,소태                ,승차,20,33,70,62,145,132,104,105,152,116,108,130,97,81,70,47,25,21,6
2026-04-05,101,소태                ,하차,5,28,44,48,81,84,31,76,92,97,105,115,119,111,123,105,55,62,29
2026-04-05,102,학동증심사          ,승차,21,27,29,52,88,88,78,109,118,107,105,97,115,60,43,40,32,15,11
2026-04-05,102,학동증심사          ,하차,6,27,26,64,98,106,36,71,73,104,84,98,129,80,71,76,71,28,22
2026-04-05,103,남광주              ,승차,26,53,87,88,143,144,94,152,202,137,167,151,183,122,126,94,63,56,34
2026-04-05,103,남광주              ,하차,1,56,65,117,96,124,52,146,149,174,158,153,221,209,98,126,138,97,83
2026-04-05,104,문화전당            ,승차,10,12,25,78,55,73,74,130,130,151,205,279,322,311,297,233,180,149,37
2026-04-05,104,문화전당            ,하차,3,41,38,66,111,157,91,287,262,305,284,254,213,203,122,83,62,52,70
2026-04-05,105,금남로4가           ,승차,14,33,43,54,82,94,71,114,181,232,291,354,391,332,286,196,166,72,23
2026-04-05,105,금남로4가           ,하차,13,26,59,74,133,188,102,298,341,385,277,273,239,198,126,89,70,63,49
2026-04-05,106,금남로5가           ,승차,11,30,30,32,54,72,52,67,90,105,83,124,197,200,74,74,43,12,8
2026-04-05,106,금남로5가           ,하차,9,15,30,43,116,81,53,107,188,104,77,69,63,82,33,48,45,36,27
2026-04-05,107,양동시장            ,승차,9,21,35,60,70,87,70,94,105,88,99,92,251,109,69,49,15,204,118
2026-04-05,107,양동시장            ,하차,9,29,26,41,89,82,62,78,107,115,107,98,106,81,47,48,23,31,40
2026-04-05,108,돌고개              ,승차,19,33,60,64,84,82,80,104,94,95,79,60,67,65,59,44,22,22,14
2026-04-05,108,돌고개              ,하차,10,23,22,36,39,47,154,59,80,91,84,99,103,103,85,81,51,46,22
2026-04-05,109,농성                ,승차,22,43,55,98,183,128,116,129,157,174,210,165,282,150,122,125,69,35,17
2026-04-05,109,농성                ,하차,10,31,40,79,104,128,114,167,169,138,145,150,168,176,95,100,66,58,56
2026-04-05,110,화정                ,승차,18,34,42,62,83,105,77,98,110,77,97,70,89,70,60,43,31,25,6
2026-04-05,110,화정                ,하차,3,15,16,33,47,50,189,59,60,67,102,90,94,111,54,82,60,45,28
2026-04-05,111,쌍촌                ,승차,26,48,61,79,120,123,90,120,430,92,96,91,105,73,72,54,39,23,9
2026-04-05,111,쌍촌                ,하차,6,12,26,31,38,53,40,45,68,90,88,86,124,92,90,119,77,62,56
2026-04-05,112,운천                ,승차,28,46,75,208,127,146,114,181,205,237,248,256,231,206,175,164,135,107,53
2026-04-05,112,운천                ,하차,9,12,37,61,93,121,172,122,170,212,242,239,317,270,241,154,139,81,80
2026-04-05,113,상무                ,승차,23,40,67,103,129,141,123,184,182,160,189,148,206,154,138,147,88,60,28
2026-04-05,113,상무                ,하차,8,24,36,63,128,142,108,126,187,211,197,209,191,214,165,114,125,80,67
2026-04-05,114,컨벤션센터          ,승차,9,11,14,20,43,54,40,76,118,96,137,69,79,58,43,32,33,5,6
2026-04-05,114,컨벤션센터          ,하차,12,15,18,38,73,83,81,76,84,83,73,50,90,57,25,36,35,28,11
2026-04-05,115,공항                ,승차,13,17,17,41,89,66,34,45,58,50,37,48,70,45,20,32,15,5,35
2026-04-05,115,공항                ,하차,8,10,23,41,35,41,21,32,60,45,62,52,63,57,31,19,28,18,18
2026-04-05,116,송정공원            ,승차,18,43,56,77,104,123,98,175,137,148,121,105,105,87,55,59,35,30,12
2026-04-05,116,송정공원            ,하차,16,22,30,72,70,78,57,76,68,99,125,136,140,166,144,147,75,54,45
2026-04-05,117,광주송정            ,승차,26,23,89,178,265,242,380,426,326,431,276,337,672,309,290,423,395,149,257
2026-04-05,117,광주송정            ,하차,39,57,211,166,241,452,230,212,242,256,284,352,477,530,414,471,263,158,43
2026-04-05,118,도산                ,승차,10,44,47,77,94,82,75,85,129,112,74,71,68,64,46,23,32,26,11
2026-04-05,118,도산                ,하차,7,7,25,39,43,48,49,64,52,69,61,96,96,119,83,74,45,52,25
2026-04-05,119,평동                ,승차,13,14,39,54,58,75,71,98,121,111,84,120,169,135,79,24,20,17,4
2026-04-05,119,평동                ,하차,9,33,57,73,66,63,64,126,151,111,84,132,95,86,84,82,54,18,15
2026-04-06,100,녹동                ,승차,0,5,34,30,15,8,10,13,10,8,2,6,16,25,2,3,0,0,0
2026-04-06,100,녹동                ,하차,0,7,18,23,2,3,6,8,4,9,7,17,9,20,5,4,1,2,3
2026-04-06,101,소태                ,승차,49,88,283,416,194,135,100,131,135,124,111,126,148,134,47,32,32,19,6
2026-04-06,101,소태                ,하차,1,38,118,210,98,93,113,104,95,143,125,156,195,283,129,90,107,50,29
2026-04-06,102,학동증심사          ,승차,34,54,146,259,185,142,124,138,119,106,93,175,257,161,77,41,32,32,19
2026-04-06,102,학동증심사          ,하차,3,36,135,261,142,137,131,104,128,118,137,130,178,198,82,60,66,47,21
2026-04-06,103,남광주              ,승차,55,134,314,380,256,319,283,250,289,284,396,483,690,381,142,117,146,109,174
2026-04-06,103,남광주              ,하차,11,158,334,"1,017",700,480,320,361,409,265,245,260,296,367,137,90,122,70,45
2026-04-06,104,문화전당            ,승차,17,24,70,100,89,102,101,150,154,210,178,241,286,425,164,146,199,143,76
2026-04-06,104,문화전당            ,하차,5,43,119,578,257,134,151,155,181,164,113,150,184,214,118,60,40,39,46
2026-04-06,105,금남로4가           ,승차,24,93,172,250,154,148,210,257,222,251,308,335,376,432,181,162,175,83,24
2026-04-06,105,금남로4가           ,하차,26,50,184,631,363,295,286,251,270,222,189,193,253,265,136,68,53,29,24
2026-04-06,106,금남로5가           ,승차,23,71,119,168,103,114,99,89,117,134,175,171,207,348,105,77,102,14,15
2026-04-06,106,금남로5가           ,하차,21,26,112,521,212,165,134,143,150,97,90,77,118,207,66,33,51,22,24
2026-04-06,107,양동시장            ,승차,21,73,170,241,128,158,176,146,171,163,169,182,190,266,50,25,31,21,15
2026-04-06,107,양동시장            ,하차,14,32,99,321,171,199,163,180,172,149,163,136,183,191,63,56,40,27,23
2026-04-06,108,돌고개              ,승차,40,101,197,349,161,123,125,124,133,80,105,91,109,114,44,33,19,295,19
2026-04-06,108,돌고개              ,하차,12,25,47,167,100,96,112,125,111,108,126,193,202,264,107,90,76,71,36
2026-04-06,109,농성                ,승차,45,106,255,447,236,169,184,184,176,195,199,197,172,283,90,74,55,33,13
2026-04-06,109,농성                ,하차,13,45,133,308,192,119,165,154,176,136,194,217,263,367,122,77,99,57,35
2026-04-06,110,화정                ,승차,35,87,237,405,182,153,108,152,122,100,107,124,119,104,54,33,41,85,8
2026-04-06,110,화정                ,하차,6,23,152,170,91,111,104,78,97,95,81,156,216,244,101,73,75,67,23
2026-04-06,111,쌍촌                ,승차,70,167,369,564,240,177,151,147,144,215,110,158,136,129,73,44,69,18,14
2026-04-06,111,쌍촌                ,하차,2,16,97,193,84,58,86,101,93,112,144,215,315,404,192,107,87,91,48
2026-04-06,112,운천                ,승차,42,132,361,511,362,187,176,167,164,128,145,263,231,267,125,121,131,75,36
2026-04-06,112,운천                ,하차,8,37,131,481,155,119,107,121,137,129,149,214,419,513,220,151,153,89,79
2026-04-06,113,상무                ,승차,44,123,415,536,265,236,242,284,242,194,240,256,290,444,170,161,153,81,33
2026-04-06,113,상무                ,하차,39,61,166,716,344,218,221,235,230,224,258,348,439,563,193,124,114,130,67
2026-04-06,114,컨벤션센터          ,승차,15,35,111,143,79,63,48,57,76,78,88,74,105,135,44,27,41,16,11
2026-04-06,114,컨벤션센터          ,하차,5,24,71,221,97,73,70,80,64,56,73,70,127,96,63,27,27,30,5
2026-04-06,115,공항                ,승차,15,31,146,196,123,89,60,52,122,92,48,145,78,71,32,26,7,13,5
2026-04-06,115,공항                ,하차,8,38,69,126,63,69,66,48,55,61,78,91,99,110,46,32,28,27,24
2026-04-06,116,송정공원            ,승차,43,139,557,499,272,189,225,141,165,89,254,213,235,232,83,56,48,28,12
2026-04-06,116,송정공원            ,하차,28,62,156,321,165,96,115,241,190,141,168,279,443,396,216,113,153,110,40
2026-04-06,117,광주송정            ,승차,20,71,398,519,318,284,316,349,191,282,236,365,420,357,217,149,213,74,97
2026-04-06,117,광주송정            ,하차,98,137,462,404,273,392,249,266,221,221,311,263,309,404,178,142,109,104,36
2026-04-06,118,도산                ,승차,27,84,318,300,140,93,65,117,89,86,54,91,140,148,52,48,18,20,101
2026-04-06,118,도산                ,하차,6,26,69,114,51,52,94,90,72,70,118,120,214,188,89,71,50,105,56
2026-04-06,119,평동                ,승차,12,27,81,98,69,57,53,93,78,62,127,170,603,304,256,118,77,13,22
2026-04-06,119,평동                ,하차,27,274,827,320,95,57,61,50,60,62,61,82,74,76,70,35,37,32,21
2026-04-07,100,녹동                ,승차,1,4,51,31,12,7,7,8,10,10,11,7,14,31,5,1,0,0,0
2026-04-07,100,녹동                ,하차,0,8,16,23,5,4,7,9,11,4,7,11,19,27,4,3,5,2,1
2026-04-07,101,소태                ,승차,40,91,290,413,207,127,107,118,122,110,105,136,147,158,50,34,27,15,14
2026-04-07,101,소태                ,하차,4,48,93,245,90,106,103,96,125,115,124,163,200,292,134,98,98,67,26
2026-04-07,102,학동증심사          ,승차,29,60,161,254,171,141,130,136,165,132,130,189,283,185,59,44,41,32,8
2026-04-07,102,학동증심사          ,하차,1,37,156,258,152,139,113,109,165,123,148,133,174,220,94,74,59,46,13
2026-04-07,103,남광주              ,승차,51,160,306,435,296,278,238,279,212,332,506,501,732,424,139,159,160,83,71
2026-04-07,103,남광주              ,하차,9,157,339,"1,145",744,430,317,335,373,305,219,259,317,401,170,126,130,73,41
2026-04-07,104,문화전당            ,승차,19,28,71,86,140,152,92,135,161,154,177,280,311,497,181,175,189,166,62
2026-04-07,104,문화전당            ,하차,4,43,130,613,255,155,188,172,220,171,153,158,221,261,130,48,54,33,45
2026-04-07,105,금남로4가           ,승차,19,90,178,286,175,154,159,273,288,306,308,367,410,496,209,191,192,109,45
2026-04-07,105,금남로4가           ,하차,34,54,183,662,380,305,290,268,320,226,222,226,298,298,147,72,72,32,38
2026-04-07,106,금남로5가           ,승차,22,72,119,200,103,86,102,96,124,162,136,223,224,486,107,90,118,41,161
2026-04-07,106,금남로5가           ,하차,26,27,122,519,243,127,148,164,143,123,106,88,145,166,77,45,42,33,22
2026-04-07,107,양동시장            ,승차,22,67,158,255,145,180,187,158,188,172,161,227,196,286,70,248,33,109,93
2026-04-07,107,양동시장            ,하차,14,40,116,348,170,202,157,188,172,211,173,187,198,212,77,38,65,35,66
2026-04-07,108,돌고개              ,승차,41,100,240,381,192,103,122,204,123,127,121,101,121,106,64,27,30,18,6
2026-04-07,108,돌고개              ,하차,17,23,65,174,105,93,97,128,118,151,148,205,236,265,146,98,98,60,24
2026-04-07,109,농성                ,승차,48,102,249,477,322,205,157,216,207,165,212,209,245,290,78,77,60,51,14
2026-04-07,109,농성                ,하차,10,45,133,342,158,122,162,168,187,186,197,229,266,420,139,88,82,60,46
2026-04-07,110,화정                ,승차,27,91,259,416,199,123,122,143,113,103,115,128,132,144,69,42,33,82,10
2026-04-07,110,화정                ,하차,7,17,138,220,83,95,84,97,83,98,103,173,227,266,130,85,88,61,34
2026-04-07,111,쌍촌                ,승차,65,182,363,607,254,172,127,177,136,127,124,166,363,138,97,44,69,24,10
2026-04-07,111,쌍촌                ,하차,7,21,81,226,97,74,84,121,88,113,133,213,326,405,185,132,116,93,52
2026-04-07,112,운천                ,승차,41,136,407,676,268,179,196,203,179,164,164,257,265,298,152,97,119,73,32
2026-04-07,112,운천                ,하차,13,37,138,508,166,157,106,153,151,150,175,247,450,554,246,173,148,107,74
2026-04-07,113,상무                ,승차,43,128,421,590,288,280,283,306,242,226,238,278,352,491,204,174,192,99,31
2026-04-07,113,상무                ,하차,35,65,178,738,354,243,245,216,233,222,284,352,529,582,253,145,137,131,58
2026-04-07,114,컨벤션센터          ,승차,16,34,114,158,70,70,63,60,73,87,96,79,170,157,50,36,54,16,10
2026-04-07,114,컨벤션센터          ,하차,9,23,83,250,107,76,75,70,87,77,63,90,135,118,62,36,42,23,10
2026-04-07,115,공항                ,승차,17,29,168,196,122,94,81,119,64,87,57,93,86,83,45,19,16,12,5
2026-04-07,115,공항                ,하차,7,45,62,88,41,51,57,40,70,86,93,87,100,121,60,34,23,34,16
2026-04-07,116,송정공원            ,승차,41,164,566,550,277,146,237,184,160,125,213,261,242,258,132,59,39,29,17
2026-04-07,116,송정공원            ,하차,35,59,182,391,145,90,115,273,177,146,211,290,477,409,236,127,166,110,48
2026-04-07,117,광주송정            ,승차,26,59,343,426,259,256,270,362,223,298,249,329,489,418,253,193,207,69,77
2026-04-07,117,광주송정            ,하차,58,101,395,434,261,328,243,249,212,238,297,279,394,413,225,138,111,138,56
2026-04-07,118,도산                ,승차,35,83,365,310,156,114,76,107,108,81,60,89,153,176,49,45,28,28,37
2026-04-07,118,도산                ,하차,13,29,81,128,84,69,81,68,66,60,92,147,214,210,120,74,73,106,27
2026-04-07,119,평동                ,승차,28,31,106,126,81,58,78,89,83,96,136,196,573,324,260,129,82,20,19
2026-04-07,119,평동                ,하차,45,295,855,359,88,41,74,82,83,64,75,73,98,99,86,40,37,33,10
2026-04-08,100,녹동                ,승차,1,5,33,30,13,10,16,13,8,17,13,13,19,28,2,1,0,1,0
2026-04-08,100,녹동                ,하차,0,2,14,30,5,3,8,9,5,7,8,13,29,29,5,3,5,4,1
2026-04-08,101,소태                ,승차,48,106,288,408,199,128,118,166,138,124,132,130,135,158,61,25,34,18,7
2026-04-08,101,소태                ,하차,1,47,100,221,71,101,118,111,122,110,147,199,219,269,140,105,89,79,50
2026-04-08,102,학동증심사          ,승차,38,45,155,279,175,138,151,168,218,119,205,253,167,135,66,65,23,19,21
2026-04-08,102,학동증심사          ,하차,3,44,154,276,141,121,111,131,159,122,169,175,180,187,111,77,67,60,50
2026-04-08,103,남광주              ,승차,42,147,320,414,244,284,314,317,273,297,426,494,708,451,168,152,156,77,72
2026-04-08,103,남광주              ,하차,12,171,355,"1,173",651,400,273,294,403,244,293,281,315,404,135,127,125,78,63
2026-04-08,104,문화전당            ,승차,16,29,68,88,57,78,134,161,173,175,289,255,391,529,206,195,188,200,57
2026-04-08,104,문화전당            ,하차,8,42,139,635,293,173,210,251,254,190,151,183,198,273,133,86,38,47,28
2026-04-08,105,금남로4가           ,승차,14,79,169,282,149,150,186,258,241,286,398,347,467,518,178,181,177,159,43
2026-04-08,105,금남로4가           ,하차,29,43,191,689,361,273,296,279,349,233,265,275,326,311,161,89,80,50,30
2026-04-08,106,금남로5가           ,승차,20,74,128,169,108,118,104,98,147,164,255,271,258,356,115,90,82,39,19
2026-04-08,106,금남로5가           ,하차,24,25,119,562,247,215,152,167,155,133,148,154,159,173,86,40,39,28,22
2026-04-08,107,양동시장            ,승차,23,69,172,258,145,127,138,179,184,181,184,235,240,259,74,54,41,16,27
2026-04-08,107,양동시장            ,하차,8,38,101,337,167,156,178,174,210,196,236,204,190,208,67,71,53,30,33
2026-04-08,108,돌고개              ,승차,40,114,241,366,164,146,184,153,130,96,111,109,143,163,56,41,19,25,45
2026-04-08,108,돌고개              ,하차,12,22,57,185,113,84,116,107,133,123,148,218,247,306,142,97,82,58,35
2026-04-08,109,농성                ,승차,42,104,266,597,237,182,177,235,209,179,188,246,229,277,105,96,61,76,12
2026-04-08,109,농성                ,하차,13,52,136,316,154,127,154,159,202,185,228,227,305,394,147,104,78,67,45
2026-04-08,110,화정                ,승차,33,96,280,440,197,147,127,139,183,129,109,163,159,148,75,47,39,71,7
2026-04-08,110,화정                ,하차,11,21,146,214,75,80,98,103,97,89,121,196,241,283,133,84,80,70,45
2026-04-08,111,쌍촌                ,승차,70,168,385,606,251,164,166,187,171,142,255,126,156,156,70,79,45,24,11
2026-04-08,111,쌍촌                ,하차,4,28,87,214,94,84,96,89,83,135,162,214,328,442,168,119,114,106,50
2026-04-08,112,운천                ,승차,38,133,440,633,257,185,253,204,212,180,220,314,284,299,135,113,102,101,43
2026-04-08,112,운천                ,하차,11,37,135,521,148,122,132,143,177,138,204,238,478,581,272,166,162,122,60
2026-04-08,113,상무                ,승차,43,133,443,575,278,233,236,249,316,383,295,357,358,475,209,185,182,114,58
2026-04-08,113,상무                ,하차,43,66,171,745,323,201,191,220,287,248,329,420,541,676,230,149,127,144,67
2026-04-08,114,컨벤션센터          ,승차,12,27,114,164,79,61,53,66,100,90,94,131,136,156,35,49,38,15,5
2026-04-08,114,컨벤션센터          ,하차,7,26,78,240,113,75,81,67,68,91,90,95,134,128,66,40,28,28,15
2026-04-08,115,공항                ,승차,14,35,150,205,101,96,63,58,70,63,58,79,231,83,38,23,13,5,10
2026-04-08,115,공항                ,하차,9,39,102,104,56,54,46,47,62,73,102,110,91,126,61,25,22,19,18
2026-04-08,116,송정공원            ,승차,44,163,544,552,280,179,259,174,186,163,303,231,248,279,111,62,48,26,36
2026-04-08,116,송정공원            ,하차,31,72,191,385,165,131,160,261,184,191,211,437,371,448,186,150,141,101,45
2026-04-08,117,광주송정            ,승차,23,62,325,439,287,229,284,380,264,345,308,366,519,441,295,191,213,68,92
2026-04-08,117,광주송정            ,하차,38,104,445,432,288,360,277,269,271,304,337,390,376,473,244,191,131,129,44
2026-04-08,118,도산                ,승차,34,93,355,307,154,90,84,93,106,65,88,112,158,185,75,62,30,28,14
2026-04-08,118,도산                ,하차,13,23,69,124,60,64,65,88,74,84,103,238,194,241,110,78,77,72,46
2026-04-08,119,평동                ,승차,30,30,110,126,91,58,76,100,70,82,130,230,615,302,243,142,58,15,8
2026-04-08,119,평동                ,하차,31,288,890,345,100,63,85,69,71,69,74,97,82,102,88,31,22,28,9
2026-04-09,100,녹동                ,승차,2,4,33,34,16,9,6,6,11,10,0,5,19,23,0,3,0,0,0
2026-04-09,100,녹동                ,하차,0,7,12,30,1,1,7,3,2,5,4,11,23,16,4,4,2,3,3
2026-04-09,101,소태                ,승차,41,92,244,388,190,123,103,134,105,79,95,124,133,124,37,30,31,21,5
2026-04-09,101,소태                ,하차,1,43,89,212,81,81,112,118,105,91,131,158,187,273,131,104,101,67,41
2026-04-09,102,학동증심사          ,승차,31,56,135,243,157,101,157,102,101,79,133,207,176,151,47,38,28,25,11
2026-04-09,102,학동증심사          ,하차,3,39,118,248,125,105,93,127,133,98,100,123,154,178,76,67,62,45,19
2026-04-09,103,남광주              ,승차,45,136,297,374,237,221,257,232,215,324,369,464,631,373,133,105,165,84,66
2026-04-09,103,남광주              ,하차,8,148,295,960,589,453,223,327,306,205,182,238,239,357,118,131,112,79,54
2026-04-09,104,문화전당            ,승차,10,32,67,91,61,61,84,135,131,150,177,243,270,439,154,165,213,126,70
2026-04-09,104,문화전당            ,하차,6,38,129,571,257,159,150,132,172,116,123,138,173,257,103,68,40,38,35
2026-04-09,105,금남로4가           ,승차,24,81,148,279,137,126,160,238,223,217,251,349,370,440,189,140,157,108,29
2026-04-09,105,금남로4가           ,하차,33,46,167,631,330,260,299,189,231,194,160,216,291,252,118,67,55,44,33
2026-04-09,106,금남로5가           ,승차,20,71,118,192,74,86,63,88,119,142,105,195,194,433,96,73,92,20,18
2026-04-09,106,금남로5가           ,하차,23,28,100,514,194,123,121,130,118,99,73,100,127,165,48,37,43,19,28
2026-04-09,107,양동시장            ,승차,25,71,157,241,136,140,111,101,134,126,116,196,177,238,49,34,31,15,113
2026-04-09,107,양동시장            ,하차,15,34,112,321,153,130,110,110,150,146,176,138,138,165,47,40,46,26,24
2026-04-09,108,돌고개              ,승차,43,100,209,364,163,118,116,119,97,64,80,96,94,107,52,27,23,26,6
2026-04-09,108,돌고개              ,하차,13,26,55,168,106,79,97,105,94,86,155,166,221,238,110,86,76,59,34
2026-04-09,109,농성                ,승차,39,102,246,449,203,129,165,169,157,139,156,205,181,265,95,71,46,33,9
2026-04-09,109,농성                ,하차,11,42,115,318,175,123,140,116,131,97,156,188,260,377,98,79,110,60,40
2026-04-09,110,화정                ,승차,33,94,255,400,172,89,122,127,87,75,105,154,113,122,57,45,24,35,20
2026-04-09,110,화정                ,하차,6,23,135,207,101,87,79,70,76,91,107,153,188,270,90,78,74,62,25
2026-04-09,111,쌍촌                ,승차,64,159,367,577,242,198,138,117,104,88,85,154,149,137,74,51,69,25,12
2026-04-09,111,쌍촌                ,하차,9,17,82,194,76,80,79,80,78,101,137,151,278,382,154,98,108,84,53
2026-04-09,112,운천                ,승차,28,135,362,566,323,169,141,145,149,97,121,230,206,256,113,108,137,93,35
2026-04-09,112,운천                ,하차,11,41,127,498,128,93,89,114,115,129,142,205,422,516,222,157,120,102,50
2026-04-09,113,상무                ,승차,43,118,388,539,255,241,229,193,211,185,216,222,288,430,190,160,152,84,39
2026-04-09,113,상무                ,하차,31,70,146,703,300,195,177,175,234,203,255,339,423,534,206,130,121,116,55
2026-04-09,114,컨벤션센터          ,승차,14,28,103,136,71,48,44,56,73,66,86,95,123,133,31,51,38,12,7
2026-04-09,114,컨벤션센터          ,하차,9,20,85,235,91,65,58,55,59,69,61,68,109,106,33,46,29,24,6
2026-04-09,115,공항                ,승차,14,30,134,173,135,98,57,45,70,48,37,55,79,70,14,8,8,7,9
2026-04-09,115,공항                ,하차,7,41,86,84,52,53,42,45,50,28,52,70,84,91,41,29,20,25,31
2026-04-09,116,송정공원            ,승차,44,159,512,519,262,166,228,150,130,107,232,165,320,246,92,50,41,31,14
2026-04-09,116,송정공원            ,하차,31,54,182,378,191,84,131,193,137,145,154,299,413,352,199,133,180,82,46
2026-04-09,117,광주송정            ,승차,19,60,313,376,265,213,238,290,190,256,222,340,479,346,218,239,232,72,87
2026-04-09,117,광주송정            ,하차,41,77,411,403,227,319,226,252,203,241,253,313,387,448,211,159,117,110,35
2026-04-09,118,도산                ,승차,27,79,306,279,135,80,66,85,64,58,43,94,134,127,54,36,24,20,10
2026-04-09,118,도산                ,하차,9,26,76,121,56,54,65,78,51,46,98,105,205,183,103,63,51,91,24
2026-04-09,119,평동                ,승차,23,25,119,119,70,51,78,71,60,79,106,177,556,273,253,147,63,15,14
2026-04-09,119,평동                ,하차,35,294,839,328,84,56,61,48,47,54,49,73,73,87,67,40,30,25,21
2026-04-10,100,녹동                ,승차,1,6,34,28,16,7,12,10,17,12,7,10,15,36,3,0,1,2,0
2026-04-10,100,녹동                ,하차,0,8,10,24,6,7,3,8,5,12,5,16,20,28,4,8,2,2,3
2026-04-10,101,소태                ,승차,38,86,259,365,219,144,128,160,190,142,139,196,171,204,87,55,29,22,19
2026-04-10,101,소태                ,하차,1,40,107,196,78,145,127,106,150,127,164,207,247,288,159,107,120,101,66
2026-04-10,102,학동증심사          ,승차,36,53,162,253,169,148,156,136,159,146,166,291,218,145,51,56,49,31,19
2026-04-10,102,학동증심사          ,하차,4,51,130,255,151,118,124,112,130,147,161,194,203,205,90,78,83,47,42
2026-04-10,103,남광주              ,승차,59,133,318,409,276,244,318,332,322,307,319,421,539,330,160,134,111,86,66
2026-04-10,103,남광주              ,하차,13,155,278,768,361,305,249,298,318,329,275,284,347,449,164,141,122,82,66
2026-04-10,104,문화전당            ,승차,13,40,59,101,58,89,119,178,164,188,284,305,405,512,256,196,269,250,108
2026-04-10,104,문화전당            ,하차,6,37,139,556,246,187,182,223,224,224,195,271,329,448,204,120,71,65,44
2026-04-10,105,금남로4가           ,승차,24,76,158,255,146,163,175,244,254,281,375,413,504,537,245,213,223,182,41
2026-04-10,105,금남로4가           ,하차,31,52,177,629,332,260,316,309,350,307,267,329,407,339,190,97,73,65,46
2026-04-10,106,금남로5가           ,승차,22,66,126,179,243,126,110,110,145,119,183,231,290,298,110,87,105,31,6
2026-04-10,106,금남로5가           ,하차,21,25,94,499,334,180,172,154,133,131,129,110,157,187,79,61,69,38,33
2026-04-10,107,양동시장            ,승차,21,74,141,241,148,158,150,180,182,188,220,234,248,252,90,56,43,16,13
2026-04-10,107,양동시장            ,하차,14,37,111,288,172,168,169,195,221,214,240,213,219,229,85,63,59,47,39
2026-04-10,108,돌고개              ,승차,37,94,217,301,176,115,270,116,123,98,126,139,175,145,67,46,40,29,18
2026-04-10,108,돌고개              ,하차,14,25,50,185,97,99,123,104,104,124,173,196,261,286,124,93,89,72,46
2026-04-10,109,농성                ,승차,46,93,249,448,213,187,189,203,218,239,263,267,289,309,150,121,93,42,186
2026-04-10,109,농성                ,하차,12,53,129,309,171,147,168,188,189,208,229,243,346,409,166,120,117,98,65
2026-04-10,110,화정                ,승차,31,84,245,391,156,126,145,162,138,159,150,184,183,157,92,73,37,37,14
2026-04-10,110,화정                ,하차,10,31,130,210,91,94,100,106,108,103,138,207,262,255,113,110,68,81,52
2026-04-10,111,쌍촌                ,승차,71,147,356,513,203,171,141,182,146,138,108,190,294,216,90,68,60,40,15
2026-04-10,111,쌍촌                ,하차,4,20,101,200,90,71,86,90,112,128,159,211,332,411,174,121,122,114,64
2026-04-10,112,운천                ,승차,33,136,379,539,329,188,168,195,202,164,178,333,329,293,190,97,115,121,80
2026-04-10,112,운천                ,하차,12,39,157,509,154,112,133,140,157,181,223,268,512,640,329,243,193,170,103
2026-04-10,113,상무                ,승차,39,109,397,497,244,251,270,272,275,240,293,345,493,502,253,210,194,132,53
2026-04-10,113,상무                ,하차,45,66,160,679,300,222,262,221,249,285,355,429,582,651,268,185,156,170,105
2026-04-10,114,컨벤션센터          ,승차,12,40,103,152,78,59,57,83,87,103,107,140,220,169,70,50,30,16,6
2026-04-10,114,컨벤션센터          ,하차,9,31,84,252,124,81,112,120,151,131,103,101,153,134,51,38,31,22,16
2026-04-10,115,공항                ,승차,19,34,140,190,217,84,104,49,92,98,68,126,106,120,53,49,10,10,6
2026-04-10,115,공항                ,하차,5,36,88,85,47,44,57,56,74,60,83,116,129,107,52,36,32,27,34
2026-04-10,116,송정공원            ,승차,37,160,494,485,216,173,222,150,178,195,298,283,256,290,89,62,41,31,14
2026-04-10,116,송정공원            ,하차,26,68,179,361,156,107,143,245,188,138,187,339,357,368,187,148,143,102,46
2026-04-10,117,광주송정            ,승차,20,70,267,346,268,264,401,474,282,407,363,515,839,525,338,432,338,132,214
2026-04-10,117,광주송정            ,하차,44,127,354,385,258,436,323,308,312,302,291,450,567,721,397,295,178,161,51
2026-04-10,118,도산                ,승차,25,87,313,263,126,90,77,99,100,99,70,125,193,171,62,39,43,40,10
2026-04-10,118,도산                ,하차,13,29,72,111,42,60,75,68,64,96,95,138,240,178,117,86,76,94,35
2026-04-10,119,평동                ,승차,25,24,112,118,76,56,67,95,86,91,145,219,604,301,257,121,50,17,14
2026-04-10,119,평동                ,하차,18,291,788,355,99,67,53,66,77,58,71,75,104,100,87,57,40,35,13
2026-04-11,100,녹동                ,승차,0,4,18,17,16,13,7,9,13,20,18,11,7,12,0,0,4,0,0
2026-04-11,100,녹동                ,하차,0,1,4,9,5,10,18,6,10,5,9,12,14,3,5,0,12,1,0
2026-04-11,101,소태                ,승차,39,78,112,147,173,172,162,167,169,155,149,145,142,100,65,43,31,19,12
2026-04-11,101,소태                ,하차,2,46,89,122,117,107,100,109,145,143,147,137,151,198,100,99,100,83,67
2026-04-11,102,학동증심사          ,승차,28,60,84,113,127,159,120,173,195,124,118,164,191,89,64,40,51,26,8
2026-04-11,102,학동증심사          ,하차,6,40,85,147,164,114,102,94,161,110,102,117,138,118,77,75,71,43,37
2026-04-11,103,남광주              ,승차,52,113,240,238,229,240,205,212,247,211,215,198,245,147,128,93,80,54,43
2026-04-11,103,남광주              ,하차,22,155,185,232,165,174,187,160,216,201,210,227,241,209,126,126,102,66,65
2026-04-11,104,문화전당            ,승차,14,32,43,63,69,94,86,141,194,230,309,370,472,333,292,301,256,223,89
2026-04-11,104,문화전당            ,하차,3,30,56,146,170,187,297,291,385,387,312,274,322,281,224,117,88,66,53
2026-04-11,105,금남로4가           ,승차,26,49,66,96,134,144,135,217,262,320,336,434,459,474,349,263,210,135,81
2026-04-11,105,금남로4가           ,하차,19,26,65,166,266,279,381,444,503,413,367,369,332,220,161,119,96,40,53
2026-04-11,106,금남로5가           ,승차,18,40,41,63,66,78,77,93,104,115,130,161,152,246,88,91,22,18,20
2026-04-11,106,금남로5가           ,하차,10,17,35,63,124,137,136,136,152,120,93,102,100,94,53,42,44,38,47
2026-04-11,107,양동시장            ,승차,31,59,69,111,155,170,189,168,187,213,217,194,165,147,52,38,34,21,17
2026-04-11,107,양동시장            ,하차,15,35,69,112,162,178,174,171,210,233,193,179,143,105,65,47,52,30,28
2026-04-11,108,돌고개              ,승차,31,61,95,128,121,130,114,110,119,95,79,100,492,85,73,44,42,29,20
2026-04-11,108,돌고개              ,하차,13,32,46,89,64,86,71,71,94,91,117,143,178,137,95,73,69,46,43
2026-04-11,109,농성                ,승차,43,228,101,158,173,180,200,236,232,221,180,204,223,194,110,97,79,29,26
2026-04-11,109,농성                ,하차,22,46,85,162,141,164,176,170,198,221,214,217,231,194,105,109,90,64,50
2026-04-11,110,화정                ,승차,25,69,102,117,127,147,144,162,186,116,94,106,125,105,74,54,26,24,16
2026-04-11,110,화정                ,하차,6,12,48,100,79,84,84,90,100,79,90,119,146,158,71,79,77,49,42
2026-04-11,111,쌍촌                ,승차,50,88,104,187,169,166,193,174,179,133,135,115,177,96,77,56,52,27,19
2026-04-11,111,쌍촌                ,하차,10,16,34,57,72,78,82,104,107,91,119,138,181,188,126,126,109,71,86
2026-04-11,112,운천                ,승차,25,81,135,179,285,182,213,219,185,188,202,209,218,142,133,118,108,113,72
2026-04-11,112,운천                ,하차,6,27,71,156,126,98,118,150,190,168,173,220,300,373,266,206,176,138,103
2026-04-11,113,상무                ,승차,39,74,138,176,233,273,244,268,333,215,269,255,250,218,172,148,132,65,39
2026-04-11,113,상무                ,하차,29,51,64,207,260,230,234,250,242,258,254,266,353,304,186,177,125,86,91
2026-04-11,114,컨벤션센터          ,승차,13,14,30,47,72,67,102,150,135,155,170,202,162,145,90,66,29,12,4
2026-04-11,114,컨벤션센터          ,하차,9,35,47,118,113,122,217,160,138,115,116,113,128,80,37,56,26,18,14
2026-04-11,115,공항                ,승차,14,16,40,91,91,74,59,82,64,81,48,84,78,58,43,26,14,3,6
2026-04-11,115,공항                ,하차,5,11,29,40,46,66,69,56,72,63,61,83,82,66,43,21,26,17,21
2026-04-11,116,송정공원            ,승차,35,89,153,153,167,215,159,195,152,159,163,157,157,121,66,47,42,29,18
2026-04-11,116,송정공원            ,하차,37,35,77,128,97,80,108,127,136,114,145,187,272,159,164,123,115,101,48
2026-04-11,117,광주송정            ,승차,25,43,202,305,327,371,394,407,361,416,329,409,490,381,267,335,357,142,165
2026-04-11,117,광주송정            ,하차,67,102,264,263,304,543,390,343,347,309,335,378,494,434,384,310,182,123,48
2026-04-11,118,도산                ,승차,25,52,88,105,106,125,100,164,117,99,81,119,130,66,63,50,50,23,15
2026-04-11,118,도산                ,하차,8,28,41,43,54,67,77,77,79,91,84,96,163,110,97,85,60,52,45
2026-04-11,119,평동                ,승차,22,25,61,68,69,80,130,114,124,86,149,131,315,129,100,60,26,23,11
2026-04-11,119,평동                ,하차,20,108,270,148,69,61,77,86,93,61,85,79,99,103,96,72,62,53,35
2026-04-12,100,녹동                ,승차,0,0,5,18,10,18,6,8,12,12,9,9,7,5,3,0,2,0,0
2026-04-12,100,녹동                ,하차,0,0,2,6,6,11,8,7,8,8,7,7,16,3,8,8,2,0,0
2026-04-12,101,소태                ,승차,17,57,51,78,127,130,91,107,134,105,103,112,99,73,63,41,33,17,10
2026-04-12,101,소태                ,하차,1,27,51,44,84,65,70,53,87,95,109,112,106,121,86,69,52,54,32
2026-04-12,102,학동증심사          ,승차,21,40,40,68,62,100,80,82,116,86,94,81,79,65,28,16,31,14,60
2026-04-12,102,학동증심사          ,하차,2,31,35,55,63,110,79,57,112,85,88,104,81,89,67,71,43,38,41
2026-04-12,103,남광주              ,승차,29,64,106,140,145,140,110,114,142,153,134,142,143,104,118,102,74,37,51
2026-04-12,103,남광주              ,하차,7,64,79,88,103,119,124,126,157,157,175,161,160,197,135,121,96,87,59
2026-04-12,104,문화전당            ,승차,6,18,24,77,57,45,84,78,125,168,232,257,307,263,245,189,167,128,51
2026-04-12,104,문화전당            ,하차,6,46,36,80,94,133,215,205,290,263,239,224,179,151,112,78,72,41,60
2026-04-12,105,금남로4가           ,승차,16,29,34,56,66,98,61,130,173,232,232,372,375,323,266,183,158,80,32
2026-04-12,105,금남로4가           ,하차,15,23,38,78,150,170,240,301,363,365,276,210,207,145,96,80,54,38,55
2026-04-12,106,금남로5가           ,승차,9,23,24,37,61,216,52,59,76,91,99,180,119,93,78,91,22,15,19
2026-04-12,106,금남로5가           ,하차,7,16,27,54,96,250,109,116,155,109,77,77,68,98,53,46,42,21,28
2026-04-12,107,양동시장            ,승차,13,26,37,67,80,108,91,133,134,109,134,110,106,99,40,37,26,13,10
2026-04-12,107,양동시장            ,하차,9,36,52,82,71,88,99,93,134,103,102,107,114,89,34,49,32,28,42
2026-04-12,108,돌고개              ,승차,23,32,49,54,81,81,81,98,77,83,47,102,315,53,54,56,18,14,13
2026-04-12,108,돌고개              ,하차,8,18,15,39,47,42,34,51,87,58,76,106,123,86,78,62,54,40,38
2026-04-12,109,농성                ,승차,22,41,61,80,113,164,125,146,202,158,144,138,155,116,107,96,52,27,20
2026-04-12,109,농성                ,하차,12,32,66,70,103,109,113,98,175,119,134,158,196,117,102,93,73,34,60
2026-04-12,110,화정                ,승차,17,38,48,71,55,107,74,109,99,88,96,85,69,51,55,31,28,22,11
2026-04-12,110,화정                ,하차,8,13,18,35,39,53,40,43,56,57,70,111,82,110,37,63,49,36,48
2026-04-12,111,쌍촌                ,승차,24,43,62,87,156,114,142,109,154,87,90,87,94,66,68,44,29,19,6
2026-04-12,111,쌍촌                ,하차,4,23,13,25,36,46,52,62,61,85,109,88,114,98,78,102,72,51,51
2026-04-12,112,운천                ,승차,31,38,79,95,222,124,104,175,188,115,128,127,154,118,79,99,87,64,67
2026-04-12,112,운천                ,하차,6,15,35,70,95,91,92,111,106,104,142,142,218,177,164,128,135,86,110
2026-04-12,113,상무                ,승차,33,45,99,92,126,188,135,172,176,179,208,147,175,169,122,144,89,60,17
2026-04-12,113,상무                ,하차,10,24,42,73,129,135,135,119,202,190,187,212,231,208,165,123,95,77,88
2026-04-12,114,컨벤션센터          ,승차,10,19,21,35,39,38,61,68,82,77,90,146,77,51,27,30,22,5,5
2026-04-12,114,컨벤션센터          ,하차,6,26,28,63,97,93,68,68,60,54,59,57,59,49,22,39,25,22,17
2026-04-12,115,공항                ,승차,9,15,22,50,45,56,49,55,40,43,34,80,72,45,35,15,8,3,10
2026-04-12,115,공항                ,하차,5,11,26,38,40,39,28,37,50,47,59,67,61,44,44,26,28,18,18
2026-04-12,116,송정공원            ,승차,34,44,52,71,108,105,96,130,148,114,116,102,121,74,41,30,20,21,14
2026-04-12,116,송정공원            ,하차,23,30,31,78,55,70,71,70,81,67,130,156,163,139,102,144,74,51,35
2026-04-12,117,광주송정            ,승차,8,33,69,141,225,218,267,387,269,368,293,446,584,314,253,430,367,134,257
2026-04-12,117,광주송정            ,하차,34,57,203,172,207,394,267,199,234,229,279,331,376,381,344,399,181,112,26
2026-04-12,118,도산                ,승차,19,39,36,73,75,87,63,82,105,79,58,47,77,36,40,36,30,14,14
2026-04-12,118,도산                ,하차,11,11,27,31,33,49,56,52,59,74,60,81,114,104,49,63,64,31,19
2026-04-12,119,평동                ,승차,15,21,39,42,53,75,66,68,99,108,93,94,96,77,37,30,23,17,13
2026-04-12,119,평동                ,하차,9,24,64,58,55,46,45,51,79,72,85,74,84,87,72,61,57,26,21
2026-04-13,100,녹동                ,승차,2,10,31,37,13,14,17,13,10,11,4,4,23,34,0,1,1,0,0
2026-04-13,100,녹동                ,하차,0,14,11,29,9,5,12,10,9,5,7,13,26,22,6,2,2,5,1
2026-04-13,101,소태                ,승차,44,104,276,381,177,174,125,169,137,126,130,127,143,120,57,34,25,20,5
2026-04-13,101,소태                ,하차,1,44,105,221,107,85,118,106,107,148,162,174,229,260,137,85,119,62,23
2026-04-13,102,학동증심사          ,승차,34,60,144,263,193,116,153,136,166,116,152,179,330,174,58,34,25,30,9
2026-04-13,102,학동증심사          ,하차,3,47,148,253,163,139,125,116,148,150,123,160,174,204,82,72,69,43,27
2026-04-13,103,남광주              ,승차,49,172,308,428,279,271,307,274,239,357,437,527,699,388,140,141,121,91,57
2026-04-13,103,남광주              ,하차,11,155,344,991,726,445,318,346,407,309,255,273,274,397,143,123,90,70,53
2026-04-13,104,문화전당            ,승차,18,27,64,100,71,71,101,176,146,164,205,255,293,451,233,179,189,159,65
2026-04-13,104,문화전당            ,하차,6,38,144,558,260,149,169,159,229,147,180,156,201,231,135,75,44,24,34
2026-04-13,105,금남로4가           ,승차,27,92,162,258,152,146,183,213,287,301,350,413,420,471,206,170,172,113,46
2026-04-13,105,금남로4가           ,하차,30,49,204,675,342,271,299,253,308,245,238,246,292,285,121,80,47,38,41
2026-04-13,106,금남로5가           ,승차,25,69,109,188,103,111,94,81,142,154,182,195,187,321,84,49,111,22,17
2026-04-13,106,금남로5가           ,하차,22,22,122,546,185,139,151,140,178,99,94,97,138,162,79,32,48,20,14
2026-04-13,107,양동시장            ,승차,29,81,177,234,133,183,146,166,177,202,206,232,222,294,62,24,19,10,16
2026-04-13,107,양동시장            ,하차,20,37,125,347,178,193,176,154,195,232,232,203,167,203,83,51,48,38,22
2026-04-13,108,돌고개              ,승차,38,103,223,339,180,150,126,124,134,113,129,109,111,128,51,26,36,19,15
2026-04-13,108,돌고개              ,하차,12,19,56,171,109,87,115,106,134,125,181,195,237,283,140,101,92,74,30
2026-04-13,109,농성                ,승차,54,91,265,466,224,149,174,213,197,190,191,245,180,265,78,96,60,43,9
2026-04-13,109,농성                ,하차,11,45,127,308,160,138,171,153,181,181,234,234,299,404,150,93,93,52,42
2026-04-13,110,화정                ,승차,38,93,267,398,200,139,123,150,145,126,154,139,150,109,80,42,47,92,5
2026-04-13,110,화정                ,하차,8,20,151,202,102,92,92,113,105,105,125,207,219,276,123,72,76,52,32
2026-04-13,111,쌍촌                ,승차,73,153,392,573,285,183,153,188,182,108,118,198,133,121,90,35,75,23,11
2026-04-13,111,쌍촌                ,하차,9,28,88,205,81,68,93,103,99,122,137,213,309,439,176,126,116,101,48
2026-04-13,112,운천                ,승차,42,140,421,550,350,203,173,196,174,170,171,278,252,316,107,105,119,70,45
2026-04-13,112,운천                ,하차,7,34,130,479,153,104,96,133,166,151,192,226,395,532,219,165,157,100,68
2026-04-13,113,상무                ,승차,60,109,426,526,261,239,252,279,271,237,292,284,331,457,188,162,159,83,39
2026-04-13,113,상무                ,하차,40,71,176,713,335,203,204,222,258,258,304,356,503,577,226,114,128,130,49
2026-04-13,114,컨벤션센터          ,승차,21,32,101,159,84,74,52,71,90,79,96,113,139,153,41,46,38,9,6
2026-04-13,114,컨벤션센터          ,하차,12,26,72,244,119,85,60,69,69,87,77,77,139,122,67,34,35,31,12
2026-04-13,115,공항                ,승차,18,34,166,213,136,68,74,83,57,126,61,90,112,91,45,26,13,4,4
2026-04-13,115,공항                ,하차,7,41,76,128,47,74,41,45,68,60,104,98,120,119,61,27,23,23,24
2026-04-13,116,송정공원            ,승차,42,154,554,517,258,161,203,207,154,186,210,298,222,247,107,65,35,32,14
2026-04-13,116,송정공원            ,하차,28,64,178,350,190,131,129,286,217,158,188,256,496,388,231,120,155,102,31
2026-04-13,117,광주송정            ,승차,27,85,412,470,367,298,361,375,241,307,285,380,505,418,245,203,192,72,72
2026-04-13,117,광주송정            ,하차,90,136,506,446,294,419,286,288,289,270,327,323,340,433,220,149,110,109,29
2026-04-13,118,도산                ,승차,26,76,340,284,158,76,72,111,101,85,61,86,176,151,67,33,36,18,15
2026-04-13,118,도산                ,하차,5,28,66,113,75,67,89,103,61,73,87,142,228,195,98,62,82,98,20
2026-04-13,119,평동                ,승차,18,30,93,96,81,61,64,100,87,72,130,163,530,329,271,128,84,25,13
2026-04-13,119,평동                ,하차,43,260,818,340,88,75,63,46,59,78,67,81,90,92,77,46,37,36,11
2026-04-14,100,녹동                ,승차,1,8,30,32,13,14,6,7,10,11,18,12,14,24,2,0,0,2,0
2026-04-14,100,녹동                ,하차,0,7,13,25,3,4,1,16,14,9,8,8,19,23,13,1,4,3,0
2026-04-14,101,소태                ,승차,52,90,264,393,199,116,123,126,152,108,110,139,145,125,50,43,27,23,7
2026-04-14,101,소태                ,하차,2,42,91,193,78,80,95,103,111,121,149,173,212,267,147,95,103,80,36
2026-04-14,102,학동증심사          ,승차,34,57,166,240,153,131,149,119,159,104,123,181,301,140,62,45,30,37,53
2026-04-14,102,학동증심사          ,하차,3,49,144,275,160,132,83,102,157,119,137,148,166,218,121,88,65,37,22
2026-04-14,103,남광주              ,승차,48,154,325,433,242,254,292,258,248,363,478,514,635,368,159,159,130,94,61
2026-04-14,103,남광주              ,하차,12,162,332,"1,068",742,444,289,305,374,297,225,228,275,368,146,141,106,69,31
2026-04-14,104,문화전당            ,승차,27,33,81,89,77,71,103,131,164,172,209,252,332,508,194,160,194,154,70
2026-04-14,104,문화전당            ,하차,5,41,143,586,267,143,183,171,251,144,136,154,230,232,129,76,46,34,41
2026-04-14,105,금남로4가           ,승차,26,77,172,287,139,130,168,211,276,308,318,371,412,504,202,195,184,120,44
2026-04-14,105,금남로4가           ,하차,30,47,199,674,309,306,310,280,328,238,209,223,316,266,127,97,69,42,38
2026-04-14,106,금남로5가           ,승차,17,70,129,184,93,68,91,76,146,143,185,247,214,318,124,91,111,18,10
2026-04-14,106,금남로5가           ,하차,21,32,120,570,204,139,157,149,164,123,106,79,139,189,63,53,38,28,14
2026-04-14,107,양동시장            ,승차,30,67,165,257,183,161,172,163,222,172,175,206,196,275,90,38,29,20,9
2026-04-14,107,양동시장            ,하차,18,45,102,359,202,194,175,186,179,195,192,177,204,207,69,63,55,31,31
2026-04-14,108,돌고개              ,승차,33,106,245,366,180,119,138,133,270,120,114,225,119,125,59,48,31,26,15
2026-04-14,108,돌고개              ,하차,8,23,54,186,130,78,98,120,129,131,145,209,206,287,139,84,97,53,36
2026-04-14,109,농성                ,승차,38,117,266,475,233,189,202,196,171,208,191,207,243,269,112,85,90,49,22
2026-04-14,109,농성                ,하차,15,53,138,347,163,165,174,147,200,210,214,226,289,395,130,82,93,60,54
2026-04-14,110,화정                ,승차,30,95,265,451,207,126,132,168,134,127,104,138,125,128,81,34,36,73,9
2026-04-14,110,화정                ,하차,11,23,148,201,110,88,84,91,105,128,126,170,224,280,117,81,81,54,36
2026-04-14,111,쌍촌                ,승차,68,175,377,572,262,169,134,271,141,107,118,194,160,137,85,59,89,13,15
2026-04-14,111,쌍촌                ,하차,6,28,98,224,79,53,83,102,108,136,130,216,327,409,182,121,117,87,41
2026-04-14,112,운천                ,승차,37,140,446,591,270,306,158,190,167,149,143,237,242,302,134,106,144,78,51
2026-04-14,112,운천                ,하차,10,49,128,525,143,80,128,131,139,149,189,248,449,553,263,199,122,119,72
2026-04-14,113,상무                ,승차,50,134,474,577,277,240,238,257,304,251,246,256,355,483,211,187,173,105,48
2026-04-14,113,상무                ,하차,47,70,178,716,362,221,206,250,235,250,293,363,500,604,234,165,136,134,55
2026-04-14,114,컨벤션센터          ,승차,10,31,110,166,76,78,39,55,83,67,83,78,143,149,42,40,36,9,4
2026-04-14,114,컨벤션센터          ,하차,9,28,72,263,113,90,61,64,80,77,82,69,118,116,60,39,36,30,22
2026-04-14,115,공항                ,승차,14,30,156,238,139,74,61,74,147,61,65,74,120,100,29,31,11,8,15
2026-04-14,115,공항                ,하차,9,47,89,126,51,45,51,47,68,64,95,87,105,113,43,37,38,28,26
2026-04-14,116,송정공원            ,승차,41,137,574,546,271,179,207,233,172,187,162,303,234,315,106,47,45,32,11
2026-04-14,116,송정공원            ,하차,35,62,200,424,156,88,148,255,225,145,217,299,453,425,214,159,164,121,50
2026-04-14,117,광주송정            ,승차,30,62,311,444,283,237,292,358,221,299,225,341,491,394,199,210,186,97,75
2026-04-14,117,광주송정            ,하차,41,98,440,436,252,323,247,205,208,271,264,310,357,429,227,123,106,126,33
2026-04-14,118,도산                ,승차,33,88,324,325,143,103,76,109,87,70,64,77,158,166,55,44,29,16,22
2026-04-14,118,도산                ,하차,14,32,66,122,71,57,73,80,52,83,84,122,217,205,93,68,69,118,29
2026-04-14,119,평동                ,승차,27,24,125,143,79,75,82,79,76,69,122,181,565,312,273,154,83,20,8
2026-04-14,119,평동                ,하차,37,289,868,344,106,77,70,66,72,67,52,61,77,110,87,46,31,35,17
2026-04-15,100,녹동                ,승차,2,7,33,30,26,12,13,10,13,14,6,12,17,29,3,1,1,0,0
2026-04-15,100,녹동                ,하차,0,5,11,23,6,7,4,10,7,8,9,15,20,25,6,4,3,2,0
2026-04-15,101,소태                ,승차,37,96,264,428,184,130,121,129,126,124,132,151,132,130,40,36,39,21,9
2026-04-15,101,소태                ,하차,0,40,104,229,98,84,102,106,131,151,173,199,203,259,137,88,99,72,46
2026-04-15,102,학동증심사          ,승차,35,55,155,238,165,130,148,157,127,121,214,245,180,139,62,61,26,23,8
2026-04-15,102,학동증심사          ,하차,2,41,127,255,154,140,131,129,136,120,141,161,186,209,94,77,61,56,23
2026-04-15,103,남광주              ,승차,38,156,336,404,260,268,335,286,301,355,461,480,663,386,170,158,130,84,117
2026-04-15,103,남광주              ,하차,8,147,343,"1,180",639,406,258,245,432,283,272,253,286,419,147,105,116,89,43
2026-04-15,104,문화전당            ,승차,19,34,60,91,61,70,93,165,151,187,304,287,340,473,205,156,208,160,67
2026-04-15,104,문화전당            ,하차,5,38,137,605,304,169,183,246,234,158,185,208,212,250,115,66,55,42,35
2026-04-15,105,금남로4가           ,승차,27,81,180,282,143,151,176,244,294,305,416,369,486,497,200,170,183,145,27
2026-04-15,105,금남로4가           ,하차,26,56,195,685,355,261,341,293,306,278,235,252,317,289,143,85,59,48,23
2026-04-15,106,금남로5가           ,승차,22,68,131,202,99,86,93,99,162,170,270,216,221,321,123,104,75,37,15
2026-04-15,106,금남로5가           ,하차,25,23,116,551,224,140,137,162,161,133,121,120,158,186,100,45,45,27,25
2026-04-15,107,양동시장            ,승차,26,63,177,245,151,160,167,175,187,396,193,216,227,283,52,62,37,22,14
2026-04-15,107,양동시장            ,하차,16,39,109,358,215,201,171,151,187,187,235,208,183,205,91,64,45,43,18
2026-04-15,108,돌고개              ,승차,34,108,224,367,160,123,120,115,287,100,104,107,125,134,64,40,28,18,19
2026-04-15,108,돌고개              ,하차,14,24,63,192,115,61,113,97,137,102,155,197,235,295,120,112,84,57,49
2026-04-15,109,농성                ,승차,45,113,252,497,232,292,171,192,237,181,206,214,236,296,103,86,56,76,17
2026-04-15,109,농성                ,하차,15,49,138,337,152,151,181,137,162,193,237,251,333,399,168,103,91,78,39
2026-04-15,110,화정                ,승차,38,103,295,438,187,135,142,140,155,111,112,153,153,126,75,39,43,69,11
2026-04-15,110,화정                ,하차,4,20,140,199,91,94,82,100,104,101,125,198,236,299,118,77,83,65,26
2026-04-15,111,쌍촌                ,승차,72,172,361,596,373,147,150,186,154,137,120,108,167,135,81,58,37,28,13
2026-04-15,111,쌍촌                ,하차,8,22,53,129,87,61,81,113,86,120,183,214,295,418,168,123,129,88,47
2026-04-15,112,운천                ,승차,38,141,440,599,262,191,171,184,173,175,286,320,273,284,123,107,96,79,59
2026-04-15,112,운천                ,하차,15,44,122,514,160,120,129,139,168,150,186,261,427,523,259,173,135,122,79
2026-04-15,113,상무                ,승차,51,118,420,568,273,254,228,240,279,205,322,282,348,473,237,186,180,101,49
2026-04-15,113,상무                ,하차,40,81,178,705,337,208,184,221,234,283,319,409,499,619,251,157,128,146,51
2026-04-15,114,컨벤션센터          ,승차,12,30,114,166,84,63,60,55,84,106,129,90,136,153,46,33,38,20,8
2026-04-15,114,컨벤션센터          ,하차,10,25,84,247,122,66,60,108,99,76,87,79,133,117,65,40,30,25,12
2026-04-15,115,공항                ,승차,18,40,162,232,121,89,79,62,54,73,40,92,102,99,38,35,15,8,8
2026-04-15,115,공항                ,하차,14,37,95,102,52,58,65,56,60,77,111,112,108,130,42,43,30,32,17
2026-04-15,116,송정공원            ,승차,38,171,514,539,285,141,231,188,162,139,269,214,240,252,102,62,60,22,27
2026-04-15,116,송정공원            ,하차,30,69,196,389,167,110,135,264,178,141,243,302,386,387,208,153,147,110,53
2026-04-15,117,광주송정            ,승차,23,71,289,441,279,233,283,300,200,265,228,342,528,442,242,223,222,69,151
2026-04-15,117,광주송정            ,하차,48,103,423,423,267,290,242,202,240,207,304,301,313,420,242,135,129,108,54
2026-04-15,118,도산                ,승차,22,85,325,302,128,97,82,97,114,78,72,91,170,180,68,53,29,30,21
2026-04-15,118,도산                ,하차,10,27,81,125,60,51,64,83,69,65,103,182,177,209,112,72,66,91,23
2026-04-15,119,평동                ,승차,21,25,112,130,72,39,61,103,94,68,129,188,603,302,257,137,69,27,10
2026-04-15,119,평동                ,하차,5,341,872,338,83,52,61,59,92,53,73,82,64,112,78,49,42,22,13
2026-04-16,100,녹동                ,승차,1,8,44,32,14,16,8,5,13,15,5,8,15,32,4,1,3,0,2
2026-04-16,100,녹동                ,하차,0,9,14,27,14,7,10,7,12,13,7,5,23,19,8,5,6,3,4
2026-04-16,101,소태                ,승차,44,113,247,380,204,124,106,151,119,118,100,137,177,180,49,41,47,16,21
2026-04-16,101,소태                ,하차,5,45,116,212,97,84,105,108,134,116,146,183,203,257,150,116,123,81,49
2026-04-16,102,학동증심사          ,승차,34,67,155,249,151,146,155,159,134,135,189,247,194,162,71,43,39,29,12
2026-04-16,102,학동증심사          ,하차,1,52,130,262,153,131,120,122,83,116,135,162,196,200,90,86,75,52,22
2026-04-16,103,남광주              ,승차,53,178,342,385,268,252,293,291,247,316,417,521,680,374,186,128,148,81,61
2026-04-16,103,남광주              ,하차,10,189,325,973,638,459,278,370,331,238,246,252,313,370,173,123,122,88,63
2026-04-16,104,문화전당            ,승차,15,25,64,81,79,58,115,113,150,170,205,269,369,448,234,194,205,182,68
2026-04-16,104,문화전당            ,하차,7,55,133,550,209,165,174,165,218,165,193,208,229,273,124,79,48,26,35
2026-04-16,105,금남로4가           ,승차,21,75,158,255,137,140,174,208,273,292,345,368,453,494,217,159,202,136,26
2026-04-16,105,금남로4가           ,하차,30,59,192,649,357,285,285,277,290,248,204,234,322,278,147,100,69,53,22
2026-04-16,106,금남로5가           ,승차,23,69,126,189,100,84,102,92,143,122,183,232,218,330,105,91,120,17,23
2026-04-16,106,금남로5가           ,하차,23,28,138,544,218,141,147,120,149,116,106,108,151,182,64,52,44,22,31
2026-04-16,107,양동시장            ,승차,26,71,172,272,173,144,196,148,202,173,185,448,236,306,75,39,38,19,19
2026-04-16,107,양동시장            ,하차,19,50,123,381,183,162,190,179,174,190,178,196,171,210,82,51,55,30,38
2026-04-16,108,돌고개              ,승차,41,109,219,364,173,127,134,118,88,107,107,102,128,114,66,37,21,36,8
2026-04-16,108,돌고개              ,하차,14,24,54,176,96,81,103,110,106,112,169,175,229,304,130,78,81,66,29
2026-04-16,109,농성                ,승차,38,116,300,471,213,169,180,216,217,209,191,228,245,296,113,120,65,67,13
2026-04-16,109,농성                ,하차,13,47,127,339,199,126,179,167,172,213,204,251,297,405,164,104,120,66,53
2026-04-16,110,화정                ,승차,37,107,289,412,197,150,122,135,115,131,112,158,154,132,64,47,32,88,9
2026-04-16,110,화정                ,하차,13,21,150,210,118,109,109,112,95,108,123,179,237,281,127,74,93,69,29
2026-04-16,111,쌍촌                ,승차,63,177,378,567,385,175,158,176,130,127,108,183,168,141,89,63,75,35,12
2026-04-16,111,쌍촌                ,하차,3,23,82,222,85,77,81,84,116,97,165,251,326,395,198,111,126,107,48
2026-04-16,112,운천                ,승차,34,142,451,549,360,198,156,245,193,145,152,286,261,283,142,126,149,71,55
2026-04-16,112,운천                ,하차,10,47,143,501,147,90,139,128,148,135,164,225,461,566,285,202,154,143,69
2026-04-16,113,상무                ,승차,42,128,446,564,294,260,263,299,212,195,268,307,362,460,227,187,182,102,41
2026-04-16,113,상무                ,하차,39,75,189,713,347,202,202,254,229,255,279,379,538,642,232,170,135,157,72
2026-04-16,114,컨벤션센터          ,승차,15,36,105,155,77,69,64,83,84,82,80,125,160,154,41,45,44,14,8
2026-04-16,114,컨벤션센터          ,하차,9,29,76,248,131,93,81,70,89,83,74,86,104,116,58,40,33,29,10
2026-04-16,115,공항                ,승차,17,38,150,222,125,82,60,44,118,54,43,74,106,77,42,34,9,9,19
2026-04-16,115,공항                ,하차,7,40,95,99,44,46,53,47,57,58,76,104,111,113,51,29,30,25,18
2026-04-16,116,송정공원            ,승차,44,153,539,531,280,176,272,194,136,165,254,201,262,260,102,65,43,31,10
2026-04-16,116,송정공원            ,하차,27,76,196,399,184,111,141,238,193,168,199,248,478,360,215,167,141,133,41
2026-04-16,117,광주송정            ,승차,39,77,289,440,287,196,269,325,184,310,298,364,501,417,289,233,279,99,105
2026-04-16,117,광주송정            ,하차,43,112,417,401,277,319,254,232,216,279,274,344,449,522,247,193,124,143,27
2026-04-16,118,도산                ,승차,27,85,317,322,138,99,92,81,108,77,97,80,165,142,63,33,34,29,12
2026-04-16,118,도산                ,하차,10,35,80,134,40,72,84,77,66,77,113,124,198,214,102,78,66,126,21
2026-04-16,119,평동                ,승차,27,27,129,124,85,85,77,97,72,63,151,188,642,315,236,149,56,22,5
2026-04-16,119,평동                ,하차,6,323,854,339,102,78,81,65,67,79,78,55,85,113,86,31,36,35,13
2026-04-17,100,녹동                ,승차,2,7,33,33,17,15,11,3,14,8,5,6,16,31,2,4,0,0,0
2026-04-17,100,녹동                ,하차,0,10,14,17,1,3,8,7,11,3,4,9,23,16,5,3,6,3,1
2026-04-17,101,소태                ,승차,44,100,264,349,181,146,118,128,146,128,129,139,175,161,59,47,35,30,8
2026-04-17,101,소태                ,하차,1,40,92,205,86,99,130,113,117,135,184,220,216,287,131,110,95,79,63
2026-04-17,102,학동증심사          ,승차,34,59,126,248,177,137,144,167,139,128,151,224,167,134,73,39,41,17,12
2026-04-17,102,학동증심사          ,하차,3,43,120,235,134,130,142,103,138,122,164,167,161,175,107,83,72,53,37
2026-04-17,103,남광주              ,승차,42,171,278,382,281,255,278,293,276,270,273,308,530,306,156,105,89,61,119
2026-04-17,103,남광주              ,하차,11,175,288,754,362,306,214,248,285,211,211,247,315,396,145,118,129,73,55
2026-04-17,104,문화전당            ,승차,22,29,59,84,79,91,105,130,152,162,213,268,353,436,207,182,171,160,67
2026-04-17,104,문화전당            ,하차,5,40,119,550,281,163,150,156,182,182,144,198,252,325,131,89,57,49,43
2026-04-17,105,금남로4가           ,승차,31,94,144,252,136,132,169,209,240,229,332,389,479,495,248,162,196,124,26
2026-04-17,105,금남로4가           ,하차,29,52,194,614,333,255,272,258,342,245,229,223,334,313,148,88,75,47,45
2026-04-17,106,금남로5가           ,승차,22,77,109,175,101,91,117,97,118,139,167,243,398,285,102,81,93,25,14
2026-04-17,106,금남로5가           ,하차,21,37,215,504,205,137,135,122,142,106,111,99,155,184,61,55,48,29,33
2026-04-17,107,양동시장            ,승차,29,84,147,240,146,156,133,155,192,171,199,195,225,249,87,26,32,17,14
2026-04-17,107,양동시장            ,하차,21,47,104,329,155,140,178,152,190,149,177,185,188,197,66,55,49,35,38
2026-04-17,108,돌고개              ,승차,31,106,227,332,157,128,167,108,141,124,86,111,118,138,58,39,33,18,167
2026-04-17,108,돌고개              ,하차,14,25,60,161,103,75,97,108,139,136,151,175,219,247,119,78,73,66,42
2026-04-17,109,농성                ,승차,44,103,224,422,218,164,151,203,166,203,218,203,238,263,102,91,74,51,34
2026-04-17,109,농성                ,하차,14,52,101,320,168,145,159,190,180,176,203,219,292,399,130,108,94,87,60
2026-04-17,110,화정                ,승차,31,102,256,374,194,122,112,140,129,135,128,137,142,131,86,42,33,76,18
2026-04-17,110,화정                ,하차,9,22,138,192,105,77,106,81,93,106,118,155,263,273,101,78,54,66,37
2026-04-17,111,쌍촌                ,승차,64,159,368,493,312,151,157,153,137,98,104,184,173,167,79,61,64,16,12
2026-04-17,111,쌍촌                ,하차,8,19,85,187,83,67,106,95,86,126,115,176,306,389,153,100,127,84,52
2026-04-17,112,운천                ,승차,37,137,409,513,229,196,169,207,150,152,145,278,252,270,136,86,117,96,58
2026-04-17,112,운천                ,하차,16,43,117,485,158,117,133,97,152,149,166,229,442,562,270,176,148,139,85
2026-04-17,113,상무                ,승차,43,119,430,512,269,232,213,277,251,232,251,286,406,508,182,167,145,103,48
2026-04-17,113,상무                ,하차,43,69,169,682,331,235,205,208,230,270,304,341,498,595,240,139,123,125,55
2026-04-17,114,컨벤션센터          ,승차,17,34,95,140,62,61,51,67,79,105,85,104,136,141,53,31,58,18,21
2026-04-17,114,컨벤션센터          ,하차,13,27,78,215,83,68,86,58,109,79,90,67,131,152,56,42,24,26,18
2026-04-17,115,공항                ,승차,21,27,146,188,107,46,79,52,60,184,63,98,96,112,40,31,14,6,6
2026-04-17,115,공항                ,하차,7,38,72,90,42,48,44,61,58,60,107,99,101,106,58,27,29,24,22
2026-04-17,116,송정공원            ,승차,42,132,488,451,207,151,188,146,170,144,267,236,235,254,83,60,40,26,12
2026-04-17,116,송정공원            ,하차,32,72,173,339,172,95,112,253,197,134,172,252,399,319,170,142,129,93,33
2026-04-17,117,광주송정            ,승차,25,57,280,355,269,257,295,328,253,368,289,408,744,537,335,390,344,106,190
2026-04-17,117,광주송정            ,하차,49,106,380,393,262,413,296,277,277,298,251,420,511,707,367,289,149,110,37
2026-04-17,118,도산                ,승차,22,67,304,280,112,92,80,88,117,90,78,88,174,152,61,44,27,25,19
2026-04-17,118,도산                ,하차,12,26,80,114,53,57,72,73,54,62,89,130,211,181,100,56,61,105,37
2026-04-17,119,평동                ,승차,26,30,112,119,74,57,61,95,73,87,159,200,621,263,176,110,60,15,6
2026-04-17,119,평동                ,하차,25,285,821,322,68,67,64,63,67,76,83,65,84,82,70,50,45,28,16
2026-04-18,100,녹동                ,승차,0,1,16,15,13,4,11,8,8,9,9,4,9,8,2,0,0,0,0
2026-04-18,100,녹동                ,하차,0,0,3,4,8,7,6,4,8,9,9,7,16,3,3,3,1,0,0
2026-04-18,101,소태                ,승차,38,61,96,166,158,150,161,158,167,116,129,118,159,117,57,58,44,22,12
2026-04-18,101,소태                ,하차,4,35,82,124,90,99,84,119,119,123,106,153,140,163,106,116,88,60,51
2026-04-18,102,학동증심사          ,승차,35,55,81,98,130,129,158,151,146,114,135,118,149,96,51,45,27,14,79
2026-04-18,102,학동증심사          ,하차,1,42,73,144,149,116,99,79,101,84,112,119,133,121,75,76,60,36,59
2026-04-18,103,남광주              ,승차,49,113,214,214,207,217,202,246,233,249,203,186,195,143,139,78,54,66,47
2026-04-18,103,남광주              ,하차,11,150,155,247,158,196,183,174,223,188,193,206,222,225,125,104,94,85,87
2026-04-18,104,문화전당            ,승차,18,23,45,57,72,89,63,155,189,179,244,341,407,369,296,249,266,250,94
2026-04-18,104,문화전당            ,하차,3,25,60,160,175,179,243,317,441,358,315,264,324,258,190,105,96,28,53
2026-04-18,105,금남로4가           ,승차,28,41,85,95,113,121,152,189,288,285,339,395,438,414,253,225,209,97,55
2026-04-18,105,금남로4가           ,하차,26,30,53,130,221,300,382,383,421,349,294,326,295,281,126,105,82,42,38
2026-04-18,106,금남로5가           ,승차,17,42,47,59,64,77,64,93,90,94,126,156,136,101,91,102,36,22,15
2026-04-18,106,금남로5가           ,하차,11,17,41,83,112,118,108,115,163,109,101,90,102,102,46,48,52,39,35
2026-04-18,107,양동시장            ,승차,18,46,55,100,124,154,155,157,191,164,168,187,170,110,84,55,34,14,16
2026-04-18,107,양동시장            ,하차,15,38,62,118,118,157,165,183,211,182,173,169,136,113,77,55,36,32,30
2026-04-18,108,돌고개              ,승차,29,56,85,122,112,153,111,105,154,99,79,81,107,82,69,48,28,24,11
2026-04-18,108,돌고개              ,하차,14,22,37,66,50,64,71,85,122,118,111,120,145,125,75,66,63,48,66
2026-04-18,109,농성                ,승차,44,74,97,162,170,200,191,223,260,217,255,254,213,204,147,107,66,37,68
2026-04-18,109,농성                ,하차,13,45,89,144,158,161,182,169,241,213,201,185,238,248,129,93,78,60,54
2026-04-18,110,화정                ,승차,34,58,92,86,148,162,155,161,152,127,114,86,104,98,64,59,36,26,13
2026-04-18,110,화정                ,하차,8,19,44,99,89,85,106,94,94,80,125,106,129,112,75,92,59,52,45
2026-04-18,111,쌍촌                ,승차,41,83,111,168,274,181,165,154,169,130,112,145,138,95,74,55,32,30,12
2026-04-18,111,쌍촌                ,하차,6,21,32,53,62,64,95,72,121,117,131,123,153,146,117,100,101,51,80
2026-04-18,112,운천                ,승차,31,77,118,195,190,237,166,229,203,188,162,196,208,165,117,95,108,81,62
2026-04-18,112,운천                ,하차,12,31,64,184,119,117,131,145,154,160,177,182,299,329,236,262,189,140,140
2026-04-18,113,상무                ,승차,38,71,123,161,174,239,274,256,293,243,268,261,225,189,173,142,134,84,44
2026-04-18,113,상무                ,하차,30,48,59,204,236,246,197,246,294,233,208,259,349,289,220,180,96,97,77
2026-04-18,114,컨벤션센터          ,승차,14,20,44,52,63,43,68,124,125,127,150,220,160,83,62,63,38,12,6
2026-04-18,114,컨벤션센터          ,하차,11,38,33,104,126,117,173,169,141,108,94,101,83,68,49,47,20,14,8
2026-04-18,115,공항                ,승차,9,28,42,73,81,87,51,77,71,63,64,89,127,51,38,30,18,13,10
2026-04-18,115,공항                ,하차,5,10,31,41,51,51,46,38,49,37,75,98,87,75,32,35,21,23,27
2026-04-18,116,송정공원            ,승차,37,78,156,144,153,187,202,170,189,149,130,160,180,134,83,57,52,19,14
2026-04-18,116,송정공원            ,하차,26,39,61,114,139,128,120,123,142,147,147,203,185,160,119,136,101,92,42
2026-04-18,117,광주송정            ,승차,27,44,203,261,393,313,456,499,362,394,330,383,654,331,271,319,299,145,200
2026-04-18,117,광주송정            ,하차,68,83,257,240,328,562,361,350,422,343,349,453,473,487,303,294,148,144,38
2026-04-18,118,도산                ,승차,23,42,104,117,114,107,117,119,121,97,90,86,103,79,58,68,32,21,17
2026-04-18,118,도산                ,하차,7,17,58,43,38,58,79,86,73,75,73,124,146,105,99,67,80,78,34
2026-04-18,119,평동                ,승차,28,24,73,62,72,104,91,118,93,89,115,178,279,85,100,68,29,27,8
2026-04-18,119,평동                ,하차,9,107,254,134,58,63,79,65,80,65,85,85,100,86,77,71,81,58,25
2026-04-19,100,녹동                ,승차,0,0,2,13,12,5,4,12,6,11,4,6,5,3,4,0,1,0,0
2026-04-19,100,녹동                ,하차,0,0,0,4,2,7,3,4,1,5,7,4,10,5,6,6,2,1,0
2026-04-19,101,소태                ,승차,13,34,52,71,118,107,83,112,111,108,109,122,119,62,53,32,33,16,8
2026-04-19,101,소태                ,하차,0,21,40,64,84,68,74,60,81,78,100,123,100,122,99,95,51,56,28
2026-04-19,102,학동증심사          ,승차,25,33,39,63,79,80,78,100,131,95,88,76,77,69,79,56,24,10,10
2026-04-19,102,학동증심사          ,하차,2,13,38,69,87,94,59,63,100,81,75,89,102,101,108,71,66,25,18
2026-04-19,103,남광주              ,승차,28,49,92,88,101,141,88,141,150,159,182,186,150,87,104,76,56,39,104
2026-04-19,103,남광주              ,하차,3,43,57,114,91,106,98,106,171,134,143,148,188,162,104,118,116,90,52
2026-04-19,104,문화전당            ,승차,8,16,21,76,65,67,78,100,108,128,192,219,285,292,203,192,183,89,40
2026-04-19,104,문화전당            ,하차,3,42,51,69,102,107,176,218,261,213,212,201,189,144,84,91,56,49,58
2026-04-19,105,금남로4가           ,승차,17,33,45,54,65,93,79,119,168,181,254,296,323,260,233,181,149,74,18
2026-04-19,105,금남로4가           ,하차,11,15,52,79,126,171,236,267,316,258,218,221,201,141,96,74,57,48,48
2026-04-19,106,금남로5가           ,승차,9,19,24,34,65,59,34,52,66,72,113,171,140,137,71,63,29,17,10
2026-04-19,106,금남로5가           ,하차,4,11,32,47,98,93,75,96,186,108,90,51,68,97,27,45,49,23,32
2026-04-19,107,양동시장            ,승차,13,25,44,50,63,86,79,81,91,84,96,312,89,60,54,80,22,12,16
2026-04-19,107,양동시장            ,하차,5,23,40,31,48,76,99,55,91,79,97,93,97,58,42,37,28,28,23
2026-04-19,108,돌고개              ,승차,16,31,44,55,76,83,59,85,88,58,55,83,80,43,33,191,80,13,21
2026-04-19,108,돌고개              ,하차,13,12,15,36,46,50,35,55,72,76,74,89,119,95,94,66,78,23,39
2026-04-19,109,농성                ,승차,24,36,52,80,103,143,125,123,187,158,187,154,152,118,120,80,72,37,20
2026-04-19,109,농성                ,하차,10,16,40,78,99,99,132,110,161,125,179,155,181,155,73,74,74,39,57
2026-04-19,110,화정                ,승차,11,38,53,73,84,104,65,95,68,83,56,78,80,58,42,39,28,22,4
2026-04-19,110,화정                ,하차,2,7,16,37,37,51,46,46,59,77,67,64,109,100,59,63,57,31,41
2026-04-19,111,쌍촌                ,승차,20,37,54,88,113,115,90,90,129,77,92,85,93,91,68,57,40,17,10
2026-04-19,111,쌍촌                ,하차,2,16,20,21,33,48,33,55,58,82,88,91,115,131,112,92,82,53,47
2026-04-19,112,운천                ,승차,25,51,85,98,109,133,99,153,145,110,106,143,151,117,109,89,72,50,58
2026-04-19,112,운천                ,하차,3,7,23,55,83,86,102,95,107,109,101,128,178,193,125,139,107,83,62
2026-04-19,113,상무                ,승차,25,50,79,92,153,138,140,163,173,130,139,164,181,134,145,130,76,63,28
2026-04-19,113,상무                ,하차,5,20,21,74,121,143,115,130,147,155,173,204,221,164,140,107,97,70,65
2026-04-19,114,컨벤션센터          ,승차,12,12,21,21,27,37,39,56,67,62,88,87,82,55,36,39,35,14,19
2026-04-19,114,컨벤션센터          ,하차,12,12,19,50,88,68,61,68,62,51,50,49,73,55,33,35,32,24,14
2026-04-19,115,공항                ,승차,13,10,26,36,78,49,47,51,57,52,38,68,47,63,21,25,12,10,5
2026-04-19,115,공항                ,하차,5,4,28,46,43,41,37,40,33,36,55,66,54,42,32,32,10,19,12
2026-04-19,116,송정공원            ,승차,25,44,66,84,98,82,101,100,120,130,107,99,81,74,54,37,29,16,3
2026-04-19,116,송정공원            ,하차,5,17,29,69,66,68,77,61,78,91,125,163,143,111,109,107,80,57,20
2026-04-19,117,광주송정            ,승차,17,44,57,129,218,220,304,354,263,320,294,366,601,304,271,450,368,124,230
2026-04-19,117,광주송정            ,하차,16,24,172,188,205,400,271,198,226,208,224,311,351,418,340,448,194,118,19
2026-04-19,118,도산                ,승차,16,46,43,59,73,72,67,84,68,65,50,58,69,47,46,27,22,13,8
2026-04-19,118,도산                ,하차,3,16,39,22,25,47,47,44,44,52,71,84,98,79,60,48,44,54,16
2026-04-19,119,평동                ,승차,17,23,53,51,55,84,95,73,78,80,116,74,103,69,45,33,10,12,5
2026-04-19,119,평동                ,하차,9,23,49,60,47,42,40,54,94,88,82,99,84,78,70,55,50,28,12
2026-04-20,100,녹동                ,승차,0,11,37,20,14,11,7,6,9,12,4,8,21,23,1,0,1,1,0
2026-04-20,100,녹동                ,하차,0,11,11,20,4,7,3,9,2,7,7,17,12,15,5,1,10,2,1
2026-04-20,101,소태                ,승차,40,117,268,400,185,124,111,169,163,119,111,117,149,126,42,28,32,22,9
2026-04-20,101,소태                ,하차,5,45,101,186,78,91,115,113,112,120,164,184,220,257,142,106,115,67,25
2026-04-20,102,학동증심사          ,승차,33,62,136,238,173,135,140,132,119,146,145,149,323,129,68,56,44,38,23
2026-04-20,102,학동증심사          ,하차,2,57,138,274,134,113,136,103,138,139,135,180,197,189,86,78,57,34,35
2026-04-20,103,남광주              ,승차,35,178,303,384,266,296,334,289,271,384,394,423,594,330,155,154,114,67,39
2026-04-20,103,남광주              ,하차,5,176,352,875,566,391,310,371,394,285,266,235,319,378,140,125,110,82,25
2026-04-20,104,문화전당            ,승차,19,31,66,81,63,56,98,141,156,136,209,246,294,443,189,160,143,148,33
2026-04-20,104,문화전당            ,하차,4,54,116,540,236,131,201,149,211,144,123,151,210,218,111,65,28,36,32
2026-04-20,105,금남로4가           ,승차,27,84,172,252,153,154,157,221,243,267,298,410,384,494,207,154,166,82,25
2026-04-20,105,금남로4가           ,하차,33,52,190,638,329,282,272,244,291,189,223,199,250,255,131,84,53,33,35
2026-04-20,106,금남로5가           ,승차,23,69,145,167,123,124,121,84,122,168,165,230,194,314,104,81,89,24,11
2026-04-20,106,금남로5가           ,하차,17,27,124,551,225,170,153,142,152,131,109,95,131,179,72,38,53,27,17
2026-04-20,107,양동시장            ,승차,30,72,174,262,152,201,146,204,222,195,215,182,176,263,69,40,24,15,15
2026-04-20,107,양동시장            ,하차,19,41,110,356,198,201,175,162,208,217,227,195,184,178,67,68,40,34,21
2026-04-20,108,돌고개              ,승차,36,99,227,335,168,130,133,101,133,91,113,102,115,134,49,26,27,20,7
2026-04-20,108,돌고개              ,하차,14,22,56,182,102,91,107,110,128,107,154,203,229,301,131,74,78,51,28
2026-04-20,109,농성                ,승차,59,108,272,472,340,150,171,195,179,164,174,191,211,338,91,77,55,38,15
2026-04-20,109,농성                ,하차,14,51,123,306,162,146,143,141,171,173,199,231,256,376,153,125,81,53,37
2026-04-20,110,화정                ,승차,29,105,266,403,216,140,130,131,106,138,130,121,135,105,65,36,41,86,1
2026-04-20,110,화정                ,하차,9,20,165,191,99,95,92,107,96,97,118,147,211,278,111,80,74,60,32
2026-04-20,111,쌍촌                ,승차,74,176,396,530,316,141,144,180,176,124,107,179,146,136,80,62,63,20,11
2026-04-20,111,쌍촌                ,하차,4,22,93,206,94,92,114,101,92,135,148,195,339,398,172,104,120,80,28
2026-04-20,112,운천                ,승차,45,134,421,536,231,205,133,202,178,141,178,275,246,273,118,77,127,67,38
2026-04-20,112,운천                ,하차,14,38,151,505,164,116,109,113,156,187,168,201,382,510,230,186,117,112,52
2026-04-20,113,상무                ,승차,52,107,430,534,261,281,265,284,225,264,267,264,356,456,206,177,173,92,26
2026-04-20,113,상무                ,하차,40,67,166,730,405,226,225,193,271,264,286,368,453,600,214,130,120,109,36
2026-04-20,114,컨벤션센터          ,승차,11,37,102,160,79,75,58,74,72,95,97,88,123,131,29,42,29,15,2
2026-04-20,114,컨벤션센터          ,하차,4,26,88,222,98,65,62,68,70,81,80,74,105,107,44,41,33,28,11
2026-04-20,115,공항                ,승차,22,32,165,190,156,106,46,53,52,86,42,78,130,69,36,24,9,2,24
2026-04-20,115,공항                ,하차,6,41,74,108,63,65,56,56,75,72,87,93,104,98,43,27,23,20,19
2026-04-20,116,송정공원            ,승차,43,136,542,505,244,149,273,161,156,152,249,217,211,250,92,46,39,26,18
2026-04-20,116,송정공원            ,하차,28,66,187,352,205,139,147,275,187,163,242,286,399,359,231,111,148,96,34
2026-04-20,117,광주송정            ,승차,83,82,368,555,284,239,314,378,226,294,288,340,464,367,222,202,201,92,64
2026-04-20,117,광주송정            ,하차,107,106,450,401,313,401,219,236,248,269,282,303,356,368,204,139,119,99,32
2026-04-20,118,도산                ,승차,30,69,331,285,155,94,74,99,93,79,72,96,156,134,76,48,37,23,13
2026-04-20,118,도산                ,하차,10,29,75,126,34,72,103,82,75,68,87,108,239,203,107,90,63,80,18
2026-04-20,119,평동                ,승차,21,28,83,89,80,79,70,92,90,66,140,182,564,335,268,155,88,23,18
2026-04-20,119,평동                ,하차,3,301,871,352,95,72,69,53,83,66,61,60,68,90,66,54,43,36,8
2026-04-21,100,녹동                ,승차,0,9,44,31,19,5,6,10,9,12,3,10,19,29,5,1,0,1,0
2026-04-21,100,녹동                ,하차,0,10,13,24,0,7,2,12,6,7,6,12,18,14,3,3,9,6,3
2026-04-21,101,소태                ,승차,41,100,268,374,175,122,135,151,114,117,106,169,171,161,51,27,25,25,7
2026-04-21,101,소태                ,하차,2,49,86,207,71,94,109,122,106,120,150,191,229,243,136,119,107,84,24
2026-04-21,102,학동증심사          ,승차,33,59,162,255,156,160,169,159,160,126,148,179,310,134,67,47,49,32,10
2026-04-21,102,학동증심사          ,하차,1,55,147,261,151,145,110,116,136,139,139,193,206,209,103,82,64,49,30
2026-04-21,103,남광주              ,승차,43,165,303,384,233,307,328,344,320,361,467,497,591,334,169,160,113,90,50
2026-04-21,103,남광주              ,하차,6,170,326,998,573,384,315,366,395,287,227,236,299,405,141,109,114,81,45
2026-04-21,104,문화전당            ,승차,21,29,68,90,67,58,125,128,161,179,197,241,327,451,198,186,198,195,53
2026-04-21,104,문화전당            ,하차,5,39,145,603,228,135,174,186,235,162,164,158,222,301,122,69,40,31,30
2026-04-21,105,금남로4가           ,승차,21,77,181,287,151,170,172,233,253,287,315,402,429,496,210,172,179,121,33
2026-04-21,105,금남로4가           ,하차,33,44,216,657,354,256,264,279,310,233,235,210,301,303,142,65,76,45,41
2026-04-21,106,금남로5가           ,승차,22,71,137,191,96,111,112,112,135,140,209,236,216,384,115,88,101,26,13
2026-04-21,106,금남로5가           ,하차,22,32,109,550,213,154,165,149,166,113,113,105,164,219,70,52,48,27,22
2026-04-21,107,양동시장            ,승차,24,72,171,236,164,174,139,169,211,208,188,221,206,274,65,33,20,17,16
2026-04-21,107,양동시장            ,하차,17,30,116,357,183,154,179,183,196,226,234,178,200,203,76,50,63,23,20
2026-04-21,108,돌고개              ,승차,44,102,245,378,173,104,128,129,138,84,94,107,119,135,58,27,33,216,18
2026-04-21,108,돌고개              ,하차,15,23,66,167,97,74,110,131,112,95,165,187,239,259,130,86,97,86,33
2026-04-21,109,농성                ,승차,51,102,277,654,264,156,146,200,189,198,193,193,228,277,105,87,50,38,15
2026-04-21,109,농성                ,하차,14,45,141,325,162,133,161,160,159,170,193,243,273,395,137,119,117,61,36
2026-04-21,110,화정                ,승차,26,104,308,405,187,120,102,141,143,107,126,140,129,154,66,56,33,72,12
2026-04-21,110,화정                ,하차,8,27,134,209,124,101,92,92,80,99,118,163,232,284,118,74,103,67,42
2026-04-21,111,쌍촌                ,승차,78,167,382,585,297,203,173,180,151,127,115,197,147,148,94,56,71,24,13
2026-04-21,111,쌍촌                ,하차,10,26,82,207,83,75,79,128,94,112,162,234,316,403,201,140,128,83,29
2026-04-21,112,운천                ,승차,38,135,433,558,251,179,168,216,200,183,145,291,268,287,107,107,155,84,43
2026-04-21,112,운천                ,하차,12,40,137,482,138,116,126,125,164,153,171,227,426,565,285,158,167,112,72
2026-04-21,113,상무                ,승차,54,127,434,568,253,243,265,257,281,260,313,302,330,472,232,177,163,97,57
2026-04-21,113,상무                ,하차,42,74,162,743,350,260,245,225,269,299,301,315,504,575,259,158,163,119,70
2026-04-21,114,컨벤션센터          ,승차,16,42,105,149,86,59,62,59,65,109,101,182,244,162,42,56,129,15,17
2026-04-21,114,컨벤션센터          ,하차,12,23,77,243,129,109,76,109,97,150,91,110,149,202,59,49,41,37,8
2026-04-21,115,공항                ,승차,21,32,160,233,95,57,68,58,72,56,50,70,125,109,24,31,6,11,24
2026-04-21,115,공항                ,하차,9,41,80,85,51,42,57,43,62,52,78,121,103,99,50,40,31,34,18
2026-04-21,116,송정공원            ,승차,53,143,567,530,255,150,227,214,174,156,246,178,213,282,126,51,42,28,8
2026-04-21,116,송정공원            ,하차,33,67,199,445,166,76,150,208,207,186,174,308,453,416,189,158,140,108,34
2026-04-21,117,광주송정            ,승차,22,68,326,403,283,229,280,317,207,258,217,304,500,429,288,220,193,85,66
2026-04-21,117,광주송정            ,하차,50,99,428,449,228,301,249,242,223,222,267,342,354,396,227,169,99,98,31
2026-04-21,118,도산                ,승차,26,92,349,304,128,101,82,93,86,99,84,96,174,161,69,45,40,29,16
2026-04-21,118,도산                ,하차,12,35,96,129,58,68,74,78,56,70,83,143,259,193,100,88,74,99,36
2026-04-21,119,평동                ,승차,34,29,105,124,75,67,68,89,72,87,134,199,573,322,270,146,75,20,14
2026-04-21,119,평동                ,하차,32,319,872,348,80,52,73,71,76,61,74,69,99,91,77,58,42,27,14
2026-04-22,100,녹동                ,승차,0,7,41,28,12,8,10,5,14,10,6,7,14,21,7,4,1,0,0
2026-04-22,100,녹동                ,하차,0,9,12,22,1,9,4,9,3,4,7,17,14,26,6,5,2,4,3
2026-04-22,101,소태                ,승차,42,97,269,409,203,131,85,123,121,91,135,131,156,155,43,35,30,24,12
2026-04-22,101,소태                ,하차,4,41,78,206,79,78,95,98,100,121,182,191,197,239,115,108,94,81,30
2026-04-22,102,학동증심사          ,승차,32,60,150,245,139,131,152,135,135,104,168,300,162,88,66,53,38,14,4
2026-04-22,102,학동증심사          ,하차,1,52,132,250,130,102,124,105,142,119,181,152,184,197,85,73,56,40,29
2026-04-22,103,남광주              ,승차,36,170,303,402,280,287,310,294,230,287,399,406,595,291,167,128,151,75,46
2026-04-22,103,남광주              ,하차,9,174,351,934,533,322,263,291,381,261,241,229,323,382,134,118,109,70,46
2026-04-22,104,문화전당            ,승차,19,32,59,82,62,70,115,131,165,181,303,250,326,473,190,171,162,142,64
2026-04-22,104,문화전당            ,하차,5,41,144,607,238,168,155,186,200,180,143,151,173,230,124,49,51,35,37
2026-04-22,105,금남로4가           ,승차,18,78,168,286,155,147,180,189,232,265,377,343,417,478,146,162,155,135,47
2026-04-22,105,금남로4가           ,하차,30,54,200,694,345,267,260,250,264,245,220,215,266,279,149,82,71,32,40
2026-04-22,106,금남로5가           ,승차,23,71,128,195,88,82,78,89,129,160,245,215,207,311,122,88,80,26,10
2026-04-22,106,금남로5가           ,하차,23,27,107,524,184,124,122,149,152,101,122,98,137,183,82,41,32,26,15
2026-04-22,107,양동시장            ,승차,26,81,150,241,129,135,150,161,168,132,176,187,195,266,55,47,29,13,14
2026-04-22,107,양동시장            ,하차,24,37,109,337,175,154,143,154,160,171,193,188,158,158,77,65,39,28,24
2026-04-22,108,돌고개              ,승차,40,114,240,347,140,112,111,119,125,76,92,168,134,124,59,35,29,15,12
2026-04-22,108,돌고개              ,하차,21,24,52,161,123,66,111,107,105,98,146,195,201,251,110,77,94,53,26
2026-04-22,109,농성                ,승차,48,112,262,479,221,219,199,180,166,202,168,260,231,254,100,72,58,39,14
2026-04-22,109,농성                ,하차,9,44,150,317,160,120,182,157,182,151,212,229,243,366,127,100,97,54,46
2026-04-22,110,화정                ,승차,35,96,281,406,179,130,132,138,131,106,103,154,104,150,51,32,43,58,9
2026-04-22,110,화정                ,하차,8,21,154,190,86,85,78,91,97,73,111,158,198,263,109,69,76,69,31
2026-04-22,111,쌍촌                ,승차,69,151,369,541,239,133,132,259,207,102,219,130,168,131,76,60,45,26,8
2026-04-22,111,쌍촌                ,하차,5,23,87,209,71,71,91,101,112,104,158,189,288,377,138,111,116,85,44
2026-04-22,112,운천                ,승차,45,133,416,602,236,176,140,180,172,134,254,196,221,273,109,86,100,78,29
2026-04-22,112,운천                ,하차,13,41,132,508,137,107,130,131,138,128,168,238,362,520,223,179,137,118,68
2026-04-22,113,상무                ,승차,45,116,418,567,232,205,268,264,232,264,289,229,335,447,167,180,171,118,32
2026-04-22,113,상무                ,하차,40,73,155,701,347,206,226,216,212,243,326,390,453,635,220,127,113,113,65
2026-04-22,114,컨벤션센터          ,승차,6,40,97,152,86,56,57,70,79,72,101,82,136,156,45,35,78,11,8
2026-04-22,114,컨벤션센터          ,하차,8,22,89,265,106,75,88,61,51,58,70,77,121,144,67,40,38,21,6
2026-04-22,115,공항                ,승차,20,34,144,226,115,86,70,42,82,101,43,169,90,94,32,45,13,20,32
2026-04-22,115,공항                ,하차,8,52,78,116,64,64,41,50,63,91,115,122,95,108,63,27,35,19,32
2026-04-22,116,송정공원            ,승차,47,158,573,508,235,146,205,205,168,166,201,206,206,263,89,63,35,20,14
2026-04-22,116,송정공원            ,하차,27,77,197,373,161,100,139,233,163,132,222,388,353,364,172,129,122,86,31
2026-04-22,117,광주송정            ,승차,22,67,295,395,276,239,249,303,174,246,244,297,451,407,259,191,174,70,100
2026-04-22,117,광주송정            ,하차,50,91,435,446,273,337,233,239,220,268,292,304,382,372,240,169,141,82,39
2026-04-22,118,도산                ,승차,26,79,340,305,128,78,68,103,105,92,80,92,153,169,54,54,33,24,10
2026-04-22,118,도산                ,하차,11,27,81,128,51,67,97,66,62,65,103,222,183,208,102,75,72,81,21
2026-04-22,119,평동                ,승차,30,39,115,123,77,66,65,91,62,75,126,204,662,276,220,122,74,19,23
2026-04-22,119,평동                ,하차,26,297,879,344,112,60,59,61,57,63,68,85,72,96,67,36,42,37,16
2026-04-23,100,녹동                ,승차,2,6,37,26,14,9,10,11,19,8,6,12,21,32,4,0,1,1,0
2026-04-23,100,녹동                ,하차,0,10,14,27,0,6,9,10,7,9,9,10,22,22,8,2,3,5,1
2026-04-23,101,소태                ,승차,33,100,297,362,165,140,120,147,144,106,112,164,140,167,68,46,44,26,10
2026-04-23,101,소태                ,하차,0,45,97,211,74,98,96,112,105,114,170,172,211,246,157,129,119,75,44
2026-04-23,102,학동증심사          ,승차,32,64,177,239,168,138,101,155,128,139,172,293,212,137,65,47,30,24,16
2026-04-23,102,학동증심사          ,하차,1,41,146,272,136,115,126,119,137,136,114,151,196,194,82,96,69,47,32
2026-04-23,103,남광주              ,승차,43,167,336,418,263,314,337,269,294,360,442,455,549,377,197,139,152,80,58
2026-04-23,103,남광주              ,하차,6,182,338,898,483,316,235,391,383,302,287,313,362,445,157,143,110,92,48
2026-04-23,104,문화전당            ,승차,18,30,67,82,65,71,84,172,168,187,209,267,392,470,229,205,208,189,94
2026-04-23,104,문화전당            ,하차,4,47,154,572,250,162,195,172,226,170,145,200,205,300,162,84,59,49,57
2026-04-23,105,금남로4가           ,승차,30,83,171,248,149,134,175,276,286,280,332,428,466,509,213,175,172,130,32
2026-04-23,105,금남로4가           ,하차,24,54,213,639,339,273,323,258,286,282,221,235,338,305,148,85,83,51,16
2026-04-23,106,금남로5가           ,승차,19,63,119,185,93,85,105,111,172,189,179,281,223,342,100,106,40,16,14
2026-04-23,106,금남로5가           ,하차,22,31,126,513,216,131,141,152,170,124,126,111,145,230,57,43,41,28,19
2026-04-23,107,양동시장            ,승차,24,70,168,252,138,173,140,181,215,179,188,222,308,322,173,208,196,39,20
2026-04-23,107,양동시장            ,하차,17,36,115,353,165,168,187,204,198,227,238,273,314,402,189,292,51,38,30
2026-04-23,108,돌고개              ,승차,40,106,228,337,180,173,122,105,114,109,97,108,133,127,65,42,43,152,38
2026-04-23,108,돌고개              ,하차,17,32,50,149,102,77,97,104,109,128,159,207,222,263,142,109,76,62,40
2026-04-23,109,농성                ,승차,50,104,261,455,221,183,196,187,210,192,201,218,272,301,164,199,64,39,7
2026-04-23,109,농성                ,하차,15,39,149,338,177,128,163,193,181,166,209,257,290,419,157,356,131,67,40
2026-04-23,110,화정                ,승차,28,100,297,425,173,144,113,158,132,148,128,147,135,172,70,71,43,86,11
2026-04-23,110,화정                ,하차,6,28,145,214,80,86,65,103,123,92,136,215,227,303,110,94,91,68,39
2026-04-23,111,쌍촌                ,승차,68,174,380,547,238,171,142,278,155,135,178,210,174,180,82,61,68,32,37
2026-04-23,111,쌍촌                ,하차,6,24,78,216,89,76,110,88,105,125,158,202,302,413,169,153,130,90,53
2026-04-23,112,운천                ,승차,36,153,412,576,253,179,158,206,195,146,187,288,283,341,151,118,154,97,54
2026-04-23,112,운천                ,하차,10,47,127,502,162,125,129,107,154,154,190,286,412,627,245,242,214,161,76
2026-04-23,113,상무                ,승차,46,130,402,567,279,247,295,249,280,243,296,291,404,516,227,171,211,126,38
2026-04-23,113,상무                ,하차,41,73,171,711,312,239,221,209,302,307,314,361,572,579,247,161,165,150,67
2026-04-23,114,컨벤션센터          ,승차,13,33,106,149,109,51,54,74,74,71,76,118,163,156,60,42,45,11,8
2026-04-23,114,컨벤션센터          ,하차,9,27,82,268,120,68,77,68,59,62,90,73,98,132,56,42,53,29,17
2026-04-23,115,공항                ,승차,19,35,159,216,114,132,70,75,62,69,54,98,102,94,31,32,10,13,12
2026-04-23,115,공항                ,하차,6,43,77,86,60,50,56,28,61,59,98,117,112,106,58,31,25,29,29
2026-04-23,116,송정공원            ,승차,53,166,509,533,223,169,275,193,168,237,312,197,254,304,89,39,43,40,12
2026-04-23,116,송정공원            ,하차,34,77,181,397,204,178,160,228,208,214,231,348,392,367,201,180,188,105,40
2026-04-23,117,광주송정            ,승차,19,78,327,345,270,261,321,367,258,295,329,437,493,426,290,252,256,93,81
2026-04-23,117,광주송정            ,하차,50,121,437,433,296,362,277,272,311,300,297,351,448,510,253,183,133,130,51
2026-04-23,118,도산                ,승차,33,82,323,303,125,100,67,110,116,82,75,100,127,173,65,42,35,28,11
2026-04-23,118,도산                ,하차,15,20,77,132,54,70,96,79,94,83,104,127,213,223,112,86,79,92,24
2026-04-23,119,평동                ,승차,30,25,115,124,75,76,64,89,91,73,113,189,692,338,226,140,72,24,20
2026-04-23,119,평동                ,하차,34,293,887,375,88,71,88,68,74,74,63,67,73,83,75,47,41,45,10
2026-04-24,100,녹동                ,승차,1,7,41,27,23,11,17,10,15,12,5,12,43,42,7,1,2,0,0
2026-04-24,100,녹동                ,하차,0,15,15,19,1,9,4,11,7,7,7,25,21,12,9,7,4,12,8
2026-04-24,101,소태                ,승차,37,99,251,372,221,118,98,148,163,118,134,173,184,250,96,59,39,35,13
2026-04-24,101,소태                ,하차,4,41,109,215,89,112,128,104,120,139,164,205,187,274,155,139,128,99,83
2026-04-24,102,학동증심사          ,승차,30,65,142,255,176,147,141,145,159,126,206,297,195,200,84,40,23,41,13
2026-04-24,102,학동증심사          ,하차,1,47,148,250,125,122,144,106,155,160,169,170,178,212,98,87,84,58,39
2026-04-24,103,남광주              ,승차,53,186,329,394,255,332,332,320,301,322,393,430,576,350,260,125,123,83,91
2026-04-24,103,남광주              ,하차,8,180,325,717,427,294,265,316,369,262,287,313,338,448,217,177,122,105,66
2026-04-24,104,문화전당            ,승차,18,28,67,88,92,101,116,164,184,198,270,305,370,508,259,287,298,264,151
2026-04-24,104,문화전당            ,하차,4,46,124,546,241,179,164,178,323,238,232,258,348,505,278,165,89,60,79
2026-04-24,105,금남로4가           ,승차,28,80,165,257,152,182,197,280,376,331,352,398,538,568,263,261,241,180,65
2026-04-24,105,금남로4가           ,하차,32,54,201,622,365,308,341,328,394,281,305,322,413,362,204,143,109,65,44
2026-04-24,106,금남로5가           ,승차,25,76,119,172,123,108,113,121,252,162,211,199,319,320,123,94,56,38,16
2026-04-24,106,금남로5가           ,하차,26,28,139,506,209,158,165,163,171,143,152,115,174,175,80,51,61,42,39
2026-04-24,107,양동시장            ,승차,25,77,170,248,166,176,163,157,183,170,197,299,248,404,283,291,221,58,26
2026-04-24,107,양동시장            ,하차,17,56,124,317,206,192,193,188,205,229,285,330,454,640,364,133,64,29,45
2026-04-24,108,돌고개              ,승차,39,113,226,321,240,127,125,130,144,101,119,110,150,122,75,53,35,29,16
2026-04-24,108,돌고개              ,하차,16,25,58,152,104,83,115,129,126,128,145,198,266,270,137,98,95,81,54
2026-04-24,109,농성                ,승차,48,97,279,446,196,198,174,209,228,241,232,252,570,329,172,122,163,87,23
2026-04-24,109,농성                ,하차,11,44,140,318,186,157,188,219,216,227,249,277,354,483,182,129,134,88,67
2026-04-24,110,화정                ,승차,32,97,277,389,188,142,135,142,136,118,146,147,159,192,116,67,41,90,11
2026-04-24,110,화정                ,하차,9,27,157,194,102,100,114,85,132,104,148,186,235,321,132,92,124,83,54
2026-04-24,111,쌍촌                ,승차,82,172,361,494,211,213,264,174,152,144,136,204,245,214,131,74,81,48,22
2026-04-24,111,쌍촌                ,하차,4,23,86,212,75,71,107,98,135,108,154,203,318,408,211,154,190,87,84
2026-04-24,112,운천                ,승차,42,128,403,534,258,195,176,210,213,167,205,318,376,388,229,125,136,113,76
2026-04-24,112,운천                ,하차,11,40,140,486,147,112,125,146,193,168,186,236,490,658,355,297,248,183,103
2026-04-24,113,상무                ,승차,41,123,379,501,257,250,212,250,269,307,345,348,467,627,298,232,193,127,63
2026-04-24,113,상무                ,하차,51,70,160,712,330,199,226,229,350,304,321,384,563,707,309,217,203,170,112
2026-04-24,114,컨벤션센터          ,승차,9,34,96,141,84,76,45,91,117,117,128,129,182,240,67,49,47,26,5
2026-04-24,114,컨벤션센터          ,하차,5,25,99,225,162,95,106,159,118,104,104,106,155,177,70,57,53,42,25
2026-04-24,115,공항                ,승차,19,39,154,163,97,41,88,188,99,67,90,110,115,129,52,39,18,13,9
2026-04-24,115,공항                ,하차,9,43,64,75,48,41,39,46,90,74,95,133,114,107,51,41,28,40,36
2026-04-24,116,송정공원            ,승차,47,138,539,474,216,136,234,170,172,180,264,300,285,266,149,57,33,38,16
2026-04-24,116,송정공원            ,하차,25,75,186,348,135,113,152,217,160,171,164,317,387,353,228,155,190,135,68
2026-04-24,117,광주송정            ,승차,20,71,297,377,366,295,449,514,382,420,394,606,956,558,375,468,384,146,196
2026-04-24,117,광주송정            ,하차,47,102,413,414,376,491,318,271,362,323,379,487,564,706,461,327,248,203,68
2026-04-24,118,도산                ,승차,29,89,324,288,131,73,91,114,108,127,85,129,237,202,76,39,50,23,13
2026-04-24,118,도산                ,하차,13,26,77,125,56,53,72,79,88,83,124,126,244,215,110,87,86,104,38
2026-04-24,119,평동                ,승차,33,30,109,118,75,53,77,107,99,57,119,220,716,295,240,122,50,24,15
2026-04-24,119,평동                ,하차,23,290,842,347,96,57,70,75,77,57,61,81,97,102,88,50,51,57,25
2026-04-25,100,녹동                ,승차,0,2,12,14,13,15,15,13,7,9,5,12,16,8,2,2,3,0,0
2026-04-25,100,녹동                ,하차,0,0,3,12,3,10,8,8,1,13,6,10,17,3,5,1,9,10,0
2026-04-25,101,소태                ,승차,30,114,128,132,168,159,155,182,156,133,142,124,157,169,83,55,47,20,10
2026-04-25,101,소태                ,하차,0,56,95,112,100,99,91,105,132,112,124,125,151,177,112,101,124,83,59
2026-04-25,102,학동증심사          ,승차,32,60,102,118,125,132,172,145,155,134,120,149,137,105,67,51,29,26,16
2026-04-25,102,학동증심사          ,하차,3,45,89,146,153,111,108,112,108,107,115,131,165,149,81,81,73,50,43
2026-04-25,103,남광주              ,승차,42,144,238,252,239,258,208,244,236,205,237,219,244,194,115,82,63,66,165
2026-04-25,103,남광주              ,하차,12,203,185,193,170,174,189,170,194,228,221,196,240,232,125,152,134,92,81
2026-04-25,104,문화전당            ,승차,22,24,44,48,67,99,114,147,211,238,369,376,445,356,349,358,400,285,142
2026-04-25,104,문화전당            ,하차,3,32,58,148,195,229,357,425,422,376,375,334,356,391,261,147,127,63,71
2026-04-25,105,금남로4가           ,승차,25,57,64,96,129,168,142,212,287,298,387,428,481,450,311,251,298,164,58
2026-04-25,105,금남로4가           ,하차,21,27,70,156,249,261,387,417,521,403,316,302,332,266,175,152,105,64,44
2026-04-25,106,금남로5가           ,승차,16,43,47,55,80,83,79,105,139,119,141,152,145,166,98,154,44,16,7
2026-04-25,106,금남로5가           ,하차,10,17,31,95,126,127,149,178,166,120,124,122,91,165,40,61,51,30,23
2026-04-25,107,양동시장            ,승차,18,63,70,114,145,185,190,183,180,214,232,272,314,301,282,316,238,59,19
2026-04-25,107,양동시장            ,하차,18,43,78,136,154,195,189,194,248,268,363,409,421,474,269,114,79,41,31
2026-04-25,108,돌고개              ,승차,36,57,101,106,111,129,136,144,119,118,81,83,123,83,356,64,53,31,34
2026-04-25,108,돌고개              ,하차,15,33,46,71,69,70,80,86,104,102,148,119,167,129,77,91,83,50,67
2026-04-25,109,농성                ,승차,47,72,88,162,191,198,207,232,253,245,224,202,291,207,152,250,122,37,21
2026-04-25,109,농성                ,하차,16,38,87,170,164,155,204,215,229,228,248,221,248,205,149,108,95,66,57
2026-04-25,110,화정                ,승차,30,82,93,107,144,136,156,180,142,129,100,125,151,143,79,63,47,25,12
2026-04-25,110,화정                ,하차,8,21,41,102,91,74,104,107,119,88,128,110,140,125,89,99,103,48,41
2026-04-25,111,쌍촌                ,승차,58,86,129,144,181,327,362,170,177,108,169,171,146,160,79,70,59,34,15
2026-04-25,111,쌍촌                ,하차,8,14,36,74,74,69,67,112,113,103,139,134,169,188,128,168,129,103,73
2026-04-25,112,운천                ,승차,41,72,141,190,172,181,213,218,202,227,223,217,216,179,153,125,120,119,81
2026-04-25,112,운천                ,하차,10,31,58,121,132,94,129,161,159,146,190,203,331,339,308,306,306,195,133
2026-04-25,113,상무                ,승차,44,88,146,179,211,226,244,284,305,288,289,297,276,282,210,129,135,108,40
2026-04-25,113,상무                ,하차,29,49,67,201,245,238,237,208,289,233,285,297,375,373,230,255,198,103,87
2026-04-25,114,컨벤션센터          ,승차,11,25,40,43,78,82,118,230,227,249,272,216,334,133,90,59,35,14,11
2026-04-25,114,컨벤션센터          ,하차,11,31,40,162,160,199,245,198,232,187,138,138,98,105,48,53,48,39,13
2026-04-25,115,공항                ,승차,16,31,40,98,99,116,95,73,62,68,47,66,95,71,38,28,8,3,11
2026-04-25,115,공항                ,하차,6,24,28,41,50,46,38,61,66,65,83,75,89,60,28,40,36,34,28
2026-04-25,116,송정공원            ,승차,37,83,149,152,176,148,159,223,170,142,156,154,176,143,105,81,48,34,11
2026-04-25,116,송정공원            ,하차,22,42,88,126,90,90,76,114,123,126,138,215,237,181,153,126,146,96,66
2026-04-25,117,광주송정            ,승차,21,48,178,332,410,372,501,541,336,467,361,398,729,423,279,386,304,146,177
2026-04-25,117,광주송정            ,하차,72,82,338,240,316,547,416,358,393,357,373,418,579,471,369,376,252,163,46
2026-04-25,118,도산                ,승차,32,42,83,131,104,92,114,129,144,106,96,115,103,81,47,62,50,18,16
2026-04-25,118,도산                ,하차,8,23,45,44,37,62,92,85,86,83,81,91,124,148,95,94,82,63,38
2026-04-25,119,평동                ,승차,24,34,71,58,77,61,80,113,118,105,133,109,313,126,121,72,24,22,16
2026-04-25,119,평동                ,하차,7,115,278,119,63,57,78,78,75,78,91,99,83,95,75,55,88,78,28
2026-04-26,100,녹동                ,승차,0,1,4,14,13,13,10,10,8,5,9,6,5,4,3,0,1,0,0
2026-04-26,100,녹동                ,하차,0,0,3,7,8,7,5,8,7,6,1,8,7,8,7,5,3,0,0
2026-04-26,101,소태                ,승차,24,35,60,77,123,108,92,154,120,113,108,95,117,82,69,52,35,16,2
2026-04-26,101,소태                ,하차,2,24,42,65,81,61,66,68,71,93,94,105,127,124,102,94,47,40,37
2026-04-26,102,학동증심사          ,승차,23,40,38,66,98,93,79,82,107,114,86,87,117,64,52,42,21,12,8
2026-04-26,102,학동증심사          ,하차,1,32,45,64,83,101,77,71,78,75,92,118,102,112,69,60,51,34,23
2026-04-26,103,남광주              ,승차,30,78,114,118,145,163,110,159,152,137,156,159,161,126,98,106,59,37,28
2026-04-26,103,남광주              ,하차,7,78,82,111,127,130,100,120,196,174,171,179,181,201,94,153,139,104,85
2026-04-26,104,문화전당            ,승차,9,17,32,87,77,67,66,104,125,183,219,233,308,268,233,196,180,145,68
2026-04-26,104,문화전당            ,하차,3,45,42,89,100,129,204,266,237,275,218,184,219,162,98,115,93,45,84
2026-04-26,105,금남로4가           ,승차,16,39,33,56,88,110,76,148,203,208,284,302,332,260,244,233,150,69,36
2026-04-26,105,금남로4가           ,하차,13,23,42,78,153,148,234,296,335,317,247,238,195,194,121,75,57,38,61
2026-04-26,106,금남로5가           ,승차,10,14,27,39,50,69,42,65,84,106,102,205,123,95,92,76,31,24,20
2026-04-26,106,금남로5가           ,하차,7,16,28,55,106,88,83,144,183,109,90,74,99,69,34,39,46,38,39
2026-04-26,107,양동시장            ,승차,15,30,42,43,86,108,100,109,114,112,135,130,132,115,41,42,22,9,15
2026-04-26,107,양동시장            ,하차,11,32,54,63,83,128,107,72,135,115,123,132,99,119,36,54,56,30,30
2026-04-26,108,돌고개              ,승차,20,37,45,59,87,77,72,116,96,86,55,65,69,54,35,40,32,24,12
2026-04-26,108,돌고개              ,하차,7,20,20,35,43,48,48,39,80,53,107,102,112,104,57,75,52,41,25
2026-04-26,109,농성                ,승차,24,49,79,90,132,187,124,160,171,170,176,163,178,205,122,177,57,33,23
2026-04-26,109,농성                ,하차,12,21,47,67,112,139,146,140,156,153,158,179,199,179,100,88,85,35,50
2026-04-26,110,화정                ,승차,21,30,49,77,80,96,63,98,86,90,76,87,88,61,65,51,31,21,12
2026-04-26,110,화정                ,하차,10,13,17,31,39,48,45,43,60,83,99,71,104,81,51,47,65,47,45
2026-04-26,111,쌍촌                ,승차,21,44,70,91,120,312,126,102,113,103,105,105,89,84,65,52,37,28,10
2026-04-26,111,쌍촌                ,하차,2,18,28,24,37,45,52,59,92,82,114,96,103,135,88,81,77,65,62
2026-04-26,112,운천                ,승차,29,64,79,84,133,144,116,182,142,121,155,142,157,118,146,85,69,70,39
2026-04-26,112,운천                ,하차,8,21,35,52,78,106,71,102,97,121,126,156,164,217,152,159,119,97,98
2026-04-26,113,상무                ,승차,27,48,60,102,123,159,142,183,137,162,181,179,152,131,152,138,103,66,45
2026-04-26,113,상무                ,하차,12,26,43,88,127,151,116,120,182,176,183,175,232,180,153,148,86,77,103
2026-04-26,114,컨벤션센터          ,승차,6,10,22,30,32,50,83,116,137,180,182,116,105,48,44,41,26,10,7
2026-04-26,114,컨벤션센터          ,하차,8,25,25,57,83,146,134,122,141,114,95,54,73,52,36,28,27,21,11
2026-04-26,115,공항                ,승차,9,14,16,49,62,63,63,51,45,65,48,105,58,43,54,22,27,3,75
2026-04-26,115,공항                ,하차,3,12,42,52,33,69,72,48,52,48,49,55,59,54,44,25,20,14,22
2026-04-26,116,송정공원            ,승차,24,32,52,70,84,121,120,121,133,98,112,110,102,82,39,45,22,28,12
2026-04-26,116,송정공원            ,하차,14,27,42,72,53,70,47,63,96,105,129,152,117,118,123,113,88,51,33
2026-04-26,117,광주송정            ,승차,15,34,90,160,271,260,377,452,377,388,274,396,631,312,282,419,400,139,269
2026-04-26,117,광주송정            ,하차,39,53,203,159,251,469,262,219,252,238,290,343,457,511,436,459,231,140,29
2026-04-26,118,도산                ,승차,15,45,63,64,90,71,81,96,99,90,64,50,68,62,37,35,22,31,14
2026-04-26,118,도산                ,하차,7,22,28,32,29,48,47,46,69,47,71,87,130,103,79,65,46,39,22
2026-04-26,119,평동                ,승차,14,28,39,54,62,90,74,97,81,90,123,94,261,148,60,32,16,13,9
2026-04-26,119,평동                ,하차,18,24,73,72,52,68,78,123,175,140,106,86,98,83,63,59,70,26,11
2026-04-27,100,녹동                ,승차,3,10,35,33,14,13,18,9,11,8,5,8,22,36,3,0,2,0,1
2026-04-27,100,녹동                ,하차,0,13,16,21,3,6,7,6,12,14,4,19,20,25,7,2,7,2,2
2026-04-27,101,소태                ,승차,48,101,248,382,195,133,114,140,167,98,113,121,154,145,50,38,29,26,7
2026-04-27,101,소태                ,하차,1,42,94,228,93,88,104,115,115,128,178,154,190,253,140,95,94,57,31
2026-04-27,102,학동증심사          ,승차,41,60,146,248,163,154,129,152,176,136,138,203,329,152,67,39,38,18,154
2026-04-27,102,학동증심사          ,하차,3,44,133,249,151,119,129,127,154,154,137,167,181,212,72,75,66,42,42
2026-04-27,103,남광주              ,승차,60,164,323,403,303,322,293,286,262,340,452,533,690,433,161,137,136,73,152
2026-04-27,103,남광주              ,하차,12,180,379,992,705,463,280,351,422,340,274,308,308,415,133,125,111,78,39
2026-04-27,104,문화전당            ,승차,17,28,79,79,67,80,98,138,149,175,233,267,302,457,207,173,214,162,88
2026-04-27,104,문화전당            ,하차,11,48,127,556,246,170,155,190,232,183,141,160,204,243,153,68,49,41,44
2026-04-27,105,금남로4가           ,승차,23,82,177,258,181,178,176,299,301,316,361,392,422,478,201,159,149,110,41
2026-04-27,105,금남로4가           ,하차,30,58,219,631,355,293,295,292,325,287,231,241,301,313,130,64,78,39,25
2026-04-27,106,금남로5가           ,승차,27,70,130,183,106,126,110,114,256,178,192,183,194,385,92,87,36,19,16
2026-04-27,106,금남로5가           ,하차,19,29,130,512,216,185,136,145,182,157,97,89,169,247,80,43,39,29,23
2026-04-27,107,양동시장            ,승차,23,83,180,259,137,167,157,190,174,197,214,222,235,294,69,41,24,22,22
2026-04-27,107,양동시장            ,하차,16,44,107,341,190,213,161,179,217,215,216,175,203,201,81,67,44,24,27
2026-04-27,108,돌고개              ,승차,47,101,226,341,196,137,100,105,136,108,122,112,104,127,58,49,32,22,168
2026-04-27,108,돌고개              ,하차,17,16,64,142,102,89,116,126,128,147,183,212,219,288,138,92,66,54,38
2026-04-27,109,농성                ,승차,46,114,246,458,270,255,158,184,202,197,204,216,222,285,116,66,53,39,33
2026-04-27,109,농성                ,하차,15,57,118,317,189,150,160,159,155,180,263,235,267,426,138,133,101,68,49
2026-04-27,110,화정                ,승차,39,106,278,422,190,160,125,142,133,133,119,153,132,132,81,33,34,74,6
2026-04-27,110,화정                ,하차,4,30,148,204,92,99,92,83,108,93,160,191,195,273,123,72,90,66,26
2026-04-27,111,쌍촌                ,승차,69,163,372,569,288,290,134,234,250,135,137,127,166,131,82,57,48,29,14
2026-04-27,111,쌍촌                ,하차,9,19,89,227,105,84,91,107,129,123,145,216,341,443,182,97,114,86,56
2026-04-27,112,운천                ,승차,42,157,396,539,267,183,149,294,179,193,167,271,236,308,129,120,97,66,44
2026-04-27,112,운천                ,하차,14,35,137,488,144,111,108,123,155,170,206,231,446,577,248,177,138,139,69
2026-04-27,113,상무                ,승차,59,114,415,505,287,254,239,302,307,247,355,299,351,467,212,173,175,89,42
2026-04-27,113,상무                ,하차,36,81,181,721,341,232,219,252,293,283,312,365,533,570,221,140,125,103,52
2026-04-27,114,컨벤션센터          ,승차,19,30,101,176,76,77,58,84,111,128,158,113,242,162,51,41,34,8,5
2026-04-27,114,컨벤션센터          ,하차,11,22,78,266,240,85,79,91,99,107,102,91,129,142,42,38,28,21,18
2026-04-27,115,공항                ,승차,18,38,150,197,154,69,113,71,58,84,69,68,105,83,25,37,22,8,14
2026-04-27,115,공항                ,하차,8,37,77,126,51,63,63,61,86,63,98,91,126,106,53,37,31,19,16
2026-04-27,116,송정공원            ,승차,52,170,550,513,281,154,185,158,162,206,223,159,221,275,99,60,52,29,10
2026-04-27,116,송정공원            ,하차,27,74,189,320,165,107,117,280,235,154,209,272,414,405,222,152,162,97,51
2026-04-27,117,광주송정            ,승차,26,85,422,513,353,304,346,396,255,355,314,310,475,404,255,224,233,88,127
2026-04-27,117,광주송정            ,하차,94,117,471,441,357,396,247,239,291,273,310,332,342,434,239,183,120,80,48
2026-04-27,118,도산                ,승차,23,96,340,283,172,93,103,103,111,101,80,103,170,153,50,52,33,31,11
2026-04-27,118,도산                ,하차,9,26,89,122,62,83,97,105,147,84,116,155,186,182,116,51,73,74,21
2026-04-27,119,평동                ,승차,19,23,96,102,61,48,51,106,85,77,164,184,601,307,272,144,81,15,13
2026-04-27,119,평동                ,하차,22,281,852,330,85,56,70,74,63,83,116,79,103,97,86,47,35,30,17
2026-04-28,100,녹동                ,승차,1,8,37,23,16,11,16,10,14,14,13,9,17,30,10,1,0,0,0
2026-04-28,100,녹동                ,하차,0,6,17,27,2,3,11,16,6,8,14,13,34,23,11,4,3,3,0
2026-04-28,101,소태                ,승차,40,110,264,392,213,133,89,156,232,120,110,105,142,162,56,30,29,27,6
2026-04-28,101,소태                ,하차,3,53,93,201,99,76,100,109,124,122,130,181,220,263,145,129,96,54,29
2026-04-28,102,학동증심사          ,승차,32,60,161,254,164,120,132,169,258,206,142,134,224,148,47,48,34,23,10
2026-04-28,102,학동증심사          ,하차,2,53,134,266,156,121,115,126,170,128,140,172,196,197,124,93,58,38,25
2026-04-28,103,남광주              ,승차,46,160,308,433,289,275,286,293,286,344,444,546,726,387,176,151,140,64,46
2026-04-28,103,남광주              ,하차,10,171,353,"1,125",705,410,310,363,423,297,261,281,278,402,160,125,133,69,48
2026-04-28,104,문화전당            ,승차,20,32,80,74,80,67,104,148,148,169,198,275,341,507,244,242,233,200,76
2026-04-28,104,문화전당            ,하차,3,49,127,613,263,167,173,159,257,266,180,175,223,286,119,96,40,34,43
2026-04-28,105,금남로4가           ,승차,23,75,172,264,143,177,199,303,249,310,352,437,461,560,284,232,199,144,26
2026-04-28,105,금남로4가           ,하차,20,64,222,647,352,292,275,277,372,320,305,242,314,307,141,75,77,44,37
2026-04-28,106,금남로5가           ,승차,26,63,120,180,97,81,85,96,254,183,173,205,234,330,90,103,41,18,8
2026-04-28,106,금남로5가           ,하차,21,24,133,557,212,147,123,164,161,111,94,127,135,162,84,31,33,29,17
2026-04-28,107,양동시장            ,승차,34,81,168,256,162,169,199,204,178,181,206,208,205,300,64,35,34,11,20
2026-04-28,107,양동시장            ,하차,16,46,121,339,197,199,208,194,196,220,221,171,197,209,88,56,51,27,32
2026-04-28,108,돌고개              ,승차,43,111,251,369,180,142,121,119,151,90,102,109,128,111,62,32,41,18,4
2026-04-28,108,돌고개              ,하차,14,29,54,173,116,82,119,142,128,134,152,187,225,325,136,98,68,60,27
2026-04-28,109,농성                ,승차,50,116,278,491,261,173,177,209,245,196,171,273,246,283,117,93,60,31,12
2026-04-28,109,농성                ,하차,13,61,145,300,187,134,171,140,225,187,201,257,306,406,141,106,84,55,35
2026-04-28,110,화정                ,승차,36,107,277,450,214,158,144,183,169,148,143,115,124,140,47,40,40,14,11
2026-04-28,110,화정                ,하차,7,28,155,196,94,92,106,89,126,114,128,178,255,274,112,84,83,67,35
2026-04-28,111,쌍촌                ,승차,68,182,361,616,402,188,199,242,240,132,126,129,152,141,72,43,39,28,8
2026-04-28,111,쌍촌                ,하차,5,15,101,218,104,59,88,99,127,154,169,216,314,398,186,148,113,81,64
2026-04-28,112,운천                ,승차,33,164,405,590,279,224,176,349,198,169,157,228,255,312,155,117,104,66,40
2026-04-28,112,운천                ,하차,10,47,176,513,148,108,137,137,185,165,177,241,405,607,264,184,165,119,52
2026-04-28,113,상무                ,승차,45,129,413,561,308,252,276,305,293,267,316,300,356,479,225,192,149,92,40
2026-04-28,113,상무                ,하차,36,81,149,729,354,232,219,233,355,271,328,378,482,622,226,153,151,110,61
2026-04-28,114,컨벤션센터          ,승차,17,33,103,161,87,75,52,88,93,98,122,163,125,140,37,43,29,13,17
2026-04-28,114,컨벤션센터          ,하차,9,21,97,237,107,116,85,104,135,106,90,68,107,125,63,28,40,28,22
2026-04-28,115,공항                ,승차,22,40,153,246,131,96,47,72,87,80,204,83,114,93,43,31,12,1,18
2026-04-28,115,공항                ,하차,9,47,77,104,59,46,42,78,97,84,104,108,120,132,56,37,19,25,25
2026-04-28,116,송정공원            ,승차,52,150,592,524,254,188,227,189,244,221,261,175,255,267,99,39,38,35,11
2026-04-28,116,송정공원            ,하차,32,74,191,402,198,145,132,340,268,225,210,246,367,447,191,182,133,92,46
2026-04-28,117,광주송정            ,승차,20,75,333,443,309,264,353,408,280,365,300,336,516,381,256,192,196,85,91
2026-04-28,117,광주송정            ,하차,50,114,404,455,301,419,294,273,330,273,340,368,428,436,234,158,141,92,44
2026-04-28,118,도산                ,승차,27,89,340,330,155,100,64,119,90,110,109,108,162,159,49,38,35,31,17
2026-04-28,118,도산                ,하차,11,20,76,123,74,73,71,93,167,124,96,121,180,224,110,86,64,53,26
2026-04-28,119,평동                ,승차,28,39,126,148,103,85,76,83,158,65,143,170,621,321,283,151,70,17,11
2026-04-28,119,평동                ,하차,45,314,836,394,140,83,89,77,129,64,80,72,92,92,87,57,30,20,18
2026-04-29,100,녹동                ,승차,0,7,36,29,12,8,27,13,13,6,2,12,23,24,3,5,1,0,0
2026-04-29,100,녹동                ,하차,0,6,13,28,3,4,11,7,7,11,12,10,24,24,11,7,3,2,2
2026-04-29,101,소태                ,승차,40,97,260,369,181,136,117,143,150,149,117,155,146,165,59,49,32,23,14
2026-04-29,101,소태                ,하차,1,52,89,228,82,87,96,98,111,165,141,185,215,288,153,119,115,63,42
2026-04-29,102,학동증심사          ,승차,34,66,141,232,170,124,160,192,275,166,150,155,158,132,58,57,30,23,56
2026-04-29,102,학동증심사          ,하차,3,54,132,251,150,121,115,117,144,150,170,145,171,230,86,92,76,42,42
2026-04-29,103,남광주              ,승차,40,149,333,413,274,274,332,289,294,359,456,546,674,434,176,149,140,87,51
2026-04-29,103,남광주              ,하차,8,174,338,"1,112",673,389,253,288,434,297,271,234,294,404,164,146,125,78,62
2026-04-29,104,문화전당            ,승차,18,30,79,102,56,76,95,150,153,168,302,262,364,530,233,195,283,184,76
2026-04-29,104,문화전당            ,하차,7,46,127,614,247,210,198,252,237,232,142,158,278,295,139,79,80,36,43
2026-04-29,105,금남로4가           ,승차,21,74,162,267,155,182,189,260,246,323,422,419,455,548,266,192,203,136,37
2026-04-29,105,금남로4가           ,하차,27,50,180,676,385,254,315,296,377,316,281,260,321,311,152,77,72,50,32
2026-04-29,106,금남로5가           ,승차,20,70,138,179,112,90,87,95,139,147,269,206,228,357,88,113,68,34,27
2026-04-29,106,금남로5가           ,하차,24,21,132,530,198,146,118,175,163,90,132,93,168,162,74,41,47,20,28
2026-04-29,107,양동시장            ,승차,32,81,165,261,150,168,167,174,177,209,232,211,250,307,75,50,28,11,10
2026-04-29,107,양동시장            ,하차,20,40,107,358,182,201,176,158,194,248,228,178,227,209,89,71,56,26,35
2026-04-29,108,돌고개              ,승차,43,93,228,371,179,113,116,145,133,106,94,118,122,149,68,42,28,14,11
2026-04-29,108,돌고개              ,하차,16,24,67,157,123,78,90,116,140,140,167,175,218,280,132,84,99,60,38
2026-04-29,109,농성                ,승차,47,111,261,450,201,202,182,188,227,180,173,208,247,261,107,96,59,27,10
2026-04-29,109,농성                ,하차,10,62,123,343,146,171,161,163,198,190,238,239,266,399,144,107,111,62,48
2026-04-29,110,화정                ,승차,37,107,284,416,223,162,95,178,228,136,137,114,134,132,63,64,32,28,8
2026-04-29,110,화정                ,하차,6,25,146,194,95,79,103,88,98,92,161,169,230,260,138,85,91,71,34
2026-04-29,111,쌍촌                ,승차,61,172,379,600,247,165,150,227,242,119,130,121,169,160,76,61,46,22,8
2026-04-29,111,쌍촌                ,하차,5,23,78,205,77,71,83,114,124,141,149,185,330,406,178,137,126,89,52
2026-04-29,112,운천                ,승차,37,149,394,577,244,202,149,308,273,171,179,220,273,282,119,114,126,75,52
2026-04-29,112,운천                ,하차,14,46,152,496,150,98,114,148,178,185,186,244,411,603,288,163,145,123,82
2026-04-29,113,상무                ,승차,50,118,399,565,254,248,245,298,295,235,301,307,334,488,212,166,171,103,42
2026-04-29,113,상무                ,하차,42,71,155,660,315,220,201,277,301,306,314,378,509,604,249,163,149,106,68
2026-04-29,114,컨벤션센터          ,승차,16,32,95,143,73,49,33,85,85,80,84,122,130,124,45,31,44,15,4
2026-04-29,114,컨벤션센터          ,하차,8,29,85,229,105,58,65,55,83,66,80,79,117,126,57,34,35,20,18
2026-04-29,115,공항                ,승차,21,40,164,243,108,68,75,58,79,72,35,97,102,101,38,34,9,7,12
2026-04-29,115,공항                ,하차,9,40,74,136,40,61,59,62,87,89,77,98,101,127,59,48,20,16,18
2026-04-29,116,송정공원            ,승차,43,168,546,542,257,150,199,240,193,201,221,175,200,278,110,72,38,17,23
2026-04-29,116,송정공원            ,하차,30,77,172,376,167,108,114,284,283,206,232,255,352,437,186,172,150,98,33
2026-04-29,117,광주송정            ,승차,20,63,317,440,267,226,256,375,257,270,309,383,533,412,262,260,242,107,98
2026-04-29,117,광주송정            ,하차,42,112,417,446,257,373,237,253,260,265,305,345,377,461,259,202,125,84,39
2026-04-29,118,도산                ,승차,33,89,349,320,138,98,71,108,118,89,65,88,179,154,65,57,35,25,17
2026-04-29,118,도산                ,하차,12,24,84,124,55,74,72,93,135,111,97,179,185,211,97,84,85,60,20
2026-04-29,119,평동                ,승차,32,33,126,120,89,82,79,97,102,86,151,165,639,293,240,132,68,32,13
2026-04-29,119,평동                ,하차,10,356,799,375,84,82,91,75,65,103,89,67,72,90,92,44,29,23,12
2026-04-30,100,녹동                ,승차,1,8,31,26,23,11,7,11,13,15,9,37,33,24,3,4,1,0,0
2026-04-30,100,녹동                ,하차,0,10,11,18,8,6,7,9,6,6,9,49,21,17,8,3,1,5,0
2026-04-30,101,소태                ,승차,45,104,249,374,213,133,124,137,204,135,129,151,187,180,80,42,62,31,4
2026-04-30,101,소태                ,하차,0,36,97,204,96,122,97,117,146,131,157,205,234,288,173,137,154,99,55
2026-04-30,102,학동증심사          ,승차,35,69,148,235,161,157,139,194,337,209,166,163,203,154,74,46,40,33,12
2026-04-30,102,학동증심사          ,하차,4,66,132,274,148,105,127,122,139,123,138,176,202,219,98,87,88,55,20
2026-04-30,103,남광주              ,승차,42,170,346,401,284,286,303,325,349,367,454,531,673,485,244,191,162,67,47
2026-04-30,103,남광주              ,하차,10,188,357,972,592,460,338,351,401,300,242,269,361,415,191,153,133,103,80
2026-04-30,104,문화전당            ,승차,17,36,66,83,73,85,103,161,163,214,227,330,451,569,315,291,304,256,99
2026-04-30,104,문화전당            ,하차,3,56,118,547,277,165,183,188,313,311,200,237,261,366,209,133,84,57,49
2026-04-30,105,금남로4가           ,승차,31,74,151,262,154,171,208,254,246,310,393,531,519,660,356,342,285,205,55
2026-04-30,105,금남로4가           ,하차,35,48,182,640,380,296,275,377,622,414,344,315,437,366,195,112,95,54,69
2026-04-30,106,금남로5가           ,승차,20,62,116,198,94,274,130,111,147,174,188,245,283,385,143,118,106,31,46
2026-04-30,106,금남로5가           ,하차,19,18,121,540,234,329,173,144,173,120,105,102,152,180,90,52,65,34,32
2026-04-30,107,양동시장            ,승차,25,90,166,248,176,180,168,182,242,189,221,308,218,263,80,51,38,27,15
2026-04-30,107,양동시장            ,하차,21,49,113,336,206,186,196,198,228,230,216,210,214,185,72,81,59,32,37
2026-04-30,108,돌고개              ,승차,35,97,207,350,178,111,134,134,110,96,112,140,248,121,83,57,25,20,17
2026-04-30,108,돌고개              ,하차,10,23,52,157,105,84,133,109,115,124,158,217,214,289,132,102,93,77,34
2026-04-30,109,농성                ,승차,45,111,251,474,240,175,185,231,248,174,207,236,263,298,142,119,74,42,21
2026-04-30,109,농성                ,하차,15,48,122,309,179,163,173,177,223,197,226,272,322,455,203,124,111,101,58
2026-04-30,110,화정                ,승차,35,112,267,432,203,148,114,203,197,126,149,149,169,131,91,51,47,36,12
2026-04-30,110,화정                ,하차,8,23,152,186,104,93,88,110,103,118,144,193,234,300,151,97,90,86,54
2026-04-30,111,쌍촌                ,승차,65,156,362,593,252,181,143,307,267,148,144,156,188,167,91,87,66,44,19
2026-04-30,111,쌍촌                ,하차,5,26,91,222,73,78,93,123,125,150,152,255,319,446,181,163,120,97,66
2026-04-30,112,운천                ,승차,35,158,402,556,296,188,183,356,240,184,171,213,303,307,165,126,144,97,64
2026-04-30,112,운천                ,하차,12,46,144,522,171,109,159,135,184,163,183,236,500,716,366,252,210,158,115
2026-04-30,113,상무                ,승차,40,123,437,552,267,271,229,280,322,287,333,316,374,547,272,188,194,115,66
2026-04-30,113,상무                ,하차,45,65,164,689,342,234,222,246,333,328,339,426,553,710,296,229,193,143,91
2026-04-30,114,컨벤션센터          ,승차,14,33,97,123,75,76,58,65,84,87,85,119,160,228,50,40,42,24,16
2026-04-30,114,컨벤션센터          ,하차,9,27,90,255,99,70,69,53,95,86,113,95,125,143,59,51,30,27,24
2026-04-30,115,공항                ,승차,20,41,153,205,126,161,40,58,67,88,37,110,113,151,56,36,17,13,5
2026-04-30,115,공항                ,하차,6,44,60,107,39,42,48,39,61,56,103,99,108,118,58,42,30,20,42
2026-04-30,116,송정공원            ,승차,51,126,530,492,267,196,236,234,243,218,206,226,297,276,129,62,38,34,16
2026-04-30,116,송정공원            ,하차,31,80,168,378,171,107,119,223,286,238,203,272,358,409,188,183,168,111,73
2026-04-30,117,광주송정            ,승차,21,70,295,384,279,267,408,397,283,397,371,500,778,543,365,462,365,136,185
2026-04-30,117,광주송정            ,하차,38,94,420,394,319,375,315,272,375,335,360,440,570,845,493,421,285,237,52
2026-04-30,118,도산                ,승차,33,83,302,275,147,83,71,106,107,109,103,109,204,174,82,43,48,30,19
2026-04-30,118,도산                ,하차,7,29,84,118,67,57,69,87,87,91,91,122,213,208,118,78,70,90,34
2026-04-30,119,평동                ,승차,23,26,113,118,73,49,68,97,91,84,170,202,607,313,220,138,60,15,10
2026-04-30,119,평동                ,하차,39,275,830,345,67,62,74,54,77,68,60,71,91,86,107,38,57,30,13
2026-05-01,100,녹동                ,승차,0,2,10,14,17,8,7,10,10,16,5,11,16,9,3,0,1,0,0
2026-05-01,100,녹동                ,하차,0,2,6,12,4,3,6,9,6,9,12,9,7,5,6,1,7,3,0
2026-05-01,101,소태                ,승차,26,60,97,108,207,179,173,153,201,199,161,117,118,107,61,48,38,22,13
2026-05-01,101,소태                ,하차,2,40,73,98,97,81,100,86,139,122,147,166,134,172,143,89,117,101,63
2026-05-01,102,학동증심사          ,승차,30,50,64,81,126,148,153,101,181,130,141,93,105,79,51,38,37,15,66
2026-05-01,102,학동증심사          ,하차,3,37,67,103,153,117,80,92,115,113,105,123,117,144,77,75,71,37,48
2026-05-01,103,남광주              ,승차,35,110,197,171,217,214,195,205,187,200,235,199,176,131,101,91,65,44,51
2026-05-01,103,남광주              ,하차,5,124,120,137,149,163,182,159,153,146,191,223,215,214,122,106,104,97,56
2026-05-01,104,문화전당            ,승차,13,20,24,36,64,100,84,142,169,243,334,407,501,430,381,349,380,290,107
2026-05-01,104,문화전당            ,하차,3,26,31,119,163,268,443,437,424,491,366,348,385,297,210,148,101,69,41
2026-05-01,105,금남로4가           ,승차,19,44,54,78,118,123,151,223,225,326,426,511,579,503,485,370,316,159,61
2026-05-01,105,금남로4가           ,하차,20,26,49,120,239,309,503,469,546,505,462,401,335,256,135,148,89,52,38
2026-05-01,106,금남로5가           ,승차,21,36,47,49,78,78,213,84,90,107,135,144,138,100,84,79,52,26,23
2026-05-01,106,금남로5가           ,하차,12,29,32,52,112,103,258,134,120,117,103,82,90,121,47,53,55,25,43
2026-05-01,107,양동시장            ,승차,23,52,57,104,145,236,169,169,150,216,175,181,170,109,65,61,46,28,21
2026-05-01,107,양동시장            ,하차,21,41,58,98,185,164,217,137,186,205,195,177,141,122,55,59,52,30,36
2026-05-01,108,돌고개              ,승차,30,45,68,93,121,122,121,99,135,100,71,105,106,59,64,33,37,19,8
2026-05-01,108,돌고개              ,하차,11,16,23,45,62,50,72,107,93,115,133,107,110,117,103,89,101,49,43
2026-05-01,109,농성                ,승차,32,39,74,110,155,171,184,224,208,170,220,194,221,189,98,114,279,44,27
2026-05-01,109,농성                ,하차,13,43,75,108,142,115,151,165,183,247,209,211,235,214,144,88,102,44,59
2026-05-01,110,화정                ,승차,28,58,83,111,139,138,114,124,140,111,134,89,122,111,69,58,44,18,19
2026-05-01,110,화정                ,하차,7,15,31,75,69,66,76,70,71,106,117,126,125,139,93,80,85,64,54
2026-05-01,111,쌍촌                ,승차,34,69,94,144,184,172,139,152,140,124,149,115,147,108,68,38,51,24,8
2026-05-01,111,쌍촌                ,하차,7,18,36,59,53,66,77,80,68,117,101,126,160,177,107,108,129,71,89
2026-05-01,112,운천                ,승차,29,69,98,139,176,174,174,162,196,190,197,203,204,171,120,99,109,98,70
2026-05-01,112,운천                ,하차,6,23,42,78,92,118,149,135,117,141,165,203,324,337,259,239,247,135,106
2026-05-01,113,상무                ,승차,31,59,98,166,172,215,205,258,254,240,272,271,278,303,224,131,112,102,54
2026-05-01,113,상무                ,하차,20,41,58,142,211,189,196,183,217,257,240,304,359,298,228,182,204,109,103
2026-05-01,114,컨벤션센터          ,승차,11,13,20,40,44,57,58,62,81,82,117,84,114,82,70,60,50,19,3
2026-05-01,114,컨벤션센터          ,하차,12,33,42,95,93,61,75,64,72,74,72,80,102,74,46,44,30,17,27
2026-05-01,115,공항                ,승차,20,18,39,49,77,70,69,84,68,90,72,76,110,68,41,21,10,6,9
2026-05-01,115,공항                ,하차,4,12,49,57,51,58,37,35,70,51,48,62,77,53,40,25,25,15,23
2026-05-01,116,송정공원            ,승차,29,48,96,120,127,174,253,207,167,191,187,149,162,103,67,44,38,20,14
2026-05-01,116,송정공원            ,하차,32,28,63,144,115,66,93,134,133,126,140,161,210,191,160,114,157,126,60
2026-05-01,117,광주송정            ,승차,23,51,192,254,428,327,555,487,375,421,301,399,608,390,241,365,366,126,156
2026-05-01,117,광주송정            ,하차,71,78,304,216,390,665,414,304,324,327,321,405,410,444,316,315,231,175,50
2026-05-01,118,도산                ,승차,24,29,79,85,98,112,165,144,124,123,107,84,108,61,52,60,27,24,20
2026-05-01,118,도산                ,하차,9,25,28,36,40,59,56,72,56,58,87,115,142,144,108,98,92,76,46
2026-05-01,119,평동                ,승차,26,37,47,60,72,92,110,110,147,125,170,105,138,103,64,50,15,19,7
2026-05-01,119,평동                ,하차,14,49,109,107,78,51,89,106,68,52,85,106,112,89,77,81,60,42,28
2026-05-02,100,녹동                ,승차,0,4,9,13,13,6,15,9,21,4,14,14,18,12,1,1,2,0,0
2026-05-02,100,녹동                ,하차,0,0,4,8,4,5,7,11,5,6,15,4,19,10,8,3,3,1,0
2026-05-02,101,소태                ,승차,40,76,108,120,198,179,138,197,202,187,147,138,139,99,68,44,45,23,8
2026-05-02,101,소태                ,하차,0,51,94,99,86,92,87,92,120,134,166,145,214,200,138,140,104,69,69
2026-05-02,102,학동증심사          ,승차,24,56,69,100,105,119,158,167,125,145,114,109,127,64,53,58,41,17,6
2026-05-02,102,학동증심사          ,하차,5,53,74,151,128,131,80,109,102,121,125,106,162,143,85,90,46,33,32
2026-05-02,103,남광주              ,승차,44,129,216,214,255,183,172,213,234,176,197,206,173,151,143,88,69,41,28
2026-05-02,103,남광주              ,하차,17,204,135,190,157,161,159,162,199,200,194,219,241,196,116,94,106,71,89
2026-05-02,104,문화전당            ,승차,21,18,42,48,73,92,108,186,264,336,503,567,703,552,453,440,330,284,105
2026-05-02,104,문화전당            ,하차,6,33,48,151,155,333,469,521,575,483,406,347,359,276,207,171,104,41,46
2026-05-02,105,금남로4가           ,승차,25,37,61,81,115,123,170,208,269,364,436,548,601,564,376,334,267,138,72
2026-05-02,105,금남로4가           ,하차,24,34,53,178,283,284,471,491,597,598,424,340,340,258,147,93,67,44,58
2026-05-02,106,금남로5가           ,승차,21,37,42,60,69,103,58,90,80,101,115,141,140,109,115,117,34,29,30
2026-05-02,106,금남로5가           ,하차,6,11,29,91,116,92,127,139,137,111,105,91,101,93,58,67,50,23,27
2026-05-02,107,양동시장            ,승차,24,53,75,104,140,149,194,194,205,182,182,208,159,117,66,51,39,20,22
2026-05-02,107,양동시장            ,하차,21,38,68,122,155,186,196,164,234,183,199,156,167,140,57,55,41,41,34
2026-05-02,108,돌고개              ,승차,27,61,68,97,108,123,108,130,101,105,82,403,311,70,64,58,31,25,12
2026-05-02,108,돌고개              ,하차,13,27,45,65,70,60,64,93,107,98,113,129,153,145,76,73,70,45,45
2026-05-02,109,농성                ,승차,37,57,80,133,201,180,211,214,211,228,202,188,263,157,165,219,88,49,12
2026-05-02,109,농성                ,하차,18,42,64,136,190,146,202,182,216,264,277,217,246,214,129,139,97,63,58
2026-05-02,110,화정                ,승차,38,48,75,91,134,147,131,180,169,127,113,105,114,94,78,75,47,22,12
2026-05-02,110,화정                ,하차,11,20,41,76,88,84,79,69,82,103,135,120,144,139,84,94,78,57,50
2026-05-02,111,쌍촌                ,승차,35,73,90,143,134,151,216,190,144,140,105,113,145,87,75,52,43,34,11
2026-05-02,111,쌍촌                ,하차,4,15,25,66,57,56,85,95,108,90,95,145,170,165,106,119,113,83,56
2026-05-02,112,운천                ,승차,36,72,107,190,160,197,178,244,215,178,188,209,181,139,130,112,123,91,71
2026-05-02,112,운천                ,하차,13,31,64,103,132,131,136,159,169,149,148,226,326,261,280,228,191,158,102
2026-05-02,113,상무                ,승차,37,86,128,158,199,237,245,305,276,295,288,241,253,178,160,180,127,80,57
2026-05-02,113,상무                ,하차,34,43,75,190,225,210,192,229,218,251,212,303,353,324,237,225,152,115,99
2026-05-02,114,컨벤션센터          ,승차,8,16,32,43,54,56,101,116,126,126,165,107,140,107,58,39,32,11,3
2026-05-02,114,컨벤션센터          ,하차,11,28,41,80,119,104,137,111,107,119,85,96,99,83,34,56,26,19,7
2026-05-02,115,공항                ,승차,17,24,34,63,86,79,45,73,65,70,69,65,71,54,28,21,10,8,68
2026-05-02,115,공항                ,하차,8,20,32,44,41,36,43,58,55,46,63,77,43,52,22,34,34,18,32
2026-05-02,116,송정공원            ,승차,42,49,102,147,172,176,223,195,213,173,141,142,165,111,69,58,44,30,13
2026-05-02,116,송정공원            ,하차,28,34,39,76,75,100,132,99,135,125,143,188,246,204,154,162,164,89,51
2026-05-02,117,광주송정            ,승차,21,46,155,246,464,370,575,447,458,519,335,417,682,301,258,402,345,121,208
2026-05-02,117,광주송정            ,하차,50,75,247,213,349,540,339,303,409,397,336,517,501,490,427,464,260,179,66
2026-05-02,118,도산                ,승차,35,38,69,124,116,111,119,160,173,106,77,90,108,63,53,31,47,27,18
2026-05-02,118,도산                ,하차,5,16,44,41,35,48,71,69,74,68,91,101,157,126,114,95,74,74,34
2026-05-02,119,평동                ,승차,13,15,46,43,84,112,117,102,137,107,111,118,149,87,64,48,34,16,11
2026-05-02,119,평동                ,하차,21,40,108,96,71,64,58,61,82,69,86,78,108,85,92,87,93,52,38
2026-05-03,100,녹동                ,승차,0,1,2,9,12,12,13,5,4,1,4,4,7,5,6,1,0,0,0
2026-05-03,100,녹동                ,하차,0,0,1,4,9,6,3,7,5,3,10,11,9,1,1,3,3,2,0
2026-05-03,101,소태                ,승차,15,27,47,88,111,119,85,132,116,108,106,93,78,89,48,43,37,15,15
2026-05-03,101,소태                ,하차,1,26,35,32,68,64,47,67,62,102,135,106,89,136,85,73,81,46,45
2026-05-03,102,학동증심사          ,승차,13,16,24,29,76,88,67,91,91,82,62,76,83,51,55,29,25,10,83
2026-05-03,102,학동증심사          ,하차,1,23,21,38,41,52,50,78,77,75,76,102,124,106,50,70,67,35,45
2026-05-03,103,남광주              ,승차,27,47,57,82,99,121,107,128,118,113,131,131,137,77,95,60,49,35,28
2026-05-03,103,남광주              ,하차,2,41,37,82,75,95,108,105,143,113,134,137,170,184,98,123,118,105,67
2026-05-03,104,문화전당            ,승차,12,23,17,71,49,63,93,92,134,170,218,285,381,292,269,230,212,164,50
2026-05-03,104,문화전당            ,하차,7,46,25,87,96,180,274,299,312,261,235,214,229,210,111,91,89,40,61
2026-05-03,105,금남로4가           ,승차,12,27,27,38,62,89,84,129,122,228,245,322,284,305,302,236,206,95,41
2026-05-03,105,금남로4가           ,하차,18,15,32,56,166,223,274,308,346,339,288,229,210,172,90,68,63,27,51
2026-05-03,106,금남로5가           ,승차,16,13,35,27,53,188,51,47,62,78,95,157,120,108,73,67,28,13,14
2026-05-03,106,금남로5가           ,하차,4,7,25,37,81,212,73,126,139,117,59,68,69,70,43,40,34,42,35
2026-05-03,107,양동시장            ,승차,18,28,31,32,60,53,78,67,74,85,66,85,84,78,49,36,29,8,9
2026-05-03,107,양동시장            ,하차,10,31,31,37,55,54,70,78,83,87,68,94,89,97,45,42,30,39,29
2026-05-03,108,돌고개              ,승차,12,16,30,33,70,59,75,97,79,61,59,60,66,47,45,41,19,15,19
2026-05-03,108,돌고개              ,하차,9,21,15,34,32,56,32,55,67,57,83,88,72,87,59,62,57,47,32
2026-05-03,109,농성                ,승차,17,28,44,79,82,124,116,159,126,155,152,175,281,143,130,87,70,30,20
2026-05-03,109,농성                ,하차,10,28,40,93,81,121,125,135,156,130,136,152,170,155,85,97,75,46,42
2026-05-03,110,화정                ,승차,15,27,43,51,65,105,71,84,87,82,81,67,85,65,49,37,28,20,5
2026-05-03,110,화정                ,하차,7,10,20,36,43,65,53,50,69,68,62,82,95,100,56,64,57,37,32
2026-05-03,111,쌍촌                ,승차,20,41,55,74,98,79,136,109,111,78,54,86,102,52,54,53,31,22,10
2026-05-03,111,쌍촌                ,하차,10,7,20,27,37,40,46,42,64,69,76,75,117,112,85,88,56,82,31
2026-05-03,112,운천                ,승차,38,41,64,70,102,95,117,148,157,103,122,129,141,102,102,80,90,82,43
2026-05-03,112,운천                ,하차,6,15,37,42,64,72,88,93,91,112,134,135,211,198,170,161,92,105,72
2026-05-03,113,상무                ,승차,35,44,53,77,106,149,126,156,164,153,166,165,141,128,118,137,86,60,26
2026-05-03,113,상무                ,하차,12,21,28,64,130,103,104,107,147,170,154,173,233,200,143,138,116,73,65
2026-05-03,114,컨벤션센터          ,승차,8,9,13,23,36,36,46,35,50,56,59,47,57,46,35,30,27,11,3
2026-05-03,114,컨벤션센터          ,하차,10,10,17,21,43,51,53,35,56,49,34,38,59,33,38,30,26,20,10
2026-05-03,115,공항                ,승차,16,7,20,23,72,47,37,30,49,47,48,82,58,55,39,16,3,4,3
2026-05-03,115,공항                ,하차,3,14,12,49,30,30,25,21,33,47,70,61,50,29,38,15,14,16,16
2026-05-03,116,송정공원            ,승차,18,37,38,55,88,86,95,104,124,129,95,120,84,61,43,44,19,9,8
2026-05-03,116,송정공원            ,하차,13,26,18,56,49,63,52,75,116,64,97,111,126,119,87,111,66,72,37
2026-05-03,117,광주송정            ,승차,12,22,72,147,323,345,452,456,357,448,309,411,680,317,255,406,367,118,223
2026-05-03,117,광주송정            ,하차,57,51,186,109,231,447,335,241,253,236,310,289,464,472,364,370,221,124,16
2026-05-03,118,도산                ,승차,11,37,32,46,60,52,93,83,82,87,59,62,63,33,24,47,23,19,11
2026-05-03,118,도산                ,하차,6,6,21,20,27,30,30,41,41,57,59,61,108,59,78,80,65,44,16
2026-05-03,119,평동                ,승차,9,21,22,41,32,53,59,63,92,88,87,67,100,51,48,19,16,14,6
2026-05-03,119,평동                ,하차,8,30,50,33,28,37,46,37,61,75,67,73,75,68,81,54,45,29,12
2026-05-04,100,녹동                ,승차,1,6,22,27,13,19,11,7,15,18,8,14,8,16,7,0,0,3,4
2026-05-04,100,녹동                ,하차,0,7,16,18,3,2,2,10,5,4,15,27,15,16,7,3,2,6,4
2026-05-04,101,소태                ,승차,47,82,242,355,194,172,139,203,192,180,140,147,191,145,88,48,27,18,7
2026-05-04,101,소태                ,하차,1,37,74,170,81,117,138,127,115,153,202,210,185,248,130,134,131,77,32
2026-05-04,102,학동증심사          ,승차,38,46,147,224,184,178,132,185,184,156,143,132,180,172,68,38,45,14,10
2026-05-04,102,학동증심사          ,하차,5,40,106,183,175,180,139,124,166,134,180,177,154,167,87,76,66,46,28
2026-05-04,103,남광주              ,승차,54,131,269,346,280,295,328,279,286,354,438,526,634,393,165,124,118,61,40
2026-05-04,103,남광주              ,하차,28,172,321,862,567,425,272,371,411,339,305,268,288,359,165,144,100,82,38
2026-05-04,104,문화전당            ,승차,21,24,56,76,91,95,116,166,195,260,337,371,477,563,360,336,330,274,112
2026-05-04,104,문화전당            ,하차,8,44,120,466,249,248,357,321,345,242,285,227,321,427,251,120,136,55,52
2026-05-04,105,금남로4가           ,승차,21,62,121,200,172,172,208,244,287,407,427,514,468,592,317,266,217,153,61
2026-05-04,105,금남로4가           ,하차,28,60,134,511,369,311,436,407,453,419,315,301,317,338,150,80,76,28,55
2026-05-04,106,금남로5가           ,승차,24,48,91,161,115,125,101,107,134,154,200,240,211,298,100,90,118,25,15
2026-05-04,106,금남로5가           ,하차,25,32,116,501,185,168,177,158,175,138,138,119,139,150,59,53,40,25,29
2026-05-04,107,양동시장            ,승차,23,67,157,222,163,197,174,204,193,223,211,251,271,316,87,43,38,23,10
2026-05-04,107,양동시장            ,하차,16,42,104,292,167,199,202,197,233,242,246,239,204,209,87,79,49,35,38
2026-05-04,108,돌고개              ,승차,37,77,191,302,172,141,135,141,162,112,125,140,135,140,92,48,20,29,12
2026-05-04,108,돌고개              ,하차,12,22,58,132,88,85,130,136,134,161,167,212,205,257,131,88,86,63,42
2026-05-04,109,농성                ,승차,40,87,215,384,213,192,204,193,237,207,255,244,267,261,126,120,78,44,17
2026-05-04,109,농성                ,하차,18,45,111,271,190,165,172,201,180,188,281,248,295,393,101,168,111,71,48
2026-05-04,110,화정                ,승차,32,78,196,343,202,162,143,162,162,148,147,167,139,137,66,60,50,95,5
2026-05-04,110,화정                ,하차,6,21,149,167,96,95,96,106,122,133,152,174,235,217,145,79,97,61,41
2026-05-04,111,쌍촌                ,승차,70,116,298,476,249,173,198,196,176,156,172,210,153,163,121,75,61,30,11
2026-05-04,111,쌍촌                ,하차,3,18,83,185,103,63,99,97,102,162,164,196,332,344,188,123,106,111,66
2026-05-04,112,운천                ,승차,41,123,313,461,268,211,219,228,199,228,217,228,275,313,132,118,115,109,67
2026-05-04,112,운천                ,하차,12,44,104,353,172,153,122,119,161,159,200,275,396,562,340,231,199,153,101
2026-05-04,113,상무                ,승차,46,98,348,454,284,260,311,317,302,285,314,302,345,471,246,185,156,85,46
2026-05-04,113,상무                ,하차,43,68,151,614,315,249,233,228,247,298,313,364,498,645,279,178,174,145,79
2026-05-04,114,컨벤션센터          ,승차,10,21,70,133,73,81,68,82,105,98,102,77,120,134,44,35,33,22,13
2026-05-04,114,컨벤션센터          ,하차,9,25,64,189,80,72,85,77,91,87,91,78,109,128,50,40,28,30,20
2026-05-04,115,공항                ,승차,17,33,113,145,125,81,68,60,76,65,47,80,111,85,40,41,15,7,68
2026-05-04,115,공항                ,하차,5,29,78,89,39,41,50,45,60,67,92,93,86,99,54,28,28,32,27
2026-05-04,116,송정공원            ,승차,66,110,426,403,229,173,225,209,193,191,179,291,214,237,133,78,45,34,18
2026-05-04,116,송정공원            ,하차,19,64,128,265,168,117,123,212,186,168,188,278,355,376,207,142,185,121,66
2026-05-04,117,광주송정            ,승차,27,62,305,415,351,345,488,418,291,400,371,474,591,415,286,266,297,99,122
2026-05-04,117,광주송정            ,하차,66,112,296,383,329,461,302,320,314,305,386,539,404,606,364,320,176,144,45
2026-05-04,118,도산                ,승차,26,80,239,239,138,99,114,129,133,120,66,100,152,153,74,49,32,37,15
2026-05-04,118,도산                ,하차,8,24,65,97,32,77,80,82,67,69,110,140,184,228,130,94,86,96,28
2026-05-04,119,평동                ,승차,16,28,73,104,91,77,102,86,93,93,129,142,397,206,197,99,51,22,13
2026-05-04,119,평동                ,하차,35,169,576,193,100,56,69,70,86,101,81,93,91,93,84,41,62,31,15
2026-05-05,100,녹동                ,승차,0,0,7,9,12,9,7,12,8,13,9,3,6,8,3,0,2,0,0
2026-05-05,100,녹동                ,하차,0,0,4,9,3,3,5,5,3,8,11,13,13,5,4,4,2,0,0
2026-05-05,101,소태                ,승차,23,58,74,95,149,152,181,134,186,130,117,120,121,99,69,52,29,22,13
2026-05-05,101,소태                ,하차,0,46,56,75,59,71,60,67,72,113,118,140,180,183,116,123,73,65,41
2026-05-05,102,학동증심사          ,승차,31,51,43,68,79,130,128,135,125,123,99,95,112,73,44,33,17,10,3
2026-05-05,102,학동증심사          ,하차,2,40,45,81,106,104,89,92,118,102,116,107,118,118,74,51,60,36,28
2026-05-05,103,남광주              ,승차,34,113,120,137,165,175,142,201,145,156,154,183,162,156,103,104,55,50,46
2026-05-05,103,남광주              ,하차,21,117,79,108,118,146,156,115,172,160,195,166,188,206,116,144,129,85,64
2026-05-05,104,문화전당            ,승차,13,16,24,25,59,57,90,128,186,357,471,491,594,461,399,358,311,204,87
2026-05-05,104,문화전당            ,하차,4,24,45,109,155,355,537,504,566,511,428,351,243,228,137,118,71,35,59
2026-05-05,105,금남로4가           ,승차,13,29,45,66,75,81,154,165,203,346,444,532,504,396,336,401,238,101,31
2026-05-05,105,금남로4가           ,하차,16,25,49,91,200,260,472,481,577,444,335,369,224,195,87,76,55,50,41
2026-05-05,106,금남로5가           ,승차,13,26,35,47,62,59,62,77,84,92,129,128,120,118,83,83,33,15,12
2026-05-05,106,금남로5가           ,하차,6,14,35,38,106,106,160,147,115,102,86,81,92,75,40,47,39,29,32
2026-05-05,107,양동시장            ,승차,23,48,59,71,110,176,173,175,150,202,201,142,163,107,56,44,28,18,10
2026-05-05,107,양동시장            ,하차,11,45,63,69,131,177,178,152,199,186,172,164,131,88,40,48,35,35,22
2026-05-05,108,돌고개              ,승차,24,41,64,98,111,116,104,108,100,115,78,91,91,71,43,23,28,16,7
2026-05-05,108,돌고개              ,하차,4,27,24,40,42,50,75,93,107,101,131,98,142,120,74,92,71,42,33
2026-05-05,109,농성                ,승차,24,58,72,102,158,157,154,138,169,183,183,178,170,286,131,111,87,24,25
2026-05-05,109,농성                ,하차,20,28,39,79,119,126,150,153,191,153,160,181,188,177,129,115,109,48,48
2026-05-05,110,화정                ,승차,20,53,57,77,73,128,118,120,135,117,118,85,89,125,49,52,28,16,9
2026-05-05,110,화정                ,하차,6,13,32,57,50,45,73,74,83,78,85,114,140,115,81,82,70,47,36
2026-05-05,111,쌍촌                ,승차,36,73,75,101,132,126,212,184,153,132,120,93,133,95,65,63,37,23,11
2026-05-05,111,쌍촌                ,하차,4,16,30,58,71,57,66,71,88,81,137,110,143,129,113,115,102,96,53
2026-05-05,112,운천                ,승차,23,74,88,136,140,161,175,160,178,172,168,169,149,137,103,123,89,66,34
2026-05-05,112,운천                ,하차,8,22,49,71,85,81,105,123,113,143,173,204,216,253,154,176,151,113,81
2026-05-05,113,상무                ,승차,27,52,88,118,126,188,153,261,235,243,237,228,177,180,142,130,135,70,29
2026-05-05,113,상무                ,하차,19,34,39,91,124,145,159,163,177,211,282,256,358,242,148,165,120,97,78
2026-05-05,114,컨벤션센터          ,승차,12,17,25,36,50,38,75,67,72,61,74,45,78,58,23,44,49,10,2
2026-05-05,114,컨벤션센터          ,하차,6,22,22,38,56,39,66,40,44,53,69,64,83,69,28,43,25,19,8
2026-05-05,115,공항                ,승차,10,34,23,37,76,70,49,78,50,81,53,59,64,55,29,27,9,10,8
2026-05-05,115,공항                ,하차,5,18,36,45,33,26,33,29,39,57,43,66,85,71,46,22,21,23,20
2026-05-05,116,송정공원            ,승차,27,71,83,104,108,182,214,225,189,216,217,132,134,73,54,30,20,27,8
2026-05-05,116,송정공원            ,하차,24,39,52,129,110,63,78,121,104,116,155,194,209,207,178,193,149,101,40
2026-05-05,117,광주송정            ,승차,14,35,82,146,291,357,482,494,282,335,346,399,498,278,257,397,398,153,188
2026-05-05,117,광주송정            ,하차,31,87,181,178,229,352,255,244,238,255,350,475,410,519,398,510,244,141,47
2026-05-05,118,도산                ,승차,22,35,60,85,75,141,119,115,164,127,100,65,98,58,53,46,36,20,12
2026-05-05,118,도산                ,하차,7,16,28,27,29,52,49,55,40,67,98,143,127,135,74,81,81,69,20
2026-05-05,119,평동                ,승차,16,17,42,54,51,73,79,111,103,127,107,123,190,94,71,36,23,3,5
2026-05-05,119,평동                ,하차,25,87,180,97,65,63,62,51,52,66,83,88,103,89,62,59,39,24,12
2026-05-06,100,녹동                ,승차,1,7,34,32,11,12,7,8,14,12,11,14,16,23,2,0,0,0,0
2026-05-06,100,녹동                ,하차,0,7,15,25,0,1,5,9,7,10,12,23,14,15,8,8,1,5,4
2026-05-06,101,소태                ,승차,50,130,258,396,219,149,124,153,163,121,139,158,162,150,53,45,27,32,12
2026-05-06,101,소태                ,하차,2,46,109,219,96,84,103,132,120,129,158,186,204,247,156,125,125,83,39
2026-05-06,102,학동증심사          ,승차,35,59,156,273,138,116,147,171,132,115,164,310,201,134,69,61,43,25,13
2026-05-06,102,학동증심사          ,하차,5,41,127,240,137,141,142,107,125,118,158,164,184,240,96,97,66,43,26
2026-05-06,103,남광주              ,승차,52,177,306,396,288,311,297,340,243,312,405,495,625,373,149,164,190,369,198
2026-05-06,103,남광주              ,하차,9,196,322,1103,651,423,281,284,414,305,260,304,382,477,208,148,115,97,55
2026-05-06,104,문화전당            ,승차,18,34,95,121,87,94,105,134,169,187,280,263,339,478,233,195,226,263,92
2026-05-06,104,문화전당            ,하차,10,45,147,581,279,200,199,252,233,204,176,259,258,274,151,84,48,42,48
2026-05-06,105,금남로4가           ,승차,25,92,178,243,158,156,212,240,244,306,417,375,447,529,211,196,204,139,32
2026-05-06,105,금남로4가           ,하차,28,52,197,699,389,269,270,273,321,291,229,301,318,298,125,99,66,54,27
2026-05-06,106,금남로5가           ,승차,22,82,124,189,84,114,82,96,135,156,181,183,226,380,113,88,79,20,20
2026-05-06,106,금남로5가           ,하차,22,52,129,515,217,145,127,141,188,139,134,120,150,233,82,44,53,21,22
2026-05-06,107,양동시장            ,승차,23,70,163,240,128,142,148,195,154,197,202,202,228,281,75,41,39,27,29
2026-05-06,107,양동시장            ,하차,16,37,109,330,176,167,173,164,200,208,221,193,225,194,89,55,60,36,49
2026-05-06,108,돌고개              ,승차,38,113,241,358,169,128,110,125,137,107,112,123,121,141,52,45,27,15,13
2026-05-06,108,돌고개              ,하차,11,27,59,192,106,84,100,137,101,115,155,199,211,289,118,98,93,79,42
2026-05-06,109,농성                ,승차,78,96,283,473,202,186,156,201,219,203,230,224,223,257,127,88,88,77,22
2026-05-06,109,농성                ,하차,22,52,143,319,165,140,157,162,202,187,242,268,303,436,154,116,93,76,57
2026-05-06,110,화정                ,승차,32,118,277,416,200,139,118,172,139,130,120,172,146,116,69,64,46,64,7
2026-05-06,110,화정                ,하차,12,29,153,211,90,87,97,125,111,115,112,169,239,271,132,89,91,78,47
2026-05-06,111,쌍촌                ,승차,74,161,385,662,253,173,141,162,171,111,245,126,174,155,88,53,54,32,16
2026-05-06,111,쌍촌                ,하차,6,27,85,240,80,69,83,106,92,108,165,205,257,429,214,145,120,102,63
2026-05-06,112,운천                ,승차,37,159,459,555,275,192,148,188,183,165,317,212,286,323,124,111,87,74,26
2026-05-06,112,운천                ,하차,13,59,159,495,172,119,133,133,154,139,158,279,352,508,253,173,163,143,85
2026-05-06,113,상무                ,승차,61,127,421,563,242,277,220,281,275,300,303,282,346,492,211,178,193,90,38
2026-05-06,113,상무                ,하차,39,61,171,750,330,188,243,222,260,267,339,410,512,584,224,134,127,171,89
2026-05-06,114,컨벤션센터          ,승차,16,34,103,165,97,70,52,74,78,88,98,108,148,166,49,48,39,10,8
2026-05-06,114,컨벤션센터          ,하차,12,30,120,325,110,95,83,68,65,82,81,93,125,144,62,47,36,30,13
2026-05-06,115,공항                ,승차,28,35,180,218,107,97,44,91,55,53,50,91,81,87,43,37,8,7,2
2026-05-06,115,공항                ,하차,12,40,90,111,50,51,38,58,61,71,98,115,101,93,58,29,37,30,39
2026-05-06,116,송정공원            ,승차,53,159,539,517,278,229,179,192,167,196,156,314,270,293,127,64,33,31,12
2026-05-06,116,송정공원            ,하차,25,68,190,343,157,155,115,235,162,168,273,397,433,376,245,166,154,116,101
2026-05-06,117,광주송정            ,승차,23,81,449,543,325,279,360,437,218,376,260,335,548,448,289,248,207,64,90
2026-05-06,117,광주송정            ,하차,97,145,451,425,318,385,225,269,205,253,336,345,399,461,228,190,113,174,85
2026-05-06,118,도산                ,승차,35,88,340,334,120,111,71,111,90,85,70,124,162,190,61,49,23,28,16
2026-05-06,118,도산                ,하차,12,28,71,114,65,66,71,98,56,60,91,214,180,206,110,75,76,91,48
2026-05-06,119,평동                ,승차,21,28,97,122,97,67,70,94,92,68,126,210,642,286,274,141,85,23,12
2026-05-06,119,평동                ,하차,48,278,850,362,101,78,53,78,92,75,64,88,70,92,82,47,32,30,17
2026-05-07,100,녹동                ,승차,1,6,34,40,7,9,12,8,12,18,2,10,19,23,3,1,0,0,0
2026-05-07,100,녹동                ,하차,0,8,17,36,1,4,8,4,8,7,9,17,16,27,8,3,4,7,1
2026-05-07,101,소태                ,승차,46,109,257,382,181,117,112,129,145,126,134,145,158,156,65,42,32,27,25
2026-05-07,101,소태                ,하차,5,55,93,196,89,96,89,126,101,109,177,179,206,264,142,108,91,75,63
2026-05-07,102,학동증심사          ,승차,40,64,159,263,136,144,129,153,163,128,167,240,210,121,60,46,36,26,24
2026-05-07,102,학동증심사          ,하차,8,57,118,244,137,132,151,97,118,121,160,166,201,220,112,69,70,50,38
2026-05-07,103,남광주              ,승차,48,180,322,372,248,291,294,307,275,354,457,482,594,333,190,120,150,212,285
2026-05-07,103,남광주              ,하차,18,168,349,1003,620,423,286,366,357,321,260,342,356,499,214,181,115,99,70
2026-05-07,104,문화전당            ,승차,22,30,69,111,74,79,115,136,158,221,280,395,419,487,222,167,218,191,119
2026-05-07,104,문화전당            ,하차,8,49,153,576,353,199,181,181,249,184,178,235,262,335,161,77,60,38,51
2026-05-07,105,금남로4가           ,승차,27,92,183,262,158,159,212,225,213,323,341,409,458,505,238,217,176,138,41
2026-05-07,105,금남로4가           ,하차,24,46,208,693,351,279,266,230,343,256,249,259,313,316,154,82,73,52,32
2026-05-07,106,금남로5가           ,승차,18,73,145,176,111,83,125,91,116,129,190,198,238,334,85,98,62,34,18
2026-05-07,106,금남로5가           ,하차,26,24,126,450,210,125,137,157,184,118,110,115,152,186,63,45,50,21,29
2026-05-07,107,양동시장            ,승차,20,87,167,268,142,167,173,174,157,181,216,183,222,280,65,41,22,20,21
2026-05-07,107,양동시장            ,하차,26,45,114,343,162,178,176,165,196,188,198,187,173,173,93,56,45,29,27
2026-05-07,108,돌고개              ,승차,38,108,241,333,181,121,123,104,110,98,108,110,135,127,55,28,25,19,13
2026-05-07,108,돌고개              ,하차,15,21,62,190,101,98,127,124,100,103,165,188,193,265,138,91,86,74,52
2026-05-07,109,농성                ,승차,49,109,260,451,241,151,160,198,191,215,223,229,246,314,135,97,70,88,29
2026-05-07,109,농성                ,하차,17,49,146,323,179,136,158,166,150,220,227,267,294,481,133,106,111,85,70
2026-05-07,110,화정                ,승차,35,96,285,425,208,156,130,128,125,134,141,147,178,140,77,51,52,77,11
2026-05-07,110,화정                ,하차,8,20,151,197,90,116,86,114,85,95,130,176,230,267,124,114,81,87,58
2026-05-07,111,쌍촌                ,승차,71,157,384,546,320,169,153,166,151,126,125,213,195,178,99,64,54,37,15
2026-05-07,111,쌍촌                ,하차,6,21,93,210,84,72,82,94,87,135,138,195,293,409,200,136,128,100,88
2026-05-07,112,운천                ,승차,43,136,435,546,279,203,169,219,203,143,185,298,318,311,146,101,126,85,37
2026-05-07,112,운천                ,하차,14,56,149,518,180,125,100,144,128,155,179,255,387,537,238,191,144,127,109
2026-05-07,113,상무                ,승차,53,124,461,565,260,257,238,293,239,257,317,303,367,504,266,212,166,96,39
2026-05-07,113,상무                ,하차,45,64,169,748,353,244,218,210,283,237,308,396,561,622,248,144,143,141,95
2026-05-07,114,컨벤션센터          ,승차,16,38,105,153,94,60,55,79,78,88,89,104,144,190,56,52,45,26,12
2026-05-07,114,컨벤션센터          ,하차,13,35,120,257,113,66,114,77,78,82,80,99,132,138,56,41,33,42,14
2026-05-07,115,공항                ,승차,21,40,162,233,133,98,51,49,67,56,39,120,85,90,47,39,21,4,5
2026-05-07,115,공항                ,하차,10,43,72,104,55,62,73,46,60,74,99,107,105,110,62,35,17,28,32
2026-05-07,116,송정공원            ,승차,46,172,540,553,244,164,197,179,151,187,254,229,283,302,124,65,38,42,11
2026-05-07,116,송정공원            ,하차,21,79,170,375,160,119,144,224,164,174,178,285,478,370,223,143,126,135,118
2026-05-07,117,광주송정            ,승차,26,77,352,462,350,239,371,382,231,346,292,404,547,409,284,271,227,97,90
2026-05-07,117,광주송정            ,하차,48,106,395,448,270,365,263,222,293,308,268,411,561,448,290,250,112,185,65
2026-05-07,118,도산                ,승차,37,84,326,324,145,98,86,103,86,70,90,129,163,167,73,42,32,21,8
2026-05-07,118,도산                ,하차,14,33,84,123,63,54,74,82,77,58,100,170,254,197,116,96,60,106,46
2026-05-07,119,평동                ,승차,22,25,110,141,60,59,57,82,110,76,96,241,600,307,276,159,94,16,18
2026-05-07,119,평동                ,하차,46,293,914,325,96,73,62,58,67,64,78,72,92,93,95,43,34,31,21
2026-05-08,100,녹동                ,승차,1,6,32,31,16,12,7,10,12,15,5,6,14,34,4,0,0,4,0
2026-05-08,100,녹동                ,하차,0,11,13,23,3,6,5,3,8,4,8,20,13,15,9,3,1,2,1
2026-05-08,101,소태                ,승차,39,107,234,341,202,134,115,156,162,110,136,170,198,177,88,51,35,33,12
2026-05-08,101,소태                ,하차,0,47,93,215,117,98,124,130,123,138,157,171,216,291,138,129,82,107,79
2026-05-08,102,학동증심사          ,승차,38,53,142,245,180,146,129,153,129,122,261,188,186,157,54,34,43,36,36
2026-05-08,102,학동증심사          ,하차,3,46,115,239,149,109,133,109,116,108,184,173,254,268,117,86,66,45,64
2026-05-08,103,남광주              ,승차,59,167,321,388,259,281,284,289,285,290,350,374,566,340,197,150,214,486,617
2026-05-08,103,남광주              ,하차,53,169,319,755,358,301,241,302,321,319,334,367,592,692,375,212,138,145,102
2026-05-08,104,문화전당            ,승차,22,38,68,93,80,88,108,157,179,180,307,326,414,530,253,247,234,316,280
2026-05-08,104,문화전당            ,하차,9,47,139,578,298,199,222,169,264,240,271,325,422,439,235,112,59,55,60
2026-05-08,105,금남로4가           ,승차,20,75,172,249,152,191,231,220,238,297,370,453,436,563,250,202,232,132,44
2026-05-08,105,금남로4가           ,하차,32,56,172,651,363,263,292,282,350,289,288,328,409,402,164,93,90,35,52
2026-05-08,106,금남로5가           ,승차,24,79,133,195,96,102,76,122,110,132,254,226,319,383,115,92,34,28,17
2026-05-08,106,금남로5가           ,하차,22,33,110,451,191,109,152,133,147,100,129,99,197,236,76,60,56,30,39
2026-05-08,107,양동시장            ,승차,23,70,173,250,150,162,149,129,207,175,210,220,275,287,95,35,45,20,18
2026-05-08,107,양동시장            ,하차,16,55,117,317,156,169,149,182,202,215,228,232,206,236,78,65,65,45,48
2026-05-08,108,돌고개              ,승차,37,104,215,365,161,109,118,112,147,98,122,123,169,147,95,57,43,33,19
2026-05-08,108,돌고개              ,하차,15,21,72,179,101,88,99,99,84,131,170,190,235,300,154,100,102,70,103
2026-05-08,109,농성                ,승차,42,113,245,459,219,196,173,184,177,247,209,220,291,358,138,126,69,56,22
2026-05-08,109,농성                ,하차,18,49,124,298,185,152,172,157,179,206,226,269,343,465,176,122,110,83,109
2026-05-08,110,화정                ,승차,34,119,257,395,193,155,119,122,144,135,151,168,209,175,101,45,49,77,11
2026-05-08,110,화정                ,하차,8,26,150,206,97,94,107,95,102,102,143,201,220,336,134,94,77,107,103
2026-05-08,111,쌍촌                ,승차,69,161,352,514,339,158,141,183,134,148,117,241,213,228,108,92,56,33,12
2026-05-08,111,쌍촌                ,하차,4,21,94,221,79,71,101,95,110,116,135,194,317,442,193,115,119,89,142
2026-05-08,112,운천                ,승차,39,164,394,557,271,208,163,208,205,201,202,360,302,351,219,111,127,88,64
2026-05-08,112,운천                ,하차,10,50,153,516,178,111,144,129,165,145,217,222,410,607,309,230,189,195,262
2026-05-08,113,상무                ,승차,49,144,415,528,247,244,241,265,241,243,304,356,492,598,256,188,179,104,54
2026-05-08,113,상무                ,하차,39,54,154,747,364,241,255,227,243,285,318,388,549,697,275,169,178,178,193
2026-05-08,114,컨벤션센터          ,승차,14,34,95,126,81,69,54,58,79,83,113,207,190,208,53,42,46,16,7
2026-05-08,114,컨벤션센터          ,하차,6,32,106,261,120,64,73,72,67,86,73,85,143,155,57,38,22,31,39
2026-05-08,115,공항                ,승차,21,38,162,183,106,76,94,58,68,123,48,137,109,155,64,43,11,11,5
2026-05-08,115,공항                ,하차,10,43,98,91,50,37,50,48,56,73,101,100,114,121,69,30,29,47,69
2026-05-08,116,송정공원            ,승차,52,145,502,449,224,157,226,182,207,193,292,327,363,332,182,63,47,36,26
2026-05-08,116,송정공원            ,하차,27,82,183,371,196,135,139,228,201,162,177,323,341,370,219,141,154,122,212
2026-05-08,117,광주송정            ,승차,23,73,336,408,281,336,379,430,273,447,367,507,932,605,347,370,386,127,182
2026-05-08,117,광주송정            ,하차,49,156,390,417,363,418,342,300,367,361,347,487,620,762,440,293,187,208,150
2026-05-08,118,도산                ,승차,30,76,323,305,125,91,80,103,105,80,105,120,246,226,98,50,36,19,14
2026-05-08,118,도산                ,하차,14,39,76,121,43,59,92,74,64,69,133,131,229,208,123,87,85,84,114
2026-05-08,119,평동                ,승차,20,40,102,151,95,69,67,109,85,81,138,208,686,286,266,145,43,14,12
2026-05-08,119,평동                ,하차,44,298,873,332,103,68,78,58,57,52,67,60,100,106,87,61,45,46,33
2026-05-09,100,녹동                ,승차,0,2,7,15,13,13,10,18,15,8,7,14,14,3,0,0,2,0,0
2026-05-09,100,녹동                ,하차,0,0,7,8,7,5,8,3,5,12,3,15,5,2,6,8,6,1,0
2026-05-09,101,소태                ,승차,48,88,113,155,169,153,152,143,166,139,124,149,152,110,78,55,31,23,18
2026-05-09,101,소태                ,하차,2,50,82,105,87,95,98,101,99,110,122,132,149,164,89,125,127,61,44
2026-05-09,102,학동증심사          ,승차,48,55,84,103,134,110,145,140,153,143,121,137,131,94,69,33,49,20,10
2026-05-09,102,학동증심사          ,하차,2,48,91,139,148,122,104,81,112,115,89,149,148,109,88,71,75,29,38
2026-05-09,103,남광주              ,승차,41,141,230,217,228,237,234,237,231,195,204,169,211,150,148,91,85,60,34
2026-05-09,103,남광주              ,하차,28,165,144,187,149,148,208,199,195,168,212,212,268,203,123,152,133,81,69
2026-05-09,104,문화전당            ,승차,22,23,33,49,82,101,87,154,195,207,295,354,464,382,367,430,480,235,93
2026-05-09,104,문화전당            ,하차,5,26,60,150,191,212,285,324,392,378,397,393,474,353,239,143,101,61,48
2026-05-09,105,금남로4가           ,승차,32,62,67,88,138,136,140,172,273,278,351,406,459,452,285,264,307,108,42
2026-05-09,105,금남로4가           ,하차,16,29,79,147,235,250,371,378,500,434,347,330,265,240,128,133,56,47,36
2026-05-09,106,금남로5가           ,승차,17,43,47,60,80,69,64,99,94,117,129,163,156,101,67,102,40,17,12
2026-05-09,106,금남로5가           ,하차,15,14,38,59,111,110,129,161,173,134,110,99,103,108,52,53,45,21,37
2026-05-09,107,양동시장            ,승차,23,53,68,110,132,152,193,184,175,175,179,182,171,115,69,27,37,18,12
2026-05-09,107,양동시장            ,하차,21,30,80,116,142,165,161,151,163,194,202,152,165,102,68,59,60,29,35
2026-05-09,108,돌고개              ,승차,35,69,87,130,99,131,131,126,114,89,84,97,109,78,73,35,47,33,18
2026-05-09,108,돌고개              ,하차,15,24,37,76,93,65,79,97,112,116,93,153,142,131,109,94,73,54,53
2026-05-09,109,농성                ,승차,34,75,113,152,181,163,188,232,219,248,224,215,226,209,136,105,78,38,18
2026-05-09,109,농성                ,하차,19,43,69,149,151,164,189,215,181,188,179,238,252,254,139,108,87,62,57
2026-05-09,110,화정                ,승차,30,55,105,119,156,152,139,177,133,125,105,147,105,104,86,68,25,22,15
2026-05-09,110,화정                ,하차,7,24,50,95,76,69,93,85,122,97,136,132,140,140,86,85,101,58,50
2026-05-09,111,쌍촌                ,승차,46,83,118,204,224,181,166,188,171,138,99,125,159,89,92,68,33,41,8
2026-05-09,111,쌍촌                ,하차,9,13,35,68,73,105,80,84,123,92,132,133,192,146,90,115,111,84,80
2026-05-09,112,운천                ,승차,44,85,156,194,193,161,213,169,194,190,169,211,199,159,124,137,108,99,77
2026-05-09,112,운천                ,하차,7,46,74,143,112,120,123,132,130,154,124,188,342,315,243,284,201,152,106
2026-05-09,113,상무                ,승차,50,62,134,146,192,228,236,270,319,280,293,281,277,201,176,166,115,84,51
2026-05-09,113,상무                ,하차,30,53,70,189,265,199,259,217,234,261,214,308,346,278,193,174,140,117,70
2026-05-09,114,컨벤션센터          ,승차,12,24,36,52,71,59,65,149,173,170,159,142,164,133,172,136,42,17,5
2026-05-09,114,컨벤션센터          ,하차,12,26,35,112,127,157,150,190,134,128,181,138,109,79,43,41,32,32,14
2026-05-09,115,공항                ,승차,15,18,35,77,100,106,77,67,67,63,59,176,90,48,53,27,16,7,14
2026-05-09,115,공항                ,하차,4,17,32,64,70,63,54,55,113,90,97,73,75,52,49,34,32,19,22
2026-05-09,116,송정공원            ,승차,35,77,157,165,151,157,163,193,149,186,167,187,190,130,77,75,37,25,12
2026-05-09,116,송정공원            ,하차,26,44,69,84,90,80,114,109,113,167,173,166,209,178,153,171,160,99,53
2026-05-09,117,광주송정            ,승차,22,47,173,250,446,325,481,557,367,499,388,489,628,351,285,283,318,144,163
2026-05-09,117,광주송정            ,하차,71,108,270,284,437,533,363,391,488,378,356,389,489,496,394,350,245,148,46
2026-05-09,118,도산                ,승차,28,49,88,114,103,99,113,129,140,112,118,126,127,87,48,70,34,34,7
2026-05-09,118,도산                ,하차,12,19,47,55,59,62,72,73,90,78,115,107,125,133,86,85,103,76,31
2026-05-09,119,평동                ,승차,27,26,66,80,75,80,87,119,105,125,156,144,241,119,95,58,19,24,8
2026-05-09,119,평동                ,하차,28,109,309,145,69,55,58,75,69,78,65,99,101,81,63,75,71,53,25
2026-05-10,100,녹동                ,승차,0,0,10,13,15,12,8,9,4,1,5,7,5,1,2,2,2,0,0
2026-05-10,100,녹동                ,하차,0,0,6,7,3,3,1,3,7,14,7,5,8,5,3,3,1,0,0
2026-05-10,101,소태                ,승차,20,47,50,87,114,113,89,147,129,138,123,104,89,80,66,50,27,10,5
2026-05-10,101,소태                ,하차,3,29,53,49,61,61,49,71,86,93,107,115,132,135,95,104,65,43,41
2026-05-10,102,학동증심사          ,승차,21,41,31,67,89,81,89,102,119,116,102,84,108,61,44,36,25,16,5
2026-05-10,102,학동증심사          ,하차,0,34,41,78,80,106,78,58,99,58,89,115,106,106,68,73,55,31,32
2026-05-10,103,남광주              ,승차,41,65,90,117,133,162,120,129,163,185,151,146,164,139,90,106,68,47,81
2026-05-10,103,남광주              ,하차,7,91,73,78,109,108,120,117,134,134,191,150,195,184,113,131,124,96,73
2026-05-10,104,문화전당            ,승차,6,13,24,86,59,49,74,98,126,177,220,324,354,288,258,275,223,148,61
2026-05-10,104,문화전당            ,하차,8,47,38,95,145,156,229,237,273,288,274,240,248,189,123,98,74,53,80
2026-05-10,105,금남로4가           ,승차,12,26,35,40,51,125,82,116,177,250,335,346,396,357,304,278,175,79,24
2026-05-10,105,금남로4가           ,하차,12,20,50,96,148,172,299,366,442,328,363,270,243,174,114,73,70,48,38
2026-05-10,106,금남로5가           ,승차,11,16,22,31,52,61,40,61,87,93,132,198,127,116,84,79,30,18,10
2026-05-10,106,금남로5가           ,하차,3,17,25,47,110,83,85,104,192,141,104,86,75,100,24,40,31,25,28
2026-05-10,107,양동시장            ,승차,13,31,58,47,80,100,82,103,109,103,147,116,137,86,62,51,31,15,16
2026-05-10,107,양동시장            ,하차,7,28,37,71,77,93,88,84,100,109,127,121,130,93,39,60,30,42,29
2026-05-10,108,돌고개              ,승차,30,35,53,50,69,92,84,86,85,85,56,57,72,75,48,38,24,17,17
2026-05-10,108,돌고개              ,하차,10,18,14,39,31,51,46,57,78,67,87,87,126,87,71,84,72,35,45
2026-05-10,109,농성                ,승차,25,49,56,65,95,143,131,149,181,185,186,138,157,124,97,76,55,38,20
2026-05-10,109,농성                ,하차,15,34,45,81,102,128,123,108,148,143,153,155,158,130,124,97,82,44,49
2026-05-10,110,화정                ,승차,16,37,53,69,81,96,72,106,97,87,83,91,94,76,64,53,28,23,10
2026-05-10,110,화정                ,하차,7,11,25,37,47,47,34,51,61,62,92,77,103,103,99,68,74,35,27
2026-05-10,111,쌍촌                ,승차,17,54,71,87,174,183,87,118,97,127,94,105,111,67,69,55,44,17,39
2026-05-10,111,쌍촌                ,하차,6,16,24,34,28,44,55,49,67,80,92,97,105,120,82,98,70,80,37
2026-05-10,112,운천                ,승차,30,58,85,95,113,127,133,152,177,173,153,135,160,119,85,109,90,68,38
2026-05-10,112,운천                ,하차,9,29,29,55,88,97,80,75,130,128,139,130,245,196,152,170,127,107,82
2026-05-10,113,상무                ,승차,28,62,61,103,129,161,126,175,191,193,175,197,172,155,116,152,104,61,15
2026-05-10,113,상무                ,하차,15,20,43,70,118,144,125,138,179,193,191,221,236,196,151,153,106,72,65
2026-05-10,114,컨벤션센터          ,승차,12,12,22,28,35,40,36,50,74,77,71,58,69,116,159,50,28,14,13
2026-05-10,114,컨벤션센터          ,하차,4,21,18,41,52,70,102,87,53,111,124,54,74,71,33,39,24,16,11
2026-05-10,115,공항                ,승차,9,11,23,51,74,37,55,53,51,63,59,67,76,51,30,20,24,6,6
2026-05-10,115,공항                ,하차,7,17,22,39,28,38,17,28,47,68,50,100,67,34,51,36,18,27,20
2026-05-10,116,송정공원            ,승차,31,33,53,84,91,137,115,143,151,124,141,134,109,80,36,56,29,20,17
2026-05-10,116,송정공원            ,하차,15,34,34,74,51,83,48,55,93,102,135,145,146,155,153,161,110,53,28
2026-05-10,117,광주송정            ,승차,11,35,83,134,238,229,307,397,268,397,309,440,577,277,307,389,381,167,235
2026-05-10,117,광주송정            ,하차,32,67,191,159,223,419,262,191,250,245,285,341,445,455,332,416,217,143,31
2026-05-10,118,도산                ,승차,15,38,51,62,67,92,80,76,126,113,102,65,84,61,43,44,19,16,21
2026-05-10,118,도산                ,하차,9,18,24,24,28,52,77,47,47,66,93,84,113,98,83,68,68,51,21
2026-05-10,119,평동                ,승차,19,20,30,57,55,88,50,85,74,82,97,79,96,76,46,22,20,15,13
2026-05-10,119,평동                ,하차,14,26,60,50,62,53,42,57,69,73,84,100,80,57,90,77,45,30,21
2026-05-11,100,녹동                ,승차,2,5,30,30,11,6,11,14,12,14,13,10,8,24,4,1,1,0,0
2026-05-11,100,녹동                ,하차,0,10,10,20,3,3,2,9,7,4,8,34,18,14,7,5,2,1,0
2026-05-11,101,소태                ,승차,48,101,283,404,191,126,98,141,134,126,115,149,161,136,42,41,35,25,18
2026-05-11,101,소태                ,하차,6,47,99,225,72,74,89,98,110,112,168,175,209,269,133,94,108,76,31
2026-05-11,102,학동증심사          ,승차,39,67,168,252,156,173,144,142,154,115,133,157,244,176,91,48,33,25,17
2026-05-11,102,학동증심사          ,하차,2,39,137,240,153,154,115,135,137,143,134,152,203,226,84,68,70,56,29
2026-05-11,103,남광주              ,승차,53,172,321,411,290,312,284,284,270,330,450,504,707,406,184,121,155,86,47
2026-05-11,103,남광주              ,하차,14,194,357,991,720,464,311,355,391,283,238,256,342,408,177,124,110,82,42
2026-05-11,104,문화전당            ,승차,18,35,75,93,76,94,100,159,149,148,202,238,351,491,193,185,221,162,65
2026-05-11,104,문화전당            ,하차,8,46,150,598,250,175,147,172,249,149,145,153,251,248,138,76,62,27,46
2026-05-11,105,금남로4가           ,승차,21,74,172,262,148,169,170,253,263,315,340,374,432,528,212,163,207,118,43
2026-05-11,105,금남로4가           ,하차,27,54,202,682,388,235,307,279,327,244,237,196,311,313,127,60,58,54,47
2026-05-11,106,금남로5가           ,승차,24,78,146,187,90,110,103,99,129,153,161,218,198,317,117,95,115,16,19
2026-05-11,106,금남로5가           ,하차,19,34,130,549,200,157,146,136,164,105,118,87,151,168,69,40,39,11,12
2026-05-11,107,양동시장            ,승차,24,74,174,264,167,176,150,175,189,175,209,232,202,278,77,39,22,10,16
2026-05-11,107,양동시장            ,하차,19,39,111,364,193,159,195,160,194,216,223,193,200,192,78,54,43,24,31
2026-05-11,108,돌고개              ,승차,41,102,224,370,166,117,115,110,143,110,108,116,129,111,48,43,32,22,13
2026-05-11,108,돌고개              ,하차,16,18,73,165,88,82,104,132,112,132,160,169,234,312,149,89,93,68,34
2026-05-11,109,농성                ,승차,51,109,250,475,203,169,167,176,177,170,203,208,231,265,119,83,55,48,18
2026-05-11,109,농성                ,하차,20,53,129,318,200,138,173,152,162,158,220,235,309,399,140,123,99,63,44
2026-05-11,110,화정                ,승차,35,106,272,446,225,131,126,180,125,126,164,147,161,118,60,47,44,89,10
2026-05-11,110,화정                ,하차,5,29,159,205,101,108,95,94,117,89,138,181,218,304,112,95,101,61,35
2026-05-11,111,쌍촌                ,승차,69,169,383,641,301,172,159,173,148,116,122,201,182,141,94,58,64,23,16
2026-05-11,111,쌍촌                ,하차,10,24,88,231,77,67,84,104,94,113,167,177,324,464,188,130,118,75,49
2026-05-11,112,운천                ,승차,57,162,435,548,261,198,186,210,170,156,187,306,253,308,133,103,150,71,39
2026-05-11,112,운천                ,하차,15,40,145,499,164,130,104,132,153,139,189,236,422,539,235,183,146,115,62
2026-05-11,113,상무                ,승차,65,123,398,529,271,232,265,260,259,260,254,279,320,506,224,175,174,86,35
2026-05-11,113,상무                ,하차,38,68,167,744,355,208,236,224,207,255,304,336,541,631,228,148,160,108,55
2026-05-11,114,컨벤션센터          ,승차,15,32,106,167,85,65,55,52,96,80,79,80,195,159,45,31,51,13,8
2026-05-11,114,컨벤션센터          ,하차,8,24,98,244,105,69,74,148,61,62,88,83,139,141,56,30,25,26,16
2026-05-11,115,공항                ,승차,18,38,168,188,161,75,58,52,64,70,34,71,103,91,35,32,9,2,7
2026-05-11,115,공항                ,하차,8,39,90,127,51,29,57,34,50,56,85,118,118,117,55,44,33,24,25
2026-05-11,116,송정공원            ,승차,46,146,532,517,267,174,223,185,140,176,220,231,253,256,94,57,43,34,15
2026-05-11,116,송정공원            ,하차,21,63,179,324,181,113,127,213,206,146,184,292,463,402,260,135,171,121,46
2026-05-11,117,광주송정            ,승차,26,75,433,516,332,235,295,404,199,278,248,333,454,392,240,174,210,76,74
2026-05-11,117,광주송정            ,하차,95,145,461,427,334,385,262,238,211,275,285,289,354,410,215,153,124,96,33
2026-05-11,118,도산                ,승차,27,80,345,291,173,77,54,94,114,79,79,100,162,166,85,64,46,28,11
2026-05-11,118,도산                ,하차,8,21,78,117,56,74,90,92,62,57,97,138,209,184,112,75,79,93,36
2026-05-11,119,평동                ,승차,13,28,82,118,73,63,58,94,74,66,107,190,620,299,248,132,87,25,18
2026-05-11,119,평동                ,하차,44,258,850,342,93,62,65,59,55,72,63,86,69,99,78,47,46,39,14
2026-05-12,100,녹동                ,승차,0,5,39,20,13,3,6,10,8,8,5,9,20,27,0,1,1,2,0
2026-05-12,100,녹동                ,하차,0,5,14,24,2,1,4,4,3,13,9,14,15,17,5,4,5,2,1
2026-05-12,101,소태                ,승차,41,102,228,356,175,100,103,108,133,121,100,137,172,154,63,40,29,27,6
2026-05-12,101,소태                ,하차,0,39,84,193,71,58,77,85,92,97,129,199,205,283,153,94,91,77,37
2026-05-12,102,학동증심사          ,승차,35,66,130,245,120,112,115,137,115,125,116,178,267,164,77,38,28,26,7
2026-05-12,102,학동증심사          ,하차,2,38,123,212,121,94,89,86,136,114,119,175,179,218,104,79,74,49,31
2026-05-12,103,남광주              ,승차,38,145,286,380,247,245,218,286,265,412,486,533,655,425,167,142,159,76,42
2026-05-12,103,남광주              ,하차,20,169,318,981,639,344,280,315,356,310,239,261,329,388,153,125,117,89,37
2026-05-12,104,문화전당            ,승차,18,32,67,86,83,49,76,116,146,168,198,314,365,495,193,185,168,183,85
2026-05-12,104,문화전당            ,하차,11,46,124,620,279,141,139,177,190,229,151,187,225,243,133,81,59,53,41
2026-05-12,105,금남로4가           ,승차,26,78,166,263,132,121,137,215,227,252,308,414,389,540,200,171,167,115,30
2026-05-12,105,금남로4가           ,하차,28,53,174,642,336,247,247,300,288,257,218,194,333,285,127,87,68,46,28
2026-05-12,106,금남로5가           ,승차,17,76,109,175,89,89,68,103,100,144,178,201,207,360,95,90,129,34,16
2026-05-12,106,금남로5가           ,하차,20,27,113,537,198,116,135,144,153,112,123,90,157,195,56,45,38,27,18
2026-05-12,107,양동시장            ,승차,22,75,154,233,133,133,154,111,178,172,177,182,228,299,74,27,29,22,18
2026-05-12,107,양동시장            ,하차,16,45,114,334,160,139,125,151,221,174,171,193,220,205,87,48,56,36,30
2026-05-12,108,돌고개              ,승차,36,101,214,358,169,93,103,124,145,109,90,109,135,120,58,34,31,21,9
2026-05-12,108,돌고개              ,하차,11,19,61,179,96,56,75,111,101,113,154,189,228,281,127,94,80,74,36
2026-05-12,109,농성                ,승차,42,100,248,446,187,113,145,196,196,165,185,194,228,224,107,84,64,68,25
2026-05-12,109,농성                ,하차,25,58,126,291,148,119,143,148,157,178,171,209,305,410,140,95,105,59,43
2026-05-12,110,화정                ,승차,27,88,260,370,165,120,81,137,146,130,132,135,140,127,78,46,43,88,9
2026-05-12,110,화정                ,하차,7,22,131,192,94,79,72,88,85,90,112,156,208,292,128,96,77,72,46
2026-05-12,111,쌍촌                ,승차,62,161,372,569,265,134,117,189,164,109,125,186,154,127,86,43,80,48,18
2026-05-12,111,쌍촌                ,하차,1,25,77,196,81,51,65,77,80,108,141,216,334,424,192,123,118,73,48
2026-05-12,112,운천                ,승차,35,149,392,582,246,170,130,183,179,145,154,267,215,313,111,94,135,63,37
2026-05-12,112,운천                ,하차,12,46,112,499,141,99,83,118,128,142,178,255,403,566,251,176,119,119,70
2026-05-12,113,상무                ,승차,44,122,384,520,233,196,237,242,239,225,278,264,323,452,221,188,178,98,57
2026-05-12,113,상무                ,하차,36,68,135,660,290,201,194,186,261,259,299,318,510,618,257,158,134,136,63
2026-05-12,114,컨벤션센터          ,승차,16,33,93,145,82,47,43,77,87,82,94,103,124,163,50,51,44,33,7
2026-05-12,114,컨벤션센터          ,하차,13,19,87,231,86,68,78,55,66,81,70,89,131,142,71,36,30,23,11
2026-05-12,115,공항                ,승차,18,38,181,170,119,69,59,49,80,64,45,83,85,73,56,36,17,4,90
2026-05-12,115,공항                ,하차,6,38,78,89,50,43,37,40,61,72,81,81,88,100,56,38,25,22,35
2026-05-12,116,송정공원            ,승차,45,139,506,451,272,138,164,177,144,154,131,254,239,258,123,55,43,38,34
2026-05-12,116,송정공원            ,하차,25,68,166,329,160,104,120,223,192,143,197,267,395,395,233,141,169,102,42
2026-05-12,117,광주송정            ,승차,22,68,319,431,269,203,268,354,225,284,286,314,472,383,266,211,208,77,82
2026-05-12,117,광주송정            ,하차,42,159,367,386,215,265,190,246,206,263,261,328,362,432,180,153,111,153,35
2026-05-12,118,도산                ,승차,38,91,324,286,135,99,71,90,86,75,47,86,150,175,80,44,30,25,12
2026-05-12,118,도산                ,하차,9,36,79,122,77,59,73,61,58,69,89,134,192,197,112,80,68,93,35
2026-05-12,119,평동                ,승차,21,39,112,127,73,44,64,75,76,78,102,210,581,315,298,129,61,19,19
2026-05-12,119,평동                ,하차,38,266,828,318,88,66,65,55,87,70,62,71,72,112,89,43,28,27,17
2026-05-13,100,녹동                ,승차,1,9,33,31,11,7,12,17,11,34,13,15,11,36,3,1,3,0,0
2026-05-13,100,녹동                ,하차,0,7,13,22,5,4,12,14,15,26,11,18,14,23,8,7,6,1,2
2026-05-13,101,소태                ,승차,48,93,262,397,201,140,119,150,125,134,135,154,156,135,55,45,42,20,1
2026-05-13,101,소태                ,하차,4,51,102,213,93,90,113,113,118,117,152,186,212,249,134,101,105,92,33
2026-05-13,102,학동증심사          ,승차,42,65,160,244,175,142,157,166,148,117,173,316,186,138,74,60,41,19,16
2026-05-13,102,학동증심사          ,하차,3,50,131,260,154,106,126,108,132,132,181,167,203,214,118,79,69,71,28
2026-05-13,103,남광주              ,승차,42,174,304,409,255,300,289,289,315,355,446,568,671,391,173,143,172,73,38
2026-05-13,103,남광주              ,하차,16,166,339,1117,636,422,269,278,493,338,254,263,310,433,149,119,131,93,51
2026-05-13,104,문화전당            ,승차,17,38,68,90,75,97,105,153,182,214,312,289,385,504,195,213,214,193,66
2026-05-13,104,문화전당            ,하차,9,39,147,627,269,184,195,223,249,197,173,247,231,307,146,78,55,62,42
2026-05-13,105,금남로4가           ,승차,20,84,174,257,155,147,210,221,263,366,413,384,445,507,219,168,172,146,45
2026-05-13,105,금남로4가           ,하차,26,49,179,700,420,251,309,246,348,250,240,288,295,294,156,97,74,43,37
2026-05-13,106,금남로5가           ,승차,25,78,124,178,107,82,80,93,132,169,225,186,240,333,95,87,85,37,16
2026-05-13,106,금남로5가           ,하차,26,23,135,519,223,129,139,158,196,126,101,137,155,173,73,34,42,26,18
2026-05-13,107,양동시장            ,승차,31,76,155,269,130,176,163,175,173,172,211,191,227,262,80,39,30,23,24
2026-05-13,107,양동시장            ,하차,19,39,117,348,177,185,156,165,185,183,213,205,178,210,77,60,42,34,30
2026-05-13,108,돌고개              ,승차,45,103,222,393,162,107,122,128,127,109,103,109,126,135,33,48,44,20,15
2026-05-13,108,돌고개              ,하차,16,25,60,177,86,85,101,132,112,109,177,214,217,280,126,94,88,68,35
2026-05-13,109,농성                ,승차,49,105,250,524,230,139,168,182,193,159,221,221,239,314,118,86,76,52,30
2026-05-13,109,농성                ,하차,14,56,123,330,154,132,152,164,199,188,230,255,289,389,149,114,100,70,50
2026-05-13,110,화정                ,승차,37,106,279,470,206,134,122,160,155,93,124,186,122,126,69,55,47,59,13
2026-05-13,110,화정                ,하차,6,22,155,219,83,95,89,89,98,108,148,185,235,300,95,75,80,66,39
2026-05-13,111,쌍촌                ,승차,72,170,386,576,258,336,168,186,148,104,226,133,160,143,78,53,62,33,10
2026-05-13,111,쌍촌                ,하차,11,30,87,223,76,81,99,109,110,110,166,238,305,425,175,121,134,109,46
2026-05-13,112,운천                ,승차,38,163,442,613,258,203,173,212,203,170,263,193,247,319,118,112,111,98,45
2026-05-13,112,운천                ,하차,19,44,125,535,172,125,159,164,188,193,205,297,466,610,258,203,143,141,60
2026-05-13,113,상무                ,승차,44,118,421,570,267,256,279,293,296,242,308,268,345,440,215,165,199,137,50
2026-05-13,113,상무                ,하차,46,73,146,751,337,201,230,195,262,266,330,432,519,658,222,142,145,116,62
2026-05-13,114,컨벤션센터          ,승차,15,26,92,187,86,95,88,90,106,87,132,92,152,159,56,45,45,20,7
2026-05-13,114,컨벤션센터          ,하차,7,33,104,279,132,91,70,88,91,73,98,79,132,160,50,45,40,25,13
2026-05-13,115,공항                ,승차,22,40,162,216,177,81,48,76,71,51,37,88,102,86,41,31,17,13,11
2026-05-13,115,공항                ,하차,10,40,75,104,42,42,67,58,49,64,102,104,115,112,69,32,30,29,21
2026-05-13,116,송정공원            ,승차,46,133,559,484,267,157,201,199,203,196,179,269,240,289,94,60,51,26,11
2026-05-13,116,송정공원            ,하차,30,76,170,369,184,150,135,236,197,150,245,371,345,444,183,159,143,126,46
2026-05-13,117,광주송정            ,승차,27,72,340,466,276,255,340,314,273,324,296,378,522,421,255,189,188,97,91
2026-05-13,117,광주송정            ,하차,52,125,405,390,298,370,309,296,266,276,304,353,388,431,208,154,120,130,43
2026-05-13,118,도산                ,승차,31,90,346,281,141,93,76,119,96,72,78,87,175,170,66,53,31,35,39
2026-05-13,118,도산                ,하차,17,25,78,124,57,59,111,78,75,73,86,218,172,223,101,66,86,76,35
2026-05-13,119,평동                ,승차,22,30,110,153,100,68,80,86,78,57,102,209,619,304,270,154,83,26,17
2026-05-13,119,평동                ,하차,45,285,895,334,93,62,79,73,63,77,73,64,81,89,98,40,42,34,14
2026-05-14,100,녹동                ,승차,1,3,37,22,11,14,11,5,7,6,4,10,21,44,6,0,0,0,0
2026-05-14,100,녹동                ,하차,0,10,12,27,3,6,5,6,3,6,8,22,17,28,8,5,3,6,0
2026-05-14,101,소태                ,승차,46,104,285,378,175,147,115,154,124,100,134,142,171,136,68,35,35,20,8
2026-05-14,101,소태                ,하차,2,53,102,236,78,86,104,108,121,111,162,168,180,282,145,97,116,85,45
2026-05-14,102,학동증심사          ,승차,42,62,167,243,139,142,145,128,130,109,137,252,189,183,64,28,47,21,19
2026-05-14,102,학동증심사          ,하차,6,50,119,239,142,112,106,110,127,99,112,157,209,209,78,84,84,49,25
2026-05-14,103,남광주              ,승차,50,170,316,416,249,266,306,281,271,370,440,511,662,433,158,134,160,67,38
2026-05-14,103,남광주              ,하차,18,198,371,957,568,415,292,365,361,255,231,259,291,404,168,148,127,82,47
2026-05-14,104,문화전당            ,승차,19,31,84,100,62,60,81,170,137,185,295,291,370,514,228,213,233,220,93
2026-05-14,104,문화전당            ,하차,8,43,148,722,249,175,199,196,232,163,171,210,243,307,159,98,51,42,59
2026-05-14,105,금남로4가           ,승차,18,89,153,265,143,146,220,243,283,295,313,377,457,571,206,184,210,141,29
2026-05-14,105,금남로4가           ,하차,21,56,190,650,348,319,326,259,331,258,227,262,316,333,135,79,86,66,30
2026-05-14,106,금남로5가           ,승차,21,79,130,179,100,85,101,104,128,127,193,234,210,388,110,91,130,30,10
2026-05-14,106,금남로5가           ,하차,23,29,136,540,197,143,137,145,173,132,140,91,142,229,73,50,46,25,27
2026-05-14,107,양동시장            ,승차,29,76,165,251,171,166,148,132,220,206,181,193,218,297,71,39,20,29,10
2026-05-14,107,양동시장            ,하차,26,44,123,345,196,159,195,194,181,237,197,149,217,190,91,66,65,23,23
2026-05-14,108,돌고개              ,승차,36,119,232,331,183,111,107,102,124,78,110,120,134,122,57,40,34,20,17
2026-05-14,108,돌고개              ,하차,14,24,69,169,100,74,91,111,109,111,153,182,215,292,140,89,96,77,46
2026-05-14,109,농성                ,승차,47,97,258,475,240,189,167,202,189,161,227,206,405,275,131,97,70,84,17
2026-05-14,109,농성                ,하차,22,49,129,313,196,154,159,176,201,146,237,238,287,439,152,136,113,70,38
2026-05-14,110,화정                ,승차,44,104,288,429,187,134,118,166,114,108,161,132,142,137,60,58,44,79,16
2026-05-14,110,화정                ,하차,10,36,157,207,96,96,98,81,92,88,122,169,218,280,116,93,85,68,34
2026-05-14,111,쌍촌                ,승차,62,173,372,557,227,262,159,167,146,118,123,202,126,158,86,71,52,24,17
2026-05-14,111,쌍촌                ,하차,5,29,100,236,75,77,96,91,112,112,133,202,285,402,195,117,130,107,44
2026-05-14,112,운천                ,승차,45,153,424,601,288,215,162,193,174,154,172,327,225,311,143,118,144,82,38
2026-05-14,112,운천                ,하차,25,56,153,549,197,122,143,170,146,176,219,294,505,603,301,199,143,153,80
2026-05-14,113,상무                ,승차,47,133,434,570,263,262,239,274,252,278,263,282,315,515,234,168,191,121,34
2026-05-14,113,상무                ,하차,38,64,153,725,342,214,202,207,241,283,333,393,541,598,201,154,144,132,74
2026-05-14,114,컨벤션센터          ,승차,12,37,102,159,76,48,41,66,81,71,95,99,157,152,53,38,49,25,10
2026-05-14,114,컨벤션센터          ,하차,9,31,89,273,113,72,69,76,69,73,74,73,116,123,63,39,28,35,16
2026-05-14,115,공항                ,승차,21,47,172,202,120,69,60,53,56,61,36,82,113,93,52,29,18,7,4
2026-05-14,115,공항                ,하차,9,46,89,107,50,57,62,48,60,42,89,109,121,101,56,27,25,37,18
2026-05-14,116,송정공원            ,승차,61,151,621,556,252,167,232,197,140,152,184,227,227,266,107,72,41,42,13
2026-05-14,116,송정공원            ,하차,35,73,199,346,164,114,118,205,201,134,220,356,413,408,220,162,180,132,39
2026-05-14,117,광주송정            ,승차,30,63,328,427,248,229,324,332,234,293,282,386,534,442,287,250,255,119,80
2026-05-14,117,광주송정            ,하차,39,159,391,386,283,277,239,259,244,247,311,342,483,501,316,204,147,161,35
2026-05-14,118,도산                ,승차,32,88,351,303,128,92,75,99,90,91,57,89,192,165,73,48,39,43,19
2026-05-14,118,도산                ,하차,8,31,80,118,59,55,71,81,83,56,113,127,199,218,116,78,70,109,38
2026-05-14,119,평동                ,승차,21,41,109,132,74,58,78,89,99,84,123,211,577,291,296,142,89,24,19
2026-05-14,119,평동                ,하차,45,288,886,345,97,51,86,67,82,53,149,63,68,110,82,47,37,32,20
2026-05-15,100,녹동                ,승차,3,7,27,41,16,15,12,6,13,10,3,11,16,33,8,4,1,1,0
2026-05-15,100,녹동                ,하차,0,11,14,27,3,2,4,13,8,6,8,6,25,19,7,2,1,4,2
2026-05-15,101,소태                ,승차,52,112,274,401,203,121,135,150,342,125,128,155,193,191,73,64,44,45,14
2026-05-15,101,소태                ,하차,2,47,105,229,97,101,96,130,185,166,151,211,264,284,170,156,125,96,54
2026-05-15,102,학동증심사          ,승차,35,76,170,270,169,134,144,218,240,180,138,138,189,160,74,53,34,20,10
2026-05-15,102,학동증심사          ,하차,3,36,131,246,132,117,129,104,149,155,135,186,206,206,102,123,86,66,26
2026-05-15,103,남광주              ,승차,34,176,345,425,295,306,259,349,329,299,368,426,585,381,188,156,135,70,46
2026-05-15,103,남광주              ,하차,14,194,319,828,397,309,279,297,331,282,308,302,347,470,191,169,154,138,64
2026-05-15,104,문화전당            ,승차,18,34,76,87,68,99,131,159,217,205,307,280,473,571,312,319,337,297,118
2026-05-15,104,문화전당            ,하차,11,37,170,585,272,174,281,177,322,253,244,255,372,389,224,123,80,69,59
2026-05-15,105,금남로4가           ,승차,27,87,162,270,145,161,180,256,303,322,374,446,517,610,298,279,319,185,47
2026-05-15,105,금남로4가           ,하차,29,60,211,599,379,265,332,343,347,331,294,355,453,386,163,109,84,68,51
2026-05-15,106,금남로5가           ,승차,24,76,138,158,99,106,103,119,145,164,210,368,296,298,108,93,52,21,20
2026-05-15,106,금남로5가           ,하차,19,29,126,541,205,114,130,161,176,116,108,132,159,216,78,62,42,36,36
2026-05-15,107,양동시장            ,승차,23,69,175,262,132,174,171,167,204,175,185,247,288,292,120,59,51,34,29
2026-05-15,107,양동시장            ,하차,18,53,120,315,196,172,165,197,192,217,224,207,205,243,95,72,71,44,32
2026-05-15,108,돌고개              ,승차,47,97,219,331,163,128,112,107,131,134,125,108,149,169,76,42,51,32,13
2026-05-15,108,돌고개              ,하차,17,22,62,170,84,80,132,119,136,128,157,192,222,302,144,101,107,78,52
2026-05-15,109,농성                ,승차,47,106,260,460,211,183,167,211,207,198,223,330,316,307,161,143,76,53,11
2026-05-15,109,농성                ,하차,30,47,136,326,178,144,170,166,180,191,241,261,338,453,160,162,150,117,54
2026-05-15,110,화정                ,승차,38,109,266,416,173,124,130,173,141,125,144,235,192,127,111,70,41,30,12
2026-05-15,110,화정                ,하차,6,30,137,184,99,86,119,111,118,126,138,189,232,297,130,105,93,86,53
2026-05-15,111,쌍촌                ,승차,71,182,376,553,224,272,151,172,143,135,125,218,212,170,119,76,72,35,10
2026-05-15,111,쌍촌                ,하차,7,19,86,224,62,60,83,106,119,145,151,229,328,404,178,113,154,123,62
2026-05-15,112,운천                ,승차,39,156,381,556,238,170,162,204,189,162,186,348,299,345,175,129,158,139,70
2026-05-15,112,운천                ,하차,22,52,139,547,220,134,169,151,184,195,203,330,515,716,379,245,229,194,124
2026-05-15,113,상무                ,승차,47,118,395,504,266,246,244,276,265,252,303,328,401,574,238,216,221,139,56
2026-05-15,113,상무                ,하차,38,80,176,715,327,226,244,251,286,274,306,397,565,690,296,191,159,138,124
2026-05-15,114,컨벤션센터          ,승차,10,33,93,142,69,54,73,83,98,89,168,144,174,186,56,68,71,32,14
2026-05-15,114,컨벤션센터          ,하차,9,24,102,239,117,85,110,87,140,81,90,105,164,175,56,48,44,33,28
2026-05-15,115,공항                ,승차,21,42,156,174,103,106,81,61,73,72,47,148,118,109,37,33,20,12,8
2026-05-15,115,공항                ,하차,6,44,67,98,50,38,57,41,67,58,88,101,108,113,54,29,40,29,29
2026-05-15,116,송정공원            ,승차,47,142,519,459,210,160,196,181,233,123,222,287,281,272,99,55,78,38,17
2026-05-15,116,송정공원            ,하차,34,69,177,345,166,86,119,220,190,200,194,301,353,365,210,171,209,125,60
2026-05-15,117,광주송정            ,승차,25,60,306,370,300,310,392,450,326,427,358,467,813,574,407,395,364,117,243
2026-05-15,117,광주송정            ,하차,44,117,424,413,338,371,319,303,269,292,357,448,628,717,465,321,249,183,73
2026-05-15,118,도산                ,승차,38,101,310,280,117,86,85,100,107,103,93,103,220,189,79,68,50,37,15
2026-05-15,118,도산                ,하차,14,37,78,126,57,64,82,78,83,87,93,141,240,204,121,97,101,103,41
2026-05-15,119,평동                ,승차,15,29,110,150,79,71,74,103,74,73,149,199,653,318,215,127,91,22,20
2026-05-15,119,평동                ,하차,36,294,844,341,88,59,92,57,84,78,59,87,84,81,102,48,49,50,33
2026-05-16,100,녹동                ,승차,0,2,13,14,14,15,7,10,12,8,8,11,8,12,1,3,2,0,0
2026-05-16,100,녹동                ,하차,0,0,10,5,4,5,9,8,1,6,5,13,9,7,5,8,6,2,0
2026-05-16,101,소태                ,승차,46,89,143,147,193,163,170,153,155,151,150,176,146,135,87,63,53,15,9
2026-05-16,101,소태                ,하차,1,50,84,114,73,78,90,105,110,115,130,171,220,221,192,126,170,76,65
2026-05-16,102,학동증심사          ,승차,45,67,76,112,112,145,178,132,175,131,161,117,140,113,64,61,21,24,9
2026-05-16,102,학동증심사          ,하차,5,54,85,139,146,121,100,94,85,134,123,169,164,158,118,126,100,45,45
2026-05-16,103,남광주              ,승차,43,169,260,252,244,243,249,247,246,240,257,250,272,206,190,104,88,68,85
2026-05-16,103,남광주              ,하차,26,267,159,222,184,191,205,161,212,236,293,269,347,355,191,170,158,105,64
2026-05-16,104,문화전당            ,승차,16,19,38,51,83,93,126,191,266,325,443,571,801,775,624,639,698,392,163
2026-05-16,104,문화전당            ,하차,5,41,70,166,224,301,444,457,610,440,398,489,539,503,325,174,105,58,97
2026-05-16,105,금남로4가           ,승차,24,58,67,85,116,130,171,263,291,361,503,726,833,737,511,410,361,201,65
2026-05-16,105,금남로4가           ,하차,18,26,74,173,295,268,496,494,638,489,504,494,453,304,255,148,74,50,39
2026-05-16,106,금남로5가           ,승차,18,41,52,59,92,69,62,121,124,121,151,309,279,150,111,106,53,28,28
2026-05-16,106,금남로5가           ,하차,7,14,43,73,124,103,162,178,140,132,167,156,142,121,56,64,56,31,29
2026-05-16,107,양동시장            ,승차,23,79,70,117,166,149,182,179,183,195,236,214,248,164,96,35,31,32,15
2026-05-16,107,양동시장            ,하차,24,49,89,125,207,167,168,121,224,187,218,213,214,154,101,76,61,40,33
2026-05-16,108,돌고개              ,승차,32,64,92,116,94,142,115,148,131,101,76,120,139,95,59,45,39,26,32
2026-05-16,108,돌고개              ,하차,12,24,40,68,72,74,65,111,100,119,159,150,188,155,143,124,110,63,64
2026-05-16,109,농성                ,승차,42,75,104,154,189,175,180,258,280,255,280,332,222,200,186,133,87,35,23
2026-05-16,109,농성                ,하차,22,36,71,153,174,161,182,178,204,244,671,314,332,312,206,124,139,87,64
2026-05-16,110,화정                ,승차,36,67,98,105,143,148,136,180,148,118,118,114,131,123,102,51,47,27,10
2026-05-16,110,화정                ,하차,11,11,43,95,77,81,100,88,91,101,111,133,187,166,111,112,82,76,83
2026-05-16,111,쌍촌                ,승차,69,83,129,174,167,184,158,175,156,139,114,130,182,130,94,77,44,28,17
2026-05-16,111,쌍촌                ,하차,11,22,42,62,77,51,90,97,115,116,143,158,195,209,134,123,136,96,80
2026-05-16,112,운천                ,승차,49,89,142,187,190,191,208,192,205,172,192,228,166,189,145,136,114,120,85
2026-05-16,112,운천                ,하차,16,33,66,168,149,132,126,140,149,140,143,225,409,396,294,286,291,181,113
2026-05-16,113,상무                ,승차,59,81,134,186,190,246,237,306,299,319,310,291,350,202,168,196,123,107,47
2026-05-16,113,상무                ,하차,31,46,81,219,233,243,222,235,282,239,252,304,405,432,233,241,218,131,95
2026-05-16,114,컨벤션센터          ,승차,17,23,25,48,46,72,75,166,191,162,164,154,224,205,101,41,33,8,16
2026-05-16,114,컨벤션센터          ,하차,14,26,35,100,125,174,197,166,124,140,125,142,119,125,48,57,52,40,24
2026-05-16,115,공항                ,승차,16,30,53,104,79,113,74,84,71,71,77,95,99,81,39,35,24,12,6
2026-05-16,115,공항                ,하차,3,22,29,68,43,33,41,59,82,47,82,65,86,69,59,37,38,28,21
2026-05-16,116,송정공원            ,승차,40,71,187,154,155,222,208,183,205,151,197,154,201,138,89,71,55,33,14
2026-05-16,116,송정공원            ,하차,39,62,84,122,112,99,106,121,134,140,175,216,296,238,190,199,175,122,81
2026-05-16,117,광주송정            ,승차,28,41,178,319,447,423,527,560,943,669,354,448,561,371,306,340,284,143,164
2026-05-16,117,광주송정            ,하차,56,108,282,250,321,557,337,374,496,373,383,471,555,637,385,368,247,155,43
2026-05-16,118,도산                ,승차,38,48,104,114,111,96,141,125,138,125,105,113,121,101,72,46,52,17,19
2026-05-16,118,도산                ,하차,18,30,69,52,41,48,117,86,77,79,83,108,156,125,103,120,117,79,53
2026-05-16,119,평동                ,승차,30,31,77,94,94,102,83,117,113,111,138,140,345,118,78,59,21,21,15
2026-05-16,119,평동                ,하차,26,101,307,129,77,66,60,69,81,99,102,93,99,72,115,95,86,56,19
2026-05-17,100,녹동                ,승차,0,0,4,9,9,14,7,20,8,8,3,15,11,3,8,5,1,0,0
2026-05-17,100,녹동                ,하차,0,0,4,4,2,9,5,6,8,10,6,6,17,3,7,9,11,0,0
2026-05-17,101,소태                ,승차,21,40,56,86,154,127,119,181,131,136,143,138,133,123,93,44,26,20,6
2026-05-17,101,소태                ,하차,3,38,38,65,72,66,66,71,90,116,135,136,179,174,132,164,114,44,39
2026-05-17,102,학동증심사          ,승차,19,37,39,66,90,95,97,118,138,113,109,114,106,82,77,58,28,11,10
2026-05-17,102,학동증심사          ,하차,4,24,33,93,79,95,77,78,77,103,100,114,137,135,113,144,72,31,48
2026-05-17,103,남광주              ,승차,38,60,107,105,134,177,138,200,156,153,188,364,253,144,135,128,80,44,30
2026-05-17,103,남광주              ,하차,4,63,62,116,111,116,139,141,226,211,197,246,231,227,161,181,145,88,69
2026-05-17,104,문화전당            ,승차,9,17,21,84,97,79,88,160,208,286,456,514,686,643,649,758,346,169,60
2026-05-17,104,문화전당            ,하차,12,48,35,97,156,252,354,442,450,494,444,552,521,476,262,164,89,48,58
2026-05-17,105,금남로4가           ,승차,14,31,40,54,81,107,86,162,231,299,390,474,606,607,539,525,321,135,32
2026-05-17,105,금남로4가           ,하차,32,19,45,82,196,237,379,421,590,504,486,417,413,297,186,156,50,53,72
2026-05-17,106,금남로5가           ,승차,10,23,30,35,64,68,49,92,104,99,117,218,129,117,78,108,35,20,14
2026-05-17,106,금남로5가           ,하차,5,12,36,58,106,89,107,124,174,138,96,104,103,110,53,45,25,35,28
2026-05-17,107,양동시장            ,승차,10,35,40,64,62,100,80,126,109,97,130,106,112,131,69,56,24,16,11
2026-05-17,107,양동시장            ,하차,14,46,49,62,70,81,75,61,99,84,104,110,110,109,76,83,41,32,32
2026-05-17,108,돌고개              ,승차,31,32,62,62,87,98,65,105,104,84,77,94,109,87,45,46,25,27,3
2026-05-17,108,돌고개              ,하차,12,17,10,38,34,52,45,56,71,79,98,110,121,122,112,123,74,36,24
2026-05-17,109,농성                ,승차,24,49,36,79,117,142,131,158,207,210,183,186,179,135,139,99,60,33,20
2026-05-17,109,농성                ,하차,17,24,49,66,107,122,138,125,190,167,177,178,186,216,142,159,141,70,55
2026-05-17,110,화정                ,승차,15,32,67,76,109,103,92,110,119,105,95,118,94,107,66,61,40,20,16
2026-05-17,110,화정                ,하차,5,8,17,35,52,66,54,58,91,83,101,113,126,138,108,91,83,41,43
2026-05-17,111,쌍촌                ,승차,34,42,83,76,128,141,95,139,140,148,195,262,120,115,86,41,32,23,5
2026-05-17,111,쌍촌                ,하차,10,23,25,21,41,56,40,63,73,67,122,111,141,148,116,163,94,76,48
2026-05-17,112,운천                ,승차,42,52,85,102,135,151,210,165,218,167,166,173,159,128,140,109,83,73,39
2026-05-17,112,운천                ,하차,15,27,30,117,88,87,57,105,117,113,113,127,196,204,237,246,132,119,68
2026-05-17,113,상무                ,승차,26,44,79,111,139,168,168,185,234,217,230,211,234,157,132,155,103,59,39
2026-05-17,113,상무                ,하차,12,23,36,86,157,146,124,161,184,192,186,199,283,217,176,242,160,89,82
2026-05-17,114,컨벤션센터          ,승차,14,9,22,27,30,45,40,68,91,105,113,97,105,84,43,43,29,14,10
2026-05-17,114,컨벤션센터          ,하차,10,12,30,35,66,66,99,75,60,53,40,64,73,58,70,83,36,17,16
2026-05-17,115,공항                ,승차,14,10,25,39,64,57,53,61,53,70,41,106,75,54,44,26,13,9,60
2026-05-17,115,공항                ,하차,5,12,28,36,41,44,30,39,49,42,54,75,80,72,44,42,26,21,19
2026-05-17,116,송정공원            ,승차,21,47,52,76,106,124,128,138,164,137,144,148,113,93,71,30,34,23,10
2026-05-17,116,송정공원            ,하차,15,35,29,67,53,69,65,69,84,105,128,137,198,185,160,181,110,113,35
2026-05-17,117,광주송정            ,승차,16,30,70,172,254,311,390,417,356,375,292,424,603,354,259,419,368,145,244
2026-05-17,117,광주송정            ,하차,38,40,226,183,219,413,291,227,271,284,285,401,492,553,393,474,236,131,28
2026-05-17,118,도산                ,승차,19,37,60,71,91,83,95,100,101,92,112,67,81,38,40,46,27,12,12
2026-05-17,118,도산                ,하차,12,13,39,23,32,47,54,49,57,59,90,86,108,102,67,98,71,58,21
2026-05-17,119,평동                ,승차,20,24,50,49,52,101,85,84,121,103,124,91,111,82,66,30,20,7,5
2026-05-17,119,평동                ,하차,17,27,70,47,59,46,48,39,78,47,99,120,82,107,138,85,71,31,23
2026-05-18,100,녹동                ,승차,4,3,38,22,13,8,5,7,5,11,17,7,11,26,2,3,0,0,0
2026-05-18,100,녹동                ,하차,1,10,14,18,4,3,3,5,4,8,18,14,15,20,8,11,3,3,1
2026-05-18,101,소태                ,승차,36,95,250,376,207,156,106,145,126,136,128,148,180,121,56,45,28,24,163
2026-05-18,101,소태                ,하차,0,42,107,220,78,91,117,133,120,132,159,162,235,277,124,116,136,78,198
2026-05-18,102,학동증심사          ,승차,45,63,150,272,182,199,131,162,119,137,137,169,295,198,91,70,38,23,6
2026-05-18,102,학동증심사          ,하차,4,53,101,262,147,114,157,141,114,142,177,165,178,218,101,103,71,47,22
2026-05-18,103,남광주              ,승차,55,172,295,430,352,460,319,300,329,388,491,555,779,444,198,126,145,81,103
2026-05-18,103,남광주              ,하차,13,214,348,1053,733,459,384,516,456,348,276,288,340,416,165,163,104,85,66
2026-05-18,104,문화전당            ,승차,20,34,60,93,134,152,359,458,357,297,366,360,462,593,286,276,266,182,98
2026-05-18,104,문화전당            ,하차,8,48,152,625,504,611,387,283,329,269,246,264,365,340,211,111,58,31,63
2026-05-18,105,금남로4가           ,승차,27,90,156,232,175,207,254,381,357,363,339,478,470,609,291,329,243,127,42
2026-05-18,105,금남로4가           ,하차,26,43,204,694,398,405,378,310,333,306,293,255,380,312,162,108,88,46,34
2026-05-18,106,금남로5가           ,승차,37,74,141,178,104,138,106,111,130,174,185,223,193,357,102,64,103,24,54
2026-05-18,106,금남로5가           ,하차,26,25,138,571,147,148,131,171,162,145,106,108,159,219,81,48,48,18,55
2026-05-18,107,양동시장            ,승차,24,90,176,275,163,227,175,178,210,177,207,193,221,289,106,43,40,13,15
2026-05-18,107,양동시장            ,하차,19,40,114,340,192,220,192,201,187,218,211,214,220,232,76,76,48,30,15
2026-05-18,108,돌고개              ,승차,38,122,213,353,191,150,120,120,121,93,110,111,141,111,55,47,21,20,28
2026-05-18,108,돌고개              ,하차,12,22,56,132,92,86,118,126,100,139,150,183,213,265,177,105,94,74,33
2026-05-18,109,농성                ,승차,52,99,244,471,281,229,186,155,197,145,180,161,206,267,109,72,55,45,21
2026-05-18,109,농성                ,하차,19,45,131,282,167,129,180,156,207,166,212,209,313,384,172,115,100,61,51
2026-05-18,110,화정                ,승차,37,115,264,400,236,168,151,117,150,112,148,144,145,118,77,49,36,89,16
2026-05-18,110,화정                ,하차,5,28,156,179,103,93,108,125,111,118,153,201,226,281,134,95,94,66,45
2026-05-18,111,쌍촌                ,승차,64,163,357,540,287,196,142,418,156,135,127,235,166,172,81,74,64,30,23
2026-05-18,111,쌍촌                ,하차,4,23,92,202,102,75,82,103,104,136,153,205,319,417,206,125,134,83,47
2026-05-18,112,운천                ,승차,59,157,406,603,318,199,189,179,196,176,191,282,254,329,152,133,150,79,35
2026-05-18,112,운천                ,하차,9,48,137,482,178,127,114,149,166,150,199,250,409,583,269,217,148,128,73
2026-05-18,113,상무                ,승차,74,126,414,497,297,254,292,285,245,261,330,282,330,473,222,200,198,101,36
2026-05-18,113,상무                ,하차,42,74,146,731,383,241,218,239,294,316,330,385,483,666,210,167,144,164,47
2026-05-18,114,컨벤션센터          ,승차,16,31,112,171,113,60,63,72,77,62,95,93,133,173,40,39,47,14,14
2026-05-18,114,컨벤션센터          ,하차,11,26,80,222,108,74,77,74,93,82,74,77,111,145,85,27,51,23,15
2026-05-18,115,공항                ,승차,22,48,144,187,145,78,65,67,39,57,35,77,74,84,37,38,17,7,21
2026-05-18,115,공항                ,하차,5,40,76,87,39,51,43,44,65,42,79,81,102,112,62,28,42,31,21
2026-05-18,116,송정공원            ,승차,47,121,565,492,265,211,259,181,161,188,219,244,241,284,97,52,40,39,14
2026-05-18,116,송정공원            ,하차,32,82,164,313,216,147,135,235,191,205,211,269,378,424,268,158,175,120,54
2026-05-18,117,광주송정            ,승차,20,75,424,541,413,326,418,386,288,394,325,392,547,413,257,199,221,68,111
2026-05-18,117,광주송정            ,하차,86,163,485,367,327,495,300,336,301,299,354,380,433,441,290,195,155,104,41
2026-05-18,118,도산                ,승차,30,78,304,277,150,100,92,101,100,119,72,96,231,177,66,33,48,37,40
2026-05-18,118,도산                ,하차,12,24,79,108,49,71,92,107,58,71,87,140,229,220,113,83,94,88,40
2026-05-18,119,평동                ,승차,20,38,109,86,82,63,61,109,86,77,114,148,531,325,288,159,95,23,18
2026-05-18,119,평동                ,하차,42,267,855,291,86,80,83,70,77,76,54,69,83,101,86,56,32,31,9
2026-05-19,100,녹동                ,승차,2,5,34,34,11,10,16,10,15,13,4,9,14,20,5,2,0,1,0
2026-05-19,100,녹동                ,하차,0,7,14,32,0,2,7,8,11,11,10,14,24,17,10,4,4,1,0
2026-05-19,101,소태                ,승차,42,108,263,384,177,137,122,127,144,118,112,147,140,170,48,33,30,21,11
2026-05-19,101,소태                ,하차,3,53,117,196,88,92,93,114,118,109,172,207,187,264,127,106,113,66,29
2026-05-19,102,학동증심사          ,승차,45,77,165,242,147,143,123,139,159,104,114,190,257,160,82,43,39,29,9
2026-05-19,102,학동증심사          ,하차,3,56,135,265,147,104,113,111,108,127,123,186,154,205,100,84,72,56,24
2026-05-19,103,남광주              ,승차,53,170,325,437,271,305,305,280,268,387,461,519,683,439,148,125,145,86,51
2026-05-19,103,남광주              ,하차,17,206,382,1089,671,438,314,360,385,305,259,243,300,367,156,121,122,82,49
2026-05-19,104,문화전당            ,승차,20,33,76,104,66,77,92,140,145,161,266,258,339,499,220,187,217,179,63
2026-05-19,104,문화전당            ,하차,8,35,134,640,275,161,173,169,260,156,171,166,248,282,127,94,75,44,22
2026-05-19,105,금남로4가           ,승차,23,103,190,251,154,138,170,224,280,277,321,434,432,492,208,166,196,118,27
2026-05-19,105,금남로4가           ,하차,28,47,211,672,373,285,319,249,306,231,197,225,312,299,131,88,60,44,30
2026-05-19,106,금남로5가           ,승차,24,74,143,185,85,78,81,118,129,129,156,221,192,307,107,106,119,35,8
2026-05-19,106,금남로5가           ,하차,26,29,121,548,215,128,142,134,161,113,105,97,161,176,65,33,46,23,18
2026-05-19,107,양동시장            ,승차,31,93,182,264,152,173,158,150,208,223,192,232,239,272,68,29,29,29,16
2026-05-19,107,양동시장            ,하차,18,44,138,363,199,187,175,154,224,242,224,186,213,185,71,68,51,20,22
2026-05-19,108,돌고개              ,승차,48,114,215,354,183,130,120,120,118,89,121,112,121,127,46,52,31,20,12
2026-05-19,108,돌고개              ,하차,11,23,65,186,116,79,102,116,107,126,154,199,213,288,140,87,82,57,38
2026-05-19,109,농성                ,승차,42,119,284,472,261,172,170,178,164,208,195,210,244,251,94,77,63,73,32
2026-05-19,109,농성                ,하차,19,48,141,315,234,142,144,142,163,170,195,227,306,417,111,108,93,71,32
2026-05-19,110,화정                ,승차,45,108,275,441,210,142,115,146,121,108,138,132,129,132,64,50,53,95,5
2026-05-19,110,화정                ,하차,7,34,144,214,104,99,93,72,83,102,130,164,231,282,114,73,77,60,31
2026-05-19,111,쌍촌                ,승차,78,173,377,593,246,321,135,211,145,114,115,188,167,148,80,60,69,22,11
2026-05-19,111,쌍촌                ,하차,7,23,81,230,85,76,76,86,82,102,142,189,315,422,184,122,135,103,37
2026-05-19,112,운천                ,승차,47,165,435,568,259,189,176,161,167,167,176,294,254,268,122,98,126,69,35
2026-05-19,112,운천                ,하차,18,47,144,498,152,92,91,105,120,157,203,230,410,536,241,179,153,140,61
2026-05-19,113,상무                ,승차,52,145,446,593,296,243,240,233,259,225,296,274,352,452,219,173,201,107,38
2026-05-19,113,상무                ,하차,41,79,156,757,355,224,221,191,250,277,276,353,564,633,230,175,142,143,62
2026-05-19,114,컨벤션센터          ,승차,15,38,100,174,92,59,56,52,77,72,91,111,133,165,59,47,58,14,34
2026-05-19,114,컨벤션센터          ,하차,13,25,86,258,97,64,83,73,63,55,88,83,163,145,59,33,29,37,26
2026-05-19,115,공항                ,승차,26,35,180,222,115,72,81,52,70,114,69,71,77,103,38,21,14,5,47
2026-05-19,115,공항                ,하차,9,54,78,92,63,51,51,47,62,48,89,96,114,113,51,37,34,28,25
2026-05-19,116,송정공원            ,승차,48,148,599,532,256,178,191,159,145,148,176,184,244,262,115,67,47,32,19
2026-05-19,116,송정공원            ,하차,32,78,194,344,178,100,124,210,166,132,213,293,430,395,237,153,165,120,37
2026-05-19,117,광주송정            ,승차,21,68,352,437,297,247,281,360,233,281,284,340,479,406,245,205,198,88,71
2026-05-19,117,광주송정            ,하차,55,148,402,435,272,313,228,228,233,225,260,350,363,445,204,140,115,135,30
2026-05-19,118,도산                ,승차,35,91,339,322,153,81,71,90,96,68,80,93,156,159,64,53,27,22,8
2026-05-19,118,도산                ,하차,13,31,98,119,59,62,77,73,74,82,95,148,189,200,117,68,80,99,24
2026-05-19,119,평동                ,승차,26,40,98,165,89,104,69,83,88,82,103,204,556,262,303,161,89,24,14
2026-05-19,119,평동                ,하차,47,302,933,334,114,62,70,61,80,64,75,77,77,94,86,39,38,40,24
2026-05-20,100,녹동                ,승차,1,7,32,26,11,5,8,9,8,9,8,4,24,14,0,1,0,0,0
2026-05-20,100,녹동                ,하차,0,6,17,19,3,0,2,6,5,6,4,23,12,17,3,1,2,2,0
2026-05-20,101,소태                ,승차,45,89,229,366,176,117,115,133,113,116,84,137,146,103,43,30,25,22,49
2026-05-20,101,소태                ,하차,1,32,79,187,90,90,98,106,93,93,155,179,195,262,109,98,99,73,38
2026-05-20,102,학동증심사          ,승차,34,56,157,235,148,109,124,143,112,114,144,268,153,119,58,40,29,24,13
2026-05-20,102,학동증심사          ,하차,3,39,119,231,108,114,104,84,124,108,139,157,155,196,89,64,64,50,26
2026-05-20,103,남광주              ,승차,48,154,273,386,250,280,270,274,216,306,387,529,646,390,137,136,128,72,47
2026-05-20,103,남광주              ,하차,12,191,345,1068,577,358,242,273,379,252,219,254,272,363,136,122,97,90,29
2026-05-20,104,문화전당            ,승차,10,35,74,87,56,79,98,187,147,157,261,281,372,518,174,193,175,173,50
2026-05-20,104,문화전당            ,하차,6,38,140,597,294,178,181,204,229,173,140,169,204,239,117,47,45,35,28
2026-05-20,105,금남로4가           ,승차,19,87,157,251,124,124,164,205,231,239,301,306,378,495,160,156,150,146,26
2026-05-20,105,금남로4가           ,하차,29,67,170,608,316,241,279,219,277,209,192,262,253,283,108,69,65,47,20
2026-05-20,106,금남로5가           ,승차,20,68,127,173,82,79,98,80,110,125,223,205,220,309,78,86,73,25,22
2026-05-20,106,금남로5가           ,하차,24,24,115,515,179,111,111,142,124,101,78,96,137,178,68,42,36,26,18
2026-05-20,107,양동시장            ,승차,26,71,140,242,116,146,137,157,162,171,152,146,206,283,52,31,32,13,12
2026-05-20,107,양동시장            ,하차,19,49,110,345,158,136,158,162,139,151,159,149,166,185,67,52,46,24,17
2026-05-20,108,돌고개              ,승차,37,104,218,309,132,121,110,127,108,104,113,98,134,136,45,38,33,16,13
2026-05-20,108,돌고개              ,하차,13,24,51,189,111,75,70,107,129,112,145,160,228,249,114,92,72,48,33
2026-05-20,109,농성                ,승차,53,90,225,441,216,138,149,154,151,156,174,178,193,269,98,85,45,36,18
2026-05-20,109,농성                ,하차,13,47,130,295,151,123,139,126,147,145,177,225,236,372,125,97,106,57,42
2026-05-20,110,화정                ,승차,29,81,238,426,159,123,105,127,105,108,94,157,105,139,77,38,40,54,4
2026-05-20,110,화정                ,하차,8,22,156,184,79,102,74,84,100,84,97,147,185,256,109,67,88,65,36
2026-05-20,111,쌍촌                ,승차,61,153,347,557,191,142,105,158,135,106,208,110,212,125,76,53,56,29,19
2026-05-20,111,쌍촌                ,하차,6,26,86,204,83,72,69,82,90,107,149,176,298,405,183,106,99,93,42
2026-05-20,112,운천                ,승차,34,134,389,584,232,187,137,156,137,142,231,170,238,283,109,94,97,84,30
2026-05-20,112,운천                ,하차,11,38,127,451,144,83,108,123,118,123,154,230,370,605,214,150,140,107,58
2026-05-20,113,상무                ,승차,38,108,372,524,254,224,227,240,237,200,263,250,294,417,177,170,155,120,27
2026-05-20,113,상무                ,하차,43,53,145,675,294,197,184,192,213,226,278,386,438,634,203,132,126,109,51
2026-05-20,114,컨벤션센터          ,승차,11,34,97,140,84,64,53,63,73,79,105,99,132,167,46,36,45,16,23
2026-05-20,114,컨벤션센터          ,하차,8,21,71,234,97,88,76,62,73,59,65,85,115,129,47,44,26,34,16
2026-05-20,115,공항                ,승차,18,41,140,241,99,59,35,44,46,65,42,54,85,77,32,29,10,4,28
2026-05-20,115,공항                ,하차,6,45,63,97,41,43,39,36,56,71,90,77,95,101,41,27,20,22,17
2026-05-20,116,송정공원            ,승차,39,147,505,484,235,150,174,175,154,145,187,164,203,226,95,43,48,24,15
2026-05-20,116,송정공원            ,하차,23,63,162,312,152,107,115,197,176,118,251,285,378,406,172,138,119,100,48
2026-05-20,117,광주송정            ,승차,26,57,303,413,244,246,255,256,212,223,258,267,437,347,204,202,187,85,67
2026-05-20,117,광주송정            ,하차,40,133,348,357,226,271,213,236,213,224,249,376,330,413,206,154,104,102,34
2026-05-20,118,도산                ,승차,35,90,302,292,123,76,65,93,94,62,68,88,149,170,55,47,25,14,9
2026-05-20,118,도산                ,하차,10,27,70,115,51,59,72,70,52,63,107,197,177,217,98,74,82,64,27
2026-05-20,119,평동                ,승차,24,32,96,133,107,48,52,76,67,88,127,221,603,266,252,138,73,14,10
2026-05-20,119,평동                ,하차,45,262,850,320,73,50,48,52,102,77,71,72,67,86,79,25,35,36,7
2026-05-21,100,녹동                ,승차,1,5,33,30,11,7,7,10,9,9,9,16,25,20,4,0,0,0,0
2026-05-21,100,녹동                ,하차,0,5,17,23,2,3,3,11,5,11,10,22,16,16,6,7,3,3,1
2026-05-21,101,소태                ,승차,39,87,240,384,174,134,136,148,128,112,134,141,181,121,64,24,37,22,12
2026-05-21,101,소태                ,하차,1,38,101,190,89,65,95,128,92,122,150,187,210,251,143,102,118,96,37
2026-05-21,102,학동증심사          ,승차,38,67,144,213,159,156,137,151,116,134,142,245,245,157,55,42,39,27,9
2026-05-21,102,학동증심사          ,하차,3,35,123,242,94,122,116,100,132,126,129,175,198,192,94,65,72,54,25
2026-05-21,103,남광주              ,승차,44,162,295,410,305,289,326,306,260,343,471,530,638,394,176,122,139,90,55
2026-05-21,103,남광주              ,하차,19,167,342,920,557,427,273,412,333,306,251,257,337,358,150,139,131,93,57
2026-05-21,104,문화전당            ,승차,18,33,70,87,91,103,128,142,172,186,223,253,404,535,201,171,220,171,74
2026-05-21,104,문화전당            ,하차,7,47,141,564,325,181,182,161,225,166,192,258,236,274,121,69,42,38,56
2026-05-21,105,금남로4가           ,승차,18,93,174,242,139,136,170,241,249,283,384,396,459,479,196,173,194,153,33
2026-05-21,105,금남로4가           ,하차,26,45,157,582,329,264,305,279,320,324,225,257,363,306,139,75,84,57,34
2026-05-21,106,금남로5가           ,승차,22,68,118,189,78,71,91,91,122,144,191,235,240,352,140,89,106,34,24
2026-05-21,106,금남로5가           ,하차,25,26,112,510,207,117,125,169,169,104,130,108,177,193,53,47,49,26,31
2026-05-21,107,양동시장            ,승차,19,74,167,224,149,150,183,160,196,245,219,247,230,254,61,41,27,16,13
2026-05-21,107,양동시장            ,하차,13,45,112,366,186,188,171,194,208,216,215,237,187,195,90,47,63,29,19
2026-05-21,108,돌고개              ,승차,37,103,219,341,133,133,123,120,111,124,124,111,118,107,55,26,54,25,5
2026-05-21,108,돌고개              ,하차,16,23,52,157,125,81,99,133,123,117,143,171,202,286,112,85,87,79,37
2026-05-21,109,농성                ,승차,42,99,250,449,209,170,142,194,184,158,191,211,238,261,116,102,75,95,16
2026-05-21,109,농성                ,하차,17,47,136,294,170,152,143,160,174,158,192,216,345,395,153,95,98,72,44
2026-05-21,110,화정                ,승차,37,99,258,421,195,150,119,152,138,138,117,144,126,120,58,52,40,93,19
2026-05-21,110,화정                ,하차,6,27,147,200,104,82,78,90,89,112,136,174,256,266,113,74,96,77,38
2026-05-21,111,쌍촌                ,승차,61,153,343,565,231,174,154,179,175,140,130,200,148,149,78,50,68,38,12
2026-05-21,111,쌍촌                ,하차,9,17,82,216,94,69,92,89,142,116,161,218,299,386,184,123,145,87,51
2026-05-21,112,운천                ,승차,40,140,398,546,282,179,145,189,193,161,155,304,234,273,125,93,149,112,37
2026-05-21,112,운천                ,하차,16,46,119,484,149,110,120,138,136,156,176,271,400,573,256,191,170,119,64
2026-05-21,113,상무                ,승차,39,111,365,531,293,314,228,266,249,252,318,308,335,521,201,179,170,113,40
2026-05-21,113,상무                ,하차,40,73,157,743,337,215,250,215,259,283,313,401,527,594,212,133,149,136,69
2026-05-21,114,컨벤션센터          ,승차,20,32,102,136,98,63,72,85,107,108,120,164,219,181,45,32,49,18,24
2026-05-21,114,컨벤션센터          ,하차,11,20,80,274,145,98,115,110,165,102,108,89,130,115,56,39,34,34,15
2026-05-21,115,공항                ,승차,26,37,142,193,122,76,61,67,68,69,36,112,76,86,33,34,14,2,35
2026-05-21,115,공항                ,하차,7,41,76,79,51,49,39,43,44,62,102,120,113,119,38,32,29,24,21
2026-05-21,116,송정공원            ,승차,51,144,528,493,245,143,186,191,152,148,219,197,242,259,101,53,50,32,17
2026-05-21,116,송정공원            ,하차,24,69,152,321,176,123,101,198,154,144,187,329,362,439,196,153,136,118,59
2026-05-21,117,광주송정            ,승차,25,71,299,418,282,228,321,360,251,315,298,399,480,387,238,302,243,95,94
2026-05-21,117,광주송정            ,하차,40,128,395,368,267,333,232,238,254,285,298,351,415,511,264,211,105,164,30
2026-05-21,118,도산                ,승차,28,84,304,297,131,94,71,127,101,91,70,87,132,157,61,50,36,17,11
2026-05-21,118,도산                ,하차,9,25,75,120,60,52,64,85,65,92,101,113,209,220,96,58,80,118,33
2026-05-21,119,평동                ,승차,20,27,98,142,89,64,70,83,88,75,125,191,590,264,281,146,74,26,12
2026-05-21,119,평동                ,하차,40,269,833,356,98,69,89,45,53,49,70,51,77,96,80,37,38,33,10
2026-05-22,100,녹동                ,승차,2,7,34,31,14,10,12,13,10,12,7,16,21,33,7,0,2,0,0
2026-05-22,100,녹동                ,하차,0,11,19,24,3,5,5,5,9,6,10,16,11,22,7,1,2,4,3
2026-05-22,101,소태                ,승차,35,100,261,376,205,168,134,152,165,124,171,154,189,208,75,60,36,23,16
2026-05-22,101,소태                ,하차,0,44,103,188,86,100,108,131,133,138,166,206,241,263,128,109,116,113,59
2026-05-22,102,학동증심사          ,승차,41,63,173,243,174,147,146,210,149,134,173,228,214,172,86,41,47,20,20
2026-05-22,102,학동증심사          ,하차,3,54,133,258,140,125,141,110,109,136,164,177,211,200,95,87,75,64,43
2026-05-22,103,남광주              ,승차,45,189,334,388,285,359,310,367,297,354,364,390,560,303,189,131,127,101,63
2026-05-22,103,남광주              ,하차,11,201,318,766,408,299,269,318,313,302,271,287,353,456,174,166,154,128,105
2026-05-22,104,문화전당            ,승차,14,27,76,87,81,114,133,170,192,193,275,295,416,544,218,265,259,226,90
2026-05-22,104,문화전당            ,하차,5,50,133,590,283,194,251,218,302,187,255,281,318,437,242,111,69,60,70
2026-05-22,105,금남로4가           ,승차,27,94,164,249,199,184,187,270,263,351,403,457,525,550,266,202,245,175,52
2026-05-22,105,금남로4가           ,하차,28,67,156,578,362,320,352,308,366,339,314,316,430,353,179,121,87,44,52
2026-05-22,106,금남로5가           ,승차,22,68,119,174,117,120,95,113,136,158,208,236,294,333,116,105,109,48,26
2026-05-22,106,금남로5가           ,하차,20,32,112,515,221,149,178,169,173,161,138,107,186,220,85,55,60,46,34
2026-05-22,107,양동시장            ,승차,33,76,153,251,146,192,201,218,222,194,270,253,263,308,99,48,47,27,12
2026-05-22,107,양동시장            ,하차,23,47,116,353,217,179,199,217,237,249,247,217,232,220,87,61,47,44,49
2026-05-22,108,돌고개              ,승차,46,108,227,352,163,106,135,115,134,138,113,134,134,153,80,57,50,47,21
2026-05-22,108,돌고개              ,하차,10,27,64,168,77,96,90,122,122,138,154,181,218,289,117,105,97,93,57
2026-05-22,109,농성                ,승차,53,112,221,416,224,175,176,195,213,227,246,266,268,316,151,117,100,118,39
2026-05-22,109,농성                ,하차,20,53,109,296,172,132,185,174,191,200,265,297,376,515,184,135,126,88,61
2026-05-22,110,화정                ,승차,23,113,236,385,199,158,140,138,159,146,162,160,157,149,81,66,47,103,18
2026-05-22,110,화정                ,하차,10,37,152,211,99,105,125,106,109,116,169,179,275,350,123,95,100,79,64
2026-05-22,111,쌍촌                ,승차,73,162,339,542,242,172,146,166,168,131,133,231,186,211,105,66,84,46,15
2026-05-22,111,쌍촌                ,하차,2,14,92,228,97,73,82,100,110,119,162,218,271,412,182,116,139,90,74
2026-05-22,112,운천                ,승차,42,161,404,556,234,182,174,217,200,170,196,295,320,319,154,134,169,110,59
2026-05-22,112,운천                ,하차,11,36,153,490,166,155,124,133,166,128,211,291,456,642,358,226,211,170,97
2026-05-22,113,상무                ,승차,47,108,401,499,249,283,297,287,242,299,336,352,447,563,241,201,210,119,63
2026-05-22,113,상무                ,하차,46,66,157,710,388,219,266,233,295,325,378,409,556,606,285,181,190,179,81
2026-05-22,114,컨벤션센터          ,승차,14,29,93,136,86,67,79,102,138,139,221,250,270,247,67,51,59,17,16
2026-05-22,114,컨벤션센터          ,하차,11,39,96,268,138,148,154,192,173,191,124,124,127,169,53,39,38,42,21
2026-05-22,115,공항                ,승차,23,45,162,194,116,83,87,56,69,84,72,90,117,130,36,53,13,13,7
2026-05-22,115,공항                ,하차,7,40,77,76,46,53,40,52,58,55,65,102,103,112,44,36,27,35,29
2026-05-22,116,송정공원            ,승차,51,142,502,449,247,169,173,176,164,166,246,230,257,298,120,63,58,35,18
2026-05-22,116,송정공원            ,하차,27,75,159,332,146,113,118,205,170,134,210,317,375,355,201,173,145,134,49
2026-05-22,117,광주송정            ,승차,23,74,301,413,367,300,420,460,328,491,313,422,1033,648,359,431,392,157,191
2026-05-22,117,광주송정            ,하차,51,120,409,382,324,530,319,376,289,338,349,465,615,807,453,374,235,246,57
2026-05-22,118,도산                ,승차,33,77,305,283,129,104,62,107,130,111,89,115,196,194,65,44,47,49,16
2026-05-22,118,도산                ,하차,8,35,91,131,36,59,97,80,66,97,104,147,210,220,115,94,89,129,53
2026-05-22,119,평동                ,승차,14,37,106,145,73,72,69,97,79,100,146,223,597,257,299,130,54,21,8
2026-05-22,119,평동                ,하차,41,282,873,308,87,54,67,59,70,93,60,93,71,114,92,60,35,48,12
2026-05-23,100,녹동                ,승차,0,4,17,14,9,13,8,6,12,6,5,14,10,4,4,1,2,0,0
2026-05-23,100,녹동                ,하차,0,0,8,5,8,5,4,5,3,4,8,7,13,3,4,2,6,3,0
2026-05-23,101,소태                ,승차,42,79,111,144,184,174,206,189,140,125,151,138,155,110,71,52,30,18,11
2026-05-23,101,소태                ,하차,0,48,92,112,123,95,99,87,106,124,124,161,186,182,123,127,105,70,55
2026-05-23,102,학동증심사          ,승차,39,69,82,99,132,149,144,178,160,119,122,108,106,83,41,35,37,19,9
2026-05-23,102,학동증심사          ,하차,1,44,106,145,119,97,96,91,110,87,119,135,147,129,104,84,69,28,32
2026-05-23,103,남광주              ,승차,40,198,292,265,262,234,229,261,239,208,195,197,229,173,127,86,77,52,43
2026-05-23,103,남광주              ,하차,33,224,189,206,165,200,165,178,187,230,200,209,246,269,140,120,115,89,88
2026-05-23,104,문화전당            ,승차,15,27,48,65,85,125,107,163,234,278,325,448,518,488,389,411,332,267,106
2026-05-23,104,문화전당            ,하차,6,27,65,165,216,289,459,404,519,418,405,380,375,393,211,152,110,48,74
2026-05-23,105,금남로4가           ,승차,23,58,64,94,149,153,189,252,338,364,368,453,554,534,368,294,208,157,71
2026-05-23,105,금남로4가           ,하차,15,30,60,163,273,318,424,401,550,452,376,360,305,230,164,119,83,50,47
2026-05-23,106,금남로5가           ,승차,22,38,50,53,73,90,90,97,104,133,152,168,140,101,81,117,35,23,12
2026-05-23,106,금남로5가           ,하차,10,23,37,83,110,106,129,152,176,142,91,123,119,87,42,54,50,35,39
2026-05-23,107,양동시장            ,승차,31,64,69,117,133,178,199,194,182,204,208,215,190,121,89,58,42,22,7
2026-05-23,107,양동시장            ,하차,20,51,80,135,160,199,148,187,231,191,236,189,152,139,71,57,57,33,26
2026-05-23,108,돌고개              ,승차,39,64,95,119,130,139,138,163,159,104,84,91,84,68,68,40,26,27,14
2026-05-23,108,돌고개              ,하차,14,26,39,89,71,70,69,97,128,111,124,149,136,125,97,81,77,62,44
2026-05-23,109,농성                ,승차,43,66,117,182,193,204,228,237,273,235,239,231,217,168,116,172,148,50,26
2026-05-23,109,농성                ,하차,28,37,80,168,163,185,215,193,222,244,269,256,286,230,143,89,114,92,56
2026-05-23,110,화정                ,승차,42,65,106,119,171,135,150,195,168,163,101,102,126,100,63,62,48,31,9
2026-05-23,110,화정                ,하차,10,19,51,101,78,98,92,111,100,94,120,155,148,112,87,93,79,59,60
2026-05-23,111,쌍촌                ,승차,62,86,114,174,189,179,175,171,181,130,160,117,158,108,93,65,38,37,11
2026-05-23,111,쌍촌                ,하차,9,15,49,70,61,67,99,103,107,103,129,150,173,153,117,117,127,76,66
2026-05-23,112,운천                ,승차,42,85,153,209,200,208,238,237,254,208,211,207,209,157,122,133,109,139,65
2026-05-23,112,운천                ,하차,13,37,62,156,171,123,137,137,166,147,173,268,377,344,254,272,263,134,121
2026-05-23,113,상무                ,승차,52,65,134,194,250,264,233,314,346,298,316,296,274,215,146,156,140,111,54
2026-05-23,113,상무                ,하차,35,51,76,226,251,215,268,253,300,249,261,269,355,328,247,202,187,125,87
2026-05-23,114,컨벤션센터          ,승차,13,26,31,58,62,86,103,159,192,270,308,279,341,250,98,53,39,13,28
2026-05-23,114,컨벤션센터          ,하차,7,32,41,116,155,228,332,283,342,287,200,161,100,92,49,39,43,21,19
2026-05-23,115,공항                ,승차,16,19,45,106,100,70,70,65,48,77,49,96,54,61,30,25,10,8,7
2026-05-23,115,공항                ,하차,5,21,53,51,49,45,38,61,64,43,71,94,58,58,24,32,21,33,28
2026-05-23,116,송정공원            ,승차,32,69,184,200,186,170,210,244,162,206,160,181,168,116,70,67,51,24,22
2026-05-23,116,송정공원            ,하차,32,45,70,125,129,115,126,118,132,165,166,200,215,220,160,141,113,92,57
2026-05-23,117,광주송정            ,승차,19,60,230,268,407,499,540,534,523,488,473,438,607,361,274,402,356,177,187
2026-05-23,117,광주송정            ,하차,64,85,341,259,369,567,417,455,444,485,438,541,503,534,393,331,248,175,44
2026-05-23,118,도산                ,승차,35,54,97,121,100,91,117,119,116,134,102,113,115,71,70,41,42,33,14
2026-05-23,118,도산                ,하차,13,19,41,45,44,63,68,89,70,82,100,132,145,99,95,58,83,72,60
2026-05-23,119,평동                ,승차,28,32,80,84,101,108,104,122,138,97,145,142,270,116,94,55,24,35,22
2026-05-23,119,평동                ,하차,27,94,302,152,85,68,78,70,76,94,79,98,96,105,71,64,66,41,51
2026-05-24,100,녹동                ,승차,0,2,6,15,8,21,17,6,8,7,4,11,6,4,4,1,0,0,0
2026-05-24,100,녹동                ,하차,0,0,5,2,4,7,1,7,9,10,11,6,11,10,5,3,1,1,0
2026-05-24,101,소태                ,승차,19,43,55,70,132,126,90,132,134,125,142,107,98,85,79,49,40,18,18
2026-05-24,101,소태                ,하차,1,33,50,63,73,82,82,79,89,89,81,125,109,128,99,122,76,65,53
2026-05-24,102,학동증심사          ,승차,29,39,53,72,85,111,91,98,131,152,103,86,104,70,55,36,23,11,16
2026-05-24,102,학동증심사          ,하차,1,47,54,90,141,129,81,56,79,62,87,119,124,106,55,58,66,40,38
2026-05-24,103,남광주              ,승차,42,81,103,126,151,161,132,172,187,178,162,177,170,121,106,88,57,32,33
2026-05-24,103,남광주              ,하차,6,82,86,122,130,123,97,133,173,172,155,178,189,214,118,119,89,91,56
2026-05-24,104,문화전당            ,승차,6,21,28,83,54,139,88,125,184,216,308,383,446,403,352,333,286,253,98
2026-05-24,104,문화전당            ,하차,7,50,37,86,160,191,302,332,412,394,346,295,363,246,176,140,113,56,51
2026-05-24,105,금남로4가           ,승차,16,28,44,51,85,97,145,182,157,247,296,394,421,338,336,292,209,125,36
2026-05-24,105,금남로4가           ,하차,21,28,47,126,199,223,301,340,428,391,395,271,261,233,138,122,41,38,41
2026-05-24,106,금남로5가           ,승차,9,22,30,29,65,66,55,85,72,84,118,191,156,124,85,73,39,20,21
2026-05-24,106,금남로5가           ,하차,9,18,25,46,138,100,135,139,163,127,88,91,108,81,26,48,31,32,33
2026-05-24,107,양동시장            ,승차,16,36,39,54,85,108,107,114,124,126,157,142,107,125,55,37,30,17,8
2026-05-24,107,양동시장            ,하차,11,25,33,58,99,119,119,123,141,113,103,143,117,71,45,60,49,24,29
2026-05-24,108,돌고개              ,승차,24,26,52,60,130,136,60,110,101,92,79,89,88,67,46,55,33,26,10
2026-05-24,108,돌고개              ,하차,8,17,20,53,38,60,52,77,104,95,88,109,109,93,81,68,66,40,41
2026-05-24,109,농성                ,승차,25,33,67,98,125,217,135,135,174,184,155,154,252,170,123,141,65,32,32
2026-05-24,109,농성                ,하차,20,25,33,72,96,168,146,190,173,154,172,164,198,134,79,118,77,53,69
2026-05-24,110,화정                ,승차,14,32,69,95,104,111,90,96,104,77,83,87,113,66,62,55,43,23,10
2026-05-24,110,화정                ,하차,13,21,27,33,55,53,53,83,117,72,91,93,115,96,63,65,55,49,45
2026-05-24,111,쌍촌                ,승차,34,43,57,101,123,133,117,134,112,97,95,98,96,84,62,49,39,26,10
2026-05-24,111,쌍촌                ,하차,3,20,24,27,43,47,45,82,97,86,76,77,139,104,89,111,77,79,56
2026-05-24,112,운천                ,승차,33,62,82,96,143,145,166,293,268,179,139,169,165,124,104,131,84,105,63
2026-05-24,112,운천                ,하차,14,11,44,86,127,194,175,105,108,136,154,154,266,245,221,194,165,117,84
2026-05-24,113,상무                ,승차,26,49,81,102,166,156,163,212,231,178,184,209,234,167,140,169,111,80,42
2026-05-24,113,상무                ,하차,13,33,50,82,121,150,125,105,181,173,222,202,241,260,198,158,148,108,64
2026-05-24,114,컨벤션센터          ,승차,9,13,16,30,30,41,72,129,165,176,208,210,159,69,54,43,39,12,12
2026-05-24,114,컨벤션센터          ,하차,8,18,17,49,117,180,170,171,184,167,102,68,66,60,21,28,33,17,10
2026-05-24,115,공항                ,승차,13,9,29,30,66,59,61,61,57,49,35,52,66,52,28,18,14,11,3
2026-05-24,115,공항                ,하차,5,10,24,44,33,27,31,29,45,47,51,47,58,41,53,20,28,23,20
2026-05-24,116,송정공원            ,승차,32,32,67,107,124,130,137,159,152,154,123,141,116,91,79,53,26,16,18
2026-05-24,116,송정공원            ,하차,14,42,48,90,67,89,71,93,92,117,110,153,181,112,99,139,89,73,55
2026-05-24,117,광주송정            ,승차,19,28,90,211,410,332,478,462,376,381,274,294,555,374,247,364,299,153,146
2026-05-24,117,광주송정            ,하차,40,60,243,144,259,394,327,258,245,282,280,359,537,533,444,444,269,141,43
2026-05-24,118,도산                ,승차,19,46,63,85,114,110,106,115,116,91,82,74,79,67,40,37,54,18,12
2026-05-24,118,도산                ,하차,9,11,21,29,33,50,57,50,78,76,86,124,121,108,92,55,101,45,30
2026-05-24,119,평동                ,승차,24,19,56,60,70,94,67,65,80,82,117,97,87,77,59,46,29,9,13
2026-05-24,119,평동                ,하차,11,17,70,53,59,37,43,65,75,74,72,101,103,88,72,83,74,53,31
2026-05-25,100,녹동                ,승차,0,0,7,11,6,12,9,11,5,12,10,4,11,3,0,0,0,0,0
2026-05-25,100,녹동                ,하차,0,0,6,5,4,1,5,1,6,9,10,5,16,8,3,4,3,1,0
2026-05-25,101,소태                ,승차,30,60,79,91,139,135,117,147,131,159,125,104,116,104,52,46,26,18,6
2026-05-25,101,소태                ,하차,2,50,54,53,48,63,70,80,97,128,147,141,165,131,98,105,83,51,29
2026-05-25,102,학동증심사          ,승차,27,39,49,75,105,87,111,155,128,109,119,89,120,65,56,28,21,19,7
2026-05-25,102,학동증심사          ,하차,3,23,51,93,114,102,85,62,84,106,117,116,123,112,74,59,62,32,35
2026-05-25,103,남광주              ,승차,50,108,134,141,166,153,150,153,211,185,192,171,165,147,87,105,78,43,37
2026-05-25,103,남광주              ,하차,10,96,100,102,121,132,164,158,199,182,219,183,211,226,113,113,132,94,90
2026-05-25,104,문화전당            ,승차,19,17,18,33,58,57,101,102,178,229,306,358,404,313,298,289,227,168,70
2026-05-25,104,문화전당            ,하차,3,17,34,86,128,185,362,367,327,310,285,236,218,160,107,76,76,50,93
2026-05-25,105,금남로4가           ,승차,21,33,51,53,85,107,113,163,187,268,396,428,412,389,285,227,186,130,37
2026-05-25,105,금남로4가           ,하차,12,14,47,86,167,242,365,429,439,423,395,229,234,180,119,74,82,43,65
2026-05-25,106,금남로5가           ,승차,18,26,40,34,55,56,56,57,84,85,136,126,110,89,46,82,25,15,12
2026-05-25,106,금남로5가           ,하차,7,24,25,34,103,62,105,135,124,98,109,73,84,79,25,50,43,27,35
2026-05-25,107,양동시장            ,승차,22,45,73,91,117,147,149,137,163,166,203,148,154,93,37,50,34,12,10
2026-05-25,107,양동시장            ,하차,17,47,70,79,141,149,153,155,162,178,177,160,109,95,47,59,44,25,30
2026-05-25,108,돌고개              ,승차,25,42,49,82,110,89,136,90,100,128,108,88,89,49,47,42,28,16,3
2026-05-25,108,돌고개              ,하차,12,21,25,40,56,42,56,85,99,73,104,133,152,157,91,71,51,53,38
2026-05-25,109,농성                ,승차,29,54,68,101,116,130,187,165,163,175,175,138,154,154,111,109,64,48,20
2026-05-25,109,농성                ,하차,22,37,40,100,116,99,152,97,126,142,197,159,160,175,104,88,100,55,65
2026-05-25,110,화정                ,승차,24,40,69,82,96,112,96,102,124,75,97,87,100,111,46,43,32,16,7
2026-05-25,110,화정                ,하차,7,21,30,62,50,49,46,51,50,102,108,114,114,106,62,63,79,41,33
2026-05-25,111,쌍촌                ,승차,40,76,99,109,152,118,127,156,145,103,110,114,104,88,78,37,37,16,9
2026-05-25,111,쌍촌                ,하차,10,20,24,41,46,54,56,47,78,77,126,100,169,133,88,89,75,87,38
2026-05-25,112,운천                ,승차,44,84,93,113,158,133,152,153,140,149,141,144,153,142,107,87,98,61,52
2026-05-25,112,운천                ,하차,10,23,45,78,82,84,107,97,99,112,134,169,222,213,176,136,137,115,70
2026-05-25,113,상무                ,승차,41,55,99,109,147,147,193,195,214,189,216,186,182,164,123,133,102,63,44
2026-05-25,113,상무                ,하차,24,36,56,106,139,123,134,156,172,216,258,214,239,238,156,149,131,92,83
2026-05-25,114,컨벤션센터          ,승차,11,15,16,42,38,41,40,68,37,76,73,52,71,53,41,28,29,7,12
2026-05-25,114,컨벤션센터          ,하차,7,16,21,58,53,50,72,51,57,41,66,48,75,58,25,30,31,15,20
2026-05-25,115,공항                ,승차,15,19,27,34,84,58,58,55,54,86,55,76,58,69,26,30,9,5,6
2026-05-25,115,공항                ,하차,8,18,27,44,38,25,33,31,53,62,68,63,93,54,43,33,15,10,19
2026-05-25,116,송정공원            ,승차,29,51,120,113,102,114,175,126,149,146,171,138,135,72,75,39,39,19,23
2026-05-25,116,송정공원            ,하차,25,40,36,94,82,74,66,91,140,130,127,164,181,198,137,170,94,76,41
2026-05-25,117,광주송정            ,승차,17,40,75,128,241,300,358,409,323,398,484,347,573,315,300,402,417,133,273
2026-05-25,117,광주송정            ,하차,52,91,183,118,257,409,264,235,286,254,349,508,377,417,401,385,221,156,38
2026-05-25,118,도산                ,승차,27,36,60,66,68,104,116,135,124,92,70,61,92,57,56,48,30,18,17
2026-05-25,118,도산                ,하차,11,17,44,32,37,39,65,55,46,55,92,107,122,109,60,51,73,46,28
2026-05-25,119,평동                ,승차,12,17,26,35,43,46,64,60,71,150,105,105,255,71,60,68,26,15,5
2026-05-25,119,평동                ,하차,26,102,269,97,50,58,60,45,52,71,78,70,72,70,71,38,61,25,26
2026-05-26,100,녹동                ,승차,1,9,23,32,10,8,15,9,11,12,7,9,19,24,0,0,1,0,0
2026-05-26,100,녹동                ,하차,0,11,13,25,2,2,10,5,9,8,13,17,7,12,12,4,3,3,1
2026-05-26,101,소태                ,승차,42,94,259,415,188,164,119,145,143,112,116,621,151,135,49,28,32,24,13
2026-05-26,101,소태                ,하차,0,50,96,212,81,103,97,113,118,117,142,181,243,254,126,96,82,80,38
2026-05-26,102,학동증심사          ,승차,32,67,152,251,179,146,120,142,140,120,118,181,262,221,53,38,33,25,6
2026-05-26,102,학동증심사          ,하차,1,43,120,250,140,127,124,114,135,130,155,147,188,207,93,70,58,43,17
2026-05-26,103,남광주              ,승차,50,172,305,404,320,293,256,268,267,366,455,520,688,377,134,122,151,62,47
2026-05-26,103,남광주              ,하차,11,205,354,1025,725,420,330,362,384,294,248,240,281,388,137,113,94,69,39
2026-05-26,104,문화전당            ,승차,16,36,79,86,61,77,112,154,156,159,203,231,319,490,164,178,181,153,57
2026-05-26,104,문화전당            ,하차,7,44,136,564,263,151,168,148,203,153,149,143,222,224,127,69,41,35,29
2026-05-26,105,금남로4가           ,승차,24,76,149,268,177,180,181,258,264,310,322,427,411,475,222,150,149,93,31
2026-05-26,105,금남로4가           ,하차,29,50,204,693,369,318,296,297,297,254,242,256,295,286,107,68,58,46,22
2026-05-26,106,금남로5가           ,승차,20,77,142,177,103,104,133,90,135,146,166,221,217,305,104,90,95,39,11
2026-05-26,106,금남로5가           ,하차,23,29,146,558,199,151,129,149,173,109,108,94,153,154,51,26,32,22,15
2026-05-26,107,양동시장            ,승차,32,66,154,257,160,152,166,180,207,179,197,187,205,261,73,38,20,14,21
2026-05-26,107,양동시장            ,하차,19,38,101,380,194,172,187,207,183,197,200,164,199,175,73,47,42,19,26
2026-05-26,108,돌고개              ,승차,37,113,208,357,187,132,128,112,101,157,110,105,111,105,55,50,30,22,10
2026-05-26,108,돌고개              ,하차,13,26,66,185,117,84,123,125,141,130,129,184,239,285,121,78,88,76,33
2026-05-26,109,농성                ,승차,47,121,255,440,229,185,160,184,191,220,207,283,225,250,84,73,44,35,26
2026-05-26,109,농성                ,하차,12,53,134,303,175,153,165,155,207,252,193,177,267,361,119,102,80,75,44
2026-05-26,110,화정                ,승차,40,96,270,435,213,145,126,158,139,109,116,165,134,130,48,46,41,73,12
2026-05-26,110,화정                ,하차,7,27,158,213,97,108,86,96,87,127,117,148,200,253,118,67,94,65,22
2026-05-26,111,쌍촌                ,승차,67,160,363,591,255,149,133,191,141,127,111,231,145,141,54,37,60,28,8
2026-05-26,111,쌍촌                ,하차,5,20,87,216,98,85,92,85,95,102,165,172,328,397,163,103,114,62,34
2026-05-26,112,운천                ,승차,42,149,427,543,284,199,187,180,158,163,158,280,222,308,115,90,129,56,25
2026-05-26,112,운천                ,하차,14,41,152,474,179,110,124,106,155,116,175,281,407,503,228,142,149,87,60
2026-05-26,113,상무                ,승차,65,122,403,565,286,232,270,254,248,229,257,281,327,454,208,135,161,99,38
2026-05-26,113,상무                ,하차,39,57,184,745,341,225,240,190,223,257,291,345,493,564,198,116,135,115,53
2026-05-26,114,컨벤션센터          ,승차,11,40,103,172,96,74,55,111,85,81,82,89,121,134,41,35,32,12,16
2026-05-26,114,컨벤션센터          ,하차,8,20,90,253,149,88,83,82,77,81,95,81,125,126,55,34,32,29,11
2026-05-26,115,공항                ,승차,17,31,163,209,121,67,44,71,73,69,35,67,87,83,35,24,8,5,39
2026-05-26,115,공항                ,하차,7,37,80,98,48,40,49,50,44,65,61,87,117,104,40,30,33,20,18
2026-05-26,116,송정공원            ,승차,49,142,551,516,265,159,191,131,155,163,184,177,226,234,105,49,43,22,14
2026-05-26,116,송정공원            ,하차,23,62,159,344,155,98,115,225,166,140,191,319,436,421,175,134,142,97,36
2026-05-26,117,광주송정            ,승차,21,99,448,545,294,378,328,381,211,282,245,304,416,324,178,185,265,72,39
2026-05-26,117,광주송정            ,하차,93,125,479,408,338,405,268,228,252,245,300,322,323,366,210,143,112,98,30
2026-05-26,118,도산                ,승차,36,85,328,332,135,99,68,110,104,72,61,60,160,131,57,32,25,29,14
2026-05-26,118,도산                ,하차,7,25,83,120,58,85,70,68,61,80,83,121,210,216,109,70,74,83,14
2026-05-26,119,평동                ,승차,23,43,112,119,87,68,61,86,85,54,103,174,637,288,241,115,76,11,6
2026-05-26,119,평동                ,하차,37,272,865,310,97,67,63,47,70,64,55,67,78,101,85,36,32,25,8
2026-05-27,100,녹동                ,승차,2,8,24,27,14,5,15,6,5,13,41,5,17,19,4,3,0,0,0
2026-05-27,100,녹동                ,하차,0,7,13,30,1,6,4,5,5,8,13,15,14,13,9,3,2,1,3
2026-05-27,101,소태                ,승차,46,96,244,388,332,124,116,151,118,161,127,320,125,133,158,39,38,20,17
2026-05-27,101,소태                ,하차,0,52,98,186,98,78,89,115,140,92,167,195,213,264,115,116,101,65,40
2026-05-27,102,학동증심사          ,승차,39,61,144,234,182,128,151,165,127,351,195,288,229,129,61,59,43,17,55
2026-05-27,102,학동증심사          ,하차,8,38,122,256,132,96,115,106,137,134,157,183,175,217,95,72,69,65,34
2026-05-27,103,남광주              ,승차,46,148,296,370,266,270,290,321,233,302,442,526,623,379,161,121,119,56,28
2026-05-27,103,남광주              ,하차,8,176,305,1075,626,377,271,235,389,289,267,272,300,374,133,113,110,62,37
2026-05-27,104,문화전당            ,승차,18,37,71,69,63,76,89,131,168,155,316,265,351,519,181,192,196,148,54
2026-05-27,104,문화전당            ,하차,8,48,129,579,265,142,174,230,223,169,164,210,239,239,128,44,43,33,34
2026-05-27,105,금남로4가           ,승차,22,83,152,268,160,167,170,225,248,291,388,354,410,516,195,176,184,152,26
2026-05-27,105,금남로4가           ,하차,31,52,188,650,382,250,287,288,319,259,226,257,307,288,136,74,70,37,29
2026-05-27,106,금남로5가           ,승차,18,72,123,178,88,105,93,95,121,176,230,209,236,322,89,102,75,33,13
2026-05-27,106,금남로5가           ,하차,25,23,112,537,196,128,139,193,172,103,115,88,122,137,75,28,32,24,23
2026-05-27,107,양동시장            ,승차,21,68,145,223,154,159,167,157,217,207,228,208,202,294,65,33,24,15,9
2026-05-27,107,양동시장            ,하차,18,41,100,343,216,186,175,178,201,212,196,201,151,180,69,43,49,28,18
2026-05-27,108,돌고개              ,승차,41,98,205,350,163,121,129,94,139,109,119,93,131,101,44,40,22,22,23
2026-05-27,108,돌고개              ,하차,15,22,52,180,110,94,88,120,119,115,168,186,200,288,93,78,87,67,40
2026-05-27,109,농성                ,승차,53,103,247,464,206,155,160,162,196,188,185,215,230,251,71,73,55,35,7
2026-05-27,109,농성                ,하차,22,56,140,294,168,128,148,157,186,162,209,233,254,356,104,102,101,51,35
2026-05-27,110,화정                ,승차,34,94,274,420,186,116,120,153,137,121,134,162,138,133,51,42,37,59,19
2026-05-27,110,화정                ,하차,8,24,147,191,94,70,99,101,108,99,145,143,221,275,88,73,94,70,32
2026-05-27,111,쌍촌                ,승차,68,168,373,579,207,161,131,164,182,126,244,196,122,139,64,43,47,20,33
2026-05-27,111,쌍촌                ,하차,14,18,85,208,83,65,90,79,85,124,161,197,310,433,159,102,123,82,35
2026-05-27,112,운천                ,승차,35,159,368,587,257,197,129,187,201,166,284,189,225,261,114,100,90,81,44
2026-05-27,112,운천                ,하차,21,42,140,487,160,106,107,131,149,160,194,243,406,545,224,144,117,122,47
2026-05-27,113,상무                ,승차,57,107,406,556,247,263,246,289,295,270,283,263,320,442,174,148,160,99,32
2026-05-27,113,상무                ,하차,39,77,177,727,292,218,220,209,251,271,368,378,432,625,206,139,118,101,40
2026-05-27,114,컨벤션센터          ,승차,19,33,110,160,81,83,61,43,73,77,115,77,136,134,37,33,35,14,19
2026-05-27,114,컨벤션센터          ,하차,9,23,85,226,113,61,57,58,75,71,76,83,130,132,55,26,36,22,17
2026-05-27,115,공항                ,승차,21,44,161,215,108,61,74,69,48,87,29,72,88,100,38,25,15,10,12
2026-05-27,115,공항                ,하차,6,37,91,96,44,42,52,39,75,65,80,97,105,98,37,25,29,20,16
2026-05-27,116,송정공원            ,승차,46,142,549,491,262,167,152,191,180,153,186,174,243,253,98,50,33,33,10
2026-05-27,116,송정공원            ,하차,27,78,169,330,138,104,119,215,165,157,283,320,387,390,189,140,130,103,31
2026-05-27,117,광주송정            ,승차,21,69,293,390,256,239,284,256,244,222,267,250,403,385,155,235,213,90,63
2026-05-27,117,광주송정            ,하차,44,118,378,376,244,257,266,229,213,227,303,350,352,381,179,146,118,101,33
2026-05-27,118,도산                ,승차,33,90,326,319,125,68,85,106,119,77,59,92,168,182,67,35,40,23,13
2026-05-27,118,도산                ,하차,9,21,72,112,52,93,89,72,69,100,104,209,172,227,113,74,88,79,33
2026-05-27,119,평동                ,승차,35,35,120,145,89,60,60,95,75,66,131,209,689,277,202,103,98,18,9
2026-05-27,119,평동                ,하차,27,291,846,324,76,61,92,68,66,76,83,76,93,78,84,33,44,34,11
2026-05-28,100,녹동                ,승차,2,8,31,25,13,7,17,8,7,13,11,11,16,27,2,4,1,1,0
2026-05-28,100,녹동                ,하차,0,8,16,25,0,2,2,9,3,16,6,18,10,19,7,6,6,4,0
2026-05-28,101,소태                ,승차,41,93,239,359,180,147,106,111,152,333,96,164,221,145,47,43,40,15,47
2026-05-28,101,소태                ,하차,5,40,92,212,82,75,95,123,122,108,154,172,191,255,118,99,119,83,63
2026-05-28,102,학동증심사          ,승차,31,55,159,252,142,139,142,123,125,118,159,239,200,140,77,54,39,21,57
2026-05-28,102,학동증심사          ,하차,3,28,116,237,115,103,100,95,127,111,127,161,174,183,95,92,62,51,46
2026-05-28,103,남광주              ,승차,51,145,262,390,240,285,323,248,265,348,423,584,644,373,182,133,137,96,53
2026-05-28,103,남광주              ,하차,16,171,324,962,539,421,239,390,335,265,242,231,293,362,161,124,138,83,57
2026-05-28,104,문화전당            ,승차,24,33,67,75,73,70,90,133,162,168,201,247,343,545,194,204,252,186,70
2026-05-28,104,문화전당            ,하차,8,39,131,611,223,179,180,141,221,149,167,177,237,233,159,87,46,42,27
2026-05-28,105,금남로4가           ,승차,26,85,150,263,142,132,159,238,229,276,344,420,430,527,228,214,148,137,26
2026-05-28,105,금남로4가           ,하차,26,54,178,631,331,278,276,285,291,271,245,264,339,321,148,83,71,52,42
2026-05-28,106,금남로5가           ,승차,18,71,137,170,69,86,107,92,99,142,160,227,220,311,106,111,105,30,18
2026-05-28,106,금남로5가           ,하차,19,24,118,521,199,110,139,152,145,89,98,91,148,156,72,35,36,24,15
2026-05-28,107,양동시장            ,승차,20,74,142,261,133,159,154,144,215,181,216,226,193,274,91,36,37,18,19
2026-05-28,107,양동시장            ,하차,18,36,92,357,183,190,161,174,186,206,212,166,160,171,68,66,46,32,38
2026-05-28,108,돌고개              ,승차,45,100,213,345,145,134,140,113,137,81,122,107,132,107,61,33,31,29,9
2026-05-28,108,돌고개              ,하차,14,31,54,155,125,77,106,129,103,129,141,179,201,271,132,80,112,79,33
2026-05-28,109,농성                ,승차,43,107,220,445,210,185,177,171,200,178,203,242,242,300,116,92,63,30,22
2026-05-28,109,농성                ,하차,16,55,126,329,168,150,128,155,178,164,221,245,263,417,132,122,117,89,41
2026-05-28,110,화정                ,승차,31,93,266,410,196,152,119,169,135,131,128,165,136,128,63,47,44,93,14
2026-05-28,110,화정                ,하차,10,30,137,217,111,91,89,80,85,95,119,196,193,254,129,73,70,79,36
2026-05-28,111,쌍촌                ,승차,68,157,341,550,236,283,137,149,134,125,139,200,153,158,73,64,57,34,14
2026-05-28,111,쌍촌                ,하차,9,16,77,216,101,83,90,99,86,100,172,187,315,421,175,137,142,93,42
2026-05-28,112,운천                ,승차,34,156,359,592,235,212,159,202,196,155,159,284,234,317,156,101,152,82,45
2026-05-28,112,운천                ,하차,21,49,122,474,167,108,129,131,155,132,191,288,483,564,267,171,148,131,64
2026-05-28,113,상무                ,승차,49,131,402,574,238,238,258,259,265,249,287,282,300,480,203,213,178,113,48
2026-05-28,113,상무                ,하차,36,74,157,728,331,198,219,191,271,259,287,398,518,628,215,167,132,145,52
2026-05-28,114,컨벤션센터          ,승차,14,36,98,133,90,75,46,53,75,95,94,103,142,138,50,42,41,15,6
2026-05-28,114,컨벤션센터          ,하차,10,31,77,235,101,89,77,75,74,70,74,87,127,123,52,36,36,33,16
2026-05-28,115,공항                ,승차,22,33,168,194,93,70,66,50,63,61,32,70,106,65,23,28,18,10,51
2026-05-28,115,공항                ,하차,8,38,67,84,41,46,44,45,66,48,53,100,113,109,51,33,40,30,38
2026-05-28,116,송정공원            ,승차,53,137,538,484,280,152,150,217,167,188,240,174,221,245,101,76,40,48,13
2026-05-28,116,송정공원            ,하차,26,72,157,378,147,132,134,202,216,163,159,314,353,420,225,168,134,122,51
2026-05-28,117,광주송정            ,승차,26,75,307,381,238,250,306,332,218,260,301,243,440,446,230,219,213,67,90
2026-05-28,117,광주송정            ,하차,61,143,398,320,220,301,317,250,299,296,291,325,464,428,202,226,114,125,27
2026-05-28,118,도산                ,승차,35,81,319,282,144,77,82,102,78,65,78,84,158,144,59,62,35,29,16
2026-05-28,118,도산                ,하차,10,25,84,117,48,48,57,79,56,73,102,141,206,198,108,74,77,97,21
2026-05-28,119,평동                ,승차,34,41,107,129,77,61,61,98,84,64,111,167,613,306,204,123,107,22,10
2026-05-28,119,평동                ,하차,41,284,841,316,79,55,72,52,53,79,52,73,74,105,78,45,36,29,6
2026-05-29,100,녹동                ,승차,2,11,27,29,15,9,10,14,10,13,6,9,20,25,3,3,3,0,0
2026-05-29,100,녹동                ,하차,0,12,17,29,4,5,6,11,3,14,3,9,19,18,10,6,5,3,0
2026-05-29,101,소태                ,승차,48,90,220,381,209,127,119,134,121,140,120,164,248,175,94,56,37,36,11
2026-05-29,101,소태                ,하차,0,54,101,202,139,90,95,101,101,130,138,163,211,231,151,102,156,83,49
2026-05-29,102,학동증심사          ,승차,38,65,138,214,159,148,165,120,114,110,204,297,346,362,73,332,262,30,22
2026-05-29,102,학동증심사          ,하차,4,45,135,245,123,111,114,105,132,135,134,153,173,384,103,327,304,60,44
2026-05-29,103,남광주              ,승차,61,185,326,377,287,270,275,339,262,313,331,395,496,324,193,123,126,84,93
2026-05-29,103,남광주              ,하차,20,205,319,762,389,272,240,293,292,241,259,257,335,373,189,116,151,115,40
2026-05-29,104,문화전당            ,승차,22,36,67,82,64,89,92,175,158,183,218,259,397,522,256,210,259,224,129
2026-05-29,104,문화전당            ,하차,6,40,127,550,261,142,182,201,242,224,198,240,273,362,214,123,88,50,81
2026-05-29,105,금남로4가           ,승차,28,86,154,257,151,173,194,214,270,274,382,393,458,575,316,202,256,154,38
2026-05-29,105,금남로4가           ,하차,33,52,182,652,334,280,304,309,305,270,258,328,395,318,172,111,109,70,39
2026-05-29,106,금남로5가           ,승차,25,79,140,155,95,73,97,100,125,160,171,229,273,276,114,102,125,28,18
2026-05-29,106,금남로5가           ,하차,22,34,129,511,201,123,141,158,161,111,93,96,132,145,70,51,65,26,23
2026-05-29,107,양동시장            ,승차,23,78,174,253,168,124,171,169,169,185,202,210,254,288,98,54,23,29,16
2026-05-29,107,양동시장            ,하차,25,54,114,347,206,155,255,178,157,192,243,199,208,203,85,69,61,31,32
2026-05-29,108,돌고개              ,승차,51,92,222,330,187,105,112,119,115,133,93,114,136,140,51,54,53,22,31
2026-05-29,108,돌고개              ,하차,15,34,52,152,106,91,112,136,126,100,135,169,232,262,112,99,98,80,52
2026-05-29,109,농성                ,승차,45,110,269,437,207,155,181,202,214,171,265,246,241,272,141,132,106,54,18
2026-05-29,109,농성                ,하차,30,59,135,290,200,126,161,168,197,212,228,246,294,407,158,127,130,86,53
2026-05-29,110,화정                ,승차,49,107,257,382,186,143,111,159,120,120,128,167,145,150,94,70,68,99,16
2026-05-29,110,화정                ,하차,8,37,155,168,100,85,124,92,109,108,138,172,206,256,133,73,96,93,46
2026-05-29,111,쌍촌                ,승차,80,182,352,523,318,164,125,173,123,123,151,237,169,150,119,64,79,21,20
2026-05-29,111,쌍촌                ,하차,12,26,91,201,84,80,78,90,87,115,130,196,280,404,174,122,123,109,64
2026-05-29,112,운천                ,승차,45,150,402,543,251,177,166,198,198,161,186,309,276,317,171,130,161,108,79
2026-05-29,112,운천                ,하차,16,45,158,470,165,105,100,131,165,165,170,253,443,616,299,249,228,175,81
2026-05-29,113,상무                ,승차,54,122,389,496,251,258,235,249,270,227,273,343,387,514,246,215,195,134,78
2026-05-29,113,상무                ,하차,45,69,170,702,359,223,219,217,280,286,321,385,507,602,299,191,159,160,74
2026-05-29,114,컨벤션센터          ,승차,13,31,87,155,89,87,49,68,70,98,92,104,146,149,46,70,57,16,17
2026-05-29,114,컨벤션센터          ,하차,11,31,87,236,104,68,69,73,70,84,103,87,124,130,53,41,30,36,22
2026-05-29,115,공항                ,승차,29,39,160,165,98,81,56,57,42,85,45,127,122,102,69,29,18,10,3
2026-05-29,115,공항                ,하차,7,37,75,85,69,32,42,38,44,51,67,93,116,95,58,33,46,31,20
2026-05-29,116,송정공원            ,승차,54,146,527,429,220,147,177,150,157,128,224,258,213,279,107,66,70,42,31
2026-05-29,116,송정공원            ,하차,33,67,161,322,141,96,126,173,168,136,183,277,475,393,203,127,174,108,80
2026-05-29,117,광주송정            ,승차,25,89,293,322,175,244,314,275,341,316,327,336,380,451,263,536,309,143,205
2026-05-29,117,광주송정            ,하차,36,152,369,332,319,298,266,301,300,299,286,384,426,421,393,344,213,194,43
2026-05-29,118,도산                ,승차,36,86,312,273,121,88,77,107,86,88,94,105,188,164,90,37,48,24,17
2026-05-29,118,도산                ,하차,14,36,72,108,49,52,59,55,70,68,116,146,214,198,110,82,79,111,40
2026-05-29,119,평동                ,승차,35,29,111,123,68,54,66,97,93,76,131,216,677,260,160,123,77,15,9
2026-05-29,119,평동                ,하차,47,276,845,300,69,58,74,56,67,74,79,71,90,93,94,60,47,34,18
2026-05-30,100,녹동                ,승차,0,2,20,12,6,16,12,12,6,15,3,11,12,11,3,1,7,0,0
2026-05-30,100,녹동                ,하차,0,0,8,9,2,9,9,3,3,5,7,11,15,5,12,5,1,1,0
2026-05-30,101,소태                ,승차,53,79,95,141,172,156,146,179,176,134,147,107,119,89,58,33,42,80,9
2026-05-30,101,소태                ,하차,4,59,83,109,78,81,88,107,104,123,132,127,176,143,120,148,70,127,53
2026-05-30,102,학동증심사          ,승차,52,57,82,122,139,153,139,156,146,127,106,121,323,87,62,30,28,16,81
2026-05-30,102,학동증심사          ,하차,2,69,93,164,128,93,116,63,87,87,117,117,144,311,88,92,67,33,62
2026-05-30,103,남광주              ,승차,36,177,282,258,251,220,171,215,209,153,190,158,221,196,99,108,93,63,44
2026-05-30,103,남광주              ,하차,30,251,183,208,124,192,175,181,191,176,189,205,209,215,105,140,108,89,112
2026-05-30,104,문화전당            ,승차,15,17,31,45,77,102,103,141,147,213,245,354,411,370,298,292,281,255,119
2026-05-30,104,문화전당            ,하차,7,28,56,139,197,216,309,338,415,334,271,300,299,276,205,116,75,55,45
2026-05-30,105,금남로4가           ,승차,25,46,80,81,108,125,153,182,224,268,381,422,419,475,321,266,217,159,52
2026-05-30,105,금남로4가           ,하차,23,31,61,128,254,251,396,403,529,357,373,305,324,224,150,105,78,46,51
2026-05-30,106,금남로5가           ,승차,18,41,51,45,54,84,73,95,79,99,127,188,136,95,72,90,28,23,19
2026-05-30,106,금남로5가           ,하차,9,16,38,100,95,106,124,137,141,93,93,82,93,92,48,45,43,36,36
2026-05-30,107,양동시장            ,승차,31,69,77,122,152,172,174,170,181,156,168,162,183,128,95,50,35,35,12
2026-05-30,107,양동시장            ,하차,19,56,85,139,171,179,151,165,191,159,174,165,164,135,54,55,53,22,39
2026-05-30,108,돌고개              ,승차,47,58,78,108,109,99,126,143,147,75,65,93,134,79,51,42,30,28,7
2026-05-30,108,돌고개              ,하차,13,28,44,76,80,63,86,99,101,88,95,112,148,124,96,100,64,71,43
2026-05-30,109,농성                ,승차,46,60,94,150,163,158,193,195,188,213,187,167,215,161,114,128,82,37,33
2026-05-30,109,농성                ,하차,15,59,77,136,152,171,194,146,160,197,176,179,229,210,126,131,95,64,56
2026-05-30,110,화정                ,승차,45,60,98,101,147,143,125,143,131,93,113,133,141,95,70,60,38,26,21
2026-05-30,110,화정                ,하차,12,21,40,91,84,75,83,73,114,98,82,115,114,130,81,80,75,66,53
2026-05-30,111,쌍촌                ,승차,70,87,110,164,256,161,174,172,152,118,106,124,163,103,79,70,46,30,13
2026-05-30,111,쌍촌                ,하차,6,26,43,82,86,71,94,93,111,83,94,135,156,134,120,106,97,57,78
2026-05-30,112,운천                ,승차,50,94,143,185,178,182,179,185,159,146,183,174,177,151,136,87,120,113,60
2026-05-30,112,운천                ,하차,13,36,60,130,126,100,134,133,170,138,139,177,273,324,267,213,210,147,110
2026-05-30,113,상무                ,승차,51,81,132,171,178,222,261,281,274,255,262,265,252,193,161,159,137,106,40
2026-05-30,113,상무                ,하차,38,47,67,258,241,236,236,216,226,177,262,296,314,269,209,182,137,105,106
2026-05-30,114,컨벤션센터          ,승차,8,22,30,49,56,59,74,145,148,128,230,143,137,97,65,162,63,22,13
2026-05-30,114,컨벤션센터          ,하차,10,28,32,106,117,129,205,156,119,72,78,134,161,63,36,26,24,18,18
2026-05-30,115,공항                ,승차,20,21,38,81,70,73,65,55,50,56,63,55,62,32,40,19,17,7,8
2026-05-30,115,공항                ,하차,10,14,41,50,31,36,52,32,69,48,58,62,86,65,39,24,20,27,22
2026-05-30,116,송정공원            ,승차,38,65,139,169,171,151,165,171,117,143,135,156,158,119,76,52,52,13,14
2026-05-30,116,송정공원            ,하차,28,46,61,106,92,55,105,100,117,99,157,161,222,174,108,111,139,115,51
2026-05-30,117,광주송정            ,승차,19,49,176,256,377,321,447,429,301,336,306,334,484,406,242,211,311,136,178
2026-05-30,117,광주송정            ,하차,61,89,281,208,254,473,354,319,314,314,307,429,357,415,340,240,162,135,39
2026-05-30,118,도산                ,승차,39,49,88,129,76,83,122,125,118,65,81,114,125,77,63,42,43,33,19
2026-05-30,118,도산                ,하차,19,20,38,49,49,57,79,60,58,62,85,127,146,126,72,71,78,63,42
2026-05-30,119,평동                ,승차,36,45,51,74,64,74,106,109,95,81,115,148,229,128,93,49,21,27,12
2026-05-30,119,평동                ,하차,24,98,218,146,76,57,64,44,75,83,72,79,74,72,62,74,107,41,29
2026-05-31,100,녹동                ,승차,0,2,4,16,9,13,5,6,6,9,2,2,9,3,2,1,4,0,0
2026-05-31,100,녹동                ,하차,0,0,4,5,2,7,2,3,8,6,4,5,8,6,4,2,4,0,0
2026-05-31,101,소태                ,승차,18,44,71,76,118,106,99,103,115,99,122,88,116,68,70,33,39,14,15
2026-05-31,101,소태                ,하차,1,32,50,60,55,70,64,56,81,76,107,115,141,158,97,94,62,45,47
2026-05-31,102,학동증심사          ,승차,24,35,37,53,83,98,83,99,123,110,94,85,76,65,46,218,48,20,16
2026-05-31,102,학동증심사          ,하차,4,29,41,67,72,98,65,55,58,77,79,107,108,87,79,251,75,37,43
2026-05-31,103,남광주              ,승차,28,58,95,107,134,127,130,149,133,136,132,159,156,125,102,64,38,37,121
2026-05-31,103,남광주              ,하차,7,85,67,116,104,118,115,101,146,157,151,154,164,221,111,121,118,99,97
2026-05-31,104,문화전당            ,승차,16,23,21,82,55,59,80,99,148,152,281,255,356,277,217,241,183,140,67
2026-05-31,104,문화전당            ,하차,11,48,36,79,125,146,236,204,272,290,228,195,219,165,122,109,77,31,68
2026-05-31,105,금남로4가           ,승차,11,26,43,37,80,98,76,143,153,213,249,392,388,342,269,199,189,111,46
2026-05-31,105,금남로4가           ,하차,15,21,47,84,128,195,284,283,374,308,309,260,213,198,107,78,76,49,62
2026-05-31,106,금남로5가           ,승차,13,24,30,26,62,59,38,58,75,95,114,162,99,93,69,75,34,21,11
2026-05-31,106,금남로5가           ,하차,5,19,29,26,92,94,71,93,141,108,94,51,58,59,27,26,37,34,33
2026-05-31,107,양동시장            ,승차,14,45,57,61,77,94,80,81,117,101,91,82,96,61,53,36,24,20,14
2026-05-31,107,양동시장            ,하차,10,36,46,50,71,82,60,91,71,101,108,92,107,75,59,46,40,37,41
2026-05-31,108,돌고개              ,승차,23,33,31,62,64,86,51,84,78,76,80,56,65,51,62,37,29,14,23
2026-05-31,108,돌고개              ,하차,11,19,21,36,51,42,20,52,79,50,77,98,129,110,73,72,56,35,59
2026-05-31,109,농성                ,승차,37,39,55,75,112,105,116,146,157,138,161,121,396,108,107,74,63,34,26
2026-05-31,109,농성                ,하차,36,19,47,89,111,110,112,118,118,130,124,124,162,134,87,65,78,52,66
2026-05-31,110,화정                ,승차,17,45,52,66,76,86,87,77,95,76,67,74,110,79,47,49,25,21,4
2026-05-31,110,화정                ,하차,2,16,28,38,41,50,54,45,63,61,68,90,88,104,70,63,68,49,37
2026-05-31,111,쌍촌                ,승차,27,54,63,81,180,120,75,96,104,73,86,90,102,80,48,50,30,24,30
2026-05-31,111,쌍촌                ,하차,9,25,22,34,36,36,47,58,68,58,76,74,127,119,93,78,83,83,97
2026-05-31,112,운천                ,승차,28,52,71,88,135,129,143,173,127,139,125,121,133,115,117,91,72,86,55
2026-05-31,112,운천                ,하차,7,20,39,92,82,77,100,101,115,91,124,140,180,180,116,139,138,93,96
2026-05-31,113,상무                ,승차,23,52,73,84,106,131,111,135,146,160,148,164,161,150,118,128,103,76,33
2026-05-31,113,상무                ,하차,11,30,37,64,128,127,85,121,170,167,178,162,176,185,114,115,126,84,66
2026-05-31,114,컨벤션센터          ,승차,9,10,17,29,28,36,38,48,54,57,54,48,71,38,40,41,24,20,12
2026-05-31,114,컨벤션센터          ,하차,8,18,13,28,54,45,77,56,45,42,44,42,65,50,38,27,27,20,12
2026-05-31,115,공항                ,승차,16,11,25,41,54,38,36,39,37,41,39,62,58,26,29,29,15,4,5
2026-05-31,115,공항                ,하차,5,13,28,65,22,35,31,37,24,35,31,67,48,42,26,25,13,20,21
2026-05-31,116,송정공원            ,승차,27,38,64,84,101,98,79,129,123,122,102,136,87,82,55,59,21,19,10
2026-05-31,116,송정공원            ,하차,18,29,28,67,53,71,67,69,69,89,117,108,165,136,115,129,92,62,28
2026-05-31,117,광주송정            ,승차,15,39,82,159,224,197,275,338,183,351,285,275,633,349,263,389,411,149,259
2026-05-31,117,광주송정            ,하차,32,60,183,154,217,363,225,209,215,244,240,355,370,471,343,358,151,117,32
2026-05-31,118,도산                ,승차,16,41,47,71,97,75,101,92,107,71,58,55,85,51,41,21,16,15,10
2026-05-31,118,도산                ,하차,11,21,26,32,31,52,55,60,51,69,65,87,93,93,64,70,49,42,27
2026-05-31,119,평동                ,승차,16,29,40,53,52,97,59,99,80,62,104,93,112,108,71,50,25,20,14
2026-05-31,119,평동                ,하차,7,42,74,63,41,38,42,67,70,65,73,94,92,71,84,78,53,33,13
2026-06-01,100,녹동                ,승차,2 ,7 ,30 ,28 ,10 ,15 ,22 ,3 ,8 ,8 ,3 ,7 ,12 ,20 ,4 ,0 ,2 ,0 ,0 
2026-06-01,100,녹동                ,하차,0 ,8 ,21 ,25 ,4 ,5 ,6 ,8 ,4 ,7 ,5 ,17 ,10 ,13 ,4 ,8 ,2 ,2 ,0 
2026-06-01,101,소태                ,승차,56 ,95 ,269 ,400 ,185 ,127 ,112 ,131 ,131 ,105 ,108 ,105 ,145 ,132 ,48 ,33 ,45 ,48 ,35 
2026-06-01,101,소태                ,하차,6 ,47 ,106 ,206 ,73 ,88 ,104 ,107 ,98 ,112 ,144 ,150 ,207 ,274 ,137 ,96 ,111 ,101 ,51 
2026-06-01,102,학동증심사          ,승차,35 ,53 ,166 ,245 ,176 ,158 ,137 ,142 ,149 ,131 ,119 ,203 ,303 ,145 ,70 ,45 ,31 ,30 ,90 
2026-06-01,102,학동증심사          ,하차,5 ,52 ,128 ,273 ,129 ,147 ,151 ,121 ,141 ,127 ,126 ,179 ,186 ,205 ,81 ,75 ,62 ,46 ,31 
2026-06-01,103,남광주              ,승차,58 ,184 ,309 ,398 ,281 ,280 ,280 ,285 ,251 ,341 ,421 ,513 ,726 ,404 ,150 ,136 ,133 ,86 ,41 
2026-06-01,103,남광주              ,하차,19 ,221 ,349 ,"1,002 ",659 ,481 ,309 ,369 ,357 ,272 ,225 ,235 ,284 ,372 ,149 ,130 ,109 ,74 ,41 
2026-06-01,104,문화전당            ,승차,19 ,36 ,62 ,88 ,77 ,77 ,90 ,150 ,144 ,129 ,195 ,244 ,323 ,441 ,234 ,171 ,187 ,170 ,35 
2026-06-01,104,문화전당            ,하차,10 ,46 ,139 ,553 ,264 ,149 ,167 ,150 ,190 ,173 ,146 ,148 ,243 ,256 ,139 ,65 ,47 ,32 ,27 
2026-06-01,105,금남로4가           ,승차,23 ,82 ,164 ,275 ,132 ,170 ,233 ,213 ,231 ,266 ,317 ,455 ,384 ,485 ,225 ,185 ,148 ,98 ,51 
2026-06-01,105,금남로4가           ,하차,29 ,46 ,208 ,689 ,331 ,287 ,313 ,255 ,348 ,263 ,238 ,225 ,331 ,294 ,139 ,86 ,65 ,43 ,22 
2026-06-01,106,금남로5가           ,승차,24 ,73 ,126 ,173 ,80 ,88 ,99 ,88 ,104 ,147 ,165 ,207 ,188 ,335 ,97 ,87 ,123 ,32 ,17 
2026-06-01,106,금남로5가           ,하차,21 ,32 ,118 ,570 ,190 ,167 ,136 ,159 ,141 ,133 ,79 ,93 ,139 ,178 ,66 ,36 ,54 ,30 ,21 
2026-06-01,107,양동시장            ,승차,35 ,75 ,179 ,252 ,166 ,201 ,168 ,177 ,189 ,136 ,210 ,250 ,235 ,296 ,81 ,44 ,27 ,13 ,11 
2026-06-01,107,양동시장            ,하차,18 ,51 ,118 ,361 ,189 ,191 ,175 ,173 ,171 ,230 ,220 ,201 ,218 ,209 ,78 ,63 ,36 ,32 ,29 
2026-06-01,108,돌고개              ,승차,47 ,101 ,230 ,343 ,158 ,110 ,121 ,95 ,113 ,111 ,108 ,113 ,130 ,117 ,49 ,45 ,26 ,21 ,2 
2026-06-01,108,돌고개              ,하차,11 ,29 ,58 ,174 ,99 ,75 ,101 ,112 ,114 ,107 ,142 ,190 ,196 ,282 ,127 ,104 ,77 ,50 ,32 
2026-06-01,109,농성                ,승차,54 ,108 ,242 ,483 ,223 ,164 ,168 ,172 ,209 ,158 ,177 ,186 ,210 ,268 ,116 ,95 ,48 ,37 ,23 
2026-06-01,109,농성                ,하차,14 ,50 ,155 ,300 ,173 ,135 ,162 ,139 ,161 ,186 ,175 ,183 ,290 ,379 ,185 ,114 ,89 ,59 ,41 
2026-06-01,110,화정                ,승차,42 ,101 ,253 ,393 ,192 ,132 ,103 ,126 ,119 ,118 ,129 ,154 ,133 ,118 ,67 ,54 ,37 ,98 ,8 
2026-06-01,110,화정                ,하차,10 ,31 ,152 ,192 ,94 ,74 ,91 ,106 ,96 ,69 ,117 ,166 ,190 ,268 ,133 ,83 ,70 ,45 ,21 
2026-06-01,111,쌍촌                ,승차,75 ,157 ,379 ,575 ,345 ,174 ,139 ,164 ,113 ,122 ,128 ,184 ,137 ,160 ,79 ,51 ,67 ,20 ,11 
2026-06-01,111,쌍촌                ,하차,4 ,22 ,89 ,203 ,93 ,64 ,98 ,86 ,122 ,109 ,111 ,193 ,318 ,387 ,210 ,131 ,101 ,71 ,41 
2026-06-01,112,운천                ,승차,50 ,153 ,382 ,521 ,275 ,195 ,194 ,181 ,172 ,147 ,196 ,275 ,224 ,293 ,148 ,92 ,106 ,68 ,24 
2026-06-01,112,운천                ,하차,14 ,49 ,157 ,482 ,174 ,116 ,96 ,117 ,124 ,136 ,175 ,219 ,434 ,516 ,243 ,162 ,137 ,101 ,67 
2026-06-01,113,상무                ,승차,60 ,137 ,420 ,533 ,258 ,246 ,237 ,249 ,268 ,207 ,229 ,319 ,310 ,511 ,212 ,158 ,166 ,78 ,35 
2026-06-01,113,상무                ,하차,42 ,69 ,176 ,786 ,334 ,192 ,206 ,199 ,210 ,248 ,312 ,359 ,452 ,614 ,225 ,163 ,133 ,135 ,46 
2026-06-01,114,컨벤션센터          ,승차,12 ,32 ,90 ,157 ,79 ,119 ,59 ,72 ,71 ,74 ,86 ,81 ,138 ,153 ,49 ,41 ,45 ,9 ,15 
2026-06-01,114,컨벤션센터          ,하차,7 ,28 ,78 ,228 ,120 ,74 ,99 ,59 ,72 ,60 ,76 ,63 ,135 ,117 ,38 ,33 ,32 ,19 ,8 
2026-06-01,115,공항                ,승차,24 ,33 ,162 ,195 ,129 ,72 ,67 ,52 ,54 ,96 ,49 ,72 ,78 ,82 ,50 ,29 ,12 ,6 ,7 
2026-06-01,115,공항                ,하차,10 ,35 ,73 ,118 ,60 ,64 ,41 ,45 ,64 ,43 ,69 ,96 ,88 ,101 ,51 ,39 ,35 ,18 ,15 
2026-06-01,116,송정공원            ,승차,59 ,127 ,525 ,526 ,240 ,179 ,173 ,167 ,166 ,122 ,154 ,205 ,209 ,258 ,118 ,58 ,47 ,24 ,13 
2026-06-01,116,송정공원            ,하차,31 ,79 ,152 ,330 ,173 ,133 ,117 ,188 ,158 ,151 ,193 ,321 ,468 ,422 ,173 ,131 ,146 ,112 ,38 
2026-06-01,117,광주송정            ,승차,26 ,77 ,427 ,510 ,354 ,243 ,311 ,345 ,204 ,262 ,228 ,311 ,479 ,378 ,213 ,219 ,200 ,76 ,63 
2026-06-01,117,광주송정            ,하차,92 ,136 ,444 ,398 ,259 ,335 ,229 ,234 ,223 ,227 ,252 ,298 ,374 ,415 ,225 ,151 ,121 ,110 ,25 
2026-06-01,118,도산                ,승차,25 ,92 ,332 ,273 ,152 ,96 ,68 ,116 ,84 ,67 ,59 ,88 ,144 ,148 ,49 ,41 ,28 ,14 ,12 
2026-06-01,118,도산                ,하차,13 ,26 ,69 ,102 ,51 ,67 ,83 ,69 ,70 ,64 ,73 ,145 ,220 ,188 ,94 ,57 ,77 ,93 ,25 
2026-06-01,119,평동                ,승차,16 ,40 ,92 ,94 ,81 ,65 ,69 ,81 ,97 ,102 ,112 ,186 ,608 ,323 ,213 ,144 ,69 ,26 ,12 
2026-06-01,119,평동                ,하차,31 ,265 ,746 ,309 ,99 ,65 ,78 ,55 ,68 ,82 ,71 ,97 ,89 ,101 ,84 ,40 ,35 ,32 ,11 
2026-06-02,100,녹동                ,승차,0 ,9 ,19 ,28 ,10 ,4 ,6 ,12 ,10 ,12 ,12 ,8 ,13 ,24 ,4 ,1 ,2 ,1 ,0 
2026-06-02,100,녹동                ,하차,0 ,8 ,15 ,19 ,2 ,1 ,3 ,9 ,1 ,5 ,6 ,14 ,18 ,18 ,3 ,3 ,5 ,9 ,0 
2026-06-02,101,소태                ,승차,39 ,95 ,228 ,366 ,172 ,125 ,109 ,100 ,172 ,133 ,154 ,131 ,195 ,138 ,68 ,36 ,48 ,27 ,8 
2026-06-02,101,소태                ,하차,0 ,45 ,85 ,196 ,74 ,81 ,99 ,100 ,115 ,117 ,106 ,182 ,204 ,261 ,147 ,108 ,123 ,92 ,53 
2026-06-02,102,학동증심사          ,승차,42 ,48 ,147 ,219 ,134 ,111 ,121 ,149 ,117 ,117 ,114 ,199 ,279 ,154 ,76 ,52 ,39 ,35 ,14 
2026-06-02,102,학동증심사          ,하차,3 ,46 ,117 ,229 ,149 ,122 ,97 ,88 ,121 ,98 ,139 ,153 ,178 ,172 ,88 ,94 ,76 ,44 ,32 
2026-06-02,103,남광주              ,승차,43 ,137 ,266 ,350 ,258 ,260 ,238 ,259 ,226 ,331 ,455 ,477 ,674 ,422 ,180 ,147 ,155 ,82 ,143 
2026-06-02,103,남광주              ,하차,11 ,190 ,334 ,971 ,636 ,398 ,276 ,326 ,318 ,262 ,233 ,205 ,306 ,372 ,162 ,116 ,132 ,98 ,62 
2026-06-02,104,문화전당            ,승차,15 ,35 ,65 ,65 ,69 ,67 ,84 ,98 ,113 ,139 ,174 ,223 ,304 ,508 ,228 ,206 ,224 ,217 ,101 
2026-06-02,104,문화전당            ,하차,9 ,47 ,121 ,579 ,232 ,142 ,145 ,149 ,204 ,141 ,149 ,144 ,231 ,316 ,216 ,118 ,59 ,39 ,66 
2026-06-02,105,금남로4가           ,승차,26 ,78 ,149 ,249 ,155 ,131 ,166 ,187 ,189 ,198 ,318 ,377 ,384 ,501 ,195 ,182 ,175 ,128 ,57 
2026-06-02,105,금남로4가           ,하차,31 ,50 ,175 ,613 ,320 ,216 ,226 ,226 ,249 ,245 ,219 ,212 ,330 ,291 ,148 ,99 ,70 ,49 ,43 
2026-06-02,106,금남로5가           ,승차,25 ,61 ,118 ,177 ,88 ,80 ,75 ,83 ,91 ,139 ,145 ,205 ,199 ,372 ,122 ,92 ,128 ,37 ,12 
2026-06-02,106,금남로5가           ,하차,30 ,23 ,109 ,534 ,215 ,122 ,86 ,121 ,113 ,117 ,84 ,95 ,162 ,206 ,74 ,47 ,43 ,40 ,25 
2026-06-02,107,양동시장            ,승차,26 ,69 ,150 ,225 ,123 ,119 ,124 ,128 ,170 ,184 ,188 ,215 ,236 ,298 ,75 ,39 ,44 ,24 ,20 
2026-06-02,107,양동시장            ,하차,18 ,44 ,104 ,337 ,128 ,118 ,179 ,175 ,188 ,165 ,223 ,184 ,176 ,222 ,75 ,51 ,41 ,32 ,24 
2026-06-02,108,돌고개              ,승차,42 ,101 ,192 ,348 ,153 ,108 ,112 ,95 ,112 ,118 ,95 ,103 ,114 ,118 ,72 ,46 ,41 ,26 ,15 
2026-06-02,108,돌고개              ,하차,15 ,23 ,57 ,144 ,115 ,69 ,93 ,120 ,116 ,89 ,147 ,164 ,197 ,293 ,119 ,90 ,90 ,55 ,45 
2026-06-02,109,농성                ,승차,39 ,101 ,223 ,445 ,199 ,114 ,126 ,116 ,164 ,153 ,165 ,177 ,247 ,273 ,123 ,88 ,70 ,103 ,24 
2026-06-02,109,농성                ,하차,9 ,52 ,119 ,265 ,130 ,126 ,134 ,154 ,139 ,138 ,191 ,240 ,302 ,385 ,129 ,113 ,97 ,101 ,55 
2026-06-02,110,화정                ,승차,29 ,80 ,260 ,366 ,189 ,99 ,106 ,125 ,86 ,116 ,103 ,153 ,132 ,135 ,92 ,51 ,35 ,86 ,22 
2026-06-02,110,화정                ,하차,5 ,33 ,127 ,189 ,102 ,77 ,73 ,79 ,82 ,84 ,126 ,140 ,226 ,259 ,124 ,86 ,79 ,61 ,41 
2026-06-02,111,쌍촌                ,승차,70 ,155 ,345 ,556 ,300 ,144 ,113 ,142 ,112 ,108 ,114 ,176 ,155 ,145 ,112 ,65 ,59 ,40 ,21 
2026-06-02,111,쌍촌                ,하차,7 ,23 ,71 ,215 ,80 ,75 ,63 ,80 ,66 ,84 ,144 ,195 ,294 ,396 ,146 ,158 ,122 ,89 ,79 
2026-06-02,112,운천                ,승차,39 ,136 ,360 ,549 ,223 ,164 ,127 ,156 ,157 ,143 ,138 ,243 ,247 ,341 ,141 ,124 ,152 ,91 ,65 
2026-06-02,112,운천                ,하차,12 ,35 ,107 ,449 ,129 ,65 ,95 ,114 ,108 ,137 ,179 ,184 ,496 ,589 ,305 ,220 ,192 ,147 ,89 
2026-06-02,113,상무                ,승차,50 ,129 ,375 ,507 ,216 ,204 ,221 ,227 ,214 ,193 ,264 ,236 ,325 ,458 ,189 ,196 ,152 ,132 ,61 
2026-06-02,113,상무                ,하차,39 ,59 ,149 ,670 ,297 ,196 ,171 ,212 ,184 ,210 ,272 ,334 ,474 ,608 ,261 ,186 ,135 ,157 ,88 
2026-06-02,114,컨벤션센터          ,승차,10 ,39 ,93 ,138 ,79 ,60 ,52 ,57 ,62 ,78 ,90 ,91 ,138 ,133 ,52 ,34 ,41 ,21 ,6 
2026-06-02,114,컨벤션센터          ,하차,9 ,22 ,74 ,206 ,129 ,62 ,59 ,42 ,71 ,52 ,80 ,86 ,127 ,145 ,43 ,46 ,38 ,25 ,9 
2026-06-02,115,공항                ,승차,17 ,29 ,154 ,208 ,124 ,64 ,73 ,44 ,57 ,40 ,48 ,116 ,89 ,90 ,45 ,40 ,14 ,6 ,26 
2026-06-02,115,공항                ,하차,6 ,36 ,65 ,90 ,39 ,53 ,19 ,35 ,63 ,50 ,96 ,83 ,104 ,111 ,44 ,36 ,30 ,31 ,17 
2026-06-02,116,송정공원            ,승차,39 ,132 ,505 ,486 ,285 ,158 ,147 ,160 ,147 ,146 ,172 ,240 ,226 ,263 ,112 ,58 ,52 ,39 ,15 
2026-06-02,116,송정공원            ,하차,27 ,57 ,128 ,322 ,146 ,114 ,115 ,177 ,168 ,156 ,154 ,268 ,447 ,390 ,164 ,164 ,132 ,116 ,56 
2026-06-02,117,광주송정            ,승차,24 ,58 ,298 ,376 ,258 ,187 ,238 ,340 ,202 ,270 ,302 ,392 ,499 ,390 ,330 ,273 ,273 ,87 ,108 
2026-06-02,117,광주송정            ,하차,45 ,96 ,353 ,386 ,206 ,225 ,219 ,182 ,199 ,212 ,269 ,334 ,419 ,518 ,274 ,224 ,132 ,162 ,54 
2026-06-02,118,도산                ,승차,34 ,81 ,311 ,329 ,136 ,67 ,68 ,107 ,83 ,75 ,83 ,83 ,151 ,148 ,67 ,46 ,36 ,24 ,21 
2026-06-02,118,도산                ,하차,6 ,29 ,73 ,106 ,57 ,57 ,52 ,54 ,63 ,84 ,75 ,133 ,202 ,214 ,101 ,67 ,59 ,109 ,44 
2026-06-02,119,평동                ,승차,25 ,34 ,98 ,121 ,72 ,57 ,56 ,70 ,78 ,85 ,90 ,190 ,650 ,337 ,193 ,123 ,86 ,21 ,13 
2026-06-02,119,평동                ,하차,27 ,286 ,811 ,301 ,80 ,55 ,59 ,46 ,52 ,64 ,76 ,69 ,71 ,101 ,72 ,51 ,30 ,37 ,12 
2026-06-03,100,녹동                ,승차,0 ,2 ,10 ,14 ,14 ,12 ,10 ,9 ,8 ,10 ,13 ,1 ,11 ,8 ,2 ,2 ,0 ,1 ,0 
2026-06-03,100,녹동                ,하차,0 ,1 ,4 ,11 ,3 ,2 ,4 ,4 ,8 ,8 ,7 ,5 ,20 ,5 ,6 ,2 ,4 ,2 ,0 
2026-06-03,101,소태                ,승차,30 ,45 ,76 ,96 ,123 ,122 ,143 ,134 ,136 ,158 ,130 ,119 ,95 ,55 ,71 ,37 ,23 ,9 ,6 
2026-06-03,101,소태                ,하차,2 ,43 ,59 ,61 ,52 ,66 ,63 ,64 ,85 ,97 ,105 ,161 ,121 ,138 ,106 ,129 ,81 ,46 ,34 
2026-06-03,102,학동증심사          ,승차,35 ,39 ,58 ,79 ,93 ,130 ,139 ,152 ,150 ,105 ,110 ,86 ,102 ,64 ,59 ,42 ,32 ,10 ,8 
2026-06-03,102,학동증심사          ,하차,5 ,44 ,71 ,99 ,113 ,104 ,64 ,89 ,103 ,86 ,120 ,130 ,115 ,92 ,94 ,69 ,52 ,36 ,25 
2026-06-03,103,남광주              ,승차,33 ,105 ,127 ,136 ,171 ,163 ,164 ,174 ,186 ,174 ,145 ,185 ,188 ,135 ,120 ,75 ,77 ,33 ,34 
2026-06-03,103,남광주              ,하차,14 ,99 ,114 ,99 ,110 ,141 ,189 ,136 ,153 ,171 ,161 ,174 ,190 ,162 ,100 ,122 ,92 ,63 ,51 
2026-06-03,104,문화전당            ,승차,20 ,27 ,25 ,31 ,49 ,81 ,77 ,116 ,176 ,236 ,319 ,335 ,354 ,341 ,319 ,226 ,210 ,173 ,72 
2026-06-03,104,문화전당            ,하차,3 ,22 ,39 ,82 ,180 ,202 ,376 ,382 ,450 ,352 ,261 ,256 ,223 ,193 ,103 ,80 ,73 ,44 ,53 
2026-06-03,105,금남로4가           ,승차,9 ,38 ,50 ,62 ,90 ,92 ,148 ,149 ,225 ,279 ,356 ,412 ,470 ,391 ,302 ,242 ,194 ,125 ,59 
2026-06-03,105,금남로4가           ,하차,14 ,31 ,31 ,133 ,206 ,240 ,423 ,395 ,487 ,391 ,355 ,268 ,246 ,169 ,114 ,81 ,57 ,42 ,49 
2026-06-03,106,금남로5가           ,승차,18 ,31 ,45 ,51 ,44 ,52 ,49 ,71 ,102 ,118 ,134 ,144 ,119 ,86 ,67 ,100 ,49 ,21 ,24 
2026-06-03,106,금남로5가           ,하차,7 ,12 ,30 ,44 ,89 ,83 ,128 ,111 ,139 ,112 ,102 ,93 ,88 ,67 ,45 ,37 ,31 ,24 ,31 
2026-06-03,107,양동시장            ,승차,18 ,52 ,61 ,102 ,112 ,150 ,160 ,144 ,169 ,139 ,142 ,152 ,139 ,97 ,39 ,40 ,25 ,11 ,15 
2026-06-03,107,양동시장            ,하차,21 ,41 ,53 ,105 ,144 ,172 ,156 ,134 ,170 ,174 ,178 ,140 ,110 ,85 ,56 ,34 ,22 ,20 ,22 
2026-06-03,108,돌고개              ,승차,42 ,37 ,65 ,97 ,105 ,90 ,135 ,119 ,103 ,120 ,93 ,83 ,93 ,57 ,49 ,28 ,23 ,21 ,7 
2026-06-03,108,돌고개              ,하차,9 ,19 ,24 ,44 ,71 ,64 ,87 ,71 ,102 ,97 ,119 ,113 ,126 ,106 ,94 ,83 ,66 ,45 ,30 
2026-06-03,109,농성                ,승차,37 ,54 ,80 ,112 ,181 ,109 ,149 ,169 ,160 ,173 ,145 ,139 ,158 ,117 ,91 ,114 ,93 ,34 ,18 
2026-06-03,109,농성                ,하차,24 ,33 ,44 ,95 ,138 ,141 ,143 ,101 ,138 ,156 ,183 ,152 ,187 ,137 ,106 ,84 ,89 ,41 ,38 
2026-06-03,110,화정                ,승차,20 ,52 ,69 ,101 ,107 ,119 ,104 ,120 ,105 ,99 ,80 ,107 ,97 ,91 ,47 ,50 ,44 ,24 ,5 
2026-06-03,110,화정                ,하차,9 ,16 ,28 ,59 ,72 ,65 ,78 ,62 ,81 ,74 ,108 ,100 ,119 ,117 ,67 ,65 ,72 ,46 ,35 
2026-06-03,111,쌍촌                ,승차,44 ,70 ,72 ,115 ,139 ,156 ,172 ,220 ,194 ,117 ,87 ,90 ,122 ,95 ,53 ,59 ,23 ,27 ,11 
2026-06-03,111,쌍촌                ,하차,6 ,15 ,32 ,38 ,40 ,55 ,66 ,81 ,66 ,96 ,95 ,118 ,150 ,130 ,103 ,112 ,90 ,68 ,48 
2026-06-03,112,운천                ,승차,34 ,63 ,101 ,143 ,168 ,161 ,159 ,137 ,181 ,160 ,166 ,178 ,120 ,109 ,102 ,117 ,105 ,67 ,31 
2026-06-03,112,운천                ,하차,18 ,37 ,40 ,102 ,85 ,81 ,123 ,107 ,124 ,130 ,154 ,168 ,236 ,229 ,161 ,173 ,125 ,86 ,63 
2026-06-03,113,상무                ,승차,39 ,61 ,110 ,121 ,125 ,168 ,179 ,198 ,218 ,238 ,203 ,243 ,199 ,131 ,144 ,162 ,112 ,83 ,35 
2026-06-03,113,상무                ,하차,23 ,49 ,64 ,120 ,167 ,156 ,178 ,167 ,202 ,209 ,220 ,231 ,258 ,268 ,166 ,104 ,110 ,98 ,63 
2026-06-03,114,컨벤션센터          ,승차,7 ,12 ,16 ,39 ,34 ,38 ,48 ,55 ,61 ,47 ,61 ,60 ,77 ,40 ,49 ,35 ,31 ,26 ,21 
2026-06-03,114,컨벤션센터          ,하차,7 ,10 ,24 ,42 ,44 ,48 ,56 ,44 ,47 ,65 ,61 ,109 ,72 ,61 ,45 ,29 ,22 ,22 ,21 
2026-06-03,115,공항                ,승차,15 ,19 ,30 ,46 ,74 ,59 ,55 ,71 ,53 ,63 ,51 ,68 ,75 ,47 ,26 ,26 ,12 ,6 ,25 
2026-06-03,115,공항                ,하차,10 ,26 ,26 ,53 ,25 ,33 ,38 ,25 ,49 ,44 ,61 ,61 ,59 ,51 ,45 ,31 ,15 ,23 ,29 
2026-06-03,116,송정공원            ,승차,23 ,50 ,99 ,124 ,145 ,137 ,212 ,177 ,174 ,163 ,192 ,138 ,129 ,87 ,58 ,56 ,37 ,25 ,17 
2026-06-03,116,송정공원            ,하차,23 ,43 ,61 ,153 ,123 ,86 ,106 ,113 ,128 ,128 ,127 ,164 ,171 ,170 ,155 ,138 ,114 ,86 ,48 
2026-06-03,117,광주송정            ,승차,13 ,29 ,76 ,151 ,254 ,324 ,406 ,410 ,357 ,363 ,331 ,289 ,347 ,251 ,218 ,218 ,232 ,98 ,105 
2026-06-03,117,광주송정            ,하차,45 ,64 ,180 ,173 ,271 ,329 ,311 ,240 ,266 ,281 ,334 ,282 ,318 ,268 ,218 ,271 ,235 ,116 ,30 
2026-06-03,118,도산                ,승차,24 ,31 ,59 ,77 ,92 ,83 ,118 ,103 ,110 ,79 ,95 ,76 ,88 ,54 ,44 ,29 ,35 ,23 ,11 
2026-06-03,118,도산                ,하차,12 ,25 ,43 ,39 ,39 ,45 ,72 ,65 ,60 ,69 ,70 ,75 ,105 ,95 ,82 ,92 ,78 ,54 ,29 
2026-06-03,119,평동                ,승차,23 ,29 ,48 ,54 ,71 ,94 ,77 ,75 ,91 ,83 ,112 ,109 ,161 ,90 ,78 ,54 ,23 ,18 ,19 
2026-06-03,119,평동                ,하차,14 ,71 ,161 ,110 ,65 ,59 ,62 ,37 ,70 ,55 ,65 ,78 ,70 ,79 ,60 ,62 ,41 ,28 ,20 
2026-06-04,100,녹동                ,승차,1 ,4 ,31 ,25 ,22 ,11 ,10 ,7 ,10 ,6 ,9 ,9 ,16 ,33 ,4 ,0 ,0 ,0 ,0 
2026-06-04,100,녹동                ,하차,0 ,9 ,13 ,22 ,1 ,3 ,11 ,7 ,12 ,8 ,8 ,14 ,16 ,16 ,9 ,5 ,6 ,0 ,2 
2026-06-04,101,소태                ,승차,47 ,94 ,241 ,387 ,176 ,139 ,117 ,137 ,133 ,139 ,87 ,146 ,169 ,133 ,64 ,41 ,30 ,17 ,10 
2026-06-04,101,소태                ,하차,1 ,44 ,87 ,203 ,85 ,88 ,113 ,100 ,99 ,118 ,147 ,164 ,209 ,241 ,131 ,136 ,99 ,72 ,31 
2026-06-04,102,학동증심사          ,승차,41 ,62 ,143 ,227 ,156 ,127 ,139 ,167 ,146 ,118 ,157 ,200 ,289 ,145 ,56 ,37 ,23 ,16 ,11 
2026-06-04,102,학동증심사          ,하차,2 ,73 ,115 ,229 ,127 ,126 ,106 ,109 ,135 ,121 ,99 ,151 ,179 ,207 ,114 ,58 ,69 ,41 ,19 
2026-06-04,103,남광주              ,승차,51 ,155 ,298 ,379 ,257 ,275 ,262 ,257 ,281 ,347 ,401 ,439 ,675 ,357 ,173 ,128 ,178 ,88 ,131 
2026-06-04,103,남광주              ,하차,18 ,181 ,334 ,919 ,554 ,440 ,262 ,417 ,350 ,254 ,229 ,247 ,275 ,408 ,163 ,130 ,115 ,59 ,51 
2026-06-04,104,문화전당            ,승차,17 ,38 ,67 ,80 ,72 ,82 ,100 ,123 ,134 ,165 ,203 ,270 ,361 ,437 ,234 ,213 ,223 ,171 ,81 
2026-06-04,104,문화전당            ,하차,11 ,41 ,137 ,573 ,277 ,259 ,268 ,186 ,207 ,146 ,160 ,179 ,234 ,257 ,149 ,72 ,62 ,38 ,35 
2026-06-04,105,금남로4가           ,승차,23 ,81 ,154 ,249 ,140 ,133 ,167 ,240 ,245 ,270 ,293 ,360 ,472 ,510 ,214 ,184 ,181 ,140 ,20 
2026-06-04,105,금남로4가           ,하차,25 ,50 ,188 ,633 ,328 ,300 ,288 ,249 ,328 ,228 ,209 ,196 ,352 ,310 ,151 ,79 ,79 ,37 ,22 
2026-06-04,106,금남로5가           ,승차,27 ,68 ,137 ,169 ,71 ,89 ,95 ,89 ,132 ,152 ,166 ,187 ,330 ,356 ,105 ,96 ,38 ,49 ,26 
2026-06-04,106,금남로5가           ,하차,28 ,27 ,129 ,523 ,212 ,133 ,148 ,159 ,147 ,109 ,97 ,105 ,143 ,190 ,64 ,51 ,44 ,27 ,24 
2026-06-04,107,양동시장            ,승차,26 ,70 ,157 ,246 ,146 ,158 ,169 ,152 ,249 ,174 ,189 ,241 ,211 ,259 ,68 ,38 ,37 ,28 ,14 
2026-06-04,107,양동시장            ,하차,24 ,54 ,107 ,347 ,173 ,170 ,165 ,189 ,222 ,216 ,178 ,233 ,192 ,173 ,73 ,47 ,50 ,38 ,36 
2026-06-04,108,돌고개              ,승차,47 ,104 ,215 ,352 ,165 ,127 ,105 ,115 ,112 ,98 ,119 ,100 ,123 ,125 ,57 ,41 ,29 ,22 ,18 
2026-06-04,108,돌고개              ,하차,15 ,25 ,54 ,145 ,113 ,101 ,90 ,106 ,116 ,124 ,133 ,174 ,234 ,278 ,133 ,85 ,74 ,66 ,28 
2026-06-04,109,농성                ,승차,44 ,108 ,242 ,454 ,203 ,147 ,162 ,179 ,197 ,178 ,164 ,199 ,396 ,260 ,97 ,96 ,59 ,61 ,31 
2026-06-04,109,농성                ,하차,20 ,51 ,121 ,268 ,168 ,150 ,154 ,150 ,204 ,172 ,199 ,211 ,317 ,412 ,138 ,87 ,100 ,78 ,60 
2026-06-04,110,화정                ,승차,49 ,111 ,270 ,412 ,196 ,134 ,127 ,136 ,112 ,137 ,89 ,137 ,233 ,148 ,70 ,37 ,38 ,23 ,13 
2026-06-04,110,화정                ,하차,4 ,32 ,147 ,206 ,92 ,103 ,110 ,78 ,99 ,103 ,117 ,165 ,197 ,291 ,113 ,82 ,73 ,69 ,35 
2026-06-04,111,쌍촌                ,승차,74 ,167 ,369 ,505 ,250 ,147 ,122 ,170 ,150 ,113 ,127 ,154 ,232 ,128 ,81 ,54 ,42 ,23 ,8 
2026-06-04,111,쌍촌                ,하차,13 ,16 ,99 ,206 ,82 ,54 ,78 ,76 ,100 ,109 ,150 ,163 ,299 ,403 ,201 ,105 ,113 ,85 ,54 
2026-06-04,112,운천                ,승차,53 ,156 ,386 ,572 ,290 ,205 ,168 ,163 ,171 ,155 ,156 ,210 ,336 ,265 ,113 ,91 ,99 ,70 ,39 
2026-06-04,112,운천                ,하차,16 ,41 ,149 ,448 ,174 ,114 ,124 ,131 ,162 ,114 ,190 ,236 ,436 ,515 ,256 ,156 ,147 ,128 ,55 
2026-06-04,113,상무                ,승차,52 ,120 ,382 ,538 ,259 ,248 ,267 ,259 ,248 ,209 ,236 ,271 ,332 ,493 ,213 ,180 ,156 ,100 ,37 
2026-06-04,113,상무                ,하차,34 ,63 ,163 ,689 ,354 ,229 ,220 ,194 ,240 ,240 ,283 ,339 ,545 ,578 ,250 ,158 ,144 ,102 ,55 
2026-06-04,114,컨벤션센터          ,승차,21 ,34 ,92 ,148 ,88 ,56 ,52 ,79 ,63 ,70 ,75 ,87 ,140 ,136 ,34 ,45 ,41 ,21 ,10 
2026-06-04,114,컨벤션센터          ,하차,15 ,27 ,94 ,225 ,85 ,59 ,73 ,63 ,70 ,78 ,52 ,55 ,120 ,110 ,44 ,36 ,39 ,21 ,14 
2026-06-04,115,공항                ,승차,23 ,44 ,142 ,184 ,119 ,71 ,57 ,50 ,63 ,54 ,43 ,95 ,84 ,62 ,59 ,33 ,19 ,7 ,5 
2026-06-04,115,공항                ,하차,7 ,35 ,67 ,111 ,43 ,40 ,53 ,41 ,72 ,49 ,70 ,70 ,107 ,114 ,53 ,33 ,28 ,24 ,27 
2026-06-04,116,송정공원            ,승차,45 ,144 ,519 ,457 ,229 ,193 ,182 ,187 ,154 ,136 ,192 ,166 ,235 ,271 ,111 ,68 ,54 ,34 ,25 
2026-06-04,116,송정공원            ,하차,30 ,79 ,155 ,334 ,150 ,110 ,111 ,161 ,169 ,145 ,183 ,251 ,496 ,367 ,197 ,145 ,115 ,92 ,53 
2026-06-04,117,광주송정            ,승차,26 ,66 ,348 ,414 ,313 ,340 ,323 ,339 ,209 ,220 ,260 ,249 ,441 ,407 ,242 ,215 ,213 ,83 ,91 
2026-06-04,117,광주송정            ,하차,64 ,90 ,403 ,396 ,234 ,298 ,200 ,187 ,226 ,247 ,269 ,314 ,413 ,477 ,241 ,178 ,97 ,149 ,46 
2026-06-04,118,도산                ,승차,40 ,92 ,336 ,253 ,124 ,82 ,75 ,104 ,98 ,64 ,56 ,91 ,120 ,140 ,74 ,43 ,73 ,15 ,17 
2026-06-04,118,도산                ,하차,10 ,28 ,77 ,110 ,56 ,59 ,66 ,54 ,66 ,60 ,82 ,115 ,218 ,211 ,116 ,74 ,102 ,76 ,24 
2026-06-04,119,평동                ,승차,16 ,28 ,109 ,105 ,72 ,60 ,84 ,77 ,87 ,77 ,96 ,186 ,636 ,296 ,247 ,135 ,85 ,25 ,17 
2026-06-04,119,평동                ,하차,21 ,295 ,850 ,324 ,80 ,84 ,75 ,57 ,76 ,88 ,56 ,45 ,72 ,93 ,58 ,39 ,37 ,30 ,16 
2026-06-05,100,녹동                ,승차,1 ,6 ,30 ,41 ,11 ,8 ,9 ,10 ,9 ,12 ,10 ,2 ,19 ,21 ,6 ,0 ,1 ,0 ,0 
2026-06-05,100,녹동                ,하차,0 ,16 ,10 ,31 ,4 ,5 ,4 ,5 ,5 ,8 ,7 ,7 ,17 ,14 ,5 ,2 ,1 ,4 ,2 
2026-06-05,101,소태                ,승차,42 ,101 ,242 ,386 ,172 ,133 ,124 ,143 ,152 ,138 ,123 ,193 ,183 ,170 ,89 ,56 ,29 ,28 ,10 
2026-06-05,101,소태                ,하차,3 ,46 ,103 ,220 ,91 ,104 ,115 ,122 ,119 ,142 ,151 ,176 ,226 ,247 ,148 ,119 ,123 ,78 ,50 
2026-06-05,102,학동증심사          ,승차,35 ,60 ,163 ,236 ,179 ,157 ,143 ,151 ,136 ,126 ,156 ,259 ,235 ,176 ,61 ,50 ,39 ,26 ,18 
2026-06-05,102,학동증심사          ,하차,3 ,54 ,121 ,233 ,134 ,143 ,140 ,95 ,136 ,110 ,156 ,178 ,207 ,217 ,84 ,75 ,86 ,54 ,44 
2026-06-05,103,남광주              ,승차,58 ,153 ,273 ,436 ,279 ,285 ,277 ,308 ,280 ,258 ,376 ,408 ,572 ,331 ,144 ,138 ,118 ,60 ,55 
2026-06-05,103,남광주              ,하차,9 ,194 ,321 ,798 ,386 ,320 ,237 ,233 ,266 ,255 ,256 ,272 ,331 ,446 ,166 ,144 ,145 ,109 ,64 
2026-06-05,104,문화전당            ,승차,22 ,30 ,63 ,84 ,46 ,94 ,110 ,162 ,144 ,200 ,259 ,278 ,370 ,598 ,256 ,269 ,313 ,272 ,110 
2026-06-05,104,문화전당            ,하차,9 ,42 ,109 ,572 ,241 ,191 ,255 ,250 ,290 ,228 ,262 ,242 ,281 ,363 ,226 ,121 ,75 ,52 ,60 
2026-06-05,105,금남로4가           ,승차,21 ,80 ,181 ,238 ,133 ,168 ,206 ,238 ,225 ,277 ,360 ,454 ,509 ,530 ,256 ,221 ,240 ,163 ,44 
2026-06-05,105,금남로4가           ,하차,29 ,58 ,167 ,639 ,333 ,276 ,313 ,316 ,325 ,261 ,301 ,239 ,411 ,348 ,143 ,92 ,92 ,60 ,44 
2026-06-05,106,금남로5가           ,승차,22 ,73 ,126 ,173 ,83 ,101 ,102 ,105 ,121 ,125 ,193 ,250 ,300 ,329 ,111 ,91 ,136 ,44 ,18 
2026-06-05,106,금남로5가           ,하차,18 ,27 ,114 ,513 ,174 ,137 ,122 ,149 ,147 ,102 ,147 ,114 ,201 ,209 ,83 ,51 ,58 ,37 ,32 
2026-06-05,107,양동시장            ,승차,32 ,80 ,144 ,253 ,142 ,172 ,154 ,183 ,217 ,173 ,204 ,231 ,254 ,311 ,108 ,73 ,39 ,16 ,14 
2026-06-05,107,양동시장            ,하차,26 ,50 ,127 ,335 ,191 ,179 ,164 ,185 ,200 ,197 ,226 ,241 ,273 ,262 ,85 ,61 ,62 ,42 ,43 
2026-06-05,108,돌고개              ,승차,54 ,84 ,203 ,336 ,163 ,142 ,102 ,122 ,105 ,151 ,112 ,102 ,131 ,143 ,56 ,51 ,44 ,28 ,18 
2026-06-05,108,돌고개              ,하차,13 ,33 ,64 ,156 ,101 ,74 ,114 ,117 ,136 ,107 ,145 ,193 ,212 ,273 ,102 ,105 ,88 ,55 ,44 
2026-06-05,109,농성                ,승차,48 ,110 ,222 ,452 ,192 ,180 ,185 ,197 ,189 ,189 ,199 ,202 ,313 ,271 ,135 ,116 ,106 ,110 ,23 
2026-06-05,109,농성                ,하차,16 ,45 ,119 ,291 ,164 ,147 ,200 ,185 ,183 ,197 ,203 ,246 ,363 ,454 ,185 ,112 ,137 ,78 ,51 
2026-06-05,110,화정                ,승차,36 ,92 ,266 ,403 ,174 ,141 ,132 ,149 ,121 ,102 ,138 ,142 ,142 ,164 ,97 ,64 ,60 ,104 ,15 
2026-06-05,110,화정                ,하차,9 ,23 ,157 ,220 ,94 ,95 ,95 ,102 ,89 ,116 ,137 ,161 ,290 ,323 ,116 ,94 ,83 ,81 ,48 
2026-06-05,111,쌍촌                ,승차,71 ,171 ,343 ,506 ,207 ,165 ,114 ,159 ,148 ,127 ,134 ,202 ,184 ,187 ,100 ,74 ,64 ,25 ,11 
2026-06-05,111,쌍촌                ,하차,9 ,17 ,88 ,209 ,107 ,67 ,86 ,100 ,102 ,103 ,137 ,209 ,337 ,341 ,156 ,139 ,151 ,102 ,55 
2026-06-05,112,운천                ,승차,43 ,144 ,361 ,514 ,241 ,184 ,179 ,244 ,177 ,148 ,175 ,316 ,287 ,294 ,147 ,116 ,152 ,92 ,60 
2026-06-05,112,운천                ,하차,24 ,51 ,118 ,483 ,164 ,88 ,122 ,131 ,144 ,133 ,194 ,236 ,466 ,662 ,348 ,255 ,219 ,188 ,104 
2026-06-05,113,상무                ,승차,45 ,127 ,404 ,523 ,233 ,255 ,243 ,258 ,251 ,242 ,266 ,294 ,427 ,546 ,209 ,199 ,208 ,147 ,56 
2026-06-05,113,상무                ,하차,42 ,57 ,156 ,697 ,301 ,227 ,214 ,233 ,252 ,262 ,324 ,384 ,541 ,685 ,294 ,148 ,201 ,177 ,106 
2026-06-05,114,컨벤션센터          ,승차,10 ,40 ,94 ,145 ,73 ,57 ,56 ,65 ,81 ,78 ,100 ,89 ,126 ,160 ,61 ,57 ,46 ,22 ,12 
2026-06-05,114,컨벤션센터          ,하차,7 ,35 ,104 ,219 ,99 ,67 ,79 ,60 ,58 ,85 ,76 ,71 ,114 ,151 ,63 ,43 ,35 ,40 ,23 
2026-06-05,115,공항                ,승차,22 ,40 ,161 ,168 ,108 ,64 ,137 ,42 ,65 ,55 ,66 ,129 ,109 ,111 ,70 ,33 ,14 ,8 ,7 
2026-06-05,115,공항                ,하차,16 ,44 ,63 ,86 ,47 ,36 ,46 ,44 ,64 ,65 ,83 ,93 ,107 ,114 ,41 ,28 ,43 ,37 ,21 
2026-06-05,116,송정공원            ,승차,35 ,149 ,519 ,432 ,206 ,128 ,159 ,160 ,148 ,177 ,211 ,242 ,271 ,282 ,106 ,62 ,49 ,25 ,14 
2026-06-05,116,송정공원            ,하차,21 ,78 ,150 ,310 ,134 ,107 ,104 ,191 ,173 ,146 ,198 ,291 ,336 ,366 ,182 ,145 ,150 ,135 ,63 
2026-06-05,117,광주송정            ,승차,20 ,70 ,310 ,330 ,283 ,253 ,339 ,451 ,322 ,433 ,346 ,372 ,974 ,605 ,350 ,425 ,367 ,142 ,219 
2026-06-05,117,광주송정            ,하차,61 ,91 ,376 ,391 ,267 ,397 ,317 ,290 ,323 ,340 ,301 ,432 ,536 ,754 ,391 ,325 ,224 ,237 ,52 
2026-06-05,118,도산                ,승차,38 ,77 ,314 ,276 ,128 ,109 ,85 ,97 ,116 ,103 ,93 ,110 ,170 ,193 ,66 ,45 ,28 ,27 ,16 
2026-06-05,118,도산                ,하차,10 ,29 ,74 ,114 ,62 ,70 ,75 ,77 ,67 ,78 ,107 ,106 ,228 ,187 ,120 ,92 ,78 ,128 ,26 
2026-06-05,119,평동                ,승차,26 ,33 ,97 ,117 ,69 ,74 ,64 ,93 ,124 ,92 ,155 ,196 ,682 ,293 ,202 ,119 ,80 ,14 ,14 
2026-06-05,119,평동                ,하차,32 ,273 ,829 ,274 ,89 ,63 ,89 ,80 ,82 ,67 ,96 ,78 ,85 ,110 ,87 ,52 ,29 ,46 ,14 
2026-06-06,100,녹동                ,승차,0 ,2 ,14 ,10 ,15 ,14 ,13 ,12 ,7 ,8 ,4 ,2 ,14 ,3 ,6 ,2 ,6 ,0 ,0 
2026-06-06,100,녹동                ,하차,0 ,0 ,5 ,15 ,6 ,9 ,5 ,3 ,7 ,6 ,7 ,12 ,10 ,5 ,3 ,18 ,8 ,0 ,0 
2026-06-06,101,소태                ,승차,48 ,86 ,90 ,113 ,150 ,117 ,145 ,132 ,159 ,120 ,118 ,137 ,120 ,76 ,54 ,33 ,43 ,30 ,12 
2026-06-06,101,소태                ,하차,0 ,61 ,93 ,89 ,68 ,61 ,63 ,65 ,102 ,82 ,117 ,192 ,141 ,172 ,142 ,137 ,92 ,90 ,51 
2026-06-06,102,학동증심사          ,승차,43 ,61 ,80 ,76 ,99 ,138 ,132 ,141 ,129 ,132 ,119 ,137 ,100 ,132 ,46 ,34 ,21 ,11 ,18 
2026-06-06,102,학동증심사          ,하차,4 ,51 ,88 ,117 ,122 ,104 ,77 ,77 ,90 ,108 ,111 ,131 ,142 ,162 ,78 ,69 ,85 ,36 ,56 
2026-06-06,103,남광주              ,승차,44 ,222 ,258 ,213 ,195 ,208 ,197 ,195 ,213 ,221 ,196 ,163 ,214 ,131 ,93 ,123 ,65 ,56 ,126 
2026-06-06,103,남광주              ,하차,24 ,249 ,181 ,148 ,161 ,148 ,173 ,178 ,180 ,186 ,167 ,186 ,232 ,210 ,111 ,128 ,104 ,95 ,46 
2026-06-06,104,문화전당            ,승차,16 ,17 ,26 ,44 ,52 ,54 ,79 ,163 ,198 ,219 ,404 ,473 ,466 ,493 ,421 ,417 ,478 ,264 ,155 
2026-06-06,104,문화전당            ,하차,5 ,26 ,41 ,121 ,211 ,246 ,395 ,431 ,514 ,364 ,311 ,326 ,304 ,294 ,191 ,114 ,101 ,51 ,57 
2026-06-06,105,금남로4가           ,승차,28 ,57 ,34 ,79 ,107 ,121 ,150 ,189 ,206 ,284 ,405 ,480 ,441 ,460 ,357 ,248 ,206 ,143 ,51 
2026-06-06,105,금남로4가           ,하차,12 ,27 ,45 ,132 ,211 ,245 ,411 ,405 ,468 ,414 ,321 ,310 ,305 ,232 ,144 ,113 ,87 ,43 ,39 
2026-06-06,106,금남로5가           ,승차,24 ,23 ,48 ,43 ,65 ,77 ,75 ,65 ,92 ,124 ,115 ,163 ,138 ,157 ,90 ,105 ,76 ,29 ,10 
2026-06-06,106,금남로5가           ,하차,10 ,22 ,42 ,51 ,107 ,86 ,173 ,116 ,154 ,145 ,118 ,102 ,113 ,167 ,30 ,61 ,48 ,22 ,31 
2026-06-06,107,양동시장            ,승차,28 ,79 ,75 ,103 ,131 ,164 ,160 ,165 ,138 ,175 ,166 ,194 ,193 ,139 ,95 ,51 ,44 ,25 ,17 
2026-06-06,107,양동시장            ,하차,30 ,65 ,77 ,99 ,160 ,166 ,177 ,169 ,155 ,195 ,182 ,192 ,133 ,121 ,80 ,50 ,53 ,43 ,31 
2026-06-06,108,돌고개              ,승차,37 ,53 ,72 ,69 ,118 ,100 ,134 ,104 ,78 ,97 ,86 ,98 ,88 ,61 ,52 ,49 ,40 ,24 ,20 
2026-06-06,108,돌고개              ,하차,12 ,30 ,29 ,71 ,64 ,53 ,86 ,59 ,80 ,88 ,120 ,116 ,145 ,134 ,88 ,86 ,82 ,47 ,49 
2026-06-06,109,농성                ,승차,41 ,66 ,77 ,111 ,168 ,130 ,180 ,222 ,228 ,159 ,181 ,215 ,201 ,157 ,110 ,111 ,149 ,44 ,23 
2026-06-06,109,농성                ,하차,17 ,43 ,47 ,100 ,137 ,140 ,166 ,163 ,156 ,157 ,247 ,251 ,237 ,191 ,156 ,124 ,109 ,75 ,61 
2026-06-06,110,화정                ,승차,51 ,63 ,80 ,84 ,121 ,120 ,135 ,132 ,106 ,91 ,105 ,108 ,89 ,93 ,62 ,53 ,44 ,30 ,15 
2026-06-06,110,화정                ,하차,8 ,18 ,22 ,69 ,61 ,56 ,74 ,77 ,72 ,91 ,102 ,119 ,123 ,115 ,81 ,74 ,68 ,66 ,46 
2026-06-06,111,쌍촌                ,승차,60 ,102 ,85 ,129 ,143 ,155 ,191 ,118 ,119 ,112 ,107 ,116 ,138 ,95 ,78 ,57 ,53 ,44 ,13 
2026-06-06,111,쌍촌                ,하차,10 ,12 ,29 ,50 ,71 ,59 ,51 ,82 ,76 ,106 ,94 ,120 ,127 ,131 ,141 ,120 ,106 ,71 ,75 
2026-06-06,112,운천                ,승차,38 ,75 ,107 ,136 ,153 ,164 ,138 ,185 ,209 ,151 ,140 ,177 ,150 ,141 ,129 ,97 ,124 ,105 ,67 
2026-06-06,112,운천                ,하차,13 ,29 ,39 ,84 ,91 ,94 ,107 ,125 ,102 ,110 ,177 ,178 ,257 ,277 ,242 ,222 ,269 ,137 ,102 
2026-06-06,113,상무                ,승차,59 ,55 ,107 ,126 ,174 ,203 ,231 ,191 ,242 ,203 ,202 ,235 ,195 ,177 ,179 ,144 ,113 ,98 ,48 
2026-06-06,113,상무                ,하차,23 ,34 ,73 ,106 ,157 ,168 ,166 ,140 ,203 ,215 ,239 ,242 ,307 ,238 ,203 ,175 ,198 ,136 ,86 
2026-06-06,114,컨벤션센터          ,승차,13 ,22 ,31 ,47 ,44 ,50 ,47 ,65 ,121 ,101 ,215 ,132 ,112 ,75 ,60 ,128 ,46 ,14 ,12 
2026-06-06,114,컨벤션센터          ,하차,14 ,32 ,31 ,77 ,92 ,110 ,139 ,127 ,110 ,77 ,82 ,92 ,148 ,56 ,40 ,34 ,39 ,29 ,15 
2026-06-06,115,공항                ,승차,24 ,23 ,31 ,68 ,82 ,70 ,60 ,75 ,42 ,67 ,39 ,80 ,62 ,37 ,47 ,31 ,18 ,4 ,21 
2026-06-06,115,공항                ,하차,8 ,22 ,37 ,56 ,33 ,40 ,37 ,34 ,56 ,64 ,70 ,67 ,63 ,68 ,33 ,34 ,21 ,26 ,20 
2026-06-06,116,송정공원            ,승차,43 ,68 ,101 ,118 ,128 ,127 ,185 ,164 ,151 ,105 ,126 ,132 ,139 ,119 ,94 ,50 ,48 ,32 ,11 
2026-06-06,116,송정공원            ,하차,34 ,47 ,54 ,93 ,89 ,72 ,65 ,87 ,118 ,136 ,116 ,169 ,171 ,179 ,132 ,133 ,125 ,106 ,64 
2026-06-06,117,광주송정            ,승차,15 ,34 ,162 ,209 ,399 ,327 ,434 ,445 ,420 ,399 ,320 ,332 ,632 ,305 ,265 ,376 ,328 ,129 ,111 
2026-06-06,117,광주송정            ,하차,68 ,92 ,241 ,181 ,299 ,468 ,367 ,227 ,316 ,293 ,290 ,443 ,392 ,438 ,343 ,281 ,335 ,185 ,57 
2026-06-06,118,도산                ,승차,32 ,42 ,61 ,87 ,78 ,108 ,101 ,104 ,125 ,87 ,97 ,91 ,88 ,81 ,49 ,45 ,40 ,14 ,14 
2026-06-06,118,도산                ,하차,15 ,18 ,43 ,42 ,37 ,55 ,76 ,61 ,48 ,58 ,100 ,88 ,128 ,96 ,88 ,87 ,95 ,52 ,35 
2026-06-06,119,평동                ,승차,30 ,28 ,50 ,70 ,61 ,94 ,52 ,103 ,80 ,84 ,128 ,125 ,233 ,96 ,67 ,62 ,20 ,22 ,10 
2026-06-06,119,평동                ,하차,40 ,97 ,222 ,121 ,83 ,40 ,45 ,53 ,61 ,57 ,79 ,61 ,68 ,73 ,65 ,86 ,61 ,44 ,38 
2026-06-07,100,녹동                ,승차,0 ,0 ,4 ,9 ,14 ,17 ,10 ,12 ,10 ,4 ,4 ,1 ,8 ,2 ,2 ,2 ,1 ,0 ,0 
2026-06-07,100,녹동                ,하차,0 ,0 ,4 ,5 ,2 ,5 ,3 ,7 ,6 ,4 ,6 ,11 ,13 ,5 ,7 ,4 ,1 ,0 ,0 
2026-06-07,101,소태                ,승차,25 ,27 ,52 ,59 ,106 ,101 ,73 ,121 ,121 ,93 ,95 ,109 ,94 ,63 ,75 ,36 ,30 ,12 ,9 
2026-06-07,101,소태                ,하차,6 ,31 ,45 ,50 ,58 ,55 ,54 ,74 ,68 ,72 ,90 ,108 ,104 ,116 ,77 ,78 ,71 ,54 ,29 
2026-06-07,102,학동증심사          ,승차,23 ,25 ,35 ,48 ,83 ,70 ,61 ,130 ,110 ,95 ,91 ,49 ,73 ,52 ,39 ,28 ,21 ,11 ,8 
2026-06-07,102,학동증심사          ,하차,4 ,26 ,34 ,71 ,73 ,77 ,58 ,75 ,73 ,84 ,67 ,81 ,108 ,96 ,52 ,69 ,58 ,26 ,31 
2026-06-07,103,남광주              ,승차,32 ,54 ,72 ,86 ,151 ,134 ,102 ,141 ,145 ,130 ,159 ,182 ,157 ,109 ,109 ,80 ,66 ,35 ,27 
2026-06-07,103,남광주              ,하차,1 ,61 ,66 ,87 ,102 ,99 ,121 ,119 ,179 ,162 ,157 ,170 ,171 ,146 ,106 ,117 ,89 ,81 ,53 
2026-06-07,104,문화전당            ,승차,14 ,13 ,27 ,98 ,57 ,57 ,73 ,92 ,118 ,179 ,213 ,283 ,315 ,360 ,327 ,330 ,279 ,129 ,75 
2026-06-07,104,문화전당            ,하차,3 ,61 ,42 ,78 ,110 ,145 ,235 ,311 ,314 ,269 ,231 ,196 ,208 ,180 ,94 ,75 ,55 ,42 ,68 
2026-06-07,105,금남로4가           ,승차,14 ,20 ,25 ,41 ,62 ,85 ,75 ,126 ,156 ,181 ,262 ,305 ,344 ,281 ,187 ,198 ,165 ,60 ,37 
2026-06-07,105,금남로4가           ,하차,13 ,27 ,34 ,85 ,105 ,143 ,225 ,349 ,378 ,274 ,225 ,176 ,173 ,146 ,102 ,84 ,54 ,42 ,43 
2026-06-07,106,금남로5가           ,승차,12 ,16 ,31 ,29 ,60 ,61 ,42 ,57 ,73 ,74 ,107 ,159 ,91 ,95 ,79 ,92 ,47 ,28 ,13 
2026-06-07,106,금남로5가           ,하차,8 ,11 ,24 ,47 ,80 ,96 ,85 ,96 ,201 ,69 ,59 ,56 ,67 ,59 ,36 ,32 ,36 ,32 ,19 
2026-06-07,107,양동시장            ,승차,16 ,29 ,56 ,60 ,65 ,106 ,76 ,91 ,90 ,81 ,89 ,67 ,82 ,49 ,48 ,45 ,29 ,14 ,9 
2026-06-07,107,양동시장            ,하차,14 ,34 ,33 ,50 ,66 ,85 ,53 ,73 ,86 ,88 ,87 ,90 ,82 ,94 ,36 ,40 ,25 ,23 ,39 
2026-06-07,108,돌고개              ,승차,33 ,39 ,38 ,55 ,75 ,79 ,60 ,102 ,69 ,78 ,75 ,55 ,71 ,49 ,29 ,39 ,21 ,15 ,16 
2026-06-07,108,돌고개              ,하차,13 ,23 ,16 ,35 ,35 ,44 ,48 ,40 ,67 ,77 ,76 ,75 ,98 ,98 ,76 ,63 ,50 ,37 ,21 
2026-06-07,109,농성                ,승차,25 ,27 ,53 ,94 ,133 ,126 ,119 ,148 ,148 ,151 ,151 ,129 ,149 ,122 ,88 ,83 ,103 ,59 ,20 
2026-06-07,109,농성                ,하차,15 ,21 ,47 ,68 ,149 ,136 ,96 ,120 ,150 ,132 ,129 ,172 ,171 ,143 ,111 ,83 ,90 ,31 ,55 
2026-06-07,110,화정                ,승차,15 ,37 ,53 ,56 ,74 ,83 ,66 ,98 ,83 ,81 ,61 ,74 ,90 ,61 ,58 ,37 ,30 ,23 ,11 
2026-06-07,110,화정                ,하차,7 ,18 ,14 ,31 ,30 ,42 ,45 ,54 ,44 ,45 ,74 ,77 ,81 ,77 ,69 ,59 ,68 ,46 ,45 
2026-06-07,111,쌍촌                ,승차,28 ,45 ,51 ,89 ,102 ,107 ,91 ,94 ,224 ,80 ,86 ,79 ,94 ,79 ,62 ,42 ,38 ,16 ,8 
2026-06-07,111,쌍촌                ,하차,8 ,13 ,23 ,32 ,38 ,35 ,35 ,49 ,60 ,71 ,102 ,86 ,105 ,118 ,82 ,73 ,86 ,54 ,51 
2026-06-07,112,운천                ,승차,31 ,63 ,68 ,87 ,109 ,107 ,119 ,167 ,146 ,109 ,126 ,144 ,113 ,113 ,110 ,85 ,71 ,62 ,29 
2026-06-07,112,운천                ,하차,13 ,27 ,31 ,57 ,79 ,93 ,42 ,81 ,83 ,111 ,121 ,133 ,152 ,164 ,126 ,139 ,122 ,86 ,68 
2026-06-07,113,상무                ,승차,31 ,56 ,73 ,96 ,127 ,165 ,125 ,188 ,190 ,149 ,138 ,152 ,194 ,115 ,119 ,116 ,81 ,63 ,34 
2026-06-07,113,상무                ,하차,8 ,22 ,38 ,87 ,116 ,139 ,98 ,138 ,172 ,156 ,171 ,174 ,196 ,154 ,141 ,116 ,110 ,69 ,73 
2026-06-07,114,컨벤션센터          ,승차,6 ,9 ,24 ,30 ,38 ,39 ,25 ,53 ,57 ,60 ,69 ,59 ,71 ,44 ,35 ,25 ,21 ,11 ,5 
2026-06-07,114,컨벤션센터          ,하차,6 ,21 ,17 ,48 ,46 ,46 ,73 ,47 ,53 ,37 ,37 ,33 ,58 ,47 ,28 ,33 ,29 ,20 ,15 
2026-06-07,115,공항                ,승차,13 ,18 ,11 ,47 ,71 ,48 ,45 ,45 ,38 ,43 ,23 ,77 ,57 ,32 ,36 ,18 ,12 ,8 ,95 
2026-06-07,115,공항                ,하차,8 ,14 ,20 ,40 ,27 ,32 ,27 ,20 ,47 ,37 ,64 ,46 ,47 ,39 ,31 ,23 ,18 ,16 ,22 
2026-06-07,116,송정공원            ,승차,21 ,39 ,58 ,75 ,91 ,96 ,109 ,130 ,123 ,74 ,115 ,95 ,88 ,82 ,52 ,42 ,34 ,17 ,11 
2026-06-07,116,송정공원            ,하차,19 ,36 ,35 ,61 ,60 ,80 ,57 ,67 ,68 ,112 ,83 ,124 ,152 ,118 ,116 ,113 ,93 ,69 ,37 
2026-06-07,117,광주송정            ,승차,12 ,37 ,55 ,134 ,221 ,211 ,374 ,416 ,284 ,361 ,270 ,365 ,553 ,296 ,253 ,419 ,352 ,136 ,211 
2026-06-07,117,광주송정            ,하차,32 ,56 ,183 ,164 ,248 ,431 ,248 ,205 ,230 ,234 ,240 ,359 ,397 ,419 ,479 ,494 ,294 ,230 ,28 
2026-06-07,118,도산                ,승차,16 ,33 ,53 ,58 ,66 ,66 ,69 ,95 ,78 ,72 ,51 ,47 ,74 ,50 ,42 ,39 ,22 ,11 ,11 
2026-06-07,118,도산                ,하차,10 ,14 ,21 ,23 ,33 ,48 ,53 ,51 ,38 ,63 ,67 ,102 ,82 ,79 ,69 ,58 ,59 ,41 ,24 
2026-06-07,119,평동                ,승차,13 ,32 ,45 ,49 ,54 ,81 ,59 ,62 ,77 ,86 ,88 ,69 ,81 ,82 ,58 ,45 ,18 ,11 ,10 
2026-06-07,119,평동                ,하차,10 ,33 ,58 ,64 ,44 ,42 ,49 ,65 ,59 ,64 ,71 ,82 ,79 ,87 ,70 ,57 ,39 ,33 ,28 
2026-06-08,100,녹동                ,승차,1 ,6 ,30 ,26 ,10 ,10 ,18 ,9 ,10 ,13 ,9 ,7 ,18 ,21 ,1 ,0 ,0 ,1 ,0 
2026-06-08,100,녹동                ,하차,0 ,8 ,17 ,19 ,0 ,4 ,5 ,6 ,3 ,13 ,6 ,24 ,17 ,19 ,7 ,3 ,3 ,3 ,0 
2026-06-08,101,소태                ,승차,46 ,109 ,240 ,399 ,184 ,145 ,105 ,144 ,143 ,99 ,126 ,129 ,134 ,141 ,48 ,38 ,35 ,20 ,23 
2026-06-08,101,소태                ,하차,1 ,46 ,107 ,217 ,82 ,117 ,93 ,105 ,112 ,132 ,133 ,160 ,195 ,247 ,138 ,79 ,83 ,69 ,38 
2026-06-08,102,학동증심사          ,승차,37 ,67 ,132 ,262 ,148 ,150 ,146 ,129 ,139 ,128 ,135 ,160 ,277 ,156 ,79 ,40 ,34 ,14 ,8 
2026-06-08,102,학동증심사          ,하차,3 ,45 ,124 ,254 ,131 ,137 ,127 ,120 ,130 ,128 ,166 ,151 ,168 ,195 ,72 ,86 ,60 ,49 ,26 
2026-06-08,103,남광주              ,승차,58 ,167 ,305 ,372 ,288 ,272 ,301 ,308 ,251 ,313 ,413 ,447 ,649 ,397 ,128 ,146 ,111 ,93 ,151 
2026-06-08,103,남광주              ,하차,12 ,188 ,313 ,"1,002 ",568 ,424 ,335 ,354 ,412 ,326 ,290 ,256 ,290 ,372 ,160 ,120 ,106 ,76 ,38 
2026-06-08,104,문화전당            ,승차,18 ,34 ,55 ,91 ,81 ,78 ,99 ,137 ,147 ,181 ,174 ,249 ,283 ,487 ,196 ,186 ,177 ,162 ,62 
2026-06-08,104,문화전당            ,하차,10 ,49 ,130 ,553 ,240 ,157 ,165 ,174 ,176 ,154 ,155 ,154 ,218 ,206 ,117 ,65 ,33 ,22 ,42 
2026-06-08,105,금남로4가           ,승차,29 ,73 ,161 ,234 ,126 ,137 ,201 ,230 ,257 ,268 ,297 ,406 ,420 ,472 ,225 ,178 ,153 ,91 ,19 
2026-06-08,105,금남로4가           ,하차,26 ,51 ,182 ,650 ,326 ,288 ,273 ,265 ,293 ,209 ,221 ,213 ,278 ,266 ,125 ,76 ,62 ,43 ,19 
2026-06-08,106,금남로5가           ,승차,22 ,70 ,135 ,183 ,101 ,82 ,101 ,87 ,119 ,120 ,147 ,210 ,197 ,359 ,73 ,60 ,106 ,34 ,18 
2026-06-08,106,금남로5가           ,하차,20 ,37 ,109 ,530 ,167 ,113 ,117 ,126 ,165 ,109 ,93 ,99 ,137 ,260 ,55 ,39 ,45 ,15 ,16 
2026-06-08,107,양동시장            ,승차,32 ,84 ,169 ,242 ,158 ,159 ,152 ,148 ,230 ,164 ,191 ,216 ,208 ,304 ,77 ,40 ,32 ,34 ,13 
2026-06-08,107,양동시장            ,하차,23 ,50 ,110 ,358 ,166 ,166 ,167 ,177 ,233 ,169 ,220 ,196 ,171 ,208 ,86 ,64 ,62 ,40 ,27 
2026-06-08,108,돌고개              ,승차,49 ,108 ,208 ,322 ,165 ,130 ,117 ,116 ,127 ,141 ,103 ,111 ,133 ,120 ,41 ,32 ,33 ,22 ,20 
2026-06-08,108,돌고개              ,하차,11 ,26 ,59 ,178 ,123 ,130 ,105 ,116 ,121 ,139 ,156 ,180 ,220 ,284 ,126 ,81 ,97 ,62 ,43 
2026-06-08,109,농성                ,승차,56 ,99 ,254 ,487 ,235 ,165 ,160 ,201 ,190 ,198 ,196 ,194 ,226 ,236 ,110 ,83 ,47 ,35 ,40 
2026-06-08,109,농성                ,하차,18 ,56 ,124 ,283 ,211 ,134 ,172 ,157 ,199 ,175 ,194 ,201 ,263 ,394 ,135 ,93 ,91 ,52 ,59 
2026-06-08,110,화정                ,승차,35 ,103 ,244 ,406 ,197 ,145 ,134 ,134 ,126 ,128 ,150 ,160 ,148 ,122 ,93 ,49 ,45 ,64 ,8 
2026-06-08,110,화정                ,하차,5 ,34 ,151 ,190 ,114 ,103 ,119 ,76 ,101 ,122 ,139 ,143 ,226 ,238 ,124 ,82 ,68 ,50 ,27 
2026-06-08,111,쌍촌                ,승차,74 ,158 ,357 ,581 ,230 ,174 ,165 ,337 ,172 ,136 ,153 ,192 ,154 ,160 ,92 ,52 ,65 ,28 ,16 
2026-06-08,111,쌍촌                ,하차,11 ,21 ,82 ,189 ,88 ,79 ,103 ,119 ,103 ,109 ,160 ,175 ,340 ,416 ,196 ,117 ,112 ,81 ,45 
2026-06-08,112,운천                ,승차,43 ,151 ,416 ,516 ,264 ,209 ,151 ,178 ,187 ,171 ,187 ,258 ,230 ,289 ,130 ,107 ,128 ,56 ,53 
2026-06-08,112,운천                ,하차,9 ,39 ,113 ,480 ,165 ,97 ,109 ,131 ,141 ,154 ,168 ,214 ,456 ,558 ,237 ,190 ,129 ,129 ,56 
2026-06-08,113,상무                ,승차,65 ,103 ,395 ,513 ,260 ,245 ,284 ,310 ,229 ,264 ,311 ,287 ,323 ,475 ,198 ,157 ,160 ,111 ,41 
2026-06-08,113,상무                ,하차,39 ,56 ,168 ,758 ,335 ,218 ,235 ,231 ,222 ,241 ,313 ,308 ,472 ,562 ,232 ,135 ,126 ,112 ,81 
2026-06-08,114,컨벤션센터          ,승차,16 ,32 ,96 ,153 ,76 ,77 ,60 ,94 ,81 ,87 ,86 ,98 ,115 ,144 ,39 ,37 ,39 ,10 ,35 
2026-06-08,114,컨벤션센터          ,하차,14 ,18 ,71 ,216 ,137 ,61 ,62 ,55 ,62 ,66 ,75 ,86 ,114 ,122 ,61 ,29 ,36 ,19 ,9 
2026-06-08,115,공항                ,승차,19 ,33 ,163 ,202 ,134 ,73 ,64 ,70 ,72 ,69 ,44 ,62 ,81 ,81 ,52 ,21 ,15 ,5 ,26 
2026-06-08,115,공항                ,하차,12 ,33 ,63 ,99 ,49 ,47 ,63 ,39 ,49 ,61 ,87 ,105 ,114 ,100 ,59 ,30 ,40 ,23 ,16 
2026-06-08,116,송정공원            ,승차,54 ,148 ,513 ,441 ,237 ,178 ,190 ,171 ,156 ,165 ,190 ,180 ,202 ,248 ,115 ,56 ,38 ,27 ,12 
2026-06-08,116,송정공원            ,하차,28 ,66 ,153 ,297 ,158 ,134 ,123 ,195 ,205 ,150 ,179 ,298 ,438 ,398 ,213 ,155 ,104 ,98 ,36 
2026-06-08,117,광주송정            ,승차,24 ,102 ,410 ,470 ,374 ,279 ,401 ,435 ,237 ,320 ,286 ,301 ,477 ,366 ,253 ,177 ,198 ,68 ,96 
2026-06-08,117,광주송정            ,하차,98 ,132 ,478 ,407 ,334 ,399 ,345 ,316 ,316 ,297 ,296 ,322 ,380 ,399 ,200 ,148 ,125 ,97 ,40 
2026-06-08,118,도산                ,승차,32 ,78 ,307 ,275 ,117 ,80 ,69 ,110 ,96 ,119 ,74 ,99 ,166 ,172 ,57 ,32 ,30 ,37 ,18 
2026-06-08,118,도산                ,하차,12 ,26 ,77 ,107 ,45 ,85 ,84 ,73 ,65 ,104 ,122 ,131 ,220 ,203 ,113 ,100 ,71 ,94 ,32 
2026-06-08,119,평동                ,승차,12 ,23 ,93 ,99 ,70 ,79 ,56 ,73 ,72 ,71 ,131 ,164 ,640 ,299 ,246 ,146 ,90 ,12 ,15 
2026-06-08,119,평동                ,하차,48 ,241 ,849 ,304 ,93 ,59 ,56 ,77 ,82 ,69 ,62 ,75 ,80 ,91 ,85 ,47 ,31 ,29 ,13 
2026-06-09,100,녹동                ,승차,1 ,9 ,27 ,33 ,15 ,17 ,11 ,7 ,8 ,10 ,7 ,7 ,17 ,22 ,1 ,5 ,0 ,2 ,0 
2026-06-09,100,녹동                ,하차,0 ,11 ,15 ,26 ,1 ,3 ,3 ,10 ,5 ,4 ,5 ,23 ,12 ,19 ,5 ,5 ,4 ,3 ,0 
2026-06-09,101,소태                ,승차,48 ,110 ,248 ,400 ,184 ,144 ,134 ,127 ,109 ,118 ,128 ,115 ,140 ,134 ,84 ,38 ,30 ,25 ,15 
2026-06-09,101,소태                ,하차,12 ,51 ,104 ,204 ,80 ,83 ,122 ,123 ,111 ,131 ,134 ,172 ,204 ,273 ,156 ,85 ,101 ,64 ,29 
2026-06-09,102,학동증심사          ,승차,37 ,65 ,154 ,239 ,168 ,141 ,120 ,140 ,148 ,123 ,143 ,177 ,272 ,156 ,94 ,40 ,57 ,21 ,6 
2026-06-09,102,학동증심사          ,하차,4 ,57 ,134 ,249 ,168 ,136 ,108 ,99 ,127 ,120 ,143 ,175 ,171 ,216 ,97 ,76 ,74 ,41 ,21 
2026-06-09,103,남광주              ,승차,55 ,187 ,327 ,402 ,310 ,268 ,277 ,306 ,265 ,351 ,425 ,471 ,528 ,380 ,145 ,133 ,110 ,97 ,55 
2026-06-09,103,남광주              ,하차,18 ,195 ,343 ,906 ,544 ,375 ,298 ,356 ,380 ,325 ,250 ,247 ,281 ,374 ,166 ,103 ,113 ,89 ,38 
2026-06-09,104,문화전당            ,승차,17 ,36 ,58 ,79 ,63 ,83 ,134 ,136 ,142 ,176 ,222 ,240 ,323 ,497 ,220 ,184 ,204 ,152 ,57 
2026-06-09,104,문화전당            ,하차,9 ,45 ,130 ,593 ,254 ,161 ,193 ,143 ,204 ,179 ,153 ,166 ,225 ,236 ,133 ,106 ,41 ,34 ,38 
2026-06-09,105,금남로4가           ,승차,24 ,75 ,163 ,255 ,147 ,156 ,179 ,240 ,247 ,270 ,338 ,452 ,420 ,515 ,212 ,170 ,171 ,117 ,25 
2026-06-09,105,금남로4가           ,하차,24 ,51 ,194 ,663 ,367 ,274 ,302 ,286 ,273 ,253 ,232 ,221 ,317 ,271 ,131 ,65 ,64 ,36 ,38 
2026-06-09,106,금남로5가           ,승차,28 ,71 ,131 ,193 ,96 ,93 ,93 ,92 ,156 ,111 ,140 ,201 ,209 ,312 ,107 ,96 ,106 ,24 ,11 
2026-06-09,106,금남로5가           ,하차,22 ,34 ,113 ,536 ,235 ,151 ,129 ,123 ,149 ,110 ,99 ,93 ,125 ,164 ,74 ,31 ,36 ,22 ,25 
2026-06-09,107,양동시장            ,승차,40 ,72 ,187 ,260 ,182 ,152 ,169 ,169 ,189 ,185 ,219 ,230 ,226 ,311 ,89 ,51 ,40 ,11 ,19 
2026-06-09,107,양동시장            ,하차,18 ,57 ,125 ,365 ,204 ,166 ,190 ,180 ,174 ,203 ,209 ,211 ,206 ,200 ,84 ,41 ,45 ,27 ,30 
2026-06-09,108,돌고개              ,승차,51 ,129 ,215 ,369 ,146 ,130 ,143 ,107 ,118 ,118 ,95 ,110 ,127 ,119 ,51 ,40 ,35 ,16 ,14 
2026-06-09,108,돌고개              ,하차,17 ,23 ,59 ,160 ,135 ,69 ,114 ,139 ,134 ,113 ,142 ,173 ,212 ,287 ,127 ,102 ,77 ,56 ,36 
2026-06-09,109,농성                ,승차,51 ,113 ,246 ,455 ,245 ,160 ,156 ,159 ,161 ,148 ,174 ,187 ,228 ,255 ,107 ,83 ,67 ,26 ,9 
2026-06-09,109,농성                ,하차,20 ,53 ,106 ,296 ,175 ,137 ,144 ,141 ,160 ,164 ,197 ,179 ,248 ,373 ,140 ,97 ,126 ,70 ,36 
2026-06-09,110,화정                ,승차,47 ,105 ,256 ,413 ,184 ,124 ,105 ,177 ,119 ,94 ,111 ,139 ,138 ,138 ,108 ,43 ,42 ,45 ,9 
2026-06-09,110,화정                ,하차,10 ,33 ,121 ,208 ,109 ,103 ,95 ,81 ,92 ,83 ,129 ,152 ,219 ,262 ,118 ,81 ,95 ,60 ,29 
2026-06-09,111,쌍촌                ,승차,90 ,179 ,386 ,532 ,244 ,157 ,118 ,182 ,158 ,132 ,118 ,191 ,153 ,134 ,83 ,52 ,63 ,17 ,15 
2026-06-09,111,쌍촌                ,하차,7 ,24 ,85 ,206 ,87 ,63 ,97 ,77 ,89 ,127 ,140 ,193 ,282 ,399 ,158 ,114 ,111 ,81 ,36 
2026-06-09,112,운천                ,승차,34 ,160 ,378 ,565 ,252 ,199 ,152 ,185 ,172 ,138 ,136 ,256 ,204 ,279 ,117 ,96 ,119 ,82 ,46 
2026-06-09,112,운천                ,하차,12 ,46 ,121 ,483 ,149 ,92 ,107 ,96 ,134 ,123 ,164 ,206 ,400 ,546 ,239 ,174 ,162 ,124 ,51 
2026-06-09,113,상무                ,승차,52 ,143 ,407 ,566 ,235 ,235 ,276 ,260 ,245 ,222 ,246 ,286 ,334 ,487 ,209 ,164 ,199 ,123 ,36 
2026-06-09,113,상무                ,하차,41 ,72 ,187 ,726 ,350 ,222 ,222 ,225 ,258 ,244 ,273 ,337 ,472 ,606 ,226 ,166 ,154 ,115 ,75 
2026-06-09,114,컨벤션센터          ,승차,15 ,31 ,106 ,151 ,91 ,58 ,47 ,65 ,74 ,82 ,70 ,106 ,126 ,152 ,48 ,45 ,44 ,12 ,17 
2026-06-09,114,컨벤션센터          ,하차,9 ,27 ,84 ,233 ,93 ,140 ,71 ,64 ,60 ,55 ,95 ,74 ,105 ,120 ,51 ,38 ,44 ,25 ,13 
2026-06-09,115,공항                ,승차,18 ,44 ,156 ,153 ,157 ,76 ,64 ,51 ,61 ,58 ,32 ,56 ,107 ,75 ,64 ,19 ,10 ,3 ,20 
2026-06-09,115,공항                ,하차,9 ,63 ,97 ,83 ,47 ,36 ,49 ,52 ,59 ,32 ,57 ,80 ,101 ,107 ,55 ,42 ,46 ,23 ,14 
2026-06-09,116,송정공원            ,승차,63 ,144 ,516 ,472 ,259 ,159 ,204 ,141 ,155 ,173 ,174 ,157 ,218 ,270 ,92 ,60 ,39 ,29 ,13 
2026-06-09,116,송정공원            ,하차,31 ,82 ,176 ,341 ,151 ,85 ,117 ,194 ,183 ,148 ,181 ,296 ,426 ,368 ,238 ,169 ,154 ,83 ,31 
2026-06-09,117,광주송정            ,승차,25 ,66 ,308 ,478 ,269 ,234 ,291 ,294 ,229 ,261 ,225 ,332 ,421 ,369 ,178 ,229 ,218 ,93 ,87 
2026-06-09,117,광주송정            ,하차,57 ,136 ,377 ,412 ,258 ,345 ,221 ,249 ,241 ,228 ,239 ,287 ,383 ,394 ,234 ,166 ,112 ,90 ,33 
2026-06-09,118,도산                ,승차,42 ,78 ,327 ,299 ,118 ,97 ,76 ,109 ,80 ,80 ,66 ,91 ,162 ,147 ,64 ,49 ,31 ,24 ,19 
2026-06-09,118,도산                ,하차,18 ,29 ,90 ,144 ,74 ,67 ,78 ,71 ,61 ,80 ,80 ,137 ,193 ,200 ,116 ,78 ,78 ,109 ,21 
2026-06-09,119,평동                ,승차,27 ,33 ,116 ,120 ,96 ,65 ,58 ,84 ,101 ,79 ,119 ,205 ,614 ,309 ,238 ,122 ,97 ,8 ,13 
2026-06-09,119,평동                ,하차,16 ,319 ,859 ,361 ,89 ,68 ,86 ,71 ,68 ,74 ,73 ,64 ,72 ,101 ,83 ,52 ,27 ,30 ,15 
2026-06-10,100,녹동                ,승차,1 ,6 ,30 ,34 ,16 ,6 ,44 ,13 ,12 ,11 ,8 ,8 ,13 ,30 ,5 ,1 ,0 ,2 ,0 
2026-06-10,100,녹동                ,하차,0 ,4 ,13 ,25 ,3 ,3 ,15 ,6 ,11 ,8 ,8 ,17 ,23 ,18 ,7 ,4 ,3 ,2 ,0 
2026-06-10,101,소태                ,승차,37 ,93 ,246 ,388 ,164 ,146 ,106 ,125 ,113 ,122 ,135 ,152 ,140 ,156 ,57 ,52 ,30 ,32 ,22 
2026-06-10,101,소태                ,하차,2 ,47 ,96 ,209 ,68 ,92 ,103 ,102 ,119 ,102 ,144 ,178 ,172 ,273 ,131 ,118 ,101 ,64 ,47 
2026-06-10,102,학동증심사          ,승차,46 ,61 ,152 ,250 ,161 ,132 ,136 ,166 ,170 ,121 ,195 ,253 ,164 ,102 ,58 ,67 ,39 ,26 ,48 
2026-06-10,102,학동증심사          ,하차,2 ,59 ,132 ,236 ,138 ,144 ,126 ,109 ,131 ,129 ,149 ,174 ,184 ,211 ,98 ,83 ,61 ,51 ,47 
2026-06-10,103,남광주              ,승차,50 ,191 ,289 ,405 ,262 ,319 ,314 ,282 ,252 ,322 ,399 ,456 ,606 ,346 ,172 ,130 ,111 ,77 ,64 
2026-06-10,103,남광주              ,하차,15 ,211 ,356 ,"1,003 ",473 ,352 ,309 ,285 ,422 ,276 ,275 ,221 ,305 ,426 ,153 ,113 ,124 ,78 ,43 
2026-06-10,104,문화전당            ,승차,20 ,32 ,68 ,87 ,69 ,139 ,99 ,143 ,171 ,185 ,269 ,266 ,321 ,493 ,239 ,206 ,215 ,176 ,73 
2026-06-10,104,문화전당            ,하차,3 ,53 ,134 ,574 ,256 ,189 ,185 ,193 ,231 ,174 ,136 ,223 ,225 ,274 ,124 ,72 ,55 ,39 ,25 
2026-06-10,105,금남로4가           ,승차,18 ,86 ,161 ,260 ,161 ,147 ,187 ,254 ,239 ,276 ,439 ,360 ,427 ,534 ,219 ,207 ,158 ,119 ,29 
2026-06-10,105,금남로4가           ,하차,26 ,48 ,187 ,653 ,324 ,290 ,316 ,250 ,344 ,290 ,243 ,248 ,295 ,307 ,146 ,84 ,76 ,45 ,38 
2026-06-10,106,금남로5가           ,승차,25 ,57 ,130 ,187 ,93 ,95 ,106 ,83 ,144 ,166 ,246 ,201 ,223 ,310 ,124 ,107 ,75 ,31 ,26 
2026-06-10,106,금남로5가           ,하차,21 ,32 ,117 ,548 ,209 ,162 ,136 ,160 ,142 ,129 ,107 ,102 ,139 ,169 ,67 ,55 ,59 ,32 ,15 
2026-06-10,107,양동시장            ,승차,24 ,84 ,151 ,253 ,150 ,172 ,177 ,192 ,220 ,184 ,193 ,264 ,258 ,299 ,62 ,46 ,42 ,11 ,7 
2026-06-10,107,양동시장            ,하차,17 ,54 ,112 ,389 ,212 ,190 ,175 ,178 ,210 ,224 ,239 ,203 ,181 ,178 ,86 ,65 ,50 ,22 ,28 
2026-06-10,108,돌고개              ,승차,50 ,103 ,224 ,357 ,184 ,108 ,130 ,116 ,104 ,127 ,103 ,81 ,128 ,146 ,51 ,42 ,29 ,14 ,11 
2026-06-10,108,돌고개              ,하차,15 ,22 ,54 ,184 ,113 ,91 ,118 ,105 ,117 ,115 ,180 ,177 ,208 ,288 ,133 ,88 ,95 ,55 ,33 
2026-06-10,109,농성                ,승차,53 ,111 ,266 ,457 ,219 ,181 ,164 ,152 ,209 ,173 ,208 ,209 ,227 ,260 ,93 ,88 ,57 ,35 ,20 
2026-06-10,109,농성                ,하차,20 ,55 ,131 ,278 ,165 ,138 ,137 ,144 ,192 ,167 ,236 ,247 ,278 ,404 ,136 ,89 ,116 ,64 ,44 
2026-06-10,110,화정                ,승차,50 ,102 ,270 ,407 ,178 ,163 ,119 ,141 ,137 ,109 ,146 ,147 ,123 ,137 ,63 ,32 ,37 ,18 ,8 
2026-06-10,110,화정                ,하차,4 ,27 ,90 ,165 ,106 ,94 ,97 ,77 ,96 ,100 ,128 ,159 ,213 ,268 ,97 ,83 ,87 ,68 ,28 
2026-06-10,111,쌍촌                ,승차,68 ,177 ,389 ,526 ,217 ,167 ,143 ,153 ,157 ,108 ,255 ,178 ,146 ,167 ,71 ,56 ,57 ,22 ,13 
2026-06-10,111,쌍촌                ,하차,10 ,24 ,93 ,210 ,77 ,81 ,94 ,97 ,99 ,109 ,171 ,169 ,296 ,399 ,169 ,137 ,101 ,97 ,50 
2026-06-10,112,운천                ,승차,40 ,150 ,406 ,544 ,237 ,179 ,156 ,173 ,165 ,142 ,281 ,203 ,238 ,327 ,116 ,118 ,144 ,89 ,38 
2026-06-10,112,운천                ,하차,22 ,47 ,135 ,493 ,140 ,96 ,128 ,129 ,163 ,118 ,181 ,259 ,447 ,539 ,250 ,169 ,156 ,147 ,64 
2026-06-10,113,상무                ,승차,50 ,117 ,410 ,534 ,254 ,279 ,237 ,282 ,228 ,241 ,293 ,260 ,314 ,475 ,202 ,187 ,196 ,140 ,32 
2026-06-10,113,상무                ,하차,43 ,68 ,175 ,714 ,326 ,224 ,239 ,202 ,243 ,231 ,329 ,392 ,499 ,628 ,251 ,154 ,132 ,127 ,51 
2026-06-10,114,컨벤션센터          ,승차,15 ,40 ,104 ,140 ,87 ,57 ,48 ,60 ,78 ,91 ,96 ,80 ,165 ,132 ,49 ,33 ,92 ,10 ,18 
2026-06-10,114,컨벤션센터          ,하차,13 ,24 ,89 ,222 ,111 ,63 ,59 ,74 ,83 ,70 ,65 ,89 ,128 ,152 ,72 ,32 ,33 ,23 ,14 
2026-06-10,115,공항                ,승차,25 ,38 ,172 ,206 ,89 ,70 ,64 ,73 ,90 ,67 ,52 ,59 ,101 ,89 ,41 ,24 ,12 ,8 ,22 
2026-06-10,115,공항                ,하차,9 ,44 ,78 ,84 ,42 ,42 ,52 ,55 ,69 ,53 ,83 ,89 ,117 ,120 ,54 ,35 ,33 ,16 ,27 
2026-06-10,116,송정공원            ,승차,47 ,159 ,467 ,504 ,203 ,139 ,207 ,169 ,164 ,144 ,200 ,222 ,227 ,267 ,98 ,61 ,31 ,25 ,23 
2026-06-10,116,송정공원            ,하차,29 ,78 ,176 ,323 ,148 ,98 ,137 ,153 ,176 ,130 ,271 ,312 ,343 ,369 ,181 ,171 ,136 ,89 ,39 
2026-06-10,117,광주송정            ,승차,31 ,73 ,298 ,412 ,285 ,211 ,293 ,336 ,192 ,278 ,278 ,318 ,479 ,388 ,250 ,223 ,203 ,94 ,94 
2026-06-10,117,광주송정            ,하차,59 ,99 ,389 ,411 ,264 ,309 ,238 ,222 ,233 ,252 ,295 ,318 ,367 ,413 ,236 ,183 ,152 ,88 ,26 
2026-06-10,118,도산                ,승차,33 ,85 ,321 ,289 ,119 ,69 ,69 ,111 ,123 ,82 ,58 ,81 ,167 ,144 ,71 ,54 ,33 ,21 ,9 
2026-06-10,118,도산                ,하차,10 ,24 ,79 ,105 ,42 ,61 ,94 ,65 ,70 ,72 ,101 ,204 ,157 ,199 ,95 ,66 ,78 ,88 ,29 
2026-06-10,119,평동                ,승차,30 ,25 ,121 ,115 ,90 ,80 ,69 ,114 ,80 ,70 ,96 ,212 ,664 ,308 ,244 ,120 ,87 ,22 ,10 
2026-06-10,119,평동                ,하차,38 ,285 ,863 ,341 ,93 ,77 ,69 ,86 ,66 ,73 ,70 ,65 ,73 ,103 ,77 ,55 ,45 ,37 ,10 
2026-06-11,100,녹동                ,승차,2 ,6 ,30 ,31 ,28 ,10 ,12 ,9 ,18 ,8 ,6 ,10 ,21 ,27 ,6 ,0 ,1 ,1 ,0 
2026-06-11,100,녹동                ,하차,0 ,14 ,15 ,28 ,7 ,5 ,5 ,8 ,17 ,9 ,5 ,19 ,8 ,16 ,6 ,4 ,8 ,6 ,2 
2026-06-11,101,소태                ,승차,46 ,86 ,226 ,433 ,165 ,111 ,110 ,140 ,107 ,102 ,108 ,141 ,165 ,139 ,61 ,57 ,35 ,24 ,9 
2026-06-11,101,소태                ,하차,0 ,50 ,88 ,217 ,73 ,97 ,108 ,125 ,94 ,110 ,129 ,178 ,200 ,265 ,125 ,116 ,123 ,65 ,43 
2026-06-11,102,학동증심사          ,승차,40 ,69 ,138 ,261 ,165 ,140 ,139 ,183 ,166 ,128 ,165 ,231 ,203 ,139 ,62 ,35 ,46 ,25 ,11 
2026-06-11,102,학동증심사          ,하차,1 ,56 ,119 ,250 ,143 ,137 ,135 ,137 ,116 ,122 ,137 ,156 ,187 ,223 ,95 ,93 ,68 ,49 ,23 
2026-06-11,103,남광주              ,승차,57 ,177 ,301 ,404 ,316 ,327 ,458 ,301 ,279 ,333 ,362 ,408 ,536 ,340 ,159 ,132 ,161 ,87 ,53 
2026-06-11,103,남광주              ,하차,12 ,198 ,358 ,"1,014 ",446 ,332 ,297 ,291 ,332 ,338 ,267 ,246 ,279 ,409 ,150 ,143 ,131 ,82 ,45 
2026-06-11,104,문화전당            ,승차,19 ,34 ,55 ,90 ,69 ,80 ,108 ,160 ,139 ,182 ,186 ,266 ,348 ,473 ,219 ,234 ,215 ,173 ,44 
2026-06-11,104,문화전당            ,하차,5 ,51 ,132 ,558 ,252 ,187 ,209 ,147 ,180 ,188 ,174 ,217 ,241 ,291 ,154 ,76 ,46 ,38 ,25 
2026-06-11,105,금남로4가           ,승차,31 ,93 ,149 ,230 ,143 ,142 ,155 ,227 ,269 ,307 ,353 ,418 ,450 ,516 ,184 ,156 ,175 ,130 ,41 
2026-06-11,105,금남로4가           ,하차,30 ,57 ,192 ,628 ,329 ,267 ,338 ,269 ,286 ,249 ,219 ,250 ,348 ,274 ,153 ,75 ,74 ,56 ,49 
2026-06-11,106,금남로5가           ,승차,26 ,71 ,131 ,178 ,106 ,105 ,111 ,75 ,145 ,119 ,175 ,237 ,212 ,306 ,156 ,92 ,96 ,19 ,43 
2026-06-11,106,금남로5가           ,하차,24 ,31 ,105 ,538 ,224 ,129 ,138 ,137 ,148 ,109 ,105 ,97 ,150 ,158 ,69 ,51 ,48 ,28 ,48 
2026-06-11,107,양동시장            ,승차,29 ,84 ,175 ,265 ,205 ,213 ,189 ,187 ,216 ,243 ,240 ,297 ,241 ,269 ,75 ,55 ,27 ,16 ,26 
2026-06-11,107,양동시장            ,하차,22 ,58 ,121 ,386 ,213 ,231 ,198 ,210 ,240 ,248 ,230 ,196 ,198 ,208 ,70 ,60 ,51 ,31 ,28 
2026-06-11,108,돌고개              ,승차,47 ,106 ,214 ,357 ,164 ,96 ,144 ,126 ,128 ,113 ,115 ,114 ,129 ,133 ,64 ,53 ,24 ,32 ,5 
2026-06-11,108,돌고개              ,하차,14 ,33 ,55 ,148 ,128 ,104 ,91 ,114 ,153 ,121 ,137 ,185 ,209 ,299 ,123 ,93 ,95 ,75 ,32 
2026-06-11,109,농성                ,승차,59 ,120 ,239 ,496 ,216 ,153 ,168 ,166 ,202 ,148 ,200 ,219 ,270 ,248 ,117 ,95 ,49 ,32 ,16 
2026-06-11,109,농성                ,하차,24 ,55 ,127 ,311 ,168 ,153 ,172 ,132 ,172 ,194 ,195 ,235 ,267 ,364 ,134 ,101 ,121 ,83 ,51 
2026-06-11,110,화정                ,승차,37 ,103 ,261 ,432 ,190 ,145 ,124 ,133 ,114 ,113 ,102 ,141 ,133 ,133 ,87 ,47 ,48 ,35 ,10 
2026-06-11,110,화정                ,하차,9 ,31 ,100 ,188 ,102 ,90 ,88 ,105 ,96 ,91 ,101 ,142 ,237 ,252 ,133 ,80 ,88 ,68 ,28 
2026-06-11,111,쌍촌                ,승차,74 ,158 ,356 ,551 ,225 ,197 ,152 ,168 ,161 ,97 ,124 ,192 ,158 ,152 ,89 ,60 ,77 ,40 ,12 
2026-06-11,111,쌍촌                ,하차,7 ,26 ,86 ,210 ,94 ,72 ,91 ,91 ,109 ,108 ,141 ,190 ,281 ,410 ,173 ,132 ,104 ,87 ,55 
2026-06-11,112,운천                ,승차,42 ,150 ,409 ,561 ,246 ,174 ,166 ,177 ,188 ,163 ,166 ,307 ,224 ,263 ,125 ,93 ,155 ,105 ,31 
2026-06-11,112,운천                ,하차,25 ,39 ,126 ,480 ,148 ,89 ,118 ,131 ,126 ,118 ,182 ,221 ,410 ,554 ,282 ,195 ,177 ,139 ,75 
2026-06-11,113,상무                ,승차,47 ,127 ,404 ,589 ,271 ,307 ,259 ,239 ,262 ,210 ,274 ,286 ,342 ,483 ,249 ,178 ,203 ,130 ,53 
2026-06-11,113,상무                ,하차,39 ,60 ,176 ,743 ,359 ,226 ,262 ,191 ,282 ,239 ,279 ,350 ,550 ,595 ,218 ,181 ,164 ,139 ,72 
2026-06-11,114,컨벤션센터          ,승차,11 ,36 ,92 ,139 ,97 ,71 ,61 ,66 ,69 ,68 ,63 ,94 ,200 ,154 ,52 ,38 ,56 ,18 ,6 
2026-06-11,114,컨벤션센터          ,하차,12 ,31 ,93 ,221 ,100 ,81 ,65 ,56 ,56 ,71 ,82 ,98 ,133 ,129 ,58 ,37 ,42 ,26 ,11 
2026-06-11,115,공항                ,승차,22 ,38 ,152 ,201 ,96 ,55 ,53 ,65 ,63 ,148 ,52 ,63 ,87 ,77 ,54 ,28 ,15 ,9 ,37 
2026-06-11,115,공항                ,하차,15 ,36 ,76 ,89 ,53 ,41 ,61 ,51 ,74 ,63 ,72 ,97 ,103 ,101 ,64 ,28 ,34 ,28 ,23 
2026-06-11,116,송정공원            ,승차,63 ,139 ,538 ,432 ,187 ,143 ,175 ,142 ,143 ,141 ,245 ,168 ,223 ,235 ,80 ,67 ,53 ,34 ,14 
2026-06-11,116,송정공원            ,하차,31 ,82 ,158 ,314 ,144 ,107 ,127 ,200 ,183 ,172 ,149 ,306 ,344 ,377 ,201 ,133 ,171 ,96 ,35 
2026-06-11,117,광주송정            ,승차,29 ,76 ,320 ,586 ,256 ,203 ,319 ,279 ,212 ,286 ,214 ,348 ,483 ,379 ,249 ,249 ,245 ,107 ,143 
2026-06-11,117,광주송정            ,하차,52 ,128 ,369 ,407 ,270 ,335 ,219 ,252 ,259 ,271 ,260 ,290 ,413 ,454 ,254 ,163 ,121 ,140 ,40 
2026-06-11,118,도산                ,승차,43 ,73 ,325 ,250 ,141 ,106 ,64 ,86 ,102 ,84 ,66 ,71 ,148 ,146 ,66 ,53 ,45 ,23 ,13 
2026-06-11,118,도산                ,하차,14 ,30 ,69 ,118 ,51 ,72 ,89 ,59 ,79 ,72 ,104 ,112 ,185 ,187 ,108 ,76 ,78 ,96 ,25 
2026-06-11,119,평동                ,승차,32 ,32 ,106 ,112 ,76 ,70 ,60 ,92 ,84 ,88 ,139 ,221 ,626 ,306 ,249 ,121 ,107 ,19 ,13 
2026-06-11,119,평동                ,하차,42 ,278 ,855 ,347 ,83 ,54 ,93 ,52 ,69 ,69 ,59 ,76 ,77 ,91 ,91 ,46 ,34 ,29 ,25 
2026-06-12,100,녹동                ,승차,1 ,5 ,32 ,27 ,13 ,14 ,45 ,7 ,15 ,10 ,11 ,9 ,27 ,31 ,5 ,1 ,1 ,1 ,0 
2026-06-12,100,녹동                ,하차,0 ,10 ,16 ,26 ,5 ,8 ,3 ,7 ,7 ,7 ,6 ,17 ,19 ,23 ,9 ,4 ,1 ,3 ,1 
2026-06-12,101,소태                ,승차,50 ,92 ,265 ,380 ,175 ,123 ,115 ,122 ,125 ,121 ,117 ,171 ,178 ,177 ,81 ,42 ,49 ,24 ,13 
2026-06-12,101,소태                ,하차,0 ,55 ,98 ,208 ,75 ,117 ,88 ,93 ,99 ,124 ,155 ,218 ,210 ,243 ,135 ,133 ,121 ,109 ,56 
2026-06-12,102,학동증심사          ,승차,38 ,67 ,172 ,243 ,174 ,176 ,173 ,127 ,130 ,124 ,177 ,261 ,219 ,153 ,71 ,49 ,54 ,32 ,55 
2026-06-12,102,학동증심사          ,하차,2 ,67 ,119 ,249 ,113 ,144 ,159 ,94 ,110 ,128 ,151 ,184 ,218 ,186 ,75 ,98 ,75 ,47 ,39 
2026-06-12,103,남광주              ,승차,52 ,183 ,306 ,385 ,312 ,297 ,289 ,261 ,278 ,297 ,299 ,375 ,551 ,338 ,152 ,124 ,132 ,98 ,46 
2026-06-12,103,남광주              ,하차,17 ,193 ,315 ,732 ,379 ,310 ,242 ,256 ,287 ,276 ,248 ,266 ,316 ,405 ,143 ,132 ,119 ,132 ,59 
2026-06-12,104,문화전당            ,승차,21 ,35 ,61 ,85 ,54 ,91 ,83 ,128 ,143 ,179 ,257 ,295 ,333 ,536 ,187 ,216 ,212 ,203 ,70 
2026-06-12,104,문화전당            ,하차,6 ,52 ,126 ,545 ,277 ,184 ,171 ,175 ,263 ,207 ,214 ,233 ,228 ,379 ,207 ,96 ,91 ,67 ,60 
2026-06-12,105,금남로4가           ,승차,30 ,85 ,168 ,245 ,137 ,144 ,174 ,206 ,257 ,261 ,353 ,441 ,472 ,506 ,200 ,170 ,210 ,129 ,52 
2026-06-12,105,금남로4가           ,하차,24 ,55 ,173 ,630 ,356 ,275 ,305 ,278 ,300 ,254 ,279 ,288 ,376 ,328 ,145 ,75 ,83 ,61 ,42 
2026-06-12,106,금남로5가           ,승차,31 ,71 ,124 ,169 ,88 ,83 ,94 ,88 ,136 ,160 ,186 ,266 ,293 ,278 ,113 ,105 ,101 ,42 ,16 
2026-06-12,106,금남로5가           ,하차,22 ,38 ,110 ,503 ,224 ,109 ,157 ,130 ,194 ,117 ,119 ,111 ,159 ,185 ,62 ,53 ,49 ,38 ,29 
2026-06-12,107,양동시장            ,승차,26 ,77 ,172 ,268 ,162 ,202 ,160 ,173 ,187 ,182 ,198 ,233 ,272 ,287 ,71 ,57 ,30 ,36 ,8 
2026-06-12,107,양동시장            ,하차,23 ,63 ,122 ,382 ,235 ,180 ,185 ,180 ,184 ,171 ,215 ,241 ,246 ,215 ,109 ,53 ,46 ,46 ,43 
2026-06-12,108,돌고개              ,승차,46 ,103 ,203 ,300 ,168 ,123 ,134 ,124 ,124 ,107 ,118 ,126 ,154 ,148 ,77 ,48 ,49 ,35 ,23 
2026-06-12,108,돌고개              ,하차,16 ,26 ,52 ,162 ,107 ,88 ,112 ,99 ,114 ,121 ,142 ,172 ,221 ,301 ,117 ,110 ,103 ,77 ,53 
2026-06-12,109,농성                ,승차,44 ,112 ,226 ,451 ,224 ,160 ,148 ,173 ,179 ,175 ,221 ,240 ,266 ,280 ,123 ,112 ,99 ,93 ,25 
2026-06-12,109,농성                ,하차,17 ,52 ,125 ,283 ,170 ,165 ,152 ,152 ,184 ,176 ,242 ,225 ,391 ,434 ,170 ,136 ,133 ,89 ,60 
2026-06-12,110,화정                ,승차,40 ,97 ,251 ,397 ,189 ,141 ,116 ,129 ,138 ,113 ,160 ,140 ,147 ,145 ,70 ,59 ,47 ,56 ,13 
2026-06-12,110,화정                ,하차,11 ,27 ,116 ,170 ,97 ,80 ,101 ,95 ,76 ,124 ,159 ,189 ,251 ,294 ,106 ,81 ,98 ,77 ,57 
2026-06-12,111,쌍촌                ,승차,80 ,178 ,365 ,503 ,214 ,149 ,159 ,205 ,139 ,139 ,135 ,232 ,178 ,172 ,94 ,95 ,73 ,42 ,17 
2026-06-12,111,쌍촌                ,하차,17 ,17 ,90 ,213 ,77 ,66 ,93 ,72 ,115 ,112 ,123 ,227 ,342 ,394 ,189 ,108 ,137 ,105 ,63 
2026-06-12,112,운천                ,승차,47 ,151 ,401 ,518 ,252 ,170 ,166 ,184 ,177 ,128 ,176 ,299 ,317 ,284 ,165 ,103 ,155 ,118 ,61 
2026-06-12,112,운천                ,하차,20 ,53 ,123 ,496 ,155 ,113 ,125 ,117 ,126 ,150 ,196 ,223 ,507 ,617 ,297 ,243 ,191 ,166 ,94 
2026-06-12,113,상무                ,승차,57 ,111 ,393 ,498 ,238 ,233 ,210 ,231 ,282 ,256 ,314 ,334 ,458 ,514 ,184 ,163 ,235 ,159 ,85 
2026-06-12,113,상무                ,하차,45 ,66 ,170 ,712 ,356 ,245 ,202 ,224 ,280 ,303 ,323 ,376 ,513 ,724 ,245 ,197 ,163 ,164 ,91 
2026-06-12,114,컨벤션센터          ,승차,13 ,29 ,75 ,144 ,76 ,64 ,42 ,66 ,72 ,71 ,83 ,102 ,141 ,139 ,95 ,64 ,51 ,18 ,14 
2026-06-12,114,컨벤션센터          ,하차,11 ,31 ,93 ,228 ,105 ,76 ,55 ,54 ,68 ,66 ,75 ,83 ,146 ,142 ,60 ,30 ,29 ,39 ,18 
2026-06-12,115,공항                ,승차,29 ,39 ,146 ,203 ,95 ,81 ,65 ,59 ,74 ,76 ,78 ,92 ,126 ,125 ,38 ,91 ,10 ,12 ,7 
2026-06-12,115,공항                ,하차,7 ,33 ,82 ,94 ,41 ,79 ,35 ,52 ,69 ,59 ,98 ,93 ,114 ,111 ,52 ,29 ,23 ,40 ,25 
2026-06-12,116,송정공원            ,승차,61 ,136 ,486 ,432 ,204 ,151 ,156 ,150 ,141 ,174 ,200 ,189 ,264 ,297 ,102 ,71 ,38 ,33 ,15 
2026-06-12,116,송정공원            ,하차,32 ,72 ,170 ,294 ,123 ,89 ,121 ,206 ,141 ,136 ,189 ,286 ,382 ,359 ,178 ,130 ,149 ,107 ,57 
2026-06-12,117,광주송정            ,승차,28 ,70 ,291 ,386 ,298 ,249 ,304 ,392 ,286 ,429 ,336 ,481 ,939 ,546 ,336 ,399 ,352 ,147 ,233 
2026-06-12,117,광주송정            ,하차,50 ,138 ,395 ,392 ,296 ,393 ,282 ,290 ,271 ,291 ,282 ,412 ,580 ,707 ,374 ,268 ,181 ,196 ,56 
2026-06-12,118,도산                ,승차,32 ,70 ,292 ,267 ,120 ,103 ,67 ,75 ,108 ,86 ,75 ,103 ,175 ,173 ,84 ,53 ,44 ,32 ,18 
2026-06-12,118,도산                ,하차,10 ,27 ,79 ,110 ,46 ,65 ,67 ,64 ,72 ,65 ,102 ,122 ,212 ,209 ,97 ,71 ,77 ,107 ,35 
2026-06-12,119,평동                ,승차,22 ,43 ,103 ,127 ,83 ,82 ,68 ,83 ,88 ,76 ,129 ,207 ,665 ,299 ,221 ,109 ,72 ,24 ,13 
2026-06-12,119,평동                ,하차,53 ,267 ,843 ,291 ,110 ,81 ,59 ,55 ,77 ,56 ,56 ,72 ,76 ,86 ,77 ,59 ,30 ,42 ,25 
2026-06-13,100,녹동                ,승차,0 ,1 ,19 ,9 ,16 ,13 ,5 ,14 ,13 ,16 ,3 ,13 ,7 ,8 ,7 ,0 ,1 ,0 ,0 
2026-06-13,100,녹동                ,하차,0 ,0 ,7 ,8 ,7 ,2 ,5 ,6 ,9 ,9 ,4 ,9 ,21 ,1 ,7 ,3 ,3 ,0 ,0 
2026-06-13,101,소태                ,승차,42 ,92 ,124 ,139 ,192 ,147 ,163 ,152 ,145 ,138 ,103 ,119 ,152 ,120 ,48 ,64 ,38 ,14 ,3 
2026-06-13,101,소태                ,하차,2 ,57 ,86 ,117 ,91 ,109 ,100 ,88 ,110 ,118 ,109 ,131 ,163 ,130 ,101 ,131 ,119 ,49 ,30 
2026-06-13,102,학동증심사          ,승차,50 ,67 ,89 ,107 ,117 ,160 ,118 ,168 ,174 ,129 ,83 ,98 ,172 ,81 ,53 ,33 ,31 ,28 ,18 
2026-06-13,102,학동증심사          ,하차,2 ,77 ,79 ,142 ,149 ,127 ,107 ,73 ,129 ,127 ,105 ,131 ,192 ,119 ,80 ,79 ,47 ,34 ,28 
2026-06-13,103,남광주              ,승차,44 ,211 ,276 ,244 ,233 ,242 ,221 ,206 ,240 ,178 ,192 ,212 ,205 ,162 ,92 ,109 ,119 ,60 ,31 
2026-06-13,103,남광주              ,하차,31 ,271 ,192 ,218 ,204 ,192 ,191 ,187 ,236 ,174 ,176 ,191 ,229 ,255 ,117 ,120 ,103 ,101 ,96 
2026-06-13,104,문화전당            ,승차,13 ,23 ,39 ,45 ,82 ,116 ,104 ,149 ,195 ,230 ,280 ,294 ,393 ,317 ,294 ,275 ,226 ,219 ,99 
2026-06-13,104,문화전당            ,하차,5 ,28 ,55 ,165 ,180 ,300 ,325 ,327 ,389 ,387 ,270 ,257 ,310 ,275 ,169 ,130 ,78 ,55 ,47 
2026-06-13,105,금남로4가           ,승차,24 ,65 ,79 ,88 ,135 ,124 ,138 ,187 ,233 ,248 ,335 ,413 ,421 ,420 ,284 ,235 ,202 ,146 ,47 
2026-06-13,105,금남로4가           ,하차,14 ,34 ,64 ,147 ,214 ,244 ,347 ,365 ,427 ,369 ,343 ,277 ,280 ,237 ,136 ,79 ,76 ,52 ,37 
2026-06-13,106,금남로5가           ,승차,18 ,43 ,47 ,56 ,63 ,77 ,218 ,80 ,101 ,125 ,122 ,160 ,146 ,99 ,72 ,154 ,41 ,29 ,15 
2026-06-13,106,금남로5가           ,하차,8 ,20 ,38 ,64 ,117 ,129 ,333 ,137 ,155 ,112 ,109 ,112 ,95 ,90 ,44 ,44 ,50 ,24 ,20 
2026-06-13,107,양동시장            ,승차,30 ,65 ,73 ,113 ,173 ,186 ,231 ,191 ,166 ,179 ,165 ,209 ,186 ,125 ,79 ,52 ,33 ,25 ,15 
2026-06-13,107,양동시장            ,하차,25 ,60 ,83 ,165 ,201 ,224 ,197 ,164 ,178 ,182 ,168 ,187 ,146 ,136 ,58 ,72 ,44 ,25 ,33 
2026-06-13,108,돌고개              ,승차,55 ,63 ,84 ,105 ,128 ,120 ,83 ,131 ,134 ,113 ,71 ,99 ,108 ,108 ,81 ,48 ,53 ,22 ,10 
2026-06-13,108,돌고개              ,하차,13 ,28 ,42 ,90 ,64 ,82 ,100 ,91 ,102 ,69 ,127 ,126 ,156 ,115 ,87 ,102 ,88 ,56 ,47 
2026-06-13,109,농성                ,승차,52 ,70 ,101 ,151 ,180 ,188 ,196 ,229 ,251 ,165 ,287 ,230 ,218 ,173 ,122 ,230 ,70 ,41 ,24 
2026-06-13,109,농성                ,하차,25 ,40 ,74 ,154 ,135 ,194 ,238 ,173 ,207 ,226 ,227 ,206 ,236 ,188 ,138 ,117 ,96 ,73 ,55 
2026-06-13,110,화정                ,승차,39 ,72 ,91 ,123 ,127 ,152 ,125 ,160 ,124 ,97 ,101 ,102 ,137 ,99 ,65 ,88 ,33 ,17 ,15 
2026-06-13,110,화정                ,하차,9 ,20 ,44 ,87 ,73 ,81 ,91 ,99 ,106 ,96 ,79 ,98 ,120 ,114 ,89 ,80 ,73 ,62 ,45 
2026-06-13,111,쌍촌                ,승차,60 ,90 ,118 ,162 ,165 ,190 ,157 ,160 ,167 ,123 ,141 ,129 ,129 ,100 ,77 ,54 ,43 ,26 ,12 
2026-06-13,111,쌍촌                ,하차,6 ,20 ,46 ,71 ,66 ,81 ,73 ,110 ,102 ,100 ,82 ,118 ,155 ,136 ,104 ,109 ,111 ,83 ,58 
2026-06-13,112,운천                ,승차,62 ,73 ,120 ,210 ,185 ,186 ,177 ,278 ,205 ,167 ,177 ,151 ,162 ,152 ,116 ,110 ,156 ,106 ,63 
2026-06-13,112,운천                ,하차,16 ,32 ,63 ,172 ,148 ,110 ,143 ,136 ,148 ,152 ,141 ,170 ,329 ,304 ,275 ,257 ,185 ,146 ,109 
2026-06-13,113,상무                ,승차,65 ,79 ,141 ,229 ,204 ,285 ,227 ,278 ,267 ,284 ,265 ,273 ,275 ,209 ,143 ,166 ,138 ,98 ,52 
2026-06-13,113,상무                ,하차,28 ,59 ,90 ,233 ,238 ,234 ,250 ,274 ,281 ,244 ,223 ,245 ,335 ,317 ,224 ,207 ,140 ,126 ,79 
2026-06-13,114,컨벤션센터          ,승차,12 ,31 ,28 ,47 ,56 ,69 ,73 ,121 ,148 ,121 ,152 ,150 ,141 ,141 ,97 ,70 ,37 ,11 ,8 
2026-06-13,114,컨벤션센터          ,하차,12 ,33 ,35 ,97 ,101 ,128 ,154 ,138 ,135 ,91 ,106 ,96 ,102 ,93 ,58 ,44 ,36 ,24 ,14 
2026-06-13,115,공항                ,승차,15 ,34 ,41 ,70 ,68 ,91 ,89 ,73 ,54 ,87 ,42 ,76 ,62 ,49 ,39 ,40 ,6 ,12 ,101 
2026-06-13,115,공항                ,하차,8 ,19 ,35 ,52 ,48 ,49 ,60 ,49 ,54 ,46 ,61 ,67 ,83 ,48 ,44 ,33 ,18 ,32 ,31 
2026-06-13,116,송정공원            ,승차,38 ,64 ,166 ,174 ,184 ,168 ,198 ,209 ,141 ,145 ,164 ,152 ,162 ,147 ,82 ,71 ,42 ,26 ,12 
2026-06-13,116,송정공원            ,하차,27 ,52 ,82 ,134 ,124 ,100 ,129 ,134 ,179 ,123 ,145 ,153 ,204 ,195 ,102 ,104 ,146 ,69 ,42 
2026-06-13,117,광주송정            ,승차,23 ,51 ,190 ,253 ,478 ,443 ,581 ,542 ,403 ,468 ,400 ,428 ,605 ,359 ,291 ,334 ,290 ,150 ,125 
2026-06-13,117,광주송정            ,하차,56 ,88 ,286 ,252 ,257 ,581 ,425 ,330 ,403 ,369 ,412 ,477 ,523 ,425 ,339 ,354 ,210 ,135 ,32 
2026-06-13,118,도산                ,승차,37 ,54 ,95 ,109 ,130 ,97 ,125 ,95 ,86 ,83 ,85 ,66 ,105 ,68 ,58 ,42 ,45 ,39 ,22 
2026-06-13,118,도산                ,하차,19 ,23 ,47 ,41 ,57 ,53 ,80 ,73 ,75 ,65 ,96 ,77 ,123 ,110 ,68 ,117 ,65 ,46 ,44 
2026-06-13,119,평동                ,승차,27 ,34 ,59 ,102 ,59 ,70 ,102 ,122 ,112 ,99 ,105 ,129 ,283 ,107 ,91 ,61 ,25 ,37 ,15 
2026-06-13,119,평동                ,하차,31 ,99 ,252 ,140 ,59 ,81 ,67 ,69 ,86 ,73 ,84 ,111 ,87 ,80 ,87 ,70 ,65 ,54 ,34 
2026-06-14,100,녹동                ,승차,0 ,0 ,3 ,12 ,12 ,16 ,9 ,13 ,6 ,5 ,5 ,13 ,15 ,7 ,3 ,2 ,2 ,0 ,0 
2026-06-14,100,녹동                ,하차,0 ,0 ,4 ,8 ,3 ,5 ,3 ,5 ,9 ,7 ,8 ,6 ,15 ,0 ,5 ,3 ,2 ,2 ,0 
2026-06-14,101,소태                ,승차,20 ,40 ,55 ,56 ,114 ,118 ,85 ,112 ,112 ,103 ,83 ,106 ,100 ,75 ,64 ,33 ,36 ,20 ,18 
2026-06-14,101,소태                ,하차,0 ,39 ,51 ,49 ,63 ,52 ,56 ,49 ,78 ,88 ,111 ,111 ,104 ,118 ,92 ,85 ,70 ,42 ,44 
2026-06-14,102,학동증심사          ,승차,21 ,39 ,40 ,49 ,88 ,104 ,78 ,80 ,80 ,112 ,70 ,84 ,94 ,66 ,43 ,39 ,18 ,9 ,59 
2026-06-14,102,학동증심사          ,하차,1 ,35 ,33 ,80 ,86 ,81 ,69 ,62 ,103 ,76 ,102 ,110 ,95 ,101 ,52 ,40 ,65 ,26 ,65 
2026-06-14,103,남광주              ,승차,34 ,72 ,105 ,115 ,126 ,152 ,107 ,152 ,132 ,118 ,150 ,185 ,152 ,95 ,117 ,77 ,64 ,60 ,37 
2026-06-14,103,남광주              ,하차,12 ,92 ,92 ,113 ,107 ,107 ,133 ,117 ,134 ,138 ,161 ,157 ,151 ,160 ,97 ,120 ,85 ,90 ,54 
2026-06-14,104,문화전당            ,승차,10 ,30 ,18 ,85 ,52 ,71 ,78 ,97 ,124 ,200 ,222 ,263 ,276 ,226 ,195 ,187 ,145 ,127 ,30 
2026-06-14,104,문화전당            ,하차,5 ,63 ,41 ,83 ,102 ,152 ,244 ,228 ,326 ,248 ,178 ,185 ,203 ,155 ,91 ,66 ,58 ,56 ,40 
2026-06-14,105,금남로4가           ,승차,15 ,25 ,43 ,50 ,67 ,97 ,81 ,130 ,170 ,188 ,245 ,310 ,331 ,279 ,233 ,181 ,148 ,63 ,22 
2026-06-14,105,금남로4가           ,하차,16 ,20 ,44 ,80 ,129 ,177 ,233 ,284 ,320 ,265 ,226 ,185 ,166 ,157 ,72 ,68 ,66 ,41 ,51 
2026-06-14,106,금남로5가           ,승차,20 ,19 ,31 ,30 ,63 ,64 ,215 ,59 ,79 ,74 ,125 ,174 ,140 ,83 ,73 ,115 ,27 ,15 ,11 
2026-06-14,106,금남로5가           ,하차,9 ,19 ,34 ,39 ,88 ,93 ,258 ,108 ,150 ,101 ,82 ,76 ,68 ,68 ,42 ,42 ,29 ,24 ,25 
2026-06-14,107,양동시장            ,승차,15 ,39 ,37 ,66 ,114 ,140 ,127 ,108 ,109 ,115 ,130 ,120 ,123 ,88 ,52 ,46 ,30 ,7 ,3 
2026-06-14,107,양동시장            ,하차,21 ,29 ,54 ,95 ,104 ,131 ,116 ,75 ,129 ,117 ,125 ,125 ,109 ,72 ,48 ,42 ,27 ,25 ,27 
2026-06-14,108,돌고개              ,승차,22 ,41 ,42 ,52 ,78 ,94 ,80 ,73 ,76 ,69 ,62 ,57 ,71 ,40 ,58 ,33 ,32 ,14 ,17 
2026-06-14,108,돌고개              ,하차,8 ,20 ,21 ,42 ,44 ,54 ,45 ,41 ,66 ,57 ,91 ,89 ,91 ,110 ,58 ,74 ,60 ,36 ,33 
2026-06-14,109,농성                ,승차,21 ,49 ,53 ,76 ,107 ,146 ,129 ,131 ,148 ,178 ,145 ,120 ,168 ,157 ,114 ,144 ,64 ,37 ,23 
2026-06-14,109,농성                ,하차,13 ,32 ,47 ,63 ,105 ,114 ,121 ,106 ,147 ,129 ,153 ,140 ,197 ,175 ,87 ,103 ,81 ,47 ,50 
2026-06-14,110,화정                ,승차,24 ,31 ,47 ,66 ,90 ,88 ,67 ,93 ,81 ,71 ,77 ,62 ,86 ,70 ,55 ,39 ,27 ,18 ,17 
2026-06-14,110,화정                ,하차,6 ,18 ,20 ,34 ,38 ,61 ,35 ,37 ,52 ,63 ,85 ,97 ,70 ,84 ,66 ,42 ,58 ,40 ,34 
2026-06-14,111,쌍촌                ,승차,22 ,48 ,61 ,84 ,132 ,91 ,102 ,121 ,115 ,81 ,88 ,88 ,89 ,60 ,54 ,51 ,26 ,21 ,6 
2026-06-14,111,쌍촌                ,하차,12 ,18 ,21 ,27 ,52 ,48 ,40 ,35 ,43 ,77 ,86 ,97 ,129 ,117 ,68 ,83 ,68 ,58 ,45 
2026-06-14,112,운천                ,승차,34 ,53 ,87 ,95 ,111 ,115 ,96 ,154 ,163 ,110 ,123 ,106 ,133 ,93 ,96 ,101 ,88 ,54 ,31 
2026-06-14,112,운천                ,하차,11 ,19 ,37 ,56 ,88 ,94 ,82 ,96 ,74 ,82 ,114 ,124 ,154 ,174 ,140 ,147 ,104 ,64 ,65 
2026-06-14,113,상무                ,승차,37 ,47 ,78 ,92 ,133 ,169 ,169 ,156 ,166 ,155 ,194 ,172 ,150 ,118 ,120 ,125 ,73 ,73 ,21 
2026-06-14,113,상무                ,하차,11 ,30 ,37 ,89 ,126 ,137 ,116 ,130 ,218 ,167 ,164 ,186 ,214 ,167 ,121 ,142 ,116 ,69 ,63 
2026-06-14,114,컨벤션센터          ,승차,7 ,9 ,21 ,33 ,29 ,53 ,47 ,99 ,92 ,105 ,105 ,77 ,110 ,45 ,28 ,28 ,26 ,12 ,3 
2026-06-14,114,컨벤션센터          ,하차,8 ,16 ,27 ,42 ,69 ,83 ,112 ,101 ,88 ,78 ,65 ,41 ,59 ,41 ,25 ,31 ,20 ,13 ,20 
2026-06-14,115,공항                ,승차,16 ,16 ,20 ,55 ,88 ,57 ,38 ,53 ,35 ,75 ,39 ,70 ,57 ,43 ,12 ,43 ,21 ,7 ,8 
2026-06-14,115,공항                ,하차,3 ,10 ,26 ,29 ,33 ,32 ,25 ,34 ,67 ,48 ,46 ,59 ,53 ,36 ,28 ,20 ,19 ,16 ,16 
2026-06-14,116,송정공원            ,승차,24 ,46 ,61 ,84 ,102 ,91 ,86 ,118 ,92 ,90 ,98 ,93 ,101 ,92 ,58 ,47 ,24 ,17 ,11 
2026-06-14,116,송정공원            ,하차,12 ,33 ,33 ,78 ,50 ,70 ,57 ,65 ,68 ,94 ,121 ,129 ,152 ,130 ,113 ,129 ,93 ,52 ,25 
2026-06-14,117,광주송정            ,승차,14 ,29 ,75 ,129 ,204 ,246 ,348 ,374 ,271 ,370 ,295 ,347 ,507 ,296 ,304 ,339 ,373 ,114 ,190 
2026-06-14,117,광주송정            ,하차,36 ,57 ,169 ,150 ,196 ,428 ,278 ,214 ,210 ,254 ,305 ,361 ,432 ,427 ,308 ,447 ,251 ,108 ,21 
2026-06-14,118,도산                ,승차,24 ,43 ,51 ,56 ,73 ,65 ,66 ,66 ,82 ,79 ,60 ,69 ,54 ,45 ,35 ,39 ,33 ,18 ,10 
2026-06-14,118,도산                ,하차,11 ,17 ,20 ,25 ,34 ,57 ,68 ,42 ,40 ,51 ,54 ,85 ,83 ,83 ,74 ,37 ,52 ,42 ,22 
2026-06-14,119,평동                ,승차,14 ,14 ,33 ,49 ,67 ,76 ,78 ,53 ,51 ,84 ,92 ,69 ,98 ,86 ,53 ,33 ,18 ,18 ,5 
2026-06-14,119,평동                ,하차,8 ,32 ,64 ,61 ,44 ,43 ,42 ,49 ,52 ,77 ,60 ,88 ,80 ,70 ,63 ,71 ,51 ,39 ,14 
2026-06-15,100,녹동                ,승차,1 ,8 ,29 ,25 ,17 ,11 ,13 ,7 ,14 ,6 ,9 ,10 ,21 ,27 ,2 ,5 ,1 ,0 ,0 
2026-06-15,100,녹동                ,하차,1 ,8 ,16 ,26 ,1 ,7 ,5 ,5 ,7 ,6 ,8 ,20 ,13 ,23 ,7 ,3 ,0 ,3 ,0 
2026-06-15,101,소태                ,승차,48 ,109 ,235 ,381 ,211 ,126 ,118 ,150 ,136 ,122 ,108 ,119 ,143 ,128 ,66 ,41 ,35 ,18 ,13 
2026-06-15,101,소태                ,하차,1 ,44 ,110 ,196 ,80 ,109 ,113 ,118 ,99 ,115 ,151 ,153 ,218 ,264 ,137 ,87 ,98 ,59 ,17 
2026-06-15,102,학동증심사          ,승차,37 ,71 ,163 ,230 ,161 ,149 ,136 ,150 ,152 ,115 ,124 ,164 ,258 ,140 ,90 ,49 ,38 ,21 ,8 
2026-06-15,102,학동증심사          ,하차,3 ,55 ,118 ,250 ,136 ,126 ,111 ,141 ,124 ,136 ,140 ,175 ,187 ,190 ,87 ,87 ,68 ,29 ,14 
2026-06-15,103,남광주              ,승차,60 ,145 ,294 ,399 ,278 ,297 ,310 ,289 ,288 ,326 ,382 ,451 ,544 ,345 ,173 ,136 ,101 ,84 ,56 
2026-06-15,103,남광주              ,하차,12 ,169 ,331 ,862 ,555 ,362 ,317 ,312 ,384 ,264 ,244 ,240 ,322 ,400 ,170 ,115 ,108 ,67 ,51 
2026-06-15,104,문화전당            ,승차,20 ,32 ,67 ,84 ,82 ,91 ,139 ,129 ,169 ,144 ,189 ,301 ,339 ,447 ,209 ,166 ,159 ,138 ,57 
2026-06-15,104,문화전당            ,하차,14 ,49 ,139 ,581 ,277 ,129 ,191 ,152 ,251 ,123 ,142 ,157 ,206 ,246 ,127 ,69 ,37 ,25 ,39 
2026-06-15,105,금남로4가           ,승차,21 ,89 ,172 ,222 ,135 ,145 ,178 ,253 ,270 ,279 ,331 ,384 ,394 ,451 ,194 ,178 ,162 ,82 ,23 
2026-06-15,105,금남로4가           ,하차,23 ,50 ,186 ,604 ,363 ,299 ,316 ,233 ,275 ,247 ,237 ,215 ,298 ,268 ,149 ,84 ,65 ,33 ,29 
2026-06-15,106,금남로5가           ,승차,26 ,69 ,135 ,158 ,92 ,224 ,98 ,95 ,122 ,134 ,156 ,229 ,227 ,317 ,95 ,86 ,109 ,27 ,24 
2026-06-15,106,금남로5가           ,하차,17 ,26 ,130 ,544 ,238 ,286 ,129 ,116 ,150 ,102 ,102 ,90 ,136 ,169 ,72 ,38 ,45 ,25 ,19 
2026-06-15,107,양동시장            ,승차,38 ,74 ,179 ,253 ,158 ,157 ,167 ,154 ,159 ,169 ,185 ,266 ,220 ,320 ,65 ,36 ,35 ,16 ,11 
2026-06-15,107,양동시장            ,하차,20 ,52 ,132 ,362 ,175 ,175 ,165 ,170 ,173 ,182 ,217 ,206 ,208 ,189 ,75 ,66 ,54 ,22 ,19 
2026-06-15,108,돌고개              ,승차,45 ,113 ,207 ,318 ,164 ,120 ,126 ,96 ,92 ,130 ,115 ,114 ,140 ,118 ,62 ,49 ,36 ,17 ,21 
2026-06-15,108,돌고개              ,하차,14 ,25 ,56 ,157 ,119 ,98 ,124 ,107 ,111 ,121 ,172 ,176 ,218 ,286 ,134 ,91 ,85 ,55 ,28 
2026-06-15,109,농성                ,승차,48 ,104 ,261 ,445 ,234 ,188 ,163 ,162 ,188 ,159 ,195 ,173 ,210 ,244 ,92 ,83 ,51 ,34 ,10 
2026-06-15,109,농성                ,하차,22 ,54 ,129 ,280 ,193 ,151 ,171 ,165 ,169 ,153 ,207 ,196 ,253 ,381 ,137 ,99 ,83 ,77 ,41 
2026-06-15,110,화정                ,승차,41 ,103 ,261 ,378 ,202 ,147 ,115 ,148 ,114 ,110 ,149 ,142 ,144 ,131 ,50 ,42 ,42 ,76 ,16 
2026-06-15,110,화정                ,하차,10 ,38 ,146 ,208 ,92 ,101 ,101 ,87 ,96 ,96 ,114 ,146 ,211 ,270 ,118 ,85 ,76 ,59 ,31 
2026-06-15,111,쌍촌                ,승차,78 ,153 ,396 ,538 ,240 ,141 ,141 ,131 ,142 ,154 ,115 ,211 ,132 ,153 ,68 ,60 ,65 ,18 ,10 
2026-06-15,111,쌍촌                ,하차,7 ,18 ,80 ,211 ,85 ,85 ,90 ,108 ,91 ,127 ,147 ,179 ,309 ,401 ,200 ,126 ,97 ,75 ,40 
2026-06-15,112,운천                ,승차,50 ,148 ,397 ,565 ,241 ,181 ,148 ,160 ,192 ,133 ,158 ,256 ,245 ,292 ,129 ,113 ,99 ,62 ,35 
2026-06-15,112,운천                ,하차,14 ,46 ,129 ,502 ,166 ,116 ,106 ,110 ,145 ,109 ,172 ,210 ,382 ,531 ,245 ,169 ,150 ,103 ,71 
2026-06-15,113,상무                ,승차,68 ,125 ,397 ,492 ,239 ,249 ,271 ,247 ,241 ,220 ,295 ,262 ,328 ,508 ,193 ,192 ,179 ,88 ,35 
2026-06-15,113,상무                ,하차,40 ,68 ,188 ,727 ,346 ,220 ,243 ,210 ,258 ,245 ,299 ,327 ,461 ,548 ,228 ,156 ,134 ,121 ,57 
2026-06-15,114,컨벤션센터          ,승차,13 ,32 ,89 ,157 ,86 ,71 ,47 ,57 ,63 ,67 ,80 ,88 ,153 ,142 ,43 ,37 ,31 ,8 ,7 
2026-06-15,114,컨벤션센터          ,하차,15 ,22 ,87 ,230 ,110 ,55 ,67 ,76 ,61 ,60 ,50 ,71 ,105 ,143 ,53 ,31 ,33 ,20 ,6 
2026-06-15,115,공항                ,승차,20 ,43 ,164 ,178 ,131 ,78 ,72 ,55 ,66 ,62 ,83 ,70 ,68 ,88 ,38 ,30 ,14 ,3 ,20 
2026-06-15,115,공항                ,하차,11 ,31 ,76 ,123 ,57 ,50 ,52 ,40 ,56 ,60 ,72 ,82 ,129 ,100 ,52 ,37 ,34 ,16 ,30 
2026-06-15,116,송정공원            ,승차,50 ,144 ,543 ,447 ,220 ,170 ,170 ,138 ,132 ,140 ,209 ,144 ,194 ,250 ,105 ,48 ,47 ,21 ,50 
2026-06-15,116,송정공원            ,하차,25 ,77 ,159 ,296 ,137 ,90 ,111 ,139 ,181 ,150 ,195 ,282 ,419 ,347 ,227 ,137 ,122 ,109 ,46 
2026-06-15,117,광주송정            ,승차,29 ,90 ,388 ,557 ,324 ,262 ,318 ,319 ,213 ,285 ,258 ,354 ,538 ,378 ,227 ,220 ,209 ,76 ,83 
2026-06-15,117,광주송정            ,하차,92 ,137 ,448 ,408 ,251 ,400 ,251 ,229 ,231 ,253 ,281 ,332 ,367 ,428 ,194 ,168 ,125 ,98 ,25 
2026-06-15,118,도산                ,승차,27 ,83 ,317 ,275 ,161 ,83 ,71 ,98 ,113 ,105 ,92 ,83 ,139 ,146 ,70 ,45 ,34 ,20 ,7 
2026-06-15,118,도산                ,하차,12 ,27 ,85 ,100 ,63 ,64 ,88 ,72 ,82 ,87 ,117 ,131 ,226 ,187 ,108 ,78 ,60 ,97 ,22 
2026-06-15,119,평동                ,승차,13 ,40 ,103 ,96 ,79 ,58 ,59 ,76 ,67 ,68 ,128 ,162 ,552 ,343 ,290 ,143 ,89 ,21 ,8 
2026-06-15,119,평동                ,하차,39 ,254 ,840 ,309 ,70 ,71 ,72 ,48 ,56 ,65 ,69 ,87 ,69 ,82 ,78 ,58 ,43 ,30 ,20 
2026-06-16,100,녹동                ,승차,1 ,7 ,44 ,20 ,13 ,10 ,9 ,13 ,13 ,25 ,3 ,2 ,20 ,26 ,1 ,2 ,0 ,0 ,0 
2026-06-16,100,녹동                ,하차,0 ,11 ,13 ,30 ,4 ,8 ,7 ,9 ,6 ,11 ,6 ,14 ,23 ,21 ,9 ,8 ,2 ,2 ,1 
2026-06-16,101,소태                ,승차,40 ,103 ,267 ,422 ,171 ,120 ,112 ,135 ,149 ,143 ,89 ,124 ,117 ,126 ,66 ,42 ,27 ,23 ,14 
2026-06-16,101,소태                ,하차,1 ,50 ,94 ,222 ,78 ,56 ,111 ,113 ,102 ,110 ,141 ,149 ,228 ,245 ,123 ,112 ,101 ,55 ,45 
2026-06-16,102,학동증심사          ,승차,30 ,59 ,139 ,250 ,162 ,125 ,139 ,151 ,147 ,127 ,136 ,178 ,251 ,151 ,80 ,43 ,45 ,26 ,60 
2026-06-16,102,학동증심사          ,하차,1 ,49 ,142 ,238 ,141 ,119 ,106 ,123 ,128 ,144 ,113 ,153 ,189 ,185 ,97 ,96 ,57 ,36 ,63 
2026-06-16,103,남광주              ,승차,39 ,167 ,299 ,402 ,298 ,309 ,318 ,339 ,259 ,317 ,442 ,447 ,585 ,302 ,171 ,137 ,100 ,69 ,35 
2026-06-16,103,남광주              ,하차,14 ,181 ,359 ,937 ,572 ,320 ,336 ,344 ,343 ,303 ,268 ,264 ,289 ,398 ,149 ,129 ,116 ,89 ,40 
2026-06-16,104,문화전당            ,승차,20 ,34 ,60 ,82 ,63 ,84 ,129 ,160 ,177 ,161 ,197 ,288 ,335 ,479 ,195 ,193 ,198 ,144 ,45 
2026-06-16,104,문화전당            ,하차,6 ,45 ,137 ,666 ,271 ,161 ,208 ,165 ,279 ,148 ,157 ,146 ,214 ,248 ,125 ,74 ,44 ,46 ,27 
2026-06-16,105,금남로4가           ,승차,19 ,71 ,165 ,243 ,125 ,156 ,176 ,220 ,235 ,265 ,332 ,369 ,424 ,485 ,204 ,158 ,189 ,89 ,29 
2026-06-16,105,금남로4가           ,하차,27 ,48 ,199 ,658 ,347 ,288 ,300 ,263 ,297 ,228 ,231 ,203 ,299 ,261 ,114 ,81 ,61 ,40 ,29 
2026-06-16,106,금남로5가           ,승차,25 ,68 ,129 ,193 ,93 ,85 ,100 ,83 ,139 ,137 ,149 ,228 ,183 ,317 ,69 ,95 ,123 ,24 ,17 
2026-06-16,106,금남로5가           ,하차,20 ,26 ,104 ,543 ,210 ,156 ,134 ,151 ,160 ,112 ,95 ,98 ,142 ,167 ,61 ,49 ,40 ,25 ,41 
2026-06-16,107,양동시장            ,승차,35 ,83 ,148 ,281 ,148 ,177 ,140 ,142 ,194 ,144 ,171 ,198 ,232 ,279 ,77 ,42 ,38 ,12 ,17 
2026-06-16,107,양동시장            ,하차,22 ,51 ,121 ,369 ,194 ,174 ,143 ,185 ,163 ,196 ,214 ,189 ,191 ,188 ,75 ,58 ,49 ,28 ,35 
2026-06-16,108,돌고개              ,승차,51 ,108 ,211 ,350 ,146 ,100 ,118 ,96 ,110 ,117 ,116 ,95 ,116 ,123 ,46 ,36 ,26 ,21 ,7 
2026-06-16,108,돌고개              ,하차,13 ,24 ,46 ,168 ,118 ,75 ,89 ,118 ,138 ,109 ,139 ,183 ,174 ,247 ,133 ,87 ,73 ,54 ,28 
2026-06-16,109,농성                ,승차,46 ,89 ,272 ,459 ,210 ,142 ,165 ,161 ,159 ,166 ,164 ,218 ,206 ,227 ,101 ,86 ,73 ,48 ,18 
2026-06-16,109,농성                ,하차,20 ,48 ,122 ,300 ,162 ,142 ,169 ,157 ,169 ,144 ,191 ,242 ,282 ,355 ,142 ,99 ,92 ,47 ,40 
2026-06-16,110,화정                ,승차,38 ,120 ,270 ,401 ,201 ,127 ,108 ,163 ,103 ,131 ,131 ,149 ,131 ,128 ,69 ,47 ,42 ,91 ,10 
2026-06-16,110,화정                ,하차,6 ,27 ,151 ,224 ,129 ,104 ,115 ,86 ,109 ,90 ,113 ,151 ,207 ,269 ,125 ,77 ,79 ,58 ,41 
2026-06-16,111,쌍촌                ,승차,75 ,162 ,383 ,550 ,226 ,156 ,152 ,143 ,140 ,116 ,125 ,173 ,135 ,125 ,79 ,49 ,62 ,21 ,15 
2026-06-16,111,쌍촌                ,하차,11 ,21 ,86 ,210 ,91 ,67 ,93 ,92 ,79 ,109 ,141 ,195 ,305 ,405 ,171 ,124 ,130 ,78 ,40 
2026-06-16,112,운천                ,승차,37 ,156 ,406 ,589 ,263 ,197 ,163 ,159 ,168 ,115 ,164 ,266 ,257 ,283 ,124 ,126 ,152 ,91 ,40 
2026-06-16,112,운천                ,하차,20 ,42 ,140 ,498 ,174 ,100 ,123 ,127 ,116 ,131 ,165 ,221 ,411 ,557 ,234 ,180 ,155 ,131 ,56 
2026-06-16,113,상무                ,승차,56 ,126 ,417 ,538 ,292 ,208 ,249 ,249 ,208 ,193 ,226 ,302 ,320 ,449 ,185 ,177 ,171 ,114 ,42 
2026-06-16,113,상무                ,하차,39 ,68 ,157 ,723 ,370 ,192 ,209 ,234 ,250 ,216 ,247 ,317 ,450 ,548 ,225 ,142 ,147 ,126 ,50 
2026-06-16,114,컨벤션센터          ,승차,12 ,35 ,102 ,148 ,113 ,56 ,49 ,49 ,62 ,73 ,84 ,130 ,129 ,155 ,24 ,49 ,45 ,19 ,12 
2026-06-16,114,컨벤션센터          ,하차,14 ,18 ,81 ,226 ,107 ,91 ,74 ,82 ,86 ,86 ,67 ,75 ,130 ,131 ,57 ,34 ,31 ,20 ,15 
2026-06-16,115,공항                ,승차,22 ,42 ,159 ,219 ,110 ,83 ,34 ,55 ,69 ,80 ,36 ,49 ,86 ,84 ,23 ,40 ,9 ,3 ,28 
2026-06-16,115,공항                ,하차,6 ,34 ,88 ,90 ,45 ,44 ,64 ,47 ,44 ,59 ,51 ,80 ,116 ,97 ,49 ,32 ,33 ,29 ,16 
2026-06-16,116,송정공원            ,승차,50 ,152 ,556 ,496 ,244 ,154 ,182 ,144 ,132 ,120 ,146 ,190 ,195 ,256 ,107 ,70 ,43 ,23 ,25 
2026-06-16,116,송정공원            ,하차,24 ,82 ,172 ,326 ,120 ,88 ,105 ,160 ,174 ,150 ,180 ,271 ,442 ,395 ,225 ,143 ,144 ,87 ,50 
2026-06-16,117,광주송정            ,승차,22 ,72 ,318 ,391 ,271 ,241 ,308 ,388 ,250 ,308 ,290 ,338 ,465 ,381 ,259 ,204 ,213 ,89 ,88 
2026-06-16,117,광주송정            ,하차,43 ,116 ,416 ,384 ,259 ,316 ,218 ,216 ,230 ,250 ,265 ,339 ,379 ,377 ,214 ,153 ,142 ,127 ,17 
2026-06-16,118,도산                ,승차,31 ,101 ,313 ,308 ,108 ,88 ,98 ,96 ,100 ,95 ,84 ,94 ,144 ,160 ,71 ,47 ,37 ,23 ,13 
2026-06-16,118,도산                ,하차,17 ,27 ,95 ,124 ,59 ,70 ,63 ,64 ,58 ,87 ,88 ,145 ,208 ,208 ,91 ,80 ,74 ,124 ,29 
2026-06-16,119,평동                ,승차,23 ,23 ,117 ,141 ,87 ,70 ,64 ,91 ,99 ,71 ,122 ,169 ,573 ,322 ,282 ,135 ,90 ,25 ,10 
2026-06-16,119,평동                ,하차,4 ,330 ,890 ,333 ,99 ,61 ,70 ,61 ,67 ,51 ,89 ,62 ,62 ,91 ,86 ,40 ,34 ,45 ,16 
2026-06-17,100,녹동                ,승차,1 ,10 ,35 ,44 ,14 ,25 ,10 ,7 ,6 ,9 ,5 ,14 ,16 ,19 ,2 ,1 ,5 ,1 ,0 
2026-06-17,100,녹동                ,하차,0 ,5 ,15 ,26 ,2 ,9 ,10 ,8 ,5 ,5 ,8 ,21 ,6 ,19 ,9 ,5 ,3 ,4 ,0 
2026-06-17,101,소태                ,승차,34 ,101 ,248 ,394 ,163 ,107 ,91 ,126 ,140 ,116 ,106 ,152 ,139 ,134 ,60 ,49 ,25 ,21 ,7 
2026-06-17,101,소태                ,하차,2 ,38 ,112 ,191 ,61 ,94 ,87 ,119 ,104 ,111 ,153 ,179 ,191 ,233 ,126 ,93 ,96 ,49 ,26 
2026-06-17,102,학동증심사          ,승차,32 ,72 ,149 ,284 ,163 ,144 ,116 ,162 ,141 ,94 ,154 ,322 ,158 ,142 ,48 ,63 ,31 ,21 ,15 
2026-06-17,102,학동증심사          ,하차,2 ,50 ,136 ,228 ,139 ,120 ,110 ,127 ,125 ,127 ,180 ,169 ,161 ,205 ,77 ,86 ,73 ,42 ,21 
2026-06-17,103,남광주              ,승차,47 ,169 ,323 ,398 ,274 ,281 ,338 ,296 ,255 ,334 ,357 ,425 ,550 ,309 ,173 ,134 ,100 ,52 ,137 
2026-06-17,103,남광주              ,하차,10 ,188 ,341 ,829 ,513 ,293 ,269 ,318 ,357 ,261 ,269 ,237 ,298 ,438 ,150 ,114 ,109 ,78 ,45 
2026-06-17,104,문화전당            ,승차,21 ,28 ,62 ,89 ,64 ,139 ,146 ,154 ,173 ,182 ,269 ,243 ,361 ,474 ,211 ,206 ,206 ,175 ,92 
2026-06-17,104,문화전당            ,하차,5 ,51 ,133 ,615 ,265 ,176 ,226 ,222 ,297 ,169 ,170 ,218 ,187 ,231 ,117 ,71 ,61 ,40 ,46 
2026-06-17,105,금남로4가           ,승차,21 ,73 ,150 ,248 ,125 ,137 ,182 ,255 ,251 ,234 ,400 ,397 ,453 ,474 ,202 ,151 ,162 ,131 ,33 
2026-06-17,105,금남로4가           ,하차,25 ,57 ,186 ,633 ,368 ,269 ,316 ,279 ,287 ,238 ,227 ,256 ,282 ,270 ,121 ,88 ,64 ,48 ,15 
2026-06-17,106,금남로5가           ,승차,24 ,70 ,123 ,174 ,69 ,95 ,96 ,89 ,116 ,156 ,281 ,216 ,201 ,332 ,99 ,88 ,73 ,43 ,24 
2026-06-17,106,금남로5가           ,하차,23 ,30 ,123 ,512 ,183 ,130 ,149 ,132 ,169 ,129 ,120 ,119 ,151 ,163 ,83 ,36 ,44 ,21 ,25 
2026-06-17,107,양동시장            ,승차,22 ,72 ,160 ,251 ,131 ,156 ,144 ,156 ,155 ,189 ,154 ,219 ,226 ,266 ,61 ,47 ,38 ,26 ,12 
2026-06-17,107,양동시장            ,하차,15 ,47 ,118 ,339 ,181 ,176 ,136 ,140 ,166 ,178 ,195 ,236 ,187 ,176 ,71 ,60 ,46 ,40 ,27 
2026-06-17,108,돌고개              ,승차,47 ,113 ,209 ,343 ,149 ,97 ,123 ,117 ,98 ,95 ,114 ,97 ,109 ,132 ,45 ,49 ,32 ,30 ,14 
2026-06-17,108,돌고개              ,하차,13 ,28 ,61 ,158 ,110 ,79 ,107 ,121 ,131 ,100 ,169 ,187 ,217 ,295 ,108 ,114 ,69 ,66 ,37 
2026-06-17,109,농성                ,승차,62 ,90 ,248 ,462 ,220 ,164 ,158 ,186 ,174 ,138 ,144 ,277 ,215 ,284 ,118 ,89 ,89 ,65 ,23 
2026-06-17,109,농성                ,하차,36 ,59 ,128 ,305 ,142 ,126 ,173 ,144 ,193 ,152 ,198 ,279 ,278 ,379 ,152 ,117 ,91 ,72 ,40 
2026-06-17,110,화정                ,승차,37 ,96 ,253 ,385 ,173 ,103 ,121 ,121 ,131 ,102 ,159 ,151 ,145 ,134 ,64 ,46 ,45 ,50 ,10 
2026-06-17,110,화정                ,하차,10 ,35 ,145 ,209 ,81 ,79 ,76 ,95 ,92 ,98 ,115 ,142 ,212 ,279 ,114 ,70 ,93 ,65 ,29 
2026-06-17,111,쌍촌                ,승차,72 ,148 ,372 ,519 ,203 ,147 ,127 ,161 ,140 ,102 ,250 ,99 ,119 ,150 ,84 ,47 ,44 ,33 ,18 
2026-06-17,111,쌍촌                ,하차,10 ,19 ,83 ,201 ,82 ,89 ,78 ,93 ,92 ,101 ,154 ,182 ,291 ,376 ,151 ,108 ,94 ,92 ,46 
2026-06-17,112,운천                ,승차,43 ,156 ,380 ,576 ,270 ,145 ,148 ,167 ,165 ,141 ,253 ,216 ,232 ,264 ,126 ,82 ,103 ,79 ,42 
2026-06-17,112,운천                ,하차,22 ,45 ,120 ,450 ,153 ,86 ,95 ,136 ,135 ,141 ,180 ,195 ,384 ,554 ,244 ,170 ,142 ,112 ,66 
2026-06-17,113,상무                ,승차,51 ,130 ,407 ,517 ,234 ,208 ,238 ,231 ,244 ,234 ,265 ,251 ,330 ,432 ,184 ,166 ,159 ,161 ,42 
2026-06-17,113,상무                ,하차,47 ,58 ,184 ,665 ,329 ,216 ,188 ,213 ,236 ,216 ,308 ,400 ,417 ,575 ,221 ,162 ,127 ,149 ,71 
2026-06-17,114,컨벤션센터          ,승차,12 ,36 ,82 ,165 ,96 ,70 ,60 ,84 ,76 ,78 ,107 ,113 ,129 ,147 ,50 ,48 ,37 ,16 ,7 
2026-06-17,114,컨벤션센터          ,하차,12 ,35 ,98 ,224 ,109 ,73 ,86 ,79 ,91 ,56 ,58 ,90 ,127 ,122 ,62 ,39 ,35 ,21 ,14 
2026-06-17,115,공항                ,승차,23 ,45 ,149 ,166 ,90 ,95 ,43 ,56 ,74 ,54 ,41 ,53 ,82 ,94 ,46 ,55 ,12 ,10 ,21 
2026-06-17,115,공항                ,하차,7 ,39 ,61 ,104 ,52 ,57 ,37 ,55 ,63 ,43 ,67 ,99 ,125 ,102 ,54 ,28 ,33 ,28 ,35 
2026-06-17,116,송정공원            ,승차,45 ,170 ,530 ,462 ,207 ,146 ,199 ,149 ,174 ,116 ,196 ,142 ,220 ,231 ,81 ,71 ,27 ,26 ,30 
2026-06-17,116,송정공원            ,하차,23 ,75 ,155 ,301 ,137 ,85 ,102 ,165 ,157 ,133 ,278 ,322 ,369 ,354 ,186 ,164 ,103 ,122 ,41 
2026-06-17,117,광주송정            ,승차,25 ,80 ,307 ,382 ,305 ,223 ,287 ,356 ,217 ,307 ,248 ,281 ,596 ,385 ,211 ,247 ,205 ,71 ,64 
2026-06-17,117,광주송정            ,하차,44 ,104 ,383 ,433 ,275 ,330 ,229 ,239 ,224 ,250 ,321 ,298 ,382 ,355 ,238 ,178 ,124 ,149 ,35 
2026-06-17,118,도산                ,승차,37 ,84 ,330 ,264 ,109 ,89 ,72 ,102 ,108 ,82 ,78 ,91 ,164 ,163 ,64 ,43 ,30 ,25 ,15 
2026-06-17,118,도산                ,하차,11 ,27 ,87 ,114 ,84 ,47 ,61 ,61 ,54 ,74 ,114 ,180 ,181 ,198 ,106 ,71 ,81 ,80 ,22 
2026-06-17,119,평동                ,승차,25 ,36 ,119 ,113 ,82 ,60 ,76 ,94 ,50 ,88 ,123 ,229 ,585 ,293 ,265 ,119 ,87 ,16 ,10 
2026-06-17,119,평동                ,하차,2 ,342 ,867 ,322 ,98 ,62 ,64 ,63 ,73 ,53 ,74 ,64 ,75 ,82 ,77 ,41 ,33 ,30 ,10 
2026-06-18,100,녹동                ,승차,3 ,8 ,37 ,28 ,10 ,13 ,9 ,15 ,12 ,8 ,7 ,12 ,13 ,24 ,3 ,0 ,0 ,0 ,2 
2026-06-18,100,녹동                ,하차,0 ,7 ,19 ,30 ,5 ,4 ,7 ,10 ,7 ,6 ,11 ,5 ,17 ,19 ,7 ,3 ,6 ,4 ,4 
2026-06-18,101,소태                ,승차,36 ,99 ,237 ,385 ,141 ,134 ,106 ,122 ,128 ,130 ,178 ,142 ,158 ,117 ,58 ,47 ,30 ,19 ,6 
2026-06-18,101,소태                ,하차,2 ,51 ,89 ,195 ,81 ,80 ,103 ,109 ,102 ,116 ,144 ,180 ,205 ,232 ,120 ,122 ,108 ,85 ,42 
2026-06-18,102,학동증심사          ,승차,41 ,65 ,160 ,254 ,145 ,144 ,123 ,175 ,144 ,128 ,155 ,214 ,163 ,138 ,60 ,39 ,32 ,28 ,73 
2026-06-18,102,학동증심사          ,하차,4 ,56 ,133 ,254 ,128 ,116 ,131 ,90 ,133 ,127 ,121 ,133 ,198 ,206 ,85 ,84 ,49 ,44 ,33 
2026-06-18,103,남광주              ,승차,39 ,170 ,319 ,413 ,249 ,315 ,359 ,277 ,302 ,296 ,383 ,396 ,480 ,317 ,148 ,143 ,92 ,68 ,51 
2026-06-18,103,남광주              ,하차,14 ,181 ,332 ,779 ,460 ,346 ,267 ,327 ,323 ,281 ,247 ,266 ,294 ,401 ,140 ,166 ,136 ,95 ,35 
2026-06-18,104,문화전당            ,승차,25 ,36 ,66 ,79 ,73 ,90 ,97 ,148 ,162 ,141 ,204 ,268 ,388 ,481 ,201 ,168 ,213 ,215 ,78 
2026-06-18,104,문화전당            ,하차,7 ,55 ,138 ,572 ,253 ,175 ,207 ,181 ,245 ,192 ,170 ,182 ,182 ,237 ,117 ,96 ,49 ,55 ,82 
2026-06-18,105,금남로4가           ,승차,21 ,95 ,164 ,243 ,137 ,129 ,196 ,211 ,268 ,316 ,339 ,394 ,451 ,472 ,204 ,192 ,189 ,133 ,37 
2026-06-18,105,금남로4가           ,하차,29 ,52 ,184 ,661 ,325 ,281 ,296 ,259 ,269 ,269 ,255 ,249 ,305 ,283 ,141 ,86 ,81 ,41 ,45 
2026-06-18,106,금남로5가           ,승차,29 ,70 ,127 ,168 ,87 ,120 ,91 ,87 ,139 ,131 ,137 ,247 ,218 ,301 ,125 ,84 ,107 ,42 ,12 
2026-06-18,106,금남로5가           ,하차,22 ,35 ,108 ,515 ,181 ,139 ,127 ,135 ,165 ,105 ,95 ,114 ,163 ,159 ,78 ,42 ,43 ,29 ,22 
2026-06-18,107,양동시장            ,승차,22 ,89 ,170 ,255 ,154 ,155 ,142 ,154 ,180 ,172 ,186 ,218 ,237 ,293 ,68 ,30 ,18 ,20 ,14 
2026-06-18,107,양동시장            ,하차,24 ,58 ,114 ,369 ,168 ,157 ,154 ,157 ,173 ,203 ,192 ,216 ,190 ,190 ,80 ,56 ,45 ,38 ,28 
2026-06-18,108,돌고개              ,승차,55 ,112 ,223 ,326 ,146 ,117 ,113 ,109 ,95 ,124 ,114 ,109 ,120 ,100 ,53 ,32 ,33 ,31 ,9 
2026-06-18,108,돌고개              ,하차,16 ,21 ,57 ,154 ,96 ,105 ,103 ,127 ,141 ,122 ,143 ,167 ,204 ,268 ,110 ,84 ,77 ,64 ,33 
2026-06-18,109,농성                ,승차,51 ,103 ,239 ,448 ,198 ,168 ,168 ,194 ,173 ,192 ,159 ,230 ,247 ,249 ,118 ,109 ,47 ,66 ,30 
2026-06-18,109,농성                ,하차,16 ,52 ,118 ,316 ,154 ,116 ,159 ,151 ,185 ,175 ,186 ,246 ,282 ,405 ,142 ,99 ,92 ,80 ,55 
2026-06-18,110,화정                ,승차,50 ,113 ,244 ,410 ,183 ,129 ,125 ,148 ,163 ,102 ,122 ,157 ,116 ,141 ,69 ,63 ,28 ,92 ,7 
2026-06-18,110,화정                ,하차,9 ,32 ,142 ,214 ,101 ,101 ,114 ,76 ,98 ,101 ,119 ,175 ,222 ,253 ,123 ,84 ,65 ,76 ,45 
2026-06-18,111,쌍촌                ,승차,86 ,172 ,355 ,504 ,194 ,172 ,140 ,172 ,160 ,103 ,119 ,185 ,147 ,147 ,78 ,56 ,55 ,25 ,10 
2026-06-18,111,쌍촌                ,하차,17 ,19 ,81 ,204 ,96 ,76 ,94 ,100 ,92 ,94 ,141 ,179 ,284 ,357 ,183 ,111 ,100 ,97 ,51 
2026-06-18,112,운천                ,승차,41 ,155 ,384 ,575 ,261 ,171 ,171 ,158 ,181 ,136 ,156 ,259 ,239 ,296 ,127 ,121 ,148 ,82 ,33 
2026-06-18,112,운천                ,하차,14 ,41 ,118 ,465 ,153 ,120 ,139 ,119 ,136 ,157 ,155 ,227 ,398 ,611 ,237 ,185 ,154 ,150 ,73 
2026-06-18,113,상무                ,승차,50 ,115 ,399 ,551 ,263 ,255 ,257 ,257 ,232 ,232 ,287 ,256 ,346 ,485 ,201 ,181 ,193 ,126 ,36 
2026-06-18,113,상무                ,하차,41 ,77 ,178 ,696 ,354 ,196 ,202 ,269 ,259 ,226 ,284 ,321 ,510 ,575 ,221 ,154 ,132 ,139 ,59 
2026-06-18,114,컨벤션센터          ,승차,14 ,30 ,88 ,148 ,98 ,64 ,71 ,81 ,75 ,83 ,81 ,95 ,150 ,163 ,51 ,48 ,42 ,25 ,19 
2026-06-18,114,컨벤션센터          ,하차,15 ,34 ,104 ,251 ,106 ,74 ,67 ,58 ,53 ,61 ,80 ,78 ,114 ,125 ,64 ,43 ,48 ,29 ,19 
2026-06-18,115,공항                ,승차,21 ,39 ,161 ,185 ,102 ,65 ,43 ,62 ,52 ,43 ,35 ,60 ,96 ,78 ,43 ,44 ,17 ,7 ,28 
2026-06-18,115,공항                ,하차,7 ,35 ,57 ,95 ,45 ,53 ,49 ,43 ,81 ,57 ,62 ,75 ,121 ,99 ,43 ,41 ,42 ,31 ,29 
2026-06-18,116,송정공원            ,승차,46 ,130 ,518 ,477 ,206 ,177 ,206 ,161 ,156 ,156 ,188 ,154 ,217 ,274 ,84 ,56 ,44 ,23 ,19 
2026-06-18,116,송정공원            ,하차,30 ,80 ,159 ,340 ,154 ,145 ,123 ,168 ,170 ,173 ,169 ,300 ,350 ,344 ,198 ,141 ,127 ,109 ,45 
2026-06-18,117,광주송정            ,승차,27 ,78 ,281 ,374 ,285 ,281 ,363 ,350 ,233 ,323 ,313 ,382 ,559 ,376 ,237 ,249 ,269 ,101 ,73 
2026-06-18,117,광주송정            ,하차,54 ,106 ,407 ,424 ,287 ,358 ,298 ,303 ,319 ,304 ,313 ,354 ,424 ,434 ,229 ,196 ,122 ,156 ,29 
2026-06-18,118,도산                ,승차,31 ,80 ,300 ,287 ,115 ,86 ,77 ,95 ,103 ,96 ,79 ,79 ,149 ,161 ,67 ,53 ,50 ,34 ,17 
2026-06-18,118,도산                ,하차,14 ,25 ,74 ,110 ,51 ,60 ,85 ,59 ,51 ,86 ,92 ,125 ,211 ,198 ,109 ,76 ,68 ,100 ,36 
2026-06-18,119,평동                ,승차,21 ,25 ,112 ,134 ,85 ,83 ,70 ,82 ,99 ,72 ,127 ,198 ,561 ,313 ,285 ,155 ,62 ,18 ,16 
2026-06-18,119,평동                ,하차,44 ,295 ,860 ,344 ,95 ,58 ,74 ,67 ,70 ,63 ,78 ,61 ,82 ,83 ,83 ,29 ,47 ,36 ,16 
2026-06-19,100,녹동                ,승차,1 ,6 ,29 ,29 ,14 ,14 ,8 ,11 ,13 ,12 ,5 ,8 ,18 ,32 ,5 ,1 ,1 ,0 ,0 
2026-06-19,100,녹동                ,하차,0 ,4 ,17 ,28 ,5 ,7 ,7 ,6 ,9 ,7 ,9 ,15 ,21 ,20 ,7 ,5 ,4 ,2 ,1 
2026-06-19,101,소태                ,승차,37 ,109 ,222 ,372 ,178 ,130 ,119 ,150 ,141 ,140 ,123 ,132 ,190 ,158 ,83 ,52 ,49 ,23 ,17 
2026-06-19,101,소태                ,하차,1 ,38 ,99 ,206 ,75 ,100 ,83 ,113 ,108 ,144 ,154 ,183 ,196 ,260 ,124 ,82 ,103 ,101 ,50 
2026-06-19,102,학동증심사          ,승차,35 ,64 ,152 ,237 ,169 ,143 ,110 ,149 ,137 ,95 ,152 ,284 ,201 ,151 ,63 ,50 ,42 ,19 ,8 
2026-06-19,102,학동증심사          ,하차,2 ,56 ,135 ,231 ,121 ,127 ,107 ,103 ,129 ,121 ,163 ,162 ,188 ,197 ,91 ,84 ,63 ,57 ,35 
2026-06-19,103,남광주              ,승차,57 ,179 ,308 ,401 ,308 ,311 ,301 ,327 ,291 ,283 ,282 ,309 ,558 ,317 ,166 ,96 ,79 ,63 ,119 
2026-06-19,103,남광주              ,하차,9 ,183 ,299 ,746 ,431 ,279 ,240 ,234 ,273 ,300 ,240 ,266 ,348 ,414 ,148 ,124 ,118 ,96 ,78 
2026-06-19,104,문화전당            ,승차,14 ,32 ,59 ,104 ,66 ,105 ,79 ,153 ,158 ,193 ,249 ,275 ,379 ,482 ,256 ,158 ,187 ,194 ,114 
2026-06-19,104,문화전당            ,하차,12 ,43 ,136 ,530 ,257 ,175 ,180 ,198 ,255 ,233 ,173 ,190 ,286 ,361 ,172 ,101 ,62 ,79 ,47 
2026-06-19,105,금남로4가           ,승차,23 ,80 ,149 ,243 ,143 ,142 ,167 ,236 ,259 ,235 ,327 ,432 ,519 ,550 ,257 ,206 ,195 ,122 ,30 
2026-06-19,105,금남로4가           ,하차,32 ,49 ,170 ,630 ,317 ,269 ,288 ,303 ,314 ,270 ,271 ,256 ,351 ,317 ,159 ,89 ,80 ,60 ,24 
2026-06-19,106,금남로5가           ,승차,29 ,81 ,123 ,183 ,98 ,105 ,79 ,77 ,96 ,146 ,194 ,247 ,261 ,308 ,121 ,73 ,78 ,25 ,17 
2026-06-19,106,금남로5가           ,하차,23 ,29 ,104 ,501 ,177 ,130 ,128 ,143 ,155 ,113 ,113 ,101 ,138 ,195 ,63 ,35 ,49 ,36 ,32 
2026-06-19,107,양동시장            ,승차,22 ,74 ,163 ,260 ,133 ,160 ,132 ,180 ,185 ,163 ,196 ,199 ,236 ,275 ,77 ,56 ,27 ,16 ,19 
2026-06-19,107,양동시장            ,하차,20 ,49 ,104 ,345 ,190 ,165 ,145 ,159 ,201 ,180 ,195 ,185 ,204 ,210 ,82 ,74 ,36 ,38 ,27 
2026-06-19,108,돌고개              ,승차,50 ,99 ,208 ,345 ,155 ,111 ,102 ,108 ,117 ,125 ,126 ,110 ,126 ,148 ,52 ,37 ,40 ,24 ,18 
2026-06-19,108,돌고개              ,하차,13 ,29 ,54 ,148 ,106 ,96 ,97 ,133 ,128 ,116 ,146 ,172 ,210 ,269 ,104 ,85 ,79 ,47 ,63 
2026-06-19,109,농성                ,승차,55 ,106 ,246 ,423 ,203 ,170 ,123 ,191 ,203 ,192 ,212 ,227 ,287 ,270 ,114 ,95 ,56 ,61 ,30 
2026-06-19,109,농성                ,하차,28 ,52 ,122 ,309 ,165 ,132 ,140 ,202 ,186 ,185 ,211 ,212 ,342 ,391 ,153 ,92 ,98 ,68 ,62 
2026-06-19,110,화정                ,승차,40 ,97 ,260 ,366 ,191 ,115 ,102 ,140 ,108 ,130 ,147 ,149 ,163 ,177 ,76 ,60 ,40 ,73 ,14 
2026-06-19,110,화정                ,하차,6 ,36 ,146 ,187 ,107 ,91 ,97 ,91 ,108 ,92 ,137 ,168 ,211 ,263 ,127 ,77 ,64 ,75 ,38 
2026-06-19,111,쌍촌                ,승차,75 ,154 ,346 ,494 ,188 ,142 ,166 ,222 ,137 ,105 ,118 ,191 ,189 ,166 ,94 ,62 ,53 ,22 ,12 
2026-06-19,111,쌍촌                ,하차,12 ,24 ,72 ,216 ,97 ,59 ,86 ,98 ,99 ,94 ,151 ,180 ,315 ,378 ,156 ,106 ,98 ,90 ,54 
2026-06-19,112,운천                ,승차,35 ,143 ,391 ,529 ,237 ,190 ,137 ,226 ,153 ,166 ,157 ,283 ,302 ,295 ,132 ,94 ,108 ,107 ,59 
2026-06-19,112,운천                ,하차,14 ,43 ,121 ,477 ,171 ,106 ,96 ,123 ,158 ,175 ,161 ,216 ,497 ,671 ,273 ,206 ,165 ,131 ,92 
2026-06-19,113,상무                ,승차,43 ,131 ,383 ,520 ,255 ,227 ,218 ,252 ,262 ,252 ,319 ,278 ,409 ,528 ,180 ,167 ,176 ,128 ,77 
2026-06-19,113,상무                ,하차,42 ,59 ,171 ,680 ,313 ,196 ,189 ,216 ,252 ,264 ,352 ,354 ,527 ,635 ,243 ,149 ,127 ,136 ,73 
2026-06-19,114,컨벤션센터          ,승차,12 ,35 ,84 ,157 ,55 ,68 ,51 ,69 ,77 ,88 ,116 ,119 ,136 ,148 ,60 ,34 ,47 ,12 ,6 
2026-06-19,114,컨벤션센터          ,하차,14 ,22 ,96 ,225 ,103 ,74 ,76 ,59 ,95 ,58 ,87 ,81 ,107 ,138 ,53 ,31 ,27 ,28 ,12 
2026-06-19,115,공항                ,승차,18 ,43 ,163 ,160 ,120 ,54 ,69 ,56 ,90 ,68 ,53 ,153 ,117 ,124 ,38 ,40 ,27 ,5 ,11 
2026-06-19,115,공항                ,하차,13 ,45 ,74 ,84 ,48 ,42 ,42 ,41 ,88 ,53 ,79 ,91 ,103 ,104 ,43 ,33 ,19 ,26 ,24 
2026-06-19,116,송정공원            ,승차,56 ,137 ,503 ,460 ,182 ,129 ,153 ,164 ,157 ,132 ,197 ,237 ,225 ,234 ,88 ,45 ,42 ,33 ,9 
2026-06-19,116,송정공원            ,하차,26 ,77 ,170 ,275 ,151 ,70 ,114 ,162 ,140 ,137 ,165 ,301 ,386 ,363 ,212 ,116 ,141 ,87 ,33 
2026-06-19,117,광주송정            ,승차,26 ,75 ,264 ,371 ,292 ,220 ,325 ,356 ,283 ,380 ,258 ,371 ,803 ,525 ,280 ,385 ,332 ,117 ,393 
2026-06-19,117,광주송정            ,하차,47 ,113 ,415 ,417 ,323 ,457 ,269 ,306 ,306 ,287 ,316 ,407 ,583 ,730 ,424 ,295 ,160 ,122 ,57 
2026-06-19,118,도산                ,승차,43 ,86 ,308 ,289 ,120 ,71 ,79 ,103 ,129 ,102 ,83 ,121 ,185 ,189 ,69 ,49 ,38 ,20 ,15 
2026-06-19,118,도산                ,하차,18 ,38 ,68 ,114 ,55 ,69 ,60 ,69 ,73 ,76 ,90 ,136 ,271 ,201 ,109 ,67 ,60 ,95 ,28 
2026-06-19,119,평동                ,승차,20 ,30 ,100 ,108 ,80 ,62 ,58 ,101 ,80 ,99 ,126 ,208 ,684 ,297 ,195 ,110 ,60 ,23 ,5 
2026-06-19,119,평동                ,하차,36 ,293 ,801 ,338 ,76 ,62 ,56 ,58 ,59 ,71 ,64 ,67 ,79 ,77 ,89 ,22 ,46 ,30 ,21 
2026-06-20,100,녹동                ,승차,0 ,1 ,10 ,17 ,13 ,16 ,10 ,10 ,12 ,14 ,7 ,14 ,10 ,5 ,0 ,1 ,1 ,0 ,0 
2026-06-20,100,녹동                ,하차,0 ,0 ,5 ,3 ,6 ,7 ,2 ,2 ,3 ,5 ,12 ,9 ,20 ,7 ,7 ,3 ,6 ,2 ,0 
2026-06-20,101,소태                ,승차,27 ,55 ,105 ,106 ,141 ,120 ,140 ,144 ,151 ,105 ,99 ,119 ,147 ,101 ,47 ,47 ,30 ,10 ,12 
2026-06-20,101,소태                ,하차,5 ,40 ,66 ,67 ,71 ,71 ,65 ,80 ,123 ,104 ,114 ,127 ,174 ,152 ,76 ,115 ,86 ,44 ,38 
2026-06-20,102,학동증심사          ,승차,40 ,48 ,61 ,90 ,101 ,116 ,119 ,138 ,118 ,84 ,99 ,109 ,121 ,91 ,56 ,37 ,19 ,10 ,65 
2026-06-20,102,학동증심사          ,하차,3 ,34 ,57 ,100 ,74 ,82 ,109 ,70 ,110 ,101 ,100 ,116 ,123 ,128 ,57 ,76 ,60 ,48 ,45 
2026-06-20,103,남광주              ,승차,41 ,126 ,172 ,188 ,199 ,178 ,180 ,185 ,206 ,184 ,177 ,190 ,178 ,126 ,91 ,84 ,72 ,57 ,28 
2026-06-20,103,남광주              ,하차,16 ,134 ,111 ,155 ,121 ,146 ,170 ,157 ,174 ,164 ,158 ,193 ,204 ,172 ,94 ,116 ,120 ,69 ,62 
2026-06-20,104,문화전당            ,승차,17 ,20 ,35 ,37 ,60 ,78 ,66 ,132 ,170 ,162 ,267 ,346 ,364 ,289 ,231 ,245 ,203 ,218 ,94 
2026-06-20,104,문화전당            ,하차,2 ,24 ,45 ,123 ,156 ,164 ,263 ,274 ,328 ,267 ,252 ,233 ,295 ,253 ,182 ,120 ,80 ,48 ,61 
2026-06-20,105,금남로4가           ,승차,21 ,41 ,62 ,79 ,100 ,121 ,133 ,180 ,239 ,258 ,318 ,326 ,425 ,370 ,264 ,234 ,172 ,127 ,36 
2026-06-20,105,금남로4가           ,하차,13 ,22 ,48 ,133 ,227 ,211 ,385 ,365 ,385 ,342 ,296 ,262 ,264 ,209 ,117 ,86 ,52 ,40 ,33 
2026-06-20,106,금남로5가           ,승차,14 ,33 ,37 ,41 ,69 ,74 ,47 ,84 ,103 ,90 ,129 ,165 ,145 ,83 ,60 ,90 ,26 ,21 ,27 
2026-06-20,106,금남로5가           ,하차,11 ,14 ,27 ,48 ,85 ,106 ,134 ,144 ,154 ,79 ,92 ,84 ,84 ,78 ,53 ,49 ,39 ,29 ,41 
2026-06-20,107,양동시장            ,승차,19 ,62 ,66 ,100 ,100 ,164 ,128 ,157 ,162 ,155 ,157 ,165 ,158 ,109 ,82 ,43 ,30 ,13 ,9 
2026-06-20,107,양동시장            ,하차,23 ,34 ,75 ,114 ,132 ,166 ,143 ,142 ,171 ,165 ,162 ,144 ,118 ,86 ,35 ,46 ,31 ,35 ,30 
2026-06-20,108,돌고개              ,승차,27 ,54 ,69 ,94 ,84 ,109 ,105 ,116 ,84 ,70 ,83 ,91 ,93 ,66 ,53 ,29 ,34 ,27 ,16 
2026-06-20,108,돌고개              ,하차,9 ,22 ,34 ,51 ,63 ,54 ,76 ,75 ,92 ,78 ,101 ,135 ,117 ,128 ,90 ,83 ,68 ,44 ,45 
2026-06-20,109,농성                ,승차,33 ,53 ,84 ,111 ,151 ,129 ,153 ,182 ,221 ,202 ,193 ,180 ,179 ,198 ,116 ,130 ,62 ,39 ,27 
2026-06-20,109,농성                ,하차,14 ,38 ,76 ,93 ,113 ,111 ,147 ,141 ,158 ,161 ,199 ,177 ,184 ,189 ,105 ,86 ,78 ,71 ,60 
2026-06-20,110,화정                ,승차,32 ,52 ,84 ,85 ,127 ,143 ,116 ,137 ,104 ,95 ,118 ,109 ,113 ,79 ,50 ,41 ,37 ,33 ,10 
2026-06-20,110,화정                ,하차,6 ,14 ,30 ,85 ,71 ,76 ,77 ,58 ,97 ,74 ,98 ,99 ,127 ,109 ,81 ,71 ,75 ,44 ,43 
2026-06-20,111,쌍촌                ,승차,38 ,72 ,96 ,129 ,125 ,137 ,142 ,162 ,121 ,103 ,107 ,108 ,118 ,91 ,85 ,41 ,41 ,24 ,14 
2026-06-20,111,쌍촌                ,하차,9 ,8 ,28 ,51 ,72 ,61 ,58 ,81 ,95 ,80 ,107 ,130 ,150 ,112 ,90 ,91 ,92 ,82 ,59 
2026-06-20,112,운천                ,승차,42 ,64 ,98 ,158 ,171 ,147 ,178 ,167 ,143 ,130 ,156 ,172 ,170 ,130 ,120 ,119 ,103 ,94 ,68 
2026-06-20,112,운천                ,하차,11 ,26 ,52 ,120 ,154 ,115 ,127 ,131 ,137 ,122 ,132 ,176 ,330 ,308 ,241 ,216 ,168 ,151 ,111 
2026-06-20,113,상무                ,승차,36 ,58 ,101 ,166 ,166 ,187 ,213 ,270 ,247 ,223 ,257 ,207 ,184 ,152 ,133 ,159 ,102 ,116 ,50 
2026-06-20,113,상무                ,하차,26 ,45 ,69 ,200 ,202 ,192 ,178 ,182 ,228 ,206 ,208 ,221 ,309 ,287 ,161 ,157 ,107 ,99 ,80 
2026-06-20,114,컨벤션센터          ,승차,8 ,20 ,36 ,50 ,39 ,64 ,62 ,131 ,81 ,139 ,112 ,98 ,101 ,92 ,72 ,55 ,29 ,11 ,8 
2026-06-20,114,컨벤션센터          ,하차,11 ,23 ,33 ,70 ,107 ,85 ,146 ,101 ,105 ,87 ,58 ,79 ,70 ,70 ,34 ,21 ,24 ,26 ,18 
2026-06-20,115,공항                ,승차,16 ,19 ,29 ,69 ,55 ,68 ,49 ,37 ,51 ,50 ,44 ,90 ,68 ,53 ,41 ,31 ,21 ,10 ,12 
2026-06-20,115,공항                ,하차,4 ,16 ,24 ,40 ,25 ,44 ,46 ,44 ,69 ,46 ,69 ,67 ,59 ,54 ,45 ,46 ,39 ,29 ,21 
2026-06-20,116,송정공원            ,승차,29 ,66 ,131 ,130 ,118 ,127 ,154 ,140 ,169 ,138 ,140 ,128 ,153 ,81 ,92 ,45 ,37 ,26 ,13 
2026-06-20,116,송정공원            ,하차,24 ,41 ,54 ,72 ,69 ,84 ,94 ,102 ,102 ,107 ,132 ,153 ,164 ,168 ,84 ,121 ,106 ,96 ,36 
2026-06-20,117,광주송정            ,승차,17 ,35 ,135 ,221 ,350 ,358 ,419 ,394 ,262 ,345 ,275 ,301 ,629 ,297 ,212 ,331 ,288 ,187 ,225 
2026-06-20,117,광주송정            ,하차,45 ,82 ,244 ,193 ,241 ,457 ,320 ,298 ,360 ,293 ,319 ,390 ,392 ,389 ,246 ,280 ,120 ,114 ,40 
2026-06-20,118,도산                ,승차,20 ,37 ,65 ,94 ,72 ,91 ,80 ,80 ,113 ,74 ,75 ,64 ,90 ,79 ,71 ,50 ,34 ,28 ,18 
2026-06-20,118,도산                ,하차,11 ,15 ,47 ,37 ,32 ,50 ,72 ,62 ,72 ,61 ,62 ,110 ,154 ,90 ,62 ,69 ,58 ,49 ,42 
2026-06-20,119,평동                ,승차,25 ,18 ,70 ,47 ,66 ,60 ,89 ,95 ,95 ,102 ,133 ,120 ,242 ,118 ,87 ,57 ,22 ,22 ,5 
2026-06-20,119,평동                ,하차,14 ,90 ,234 ,125 ,64 ,63 ,64 ,55 ,68 ,75 ,88 ,73 ,71 ,54 ,64 ,54 ,69 ,60 ,24 
2026-06-21,100,녹동                ,승차,0 ,0 ,2 ,12 ,11 ,18 ,25 ,14 ,10 ,7 ,5 ,6 ,6 ,9 ,3 ,2 ,1 ,0 ,0 
2026-06-21,100,녹동                ,하차,0 ,0 ,5 ,7 ,2 ,4 ,10 ,2 ,11 ,9 ,12 ,5 ,9 ,6 ,4 ,2 ,2 ,2 ,0 
2026-06-21,101,소태                ,승차,20 ,45 ,78 ,71 ,89 ,102 ,87 ,120 ,96 ,100 ,111 ,100 ,82 ,84 ,69 ,32 ,29 ,18 ,3 
2026-06-21,101,소태                ,하차,0 ,23 ,48 ,52 ,59 ,43 ,56 ,45 ,82 ,81 ,85 ,125 ,111 ,127 ,87 ,77 ,61 ,58 ,37 
2026-06-21,102,학동증심사          ,승차,24 ,34 ,46 ,51 ,76 ,90 ,84 ,112 ,98 ,92 ,95 ,65 ,67 ,64 ,37 ,28 ,21 ,19 ,26 
2026-06-21,102,학동증심사          ,하차,2 ,26 ,25 ,71 ,75 ,92 ,54 ,59 ,60 ,82 ,81 ,87 ,104 ,64 ,59 ,63 ,45 ,35 ,40 
2026-06-21,103,남광주              ,승차,27 ,53 ,74 ,78 ,118 ,150 ,113 ,126 ,128 ,128 ,153 ,154 ,167 ,141 ,109 ,87 ,55 ,44 ,88 
2026-06-21,103,남광주              ,하차,3 ,55 ,72 ,93 ,117 ,124 ,110 ,125 ,135 ,157 ,136 ,165 ,161 ,168 ,89 ,87 ,111 ,84 ,74 
2026-06-21,104,문화전당            ,승차,11 ,16 ,20 ,95 ,52 ,55 ,62 ,118 ,140 ,143 ,226 ,250 ,295 ,272 ,222 ,194 ,168 ,153 ,90 
2026-06-21,104,문화전당            ,하차,9 ,58 ,27 ,85 ,100 ,141 ,216 ,245 ,244 ,258 ,220 ,235 ,214 ,168 ,101 ,98 ,77 ,35 ,82 
2026-06-21,105,금남로4가           ,승차,15 ,25 ,43 ,44 ,77 ,88 ,71 ,119 ,144 ,236 ,259 ,311 ,324 ,294 ,261 ,200 ,145 ,77 ,26 
2026-06-21,105,금남로4가           ,하차,15 ,26 ,46 ,94 ,124 ,149 ,276 ,280 ,283 ,275 ,254 ,210 ,183 ,171 ,72 ,77 ,65 ,40 ,49 
2026-06-21,106,금남로5가           ,승차,17 ,28 ,22 ,25 ,56 ,51 ,51 ,59 ,63 ,96 ,112 ,157 ,174 ,164 ,75 ,82 ,43 ,20 ,8 
2026-06-21,106,금남로5가           ,하차,6 ,12 ,44 ,47 ,78 ,86 ,83 ,152 ,170 ,108 ,80 ,58 ,60 ,176 ,35 ,39 ,46 ,25 ,20 
2026-06-21,107,양동시장            ,승차,21 ,33 ,39 ,47 ,64 ,73 ,93 ,85 ,77 ,92 ,96 ,96 ,79 ,55 ,56 ,57 ,16 ,15 ,17 
2026-06-21,107,양동시장            ,하차,7 ,27 ,56 ,48 ,51 ,78 ,68 ,62 ,84 ,90 ,74 ,88 ,99 ,94 ,51 ,41 ,31 ,18 ,35 
2026-06-21,108,돌고개              ,승차,33 ,39 ,49 ,51 ,61 ,110 ,80 ,84 ,82 ,72 ,68 ,61 ,78 ,52 ,34 ,33 ,25 ,15 ,12 
2026-06-21,108,돌고개              ,하차,11 ,23 ,15 ,32 ,37 ,42 ,45 ,42 ,73 ,70 ,105 ,97 ,117 ,74 ,64 ,65 ,57 ,36 ,38 
2026-06-21,109,농성                ,승차,31 ,40 ,56 ,93 ,111 ,129 ,119 ,152 ,150 ,166 ,155 ,146 ,139 ,94 ,88 ,100 ,51 ,27 ,23 
2026-06-21,109,농성                ,하차,24 ,33 ,44 ,79 ,98 ,123 ,114 ,107 ,135 ,134 ,124 ,117 ,158 ,134 ,99 ,102 ,69 ,56 ,59 
2026-06-21,110,화정                ,승차,17 ,28 ,55 ,44 ,89 ,71 ,59 ,73 ,74 ,90 ,85 ,61 ,75 ,50 ,45 ,37 ,26 ,20 ,14 
2026-06-21,110,화정                ,하차,5 ,14 ,20 ,48 ,31 ,54 ,32 ,54 ,47 ,71 ,59 ,88 ,110 ,94 ,73 ,49 ,48 ,43 ,35 
2026-06-21,111,쌍촌                ,승차,27 ,56 ,72 ,88 ,103 ,127 ,75 ,101 ,102 ,72 ,81 ,88 ,155 ,66 ,51 ,34 ,25 ,21 ,7 
2026-06-21,111,쌍촌                ,하차,8 ,20 ,27 ,30 ,45 ,34 ,52 ,53 ,58 ,70 ,84 ,91 ,108 ,122 ,76 ,85 ,93 ,63 ,52 
2026-06-21,112,운천                ,승차,20 ,62 ,77 ,103 ,108 ,89 ,112 ,120 ,143 ,126 ,112 ,118 ,166 ,129 ,83 ,103 ,98 ,67 ,51 
2026-06-21,112,운천                ,하차,7 ,13 ,33 ,50 ,90 ,72 ,71 ,85 ,102 ,110 ,121 ,143 ,176 ,176 ,165 ,153 ,143 ,99 ,89 
2026-06-21,113,상무                ,승차,24 ,52 ,75 ,87 ,111 ,127 ,124 ,149 ,155 ,137 ,176 ,166 ,153 ,134 ,126 ,147 ,73 ,64 ,32 
2026-06-21,113,상무                ,하차,10 ,28 ,45 ,65 ,113 ,142 ,117 ,118 ,147 ,180 ,170 ,181 ,205 ,223 ,157 ,120 ,93 ,77 ,72 
2026-06-21,114,컨벤션센터          ,승차,9 ,8 ,21 ,31 ,40 ,27 ,37 ,54 ,49 ,92 ,67 ,67 ,62 ,45 ,38 ,28 ,27 ,5 ,11 
2026-06-21,114,컨벤션센터          ,하차,9 ,25 ,17 ,37 ,71 ,56 ,60 ,68 ,51 ,76 ,52 ,48 ,69 ,53 ,24 ,22 ,27 ,12 ,13 
2026-06-21,115,공항                ,승차,14 ,13 ,20 ,31 ,76 ,33 ,37 ,57 ,48 ,57 ,35 ,69 ,62 ,41 ,46 ,36 ,16 ,6 ,8 
2026-06-21,115,공항                ,하차,9 ,15 ,28 ,41 ,30 ,32 ,40 ,37 ,49 ,46 ,47 ,58 ,50 ,50 ,39 ,24 ,11 ,13 ,20 
2026-06-21,116,송정공원            ,승차,24 ,30 ,62 ,70 ,86 ,111 ,115 ,102 ,112 ,89 ,128 ,100 ,83 ,78 ,46 ,44 ,38 ,27 ,7 
2026-06-21,116,송정공원            ,하차,13 ,44 ,28 ,60 ,66 ,55 ,63 ,59 ,74 ,95 ,129 ,129 ,117 ,102 ,105 ,110 ,84 ,61 ,42 
2026-06-21,117,광주송정            ,승차,15 ,35 ,126 ,142 ,218 ,198 ,287 ,396 ,243 ,396 ,280 ,250 ,668 ,321 ,272 ,407 ,363 ,137 ,455 
2026-06-21,117,광주송정            ,하차,39 ,61 ,217 ,139 ,192 ,353 ,254 ,235 ,224 ,261 ,254 ,348 ,357 ,438 ,329 ,410 ,176 ,103 ,37 
2026-06-21,118,도산                ,승차,24 ,39 ,53 ,53 ,83 ,91 ,87 ,78 ,88 ,91 ,51 ,54 ,74 ,94 ,51 ,28 ,36 ,19 ,18 
2026-06-21,118,도산                ,하차,9 ,26 ,42 ,18 ,37 ,58 ,60 ,40 ,54 ,55 ,54 ,82 ,104 ,85 ,60 ,81 ,65 ,35 ,26 
2026-06-21,119,평동                ,승차,11 ,30 ,44 ,43 ,51 ,84 ,68 ,72 ,107 ,74 ,105 ,110 ,118 ,94 ,61 ,28 ,17 ,12 ,12 
2026-06-21,119,평동                ,하차,10 ,40 ,80 ,59 ,51 ,42 ,44 ,53 ,75 ,62 ,92 ,99 ,91 ,76 ,89 ,81 ,70 ,24 ,18 
2026-06-22,100,녹동                ,승차,0 ,8 ,28 ,31 ,9 ,11 ,10 ,17 ,5 ,7 ,5 ,9 ,13 ,20 ,6 ,0 ,1 ,0 ,0 
2026-06-22,100,녹동                ,하차,0 ,6 ,14 ,22 ,4 ,6 ,4 ,6 ,5 ,6 ,8 ,14 ,14 ,17 ,10 ,6 ,1 ,2 ,0 
2026-06-22,101,소태                ,승차,48 ,113 ,236 ,380 ,163 ,132 ,119 ,128 ,131 ,173 ,99 ,119 ,125 ,130 ,67 ,30 ,23 ,24 ,26 
2026-06-22,101,소태                ,하차,5 ,42 ,109 ,212 ,88 ,102 ,101 ,103 ,121 ,92 ,150 ,155 ,201 ,250 ,118 ,82 ,102 ,56 ,52 
2026-06-22,102,학동증심사          ,승차,38 ,59 ,165 ,246 ,177 ,130 ,137 ,128 ,131 ,99 ,129 ,180 ,276 ,142 ,57 ,36 ,36 ,22 ,72 
2026-06-22,102,학동증심사          ,하차,1 ,53 ,139 ,234 ,118 ,101 ,129 ,127 ,122 ,130 ,147 ,155 ,163 ,199 ,80 ,77 ,49 ,44 ,32 
2026-06-22,103,남광주              ,승차,61 ,175 ,326 ,397 ,269 ,287 ,264 ,256 ,214 ,221 ,308 ,357 ,520 ,262 ,116 ,88 ,71 ,41 ,43 
2026-06-22,103,남광주              ,하차,7 ,177 ,302 ,709 ,322 ,225 ,208 ,250 ,272 ,273 ,211 ,247 ,260 ,368 ,132 ,125 ,108 ,78 ,41 
2026-06-22,104,문화전당            ,승차,16 ,34 ,69 ,96 ,72 ,85 ,101 ,112 ,138 ,147 ,184 ,242 ,299 ,398 ,227 ,192 ,199 ,196 ,59 
2026-06-22,104,문화전당            ,하차,5 ,51 ,118 ,537 ,242 ,147 ,177 ,151 ,225 ,186 ,154 ,163 ,276 ,254 ,113 ,76 ,41 ,26 ,38 
2026-06-22,105,금남로4가           ,승차,31 ,77 ,149 ,237 ,137 ,167 ,191 ,237 ,240 ,264 ,293 ,369 ,398 ,462 ,200 ,141 ,182 ,75 ,33 
2026-06-22,105,금남로4가           ,하차,26 ,59 ,180 ,648 ,318 ,298 ,319 ,241 ,260 ,213 ,251 ,221 ,294 ,253 ,146 ,84 ,71 ,29 ,42 
2026-06-22,106,금남로5가           ,승차,25 ,73 ,132 ,153 ,85 ,91 ,90 ,90 ,113 ,132 ,151 ,208 ,188 ,322 ,80 ,98 ,93 ,22 ,29 
2026-06-22,106,금남로5가           ,하차,19 ,29 ,115 ,517 ,193 ,144 ,143 ,121 ,166 ,93 ,105 ,102 ,144 ,141 ,60 ,46 ,34 ,13 ,21 
2026-06-22,107,양동시장            ,승차,31 ,85 ,166 ,239 ,135 ,162 ,184 ,151 ,222 ,165 ,178 ,211 ,185 ,294 ,63 ,35 ,17 ,16 ,10 
2026-06-22,107,양동시장            ,하차,26 ,43 ,130 ,340 ,184 ,172 ,198 ,136 ,214 ,168 ,205 ,177 ,175 ,173 ,60 ,48 ,50 ,26 ,17 
2026-06-22,108,돌고개              ,승차,48 ,105 ,203 ,322 ,152 ,119 ,124 ,95 ,121 ,119 ,104 ,90 ,115 ,126 ,43 ,31 ,44 ,17 ,9 
2026-06-22,108,돌고개              ,하차,16 ,19 ,59 ,145 ,107 ,76 ,110 ,102 ,130 ,112 ,155 ,178 ,213 ,269 ,127 ,76 ,64 ,60 ,25 
2026-06-22,109,농성                ,승차,46 ,99 ,223 ,423 ,243 ,151 ,133 ,152 ,158 ,159 ,166 ,177 ,190 ,275 ,94 ,107 ,58 ,44 ,24 
2026-06-22,109,농성                ,하차,11 ,49 ,116 ,283 ,186 ,126 ,173 ,146 ,166 ,137 ,184 ,222 ,246 ,374 ,121 ,99 ,87 ,58 ,49 
2026-06-22,110,화정                ,승차,41 ,107 ,254 ,386 ,183 ,155 ,116 ,122 ,118 ,135 ,152 ,164 ,134 ,112 ,78 ,54 ,29 ,80 ,9 
2026-06-22,110,화정                ,하차,7 ,27 ,147 ,213 ,79 ,100 ,85 ,77 ,113 ,86 ,121 ,142 ,175 ,266 ,112 ,71 ,83 ,51 ,35 
2026-06-22,111,쌍촌                ,승차,71 ,156 ,334 ,488 ,219 ,155 ,123 ,144 ,139 ,116 ,216 ,199 ,201 ,152 ,77 ,52 ,60 ,23 ,19 
2026-06-22,111,쌍촌                ,하차,9 ,13 ,87 ,213 ,76 ,89 ,98 ,74 ,97 ,97 ,101 ,145 ,268 ,392 ,172 ,133 ,103 ,85 ,40 
2026-06-22,112,운천                ,승차,48 ,144 ,366 ,544 ,213 ,191 ,149 ,143 ,138 ,138 ,167 ,249 ,215 ,292 ,135 ,78 ,111 ,65 ,40 
2026-06-22,112,운천                ,하차,12 ,34 ,109 ,487 ,151 ,109 ,110 ,111 ,117 ,148 ,141 ,192 ,379 ,552 ,216 ,161 ,152 ,111 ,60 
2026-06-22,113,상무                ,승차,70 ,116 ,366 ,470 ,214 ,235 ,251 ,242 ,237 ,249 ,258 ,281 ,331 ,494 ,207 ,148 ,160 ,114 ,36 
2026-06-22,113,상무                ,하차,43 ,66 ,168 ,735 ,354 ,211 ,228 ,188 ,238 ,228 ,253 ,325 ,457 ,486 ,209 ,147 ,131 ,141 ,56 
2026-06-22,114,컨벤션센터          ,승차,15 ,35 ,91 ,139 ,75 ,62 ,56 ,77 ,71 ,78 ,99 ,96 ,117 ,122 ,45 ,49 ,44 ,12 ,5 
2026-06-22,114,컨벤션센터          ,하차,17 ,11 ,99 ,244 ,121 ,69 ,57 ,62 ,58 ,56 ,61 ,61 ,104 ,114 ,57 ,37 ,26 ,18 ,9 
2026-06-22,115,공항                ,승차,20 ,36 ,153 ,207 ,96 ,59 ,74 ,44 ,60 ,48 ,46 ,68 ,85 ,104 ,41 ,31 ,12 ,5 ,6 
2026-06-22,115,공항                ,하차,6 ,32 ,78 ,133 ,56 ,66 ,56 ,53 ,73 ,59 ,60 ,89 ,120 ,113 ,44 ,31 ,25 ,16 ,22 
2026-06-22,116,송정공원            ,승차,43 ,154 ,496 ,426 ,167 ,128 ,145 ,129 ,121 ,130 ,143 ,163 ,201 ,238 ,95 ,49 ,35 ,28 ,46 
2026-06-22,116,송정공원            ,하차,24 ,77 ,156 ,301 ,96 ,82 ,99 ,141 ,123 ,101 ,160 ,157 ,468 ,354 ,196 ,128 ,131 ,89 ,45 
2026-06-22,117,광주송정            ,승차,28 ,62 ,407 ,445 ,296 ,257 ,312 ,385 ,208 ,328 ,290 ,376 ,446 ,360 ,221 ,209 ,203 ,81 ,92 
2026-06-22,117,광주송정            ,하차,108 ,130 ,435 ,398 ,282 ,412 ,247 ,229 ,246 ,302 ,285 ,305 ,353 ,420 ,199 ,134 ,109 ,129 ,32 
2026-06-22,118,도산                ,승차,25 ,76 ,290 ,272 ,108 ,74 ,71 ,93 ,100 ,87 ,71 ,79 ,138 ,143 ,68 ,50 ,36 ,20 ,13 
2026-06-22,118,도산                ,하차,10 ,23 ,66 ,101 ,42 ,72 ,62 ,95 ,67 ,74 ,98 ,112 ,205 ,179 ,91 ,63 ,65 ,83 ,35 
2026-06-22,119,평동                ,승차,15 ,27 ,84 ,92 ,69 ,69 ,61 ,82 ,78 ,64 ,100 ,176 ,592 ,318 ,250 ,151 ,91 ,17 ,15 
2026-06-22,119,평동                ,하차,40 ,260 ,828 ,343 ,94 ,62 ,49 ,60 ,64 ,58 ,58 ,68 ,77 ,102 ,86 ,43 ,33 ,32 ,16 
2026-06-23,100,녹동                ,승차,1 ,10 ,33 ,25 ,15 ,9 ,12 ,17 ,18 ,9 ,10 ,8 ,14 ,21 ,2 ,2 ,1 ,5 ,0 
2026-06-23,100,녹동                ,하차,0 ,7 ,16 ,31 ,3 ,3 ,4 ,7 ,9 ,9 ,18 ,22 ,10 ,23 ,6 ,4 ,3 ,3 ,1 
2026-06-23,101,소태                ,승차,41 ,109 ,258 ,394 ,153 ,122 ,136 ,145 ,138 ,117 ,111 ,118 ,148 ,164 ,73 ,37 ,37 ,23 ,16 
2026-06-23,101,소태                ,하차,1 ,65 ,101 ,205 ,82 ,82 ,100 ,115 ,111 ,97 ,149 ,184 ,204 ,248 ,149 ,93 ,110 ,62 ,34 
2026-06-23,102,학동증심사          ,승차,35 ,71 ,156 ,270 ,160 ,140 ,147 ,131 ,163 ,106 ,118 ,179 ,290 ,140 ,59 ,41 ,39 ,29 ,10 
2026-06-23,102,학동증심사          ,하차,2 ,57 ,134 ,247 ,155 ,123 ,128 ,101 ,120 ,129 ,145 ,178 ,193 ,191 ,93 ,80 ,74 ,56 ,12 
2026-06-23,103,남광주              ,승차,44 ,167 ,324 ,422 ,249 ,301 ,264 ,246 ,303 ,241 ,306 ,335 ,523 ,322 ,172 ,122 ,88 ,61 ,124 
2026-06-23,103,남광주              ,하차,15 ,169 ,365 ,713 ,280 ,238 ,211 ,226 ,291 ,253 ,231 ,255 ,297 ,395 ,166 ,135 ,137 ,67 ,41 
2026-06-23,104,문화전당            ,승차,14 ,42 ,66 ,101 ,77 ,80 ,98 ,148 ,160 ,189 ,229 ,292 ,344 ,457 ,198 ,224 ,211 ,173 ,72 
2026-06-23,104,문화전당            ,하차,8 ,40 ,143 ,577 ,253 ,152 ,174 ,187 ,234 ,220 ,166 ,197 ,277 ,286 ,132 ,88 ,59 ,44 ,39 
2026-06-23,105,금남로4가           ,승차,17 ,83 ,160 ,251 ,129 ,164 ,186 ,259 ,265 ,282 ,324 ,402 ,416 ,539 ,243 ,196 ,187 ,117 ,28 
2026-06-23,105,금남로4가           ,하차,27 ,48 ,208 ,647 ,368 ,305 ,299 ,279 ,316 ,260 ,222 ,232 ,326 ,297 ,122 ,98 ,75 ,37 ,31 
2026-06-23,106,금남로5가           ,승차,19 ,72 ,131 ,167 ,114 ,101 ,86 ,92 ,136 ,173 ,189 ,268 ,219 ,339 ,113 ,91 ,95 ,16 ,17 
2026-06-23,106,금남로5가           ,하차,21 ,26 ,119 ,513 ,197 ,130 ,169 ,166 ,175 ,121 ,120 ,87 ,157 ,216 ,71 ,43 ,42 ,26 ,24 
2026-06-23,107,양동시장            ,승차,28 ,74 ,171 ,277 ,154 ,180 ,154 ,162 ,221 ,186 ,180 ,200 ,229 ,327 ,75 ,55 ,30 ,17 ,17 
2026-06-23,107,양동시장            ,하차,18 ,48 ,130 ,366 ,186 ,156 ,166 ,177 ,188 ,191 ,205 ,188 ,205 ,197 ,87 ,57 ,50 ,32 ,43 
2026-06-23,108,돌고개              ,승차,48 ,111 ,218 ,348 ,177 ,119 ,97 ,120 ,114 ,124 ,108 ,103 ,132 ,123 ,53 ,49 ,31 ,28 ,14 
2026-06-23,108,돌고개              ,하차,10 ,28 ,62 ,149 ,114 ,69 ,113 ,133 ,138 ,111 ,165 ,191 ,172 ,266 ,157 ,102 ,86 ,84 ,38 
2026-06-23,109,농성                ,승차,66 ,99 ,275 ,439 ,217 ,165 ,161 ,150 ,188 ,149 ,220 ,176 ,250 ,279 ,109 ,73 ,46 ,40 ,25 
2026-06-23,109,농성                ,하차,41 ,48 ,108 ,334 ,166 ,147 ,152 ,162 ,167 ,152 ,175 ,203 ,265 ,397 ,137 ,112 ,93 ,78 ,41 
2026-06-23,110,화정                ,승차,38 ,111 ,263 ,390 ,194 ,120 ,129 ,149 ,125 ,108 ,169 ,155 ,138 ,150 ,76 ,34 ,54 ,72 ,12 
2026-06-23,110,화정                ,하차,10 ,30 ,148 ,221 ,97 ,97 ,86 ,92 ,107 ,97 ,101 ,123 ,218 ,267 ,122 ,83 ,85 ,70 ,29 
2026-06-23,111,쌍촌                ,승차,73 ,159 ,353 ,521 ,209 ,174 ,136 ,167 ,151 ,116 ,106 ,197 ,195 ,169 ,86 ,54 ,76 ,27 ,26 
2026-06-23,111,쌍촌                ,하차,3 ,18 ,79 ,218 ,98 ,73 ,102 ,99 ,90 ,108 ,127 ,148 ,290 ,370 ,198 ,125 ,110 ,79 ,46 
2026-06-23,112,운천                ,승차,35 ,155 ,384 ,589 ,220 ,178 ,179 ,160 ,168 ,137 ,183 ,274 ,275 ,294 ,127 ,132 ,162 ,77 ,65 
2026-06-23,112,운천                ,하차,17 ,43 ,119 ,508 ,133 ,104 ,136 ,109 ,120 ,118 ,143 ,205 ,425 ,570 ,255 ,198 ,156 ,122 ,87 
2026-06-23,113,상무                ,승차,45 ,136 ,402 ,497 ,212 ,255 ,248 ,262 ,226 ,243 ,281 ,292 ,336 ,466 ,192 ,161 ,185 ,116 ,71 
2026-06-23,113,상무                ,하차,39 ,69 ,154 ,724 ,368 ,217 ,223 ,234 ,248 ,264 ,251 ,330 ,482 ,569 ,234 ,169 ,121 ,118 ,59 
2026-06-23,114,컨벤션센터          ,승차,10 ,32 ,101 ,129 ,80 ,59 ,59 ,77 ,77 ,102 ,129 ,137 ,181 ,153 ,48 ,38 ,45 ,13 ,3 
2026-06-23,114,컨벤션센터          ,하차,9 ,23 ,94 ,245 ,108 ,69 ,108 ,99 ,106 ,86 ,81 ,80 ,127 ,150 ,53 ,30 ,33 ,17 ,9 
2026-06-23,115,공항                ,승차,16 ,32 ,159 ,180 ,82 ,64 ,52 ,69 ,50 ,61 ,42 ,70 ,91 ,81 ,49 ,47 ,13 ,14 ,17 
2026-06-23,115,공항                ,하차,8 ,37 ,62 ,103 ,49 ,75 ,58 ,36 ,55 ,43 ,53 ,91 ,102 ,109 ,54 ,39 ,37 ,30 ,18 
2026-06-23,116,송정공원            ,승차,56 ,131 ,561 ,447 ,241 ,146 ,162 ,152 ,125 ,151 ,152 ,188 ,237 ,255 ,106 ,69 ,37 ,27 ,24 
2026-06-23,116,송정공원            ,하차,32 ,84 ,174 ,381 ,115 ,139 ,127 ,177 ,157 ,123 ,158 ,287 ,413 ,362 ,201 ,133 ,172 ,102 ,32 
2026-06-23,117,광주송정            ,승차,27 ,73 ,287 ,399 ,271 ,324 ,318 ,337 ,261 ,267 ,258 ,349 ,480 ,407 ,267 ,271 ,225 ,92 ,419 
2026-06-23,117,광주송정            ,하차,48 ,107 ,404 ,416 ,320 ,377 ,297 ,277 ,279 ,273 ,325 ,327 ,393 ,463 ,265 ,160 ,128 ,124 ,32 
2026-06-23,118,도산                ,승차,42 ,85 ,310 ,264 ,108 ,91 ,84 ,93 ,95 ,77 ,65 ,86 ,143 ,156 ,76 ,52 ,30 ,18 ,11 
2026-06-23,118,도산                ,하차,12 ,38 ,84 ,116 ,67 ,82 ,64 ,68 ,51 ,91 ,76 ,121 ,173 ,213 ,102 ,83 ,67 ,104 ,21 
2026-06-23,119,평동                ,승차,25 ,30 ,113 ,140 ,87 ,61 ,65 ,92 ,67 ,65 ,128 ,184 ,576 ,303 ,264 ,141 ,89 ,23 ,21 
2026-06-23,119,평동                ,하차,47 ,278 ,866 ,336 ,64 ,67 ,69 ,73 ,67 ,40 ,80 ,78 ,89 ,110 ,69 ,57 ,32 ,36 ,17 
2026-06-24,100,녹동                ,승차,0 ,6 ,30 ,28 ,18 ,13 ,13 ,16 ,9 ,9 ,6 ,2 ,16 ,28 ,1 ,3 ,1 ,1 ,0 
2026-06-24,100,녹동                ,하차,0 ,9 ,13 ,29 ,4 ,3 ,10 ,9 ,4 ,3 ,8 ,25 ,12 ,9 ,5 ,3 ,1 ,4 ,1 
2026-06-24,101,소태                ,승차,46 ,96 ,240 ,377 ,160 ,125 ,98 ,132 ,109 ,101 ,143 ,137 ,162 ,145 ,45 ,37 ,19 ,21 ,12 
2026-06-24,101,소태                ,하차,3 ,54 ,103 ,190 ,88 ,79 ,94 ,97 ,107 ,111 ,150 ,183 ,191 ,266 ,120 ,111 ,103 ,56 ,38 
2026-06-24,102,학동증심사          ,승차,38 ,76 ,147 ,243 ,152 ,134 ,156 ,141 ,155 ,93 ,183 ,285 ,156 ,121 ,58 ,46 ,34 ,22 ,15 
2026-06-24,102,학동증심사          ,하차,2 ,50 ,143 ,241 ,142 ,92 ,101 ,113 ,149 ,111 ,166 ,154 ,159 ,173 ,97 ,78 ,67 ,40 ,26 
2026-06-24,103,남광주              ,승차,47 ,170 ,309 ,413 ,270 ,264 ,243 ,210 ,236 ,230 ,290 ,283 ,472 ,297 ,131 ,107 ,70 ,64 ,66 
2026-06-24,103,남광주              ,하차,13 ,167 ,282 ,691 ,274 ,214 ,206 ,204 ,269 ,191 ,222 ,260 ,268 ,439 ,147 ,129 ,117 ,75 ,57 
2026-06-24,104,문화전당            ,승차,20 ,28 ,70 ,91 ,73 ,148 ,102 ,175 ,169 ,214 ,328 ,277 ,331 ,485 ,225 ,213 ,245 ,205 ,60 
2026-06-24,104,문화전당            ,하차,8 ,37 ,126 ,564 ,273 ,194 ,173 ,220 ,292 ,211 ,244 ,232 ,281 ,327 ,138 ,78 ,51 ,63 ,29 
2026-06-24,105,금남로4가           ,승차,28 ,86 ,161 ,246 ,158 ,156 ,197 ,218 ,243 ,235 ,384 ,344 ,417 ,495 ,214 ,177 ,185 ,128 ,42 
2026-06-24,105,금남로4가           ,하차,30 ,60 ,183 ,661 ,365 ,286 ,314 ,269 ,291 ,281 ,235 ,255 ,299 ,297 ,136 ,98 ,68 ,37 ,36 
2026-06-24,106,금남로5가           ,승차,25 ,71 ,108 ,166 ,88 ,110 ,98 ,95 ,132 ,156 ,239 ,202 ,207 ,334 ,113 ,95 ,63 ,27 ,19 
2026-06-24,106,금남로5가           ,하차,21 ,24 ,114 ,529 ,190 ,148 ,170 ,149 ,144 ,109 ,113 ,112 ,149 ,153 ,59 ,47 ,41 ,26 ,24 
2026-06-24,107,양동시장            ,승차,22 ,80 ,159 ,236 ,138 ,162 ,149 ,148 ,185 ,175 ,185 ,222 ,207 ,286 ,62 ,47 ,32 ,21 ,13 
2026-06-24,107,양동시장            ,하차,24 ,45 ,108 ,371 ,176 ,170 ,172 ,154 ,187 ,177 ,169 ,189 ,166 ,188 ,72 ,54 ,54 ,28 ,32 
2026-06-24,108,돌고개              ,승차,52 ,109 ,215 ,329 ,166 ,104 ,125 ,133 ,115 ,107 ,100 ,106 ,126 ,144 ,61 ,55 ,29 ,13 ,11 
2026-06-24,108,돌고개              ,하차,15 ,27 ,48 ,155 ,117 ,81 ,99 ,127 ,137 ,100 ,172 ,169 ,221 ,269 ,115 ,96 ,70 ,56 ,38 
2026-06-24,109,농성                ,승차,47 ,103 ,250 ,422 ,197 ,149 ,162 ,170 ,211 ,142 ,214 ,225 ,256 ,285 ,115 ,83 ,71 ,42 ,9 
2026-06-24,109,농성                ,하차,18 ,57 ,168 ,280 ,162 ,136 ,150 ,160 ,200 ,155 ,234 ,226 ,274 ,366 ,147 ,116 ,103 ,73 ,44 
2026-06-24,110,화정                ,승차,38 ,95 ,252 ,400 ,166 ,140 ,115 ,139 ,128 ,109 ,148 ,148 ,128 ,150 ,76 ,43 ,49 ,59 ,8 
2026-06-24,110,화정                ,하차,10 ,24 ,133 ,199 ,84 ,85 ,77 ,94 ,106 ,94 ,133 ,157 ,200 ,250 ,95 ,80 ,84 ,77 ,42 
2026-06-24,111,쌍촌                ,승차,77 ,158 ,352 ,503 ,202 ,147 ,118 ,146 ,203 ,187 ,254 ,114 ,153 ,150 ,71 ,55 ,47 ,35 ,8 
2026-06-24,111,쌍촌                ,하차,9 ,23 ,91 ,219 ,101 ,83 ,77 ,95 ,102 ,100 ,134 ,172 ,270 ,388 ,149 ,108 ,107 ,96 ,36 
2026-06-24,112,운천                ,승차,39 ,158 ,379 ,553 ,229 ,180 ,150 ,157 ,157 ,146 ,281 ,192 ,240 ,313 ,119 ,103 ,108 ,83 ,46 
2026-06-24,112,운천                ,하차,13 ,40 ,119 ,479 ,123 ,104 ,113 ,120 ,145 ,113 ,160 ,234 ,386 ,540 ,256 ,186 ,145 ,132 ,62 
2026-06-24,113,상무                ,승차,58 ,118 ,380 ,514 ,240 ,243 ,251 ,283 ,255 ,254 ,322 ,277 ,375 ,485 ,194 ,182 ,171 ,120 ,45 
2026-06-24,113,상무                ,하차,49 ,66 ,167 ,694 ,333 ,207 ,212 ,201 ,243 ,238 ,335 ,361 ,459 ,599 ,199 ,180 ,129 ,134 ,58 
2026-06-24,114,컨벤션센터          ,승차,15 ,30 ,93 ,161 ,75 ,72 ,29 ,83 ,82 ,91 ,102 ,114 ,178 ,141 ,37 ,48 ,37 ,15 ,5 
2026-06-24,114,컨벤션센터          ,하차,14 ,25 ,93 ,227 ,120 ,75 ,76 ,74 ,100 ,53 ,71 ,77 ,102 ,107 ,75 ,53 ,34 ,27 ,15 
2026-06-24,115,공항                ,승차,33 ,48 ,153 ,173 ,84 ,83 ,49 ,60 ,66 ,72 ,62 ,59 ,130 ,92 ,35 ,49 ,14 ,8 ,8 
2026-06-24,115,공항                ,하차,7 ,33 ,64 ,105 ,44 ,59 ,53 ,31 ,84 ,44 ,77 ,105 ,93 ,126 ,64 ,28 ,29 ,24 ,17 
2026-06-24,116,송정공원            ,승차,43 ,142 ,523 ,444 ,162 ,132 ,136 ,149 ,134 ,100 ,191 ,165 ,233 ,248 ,82 ,61 ,40 ,23 ,25 
2026-06-24,116,송정공원            ,하차,26 ,75 ,159 ,310 ,107 ,87 ,92 ,132 ,158 ,127 ,248 ,285 ,343 ,354 ,156 ,122 ,144 ,96 ,43 
2026-06-24,117,광주송정            ,승차,25 ,73 ,297 ,360 ,260 ,225 ,308 ,311 ,240 ,259 ,251 ,324 ,457 ,384 ,242 ,222 ,227 ,79 ,92 
2026-06-24,117,광주송정            ,하차,52 ,123 ,409 ,401 ,241 ,358 ,288 ,254 ,246 ,233 ,303 ,350 ,393 ,434 ,220 ,152 ,140 ,100 ,31 
2026-06-24,118,도산                ,승차,32 ,97 ,288 ,265 ,96 ,138 ,75 ,108 ,105 ,100 ,97 ,112 ,158 ,157 ,54 ,54 ,33 ,16 ,11 
2026-06-24,118,도산                ,하차,21 ,36 ,79 ,111 ,76 ,91 ,79 ,78 ,73 ,83 ,122 ,198 ,174 ,230 ,105 ,69 ,77 ,68 ,20 
2026-06-24,119,평동                ,승차,26 ,39 ,107 ,128 ,99 ,51 ,72 ,103 ,57 ,73 ,120 ,214 ,661 ,276 ,208 ,111 ,91 ,20 ,31 
2026-06-24,119,평동                ,하차,31 ,304 ,892 ,359 ,83 ,61 ,71 ,56 ,51 ,70 ,51 ,59 ,87 ,101 ,76 ,42 ,37 ,41 ,37 
2026-06-25,100,녹동                ,승차,1 ,7 ,35 ,32 ,8 ,9 ,10 ,10 ,9 ,9 ,5 ,11 ,22 ,29 ,0 ,0 ,2 ,3 ,0 
2026-06-25,100,녹동                ,하차,0 ,9 ,12 ,30 ,1 ,6 ,0 ,9 ,10 ,5 ,6 ,11 ,20 ,16 ,6 ,2 ,9 ,7 ,0 
2026-06-25,101,소태                ,승차,40 ,100 ,235 ,381 ,165 ,108 ,112 ,137 ,162 ,105 ,145 ,137 ,143 ,147 ,67 ,49 ,40 ,21 ,8 
2026-06-25,101,소태                ,하차,0 ,43 ,96 ,193 ,91 ,84 ,88 ,95 ,104 ,138 ,159 ,179 ,200 ,245 ,152 ,83 ,135 ,74 ,45 
2026-06-25,102,학동증심사          ,승차,32 ,60 ,145 ,241 ,172 ,138 ,132 ,164 ,147 ,122 ,177 ,270 ,168 ,155 ,64 ,41 ,39 ,27 ,21 
2026-06-25,102,학동증심사          ,하차,1 ,53 ,137 ,231 ,141 ,110 ,87 ,101 ,118 ,132 ,142 ,166 ,202 ,208 ,95 ,87 ,67 ,54 ,16 
2026-06-25,103,남광주              ,승차,48 ,182 ,318 ,387 ,293 ,232 ,250 ,221 ,206 ,229 ,309 ,333 ,469 ,298 ,164 ,155 ,80 ,72 ,125 
2026-06-25,103,남광주              ,하차,14 ,173 ,357 ,711 ,305 ,187 ,196 ,224 ,247 ,238 ,240 ,204 ,282 ,366 ,148 ,126 ,134 ,111 ,54 
2026-06-25,104,문화전당            ,승차,18 ,31 ,66 ,91 ,115 ,124 ,81 ,147 ,168 ,183 ,248 ,303 ,339 ,494 ,227 ,209 ,238 ,222 ,95 
2026-06-25,104,문화전당            ,하차,2 ,47 ,117 ,555 ,307 ,156 ,215 ,161 ,269 ,266 ,230 ,230 ,232 ,292 ,139 ,96 ,48 ,50 ,51 
2026-06-25,105,금남로4가           ,승차,30 ,75 ,156 ,237 ,146 ,149 ,173 ,270 ,279 ,276 ,340 ,395 ,447 ,509 ,220 ,198 ,210 ,111 ,38 
2026-06-25,105,금남로4가           ,하차,28 ,43 ,190 ,654 ,373 ,264 ,293 ,321 ,336 ,279 ,221 ,218 ,310 ,279 ,161 ,84 ,84 ,66 ,24 
2026-06-25,106,금남로5가           ,승차,23 ,73 ,125 ,157 ,112 ,121 ,91 ,91 ,133 ,157 ,160 ,234 ,249 ,391 ,87 ,105 ,103 ,27 ,15 
2026-06-25,106,금남로5가           ,하차,23 ,28 ,102 ,495 ,195 ,175 ,153 ,135 ,176 ,115 ,142 ,91 ,150 ,242 ,61 ,45 ,49 ,33 ,23 
2026-06-25,107,양동시장            ,승차,28 ,86 ,168 ,245 ,155 ,134 ,143 ,175 ,178 ,198 ,211 ,215 ,223 ,299 ,54 ,46 ,25 ,18 ,9 
2026-06-25,107,양동시장            ,하차,27 ,58 ,105 ,358 ,185 ,138 ,163 ,184 ,172 ,184 ,210 ,183 ,183 ,207 ,71 ,44 ,45 ,31 ,17 
2026-06-25,108,돌고개              ,승차,56 ,105 ,205 ,345 ,201 ,103 ,125 ,101 ,120 ,94 ,147 ,98 ,134 ,127 ,69 ,40 ,34 ,23 ,15 
2026-06-25,108,돌고개              ,하차,14 ,23 ,53 ,166 ,104 ,73 ,85 ,151 ,145 ,111 ,157 ,195 ,220 ,279 ,121 ,89 ,84 ,56 ,51 
2026-06-25,109,농성                ,승차,38 ,106 ,261 ,422 ,196 ,132 ,142 ,186 ,187 ,180 ,193 ,253 ,261 ,270 ,119 ,100 ,61 ,42 ,27 
2026-06-25,109,농성                ,하차,17 ,46 ,129 ,280 ,196 ,120 ,140 ,152 ,181 ,157 ,207 ,211 ,260 ,392 ,141 ,128 ,106 ,80 ,56 
2026-06-25,110,화정                ,승차,45 ,100 ,234 ,405 ,167 ,116 ,121 ,137 ,135 ,112 ,111 ,156 ,156 ,123 ,76 ,42 ,30 ,86 ,10 
2026-06-25,110,화정                ,하차,11 ,31 ,134 ,208 ,104 ,81 ,71 ,66 ,98 ,88 ,97 ,160 ,196 ,250 ,122 ,83 ,91 ,58 ,43 
2026-06-25,111,쌍촌                ,승차,75 ,153 ,345 ,481 ,210 ,110 ,117 ,146 ,165 ,103 ,137 ,197 ,140 ,152 ,81 ,69 ,59 ,69 ,21 
2026-06-25,111,쌍촌                ,하차,9 ,23 ,89 ,218 ,80 ,65 ,73 ,70 ,83 ,85 ,122 ,189 ,251 ,395 ,138 ,135 ,113 ,117 ,59 
2026-06-25,112,운천                ,승차,50 ,146 ,394 ,555 ,222 ,156 ,135 ,180 ,152 ,164 ,164 ,290 ,243 ,279 ,130 ,124 ,158 ,109 ,60 
2026-06-25,112,운천                ,하차,14 ,51 ,116 ,478 ,153 ,109 ,104 ,117 ,160 ,127 ,146 ,236 ,463 ,559 ,293 ,161 ,147 ,135 ,96 
2026-06-25,113,상무                ,승차,54 ,119 ,389 ,500 ,243 ,228 ,219 ,252 ,219 ,262 ,272 ,321 ,327 ,498 ,216 ,175 ,180 ,117 ,54 
2026-06-25,113,상무                ,하차,38 ,70 ,156 ,686 ,339 ,217 ,191 ,216 ,268 ,231 ,294 ,340 ,495 ,542 ,222 ,184 ,143 ,134 ,79 
2026-06-25,114,컨벤션센터          ,승차,8 ,34 ,79 ,151 ,89 ,62 ,35 ,57 ,76 ,74 ,117 ,121 ,158 ,145 ,52 ,41 ,34 ,10 ,14 
2026-06-25,114,컨벤션센터          ,하차,12 ,25 ,104 ,240 ,105 ,75 ,59 ,84 ,87 ,81 ,55 ,71 ,128 ,98 ,50 ,35 ,37 ,26 ,20 
2026-06-25,115,공항                ,승차,20 ,32 ,152 ,176 ,98 ,85 ,52 ,76 ,72 ,96 ,43 ,56 ,111 ,115 ,53 ,47 ,33 ,6 ,12 
2026-06-25,115,공항                ,하차,12 ,35 ,54 ,117 ,56 ,47 ,52 ,63 ,76 ,62 ,55 ,111 ,123 ,103 ,54 ,43 ,31 ,33 ,25 
2026-06-25,116,송정공원            ,승차,48 ,142 ,522 ,458 ,172 ,113 ,172 ,181 ,114 ,122 ,150 ,158 ,213 ,264 ,101 ,54 ,50 ,20 ,16 
2026-06-25,116,송정공원            ,하차,27 ,75 ,165 ,305 ,115 ,89 ,96 ,142 ,134 ,128 ,157 ,325 ,352 ,363 ,198 ,131 ,139 ,101 ,62 
2026-06-25,117,광주송정            ,승차,23 ,82 ,295 ,408 ,245 ,216 ,274 ,350 ,224 ,284 ,271 ,330 ,505 ,350 ,257 ,283 ,266 ,102 ,186 
2026-06-25,117,광주송정            ,하차,62 ,115 ,375 ,435 ,302 ,428 ,245 ,247 ,297 ,257 ,304 ,310 ,388 ,473 ,258 ,179 ,126 ,119 ,34 
2026-06-25,118,도산                ,승차,36 ,82 ,288 ,268 ,125 ,66 ,71 ,105 ,102 ,86 ,60 ,78 ,149 ,148 ,55 ,45 ,41 ,15 ,25 
2026-06-25,118,도산                ,하차,12 ,31 ,84 ,116 ,52 ,61 ,73 ,58 ,59 ,75 ,102 ,109 ,219 ,196 ,118 ,67 ,80 ,85 ,31 
2026-06-25,119,평동                ,승차,23 ,28 ,137 ,128 ,81 ,61 ,63 ,79 ,85 ,79 ,126 ,222 ,619 ,264 ,232 ,119 ,82 ,23 ,23 
2026-06-25,119,평동                ,하차,45 ,305 ,849 ,363 ,86 ,50 ,59 ,47 ,77 ,73 ,73 ,67 ,95 ,103 ,85 ,34 ,38 ,40 ,12 
2026-06-26,100,녹동                ,승차,1 ,4 ,32 ,29 ,16 ,6 ,24 ,14 ,7 ,11 ,7 ,9 ,28 ,32 ,8 ,2 ,2 ,0 ,0 
2026-06-26,100,녹동                ,하차,0 ,12 ,16 ,32 ,3 ,3 ,10 ,9 ,7 ,6 ,4 ,19 ,14 ,17 ,9 ,4 ,3 ,3 ,1 
2026-06-26,101,소태                ,승차,46 ,103 ,209 ,381 ,181 ,145 ,113 ,123 ,114 ,126 ,143 ,132 ,173 ,155 ,93 ,53 ,43 ,29 ,7 
2026-06-26,101,소태                ,하차,6 ,45 ,95 ,191 ,81 ,100 ,126 ,89 ,95 ,117 ,156 ,196 ,230 ,240 ,148 ,111 ,147 ,96 ,85 
2026-06-26,102,학동증심사          ,승차,35 ,68 ,139 ,244 ,163 ,149 ,146 ,133 ,138 ,100 ,181 ,257 ,204 ,175 ,69 ,47 ,57 ,20 ,21 
2026-06-26,102,학동증심사          ,하차,4 ,53 ,151 ,250 ,127 ,114 ,141 ,105 ,123 ,131 ,153 ,177 ,166 ,200 ,93 ,78 ,77 ,47 ,36 
2026-06-26,103,남광주              ,승차,38 ,183 ,333 ,393 ,270 ,290 ,254 ,244 ,209 ,191 ,326 ,312 ,527 ,291 ,171 ,140 ,97 ,65 ,59 
2026-06-26,103,남광주              ,하차,9 ,198 ,285 ,634 ,234 ,214 ,203 ,214 ,254 ,234 ,232 ,254 ,344 ,428 ,155 ,139 ,149 ,103 ,85 
2026-06-26,104,문화전당            ,승차,13 ,33 ,65 ,91 ,99 ,273 ,188 ,144 ,191 ,202 ,235 ,290 ,351 ,491 ,234 ,210 ,247 ,210 ,136 
2026-06-26,104,문화전당            ,하차,3 ,45 ,117 ,543 ,282 ,172 ,210 ,184 ,278 ,225 ,230 ,261 ,263 ,390 ,177 ,115 ,72 ,32 ,69 
2026-06-26,105,금남로4가           ,승차,23 ,92 ,148 ,245 ,146 ,182 ,213 ,201 ,251 ,242 ,373 ,464 ,490 ,559 ,253 ,232 ,245 ,127 ,45 
2026-06-26,105,금남로4가           ,하차,29 ,50 ,179 ,602 ,361 ,310 ,354 ,293 ,317 ,291 ,303 ,280 ,391 ,375 ,176 ,88 ,80 ,67 ,59 
2026-06-26,106,금남로5가           ,승차,24 ,73 ,147 ,167 ,97 ,95 ,86 ,102 ,160 ,150 ,199 ,284 ,304 ,288 ,104 ,104 ,89 ,38 ,17 
2026-06-26,106,금남로5가           ,하차,20 ,31 ,105 ,518 ,199 ,115 ,153 ,148 ,170 ,113 ,119 ,96 ,182 ,190 ,72 ,50 ,72 ,44 ,34 
2026-06-26,107,양동시장            ,승차,29 ,86 ,160 ,208 ,150 ,192 ,165 ,166 ,200 ,156 ,196 ,211 ,259 ,291 ,73 ,37 ,18 ,25 ,19 
2026-06-26,107,양동시장            ,하차,28 ,57 ,132 ,353 ,192 ,173 ,172 ,165 ,188 ,159 ,225 ,173 ,196 ,217 ,85 ,55 ,60 ,37 ,45 
2026-06-26,108,돌고개              ,승차,54 ,99 ,202 ,345 ,165 ,122 ,102 ,127 ,119 ,106 ,142 ,110 ,173 ,143 ,78 ,54 ,37 ,27 ,13 
2026-06-26,108,돌고개              ,하차,16 ,23 ,52 ,156 ,106 ,87 ,131 ,126 ,131 ,109 ,159 ,185 ,203 ,290 ,113 ,92 ,104 ,64 ,46 
2026-06-26,109,농성                ,승차,49 ,125 ,254 ,438 ,208 ,149 ,173 ,171 ,184 ,194 ,195 ,224 ,272 ,303 ,136 ,116 ,82 ,67 ,20 
2026-06-26,109,농성                ,하차,21 ,58 ,115 ,276 ,168 ,155 ,162 ,138 ,194 ,137 ,205 ,234 ,323 ,420 ,176 ,113 ,115 ,98 ,48 
2026-06-26,110,화정                ,승차,42 ,101 ,272 ,368 ,181 ,157 ,142 ,124 ,123 ,102 ,163 ,167 ,180 ,145 ,95 ,54 ,44 ,80 ,22 
2026-06-26,110,화정                ,하차,6 ,37 ,151 ,208 ,105 ,107 ,100 ,98 ,112 ,103 ,129 ,180 ,228 ,288 ,105 ,85 ,90 ,75 ,42 
2026-06-26,111,쌍촌                ,승차,82 ,162 ,332 ,465 ,212 ,328 ,129 ,164 ,138 ,132 ,121 ,216 ,184 ,162 ,112 ,79 ,64 ,35 ,19 
2026-06-26,111,쌍촌                ,하차,8 ,27 ,75 ,235 ,82 ,68 ,92 ,72 ,108 ,87 ,141 ,182 ,304 ,384 ,167 ,117 ,134 ,105 ,44 
2026-06-26,112,운천                ,승차,45 ,158 ,364 ,539 ,217 ,190 ,159 ,191 ,188 ,139 ,180 ,293 ,285 ,298 ,137 ,109 ,155 ,119 ,68 
2026-06-26,112,운천                ,하차,22 ,46 ,111 ,464 ,141 ,126 ,105 ,125 ,142 ,131 ,176 ,229 ,525 ,662 ,295 ,251 ,190 ,178 ,132 
2026-06-26,113,상무                ,승차,54 ,116 ,341 ,490 ,213 ,257 ,281 ,226 ,238 ,259 ,333 ,295 ,448 ,547 ,208 ,206 ,204 ,161 ,53 
2026-06-26,113,상무                ,하차,38 ,70 ,171 ,663 ,330 ,223 ,223 ,181 ,264 ,234 ,339 ,341 ,558 ,640 ,285 ,175 ,158 ,151 ,91 
2026-06-26,114,컨벤션센터          ,승차,12 ,31 ,87 ,132 ,65 ,62 ,58 ,71 ,56 ,86 ,105 ,139 ,138 ,159 ,51 ,50 ,52 ,12 ,25 
2026-06-26,114,컨벤션센터          ,하차,15 ,25 ,101 ,208 ,111 ,82 ,104 ,61 ,71 ,70 ,63 ,86 ,149 ,161 ,40 ,49 ,27 ,30 ,35 
2026-06-26,115,공항                ,승차,20 ,45 ,139 ,186 ,90 ,49 ,77 ,66 ,42 ,95 ,35 ,149 ,122 ,112 ,73 ,38 ,15 ,8 ,9 
2026-06-26,115,공항                ,하차,8 ,36 ,80 ,100 ,49 ,45 ,67 ,40 ,58 ,81 ,74 ,92 ,133 ,101 ,63 ,36 ,31 ,23 ,27 
2026-06-26,116,송정공원            ,승차,40 ,159 ,513 ,427 ,182 ,129 ,167 ,126 ,128 ,135 ,200 ,241 ,231 ,266 ,101 ,68 ,56 ,27 ,40 
2026-06-26,116,송정공원            ,하차,24 ,78 ,152 ,301 ,101 ,116 ,103 ,153 ,129 ,126 ,152 ,309 ,354 ,341 ,149 ,142 ,149 ,117 ,75 
2026-06-26,117,광주송정            ,승차,32 ,66 ,294 ,337 ,287 ,259 ,334 ,368 ,249 ,358 ,335 ,294 ,935 ,509 ,311 ,388 ,341 ,150 ,182 
2026-06-26,117,광주송정            ,하차,52 ,107 ,417 ,468 ,290 ,437 ,329 ,327 ,237 ,271 ,308 ,421 ,610 ,721 ,372 ,275 ,186 ,152 ,45 
2026-06-26,118,도산                ,승차,26 ,96 ,293 ,251 ,104 ,98 ,67 ,109 ,110 ,110 ,74 ,94 ,185 ,162 ,83 ,44 ,26 ,26 ,10 
2026-06-26,118,도산                ,하차,15 ,32 ,66 ,92 ,51 ,73 ,75 ,71 ,56 ,74 ,94 ,137 ,226 ,185 ,102 ,89 ,58 ,119 ,41 
2026-06-26,119,평동                ,승차,25 ,41 ,104 ,129 ,73 ,97 ,90 ,91 ,90 ,67 ,130 ,203 ,689 ,317 ,204 ,117 ,81 ,25 ,16 
2026-06-26,119,평동                ,하차,7 ,329 ,839 ,322 ,102 ,95 ,59 ,71 ,69 ,56 ,61 ,79 ,91 ,107 ,106 ,58 ,42 ,38 ,19 
2026-06-27,100,녹동                ,승차,0 ,1 ,6 ,16 ,19 ,13 ,4 ,8 ,17 ,2 ,8 ,9 ,21 ,11 ,3 ,7 ,0 ,0 ,0 
2026-06-27,100,녹동                ,하차,0 ,0 ,10 ,4 ,0 ,3 ,13 ,3 ,5 ,5 ,6 ,4 ,13 ,7 ,3 ,16 ,1 ,1 ,0 
2026-06-27,101,소태                ,승차,50 ,82 ,114 ,123 ,185 ,168 ,163 ,140 ,116 ,142 ,131 ,143 ,157 ,100 ,83 ,41 ,34 ,21 ,18 
2026-06-27,101,소태                ,하차,0 ,51 ,114 ,105 ,83 ,95 ,91 ,92 ,96 ,108 ,112 ,141 ,164 ,177 ,109 ,105 ,72 ,75 ,56 
2026-06-27,102,학동증심사          ,승차,50 ,59 ,70 ,106 ,137 ,122 ,150 ,152 ,141 ,123 ,110 ,97 ,120 ,97 ,63 ,45 ,33 ,23 ,12 
2026-06-27,102,학동증심사          ,하차,4 ,69 ,96 ,116 ,143 ,101 ,114 ,80 ,117 ,100 ,99 ,138 ,141 ,110 ,83 ,71 ,65 ,43 ,32 
2026-06-27,103,남광주              ,승차,39 ,210 ,269 ,229 ,230 ,216 ,213 ,205 ,217 ,166 ,189 ,185 ,242 ,136 ,130 ,89 ,62 ,59 ,35 
2026-06-27,103,남광주              ,하차,30 ,263 ,175 ,197 ,194 ,144 ,158 ,164 ,182 ,164 ,184 ,183 ,226 ,228 ,103 ,119 ,154 ,74 ,85 
2026-06-27,104,문화전당            ,승차,15 ,23 ,44 ,50 ,54 ,93 ,131 ,163 ,180 ,201 ,289 ,371 ,442 ,360 ,302 ,290 ,283 ,252 ,131 
2026-06-27,104,문화전당            ,하차,7 ,37 ,53 ,133 ,203 ,272 ,338 ,368 ,435 ,363 ,326 ,245 ,331 ,280 ,167 ,120 ,87 ,64 ,66 
2026-06-27,105,금남로4가           ,승차,20 ,37 ,70 ,90 ,107 ,148 ,122 ,200 ,275 ,290 ,325 ,434 ,429 ,405 ,263 ,227 ,266 ,145 ,41 
2026-06-27,105,금남로4가           ,하차,14 ,30 ,45 ,163 ,244 ,258 ,378 ,397 ,438 ,334 ,279 ,272 ,316 ,248 ,185 ,114 ,70 ,52 ,26 
2026-06-27,106,금남로5가           ,승차,18 ,39 ,48 ,53 ,70 ,86 ,64 ,92 ,111 ,118 ,148 ,179 ,142 ,116 ,87 ,85 ,30 ,20 ,16 
2026-06-27,106,금남로5가           ,하차,7 ,22 ,28 ,68 ,113 ,94 ,147 ,131 ,166 ,109 ,100 ,96 ,110 ,119 ,52 ,39 ,49 ,23 ,41 
2026-06-27,107,양동시장            ,승차,30 ,74 ,85 ,92 ,147 ,149 ,192 ,178 ,172 ,152 ,169 ,171 ,173 ,121 ,68 ,47 ,29 ,17 ,14 
2026-06-27,107,양동시장            ,하차,24 ,68 ,99 ,125 ,182 ,190 ,157 ,167 ,162 ,187 ,194 ,149 ,137 ,110 ,65 ,47 ,48 ,24 ,38 
2026-06-27,108,돌고개              ,승차,50 ,50 ,76 ,132 ,115 ,92 ,100 ,135 ,111 ,89 ,78 ,79 ,111 ,87 ,55 ,44 ,42 ,22 ,16 
2026-06-27,108,돌고개              ,하차,12 ,26 ,44 ,88 ,80 ,68 ,80 ,87 ,101 ,80 ,83 ,115 ,125 ,127 ,84 ,93 ,78 ,63 ,47 
2026-06-27,109,농성                ,승차,40 ,74 ,83 ,140 ,203 ,171 ,187 ,204 ,193 ,180 ,163 ,186 ,207 ,139 ,119 ,104 ,60 ,43 ,23 
2026-06-27,109,농성                ,하차,19 ,39 ,70 ,123 ,180 ,183 ,185 ,128 ,186 ,180 ,173 ,182 ,217 ,202 ,130 ,94 ,92 ,73 ,54 
2026-06-27,110,화정                ,승차,41 ,64 ,86 ,121 ,133 ,150 ,153 ,178 ,105 ,128 ,117 ,98 ,120 ,103 ,54 ,41 ,35 ,17 ,22 
2026-06-27,110,화정                ,하차,10 ,26 ,44 ,103 ,77 ,83 ,96 ,79 ,99 ,80 ,108 ,104 ,128 ,110 ,75 ,80 ,84 ,52 ,42 
2026-06-27,111,쌍촌                ,승차,51 ,100 ,110 ,151 ,176 ,143 ,174 ,151 ,128 ,110 ,115 ,97 ,168 ,83 ,74 ,40 ,43 ,29 ,17 
2026-06-27,111,쌍촌                ,하차,6 ,12 ,29 ,70 ,84 ,74 ,77 ,73 ,100 ,70 ,101 ,127 ,148 ,119 ,94 ,123 ,98 ,71 ,55 
2026-06-27,112,운천                ,승차,53 ,85 ,136 ,177 ,182 ,175 ,140 ,180 ,200 ,129 ,157 ,152 ,192 ,143 ,116 ,117 ,113 ,112 ,71 
2026-06-27,112,운천                ,하차,14 ,31 ,48 ,136 ,105 ,110 ,113 ,119 ,140 ,118 ,151 ,168 ,320 ,316 ,289 ,247 ,192 ,143 ,117 
2026-06-27,113,상무                ,승차,50 ,81 ,123 ,156 ,194 ,253 ,199 ,264 ,271 ,216 ,249 ,240 ,269 ,190 ,158 ,151 ,121 ,106 ,73 
2026-06-27,113,상무                ,하차,28 ,46 ,78 ,221 ,238 ,235 ,241 ,221 ,229 ,196 ,239 ,284 ,343 ,253 ,166 ,165 ,135 ,92 ,88 
2026-06-27,114,컨벤션센터          ,승차,12 ,23 ,39 ,54 ,69 ,67 ,59 ,85 ,111 ,101 ,109 ,80 ,120 ,97 ,88 ,64 ,44 ,20 ,7 
2026-06-27,114,컨벤션센터          ,하차,16 ,20 ,33 ,72 ,110 ,125 ,104 ,111 ,90 ,92 ,93 ,95 ,118 ,100 ,53 ,44 ,26 ,20 ,9 
2026-06-27,115,공항                ,승차,18 ,24 ,32 ,81 ,84 ,82 ,64 ,69 ,50 ,79 ,52 ,70 ,105 ,56 ,40 ,12 ,13 ,9 ,6 
2026-06-27,115,공항                ,하차,4 ,19 ,37 ,54 ,37 ,44 ,43 ,45 ,58 ,57 ,76 ,45 ,61 ,59 ,45 ,29 ,21 ,23 ,17 
2026-06-27,116,송정공원            ,승차,41 ,75 ,141 ,166 ,156 ,160 ,143 ,206 ,139 ,128 ,128 ,124 ,150 ,135 ,77 ,51 ,51 ,16 ,14 
2026-06-27,116,송정공원            ,하차,27 ,57 ,65 ,107 ,76 ,86 ,94 ,91 ,122 ,113 ,171 ,154 ,203 ,164 ,106 ,124 ,124 ,86 ,49 
2026-06-27,117,광주송정            ,승차,28 ,55 ,133 ,286 ,396 ,370 ,429 ,464 ,266 ,394 ,274 ,329 ,620 ,362 ,272 ,361 ,310 ,114 ,129 
2026-06-27,117,광주송정            ,하차,67 ,71 ,224 ,248 ,313 ,509 ,359 ,296 ,353 ,305 ,311 ,390 ,411 ,420 ,324 ,300 ,164 ,134 ,50 
2026-06-27,118,도산                ,승차,37 ,59 ,76 ,105 ,112 ,106 ,95 ,118 ,117 ,95 ,83 ,80 ,108 ,76 ,52 ,49 ,40 ,21 ,9 
2026-06-27,118,도산                ,하차,12 ,22 ,48 ,46 ,49 ,53 ,65 ,67 ,65 ,65 ,82 ,110 ,139 ,104 ,93 ,89 ,77 ,56 ,22 
2026-06-27,119,평동                ,승차,27 ,36 ,74 ,84 ,69 ,106 ,95 ,87 ,119 ,97 ,154 ,126 ,260 ,118 ,106 ,83 ,32 ,28 ,12 
2026-06-27,119,평동                ,하차,22 ,109 ,280 ,139 ,88 ,55 ,73 ,80 ,85 ,72 ,84 ,87 ,110 ,74 ,85 ,64 ,75 ,73 ,38 
2026-06-28,100,녹동                ,승차,0 ,0 ,6 ,10 ,11 ,14 ,1 ,8 ,1 ,6 ,4 ,4 ,6 ,3 ,3 ,2 ,0 ,0 ,0 
2026-06-28,100,녹동                ,하차,0 ,0 ,2 ,1 ,1 ,5 ,5 ,6 ,5 ,8 ,3 ,10 ,8 ,6 ,2 ,3 ,3 ,4 ,0 
2026-06-28,101,소태                ,승차,29 ,45 ,51 ,87 ,118 ,129 ,88 ,124 ,84 ,98 ,91 ,79 ,97 ,56 ,71 ,40 ,29 ,17 ,6 
2026-06-28,101,소태                ,하차,6 ,41 ,41 ,56 ,67 ,80 ,51 ,60 ,73 ,76 ,100 ,89 ,112 ,93 ,70 ,93 ,69 ,37 ,24 
2026-06-28,102,학동증심사          ,승차,26 ,40 ,39 ,45 ,95 ,91 ,58 ,86 ,95 ,93 ,92 ,89 ,86 ,49 ,35 ,26 ,23 ,9 ,8 
2026-06-28,102,학동증심사          ,하차,2 ,35 ,52 ,69 ,77 ,75 ,56 ,50 ,81 ,80 ,79 ,76 ,109 ,72 ,57 ,56 ,34 ,28 ,25 
2026-06-28,103,남광주              ,승차,21 ,79 ,77 ,124 ,112 ,139 ,133 ,118 ,169 ,144 ,153 ,137 ,156 ,110 ,135 ,72 ,47 ,36 ,42 
2026-06-28,103,남광주              ,하차,9 ,82 ,64 ,86 ,106 ,110 ,113 ,109 ,140 ,127 ,158 ,133 ,193 ,150 ,96 ,98 ,107 ,85 ,78 
2026-06-28,104,문화전당            ,승차,8 ,11 ,23 ,97 ,51 ,53 ,61 ,97 ,142 ,159 ,220 ,210 ,306 ,243 ,178 ,240 ,186 ,146 ,42 
2026-06-28,104,문화전당            ,하차,5 ,61 ,32 ,70 ,125 ,146 ,201 ,260 ,264 ,233 ,181 ,163 ,191 ,167 ,112 ,63 ,52 ,45 ,50 
2026-06-28,105,금남로4가           ,승차,15 ,34 ,33 ,36 ,75 ,96 ,90 ,128 ,161 ,211 ,275 ,304 ,283 ,284 ,214 ,169 ,165 ,81 ,33 
2026-06-28,105,금남로4가           ,하차,14 ,25 ,30 ,85 ,123 ,158 ,219 ,272 ,326 ,278 ,228 ,183 ,178 ,151 ,83 ,84 ,73 ,58 ,63 
2026-06-28,106,금남로5가           ,승차,19 ,20 ,34 ,33 ,50 ,57 ,55 ,63 ,70 ,87 ,124 ,181 ,148 ,73 ,55 ,67 ,30 ,16 ,25 
2026-06-28,106,금남로5가           ,하차,7 ,21 ,23 ,48 ,74 ,119 ,84 ,132 ,154 ,81 ,67 ,67 ,53 ,79 ,37 ,42 ,34 ,38 ,38 
2026-06-28,107,양동시장            ,승차,12 ,34 ,40 ,51 ,67 ,100 ,79 ,80 ,90 ,96 ,94 ,112 ,122 ,86 ,71 ,37 ,18 ,13 ,22 
2026-06-28,107,양동시장            ,하차,19 ,30 ,38 ,56 ,82 ,84 ,70 ,73 ,110 ,94 ,93 ,120 ,86 ,88 ,41 ,41 ,55 ,29 ,26 
2026-06-28,108,돌고개              ,승차,29 ,41 ,33 ,75 ,70 ,79 ,78 ,93 ,101 ,67 ,79 ,39 ,54 ,47 ,57 ,29 ,25 ,17 ,10 
2026-06-28,108,돌고개              ,하차,10 ,21 ,30 ,35 ,45 ,59 ,56 ,45 ,72 ,67 ,96 ,93 ,97 ,110 ,57 ,55 ,71 ,33 ,28 
2026-06-28,109,농성                ,승차,19 ,63 ,54 ,78 ,135 ,169 ,137 ,171 ,174 ,136 ,134 ,150 ,142 ,123 ,75 ,77 ,41 ,31 ,11 
2026-06-28,109,농성                ,하차,13 ,35 ,44 ,78 ,86 ,172 ,111 ,130 ,135 ,133 ,139 ,137 ,144 ,163 ,89 ,80 ,77 ,60 ,47 
2026-06-28,110,화정                ,승차,26 ,40 ,44 ,56 ,85 ,73 ,84 ,108 ,67 ,72 ,74 ,72 ,82 ,79 ,44 ,33 ,39 ,19 ,8 
2026-06-28,110,화정                ,하차,3 ,17 ,23 ,38 ,49 ,50 ,41 ,64 ,61 ,63 ,77 ,53 ,95 ,85 ,52 ,60 ,67 ,50 ,39 
2026-06-28,111,쌍촌                ,승차,33 ,50 ,66 ,76 ,120 ,122 ,93 ,112 ,113 ,77 ,95 ,74 ,89 ,75 ,55 ,55 ,43 ,20 ,4 
2026-06-28,111,쌍촌                ,하차,9 ,21 ,25 ,35 ,46 ,50 ,56 ,48 ,56 ,74 ,92 ,92 ,123 ,121 ,91 ,88 ,94 ,61 ,60 
2026-06-28,112,운천                ,승차,34 ,56 ,77 ,108 ,124 ,125 ,107 ,135 ,151 ,98 ,102 ,124 ,152 ,82 ,109 ,99 ,80 ,61 ,46 
2026-06-28,112,운천                ,하차,10 ,11 ,32 ,69 ,93 ,84 ,80 ,77 ,75 ,100 ,141 ,117 ,182 ,198 ,139 ,145 ,146 ,80 ,62 
2026-06-28,113,상무                ,승차,35 ,56 ,80 ,99 ,119 ,138 ,140 ,154 ,163 ,187 ,169 ,180 ,138 ,128 ,131 ,131 ,98 ,64 ,42 
2026-06-28,113,상무                ,하차,12 ,25 ,34 ,91 ,125 ,124 ,111 ,147 ,158 ,175 ,206 ,185 ,193 ,197 ,142 ,128 ,122 ,85 ,70 
2026-06-28,114,컨벤션센터          ,승차,8 ,5 ,13 ,48 ,44 ,43 ,40 ,55 ,61 ,75 ,90 ,68 ,157 ,79 ,30 ,32 ,36 ,13 ,13 
2026-06-28,114,컨벤션센터          ,하차,8 ,18 ,16 ,30 ,77 ,67 ,74 ,66 ,75 ,120 ,55 ,48 ,78 ,44 ,44 ,31 ,21 ,18 ,14 
2026-06-28,115,공항                ,승차,15 ,9 ,24 ,60 ,52 ,44 ,42 ,41 ,41 ,55 ,23 ,75 ,57 ,38 ,34 ,36 ,11 ,4 ,3 
2026-06-28,115,공항                ,하차,8 ,11 ,36 ,60 ,27 ,29 ,32 ,29 ,45 ,51 ,59 ,34 ,55 ,36 ,26 ,23 ,23 ,14 ,15 
2026-06-28,116,송정공원            ,승차,29 ,35 ,68 ,85 ,105 ,101 ,114 ,120 ,100 ,119 ,98 ,115 ,98 ,84 ,48 ,53 ,30 ,23 ,7 
2026-06-28,116,송정공원            ,하차,16 ,39 ,37 ,112 ,81 ,84 ,81 ,83 ,65 ,86 ,114 ,150 ,111 ,132 ,95 ,111 ,83 ,71 ,32 
2026-06-28,117,광주송정            ,승차,13 ,45 ,79 ,159 ,231 ,256 ,303 ,478 ,303 ,342 ,295 ,369 ,581 ,317 ,268 ,424 ,385 ,130 ,232 
2026-06-28,117,광주송정            ,하차,44 ,65 ,204 ,178 ,267 ,394 ,297 ,235 ,254 ,242 ,284 ,396 ,433 ,436 ,341 ,404 ,157 ,85 ,15 
2026-06-28,118,도산                ,승차,14 ,38 ,56 ,77 ,92 ,80 ,60 ,78 ,82 ,75 ,59 ,56 ,50 ,54 ,35 ,32 ,22 ,13 ,17 
2026-06-28,118,도산                ,하차,7 ,9 ,24 ,34 ,25 ,66 ,55 ,51 ,55 ,73 ,69 ,92 ,85 ,83 ,65 ,52 ,49 ,40 ,32 
2026-06-28,119,평동                ,승차,14 ,21 ,41 ,48 ,65 ,80 ,78 ,75 ,85 ,83 ,124 ,97 ,101 ,77 ,45 ,31 ,27 ,11 ,21 
2026-06-28,119,평동                ,하차,13 ,45 ,63 ,71 ,44 ,34 ,35 ,64 ,61 ,78 ,81 ,116 ,81 ,98 ,75 ,78 ,68 ,30 ,28 
2026-06-29,100,녹동                ,승차,1 ,7 ,33 ,39 ,9 ,9 ,11 ,9 ,15 ,10 ,7 ,10 ,15 ,31 ,2 ,0 ,3 ,1 ,0 
2026-06-29,100,녹동                ,하차,0 ,8 ,15 ,24 ,3 ,4 ,9 ,3 ,5 ,4 ,8 ,12 ,20 ,11 ,4 ,4 ,4 ,5 ,1 
2026-06-29,101,소태                ,승차,50 ,97 ,214 ,369 ,185 ,121 ,108 ,104 ,152 ,112 ,96 ,113 ,125 ,106 ,63 ,46 ,30 ,31 ,7 
2026-06-29,101,소태                ,하차,0 ,53 ,88 ,192 ,77 ,83 ,100 ,94 ,91 ,120 ,153 ,136 ,227 ,244 ,119 ,107 ,88 ,55 ,25 
2026-06-29,102,학동증심사          ,승차,31 ,58 ,133 ,248 ,191 ,154 ,134 ,195 ,202 ,122 ,123 ,143 ,154 ,120 ,39 ,35 ,43 ,20 ,7 
2026-06-29,102,학동증심사          ,하차,1 ,54 ,125 ,246 ,125 ,122 ,126 ,99 ,131 ,115 ,148 ,158 ,165 ,209 ,86 ,91 ,51 ,43 ,31 
2026-06-29,103,남광주              ,승차,49 ,167 ,267 ,385 ,248 ,273 ,230 ,196 ,214 ,208 ,278 ,326 ,496 ,277 ,118 ,105 ,78 ,47 ,25 
2026-06-29,103,남광주              ,하차,14 ,178 ,335 ,645 ,308 ,201 ,211 ,233 ,270 ,252 ,233 ,210 ,287 ,373 ,138 ,117 ,91 ,66 ,37 
2026-06-29,104,문화전당            ,승차,18 ,36 ,61 ,107 ,89 ,97 ,130 ,120 ,164 ,152 ,188 ,216 ,269 ,438 ,193 ,200 ,181 ,158 ,64 
2026-06-29,104,문화전당            ,하차,5 ,54 ,126 ,516 ,281 ,177 ,216 ,223 ,231 ,164 ,171 ,168 ,190 ,238 ,91 ,63 ,43 ,39 ,40 
2026-06-29,105,금남로4가           ,승차,27 ,92 ,178 ,222 ,143 ,165 ,172 ,267 ,210 ,263 ,329 ,436 ,407 ,458 ,209 ,168 ,145 ,70 ,37 
2026-06-29,105,금남로4가           ,하차,27 ,49 ,151 ,683 ,344 ,291 ,312 ,270 ,295 ,260 ,231 ,241 ,254 ,285 ,116 ,79 ,66 ,32 ,20 
2026-06-29,106,금남로5가           ,승차,23 ,71 ,131 ,156 ,97 ,78 ,98 ,98 ,126 ,217 ,149 ,213 ,207 ,285 ,71 ,84 ,42 ,23 ,14 
2026-06-29,106,금남로5가           ,하차,20 ,29 ,103 ,518 ,205 ,138 ,146 ,145 ,140 ,114 ,104 ,116 ,132 ,169 ,64 ,48 ,42 ,21 ,21 
2026-06-29,107,양동시장            ,승차,29 ,93 ,160 ,255 ,159 ,169 ,161 ,158 ,212 ,146 ,157 ,201 ,215 ,292 ,75 ,38 ,28 ,21 ,20 
2026-06-29,107,양동시장            ,하차,23 ,57 ,111 ,352 ,196 ,172 ,210 ,157 ,198 ,158 ,178 ,195 ,188 ,183 ,73 ,54 ,58 ,33 ,14 
2026-06-29,108,돌고개              ,승차,48 ,94 ,203 ,347 ,145 ,113 ,108 ,100 ,117 ,101 ,118 ,89 ,140 ,106 ,54 ,40 ,34 ,25 ,10 
2026-06-29,108,돌고개              ,하차,12 ,18 ,56 ,162 ,117 ,89 ,103 ,131 ,99 ,119 ,167 ,175 ,189 ,261 ,117 ,85 ,75 ,58 ,41 
2026-06-29,109,농성                ,승차,47 ,101 ,234 ,430 ,197 ,172 ,167 ,129 ,173 ,149 ,190 ,197 ,219 ,248 ,89 ,84 ,61 ,45 ,13 
2026-06-29,109,농성                ,하차,23 ,51 ,107 ,315 ,176 ,147 ,156 ,135 ,170 ,151 ,151 ,192 ,253 ,333 ,152 ,110 ,60 ,65 ,31 
2026-06-29,110,화정                ,승차,42 ,94 ,258 ,366 ,184 ,134 ,108 ,131 ,121 ,109 ,153 ,138 ,139 ,119 ,66 ,44 ,39 ,76 ,17 
2026-06-29,110,화정                ,하차,6 ,29 ,133 ,224 ,85 ,103 ,99 ,83 ,95 ,120 ,117 ,155 ,196 ,237 ,104 ,67 ,73 ,55 ,40 
2026-06-29,111,쌍촌                ,승차,73 ,166 ,376 ,483 ,221 ,142 ,146 ,187 ,366 ,106 ,122 ,106 ,144 ,143 ,81 ,44 ,40 ,22 ,16 
2026-06-29,111,쌍촌                ,하차,6 ,25 ,93 ,217 ,119 ,70 ,73 ,88 ,96 ,87 ,116 ,148 ,305 ,392 ,157 ,107 ,105 ,74 ,53 
2026-06-29,112,운천                ,승차,52 ,152 ,373 ,539 ,226 ,178 ,174 ,151 ,141 ,141 ,149 ,259 ,243 ,282 ,127 ,83 ,93 ,69 ,48 
2026-06-29,112,운천                ,하차,13 ,44 ,122 ,479 ,153 ,116 ,113 ,100 ,126 ,135 ,158 ,199 ,389 ,540 ,217 ,150 ,159 ,106 ,53 
2026-06-29,113,상무                ,승차,52 ,129 ,373 ,479 ,207 ,216 ,219 ,221 ,201 ,271 ,267 ,276 ,327 ,495 ,205 ,164 ,141 ,119 ,124 
2026-06-29,113,상무                ,하차,41 ,66 ,157 ,725 ,332 ,193 ,225 ,184 ,246 ,267 ,235 ,294 ,437 ,502 ,210 ,162 ,115 ,124 ,54 
2026-06-29,114,컨벤션센터          ,승차,15 ,30 ,101 ,147 ,83 ,66 ,53 ,54 ,72 ,80 ,85 ,81 ,108 ,131 ,44 ,51 ,35 ,15 ,6 
2026-06-29,114,컨벤션센터          ,하차,11 ,27 ,95 ,198 ,93 ,68 ,70 ,56 ,47 ,64 ,75 ,70 ,107 ,126 ,41 ,43 ,21 ,22 ,8 
2026-06-29,115,공항                ,승차,19 ,36 ,154 ,180 ,95 ,60 ,56 ,34 ,104 ,51 ,57 ,75 ,125 ,82 ,39 ,29 ,18 ,18 ,6 
2026-06-29,115,공항                ,하차,8 ,42 ,62 ,117 ,48 ,47 ,53 ,45 ,59 ,52 ,66 ,66 ,107 ,105 ,52 ,27 ,34 ,15 ,21 
2026-06-29,116,송정공원            ,승차,50 ,152 ,517 ,404 ,171 ,126 ,132 ,144 ,103 ,123 ,143 ,156 ,203 ,234 ,91 ,48 ,36 ,24 ,6 
2026-06-29,116,송정공원            ,하차,30 ,69 ,155 ,298 ,123 ,99 ,87 ,156 ,177 ,196 ,157 ,223 ,321 ,340 ,195 ,120 ,99 ,88 ,36 
2026-06-29,117,광주송정            ,승차,23 ,94 ,354 ,454 ,308 ,363 ,331 ,351 ,200 ,346 ,277 ,313 ,434 ,349 ,215 ,215 ,202 ,86 ,263 
2026-06-29,117,광주송정            ,하차,83 ,127 ,439 ,402 ,331 ,354 ,243 ,241 ,234 ,270 ,281 ,298 ,376 ,360 ,215 ,137 ,107 ,108 ,34 
2026-06-29,118,도산                ,승차,40 ,81 ,295 ,237 ,110 ,83 ,69 ,100 ,114 ,77 ,57 ,90 ,142 ,153 ,66 ,37 ,42 ,13 ,18 
2026-06-29,118,도산                ,하차,12 ,25 ,82 ,94 ,44 ,68 ,75 ,62 ,85 ,73 ,119 ,106 ,179 ,180 ,79 ,62 ,49 ,80 ,29 
2026-06-29,119,평동                ,승차,16 ,33 ,103 ,92 ,76 ,64 ,79 ,94 ,61 ,90 ,125 ,182 ,614 ,303 ,227 ,144 ,89 ,19 ,15 
2026-06-29,119,평동                ,하차,46 ,250 ,823 ,361 ,80 ,63 ,69 ,46 ,65 ,70 ,74 ,58 ,82 ,78 ,88 ,45 ,39 ,38 ,11 
2026-06-30,100,녹동                ,승차,1 ,8 ,39 ,26 ,17 ,10 ,11 ,18 ,16 ,10 ,4 ,8 ,11 ,27 ,1 ,1 ,0 ,0 ,0 
2026-06-30,100,녹동                ,하차,0 ,13 ,14 ,24 ,1 ,3 ,4 ,9 ,8 ,6 ,10 ,13 ,19 ,13 ,7 ,9 ,4 ,5 ,0 
2026-06-30,101,소태                ,승차,46 ,104 ,230 ,394 ,184 ,136 ,138 ,115 ,152 ,341 ,412 ,139 ,140 ,104 ,57 ,44 ,32 ,18 ,5 
2026-06-30,101,소태                ,하차,4 ,54 ,86 ,186 ,75 ,115 ,123 ,116 ,113 ,163 ,122 ,167 ,188 ,232 ,128 ,93 ,102 ,72 ,34 
2026-06-30,102,학동증심사          ,승차,37 ,61 ,162 ,229 ,162 ,155 ,108 ,216 ,250 ,175 ,112 ,123 ,134 ,119 ,51 ,46 ,37 ,30 ,17 
2026-06-30,102,학동증심사          ,하차,0 ,46 ,129 ,273 ,145 ,118 ,106 ,105 ,134 ,121 ,136 ,156 ,169 ,220 ,82 ,86 ,56 ,35 ,25 
2026-06-30,103,남광주              ,승차,40 ,182 ,299 ,387 ,255 ,254 ,249 ,198 ,232 ,219 ,306 ,334 ,505 ,273 ,124 ,109 ,90 ,46 ,34 
2026-06-30,103,남광주              ,하차,10 ,178 ,321 ,653 ,282 ,209 ,200 ,203 ,256 ,256 ,238 ,218 ,268 ,415 ,144 ,109 ,120 ,78 ,45 
2026-06-30,104,문화전당            ,승차,18 ,29 ,59 ,77 ,68 ,73 ,108 ,158 ,161 ,184 ,247 ,247 ,363 ,462 ,217 ,198 ,193 ,200 ,74 
2026-06-30,104,문화전당            ,하차,1 ,44 ,127 ,572 ,229 ,170 ,222 ,185 ,248 ,203 ,202 ,178 ,216 ,248 ,136 ,79 ,57 ,52 ,52 
2026-06-30,105,금남로4가           ,승차,25 ,81 ,142 ,234 ,132 ,122 ,164 ,257 ,272 ,277 ,289 ,398 ,397 ,488 ,171 ,157 ,159 ,103 ,27 
2026-06-30,105,금남로4가           ,하차,27 ,50 ,202 ,641 ,366 ,264 ,275 ,251 ,329 ,244 ,228 ,202 ,255 ,242 ,136 ,76 ,65 ,55 ,36 
2026-06-30,106,금남로5가           ,승차,25 ,75 ,132 ,167 ,90 ,84 ,95 ,91 ,200 ,183 ,184 ,176 ,194 ,275 ,83 ,83 ,46 ,42 ,22 
2026-06-30,106,금남로5가           ,하차,20 ,34 ,116 ,508 ,216 ,144 ,159 ,166 ,174 ,114 ,96 ,91 ,136 ,160 ,57 ,40 ,46 ,25 ,29 
2026-06-30,107,양동시장            ,승차,27 ,86 ,176 ,241 ,157 ,178 ,145 ,109 ,193 ,162 ,191 ,218 ,235 ,283 ,56 ,47 ,29 ,27 ,14 
2026-06-30,107,양동시장            ,하차,32 ,62 ,113 ,335 ,207 ,165 ,138 ,175 ,184 ,203 ,166 ,179 ,187 ,189 ,67 ,55 ,46 ,29 ,28 
2026-06-30,108,돌고개              ,승차,54 ,106 ,200 ,349 ,171 ,101 ,91 ,99 ,127 ,106 ,105 ,109 ,123 ,110 ,52 ,28 ,25 ,25 ,10 
2026-06-30,108,돌고개              ,하차,11 ,27 ,48 ,168 ,133 ,78 ,101 ,106 ,143 ,118 ,137 ,187 ,200 ,279 ,121 ,87 ,72 ,67 ,39 
2026-06-30,109,농성                ,승차,48 ,101 ,242 ,432 ,211 ,147 ,134 ,135 ,207 ,142 ,164 ,196 ,241 ,271 ,106 ,103 ,73 ,71 ,20 
2026-06-30,109,농성                ,하차,23 ,58 ,123 ,298 ,160 ,124 ,138 ,140 ,179 ,161 ,197 ,203 ,257 ,368 ,131 ,118 ,98 ,78 ,35 
2026-06-30,110,화정                ,승차,44 ,102 ,266 ,374 ,164 ,104 ,107 ,115 ,132 ,82 ,152 ,140 ,126 ,135 ,61 ,49 ,35 ,74 ,11 
2026-06-30,110,화정                ,하차,10 ,35 ,132 ,208 ,88 ,78 ,88 ,81 ,113 ,107 ,101 ,129 ,241 ,271 ,99 ,62 ,81 ,64 ,32 
2026-06-30,111,쌍촌                ,승차,87 ,154 ,361 ,502 ,206 ,125 ,121 ,170 ,226 ,120 ,111 ,126 ,146 ,139 ,84 ,68 ,31 ,20 ,11 
2026-06-30,111,쌍촌                ,하차,13 ,15 ,69 ,209 ,86 ,79 ,82 ,84 ,92 ,120 ,123 ,161 ,268 ,386 ,158 ,119 ,127 ,78 ,44 
2026-06-30,112,운천                ,승차,48 ,152 ,376 ,540 ,218 ,169 ,144 ,259 ,170 ,142 ,140 ,168 ,245 ,285 ,128 ,112 ,113 ,101 ,38 
2026-06-30,112,운천                ,하차,19 ,44 ,136 ,474 ,145 ,108 ,111 ,123 ,129 ,120 ,132 ,186 ,397 ,522 ,209 ,190 ,152 ,144 ,59 
2026-06-30,113,상무                ,승차,53 ,114 ,373 ,504 ,206 ,227 ,249 ,250 ,203 ,225 ,241 ,290 ,327 ,468 ,172 ,184 ,179 ,112 ,38 
2026-06-30,113,상무                ,하차,42 ,66 ,153 ,718 ,324 ,205 ,181 ,173 ,276 ,255 ,274 ,295 ,424 ,586 ,219 ,153 ,113 ,137 ,61 
2026-06-30,114,컨벤션센터          ,승차,12 ,35 ,91 ,129 ,84 ,40 ,49 ,47 ,70 ,74 ,82 ,83 ,127 ,153 ,46 ,41 ,24 ,13 ,7 
2026-06-30,114,컨벤션센터          ,하차,11 ,31 ,83 ,210 ,89 ,72 ,70 ,56 ,64 ,59 ,38 ,61 ,123 ,111 ,61 ,32 ,35 ,26 ,12 
2026-06-30,115,공항                ,승차,16 ,48 ,171 ,163 ,82 ,34 ,30 ,45 ,102 ,67 ,52 ,35 ,112 ,89 ,34 ,40 ,21 ,1 ,8 
2026-06-30,115,공항                ,하차,6 ,40 ,65 ,84 ,41 ,27 ,40 ,39 ,64 ,55 ,52 ,90 ,85 ,101 ,45 ,55 ,43 ,22 ,20 
2026-06-30,116,송정공원            ,승차,47 ,156 ,507 ,414 ,197 ,110 ,148 ,140 ,116 ,136 ,152 ,155 ,207 ,247 ,78 ,43 ,45 ,33 ,14 
2026-06-30,116,송정공원            ,하차,29 ,70 ,165 ,315 ,108 ,79 ,97 ,170 ,269 ,200 ,158 ,173 ,313 ,343 ,189 ,136 ,93 ,103 ,43 
2026-06-30,117,광주송정            ,승차,24 ,68 ,307 ,386 ,269 ,257 ,314 ,343 ,235 ,310 ,328 ,324 ,439 ,395 ,265 ,274 ,275 ,94 ,99 
2026-06-30,117,광주송정            ,하차,71 ,104 ,406 ,417 ,270 ,313 ,210 ,207 ,318 ,237 ,276 ,343 ,341 ,408 ,190 ,147 ,113 ,123 ,21 
2026-06-30,118,도산                ,승차,35 ,105 ,285 ,258 ,138 ,75 ,56 ,102 ,89 ,90 ,70 ,82 ,152 ,152 ,65 ,47 ,39 ,16 ,16 
2026-06-30,118,도산                ,하차,10 ,32 ,69 ,103 ,62 ,62 ,77 ,73 ,101 ,98 ,90 ,119 ,176 ,185 ,106 ,65 ,66 ,70 ,22 
2026-06-30,119,평동                ,승차,26 ,43 ,105 ,122 ,79 ,61 ,63 ,86 ,98 ,55 ,104 ,187 ,617 ,297 ,225 ,128 ,88 ,28 ,11 
2026-06-30,119,평동                ,하차,47 ,295 ,859 ,375 ,72 ,56 ,62 ,57 ,55 ,62 ,57 ,66 ,68 ,93 ,79 ,31 ,38 ,46 ,16 
