역명,일자,이용인원,승차인원,하차인원
검단오류(검단산업단지),2024-07-01,5866,2892,2974
왕길,2024-07-01,5437,2716,2721
검단사거리,2024-07-01,16609,8678,7931
마전,2024-07-01,8576,4105,4471
완정,2024-07-01,15843,8195,7648
독정,2024-07-01,9144,4570,4574
검암,2024-07-01,9121,4989,4132
검바위,2024-07-01,7201,3438,3763
아시아드경기장(공촌사거리),2024-07-01,9493,5044,4449
서구청,2024-07-01,17317,8697,8620
가정(루원시티),2024-07-01,23420,11925,11495
가정중앙시장,2024-07-01,12529,6117,6412
석남(거북시장),2024-07-01,6232,3042,3190
서부여성회관,2024-07-01,8191,4196,3995
인천가좌,2024-07-01,8769,4410,4359
가재울,2024-07-01,8395,4257,4138
주안국가산단,2024-07-01,6038,2981,3057
주안,2024-07-01,15343,6552,8791
시민공원(문화창작지대),2024-07-01,21298,10959,10339
석바위시장,2024-07-01,9607,4682,4925
인천시청,2024-07-01,7024,3394,3630
석천사거리,2024-07-01,10073,5284,4789
모래내시장,2024-07-01,16416,7896,8520
만수,2024-07-01,10518,5508,5010
남동구청,2024-07-01,9487,4828,4659
인천대공원,2024-07-01,5667,2857,2810
운연(서창),2024-07-01,2577,1368,1209
검단오류(검단산업단지),2024-07-02,5602,2744,2858
왕길,2024-07-02,4995,2484,2511
검단사거리,2024-07-02,15257,7998,7259
마전,2024-07-02,8267,3970,4297
완정,2024-07-02,14448,7538,6910
독정,2024-07-02,8427,4183,4244
검암,2024-07-02,8497,4649,3848
검바위,2024-07-02,6799,3291,3508
아시아드경기장(공촌사거리),2024-07-02,8706,4560,4146
서구청,2024-07-02,15412,7654,7758
가정(루원시티),2024-07-02,21959,11258,10701
가정중앙시장,2024-07-02,10492,5089,5403
석남(거북시장),2024-07-02,5418,2666,2752
서부여성회관,2024-07-02,7287,3643,3644
인천가좌,2024-07-02,8026,4018,4008
가재울,2024-07-02,7727,3936,3791
주안국가산단,2024-07-02,5841,2880,2961
주안,2024-07-02,13720,5896,7824
시민공원(문화창작지대),2024-07-02,18658,9591,9067
석바위시장,2024-07-02,8604,4182,4422
인천시청,2024-07-02,6281,3029,3252
석천사거리,2024-07-02,9200,4732,4468
모래내시장,2024-07-02,13180,6493,6687
만수,2024-07-02,9110,4741,4369
남동구청,2024-07-02,8338,4264,4074
인천대공원,2024-07-02,2975,1505,1470
운연(서창),2024-07-02,2212,1179,1033
검단오류(검단산업단지),2024-07-03,5885,2912,2973
왕길,2024-07-03,5492,2733,2759
검단사거리,2024-07-03,16887,8751,8136
마전,2024-07-03,8748,4234,4514
완정,2024-07-03,16212,8344,7868
독정,2024-07-03,9457,4686,4771
검암,2024-07-03,9071,4955,4116
검바위,2024-07-03,7490,3624,3866
아시아드경기장(공촌사거리),2024-07-03,9869,5155,4714
서구청,2024-07-03,17699,8775,8924
가정(루원시티),2024-07-03,23914,12274,11640
가정중앙시장,2024-07-03,13019,6391,6628
석남(거북시장),2024-07-03,6396,3069,3327
서부여성회관,2024-07-03,8659,4449,4210
인천가좌,2024-07-03,8948,4508,4440
가재울,2024-07-03,8540,4374,4166
주안국가산단,2024-07-03,6037,2974,3063
주안,2024-07-03,15505,6756,8749
시민공원(문화창작지대),2024-07-03,21058,10754,10304
석바위시장,2024-07-03,9746,4679,5067
인천시청,2024-07-03,7317,3528,3789
석천사거리,2024-07-03,10357,5417,4940
모래내시장,2024-07-03,16758,8148,8610
만수,2024-07-03,10674,5548,5126
남동구청,2024-07-03,9530,4891,4639
인천대공원,2024-07-03,5567,2804,2763
운연(서창),2024-07-03,2719,1417,1302
검단오류(검단산업단지),2024-07-04,5801,2856,2945
왕길,2024-07-04,5385,2691,2694
검단사거리,2024-07-04,17061,8843,8218
마전,2024-07-04,8760,4274,4486
완정,2024-07-04,16099,8302,7797
독정,2024-07-04,9485,4701,4784
검암,2024-07-04,9282,5080,4202
검바위,2024-07-04,7332,3561,3771
아시아드경기장(공촌사거리),2024-07-04,9787,5098,4689
서구청,2024-07-04,17192,8529,8663
가정(루원시티),2024-07-04,23804,12174,11630
가정중앙시장,2024-07-04,12695,6203,6492
석남(거북시장),2024-07-04,6155,3012,3143
서부여성회관,2024-07-04,8461,4274,4187
인천가좌,2024-07-04,8922,4476,4446
가재울,2024-07-04,8561,4407,4154
주안국가산단,2024-07-04,5949,2884,3065
주안,2024-07-04,15628,6761,8867
시민공원(문화창작지대),2024-07-04,21031,10793,10238
석바위시장,2024-07-04,9592,4662,4930
인천시청,2024-07-04,7040,3373,3667
석천사거리,2024-07-04,10027,5249,4778
모래내시장,2024-07-04,16609,8053,8556
만수,2024-07-04,10625,5529,5096
남동구청,2024-07-04,9565,4894,4671
인천대공원,2024-07-04,5668,2865,2803
운연(서창),2024-07-04,2589,1403,1186
검단오류(검단산업단지),2024-07-05,5885,2915,2970
왕길,2024-07-05,5616,2807,2809
검단사거리,2024-07-05,18432,9628,8804
마전,2024-07-05,8931,4342,4589
완정,2024-07-05,16770,8729,8041
독정,2024-07-05,9842,4980,4862
검암,2024-07-05,9464,5252,4212
검바위,2024-07-05,7664,3757,3907
아시아드경기장(공촌사거리),2024-07-05,9708,5112,4596
서구청,2024-07-05,17890,8808,9082
가정(루원시티),2024-07-05,25236,12966,12270
가정중앙시장,2024-07-05,13437,6535,6902
석남(거북시장),2024-07-05,6485,3212,3273
서부여성회관,2024-07-05,8914,4597,4317
인천가좌,2024-07-05,9070,4595,4475
가재울,2024-07-05,8851,4544,4307
주안국가산단,2024-07-05,5833,2845,2988
주안,2024-07-05,16391,6966,9425
시민공원(문화창작지대),2024-07-05,21458,10982,10476
석바위시장,2024-07-05,9671,4710,4961
인천시청,2024-07-05,7312,3520,3792
석천사거리,2024-07-05,10468,5517,4951
모래내시장,2024-07-05,17191,8348,8843
만수,2024-07-05,10917,5708,5209
남동구청,2024-07-05,10092,5186,4906
인천대공원,2024-07-05,5427,2752,2675
운연(서창),2024-07-05,2765,1472,1293
검단오류(검단산업단지),2024-07-06,2022,1095,927
왕길,2024-07-06,3020,1595,1425
검단사거리,2024-07-06,12813,6584,6229
마전,2024-07-06,5536,2734,2802
완정,2024-07-06,10074,5328,4746
독정,2024-07-06,6053,3009,3044
검암,2024-07-06,5453,3017,2436
검바위,2024-07-06,3808,1857,1951
아시아드경기장(공촌사거리),2024-07-06,6344,3280,3064
서구청,2024-07-06,10651,5259,5392
가정(루원시티),2024-07-06,13872,7184,6688
가정중앙시장,2024-07-06,9612,4721,4891
석남(거북시장),2024-07-06,4569,2205,2364
서부여성회관,2024-07-06,6010,3064,2946
인천가좌,2024-07-06,4749,2421,2328
가재울,2024-07-06,4586,2367,2219
주안국가산단,2024-07-06,1505,733,772
주안,2024-07-06,12299,4980,7319
시민공원(문화창작지대),2024-07-06,14667,7485,7182
석바위시장,2024-07-06,6742,3310,3432
인천시청,2024-07-06,4457,2095,2362
석천사거리,2024-07-06,6250,3294,2956
모래내시장,2024-07-06,12545,6136,6409
만수,2024-07-06,7160,3689,3471
남동구청,2024-07-06,5633,2914,2719
인천대공원,2024-07-06,5012,2499,2513
운연(서창),2024-07-06,1748,930,818
검단오류(검단산업단지),2024-07-07,1801,944,857
왕길,2024-07-07,2136,1090,1046
검단사거리,2024-07-07,10344,5201,5143
마전,2024-07-07,4223,1973,2250
완정,2024-07-07,7606,3882,3724
독정,2024-07-07,4622,2192,2430
검암,2024-07-07,4229,2258,1971
검바위,2024-07-07,3015,1427,1588
아시아드경기장(공촌사거리),2024-07-07,5092,2683,2409
서구청,2024-07-07,7616,3783,3833
가정(루원시티),2024-07-07,10043,5051,4992
가정중앙시장,2024-07-07,7420,3653,3767
석남(거북시장),2024-07-07,3425,1605,1820
서부여성회관,2024-07-07,4926,2584,2342
인천가좌,2024-07-07,3549,1785,1764
가재울,2024-07-07,3481,1776,1705
주안국가산단,2024-07-07,815,388,427
주안,2024-07-07,9363,3849,5514
시민공원(문화창작지대),2024-07-07,11441,5883,5558
석바위시장,2024-07-07,5455,2706,2749
인천시청,2024-07-07,3763,1801,1962
석천사거리,2024-07-07,4852,2534,2318
모래내시장,2024-07-07,10020,4907,5113
만수,2024-07-07,5861,2979,2882
남동구청,2024-07-07,4257,2187,2070
인천대공원,2024-07-07,5885,2962,2923
운연(서창),2024-07-07,1349,706,643
검단오류(검단산업단지),2024-07-08,5535,2699,2836
왕길,2024-07-08,5075,2529,2546
검단사거리,2024-07-08,15695,8205,7490
마전,2024-07-08,8191,3929,4262
완정,2024-07-08,15026,7734,7292
독정,2024-07-08,8690,4385,4305
검암,2024-07-08,8800,4774,4026
검바위,2024-07-08,7038,3403,3635
아시아드경기장(공촌사거리),2024-07-08,9183,4824,4359
서구청,2024-07-08,16029,7987,8042
가정(루원시티),2024-07-08,22265,11338,10927
가정중앙시장,2024-07-08,11548,5648,5900
석남(거북시장),2024-07-08,5757,2788,2969
서부여성회관,2024-07-08,7580,3836,3744
인천가좌,2024-07-08,8339,4203,4136
가재울,2024-07-08,7796,3955,3841
주안국가산단,2024-07-08,5864,2899,2965
주안,2024-07-08,14268,6127,8141
시민공원(문화창작지대),2024-07-08,19543,10063,9480
석바위시장,2024-07-08,8963,4387,4576
인천시청,2024-07-08,6286,3092,3194
석천사거리,2024-07-08,9359,4820,4539
모래내시장,2024-07-08,14124,6862,7262
만수,2024-07-08,9527,4931,4596
남동구청,2024-07-08,8741,4462,4279
인천대공원,2024-07-08,3129,1583,1546
운연(서창),2024-07-08,2175,1179,996
검단오류(검단산업단지),2024-07-09,5680,2784,2896
왕길,2024-07-09,5320,2637,2683
검단사거리,2024-07-09,16558,8659,7899
마전,2024-07-09,8622,4169,4453
완정,2024-07-09,15697,8098,7599
독정,2024-07-09,9236,4598,4638
검암,2024-07-09,8964,4848,4116
검바위,2024-07-09,7300,3471,3829
아시아드경기장(공촌사거리),2024-07-09,9674,5124,4550
서구청,2024-07-09,16755,8283,8472
가정(루원시티),2024-07-09,23395,11970,11425
가정중앙시장,2024-07-09,12461,6079,6382
석남(거북시장),2024-07-09,5941,2890,3051
서부여성회관,2024-07-09,8012,4094,3918
인천가좌,2024-07-09,8641,4400,4241
가재울,2024-07-09,8421,4277,4144
주안국가산단,2024-07-09,6015,2992,3023
주안,2024-07-09,15094,6556,8538
시민공원(문화창작지대),2024-07-09,20366,10388,9978
석바위시장,2024-07-09,9478,4614,4864
인천시청,2024-07-09,6964,3303,3661
석천사거리,2024-07-09,10191,5293,4898
모래내시장,2024-07-09,15821,7678,8143
만수,2024-07-09,10315,5416,4899
남동구청,2024-07-09,9334,4815,4519
인천대공원,2024-07-09,4797,2400,2397
운연(서창),2024-07-09,2506,1349,1157
검단오류(검단산업단지),2024-07-10,6034,2971,3063
왕길,2024-07-10,5360,2705,2655
검단사거리,2024-07-10,17119,8912,8207
마전,2024-07-10,8781,4277,4504
완정,2024-07-10,16279,8421,7858
독정,2024-07-10,9278,4646,4632
검암,2024-07-10,9435,5148,4287
검바위,2024-07-10,7374,3582,3792
아시아드경기장(공촌사거리),2024-07-10,10151,5380,4771
서구청,2024-07-10,17191,8454,8737
가정(루원시티),2024-07-10,24663,12571,12092
가정중앙시장,2024-07-10,13060,6390,6670
석남(거북시장),2024-07-10,6231,3050,3181
서부여성회관,2024-07-10,8362,4235,4127
인천가좌,2024-07-10,8882,4510,4372
가재울,2024-07-10,8626,4336,4290
주안국가산단,2024-07-10,6010,2921,3089
주안,2024-07-10,15658,6782,8876
시민공원(문화창작지대),2024-07-10,21561,11016,10545
석바위시장,2024-07-10,9987,4808,5179
인천시청,2024-07-10,7218,3457,3761
석천사거리,2024-07-10,10267,5345,4922
모래내시장,2024-07-10,16668,8073,8595
만수,2024-07-10,10832,5585,5247
남동구청,2024-07-10,9774,5120,4654
인천대공원,2024-07-10,5645,2828,2817
운연(서창),2024-07-10,2545,1396,1149
검단오류(검단산업단지),2024-07-11,5845,2896,2949
왕길,2024-07-11,5462,2727,2735
검단사거리,2024-07-11,16993,8865,8128
마전,2024-07-11,8723,4230,4493
완정,2024-07-11,16193,8317,7876
독정,2024-07-11,9552,4859,4693
검암,2024-07-11,9324,5116,4208
검바위,2024-07-11,7429,3578,3851
아시아드경기장(공촌사거리),2024-07-11,9946,5212,4734
서구청,2024-07-11,17472,8678,8794
가정(루원시티),2024-07-11,24464,12573,11891
가정중앙시장,2024-07-11,13066,6398,6668
석남(거북시장),2024-07-11,6166,3026,3140
서부여성회관,2024-07-11,8587,4372,4215
인천가좌,2024-07-11,8920,4517,4403
가재울,2024-07-11,8722,4442,4280
주안국가산단,2024-07-11,6066,2998,3068
주안,2024-07-11,15762,6765,8997
시민공원(문화창작지대),2024-07-11,21334,10930,10404
석바위시장,2024-07-11,9636,4690,4946
인천시청,2024-07-11,7274,3596,3678
석천사거리,2024-07-11,10225,5333,4892
모래내시장,2024-07-11,17056,8209,8847
만수,2024-07-11,11064,5748,5316
남동구청,2024-07-11,9782,5055,4727
인천대공원,2024-07-11,5801,2914,2887
운연(서창),2024-07-11,2707,1445,1262
검단오류(검단산업단지),2024-07-12,5925,2937,2988
왕길,2024-07-12,5475,2766,2709
검단사거리,2024-07-12,17776,9292,8484
마전,2024-07-12,9199,4473,4726
완정,2024-07-12,16538,8550,7988
독정,2024-07-12,9786,4845,4941
검암,2024-07-12,9231,5035,4196
검바위,2024-07-12,7651,3688,3963
아시아드경기장(공촌사거리),2024-07-12,9875,5174,4701
서구청,2024-07-12,18035,8943,9092
가정(루원시티),2024-07-12,24651,12707,11944
가정중앙시장,2024-07-12,13842,6773,7069
석남(거북시장),2024-07-12,6522,3188,3334
서부여성회관,2024-07-12,9005,4644,4361
인천가좌,2024-07-12,8970,4542,4428
가재울,2024-07-12,8743,4461,4282
주안국가산단,2024-07-12,6051,2951,3100
주안,2024-07-12,16687,6998,9689
시민공원(문화창작지대),2024-07-12,21554,11103,10451
석바위시장,2024-07-12,9996,4821,5175
인천시청,2024-07-12,7218,3497,3721
석천사거리,2024-07-12,10407,5454,4953
모래내시장,2024-07-12,17170,8382,8788
만수,2024-07-12,11377,5871,5506
남동구청,2024-07-12,9891,5095,4796
인천대공원,2024-07-12,5685,2899,2786
운연(서창),2024-07-12,2687,1447,1240
검단오류(검단산업단지),2024-07-13,2285,1251,1034
왕길,2024-07-13,3207,1678,1529
검단사거리,2024-07-13,13722,7119,6603
마전,2024-07-13,6416,3174,3242
완정,2024-07-13,10971,5792,5179
독정,2024-07-13,6460,3183,3277
검암,2024-07-13,6188,3380,2808
검바위,2024-07-13,4084,1995,2089
아시아드경기장(공촌사거리),2024-07-13,6878,3582,3296
서구청,2024-07-13,11348,5612,5736
가정(루원시티),2024-07-13,15420,7958,7462
가정중앙시장,2024-07-13,10136,4966,5170
석남(거북시장),2024-07-13,4692,2225,2467
서부여성회관,2024-07-13,6204,3199,3005
인천가좌,2024-07-13,5065,2599,2466
가재울,2024-07-13,4871,2497,2374
주안국가산단,2024-07-13,1610,781,829
주안,2024-07-13,12863,5282,7581
시민공원(문화창작지대),2024-07-13,15348,7839,7509
석바위시장,2024-07-13,7427,3599,3828
인천시청,2024-07-13,4748,2254,2494
석천사거리,2024-07-13,6643,3515,3128
모래내시장,2024-07-13,13634,6714,6920
만수,2024-07-13,7784,4041,3743
남동구청,2024-07-13,5945,3109,2836
인천대공원,2024-07-13,6270,3143,3127
운연(서창),2024-07-13,1860,992,868
검단오류(검단산업단지),2024-07-14,1550,762,788
왕길,2024-07-14,2064,1030,1034
검단사거리,2024-07-14,10375,5186,5189
마전,2024-07-14,4240,2086,2154
완정,2024-07-14,7524,3779,3745
독정,2024-07-14,4241,2053,2188
검암,2024-07-14,4379,2327,2052
검바위,2024-07-14,3038,1407,1631
아시아드경기장(공촌사거리),2024-07-14,5124,2695,2429
서구청,2024-07-14,7749,3869,3880
가정(루원시티),2024-07-14,10585,5329,5256
가정중앙시장,2024-07-14,7471,3681,3790
석남(거북시장),2024-07-14,3487,1661,1826
서부여성회관,2024-07-14,5174,2660,2514
인천가좌,2024-07-14,3391,1726,1665
가재울,2024-07-14,3573,1801,1772
주안국가산단,2024-07-14,742,357,385
주안,2024-07-14,9121,3754,5367
시민공원(문화창작지대),2024-07-14,11698,5975,5723
석바위시장,2024-07-14,5852,2863,2989
인천시청,2024-07-14,3507,1649,1858
석천사거리,2024-07-14,4969,2578,2391
모래내시장,2024-07-14,10107,4963,5144
만수,2024-07-14,6006,3133,2873
남동구청,2024-07-14,4409,2313,2096
인천대공원,2024-07-14,5320,2686,2634
운연(서창),2024-07-14,1370,705,665
검단오류(검단산업단지),2024-07-15,5625,2751,2874
왕길,2024-07-15,5218,2613,2605
검단사거리,2024-07-15,16357,8530,7827
마전,2024-07-15,8615,4147,4468
완정,2024-07-15,15906,8177,7729
독정,2024-07-15,9311,4701,4610
검암,2024-07-15,9149,4963,4186
검바위,2024-07-15,7316,3501,3815
아시아드경기장(공촌사거리),2024-07-15,9453,4998,4455
서구청,2024-07-15,17180,8585,8595
가정(루원시티),2024-07-15,23125,11867,11258
가정중앙시장,2024-07-15,12457,6069,6388
석남(거북시장),2024-07-15,5916,2878,3038
서부여성회관,2024-07-15,8224,4200,4024
인천가좌,2024-07-15,8742,4398,4344
가재울,2024-07-15,8402,4219,4183
주안국가산단,2024-07-15,6034,2953,3081
주안,2024-07-15,15181,6499,8682
시민공원(문화창작지대),2024-07-15,21020,10752,10268
석바위시장,2024-07-15,9666,4690,4976
인천시청,2024-07-15,6797,3311,3486
석천사거리,2024-07-15,9948,5234,4714
모래내시장,2024-07-15,15894,7749,8145
만수,2024-07-15,10351,5362,4989
남동구청,2024-07-15,9347,4832,4515
인천대공원,2024-07-15,5015,2544,2471
운연(서창),2024-07-15,2450,1294,1156
검단오류(검단산업단지),2024-07-16,5729,2799,2930
왕길,2024-07-16,5155,2537,2618
검단사거리,2024-07-16,15947,8390,7557
마전,2024-07-16,8590,4154,4436
완정,2024-07-16,15473,7986,7487
독정,2024-07-16,8947,4440,4507
검암,2024-07-16,8966,4817,4149
검바위,2024-07-16,6974,3357,3617
아시아드경기장(공촌사거리),2024-07-16,9256,4846,4410
서구청,2024-07-16,16746,8278,8468
가정(루원시티),2024-07-16,23105,11836,11269
가정중앙시장,2024-07-16,12230,5995,6235
석남(거북시장),2024-07-16,5725,2807,2918
서부여성회관,2024-07-16,7921,4024,3897
인천가좌,2024-07-16,8655,4367,4288
가재울,2024-07-16,8338,4240,4098
주안국가산단,2024-07-16,6029,2953,3076
주안,2024-07-16,14636,6323,8313
시민공원(문화창작지대),2024-07-16,20929,10683,10246
석바위시장,2024-07-16,9638,4677,4961
인천시청,2024-07-16,6762,3239,3523
석천사거리,2024-07-16,9884,5086,4798
모래내시장,2024-07-16,15316,7411,7905
만수,2024-07-16,10035,5232,4803
남동구청,2024-07-16,9387,4878,4509
인천대공원,2024-07-16,4896,2481,2415
운연(서창),2024-07-16,2477,1332,1145
검단오류(검단산업단지),2024-07-17,5983,3168,2815
왕길,2024-07-17,5193,2638,2555
검단사거리,2024-07-17,15042,7762,7280
마전,2024-07-17,8275,3964,4311
완정,2024-07-17,14842,7551,7291
독정,2024-07-17,8572,4216,4356
검암,2024-07-17,8863,4762,4101
검바위,2024-07-17,6806,3261,3545
아시아드경기장(공촌사거리),2024-07-17,8863,4611,4252
서구청,2024-07-17,15195,7525,7670
가정(루원시티),2024-07-17,21998,11230,10768
가정중앙시장,2024-07-17,11013,5358,5655
석남(거북시장),2024-07-17,5505,2697,2808
서부여성회관,2024-07-17,7283,3722,3561
인천가좌,2024-07-17,8154,4066,4088
가재울,2024-07-17,7990,4055,3935
주안국가산단,2024-07-17,5903,2853,3050
주안,2024-07-17,14452,6229,8223
시민공원(문화창작지대),2024-07-17,19832,10211,9621
석바위시장,2024-07-17,9231,4464,4767
인천시청,2024-07-17,6357,3076,3281
석천사거리,2024-07-17,9552,4979,4573
모래내시장,2024-07-17,14102,6867,7235
만수,2024-07-17,9763,5061,4702
남동구청,2024-07-17,8655,4454,4201
인천대공원,2024-07-17,3337,1674,1663
운연(서창),2024-07-17,2218,1198,1020
검단오류(검단산업단지),2024-07-18,6227,3025,3202
왕길,2024-07-18,5196,2577,2619
검단사거리,2024-07-18,15191,8000,7191
마전,2024-07-18,8315,4097,4218
완정,2024-07-18,15088,7804,7284
독정,2024-07-18,8831,4488,4343
검암,2024-07-18,8838,5137,3701
검바위,2024-07-18,6733,3260,3473
아시아드경기장(공촌사거리),2024-07-18,8489,4478,4011
서구청,2024-07-18,14896,7399,7497
가정(루원시티),2024-07-18,21953,11193,10760
가정중앙시장,2024-07-18,10714,5254,5460
석남(거북시장),2024-07-18,5324,2650,2674
서부여성회관,2024-07-18,7203,3677,3526
인천가좌,2024-07-18,8059,4062,3997
가재울,2024-07-18,7644,3874,3770
주안국가산단,2024-07-18,5757,2790,2967
주안,2024-07-18,13797,5975,7822
시민공원(문화창작지대),2024-07-18,18817,9715,9102
석바위시장,2024-07-18,8080,3949,4131
인천시청,2024-07-18,5892,2883,3009
석천사거리,2024-07-18,8826,4652,4174
모래내시장,2024-07-18,12774,6223,6551
만수,2024-07-18,8791,4613,4178
남동구청,2024-07-18,8001,4141,3860
인천대공원,2024-07-18,2577,1281,1296
운연(서창),2024-07-18,1978,1056,922
검단오류(검단산업단지),2024-07-19,5817,2874,2943
왕길,2024-07-19,5605,2835,2770
검단사거리,2024-07-19,18407,9596,8811
마전,2024-07-19,9300,4553,4747
완정,2024-07-19,16715,8708,8007
독정,2024-07-19,9673,4859,4814
검암,2024-07-19,9537,5225,4312
검바위,2024-07-19,7552,3664,3888
아시아드경기장(공촌사거리),2024-07-19,9636,5139,4497
서구청,2024-07-19,18092,8969,9123
가정(루원시티),2024-07-19,24997,12960,12037
가정중앙시장,2024-07-19,13835,6728,7107
석남(거북시장),2024-07-19,6377,3121,3256
서부여성회관,2024-07-19,8781,4445,4336
인천가좌,2024-07-19,9073,4577,4496
가재울,2024-07-19,8617,4398,4219
주안국가산단,2024-07-19,6013,2965,3048
주안,2024-07-19,16423,6998,9425
시민공원(문화창작지대),2024-07-19,21747,11208,10539
석바위시장,2024-07-19,10339,4989,5350
인천시청,2024-07-19,7285,3491,3794
석천사거리,2024-07-19,10162,5341,4821
모래내시장,2024-07-19,17494,8532,8962
만수,2024-07-19,11413,5906,5507
남동구청,2024-07-19,9908,5133,4775
인천대공원,2024-07-19,5414,2743,2671
운연(서창),2024-07-19,2681,1441,1240
검단오류(검단산업단지),2024-07-20,2012,1090,922
왕길,2024-07-20,3670,1832,1838
검단사거리,2024-07-20,12747,6611,6136
마전,2024-07-20,5920,2917,3003
완정,2024-07-20,9779,5147,4632
독정,2024-07-20,5837,2908,2929
검암,2024-07-20,5535,3001,2534
검바위,2024-07-20,3859,1850,2009
아시아드경기장(공촌사거리),2024-07-20,6029,3153,2876
서구청,2024-07-20,10180,4998,5182
가정(루원시티),2024-07-20,13970,7252,6718
가정중앙시장,2024-07-20,9682,4715,4967
석남(거북시장),2024-07-20,4213,2022,2191
서부여성회관,2024-07-20,5805,2998,2807
인천가좌,2024-07-20,4522,2297,2225
가재울,2024-07-20,4653,2392,2261
주안국가산단,2024-07-20,1546,740,806
주안,2024-07-20,11964,4857,7107
시민공원(문화창작지대),2024-07-20,14888,7580,7308
석바위시장,2024-07-20,7074,3439,3635
인천시청,2024-07-20,4311,2038,2273
석천사거리,2024-07-20,6295,3318,2977
모래내시장,2024-07-20,12665,6202,6463
만수,2024-07-20,7553,3950,3603
남동구청,2024-07-20,5822,3005,2817
인천대공원,2024-07-20,4891,2465,2426
운연(서창),2024-07-20,1802,934,868
검단오류(검단산업단지),2024-07-21,1494,735,759
왕길,2024-07-21,2015,1022,993
검단사거리,2024-07-21,10161,5137,5024
마전,2024-07-21,4094,1940,2154
완정,2024-07-21,7336,3665,3671
독정,2024-07-21,4606,2230,2376
검암,2024-07-21,4291,2310,1981
검바위,2024-07-21,3097,1470,1627
아시아드경기장(공촌사거리),2024-07-21,4849,2543,2306
서구청,2024-07-21,7590,3787,3803
가정(루원시티),2024-07-21,10137,5127,5010
가정중앙시장,2024-07-21,7216,3517,3699
석남(거북시장),2024-07-21,3269,1545,1724
서부여성회관,2024-07-21,4964,2541,2423
인천가좌,2024-07-21,3337,1692,1645
가재울,2024-07-21,3468,1784,1684
주안국가산단,2024-07-21,790,385,405
주안,2024-07-21,9139,3805,5334
시민공원(문화창작지대),2024-07-21,11215,5749,5466
석바위시장,2024-07-21,5534,2697,2837
인천시청,2024-07-21,3619,1724,1895
석천사거리,2024-07-21,4913,2548,2365
모래내시장,2024-07-21,9945,4917,5028
만수,2024-07-21,5740,2920,2820
남동구청,2024-07-21,4213,2189,2024
인천대공원,2024-07-21,4716,2378,2338
운연(서창),2024-07-21,1314,691,623
검단오류(검단산업단지),2024-07-22,5690,2794,2896
왕길,2024-07-22,4587,2271,2316
검단사거리,2024-07-22,15461,8124,7337
마전,2024-07-22,7820,3765,4055
완정,2024-07-22,14885,7698,7187
독정,2024-07-22,7808,3955,3853
검암,2024-07-22,8566,4723,3843
검바위,2024-07-22,6492,3125,3367
아시아드경기장(공촌사거리),2024-07-22,8827,4629,4198
서구청,2024-07-22,15735,7798,7937
가정(루원시티),2024-07-22,22001,11278,10723
가정중앙시장,2024-07-22,11138,5418,5720
석남(거북시장),2024-07-22,5655,2740,2915
서부여성회관,2024-07-22,7314,3784,3530
인천가좌,2024-07-22,8008,4011,3997
가재울,2024-07-22,7724,3939,3785
주안국가산단,2024-07-22,5756,2829,2927
주안,2024-07-22,14129,6103,8026
시민공원(문화창작지대),2024-07-22,19122,9866,9256
석바위시장,2024-07-22,8690,4234,4456
인천시청,2024-07-22,6081,2943,3138
석천사거리,2024-07-22,8955,4675,4280
모래내시장,2024-07-22,13742,6672,7070
만수,2024-07-22,8906,4612,4294
남동구청,2024-07-22,8183,4244,3939
인천대공원,2024-07-22,3093,1571,1522
운연(서창),2024-07-22,2155,1158,997
검단오류(검단산업단지),2024-07-23,5765,2842,2923
왕길,2024-07-23,4805,2392,2413
검단사거리,2024-07-23,15519,8087,7432
마전,2024-07-23,7901,3846,4055
완정,2024-07-23,14848,7659,7189
독정,2024-07-23,8277,4061,4216
검암,2024-07-23,8465,4645,3820
검바위,2024-07-23,5737,2753,2984
아시아드경기장(공촌사거리),2024-07-23,8524,4507,4017
서구청,2024-07-23,16253,7992,8261
가정(루원시티),2024-07-23,22084,11401,10683
가정중앙시장,2024-07-23,11966,5905,6061
석남(거북시장),2024-07-23,5796,2809,2987
서부여성회관,2024-07-23,7588,3870,3718
인천가좌,2024-07-23,8094,4043,4051
가재울,2024-07-23,7885,4061,3824
주안국가산단,2024-07-23,5919,2888,3031
주안,2024-07-23,14297,6234,8063
시민공원(문화창작지대),2024-07-23,19595,9967,9628
석바위시장,2024-07-23,9116,4459,4657
인천시청,2024-07-23,6575,3163,3412
석천사거리,2024-07-23,9202,4847,4355
모래내시장,2024-07-23,15027,7369,7658
만수,2024-07-23,9446,4938,4508
남동구청,2024-07-23,8602,4430,4172
인천대공원,2024-07-23,3775,1923,1852
운연(서창),2024-07-23,2316,1237,1079
검단오류(검단산업단지),2024-07-24,5982,2934,3048
왕길,2024-07-24,4855,2435,2420
검단사거리,2024-07-24,15928,8373,7555
마전,2024-07-24,8233,4029,4204
완정,2024-07-24,15101,7835,7266
독정,2024-07-24,8228,4099,4129
검암,2024-07-24,8814,4770,4044
검바위,2024-07-24,5519,2648,2871
아시아드경기장(공촌사거리),2024-07-24,9094,4749,4345
서구청,2024-07-24,16616,8154,8462
가정(루원시티),2024-07-24,22921,11794,11127
가정중앙시장,2024-07-24,12516,6117,6399
석남(거북시장),2024-07-24,5964,2914,3050
서부여성회관,2024-07-24,7837,3952,3885
인천가좌,2024-07-24,8342,4170,4172
가재울,2024-07-24,8199,4151,4048
주안국가산단,2024-07-24,6003,2917,3086
주안,2024-07-24,15319,6556,8763
시민공원(문화창작지대),2024-07-24,20844,10680,10164
석바위시장,2024-07-24,9968,4853,5115
인천시청,2024-07-24,6827,3290,3537
석천사거리,2024-07-24,9474,4977,4497
모래내시장,2024-07-24,15858,7737,8121
만수,2024-07-24,10168,5326,4842
남동구청,2024-07-24,8773,4567,4206
인천대공원,2024-07-24,4725,2402,2323
운연(서창),2024-07-24,2462,1332,1130
검단오류(검단산업단지),2024-07-25,5689,2785,2904
왕길,2024-07-25,5065,2550,2515
검단사거리,2024-07-25,16019,8379,7640
마전,2024-07-25,8206,4004,4202
완정,2024-07-25,15388,7935,7453
독정,2024-07-25,8521,4319,4202
검암,2024-07-25,8676,4712,3964
검바위,2024-07-25,5473,2606,2867
아시아드경기장(공촌사거리),2024-07-25,8720,4568,4152
서구청,2024-07-25,16896,8377,8519
가정(루원시티),2024-07-25,22579,11627,10952
가정중앙시장,2024-07-25,12564,6150,6414
석남(거북시장),2024-07-25,5905,2862,3043
서부여성회관,2024-07-25,8002,4088,3914
인천가좌,2024-07-25,8276,4121,4155
가재울,2024-07-25,8228,4174,4054
주안국가산단,2024-07-25,6019,2962,3057
주안,2024-07-25,14738,6380,8358
시민공원(문화창작지대),2024-07-25,21010,10728,10282
석바위시장,2024-07-25,9601,4719,4882
인천시청,2024-07-25,6797,3240,3557
석천사거리,2024-07-25,9369,4845,4524
모래내시장,2024-07-25,15517,7554,7963
만수,2024-07-25,9943,5174,4769
남동구청,2024-07-25,8700,4484,4216
인천대공원,2024-07-25,4753,2394,2359
운연(서창),2024-07-25,2411,1321,1090
검단오류(검단산업단지),2024-07-26,5617,2726,2891
왕길,2024-07-26,4905,2497,2408
검단사거리,2024-07-26,16396,8593,7803
마전,2024-07-26,7923,3937,3986
완정,2024-07-26,14888,7747,7141
독정,2024-07-26,8456,4263,4193
검암,2024-07-26,8399,4590,3809
검바위,2024-07-26,5402,2617,2785
아시아드경기장(공촌사거리),2024-07-26,8478,4506,3972
서구청,2024-07-26,16367,7991,8376
가정(루원시티),2024-07-26,22468,11601,10867
가정중앙시장,2024-07-26,12390,6095,6295
석남(거북시장),2024-07-26,5967,2917,3050
서부여성회관,2024-07-26,7970,4073,3897
인천가좌,2024-07-26,8095,4067,4028
가재울,2024-07-26,8024,4118,3906
주안국가산단,2024-07-26,5643,2699,2944
주안,2024-07-26,15020,6395,8625
시민공원(문화창작지대),2024-07-26,20505,10426,10079
석바위시장,2024-07-26,9607,4712,4895
인천시청,2024-07-26,6564,3123,3441
석천사거리,2024-07-26,9197,4859,4338
모래내시장,2024-07-26,15148,7400,7748
만수,2024-07-26,10028,5229,4799
남동구청,2024-07-26,8797,4570,4227
인천대공원,2024-07-26,4366,2211,2155
운연(서창),2024-07-26,2330,1245,1085
검단오류(검단산업단지),2024-07-27,2210,1206,1004
왕길,2024-07-27,3020,1550,1470
검단사거리,2024-07-27,12505,6414,6091
마전,2024-07-27,5575,2770,2805
완정,2024-07-27,9916,5198,4718
독정,2024-07-27,5802,2942,2860
검암,2024-07-27,5363,2975,2388
검바위,2024-07-27,3718,1786,1932
아시아드경기장(공촌사거리),2024-07-27,6161,3301,2860
서구청,2024-07-27,10226,5004,5222
가정(루원시티),2024-07-27,13766,7140,6626
가정중앙시장,2024-07-27,9158,4476,4682
석남(거북시장),2024-07-27,4212,2049,2163
서부여성회관,2024-07-27,5749,2942,2807
인천가좌,2024-07-27,4539,2323,2216
가재울,2024-07-27,4389,2266,2123
주안국가산단,2024-07-27,1358,662,696
주안,2024-07-27,11958,4786,7172
시민공원(문화창작지대),2024-07-27,14167,7282,6885
석바위시장,2024-07-27,6881,3411,3470
인천시청,2024-07-27,4131,1965,2166
석천사거리,2024-07-27,6217,3282,2935
모래내시장,2024-07-27,11912,5759,6153
만수,2024-07-27,7136,3704,3432
남동구청,2024-07-27,5741,2967,2774
인천대공원,2024-07-27,4698,2389,2309
운연(서창),2024-07-27,1532,817,715
검단오류(검단산업단지),2024-07-28,1666,819,847
왕길,2024-07-28,2054,1032,1022
검단사거리,2024-07-28,9736,4853,4883
마전,2024-07-28,4007,1924,2083
완정,2024-07-28,7044,3569,3475
독정,2024-07-28,4023,1962,2061
검암,2024-07-28,4254,2302,1952
검바위,2024-07-28,2914,1340,1574
아시아드경기장(공촌사거리),2024-07-28,5163,2737,2426
서구청,2024-07-28,7359,3715,3644
가정(루원시티),2024-07-28,10084,5043,5041
가정중앙시장,2024-07-28,7128,3502,3626
석남(거북시장),2024-07-28,3141,1488,1653
서부여성회관,2024-07-28,4684,2394,2290
인천가좌,2024-07-28,3416,1704,1712
가재울,2024-07-28,3309,1659,1650
주안국가산단,2024-07-28,699,342,357
주안,2024-07-28,8757,3624,5133
시민공원(문화창작지대),2024-07-28,11012,5651,5361
석바위시장,2024-07-28,5531,2701,2830
인천시청,2024-07-28,3452,1618,1834
석천사거리,2024-07-28,4509,2366,2143
모래내시장,2024-07-28,9954,4925,5029
만수,2024-07-28,5694,2924,2770
남동구청,2024-07-28,4005,2023,1982
인천대공원,2024-07-28,4567,2291,2276
운연(서창),2024-07-28,1255,662,593
검단오류(검단산업단지),2024-07-29,4769,2382,2387
왕길,2024-07-29,4465,2259,2206
검단사거리,2024-07-29,14885,7714,7171
마전,2024-07-29,7338,3585,3753
완정,2024-07-29,14141,7260,6881
독정,2024-07-29,7419,3685,3734
검암,2024-07-29,7780,4265,3515
검바위,2024-07-29,5775,2830,2945
아시아드경기장(공촌사거리),2024-07-29,8100,4291,3809
서구청,2024-07-29,15104,7432,7672
가정(루원시티),2024-07-29,20331,10431,9900
가정중앙시장,2024-07-29,11502,5649,5853
석남(거북시장),2024-07-29,5617,2669,2948
서부여성회관,2024-07-29,7100,3701,3399
인천가좌,2024-07-29,7593,3809,3784
가재울,2024-07-29,7200,3680,3520
주안국가산단,2024-07-29,4558,2234,2324
주안,2024-07-29,13595,5782,7813
시민공원(문화창작지대),2024-07-29,18579,9531,9048
석바위시장,2024-07-29,8887,4342,4545
인천시청,2024-07-29,6084,2966,3118
석천사거리,2024-07-29,8414,4445,3969
모래내시장,2024-07-29,14595,7041,7554
만수,2024-07-29,8900,4594,4306
남동구청,2024-07-29,7898,4142,3756
인천대공원,2024-07-29,4394,2233,2161
운연(서창),2024-07-29,2082,1071,1011
검단오류(검단산업단지),2024-07-30,4759,2345,2414
왕길,2024-07-30,4668,2370,2298
검단사거리,2024-07-30,15380,8026,7354
마전,2024-07-30,7707,3776,3931
완정,2024-07-30,14125,7268,6857
독정,2024-07-30,7729,3879,3850
검암,2024-07-30,8133,4378,3755
검바위,2024-07-30,5908,2851,3057
아시아드경기장(공촌사거리),2024-07-30,8050,4250,3800
서구청,2024-07-30,16171,8082,8089
가정(루원시티),2024-07-30,21082,10814,10268
가정중앙시장,2024-07-30,11685,5716,5969
석남(거북시장),2024-07-30,5551,2674,2877
서부여성회관,2024-07-30,7163,3712,3451
인천가좌,2024-07-30,7669,3825,3844
가재울,2024-07-30,7493,3848,3645
주안국가산단,2024-07-30,4392,2140,2252
주안,2024-07-30,13753,5840,7913
시민공원(문화창작지대),2024-07-30,19476,9953,9523
석바위시장,2024-07-30,9106,4421,4685
인천시청,2024-07-30,6423,3085,3338
석천사거리,2024-07-30,8795,4587,4208
모래내시장,2024-07-30,14404,7042,7362
만수,2024-07-30,9299,4772,4527
남동구청,2024-07-30,8163,4310,3853
인천대공원,2024-07-30,4830,2448,2382
운연(서창),2024-07-30,2170,1163,1007
검단오류(검단산업단지),2024-07-31,4019,2029,1990
왕길,2024-07-31,4416,2218,2198
검단사거리,2024-07-31,15164,7944,7220
마전,2024-07-31,7477,3694,3783
완정,2024-07-31,14152,7302,6850
독정,2024-07-31,8052,4031,4021
검암,2024-07-31,7980,4362,3618
검바위,2024-07-31,5777,2822,2955
아시아드경기장(공촌사거리),2024-07-31,8261,4331,3930
서구청,2024-07-31,15275,7546,7729
가정(루원시티),2024-07-31,20508,10583,9925
가정중앙시장,2024-07-31,11681,5705,5976
석남(거북시장),2024-07-31,5504,2656,2848
서부여성회관,2024-07-31,7554,3825,3729
인천가좌,2024-07-31,6912,3477,3435
가재울,2024-07-31,7061,3660,3401
주안국가산단,2024-07-31,3726,1819,1907
주안,2024-07-31,13750,5857,7893
시민공원(문화창작지대),2024-07-31,19338,9864,9474
석바위시장,2024-07-31,8982,4373,4609
인천시청,2024-07-31,6094,2884,3210
석천사거리,2024-07-31,8594,4561,4033
모래내시장,2024-07-31,14351,7066,7285
만수,2024-07-31,8904,4542,4362
남동구청,2024-07-31,7721,4014,3707
인천대공원,2024-07-31,4646,2357,2289
운연(서창),2024-07-31,2032,1102,930
검단오류(검단산업단지),2024-08-01,3965,2012,1953
왕길,2024-08-01,4333,2209,2124
검단사거리,2024-08-01,15175,7944,7231
마전,2024-08-01,7335,3610,3725
완정,2024-08-01,13294,6883,6411
독정,2024-08-01,7662,3813,3849
검암,2024-08-01,7757,4258,3499
검바위,2024-08-01,5780,2846,2934
아시아드경기장(공촌사거리),2024-08-01,7928,4158,3770
서구청,2024-08-01,14969,7428,7541
가정(루원시티),2024-08-01,19939,10267,9672
가정중앙시장,2024-08-01,11270,5542,5728
석남(거북시장),2024-08-01,5254,2540,2714
서부여성회관,2024-08-01,7336,3679,3657
인천가좌,2024-08-01,6789,3454,3335
가재울,2024-08-01,6716,3455,3261
주안국가산단,2024-08-01,3299,1648,1651
주안,2024-08-01,13116,5637,7479
시민공원(문화창작지대),2024-08-01,18498,9471,9027
석바위시장,2024-08-01,8416,4106,4310
인천시청,2024-08-01,6200,2787,3413
석천사거리,2024-08-01,8210,4303,3907
모래내시장,2024-08-01,13342,6550,6792
만수,2024-08-01,8253,4311,3942
남동구청,2024-08-01,7403,3841,3562
인천대공원,2024-08-01,4461,2212,2249
운연(서창),2024-08-01,1883,1014,869
검단오류(검단산업단지),2024-08-02,3693,1843,1850
왕길,2024-08-02,4122,2083,2039
검단사거리,2024-08-02,15730,8235,7495
마전,2024-08-02,7177,3512,3665
완정,2024-08-02,13181,6803,6378
독정,2024-08-02,7355,3709,3646
검암,2024-08-02,7480,4074,3406
검바위,2024-08-02,5738,2818,2920
아시아드경기장(공촌사거리),2024-08-02,7726,4117,3609
서구청,2024-08-02,14795,7260,7535
가정(루원시티),2024-08-02,19588,10080,9508
가정중앙시장,2024-08-02,11261,5520,5741
석남(거북시장),2024-08-02,5359,2549,2810
서부여성회관,2024-08-02,7577,3812,3765
인천가좌,2024-08-02,6693,3423,3270
가재울,2024-08-02,6671,3452,3219
주안국가산단,2024-08-02,3177,1524,1653
주안,2024-08-02,13537,5634,7903
시민공원(문화창작지대),2024-08-02,18378,9384,8994
석바위시장,2024-08-02,8773,4281,4492
인천시청,2024-08-02,5784,2735,3049
석천사거리,2024-08-02,8028,4255,3773
모래내시장,2024-08-02,13756,6793,6963
만수,2024-08-02,8412,4381,4031
남동구청,2024-08-02,7285,3801,3484
인천대공원,2024-08-02,4126,2085,2041
운연(서창),2024-08-02,1896,1015,881
검단오류(검단산업단지),2024-08-03,1833,981,852
왕길,2024-08-03,2597,1305,1292
검단사거리,2024-08-03,11744,6007,5737
마전,2024-08-03,5105,2536,2569
완정,2024-08-03,8954,4622,4332
독정,2024-08-03,5266,2630,2636
검암,2024-08-03,4998,2718,2280
검바위,2024-08-03,3248,1573,1675
아시아드경기장(공촌사거리),2024-08-03,5539,2925,2614
서구청,2024-08-03,9353,4550,4803
가정(루원시티),2024-08-03,12267,6274,5993
가정중앙시장,2024-08-03,8267,3997,4270
석남(거북시장),2024-08-03,4052,1916,2136
서부여성회관,2024-08-03,5281,2674,2607
인천가좌,2024-08-03,3991,2028,1963
가재울,2024-08-03,3795,1950,1845
주안국가산단,2024-08-03,1086,535,551
주안,2024-08-03,10875,4403,6472
시민공원(문화창작지대),2024-08-03,13649,7025,6624
석바위시장,2024-08-03,6507,3154,3353
인천시청,2024-08-03,3857,1843,2014
석천사거리,2024-08-03,5465,2889,2576
모래내시장,2024-08-03,10842,5292,5550
만수,2024-08-03,6580,3358,3222
남동구청,2024-08-03,4834,2481,2353
인천대공원,2024-08-03,4439,2247,2192
운연(서창),2024-08-03,1377,701,676
검단오류(검단산업단지),2024-08-04,1612,719,893
왕길,2024-08-04,1818,912,906
검단사거리,2024-08-04,9260,4587,4673
마전,2024-08-04,3933,1866,2067
완정,2024-08-04,6562,3334,3228
독정,2024-08-04,4115,1994,2121
검암,2024-08-04,3971,2099,1872
검바위,2024-08-04,2611,1205,1406
아시아드경기장(공촌사거리),2024-08-04,4590,2402,2188
서구청,2024-08-04,6868,3461,3407
가정(루원시티),2024-08-04,9187,4661,4526
가정중앙시장,2024-08-04,6300,3066,3234
석남(거북시장),2024-08-04,2981,1400,1581
서부여성회관,2024-08-04,4355,2243,2112
인천가좌,2024-08-04,3081,1530,1551
가재울,2024-08-04,3077,1571,1506
주안국가산단,2024-08-04,662,331,331
주안,2024-08-04,8404,3409,4995
시민공원(문화창작지대),2024-08-04,10688,5510,5178
석바위시장,2024-08-04,5311,2676,2635
인천시청,2024-08-04,3107,1472,1635
석천사거리,2024-08-04,4401,2262,2139
모래내시장,2024-08-04,8684,4246,4438
만수,2024-08-04,5339,2757,2582
남동구청,2024-08-04,3690,1921,1769
인천대공원,2024-08-04,3794,1886,1908
운연(서창),2024-08-04,1172,603,569
검단오류(검단산업단지),2024-08-05,4907,2413,2494
왕길,2024-08-05,4590,2305,2285
검단사거리,2024-08-05,14938,7787,7151
마전,2024-08-05,7485,3614,3871
완정,2024-08-05,13940,7083,6857
독정,2024-08-05,7462,3718,3744
검암,2024-08-05,8265,4455,3810
검바위,2024-08-05,5807,2821,2986
아시아드경기장(공촌사거리),2024-08-05,8028,4204,3824
서구청,2024-08-05,14850,7374,7476
가정(루원시티),2024-08-05,20572,10464,10108
가정중앙시장,2024-08-05,11103,5427,5676
석남(거북시장),2024-08-05,5553,2683,2870
서부여성회관,2024-08-05,7058,3606,3452
인천가좌,2024-08-05,7651,3848,3803
가재울,2024-08-05,7201,3705,3496
주안국가산단,2024-08-05,4867,2406,2461
주안,2024-08-05,14094,6064,8030
시민공원(문화창작지대),2024-08-05,19060,9760,9300
석바위시장,2024-08-05,9028,4390,4638
인천시청,2024-08-05,5714,2783,2931
석천사거리,2024-08-05,8510,4431,4079
모래내시장,2024-08-05,13822,6725,7097
만수,2024-08-05,8831,4561,4270
남동구청,2024-08-05,7719,3983,3736
인천대공원,2024-08-05,3877,1976,1901
운연(서창),2024-08-05,2142,1145,997
검단오류(검단산업단지),2024-08-06,5227,2579,2648
왕길,2024-08-06,4730,2334,2396
검단사거리,2024-08-06,15093,7835,7258
마전,2024-08-06,7607,3692,3915
완정,2024-08-06,14220,7269,6951
독정,2024-08-06,7666,3812,3854
검암,2024-08-06,8358,4461,3897
검바위,2024-08-06,5954,2902,3052
아시아드경기장(공촌사거리),2024-08-06,8207,4320,3887
서구청,2024-08-06,15151,7497,7654
가정(루원시티),2024-08-06,21448,11002,10446
가정중앙시장,2024-08-06,11430,5586,5844
석남(거북시장),2024-08-06,5618,2742,2876
서부여성회관,2024-08-06,7125,3608,3517
인천가좌,2024-08-06,7916,3978,3938
가재울,2024-08-06,7174,3654,3520
주안국가산단,2024-08-06,5280,2600,2680
주안,2024-08-06,13688,5833,7855
시민공원(문화창작지대),2024-08-06,19469,10030,9439
석바위시장,2024-08-06,9423,4627,4796
인천시청,2024-08-06,6055,2930,3125
석천사거리,2024-08-06,8712,4530,4182
모래내시장,2024-08-06,14076,6848,7228
만수,2024-08-06,9130,4698,4432
남동구청,2024-08-06,7870,4060,3810
인천대공원,2024-08-06,4297,2174,2123
운연(서창),2024-08-06,2290,1212,1078
검단오류(검단산업단지),2024-08-07,5326,2639,2687
왕길,2024-08-07,4796,2379,2417
검단사거리,2024-08-07,14996,7841,7155
마전,2024-08-07,7640,3684,3956
완정,2024-08-07,13989,7168,6821
독정,2024-08-07,7614,3735,3879
검암,2024-08-07,8339,4519,3820
검바위,2024-08-07,5966,2928,3038
아시아드경기장(공촌사거리),2024-08-07,8496,4471,4025
서구청,2024-08-07,14988,7408,7580
가정(루원시티),2024-08-07,21252,10894,10358
가정중앙시장,2024-08-07,11568,5637,5931
석남(거북시장),2024-08-07,5757,2813,2944
서부여성회관,2024-08-07,7603,3813,3790
인천가좌,2024-08-07,7765,3913,3852
가재울,2024-08-07,7229,3699,3530
주안국가산단,2024-08-07,5284,2619,2665
주안,2024-08-07,14070,5942,8128
시민공원(문화창작지대),2024-08-07,19724,10127,9597
석바위시장,2024-08-07,9450,4615,4835
인천시청,2024-08-07,6125,3005,3120
석천사거리,2024-08-07,8920,4638,4282
모래내시장,2024-08-07,14351,7017,7334
만수,2024-08-07,9242,4766,4476
남동구청,2024-08-07,8088,4168,3920
인천대공원,2024-08-07,4171,2066,2105
운연(서창),2024-08-07,2332,1239,1093
검단오류(검단산업단지),2024-08-08,5608,2767,2841
왕길,2024-08-08,4868,2442,2426
검단사거리,2024-08-08,15520,8070,7450
마전,2024-08-08,7699,3770,3929
완정,2024-08-08,14115,7251,6864
독정,2024-08-08,7814,3907,3907
검암,2024-08-08,8263,4499,3764
검바위,2024-08-08,6055,2938,3117
아시아드경기장(공촌사거리),2024-08-08,8478,4441,4037
서구청,2024-08-08,15317,7531,7786
가정(루원시티),2024-08-08,21866,11195,10671
가정중앙시장,2024-08-08,11685,5716,5969
석남(거북시장),2024-08-08,5672,2738,2934
서부여성회관,2024-08-08,7718,3905,3813
인천가좌,2024-08-08,8003,4011,3992
가재울,2024-08-08,7263,3722,3541
주안국가산단,2024-08-08,5656,2786,2870
주안,2024-08-08,14361,6210,8151
시민공원(문화창작지대),2024-08-08,19665,9995,9670
석바위시장,2024-08-08,9013,4434,4579
인천시청,2024-08-08,6260,3079,3181
석천사거리,2024-08-08,8645,4516,4129
모래내시장,2024-08-08,14683,7195,7488
만수,2024-08-08,9092,4656,4436
남동구청,2024-08-08,7923,4140,3783
인천대공원,2024-08-08,4175,2091,2084
운연(서창),2024-08-08,2243,1196,1047
검단오류(검단산업단지),2024-08-09,5636,2792,2844
왕길,2024-08-09,4908,2451,2457
검단사거리,2024-08-09,15818,8242,7576
마전,2024-08-09,7680,3787,3893
완정,2024-08-09,14681,7485,7196
독정,2024-08-09,7923,3984,3939
검암,2024-08-09,8603,4662,3941
검바위,2024-08-09,6164,3000,3164
아시아드경기장(공촌사거리),2024-08-09,8543,4552,3991
서구청,2024-08-09,16203,7910,8293
가정(루원시티),2024-08-09,22330,11516,10814
가정중앙시장,2024-08-09,11977,5866,6111
석남(거북시장),2024-08-09,5655,2781,2874
서부여성회관,2024-08-09,7958,4072,3886
인천가좌,2024-08-09,8154,4142,4012
가재울,2024-08-09,7355,3789,3566
주안국가산단,2024-08-09,5461,2662,2799
주안,2024-08-09,14942,6391,8551
시민공원(문화창작지대),2024-08-09,20292,10438,9854
석바위시장,2024-08-09,9566,4666,4900
인천시청,2024-08-09,6453,3128,3325
석천사거리,2024-08-09,8899,4719,4180
모래내시장,2024-08-09,14729,7102,7627
만수,2024-08-09,9496,4912,4584
남동구청,2024-08-09,8084,4196,3888
인천대공원,2024-08-09,4218,2135,2083
운연(서창),2024-08-09,2328,1274,1054
검단오류(검단산업단지),2024-08-10,2097,1127,970
왕길,2024-08-10,2910,1508,1402
검단사거리,2024-08-10,12423,6401,6022
마전,2024-08-10,5532,2771,2761
완정,2024-08-10,9966,5209,4757
독정,2024-08-10,5839,2937,2902
검암,2024-08-10,5433,2990,2443
검바위,2024-08-10,3527,1666,1861
아시아드경기장(공촌사거리),2024-08-10,5901,3079,2822
서구청,2024-08-10,10169,5022,5147
가정(루원시티),2024-08-10,13781,7082,6699
가정중앙시장,2024-08-10,8861,4376,4485
석남(거북시장),2024-08-10,4131,2007,2124
서부여성회관,2024-08-10,5480,2828,2652
인천가좌,2024-08-10,4441,2292,2149
가재울,2024-08-10,4280,2189,2091
주안국가산단,2024-08-10,1575,772,803
주안,2024-08-10,11905,4782,7123
시민공원(문화창작지대),2024-08-10,14435,7383,7052
석바위시장,2024-08-10,6875,3431,3444
인천시청,2024-08-10,4261,2066,2195
석천사거리,2024-08-10,5875,3098,2777
모래내시장,2024-08-10,12345,5971,6374
만수,2024-08-10,7001,3634,3367
남동구청,2024-08-10,5207,2690,2517
인천대공원,2024-08-10,4445,2247,2198
운연(서창),2024-08-10,1692,868,824
검단오류(검단산업단지),2024-08-11,1551,743,808
왕길,2024-08-11,2051,1033,1018
검단사거리,2024-08-11,9143,4568,4575
마전,2024-08-11,3984,1903,2081
완정,2024-08-11,6878,3384,3494
독정,2024-08-11,3711,1842,1869
검암,2024-08-11,4133,2206,1927
검바위,2024-08-11,2815,1323,1492
아시아드경기장(공촌사거리),2024-08-11,4490,2383,2107
서구청,2024-08-11,7283,3610,3673
가정(루원시티),2024-08-11,9748,4949,4799
가정중앙시장,2024-08-11,6550,3208,3342
석남(거북시장),2024-08-11,3061,1463,1598
서부여성회관,2024-08-11,4507,2309,2198
인천가좌,2024-08-11,3142,1597,1545
가재울,2024-08-11,3206,1632,1574
주안국가산단,2024-08-11,630,315,315
주안,2024-08-11,8584,3493,5091
시민공원(문화창작지대),2024-08-11,10688,5545,5143
석바위시장,2024-08-11,5047,2499,2548
인천시청,2024-08-11,3290,1552,1738
석천사거리,2024-08-11,4481,2302,2179
모래내시장,2024-08-11,9329,4516,4813
만수,2024-08-11,5127,2629,2498
남동구청,2024-08-11,3643,1872,1771
인천대공원,2024-08-11,3997,2034,1963
운연(서창),2024-08-11,1162,613,549
검단오류(검단산업단지),2024-08-12,5600,2747,2853
왕길,2024-08-12,4911,2467,2444
검단사거리,2024-08-12,15583,8142,7441
마전,2024-08-12,8035,3874,4161
완정,2024-08-12,14322,7367,6955
독정,2024-08-12,8292,4162,4130
검암,2024-08-12,8503,4601,3902
검바위,2024-08-12,5964,2901,3063
아시아드경기장(공촌사거리),2024-08-12,8157,4310,3847
서구청,2024-08-12,15937,7885,8052
가정(루원시티),2024-08-12,21755,11149,10606
가정중앙시장,2024-08-12,11511,5625,5886
석남(거북시장),2024-08-12,5619,2708,2911
서부여성회관,2024-08-12,7348,3784,3564
인천가좌,2024-08-12,8193,4125,4068
가재울,2024-08-12,7741,3936,3805
주안국가산단,2024-08-12,5658,2769,2889
주안,2024-08-12,14197,6042,8155
시민공원(문화창작지대),2024-08-12,19770,10162,9608
석바위시장,2024-08-12,9220,4486,4734
인천시청,2024-08-12,6164,2994,3170
석천사거리,2024-08-12,9220,4814,4406
모래내시장,2024-08-12,14643,7101,7542
만수,2024-08-12,9424,4922,4502
남동구청,2024-08-12,8432,4341,4091
인천대공원,2024-08-12,4106,2062,2044
운연(서창),2024-08-12,2159,1151,1008
검단오류(검단산업단지),2024-08-13,5793,2862,2931
왕길,2024-08-13,5009,2473,2536
검단사거리,2024-08-13,15462,8089,7373
마전,2024-08-13,8128,3973,4155
완정,2024-08-13,14426,7378,7048
독정,2024-08-13,8335,4177,4158
검암,2024-08-13,8682,4702,3980
검바위,2024-08-13,6499,3135,3364
아시아드경기장(공촌사거리),2024-08-13,8286,4443,3843
서구청,2024-08-13,16004,7904,8100
가정(루원시티),2024-08-13,22111,11309,10802
가정중앙시장,2024-08-13,11642,5666,5976
석남(거북시장),2024-08-13,5466,2705,2761
서부여성회관,2024-08-13,7465,3820,3645
인천가좌,2024-08-13,8316,4179,4137
가재울,2024-08-13,7791,3930,3861
주안국가산단,2024-08-13,5724,2813,2911
주안,2024-08-13,14232,6068,8164
시민공원(문화창작지대),2024-08-13,19888,10136,9752
석바위시장,2024-08-13,9389,4567,4822
인천시청,2024-08-13,6440,3121,3319
석천사거리,2024-08-13,9370,4907,4463
모래내시장,2024-08-13,14616,7054,7562
만수,2024-08-13,9441,4942,4499
남동구청,2024-08-13,8297,4285,4012
인천대공원,2024-08-13,4087,2065,2022
운연(서창),2024-08-13,2317,1233,1084
검단오류(검단산업단지),2024-08-14,5570,2713,2857
왕길,2024-08-14,4785,2394,2391
검단사거리,2024-08-14,15592,8183,7409
마전,2024-08-14,8204,4046,4158
완정,2024-08-14,14661,7562,7099
독정,2024-08-14,8556,4304,4252
검암,2024-08-14,8912,4855,4057
검바위,2024-08-14,6585,3235,3350
아시아드경기장(공촌사거리),2024-08-14,8423,4459,3964
서구청,2024-08-14,16104,7903,8201
가정(루원시티),2024-08-14,22548,11669,10879
가정중앙시장,2024-08-14,12104,5911,6193
석남(거북시장),2024-08-14,5757,2823,2934
서부여성회관,2024-08-14,8061,4061,4000
인천가좌,2024-08-14,8169,4153,4016
가재울,2024-08-14,7928,4015,3913
주안국가산단,2024-08-14,5681,2773,2908
주안,2024-08-14,14810,6335,8475
시민공원(문화창작지대),2024-08-14,20258,10410,9848
석바위시장,2024-08-14,9331,4586,4745
인천시청,2024-08-14,6420,3166,3254
석천사거리,2024-08-14,9524,4975,4549
모래내시장,2024-08-14,14971,7232,7739
만수,2024-08-14,9577,5000,4577
남동구청,2024-08-14,8578,4477,4101
인천대공원,2024-08-14,3988,2025,1963
운연(서창),2024-08-14,2263,1192,1071
검단오류(검단산업단지),2024-08-15,2090,1079,1011
왕길,2024-08-15,2545,1290,1255
검단사거리,2024-08-15,9750,4920,4830
마전,2024-08-15,4406,2142,2264
완정,2024-08-15,7627,3939,3688
독정,2024-08-15,4773,2371,2402
검암,2024-08-15,4379,2394,1985
검바위,2024-08-15,2874,1379,1495
아시아드경기장(공촌사거리),2024-08-15,4933,2649,2284
서구청,2024-08-15,7946,3891,4055
가정(루원시티),2024-08-15,10650,5462,5188
가정중앙시장,2024-08-15,7525,3702,3823
석남(거북시장),2024-08-15,3355,1644,1711
서부여성회관,2024-08-15,4792,2376,2416
인천가좌,2024-08-15,3801,1901,1900
가재울,2024-08-15,3712,1869,1843
주안국가산단,2024-08-15,1681,792,889
주안,2024-08-15,9340,3843,5497
시민공원(문화창작지대),2024-08-15,11371,5875,5496
석바위시장,2024-08-15,5363,2623,2740
인천시청,2024-08-15,3313,1573,1740
석천사거리,2024-08-15,4574,2397,2177
모래내시장,2024-08-15,9728,4713,5015
만수,2024-08-15,5658,2945,2713
남동구청,2024-08-15,4146,2150,1996
인천대공원,2024-08-15,4091,2080,2011
운연(서창),2024-08-15,1298,661,637
검단오류(검단산업단지),2024-08-16,4517,2231,2286
왕길,2024-08-16,4554,2327,2227
검단사거리,2024-08-16,15469,7972,7497
마전,2024-08-16,7600,3689,3911
완정,2024-08-16,13610,7052,6558
독정,2024-08-16,8178,4119,4059
검암,2024-08-16,7855,4226,3629
검바위,2024-08-16,5182,2470,2712
아시아드경기장(공촌사거리),2024-08-16,7895,4195,3700
서구청,2024-08-16,14833,7286,7547
가정(루원시티),2024-08-16,20703,10705,9998
가정중앙시장,2024-08-16,11666,5716,5950
석남(거북시장),2024-08-16,5554,2745,2809
서부여성회관,2024-08-16,7727,3937,3790
인천가좌,2024-08-16,7484,3807,3677
가재울,2024-08-16,7311,3739,3572
주안국가산단,2024-08-16,4849,2368,2481
주안,2024-08-16,14079,5911,8168
시민공원(문화창작지대),2024-08-16,19120,9854,9266
석바위시장,2024-08-16,8797,4282,4515
인천시청,2024-08-16,6081,2949,3132
석천사거리,2024-08-16,8733,4605,4128
모래내시장,2024-08-16,14336,6946,7390
만수,2024-08-16,9287,4831,4456
남동구청,2024-08-16,8199,4205,3994
인천대공원,2024-08-16,3979,2037,1942
운연(서창),2024-08-16,2100,1087,1013
검단오류(검단산업단지),2024-08-17,2051,1080,971
왕길,2024-08-17,2803,1464,1339
검단사거리,2024-08-17,12425,6417,6008
마전,2024-08-17,5381,2674,2707
완정,2024-08-17,9803,5113,4690
독정,2024-08-17,5646,2783,2863
검암,2024-08-17,5561,2970,2591
검바위,2024-08-17,3243,1551,1692
아시아드경기장(공촌사거리),2024-08-17,12382,7098,5284
서구청,2024-08-17,15495,6109,9386
가정(루원시티),2024-08-17,13606,6908,6698
가정중앙시장,2024-08-17,9101,4450,4651
석남(거북시장),2024-08-17,4155,2031,2124
서부여성회관,2024-08-17,5534,2875,2659
인천가좌,2024-08-17,4546,2298,2248
가재울,2024-08-17,4394,2207,2187
주안국가산단,2024-08-17,1371,666,705
주안,2024-08-17,11943,4812,7131
시민공원(문화창작지대),2024-08-17,13764,7011,6753
석바위시장,2024-08-17,6539,3139,3400
인천시청,2024-08-17,4236,2026,2210
석천사거리,2024-08-17,5995,3175,2820
모래내시장,2024-08-17,11558,5638,5920
만수,2024-08-17,6896,3571,3325
남동구청,2024-08-17,5161,2670,2491
인천대공원,2024-08-17,4571,2311,2260
운연(서창),2024-08-17,1713,904,809
검단오류(검단산업단지),2024-08-18,1548,759,789
왕길,2024-08-18,1949,1000,949
검단사거리,2024-08-18,9581,4754,4827
마전,2024-08-18,4091,1928,2163
완정,2024-08-18,7064,3569,3495
독정,2024-08-18,4227,2048,2179
검암,2024-08-18,4253,2233,2020
검바위,2024-08-18,2808,1302,1506
아시아드경기장(공촌사거리),2024-08-18,9799,5640,4159
서구청,2024-08-18,12645,5057,7588
가정(루원시티),2024-08-18,9703,4844,4859
가정중앙시장,2024-08-18,6638,3258,3380
석남(거북시장),2024-08-18,2982,1421,1561
서부여성회관,2024-08-18,4629,2354,2275
인천가좌,2024-08-18,3266,1636,1630
가재울,2024-08-18,3333,1682,1651
주안국가산단,2024-08-18,827,395,432
주안,2024-08-18,9218,3724,5494
시민공원(문화창작지대),2024-08-18,10701,5585,5116
석바위시장,2024-08-18,5172,2539,2633
인천시청,2024-08-18,3476,1617,1859
석천사거리,2024-08-18,4536,2369,2167
모래내시장,2024-08-18,8914,4354,4560
만수,2024-08-18,5371,2772,2599
남동구청,2024-08-18,4012,2057,1955
인천대공원,2024-08-18,4168,2101,2067
운연(서창),2024-08-18,1261,672,589
검단오류(검단산업단지),2024-08-19,5496,2689,2807
왕길,2024-08-19,5097,2584,2513
검단사거리,2024-08-19,16011,8326,7685
마전,2024-08-19,8287,4037,4250
완정,2024-08-19,14818,7585,7233
독정,2024-08-19,8690,4380,4310
검암,2024-08-19,8497,4577,3920
검바위,2024-08-19,6885,3317,3568
아시아드경기장(공촌사거리),2024-08-19,8859,4664,4195
서구청,2024-08-19,16296,8276,8020
가정(루원시티),2024-08-19,22161,11297,10864
가정중앙시장,2024-08-19,11480,5583,5897
석남(거북시장),2024-08-19,5663,2796,2867
서부여성회관,2024-08-19,7525,3865,3660
인천가좌,2024-08-19,8352,4203,4149
가재울,2024-08-19,7945,4006,3939
주안국가산단,2024-08-19,6006,2943,3063
주안,2024-08-19,14268,6157,8111
시민공원(문화창작지대),2024-08-19,19665,10096,9569
석바위시장,2024-08-19,9467,4665,4802
인천시청,2024-08-19,6230,3016,3214
석천사거리,2024-08-19,9241,4828,4413
모래내시장,2024-08-19,14700,7200,7500
만수,2024-08-19,9517,4982,4535
남동구청,2024-08-19,8635,4416,4219
인천대공원,2024-08-19,4136,2078,2058
운연(서창),2024-08-19,2270,1208,1062
검단오류(검단산업단지),2024-08-20,5640,2793,2847
왕길,2024-08-20,5148,2581,2567
검단사거리,2024-08-20,16180,8405,7775
마전,2024-08-20,8455,4114,4341
완정,2024-08-20,14864,7674,7190
독정,2024-08-20,8838,4413,4425
검암,2024-08-20,8555,4598,3957
검바위,2024-08-20,7003,3390,3613
아시아드경기장(공촌사거리),2024-08-20,8973,4752,4221
서구청,2024-08-20,16352,8055,8297
가정(루원시티),2024-08-20,22289,11412,10877
가정중앙시장,2024-08-20,11735,5720,6015
석남(거북시장),2024-08-20,5778,2796,2982
서부여성회관,2024-08-20,7696,3980,3716
인천가좌,2024-08-20,8373,4231,4142
가재울,2024-08-20,8055,4101,3954
주안국가산단,2024-08-20,6113,2979,3134
주안,2024-08-20,14311,6161,8150
시민공원(문화창작지대),2024-08-20,19788,10183,9605
석바위시장,2024-08-20,9794,4794,5000
인천시청,2024-08-20,6558,3192,3366
석천사거리,2024-08-20,9513,4947,4566
모래내시장,2024-08-20,15020,7277,7743
만수,2024-08-20,9900,5142,4758
남동구청,2024-08-20,8846,4589,4257
인천대공원,2024-08-20,4113,2071,2042
운연(서창),2024-08-20,2236,1201,1035
검단오류(검단산업단지),2024-08-21,5507,2720,2787
왕길,2024-08-21,4918,2425,2493
검단사거리,2024-08-21,14956,7827,7129
마전,2024-08-21,8101,3944,4157
완정,2024-08-21,14246,7328,6918
독정,2024-08-21,8296,4135,4161
검암,2024-08-21,8603,4844,3759
검바위,2024-08-21,6718,3265,3453
아시아드경기장(공촌사거리),2024-08-21,8596,4591,4005
서구청,2024-08-21,15339,7571,7768
가정(루원시티),2024-08-21,21782,11031,10751
가정중앙시장,2024-08-21,11316,5508,5808
석남(거북시장),2024-08-21,5638,2771,2867
서부여성회관,2024-08-21,7632,3856,3776
인천가좌,2024-08-21,8101,4060,4041
가재울,2024-08-21,7599,3863,3736
주안국가산단,2024-08-21,5960,2921,3039
주안,2024-08-21,13665,5960,7705
시민공원(문화창작지대),2024-08-21,19034,9823,9211
석바위시장,2024-08-21,9071,4404,4667
인천시청,2024-08-21,6293,3055,3238
석천사거리,2024-08-21,9174,4790,4384
모래내시장,2024-08-21,14094,6825,7269
만수,2024-08-21,9335,4847,4488
남동구청,2024-08-21,8413,4374,4039
인천대공원,2024-08-21,3018,1520,1498
운연(서창),2024-08-21,2141,1102,1039
검단오류(검단산업단지),2024-08-22,5536,2720,2816
왕길,2024-08-22,5192,2591,2601
검단사거리,2024-08-22,15535,8037,7498
마전,2024-08-22,8352,4083,4269
완정,2024-08-22,14714,7487,7227
독정,2024-08-22,8719,4414,4305
검암,2024-08-22,8497,4672,3825
검바위,2024-08-22,7002,3387,3615
아시아드경기장(공촌사거리),2024-08-22,8913,4774,4139
서구청,2024-08-22,16486,8128,8358
가정(루원시티),2024-08-22,22547,11619,10928
가정중앙시장,2024-08-22,11625,5650,5975
석남(거북시장),2024-08-22,5739,2814,2925
서부여성회관,2024-08-22,7827,3983,3844
인천가좌,2024-08-22,8435,4241,4194
가재울,2024-08-22,8034,4091,3943
주안국가산단,2024-08-22,6022,2941,3081
주안,2024-08-22,14471,6181,8290
시민공원(문화창작지대),2024-08-22,19774,10138,9636
석바위시장,2024-08-22,9219,4508,4711
인천시청,2024-08-22,6488,3154,3334
석천사거리,2024-08-22,9391,4915,4476
모래내시장,2024-08-22,14855,7228,7627
만수,2024-08-22,9750,5095,4655
남동구청,2024-08-22,8709,4539,4170
인천대공원,2024-08-22,4081,2060,2021
운연(서창),2024-08-22,2255,1185,1070
검단오류(검단산업단지),2024-08-23,5562,2741,2821
왕길,2024-08-23,5387,2721,2666
검단사거리,2024-08-23,17173,8921,8252
마전,2024-08-23,8726,4299,4427
완정,2024-08-23,15729,8182,7547
독정,2024-08-23,9178,4627,4551
검암,2024-08-23,9269,5104,4165
검바위,2024-08-23,7419,3585,3834
아시아드경기장(공촌사거리),2024-08-23,9202,4874,4328
서구청,2024-08-23,17730,8687,9043
가정(루원시티),2024-08-23,23912,12329,11583
가정중앙시장,2024-08-23,12803,6220,6583
석남(거북시장),2024-08-23,6123,3059,3064
서부여성회관,2024-08-23,8487,4318,4169
인천가좌,2024-08-23,8769,4461,4308
가재울,2024-08-23,8376,4278,4098
주안국가산단,2024-08-23,5882,2860,3022
주안,2024-08-23,15610,6586,9024
시민공원(문화창작지대),2024-08-23,20442,10576,9866
석바위시장,2024-08-23,9975,4904,5071
인천시청,2024-08-23,6934,3314,3620
석천사거리,2024-08-23,9902,5201,4701
모래내시장,2024-08-23,15930,7753,8177
만수,2024-08-23,10415,5417,4998
남동구청,2024-08-23,9316,4826,4490
인천대공원,2024-08-23,4436,2257,2179
운연(서창),2024-08-23,2419,1291,1128
검단오류(검단산업단지),2024-08-24,2340,1259,1081
왕길,2024-08-24,3099,1605,1494
검단사거리,2024-08-24,13009,6686,6323
마전,2024-08-24,5835,2890,2945
완정,2024-08-24,10421,5418,5003
독정,2024-08-24,5923,2969,2954
검암,2024-08-24,5687,3131,2556
검바위,2024-08-24,3906,1847,2059
아시아드경기장(공촌사거리),2024-08-24,6401,3315,3086
서구청,2024-08-24,10842,5450,5392
가정(루원시티),2024-08-24,14693,7578,7115
가정중앙시장,2024-08-24,9648,4716,4932
석남(거북시장),2024-08-24,4340,2121,2219
서부여성회관,2024-08-24,5789,3059,2730
인천가좌,2024-08-24,4661,2388,2273
가재울,2024-08-24,4757,2436,2321
주안국가산단,2024-08-24,1626,840,786
주안,2024-08-24,12684,5140,7544
시민공원(문화창작지대),2024-08-24,14285,7337,6948
석바위시장,2024-08-24,7293,3539,3754
인천시청,2024-08-24,4713,2210,2503
석천사거리,2024-08-24,6466,3458,3008
모래내시장,2024-08-24,12677,6210,6467
만수,2024-08-24,7598,3935,3663
남동구청,2024-08-24,5733,2989,2744
인천대공원,2024-08-24,5097,2557,2540
운연(서창),2024-08-24,1792,930,862
검단오류(검단산업단지),2024-08-25,1612,809,803
왕길,2024-08-25,2059,1037,1022
검단사거리,2024-08-25,9686,4826,4860
마전,2024-08-25,3993,1934,2059
완정,2024-08-25,7291,3648,3643
독정,2024-08-25,3683,1797,1886
검암,2024-08-25,4276,2259,2017
검바위,2024-08-25,2895,1363,1532
아시아드경기장(공촌사거리),2024-08-25,4927,2568,2359
서구청,2024-08-25,7598,3800,3798
가정(루원시티),2024-08-25,10306,5217,5089
가정중앙시장,2024-08-25,7140,3535,3605
석남(거북시장),2024-08-25,3074,1464,1610
서부여성회관,2024-08-25,4773,2409,2364
인천가좌,2024-08-25,3251,1642,1609
가재울,2024-08-25,3267,1665,1602
주안국가산단,2024-08-25,677,311,366
주안,2024-08-25,8781,3547,5234
시민공원(문화창작지대),2024-08-25,10378,5327,5051
석바위시장,2024-08-25,5487,2696,2791
인천시청,2024-08-25,3571,1673,1898
석천사거리,2024-08-25,4905,2552,2353
모래내시장,2024-08-25,9850,4848,5002
만수,2024-08-25,5391,2797,2594
남동구청,2024-08-25,4041,2117,1924
인천대공원,2024-08-25,4521,2238,2283
운연(서창),2024-08-25,1182,575,607
검단오류(검단산업단지),2024-08-26,5678,2780,2898
왕길,2024-08-26,5241,2621,2620
검단사거리,2024-08-26,16237,8474,7763
마전,2024-08-26,8498,4090,4408
완정,2024-08-26,15129,7749,7380
독정,2024-08-26,8861,4403,4458
검암,2024-08-26,8674,4747,3927
검바위,2024-08-26,7110,3427,3683
아시아드경기장(공촌사거리),2024-08-26,9315,4901,4414
서구청,2024-08-26,16710,8343,8367
가정(루원시티),2024-08-26,22646,11571,11075
가정중앙시장,2024-08-26,12071,5878,6193
석남(거북시장),2024-08-26,5826,2883,2943
서부여성회관,2024-08-26,7848,4052,3796
인천가좌,2024-08-26,8516,4352,4164
가재울,2024-08-26,8215,4153,4062
주안국가산단,2024-08-26,5919,2897,3022
주안,2024-08-26,14941,6405,8536
시민공원(문화창작지대),2024-08-26,20003,10363,9640
석바위시장,2024-08-26,9771,4815,4956
인천시청,2024-08-26,6423,3147,3276
석천사거리,2024-08-26,9505,4932,4573
모래내시장,2024-08-26,15453,7489,7964
만수,2024-08-26,9802,5098,4704
남동구청,2024-08-26,9249,4786,4463
인천대공원,2024-08-26,4226,2126,2100
운연(서창),2024-08-26,2338,1253,1085
검단오류(검단산업단지),2024-08-27,5777,2821,2956
왕길,2024-08-27,5401,2689,2712
검단사거리,2024-08-27,16330,8545,7785
마전,2024-08-27,8661,4223,4438
완정,2024-08-27,15494,7983,7511
독정,2024-08-27,9263,4518,4745
검암,2024-08-27,9021,5023,3998
검바위,2024-08-27,7189,3502,3687
아시아드경기장(공촌사거리),2024-08-27,9278,4903,4375
서구청,2024-08-27,17087,8460,8627
가정(루원시티),2024-08-27,23190,11862,11328
가정중앙시장,2024-08-27,12527,6077,6450
석남(거북시장),2024-08-27,5962,2953,3009
서부여성회관,2024-08-27,7931,4024,3907
인천가좌,2024-08-27,8575,4330,4245
가재울,2024-08-27,8209,4172,4037
주안국가산단,2024-08-27,6098,3032,3066
주안,2024-08-27,14900,6348,8552
시민공원(문화창작지대),2024-08-27,20617,10629,9988
석바위시장,2024-08-27,10154,5030,5124
인천시청,2024-08-27,6887,3331,3556
석천사거리,2024-08-27,9933,5175,4758
모래내시장,2024-08-27,15779,7634,8145
만수,2024-08-27,10040,5224,4816
남동구청,2024-08-27,9345,4859,4486
인천대공원,2024-08-27,4663,2350,2313
운연(서창),2024-08-27,2485,1324,1161
검단오류(검단산업단지),2024-08-28,5666,2799,2867
왕길,2024-08-28,5315,2672,2643
검단사거리,2024-08-28,16444,8569,7875
마전,2024-08-28,8776,4289,4487
완정,2024-08-28,15665,8086,7579
독정,2024-08-28,9147,4550,4597
검암,2024-08-28,8930,4893,4037
검바위,2024-08-28,7424,3615,3809
아시아드경기장(공촌사거리),2024-08-28,9666,5076,4590
서구청,2024-08-28,17543,8645,8898
가정(루원시티),2024-08-28,23766,12142,11624
가정중앙시장,2024-08-28,12326,6039,6287
석남(거북시장),2024-08-28,6148,3024,3124
서부여성회관,2024-08-28,8440,4299,4141
인천가좌,2024-08-28,8640,4364,4276
가재울,2024-08-28,8446,4315,4131
주안국가산단,2024-08-28,6181,3010,3171
주안,2024-08-28,15284,6567,8717
시민공원(문화창작지대),2024-08-28,21339,10911,10428
석바위시장,2024-08-28,10147,4955,5192
인천시청,2024-08-28,7125,3424,3701
석천사거리,2024-08-28,9910,5189,4721
모래내시장,2024-08-28,15773,7693,8080
만수,2024-08-28,10322,5385,4937
남동구청,2024-08-28,9516,4932,4584
인천대공원,2024-08-28,4791,2414,2377
운연(서창),2024-08-28,2430,1274,1156
검단오류(검단산업단지),2024-08-29,5728,2810,2918
왕길,2024-08-29,5467,2717,2750
검단사거리,2024-08-29,16233,8509,7724
마전,2024-08-29,8593,4174,4419
완정,2024-08-29,15610,8027,7583
독정,2024-08-29,9316,4792,4524
검암,2024-08-29,8917,4918,3999
검바위,2024-08-29,7174,3385,3789
아시아드경기장(공촌사거리),2024-08-29,9307,4909,4398
서구청,2024-08-29,17305,8529,8776
가정(루원시티),2024-08-29,23778,12123,11655
가정중앙시장,2024-08-29,12483,6103,6380
석남(거북시장),2024-08-29,6155,3011,3144
서부여성회관,2024-08-29,8343,4213,4130
인천가좌,2024-08-29,8620,4325,4295
가재울,2024-08-29,8453,4278,4175
주안국가산단,2024-08-29,6134,3014,3120
주안,2024-08-29,15318,6584,8734
시민공원(문화창작지대),2024-08-29,20861,10764,10097
석바위시장,2024-08-29,9956,4832,5124
인천시청,2024-08-29,6778,3267,3511
석천사거리,2024-08-29,9723,5074,4649
모래내시장,2024-08-29,15768,7593,8175
만수,2024-08-29,9907,5189,4718
남동구청,2024-08-29,9122,4760,4362
인천대공원,2024-08-29,4697,2346,2351
운연(서창),2024-08-29,2426,1276,1150
검단오류(검단산업단지),2024-08-30,5584,2747,2837
왕길,2024-08-30,5408,2747,2661
검단사거리,2024-08-30,17159,8879,8280
마전,2024-08-30,8739,4254,4485
완정,2024-08-30,15975,8329,7646
독정,2024-08-30,9655,4809,4846
검암,2024-08-30,8922,4843,4079
검바위,2024-08-30,7288,3568,3720
아시아드경기장(공촌사거리),2024-08-30,9227,4895,4332
서구청,2024-08-30,17457,8639,8818
가정(루원시티),2024-08-30,24158,12406,11752
가정중앙시장,2024-08-30,13046,6414,6632
석남(거북시장),2024-08-30,6187,3033,3154
서부여성회관,2024-08-30,8506,4332,4174
인천가좌,2024-08-30,8706,4404,4302
가재울,2024-08-30,8381,4288,4093
주안국가산단,2024-08-30,6031,2954,3077
주안,2024-08-30,15983,6783,9200
시민공원(문화창작지대),2024-08-30,21311,10920,10391
석바위시장,2024-08-30,10333,5057,5276
인천시청,2024-08-30,6837,3282,3555
석천사거리,2024-08-30,10026,5276,4750
모래내시장,2024-08-30,16747,8065,8682
만수,2024-08-30,10374,5416,4958
남동구청,2024-08-30,9273,4878,4395
인천대공원,2024-08-30,4859,2434,2425
운연(서창),2024-08-30,2495,1330,1165
검단오류(검단산업단지),2024-08-31,2178,1198,980
왕길,2024-08-31,4260,2105,2155
검단사거리,2024-08-31,13324,6986,6338
마전,2024-08-31,5945,2990,2955
완정,2024-08-31,10481,5534,4947
독정,2024-08-31,6211,3136,3075
검암,2024-08-31,5901,3264,2637
검바위,2024-08-31,3930,1872,2058
아시아드경기장(공촌사거리),2024-08-31,6595,3381,3214
서구청,2024-08-31,10832,5352,5480
가정(루원시티),2024-08-31,14391,7463,6928
가정중앙시장,2024-08-31,9882,4787,5095
석남(거북시장),2024-08-31,4549,2217,2332
서부여성회관,2024-08-31,6124,3129,2995
인천가좌,2024-08-31,4926,2502,2424
가재울,2024-08-31,4807,2443,2364
주안국가산단,2024-08-31,1595,777,818
주안,2024-08-31,12973,5288,7685
시민공원(문화창작지대),2024-08-31,14678,7617,7061
석바위시장,2024-08-31,6949,3413,3536
인천시청,2024-08-31,4421,2097,2324
석천사거리,2024-08-31,6259,3295,2964
모래내시장,2024-08-31,13440,6558,6882
만수,2024-08-31,7312,3800,3512
남동구청,2024-08-31,5620,2945,2675
인천대공원,2024-08-31,5339,2703,2636
운연(서창),2024-08-31,1636,845,791
검단오류(검단산업단지),2024-09-01,1575,761,814
왕길,2024-09-01,1997,1005,992
검단사거리,2024-09-01,9697,4883,4814
마전,2024-09-01,4085,2013,2072
완정,2024-09-01,7182,3635,3547
독정,2024-09-01,4572,2235,2337
검암,2024-09-01,4338,2295,2043
검바위,2024-09-01,2893,1356,1537
아시아드경기장(공촌사거리),2024-09-01,5206,2720,2486
서구청,2024-09-01,7762,3896,3866
가정(루원시티),2024-09-01,10072,5091,4981
가정중앙시장,2024-09-01,7081,3491,3590
석남(거북시장),2024-09-01,3221,1564,1657
서부여성회관,2024-09-01,4778,2512,2266
인천가좌,2024-09-01,3463,1709,1754
가재울,2024-09-01,3443,1721,1722
주안국가산단,2024-09-01,805,388,417
주안,2024-09-01,9071,3684,5387
시민공원(문화창작지대),2024-09-01,10942,5624,5318
석바위시장,2024-09-01,5555,2756,2799
인천시청,2024-09-01,3645,1752,1893
석천사거리,2024-09-01,4753,2470,2283
모래내시장,2024-09-01,10087,4899,5188
만수,2024-09-01,5730,2955,2775
남동구청,2024-09-01,4303,2233,2070
인천대공원,2024-09-01,5004,2536,2468
운연(서창),2024-09-01,1291,679,612
검단오류(검단산업단지),2024-09-02,5648,2775,2873
왕길,2024-09-02,5271,2641,2630
검단사거리,2024-09-02,16561,8620,7941
마전,2024-09-02,8716,4220,4496
완정,2024-09-02,15354,7937,7417
독정,2024-09-02,9038,4536,4502
검암,2024-09-02,9097,4973,4124
검바위,2024-09-02,7255,3505,3750
아시아드경기장(공촌사거리),2024-09-02,9443,4983,4460
서구청,2024-09-02,16675,8251,8424
가정(루원시티),2024-09-02,23263,11872,11391
가정중앙시장,2024-09-02,12803,6237,6566
석남(거북시장),2024-09-02,5898,2895,3003
서부여성회관,2024-09-02,7731,3958,3773
인천가좌,2024-09-02,8682,4375,4307
가재울,2024-09-02,8295,4236,4059
주안국가산단,2024-09-02,6093,2986,3107
주안,2024-09-02,15672,6779,8893
시민공원(문화창작지대),2024-09-02,20596,10597,9999
석바위시장,2024-09-02,9797,4789,5008
인천시청,2024-09-02,6494,3167,3327
석천사거리,2024-09-02,9853,5131,4722
모래내시장,2024-09-02,15677,7645,8032
만수,2024-09-02,9966,5123,4843
남동구청,2024-09-02,9051,4712,4339
인천대공원,2024-09-02,4181,2106,2075
운연(서창),2024-09-02,2336,1237,1099
검단오류(검단산업단지),2024-09-03,5959,2933,3026
왕길,2024-09-03,5335,2656,2679
검단사거리,2024-09-03,16889,8810,8079
마전,2024-09-03,9051,4423,4628
완정,2024-09-03,15706,8141,7565
독정,2024-09-03,9473,4732,4741
검암,2024-09-03,9065,4901,4164
검바위,2024-09-03,7294,3502,3792
아시아드경기장(공촌사거리),2024-09-03,9614,5084,4530
서구청,2024-09-03,17145,8471,8674
가정(루원시티),2024-09-03,24036,12242,11794
가정중앙시장,2024-09-03,13107,6402,6705
석남(거북시장),2024-09-03,6010,2906,3104
서부여성회관,2024-09-03,8017,4107,3910
인천가좌,2024-09-03,8791,4469,4322
가재울,2024-09-03,8433,4295,4138
주안국가산단,2024-09-03,6267,3108,3159
주안,2024-09-03,15878,6798,9080
시민공원(문화창작지대),2024-09-03,21405,10966,10439
석바위시장,2024-09-03,10191,4996,5195
인천시청,2024-09-03,7012,3422,3590
석천사거리,2024-09-03,10263,5361,4902
모래내시장,2024-09-03,16238,7909,8329
만수,2024-09-03,10450,5407,5043
남동구청,2024-09-03,9553,4977,4576
인천대공원,2024-09-03,5278,2681,2597
운연(서창),2024-09-03,2557,1358,1199
검단오류(검단산업단지),2024-09-04,6072,3008,3064
왕길,2024-09-04,5358,2678,2680
검단사거리,2024-09-04,16889,8843,8046
마전,2024-09-04,9146,4396,4750
완정,2024-09-04,16165,8292,7873
독정,2024-09-04,9648,4823,4825
검암,2024-09-04,9325,5032,4293
검바위,2024-09-04,7367,3553,3814
아시아드경기장(공촌사거리),2024-09-04,9762,5070,4692
서구청,2024-09-04,17176,8581,8595
가정(루원시티),2024-09-04,24240,12395,11845
가정중앙시장,2024-09-04,13056,6325,6731
석남(거북시장),2024-09-04,6212,3022,3190
서부여성회관,2024-09-04,8148,4167,3981
인천가좌,2024-09-04,8924,4516,4408
가재울,2024-09-04,8570,4334,4236
주안국가산단,2024-09-04,6113,3012,3101
주안,2024-09-04,16161,6922,9239
시민공원(문화창작지대),2024-09-04,21490,11043,10447
석바위시장,2024-09-04,10436,5034,5402
인천시청,2024-09-04,7169,3457,3712
석천사거리,2024-09-04,10018,5164,4854
모래내시장,2024-09-04,16604,8050,8554
만수,2024-09-04,10641,5581,5060
남동구청,2024-09-04,9472,4911,4561
인천대공원,2024-09-04,5143,2618,2525
운연(서창),2024-09-04,2592,1382,1210
검단오류(검단산업단지),2024-09-05,5840,2895,2945
왕길,2024-09-05,5391,2729,2662
검단사거리,2024-09-05,16439,8525,7914
마전,2024-09-05,9028,4367,4661
완정,2024-09-05,15918,8217,7701
독정,2024-09-05,9469,4724,4745
검암,2024-09-05,9076,4944,4132
검바위,2024-09-05,7390,3524,3866
아시아드경기장(공촌사거리),2024-09-05,9370,4931,4439
서구청,2024-09-05,17481,8627,8854
가정(루원시티),2024-09-05,24003,12247,11756
가정중앙시장,2024-09-05,12625,6165,6460
석남(거북시장),2024-09-05,5962,2895,3067
서부여성회관,2024-09-05,7940,4072,3868
인천가좌,2024-09-05,8780,4443,4337
가재울,2024-09-05,8451,4274,4177
주안국가산단,2024-09-05,6191,3055,3136
주안,2024-09-05,15727,6701,9026
시민공원(문화창작지대),2024-09-05,20896,10778,10118
석바위시장,2024-09-05,9942,4899,5043
인천시청,2024-09-05,7249,3471,3778
석천사거리,2024-09-05,9853,5179,4674
모래내시장,2024-09-05,15631,7604,8027
만수,2024-09-05,10301,5367,4934
남동구청,2024-09-05,9096,4705,4391
인천대공원,2024-09-05,4376,2209,2167
운연(서창),2024-09-05,2507,1337,1170
검단오류(검단산업단지),2024-09-06,5797,2860,2937
왕길,2024-09-06,5486,2734,2752
검단사거리,2024-09-06,17490,9103,8387
마전,2024-09-06,9047,4400,4647
완정,2024-09-06,16556,8568,7988
독정,2024-09-06,9600,4848,4752
검암,2024-09-06,9325,5122,4203
검바위,2024-09-06,7436,3616,3820
아시아드경기장(공촌사거리),2024-09-06,9700,5173,4527
서구청,2024-09-06,17962,8810,9152
가정(루원시티),2024-09-06,24768,12638,12130
가정중앙시장,2024-09-06,13593,6569,7024
석남(거북시장),2024-09-06,6220,3026,3194
서부여성회관,2024-09-06,8437,4315,4122
인천가좌,2024-09-06,9029,4531,4498
가재울,2024-09-06,8545,4380,4165
주안국가산단,2024-09-06,6047,2966,3081
주안,2024-09-06,16375,6971,9404
시민공원(문화창작지대),2024-09-06,21375,11038,10337
석바위시장,2024-09-06,10199,4989,5210
인천시청,2024-09-06,7152,3425,3727
석천사거리,2024-09-06,10166,5304,4862
모래내시장,2024-09-06,16978,8248,8730
만수,2024-09-06,10633,5523,5110
남동구청,2024-09-06,9601,5034,4567
인천대공원,2024-09-06,4832,2451,2381
운연(서창),2024-09-06,2552,1380,1172
검단오류(검단산업단지),2024-09-07,2256,1238,1018
왕길,2024-09-07,3265,1676,1589
검단사거리,2024-09-07,13688,7098,6590
마전,2024-09-07,6216,3119,3097
완정,2024-09-07,10515,5536,4979
독정,2024-09-07,6398,3186,3212
검암,2024-09-07,6132,3362,2770
검바위,2024-09-07,3896,1851,2045
아시아드경기장(공촌사거리),2024-09-07,6806,3488,3318
서구청,2024-09-07,11804,5790,6014
가정(루원시티),2024-09-07,15120,7773,7347
가정중앙시장,2024-09-07,10800,5338,5462
석남(거북시장),2024-09-07,4601,2173,2428
서부여성회관,2024-09-07,6131,3133,2998
인천가좌,2024-09-07,5025,2554,2471
가재울,2024-09-07,4927,2556,2371
주안국가산단,2024-09-07,1617,793,824
주안,2024-09-07,13393,5467,7926
시민공원(문화창작지대),2024-09-07,15233,7895,7338
석바위시장,2024-09-07,7571,3682,3889
인천시청,2024-09-07,5050,2324,2726
석천사거리,2024-09-07,6719,3508,3211
모래내시장,2024-09-07,14080,6930,7150
만수,2024-09-07,7987,4093,3894
남동구청,2024-09-07,6096,3179,2917
인천대공원,2024-09-07,5676,2878,2798
운연(서창),2024-09-07,1846,959,887
검단오류(검단산업단지),2024-09-08,1521,752,769
왕길,2024-09-08,2238,1162,1076
검단사거리,2024-09-08,9723,4873,4850
마전,2024-09-08,4253,2023,2230
완정,2024-09-08,7297,3710,3587
독정,2024-09-08,4195,2096,2099
검암,2024-09-08,4353,2335,2018
검바위,2024-09-08,3002,1416,1586
아시아드경기장(공촌사거리),2024-09-08,5031,2677,2354
서구청,2024-09-08,7681,3826,3855
가정(루원시티),2024-09-08,9929,5010,4919
가정중앙시장,2024-09-08,7681,3788,3893
석남(거북시장),2024-09-08,3181,1494,1687
서부여성회관,2024-09-08,4791,2462,2329
인천가좌,2024-09-08,3421,1714,1707
가재울,2024-09-08,3512,1786,1726
주안국가산단,2024-09-08,751,366,385
주안,2024-09-08,9220,3741,5479
시민공원(문화창작지대),2024-09-08,11146,5763,5383
석바위시장,2024-09-08,5851,2840,3011
인천시청,2024-09-08,3919,1840,2079
석천사거리,2024-09-08,4838,2475,2363
모래내시장,2024-09-08,10663,5228,5435
만수,2024-09-08,5689,2949,2740
남동구청,2024-09-08,4191,2179,2012
인천대공원,2024-09-08,5526,2756,2770
운연(서창),2024-09-08,1363,705,658
검단오류(검단산업단지),2024-09-09,5817,2868,2949
왕길,2024-09-09,5446,2746,2700
검단사거리,2024-09-09,16836,8837,7999
마전,2024-09-09,9181,4412,4769
완정,2024-09-09,15865,8177,7688
독정,2024-09-09,9534,4787,4747
검암,2024-09-09,9171,4956,4215
검바위,2024-09-09,7357,3532,3825
아시아드경기장(공촌사거리),2024-09-09,9760,5108,4652
서구청,2024-09-09,17319,8600,8719
가정(루원시티),2024-09-09,24110,12338,11772
가정중앙시장,2024-09-09,13081,6398,6683
석남(거북시장),2024-09-09,6146,2998,3148
서부여성회관,2024-09-09,7921,4057,3864
인천가좌,2024-09-09,8756,4448,4308
가재울,2024-09-09,8515,4381,4134
주안국가산단,2024-09-09,6115,2981,3134
주안,2024-09-09,15803,6748,9055
시민공원(문화창작지대),2024-09-09,21412,10997,10415
석바위시장,2024-09-09,10393,5085,5308
인천시청,2024-09-09,7086,3384,3702
석천사거리,2024-09-09,10112,5300,4812
모래내시장,2024-09-09,16337,7902,8435
만수,2024-09-09,10166,5299,4867
남동구청,2024-09-09,9434,4906,4528
인천대공원,2024-09-09,4722,2387,2335
운연(서창),2024-09-09,2499,1347,1152
검단오류(검단산업단지),2024-09-10,6160,3052,3108
왕길,2024-09-10,5447,2742,2705
검단사거리,2024-09-10,17237,8989,8248
마전,2024-09-10,9367,4606,4761
완정,2024-09-10,16158,8340,7818
독정,2024-09-10,9703,4889,4814
검암,2024-09-10,9488,5109,4379
검바위,2024-09-10,7445,3563,3882
아시아드경기장(공촌사거리),2024-09-10,12784,6137,6647
서구청,2024-09-10,19804,10087,9717
가정(루원시티),2024-09-10,24746,12677,12069
가정중앙시장,2024-09-10,13465,6624,6841
석남(거북시장),2024-09-10,6256,3065,3191
서부여성회관,2024-09-10,8030,4099,3931
인천가좌,2024-09-10,8936,4508,4428
가재울,2024-09-10,8784,4471,4313
주안국가산단,2024-09-10,6230,3049,3181
주안,2024-09-10,16337,6988,9349
시민공원(문화창작지대),2024-09-10,21971,11262,10709
석바위시장,2024-09-10,10583,5165,5418
인천시청,2024-09-10,7071,3395,3676
석천사거리,2024-09-10,10440,5468,4972
모래내시장,2024-09-10,16405,7978,8427
만수,2024-09-10,10590,5522,5068
남동구청,2024-09-10,9588,5008,4580
인천대공원,2024-09-10,4728,2406,2322
운연(서창),2024-09-10,2559,1344,1215
검단오류(검단산업단지),2024-09-11,6078,3025,3053
왕길,2024-09-11,5353,2669,2684
검단사거리,2024-09-11,16666,8816,7850
마전,2024-09-11,9142,4457,4685
완정,2024-09-11,15663,8160,7503
독정,2024-09-11,9275,4644,4631
검암,2024-09-11,9245,5034,4211
검바위,2024-09-11,7351,3551,3800
아시아드경기장(공촌사거리),2024-09-11,9915,5225,4690
서구청,2024-09-11,16566,8214,8352
가정(루원시티),2024-09-11,24093,12339,11754
가정중앙시장,2024-09-11,12966,6370,6596
석남(거북시장),2024-09-11,6284,3043,3241
서부여성회관,2024-09-11,7865,4010,3855
인천가좌,2024-09-11,8674,4356,4318
가재울,2024-09-11,8381,4236,4145
주안국가산단,2024-09-11,6131,3008,3123
주안,2024-09-11,16099,6796,9303
시민공원(문화창작지대),2024-09-11,21591,11073,10518
석바위시장,2024-09-11,10651,5174,5477
인천시청,2024-09-11,7063,3359,3704
석천사거리,2024-09-11,10289,5306,4983
모래내시장,2024-09-11,16044,7848,8196
만수,2024-09-11,10446,5466,4980
남동구청,2024-09-11,9456,4937,4519
인천대공원,2024-09-11,4212,2172,2040
운연(서창),2024-09-11,2441,1275,1166
검단오류(검단산업단지),2024-09-12,5719,2816,2903
왕길,2024-09-12,5232,2605,2627
검단사거리,2024-09-12,16419,8641,7778
마전,2024-09-12,8878,4283,4595
완정,2024-09-12,15552,8106,7446
독정,2024-09-12,9360,4703,4657
검암,2024-09-12,9110,5038,4072
검바위,2024-09-12,7153,3421,3732
아시아드경기장(공촌사거리),2024-09-12,9285,4888,4397
서구청,2024-09-12,16471,8144,8327
가정(루원시티),2024-09-12,23274,11837,11437
가정중앙시장,2024-09-12,12663,6123,6540
석남(거북시장),2024-09-12,5964,2930,3034
서부여성회관,2024-09-12,7856,3966,3890
인천가좌,2024-09-12,8372,4218,4154
가재울,2024-09-12,8291,4210,4081
주안국가산단,2024-09-12,6017,2970,3047
주안,2024-09-12,15493,6650,8843
시민공원(문화창작지대),2024-09-12,20537,10628,9909
석바위시장,2024-09-12,9579,4678,4901
인천시청,2024-09-12,6802,3254,3548
석천사거리,2024-09-12,9725,5046,4679
모래내시장,2024-09-12,15142,7364,7778
만수,2024-09-12,9699,5079,4620
남동구청,2024-09-12,8862,4632,4230
인천대공원,2024-09-12,3643,1867,1776
운연(서창),2024-09-12,2304,1207,1097
검단오류(검단산업단지),2024-09-13,5229,2550,2679
왕길,2024-09-13,5204,2578,2626
검단사거리,2024-09-13,17435,9049,8386
마전,2024-09-13,8971,4379,4592
완정,2024-09-13,15965,8227,7738
독정,2024-09-13,9250,4606,4644
검암,2024-09-13,8927,4950,3977
검바위,2024-09-13,7363,3565,3798
아시아드경기장(공촌사거리),2024-09-13,9612,5092,4520
서구청,2024-09-13,17186,8441,8745
가정(루원시티),2024-09-13,23912,12151,11761
가정중앙시장,2024-09-13,14045,6833,7212
석남(거북시장),2024-09-13,6232,3024,3208
서부여성회관,2024-09-13,8184,4209,3975
인천가좌,2024-09-13,8503,4251,4252
가재울,2024-09-13,8558,4460,4098
주안국가산단,2024-09-13,5860,2854,3006
주안,2024-09-13,16112,6941,9171
시민공원(문화창작지대),2024-09-13,21342,10979,10363
석바위시장,2024-09-13,10462,5115,5347
인천시청,2024-09-13,6708,3202,3506
석천사거리,2024-09-13,10038,5192,4846
모래내시장,2024-09-13,17103,8269,8834
만수,2024-09-13,10699,5548,5151
남동구청,2024-09-13,9747,5121,4626
인천대공원,2024-09-13,3762,1920,1842
운연(서창),2024-09-13,2530,1350,1180
검단오류(검단산업단지),2024-09-14,2086,1165,921
왕길,2024-09-14,2798,1452,1346
검단사거리,2024-09-14,12944,6731,6213
마전,2024-09-14,5517,2726,2791
완정,2024-09-14,9633,5070,4563
독정,2024-09-14,6119,3029,3090
검암,2024-09-14,5156,2844,2312
검바위,2024-09-14,3670,1788,1882
아시아드경기장(공촌사거리),2024-09-14,5722,3061,2661
서구청,2024-09-14,9647,4761,4886
가정(루원시티),2024-09-14,12635,6576,6059
가정중앙시장,2024-09-14,11470,5682,5788
석남(거북시장),2024-09-14,4115,1987,2128
서부여성회관,2024-09-14,5703,2927,2776
인천가좌,2024-09-14,4283,2149,2134
가재울,2024-09-14,4232,2141,2091
주안국가산단,2024-09-14,1200,597,603
주안,2024-09-14,10960,4588,6372
시민공원(문화창작지대),2024-09-14,13463,6907,6556
석바위시장,2024-09-14,7117,3466,3651
인천시청,2024-09-14,4235,2038,2197
석천사거리,2024-09-14,5827,3102,2725
모래내시장,2024-09-14,14358,6947,7411
만수,2024-09-14,7142,3735,3407
남동구청,2024-09-14,5425,2857,2568
인천대공원,2024-09-14,4601,2320,2281
운연(서창),2024-09-14,1674,880,794
검단오류(검단산업단지),2024-09-15,2138,1155,983
왕길,2024-09-15,1932,991,941
검단사거리,2024-09-15,10906,5595,5311
마전,2024-09-15,3864,1903,1961
완정,2024-09-15,6783,3514,3269
독정,2024-09-15,4619,2311,2308
검암,2024-09-15,3952,2166,1786
검바위,2024-09-15,2777,1376,1401
아시아드경기장(공촌사거리),2024-09-15,4419,2381,2038
서구청,2024-09-15,7830,3851,3979
가정(루원시티),2024-09-15,9412,4848,4564
가정중앙시장,2024-09-15,8968,4435,4533
석남(거북시장),2024-09-15,3431,1633,1798
서부여성회관,2024-09-15,5043,2587,2456
인천가좌,2024-09-15,3391,1742,1649
가재울,2024-09-15,3295,1711,1584
주안국가산단,2024-09-15,672,338,334
주안,2024-09-15,8928,3693,5235
시민공원(문화창작지대),2024-09-15,10140,5201,4939
석바위시장,2024-09-15,5437,2667,2770
인천시청,2024-09-15,3271,1603,1668
석천사거리,2024-09-15,4312,2270,2042
모래내시장,2024-09-15,11451,5583,5868
만수,2024-09-15,5709,2965,2744
남동구청,2024-09-15,4103,2099,2004
인천대공원,2024-09-15,4247,2113,2134
운연(서창),2024-09-15,1200,620,580
검단오류(검단산업단지),2024-09-16,1629,891,738
왕길,2024-09-16,1584,787,797
검단사거리,2024-09-16,9119,4515,4604
마전,2024-09-16,3326,1597,1729
완정,2024-09-16,5439,2849,2590
독정,2024-09-16,3967,1980,1987
검암,2024-09-16,3324,1849,1475
검바위,2024-09-16,2347,1147,1200
아시아드경기장(공촌사거리),2024-09-16,3818,1997,1821
서구청,2024-09-16,6089,3019,3070
가정(루원시티),2024-09-16,7050,3541,3509
가정중앙시장,2024-09-16,7857,3847,4010
석남(거북시장),2024-09-16,2775,1323,1452
서부여성회관,2024-09-16,4208,2071,2137
인천가좌,2024-09-16,2938,1475,1463
가재울,2024-09-16,2418,1253,1165
주안국가산단,2024-09-16,532,275,257
주안,2024-09-16,7459,3093,4366
시민공원(문화창작지대),2024-09-16,7834,4064,3770
석바위시장,2024-09-16,4189,2051,2138
인천시청,2024-09-16,2534,1224,1310
석천사거리,2024-09-16,3445,1762,1683
모래내시장,2024-09-16,9797,4753,5044
만수,2024-09-16,4739,2441,2298
남동구청,2024-09-16,3325,1739,1586
인천대공원,2024-09-16,3699,1874,1825
운연(서창),2024-09-16,994,509,485
검단오류(검단산업단지),2024-09-17,1447,736,711
왕길,2024-09-17,1363,725,638
검단사거리,2024-09-17,8676,4259,4417
마전,2024-09-17,3081,1526,1555
완정,2024-09-17,4911,2531,2380
독정,2024-09-17,3566,1778,1788
검암,2024-09-17,3081,1714,1367
검바위,2024-09-17,2262,1054,1208
아시아드경기장(공촌사거리),2024-09-17,3574,1862,1712
서구청,2024-09-17,5503,2720,2783
가정(루원시티),2024-09-17,6848,3513,3335
가정중앙시장,2024-09-17,5025,2519,2506
석남(거북시장),2024-09-17,2611,1247,1364
서부여성회관,2024-09-17,3915,2016,1899
인천가좌,2024-09-17,2757,1397,1360
가재울,2024-09-17,2274,1136,1138
주안국가산단,2024-09-17,461,236,225
주안,2024-09-17,7436,2865,4571
시민공원(문화창작지대),2024-09-17,6941,3530,3411
석바위시장,2024-09-17,3394,1644,1750
인천시청,2024-09-17,2152,993,1159
석천사거리,2024-09-17,3137,1608,1529
모래내시장,2024-09-17,5886,2912,2974
만수,2024-09-17,4170,2104,2066
남동구청,2024-09-17,2904,1508,1396
인천대공원,2024-09-17,3562,1765,1797
운연(서창),2024-09-17,961,512,449
검단오류(검단산업단지),2024-09-18,1495,711,784
왕길,2024-09-18,1749,926,823
검단사거리,2024-09-18,9244,4615,4629
마전,2024-09-18,3730,1871,1859
완정,2024-09-18,6421,3278,3143
독정,2024-09-18,4025,2019,2006
검암,2024-09-18,3862,2131,1731
검바위,2024-09-18,2285,1044,1241
아시아드경기장(공촌사거리),2024-09-18,3932,2108,1824
서구청,2024-09-18,6538,3272,3266
가정(루원시티),2024-09-18,8616,4439,4177
가정중앙시장,2024-09-18,5817,2862,2955
석남(거북시장),2024-09-18,2845,1366,1479
서부여성회관,2024-09-18,4049,2077,1972
인천가좌,2024-09-18,2912,1504,1408
가재울,2024-09-18,2702,1393,1309
주안국가산단,2024-09-18,642,290,352
주안,2024-09-18,8029,3169,4860
시민공원(문화창작지대),2024-09-18,8883,4518,4365
석바위시장,2024-09-18,4313,2148,2165
인천시청,2024-09-18,2723,1270,1453
석천사거리,2024-09-18,3836,2071,1765
모래내시장,2024-09-18,7494,3703,3791
만수,2024-09-18,4739,2479,2260
남동구청,2024-09-18,3301,1702,1599
인천대공원,2024-09-18,5345,2696,2649
운연(서창),2024-09-18,1168,600,568
검단오류(검단산업단지),2024-09-19,5207,2580,2627
왕길,2024-09-19,5136,2564,2572
검단사거리,2024-09-19,16252,8477,7775
마전,2024-09-19,8657,4203,4454
완정,2024-09-19,15269,7903,7366
독정,2024-09-19,9016,4507,4509
검암,2024-09-19,8464,4595,3869
검바위,2024-09-19,7037,3376,3661
아시아드경기장(공촌사거리),2024-09-19,8481,4482,3999
서구청,2024-09-19,15905,7919,7986
가정(루원시티),2024-09-19,22410,11459,10951
가정중앙시장,2024-09-19,11508,5647,5861
석남(거북시장),2024-09-19,5802,2847,2955
서부여성회관,2024-09-19,7809,4002,3807
인천가좌,2024-09-19,8182,4192,3990
가재울,2024-09-19,7766,3910,3856
주안국가산단,2024-09-19,5100,2511,2589
주안,2024-09-19,14902,6358,8544
시민공원(문화창작지대),2024-09-19,20188,10308,9880
석바위시장,2024-09-19,9181,4512,4669
인천시청,2024-09-19,6374,3091,3283
석천사거리,2024-09-19,9477,4944,4533
모래내시장,2024-09-19,15037,7304,7733
만수,2024-09-19,9635,5032,4603
남동구청,2024-09-19,8802,4566,4236
인천대공원,2024-09-19,4606,2306,2300
운연(서창),2024-09-19,2396,1265,1131
검단오류(검단산업단지),2024-09-20,5101,2531,2570
왕길,2024-09-20,4899,2456,2443
검단사거리,2024-09-20,15778,8210,7568
마전,2024-09-20,8524,4119,4405
완정,2024-09-20,14907,7730,7177
독정,2024-09-20,8773,4417,4356
검암,2024-09-20,8612,4606,4006
검바위,2024-09-20,6945,3381,3564
아시아드경기장(공촌사거리),2024-09-20,8736,4574,4162
서구청,2024-09-20,15977,7828,8149
가정(루원시티),2024-09-20,22371,11402,10969
가정중앙시장,2024-09-20,11563,5689,5874
석남(거북시장),2024-09-20,5778,2851,2927
서부여성회관,2024-09-20,7886,4008,3878
인천가좌,2024-09-20,8108,4138,3970
가재울,2024-09-20,7697,3889,3808
주안국가산단,2024-09-20,5425,2647,2778
주안,2024-09-20,14657,6224,8433
시민공원(문화창작지대),2024-09-20,20258,10387,9871
석바위시장,2024-09-20,9444,4650,4794
인천시청,2024-09-20,6540,3168,3372
석천사거리,2024-09-20,9473,4881,4592
모래내시장,2024-09-20,14102,6870,7232
만수,2024-09-20,9646,5050,4596
남동구청,2024-09-20,8576,4421,4155
인천대공원,2024-09-20,3766,1905,1861
운연(서창),2024-09-20,2216,1189,1027
검단오류(검단산업단지),2024-09-21,1925,1022,903
왕길,2024-09-21,2821,1456,1365
검단사거리,2024-09-21,12302,6310,5992
마전,2024-09-21,5826,2879,2947
완정,2024-09-21,10048,5279,4769
독정,2024-09-21,5922,2927,2995
검암,2024-09-21,5517,3060,2457
검바위,2024-09-21,3685,1782,1903
아시아드경기장(공촌사거리),2024-09-21,5862,3080,2782
서구청,2024-09-21,10241,5034,5207
가정(루원시티),2024-09-21,13833,7211,6622
가정중앙시장,2024-09-21,9277,4548,4729
석남(거북시장),2024-09-21,4355,2051,2304
서부여성회관,2024-09-21,5768,2951,2817
인천가좌,2024-09-21,4566,2348,2218
가재울,2024-09-21,4781,2413,2368
주안국가산단,2024-09-21,1565,763,802
주안,2024-09-21,12586,5081,7505
시민공원(문화창작지대),2024-09-21,14547,7474,7073
석바위시장,2024-09-21,7087,3489,3598
인천시청,2024-09-21,4590,2169,2421
석천사거리,2024-09-21,5937,3181,2756
모래내시장,2024-09-21,12505,6090,6415
만수,2024-09-21,7300,3788,3512
남동구청,2024-09-21,5577,2860,2717
인천대공원,2024-09-21,5126,2559,2567
운연(서창),2024-09-21,1650,826,824
검단오류(검단산업단지),2024-09-22,1524,758,766
왕길,2024-09-22,2074,1053,1021
검단사거리,2024-09-22,10089,5110,4979
마전,2024-09-22,4279,2068,2211
완정,2024-09-22,7398,3779,3619
독정,2024-09-22,4223,2080,2143
검암,2024-09-22,4643,2467,2176
검바위,2024-09-22,3096,1492,1604
아시아드경기장(공촌사거리),2024-09-22,5110,2650,2460
서구청,2024-09-22,8032,4039,3993
가정(루원시티),2024-09-22,10595,5434,5161
가정중앙시장,2024-09-22,7601,3679,3922
석남(거북시장),2024-09-22,3459,1635,1824
서부여성회관,2024-09-22,5029,2616,2413
인천가좌,2024-09-22,3579,1806,1773
가재울,2024-09-22,3537,1834,1703
주안국가산단,2024-09-22,763,366,397
주안,2024-09-22,9632,3988,5644
시민공원(문화창작지대),2024-09-22,11482,5866,5616
석바위시장,2024-09-22,5978,2913,3065
인천시청,2024-09-22,3927,1897,2030
석천사거리,2024-09-22,5094,2692,2402
모래내시장,2024-09-22,11211,5411,5800
만수,2024-09-22,6196,3187,3009
남동구청,2024-09-22,4571,2367,2204
인천대공원,2024-09-22,8313,4152,4161
운연(서창),2024-09-22,1397,712,685
검단오류(검단산업단지),2024-09-23,5847,2922,2925
왕길,2024-09-23,5543,2767,2776
검단사거리,2024-09-23,17319,9004,8315
마전,2024-09-23,8985,4347,4638
완정,2024-09-23,16340,8482,7858
독정,2024-09-23,9641,4824,4817
검암,2024-09-23,9459,5086,4373
검바위,2024-09-23,7437,3605,3832
아시아드경기장(공촌사거리),2024-09-23,9715,5155,4560
서구청,2024-09-23,17971,9002,8969
가정(루원시티),2024-09-23,24415,12479,11936
가정중앙시장,2024-09-23,13126,6434,6692
석남(거북시장),2024-09-23,6297,3081,3216
서부여성회관,2024-09-23,8225,4215,4010
인천가좌,2024-09-23,8923,4496,4427
가재울,2024-09-23,8654,4367,4287
주안국가산단,2024-09-23,6207,3046,3161
주안,2024-09-23,16346,6999,9347
시민공원(문화창작지대),2024-09-23,22117,11365,10752
석바위시장,2024-09-23,10311,5020,5291
인천시청,2024-09-23,6951,3350,3601
석천사거리,2024-09-23,10336,5434,4902
모래내시장,2024-09-23,16827,8202,8625
만수,2024-09-23,10509,5507,5002
남동구청,2024-09-23,9712,5052,4660
인천대공원,2024-09-23,5932,2988,2944
운연(서창),2024-09-23,2599,1373,1226
검단오류(검단산업단지),2024-09-24,6107,3047,3060
왕길,2024-09-24,5609,2829,2780
검단사거리,2024-09-24,17167,8940,8227
마전,2024-09-24,9111,4450,4661
완정,2024-09-24,16346,8517,7829
독정,2024-09-24,10202,5018,5184
검암,2024-09-24,9529,5189,4340
검바위,2024-09-24,7450,3567,3883
아시아드경기장(공촌사거리),2024-09-24,9838,5179,4659
서구청,2024-09-24,18013,8967,9046
가정(루원시티),2024-09-24,24938,12738,12200
가정중앙시장,2024-09-24,13289,6488,6801
석남(거북시장),2024-09-24,6280,3010,3270
서부여성회관,2024-09-24,8279,4269,4010
인천가좌,2024-09-24,9103,4612,4491
가재울,2024-09-24,8909,4514,4395
주안국가산단,2024-09-24,6220,3097,3123
주안,2024-09-24,16664,7153,9511
시민공원(문화창작지대),2024-09-24,22183,11369,10814
석바위시장,2024-09-24,10391,5088,5303
인천시청,2024-09-24,7323,3511,3812
석천사거리,2024-09-24,10546,5502,5044
모래내시장,2024-09-24,17056,8343,8713
만수,2024-09-24,10781,5591,5190
남동구청,2024-09-24,10089,5245,4844
인천대공원,2024-09-24,6819,3444,3375
운연(서창),2024-09-24,2747,1441,1306
검단오류(검단산업단지),2024-09-25,5980,2988,2992
왕길,2024-09-25,5640,2825,2815
검단사거리,2024-09-25,17667,9213,8454
마전,2024-09-25,9085,4439,4646
완정,2024-09-25,16592,8578,8014
독정,2024-09-25,9901,4954,4947
검암,2024-09-25,9368,5107,4261
검바위,2024-09-25,7571,3703,3868
아시아드경기장(공촌사거리),2024-09-25,9869,5207,4662
서구청,2024-09-25,18477,9049,9428
가정(루원시티),2024-09-25,24987,12645,12342
가정중앙시장,2024-09-25,13503,6614,6889
석남(거북시장),2024-09-25,6533,3227,3306
서부여성회관,2024-09-25,8218,4190,4028
인천가좌,2024-09-25,9128,4592,4536
가재울,2024-09-25,8894,4547,4347
주안국가산단,2024-09-25,6172,3037,3135
주안,2024-09-25,16507,7099,9408
시민공원(문화창작지대),2024-09-25,22526,11488,11038
석바위시장,2024-09-25,10625,5220,5405
인천시청,2024-09-25,7737,3760,3977
석천사거리,2024-09-25,10544,5515,5029
모래내시장,2024-09-25,16924,8236,8688
만수,2024-09-25,10745,5605,5140
남동구청,2024-09-25,10215,5306,4909
인천대공원,2024-09-25,5990,3046,2944
운연(서창),2024-09-25,2774,1463,1311
검단오류(검단산업단지),2024-09-26,5850,2899,2951
왕길,2024-09-26,5620,2806,2814
검단사거리,2024-09-26,17111,8937,8174
마전,2024-09-26,9176,4416,4760
완정,2024-09-26,16347,8470,7877
독정,2024-09-26,9965,5039,4926
검암,2024-09-26,9424,5139,4285
검바위,2024-09-26,7393,3556,3837
아시아드경기장(공촌사거리),2024-09-26,9773,5120,4653
서구청,2024-09-26,17980,8941,9039
가정(루원시티),2024-09-26,24634,12625,12009
가정중앙시장,2024-09-26,13236,6452,6784
석남(거북시장),2024-09-26,6266,3035,3231
서부여성회관,2024-09-26,8281,4222,4059
인천가좌,2024-09-26,8981,4511,4470
가재울,2024-09-26,8560,4359,4201
주안국가산단,2024-09-26,6247,3079,3168
주안,2024-09-26,16639,7113,9526
시민공원(문화창작지대),2024-09-26,22014,11207,10807
석바위시장,2024-09-26,10507,5181,5326
인천시청,2024-09-26,7286,3555,3731
석천사거리,2024-09-26,10221,5327,4894
모래내시장,2024-09-26,16769,8117,8652
만수,2024-09-26,10658,5591,5067
남동구청,2024-09-26,9713,5068,4645
인천대공원,2024-09-26,6003,3016,2987
운연(서창),2024-09-26,2668,1392,1276
검단오류(검단산업단지),2024-09-27,5827,2890,2937
왕길,2024-09-27,5616,2816,2800
검단사거리,2024-09-27,17965,9283,8682
마전,2024-09-27,9190,4490,4700
완정,2024-09-27,16867,8766,8101
독정,2024-09-27,9958,4977,4981
검암,2024-09-27,9432,5122,4310
검바위,2024-09-27,7714,3744,3970
아시아드경기장(공촌사거리),2024-09-27,10088,5310,4778
서구청,2024-09-27,19031,9394,9637
가정(루원시티),2024-09-27,25949,13335,12614
가정중앙시장,2024-09-27,13820,6785,7035
석남(거북시장),2024-09-27,6493,3159,3334
서부여성회관,2024-09-27,8738,4442,4296
인천가좌,2024-09-27,9205,4686,4519
가재울,2024-09-27,8957,4621,4336
주안국가산단,2024-09-27,6056,2982,3074
주안,2024-09-27,17159,7286,9873
시민공원(문화창작지대),2024-09-27,22486,11585,10901
석바위시장,2024-09-27,10774,5218,5556
인천시청,2024-09-27,7419,3577,3842
석천사거리,2024-09-27,10168,5283,4885
모래내시장,2024-09-27,17516,8506,9010
만수,2024-09-27,10997,5699,5298
남동구청,2024-09-27,9998,5199,4799
인천대공원,2024-09-27,6046,3023,3023
운연(서창),2024-09-27,2794,1476,1318
검단오류(검단산업단지),2024-09-28,2182,1180,1002
왕길,2024-09-28,4834,2470,2364
검단사거리,2024-09-28,14348,7379,6969
마전,2024-09-28,6289,3121,3168
완정,2024-09-28,11463,6020,5443
독정,2024-09-28,6669,3301,3368
검암,2024-09-28,6812,3790,3022
검바위,2024-09-28,4176,1982,2194
아시아드경기장(공촌사거리),2024-09-28,7097,3679,3418
서구청,2024-09-28,12427,6150,6277
가정(루원시티),2024-09-28,16124,8285,7839
가정중앙시장,2024-09-28,10598,5192,5406
석남(거북시장),2024-09-28,4872,2371,2501
서부여성회관,2024-09-28,6477,3355,3122
인천가좌,2024-09-28,5192,2675,2517
가재울,2024-09-28,5124,2606,2518
주안국가산단,2024-09-28,1659,834,825
주안,2024-09-28,14448,5898,8550
시민공원(문화창작지대),2024-09-28,15943,8202,7741
석바위시장,2024-09-28,7542,3673,3869
인천시청,2024-09-28,5116,2385,2731
석천사거리,2024-09-28,6866,3552,3314
모래내시장,2024-09-28,14261,6977,7284
만수,2024-09-28,8122,4205,3917
남동구청,2024-09-28,6357,3343,3014
인천대공원,2024-09-28,8250,4097,4153
운연(서창),2024-09-28,1971,1008,963
검단오류(검단산업단지),2024-09-29,1513,735,778
왕길,2024-09-29,2217,1107,1110
검단사거리,2024-09-29,10028,5077,4951
마전,2024-09-29,4426,2119,2307
완정,2024-09-29,7730,3959,3771
독정,2024-09-29,4733,2334,2399
검암,2024-09-29,4828,2627,2201
검바위,2024-09-29,3141,1488,1653
아시아드경기장(공촌사거리),2024-09-29,5270,2717,2553
서구청,2024-09-29,8277,4156,4121
가정(루원시티),2024-09-29,10908,5523,5385
가정중앙시장,2024-09-29,7669,3790,3879
석남(거북시장),2024-09-29,3465,1628,1837
서부여성회관,2024-09-29,5212,2670,2542
인천가좌,2024-09-29,3660,1810,1850
가재울,2024-09-29,3727,1914,1813
주안국가산단,2024-09-29,881,421,460
주안,2024-09-29,9576,3959,5617
시민공원(문화창작지대),2024-09-29,11514,5893,5621
석바위시장,2024-09-29,5947,2958,2989
인천시청,2024-09-29,4046,1894,2152
석천사거리,2024-09-29,5044,2602,2442
모래내시장,2024-09-29,11190,5502,5688
만수,2024-09-29,6154,3145,3009
남동구청,2024-09-29,4625,2397,2228
인천대공원,2024-09-29,7624,3834,3790
운연(서창),2024-09-29,1526,767,759
검단오류(검단산업단지),2024-09-30,5856,2923,2933
왕길,2024-09-30,5551,2804,2747
검단사거리,2024-09-30,17390,9139,8251
마전,2024-09-30,9064,4444,4620
완정,2024-09-30,16455,8464,7991
독정,2024-09-30,9575,4851,4724
검암,2024-09-30,9380,5198,4182
검바위,2024-09-30,7410,3638,3772
아시아드경기장(공촌사거리),2024-09-30,9694,5100,4594
서구청,2024-09-30,17967,8862,9105
가정(루원시티),2024-09-30,24760,12709,12051
가정중앙시장,2024-09-30,13302,6518,6784
석남(거북시장),2024-09-30,6373,3144,3229
서부여성회관,2024-09-30,8135,4218,3917
인천가좌,2024-09-30,8969,4548,4421
가재울,2024-09-30,8556,4351,4205
주안국가산단,2024-09-30,6052,2922,3130
주안,2024-09-30,17000,7162,9838
시민공원(문화창작지대),2024-09-30,21827,11277,10550
석바위시장,2024-09-30,10527,5123,5404
인천시청,2024-09-30,6991,3355,3636
석천사거리,2024-09-30,10335,5480,4855
모래내시장,2024-09-30,17184,8408,8776
만수,2024-09-30,10594,5568,5026
남동구청,2024-09-30,9696,5048,4648
인천대공원,2024-09-30,6118,3077,3041
운연(서창),2024-09-30,2668,1419,1249
검단오류(검단산업단지),2024-10-01,2978,1509,1469
왕길,2024-10-01,3143,1579,1564
검단사거리,2024-10-01,11512,5966,5546
마전,2024-10-01,5235,2525,2710
완정,2024-10-01,9580,4912,4668
독정,2024-10-01,5258,2598,2660
검암,2024-10-01,5117,2825,2292
검바위,2024-10-01,3556,1708,1848
아시아드경기장(공촌사거리),2024-10-01,5751,3057,2694
서구청,2024-10-01,10569,5222,5347
가정(루원시티),2024-10-01,12956,6682,6274
가정중앙시장,2024-10-01,9262,4526,4736
석남(거북시장),2024-10-01,3986,1906,2080
서부여성회관,2024-10-01,5227,2655,2572
인천가좌,2024-10-01,5421,2733,2688
가재울,2024-10-01,5113,2589,2524
주안국가산단,2024-10-01,2580,1240,1340
주안,2024-10-01,11425,4740,6685
시민공원(문화창작지대),2024-10-01,14302,7370,6932
석바위시장,2024-10-01,6664,3260,3404
인천시청,2024-10-01,4130,1966,2164
석천사거리,2024-10-01,5799,3067,2732
모래내시장,2024-10-01,12438,6109,6329
만수,2024-10-01,6862,3493,3369
남동구청,2024-10-01,5244,2710,2534
인천대공원,2024-10-01,6253,3094,3159
운연(서창),2024-10-01,1618,829,789
검단오류(검단산업단지),2024-10-02,5657,2824,2833
왕길,2024-10-02,5513,2767,2746
검단사거리,2024-10-02,17674,9286,8388
마전,2024-10-02,9149,4443,4706
완정,2024-10-02,16984,8793,8191
독정,2024-10-02,9553,4728,4825
검암,2024-10-02,9501,5209,4292
검바위,2024-10-02,7661,3800,3861
아시아드경기장(공촌사거리),2024-10-02,9894,5224,4670
서구청,2024-10-02,18126,8955,9171
가정(루원시티),2024-10-02,24856,12697,12159
가정중앙시장,2024-10-02,13672,6710,6962
석남(거북시장),2024-10-02,6585,3215,3370
서부여성회관,2024-10-02,8363,4278,4085
인천가좌,2024-10-02,9041,4607,4434
가재울,2024-10-02,8434,4295,4139
주안국가산단,2024-10-02,6115,2992,3123
주안,2024-10-02,17950,7370,10580
시민공원(문화창작지대),2024-10-02,21838,11233,10605
석바위시장,2024-10-02,10499,5153,5346
인천시청,2024-10-02,7135,3433,3702
석천사거리,2024-10-02,9926,5184,4742
모래내시장,2024-10-02,17008,8331,8677
만수,2024-10-02,10571,5536,5035
남동구청,2024-10-02,9724,5111,4613
인천대공원,2024-10-02,6010,3006,3004
운연(서창),2024-10-02,2667,1437,1230
검단오류(검단산업단지),2024-10-03,2089,1079,1010
왕길,2024-10-03,2816,1422,1394
검단사거리,2024-10-03,11204,5711,5493
마전,2024-10-03,4919,2394,2525
완정,2024-10-03,8870,4557,4313
독정,2024-10-03,5827,2939,2888
검암,2024-10-03,5987,3286,2701
검바위,2024-10-03,3400,1626,1774
아시아드경기장(공촌사거리),2024-10-03,5413,2873,2540
서구청,2024-10-03,9163,4543,4620
가정(루원시티),2024-10-03,12396,6330,6066
가정중앙시장,2024-10-03,8876,4361,4515
석남(거북시장),2024-10-03,4193,2001,2192
서부여성회관,2024-10-03,5278,2693,2585
인천가좌,2024-10-03,4363,2207,2156
가재울,2024-10-03,4330,2212,2118
주안국가산단,2024-10-03,1667,821,846
주안,2024-10-03,11004,4566,6438
시민공원(문화창작지대),2024-10-03,12707,6516,6191
석바위시장,2024-10-03,6116,3029,3087
인천시청,2024-10-03,4282,2052,2230
석천사거리,2024-10-03,5513,2881,2632
모래내시장,2024-10-03,12455,6079,6376
만수,2024-10-03,6800,3502,3298
남동구청,2024-10-03,5139,2705,2434
인천대공원,2024-10-03,9580,4694,4886
운연(서창),2024-10-03,1724,892,832
검단오류(검단산업단지),2024-10-04,4508,2296,2212
왕길,2024-10-04,4859,2479,2380
검단사거리,2024-10-04,16854,8692,8162
마전,2024-10-04,8117,4023,4094
완정,2024-10-04,15485,8035,7450
독정,2024-10-04,8977,4459,4518
검암,2024-10-04,9012,5024,3988
검바위,2024-10-04,6226,3004,3222
아시아드경기장(공촌사거리),2024-10-04,8895,4694,4201
서구청,2024-10-04,17053,8440,8613
가정(루원시티),2024-10-04,22634,11608,11026
가정중앙시장,2024-10-04,13341,6411,6930
석남(거북시장),2024-10-04,6138,3011,3127
서부여성회관,2024-10-04,8404,4299,4105
인천가좌,2024-10-04,7882,3976,3906
가재울,2024-10-04,7541,3865,3676
주안국가산단,2024-10-04,4878,2375,2503
주안,2024-10-04,16058,6879,9179
시민공원(문화창작지대),2024-10-04,20858,10735,10123
석바위시장,2024-10-04,10100,4928,5172
인천시청,2024-10-04,6903,3301,3602
석천사거리,2024-10-04,9228,4810,4418
모래내시장,2024-10-04,16546,8117,8429
만수,2024-10-04,9914,5150,4764
남동구청,2024-10-04,8967,4687,4280
인천대공원,2024-10-04,6327,3184,3143
운연(서창),2024-10-04,2546,1334,1212
검단오류(검단산업단지),2024-10-05,2387,1277,1110
왕길,2024-10-05,3180,1629,1551
검단사거리,2024-10-05,13636,7040,6596
마전,2024-10-05,5935,2967,2968
완정,2024-10-05,10291,5393,4898
독정,2024-10-05,6523,3321,3202
검암,2024-10-05,6914,3879,3035
검바위,2024-10-05,3978,1907,2071
아시아드경기장(공촌사거리),2024-10-05,6722,3443,3279
서구청,2024-10-05,11167,5635,5532
가정(루원시티),2024-10-05,14777,7672,7105
가정중앙시장,2024-10-05,10421,5074,5347
석남(거북시장),2024-10-05,4710,2266,2444
서부여성회관,2024-10-05,6280,3226,3054
인천가좌,2024-10-05,5155,2678,2477
가재울,2024-10-05,4552,2361,2191
주안국가산단,2024-10-05,1342,666,676
주안,2024-10-05,13755,5712,8043
시민공원(문화창작지대),2024-10-05,14858,7675,7183
석바위시장,2024-10-05,7539,3683,3856
인천시청,2024-10-05,4855,2286,2569
석천사거리,2024-10-05,6333,3341,2992
모래내시장,2024-10-05,13854,6806,7048
만수,2024-10-05,7761,4018,3743
남동구청,2024-10-05,6000,3163,2837
인천대공원,2024-10-05,8665,4259,4406
운연(서창),2024-10-05,1954,1012,942
검단오류(검단산업단지),2024-10-06,1431,702,729
왕길,2024-10-06,2060,1058,1002
검단사거리,2024-10-06,9721,4909,4812
마전,2024-10-06,4108,1980,2128
완정,2024-10-06,7501,3781,3720
독정,2024-10-06,4867,2398,2469
검암,2024-10-06,5148,2759,2389
검바위,2024-10-06,3038,1428,1610
아시아드경기장(공촌사거리),2024-10-06,4845,2522,2323
서구청,2024-10-06,8024,4041,3983
가정(루원시티),2024-10-06,10665,5425,5240
가정중앙시장,2024-10-06,7645,3731,3914
석남(거북시장),2024-10-06,3359,1556,1803
서부여성회관,2024-10-06,5021,2599,2422
인천가좌,2024-10-06,3329,1687,1642
가재울,2024-10-06,3532,1788,1744
주안국가산단,2024-10-06,769,378,391
주안,2024-10-06,9418,3884,5534
시민공원(문화창작지대),2024-10-06,11353,5845,5508
석바위시장,2024-10-06,5509,2745,2764
인천시청,2024-10-06,3724,1775,1949
석천사거리,2024-10-06,4911,2519,2392
모래내시장,2024-10-06,10144,4908,5236
만수,2024-10-06,5929,3132,2797
남동구청,2024-10-06,4301,2247,2054
인천대공원,2024-10-06,5996,3002,2994
운연(서창),2024-10-06,1420,736,684
검단오류(검단산업단지),2024-10-07,5826,2883,2943
왕길,2024-10-07,5495,2741,2754
검단사거리,2024-10-07,17060,8926,8134
마전,2024-10-07,8910,4317,4593
완정,2024-10-07,16283,8412,7871
독정,2024-10-07,10026,5037,4989
검암,2024-10-07,9311,5115,4196
검바위,2024-10-07,7537,3672,3865
아시아드경기장(공촌사거리),2024-10-07,9920,5194,4726
서구청,2024-10-07,17612,8763,8849
가정(루원시티),2024-10-07,24368,12497,11871
가정중앙시장,2024-10-07,13111,6452,6659
석남(거북시장),2024-10-07,6443,3154,3289
서부여성회관,2024-10-07,8404,4335,4069
인천가좌,2024-10-07,9049,4591,4458
가재울,2024-10-07,8652,4425,4227
주안국가산단,2024-10-07,6196,3093,3103
주안,2024-10-07,16229,6986,9243
시민공원(문화창작지대),2024-10-07,21656,11153,10503
석바위시장,2024-10-07,10412,5107,5305
인천시청,2024-10-07,6815,3275,3540
석천사거리,2024-10-07,10200,5345,4855
모래내시장,2024-10-07,16994,8223,8771
만수,2024-10-07,10279,5375,4904
남동구청,2024-10-07,9662,5014,4648
인천대공원,2024-10-07,5969,2984,2985
운연(서창),2024-10-07,2623,1391,1232
검단오류(검단산업단지),2024-10-08,5956,2971,2985
왕길,2024-10-08,5710,2844,2866
검단사거리,2024-10-08,18620,9758,8862
마전,2024-10-08,9214,4488,4726
완정,2024-10-08,17000,8818,8182
독정,2024-10-08,10299,5181,5118
검암,2024-10-08,10001,5515,4486
검바위,2024-10-08,7519,3671,3848
아시아드경기장(공촌사거리),2024-10-08,9924,5161,4763
서구청,2024-10-08,18749,9294,9455
가정(루원시티),2024-10-08,25438,13106,12332
가정중앙시장,2024-10-08,13821,6750,7071
석남(거북시장),2024-10-08,6553,3192,3361
서부여성회관,2024-10-08,8781,4553,4228
인천가좌,2024-10-08,9240,4679,4561
가재울,2024-10-08,8819,4531,4288
주안국가산단,2024-10-08,6101,2975,3126
주안,2024-10-08,17027,7217,9810
시민공원(문화창작지대),2024-10-08,22408,11535,10873
석바위시장,2024-10-08,10663,5179,5484
인천시청,2024-10-08,7337,3586,3751
석천사거리,2024-10-08,10517,5534,4983
모래내시장,2024-10-08,17705,8504,9201
만수,2024-10-08,11107,5817,5290
남동구청,2024-10-08,9923,5250,4673
인천대공원,2024-10-08,6928,3498,3430
운연(서창),2024-10-08,2703,1447,1256
검단오류(검단산업단지),2024-10-09,2139,1093,1046
왕길,2024-10-09,2634,1320,1314
검단사거리,2024-10-09,10912,5637,5275
마전,2024-10-09,4712,2287,2425
완정,2024-10-09,8730,4456,4274
독정,2024-10-09,5940,2953,2987
검암,2024-10-09,6336,3427,2909
검바위,2024-10-09,3496,1690,1806
아시아드경기장(공촌사거리),2024-10-09,5687,3051,2636
서구청,2024-10-09,9931,4954,4977
가정(루원시티),2024-10-09,12264,6291,5973
가정중앙시장,2024-10-09,9396,4647,4749
석남(거북시장),2024-10-09,4281,1996,2285
서부여성회관,2024-10-09,5191,2664,2527
인천가좌,2024-10-09,4683,2349,2334
가재울,2024-10-09,4491,2281,2210
주안국가산단,2024-10-09,1888,888,1000
주안,2024-10-09,10996,4635,6361
시민공원(문화창작지대),2024-10-09,13023,6683,6340
석바위시장,2024-10-09,6630,3238,3392
인천시청,2024-10-09,4177,1939,2238
석천사거리,2024-10-09,5732,3040,2692
모래내시장,2024-10-09,13164,6465,6699
만수,2024-10-09,7080,3649,3431
남동구청,2024-10-09,5302,2756,2546
인천대공원,2024-10-09,10846,5339,5507
운연(서창),2024-10-09,1856,969,887
검단오류(검단산업단지),2024-10-10,5835,2930,2905
왕길,2024-10-10,5605,2780,2825
검단사거리,2024-10-10,16919,8807,8112
마전,2024-10-10,9119,4419,4700
완정,2024-10-10,16330,8451,7879
독정,2024-10-10,9953,4985,4968
검암,2024-10-10,9568,5278,4290
검바위,2024-10-10,7523,3648,3875
아시아드경기장(공촌사거리),2024-10-10,9823,5188,4635
서구청,2024-10-10,18321,9085,9236
가정(루원시티),2024-10-10,24691,12546,12145
가정중앙시장,2024-10-10,13255,6456,6799
석남(거북시장),2024-10-10,6542,3175,3367
서부여성회관,2024-10-10,8731,4421,4310
인천가좌,2024-10-10,9144,4592,4552
가재울,2024-10-10,8640,4374,4266
주안국가산단,2024-10-10,6251,3075,3176
주안,2024-10-10,16564,7087,9477
시민공원(문화창작지대),2024-10-10,22007,11343,10664
석바위시장,2024-10-10,10378,5078,5300
인천시청,2024-10-10,7334,3519,3815
석천사거리,2024-10-10,10238,5368,4870
모래내시장,2024-10-10,16815,8197,8618
만수,2024-10-10,10576,5548,5028
남동구청,2024-10-10,9919,5134,4785
인천대공원,2024-10-10,6162,3073,3089
운연(서창),2024-10-10,2654,1406,1248
검단오류(검단산업단지),2024-10-11,5631,2811,2820
왕길,2024-10-11,5677,2831,2846
검단사거리,2024-10-11,18538,9688,8850
마전,2024-10-11,9515,4639,4876
완정,2024-10-11,17385,9065,8320
독정,2024-10-11,10274,5199,5075
검암,2024-10-11,10057,5512,4545
검바위,2024-10-11,7006,3349,3657
아시아드경기장(공촌사거리),2024-10-11,10043,5281,4762
서구청,2024-10-11,18845,9249,9596
가정(루원시티),2024-10-11,25273,12976,12297
가정중앙시장,2024-10-11,13893,6813,7080
석남(거북시장),2024-10-11,6634,3242,3392
서부여성회관,2024-10-11,9138,4662,4476
인천가좌,2024-10-11,8959,4556,4403
가재울,2024-10-11,8986,4690,4296
주안국가산단,2024-10-11,5957,2943,3014
주안,2024-10-11,16875,7245,9630
시민공원(문화창작지대),2024-10-11,22265,11447,10818
석바위시장,2024-10-11,10710,5253,5457
인천시청,2024-10-11,7545,3649,3896
석천사거리,2024-10-11,10857,5699,5158
모래내시장,2024-10-11,18039,8823,9216
만수,2024-10-11,12136,6410,5726
남동구청,2024-10-11,9843,5088,4755
인천대공원,2024-10-11,6552,3302,3250
운연(서창),2024-10-11,2807,1462,1345
검단오류(검단산업단지),2024-10-12,2341,1267,1074
왕길,2024-10-12,3145,1664,1481
검단사거리,2024-10-12,14297,7380,6917
마전,2024-10-12,6199,3062,3137
완정,2024-10-12,10794,5652,5142
독정,2024-10-12,6772,3447,3325
검암,2024-10-12,7183,4004,3179
검바위,2024-10-12,4136,1994,2142
아시아드경기장(공촌사거리),2024-10-12,7031,3595,3436
서구청,2024-10-12,11994,5982,6012
가정(루원시티),2024-10-12,15754,8150,7604
가정중앙시장,2024-10-12,10735,5270,5465
석남(거북시장),2024-10-12,5064,2422,2642
서부여성회관,2024-10-12,6486,3343,3143
인천가좌,2024-10-12,5343,2764,2579
가재울,2024-10-12,5308,2770,2538
주안국가산단,2024-10-12,1692,844,848
주안,2024-10-12,14502,6008,8494
시민공원(문화창작지대),2024-10-12,16438,8478,7960
석바위시장,2024-10-12,8134,3930,4204
인천시청,2024-10-12,5656,2716,2940
석천사거리,2024-10-12,7654,4104,3550
모래내시장,2024-10-12,15444,7564,7880
만수,2024-10-12,9878,5053,4825
남동구청,2024-10-12,6513,3472,3041
인천대공원,2024-10-12,19935,9701,10234
운연(서창),2024-10-12,2185,1121,1064
검단오류(검단산업단지),2024-10-13,1691,860,831
왕길,2024-10-13,2043,1035,1008
검단사거리,2024-10-13,10083,5064,5019
마전,2024-10-13,4252,2022,2230
완정,2024-10-13,7786,3932,3854
독정,2024-10-13,4467,2244,2223
검암,2024-10-13,6979,3648,3331
검바위,2024-10-13,2895,1407,1488
아시아드경기장(공촌사거리),2024-10-13,5288,2741,2547
서구청,2024-10-13,8102,4122,3980
가정(루원시티),2024-10-13,10695,5417,5278
가정중앙시장,2024-10-13,7705,3746,3959
석남(거북시장),2024-10-13,3525,1697,1828
서부여성회관,2024-10-13,5362,2729,2633
인천가좌,2024-10-13,3681,1825,1856
가재울,2024-10-13,3670,1888,1782
주안국가산단,2024-10-13,791,385,406
주안,2024-10-13,10017,4189,5828
시민공원(문화창작지대),2024-10-13,11726,5995,5731
석바위시장,2024-10-13,6096,3000,3096
인천시청,2024-10-13,4042,1850,2192
석천사거리,2024-10-13,5181,2707,2474
모래내시장,2024-10-13,11524,5596,5928
만수,2024-10-13,6676,3479,3197
남동구청,2024-10-13,4611,2415,2196
인천대공원,2024-10-13,8844,4381,4463
운연(서창),2024-10-13,1542,818,724
검단오류(검단산업단지),2024-10-14,5744,2845,2899
왕길,2024-10-14,5515,2765,2750
검단사거리,2024-10-14,17062,8912,8150
마전,2024-10-14,8817,4271,4546
완정,2024-10-14,16140,8414,7726
독정,2024-10-14,9560,4812,4748
검암,2024-10-14,9188,4968,4220
검바위,2024-10-14,7433,3579,3854
아시아드경기장(공촌사거리),2024-10-14,9825,5161,4664
서구청,2024-10-14,17502,8693,8809
가정(루원시티),2024-10-14,24134,12304,11830
가정중앙시장,2024-10-14,12660,6208,6452
석남(거북시장),2024-10-14,6256,3062,3194
서부여성회관,2024-10-14,8305,4259,4046
인천가좌,2024-10-14,9119,4616,4503
가재울,2024-10-14,8560,4386,4174
주안국가산단,2024-10-14,6213,3053,3160
주안,2024-10-14,16286,6986,9300
시민공원(문화창작지대),2024-10-14,21059,10800,10259
석바위시장,2024-10-14,10235,4988,5247
인천시청,2024-10-14,6998,3377,3621
석천사거리,2024-10-14,9994,5191,4803
모래내시장,2024-10-14,16442,8005,8437
만수,2024-10-14,10379,5394,4985
남동구청,2024-10-14,9532,4974,4558
인천대공원,2024-10-14,5231,2614,2617
운연(서창),2024-10-14,2720,1401,1319
검단오류(검단산업단지),2024-10-15,5780,2910,2870
왕길,2024-10-15,5321,2656,2665
검단사거리,2024-10-15,17170,8891,8279
마전,2024-10-15,8975,4376,4599
완정,2024-10-15,16008,8311,7697
독정,2024-10-15,9541,4724,4817
검암,2024-10-15,9147,5000,4147
검바위,2024-10-15,7410,3609,3801
아시아드경기장(공촌사거리),2024-10-15,9580,5086,4494
서구청,2024-10-15,17236,8558,8678
가정(루원시티),2024-10-15,24247,12309,11938
가정중앙시장,2024-10-15,12554,6100,6454
석남(거북시장),2024-10-15,6377,3128,3249
서부여성회관,2024-10-15,8271,4224,4047
인천가좌,2024-10-15,8939,4510,4429
가재울,2024-10-15,8681,4437,4244
주안국가산단,2024-10-15,6294,3069,3225
주안,2024-10-15,16073,6983,9090
시민공원(문화창작지대),2024-10-15,21380,11032,10348
석바위시장,2024-10-15,10183,4979,5204
인천시청,2024-10-15,7031,3379,3652
석천사거리,2024-10-15,10126,5261,4865
모래내시장,2024-10-15,16375,7997,8378
만수,2024-10-15,10287,5368,4919
남동구청,2024-10-15,9469,4919,4550
인천대공원,2024-10-15,4914,2435,2479
운연(서창),2024-10-15,2753,1492,1261
검단오류(검단산업단지),2024-10-16,5867,2955,2912
왕길,2024-10-16,5529,2765,2764
검단사거리,2024-10-16,17244,9037,8207
마전,2024-10-16,9074,4408,4666
완정,2024-10-16,16167,8367,7800
독정,2024-10-16,9830,4916,4914
검암,2024-10-16,9365,5097,4268
검바위,2024-10-16,7712,3744,3968
아시아드경기장(공촌사거리),2024-10-16,10101,5352,4749
서구청,2024-10-16,17969,8753,9216
가정(루원시티),2024-10-16,24917,12713,12204
가정중앙시장,2024-10-16,13117,6386,6731
석남(거북시장),2024-10-16,6725,3270,3455
서부여성회관,2024-10-16,8612,4468,4144
인천가좌,2024-10-16,9094,4620,4474
가재울,2024-10-16,8915,4496,4419
주안국가산단,2024-10-16,6256,3062,3194
주안,2024-10-16,16612,7144,9468
시민공원(문화창작지대),2024-10-16,21894,11299,10595
석바위시장,2024-10-16,10826,5230,5596
인천시청,2024-10-16,8030,3831,4199
석천사거리,2024-10-16,10464,5453,5011
모래내시장,2024-10-16,17188,8279,8909
만수,2024-10-16,10936,5705,5231
남동구청,2024-10-16,9827,5184,4643
인천대공원,2024-10-16,6066,3035,3031
운연(서창),2024-10-16,2820,1482,1338
검단오류(검단산업단지),2024-10-17,5833,2924,2909
왕길,2024-10-17,5483,2729,2754
검단사거리,2024-10-17,17284,8997,8287
마전,2024-10-17,9233,4439,4794
완정,2024-10-17,15982,8231,7751
독정,2024-10-17,9525,4851,4674
검암,2024-10-17,9510,5224,4286
검바위,2024-10-17,7559,3648,3911
아시아드경기장(공촌사거리),2024-10-17,9608,5068,4540
서구청,2024-10-17,17588,8663,8925
가정(루원시티),2024-10-17,24720,12641,12079
가정중앙시장,2024-10-17,13100,6397,6703
석남(거북시장),2024-10-17,6466,3164,3302
서부여성회관,2024-10-17,8779,4536,4243
인천가좌,2024-10-17,9072,4578,4494
가재울,2024-10-17,8723,4426,4297
주안국가산단,2024-10-17,6225,3068,3157
주안,2024-10-17,16883,7259,9624
시민공원(문화창작지대),2024-10-17,21821,11223,10598
석바위시장,2024-10-17,10501,5066,5435
인천시청,2024-10-17,7843,3727,4116
석천사거리,2024-10-17,10267,5317,4950
모래내시장,2024-10-17,16990,8247,8743
만수,2024-10-17,10691,5595,5096
남동구청,2024-10-17,9710,5071,4639
인천대공원,2024-10-17,6799,3400,3399
운연(서창),2024-10-17,2803,1479,1324
검단오류(검단산업단지),2024-10-18,5424,2714,2710
왕길,2024-10-18,5185,2621,2564
검단사거리,2024-10-18,17003,8858,8145
마전,2024-10-18,9574,4712,4862
완정,2024-10-18,15277,7954,7323
독정,2024-10-18,9281,4625,4656
검암,2024-10-18,9032,4873,4159
검바위,2024-10-18,7143,3488,3655
아시아드경기장(공촌사거리),2024-10-18,9140,4857,4283
서구청,2024-10-18,16700,8209,8491
가정(루원시티),2024-10-18,23826,12169,11657
가정중앙시장,2024-10-18,12010,5839,6171
석남(거북시장),2024-10-18,6120,3013,3107
서부여성회관,2024-10-18,8258,4237,4021
인천가좌,2024-10-18,8470,4279,4191
가재울,2024-10-18,8036,4120,3916
주안국가산단,2024-10-18,5878,2836,3042
주안,2024-10-18,15812,6704,9108
시민공원(문화창작지대),2024-10-18,20651,10705,9946
석바위시장,2024-10-18,9755,4798,4957
인천시청,2024-10-18,6626,3176,3450
석천사거리,2024-10-18,9559,4986,4573
모래내시장,2024-10-18,14713,7216,7497
만수,2024-10-18,9865,5186,4679
남동구청,2024-10-18,8809,4591,4218
인천대공원,2024-10-18,4046,2026,2020
운연(서창),2024-10-18,2353,1255,1098
검단오류(검단산업단지),2024-10-19,2214,1177,1037
왕길,2024-10-19,3332,1696,1636
검단사거리,2024-10-19,14268,7411,6857
마전,2024-10-19,6195,3070,3125
완정,2024-10-19,10818,5658,5160
독정,2024-10-19,6697,3361,3336
검암,2024-10-19,6416,3467,2949
검바위,2024-10-19,4072,1978,2094
아시아드경기장(공촌사거리),2024-10-19,7320,3776,3544
서구청,2024-10-19,11990,6112,5878
가정(루원시티),2024-10-19,15495,8073,7422
가정중앙시장,2024-10-19,10884,5348,5536
석남(거북시장),2024-10-19,4922,2364,2558
서부여성회관,2024-10-19,6311,3299,3012
인천가좌,2024-10-19,5240,2670,2570
가재울,2024-10-19,5184,2656,2528
주안국가산단,2024-10-19,1400,685,715
주안,2024-10-19,14304,5921,8383
시민공원(문화창작지대),2024-10-19,15396,7848,7548
석바위시장,2024-10-19,7434,3620,3814
인천시청,2024-10-19,5216,2455,2761
석천사거리,2024-10-19,6893,3698,3195
모래내시장,2024-10-19,14227,6920,7307
만수,2024-10-19,8176,4246,3930
남동구청,2024-10-19,6057,3151,2906
인천대공원,2024-10-19,8084,4013,4071
운연(서창),2024-10-19,2074,1058,1016
검단오류(검단산업단지),2024-10-20,1679,828,851
왕길,2024-10-20,2260,1126,1134
검단사거리,2024-10-20,10575,5312,5263
마전,2024-10-20,4424,2153,2271
완정,2024-10-20,7881,4042,3839
독정,2024-10-20,4870,2374,2496
검암,2024-10-20,4733,2578,2155
검바위,2024-10-20,3068,1442,1626
아시아드경기장(공촌사거리),2024-10-20,5636,2911,2725
서구청,2024-10-20,8510,4287,4223
가정(루원시티),2024-10-20,11110,5564,5546
가정중앙시장,2024-10-20,8035,3942,4093
석남(거북시장),2024-10-20,3615,1739,1876
서부여성회관,2024-10-20,5559,2848,2711
인천가좌,2024-10-20,3590,1791,1799
가재울,2024-10-20,3617,1838,1779
주안국가산단,2024-10-20,770,358,412
주안,2024-10-20,9857,4086,5771
시민공원(문화창작지대),2024-10-20,12029,6202,5827
석바위시장,2024-10-20,6143,3006,3137
인천시청,2024-10-20,4237,2031,2206
석천사거리,2024-10-20,5102,2617,2485
모래내시장,2024-10-20,11582,5655,5927
만수,2024-10-20,6736,3478,3258
남동구청,2024-10-20,4747,2521,2226
인천대공원,2024-10-20,8353,4154,4199
운연(서창),2024-10-20,1556,787,769
검단오류(검단산업단지),2024-10-21,5803,2878,2925
왕길,2024-10-21,5512,2770,2742
검단사거리,2024-10-21,16928,8875,8053
마전,2024-10-21,8943,4313,4630
완정,2024-10-21,15800,8193,7607
독정,2024-10-21,9582,4815,4767
검암,2024-10-21,8939,4828,4111
검바위,2024-10-21,7583,3676,3907
아시아드경기장(공촌사거리),2024-10-21,9636,5097,4539
서구청,2024-10-21,18038,8957,9081
가정(루원시티),2024-10-21,24376,12457,11919
가정중앙시장,2024-10-21,12890,6338,6552
석남(거북시장),2024-10-21,6344,3119,3225
서부여성회관,2024-10-21,8318,4291,4027
인천가좌,2024-10-21,9038,4570,4468
가재울,2024-10-21,8511,4305,4206
주안국가산단,2024-10-21,6256,3059,3197
주안,2024-10-21,16128,6964,9164
시민공원(문화창작지대),2024-10-21,21069,10852,10217
석바위시장,2024-10-21,10398,5071,5327
인천시청,2024-10-21,6906,3286,3620
석천사거리,2024-10-21,9934,5219,4715
모래내시장,2024-10-21,17009,8283,8726
만수,2024-10-21,10569,5511,5058
남동구청,2024-10-21,9626,5004,4622
인천대공원,2024-10-21,5390,2687,2703
운연(서창),2024-10-21,2656,1403,1253
검단오류(검단산업단지),2024-10-22,5582,2798,2784
왕길,2024-10-22,5242,2618,2624
검단사거리,2024-10-22,16204,8474,7730
마전,2024-10-22,8698,4196,4502
완정,2024-10-22,15418,7962,7456
독정,2024-10-22,9163,4442,4721
검암,2024-10-22,8843,4725,4118
검바위,2024-10-22,7221,3446,3775
아시아드경기장(공촌사거리),2024-10-22,8918,4672,4246
서구청,2024-10-22,16826,8435,8391
가정(루원시티),2024-10-22,23529,11957,11572
가정중앙시장,2024-10-22,11929,5805,6124
석남(거북시장),2024-10-22,5937,2890,3047
서부여성회관,2024-10-22,7919,4030,3889
인천가좌,2024-10-22,8607,4356,4251
가재울,2024-10-22,8230,4190,4040
주안국가산단,2024-10-22,6289,3086,3203
주안,2024-10-22,15441,6664,8777
시민공원(문화창작지대),2024-10-22,20224,10522,9702
석바위시장,2024-10-22,9903,4822,5081
인천시청,2024-10-22,6566,3107,3459
석천사거리,2024-10-22,10525,5431,5094
모래내시장,2024-10-22,14837,7229,7608
만수,2024-10-22,9775,5081,4694
남동구청,2024-10-22,9310,4828,4482
인천대공원,2024-10-22,3849,1905,1944
운연(서창),2024-10-22,2337,1247,1090
검단오류(검단산업단지),2024-10-23,6023,3022,3001
왕길,2024-10-23,5478,2750,2728
검단사거리,2024-10-23,17226,9005,8221
마전,2024-10-23,8959,4352,4607
완정,2024-10-23,16285,8412,7873
독정,2024-10-23,9742,4894,4848
검암,2024-10-23,9436,5182,4254
검바위,2024-10-23,7161,3467,3694
아시아드경기장(공촌사거리),2024-10-23,9714,5171,4543
서구청,2024-10-23,17788,8772,9016
가정(루원시티),2024-10-23,25749,13143,12606
가정중앙시장,2024-10-23,13306,6491,6815
석남(거북시장),2024-10-23,6450,3140,3310
서부여성회관,2024-10-23,8417,4335,4082
인천가좌,2024-10-23,9231,4679,4552
가재울,2024-10-23,8816,4495,4321
주안국가산단,2024-10-23,6320,3128,3192
주안,2024-10-23,16275,6963,9312
시민공원(문화창작지대),2024-10-23,21705,11230,10475
석바위시장,2024-10-23,10730,5199,5531
인천시청,2024-10-23,7522,3599,3923
석천사거리,2024-10-23,10204,5314,4890
모래내시장,2024-10-23,17028,8227,8801
만수,2024-10-23,10568,5460,5108
남동구청,2024-10-23,9815,5043,4772
인천대공원,2024-10-23,5831,2929,2902
운연(서창),2024-10-23,2655,1407,1248
검단오류(검단산업단지),2024-10-24,5835,2920,2915
왕길,2024-10-24,5496,2749,2747
검단사거리,2024-10-24,17034,8838,8196
마전,2024-10-24,9027,4382,4645
완정,2024-10-24,15997,8262,7735
독정,2024-10-24,9871,5054,4817
검암,2024-10-24,9258,5026,4232
검바위,2024-10-24,7579,3645,3934
아시아드경기장(공촌사거리),2024-10-24,9336,4927,4409
서구청,2024-10-24,17899,8834,9065
가정(루원시티),2024-10-24,24825,12618,12207
가정중앙시장,2024-10-24,13355,6547,6808
석남(거북시장),2024-10-24,6346,3115,3231
서부여성회관,2024-10-24,8544,4404,4140
인천가좌,2024-10-24,9255,4637,4618
가재울,2024-10-24,8424,4307,4117
주안국가산단,2024-10-24,6403,3124,3279
주안,2024-10-24,16446,7058,9388
시민공원(문화창작지대),2024-10-24,21732,11157,10575
석바위시장,2024-10-24,10618,5135,5483
인천시청,2024-10-24,7360,3507,3853
석천사거리,2024-10-24,10199,5359,4840
모래내시장,2024-10-24,17024,8289,8735
만수,2024-10-24,10531,5475,5056
남동구청,2024-10-24,9804,5133,4671
인천대공원,2024-10-24,6488,3250,3238
운연(서창),2024-10-24,2668,1405,1263
검단오류(검단산업단지),2024-10-25,5764,2882,2882
왕길,2024-10-25,5594,2833,2761
검단사거리,2024-10-25,18909,9885,9024
마전,2024-10-25,9310,4548,4762
완정,2024-10-25,18304,9563,8741
독정,2024-10-25,10457,5238,5219
검암,2024-10-25,9483,5155,4328
검바위,2024-10-25,7713,3708,4005
아시아드경기장(공촌사거리),2024-10-25,13974,7182,6792
서구청,2024-10-25,25299,12650,12649
가정(루원시티),2024-10-25,25721,13165,12556
가정중앙시장,2024-10-25,13833,6831,7002
석남(거북시장),2024-10-25,6873,3441,3432
서부여성회관,2024-10-25,9394,4826,4568
인천가좌,2024-10-25,9337,4768,4569
가재울,2024-10-25,8921,4596,4325
주안국가산단,2024-10-25,6132,3052,3080
주안,2024-10-25,17038,7256,9782
시민공원(문화창작지대),2024-10-25,22037,11334,10703
석바위시장,2024-10-25,10751,5207,5544
인천시청,2024-10-25,7898,3729,4169
석천사거리,2024-10-25,10713,5634,5079
모래내시장,2024-10-25,18230,8891,9339
만수,2024-10-25,11317,5910,5407
남동구청,2024-10-25,10171,5313,4858
인천대공원,2024-10-25,6758,3425,3333
운연(서창),2024-10-25,2937,1572,1365
검단오류(검단산업단지),2024-10-26,2298,1247,1051
왕길,2024-10-26,4619,2333,2286
검단사거리,2024-10-26,14813,7658,7155
마전,2024-10-26,6747,3295,3452
완정,2024-10-26,11751,6138,5613
독정,2024-10-26,6923,3459,3464
검암,2024-10-26,6394,3554,2840
검바위,2024-10-26,4865,2387,2478
아시아드경기장(공촌사거리),2024-10-26,10136,5173,4963
서구청,2024-10-26,19307,9987,9320
가정(루원시티),2024-10-26,16780,8622,8158
가정중앙시장,2024-10-26,10878,5402,5476
석남(거북시장),2024-10-26,4928,2405,2523
서부여성회관,2024-10-26,6877,3541,3336
인천가좌,2024-10-26,5436,2807,2629
가재울,2024-10-26,5170,2710,2460
주안국가산단,2024-10-26,1526,755,771
주안,2024-10-26,14896,6197,8699
시민공원(문화창작지대),2024-10-26,16621,8534,8087
석바위시장,2024-10-26,7879,3873,4006
인천시청,2024-10-26,5445,2597,2848
석천사거리,2024-10-26,7241,3821,3420
모래내시장,2024-10-26,15072,7350,7722
만수,2024-10-26,8701,4585,4116
남동구청,2024-10-26,6651,3481,3170
인천대공원,2024-10-26,10305,5097,5208
운연(서창),2024-10-26,2294,1184,1110
검단오류(검단산업단지),2024-10-27,1544,768,776
왕길,2024-10-27,2143,1082,1061
검단사거리,2024-10-27,10528,5332,5196
마전,2024-10-27,4334,2091,2243
완정,2024-10-27,8126,4132,3994
독정,2024-10-27,4275,2128,2147
검암,2024-10-27,4643,2526,2117
검바위,2024-10-27,3166,1489,1677
아시아드경기장(공촌사거리),2024-10-27,5466,2854,2612
서구청,2024-10-27,8455,4227,4228
가정(루원시티),2024-10-27,11372,5690,5682
가정중앙시장,2024-10-27,8433,4183,4250
석남(거북시장),2024-10-27,3570,1684,1886
서부여성회관,2024-10-27,5328,2750,2578
인천가좌,2024-10-27,3760,1894,1866
가재울,2024-10-27,3814,1969,1845
주안국가산단,2024-10-27,775,368,407
주안,2024-10-27,9854,4099,5755
시민공원(문화창작지대),2024-10-27,12181,6171,6010
석바위시장,2024-10-27,6010,3024,2986
인천시청,2024-10-27,4260,2001,2259
석천사거리,2024-10-27,5394,2828,2566
모래내시장,2024-10-27,11163,5460,5703
만수,2024-10-27,6025,3111,2914
남동구청,2024-10-27,4695,2462,2233
인천대공원,2024-10-27,7966,3963,4003
운연(서창),2024-10-27,1550,802,748
검단오류(검단산업단지),2024-10-28,5722,2834,2888
왕길,2024-10-28,5353,2699,2654
검단사거리,2024-10-28,17127,9019,8108
마전,2024-10-28,8871,4297,4574
완정,2024-10-28,16145,8313,7832
독정,2024-10-28,9631,4851,4780
검암,2024-10-28,9240,5029,4211
검바위,2024-10-28,7555,3667,3888
아시아드경기장(공촌사거리),2024-10-28,9851,5167,4684
서구청,2024-10-28,18326,9187,9139
가정(루원시티),2024-10-28,24400,12404,11996
가정중앙시장,2024-10-28,12997,6398,6599
석남(거북시장),2024-10-28,6202,3031,3171
서부여성회관,2024-10-28,8258,4266,3992
인천가좌,2024-10-28,8946,4471,4475
가재울,2024-10-28,8545,4384,4161
주안국가산단,2024-10-28,6186,3041,3145
주안,2024-10-28,16095,6785,9310
시민공원(문화창작지대),2024-10-28,21636,11219,10417
석바위시장,2024-10-28,10473,5108,5365
인천시청,2024-10-28,7184,3477,3707
석천사거리,2024-10-28,10095,5296,4799
모래내시장,2024-10-28,16632,8075,8557
만수,2024-10-28,10278,5359,4919
남동구청,2024-10-28,9690,5044,4646
인천대공원,2024-10-28,6219,3138,3081
운연(서창),2024-10-28,2623,1415,1208
검단오류(검단산업단지),2024-10-29,5860,2949,2911
왕길,2024-10-29,5422,2675,2747
검단사거리,2024-10-29,17161,9010,8151
마전,2024-10-29,8972,4325,4647
완정,2024-10-29,16317,8389,7928
독정,2024-10-29,9771,4866,4905
검암,2024-10-29,9427,5125,4302
검바위,2024-10-29,7560,3667,3893
아시아드경기장(공촌사거리),2024-10-29,9733,5097,4636
서구청,2024-10-29,18276,9068,9208
가정(루원시티),2024-10-29,24441,12521,11920
가정중앙시장,2024-10-29,13042,6383,6659
석남(거북시장),2024-10-29,6102,2987,3115
서부여성회관,2024-10-29,8371,4328,4043
인천가좌,2024-10-29,9057,4519,4538
가재울,2024-10-29,8732,4374,4358
주안국가산단,2024-10-29,6387,3164,3223
주안,2024-10-29,16204,6897,9307
시민공원(문화창작지대),2024-10-29,21630,11172,10458
석바위시장,2024-10-29,10400,5066,5334
인천시청,2024-10-29,7388,3500,3888
석천사거리,2024-10-29,10397,5457,4940
모래내시장,2024-10-29,16785,8152,8633
만수,2024-10-29,10685,5518,5167
남동구청,2024-10-29,9982,5198,4784
인천대공원,2024-10-29,5858,2960,2898
운연(서창),2024-10-29,2538,1339,1199
검단오류(검단산업단지),2024-10-30,5939,2955,2984
왕길,2024-10-30,5448,2719,2729
검단사거리,2024-10-30,17125,8953,8172
마전,2024-10-30,9091,4468,4623
완정,2024-10-30,16405,8498,7907
독정,2024-10-30,9721,4850,4871
검암,2024-10-30,9286,5057,4229
검바위,2024-10-30,7354,3396,3958
아시아드경기장(공촌사거리),2024-10-30,10090,5330,4760
서구청,2024-10-30,18442,9104,9338
가정(루원시티),2024-10-30,25022,12765,12257
가정중앙시장,2024-10-30,13310,6447,6863
석남(거북시장),2024-10-30,6272,3113,3159
서부여성회관,2024-10-30,8566,4431,4135
인천가좌,2024-10-30,9051,4548,4503
가재울,2024-10-30,8701,4402,4299
주안국가산단,2024-10-30,6321,3072,3249
주안,2024-10-30,16560,7099,9461
시민공원(문화창작지대),2024-10-30,22249,11464,10785
석바위시장,2024-10-30,10674,5223,5451
인천시청,2024-10-30,7285,3494,3791
석천사거리,2024-10-30,10325,5476,4849
모래내시장,2024-10-30,17454,8564,8890
만수,2024-10-30,10793,5560,5233
남동구청,2024-10-30,9861,5157,4704
인천대공원,2024-10-30,7309,3603,3706
운연(서창),2024-10-30,2749,1480,1269
검단오류(검단산업단지),2024-10-31,5957,2973,2984
왕길,2024-10-31,5462,2707,2755
검단사거리,2024-10-31,17196,9046,8150
마전,2024-10-31,9035,4354,4681
완정,2024-10-31,16508,8504,8004
독정,2024-10-31,9964,5114,4850
검암,2024-10-31,9335,5048,4287
검바위,2024-10-31,7433,3597,3836
아시아드경기장(공촌사거리),2024-10-31,9715,5147,4568
서구청,2024-10-31,18408,9191,9217
가정(루원시티),2024-10-31,24929,12670,12259
가정중앙시장,2024-10-31,13410,6530,6880
석남(거북시장),2024-10-31,6219,3044,3175
서부여성회관,2024-10-31,8558,4364,4194
인천가좌,2024-10-31,9073,4552,4521
가재울,2024-10-31,8554,4387,4167
주안국가산단,2024-10-31,6258,3057,3201
주안,2024-10-31,16618,7131,9487
시민공원(문화창작지대),2024-10-31,22098,11392,10706
석바위시장,2024-10-31,10471,5081,5390
인천시청,2024-10-31,7398,3556,3842
석천사거리,2024-10-31,10337,5406,4931
모래내시장,2024-10-31,17376,8393,8983
만수,2024-10-31,10783,5605,5178
남동구청,2024-10-31,9602,5021,4581
인천대공원,2024-10-31,7297,3649,3648
운연(서창),2024-10-31,2885,1529,1356
검단오류(검단산업단지),2024-11-01,5883,2943,2940
왕길,2024-11-01,5615,2828,2787
검단사거리,2024-11-01,17882,9306,8576
마전,2024-11-01,9026,4405,4621
완정,2024-11-01,16668,8625,8043
독정,2024-11-01,10229,5119,5110
검암,2024-11-01,9265,5066,4199
검바위,2024-11-01,7799,3785,4014
아시아드경기장(공촌사거리),2024-11-01,9712,5151,4561
서구청,2024-11-01,18213,8960,9253
가정(루원시티),2024-11-01,25065,12733,12332
가정중앙시장,2024-11-01,13903,6799,7104
석남(거북시장),2024-11-01,6307,3123,3184
서부여성회관,2024-11-01,8918,4559,4359
인천가좌,2024-11-01,8855,4486,4369
가재울,2024-11-01,8429,4286,4143
주안국가산단,2024-11-01,6134,3014,3120
주안,2024-11-01,16907,7186,9721
시민공원(문화창작지대),2024-11-01,21554,11133,10421
석바위시장,2024-11-01,10625,5172,5453
인천시청,2024-11-01,7258,3466,3792
석천사거리,2024-11-01,10271,5414,4857
모래내시장,2024-11-01,17464,8399,9065
만수,2024-11-01,10741,5650,5091
남동구청,2024-11-01,9663,5096,4567
인천대공원,2024-11-01,7269,3643,3626
운연(서창),2024-11-01,2735,1474,1261
검단오류(검단산업단지),2024-11-02,2182,1182,1000
왕길,2024-11-02,3283,1687,1596
검단사거리,2024-11-02,14270,7388,6882
마전,2024-11-02,6473,3176,3297
완정,2024-11-02,11276,5951,5325
독정,2024-11-02,7233,3606,3627
검암,2024-11-02,6345,3460,2885
검바위,2024-11-02,4103,2013,2090
아시아드경기장(공촌사거리),2024-11-02,7147,3671,3476
서구청,2024-11-02,11876,5894,5982
가정(루원시티),2024-11-02,15947,8221,7726
가정중앙시장,2024-11-02,10375,5151,5224
석남(거북시장),2024-11-02,4759,2324,2435
서부여성회관,2024-11-02,6183,3192,2991
인천가좌,2024-11-02,5182,2648,2534
가재울,2024-11-02,4854,2564,2290
주안국가산단,2024-11-02,1543,744,799
주안,2024-11-02,14550,5958,8592
시민공원(문화창작지대),2024-11-02,15402,7874,7528
석바위시장,2024-11-02,7318,3598,3720
인천시청,2024-11-02,5147,2455,2692
석천사거리,2024-11-02,6951,3629,3322
모래내시장,2024-11-02,14386,7106,7280
만수,2024-11-02,8180,4251,3929
남동구청,2024-11-02,6253,3244,3009
인천대공원,2024-11-02,10879,5398,5481
운연(서창),2024-11-02,2084,1121,963
검단오류(검단산업단지),2024-11-03,1586,780,806
왕길,2024-11-03,2247,1141,1106
검단사거리,2024-11-03,10578,5296,5282
마전,2024-11-03,4456,2103,2353
완정,2024-11-03,7634,3879,3755
독정,2024-11-03,5426,2670,2756
검암,2024-11-03,4858,2604,2254
검바위,2024-11-03,3160,1493,1667
아시아드경기장(공촌사거리),2024-11-03,5373,2717,2656
서구청,2024-11-03,8332,4208,4124
가정(루원시티),2024-11-03,11323,5770,5553
가정중앙시장,2024-11-03,8182,4041,4141
석남(거북시장),2024-11-03,3532,1675,1857
서부여성회관,2024-11-03,5569,2816,2753
인천가좌,2024-11-03,3728,1866,1862
가재울,2024-11-03,3869,1957,1912
주안국가산단,2024-11-03,874,417,457
주안,2024-11-03,10139,4171,5968
시민공원(문화창작지대),2024-11-03,12232,6337,5895
석바위시장,2024-11-03,5879,2916,2963
인천시청,2024-11-03,4186,1941,2245
석천사거리,2024-11-03,5567,2911,2656
모래내시장,2024-11-03,11695,5697,5998
만수,2024-11-03,6336,3238,3098
남동구청,2024-11-03,4786,2561,2225
인천대공원,2024-11-03,11879,5932,5947
운연(서창),2024-11-03,1655,917,738
검단오류(검단산업단지),2024-11-04,5754,2860,2894
왕길,2024-11-04,5453,2716,2737
검단사거리,2024-11-04,16916,8826,8090
마전,2024-11-04,8779,4271,4508
완정,2024-11-04,15942,8250,7692
독정,2024-11-04,10126,5089,5037
검암,2024-11-04,9061,4856,4205
검바위,2024-11-04,7518,3675,3843
아시아드경기장(공촌사거리),2024-11-04,9831,5178,4653
서구청,2024-11-04,17567,8677,8890
가정(루원시티),2024-11-04,24348,12404,11944
가정중앙시장,2024-11-04,12758,6194,6564
석남(거북시장),2024-11-04,6176,3028,3148
서부여성회관,2024-11-04,8373,4273,4100
인천가좌,2024-11-04,8889,4490,4399
가재울,2024-11-04,8634,4383,4251
주안국가산단,2024-11-04,6274,3119,3155
주안,2024-11-04,16110,6923,9187
시민공원(문화창작지대),2024-11-04,21307,10961,10346
석바위시장,2024-11-04,10301,5021,5280
인천시청,2024-11-04,6910,3291,3619
석천사거리,2024-11-04,10261,5353,4908
모래내시장,2024-11-04,16664,8090,8574
만수,2024-11-04,10388,5398,4990
남동구청,2024-11-04,9737,5134,4603
인천대공원,2024-11-04,6150,3059,3091
운연(서창),2024-11-04,2631,1420,1211
검단오류(검단산업단지),2024-11-05,5725,2862,2863
왕길,2024-11-05,5460,2719,2741
검단사거리,2024-11-05,16935,8890,8045
마전,2024-11-05,8938,4292,4646
완정,2024-11-05,16377,8474,7903
독정,2024-11-05,9974,4978,4996
검암,2024-11-05,9188,4967,4221
검바위,2024-11-05,7341,3555,3786
아시아드경기장(공촌사거리),2024-11-05,9918,5236,4682
서구청,2024-11-05,17921,8828,9093
가정(루원시티),2024-11-05,24759,12590,12169
가정중앙시장,2024-11-05,13159,6409,6750
석남(거북시장),2024-11-05,6177,3016,3161
서부여성회관,2024-11-05,8523,4364,4159
인천가좌,2024-11-05,8933,4491,4442
가재울,2024-11-05,8801,4486,4315
주안국가산단,2024-11-05,6248,3082,3166
주안,2024-11-05,16138,6896,9242
시민공원(문화창작지대),2024-11-05,21702,11132,10570
석바위시장,2024-11-05,10367,5084,5283
인천시청,2024-11-05,7145,3387,3758
석천사거리,2024-11-05,10446,5405,5041
모래내시장,2024-11-05,17147,8318,8829
만수,2024-11-05,10683,5563,5120
남동구청,2024-11-05,9821,5138,4683
인천대공원,2024-11-05,6514,3279,3235
운연(서창),2024-11-05,2642,1397,1245
검단오류(검단산업단지),2024-11-06,5855,2933,2922
왕길,2024-11-06,5488,2739,2749
검단사거리,2024-11-06,17380,9020,8360
마전,2024-11-06,9171,4453,4718
완정,2024-11-06,16308,8442,7866
독정,2024-11-06,10031,5035,4996
검암,2024-11-06,9395,5089,4306
검바위,2024-11-06,7506,3609,3897
아시아드경기장(공촌사거리),2024-11-06,10073,5274,4799
서구청,2024-11-06,17540,8671,8869
가정(루원시티),2024-11-06,25059,12745,12314
가정중앙시장,2024-11-06,13012,6392,6620
석남(거북시장),2024-11-06,6260,3077,3183
서부여성회관,2024-11-06,8442,4359,4083
인천가좌,2024-11-06,9023,4545,4478
가재울,2024-11-06,8865,4515,4350
주안국가산단,2024-11-06,6176,3038,3138
주안,2024-11-06,16187,6931,9256
시민공원(문화창작지대),2024-11-06,21348,10991,10357
석바위시장,2024-11-06,10278,4981,5297
인천시청,2024-11-06,7288,3485,3803
석천사거리,2024-11-06,10283,5351,4932
모래내시장,2024-11-06,16811,8181,8630
만수,2024-11-06,10794,5618,5176
남동구청,2024-11-06,9742,5112,4630
인천대공원,2024-11-06,5668,2868,2800
운연(서창),2024-11-06,2608,1395,1213
검단오류(검단산업단지),2024-11-07,5775,2886,2889
왕길,2024-11-07,5283,2651,2632
검단사거리,2024-11-07,17052,8839,8213
마전,2024-11-07,8983,4325,4658
완정,2024-11-07,16348,8450,7898
독정,2024-11-07,10079,5163,4916
검암,2024-11-07,9354,5051,4303
검바위,2024-11-07,7559,3623,3936
아시아드경기장(공촌사거리),2024-11-07,9607,5089,4518
서구청,2024-11-07,17454,8532,8922
가정(루원시티),2024-11-07,24966,12610,12356
가정중앙시장,2024-11-07,13014,6344,6670
석남(거북시장),2024-11-07,6214,3070,3144
서부여성회관,2024-11-07,8428,4262,4166
인천가좌,2024-11-07,9189,4667,4522
가재울,2024-11-07,8401,4333,4068
주안국가산단,2024-11-07,6164,3046,3118
주안,2024-11-07,16282,7005,9277
시민공원(문화창작지대),2024-11-07,21448,11080,10368
석바위시장,2024-11-07,10331,5014,5317
인천시청,2024-11-07,7027,3396,3631
석천사거리,2024-11-07,10151,5230,4921
모래내시장,2024-11-07,16915,8194,8721
만수,2024-11-07,10443,5509,4934
남동구청,2024-11-07,9373,4900,4473
인천대공원,2024-11-07,5812,2920,2892
운연(서창),2024-11-07,2632,1427,1205
검단오류(검단산업단지),2024-11-08,5702,2845,2857
왕길,2024-11-08,5622,2851,2771
검단사거리,2024-11-08,18660,9780,8880
마전,2024-11-08,9086,4410,4676
완정,2024-11-08,17175,8908,8267
독정,2024-11-08,9844,4946,4898
검암,2024-11-08,9381,5075,4306
검바위,2024-11-08,8005,3897,4108
아시아드경기장(공촌사거리),2024-11-08,9970,5262,4708
서구청,2024-11-08,18236,9041,9195
가정(루원시티),2024-11-08,25159,12863,12296
가정중앙시장,2024-11-08,13851,6768,7083
석남(거북시장),2024-11-08,6405,3155,3250
서부여성회관,2024-11-08,8856,4545,4311
인천가좌,2024-11-08,9035,4564,4471
가재울,2024-11-08,8840,4547,4293
주안국가산단,2024-11-08,6209,3048,3161
주안,2024-11-08,16902,7194,9708
시민공원(문화창작지대),2024-11-08,21440,11063,10377
석바위시장,2024-11-08,10441,5113,5328
인천시청,2024-11-08,7560,3599,3961
석천사거리,2024-11-08,10575,5474,5101
모래내시장,2024-11-08,17703,8573,9130
만수,2024-11-08,10987,5748,5239
남동구청,2024-11-08,9806,5121,4685
인천대공원,2024-11-08,6832,3417,3415
운연(서창),2024-11-08,2726,1459,1267
검단오류(검단산업단지),2024-11-09,2360,1296,1064
왕길,2024-11-09,3101,1625,1476
검단사거리,2024-11-09,13925,7252,6673
마전,2024-11-09,6293,3131,3162
완정,2024-11-09,11109,5799,5310
독정,2024-11-09,6758,3358,3400
검암,2024-11-09,6248,3432,2816
검바위,2024-11-09,4137,2026,2111
아시아드경기장(공촌사거리),2024-11-09,6864,3570,3294
서구청,2024-11-09,11722,5862,5860
가정(루원시티),2024-11-09,15754,8174,7580
가정중앙시장,2024-11-09,10439,5185,5254
석남(거북시장),2024-11-09,4840,2311,2529
서부여성회관,2024-11-09,6331,3253,3078
인천가좌,2024-11-09,5088,2567,2521
가재울,2024-11-09,5020,2583,2437
주안국가산단,2024-11-09,1552,746,806
주안,2024-11-09,14898,6145,8753
시민공원(문화창작지대),2024-11-09,14961,7655,7306
석바위시장,2024-11-09,7766,3807,3959
인천시청,2024-11-09,4971,2372,2599
석천사거리,2024-11-09,6864,3656,3208
모래내시장,2024-11-09,15182,7435,7747
만수,2024-11-09,8221,4310,3911
남동구청,2024-11-09,5939,3136,2803
인천대공원,2024-11-09,10496,5197,5299
운연(서창),2024-11-09,2044,1088,956
검단오류(검단산업단지),2024-11-10,1622,804,818
왕길,2024-11-10,2191,1098,1093
검단사거리,2024-11-10,10340,5196,5144
마전,2024-11-10,4344,2113,2231
완정,2024-11-10,7700,3946,3754
독정,2024-11-10,4270,2081,2189
검암,2024-11-10,4595,2497,2098
검바위,2024-11-10,3152,1493,1659
아시아드경기장(공촌사거리),2024-11-10,5522,2838,2684
서구청,2024-11-10,8227,4184,4043
가정(루원시티),2024-11-10,11064,5591,5473
가정중앙시장,2024-11-10,7917,3864,4053
석남(거북시장),2024-11-10,3488,1673,1815
서부여성회관,2024-11-10,5343,2757,2586
인천가좌,2024-11-10,3628,1835,1793
가재울,2024-11-10,3916,2024,1892
주안국가산단,2024-11-10,819,397,422
주안,2024-11-10,10596,4397,6199
시민공원(문화창작지대),2024-11-10,11773,6049,5724
석바위시장,2024-11-10,5864,2878,2986
인천시청,2024-11-10,4079,1917,2162
석천사거리,2024-11-10,5363,2815,2548
모래내시장,2024-11-10,11744,5683,6061
만수,2024-11-10,6264,3271,2993
남동구청,2024-11-10,4649,2427,2222
인천대공원,2024-11-10,10204,5071,5133
운연(서창),2024-11-10,1677,937,740
검단오류(검단산업단지),2024-11-11,5843,2905,2938
왕길,2024-11-11,5348,2713,2635
검단사거리,2024-11-11,17315,9003,8312
마전,2024-11-11,8820,4267,4553
완정,2024-11-11,16375,8437,7938
독정,2024-11-11,9717,4912,4805
검암,2024-11-11,9060,4886,4174
검바위,2024-11-11,7424,3584,3840
아시아드경기장(공촌사거리),2024-11-11,9746,5172,4574
서구청,2024-11-11,17434,8654,8780
가정(루원시티),2024-11-11,24361,12393,11968
가정중앙시장,2024-11-11,13024,6354,6670
석남(거북시장),2024-11-11,6475,3196,3279
서부여성회관,2024-11-11,8538,4413,4125
인천가좌,2024-11-11,8898,4521,4377
가재울,2024-11-11,8531,4346,4185
주안국가산단,2024-11-11,6129,3024,3105
주안,2024-11-11,16148,6911,9237
시민공원(문화창작지대),2024-11-11,20976,10819,10157
석바위시장,2024-11-11,10161,4924,5237
인천시청,2024-11-11,7065,3430,3635
석천사거리,2024-11-11,10203,5305,4898
모래내시장,2024-11-11,16947,8248,8699
만수,2024-11-11,10671,5555,5116
남동구청,2024-11-11,9588,5040,4548
인천대공원,2024-11-11,6476,3278,3198
운연(서창),2024-11-11,2667,1388,1279
검단오류(검단산업단지),2024-11-12,5875,2941,2934
왕길,2024-11-12,5483,2756,2727
검단사거리,2024-11-12,17171,9000,8171
마전,2024-11-12,9104,4404,4700
완정,2024-11-12,16407,8436,7971
독정,2024-11-12,9822,4971,4851
검암,2024-11-12,9480,5140,4340
검바위,2024-11-12,7529,3628,3901
아시아드경기장(공촌사거리),2024-11-12,9794,5161,4633
서구청,2024-11-12,17536,8703,8833
가정(루원시티),2024-11-12,25139,12856,12283
가정중앙시장,2024-11-12,13300,6481,6819
석남(거북시장),2024-11-12,6308,3046,3262
서부여성회관,2024-11-12,8470,4332,4138
인천가좌,2024-11-12,9152,4619,4533
가재울,2024-11-12,8812,4498,4314
주안국가산단,2024-11-12,6288,3094,3194
주안,2024-11-12,16697,7099,9598
시민공원(문화창작지대),2024-11-12,21483,11080,10403
석바위시장,2024-11-12,10242,5039,5203
인천시청,2024-11-12,7356,3523,3833
석천사거리,2024-11-12,10350,5380,4970
모래내시장,2024-11-12,17148,8310,8838
만수,2024-11-12,10721,5617,5104
남동구청,2024-11-12,9738,5053,4685
인천대공원,2024-11-12,6878,3475,3403
운연(서창),2024-11-12,2978,1580,1398
검단오류(검단산업단지),2024-11-13,5937,2972,2965
왕길,2024-11-13,5623,2844,2779
검단사거리,2024-11-13,18125,9442,8683
마전,2024-11-13,9238,4564,4674
완정,2024-11-13,16691,8504,8187
독정,2024-11-13,9898,4964,4934
검암,2024-11-13,9455,5147,4308
검바위,2024-11-13,7891,3795,4096
아시아드경기장(공촌사거리),2024-11-13,10155,5323,4832
서구청,2024-11-13,18037,8887,9150
가정(루원시티),2024-11-13,25509,13024,12485
가정중앙시장,2024-11-13,13717,6699,7018
석남(거북시장),2024-11-13,6441,3144,3297
서부여성회관,2024-11-13,8794,4502,4292
인천가좌,2024-11-13,9366,4716,4650
가재울,2024-11-13,8912,4533,4379
주안국가산단,2024-11-13,6381,3141,3240
주안,2024-11-13,16717,7133,9584
시민공원(문화창작지대),2024-11-13,21637,11095,10542
석바위시장,2024-11-13,10608,5200,5408
인천시청,2024-11-13,7339,3514,3825
석천사거리,2024-11-13,10494,5484,5010
모래내시장,2024-11-13,17387,8447,8940
만수,2024-11-13,11094,5755,5339
남동구청,2024-11-13,10344,5362,4982
인천대공원,2024-11-13,7001,3524,3477
운연(서창),2024-11-13,2787,1464,1323
검단오류(검단산업단지),2024-11-14,5689,2823,2866
왕길,2024-11-14,4997,2495,2502
검단사거리,2024-11-14,16592,8690,7902
마전,2024-11-14,8601,4097,4504
완정,2024-11-14,15725,8089,7636
독정,2024-11-14,8890,4459,4431
검암,2024-11-14,8791,4718,4073
검바위,2024-11-14,5823,2841,2982
아시아드경기장(공촌사거리),2024-11-14,8938,4708,4230
서구청,2024-11-14,16510,8184,8326
가정(루원시티),2024-11-14,23992,12316,11676
가정중앙시장,2024-11-14,12806,6285,6521
석남(거북시장),2024-11-14,5922,2869,3053
서부여성회관,2024-11-14,8299,4259,4040
인천가좌,2024-11-14,9084,4601,4483
가재울,2024-11-14,8417,4365,4052
주안국가산단,2024-11-14,6297,3082,3215
주안,2024-11-14,16073,6887,9186
시민공원(문화창작지대),2024-11-14,20611,10587,10024
석바위시장,2024-11-14,10000,4928,5072
인천시청,2024-11-14,6764,3262,3502
석천사거리,2024-11-14,9873,5045,4828
모래내시장,2024-11-14,16140,7884,8256
만수,2024-11-14,9928,5131,4797
남동구청,2024-11-14,9081,4765,4316
인천대공원,2024-11-14,5350,2723,2627
운연(서창),2024-11-14,2631,1369,1262
검단오류(검단산업단지),2024-11-15,5685,2846,2839
왕길,2024-11-15,5603,2844,2759
검단사거리,2024-11-15,18203,9476,8727
마전,2024-11-15,9114,4418,4696
완정,2024-11-15,16774,8632,8142
독정,2024-11-15,9299,4660,4639
검암,2024-11-15,9357,5076,4281
검바위,2024-11-15,7080,3477,3603
아시아드경기장(공촌사거리),2024-11-15,9709,5144,4565
서구청,2024-11-15,17850,8771,9079
가정(루원시티),2024-11-15,25215,12801,12414
가정중앙시장,2024-11-15,13881,6780,7101
석남(거북시장),2024-11-15,6228,3046,3182
서부여성회관,2024-11-15,8795,4532,4263
인천가좌,2024-11-15,8852,4522,4330
가재울,2024-11-15,8704,4448,4256
주안국가산단,2024-11-15,6062,2941,3121
주안,2024-11-15,16733,7098,9635
시민공원(문화창작지대),2024-11-15,21047,10856,10191
석바위시장,2024-11-15,10628,5277,5351
인천시청,2024-11-15,7416,3559,3857
석천사거리,2024-11-15,10069,5270,4799
모래내시장,2024-11-15,17258,8425,8833
만수,2024-11-15,10783,5652,5131
남동구청,2024-11-15,9453,4993,4460
인천대공원,2024-11-15,5966,3004,2962
운연(서창),2024-11-15,2733,1459,1274
검단오류(검단산업단지),2024-11-16,2007,1074,933
왕길,2024-11-16,2987,1541,1446
검단사거리,2024-11-16,13411,6951,6460
마전,2024-11-16,6116,3016,3100
완정,2024-11-16,10648,5620,5028
독정,2024-11-16,6448,3244,3204
검암,2024-11-16,5947,3205,2742
검바위,2024-11-16,4025,1970,2055
아시아드경기장(공촌사거리),2024-11-16,6815,3493,3322
서구청,2024-11-16,10891,5366,5525
가정(루원시티),2024-11-16,15441,7980,7461
가정중앙시장,2024-11-16,10054,4962,5092
석남(거북시장),2024-11-16,4613,2197,2416
서부여성회관,2024-11-16,6006,3132,2874
인천가좌,2024-11-16,5031,2566,2465
가재울,2024-11-16,4714,2398,2316
주안국가산단,2024-11-16,1534,752,782
주안,2024-11-16,13624,5596,8028
시민공원(문화창작지대),2024-11-16,14801,7636,7165
석바위시장,2024-11-16,7557,3651,3906
인천시청,2024-11-16,5059,2348,2711
석천사거리,2024-11-16,6686,3464,3222
모래내시장,2024-11-16,13225,6470,6755
만수,2024-11-16,7596,3886,3710
남동구청,2024-11-16,5878,3061,2817
인천대공원,2024-11-16,8417,4125,4292
운연(서창),2024-11-16,1834,1033,801
검단오류(검단산업단지),2024-11-17,1555,769,786
왕길,2024-11-17,2128,1089,1039
검단사거리,2024-11-17,10342,5208,5134
마전,2024-11-17,4457,2154,2303
완정,2024-11-17,7544,3869,3675
독정,2024-11-17,4525,2248,2277
검암,2024-11-17,4473,2348,2125
검바위,2024-11-17,3065,1438,1627
아시아드경기장(공촌사거리),2024-11-17,5424,2805,2619
서구청,2024-11-17,7636,3845,3791
가정(루원시티),2024-11-17,10619,5385,5234
가정중앙시장,2024-11-17,7449,3684,3765
석남(거북시장),2024-11-17,3388,1569,1819
서부여성회관,2024-11-17,5188,2682,2506
인천가좌,2024-11-17,3491,1747,1744
가재울,2024-11-17,3558,1807,1751
주안국가산단,2024-11-17,833,396,437
주안,2024-11-17,9920,4075,5845
시민공원(문화창작지대),2024-11-17,11408,5855,5553
석바위시장,2024-11-17,5758,2842,2916
인천시청,2024-11-17,3754,1761,1993
석천사거리,2024-11-17,4942,2548,2394
모래내시장,2024-11-17,10297,5013,5284
만수,2024-11-17,6119,3183,2936
남동구청,2024-11-17,4504,2336,2168
인천대공원,2024-11-17,6343,3130,3213
운연(서창),2024-11-17,1426,806,620
검단오류(검단산업단지),2024-11-18,5579,2764,2815
왕길,2024-11-18,5268,2638,2630
검단사거리,2024-11-18,16541,8627,7914
마전,2024-11-18,8777,4258,4519
완정,2024-11-18,15880,8189,7691
독정,2024-11-18,9303,4683,4620
검암,2024-11-18,8885,4838,4047
검바위,2024-11-18,7307,3580,3727
아시아드경기장(공촌사거리),2024-11-18,9500,4953,4547
서구청,2024-11-18,16933,8464,8469
가정(루원시티),2024-11-18,23655,12097,11558
가정중앙시장,2024-11-18,12468,6112,6356
석남(거북시장),2024-11-18,5970,2875,3095
서부여성회관,2024-11-18,8056,4144,3912
인천가좌,2024-11-18,8881,4493,4388
가재울,2024-11-18,8375,4283,4092
주안국가산단,2024-11-18,5987,2979,3008
주안,2024-11-18,15535,6609,8926
시민공원(문화창작지대),2024-11-18,20585,10676,9909
석바위시장,2024-11-18,9916,4843,5073
인천시청,2024-11-18,6932,3368,3564
석천사거리,2024-11-18,9757,5019,4738
모래내시장,2024-11-18,15859,7732,8127
만수,2024-11-18,9934,5216,4718
남동구청,2024-11-18,9148,4714,4434
인천대공원,2024-11-18,4430,2220,2210
운연(서창),2024-11-18,2437,1284,1153
검단오류(검단산업단지),2024-11-19,5822,2915,2907
왕길,2024-11-19,5323,2671,2652
검단사거리,2024-11-19,16648,8679,7969
마전,2024-11-19,8744,4243,4501
완정,2024-11-19,16081,8348,7733
독정,2024-11-19,9527,4787,4740
검암,2024-11-19,9163,4945,4218
검바위,2024-11-19,7259,3494,3765
아시아드경기장(공촌사거리),2024-11-19,9852,5202,4650
서구청,2024-11-19,17574,8777,8797
가정(루원시티),2024-11-19,24511,12533,11978
가정중앙시장,2024-11-19,12844,6307,6537
석남(거북시장),2024-11-19,6094,2969,3125
서부여성회관,2024-11-19,8232,4212,4020
인천가좌,2024-11-19,8865,4464,4401
가재울,2024-11-19,8488,4301,4187
주안국가산단,2024-11-19,6181,3099,3082
주안,2024-11-19,16075,6868,9207
시민공원(문화창작지대),2024-11-19,21067,10869,10198
석바위시장,2024-11-19,10105,4959,5146
인천시청,2024-11-19,7306,3491,3815
석천사거리,2024-11-19,10075,5260,4815
모래내시장,2024-11-19,16315,7907,8408
만수,2024-11-19,10274,5335,4939
남동구청,2024-11-19,9533,5001,4532
인천대공원,2024-11-19,5186,2592,2594
운연(서창),2024-11-19,2623,1397,1226
검단오류(검단산업단지),2024-11-20,5901,2939,2962
왕길,2024-11-20,5296,2669,2627
검단사거리,2024-11-20,17079,8990,8089
마전,2024-11-20,9154,4429,4725
완정,2024-11-20,16208,8341,7867
독정,2024-11-20,9630,4862,4768
검암,2024-11-20,9002,4781,4221
검바위,2024-11-20,7397,3577,3820
아시아드경기장(공촌사거리),2024-11-20,10054,5226,4828
서구청,2024-11-20,17733,8820,8913
가정(루원시티),2024-11-20,24826,12612,12214
가정중앙시장,2024-11-20,13040,6452,6588
석남(거북시장),2024-11-20,6224,2999,3225
서부여성회관,2024-11-20,8384,4347,4037
인천가좌,2024-11-20,9131,4596,4535
가재울,2024-11-20,8650,4404,4246
주안국가산단,2024-11-20,6106,2971,3135
주안,2024-11-20,16203,6873,9330
시민공원(문화창작지대),2024-11-20,21372,11041,10331
석바위시장,2024-11-20,10380,5087,5293
인천시청,2024-11-20,7458,3586,3872
석천사거리,2024-11-20,10138,5223,4915
모래내시장,2024-11-20,16313,7977,8336
만수,2024-11-20,10655,5544,5111
남동구청,2024-11-20,9766,5034,4732
인천대공원,2024-11-20,4783,2403,2380
운연(서창),2024-11-20,2542,1340,1202
검단오류(검단산업단지),2024-11-21,5692,2823,2869
왕길,2024-11-21,5298,2658,2640
검단사거리,2024-11-21,16664,8692,7972
마전,2024-11-21,8925,4284,4641
완정,2024-11-21,16222,8411,7811
독정,2024-11-21,9713,4876,4837
검암,2024-11-21,9032,4800,4232
검바위,2024-11-21,7370,3579,3791
아시아드경기장(공촌사거리),2024-11-21,9659,5101,4558
서구청,2024-11-21,17603,8689,8914
가정(루원시티),2024-11-21,24935,12707,12228
가정중앙시장,2024-11-21,13303,6513,6790
석남(거북시장),2024-11-21,6105,2986,3119
서부여성회관,2024-11-21,8423,4283,4140
인천가좌,2024-11-21,8942,4504,4438
가재울,2024-11-21,8441,4302,4139
주안국가산단,2024-11-21,6184,3025,3159
주안,2024-11-21,16543,7047,9496
시민공원(문화창작지대),2024-11-21,20736,10710,10026
석바위시장,2024-11-21,9801,4807,4994
인천시청,2024-11-21,7146,3362,3784
석천사거리,2024-11-21,10111,5201,4910
모래내시장,2024-11-21,16544,7992,8552
만수,2024-11-21,10387,5474,4913
남동구청,2024-11-21,9290,4833,4457
인천대공원,2024-11-21,4778,2406,2372
운연(서창),2024-11-21,2554,1370,1184
검단오류(검단산업단지),2024-11-22,5626,2799,2827
왕길,2024-11-22,5527,2781,2746
검단사거리,2024-11-22,18033,9357,8676
마전,2024-11-22,9154,4446,4708
완정,2024-11-22,16722,8632,8090
독정,2024-11-22,9613,4840,4773
검암,2024-11-22,9134,4975,4159
검바위,2024-11-22,7279,3594,3685
아시아드경기장(공촌사거리),2024-11-22,9640,5120,4520
서구청,2024-11-22,18235,8964,9271
가정(루원시티),2024-11-22,25281,12869,12412
가정중앙시장,2024-11-22,13824,6793,7031
석남(거북시장),2024-11-22,6220,2989,3231
서부여성회관,2024-11-22,8843,4546,4297
인천가좌,2024-11-22,8813,4414,4399
가재울,2024-11-22,8491,4410,4081
주안국가산단,2024-11-22,6084,2965,3119
주안,2024-11-22,16681,7091,9590
시민공원(문화창작지대),2024-11-22,21198,10888,10310
석바위시장,2024-11-22,10117,4970,5147
인천시청,2024-11-22,7271,3484,3787
석천사거리,2024-11-22,11480,5848,5632
모래내시장,2024-11-22,17287,8371,8916
만수,2024-11-22,10873,5743,5130
남동구청,2024-11-22,9618,5045,4573
인천대공원,2024-11-22,6465,3306,3159
운연(서창),2024-11-22,2708,1422,1286
검단오류(검단산업단지),2024-11-23,2061,1092,969
왕길,2024-11-23,3002,1549,1453
검단사거리,2024-11-23,13302,6944,6358
마전,2024-11-23,6085,2986,3099
완정,2024-11-23,10569,5558,5011
독정,2024-11-23,6142,3146,2996
검암,2024-11-23,5681,3081,2600
검바위,2024-11-23,3942,1875,2067
아시아드경기장(공촌사거리),2024-11-23,6721,3450,3271
서구청,2024-11-23,11662,5805,5857
가정(루원시티),2024-11-23,15108,7812,7296
가정중앙시장,2024-11-23,10198,5059,5139
석남(거북시장),2024-11-23,4516,2143,2373
서부여성회관,2024-11-23,6339,3251,3088
인천가좌,2024-11-23,4886,2536,2350
가재울,2024-11-23,4710,2443,2267
주안국가산단,2024-11-23,1466,711,755
주안,2024-11-23,13712,5681,8031
시민공원(문화창작지대),2024-11-23,14248,7357,6891
석바위시장,2024-11-23,7444,3612,3832
인천시청,2024-11-23,5229,2484,2745
석천사거리,2024-11-23,6254,3326,2928
모래내시장,2024-11-23,13067,6362,6705
만수,2024-11-23,7541,3946,3595
남동구청,2024-11-23,6656,3483,3173
인천대공원,2024-11-23,6333,3191,3142
운연(서창),2024-11-23,1799,930,869
검단오류(검단산업단지),2024-11-24,1508,728,780
왕길,2024-11-24,2042,1027,1015
검단사거리,2024-11-24,9869,4941,4928
마전,2024-11-24,4248,2071,2177
완정,2024-11-24,7444,3775,3669
독정,2024-11-24,4005,2019,1986
검암,2024-11-24,4241,2248,1993
검바위,2024-11-24,2906,1382,1524
아시아드경기장(공촌사거리),2024-11-24,5292,2724,2568
서구청,2024-11-24,7896,3986,3910
가정(루원시티),2024-11-24,10611,5431,5180
가정중앙시장,2024-11-24,7721,3812,3909
석남(거북시장),2024-11-24,3213,1508,1705
서부여성회관,2024-11-24,5166,2636,2530
인천가좌,2024-11-24,3644,1829,1815
가재울,2024-11-24,3589,1837,1752
주안국가산단,2024-11-24,785,386,399
주안,2024-11-24,9544,3963,5581
시민공원(문화창작지대),2024-11-24,10927,5608,5319
석바위시장,2024-11-24,5549,2735,2814
인천시청,2024-11-24,3832,1772,2060
석천사거리,2024-11-24,4969,2598,2371
모래내시장,2024-11-24,10703,5267,5436
만수,2024-11-24,5763,2971,2792
남동구청,2024-11-24,4287,2261,2026
인천대공원,2024-11-24,6464,3223,3241
운연(서창),2024-11-24,1352,698,654
검단오류(검단산업단지),2024-11-25,5739,2856,2883
왕길,2024-11-25,5301,2666,2635
검단사거리,2024-11-25,17251,9104,8147
마전,2024-11-25,8942,4319,4623
완정,2024-11-25,16104,8295,7809
독정,2024-11-25,9553,4827,4726
검암,2024-11-25,8953,4854,4099
검바위,2024-11-25,7008,3410,3598
아시아드경기장(공촌사거리),2024-11-25,9660,5025,4635
서구청,2024-11-25,17547,8732,8815
가정(루원시티),2024-11-25,23964,12162,11802
가정중앙시장,2024-11-25,13131,6395,6736
석남(거북시장),2024-11-25,6133,3025,3108
서부여성회관,2024-11-25,8290,4296,3994
인천가좌,2024-11-25,8986,4525,4461
가재울,2024-11-25,8320,4271,4049
주안국가산단,2024-11-25,5998,2963,3035
주안,2024-11-25,15864,6820,9044
시민공원(문화창작지대),2024-11-25,20878,10831,10047
석바위시장,2024-11-25,10207,4982,5225
인천시청,2024-11-25,7021,3395,3626
석천사거리,2024-11-25,10075,5246,4829
모래내시장,2024-11-25,16644,8053,8591
만수,2024-11-25,10422,5423,4999
남동구청,2024-11-25,9593,4967,4626
인천대공원,2024-11-25,4974,2497,2477
운연(서창),2024-11-25,2604,1375,1229
검단오류(검단산업단지),2024-11-26,5651,2813,2838
왕길,2024-11-26,5038,2506,2532
검단사거리,2024-11-26,16245,8532,7713
마전,2024-11-26,8602,4177,4425
완정,2024-11-26,15555,8035,7520
독정,2024-11-26,9118,4621,4497
검암,2024-11-26,9253,5033,4220
검바위,2024-11-26,6797,3269,3528
아시아드경기장(공촌사거리),2024-11-26,9109,4824,4285
서구청,2024-11-26,16256,8029,8227
가정(루원시티),2024-11-26,23471,12069,11402
가정중앙시장,2024-11-26,12036,5920,6116
석남(거북시장),2024-11-26,5807,2815,2992
서부여성회관,2024-11-26,7918,4040,3878
인천가좌,2024-11-26,8550,4323,4227
가재울,2024-11-26,8258,4203,4055
주안국가산단,2024-11-26,6208,3066,3142
주안,2024-11-26,15202,6481,8721
시민공원(문화창작지대),2024-11-26,20566,10622,9944
석바위시장,2024-11-26,9973,4905,5068
인천시청,2024-11-26,7098,3443,3655
석천사거리,2024-11-26,9971,5085,4886
모래내시장,2024-11-26,15355,7464,7891
만수,2024-11-26,10008,5250,4758
남동구청,2024-11-26,8986,4629,4357
인천대공원,2024-11-26,3116,1578,1538
운연(서창),2024-11-26,2262,1173,1089
검단오류(검단산업단지),2024-11-27,6564,3292,3272
왕길,2024-11-27,5705,2858,2847
검단사거리,2024-11-27,18258,9588,8670
마전,2024-11-27,10150,4901,5249
완정,2024-11-27,17651,9092,8559
독정,2024-11-27,10597,5313,5284
검암,2024-11-27,10449,5731,4718
검바위,2024-11-27,7623,3687,3936
아시아드경기장(공촌사거리),2024-11-27,10242,5340,4902
서구청,2024-11-27,18782,9314,9468
가정(루원시티),2024-11-27,27373,13907,13466
가정중앙시장,2024-11-27,13242,6448,6794
석남(거북시장),2024-11-27,6464,3072,3392
서부여성회관,2024-11-27,8485,4294,4191
인천가좌,2024-11-27,9753,4938,4815
가재울,2024-11-27,9378,4805,4573
주안국가산단,2024-11-27,7001,3498,3503
주안,2024-11-27,16710,7029,9681
시민공원(문화창작지대),2024-11-27,22676,11688,10988
석바위시장,2024-11-27,10972,5375,5597
인천시청,2024-11-27,7789,3719,4070
석천사거리,2024-11-27,11673,5920,5753
모래내시장,2024-11-27,16820,8190,8630
만수,2024-11-27,11627,5933,5694
남동구청,2024-11-27,9785,5065,4720
인천대공원,2024-11-27,3809,1928,1881
운연(서창),2024-11-27,2718,1440,1278
검단오류(검단산업단지),2024-11-28,6565,3190,3375
왕길,2024-11-28,5723,2874,2849
검단사거리,2024-11-28,17620,9257,8363
마전,2024-11-28,9605,4643,4962
완정,2024-11-28,17493,9033,8460
독정,2024-11-28,10282,5138,5144
검암,2024-11-28,10111,5547,4564
검바위,2024-11-28,7573,3666,3907
아시아드경기장(공촌사거리),2024-11-28,9896,5305,4591
서구청,2024-11-28,19013,9345,9668
가정(루원시티),2024-11-28,27571,14203,13368
가정중앙시장,2024-11-28,13314,6565,6749
석남(거북시장),2024-11-28,6316,3054,3262
서부여성회관,2024-11-28,8919,4486,4433
인천가좌,2024-11-28,9862,4829,5033
가재울,2024-11-28,9615,4848,4767
주안국가산단,2024-11-28,7430,3495,3935
주안,2024-11-28,16869,7181,9688
시민공원(문화창작지대),2024-11-28,22967,11902,11065
석바위시장,2024-11-28,11311,5612,5699
인천시청,2024-11-28,7668,3673,3995
석천사거리,2024-11-28,11671,6196,5475
모래내시장,2024-11-28,17046,8512,8534
만수,2024-11-28,11372,6016,5356
남동구청,2024-11-28,9892,5112,4780
인천대공원,2024-11-28,4026,2039,1987
운연(서창),2024-11-28,2910,1620,1290
검단오류(검단산업단지),2024-11-29,5953,2951,3002
왕길,2024-11-29,5378,2743,2635
검단사거리,2024-11-29,17925,9361,8564
마전,2024-11-29,9409,4588,4821
완정,2024-11-29,16778,8674,8104
독정,2024-11-29,10011,4957,5054
검암,2024-11-29,9236,4986,4250
검바위,2024-11-29,7220,3545,3675
아시아드경기장(공촌사거리),2024-11-29,9444,5078,4366
서구청,2024-11-29,18537,9235,9302
가정(루원시티),2024-11-29,25480,12999,12481
가정중앙시장,2024-11-29,13494,6565,6929
석남(거북시장),2024-11-29,6084,2985,3099
서부여성회관,2024-11-29,8722,4453,4269
인천가좌,2024-11-29,9158,4634,4524
가재울,2024-11-29,8627,4412,4215
주안국가산단,2024-11-29,6237,3017,3220
주안,2024-11-29,16781,7100,9681
시민공원(문화창작지대),2024-11-29,21462,11105,10357
석바위시장,2024-11-29,10606,5166,5440
인천시청,2024-11-29,7457,3547,3910
석천사거리,2024-11-29,10387,5388,4999
모래내시장,2024-11-29,16817,8178,8639
만수,2024-11-29,10828,5686,5142
남동구청,2024-11-29,9474,4959,4515
인천대공원,2024-11-29,3652,1864,1788
운연(서창),2024-11-29,2452,1312,1140
검단오류(검단산업단지),2024-11-30,1928,1017,911
왕길,2024-11-30,2994,1565,1429
검단사거리,2024-11-30,13379,6969,6410
마전,2024-11-30,5731,2845,2886
완정,2024-11-30,10625,5557,5068
독정,2024-11-30,6309,3165,3144
검암,2024-11-30,5851,3132,2719
검바위,2024-11-30,4081,2015,2066
아시아드경기장(공촌사거리),2024-11-30,6722,3470,3252
서구청,2024-11-30,11167,5645,5522
가정(루원시티),2024-11-30,15178,7858,7320
가정중앙시장,2024-11-30,9905,4943,4962
석남(거북시장),2024-11-30,4545,2128,2417
서부여성회관,2024-11-30,6060,3131,2929
인천가좌,2024-11-30,5016,2595,2421
가재울,2024-11-30,4476,2323,2153
주안국가산단,2024-11-30,1403,695,708
주안,2024-11-30,13813,5604,8209
시민공원(문화창작지대),2024-11-30,14333,7420,6913
석바위시장,2024-11-30,7084,3512,3572
인천시청,2024-11-30,4916,2366,2550
석천사거리,2024-11-30,6541,3477,3064
모래내시장,2024-11-30,12850,6298,6552
만수,2024-11-30,7502,3818,3684
남동구청,2024-11-30,5741,3000,2741
인천대공원,2024-11-30,4097,2069,2028
운연(서창),2024-11-30,1631,830,801
검단오류(검단산업단지),2024-12-01,1359,668,691
왕길,2024-12-01,2102,1100,1002
검단사거리,2024-12-01,9961,5009,4952
마전,2024-12-01,4218,2029,2189
완정,2024-12-01,7487,3816,3671
독정,2024-12-01,4958,2449,2509
검암,2024-12-01,4079,2178,1901
검바위,2024-12-01,3046,1434,1612
아시아드경기장(공촌사거리),2024-12-01,4875,2530,2345
서구청,2024-12-01,7950,3994,3956
가정(루원시티),2024-12-01,10766,5384,5382
가정중앙시장,2024-12-01,7512,3732,3780
석남(거북시장),2024-12-01,3306,1573,1733
서부여성회관,2024-12-01,5155,2641,2514
인천가좌,2024-12-01,3407,1716,1691
가재울,2024-12-01,3528,1781,1747
주안국가산단,2024-12-01,798,362,436
주안,2024-12-01,9828,4028,5800
시민공원(문화창작지대),2024-12-01,11338,5836,5502
석바위시장,2024-12-01,5745,2843,2902
인천시청,2024-12-01,3962,1902,2060
석천사거리,2024-12-01,4743,2433,2310
모래내시장,2024-12-01,10413,5084,5329
만수,2024-12-01,5845,3024,2821
남동구청,2024-12-01,4644,2436,2208
인천대공원,2024-12-01,4640,2328,2312
운연(서창),2024-12-01,1255,667,588
검단오류(검단산업단지),2024-12-02,5787,2880,2907
왕길,2024-12-02,5285,2651,2634
검단사거리,2024-12-02,17080,8948,8132
마전,2024-12-02,9101,4404,4697
완정,2024-12-02,16322,8432,7890
독정,2024-12-02,9707,4920,4787
검암,2024-12-02,9081,4829,4252
검바위,2024-12-02,7148,3470,3678
아시아드경기장(공촌사거리),2024-12-02,9473,4998,4475
서구청,2024-12-02,17742,8840,8902
가정(루원시티),2024-12-02,24141,12289,11852
가정중앙시장,2024-12-02,13066,6395,6671
석남(거북시장),2024-12-02,6090,2948,3142
서부여성회관,2024-12-02,8544,4416,4128
인천가좌,2024-12-02,8926,4518,4408
가재울,2024-12-02,8642,4394,4248
주안국가산단,2024-12-02,5886,2900,2986
주안,2024-12-02,16113,6907,9206
시민공원(문화창작지대),2024-12-02,21488,11084,10404
석바위시장,2024-12-02,10503,5130,5373
인천시청,2024-12-02,7065,3373,3692
석천사거리,2024-12-02,10256,5347,4909
모래내시장,2024-12-02,16657,8066,8591
만수,2024-12-02,10374,5434,4940
남동구청,2024-12-02,9816,5102,4714
인천대공원,2024-12-02,4226,2150,2076
운연(서창),2024-12-02,2392,1241,1151
검단오류(검단산업단지),2024-12-03,5757,2881,2876
왕길,2024-12-03,5365,2669,2696
검단사거리,2024-12-03,16919,8941,7978
마전,2024-12-03,8925,4284,4641
완정,2024-12-03,15924,8238,7686
독정,2024-12-03,9537,4795,4742
검암,2024-12-03,9226,4911,4315
검바위,2024-12-03,7182,3473,3709
아시아드경기장(공촌사거리),2024-12-03,9377,4928,4449
서구청,2024-12-03,17942,8927,9015
가정(루원시티),2024-12-03,24418,12393,12025
가정중앙시장,2024-12-03,12543,6118,6425
석남(거북시장),2024-12-03,5870,2851,3019
서부여성회관,2024-12-03,8466,4344,4122
인천가좌,2024-12-03,9081,4614,4467
가재울,2024-12-03,8388,4269,4119
주안국가산단,2024-12-03,6224,3095,3129
주안,2024-12-03,15967,6823,9144
시민공원(문화창작지대),2024-12-03,21096,10931,10165
석바위시장,2024-12-03,10443,5078,5365
인천시청,2024-12-03,7128,3403,3725
석천사거리,2024-12-03,10144,5256,4888
모래내시장,2024-12-03,16197,7841,8356
만수,2024-12-03,10229,5323,4906
남동구청,2024-12-03,9407,4879,4528
인천대공원,2024-12-03,4001,2041,1960
운연(서창),2024-12-03,2395,1261,1134
검단오류(검단산업단지),2024-12-04,5907,2973,2934
왕길,2024-12-04,5317,2667,2650
검단사거리,2024-12-04,16692,8714,7978
마전,2024-12-04,8958,4364,4594
완정,2024-12-04,15935,8160,7775
독정,2024-12-04,9725,4933,4792
검암,2024-12-04,8980,4781,4199
검바위,2024-12-04,7181,3487,3694
아시아드경기장(공촌사거리),2024-12-04,9758,5114,4644
서구청,2024-12-04,17371,8575,8796
가정(루원시티),2024-12-04,24623,12598,12025
가정중앙시장,2024-12-04,12817,6321,6496
석남(거북시장),2024-12-04,6031,2888,3143
서부여성회관,2024-12-04,8394,4278,4116
인천가좌,2024-12-04,9025,4559,4466
가재울,2024-12-04,8516,4294,4222
주안국가산단,2024-12-04,6077,2986,3091
주안,2024-12-04,15672,6717,8955
시민공원(문화창작지대),2024-12-04,21504,11129,10375
석바위시장,2024-12-04,10248,4957,5291
인천시청,2024-12-04,7166,3456,3710
석천사거리,2024-12-04,10125,5300,4825
모래내시장,2024-12-04,16665,8106,8559
만수,2024-12-04,10348,5372,4976
남동구청,2024-12-04,9447,4864,4583
인천대공원,2024-12-04,4180,2142,2038
운연(서창),2024-12-04,2532,1328,1204
검단오류(검단산업단지),2024-12-05,5762,2869,2893
왕길,2024-12-05,5360,2671,2689
검단사거리,2024-12-05,17009,8952,8057
마전,2024-12-05,9115,4374,4741
완정,2024-12-05,16302,8367,7935
독정,2024-12-05,9637,4879,4758
검암,2024-12-05,9292,4968,4324
검바위,2024-12-05,7210,3476,3734
아시아드경기장(공촌사거리),2024-12-05,10979,5826,5153
서구청,2024-12-05,17783,8752,9031
가정(루원시티),2024-12-05,24970,12640,12330
가정중앙시장,2024-12-05,13010,6382,6628
석남(거북시장),2024-12-05,6113,2974,3139
서부여성회관,2024-12-05,8665,4390,4275
인천가좌,2024-12-05,8973,4519,4454
가재울,2024-12-05,8411,4300,4111
주안국가산단,2024-12-05,5964,2929,3035
주안,2024-12-05,16064,6857,9207
시민공원(문화창작지대),2024-12-05,21470,11152,10318
석바위시장,2024-12-05,10057,4905,5152
인천시청,2024-12-05,7171,3463,3708
석천사거리,2024-12-05,10005,5188,4817
모래내시장,2024-12-05,16549,8063,8486
만수,2024-12-05,10170,5319,4851
남동구청,2024-12-05,9320,4838,4482
인천대공원,2024-12-05,4521,2289,2232
운연(서창),2024-12-05,2527,1359,1168
검단오류(검단산업단지),2024-12-06,5748,2844,2904
왕길,2024-12-06,5434,2718,2716
검단사거리,2024-12-06,17963,9373,8590
마전,2024-12-06,9058,4491,4567
완정,2024-12-06,16922,8735,8187
독정,2024-12-06,9669,4834,4835
검암,2024-12-06,9278,5069,4209
검바위,2024-12-06,7592,3714,3878
아시아드경기장(공촌사거리),2024-12-06,10145,5362,4783
서구청,2024-12-06,18652,9080,9572
가정(루원시티),2024-12-06,25622,13167,12455
가정중앙시장,2024-12-06,13512,6621,6891
석남(거북시장),2024-12-06,6155,3038,3117
서부여성회관,2024-12-06,8861,4501,4360
인천가좌,2024-12-06,8984,4532,4452
가재울,2024-12-06,8518,4410,4108
주안국가산단,2024-12-06,6001,2911,3090
주안,2024-12-06,16815,7137,9678
시민공원(문화창작지대),2024-12-06,21745,11214,10531
석바위시장,2024-12-06,10337,5015,5322
인천시청,2024-12-06,7765,3692,4073
석천사거리,2024-12-06,10159,5290,4869
모래내시장,2024-12-06,16769,8209,8560
만수,2024-12-06,10691,5564,5127
남동구청,2024-12-06,9570,5006,4564
인천대공원,2024-12-06,4170,2136,2034
운연(서창),2024-12-06,2494,1352,1142
검단오류(검단산업단지),2024-12-07,1940,1048,892
왕길,2024-12-07,3085,1607,1478
검단사거리,2024-12-07,13908,7227,6681
마전,2024-12-07,6476,3228,3248
완정,2024-12-07,11379,5961,5418
독정,2024-12-07,6760,3430,3330
검암,2024-12-07,6046,3328,2718
검바위,2024-12-07,4136,2001,2135
아시아드경기장(공촌사거리),2024-12-07,6789,3461,3328
서구청,2024-12-07,12187,6173,6014
가정(루원시티),2024-12-07,15980,8288,7692
가정중앙시장,2024-12-07,10537,5190,5347
석남(거북시장),2024-12-07,4681,2260,2421
서부여성회관,2024-12-07,6504,3330,3174
인천가좌,2024-12-07,5005,2598,2407
가재울,2024-12-07,4630,2424,2206
주안국가산단,2024-12-07,1510,741,769
주안,2024-12-07,13765,5530,8235
시민공원(문화창작지대),2024-12-07,14742,7675,7067
석바위시장,2024-12-07,7667,3774,3893
인천시청,2024-12-07,5015,2381,2634
석천사거리,2024-12-07,6681,3557,3124
모래내시장,2024-12-07,13687,6750,6937
만수,2024-12-07,7524,3878,3646
남동구청,2024-12-07,5742,3032,2710
인천대공원,2024-12-07,4260,2156,2104
운연(서창),2024-12-07,1644,880,764
검단오류(검단산업단지),2024-12-08,1350,687,663
왕길,2024-12-08,1963,970,993
검단사거리,2024-12-08,9713,4836,4877
마전,2024-12-08,4099,1983,2116
완정,2024-12-08,7190,3625,3565
독정,2024-12-08,3891,1910,1981
검암,2024-12-08,3977,2132,1845
검바위,2024-12-08,2864,1355,1509
아시아드경기장(공촌사거리),2024-12-08,4920,2576,2344
서구청,2024-12-08,8154,4157,3997
가정(루원시티),2024-12-08,10251,5217,5034
가정중앙시장,2024-12-08,7231,3551,3680
석남(거북시장),2024-12-08,3242,1540,1702
서부여성회관,2024-12-08,5091,2597,2494
인천가좌,2024-12-08,3328,1667,1661
가재울,2024-12-08,3432,1711,1721
주안국가산단,2024-12-08,815,352,463
주안,2024-12-08,9068,3686,5382
시민공원(문화창작지대),2024-12-08,10923,5616,5307
석바위시장,2024-12-08,5643,2796,2847
인천시청,2024-12-08,3982,1831,2151
석천사거리,2024-12-08,4671,2422,2249
모래내시장,2024-12-08,10139,5010,5129
만수,2024-12-08,5460,2841,2619
남동구청,2024-12-08,4086,2145,1941
인천대공원,2024-12-08,4075,2076,1999
운연(서창),2024-12-08,1164,615,549
검단오류(검단산업단지),2024-12-09,5607,2785,2822
왕길,2024-12-09,5241,2650,2591
검단사거리,2024-12-09,16687,8731,7956
마전,2024-12-09,8678,4177,4501
완정,2024-12-09,15846,8204,7642
독정,2024-12-09,9493,4762,4731
검암,2024-12-09,9093,4845,4248
검바위,2024-12-09,6940,3358,3582
아시아드경기장(공촌사거리),2024-12-09,9566,5024,4542
서구청,2024-12-09,16859,8436,8423
가정(루원시티),2024-12-09,23459,11953,11506
가정중앙시장,2024-12-09,12422,6055,6367
석남(거북시장),2024-12-09,5880,2865,3015
서부여성회관,2024-12-09,8366,4301,4065
인천가좌,2024-12-09,8844,4473,4371
가재울,2024-12-09,8211,4183,4028
주안국가산단,2024-12-09,6003,2983,3020
주안,2024-12-09,15361,6591,8770
시민공원(문화창작지대),2024-12-09,21093,11017,10076
석바위시장,2024-12-09,10133,4991,5142
인천시청,2024-12-09,6893,3348,3545
석천사거리,2024-12-09,9958,5231,4727
모래내시장,2024-12-09,16308,7965,8343
만수,2024-12-09,10245,5356,4889
남동구청,2024-12-09,10302,5291,5011
인천대공원,2024-12-09,4255,2147,2108
운연(서창),2024-12-09,2372,1243,1129
검단오류(검단산업단지),2024-12-10,5819,2929,2890
왕길,2024-12-10,5327,2654,2673
검단사거리,2024-12-10,16989,8898,8091
마전,2024-12-10,8785,4253,4532
완정,2024-12-10,16147,8305,7842
독정,2024-12-10,9774,4928,4846
검암,2024-12-10,9061,4859,4202
검바위,2024-12-10,7034,3413,3621
아시아드경기장(공촌사거리),2024-12-10,9348,4960,4388
서구청,2024-12-10,17781,8816,8965
가정(루원시티),2024-12-10,24370,12422,11948
가정중앙시장,2024-12-10,12902,6369,6533
석남(거북시장),2024-12-10,5863,2839,3024
서부여성회관,2024-12-10,8367,4296,4071
인천가좌,2024-12-10,8964,4503,4461
가재울,2024-12-10,8327,4302,4025
주안국가산단,2024-12-10,6040,2991,3049
주안,2024-12-10,15983,6882,9101
시민공원(문화창작지대),2024-12-10,21524,11186,10338
석바위시장,2024-12-10,10559,5158,5401
인천시청,2024-12-10,7181,3454,3727
석천사거리,2024-12-10,10236,5328,4908
모래내시장,2024-12-10,16822,8240,8582
만수,2024-12-10,10376,5428,4948
남동구청,2024-12-10,9822,5062,4760
인천대공원,2024-12-10,4667,2335,2332
운연(서창),2024-12-10,2528,1347,1181
검단오류(검단산업단지),2024-12-11,5859,2944,2915
왕길,2024-12-11,5317,2660,2657
검단사거리,2024-12-11,16784,8728,8056
마전,2024-12-11,8716,4275,4441
완정,2024-12-11,16128,8330,7798
독정,2024-12-11,9615,4845,4770
검암,2024-12-11,8998,4787,4211
검바위,2024-12-11,7039,3389,3650
아시아드경기장(공촌사거리),2024-12-11,9634,5123,4511
서구청,2024-12-11,17515,8698,8817
가정(루원시티),2024-12-11,24580,12527,12053
가정중앙시장,2024-12-11,12874,6315,6559
석남(거북시장),2024-12-11,5900,2913,2987
서부여성회관,2024-12-11,8602,4395,4207
인천가좌,2024-12-11,8874,4466,4408
가재울,2024-12-11,8473,4330,4143
주안국가산단,2024-12-11,6156,2989,3167
주안,2024-12-11,16130,6877,9253
시민공원(문화창작지대),2024-12-11,21922,11387,10535
석바위시장,2024-12-11,10465,5112,5353
인천시청,2024-12-11,7234,3503,3731
석천사거리,2024-12-11,10034,5263,4771
모래내시장,2024-12-11,16521,8028,8493
만수,2024-12-11,10527,5514,5013
남동구청,2024-12-11,9441,4877,4564
인천대공원,2024-12-11,4467,2229,2238
운연(서창),2024-12-11,2532,1356,1176
검단오류(검단산업단지),2024-12-12,5698,2867,2831
왕길,2024-12-12,5284,2642,2642
검단사거리,2024-12-12,16913,8868,8045
마전,2024-12-12,8975,4349,4626
완정,2024-12-12,16119,8248,7871
독정,2024-12-12,9723,4914,4809
검암,2024-12-12,9027,4849,4178
검바위,2024-12-12,7039,3396,3643
아시아드경기장(공촌사거리),2024-12-12,9436,5004,4432
서구청,2024-12-12,17480,8677,8803
가정(루원시티),2024-12-12,24487,12537,11950
가정중앙시장,2024-12-12,12909,6335,6574
석남(거북시장),2024-12-12,5780,2776,3004
서부여성회관,2024-12-12,8718,4456,4262
인천가좌,2024-12-12,9082,4543,4539
가재울,2024-12-12,8338,4285,4053
주안국가산단,2024-12-12,5988,2927,3061
주안,2024-12-12,16196,6917,9279
시민공원(문화창작지대),2024-12-12,21539,11133,10406
석바위시장,2024-12-12,10405,5079,5326
인천시청,2024-12-12,7047,3385,3662
석천사거리,2024-12-12,9979,5218,4761
모래내시장,2024-12-12,16593,8064,8529
만수,2024-12-12,10523,5484,5039
남동구청,2024-12-12,9180,4714,4466
인천대공원,2024-12-12,4402,2245,2157
운연(서창),2024-12-12,2506,1343,1163
검단오류(검단산업단지),2024-12-13,5520,2682,2838
왕길,2024-12-13,5265,2690,2575
검단사거리,2024-12-13,17863,9352,8511
마전,2024-12-13,8883,4390,4493
완정,2024-12-13,16649,8596,8053
독정,2024-12-13,9737,4900,4837
검암,2024-12-13,9345,5074,4271
검바위,2024-12-13,7244,3522,3722
아시아드경기장(공촌사거리),2024-12-13,9270,4963,4307
서구청,2024-12-13,17943,8864,9079
가정(루원시티),2024-12-13,25496,13058,12438
가정중앙시장,2024-12-13,13654,6683,6971
석남(거북시장),2024-12-13,5941,2888,3053
서부여성회관,2024-12-13,8885,4582,4303
인천가좌,2024-12-13,9039,4600,4439
가재울,2024-12-13,8386,4276,4110
주안국가산단,2024-12-13,5926,2829,3097
주안,2024-12-13,16815,7181,9634
시민공원(문화창작지대),2024-12-13,21841,11389,10452
석바위시장,2024-12-13,10706,5221,5485
인천시청,2024-12-13,7296,3491,3805
석천사거리,2024-12-13,10245,5399,4846
모래내시장,2024-12-13,16830,8227,8603
만수,2024-12-13,10729,5614,5115
남동구청,2024-12-13,9535,4984,4551
인천대공원,2024-12-13,4195,2155,2040
운연(서창),2024-12-13,2642,1428,1214
검단오류(검단산업단지),2024-12-14,2020,1094,926
왕길,2024-12-14,3206,1659,1547
검단사거리,2024-12-14,14282,7470,6812
마전,2024-12-14,6606,3291,3315
완정,2024-12-14,11557,6039,5518
독정,2024-12-14,6891,3501,3390
검암,2024-12-14,6015,3289,2726
검바위,2024-12-14,4014,1942,2072
아시아드경기장(공촌사거리),2024-12-14,6772,3509,3263
서구청,2024-12-14,12476,6194,6282
가정(루원시티),2024-12-14,16930,8736,8194
가정중앙시장,2024-12-14,10859,5365,5494
석남(거북시장),2024-12-14,4884,2319,2565
서부여성회관,2024-12-14,6480,3342,3138
인천가좌,2024-12-14,5090,2646,2444
가재울,2024-12-14,4826,2535,2291
주안국가산단,2024-12-14,1396,685,711
주안,2024-12-14,14542,5796,8746
시민공원(문화창작지대),2024-12-14,15507,8111,7396
석바위시장,2024-12-14,7971,3925,4046
인천시청,2024-12-14,4819,2226,2593
석천사거리,2024-12-14,6914,3646,3268
모래내시장,2024-12-14,13800,6871,6929
만수,2024-12-14,7827,4046,3781
남동구청,2024-12-14,5884,3119,2765
인천대공원,2024-12-14,4487,2234,2253
운연(서창),2024-12-14,1747,883,864
검단오류(검단산업단지),2024-12-15,1393,685,708
왕길,2024-12-15,2013,1036,977
검단사거리,2024-12-15,10057,5003,5054
마전,2024-12-15,4154,1998,2156
완정,2024-12-15,7451,3812,3639
독정,2024-12-15,4628,2272,2356
검암,2024-12-15,4212,2194,2018
검바위,2024-12-15,3022,1425,1597
아시아드경기장(공촌사거리),2024-12-15,5020,2608,2412
서구청,2024-12-15,8103,4113,3990
가정(루원시티),2024-12-15,10662,5379,5283
가정중앙시장,2024-12-15,7506,3706,3800
석남(거북시장),2024-12-15,3344,1560,1784
서부여성회관,2024-12-15,5173,2617,2556
인천가좌,2024-12-15,3425,1708,1717
가재울,2024-12-15,3449,1748,1701
주안국가산단,2024-12-15,754,356,398
주안,2024-12-15,9332,3782,5550
시민공원(문화창작지대),2024-12-15,11292,5791,5501
석바위시장,2024-12-15,5885,2874,3011
인천시청,2024-12-15,3698,1744,1954
석천사거리,2024-12-15,4881,2522,2359
모래내시장,2024-12-15,10217,5078,5139
만수,2024-12-15,5790,2979,2811
남동구청,2024-12-15,4407,2324,2083
인천대공원,2024-12-15,3913,1959,1954
운연(서창),2024-12-15,1312,709,603
검단오류(검단산업단지),2024-12-16,5514,2740,2774
왕길,2024-12-16,5095,2564,2531
검단사거리,2024-12-16,16333,8604,7729
마전,2024-12-16,8593,4154,4439
완정,2024-12-16,15600,8081,7519
독정,2024-12-16,9260,4631,4629
검암,2024-12-16,8852,4739,4113
검바위,2024-12-16,6852,3314,3538
아시아드경기장(공촌사거리),2024-12-16,9140,4890,4250
서구청,2024-12-16,16713,8366,8347
가정(루원시티),2024-12-16,23511,11972,11539
가정중앙시장,2024-12-16,12328,6065,6263
석남(거북시장),2024-12-16,5999,2914,3085
서부여성회관,2024-12-16,8016,4130,3886
인천가좌,2024-12-16,8803,4461,4342
가재울,2024-12-16,8007,4109,3898
주안국가산단,2024-12-16,5988,2966,3022
주안,2024-12-16,15223,6472,8751
시민공원(문화창작지대),2024-12-16,21042,10905,10137
석바위시장,2024-12-16,10415,5111,5304
인천시청,2024-12-16,6831,3329,3502
석천사거리,2024-12-16,9787,5067,4720
모래내시장,2024-12-16,16109,7875,8234
만수,2024-12-16,10127,5313,4814
남동구청,2024-12-16,8779,4523,4256
인천대공원,2024-12-16,4026,2036,1990
운연(서창),2024-12-16,2474,1300,1174
검단오류(검단산업단지),2024-12-17,5657,2816,2841
왕길,2024-12-17,5320,2642,2678
검단사거리,2024-12-17,17034,8888,8146
마전,2024-12-17,8964,4340,4624
완정,2024-12-17,15988,8284,7704
독정,2024-12-17,9453,4811,4642
검암,2024-12-17,9087,4921,4166
검바위,2024-12-17,7051,3433,3618
아시아드경기장(공촌사거리),2024-12-17,9187,4813,4374
서구청,2024-12-17,17762,8823,8939
가정(루원시티),2024-12-17,24631,12538,12093
가정중앙시장,2024-12-17,12903,6274,6629
석남(거북시장),2024-12-17,6192,3061,3131
서부여성회관,2024-12-17,8355,4283,4072
인천가좌,2024-12-17,8919,4486,4433
가재울,2024-12-17,8192,4203,3989
주안국가산단,2024-12-17,6159,3038,3121
주안,2024-12-17,15763,6731,9032
시민공원(문화창작지대),2024-12-17,21488,11145,10343
석바위시장,2024-12-17,10629,5194,5435
인천시청,2024-12-17,7050,3415,3635
석천사거리,2024-12-17,10121,5223,4898
모래내시장,2024-12-17,16342,7982,8360
만수,2024-12-17,10208,5325,4883
남동구청,2024-12-17,9257,4817,4440
인천대공원,2024-12-17,4290,2146,2144
운연(서창),2024-12-17,2445,1312,1133
검단오류(검단산업단지),2024-12-18,5684,2850,2834
왕길,2024-12-18,5261,2657,2604
검단사거리,2024-12-18,16485,8622,7863
마전,2024-12-18,8643,4213,4430
완정,2024-12-18,15790,8220,7570
독정,2024-12-18,9196,4595,4601
검암,2024-12-18,8843,4710,4133
검바위,2024-12-18,7048,3445,3603
아시아드경기장(공촌사거리),2024-12-18,9408,5028,4380
서구청,2024-12-18,17119,8553,8566
가정(루원시티),2024-12-18,24228,12419,11809
가정중앙시장,2024-12-18,12470,6185,6285
석남(거북시장),2024-12-18,6016,2837,3179
서부여성회관,2024-12-18,8155,4154,4001
인천가좌,2024-12-18,8740,4384,4356
가재울,2024-12-18,8130,4189,3941
주안국가산단,2024-12-18,5960,2888,3072
주안,2024-12-18,15589,6658,8931
시민공원(문화창작지대),2024-12-18,21566,11084,10482
석바위시장,2024-12-18,10600,5175,5425
인천시청,2024-12-18,6963,3303,3660
석천사거리,2024-12-18,9941,5139,4802
모래내시장,2024-12-18,15767,7701,8066
만수,2024-12-18,10188,5288,4900
남동구청,2024-12-18,8988,4616,4372
인천대공원,2024-12-18,3736,1884,1852
운연(서창),2024-12-18,2463,1330,1133
검단오류(검단산업단지),2024-12-19,5693,2835,2858
왕길,2024-12-19,5178,2565,2613
검단사거리,2024-12-19,16551,8660,7891
마전,2024-12-19,8700,4271,4429
완정,2024-12-19,15694,8129,7565
독정,2024-12-19,9394,4760,4634
검암,2024-12-19,8990,4868,4122
검바위,2024-12-19,7149,3422,3727
아시아드경기장(공촌사거리),2024-12-19,9064,4801,4263
서구청,2024-12-19,17185,8537,8648
가정(루원시티),2024-12-19,24379,12495,11884
가정중앙시장,2024-12-19,12735,6233,6502
석남(거북시장),2024-12-19,5951,2943,3008
서부여성회관,2024-12-19,8135,4087,4048
인천가좌,2024-12-19,8674,4302,4372
가재울,2024-12-19,8191,4211,3980
주안국가산단,2024-12-19,6077,3009,3068
주안,2024-12-19,15416,6578,8838
시민공원(문화창작지대),2024-12-19,21308,11000,10308
석바위시장,2024-12-19,10219,4972,5247
인천시청,2024-12-19,6861,3319,3542
석천사거리,2024-12-19,9821,5094,4727
모래내시장,2024-12-19,16294,7980,8314
만수,2024-12-19,10099,5269,4830
남동구청,2024-12-19,8758,4523,4235
인천대공원,2024-12-19,3973,2024,1949
운연(서창),2024-12-19,2416,1270,1146
검단오류(검단산업단지),2024-12-20,5563,2639,2924
왕길,2024-12-20,5397,2739,2658
검단사거리,2024-12-20,18086,9588,8498
마전,2024-12-20,9115,4504,4611
완정,2024-12-20,16650,8682,7968
독정,2024-12-20,9675,4886,4789
검암,2024-12-20,9305,5099,4206
검바위,2024-12-20,7817,3765,4052
아시아드경기장(공촌사거리),2024-12-20,9543,5091,4452
서구청,2024-12-20,18451,9116,9335
가정(루원시티),2024-12-20,26051,13440,12611
가정중앙시장,2024-12-20,14069,6980,7089
석남(거북시장),2024-12-20,6280,2976,3304
서부여성회관,2024-12-20,8810,4540,4270
인천가좌,2024-12-20,8908,4452,4456
가재울,2024-12-20,8362,4271,4091
주안국가산단,2024-12-20,5880,2730,3150
주안,2024-12-20,16426,6978,9448
시민공원(문화창작지대),2024-12-20,22288,11531,10757
석바위시장,2024-12-20,10902,5357,5545
인천시청,2024-12-20,7075,3431,3644
석천사거리,2024-12-20,10091,5298,4793
모래내시장,2024-12-20,17067,8349,8718
만수,2024-12-20,10883,5682,5201
남동구청,2024-12-20,9263,4864,4399
인천대공원,2024-12-20,4202,2141,2061
운연(서창),2024-12-20,2525,1348,1177
검단오류(검단산업단지),2024-12-21,1955,1079,876
왕길,2024-12-21,3056,1590,1466
검단사거리,2024-12-21,14142,7388,6754
마전,2024-12-21,6596,3287,3309
완정,2024-12-21,11282,5950,5332
독정,2024-12-21,6859,3483,3376
검암,2024-12-21,6096,3430,2666
검바위,2024-12-21,4088,1994,2094
아시아드경기장(공촌사거리),2024-12-21,6793,3528,3265
서구청,2024-12-21,12166,6100,6066
가정(루원시티),2024-12-21,16669,8603,8066
가정중앙시장,2024-12-21,10874,5365,5509
석남(거북시장),2024-12-21,4851,2296,2555
서부여성회관,2024-12-21,6478,3319,3159
인천가좌,2024-12-21,5124,2581,2543
가재울,2024-12-21,4840,2522,2318
주안국가산단,2024-12-21,1484,722,762
주안,2024-12-21,14163,5678,8485
시민공원(문화창작지대),2024-12-21,15644,8077,7567
석바위시장,2024-12-21,8017,3860,4157
인천시청,2024-12-21,4745,2246,2499
석천사거리,2024-12-21,6739,3493,3246
모래내시장,2024-12-21,13321,6588,6733
만수,2024-12-21,7762,4090,3672
남동구청,2024-12-21,5700,2987,2713
인천대공원,2024-12-21,3496,1820,1676
운연(서창),2024-12-21,1648,849,799
검단오류(검단산업단지),2024-12-22,1277,625,652
왕길,2024-12-22,2038,1030,1008
검단사거리,2024-12-22,9940,4981,4959
마전,2024-12-22,4201,2051,2150
완정,2024-12-22,7824,3887,3937
독정,2024-12-22,3959,1950,2009
검암,2024-12-22,4310,2270,2040
검바위,2024-12-22,3080,1443,1637
아시아드경기장(공촌사거리),2024-12-22,5015,2630,2385
서구청,2024-12-22,7833,3929,3904
가정(루원시티),2024-12-22,10317,5193,5124
가정중앙시장,2024-12-22,7205,3532,3673
석남(거북시장),2024-12-22,3152,1488,1664
서부여성회관,2024-12-22,4918,2527,2391
인천가좌,2024-12-22,3526,1768,1758
가재울,2024-12-22,3542,1800,1742
주안국가산단,2024-12-22,713,330,383
주안,2024-12-22,9033,3670,5363
시민공원(문화창작지대),2024-12-22,10709,5483,5226
석바위시장,2024-12-22,5851,2899,2952
인천시청,2024-12-22,3435,1603,1832
석천사거리,2024-12-22,4532,2312,2220
모래내시장,2024-12-22,9492,4695,4797
만수,2024-12-22,5724,2952,2772
남동구청,2024-12-22,4006,2046,1960
인천대공원,2024-12-22,3634,1812,1822
운연(서창),2024-12-22,1129,602,527
검단오류(검단산업단지),2024-12-23,5557,2784,2773
왕길,2024-12-23,5143,2574,2569
검단사거리,2024-12-23,16461,8576,7885
마전,2024-12-23,8517,4201,4316
완정,2024-12-23,15922,8199,7723
독정,2024-12-23,9149,4614,4535
검암,2024-12-23,8792,4752,4040
검바위,2024-12-23,6039,2912,3127
아시아드경기장(공촌사거리),2024-12-23,8879,4691,4188
서구청,2024-12-23,17195,8487,8708
가정(루원시티),2024-12-23,23465,12039,11426
가정중앙시장,2024-12-23,12510,6110,6400
석남(거북시장),2024-12-23,6198,3009,3189
서부여성회관,2024-12-23,8081,4140,3941
인천가좌,2024-12-23,8800,4410,4390
가재울,2024-12-23,7919,4037,3882
주안국가산단,2024-12-23,5832,2850,2982
주안,2024-12-23,15021,6486,8535
시민공원(문화창작지대),2024-12-23,21201,10888,10313
석바위시장,2024-12-23,10185,4993,5192
인천시청,2024-12-23,6688,3229,3459
석천사거리,2024-12-23,9731,5029,4702
모래내시장,2024-12-23,16040,7848,8192
만수,2024-12-23,10010,5209,4801
남동구청,2024-12-23,8782,4528,4254
인천대공원,2024-12-23,4147,2116,2031
운연(서창),2024-12-23,2381,1249,1132
검단오류(검단산업단지),2024-12-24,5670,2848,2822
왕길,2024-12-24,5412,2766,2646
검단사거리,2024-12-24,17416,9051,8365
마전,2024-12-24,8659,4308,4351
완정,2024-12-24,15931,8249,7682
독정,2024-12-24,9434,4771,4663
검암,2024-12-24,8764,4771,3993
검바위,2024-12-24,6252,3023,3229
아시아드경기장(공촌사거리),2024-12-24,8952,4813,4139
서구청,2024-12-24,17282,8545,8737
가정(루원시티),2024-12-24,23546,11974,11572
가정중앙시장,2024-12-24,12989,6374,6615
석남(거북시장),2024-12-24,6271,3076,3195
서부여성회관,2024-12-24,8054,4132,3922
인천가좌,2024-12-24,8778,4467,4311
가재울,2024-12-24,8035,4217,3818
주안국가산단,2024-12-24,5699,2825,2874
주안,2024-12-24,15704,6608,9096
시민공원(문화창작지대),2024-12-24,21432,11004,10428
석바위시장,2024-12-24,10321,5027,5294
인천시청,2024-12-24,6659,3193,3466
석천사거리,2024-12-24,9930,5170,4760
모래내시장,2024-12-24,16730,8256,8474
만수,2024-12-24,10389,5399,4990
남동구청,2024-12-24,8993,4686,4307
인천대공원,2024-12-24,4212,2143,2069
운연(서창),2024-12-24,2488,1333,1155
검단오류(검단산업단지),2024-12-25,1493,764,729
왕길,2024-12-25,2413,1239,1174
검단사거리,2024-12-25,10808,5545,5263
마전,2024-12-25,4734,2351,2383
완정,2024-12-25,8664,4453,4211
독정,2024-12-25,5255,2641,2614
검암,2024-12-25,4544,2417,2127
검바위,2024-12-25,3393,1672,1721
아시아드경기장(공촌사거리),2024-12-25,5374,2857,2517
서구청,2024-12-25,8694,4342,4352
가정(루원시티),2024-12-25,11593,5938,5655
가정중앙시장,2024-12-25,8393,4143,4250
석남(거북시장),2024-12-25,3886,1873,2013
서부여성회관,2024-12-25,5378,2766,2612
인천가좌,2024-12-25,3840,1940,1900
가재울,2024-12-25,3650,1828,1822
주안국가산단,2024-12-25,973,478,495
주안,2024-12-25,10272,4167,6105
시민공원(문화창작지대),2024-12-25,12474,6439,6035
석바위시장,2024-12-25,6003,2998,3005
인천시청,2024-12-25,3766,1753,2013
석천사거리,2024-12-25,5527,2950,2577
모래내시장,2024-12-25,11049,5384,5665
만수,2024-12-25,6451,3366,3085
남동구청,2024-12-25,4479,2329,2150
인천대공원,2024-12-25,4148,2104,2044
운연(서창),2024-12-25,1314,695,619
검단오류(검단산업단지),2024-12-26,5384,2667,2717
왕길,2024-12-26,4958,2475,2483
검단사거리,2024-12-26,16424,8611,7813
마전,2024-12-26,8492,4087,4405
완정,2024-12-26,15560,8012,7548
독정,2024-12-26,8926,4471,4455
검암,2024-12-26,8593,4580,4013
검바위,2024-12-26,5959,2877,3082
아시아드경기장(공촌사거리),2024-12-26,8734,4593,4141
서구청,2024-12-26,17045,8520,8525
가정(루원시티),2024-12-26,22976,11784,11192
가정중앙시장,2024-12-26,12512,6142,6370
석남(거북시장),2024-12-26,5973,2888,3085
서부여성회관,2024-12-26,8146,4160,3986
인천가좌,2024-12-26,8279,4149,4130
가재울,2024-12-26,7733,3963,3770
주안국가산단,2024-12-26,5731,2858,2873
주안,2024-12-26,14991,6409,8582
시민공원(문화창작지대),2024-12-26,21055,10751,10304
석바위시장,2024-12-26,10318,5079,5239
인천시청,2024-12-26,6854,3262,3592
석천사거리,2024-12-26,9675,4988,4687
모래내시장,2024-12-26,15877,7818,8059
만수,2024-12-26,10118,5234,4884
남동구청,2024-12-26,8584,4419,4165
인천대공원,2024-12-26,4197,2117,2080
운연(서창),2024-12-26,2327,1227,1100
검단오류(검단산업단지),2024-12-27,5378,2643,2735
왕길,2024-12-27,5153,2572,2581
검단사거리,2024-12-27,17455,9113,8342
마전,2024-12-27,8552,4235,4317
완정,2024-12-27,16072,8331,7741
독정,2024-12-27,9044,4635,4409
검암,2024-12-27,8684,4756,3928
검바위,2024-12-27,6056,2923,3133
아시아드경기장(공촌사거리),2024-12-27,8763,4668,4095
서구청,2024-12-27,17525,8680,8845
가정(루원시티),2024-12-27,23717,12107,11610
가정중앙시장,2024-12-27,12781,6304,6477
석남(거북시장),2024-12-27,5983,2867,3116
서부여성회관,2024-12-27,8274,4257,4017
인천가좌,2024-12-27,8139,4081,4058
가재울,2024-12-27,7988,4092,3896
주안국가산단,2024-12-27,5587,2723,2864
주안,2024-12-27,15798,6650,9148
시민공원(문화창작지대),2024-12-27,21194,10915,10279
석바위시장,2024-12-27,10635,5207,5428
인천시청,2024-12-27,6822,3237,3585
석천사거리,2024-12-27,9845,5143,4702
모래내시장,2024-12-27,16028,7786,8242
만수,2024-12-27,10423,5450,4973
남동구청,2024-12-27,8878,4568,4310
인천대공원,2024-12-27,3771,1897,1874
운연(서창),2024-12-27,2338,1243,1095
검단오류(검단산업단지),2024-12-28,1893,1039,854
왕길,2024-12-28,2843,1452,1391
검단사거리,2024-12-28,13132,6882,6250
마전,2024-12-28,5808,2877,2931
완정,2024-12-28,10676,5574,5102
독정,2024-12-28,5993,3021,2972
검암,2024-12-28,5538,3053,2485
검바위,2024-12-28,3800,1841,1959
아시아드경기장(공촌사거리),2024-12-28,5863,3059,2804
서구청,2024-12-28,10945,5406,5539
가정(루원시티),2024-12-28,14922,7701,7221
가정중앙시장,2024-12-28,9629,4710,4919
석남(거북시장),2024-12-28,4534,2173,2361
서부여성회관,2024-12-28,6005,3147,2858
인천가좌,2024-12-28,4736,2456,2280
가재울,2024-12-28,4275,2184,2091
주안국가산단,2024-12-28,1359,655,704
주안,2024-12-28,12787,5260,7527
시민공원(문화창작지대),2024-12-28,15038,7692,7346
석바위시장,2024-12-28,7257,3529,3728
인천시청,2024-12-28,4465,2110,2355
석천사거리,2024-12-28,6225,3251,2974
모래내시장,2024-12-28,12647,6233,6414
만수,2024-12-28,7399,3859,3540
남동구청,2024-12-28,5324,2778,2546
인천대공원,2024-12-28,4045,2042,2003
운연(서창),2024-12-28,1601,828,773
검단오류(검단산업단지),2024-12-29,1249,599,650
왕길,2024-12-29,1962,1020,942
검단사거리,2024-12-29,9579,4710,4869
마전,2024-12-29,4007,1919,2088
완정,2024-12-29,7052,3598,3454
독정,2024-12-29,4322,2098,2224
검암,2024-12-29,3958,2102,1856
검바위,2024-12-29,2957,1388,1569
아시아드경기장(공촌사거리),2024-12-29,4841,2543,2298
서구청,2024-12-29,7743,3920,3823
가정(루원시티),2024-12-29,10374,5189,5185
가정중앙시장,2024-12-29,7266,3571,3695
석남(거북시장),2024-12-29,3207,1534,1673
서부여성회관,2024-12-29,4941,2528,2413
인천가좌,2024-12-29,3209,1566,1643
가재울,2024-12-29,3358,1700,1658
주안국가산단,2024-12-29,718,363,355
주안,2024-12-29,8715,3615,5100
시민공원(문화창작지대),2024-12-29,10365,5299,5066
석바위시장,2024-12-29,5747,2805,2942
인천시청,2024-12-29,3388,1617,1771
석천사거리,2024-12-29,4693,2458,2235
모래내시장,2024-12-29,9931,4906,5025
만수,2024-12-29,5546,2855,2691
남동구청,2024-12-29,3988,2066,1922
인천대공원,2024-12-29,3953,1952,2001
운연(서창),2024-12-29,1309,703,606
검단오류(검단산업단지),2024-12-30,5069,2501,2568
왕길,2024-12-30,4827,2388,2439
검단사거리,2024-12-30,15931,8326,7605
마전,2024-12-30,8096,3961,4135
완정,2024-12-30,14931,7765,7166
독정,2024-12-30,8546,4289,4257
검암,2024-12-30,8146,4386,3760
검바위,2024-12-30,5605,2676,2929
아시아드경기장(공촌사거리),2024-12-30,8441,4471,3970
서구청,2024-12-30,16942,8457,8485
가정(루원시티),2024-12-30,21912,11196,10716
가정중앙시장,2024-12-30,12464,6102,6362
석남(거북시장),2024-12-30,5690,2790,2900
서부여성회관,2024-12-30,7853,4029,3824
인천가좌,2024-12-30,8087,4050,4037
가재울,2024-12-30,7611,3928,3683
주안국가산단,2024-12-30,5391,2646,2745
주안,2024-12-30,14567,6278,8289
시민공원(문화창작지대),2024-12-30,20492,10541,9951
석바위시장,2024-12-30,10072,4874,5198
인천시청,2024-12-30,6594,3179,3415
석천사거리,2024-12-30,9221,4820,4401
모래내시장,2024-12-30,15894,7668,8226
만수,2024-12-30,9833,5155,4678
남동구청,2024-12-30,8547,4454,4093
인천대공원,2024-12-30,4365,2217,2148
운연(서창),2024-12-30,2305,1212,1093
검단오류(검단산업단지),2024-12-31,4840,2385,2455
왕길,2024-12-31,4722,2429,2293
검단사거리,2024-12-31,16887,8841,8046
마전,2024-12-31,8089,4060,4029
완정,2024-12-31,14958,7806,7152
독정,2024-12-31,8701,4465,4236
검암,2024-12-31,7791,4205,3586
검바위,2024-12-31,5721,2832,2889
아시아드경기장(공촌사거리),2024-12-31,8279,4371,3908
서구청,2024-12-31,16479,8078,8401
가정(루원시티),2024-12-31,20869,10749,10120
가정중앙시장,2024-12-31,13008,6412,6596
석남(거북시장),2024-12-31,5615,2777,2838
서부여성회관,2024-12-31,8023,4118,3905
인천가좌,2024-12-31,7854,3990,3864
가재울,2024-12-31,7393,3832,3561
주안국가산단,2024-12-31,4574,2207,2367
주안,2024-12-31,14598,6225,8373
시민공원(문화창작지대),2024-12-31,20247,10314,9933
석바위시장,2024-12-31,9989,4813,5176
인천시청,2024-12-31,6212,3017,3195
석천사거리,2024-12-31,9120,4801,4319
모래내시장,2024-12-31,16064,7857,8207
만수,2024-12-31,10054,5339,4715
남동구청,2024-12-31,8269,4346,3923
인천대공원,2024-12-31,4257,2154,2103
운연(서창),2024-12-31,2232,1201,1031
검단오류(검단산업단지),2025-01-01,1115,568,547
왕길,2025-01-01,1617,796,821
검단사거리,2025-01-01,8550,4196,4354
마전,2025-01-01,3392,1594,1798
완정,2025-01-01,6046,3039,3007
독정,2025-01-01,3718,1834,1884
검암,2025-01-01,3346,1789,1557
검바위,2025-01-01,2533,1159,1374
아시아드경기장(공촌사거리),2025-01-01,3896,2124,1772
서구청,2025-01-01,6581,3310,3271
가정(루원시티),2025-01-01,8093,4051,4042
가정중앙시장,2025-01-01,6294,3103,3191
석남(거북시장),2025-01-01,2969,1390,1579
서부여성회관,2025-01-01,4443,2198,2245
인천가좌,2025-01-01,2976,1473,1503
가재울,2025-01-01,2590,1296,1294
주안국가산단,2025-01-01,609,291,318
주안,2025-01-01,7936,3321,4615
시민공원(문화창작지대),2025-01-01,9279,4814,4465
석바위시장,2025-01-01,4350,2107,2243
인천시청,2025-01-01,3021,1405,1616
석천사거리,2025-01-01,4031,2078,1953
모래내시장,2025-01-01,8776,4277,4499
만수,2025-01-01,5018,2553,2465
남동구청,2025-01-01,3500,1805,1695
인천대공원,2025-01-01,4996,2477,2519
운연(서창),2025-01-01,1019,513,506
검단오류(검단산업단지),2025-01-02,5403,2716,2687
왕길,2025-01-02,4906,2459,2447
검단사거리,2025-01-02,15433,8059,7374
마전,2025-01-02,8156,3963,4193
완정,2025-01-02,14860,7645,7215
독정,2025-01-02,8697,4368,4329
검암,2025-01-02,8392,4496,3896
검바위,2025-01-02,5745,2772,2973
아시아드경기장(공촌사거리),2025-01-02,8308,4399,3909
서구청,2025-01-02,16746,8322,8424
가정(루원시티),2025-01-02,21793,11163,10630
가정중앙시장,2025-01-02,12037,5913,6124
석남(거북시장),2025-01-02,5626,2752,2874
서부여성회관,2025-01-02,7886,3984,3902
인천가좌,2025-01-02,7884,3980,3904
가재울,2025-01-02,7637,3895,3742
주안국가산단,2025-01-02,5633,2820,2813
주안,2025-01-02,13971,5973,7998
시민공원(문화창작지대),2025-01-02,19904,10189,9715
석바위시장,2025-01-02,9489,4680,4809
인천시청,2025-01-02,6492,3123,3369
석천사거리,2025-01-02,9355,4853,4502
모래내시장,2025-01-02,15345,7488,7857
만수,2025-01-02,9631,5035,4596
남동구청,2025-01-02,7885,4110,3775
인천대공원,2025-01-02,4633,2347,2286
운연(서창),2025-01-02,2291,1216,1075
검단오류(검단산업단지),2025-01-03,5522,2768,2754
왕길,2025-01-03,4907,2446,2461
검단사거리,2025-01-03,16406,8523,7883
마전,2025-01-03,8342,4129,4213
완정,2025-01-03,15524,8018,7506
독정,2025-01-03,9014,4593,4421
검암,2025-01-03,8789,4758,4031
검바위,2025-01-03,5751,2777,2974
아시아드경기장(공촌사거리),2025-01-03,8587,4551,4036
서구청,2025-01-03,18303,9154,9149
가정(루원시티),2025-01-03,22998,11898,11100
가정중앙시장,2025-01-03,12693,6180,6513
석남(거북시장),2025-01-03,5770,2829,2941
서부여성회관,2025-01-03,8396,4201,4195
인천가좌,2025-01-03,8096,4073,4023
가재울,2025-01-03,7850,4083,3767
주안국가산단,2025-01-03,5765,2856,2909
주안,2025-01-03,14644,6264,8380
시민공원(문화창작지대),2025-01-03,20289,10426,9863
석바위시장,2025-01-03,10094,4933,5161
인천시청,2025-01-03,6432,3123,3309
석천사거리,2025-01-03,9320,4837,4483
모래내시장,2025-01-03,15969,7873,8096
만수,2025-01-03,9739,5018,4721
남동구청,2025-01-03,8018,4163,3855
인천대공원,2025-01-03,4045,2038,2007
운연(서창),2025-01-03,2224,1168,1056
검단오류(검단산업단지),2025-01-04,1772,960,812
왕길,2025-01-04,2804,1469,1335
검단사거리,2025-01-04,12214,6311,5903
마전,2025-01-04,5518,2737,2781
완정,2025-01-04,9805,5122,4683
독정,2025-01-04,5922,2963,2959
검암,2025-01-04,5172,2785,2387
검바위,2025-01-04,3788,1790,1998
아시아드경기장(공촌사거리),2025-01-04,6106,3258,2848
서구청,2025-01-04,10396,5122,5274
가정(루원시티),2025-01-04,13674,7013,6661
가정중앙시장,2025-01-04,9799,4825,4974
석남(거북시장),2025-01-04,4281,2058,2223
서부여성회관,2025-01-04,5793,2951,2842
인천가좌,2025-01-04,4475,2285,2190
가재울,2025-01-04,4332,2252,2080
주안국가산단,2025-01-04,1375,658,717
주안,2025-01-04,11586,4814,6772
시민공원(문화창작지대),2025-01-04,14048,7173,6875
석바위시장,2025-01-04,7035,3446,3589
인천시청,2025-01-04,4198,1991,2207
석천사거리,2025-01-04,6107,3201,2906
모래내시장,2025-01-04,12943,6354,6589
만수,2025-01-04,7207,3717,3490
남동구청,2025-01-04,5207,2697,2510
인천대공원,2025-01-04,4872,2460,2412
운연(서창),2025-01-04,1567,833,734
검단오류(검단산업단지),2025-01-05,1095,526,569
왕길,2025-01-05,1971,986,985
검단사거리,2025-01-05,8860,4434,4426
마전,2025-01-05,4181,2031,2150
완정,2025-01-05,6941,3506,3435
독정,2025-01-05,4488,2173,2315
검암,2025-01-05,3865,2066,1799
검바위,2025-01-05,2809,1359,1450
아시아드경기장(공촌사거리),2025-01-05,4657,2423,2234
서구청,2025-01-05,7377,3725,3652
가정(루원시티),2025-01-05,10056,5049,5007
가정중앙시장,2025-01-05,6703,3336,3367
석남(거북시장),2025-01-05,3194,1510,1684
서부여성회관,2025-01-05,4619,2387,2232
인천가좌,2025-01-05,3101,1559,1542
가재울,2025-01-05,3290,1699,1591
주안국가산단,2025-01-05,769,379,390
주안,2025-01-05,8680,3504,5176
시민공원(문화창작지대),2025-01-05,10885,5599,5286
석바위시장,2025-01-05,5619,2829,2790
인천시청,2025-01-05,3323,1637,1686
석천사거리,2025-01-05,4940,2646,2294
모래내시장,2025-01-05,9023,4494,4529
만수,2025-01-05,5290,2790,2500
남동구청,2025-01-05,3923,2029,1894
인천대공원,2025-01-05,3381,1660,1721
운연(서창),2025-01-05,1176,624,552
검단오류(검단산업단지),2025-01-06,5752,2871,2881
왕길,2025-01-06,5005,2486,2519
검단사거리,2025-01-06,16714,8649,8065
마전,2025-01-06,8460,4106,4354
완정,2025-01-06,15379,7944,7435
독정,2025-01-06,9623,4738,4885
검암,2025-01-06,8755,4685,4070
검바위,2025-01-06,5618,2691,2927
아시아드경기장(공촌사거리),2025-01-06,8604,4506,4098
서구청,2025-01-06,17339,8660,8679
가정(루원시티),2025-01-06,22410,11561,10849
가정중앙시장,2025-01-06,12212,5985,6227
석남(거북시장),2025-01-06,5641,2757,2884
서부여성회관,2025-01-06,8049,4112,3937
인천가좌,2025-01-06,8286,4197,4089
가재울,2025-01-06,7969,4127,3842
주안국가산단,2025-01-06,5954,2955,2999
주안,2025-01-06,14137,6052,8085
시민공원(문화창작지대),2025-01-06,20095,10288,9807
석바위시장,2025-01-06,10141,4913,5228
인천시청,2025-01-06,6211,2971,3240
석천사거리,2025-01-06,9514,4964,4550
모래내시장,2025-01-06,15730,7731,7999
만수,2025-01-06,9674,5070,4604
남동구청,2025-01-06,8143,4194,3949
인천대공원,2025-01-06,3758,1872,1886
운연(서창),2025-01-06,2229,1182,1047
검단오류(검단산업단지),2025-01-07,5651,2822,2829
왕길,2025-01-07,4860,2422,2438
검단사거리,2025-01-07,15453,8077,7376
마전,2025-01-07,8306,4019,4287
완정,2025-01-07,15186,7820,7366
독정,2025-01-07,8473,4230,4243
검암,2025-01-07,8708,4664,4044
검바위,2025-01-07,5539,2668,2871
아시아드경기장(공촌사거리),2025-01-07,8465,4464,4001
서구청,2025-01-07,16684,8331,8353
가정(루원시티),2025-01-07,22412,11513,10899
가정중앙시장,2025-01-07,12063,5905,6158
석남(거북시장),2025-01-07,5528,2689,2839
서부여성회관,2025-01-07,7708,3915,3793
인천가좌,2025-01-07,8038,3994,4044
가재울,2025-01-07,8000,4105,3895
주안국가산단,2025-01-07,6049,3002,3047
주안,2025-01-07,14354,6165,8189
시민공원(문화창작지대),2025-01-07,20057,10315,9742
석바위시장,2025-01-07,9801,4814,4987
인천시청,2025-01-07,6543,3166,3377
석천사거리,2025-01-07,9220,4746,4474
모래내시장,2025-01-07,15520,7534,7986
만수,2025-01-07,9634,4956,4678
남동구청,2025-01-07,8179,4210,3969
인천대공원,2025-01-07,3856,1928,1928
운연(서창),2025-01-07,2233,1193,1040
검단오류(검단산업단지),2025-01-08,5641,2824,2817
왕길,2025-01-08,4848,2443,2405
검단사거리,2025-01-08,15468,8051,7417
마전,2025-01-08,8125,3918,4207
완정,2025-01-08,14985,7707,7278
독정,2025-01-08,8356,4202,4154
검암,2025-01-08,8674,4638,4036
검바위,2025-01-08,5434,2569,2865
아시아드경기장(공촌사거리),2025-01-08,8736,4666,4070
서구청,2025-01-08,16772,8398,8374
가정(루원시티),2025-01-08,22476,11552,10924
가정중앙시장,2025-01-08,12224,5993,6231
석남(거북시장),2025-01-08,5588,2694,2894
서부여성회관,2025-01-08,8232,4131,4101
인천가좌,2025-01-08,8144,4089,4055
가재울,2025-01-08,7934,4050,3884
주안국가산단,2025-01-08,6022,2972,3050
주안,2025-01-08,14248,6120,8128
시민공원(문화창작지대),2025-01-08,20467,10510,9957
석바위시장,2025-01-08,9867,4795,5072
인천시청,2025-01-08,6273,3049,3224
석천사거리,2025-01-08,9227,4745,4482
모래내시장,2025-01-08,15087,7351,7736
만수,2025-01-08,9553,4970,4583
남동구청,2025-01-08,8047,4161,3886
인천대공원,2025-01-08,3655,1865,1790
운연(서창),2025-01-08,2220,1179,1041
검단오류(검단산업단지),2025-01-09,5358,2639,2719
왕길,2025-01-09,4564,2293,2271
검단사거리,2025-01-09,14416,7501,6915
마전,2025-01-09,7823,3814,4009
완정,2025-01-09,14245,7350,6895
독정,2025-01-09,7857,3921,3936
검암,2025-01-09,8234,4434,3800
검바위,2025-01-09,5074,2381,2693
아시아드경기장(공촌사거리),2025-01-09,7819,4184,3635
서구청,2025-01-09,15011,7529,7482
가정(루원시티),2025-01-09,20809,10664,10145
가정중앙시장,2025-01-09,10708,5244,5464
석남(거북시장),2025-01-09,5139,2509,2630
서부여성회관,2025-01-09,7332,3655,3677
인천가좌,2025-01-09,7418,3685,3733
가재울,2025-01-09,7337,3793,3544
주안국가산단,2025-01-09,5872,2897,2975
주안,2025-01-09,13185,5682,7503
시민공원(문화창작지대),2025-01-09,18241,9339,8902
석바위시장,2025-01-09,8899,4321,4578
인천시청,2025-01-09,5784,2826,2958
석천사거리,2025-01-09,8553,4348,4205
모래내시장,2025-01-09,12749,6264,6485
만수,2025-01-09,8480,4352,4128
남동구청,2025-01-09,7111,3648,3463
인천대공원,2025-01-09,2628,1349,1279
운연(서창),2025-01-09,1920,1025,895
검단오류(검단산업단지),2025-01-10,5384,2670,2714
왕길,2025-01-10,4689,2348,2341
검단사거리,2025-01-10,15823,8321,7502
마전,2025-01-10,7931,3881,4050
완정,2025-01-10,14708,7620,7088
독정,2025-01-10,8043,4022,4021
검암,2025-01-10,8250,4417,3833
검바위,2025-01-10,5294,2551,2743
아시아드경기장(공촌사거리),2025-01-10,8402,4459,3943
서구청,2025-01-10,16230,8041,8189
가정(루원시티),2025-01-10,22218,11385,10833
가정중앙시장,2025-01-10,11751,5876,5875
석남(거북시장),2025-01-10,5512,2709,2803
서부여성회관,2025-01-10,8143,4135,4008
인천가좌,2025-01-10,7634,3882,3752
가재울,2025-01-10,7590,3919,3671
주안국가산단,2025-01-10,5787,2853,2934
주안,2025-01-10,14293,6032,8261
시민공원(문화창작지대),2025-01-10,19293,9931,9362
석바위시장,2025-01-10,9466,4618,4848
인천시청,2025-01-10,6234,3018,3216
석천사거리,2025-01-10,8935,4606,4329
모래내시장,2025-01-10,14253,6965,7288
만수,2025-01-10,9143,4771,4372
남동구청,2025-01-10,7547,3907,3640
인천대공원,2025-01-10,2990,1508,1482
운연(서창),2025-01-10,2026,1088,938
검단오류(검단산업단지),2025-01-11,1875,1001,874
왕길,2025-01-11,2715,1411,1304
검단사거리,2025-01-11,12269,6405,5864
마전,2025-01-11,5583,2814,2769
완정,2025-01-11,10102,5186,4916
독정,2025-01-11,5964,3050,2914
검암,2025-01-11,5382,2972,2410
검바위,2025-01-11,3742,1820,1922
아시아드경기장(공촌사거리),2025-01-11,6057,3171,2886
서구청,2025-01-11,11070,5596,5474
가정(루원시티),2025-01-11,14122,7301,6821
가정중앙시장,2025-01-11,9884,4868,5016
석남(거북시장),2025-01-11,4204,2016,2188
서부여성회관,2025-01-11,5914,2984,2930
인천가좌,2025-01-11,4437,2255,2182
가재울,2025-01-11,4281,2218,2063
주안국가산단,2025-01-11,1478,733,745
주안,2025-01-11,11977,4884,7093
시민공원(문화창작지대),2025-01-11,13968,7194,6774
석바위시장,2025-01-11,7192,3536,3656
인천시청,2025-01-11,4238,1991,2247
석천사거리,2025-01-11,6176,3196,2980
모래내시장,2025-01-11,12627,6225,6402
만수,2025-01-11,6933,3619,3314
남동구청,2025-01-11,5123,2635,2488
인천대공원,2025-01-11,3628,1863,1765
운연(서창),2025-01-11,1457,760,697
검단오류(검단산업단지),2025-01-12,1218,614,604
왕길,2025-01-12,1752,874,878
검단사거리,2025-01-12,9192,4546,4646
마전,2025-01-12,3951,1889,2062
완정,2025-01-12,7205,3614,3591
독정,2025-01-12,3825,1879,1946
검암,2025-01-12,3926,2030,1896
검바위,2025-01-12,2817,1338,1479
아시아드경기장(공촌사거리),2025-01-12,4840,2526,2314
서구청,2025-01-12,7624,3808,3816
가정(루원시티),2025-01-12,9782,4997,4785
가정중앙시장,2025-01-12,7500,3666,3834
석남(거북시장),2025-01-12,3065,1456,1609
서부여성회관,2025-01-12,4851,2520,2331
인천가좌,2025-01-12,3324,1654,1670
가재울,2025-01-12,3270,1674,1596
주안국가산단,2025-01-12,648,321,327
주안,2025-01-12,8584,3538,5046
시민공원(문화창작지대),2025-01-12,10519,5392,5127
석바위시장,2025-01-12,5720,2817,2903
인천시청,2025-01-12,3485,1653,1832
석천사거리,2025-01-12,4628,2423,2205
모래내시장,2025-01-12,9633,4739,4894
만수,2025-01-12,5340,2739,2601
남동구청,2025-01-12,3910,1987,1923
인천대공원,2025-01-12,4173,2117,2056
운연(서창),2025-01-12,1136,595,541
검단오류(검단산업단지),2025-01-13,5595,2793,2802
왕길,2025-01-13,4660,2376,2284
검단사거리,2025-01-13,15690,8255,7435
마전,2025-01-13,7788,3724,4064
완정,2025-01-13,14876,7631,7245
독정,2025-01-13,8174,4122,4052
검암,2025-01-13,8693,4648,4045
검바위,2025-01-13,5622,2661,2961
아시아드경기장(공촌사거리),2025-01-13,8740,4576,4164
서구청,2025-01-13,17042,8531,8511
가정(루원시티),2025-01-13,22205,11322,10883
가정중앙시장,2025-01-13,11997,5924,6073
석남(거북시장),2025-01-13,5676,2716,2960
서부여성회관,2025-01-13,7673,3938,3735
인천가좌,2025-01-13,8006,4043,3963
가재울,2025-01-13,7933,4064,3869
주안국가산단,2025-01-13,5931,2939,2992
주안,2025-01-13,13995,6134,7861
시민공원(문화창작지대),2025-01-13,20283,10453,9830
석바위시장,2025-01-13,9869,4822,5047
인천시청,2025-01-13,6245,2995,3250
석천사거리,2025-01-13,9142,4752,4390
모래내시장,2025-01-13,15511,7575,7936
만수,2025-01-13,9474,4931,4543
남동구청,2025-01-13,8178,4265,3913
인천대공원,2025-01-13,3672,1849,1823
운연(서창),2025-01-13,2179,1152,1027
검단오류(검단산업단지),2025-01-14,5902,2892,3010
왕길,2025-01-14,4867,2459,2408
검단사거리,2025-01-14,16454,8786,7668
마전,2025-01-14,7980,3825,4155
완정,2025-01-14,15402,7941,7461
독정,2025-01-14,8469,4300,4169
검암,2025-01-14,8913,4823,4090
검바위,2025-01-14,5316,2551,2765
아시아드경기장(공촌사거리),2025-01-14,8301,4409,3892
서구청,2025-01-14,17188,8494,8694
가정(루원시티),2025-01-14,22895,11754,11141
가정중앙시장,2025-01-14,12757,6233,6524
석남(거북시장),2025-01-14,5672,2760,2912
서부여성회관,2025-01-14,7815,4013,3802
인천가좌,2025-01-14,8283,4143,4140
가재울,2025-01-14,8207,4233,3974
주안국가산단,2025-01-14,6149,3001,3148
주안,2025-01-14,14545,6214,8331
시민공원(문화창작지대),2025-01-14,20596,10611,9985
석바위시장,2025-01-14,10071,4890,5181
인천시청,2025-01-14,6713,3254,3459
석천사거리,2025-01-14,9462,4937,4525
모래내시장,2025-01-14,15992,7756,8236
만수,2025-01-14,9721,5086,4635
남동구청,2025-01-14,8497,4440,4057
인천대공원,2025-01-14,4158,2121,2037
운연(서창),2025-01-14,2280,1197,1083
검단오류(검단산업단지),2025-01-15,5801,2879,2922
왕길,2025-01-15,4613,2322,2291
검단사거리,2025-01-15,15759,8251,7508
마전,2025-01-15,7824,3781,4043
완정,2025-01-15,15145,7775,7370
독정,2025-01-15,8222,4157,4065
검암,2025-01-15,8796,4747,4049
검바위,2025-01-15,5288,2531,2757
아시아드경기장(공촌사거리),2025-01-15,8486,4486,4000
서구청,2025-01-15,16800,8354,8446
가정(루원시티),2025-01-15,22753,11673,11080
가정중앙시장,2025-01-15,12274,5989,6285
석남(거북시장),2025-01-15,5758,2770,2988
서부여성회관,2025-01-15,7965,4025,3940
인천가좌,2025-01-15,8293,4166,4127
가재울,2025-01-15,8083,4143,3940
주안국가산단,2025-01-15,6196,3060,3136
주안,2025-01-15,14593,6323,8270
시민공원(문화창작지대),2025-01-15,20657,10575,10082
석바위시장,2025-01-15,9999,4883,5116
인천시청,2025-01-15,6534,3134,3400
석천사거리,2025-01-15,9276,4763,4513
모래내시장,2025-01-15,15025,7408,7617
만수,2025-01-15,9509,4925,4584
남동구청,2025-01-15,8150,4240,3910
인천대공원,2025-01-15,3710,1861,1849
운연(서창),2025-01-15,2227,1206,1021
검단오류(검단산업단지),2025-01-16,5790,2852,2938
왕길,2025-01-16,4605,2342,2263
검단사거리,2025-01-16,15490,8064,7426
마전,2025-01-16,7956,3849,4107
완정,2025-01-16,14943,7698,7245
독정,2025-01-16,8472,4262,4210
검암,2025-01-16,8731,4713,4018
검바위,2025-01-16,5229,2515,2714
아시아드경기장(공촌사거리),2025-01-16,8163,4349,3814
서구청,2025-01-16,16523,8176,8347
가정(루원시티),2025-01-16,22428,11544,10884
가정중앙시장,2025-01-16,12276,5993,6283
석남(거북시장),2025-01-16,5765,2809,2956
서부여성회관,2025-01-16,7901,3983,3918
인천가좌,2025-01-16,8099,4071,4028
가재울,2025-01-16,8031,4127,3904
주안국가산단,2025-01-16,6136,3029,3107
주안,2025-01-16,14201,6096,8105
시민공원(문화창작지대),2025-01-16,20001,10336,9665
석바위시장,2025-01-16,9860,4790,5070
인천시청,2025-01-16,6620,3224,3396
석천사거리,2025-01-16,9198,4739,4459
모래내시장,2025-01-16,15339,7466,7873
만수,2025-01-16,9256,4777,4479
남동구청,2025-01-16,8357,4386,3971
인천대공원,2025-01-16,3780,1913,1867
운연(서창),2025-01-16,2171,1151,1020
검단오류(검단산업단지),2025-01-17,5724,2873,2851
왕길,2025-01-17,4901,2467,2434
검단사거리,2025-01-17,16996,8867,8129
마전,2025-01-17,8218,4028,4190
완정,2025-01-17,15431,7989,7442
독정,2025-01-17,8674,4391,4283
검암,2025-01-17,8877,4778,4099
검바위,2025-01-17,5578,2745,2833
아시아드경기장(공촌사거리),2025-01-17,8407,4465,3942
서구청,2025-01-17,17693,8726,8967
가정(루원시티),2025-01-17,23671,12171,11500
가정중앙시장,2025-01-17,13225,6517,6708
석남(거북시장),2025-01-17,6007,2932,3075
서부여성회관,2025-01-17,8327,4201,4126
인천가좌,2025-01-17,8362,4210,4152
가재울,2025-01-17,8325,4304,4021
주안국가산단,2025-01-17,5874,2833,3041
주안,2025-01-17,15228,6520,8708
시민공원(문화창작지대),2025-01-17,21070,10776,10294
석바위시장,2025-01-17,9990,4869,5121
인천시청,2025-01-17,6802,3289,3513
석천사거리,2025-01-17,9535,4992,4543
모래내시장,2025-01-17,16642,8130,8512
만수,2025-01-17,10010,5232,4778
남동구청,2025-01-17,8474,4388,4086
인천대공원,2025-01-17,4308,2199,2109
운연(서창),2025-01-17,2265,1214,1051
검단오류(검단산업단지),2025-01-18,2180,1147,1033
왕길,2025-01-18,2926,1539,1387
검단사거리,2025-01-18,13223,6834,6389
마전,2025-01-18,5724,2850,2874
완정,2025-01-18,10902,5796,5106
독정,2025-01-18,6390,3240,3150
검암,2025-01-18,5825,3100,2725
검바위,2025-01-18,3946,1926,2020
아시아드경기장(공촌사거리),2025-01-18,6523,3428,3095
서구청,2025-01-18,11455,5729,5726
가정(루원시티),2025-01-18,15320,7872,7448
가정중앙시장,2025-01-18,10551,5201,5350
석남(거북시장),2025-01-18,4529,2160,2369
서부여성회관,2025-01-18,6255,3239,3016
인천가좌,2025-01-18,5074,2589,2485
가재울,2025-01-18,4874,2517,2357
주안국가산단,2025-01-18,1631,807,824
주안,2025-01-18,12974,5288,7686
시민공원(문화창작지대),2025-01-18,14884,7612,7272
석바위시장,2025-01-18,7561,3717,3844
인천시청,2025-01-18,4768,2280,2488
석천사거리,2025-01-18,6494,3404,3090
모래내시장,2025-01-18,13861,6768,7093
만수,2025-01-18,7690,3976,3714
남동구청,2025-01-18,5577,2914,2663
인천대공원,2025-01-18,4911,2483,2428
운연(서창),2025-01-18,1659,900,759
검단오류(검단산업단지),2025-01-19,1320,673,647
왕길,2025-01-19,1926,964,962
검단사거리,2025-01-19,9714,4835,4879
마전,2025-01-19,3931,1883,2048
완정,2025-01-19,7400,3781,3619
독정,2025-01-19,4532,2244,2288
검암,2025-01-19,3921,2085,1836
검바위,2025-01-19,3123,1511,1612
아시아드경기장(공촌사거리),2025-01-19,4984,2655,2329
서구청,2025-01-19,7915,3888,4027
가정(루원시티),2025-01-19,10225,5138,5087
가정중앙시장,2025-01-19,7638,3820,3818
석남(거북시장),2025-01-19,3212,1483,1729
서부여성회관,2025-01-19,5040,2609,2431
인천가좌,2025-01-19,3278,1619,1659
가재울,2025-01-19,3470,1787,1683
주안국가산단,2025-01-19,782,391,391
주안,2025-01-19,8874,3785,5089
시민공원(문화창작지대),2025-01-19,10806,5539,5267
석바위시장,2025-01-19,5798,2874,2924
인천시청,2025-01-19,3733,1754,1979
석천사거리,2025-01-19,4556,2386,2170
모래내시장,2025-01-19,10115,4955,5160
만수,2025-01-19,5690,2909,2781
남동구청,2025-01-19,4270,2197,2073
인천대공원,2025-01-19,4434,2237,2197
운연(서창),2025-01-19,1268,670,598
검단오류(검단산업단지),2025-01-20,5700,2818,2882
왕길,2025-01-20,4965,2501,2464
검단사거리,2025-01-20,16076,8351,7725
마전,2025-01-20,8242,3945,4297
완정,2025-01-20,15417,7978,7439
독정,2025-01-20,8474,4280,4194
검암,2025-01-20,8552,4594,3958
검바위,2025-01-20,5775,2760,3015
아시아드경기장(공촌사거리),2025-01-20,8561,4503,4058
서구청,2025-01-20,16986,8449,8537
가정(루원시티),2025-01-20,22711,11577,11134
가정중앙시장,2025-01-20,12650,6203,6447
석남(거북시장),2025-01-20,5912,2874,3038
서부여성회관,2025-01-20,7818,4023,3795
인천가좌,2025-01-20,8270,4173,4097
가재울,2025-01-20,8244,4227,4017
주안국가산단,2025-01-20,6025,2992,3033
주안,2025-01-20,14313,6237,8076
시민공원(문화창작지대),2025-01-20,20676,10603,10073
석바위시장,2025-01-20,10277,5016,5261
인천시청,2025-01-20,6609,3223,3386
석천사거리,2025-01-20,9191,4773,4418
모래내시장,2025-01-20,15761,7668,8093
만수,2025-01-20,9741,5036,4705
남동구청,2025-01-20,8442,4377,4065
인천대공원,2025-01-20,3738,1852,1886
운연(서창),2025-01-20,2216,1186,1030
검단오류(검단산업단지),2025-01-21,5817,2897,2920
왕길,2025-01-21,4721,2371,2350
검단사거리,2025-01-21,15745,8280,7465
마전,2025-01-21,7842,3832,4010
완정,2025-01-21,15116,7866,7250
독정,2025-01-21,8330,4174,4156
검암,2025-01-21,8948,4869,4079
검바위,2025-01-21,5379,2627,2752
아시아드경기장(공촌사거리),2025-01-21,8476,4518,3958
서구청,2025-01-21,17033,8374,8659
가정(루원시티),2025-01-21,23040,11823,11217
가정중앙시장,2025-01-21,12951,6381,6570
석남(거북시장),2025-01-21,5743,2793,2950
서부여성회관,2025-01-21,7778,3953,3825
인천가좌,2025-01-21,8064,4059,4005
가재울,2025-01-21,8158,4195,3963
주안국가산단,2025-01-21,6130,3033,3097
주안,2025-01-21,14379,6244,8135
시민공원(문화창작지대),2025-01-21,20922,10753,10169
석바위시장,2025-01-21,10033,4936,5097
인천시청,2025-01-21,6793,3285,3508
석천사거리,2025-01-21,9227,4782,4445
모래내시장,2025-01-21,16132,7886,8246
만수,2025-01-21,9722,4995,4727
남동구청,2025-01-21,8561,4412,4149
인천대공원,2025-01-21,3702,1907,1795
운연(서창),2025-01-21,2272,1188,1084
검단오류(검단산업단지),2025-01-22,5852,2896,2956
왕길,2025-01-22,4596,2313,2283
검단사거리,2025-01-22,15812,8279,7533
마전,2025-01-22,8181,3953,4228
완정,2025-01-22,15290,7912,7378
독정,2025-01-22,8489,4253,4236
검암,2025-01-22,8909,4772,4137
검바위,2025-01-22,5340,2564,2776
아시아드경기장(공촌사거리),2025-01-22,8727,4632,4095
서구청,2025-01-22,17204,8551,8653
가정(루원시티),2025-01-22,23316,11909,11407
가정중앙시장,2025-01-22,13059,6425,6634
석남(거북시장),2025-01-22,5795,2803,2992
서부여성회관,2025-01-22,8301,4231,4070
인천가좌,2025-01-22,8348,4197,4151
가재울,2025-01-22,8131,4166,3965
주안국가산단,2025-01-22,5713,2772,2941
주안,2025-01-22,14801,6410,8391
시민공원(문화창작지대),2025-01-22,21012,10741,10271
석바위시장,2025-01-22,10421,5051,5370
인천시청,2025-01-22,6987,3408,3579
석천사거리,2025-01-22,9468,4957,4511
모래내시장,2025-01-22,16537,8058,8479
만수,2025-01-22,9973,5149,4824
남동구청,2025-01-22,8510,4423,4087
인천대공원,2025-01-22,3752,1905,1847
운연(서창),2025-01-22,2292,1214,1078
검단오류(검단산업단지),2025-01-23,5776,2849,2927
왕길,2025-01-23,4601,2289,2312
검단사거리,2025-01-23,15916,8350,7566
마전,2025-01-23,8084,3921,4163
완정,2025-01-23,15362,7947,7415
독정,2025-01-23,8430,4240,4190
검암,2025-01-23,8947,4844,4103
검바위,2025-01-23,5319,2587,2732
아시아드경기장(공촌사거리),2025-01-23,8414,4440,3974
서구청,2025-01-23,17095,8509,8586
가정(루원시티),2025-01-23,22576,11696,10880
가정중앙시장,2025-01-23,13193,6480,6713
석남(거북시장),2025-01-23,5886,2860,3026
서부여성회관,2025-01-23,8144,4135,4009
인천가좌,2025-01-23,8338,4192,4146
가재울,2025-01-23,8149,4196,3953
주안국가산단,2025-01-23,5991,2974,3017
주안,2025-01-23,14800,6380,8420
시민공원(문화창작지대),2025-01-23,20888,10664,10224
석바위시장,2025-01-23,10267,5005,5262
인천시청,2025-01-23,6766,3276,3490
석천사거리,2025-01-23,9561,4962,4599
모래내시장,2025-01-23,16904,8216,8688
만수,2025-01-23,9945,5187,4758
남동구청,2025-01-23,8593,4455,4138
인천대공원,2025-01-23,4244,2146,2098
운연(서창),2025-01-23,2342,1218,1124
검단오류(검단산업단지),2025-01-24,5414,2642,2772
왕길,2025-01-24,4823,2447,2376
검단사거리,2025-01-24,17047,8900,8147
마전,2025-01-24,8072,3994,4078
완정,2025-01-24,15901,8301,7600
독정,2025-01-24,8828,4471,4357
검암,2025-01-24,8624,4727,3897
검바위,2025-01-24,5526,2714,2812
아시아드경기장(공촌사거리),2025-01-24,8453,4564,3889
서구청,2025-01-24,18114,8926,9188
가정(루원시티),2025-01-24,23279,11903,11376
가정중앙시장,2025-01-24,14105,6962,7143
석남(거북시장),2025-01-24,5929,2835,3094
서부여성회관,2025-01-24,8432,4278,4154
인천가좌,2025-01-24,8211,4174,4037
가재울,2025-01-24,8196,4263,3933
주안국가산단,2025-01-24,5719,2783,2936
주안,2025-01-24,15380,6633,8747
시민공원(문화창작지대),2025-01-24,21229,10817,10412
석바위시장,2025-01-24,10667,5236,5431
인천시청,2025-01-24,6899,3339,3560
석천사거리,2025-01-24,9873,5140,4733
모래내시장,2025-01-24,17557,8538,9019
만수,2025-01-24,10682,5630,5052
남동구청,2025-01-24,8724,4514,4210
인천대공원,2025-01-24,4105,2082,2023
운연(서창),2025-01-24,2462,1300,1162
검단오류(검단산업단지),2025-01-25,2015,1106,909
왕길,2025-01-25,2934,1510,1424
검단사거리,2025-01-25,12720,6615,6105
마전,2025-01-25,5847,2923,2924
완정,2025-01-25,10105,5325,4780
독정,2025-01-25,6250,3152,3098
검암,2025-01-25,5186,2852,2334
검바위,2025-01-25,3924,1938,1986
아시아드경기장(공촌사거리),2025-01-25,5768,3141,2627
서구청,2025-01-25,10554,5247,5307
가정(루원시티),2025-01-25,13718,7117,6601
가정중앙시장,2025-01-25,11268,5550,5718
석남(거북시장),2025-01-25,4553,2154,2399
서부여성회관,2025-01-25,6172,3167,3005
인천가좌,2025-01-25,4779,2446,2333
가재울,2025-01-25,4451,2294,2157
주안국가산단,2025-01-25,1482,723,759
주안,2025-01-25,11849,5030,6819
시민공원(문화창작지대),2025-01-25,14319,7310,7009
석바위시장,2025-01-25,7325,3579,3746
인천시청,2025-01-25,4384,2068,2316
석천사거리,2025-01-25,6187,3285,2902
모래내시장,2025-01-25,14206,7034,7172
만수,2025-01-25,7535,3849,3686
남동구청,2025-01-25,5486,2870,2616
인천대공원,2025-01-25,4485,2254,2231
운연(서창),2025-01-25,1637,835,802
검단오류(검단산업단지),2025-01-26,1501,820,681
왕길,2025-01-26,1994,1053,941
검단사거리,2025-01-26,10073,5280,4793
마전,2025-01-26,3799,1843,1956
완정,2025-01-26,7328,3765,3563
독정,2025-01-26,4170,2072,2098
검암,2025-01-26,4023,2156,1867
검바위,2025-01-26,2980,1439,1541
아시아드경기장(공촌사거리),2025-01-26,4943,2609,2334
서구청,2025-01-26,7983,3987,3996
가정(루원시티),2025-01-26,9703,4938,4765
가정중앙시장,2025-01-26,9748,4816,4932
석남(거북시장),2025-01-26,3271,1540,1731
서부여성회관,2025-01-26,5183,2636,2547
인천가좌,2025-01-26,3295,1676,1619
가재울,2025-01-26,3438,1754,1684
주안국가산단,2025-01-26,710,357,353
주안,2025-01-26,9160,3877,5283
시민공원(문화창작지대),2025-01-26,10808,5555,5253
석바위시장,2025-01-26,6160,2984,3176
인천시청,2025-01-26,3619,1739,1880
석천사거리,2025-01-26,4544,2377,2167
모래내시장,2025-01-26,12056,5867,6189
만수,2025-01-26,5960,3070,2890
남동구청,2025-01-26,4359,2288,2071
인천대공원,2025-01-26,4226,2094,2132
운연(서창),2025-01-26,1259,690,569
검단오류(검단산업단지),2025-01-27,1538,826,712
왕길,2025-01-27,2213,1134,1079
검단사거리,2025-01-27,10791,5568,5223
마전,2025-01-27,4626,2235,2391
완정,2025-01-27,8151,4244,3907
독정,2025-01-27,5127,2571,2556
검암,2025-01-27,4284,2393,1891
검바위,2025-01-27,3013,1487,1526
아시아드경기장(공촌사거리),2025-01-27,4682,2581,2101
서구청,2025-01-27,9000,4403,4597
가정(루원시티),2025-01-27,10532,5312,5220
가정중앙시장,2025-01-27,10037,4950,5087
석남(거북시장),2025-01-27,3481,1646,1835
서부여성회관,2025-01-27,4813,2463,2350
인천가좌,2025-01-27,4175,2107,2068
가재울,2025-01-27,3420,1738,1682
주안국가산단,2025-01-27,1092,539,553
주안,2025-01-27,9373,3895,5478
시민공원(문화창작지대),2025-01-27,11318,5828,5490
석바위시장,2025-01-27,5848,2838,3010
인천시청,2025-01-27,3358,1563,1795
석천사거리,2025-01-27,5114,2623,2491
모래내시장,2025-01-27,11313,5580,5733
만수,2025-01-27,5763,2993,2770
남동구청,2025-01-27,4362,2266,2096
인천대공원,2025-01-27,2338,1193,1145
운연(서창),2025-01-27,1127,616,511
검단오류(검단산업단지),2025-01-28,1198,648,550
왕길,2025-01-28,1446,734,712
검단사거리,2025-01-28,8377,4230,4147
마전,2025-01-28,3525,1657,1868
완정,2025-01-28,5428,2817,2611
독정,2025-01-28,3760,1879,1881
검암,2025-01-28,3001,1674,1327
검바위,2025-01-28,2232,1104,1128
아시아드경기장(공촌사거리),2025-01-28,3744,2042,1702
서구청,2025-01-28,6395,3182,3213
가정(루원시티),2025-01-28,7226,3706,3520
가정중앙시장,2025-01-28,7644,3648,3996
석남(거북시장),2025-01-28,2587,1204,1383
서부여성회관,2025-01-28,3975,2024,1951
인천가좌,2025-01-28,2840,1462,1378
가재울,2025-01-28,2470,1263,1207
주안국가산단,2025-01-28,519,256,263
주안,2025-01-28,6955,2918,4037
시민공원(문화창작지대),2025-01-28,7774,4027,3747
석바위시장,2025-01-28,3872,1919,1953
인천시청,2025-01-28,2477,1151,1326
석천사거리,2025-01-28,3628,1901,1727
모래내시장,2025-01-28,8568,4123,4445
만수,2025-01-28,4340,2228,2112
남동구청,2025-01-28,3227,1635,1592
인천대공원,2025-01-28,2107,1062,1045
운연(서창),2025-01-28,877,472,405
검단오류(검단산업단지),2025-01-29,1205,646,559
왕길,2025-01-29,1199,633,566
검단사거리,2025-01-29,7606,3830,3776
마전,2025-01-29,2860,1371,1489
완정,2025-01-29,4793,2418,2375
독정,2025-01-29,3139,1535,1604
검암,2025-01-29,2808,1533,1275
검바위,2025-01-29,2063,984,1079
아시아드경기장(공촌사거리),2025-01-29,3296,1796,1500
서구청,2025-01-29,5206,2548,2658
가정(루원시티),2025-01-29,6353,3160,3193
가정중앙시장,2025-01-29,4910,2454,2456
석남(거북시장),2025-01-29,2437,1214,1223
서부여성회관,2025-01-29,3813,1940,1873
인천가좌,2025-01-29,2685,1370,1315
가재울,2025-01-29,2212,1125,1087
주안국가산단,2025-01-29,352,180,172
주안,2025-01-29,7137,2880,4257
시민공원(문화창작지대),2025-01-29,6878,3491,3387
석바위시장,2025-01-29,2992,1500,1492
인천시청,2025-01-29,2021,945,1076
석천사거리,2025-01-29,3110,1631,1479
모래내시장,2025-01-29,5544,2761,2783
만수,2025-01-29,3791,1931,1860
남동구청,2025-01-29,2751,1460,1291
인천대공원,2025-01-29,1931,970,961
운연(서창),2025-01-29,744,384,360
검단오류(검단산업단지),2025-01-30,1208,569,639
왕길,2025-01-30,1547,817,730
검단사거리,2025-01-30,8484,4226,4258
마전,2025-01-30,3263,1626,1637
완정,2025-01-30,5776,2951,2825
독정,2025-01-30,3498,1751,1747
검암,2025-01-30,3234,1685,1549
검바위,2025-01-30,2256,1071,1185
아시아드경기장(공촌사거리),2025-01-30,3678,1976,1702
서구청,2025-01-30,6253,3030,3223
가정(루원시티),2025-01-30,8099,4048,4051
가정중앙시장,2025-01-30,5404,2727,2677
석남(거북시장),2025-01-30,2571,1222,1349
서부여성회관,2025-01-30,3915,2030,1885
인천가좌,2025-01-30,2815,1396,1419
가재울,2025-01-30,2469,1273,1196
주안국가산단,2025-01-30,574,260,314
주안,2025-01-30,7369,3062,4307
시민공원(문화창작지대),2025-01-30,7903,4040,3863
석바위시장,2025-01-30,3716,1836,1880
인천시청,2025-01-30,2439,1176,1263
석천사거리,2025-01-30,3510,1840,1670
모래내시장,2025-01-30,6758,3302,3456
만수,2025-01-30,4264,2219,2045
남동구청,2025-01-30,2969,1544,1425
인천대공원,2025-01-30,2983,1523,1460
운연(서창),2025-01-30,892,448,444
검단오류(검단산업단지),2025-01-31,2954,1504,1450
왕길,2025-01-31,3802,1926,1876
검단사거리,2025-01-31,14894,7636,7258
마전,2025-01-31,6981,3505,3476
완정,2025-01-31,13112,6759,6353
독정,2025-01-31,7219,3648,3571
검암,2025-01-31,7275,3928,3347
검바위,2025-01-31,4513,2186,2327
아시아드경기장(공촌사거리),2025-01-31,6974,3680,3294
서구청,2025-01-31,15003,7465,7538
가정(루원시티),2025-01-31,19059,9822,9237
가정중앙시장,2025-01-31,10415,5071,5344
석남(거북시장),2025-01-31,4827,2290,2537
서부여성회관,2025-01-31,7008,3547,3461
인천가좌,2025-01-31,6266,3197,3069
가재울,2025-01-31,5879,3033,2846
주안국가산단,2025-01-31,3312,1636,1676
주안,2025-01-31,13042,5532,7510
시민공원(문화창작지대),2025-01-31,18287,9304,8983
석바위시장,2025-01-31,8791,4326,4465
인천시청,2025-01-31,5642,2774,2868
석천사거리,2025-01-31,7913,4093,3820
모래내시장,2025-01-31,13043,6442,6601
만수,2025-01-31,8456,4355,4101
남동구청,2025-01-31,7067,3673,3394
인천대공원,2025-01-31,3085,1556,1529
운연(서창),2025-01-31,1841,989,852
검단오류(검단산업단지),2025-02-01,1629,847,782
왕길,2025-02-01,2625,1388,1237
검단사거리,2025-02-01,12072,6170,5902
마전,2025-02-01,5538,2747,2791
완정,2025-02-01,9630,4936,4694
독정,2025-02-01,5473,2743,2730
검암,2025-02-01,4924,2692,2232
검바위,2025-02-01,3711,1760,1951
아시아드경기장(공촌사거리),2025-02-01,5467,2901,2566
서구청,2025-02-01,10176,5024,5152
가정(루원시티),2025-02-01,13389,6780,6609
가정중앙시장,2025-02-01,9111,4495,4616
석남(거북시장),2025-02-01,4148,2000,2148
서부여성회관,2025-02-01,5557,2814,2743
인천가좌,2025-02-01,4570,2339,2231
가재울,2025-02-01,4022,2050,1972
주안국가산단,2025-02-01,1139,548,591
주안,2025-02-01,11284,4685,6599
시민공원(문화창작지대),2025-02-01,13806,7018,6788
석바위시장,2025-02-01,6756,3320,3436
인천시청,2025-02-01,4188,2010,2178
석천사거리,2025-02-01,5860,3088,2772
모래내시장,2025-02-01,12558,6156,6402
만수,2025-02-01,7126,3686,3440
남동구청,2025-02-01,5154,2650,2504
인천대공원,2025-02-01,4979,2475,2504
운연(서창),2025-02-01,1517,800,717
검단오류(검단산업단지),2025-02-02,1260,620,640
왕길,2025-02-02,1836,910,926
검단사거리,2025-02-02,9529,4785,4744
마전,2025-02-02,4139,1965,2174
완정,2025-02-02,7041,3520,3521
독정,2025-02-02,4324,2144,2180
검암,2025-02-02,3866,2058,1808
검바위,2025-02-02,2847,1342,1505
아시아드경기장(공촌사거리),2025-02-02,4574,2425,2149
서구청,2025-02-02,7536,3738,3798
가정(루원시티),2025-02-02,9823,4952,4871
가정중앙시장,2025-02-02,7126,3474,3652
석남(거북시장),2025-02-02,3161,1471,1690
서부여성회관,2025-02-02,4899,2465,2434
인천가좌,2025-02-02,3194,1568,1626
가재울,2025-02-02,3235,1696,1539
주안국가산단,2025-02-02,719,331,388
주안,2025-02-02,8791,3678,5113
시민공원(문화창작지대),2025-02-02,11018,5621,5397
석바위시장,2025-02-02,5682,2823,2859
인천시청,2025-02-02,3451,1592,1859
석천사거리,2025-02-02,4711,2454,2257
모래내시장,2025-02-02,10093,4958,5135
만수,2025-02-02,5643,2919,2724
남동구청,2025-02-02,4083,2059,2024
인천대공원,2025-02-02,5651,2826,2825
운연(서창),2025-02-02,1282,680,602
검단오류(검단산업단지),2025-02-03,5543,2764,2779
왕길,2025-02-03,4641,2331,2310
검단사거리,2025-02-03,15846,8203,7643
마전,2025-02-03,8029,3866,4163
완정,2025-02-03,15084,7737,7347
독정,2025-02-03,8294,4195,4099
검암,2025-02-03,8890,4739,4151
검바위,2025-02-03,5182,2491,2691
아시아드경기장(공촌사거리),2025-02-03,8412,4486,3926
서구청,2025-02-03,16616,8283,8333
가정(루원시티),2025-02-03,22272,11293,10979
가정중앙시장,2025-02-03,11784,5747,6037
석남(거북시장),2025-02-03,5881,2820,3061
서부여성회관,2025-02-03,7914,4040,3874
인천가좌,2025-02-03,8032,4047,3985
가재울,2025-02-03,8071,4139,3932
주안국가산단,2025-02-03,5878,2914,2964
주안,2025-02-03,14168,6075,8093
시민공원(문화창작지대),2025-02-03,20542,10520,10022
석바위시장,2025-02-03,9916,4840,5076
인천시청,2025-02-03,6309,3061,3248
석천사거리,2025-02-03,9394,4847,4547
모래내시장,2025-02-03,15074,7424,7650
만수,2025-02-03,9219,4751,4468
남동구청,2025-02-03,8524,4398,4126
인천대공원,2025-02-03,3477,1748,1729
운연(서창),2025-02-03,2147,1131,1016
검단오류(검단산업단지),2025-02-04,5530,2756,2774
왕길,2025-02-04,4356,2146,2210
검단사거리,2025-02-04,14706,7636,7070
마전,2025-02-04,7653,3707,3946
완정,2025-02-04,14428,7421,7007
독정,2025-02-04,7659,3886,3773
검암,2025-02-04,8416,4477,3939
검바위,2025-02-04,5385,2606,2779
아시아드경기장(공촌사거리),2025-02-04,7901,4177,3724
서구청,2025-02-04,15119,7578,7541
가정(루원시티),2025-02-04,21404,10905,10499
가정중앙시장,2025-02-04,10840,5260,5580
석남(거북시장),2025-02-04,5339,2610,2729
서부여성회관,2025-02-04,7116,3643,3473
인천가좌,2025-02-04,7695,3865,3830
가재울,2025-02-04,7438,3777,3661
주안국가산단,2025-02-04,5877,2904,2973
주안,2025-02-04,13370,5753,7617
시민공원(문화창작지대),2025-02-04,19349,9881,9468
석바위시장,2025-02-04,9197,4480,4717
인천시청,2025-02-04,5972,2883,3089
석천사거리,2025-02-04,8868,4583,4285
모래내시장,2025-02-04,13823,6718,7105
만수,2025-02-04,8829,4539,4290
남동구청,2025-02-04,8085,4172,3913
인천대공원,2025-02-04,2715,1399,1316
운연(서창),2025-02-04,1919,1013,906
검단오류(검단산업단지),2025-02-05,5632,2820,2812
왕길,2025-02-05,4452,2209,2243
검단사거리,2025-02-05,15004,7845,7159
마전,2025-02-05,7708,3741,3967
완정,2025-02-05,14998,7664,7334
독정,2025-02-05,7847,3944,3903
검암,2025-02-05,8473,4440,4033
검바위,2025-02-05,5363,2620,2743
아시아드경기장(공촌사거리),2025-02-05,8215,4350,3865
서구청,2025-02-05,15184,7483,7701
가정(루원시티),2025-02-05,21989,11183,10806
가정중앙시장,2025-02-05,11301,5492,5809
석남(거북시장),2025-02-05,5620,2756,2864
서부여성회관,2025-02-05,7634,3873,3761
인천가좌,2025-02-05,8131,4053,4078
가재울,2025-02-05,7598,3907,3691
주안국가산단,2025-02-05,5988,2965,3023
주안,2025-02-05,13931,6009,7922
시민공원(문화창작지대),2025-02-05,19668,10042,9626
석바위시장,2025-02-05,9659,4698,4961
인천시청,2025-02-05,6361,3077,3284
석천사거리,2025-02-05,8830,4572,4258
모래내시장,2025-02-05,14303,6956,7347
만수,2025-02-05,9009,4685,4324
남동구청,2025-02-05,8170,4179,3991
인천대공원,2025-02-05,3002,1514,1488
운연(서창),2025-02-05,2035,1062,973
검단오류(검단산업단지),2025-02-06,5677,2859,2818
왕길,2025-02-06,4687,2287,2400
검단사거리,2025-02-06,15370,8055,7315
마전,2025-02-06,7925,3819,4106
완정,2025-02-06,15111,7732,7379
독정,2025-02-06,8086,4037,4049
검암,2025-02-06,8655,4572,4083
검바위,2025-02-06,5394,2526,2868
아시아드경기장(공촌사거리),2025-02-06,8199,4347,3852
서구청,2025-02-06,15686,7820,7866
가정(루원시티),2025-02-06,22409,11347,11062
가정중앙시장,2025-02-06,11656,5714,5942
석남(거북시장),2025-02-06,5709,2773,2936
서부여성회관,2025-02-06,7754,3934,3820
인천가좌,2025-02-06,7983,4041,3942
가재울,2025-02-06,7803,3988,3815
주안국가산단,2025-02-06,6027,3032,2995
주안,2025-02-06,14382,6161,8221
시민공원(문화창작지대),2025-02-06,20208,10325,9883
석바위시장,2025-02-06,9639,4742,4897
인천시청,2025-02-06,6263,3051,3212
석천사거리,2025-02-06,9274,4736,4538
모래내시장,2025-02-06,15117,7381,7736
만수,2025-02-06,9161,4692,4469
남동구청,2025-02-06,8434,4344,4090
인천대공원,2025-02-06,3335,1695,1640
운연(서창),2025-02-06,2147,1148,999
검단오류(검단산업단지),2025-02-07,5803,2833,2970
왕길,2025-02-07,4821,2443,2378
검단사거리,2025-02-07,16781,8825,7956
마전,2025-02-07,8323,4057,4266
완정,2025-02-07,15617,8134,7483
독정,2025-02-07,8153,4155,3998
검암,2025-02-07,9162,4987,4175
검바위,2025-02-07,5603,2762,2841
아시아드경기장(공촌사거리),2025-02-07,8424,4485,3939
서구청,2025-02-07,17155,8500,8655
가정(루원시티),2025-02-07,23652,12157,11495
가정중앙시장,2025-02-07,11960,5828,6132
석남(거북시장),2025-02-07,5730,2762,2968
서부여성회관,2025-02-07,8067,4079,3988
인천가좌,2025-02-07,8316,4185,4131
가재울,2025-02-07,7996,4091,3905
주안국가산단,2025-02-07,6153,2959,3194
주안,2025-02-07,14728,6233,8495
시민공원(문화창작지대),2025-02-07,20335,10481,9854
석바위시장,2025-02-07,10087,4941,5146
인천시청,2025-02-07,6526,3132,3394
석천사거리,2025-02-07,9476,4887,4589
모래내시장,2025-02-07,14867,7354,7513
만수,2025-02-07,9503,4963,4540
남동구청,2025-02-07,8445,4379,4066
인천대공원,2025-02-07,2917,1495,1422
운연(서창),2025-02-07,2160,1169,991
검단오류(검단산업단지),2025-02-08,1850,990,860
왕길,2025-02-08,2796,1428,1368
검단사거리,2025-02-08,12398,6431,5967
마전,2025-02-08,5679,2809,2870
완정,2025-02-08,9776,5064,4712
독정,2025-02-08,5762,2879,2883
검암,2025-02-08,5272,2806,2466
검바위,2025-02-08,3676,1787,1889
아시아드경기장(공촌사거리),2025-02-08,6154,3249,2905
서구청,2025-02-08,10675,5346,5329
가정(루원시티),2025-02-08,13843,7124,6719
가정중앙시장,2025-02-08,9448,4624,4824
석남(거북시장),2025-02-08,4153,2023,2130
서부여성회관,2025-02-08,5608,2885,2723
인천가좌,2025-02-08,4371,2240,2131
가재울,2025-02-08,4400,2270,2130
주안국가산단,2025-02-08,1418,700,718
주안,2025-02-08,12076,4876,7200
시민공원(문화창작지대),2025-02-08,14037,7191,6846
석바위시장,2025-02-08,7228,3528,3700
인천시청,2025-02-08,4074,1922,2152
석천사거리,2025-02-08,6218,3246,2972
모래내시장,2025-02-08,12438,6097,6341
만수,2025-02-08,6979,3617,3362
남동구청,2025-02-08,5196,2721,2475
인천대공원,2025-02-08,3134,1579,1555
운연(서창),2025-02-08,1444,782,662
검단오류(검단산업단지),2025-02-09,1298,624,674
왕길,2025-02-09,1911,964,947
검단사거리,2025-02-09,9377,4612,4765
마전,2025-02-09,4139,1990,2149
완정,2025-02-09,7566,3825,3741
독정,2025-02-09,3979,1934,2045
검암,2025-02-09,3981,2085,1896
검바위,2025-02-09,2877,1349,1528
아시아드경기장(공촌사거리),2025-02-09,4680,2436,2244
서구청,2025-02-09,7973,4008,3965
가정(루원시티),2025-02-09,10016,5054,4962
가정중앙시장,2025-02-09,7111,3503,3608
석남(거북시장),2025-02-09,3090,1445,1645
서부여성회관,2025-02-09,4778,2448,2330
인천가좌,2025-02-09,3285,1610,1675
가재울,2025-02-09,3071,1568,1503
주안국가산단,2025-02-09,717,350,367
주안,2025-02-09,8761,3603,5158
시민공원(문화창작지대),2025-02-09,10822,5488,5334
석바위시장,2025-02-09,5776,2855,2921
인천시청,2025-02-09,3454,1627,1827
석천사거리,2025-02-09,4583,2371,2212
모래내시장,2025-02-09,10071,4954,5117
만수,2025-02-09,5416,2777,2639
남동구청,2025-02-09,4114,2122,1992
인천대공원,2025-02-09,3837,1920,1917
운연(서창),2025-02-09,1203,626,577
검단오류(검단산업단지),2025-02-10,5519,2728,2791
왕길,2025-02-10,4757,2388,2369
검단사거리,2025-02-10,15833,8228,7605
마전,2025-02-10,8121,3922,4199
완정,2025-02-10,15793,8065,7728
독정,2025-02-10,8452,4262,4190
검암,2025-02-10,8923,4762,4161
검바위,2025-02-10,5173,2520,2653
아시아드경기장(공촌사거리),2025-02-10,8476,4442,4034
서구청,2025-02-10,16613,8239,8374
가정(루원시티),2025-02-10,22318,11430,10888
가정중앙시장,2025-02-10,12687,6264,6423
석남(거북시장),2025-02-10,5909,2854,3055
서부여성회관,2025-02-10,8072,4136,3936
인천가좌,2025-02-10,8361,4236,4125
가재울,2025-02-10,8078,4134,3944
주안국가산단,2025-02-10,5903,2921,2982
주안,2025-02-10,14610,6277,8333
시민공원(문화창작지대),2025-02-10,20559,10482,10077
석바위시장,2025-02-10,10265,4968,5297
인천시청,2025-02-10,6607,3205,3402
석천사거리,2025-02-10,9349,4873,4476
모래내시장,2025-02-10,16460,8003,8457
만수,2025-02-10,9638,4976,4662
남동구청,2025-02-10,8709,4530,4179
인천대공원,2025-02-10,3757,1892,1865
운연(서창),2025-02-10,2166,1116,1050
검단오류(검단산업단지),2025-02-11,5673,2844,2829
왕길,2025-02-11,4886,2471,2415
검단사거리,2025-02-11,16054,8326,7728
마전,2025-02-11,8096,3953,4143
완정,2025-02-11,16026,8268,7758
독정,2025-02-11,8565,4282,4283
검암,2025-02-11,8986,4803,4183
검바위,2025-02-11,5399,2596,2803
아시아드경기장(공촌사거리),2025-02-11,8614,4586,4028
서구청,2025-02-11,16802,8332,8470
가정(루원시티),2025-02-11,23145,11858,11287
가정중앙시장,2025-02-11,13468,6517,6951
석남(거북시장),2025-02-11,5945,2871,3074
서부여성회관,2025-02-11,8130,4189,3941
인천가좌,2025-02-11,8626,4346,4280
가재울,2025-02-11,7975,4091,3884
주안국가산단,2025-02-11,6095,3031,3064
주안,2025-02-11,14695,6317,8378
시민공원(문화창작지대),2025-02-11,20855,10646,10209
석바위시장,2025-02-11,10483,5054,5429
인천시청,2025-02-11,6855,3327,3528
석천사거리,2025-02-11,9641,4988,4653
모래내시장,2025-02-11,16749,8206,8543
만수,2025-02-11,9921,5113,4808
남동구청,2025-02-11,8720,4526,4194
인천대공원,2025-02-11,4332,2179,2153
운연(서창),2025-02-11,2336,1248,1088
검단오류(검단산업단지),2025-02-12,5961,2956,3005
왕길,2025-02-12,4795,2409,2386
검단사거리,2025-02-12,15987,8386,7601
마전,2025-02-12,8368,4084,4284
완정,2025-02-12,15556,7965,7591
독정,2025-02-12,8322,4225,4097
검암,2025-02-12,9172,4971,4201
검바위,2025-02-12,5203,2537,2666
아시아드경기장(공촌사거리),2025-02-12,8592,4576,4016
서구청,2025-02-12,16580,8232,8348
가정(루원시티),2025-02-12,23381,12058,11323
가정중앙시장,2025-02-12,12074,5930,6144
석남(거북시장),2025-02-12,5574,2706,2868
서부여성회관,2025-02-12,8147,4128,4019
인천가좌,2025-02-12,8372,4201,4171
가재울,2025-02-12,8286,4281,4005
주안국가산단,2025-02-12,6309,3059,3250
주안,2025-02-12,14691,6326,8365
시민공원(문화창작지대),2025-02-12,20820,10675,10145
석바위시장,2025-02-12,10264,5002,5262
인천시청,2025-02-12,6880,3374,3506
석천사거리,2025-02-12,9689,5053,4636
모래내시장,2025-02-12,15282,7437,7845
만수,2025-02-12,9484,4889,4595
남동구청,2025-02-12,8563,4365,4198
인천대공원,2025-02-12,2906,1467,1439
운연(서창),2025-02-12,2244,1208,1036
검단오류(검단산업단지),2025-02-13,5798,2860,2938
왕길,2025-02-13,4853,2427,2426
검단사거리,2025-02-13,16022,8400,7622
마전,2025-02-13,8145,3934,4211
완정,2025-02-13,15665,8019,7646
독정,2025-02-13,8439,4268,4171
검암,2025-02-13,9166,4964,4202
검바위,2025-02-13,5310,2555,2755
아시아드경기장(공촌사거리),2025-02-13,8407,4483,3924
서구청,2025-02-13,17172,8427,8745
가정(루원시티),2025-02-13,23182,11891,11291
가정중앙시장,2025-02-13,12925,6352,6573
석남(거북시장),2025-02-13,5816,2861,2955
서부여성회관,2025-02-13,8554,4331,4223
인천가좌,2025-02-13,8521,4267,4254
가재울,2025-02-13,8301,4243,4058
주안국가산단,2025-02-13,6063,2983,3080
주안,2025-02-13,14959,6511,8448
시민공원(문화창작지대),2025-02-13,20779,10675,10104
석바위시장,2025-02-13,10115,4941,5174
인천시청,2025-02-13,6892,3315,3577
석천사거리,2025-02-13,9726,5034,4692
모래내시장,2025-02-13,16331,7997,8334
만수,2025-02-13,9805,5000,4805
남동구청,2025-02-13,8882,4632,4250
인천대공원,2025-02-13,4551,2307,2244
운연(서창),2025-02-13,2329,1223,1106
검단오류(검단산업단지),2025-02-14,5583,2768,2815
왕길,2025-02-14,4991,2527,2464
검단사거리,2025-02-14,17343,9082,8261
마전,2025-02-14,8554,4210,4344
완정,2025-02-14,16073,8245,7828
독정,2025-02-14,8925,4497,4428
검암,2025-02-14,9149,5004,4145
검바위,2025-02-14,5543,2697,2846
아시아드경기장(공촌사거리),2025-02-14,8943,4771,4172
서구청,2025-02-14,17912,8788,9124
가정(루원시티),2025-02-14,23928,12361,11567
가정중앙시장,2025-02-14,13804,6762,7042
석남(거북시장),2025-02-14,6156,2995,3161
서부여성회관,2025-02-14,8700,4406,4294
인천가좌,2025-02-14,8527,4292,4235
가재울,2025-02-14,8441,4403,4038
주안국가산단,2025-02-14,5878,2873,3005
주안,2025-02-14,16661,7017,9644
시민공원(문화창작지대),2025-02-14,21542,11094,10448
석바위시장,2025-02-14,10711,5224,5487
인천시청,2025-02-14,7075,3410,3665
석천사거리,2025-02-14,9876,5160,4716
모래내시장,2025-02-14,17364,8515,8849
만수,2025-02-14,10327,5284,5043
남동구청,2025-02-14,8929,4616,4313
인천대공원,2025-02-14,4788,2443,2345
운연(서창),2025-02-14,2355,1248,1107
검단오류(검단산업단지),2025-02-15,1998,1062,936
왕길,2025-02-15,2876,1516,1360
검단사거리,2025-02-15,13169,6826,6343
마전,2025-02-15,5838,2924,2914
완정,2025-02-15,11252,5903,5349
독정,2025-02-15,6457,3220,3237
검암,2025-02-15,5842,3107,2735
검바위,2025-02-15,4059,1949,2110
아시아드경기장(공촌사거리),2025-02-15,6692,3471,3221
서구청,2025-02-15,11808,5871,5937
가정(루원시티),2025-02-15,15570,8084,7486
가정중앙시장,2025-02-15,10780,5234,5546
석남(거북시장),2025-02-15,4669,2222,2447
서부여성회관,2025-02-15,6499,3339,3160
인천가좌,2025-02-15,5127,2633,2494
가재울,2025-02-15,4842,2503,2339
주안국가산단,2025-02-15,1441,720,721
주안,2025-02-15,13271,5492,7779
시민공원(문화창작지대),2025-02-15,15453,7951,7502
석바위시장,2025-02-15,7676,3742,3934
인천시청,2025-02-15,5023,2444,2579
석천사거리,2025-02-15,6416,3400,3016
모래내시장,2025-02-15,14146,6884,7262
만수,2025-02-15,7838,4071,3767
남동구청,2025-02-15,5994,3104,2890
인천대공원,2025-02-15,5115,2556,2559
운연(서창),2025-02-15,1684,843,841
검단오류(검단산업단지),2025-02-16,1445,711,734
왕길,2025-02-16,2035,1041,994
검단사거리,2025-02-16,10223,5096,5127
마전,2025-02-16,4327,2059,2268
완정,2025-02-16,7771,3964,3807
독정,2025-02-16,4895,2387,2508
검암,2025-02-16,4440,2367,2073
검바위,2025-02-16,3164,1497,1667
아시아드경기장(공촌사거리),2025-02-16,5316,2743,2573
서구청,2025-02-16,8215,4154,4061
가정(루원시티),2025-02-16,11016,5509,5507
가정중앙시장,2025-02-16,7687,3787,3900
석남(거북시장),2025-02-16,3533,1657,1876
서부여성회관,2025-02-16,5292,2636,2656
인천가좌,2025-02-16,3566,1783,1783
가재울,2025-02-16,3701,1874,1827
주안국가산단,2025-02-16,788,377,411
주안,2025-02-16,9626,4037,5589
시민공원(문화창작지대),2025-02-16,11719,5996,5723
석바위시장,2025-02-16,5905,2881,3024
인천시청,2025-02-16,3762,1786,1976
석천사거리,2025-02-16,5223,2713,2510
모래내시장,2025-02-16,10658,5180,5478
만수,2025-02-16,6153,3190,2963
남동구청,2025-02-16,4376,2258,2118
인천대공원,2025-02-16,5485,2756,2729
운연(서창),2025-02-16,1305,695,610
검단오류(검단산업단지),2025-02-17,5649,2821,2828
왕길,2025-02-17,4802,2420,2382
검단사거리,2025-02-17,15756,8134,7622
마전,2025-02-17,8127,3944,4183
완정,2025-02-17,15559,8006,7553
독정,2025-02-17,8364,4213,4151
검암,2025-02-17,9111,4882,4229
검바위,2025-02-17,5434,2564,2870
아시아드경기장(공촌사거리),2025-02-17,8587,4532,4055
서구청,2025-02-17,16785,8336,8449
가정(루원시티),2025-02-17,22851,11715,11136
가정중앙시장,2025-02-17,12194,5985,6209
석남(거북시장),2025-02-17,5935,2879,3056
서부여성회관,2025-02-17,7994,4097,3897
인천가좌,2025-02-17,8325,4140,4185
가재울,2025-02-17,8216,4192,4024
주안국가산단,2025-02-17,5897,2926,2971
주안,2025-02-17,14588,6264,8324
시민공원(문화창작지대),2025-02-17,20606,10551,10055
석바위시장,2025-02-17,9876,4853,5023
인천시청,2025-02-17,6807,3286,3521
석천사거리,2025-02-17,9609,4973,4636
모래내시장,2025-02-17,16370,7953,8417
만수,2025-02-17,9882,5157,4725
남동구청,2025-02-17,8604,4473,4131
인천대공원,2025-02-17,4234,2145,2089
운연(서창),2025-02-17,2221,1188,1033
검단오류(검단산업단지),2025-02-18,5726,2857,2869
왕길,2025-02-18,4667,2377,2290
검단사거리,2025-02-18,15872,8288,7584
마전,2025-02-18,8196,3950,4246
완정,2025-02-18,15252,7780,7472
독정,2025-02-18,8396,4243,4153
검암,2025-02-18,9128,4923,4205
검바위,2025-02-18,5354,2543,2811
아시아드경기장(공촌사거리),2025-02-18,8444,4517,3927
서구청,2025-02-18,16729,8320,8409
가정(루원시티),2025-02-18,23140,11917,11223
가정중앙시장,2025-02-18,12419,5987,6432
석남(거북시장),2025-02-18,5861,2852,3009
서부여성회관,2025-02-18,8021,4086,3935
인천가좌,2025-02-18,8466,4240,4226
가재울,2025-02-18,8065,4136,3929
주안국가산단,2025-02-18,6011,2998,3013
주안,2025-02-18,14665,6410,8255
시민공원(문화창작지대),2025-02-18,21160,10831,10329
석바위시장,2025-02-18,9988,4798,5190
인천시청,2025-02-18,6813,3315,3498
석천사거리,2025-02-18,9752,5067,4685
모래내시장,2025-02-18,16044,7813,8231
만수,2025-02-18,9982,5165,4817
남동구청,2025-02-18,8779,4514,4265
인천대공원,2025-02-18,4401,2230,2171
운연(서창),2025-02-18,2203,1132,1071
검단오류(검단산업단지),2025-02-19,5706,2863,2843
왕길,2025-02-19,4898,2518,2380
검단사거리,2025-02-19,16175,8520,7655
마전,2025-02-19,8158,3998,4160
완정,2025-02-19,15351,7989,7362
독정,2025-02-19,8726,4459,4267
검암,2025-02-19,9757,4917,4840
검바위,2025-02-19,5464,2633,2831
아시아드경기장(공촌사거리),2025-02-19,8827,4610,4217
서구청,2025-02-19,16981,8304,8677
가정(루원시티),2025-02-19,22988,11883,11105
가정중앙시장,2025-02-19,12732,6237,6495
석남(거북시장),2025-02-19,6204,2950,3254
서부여성회관,2025-02-19,8245,4177,4068
인천가좌,2025-02-19,8433,4250,4183
가재울,2025-02-19,8253,4213,4040
주안국가산단,2025-02-19,5979,2946,3033
주안,2025-02-19,14674,6363,8311
시민공원(문화창작지대),2025-02-19,20706,10573,10133
석바위시장,2025-02-19,10218,4934,5284
인천시청,2025-02-19,7017,3452,3565
석천사거리,2025-02-19,9745,5037,4708
모래내시장,2025-02-19,16112,7897,8215
만수,2025-02-19,10062,5208,4854
남동구청,2025-02-19,8604,4457,4147
인천대공원,2025-02-19,3895,1977,1918
운연(서창),2025-02-19,2338,1216,1122
검단오류(검단산업단지),2025-02-20,5632,2831,2801
왕길,2025-02-20,4776,2396,2380
검단사거리,2025-02-20,16061,8319,7742
마전,2025-02-20,8040,3893,4147
완정,2025-02-20,15511,7995,7516
독정,2025-02-20,8395,4242,4153
검암,2025-02-20,9059,4876,4183
검바위,2025-02-20,5539,2665,2874
아시아드경기장(공촌사거리),2025-02-20,8251,4393,3858
서구청,2025-02-20,16726,8339,8387
가정(루원시티),2025-02-20,23103,11793,11310
가정중앙시장,2025-02-20,12740,6193,6547
석남(거북시장),2025-02-20,5947,2843,3104
서부여성회관,2025-02-20,8222,4193,4029
인천가좌,2025-02-20,8464,4242,4222
가재울,2025-02-20,8148,4192,3956
주안국가산단,2025-02-20,5969,2936,3033
주안,2025-02-20,14634,6285,8349
시민공원(문화창작지대),2025-02-20,20523,10509,10014
석바위시장,2025-02-20,10074,4917,5157
인천시청,2025-02-20,6826,3305,3521
석천사거리,2025-02-20,9575,4916,4659
모래내시장,2025-02-20,16277,7942,8335
만수,2025-02-20,9592,4966,4626
남동구청,2025-02-20,9079,4664,4415
인천대공원,2025-02-20,4125,2088,2037
운연(서창),2025-02-20,2247,1182,1065
검단오류(검단산업단지),2025-02-21,5534,2753,2781
왕길,2025-02-21,4828,2463,2365
검단사거리,2025-02-21,16989,8940,8049
마전,2025-02-21,8253,4034,4219
완정,2025-02-21,16026,8244,7782
독정,2025-02-21,8601,4315,4286
검암,2025-02-21,9319,5000,4319
검바위,2025-02-21,5560,2697,2863
아시아드경기장(공촌사거리),2025-02-21,8617,4611,4006
서구청,2025-02-21,16716,8143,8573
가정(루원시티),2025-02-21,24001,12433,11568
가정중앙시장,2025-02-21,13272,6490,6782
석남(거북시장),2025-02-21,6172,2992,3180
서부여성회관,2025-02-21,8660,4347,4313
인천가좌,2025-02-21,8449,4231,4218
가재울,2025-02-21,8312,4297,4015
주안국가산단,2025-02-21,5766,2799,2967
주안,2025-02-21,15331,6500,8831
시민공원(문화창작지대),2025-02-21,21069,10820,10249
석바위시장,2025-02-21,10609,5182,5427
인천시청,2025-02-21,6960,3296,3664
석천사거리,2025-02-21,9750,5092,4658
모래내시장,2025-02-21,16856,8186,8670
만수,2025-02-21,10055,5186,4869
남동구청,2025-02-21,8964,4616,4348
인천대공원,2025-02-21,4141,2141,2000
운연(서창),2025-02-21,2290,1218,1072
검단오류(검단산업단지),2025-02-22,2008,1080,928
왕길,2025-02-22,2964,1500,1464
검단사거리,2025-02-22,13646,7052,6594
마전,2025-02-22,6227,3107,3120
완정,2025-02-22,11439,5962,5477
독정,2025-02-22,6408,3233,3175
검암,2025-02-22,6030,3296,2734
검바위,2025-02-22,4110,1983,2127
아시아드경기장(공촌사거리),2025-02-22,6587,3459,3128
서구청,2025-02-22,11512,5759,5753
가정(루원시티),2025-02-22,15385,7922,7463
가정중앙시장,2025-02-22,10561,5148,5413
석남(거북시장),2025-02-22,4695,2234,2461
서부여성회관,2025-02-22,6373,3263,3110
인천가좌,2025-02-22,5039,2577,2462
가재울,2025-02-22,4718,2434,2284
주안국가산단,2025-02-22,1445,726,719
주안,2025-02-22,13696,5702,7994
시민공원(문화창작지대),2025-02-22,15341,7799,7542
석바위시장,2025-02-22,7656,3696,3960
인천시청,2025-02-22,4933,2322,2611
석천사거리,2025-02-22,6792,3532,3260
모래내시장,2025-02-22,13955,6865,7090
만수,2025-02-22,7690,3996,3694
남동구청,2025-02-22,5852,3025,2827
인천대공원,2025-02-22,4446,2273,2173
운연(서창),2025-02-22,1740,880,860
검단오류(검단산업단지),2025-02-23,1349,646,703
왕길,2025-02-23,1949,991,958
검단사거리,2025-02-23,9884,4955,4929
마전,2025-02-23,4224,1989,2235
완정,2025-02-23,7744,3975,3769
독정,2025-02-23,4023,1956,2067
검암,2025-02-23,4240,2225,2015
검바위,2025-02-23,2997,1433,1564
아시아드경기장(공촌사거리),2025-02-23,5117,2665,2452
서구청,2025-02-23,8143,4118,4025
가정(루원시티),2025-02-23,10692,5452,5240
가정중앙시장,2025-02-23,7432,3600,3832
석남(거북시장),2025-02-23,3191,1479,1712
서부여성회관,2025-02-23,5137,2619,2518
인천가좌,2025-02-23,3564,1766,1798
가재울,2025-02-23,3544,1813,1731
주안국가산단,2025-02-23,723,347,376
주안,2025-02-23,9255,3815,5440
시민공원(문화창작지대),2025-02-23,10932,5674,5258
석바위시장,2025-02-23,5849,2848,3001
인천시청,2025-02-23,3712,1767,1945
석천사거리,2025-02-23,5008,2610,2398
모래내시장,2025-02-23,10499,5135,5364
만수,2025-02-23,5576,2865,2711
남동구청,2025-02-23,4289,2213,2076
인천대공원,2025-02-23,4325,2176,2149
운연(서창),2025-02-23,1318,708,610
검단오류(검단산업단지),2025-02-24,5560,2756,2804
왕길,2025-02-24,4684,2366,2318
검단사거리,2025-02-24,16057,8345,7712
마전,2025-02-24,8010,3903,4107
완정,2025-02-24,15369,7861,7508
독정,2025-02-24,8597,4329,4268
검암,2025-02-24,9124,4958,4166
검바위,2025-02-24,6182,2970,3212
아시아드경기장(공촌사거리),2025-02-24,8559,4567,3992
서구청,2025-02-24,17120,8506,8614
가정(루원시티),2025-02-24,22770,11665,11105
가정중앙시장,2025-02-24,12466,6080,6386
석남(거북시장),2025-02-24,5924,2886,3038
서부여성회관,2025-02-24,8007,4077,3930
인천가좌,2025-02-24,8432,4224,4208
가재울,2025-02-24,8212,4163,4049
주안국가산단,2025-02-24,5936,2926,3010
주안,2025-02-24,14224,6096,8128
시민공원(문화창작지대),2025-02-24,20515,10548,9967
석바위시장,2025-02-24,9932,4864,5068
인천시청,2025-02-24,6572,3232,3340
석천사거리,2025-02-24,9424,4932,4492
모래내시장,2025-02-24,16403,8019,8384
만수,2025-02-24,9663,4981,4682
남동구청,2025-02-24,8697,4458,4239
인천대공원,2025-02-24,4112,2099,2013
운연(서창),2025-02-24,2188,1137,1051
검단오류(검단산업단지),2025-02-25,5731,2857,2874
왕길,2025-02-25,4787,2421,2366
검단사거리,2025-02-25,16501,8616,7885
마전,2025-02-25,8281,4003,4278
완정,2025-02-25,15979,8295,7684
독정,2025-02-25,8527,4240,4287
검암,2025-02-25,9106,4946,4160
검바위,2025-02-25,5916,2864,3052
아시아드경기장(공촌사거리),2025-02-25,8459,4527,3932
서구청,2025-02-25,17925,8892,9033
가정(루원시티),2025-02-25,23393,12048,11345
가정중앙시장,2025-02-25,12976,6327,6649
석남(거북시장),2025-02-25,6005,2935,3070
서부여성회관,2025-02-25,7914,4044,3870
인천가좌,2025-02-25,8529,4309,4220
가재울,2025-02-25,8354,4209,4145
주안국가산단,2025-02-25,6104,3035,3069
주안,2025-02-25,15059,6538,8521
시민공원(문화창작지대),2025-02-25,20776,10678,10098
석바위시장,2025-02-25,10299,5029,5270
인천시청,2025-02-25,6894,3348,3546
석천사거리,2025-02-25,9862,5152,4710
모래내시장,2025-02-25,16494,8036,8458
만수,2025-02-25,10026,5227,4799
남동구청,2025-02-25,8998,4651,4347
인천대공원,2025-02-25,4647,2341,2306
운연(서창),2025-02-25,2306,1215,1091
검단오류(검단산업단지),2025-02-26,5931,2973,2958
왕길,2025-02-26,4831,2405,2426
검단사거리,2025-02-26,16614,8653,7961
마전,2025-02-26,8265,3997,4268
완정,2025-02-26,16283,8374,7909
독정,2025-02-26,8753,4343,4410
검암,2025-02-26,9231,4973,4258
검바위,2025-02-26,5695,2724,2971
아시아드경기장(공촌사거리),2025-02-26,8696,4582,4114
서구청,2025-02-26,17120,8534,8586
가정(루원시티),2025-02-26,23514,12154,11360
가정중앙시장,2025-02-26,13033,6406,6627
석남(거북시장),2025-02-26,6012,2929,3083
서부여성회관,2025-02-26,8635,4353,4282
인천가좌,2025-02-26,8665,4287,4378
가재울,2025-02-26,8259,4245,4014
주안국가산단,2025-02-26,6103,3023,3080
주안,2025-02-26,15138,6581,8557
시민공원(문화창작지대),2025-02-26,21117,10822,10295
석바위시장,2025-02-26,10689,5181,5508
인천시청,2025-02-26,6849,3331,3518
석천사거리,2025-02-26,9673,5063,4610
모래내시장,2025-02-26,17095,8322,8773
만수,2025-02-26,10098,5261,4837
남동구청,2025-02-26,8851,4590,4261
인천대공원,2025-02-26,4579,2344,2235
운연(서창),2025-02-26,2409,1234,1175
검단오류(검단산업단지),2025-02-27,5790,2857,2933
왕길,2025-02-27,4848,2457,2391
검단사거리,2025-02-27,16721,8781,7940
마전,2025-02-27,8109,3920,4189
완정,2025-02-27,16243,8352,7891
독정,2025-02-27,8481,4284,4197
검암,2025-02-27,9147,4990,4157
검바위,2025-02-27,5462,2668,2794
아시아드경기장(공촌사거리),2025-02-27,8330,4429,3901
서구청,2025-02-27,16960,8361,8599
가정(루원시티),2025-02-27,23347,11892,11455
가정중앙시장,2025-02-27,13193,6436,6757
석남(거북시장),2025-02-27,6117,2969,3148
서부여성회관,2025-02-27,8577,4306,4271
인천가좌,2025-02-27,8505,4297,4208
가재울,2025-02-27,8220,4210,4010
주안국가산단,2025-02-27,5963,2949,3014
주안,2025-02-27,15266,6647,8619
시민공원(문화창작지대),2025-02-27,20637,10640,9997
석바위시장,2025-02-27,10225,4955,5270
인천시청,2025-02-27,6964,3359,3605
석천사거리,2025-02-27,9819,5129,4690
모래내시장,2025-02-27,16991,8359,8632
만수,2025-02-27,9969,5149,4820
남동구청,2025-02-27,8776,4565,4211
인천대공원,2025-02-27,5346,2681,2665
운연(서창),2025-02-27,2382,1270,1112
검단오류(검단산업단지),2025-02-28,5662,2811,2851
왕길,2025-02-28,5006,2525,2481
검단사거리,2025-02-28,17752,9329,8423
마전,2025-02-28,8192,3997,4195
완정,2025-02-28,16378,8476,7902
독정,2025-02-28,9033,4579,4454
검암,2025-02-28,9131,5007,4124
검바위,2025-02-28,5584,2692,2892
아시아드경기장(공촌사거리),2025-02-28,8690,4636,4054
서구청,2025-02-28,17462,8573,8889
가정(루원시티),2025-02-28,23917,12337,11580
가정중앙시장,2025-02-28,13664,6710,6954
석남(거북시장),2025-02-28,6087,2963,3124
서부여성회관,2025-02-28,8800,4516,4284
인천가좌,2025-02-28,8540,4310,4230
가재울,2025-02-28,8193,4208,3985
주안국가산단,2025-02-28,5837,2807,3030
주안,2025-02-28,15997,6784,9213
시민공원(문화창작지대),2025-02-28,21267,10919,10348
석바위시장,2025-02-28,10301,5034,5267
인천시청,2025-02-28,6647,3257,3390
석천사거리,2025-02-28,9501,5077,4424
모래내시장,2025-02-28,17310,8486,8824
만수,2025-02-28,10287,5346,4941
남동구청,2025-02-28,8769,4579,4190
인천대공원,2025-02-28,4545,2311,2234
운연(서창),2025-02-28,2346,1241,1105
검단오류(검단산업단지),2025-03-01,1830,1037,793
왕길,2025-03-01,2661,1389,1272
검단사거리,2025-03-01,12702,6628,6074
마전,2025-03-01,5261,2623,2638
완정,2025-03-01,9900,5166,4734
독정,2025-03-01,6123,3063,3060
검암,2025-03-01,5245,2847,2398
검바위,2025-03-01,3706,1838,1868
아시아드경기장(공촌사거리),2025-03-01,5820,3097,2723
서구청,2025-03-01,10221,5093,5128
가정(루원시티),2025-03-01,13261,6838,6423
가정중앙시장,2025-03-01,9592,4754,4838
석남(거북시장),2025-03-01,4117,1998,2119
서부여성회관,2025-03-01,6029,3077,2952
인천가좌,2025-03-01,4402,2277,2125
가재울,2025-03-01,4182,2169,2013
주안국가산단,2025-03-01,1157,586,571
주안,2025-03-01,12059,4867,7192
시민공원(문화창작지대),2025-03-01,13517,6939,6578
석바위시장,2025-03-01,6415,3158,3257
인천시청,2025-03-01,4464,2138,2326
석천사거리,2025-03-01,6044,3177,2867
모래내시장,2025-03-01,12237,6098,6139
만수,2025-03-01,7089,3691,3398
남동구청,2025-03-01,5266,2770,2496
인천대공원,2025-03-01,4655,2325,2330
운연(서창),2025-03-01,1601,835,766
검단오류(검단산업단지),2025-03-02,1280,655,625
왕길,2025-03-02,1999,1038,961
검단사거리,2025-03-02,9928,5021,4907
마전,2025-03-02,4072,1997,2075
완정,2025-03-02,7448,3818,3630
독정,2025-03-02,4691,2285,2406
검암,2025-03-02,4080,2136,1944
검바위,2025-03-02,2984,1423,1561
아시아드경기장(공촌사거리),2025-03-02,4907,2580,2327
서구청,2025-03-02,7637,3799,3838
가정(루원시티),2025-03-02,10080,5111,4969
가정중앙시장,2025-03-02,7329,3598,3731
석남(거북시장),2025-03-02,3117,1471,1646
서부여성회관,2025-03-02,4994,2560,2434
인천가좌,2025-03-02,3234,1631,1603
가재울,2025-03-02,3419,1738,1681
주안국가산단,2025-03-02,716,332,384
주안,2025-03-02,8956,3646,5310
시민공원(문화창작지대),2025-03-02,11263,5763,5500
석바위시장,2025-03-02,5791,2900,2891
인천시청,2025-03-02,3471,1637,1834
석천사거리,2025-03-02,4801,2485,2316
모래내시장,2025-03-02,9514,4707,4807
만수,2025-03-02,5801,2991,2810
남동구청,2025-03-02,4105,2133,1972
인천대공원,2025-03-02,3994,2011,1983
운연(서창),2025-03-02,1198,647,551
검단오류(검단산업단지),2025-03-03,1677,815,862
왕길,2025-03-03,2228,1146,1082
검단사거리,2025-03-03,10603,5398,5205
마전,2025-03-03,4368,2148,2220
완정,2025-03-03,8171,4200,3971
독정,2025-03-03,5073,2460,2613
검암,2025-03-03,4218,2255,1963
검바위,2025-03-03,3041,1420,1621
아시아드경기장(공촌사거리),2025-03-03,4955,2594,2361
서구청,2025-03-03,8384,4187,4197
가정(루원시티),2025-03-03,10487,5284,5203
가정중앙시장,2025-03-03,8203,4066,4137
석남(거북시장),2025-03-03,3626,1719,1907
서부여성회관,2025-03-03,4668,2366,2302
인천가좌,2025-03-03,3936,1963,1973
가재울,2025-03-03,3590,1794,1796
주안국가산단,2025-03-03,1255,590,665
주안,2025-03-03,9713,4043,5670
시민공원(문화창작지대),2025-03-03,12408,6313,6095
석바위시장,2025-03-03,5798,2836,2962
인천시청,2025-03-03,3549,1641,1908
석천사거리,2025-03-03,5187,2693,2494
모래내시장,2025-03-03,11384,5650,5734
만수,2025-03-03,6018,3078,2940
남동구청,2025-03-03,4314,2232,2082
인천대공원,2025-03-03,4203,2147,2056
운연(서창),2025-03-03,1211,624,587
검단오류(검단산업단지),2025-03-04,5534,2731,2803
왕길,2025-03-04,5257,2622,2635
검단사거리,2025-03-04,16876,8784,8092
마전,2025-03-04,8858,4293,4565
완정,2025-03-04,15907,8179,7728
독정,2025-03-04,9444,4750,4694
검암,2025-03-04,8727,4730,3997
검바위,2025-03-04,7409,3610,3799
아시아드경기장(공촌사거리),2025-03-04,9126,4797,4329
서구청,2025-03-04,17002,8420,8582
가정(루원시티),2025-03-04,23506,11923,11583
가정중앙시장,2025-03-04,12069,5855,6214
석남(거북시장),2025-03-04,6091,2988,3103
서부여성회관,2025-03-04,7920,4065,3855
인천가좌,2025-03-04,8778,4434,4344
가재울,2025-03-04,8075,4125,3950
주안국가산단,2025-03-04,6044,2991,3053
주안,2025-03-04,15534,6582,8952
시민공원(문화창작지대),2025-03-04,21293,10986,10307
석바위시장,2025-03-04,9744,4765,4979
인천시청,2025-03-04,6758,3274,3484
석천사거리,2025-03-04,9803,5058,4745
모래내시장,2025-03-04,15299,7525,7774
만수,2025-03-04,9840,5085,4755
남동구청,2025-03-04,8696,4497,4199
인천대공원,2025-03-04,3224,1618,1606
운연(서창),2025-03-04,2122,1136,986
검단오류(검단산업단지),2025-03-05,5786,2847,2939
왕길,2025-03-05,5343,2660,2683
검단사거리,2025-03-05,17604,9190,8414
마전,2025-03-05,9085,4404,4681
완정,2025-03-05,16956,8749,8207
독정,2025-03-05,10093,5110,4983
검암,2025-03-05,9302,4992,4310
검바위,2025-03-05,7474,3673,3801
아시아드경기장(공촌사거리),2025-03-05,10033,5267,4766
서구청,2025-03-05,17745,8726,9019
가정(루원시티),2025-03-05,24927,12670,12257
가정중앙시장,2025-03-05,13353,6519,6834
석남(거북시장),2025-03-05,6540,3157,3383
서부여성회관,2025-03-05,8619,4402,4217
인천가좌,2025-03-05,9247,4700,4547
가재울,2025-03-05,8618,4414,4204
주안국가산단,2025-03-05,6122,3033,3089
주안,2025-03-05,16501,7094,9407
시민공원(문화창작지대),2025-03-05,22424,11533,10891
석바위시장,2025-03-05,10891,5296,5595
인천시청,2025-03-05,7149,3464,3685
석천사거리,2025-03-05,10549,5468,5081
모래내시장,2025-03-05,17231,8505,8726
만수,2025-03-05,10467,5349,5118
남동구청,2025-03-05,9364,4851,4513
인천대공원,2025-03-05,4361,2182,2179
운연(서창),2025-03-05,2443,1276,1167
검단오류(검단산업단지),2025-03-06,5814,2891,2923
왕길,2025-03-06,5292,2621,2671
검단사거리,2025-03-06,17545,9209,8336
마전,2025-03-06,9220,4472,4748
완정,2025-03-06,17022,8671,8351
독정,2025-03-06,10038,5030,5008
검암,2025-03-06,9346,5038,4308
검바위,2025-03-06,7552,3688,3864
아시아드경기장(공촌사거리),2025-03-06,9621,5042,4579
서구청,2025-03-06,18095,8964,9131
가정(루원시티),2025-03-06,25031,12705,12326
가정중앙시장,2025-03-06,13253,6497,6756
석남(거북시장),2025-03-06,6518,3199,3319
서부여성회관,2025-03-06,8544,4304,4240
인천가좌,2025-03-06,9267,4691,4576
가재울,2025-03-06,8542,4402,4140
주안국가산단,2025-03-06,6132,3045,3087
주안,2025-03-06,16819,7148,9671
시민공원(문화창작지대),2025-03-06,22343,11523,10820
석바위시장,2025-03-06,10640,5182,5458
인천시청,2025-03-06,7342,3562,3780
석천사거리,2025-03-06,10566,5463,5103
모래내시장,2025-03-06,17945,8803,9142
만수,2025-03-06,10625,5518,5107
남동구청,2025-03-06,9351,4833,4518
인천대공원,2025-03-06,5063,2611,2452
운연(서창),2025-03-06,2463,1268,1195
검단오류(검단산업단지),2025-03-07,5756,2819,2937
왕길,2025-03-07,5552,2805,2747
검단사거리,2025-03-07,18490,9749,8741
마전,2025-03-07,9111,4476,4635
완정,2025-03-07,17431,8989,8442
독정,2025-03-07,10085,5025,5060
검암,2025-03-07,9577,5211,4366
검바위,2025-03-07,7624,3731,3893
아시아드경기장(공촌사거리),2025-03-07,9915,5199,4716
서구청,2025-03-07,18624,9135,9489
가정(루원시티),2025-03-07,25881,13171,12710
가정중앙시장,2025-03-07,13998,6825,7173
석남(거북시장),2025-03-07,6529,3146,3383
서부여성회관,2025-03-07,9062,4621,4441
인천가좌,2025-03-07,9444,4801,4643
가재울,2025-03-07,8939,4592,4347
주안국가산단,2025-03-07,6014,2935,3079
주안,2025-03-07,16986,7331,9655
시민공원(문화창작지대),2025-03-07,22615,11513,11102
석바위시장,2025-03-07,10944,5336,5608
인천시청,2025-03-07,7615,3664,3951
석천사거리,2025-03-07,10520,5496,5024
모래내시장,2025-03-07,18017,8822,9195
만수,2025-03-07,10885,5620,5265
남동구청,2025-03-07,9783,5051,4732
인천대공원,2025-03-07,5118,2603,2515
운연(서창),2025-03-07,2526,1324,1202
검단오류(검단산업단지),2025-03-08,2125,1129,996
왕길,2025-03-08,3120,1620,1500
검단사거리,2025-03-08,13870,7194,6676
마전,2025-03-08,6231,3083,3148
완정,2025-03-08,11413,5864,5549
독정,2025-03-08,6623,3356,3267
검암,2025-03-08,6121,3342,2779
검바위,2025-03-08,4074,1924,2150
아시아드경기장(공촌사거리),2025-03-08,6992,3633,3359
서구청,2025-03-08,11924,5895,6029
가정(루원시티),2025-03-08,15885,8099,7786
가정중앙시장,2025-03-08,10771,5307,5464
석남(거북시장),2025-03-08,4766,2262,2504
서부여성회관,2025-03-08,6646,3400,3246
인천가좌,2025-03-08,4963,2536,2427
가재울,2025-03-08,4867,2508,2359
주안국가산단,2025-03-08,1466,723,743
주안,2025-03-08,13803,5736,8067
시민공원(문화창작지대),2025-03-08,16425,8421,8004
석바위시장,2025-03-08,7939,3877,4062
인천시청,2025-03-08,4981,2395,2586
석천사거리,2025-03-08,7030,3779,3251
모래내시장,2025-03-08,14934,7318,7616
만수,2025-03-08,8251,4256,3995
남동구청,2025-03-08,5992,3127,2865
인천대공원,2025-03-08,6491,3218,3273
운연(서창),2025-03-08,1814,968,846
검단오류(검단산업단지),2025-03-09,1336,661,675
왕길,2025-03-09,2080,1046,1034
검단사거리,2025-03-09,9897,5011,4886
마전,2025-03-09,4142,2005,2137
완정,2025-03-09,7728,3904,3824
독정,2025-03-09,4171,2086,2085
검암,2025-03-09,4526,2406,2120
검바위,2025-03-09,3185,1506,1679
아시아드경기장(공촌사거리),2025-03-09,5248,2724,2524
서구청,2025-03-09,8426,4251,4175
가정(루원시티),2025-03-09,10673,5422,5251
가정중앙시장,2025-03-09,7828,3864,3964
석남(거북시장),2025-03-09,3383,1600,1783
서부여성회관,2025-03-09,5398,2738,2660
인천가좌,2025-03-09,3578,1756,1822
가재울,2025-03-09,3524,1797,1727
주안국가산단,2025-03-09,785,367,418
주안,2025-03-09,9719,4127,5592
시민공원(문화창작지대),2025-03-09,11746,6036,5710
석바위시장,2025-03-09,6434,3131,3303
인천시청,2025-03-09,4038,1883,2155
석천사거리,2025-03-09,5274,2763,2511
모래내시장,2025-03-09,11142,5507,5635
만수,2025-03-09,6169,3138,3031
남동구청,2025-03-09,4661,2451,2210
인천대공원,2025-03-09,6713,3340,3373
운연(서창),2025-03-09,1513,778,735
검단오류(검단산업단지),2025-03-10,5879,2887,2992
왕길,2025-03-10,5326,2628,2698
검단사거리,2025-03-10,17692,9315,8377
마전,2025-03-10,9074,4439,4635
완정,2025-03-10,16888,8686,8202
독정,2025-03-10,9855,4940,4915
검암,2025-03-10,9261,4985,4276
검바위,2025-03-10,7340,3571,3769
아시아드경기장(공촌사거리),2025-03-10,9562,5093,4469
서구청,2025-03-10,17931,8863,9068
가정(루원시티),2025-03-10,24629,12504,12125
가정중앙시장,2025-03-10,13113,6458,6655
석남(거북시장),2025-03-10,6542,3176,3366
서부여성회관,2025-03-10,8470,4337,4133
인천가좌,2025-03-10,9399,4759,4640
가재울,2025-03-10,8762,4536,4226
주안국가산단,2025-03-10,6156,3073,3083
주안,2025-03-10,16400,7030,9370
시민공원(문화창작지대),2025-03-10,22232,11362,10870
석바위시장,2025-03-10,10549,5173,5376
인천시청,2025-03-10,7032,3421,3611
석천사거리,2025-03-10,10413,5478,4935
모래내시장,2025-03-10,17396,8456,8940
만수,2025-03-10,10421,5404,5017
남동구청,2025-03-10,9547,4932,4615
인천대공원,2025-03-10,4971,2529,2442
운연(서창),2025-03-10,2517,1298,1219
검단오류(검단산업단지),2025-03-11,5883,2894,2989
왕길,2025-03-11,5448,2714,2734
검단사거리,2025-03-11,17772,9302,8470
마전,2025-03-11,9087,4408,4679
완정,2025-03-11,17049,8818,8231
독정,2025-03-11,10216,5014,5202
검암,2025-03-11,9288,4978,4310
검바위,2025-03-11,7505,3651,3854
아시아드경기장(공촌사거리),2025-03-11,9546,5054,4492
서구청,2025-03-11,18045,8987,9058
가정(루원시티),2025-03-11,25056,12676,12380
가정중앙시장,2025-03-11,13321,6506,6815
석남(거북시장),2025-03-11,6346,3082,3264
서부여성회관,2025-03-11,8425,4287,4138
인천가좌,2025-03-11,9413,4735,4678
가재울,2025-03-11,8618,4464,4154
주안국가산단,2025-03-11,6184,3046,3138
주안,2025-03-11,16754,7180,9574
시민공원(문화창작지대),2025-03-11,22296,11414,10882
석바위시장,2025-03-11,10629,5131,5498
인천시청,2025-03-11,7405,3591,3814
석천사거리,2025-03-11,10392,5406,4986
모래내시장,2025-03-11,17461,8567,8894
만수,2025-03-11,10704,5533,5171
남동구청,2025-03-11,9589,4989,4600
인천대공원,2025-03-11,5406,2709,2697
운연(서창),2025-03-11,2518,1325,1193
검단오류(검단산업단지),2025-03-12,5968,2954,3014
왕길,2025-03-12,5346,2657,2689
검단사거리,2025-03-12,17430,9155,8275
마전,2025-03-12,9078,4383,4695
완정,2025-03-12,16552,8591,7961
독정,2025-03-12,9876,4931,4945
검암,2025-03-12,9299,4953,4346
검바위,2025-03-12,7317,3565,3752
아시아드경기장(공촌사거리),2025-03-12,9852,5183,4669
서구청,2025-03-12,17274,8535,8739
가정(루원시티),2025-03-12,24991,12676,12315
가정중앙시장,2025-03-12,13122,6422,6700
석남(거북시장),2025-03-12,6062,2959,3103
서부여성회관,2025-03-12,8501,4300,4201
인천가좌,2025-03-12,9258,4662,4596
가재울,2025-03-12,8452,4301,4151
주안국가산단,2025-03-12,6233,3066,3167
주안,2025-03-12,16581,7179,9402
시민공원(문화창작지대),2025-03-12,22479,11527,10952
석바위시장,2025-03-12,10852,5240,5612
인천시청,2025-03-12,7089,3405,3684
석천사거리,2025-03-12,10534,5472,5062
모래내시장,2025-03-12,16557,8148,8409
만수,2025-03-12,10380,5395,4985
남동구청,2025-03-12,9272,4838,4434
인천대공원,2025-03-12,4248,2159,2089
운연(서창),2025-03-12,2375,1265,1110
검단오류(검단산업단지),2025-03-13,5902,2935,2967
왕길,2025-03-13,5557,2762,2795
검단사거리,2025-03-13,17601,9200,8401
마전,2025-03-13,9027,4417,4610
완정,2025-03-13,16650,8555,8095
독정,2025-03-13,10179,5182,4997
검암,2025-03-13,9377,5111,4266
검바위,2025-03-13,7451,3588,3863
아시아드경기장(공촌사거리),2025-03-13,9491,5033,4458
서구청,2025-03-13,17497,8679,8818
가정(루원시티),2025-03-13,25342,12838,12504
가정중앙시장,2025-03-13,13024,6409,6615
석남(거북시장),2025-03-13,6222,3033,3189
서부여성회관,2025-03-13,8483,4356,4127
인천가좌,2025-03-13,9297,4704,4593
가재울,2025-03-13,8490,4375,4115
주안국가산단,2025-03-13,6270,3118,3152
주안,2025-03-13,17051,7328,9723
시민공원(문화창작지대),2025-03-13,22566,11512,11054
석바위시장,2025-03-13,10751,5240,5511
인천시청,2025-03-13,7259,3551,3708
석천사거리,2025-03-13,10523,5410,5113
모래내시장,2025-03-13,17082,8349,8733
만수,2025-03-13,10472,5423,5049
남동구청,2025-03-13,9281,4832,4449
인천대공원,2025-03-13,4786,2413,2373
운연(서창),2025-03-13,2493,1326,1167
검단오류(검단산업단지),2025-03-14,5856,2926,2930
왕길,2025-03-14,5592,2817,2775
검단사거리,2025-03-14,18551,9782,8769
마전,2025-03-14,9179,4484,4695
완정,2025-03-14,17308,8948,8360
독정,2025-03-14,10501,5156,5345
검암,2025-03-14,9468,5153,4315
검바위,2025-03-14,7630,3736,3894
아시아드경기장(공촌사거리),2025-03-14,9870,5194,4676
서구청,2025-03-14,18693,9245,9448
가정(루원시티),2025-03-14,25900,13170,12730
가정중앙시장,2025-03-14,13946,6819,7127
석남(거북시장),2025-03-14,6549,3237,3312
서부여성회관,2025-03-14,9116,4660,4456
인천가좌,2025-03-14,9407,4756,4651
가재울,2025-03-14,8790,4528,4262
주안국가산단,2025-03-14,5992,2964,3028
주안,2025-03-14,17594,7488,10106
시민공원(문화창작지대),2025-03-14,22786,11689,11097
석바위시장,2025-03-14,11104,5409,5695
인천시청,2025-03-14,7426,3651,3775
석천사거리,2025-03-14,10556,5575,4981
모래내시장,2025-03-14,18367,8943,9424
만수,2025-03-14,11173,5771,5402
남동구청,2025-03-14,9706,5079,4627
인천대공원,2025-03-14,5674,2910,2764
운연(서창),2025-03-14,2666,1401,1265
검단오류(검단산업단지),2025-03-15,2195,1184,1011
왕길,2025-03-15,3273,1712,1561
검단사거리,2025-03-15,14430,7509,6921
마전,2025-03-15,6250,3138,3112
완정,2025-03-15,11551,5987,5564
독정,2025-03-15,7199,3614,3585
검암,2025-03-15,6363,3512,2851
검바위,2025-03-15,4253,2087,2166
아시아드경기장(공촌사거리),2025-03-15,7088,3631,3457
서구청,2025-03-15,11558,5761,5797
가정(루원시티),2025-03-15,16375,8425,7950
가정중앙시장,2025-03-15,11028,5450,5578
석남(거북시장),2025-03-15,4783,2288,2495
서부여성회관,2025-03-15,6478,3336,3142
인천가좌,2025-03-15,5341,2710,2631
가재울,2025-03-15,4933,2547,2386
주안국가산단,2025-03-15,1501,730,771
주안,2025-03-15,14019,5637,8382
시민공원(문화창작지대),2025-03-15,16137,8310,7827
석바위시장,2025-03-15,8019,3920,4099
인천시청,2025-03-15,5169,2459,2710
석천사거리,2025-03-15,7618,3992,3626
모래내시장,2025-03-15,15227,7543,7684
만수,2025-03-15,8283,4270,4013
남동구청,2025-03-15,6080,3191,2889
인천대공원,2025-03-15,7120,3512,3608
운연(서창),2025-03-15,2032,1063,969
검단오류(검단산업단지),2025-03-16,1464,749,715
왕길,2025-03-16,2037,1008,1029
검단사거리,2025-03-16,10084,5113,4971
마전,2025-03-16,4223,2056,2167
완정,2025-03-16,7548,3858,3690
독정,2025-03-16,4881,2384,2497
검암,2025-03-16,4306,2267,2039
검바위,2025-03-16,2914,1359,1555
아시아드경기장(공촌사거리),2025-03-16,4941,2582,2359
서구청,2025-03-16,7835,3941,3894
가정(루원시티),2025-03-16,10329,5297,5032
가정중앙시장,2025-03-16,7443,3688,3755
석남(거북시장),2025-03-16,3223,1536,1687
서부여성회관,2025-03-16,5045,2549,2496
인천가좌,2025-03-16,3337,1652,1685
가재울,2025-03-16,3425,1748,1677
주안국가산단,2025-03-16,767,365,402
주안,2025-03-16,9239,3765,5474
시민공원(문화창작지대),2025-03-16,11363,5880,5483
석바위시장,2025-03-16,5968,2938,3030
인천시청,2025-03-16,3515,1674,1841
석천사거리,2025-03-16,4805,2488,2317
모래내시장,2025-03-16,9949,4933,5016
만수,2025-03-16,5765,2998,2767
남동구청,2025-03-16,4143,2124,2019
인천대공원,2025-03-16,3985,2017,1968
운연(서창),2025-03-16,1248,643,605
검단오류(검단산업단지),2025-03-17,5762,2852,2910
왕길,2025-03-17,5321,2636,2685
검단사거리,2025-03-17,17413,9157,8256
마전,2025-03-17,8994,4408,4586
완정,2025-03-17,16424,8462,7962
독정,2025-03-17,9677,4837,4840
검암,2025-03-17,9151,4965,4186
검바위,2025-03-17,7350,3634,3716
아시아드경기장(공촌사거리),2025-03-17,9400,4941,4459
서구청,2025-03-17,16941,8346,8595
가정(루원시티),2025-03-17,24234,12403,11831
가정중앙시장,2025-03-17,12746,6229,6517
석남(거북시장),2025-03-17,6023,2933,3090
서부여성회관,2025-03-17,8268,4250,4018
인천가좌,2025-03-17,9118,4618,4500
가재울,2025-03-17,8348,4274,4074
주안국가산단,2025-03-17,6041,2962,3079
주안,2025-03-17,16290,6913,9377
시민공원(문화창작지대),2025-03-17,22183,11429,10754
석바위시장,2025-03-17,10277,4975,5302
인천시청,2025-03-17,6819,3285,3534
석천사거리,2025-03-17,10094,5265,4829
모래내시장,2025-03-17,16772,8166,8606
만수,2025-03-17,9951,5158,4793
남동구청,2025-03-17,9257,4785,4472
인천대공원,2025-03-17,4412,2231,2181
운연(서창),2025-03-17,2370,1240,1130
검단오류(검단산업단지),2025-03-18,5822,2879,2943
왕길,2025-03-18,5364,2660,2704
검단사거리,2025-03-18,17421,9143,8278
마전,2025-03-18,9082,4378,4704
완정,2025-03-18,16315,8528,7787
독정,2025-03-18,9842,4834,5008
검암,2025-03-18,9295,5065,4230
검바위,2025-03-18,7321,3583,3738
아시아드경기장(공촌사거리),2025-03-18,9184,4817,4367
서구청,2025-03-18,17100,8495,8605
가정(루원시티),2025-03-18,24262,12353,11909
가정중앙시장,2025-03-18,12576,6115,6461
석남(거북시장),2025-03-18,5863,2876,2987
서부여성회관,2025-03-18,8030,4014,4016
인천가좌,2025-03-18,9033,4544,4489
가재울,2025-03-18,8500,4367,4133
주안국가산단,2025-03-18,6290,3122,3168
주안,2025-03-18,16234,6942,9292
시민공원(문화창작지대),2025-03-18,22006,11287,10719
석바위시장,2025-03-18,10439,5093,5346
인천시청,2025-03-18,6781,3288,3493
석천사거리,2025-03-18,10295,5354,4941
모래내시장,2025-03-18,15922,7808,8114
만수,2025-03-18,10197,5255,4942
남동구청,2025-03-18,9136,4710,4426
인천대공원,2025-03-18,3552,1804,1748
운연(서창),2025-03-18,2305,1213,1092
검단오류(검단산업단지),2025-03-19,5971,2997,2974
왕길,2025-03-19,5365,2696,2669
검단사거리,2025-03-19,17760,9354,8406
마전,2025-03-19,9272,4470,4802
완정,2025-03-19,16671,8573,8098
독정,2025-03-19,9805,4886,4919
검암,2025-03-19,9477,5126,4351
검바위,2025-03-19,7473,3605,3868
아시아드경기장(공촌사거리),2025-03-19,9676,5134,4542
서구청,2025-03-19,17775,8741,9034
가정(루원시티),2025-03-19,24886,12748,12138
가정중앙시장,2025-03-19,13220,6461,6759
석남(거북시장),2025-03-19,6178,3029,3149
서부여성회관,2025-03-19,8405,4288,4117
인천가좌,2025-03-19,9322,4761,4561
가재울,2025-03-19,8578,4377,4201
주안국가산단,2025-03-19,6162,3010,3152
주안,2025-03-19,17026,7322,9704
시민공원(문화창작지대),2025-03-19,22627,11593,11034
석바위시장,2025-03-19,11056,5295,5761
인천시청,2025-03-19,7378,3586,3792
석천사거리,2025-03-19,10329,5353,4976
모래내시장,2025-03-19,17275,8454,8821
만수,2025-03-19,10418,5392,5026
남동구청,2025-03-19,9662,4964,4698
인천대공원,2025-03-19,4788,2477,2311
운연(서창),2025-03-19,2423,1292,1131
검단오류(검단산업단지),2025-03-20,5896,2927,2969
왕길,2025-03-20,5382,2645,2737
검단사거리,2025-03-20,18056,9429,8627
마전,2025-03-20,9173,4516,4657
완정,2025-03-20,17009,8761,8248
독정,2025-03-20,10186,5140,5046
검암,2025-03-20,9479,5106,4373
검바위,2025-03-20,7551,3667,3884
아시아드경기장(공촌사거리),2025-03-20,9409,4948,4461
서구청,2025-03-20,17983,8875,9108
가정(루원시티),2025-03-20,25133,12800,12333
가정중앙시장,2025-03-20,13459,6624,6835
석남(거북시장),2025-03-20,6322,3081,3241
서부여성회관,2025-03-20,8506,4347,4159
인천가좌,2025-03-20,9219,4679,4540
가재울,2025-03-20,8553,4410,4143
주안국가산단,2025-03-20,6206,3064,3142
주안,2025-03-20,17478,7448,10030
시민공원(문화창작지대),2025-03-20,23093,11767,11326
석바위시장,2025-03-20,11063,5349,5714
인천시청,2025-03-20,7373,3578,3795
석천사거리,2025-03-20,10577,5568,5009
모래내시장,2025-03-20,17743,8659,9084
만수,2025-03-20,10767,5550,5217
남동구청,2025-03-20,9508,4939,4569
인천대공원,2025-03-20,5344,2719,2625
운연(서창),2025-03-20,2599,1357,1242
검단오류(검단산업단지),2025-03-21,5891,2913,2978
왕길,2025-03-21,5533,2785,2748
검단사거리,2025-03-21,18701,9757,8944
마전,2025-03-21,9274,4534,4740
완정,2025-03-21,17155,8896,8259
독정,2025-03-21,10235,5092,5143
검암,2025-03-21,9625,5261,4364
검바위,2025-03-21,7550,3661,3889
아시아드경기장(공촌사거리),2025-03-21,9936,5260,4676
서구청,2025-03-21,18674,9255,9419
가정(루원시티),2025-03-21,26240,13327,12913
가정중앙시장,2025-03-21,14089,6901,7188
석남(거북시장),2025-03-21,6459,3164,3295
서부여성회관,2025-03-21,9112,4644,4468
인천가좌,2025-03-21,9395,4757,4638
가재울,2025-03-21,8855,4586,4269
주안국가산단,2025-03-21,6108,2982,3126
주안,2025-03-21,17870,7599,10271
시민공원(문화창작지대),2025-03-21,23150,11869,11281
석바위시장,2025-03-21,11229,5449,5780
인천시청,2025-03-21,7608,3673,3935
석천사거리,2025-03-21,10570,5566,5004
모래내시장,2025-03-21,18482,8958,9524
만수,2025-03-21,11153,5786,5367
남동구청,2025-03-21,9733,5065,4668
인천대공원,2025-03-21,5603,2837,2766
운연(서창),2025-03-21,2683,1410,1273
검단오류(검단산업단지),2025-03-22,2279,1212,1067
왕길,2025-03-22,3181,1650,1531
검단사거리,2025-03-22,14266,7412,6854
마전,2025-03-22,6032,3038,2994
완정,2025-03-22,11741,6104,5637
독정,2025-03-22,7045,3536,3509
검암,2025-03-22,6492,3504,2988
검바위,2025-03-22,4400,2161,2239
아시아드경기장(공촌사거리),2025-03-22,6900,3606,3294
서구청,2025-03-22,12248,6138,6110
가정(루원시티),2025-03-22,16184,8311,7873
가정중앙시장,2025-03-22,11214,5457,5757
석남(거북시장),2025-03-22,4788,2285,2503
서부여성회관,2025-03-22,6628,3397,3231
인천가좌,2025-03-22,5189,2643,2546
가재울,2025-03-22,5001,2569,2432
주안국가산단,2025-03-22,1696,836,860
주안,2025-03-22,14359,5934,8425
시민공원(문화창작지대),2025-03-22,16263,8427,7836
석바위시장,2025-03-22,8113,3968,4145
인천시청,2025-03-22,5403,2567,2836
석천사거리,2025-03-22,7086,3747,3339
모래내시장,2025-03-22,15611,7615,7996
만수,2025-03-22,8127,4215,3912
남동구청,2025-03-22,6333,3320,3013
인천대공원,2025-03-22,7742,3874,3868
운연(서창),2025-03-22,2035,1075,960
검단오류(검단산업단지),2025-03-23,1470,712,758
왕길,2025-03-23,2173,1131,1042
검단사거리,2025-03-23,10148,5111,5037
마전,2025-03-23,4181,2030,2151
완정,2025-03-23,7969,4025,3944
독정,2025-03-23,4575,2294,2281
검암,2025-03-23,4628,2503,2125
검바위,2025-03-23,3289,1540,1749
아시아드경기장(공촌사거리),2025-03-23,5446,2804,2642
서구청,2025-03-23,8528,4274,4254
가정(루원시티),2025-03-23,11255,5661,5594
가정중앙시장,2025-03-23,8208,4136,4072
석남(거북시장),2025-03-23,3402,1654,1748
서부여성회관,2025-03-23,5646,2903,2743
인천가좌,2025-03-23,3833,1912,1921
가재울,2025-03-23,3713,1882,1831
주안국가산단,2025-03-23,739,357,382
주안,2025-03-23,10020,4098,5922
시민공원(문화창작지대),2025-03-23,11937,6189,5748
석바위시장,2025-03-23,6342,3153,3189
인천시청,2025-03-23,3916,1857,2059
석천사거리,2025-03-23,5210,2762,2448
모래내시장,2025-03-23,11901,5825,6076
만수,2025-03-23,6439,3337,3102
남동구청,2025-03-23,4664,2412,2252
인천대공원,2025-03-23,8253,4119,4134
운연(서창),2025-03-23,1643,856,787
검단오류(검단산업단지),2025-03-24,5810,2826,2984
왕길,2025-03-24,5473,2744,2729
검단사거리,2025-03-24,17870,9444,8426
마전,2025-03-24,8925,4321,4604
완정,2025-03-24,16473,8533,7940
독정,2025-03-24,10096,5063,5033
검암,2025-03-24,9253,5049,4204
검바위,2025-03-24,7361,3599,3762
아시아드경기장(공촌사거리),2025-03-24,9645,5076,4569
서구청,2025-03-24,17884,8910,8974
가정(루원시티),2025-03-24,24764,12575,12189
가정중앙시장,2025-03-24,12998,6335,6663
석남(거북시장),2025-03-24,6116,3009,3107
서부여성회관,2025-03-24,8509,4384,4125
인천가좌,2025-03-24,9281,4686,4595
가재울,2025-03-24,8440,4329,4111
주안국가산단,2025-03-24,6225,3061,3164
주안,2025-03-24,16458,7049,9409
시민공원(문화창작지대),2025-03-24,22187,11377,10810
석바위시장,2025-03-24,10688,5156,5532
인천시청,2025-03-24,6995,3421,3574
석천사거리,2025-03-24,10303,5377,4926
모래내시장,2025-03-24,17402,8540,8862
만수,2025-03-24,10277,5317,4960
남동구청,2025-03-24,9699,5062,4637
인천대공원,2025-03-24,5285,2713,2572
운연(서창),2025-03-24,2539,1288,1251
검단오류(검단산업단지),2025-03-25,5935,2951,2984
왕길,2025-03-25,5579,2794,2785
검단사거리,2025-03-25,17829,9415,8414
마전,2025-03-25,9141,4427,4714
완정,2025-03-25,16789,8682,8107
독정,2025-03-25,10050,4972,5078
검암,2025-03-25,9392,5108,4284
검바위,2025-03-25,7677,3700,3977
아시아드경기장(공촌사거리),2025-03-25,9724,5157,4567
서구청,2025-03-25,18050,8949,9101
가정(루원시티),2025-03-25,25076,12863,12213
가정중앙시장,2025-03-25,13368,6540,6828
석남(거북시장),2025-03-25,6312,3085,3227
서부여성회관,2025-03-25,8379,4251,4128
인천가좌,2025-03-25,9380,4774,4606
가재울,2025-03-25,8693,4453,4240
주안국가산단,2025-03-25,6321,3127,3194
주안,2025-03-25,16802,7228,9574
시민공원(문화창작지대),2025-03-25,22551,11540,11011
석바위시장,2025-03-25,10717,5209,5508
인천시청,2025-03-25,7376,3572,3804
석천사거리,2025-03-25,10320,5327,4993
모래내시장,2025-03-25,17244,8356,8888
만수,2025-03-25,10568,5455,5113
남동구청,2025-03-25,9860,5129,4731
인천대공원,2025-03-25,4942,2486,2456
운연(서창),2025-03-25,2517,1339,1178
검단오류(검단산업단지),2025-03-26,6049,3024,3025
왕길,2025-03-26,5559,2794,2765
검단사거리,2025-03-26,18072,9534,8538
마전,2025-03-26,9219,4462,4757
완정,2025-03-26,16758,8659,8099
독정,2025-03-26,10334,5178,5156
검암,2025-03-26,9457,5121,4336
검바위,2025-03-26,7581,3720,3861
아시아드경기장(공촌사거리),2025-03-26,9865,5211,4654
서구청,2025-03-26,18095,8892,9203
가정(루원시티),2025-03-26,25635,13107,12528
가정중앙시장,2025-03-26,13553,6617,6936
석남(거북시장),2025-03-26,6335,3089,3246
서부여성회관,2025-03-26,8608,4426,4182
인천가좌,2025-03-26,9410,4770,4640
가재울,2025-03-26,8879,4554,4325
주안국가산단,2025-03-26,6424,3154,3270
주안,2025-03-26,17060,7310,9750
시민공원(문화창작지대),2025-03-26,22144,11350,10794
석바위시장,2025-03-26,11081,5352,5729
인천시청,2025-03-26,7425,3629,3796
석천사거리,2025-03-26,10660,5529,5131
모래내시장,2025-03-26,17781,8668,9113
만수,2025-03-26,10726,5540,5186
남동구청,2025-03-26,10006,5220,4786
인천대공원,2025-03-26,5505,2776,2729
운연(서창),2025-03-26,2610,1378,1232
검단오류(검단산업단지),2025-03-27,5840,2918,2922
왕길,2025-03-27,5446,2715,2731
검단사거리,2025-03-27,17538,9153,8385
마전,2025-03-27,9026,4375,4651
완정,2025-03-27,16316,8459,7857
독정,2025-03-27,10004,4982,5022
검암,2025-03-27,9248,5084,4164
검바위,2025-03-27,7399,3587,3812
아시아드경기장(공촌사거리),2025-03-27,9216,4858,4358
서구청,2025-03-27,17379,8645,8734
가정(루원시티),2025-03-27,24917,12695,12222
가정중앙시장,2025-03-27,13027,6365,6662
석남(거북시장),2025-03-27,6128,2950,3178
서부여성회관,2025-03-27,8358,4231,4127
인천가좌,2025-03-27,9048,4553,4495
가재울,2025-03-27,8341,4249,4092
주안국가산단,2025-03-27,6280,3053,3227
주안,2025-03-27,16716,7231,9485
시민공원(문화창작지대),2025-03-27,22280,11410,10870
석바위시장,2025-03-27,10259,4927,5332
인천시청,2025-03-27,7340,3570,3770
석천사거리,2025-03-27,10281,5301,4980
모래내시장,2025-03-27,16945,8237,8708
만수,2025-03-27,10140,5304,4836
남동구청,2025-03-27,9313,4836,4477
인천대공원,2025-03-27,4505,2276,2229
운연(서창),2025-03-27,2417,1260,1157
검단오류(검단산업단지),2025-03-28,6208,3069,3139
왕길,2025-03-28,5576,2797,2779
검단사거리,2025-03-28,18364,9629,8735
마전,2025-03-28,9396,4593,4803
완정,2025-03-28,17122,8883,8239
독정,2025-03-28,10267,5164,5103
검암,2025-03-28,9495,5239,4256
검바위,2025-03-28,7533,3706,3827
아시아드경기장(공촌사거리),2025-03-28,9643,5093,4550
서구청,2025-03-28,18268,8892,9376
가정(루원시티),2025-03-28,25731,13077,12654
가정중앙시장,2025-03-28,13841,6787,7054
석남(거북시장),2025-03-28,6350,3100,3250
서부여성회관,2025-03-28,8700,4433,4267
인천가좌,2025-03-28,9324,4714,4610
가재울,2025-03-28,8425,4340,4085
주안국가산단,2025-03-28,6125,3002,3123
주안,2025-03-28,17066,7285,9781
시민공원(문화창작지대),2025-03-28,22609,11649,10960
석바위시장,2025-03-28,11011,5346,5665
인천시청,2025-03-28,7352,3544,3808
석천사거리,2025-03-28,10379,5454,4925
모래내시장,2025-03-28,17792,8682,9110
만수,2025-03-28,10657,5491,5166
남동구청,2025-03-28,9510,4981,4529
인천대공원,2025-03-28,5275,2685,2590
운연(서창),2025-03-28,2667,1432,1235
검단오류(검단산업단지),2025-03-29,2068,1102,966
왕길,2025-03-29,2907,1516,1391
검단사거리,2025-03-29,13612,7095,6517
마전,2025-03-29,5987,3019,2968
완정,2025-03-29,10706,5604,5102
독정,2025-03-29,6646,3291,3355
검암,2025-03-29,5913,3265,2648
검바위,2025-03-29,3901,1903,1998
아시아드경기장(공촌사거리),2025-03-29,6349,3308,3041
서구청,2025-03-29,11208,5582,5626
가정(루원시티),2025-03-29,15064,7699,7365
가정중앙시장,2025-03-29,10243,5081,5162
석남(거북시장),2025-03-29,4358,2034,2324
서부여성회관,2025-03-29,6268,3207,3061
인천가좌,2025-03-29,4920,2523,2397
가재울,2025-03-29,4638,2396,2242
주안국가산단,2025-03-29,1452,718,734
주안,2025-03-29,12831,5223,7608
시민공원(문화창작지대),2025-03-29,15162,7813,7349
석바위시장,2025-03-29,7367,3587,3780
인천시청,2025-03-29,4431,2113,2318
석천사거리,2025-03-29,6756,3537,3219
모래내시장,2025-03-29,13131,6480,6651
만수,2025-03-29,7602,3896,3706
남동구청,2025-03-29,5525,2912,2613
인천대공원,2025-03-29,4996,2483,2513
운연(서창),2025-03-29,1741,898,843
검단오류(검단산업단지),2025-03-30,1434,707,727
왕길,2025-03-30,2171,1091,1080
검단사거리,2025-03-30,10227,5180,5047
마전,2025-03-30,4194,1968,2226
완정,2025-03-30,7440,3761,3679
독정,2025-03-30,4930,2452,2478
검암,2025-03-30,4572,2440,2132
검바위,2025-03-30,3017,1419,1598
아시아드경기장(공촌사거리),2025-03-30,4978,2604,2374
서구청,2025-03-30,8117,4132,3985
가정(루원시티),2025-03-30,10824,5595,5229
가정중앙시장,2025-03-30,7376,3614,3762
석남(거북시장),2025-03-30,3137,1450,1687
서부여성회관,2025-03-30,5129,2593,2536
인천가좌,2025-03-30,3394,1715,1679
가재울,2025-03-30,3448,1743,1705
주안국가산단,2025-03-30,800,390,410
주안,2025-03-30,9424,3887,5537
시민공원(문화창작지대),2025-03-30,11474,5883,5591
석바위시장,2025-03-30,6056,2945,3111
인천시청,2025-03-30,3744,1779,1965
석천사거리,2025-03-30,5064,2627,2437
모래내시장,2025-03-30,10236,5113,5123
만수,2025-03-30,5834,2975,2859
남동구청,2025-03-30,4245,2193,2052
인천대공원,2025-03-30,5030,2524,2506
운연(서창),2025-03-30,1382,713,669
검단오류(검단산업단지),2025-03-31,5817,2889,2928
왕길,2025-03-31,5316,2661,2655
검단사거리,2025-03-31,17428,9124,8304
마전,2025-03-31,8689,4251,4438
완정,2025-03-31,16293,8444,7849
독정,2025-03-31,9929,4964,4965
검암,2025-03-31,9176,4992,4184
검바위,2025-03-31,6980,3369,3611
아시아드경기장(공촌사거리),2025-03-31,9428,5009,4419
서구청,2025-03-31,17495,8699,8796
가정(루원시티),2025-03-31,24142,12240,11902
가정중앙시장,2025-03-31,12885,6306,6579
석남(거북시장),2025-03-31,5957,2900,3057
서부여성회관,2025-03-31,8227,4241,3986
인천가좌,2025-03-31,9045,4575,4470
가재울,2025-03-31,8271,4257,4014
주안국가산단,2025-03-31,6130,3029,3101
주안,2025-03-31,16544,7040,9504
시민공원(문화창작지대),2025-03-31,22258,11415,10843
석바위시장,2025-03-31,10497,5164,5333
인천시청,2025-03-31,6676,3311,3365
석천사거리,2025-03-31,10097,5243,4854
모래내시장,2025-03-31,17211,8436,8775
만수,2025-03-31,10255,5339,4916
남동구청,2025-03-31,9439,4890,4549
인천대공원,2025-03-31,5591,2843,2748
운연(서창),2025-03-31,2657,1380,1277
검단오류(검단산업단지),2025-04-01,5847,2942,2905
왕길,2025-04-01,5588,2785,2803
검단사거리,2025-04-01,17685,9275,8410
마전,2025-04-01,8919,4323,4596
완정,2025-04-01,16473,8493,7980
독정,2025-04-01,10099,4949,5150
검암,2025-04-01,9518,5135,4383
검바위,2025-04-01,7113,3486,3627
아시아드경기장(공촌사거리),2025-04-01,9407,4949,4458
서구청,2025-04-01,17697,8778,8919
가정(루원시티),2025-04-01,24607,12502,12105
가정중앙시장,2025-04-01,13329,6449,6880
석남(거북시장),2025-04-01,6140,2994,3146
서부여성회관,2025-04-01,8362,4255,4107
인천가좌,2025-04-01,9179,4653,4526
가재울,2025-04-01,8295,4256,4039
주안국가산단,2025-04-01,6403,3167,3236
주안,2025-04-01,16695,7150,9545
시민공원(문화창작지대),2025-04-01,22480,11514,10966
석바위시장,2025-04-01,10618,5125,5493
인천시청,2025-04-01,7037,3406,3631
석천사거리,2025-04-01,10459,5457,5002
모래내시장,2025-04-01,17376,8507,8869
만수,2025-04-01,10630,5532,5098
남동구청,2025-04-01,9629,4991,4638
인천대공원,2025-04-01,5983,3023,2960
운연(서창),2025-04-01,2543,1345,1198
검단오류(검단산업단지),2025-04-02,5923,2898,3025
왕길,2025-04-02,5469,2734,2735
검단사거리,2025-04-02,17505,9160,8345
마전,2025-04-02,9065,4396,4669
완정,2025-04-02,16345,8494,7851
독정,2025-04-02,9850,4893,4957
검암,2025-04-02,9403,5108,4295
검바위,2025-04-02,6621,3243,3378
아시아드경기장(공촌사거리),2025-04-02,9674,5007,4667
서구청,2025-04-02,17482,8708,8774
가정(루원시티),2025-04-02,25038,12802,12236
가정중앙시장,2025-04-02,12898,6328,6570
석남(거북시장),2025-04-02,6084,2960,3124
서부여성회관,2025-04-02,8376,4290,4086
인천가좌,2025-04-02,9242,4675,4567
가재울,2025-04-02,8548,4365,4183
주안국가산단,2025-04-02,6522,3195,3327
주안,2025-04-02,16401,7051,9350
시민공원(문화창작지대),2025-04-02,22543,11610,10933
석바위시장,2025-04-02,10637,5149,5488
인천시청,2025-04-02,7252,3497,3755
석천사거리,2025-04-02,10413,5432,4981
모래내시장,2025-04-02,16880,8235,8645
만수,2025-04-02,10415,5402,5013
남동구청,2025-04-02,9436,4877,4559
인천대공원,2025-04-02,5367,2754,2613
운연(서창),2025-04-02,2611,1364,1247
검단오류(검단산업단지),2025-04-03,5886,2901,2985
왕길,2025-04-03,5581,2807,2774
검단사거리,2025-04-03,17684,9336,8348
마전,2025-04-03,9102,4382,4720
완정,2025-04-03,16563,8487,8076
독정,2025-04-03,10160,5145,5015
검암,2025-04-03,9521,5158,4363
검바위,2025-04-03,7755,3824,3931
아시아드경기장(공촌사거리),2025-04-03,9523,4955,4568
서구청,2025-04-03,17668,8706,8962
가정(루원시티),2025-04-03,24910,12600,12310
가정중앙시장,2025-04-03,13343,6548,6795
석남(거북시장),2025-04-03,6058,2940,3118
서부여성회관,2025-04-03,8378,4279,4099
인천가좌,2025-04-03,9349,4746,4603
가재울,2025-04-03,8513,4374,4139
주안국가산단,2025-04-03,6227,3063,3164
주안,2025-04-03,16898,7195,9703
시민공원(문화창작지대),2025-04-03,22963,11799,11164
석바위시장,2025-04-03,10554,5144,5410
인천시청,2025-04-03,7213,3447,3766
석천사거리,2025-04-03,10245,5278,4967
모래내시장,2025-04-03,17534,8562,8972
만수,2025-04-03,10610,5502,5108
남동구청,2025-04-03,9435,4922,4513
인천대공원,2025-04-03,6645,3353,3292
운연(서창),2025-04-03,2678,1412,1266
검단오류(검단산업단지),2025-04-04,5933,2931,3002
왕길,2025-04-04,5553,2808,2745
검단사거리,2025-04-04,18427,9656,8771
마전,2025-04-04,9148,4458,4690
완정,2025-04-04,16905,8797,8108
독정,2025-04-04,10361,5149,5212
검암,2025-04-04,9481,5127,4354
검바위,2025-04-04,7666,3787,3879
아시아드경기장(공촌사거리),2025-04-04,9621,5072,4549
서구청,2025-04-04,18261,9063,9198
가정(루원시티),2025-04-04,25731,13065,12666
가정중앙시장,2025-04-04,13860,6809,7051
석남(거북시장),2025-04-04,6356,3068,3288
서부여성회관,2025-04-04,8735,4460,4275
인천가좌,2025-04-04,9487,4737,4750
가재울,2025-04-04,8483,4371,4112
주안국가산단,2025-04-04,6165,3033,3132
주안,2025-04-04,16987,7346,9641
시민공원(문화창작지대),2025-04-04,22234,11495,10739
석바위시장,2025-04-04,10573,5163,5410
인천시청,2025-04-04,7466,3602,3864
석천사거리,2025-04-04,10058,5293,4765
모래내시장,2025-04-04,18014,8779,9235
만수,2025-04-04,10923,5660,5263
남동구청,2025-04-04,9578,4945,4633
인천대공원,2025-04-04,6733,3391,3342
운연(서창),2025-04-04,2643,1418,1225
검단오류(검단산업단지),2025-04-05,1819,973,846
왕길,2025-04-05,2761,1445,1316
검단사거리,2025-04-05,11831,6154,5677
마전,2025-04-05,5503,2702,2801
완정,2025-04-05,9643,5019,4624
독정,2025-04-05,5906,2956,2950
검암,2025-04-05,5505,3034,2471
검바위,2025-04-05,4085,1999,2086
아시아드경기장(공촌사거리),2025-04-05,5773,2994,2779
서구청,2025-04-05,10370,5155,5215
가정(루원시티),2025-04-05,13523,6924,6599
가정중앙시장,2025-04-05,8634,4303,4331
석남(거북시장),2025-04-05,3893,1890,2003
서부여성회관,2025-04-05,5288,2662,2626
인천가좌,2025-04-05,4511,2290,2221
가재울,2025-04-05,3933,1984,1949
주안국가산단,2025-04-05,1247,634,613
주안,2025-04-05,11663,4695,6968
시민공원(문화창작지대),2025-04-05,14534,7454,7080
석바위시장,2025-04-05,6432,3145,3287
인천시청,2025-04-05,3943,1842,2101
석천사거리,2025-04-05,6020,3171,2849
모래내시장,2025-04-05,11068,5446,5622
만수,2025-04-05,6547,3378,3169
남동구청,2025-04-05,4844,2521,2323
인천대공원,2025-04-05,3039,1486,1553
운연(서창),2025-04-05,1438,752,686
검단오류(검단산업단지),2025-04-06,1624,825,799
왕길,2025-04-06,2247,1144,1103
검단사거리,2025-04-06,10738,5512,5226
마전,2025-04-06,4473,2153,2320
완정,2025-04-06,8011,4056,3955
독정,2025-04-06,5837,2839,2998
검암,2025-04-06,5031,2679,2352
검바위,2025-04-06,3350,1574,1776
아시아드경기장(공촌사거리),2025-04-06,5428,2826,2602
서구청,2025-04-06,8550,4374,4176
가정(루원시티),2025-04-06,11291,5761,5530
가정중앙시장,2025-04-06,8174,3994,4180
석남(거북시장),2025-04-06,3615,1701,1914
서부여성회관,2025-04-06,5667,2890,2777
인천가좌,2025-04-06,3802,1901,1901
가재울,2025-04-06,3839,1988,1851
주안국가산단,2025-04-06,727,333,394
주안,2025-04-06,10474,4359,6115
시민공원(문화창작지대),2025-04-06,12842,6631,6211
석바위시장,2025-04-06,6447,3176,3271
인천시청,2025-04-06,4367,2061,2306
석천사거리,2025-04-06,5369,2834,2535
모래내시장,2025-04-06,12150,5947,6203
만수,2025-04-06,6844,3528,3316
남동구청,2025-04-06,4880,2522,2358
인천대공원,2025-04-06,12194,6040,6154
운연(서창),2025-04-06,1648,857,791
검단오류(검단산업단지),2025-04-07,5823,2877,2946
왕길,2025-04-07,5536,2764,2772
검단사거리,2025-04-07,17784,9356,8428
마전,2025-04-07,8996,4347,4649
완정,2025-04-07,16636,8601,8035
독정,2025-04-07,10172,5086,5086
검암,2025-04-07,9569,5175,4394
검바위,2025-04-07,7488,3664,3824
아시아드경기장(공촌사거리),2025-04-07,9714,5135,4579
서구청,2025-04-07,17491,8687,8804
가정(루원시티),2025-04-07,24624,12591,12033
가정중앙시장,2025-04-07,13336,6538,6798
석남(거북시장),2025-04-07,6042,2940,3102
서부여성회관,2025-04-07,8544,4407,4137
인천가좌,2025-04-07,9192,4637,4555
가재울,2025-04-07,8623,4406,4217
주안국가산단,2025-04-07,6253,3067,3186
주안,2025-04-07,16503,7128,9375
시민공원(문화창작지대),2025-04-07,22254,11435,10819
석바위시장,2025-04-07,10634,5121,5513
인천시청,2025-04-07,7228,3466,3762
석천사거리,2025-04-07,10359,5394,4965
모래내시장,2025-04-07,17800,8678,9122
만수,2025-04-07,10495,5467,5028
남동구청,2025-04-07,9648,5016,4632
인천대공원,2025-04-07,7457,3761,3696
운연(서창),2025-04-07,2575,1351,1224
검단오류(검단산업단지),2025-04-08,6027,2962,3065
왕길,2025-04-08,5605,2815,2790
검단사거리,2025-04-08,18064,9537,8527
마전,2025-04-08,9018,4342,4676
완정,2025-04-08,16691,8552,8139
독정,2025-04-08,10323,5156,5167
검암,2025-04-08,9782,5322,4460
검바위,2025-04-08,7497,3646,3851
아시아드경기장(공촌사거리),2025-04-08,9518,5045,4473
서구청,2025-04-08,17919,8916,9003
가정(루원시티),2025-04-08,25185,12799,12386
가정중앙시장,2025-04-08,13505,6627,6878
석남(거북시장),2025-04-08,6208,3021,3187
서부여성회관,2025-04-08,8826,4469,4357
인천가좌,2025-04-08,9266,4743,4523
가재울,2025-04-08,8817,4530,4287
주안국가산단,2025-04-08,6486,3196,3290
주안,2025-04-08,16875,7161,9714
시민공원(문화창작지대),2025-04-08,23426,12086,11340
석바위시장,2025-04-08,10866,5323,5543
인천시청,2025-04-08,7555,3655,3900
석천사거리,2025-04-08,10456,5428,5028
모래내시장,2025-04-08,18243,8891,9352
만수,2025-04-08,10864,5617,5247
남동구청,2025-04-08,9715,5026,4689
인천대공원,2025-04-08,8532,4325,4207
운연(서창),2025-04-08,2667,1430,1237
검단오류(검단산업단지),2025-04-09,6080,3004,3076
왕길,2025-04-09,5566,2772,2794
검단사거리,2025-04-09,17907,9528,8379
마전,2025-04-09,9170,4389,4781
완정,2025-04-09,16480,8539,7941
독정,2025-04-09,10011,4960,5051
검암,2025-04-09,9862,5319,4543
검바위,2025-04-09,7505,3666,3839
아시아드경기장(공촌사거리),2025-04-09,9699,5109,4590
서구청,2025-04-09,17824,8816,9008
가정(루원시티),2025-04-09,25195,12841,12354
가정중앙시장,2025-04-09,13229,6469,6760
석남(거북시장),2025-04-09,6244,3005,3239
서부여성회관,2025-04-09,8748,4486,4262
인천가좌,2025-04-09,9259,4680,4579
가재울,2025-04-09,8915,4533,4382
주안국가산단,2025-04-09,6463,3151,3312
주안,2025-04-09,16652,7173,9479
시민공원(문화창작지대),2025-04-09,22644,11600,11044
석바위시장,2025-04-09,10873,5256,5617
인천시청,2025-04-09,7433,3620,3813
석천사거리,2025-04-09,10398,5457,4941
모래내시장,2025-04-09,17412,8513,8899
만수,2025-04-09,10467,5437,5030
남동구청,2025-04-09,9507,4915,4592
인천대공원,2025-04-09,7192,3597,3595
운연(서창),2025-04-09,2583,1356,1227
검단오류(검단산업단지),2025-04-10,5958,2959,2999
왕길,2025-04-10,5603,2785,2818
검단사거리,2025-04-10,18040,9454,8586
마전,2025-04-10,9157,4476,4681
완정,2025-04-10,16793,8653,8140
독정,2025-04-10,10573,5328,5245
검암,2025-04-10,9757,5325,4432
검바위,2025-04-10,7539,3648,3891
아시아드경기장(공촌사거리),2025-04-10,9519,5023,4496
서구청,2025-04-10,17506,8647,8859
가정(루원시티),2025-04-10,25174,12849,12325
가정중앙시장,2025-04-10,13496,6577,6919
석남(거북시장),2025-04-10,6112,2955,3157
서부여성회관,2025-04-10,8734,4455,4279
인천가좌,2025-04-10,9336,4747,4589
가재울,2025-04-10,8764,4489,4275
주안국가산단,2025-04-10,6339,3106,3233
주안,2025-04-10,17687,7632,10055
시민공원(문화창작지대),2025-04-10,23459,11969,11490
석바위시장,2025-04-10,10862,5315,5547
인천시청,2025-04-10,7641,3688,3953
석천사거리,2025-04-10,10634,5529,5105
모래내시장,2025-04-10,18510,9005,9505
만수,2025-04-10,10979,5702,5277
남동구청,2025-04-10,9711,5049,4662
인천대공원,2025-04-10,10428,5215,5213
운연(서창),2025-04-10,2683,1402,1281
검단오류(검단산업단지),2025-04-11,5880,2965,2915
왕길,2025-04-11,5745,2921,2824
검단사거리,2025-04-11,18726,9868,8858
마전,2025-04-11,9322,4604,4718
완정,2025-04-11,17312,8996,8316
독정,2025-04-11,10674,5360,5314
검암,2025-04-11,9816,5430,4386
검바위,2025-04-11,7761,3855,3906
아시아드경기장(공촌사거리),2025-04-11,9681,5125,4556
서구청,2025-04-11,18453,9131,9322
가정(루원시티),2025-04-11,25902,13225,12677
가정중앙시장,2025-04-11,14240,7022,7218
석남(거북시장),2025-04-11,6555,3177,3378
서부여성회관,2025-04-11,9211,4665,4546
인천가좌,2025-04-11,9532,4833,4699
가재울,2025-04-11,9080,4671,4409
주안국가산단,2025-04-11,6185,3064,3121
주안,2025-04-11,18287,7839,10448
시민공원(문화창작지대),2025-04-11,23622,12195,11427
석바위시장,2025-04-11,11423,5552,5871
인천시청,2025-04-11,8248,3999,4249
석천사거리,2025-04-11,10847,5723,5124
모래내시장,2025-04-11,19948,9702,10246
만수,2025-04-11,11771,6131,5640
남동구청,2025-04-11,10111,5272,4839
인천대공원,2025-04-11,18012,8967,9045
운연(서창),2025-04-11,2846,1501,1345
검단오류(검단산업단지),2025-04-12,1940,1066,874
왕길,2025-04-12,3092,1600,1492
검단사거리,2025-04-12,13199,6879,6320
마전,2025-04-12,5987,2984,3003
완정,2025-04-12,10395,5437,4958
독정,2025-04-12,6143,3074,3069
검암,2025-04-12,5978,3192,2786
검바위,2025-04-12,3771,1821,1950
아시아드경기장(공촌사거리),2025-04-12,6012,3144,2868
서구청,2025-04-12,10749,5323,5426
가정(루원시티),2025-04-12,14175,7189,6986
가정중앙시장,2025-04-12,9762,4808,4954
석남(거북시장),2025-04-12,4165,1978,2187
서부여성회관,2025-04-12,5805,2970,2835
인천가좌,2025-04-12,4854,2502,2352
가재울,2025-04-12,4540,2338,2202
주안국가산단,2025-04-12,1299,640,659
주안,2025-04-12,12754,5133,7621
시민공원(문화창작지대),2025-04-12,15337,7898,7439
석바위시장,2025-04-12,7431,3596,3835
인천시청,2025-04-12,4984,2379,2605
석천사거리,2025-04-12,6788,3512,3276
모래내시장,2025-04-12,13666,6754,6912
만수,2025-04-12,7739,4000,3739
남동구청,2025-04-12,5841,3030,2811
인천대공원,2025-04-12,12977,6327,6650
운연(서창),2025-04-12,1810,1002,808
검단오류(검단산업단지),2025-04-13,1364,667,697
왕길,2025-04-13,1921,959,962
검단사거리,2025-04-13,9489,4753,4736
마전,2025-04-13,3899,1901,1998
완정,2025-04-13,7029,3552,3477
독정,2025-04-13,3840,1878,1962
검암,2025-04-13,3949,2166,1783
검바위,2025-04-13,2998,1438,1560
아시아드경기장(공촌사거리),2025-04-13,4709,2440,2269
서구청,2025-04-13,7742,3905,3837
가정(루원시티),2025-04-13,10014,5075,4939
가정중앙시장,2025-04-13,6944,3394,3550
석남(거북시장),2025-04-13,3000,1382,1618
서부여성회관,2025-04-13,4965,2553,2412
인천가좌,2025-04-13,3265,1590,1675
가재울,2025-04-13,3287,1687,1600
주안국가산단,2025-04-13,659,318,341
주안,2025-04-13,9438,3819,5619
시민공원(문화창작지대),2025-04-13,11514,5992,5522
석바위시장,2025-04-13,5846,2849,2997
인천시청,2025-04-13,3713,1720,1993
석천사거리,2025-04-13,4961,2586,2375
모래내시장,2025-04-13,9844,4860,4984
만수,2025-04-13,5648,2878,2770
남동구청,2025-04-13,4108,2143,1965
인천대공원,2025-04-13,8301,4109,4192
운연(서창),2025-04-13,1352,712,640
검단오류(검단산업단지),2025-04-14,5545,2713,2832
왕길,2025-04-14,5210,2601,2609
검단사거리,2025-04-14,16530,8683,7847
마전,2025-04-14,8674,4210,4464
완정,2025-04-14,15553,8062,7491
독정,2025-04-14,9231,4573,4658
검암,2025-04-14,8812,4746,4066
검바위,2025-04-14,6980,3369,3611
아시아드경기장(공촌사거리),2025-04-14,8744,4606,4138
서구청,2025-04-14,16152,8048,8104
가정(루원시티),2025-04-14,23235,11808,11427
가정중앙시장,2025-04-14,11741,5755,5986
석남(거북시장),2025-04-14,5431,2631,2800
서부여성회관,2025-04-14,7783,3978,3805
인천가좌,2025-04-14,8681,4370,4311
가재울,2025-04-14,7948,4030,3918
주안국가산단,2025-04-14,6250,3112,3138
주안,2025-04-14,15325,6627,8698
시민공원(문화창작지대),2025-04-14,20988,10788,10200
석바위시장,2025-04-14,9863,4812,5051
인천시청,2025-04-14,6494,3195,3299
석천사거리,2025-04-14,9719,5023,4696
모래내시장,2025-04-14,15121,7408,7713
만수,2025-04-14,9607,4968,4639
남동구청,2025-04-14,8550,4388,4162
인천대공원,2025-04-14,3816,1926,1890
운연(서창),2025-04-14,2137,1139,998
검단오류(검단산업단지),2025-04-15,5965,2980,2985
왕길,2025-04-15,5545,2732,2813
검단사거리,2025-04-15,17883,9455,8428
마전,2025-04-15,9045,4341,4704
완정,2025-04-15,16619,8653,7966
독정,2025-04-15,10235,5080,5155
검암,2025-04-15,9701,5240,4461
검바위,2025-04-15,7513,3683,3830
아시아드경기장(공촌사거리),2025-04-15,9426,4951,4475
서구청,2025-04-15,17938,8858,9080
가정(루원시티),2025-04-15,25189,12765,12424
가정중앙시장,2025-04-15,13721,6737,6984
석남(거북시장),2025-04-15,6197,3055,3142
서부여성회관,2025-04-15,8707,4422,4285
인천가좌,2025-04-15,9377,4749,4628
가재울,2025-04-15,8883,4528,4355
주안국가산단,2025-04-15,6368,3164,3204
주안,2025-04-15,17035,7379,9656
시민공원(문화창작지대),2025-04-15,23221,11962,11259
석바위시장,2025-04-15,11222,5522,5700
인천시청,2025-04-15,7588,3673,3915
석천사거리,2025-04-15,10731,5556,5175
모래내시장,2025-04-15,18580,9077,9503
만수,2025-04-15,11031,5708,5323
남동구청,2025-04-15,9879,5145,4734
인천대공원,2025-04-15,11093,5497,5596
운연(서창),2025-04-15,2693,1423,1270
검단오류(검단산업단지),2025-04-16,6084,3027,3057
왕길,2025-04-16,5670,2844,2826
검단사거리,2025-04-16,17712,9354,8358
마전,2025-04-16,9190,4445,4745
완정,2025-04-16,16847,8666,8181
독정,2025-04-16,10252,5206,5046
검암,2025-04-16,9661,5265,4396
검바위,2025-04-16,7613,3702,3911
아시아드경기장(공촌사거리),2025-04-16,10161,5323,4838
서구청,2025-04-16,17947,8924,9023
가정(루원시티),2025-04-16,25483,13009,12474
가정중앙시장,2025-04-16,13848,6745,7103
석남(거북시장),2025-04-16,6317,3108,3209
서부여성회관,2025-04-16,8828,4554,4274
인천가좌,2025-04-16,9519,4838,4681
가재울,2025-04-16,9133,4653,4480
주안국가산단,2025-04-16,6302,3092,3210
주안,2025-04-16,17226,7418,9808
시민공원(문화창작지대),2025-04-16,23031,11780,11251
석바위시장,2025-04-16,11306,5490,5816
인천시청,2025-04-16,7658,3685,3973
석천사거리,2025-04-16,11006,5739,5267
모래내시장,2025-04-16,18551,9080,9471
만수,2025-04-16,11091,5732,5359
남동구청,2025-04-16,10096,5289,4807
인천대공원,2025-04-16,12095,5975,6120
운연(서창),2025-04-16,2859,1530,1329
검단오류(검단산업단지),2025-04-17,5973,2958,3015
왕길,2025-04-17,5646,2796,2850
검단사거리,2025-04-17,17692,9385,8307
마전,2025-04-17,9083,4421,4662
완정,2025-04-17,16778,8674,8104
독정,2025-04-17,10204,5077,5127
검암,2025-04-17,9525,5211,4314
검바위,2025-04-17,7398,3602,3796
아시아드경기장(공촌사거리),2025-04-17,9539,5014,4525
서구청,2025-04-17,17943,8796,9147
가정(루원시티),2025-04-17,25297,12817,12480
가정중앙시장,2025-04-17,13001,6443,6558
석남(거북시장),2025-04-17,6155,3024,3131
서부여성회관,2025-04-17,8921,4496,4425
인천가좌,2025-04-17,9443,4781,4662
가재울,2025-04-17,8819,4524,4295
주안국가산단,2025-04-17,5918,2862,3056
주안,2025-04-17,17269,7495,9774
시민공원(문화창작지대),2025-04-17,23062,11857,11205
석바위시장,2025-04-17,10753,5239,5514
인천시청,2025-04-17,7335,3550,3785
석천사거리,2025-04-17,10825,5657,5168
모래내시장,2025-04-17,18037,8784,9253
만수,2025-04-17,10785,5592,5193
남동구청,2025-04-17,9650,5053,4597
인천대공원,2025-04-17,11040,5414,5626
운연(서창),2025-04-17,2711,1464,1247
검단오류(검단산업단지),2025-04-18,5856,2862,2994
왕길,2025-04-18,5759,2917,2842
검단사거리,2025-04-18,18408,9734,8674
마전,2025-04-18,9193,4449,4744
완정,2025-04-18,17062,8844,8218
독정,2025-04-18,10597,5314,5283
검암,2025-04-18,9977,5501,4476
검바위,2025-04-18,7671,3802,3869
아시아드경기장(공촌사거리),2025-04-18,10072,5363,4709
서구청,2025-04-18,18546,9126,9420
가정(루원시티),2025-04-18,25778,13147,12631
가정중앙시장,2025-04-18,14030,6870,7160
석남(거북시장),2025-04-18,6412,3073,3339
서부여성회관,2025-04-18,9286,4739,4547
인천가좌,2025-04-18,9593,4827,4766
가재울,2025-04-18,9102,4652,4450
주안국가산단,2025-04-18,5618,2740,2878
주안,2025-04-18,17226,7405,9821
시민공원(문화창작지대),2025-04-18,22831,11678,11153
석바위시장,2025-04-18,10995,5328,5667
인천시청,2025-04-18,7583,3635,3948
석천사거리,2025-04-18,10547,5541,5006
모래내시장,2025-04-18,18831,9168,9663
만수,2025-04-18,11391,5945,5446
남동구청,2025-04-18,9918,5192,4726
인천대공원,2025-04-18,10276,5081,5195
운연(서창),2025-04-18,2738,1463,1275
검단오류(검단산업단지),2025-04-19,1817,1005,812
왕길,2025-04-19,2900,1500,1400
검단사거리,2025-04-19,11909,6227,5682
마전,2025-04-19,5505,2687,2818
완정,2025-04-19,9503,4917,4586
독정,2025-04-19,5445,2707,2738
검암,2025-04-19,5665,3172,2493
검바위,2025-04-19,3581,1748,1833
아시아드경기장(공촌사거리),2025-04-19,5940,3087,2853
서구청,2025-04-19,10215,5049,5166
가정(루원시티),2025-04-19,13476,6906,6570
가정중앙시장,2025-04-19,9254,4566,4688
석남(거북시장),2025-04-19,4049,1951,2098
서부여성회관,2025-04-19,5389,2729,2660
인천가좌,2025-04-19,4542,2356,2186
가재울,2025-04-19,4122,2142,1980
주안국가산단,2025-04-19,1316,654,662
주안,2025-04-19,11900,4902,6998
시민공원(문화창작지대),2025-04-19,14310,7347,6963
석바위시장,2025-04-19,7352,3552,3800
인천시청,2025-04-19,4260,2058,2202
석천사거리,2025-04-19,6158,3213,2945
모래내시장,2025-04-19,11701,5736,5965
만수,2025-04-19,6699,3463,3236
남동구청,2025-04-19,5235,2746,2489
인천대공원,2025-04-19,4270,2102,2168
운연(서창),2025-04-19,1459,785,674
검단오류(검단산업단지),2025-04-20,1623,804,819
왕길,2025-04-20,2408,1219,1189
검단사거리,2025-04-20,11027,5563,5464
마전,2025-04-20,4538,2184,2354
완정,2025-04-20,8184,4252,3932
독정,2025-04-20,5497,2727,2770
검암,2025-04-20,5079,2705,2374
검바위,2025-04-20,4017,1962,2055
아시아드경기장(공촌사거리),2025-04-20,5786,2990,2796
서구청,2025-04-20,8713,4370,4343
가정(루원시티),2025-04-20,11447,5819,5628
가정중앙시장,2025-04-20,8632,4278,4354
석남(거북시장),2025-04-20,3750,1739,2011
서부여성회관,2025-04-20,5936,3050,2886
인천가좌,2025-04-20,4021,2040,1981
가재울,2025-04-20,3812,1904,1908
주안국가산단,2025-04-20,759,367,392
주안,2025-04-20,10638,4448,6190
시민공원(문화창작지대),2025-04-20,13036,6749,6287
석바위시장,2025-04-20,6899,3380,3519
인천시청,2025-04-20,4571,2146,2425
석천사거리,2025-04-20,5893,3125,2768
모래내시장,2025-04-20,12782,6200,6582
만수,2025-04-20,6873,3535,3338
남동구청,2025-04-20,5110,2701,2409
인천대공원,2025-04-20,15204,7477,7727
운연(서창),2025-04-20,1832,962,870
검단오류(검단산업단지),2025-04-21,5807,2846,2961
왕길,2025-04-21,5586,2784,2802
검단사거리,2025-04-21,17673,9347,8326
마전,2025-04-21,9014,4342,4672
완정,2025-04-21,16304,8483,7821
독정,2025-04-21,10140,5012,5128
검암,2025-04-21,9546,5205,4341
검바위,2025-04-21,7385,3579,3806
아시아드경기장(공촌사거리),2025-04-21,9557,4983,4574
서구청,2025-04-21,18345,9165,9180
가정(루원시티),2025-04-21,24478,12471,12007
가정중앙시장,2025-04-21,13442,6586,6856
석남(거북시장),2025-04-21,6185,2994,3191
서부여성회관,2025-04-21,8618,4391,4227
인천가좌,2025-04-21,9306,4713,4593
가재울,2025-04-21,8651,4440,4211
주안국가산단,2025-04-21,6340,3100,3240
주안,2025-04-21,16700,7210,9490
시민공원(문화창작지대),2025-04-21,22330,11455,10875
석바위시장,2025-04-21,10838,5285,5553
인천시청,2025-04-21,7461,3605,3856
석천사거리,2025-04-21,10528,5523,5005
모래내시장,2025-04-21,17706,8652,9054
만수,2025-04-21,10426,5391,5035
남동구청,2025-04-21,9475,4920,4555
인천대공원,2025-04-21,7489,3770,3719
운연(서창),2025-04-21,2707,1408,1299
검단오류(검단산업단지),2025-04-22,5638,2774,2864
왕길,2025-04-22,5349,2648,2701
검단사거리,2025-04-22,16265,8548,7717
마전,2025-04-22,8592,4202,4390
완정,2025-04-22,15278,7913,7365
독정,2025-04-22,9419,4627,4792
검암,2025-04-22,8823,4904,3919
검바위,2025-04-22,6959,3384,3575
아시아드경기장(공촌사거리),2025-04-22,8751,4571,4180
서구청,2025-04-22,16584,8207,8377
가정(루원시티),2025-04-22,23040,11695,11345
가정중앙시장,2025-04-22,11750,5740,6010
석남(거북시장),2025-04-22,5470,2638,2832
서부여성회관,2025-04-22,7670,3876,3794
인천가좌,2025-04-22,8842,4539,4303
가재울,2025-04-22,8106,4131,3975
주안국가산단,2025-04-22,6180,3014,3166
주안,2025-04-22,15224,6531,8693
시민공원(문화창작지대),2025-04-22,20632,10602,10030
석바위시장,2025-04-22,9755,4747,5008
인천시청,2025-04-22,6549,3223,3326
석천사거리,2025-04-22,9652,4969,4683
모래내시장,2025-04-22,14597,7155,7442
만수,2025-04-22,9437,4953,4484
남동구청,2025-04-22,8492,4420,4072
인천대공원,2025-04-22,2995,1491,1504
운연(서창),2025-04-22,2192,1157,1035
검단오류(검단산업단지),2025-04-23,6119,3033,3086
왕길,2025-04-23,5697,2827,2870
검단사거리,2025-04-23,18078,9509,8569
마전,2025-04-23,9143,4446,4697
완정,2025-04-23,16990,8820,8170
독정,2025-04-23,10228,5097,5131
검암,2025-04-23,9531,5201,4330
검바위,2025-04-23,7557,3665,3892
아시아드경기장(공촌사거리),2025-04-23,10107,5273,4834
서구청,2025-04-23,18578,9168,9410
가정(루원시티),2025-04-23,25384,12910,12474
가정중앙시장,2025-04-23,13797,6864,6933
석남(거북시장),2025-04-23,6169,3011,3158
서부여성회관,2025-04-23,8938,4559,4379
인천가좌,2025-04-23,9489,4768,4721
가재울,2025-04-23,9044,4605,4439
주안국가산단,2025-04-23,6372,3134,3238
주안,2025-04-23,16939,7374,9565
시민공원(문화창작지대),2025-04-23,22820,11660,11160
석바위시장,2025-04-23,11379,5532,5847
인천시청,2025-04-23,7723,3744,3979
석천사거리,2025-04-23,10705,5589,5116
모래내시장,2025-04-23,18755,9168,9587
만수,2025-04-23,10981,5681,5300
남동구청,2025-04-23,10038,5259,4779
인천대공원,2025-04-23,7401,3704,3697
운연(서창),2025-04-23,2796,1513,1283
검단오류(검단산업단지),2025-04-24,6034,2975,3059
왕길,2025-04-24,5812,2901,2911
검단사거리,2025-04-24,17875,9345,8530
마전,2025-04-24,9197,4419,4778
완정,2025-04-24,17029,8750,8279
독정,2025-04-24,10338,5194,5144
검암,2025-04-24,9728,5275,4453
검바위,2025-04-24,7543,3660,3883
아시아드경기장(공촌사거리),2025-04-24,9768,5096,4672
서구청,2025-04-24,18468,9110,9358
가정(루원시티),2025-04-24,25615,13014,12601
가정중앙시장,2025-04-24,13751,6754,6997
석남(거북시장),2025-04-24,6249,3043,3206
서부여성회관,2025-04-24,8782,4421,4361
인천가좌,2025-04-24,9483,4781,4702
가재울,2025-04-24,8631,4391,4240
주안국가산단,2025-04-24,6366,3124,3242
주안,2025-04-24,16890,7316,9574
시민공원(문화창작지대),2025-04-24,22781,11742,11039
석바위시장,2025-04-24,11063,5366,5697
인천시청,2025-04-24,7645,3724,3921
석천사거리,2025-04-24,10616,5524,5092
모래내시장,2025-04-24,17933,8701,9232
만수,2025-04-24,11073,5745,5328
남동구청,2025-04-24,9730,5060,4670
인천대공원,2025-04-24,7381,3687,3694
운연(서창),2025-04-24,2842,1514,1328
검단오류(검단산업단지),2025-04-25,5880,2893,2987
왕길,2025-04-25,5864,2938,2926
검단사거리,2025-04-25,18666,9877,8789
마전,2025-04-25,9241,4476,4765
완정,2025-04-25,17380,8990,8390
독정,2025-04-25,10329,5210,5119
검암,2025-04-25,9951,5438,4513
검바위,2025-04-25,7592,3731,3861
아시아드경기장(공촌사거리),2025-04-25,9914,5244,4670
서구청,2025-04-25,19238,9448,9790
가정(루원시티),2025-04-25,26308,13467,12841
가정중앙시장,2025-04-25,14545,7124,7421
석남(거북시장),2025-04-25,6379,3114,3265
서부여성회관,2025-04-25,9062,4630,4432
인천가좌,2025-04-25,9654,4921,4733
가재울,2025-04-25,8701,4490,4211
주안국가산단,2025-04-25,6189,3033,3156
주안,2025-04-25,17403,7455,9948
시민공원(문화창작지대),2025-04-25,23074,11845,11229
석바위시장,2025-04-25,11281,5470,5811
인천시청,2025-04-25,7367,3596,3771
석천사거리,2025-04-25,10582,5513,5069
모래내시장,2025-04-25,18225,8832,9393
만수,2025-04-25,11541,5972,5569
남동구청,2025-04-25,9865,5138,4727
인천대공원,2025-04-25,7131,3526,3605
운연(서창),2025-04-25,2793,1489,1304
검단오류(검단산업단지),2025-04-26,2226,1188,1038
왕길,2025-04-26,3379,1779,1600
검단사거리,2025-04-26,14125,7442,6683
마전,2025-04-26,6334,3158,3176
완정,2025-04-26,11355,5970,5385
독정,2025-04-26,6817,3428,3389
검암,2025-04-26,6527,3567,2960
검바위,2025-04-26,4092,1996,2096
아시아드경기장(공촌사거리),2025-04-26,6982,3579,3403
서구청,2025-04-26,12058,6060,5998
가정(루원시티),2025-04-26,16119,8264,7855
가정중앙시장,2025-04-26,11075,5478,5597
석남(거북시장),2025-04-26,4858,2319,2539
서부여성회관,2025-04-26,6709,3473,3236
인천가좌,2025-04-26,5463,2819,2644
가재울,2025-04-26,5023,2613,2410
주안국가산단,2025-04-26,1494,751,743
주안,2025-04-26,14470,5984,8486
시민공원(문화창작지대),2025-04-26,16416,8441,7975
석바위시장,2025-04-26,8054,3882,4172
인천시청,2025-04-26,5188,2440,2748
석천사거리,2025-04-26,7211,3791,3420
모래내시장,2025-04-26,15426,7580,7846
만수,2025-04-26,8193,4269,3924
남동구청,2025-04-26,6124,3231,2893
인천대공원,2025-04-26,10966,5390,5576
운연(서창),2025-04-26,2069,1086,983
검단오류(검단산업단지),2025-04-27,1578,811,767
왕길,2025-04-27,2428,1207,1221
검단사거리,2025-04-27,10493,5338,5155
마전,2025-04-27,4119,1929,2190
완정,2025-04-27,7585,3894,3691
독정,2025-04-27,4455,2198,2257
검암,2025-04-27,4459,2330,2129
검바위,2025-04-27,3198,1512,1686
아시아드경기장(공촌사거리),2025-04-27,5517,2877,2640
서구청,2025-04-27,8447,4258,4189
가정(루원시티),2025-04-27,11206,5641,5565
가정중앙시장,2025-04-27,8063,3987,4076
석남(거북시장),2025-04-27,3375,1614,1761
서부여성회관,2025-04-27,5380,2727,2653
인천가좌,2025-04-27,3615,1808,1807
가재울,2025-04-27,3668,1884,1784
주안국가산단,2025-04-27,751,357,394
주안,2025-04-27,9706,4022,5684
시민공원(문화창작지대),2025-04-27,12209,6292,5917
석바위시장,2025-04-27,6588,3225,3363
인천시청,2025-04-27,4008,1915,2093
석천사거리,2025-04-27,5415,2817,2598
모래내시장,2025-04-27,11280,5557,5723
만수,2025-04-27,6096,3146,2950
남동구청,2025-04-27,4754,2494,2260
인천대공원,2025-04-27,8910,4415,4495
운연(서창),2025-04-27,1647,851,796
검단오류(검단산업단지),2025-04-28,5913,2893,3020
왕길,2025-04-28,5761,2849,2912
검단사거리,2025-04-28,17886,9417,8469
마전,2025-04-28,9043,4384,4659
완정,2025-04-28,16500,8615,7885
독정,2025-04-28,10070,5022,5048
검암,2025-04-28,9595,5223,4372
검바위,2025-04-28,7673,3763,3910
아시아드경기장(공촌사거리),2025-04-28,9637,5060,4577
서구청,2025-04-28,18566,9164,9402
가정(루원시티),2025-04-28,24875,12662,12213
가정중앙시장,2025-04-28,13237,6504,6733
석남(거북시장),2025-04-28,6123,2976,3147
서부여성회관,2025-04-28,8618,4417,4201
인천가좌,2025-04-28,9221,4674,4547
가재울,2025-04-28,8379,4265,4114
주안국가산단,2025-04-28,6267,3091,3176
주안,2025-04-28,16956,7307,9649
시민공원(문화창작지대),2025-04-28,22502,11543,10959
석바위시장,2025-04-28,11006,5350,5656
인천시청,2025-04-28,7027,3397,3630
석천사거리,2025-04-28,10442,5478,4964
모래내시장,2025-04-28,17916,8738,9178
만수,2025-04-28,10520,5442,5078
남동구청,2025-04-28,9620,5007,4613
인천대공원,2025-04-28,6254,3111,3143
운연(서창),2025-04-28,2680,1429,1251
검단오류(검단산업단지),2025-04-29,5965,2909,3056
왕길,2025-04-29,5767,2877,2890
검단사거리,2025-04-29,18394,9685,8709
마전,2025-04-29,9311,4584,4727
완정,2025-04-29,16942,8773,8169
독정,2025-04-29,10103,5035,5068
검암,2025-04-29,9670,5289,4381
검바위,2025-04-29,7680,3738,3942
아시아드경기장(공촌사거리),2025-04-29,9982,5220,4762
서구청,2025-04-29,18214,9067,9147
가정(루원시티),2025-04-29,25628,13100,12528
가정중앙시장,2025-04-29,13289,6499,6790
석남(거북시장),2025-04-29,6012,2908,3104
서부여성회관,2025-04-29,8594,4436,4158
인천가좌,2025-04-29,9291,4701,4590
가재울,2025-04-29,8646,4425,4221
주안국가산단,2025-04-29,6245,3048,3197
주안,2025-04-29,17230,7392,9838
시민공원(문화창작지대),2025-04-29,22865,11693,11172
석바위시장,2025-04-29,11167,5387,5780
인천시청,2025-04-29,7694,3657,4037
석천사거리,2025-04-29,10728,5659,5069
모래내시장,2025-04-29,18046,8881,9165
만수,2025-04-29,10672,5514,5158
남동구청,2025-04-29,10123,5308,4815
인천대공원,2025-04-29,6939,3479,3460
운연(서창),2025-04-29,2720,1409,1311
검단오류(검단산업단지),2025-04-30,5926,2890,3036
왕길,2025-04-30,5727,2809,2918
검단사거리,2025-04-30,18622,9896,8726
마전,2025-04-30,9363,4614,4749
완정,2025-04-30,16896,8802,8094
독정,2025-04-30,10383,5174,5209
검암,2025-04-30,9785,5364,4421
검바위,2025-04-30,7633,3770,3863
아시아드경기장(공촌사거리),2025-04-30,10041,5285,4756
서구청,2025-04-30,18563,9201,9362
가정(루원시티),2025-04-30,25939,13151,12788
가정중앙시장,2025-04-30,13944,6899,7045
석남(거북시장),2025-04-30,6271,3049,3222
서부여성회관,2025-04-30,8884,4569,4315
인천가좌,2025-04-30,9576,4824,4752
가재울,2025-04-30,8744,4475,4269
주안국가산단,2025-04-30,6235,3030,3205
주안,2025-04-30,17919,7669,10250
시민공원(문화창작지대),2025-04-30,23148,11924,11224
석바위시장,2025-04-30,11469,5589,5880
인천시청,2025-04-30,7608,3696,3912
석천사거리,2025-04-30,10819,5691,5128
모래내시장,2025-04-30,18340,8952,9388
만수,2025-04-30,11233,5867,5366
남동구청,2025-04-30,9853,5105,4748
인천대공원,2025-04-30,7320,3667,3653
운연(서창),2025-04-30,3041,1610,1431
검단오류(검단산업단지),2025-05-01,2113,1091,1022
왕길,2025-05-01,3378,1665,1713
검단사거리,2025-05-01,11898,6216,5682
마전,2025-05-01,6048,2887,3161
완정,2025-05-01,10202,5183,5019
독정,2025-05-01,6495,3154,3341
검암,2025-05-01,5085,2772,2313
검바위,2025-05-01,5165,2584,2581
아시아드경기장(공촌사거리),2025-05-01,6045,3177,2868
서구청,2025-05-01,11879,5903,5976
가정(루원시티),2025-05-01,15157,7580,7577
가정중앙시장,2025-05-01,8769,4297,4472
석남(거북시장),2025-05-01,3917,1909,2008
서부여성회관,2025-05-01,5743,2880,2863
인천가좌,2025-05-01,5154,2593,2561
가재울,2025-05-01,4433,2258,2175
주안국가산단,2025-05-01,1890,921,969
주안,2025-05-01,12230,5202,7028
시민공원(문화창작지대),2025-05-01,15072,7724,7348
석바위시장,2025-05-01,6929,3406,3523
인천시청,2025-05-01,4832,2322,2510
석천사거리,2025-05-01,6897,3580,3317
모래내시장,2025-05-01,11272,5577,5695
만수,2025-05-01,6977,3665,3312
남동구청,2025-05-01,5462,2824,2638
인천대공원,2025-05-01,3521,1745,1776
운연(서창),2025-05-01,1471,744,727
검단오류(검단산업단지),2025-05-02,4353,2164,2189
왕길,2025-05-02,5474,2751,2723
검단사거리,2025-05-02,19588,10281,9307
마전,2025-05-02,8709,4307,4402
완정,2025-05-02,16034,8306,7728
독정,2025-05-02,10158,5071,5087
검암,2025-05-02,9262,5030,4232
검바위,2025-05-02,5992,2882,3110
아시아드경기장(공촌사거리),2025-05-02,9204,4850,4354
서구청,2025-05-02,18042,8874,9168
가정(루원시티),2025-05-02,22824,11609,11215
가정중앙시장,2025-05-02,13698,6707,6991
석남(거북시장),2025-05-02,5918,2879,3039
서부여성회관,2025-05-02,8880,4524,4356
인천가좌,2025-05-02,8259,4202,4057
가재울,2025-05-02,7482,3821,3661
주안국가산단,2025-05-02,4217,2083,2134
주안,2025-05-02,16423,6982,9441
시민공원(문화창작지대),2025-05-02,21425,11005,10420
석바위시장,2025-05-02,10738,5206,5532
인천시청,2025-05-02,6957,3297,3660
석천사거리,2025-05-02,9923,5186,4737
모래내시장,2025-05-02,18371,8975,9396
만수,2025-05-02,10366,5343,5023
남동구청,2025-05-02,9479,4958,4521
인천대공원,2025-05-02,7379,3716,3663
운연(서창),2025-05-02,2553,1342,1211
검단오류(검단산업단지),2025-05-03,2087,1117,970
왕길,2025-05-03,2805,1453,1352
검단사거리,2025-05-03,12852,6728,6124
마전,2025-05-03,5371,2646,2725
완정,2025-05-03,9844,5137,4707
독정,2025-05-03,6225,3082,3143
검암,2025-05-03,5879,3221,2658
검바위,2025-05-03,3736,1854,1882
아시아드경기장(공촌사거리),2025-05-03,9880,5207,4673
서구청,2025-05-03,13691,6226,7465
가정(루원시티),2025-05-03,13462,6973,6489
가정중앙시장,2025-05-03,9427,4567,4860
석남(거북시장),2025-05-03,4142,2043,2099
서부여성회관,2025-05-03,5929,3015,2914
인천가좌,2025-05-03,4604,2342,2262
가재울,2025-05-03,4129,2085,2044
주안국가산단,2025-05-03,1123,562,561
주안,2025-05-03,11759,4837,6922
시민공원(문화창작지대),2025-05-03,14276,7394,6882
석바위시장,2025-05-03,6900,3371,3529
인천시청,2025-05-03,4234,1957,2277
석천사거리,2025-05-03,6010,3155,2855
모래내시장,2025-05-03,12302,6028,6274
만수,2025-05-03,6799,3522,3277
남동구청,2025-05-03,5226,2737,2489
인천대공원,2025-05-03,4120,2044,2076
운연(서창),2025-05-03,1515,800,715
검단오류(검단산업단지),2025-05-04,1930,1037,893
왕길,2025-05-04,2343,1197,1146
검단사거리,2025-05-04,11882,6029,5853
마전,2025-05-04,4683,2273,2410
완정,2025-05-04,8293,4228,4065
독정,2025-05-04,5356,2678,2678
검암,2025-05-04,5262,2893,2369
검바위,2025-05-04,3442,1676,1766
아시아드경기장(공촌사거리),2025-05-04,5222,2732,2490
서구청,2025-05-04,8749,4448,4301
가정(루원시티),2025-05-04,11711,6014,5697
가정중앙시장,2025-05-04,8336,4112,4224
석남(거북시장),2025-05-04,3607,1699,1908
서부여성회관,2025-05-04,5865,3071,2794
인천가좌,2025-05-04,4040,2025,2015
가재울,2025-05-04,3764,1969,1795
주안국가산단,2025-05-04,755,370,385
주안,2025-05-04,10667,4299,6368
시민공원(문화창작지대),2025-05-04,12496,6458,6038
석바위시장,2025-05-04,6609,3239,3370
인천시청,2025-05-04,4085,1962,2123
석천사거리,2025-05-04,5579,2970,2609
모래내시장,2025-05-04,11881,5794,6087
만수,2025-05-04,6924,3591,3333
남동구청,2025-05-04,4858,2580,2278
인천대공원,2025-05-04,10125,5021,5104
운연(서창),2025-05-04,1719,902,817
검단오류(검단산업단지),2025-05-05,1753,909,844
왕길,2025-05-05,2258,1174,1084
검단사거리,2025-05-05,11370,5765,5605
마전,2025-05-05,4351,2081,2270
완정,2025-05-05,7951,4093,3858
독정,2025-05-05,5330,2682,2648
검암,2025-05-05,4693,2504,2189
검바위,2025-05-05,3012,1421,1591
아시아드경기장(공촌사거리),2025-05-05,4875,2578,2297
서구청,2025-05-05,8359,4194,4165
가정(루원시티),2025-05-05,10646,5442,5204
가정중앙시장,2025-05-05,8116,3972,4144
석남(거북시장),2025-05-05,3629,1710,1919
서부여성회관,2025-05-05,5243,2699,2544
인천가좌,2025-05-05,3794,1919,1875
가재울,2025-05-05,3538,1817,1721
주안국가산단,2025-05-05,1056,522,534
주안,2025-05-05,11739,4751,6988
시민공원(문화창작지대),2025-05-05,11507,5869,5638
석바위시장,2025-05-05,6098,3039,3059
인천시청,2025-05-05,3653,1738,1915
석천사거리,2025-05-05,5655,3018,2637
모래내시장,2025-05-05,11088,5472,5616
만수,2025-05-05,6047,3145,2902
남동구청,2025-05-05,4676,2438,2238
인천대공원,2025-05-05,8160,4062,4098
운연(서창),2025-05-05,1409,740,669
검단오류(검단산업단지),2025-05-06,1762,858,904
왕길,2025-05-06,2616,1333,1283
검단사거리,2025-05-06,11187,5684,5503
마전,2025-05-06,4345,2133,2212
완정,2025-05-06,8416,4365,4051
독정,2025-05-06,5437,2710,2727
검암,2025-05-06,4742,2555,2187
검바위,2025-05-06,3310,1546,1764
아시아드경기장(공촌사거리),2025-05-06,5243,2818,2425
서구청,2025-05-06,8678,4280,4398
가정(루원시티),2025-05-06,11419,5821,5598
가정중앙시장,2025-05-06,8751,4307,4444
석남(거북시장),2025-05-06,3518,1686,1832
서부여성회관,2025-05-06,5081,2615,2466
인천가좌,2025-05-06,4343,2165,2178
가재울,2025-05-06,3878,1960,1918
주안국가산단,2025-05-06,1160,542,618
주안,2025-05-06,10563,4389,6174
시민공원(문화창작지대),2025-05-06,12653,6447,6206
석바위시장,2025-05-06,6213,3094,3119
인천시청,2025-05-06,3902,1832,2070
석천사거리,2025-05-06,5826,3040,2786
모래내시장,2025-05-06,12491,6091,6400
만수,2025-05-06,6538,3344,3194
남동구청,2025-05-06,4901,2551,2350
인천대공원,2025-05-06,9223,4580,4643
운연(서창),2025-05-06,1600,837,763
검단오류(검단산업단지),2025-05-07,5895,2934,2961
왕길,2025-05-07,5724,2873,2851
검단사거리,2025-05-07,18396,9700,8696
마전,2025-05-07,9143,4443,4700
완정,2025-05-07,17376,9031,8345
독정,2025-05-07,10535,5250,5285
검암,2025-05-07,9786,5332,4454
검바위,2025-05-07,7595,3704,3891
아시아드경기장(공촌사거리),2025-05-07,10097,5271,4826
서구청,2025-05-07,18199,8983,9216
가정(루원시티),2025-05-07,25550,13040,12510
가정중앙시장,2025-05-07,13539,6653,6886
석남(거북시장),2025-05-07,6425,3109,3316
서부여성회관,2025-05-07,8896,4575,4321
인천가좌,2025-05-07,9511,4851,4660
가재울,2025-05-07,8846,4521,4325
주안국가산단,2025-05-07,6314,3121,3193
주안,2025-05-07,17158,7362,9796
시민공원(문화창작지대),2025-05-07,22722,11562,11160
석바위시장,2025-05-07,11403,5596,5807
인천시청,2025-05-07,7367,3560,3807
석천사거리,2025-05-07,10618,5586,5032
모래내시장,2025-05-07,17735,8666,9069
만수,2025-05-07,10618,5471,5147
남동구청,2025-05-07,9788,5085,4703
인천대공원,2025-05-07,6048,3066,2982
운연(서창),2025-05-07,2617,1380,1237
검단오류(검단산업단지),2025-05-08,5965,2960,3005
왕길,2025-05-08,5868,2908,2960
검단사거리,2025-05-08,18364,9717,8647
마전,2025-05-08,9274,4464,4810
완정,2025-05-08,17309,8924,8385
독정,2025-05-08,10234,5149,5085
검암,2025-05-08,9740,5265,4475
검바위,2025-05-08,7767,3736,4031
아시아드경기장(공촌사거리),2025-05-08,9868,5167,4701
서구청,2025-05-08,18058,8913,9145
가정(루원시티),2025-05-08,25550,12899,12651
가정중앙시장,2025-05-08,13406,6626,6780
석남(거북시장),2025-05-08,6287,3047,3240
서부여성회관,2025-05-08,8921,4469,4452
인천가좌,2025-05-08,9581,4827,4754
가재울,2025-05-08,8910,4573,4337
주안국가산단,2025-05-08,6406,3169,3237
주안,2025-05-08,17289,7392,9897
시민공원(문화창작지대),2025-05-08,22979,11740,11239
석바위시장,2025-05-08,11028,5394,5634
인천시청,2025-05-08,7334,3583,3751
석천사거리,2025-05-08,11082,5790,5292
모래내시장,2025-05-08,18027,8757,9270
만수,2025-05-08,10959,5632,5327
남동구청,2025-05-08,9710,5073,4637
인천대공원,2025-05-08,6773,3418,3355
운연(서창),2025-05-08,2701,1435,1266
검단오류(검단산업단지),2025-05-09,5573,2775,2798
왕길,2025-05-09,5396,2684,2712
검단사거리,2025-05-09,17619,9316,8303
마전,2025-05-09,8936,4369,4567
완정,2025-05-09,16408,8474,7934
독정,2025-05-09,9918,4948,4970
검암,2025-05-09,9371,5143,4228
검바위,2025-05-09,7311,3619,3692
아시아드경기장(공촌사거리),2025-05-09,9160,4851,4309
서구청,2025-05-09,17390,8547,8843
가정(루원시티),2025-05-09,24837,12625,12212
가정중앙시장,2025-05-09,12652,6141,6511
석남(거북시장),2025-05-09,5825,2814,3011
서부여성회관,2025-05-09,8287,4194,4093
인천가좌,2025-05-09,9029,4536,4493
가재울,2025-05-09,8255,4241,4014
주안국가산단,2025-05-09,6145,3006,3139
주안,2025-05-09,15946,6821,9125
시민공원(문화창작지대),2025-05-09,21489,11045,10444
석바위시장,2025-05-09,10612,5177,5435
인천시청,2025-05-09,6829,3375,3454
석천사거리,2025-05-09,10186,5292,4894
모래내시장,2025-05-09,15716,7685,8031
만수,2025-05-09,9965,5231,4734
남동구청,2025-05-09,8848,4560,4288
인천대공원,2025-05-09,3435,1738,1697
운연(서창),2025-05-09,2273,1190,1083
검단오류(검단산업단지),2025-05-10,1988,1065,923
왕길,2025-05-10,3214,1636,1578
검단사거리,2025-05-10,13021,6747,6274
마전,2025-05-10,5913,2960,2953
완정,2025-05-10,10507,5547,4960
독정,2025-05-10,5880,2934,2946
검암,2025-05-10,6136,3485,2651
검바위,2025-05-10,3791,1858,1933
아시아드경기장(공촌사거리),2025-05-10,6295,3224,3071
서구청,2025-05-10,10750,5297,5453
가정(루원시티),2025-05-10,14903,7688,7215
가정중앙시장,2025-05-10,9521,4726,4795
석남(거북시장),2025-05-10,4141,1971,2170
서부여성회관,2025-05-10,5662,2850,2812
인천가좌,2025-05-10,4604,2361,2243
가재울,2025-05-10,4377,2243,2134
주안국가산단,2025-05-10,1411,689,722
주안,2025-05-10,12609,5076,7533
시민공원(문화창작지대),2025-05-10,14375,7375,7000
석바위시장,2025-05-10,7071,3414,3657
인천시청,2025-05-10,4620,2269,2351
석천사거리,2025-05-10,6412,3370,3042
모래내시장,2025-05-10,12053,5937,6116
만수,2025-05-10,7096,3617,3479
남동구청,2025-05-10,5267,2791,2476
인천대공원,2025-05-10,3643,1837,1806
운연(서창),2025-05-10,1563,788,775
검단오류(검단산업단지),2025-05-11,1557,784,773
왕길,2025-05-11,2384,1175,1209
검단사거리,2025-05-11,11121,5626,5495
마전,2025-05-11,4520,2178,2342
완정,2025-05-11,8240,4184,4056
독정,2025-05-11,4511,2227,2284
검암,2025-05-11,4728,2499,2229
검바위,2025-05-11,3372,1601,1771
아시아드경기장(공촌사거리),2025-05-11,5586,2910,2676
서구청,2025-05-11,8721,4382,4339
가정(루원시티),2025-05-11,11818,5996,5822
가정중앙시장,2025-05-11,8511,4187,4324
석남(거북시장),2025-05-11,3582,1687,1895
서부여성회관,2025-05-11,5495,2802,2693
인천가좌,2025-05-11,3846,1907,1939
가재울,2025-05-11,3871,1990,1881
주안국가산단,2025-05-11,788,378,410
주안,2025-05-11,10291,4283,6008
시민공원(문화창작지대),2025-05-11,12513,6458,6055
석바위시장,2025-05-11,6743,3297,3446
인천시청,2025-05-11,4139,1942,2197
석천사거리,2025-05-11,5818,3114,2704
모래내시장,2025-05-11,12513,6136,6377
만수,2025-05-11,6613,3402,3211
남동구청,2025-05-11,4896,2568,2328
인천대공원,2025-05-11,9113,4544,4569
운연(서창),2025-05-11,1757,896,861
검단오류(검단산업단지),2025-05-12,5954,2903,3051
왕길,2025-05-12,5727,2862,2865
검단사거리,2025-05-12,18098,9521,8577
마전,2025-05-12,8980,4404,4576
완정,2025-05-12,16843,8692,8151
독정,2025-05-12,10003,4989,5014
검암,2025-05-12,9722,5286,4436
검바위,2025-05-12,7495,3656,3839
아시아드경기장(공촌사거리),2025-05-12,9837,5147,4690
서구청,2025-05-12,17843,8908,8935
가정(루원시티),2025-05-12,25075,12840,12235
가정중앙시장,2025-05-12,13779,6789,6990
석남(거북시장),2025-05-12,6183,3039,3144
서부여성회관,2025-05-12,8814,4502,4312
인천가좌,2025-05-12,9645,4923,4722
가재울,2025-05-12,8654,4421,4233
주안국가산단,2025-05-12,6201,3058,3143
주안,2025-05-12,17145,7312,9833
시민공원(문화창작지대),2025-05-12,22471,11530,10941
석바위시장,2025-05-12,11035,5337,5698
인천시청,2025-05-12,7074,3461,3613
석천사거리,2025-05-12,10718,5588,5130
모래내시장,2025-05-12,18025,8807,9218
만수,2025-05-12,10527,5491,5036
남동구청,2025-05-12,9993,5224,4769
인천대공원,2025-05-12,6397,3221,3176
운연(서창),2025-05-12,2655,1404,1251
검단오류(검단산업단지),2025-05-13,5970,2990,2980
왕길,2025-05-13,5827,2903,2924
검단사거리,2025-05-13,18323,9605,8718
마전,2025-05-13,9172,4464,4708
완정,2025-05-13,17038,8840,8198
독정,2025-05-13,10184,5057,5127
검암,2025-05-13,9588,5227,4361
검바위,2025-05-13,7397,3578,3819
아시아드경기장(공촌사거리),2025-05-13,9766,5226,4540
서구청,2025-05-13,18331,9127,9204
가정(루원시티),2025-05-13,25498,12969,12529
가정중앙시장,2025-05-13,13713,6755,6958
석남(거북시장),2025-05-13,6255,3078,3177
서부여성회관,2025-05-13,8766,4473,4293
인천가좌,2025-05-13,9469,4828,4641
가재울,2025-05-13,9088,4609,4479
주안국가산단,2025-05-13,6355,3170,3185
주안,2025-05-13,17161,7364,9797
시민공원(문화창작지대),2025-05-13,23004,11779,11225
석바위시장,2025-05-13,11320,5541,5779
인천시청,2025-05-13,7278,3549,3729
석천사거리,2025-05-13,11413,5941,5472
모래내시장,2025-05-13,17859,8694,9165
만수,2025-05-13,11168,5794,5374
남동구청,2025-05-13,9956,5173,4783
인천대공원,2025-05-13,6746,3390,3356
운연(서창),2025-05-13,2752,1463,1289
검단오류(검단산업단지),2025-05-14,6073,3009,3064
왕길,2025-05-14,5892,2911,2981
검단사거리,2025-05-14,18139,9656,8483
마전,2025-05-14,9238,4471,4767
완정,2025-05-14,17031,8879,8152
독정,2025-05-14,10133,5052,5081
검암,2025-05-14,9521,5253,4268
검바위,2025-05-14,7596,3699,3897
아시아드경기장(공촌사거리),2025-05-14,10169,5324,4845
서구청,2025-05-14,18067,8890,9177
가정(루원시티),2025-05-14,25857,13244,12613
가정중앙시장,2025-05-14,13705,6727,6978
석남(거북시장),2025-05-14,6438,3128,3310
서부여성회관,2025-05-14,8837,4500,4337
인천가좌,2025-05-14,9640,4898,4742
가재울,2025-05-14,8993,4573,4420
주안국가산단,2025-05-14,6347,3097,3250
주안,2025-05-14,17498,7425,10073
시민공원(문화창작지대),2025-05-14,23054,11748,11306
석바위시장,2025-05-14,11341,5531,5810
인천시청,2025-05-14,7585,3671,3914
석천사거리,2025-05-14,10666,5511,5155
모래내시장,2025-05-14,17799,8736,9063
만수,2025-05-14,11058,5739,5319
남동구청,2025-05-14,9880,5186,4694
인천대공원,2025-05-14,6849,3406,3443
운연(서창),2025-05-14,2726,1429,1297
검단오류(검단산업단지),2025-05-15,5817,2864,2953
왕길,2025-05-15,5554,2730,2824
검단사거리,2025-05-15,17453,9259,8194
마전,2025-05-15,9134,4418,4716
완정,2025-05-15,16712,8686,8026
독정,2025-05-15,9786,4887,4899
검암,2025-05-15,9799,5497,4302
검바위,2025-05-15,7463,3599,3864
아시아드경기장(공촌사거리),2025-05-15,9412,4996,4416
서구청,2025-05-15,17401,8585,8816
가정(루원시티),2025-05-15,25163,12772,12391
가정중앙시장,2025-05-15,13112,6414,6698
석남(거북시장),2025-05-15,6012,2910,3102
서부여성회관,2025-05-15,8527,4337,4190
인천가좌,2025-05-15,9465,4802,4663
가재울,2025-05-15,8520,4370,4150
주안국가산단,2025-05-15,6287,3074,3213
주안,2025-05-15,17555,7356,10199
시민공원(문화창작지대),2025-05-15,22583,11659,10924
석바위시장,2025-05-15,10556,5183,5373
인천시청,2025-05-15,7385,3603,3782
석천사거리,2025-05-15,10549,5523,5026
모래내시장,2025-05-15,17003,8297,8706
만수,2025-05-15,10542,5452,5090
남동구청,2025-05-15,9334,4851,4483
인천대공원,2025-05-15,5309,2676,2633
운연(서창),2025-05-15,2609,1351,1258
검단오류(검단산업단지),2025-05-16,5735,2801,2934
왕길,2025-05-16,5575,2754,2821
검단사거리,2025-05-16,18051,9583,8468
마전,2025-05-16,9442,4609,4833
완정,2025-05-16,17671,9087,8584
독정,2025-05-16,9859,4922,4937
검암,2025-05-16,9632,5288,4344
검바위,2025-05-16,7531,3630,3901
아시아드경기장(공촌사거리),2025-05-16,10286,5448,4838
서구청,2025-05-16,17949,8813,9136
가정(루원시티),2025-05-16,25022,12793,12229
가정중앙시장,2025-05-16,13219,6517,6702
석남(거북시장),2025-05-16,5968,2965,3003
서부여성회관,2025-05-16,8765,4443,4322
인천가좌,2025-05-16,9238,4601,4637
가재울,2025-05-16,8659,4455,4204
주안국가산단,2025-05-16,6055,2924,3131
주안,2025-05-16,17164,7222,9942
시민공원(문화창작지대),2025-05-16,22369,11482,10887
석바위시장,2025-05-16,10539,5179,5360
인천시청,2025-05-16,7282,3578,3704
석천사거리,2025-05-16,10403,5335,5068
모래내시장,2025-05-16,16805,8246,8559
만수,2025-05-16,10355,5342,5013
남동구청,2025-05-16,9217,4803,4414
인천대공원,2025-05-16,4988,2483,2505
운연(서창),2025-05-16,2421,1299,1122
검단오류(검단산업단지),2025-05-17,2199,1175,1024
왕길,2025-05-17,3354,1750,1604
검단사거리,2025-05-17,13810,7196,6614
마전,2025-05-17,6314,3124,3190
완정,2025-05-17,11046,5767,5279
독정,2025-05-17,6320,3203,3117
검암,2025-05-17,6340,3482,2858
검바위,2025-05-17,4417,2148,2269
아시아드경기장(공촌사거리),2025-05-17,6914,3523,3391
서구청,2025-05-17,11615,5782,5833
가정(루원시티),2025-05-17,15916,8127,7789
가정중앙시장,2025-05-17,10631,5267,5364
석남(거북시장),2025-05-17,4560,2192,2368
서부여성회관,2025-05-17,6268,3209,3059
인천가좌,2025-05-17,5359,2747,2612
가재울,2025-05-17,4861,2516,2345
주안국가산단,2025-05-17,1482,719,763
주안,2025-05-17,13793,5779,8014
시민공원(문화창작지대),2025-05-17,16178,8311,7867
석바위시장,2025-05-17,8039,3997,4042
인천시청,2025-05-17,5167,2450,2717
석천사거리,2025-05-17,7296,3719,3577
모래내시장,2025-05-17,14697,7302,7395
만수,2025-05-17,7989,4107,3882
남동구청,2025-05-17,6136,3209,2927
인천대공원,2025-05-17,9413,4655,4758
운연(서창),2025-05-17,1916,1009,907
검단오류(검단산업단지),2025-05-18,1657,835,822
왕길,2025-05-18,2463,1271,1192
검단사거리,2025-05-18,10981,5517,5464
마전,2025-05-18,4456,2170,2286
완정,2025-05-18,8049,4097,3952
독정,2025-05-18,5017,2477,2540
검암,2025-05-18,5044,2731,2313
검바위,2025-05-18,3397,1609,1788
아시아드경기장(공촌사거리),2025-05-18,5493,2865,2628
서구청,2025-05-18,8571,4283,4288
가정(루원시티),2025-05-18,11270,5763,5507
가정중앙시장,2025-05-18,8285,4108,4177
석남(거북시장),2025-05-18,3576,1684,1892
서부여성회관,2025-05-18,5673,2861,2812
인천가좌,2025-05-18,3942,1972,1970
가재울,2025-05-18,3817,1976,1841
주안국가산단,2025-05-18,819,380,439
주안,2025-05-18,9959,4064,5895
시민공원(문화창작지대),2025-05-18,12592,6418,6174
석바위시장,2025-05-18,6456,3201,3255
인천시청,2025-05-18,4202,1964,2238
석천사거리,2025-05-18,5530,2903,2627
모래내시장,2025-05-18,11700,5755,5945
만수,2025-05-18,6656,3438,3218
남동구청,2025-05-18,4773,2513,2260
인천대공원,2025-05-18,9681,4813,4868
운연(서창),2025-05-18,1749,906,843
검단오류(검단산업단지),2025-05-19,5720,2805,2915
왕길,2025-05-19,5492,2725,2767
검단사거리,2025-05-19,17607,9349,8258
마전,2025-05-19,8963,4405,4558
완정,2025-05-19,16595,8584,8011
독정,2025-05-19,9806,4871,4935
검암,2025-05-19,9561,5144,4417
검바위,2025-05-19,7483,3635,3848
아시아드경기장(공촌사거리),2025-05-19,9641,5073,4568
서구청,2025-05-19,17250,8565,8685
가정(루원시티),2025-05-19,24603,12478,12125
가정중앙시장,2025-05-19,12894,6377,6517
석남(거북시장),2025-05-19,6265,3066,3199
서부여성회관,2025-05-19,8379,4310,4069
인천가좌,2025-05-19,9315,4713,4602
가재울,2025-05-19,8455,4321,4134
주안국가산단,2025-05-19,6256,3075,3181
주안,2025-05-19,16605,7100,9505
시민공원(문화창작지대),2025-05-19,22000,11354,10646
석바위시장,2025-05-19,10581,5141,5440
인천시청,2025-05-19,7069,3408,3661
석천사거리,2025-05-19,10319,5359,4960
모래내시장,2025-05-19,16857,8276,8581
만수,2025-05-19,10204,5268,4936
남동구청,2025-05-19,9531,4962,4569
인천대공원,2025-05-19,5295,2657,2638
운연(서창),2025-05-19,2487,1299,1188
검단오류(검단산업단지),2025-05-20,5901,2932,2969
왕길,2025-05-20,5657,2805,2852
검단사거리,2025-05-20,17623,9264,8359
마전,2025-05-20,8944,4306,4638
완정,2025-05-20,16626,8644,7982
독정,2025-05-20,9972,4976,4996
검암,2025-05-20,9382,5052,4330
검바위,2025-05-20,7578,3679,3899
아시아드경기장(공촌사거리),2025-05-20,9516,5013,4503
서구청,2025-05-20,17799,8834,8965
가정(루원시티),2025-05-20,25016,12722,12294
가정중앙시장,2025-05-20,13314,6543,6771
석남(거북시장),2025-05-20,6272,3050,3222
서부여성회관,2025-05-20,8547,4398,4149
인천가좌,2025-05-20,9405,4752,4653
가재울,2025-05-20,8688,4459,4229
주안국가산단,2025-05-20,6275,3088,3187
주안,2025-05-20,17213,7420,9793
시민공원(문화창작지대),2025-05-20,22753,11619,11134
석바위시장,2025-05-20,10976,5382,5594
인천시청,2025-05-20,7509,3631,3878
석천사거리,2025-05-20,10748,5573,5175
모래내시장,2025-05-20,17372,8512,8860
만수,2025-05-20,10566,5506,5060
남동구청,2025-05-20,9870,5158,4712
인천대공원,2025-05-20,6033,3024,3009
운연(서창),2025-05-20,2623,1407,1216
검단오류(검단산업단지),2025-05-21,6038,3020,3018
왕길,2025-05-21,5775,2887,2888
검단사거리,2025-05-21,18275,9666,8609
마전,2025-05-21,9119,4449,4670
완정,2025-05-21,16937,8751,8186
독정,2025-05-21,9812,4883,4929
검암,2025-05-21,9674,5271,4403
검바위,2025-05-21,7679,3737,3942
아시아드경기장(공촌사거리),2025-05-21,9948,5301,4647
서구청,2025-05-21,18184,8953,9231
가정(루원시티),2025-05-21,25589,13014,12575
가정중앙시장,2025-05-21,13520,6637,6883
석남(거북시장),2025-05-21,6401,3158,3243
서부여성회관,2025-05-21,8774,4470,4304
인천가좌,2025-05-21,9438,4747,4691
가재울,2025-05-21,8872,4560,4312
주안국가산단,2025-05-21,6258,3066,3192
주안,2025-05-21,17080,7369,9711
시민공원(문화창작지대),2025-05-21,22871,11778,11093
석바위시장,2025-05-21,11321,5537,5784
인천시청,2025-05-21,7592,3698,3894
석천사거리,2025-05-21,10800,5561,5239
모래내시장,2025-05-21,17687,8664,9023
만수,2025-05-21,10807,5581,5226
남동구청,2025-05-21,9936,5177,4759
인천대공원,2025-05-21,6407,3207,3200
운연(서창),2025-05-21,2748,1456,1292
검단오류(검단산업단지),2025-05-22,5947,2938,3009
왕길,2025-05-22,5554,2754,2800
검단사거리,2025-05-22,18162,9527,8635
마전,2025-05-22,9056,4361,4695
완정,2025-05-22,17949,9294,8655
독정,2025-05-22,9976,4935,5041
검암,2025-05-22,9513,5187,4326
검바위,2025-05-22,7504,3588,3916
아시아드경기장(공촌사거리),2025-05-22,9503,5082,4421
서구청,2025-05-22,18104,8966,9138
가정(루원시티),2025-05-22,25708,13029,12679
가정중앙시장,2025-05-22,13189,6443,6746
석남(거북시장),2025-05-22,6232,3012,3220
서부여성회관,2025-05-22,8579,4359,4220
인천가좌,2025-05-22,9439,4769,4670
가재울,2025-05-22,8479,4324,4155
주안국가산단,2025-05-22,6256,3036,3220
주안,2025-05-22,17224,7383,9841
시민공원(문화창작지대),2025-05-22,22765,11669,11096
석바위시장,2025-05-22,10685,5238,5447
인천시청,2025-05-22,7583,3651,3932
석천사거리,2025-05-22,10621,5558,5063
모래내시장,2025-05-22,17422,8587,8835
만수,2025-05-22,10713,5581,5132
남동구청,2025-05-22,9639,5007,4632
인천대공원,2025-05-22,7348,3693,3655
운연(서창),2025-05-22,2678,1385,1293
검단오류(검단산업단지),2025-05-23,5885,2918,2967
왕길,2025-05-23,5781,2880,2901
검단사거리,2025-05-23,18868,9969,8899
마전,2025-05-23,9252,4523,4729
완정,2025-05-23,17199,8855,8344
독정,2025-05-23,9971,5024,4947
검암,2025-05-23,10072,5569,4503
검바위,2025-05-23,7688,3761,3927
아시아드경기장(공촌사거리),2025-05-23,9868,5208,4660
서구청,2025-05-23,18787,9282,9505
가정(루원시티),2025-05-23,26051,13321,12730
가정중앙시장,2025-05-23,13903,6762,7141
석남(거북시장),2025-05-23,6385,3149,3236
서부여성회관,2025-05-23,9026,4593,4433
인천가좌,2025-05-23,9615,4851,4764
가재울,2025-05-23,8813,4507,4306
주안국가산단,2025-05-23,6147,3001,3146
주안,2025-05-23,17562,7493,10069
시민공원(문화창작지대),2025-05-23,22812,11635,11177
석바위시장,2025-05-23,11016,5405,5611
인천시청,2025-05-23,7782,3744,4038
석천사거리,2025-05-23,10688,5573,5115
모래내시장,2025-05-23,18630,9061,9569
만수,2025-05-23,10918,5669,5249
남동구청,2025-05-23,9841,5130,4711
인천대공원,2025-05-23,6296,3293,3003
운연(서창),2025-05-23,2671,1427,1244
검단오류(검단산업단지),2025-05-24,2122,1136,986
왕길,2025-05-24,3197,1663,1534
검단사거리,2025-05-24,14108,7374,6734
마전,2025-05-24,6057,3019,3038
완정,2025-05-24,11056,5838,5218
독정,2025-05-24,6528,3265,3263
검암,2025-05-24,6189,3368,2821
검바위,2025-05-24,4222,2047,2175
아시아드경기장(공촌사거리),2025-05-24,7104,3692,3412
서구청,2025-05-24,12063,5976,6087
가정(루원시티),2025-05-24,16018,8206,7812
가정중앙시장,2025-05-24,10750,5283,5467
석남(거북시장),2025-05-24,4705,2253,2452
서부여성회관,2025-05-24,6409,3333,3076
인천가좌,2025-05-24,5313,2716,2597
가재울,2025-05-24,4806,2461,2345
주안국가산단,2025-05-24,1523,747,776
주안,2025-05-24,13930,5742,8188
시민공원(문화창작지대),2025-05-24,15649,7989,7660
석바위시장,2025-05-24,7791,3778,4013
인천시청,2025-05-24,4833,2296,2537
석천사거리,2025-05-24,7116,3755,3361
모래내시장,2025-05-24,14327,7109,7218
만수,2025-05-24,7743,4039,3704
남동구청,2025-05-24,5940,3078,2862
인천대공원,2025-05-24,7878,3881,3997
운연(서창),2025-05-24,2045,1082,963
검단오류(검단산업단지),2025-05-25,1560,782,778
왕길,2025-05-25,2386,1208,1178
검단사거리,2025-05-25,11013,5561,5452
마전,2025-05-25,4567,2206,2361
완정,2025-05-25,8067,4120,3947
독정,2025-05-25,4551,2225,2326
검암,2025-05-25,5082,2733,2349
검바위,2025-05-25,3490,1638,1852
아시아드경기장(공촌사거리),2025-05-25,5628,2928,2700
서구청,2025-05-25,8593,4322,4271
가정(루원시티),2025-05-25,11731,6009,5722
가정중앙시장,2025-05-25,8457,4170,4287
석남(거북시장),2025-05-25,3565,1677,1888
서부여성회관,2025-05-25,5624,2877,2747
인천가좌,2025-05-25,3920,1960,1960
가재울,2025-05-25,4044,2070,1974
주안국가산단,2025-05-25,856,420,436
주안,2025-05-25,10393,4339,6054
시민공원(문화창작지대),2025-05-25,12408,6382,6026
석바위시장,2025-05-25,6697,3297,3400
인천시청,2025-05-25,4355,2064,2291
석천사거리,2025-05-25,5598,2974,2624
모래내시장,2025-05-25,12369,6038,6331
만수,2025-05-25,6752,3498,3254
남동구청,2025-05-25,4935,2607,2328
인천대공원,2025-05-25,10248,5136,5112
운연(서창),2025-05-25,1670,853,817
검단오류(검단산업단지),2025-05-26,5792,2860,2932
왕길,2025-05-26,5473,2735,2738
검단사거리,2025-05-26,18152,9553,8599
마전,2025-05-26,8948,4391,4557
완정,2025-05-26,16603,8544,8059
독정,2025-05-26,9913,4953,4960
검암,2025-05-26,9538,5217,4321
검바위,2025-05-26,7490,3633,3857
아시아드경기장(공촌사거리),2025-05-26,9735,5107,4628
서구청,2025-05-26,18175,9034,9141
가정(루원시티),2025-05-26,24727,12607,12120
가정중앙시장,2025-05-26,13198,6507,6691
석남(거북시장),2025-05-26,6484,3150,3334
서부여성회관,2025-05-26,8577,4399,4178
인천가좌,2025-05-26,9430,4755,4675
가재울,2025-05-26,8821,4483,4338
주안국가산단,2025-05-26,6199,3043,3156
주안,2025-05-26,16925,7290,9635
시민공원(문화창작지대),2025-05-26,22237,11423,10814
석바위시장,2025-05-26,10794,5261,5533
인천시청,2025-05-26,7426,3609,3817
석천사거리,2025-05-26,10595,5540,5055
모래내시장,2025-05-26,17753,8735,9018
만수,2025-05-26,10758,5586,5172
남동구청,2025-05-26,9644,5005,4639
인천대공원,2025-05-26,6548,3331,3217
운연(서창),2025-05-26,2573,1350,1223
검단오류(검단산업단지),2025-05-27,5968,2999,2969
왕길,2025-05-27,5628,2777,2851
검단사거리,2025-05-27,18298,9623,8675
마전,2025-05-27,9412,4567,4845
완정,2025-05-27,16700,8691,8009
독정,2025-05-27,10192,5067,5125
검암,2025-05-27,9571,5235,4336
검바위,2025-05-27,7663,3718,3945
아시아드경기장(공촌사거리),2025-05-27,9685,5117,4568
서구청,2025-05-27,18368,9118,9250
가정(루원시티),2025-05-27,25785,13195,12590
가정중앙시장,2025-05-27,13572,6668,6904
석남(거북시장),2025-05-27,6409,3099,3310
서부여성회관,2025-05-27,8524,4355,4169
인천가좌,2025-05-27,9660,4924,4736
가재울,2025-05-27,9293,4742,4551
주안국가산단,2025-05-27,6270,3090,3180
주안,2025-05-27,17491,7568,9923
시민공원(문화창작지대),2025-05-27,22879,11663,11216
석바위시장,2025-05-27,11026,5391,5635
인천시청,2025-05-27,7813,3754,4059
석천사거리,2025-05-27,10817,5671,5146
모래내시장,2025-05-27,17810,8837,8973
만수,2025-05-27,10738,5565,5173
남동구청,2025-05-27,9869,5148,4721
인천대공원,2025-05-27,6637,3347,3290
운연(서창),2025-05-27,2684,1424,1260
검단오류(검단산업단지),2025-05-28,5980,2968,3012
왕길,2025-05-28,5547,2802,2745
검단사거리,2025-05-28,18028,9495,8533
마전,2025-05-28,9125,4436,4689
완정,2025-05-28,17008,8844,8164
독정,2025-05-28,10189,5072,5117
검암,2025-05-28,9845,5392,4453
검바위,2025-05-28,7685,3681,4004
아시아드경기장(공촌사거리),2025-05-28,10111,5371,4740
서구청,2025-05-28,18461,9125,9336
가정(루원시티),2025-05-28,25708,13166,12542
가정중앙시장,2025-05-28,13830,6703,7127
석남(거북시장),2025-05-28,6455,3153,3302
서부여성회관,2025-05-28,8624,4442,4182
인천가좌,2025-05-28,9587,4878,4709
가재울,2025-05-28,8960,4597,4363
주안국가산단,2025-05-28,6293,3074,3219
주안,2025-05-28,17228,7392,9836
시민공원(문화창작지대),2025-05-28,22751,11644,11107
석바위시장,2025-05-28,11134,5404,5730
인천시청,2025-05-28,7422,3562,3860
석천사거리,2025-05-28,10794,5615,5179
모래내시장,2025-05-28,17641,8723,8918
만수,2025-05-28,10728,5556,5172
남동구청,2025-05-28,9706,5062,4644
인천대공원,2025-05-28,6109,3110,2999
운연(서창),2025-05-28,2778,1443,1335
검단오류(검단산업단지),2025-05-29,5814,2892,2922
왕길,2025-05-29,5663,2809,2854
검단사거리,2025-05-29,18633,9800,8833
마전,2025-05-29,9240,4467,4773
완정,2025-05-29,17630,9160,8470
독정,2025-05-29,10120,5008,5112
검암,2025-05-29,9903,5385,4518
검바위,2025-05-29,7536,3583,3953
아시아드경기장(공촌사거리),2025-05-29,9481,4999,4482
서구청,2025-05-29,17525,8732,8793
가정(루원시티),2025-05-29,25603,13045,12558
가정중앙시장,2025-05-29,13360,6506,6854
석남(거북시장),2025-05-29,6324,3037,3287
서부여성회관,2025-05-29,8554,4397,4157
인천가좌,2025-05-29,9428,4788,4640
가재울,2025-05-29,8774,4466,4308
주안국가산단,2025-05-29,6313,3101,3212
주안,2025-05-29,17275,7437,9838
시민공원(문화창작지대),2025-05-29,22469,11487,10982
석바위시장,2025-05-29,10764,5273,5491
인천시청,2025-05-29,7291,3462,3829
석천사거리,2025-05-29,10766,5611,5155
모래내시장,2025-05-29,17589,8656,8933
만수,2025-05-29,10663,5560,5103
남동구청,2025-05-29,9867,5131,4736
인천대공원,2025-05-29,6995,3528,3467
운연(서창),2025-05-29,2598,1362,1236
검단오류(검단산업단지),2025-05-30,5980,2974,3006
왕길,2025-05-30,5676,2843,2833
검단사거리,2025-05-30,18536,9782,8754
마전,2025-05-30,9170,4448,4722
완정,2025-05-30,17688,9220,8468
독정,2025-05-30,9973,4961,5012
검암,2025-05-30,9953,5491,4462
검바위,2025-05-30,7282,3549,3733
아시아드경기장(공촌사거리),2025-05-30,9554,5078,4476
서구청,2025-05-30,18417,9090,9327
가정(루원시티),2025-05-30,25686,13034,12652
가정중앙시장,2025-05-30,13812,6791,7021
석남(거북시장),2025-05-30,6375,3097,3278
서부여성회관,2025-05-30,8824,4460,4364
인천가좌,2025-05-30,9514,4819,4695
가재울,2025-05-30,8509,4322,4187
주안국가산단,2025-05-30,6102,2938,3164
주안,2025-05-30,17439,7487,9952
시민공원(문화창작지대),2025-05-30,22349,11364,10985
석바위시장,2025-05-30,11065,5397,5668
인천시청,2025-05-30,7304,3486,3818
석천사거리,2025-05-30,10722,5621,5101
모래내시장,2025-05-30,17722,8694,9028
만수,2025-05-30,10744,5604,5140
남동구청,2025-05-30,9601,5063,4538
인천대공원,2025-05-30,6685,3322,3363
운연(서창),2025-05-30,2610,1387,1223
검단오류(검단산업단지),2025-05-31,2143,1181,962
왕길,2025-05-31,3241,1693,1548
검단사거리,2025-05-31,13819,7146,6673
마전,2025-05-31,6074,3033,3041
완정,2025-05-31,11077,5786,5291
독정,2025-05-31,6520,3252,3268
검암,2025-05-31,6988,3678,3310
검바위,2025-05-31,4288,2073,2215
아시아드경기장(공촌사거리),2025-05-31,11337,6239,5098
서구청,2025-05-31,16169,7232,8937
가정(루원시티),2025-05-31,15900,8201,7699
가정중앙시장,2025-05-31,10776,5323,5453
석남(거북시장),2025-05-31,4669,2218,2451
서부여성회관,2025-05-31,6393,3250,3143
인천가좌,2025-05-31,5391,2782,2609
가재울,2025-05-31,5044,2639,2405
주안국가산단,2025-05-31,1497,757,740
주안,2025-05-31,13903,5675,8228
시민공원(문화창작지대),2025-05-31,15583,8042,7541
석바위시장,2025-05-31,7626,3764,3862
인천시청,2025-05-31,5405,2602,2803
석천사거리,2025-05-31,7264,3820,3444
모래내시장,2025-05-31,15009,7470,7539
만수,2025-05-31,7993,4095,3898
남동구청,2025-05-31,6022,3149,2873
인천대공원,2025-05-31,9044,4476,4568
운연(서창),2025-05-31,1987,1041,946
검단오류(검단산업단지),2025-06-01,1494,758,736
왕길,2025-06-01,2317,1203,1114
검단사거리,2025-06-01,10320,5138,5182
마전,2025-06-01,4074,1941,2133
완정,2025-06-01,7471,3773,3698
독정,2025-06-01,4789,2376,2413
검암,2025-06-01,4638,2538,2100
검바위,2025-06-01,3255,1561,1694
아시아드경기장(공촌사거리),2025-06-01,5694,2921,2773
서구청,2025-06-01,8424,4310,4114
가정(루원시티),2025-06-01,10397,5304,5093
가정중앙시장,2025-06-01,7946,3951,3995
석남(거북시장),2025-06-01,3355,1588,1767
서부여성회관,2025-06-01,5304,2736,2568
인천가좌,2025-06-01,3588,1773,1815
가재울,2025-06-01,3707,1866,1841
주안국가산단,2025-06-01,791,386,405
주안,2025-06-01,9929,4143,5786
시민공원(문화창작지대),2025-06-01,12304,6320,5984
석바위시장,2025-06-01,6267,3125,3142
인천시청,2025-06-01,3944,1857,2087
석천사거리,2025-06-01,5236,2731,2505
모래내시장,2025-06-01,11492,5522,5970
만수,2025-06-01,6208,3193,3015
남동구청,2025-06-01,4595,2401,2194
인천대공원,2025-06-01,9207,4590,4617
운연(서창),2025-06-01,1562,820,742
검단오류(검단산업단지),2025-06-02,5493,2709,2784
왕길,2025-06-02,5563,2787,2776
검단사거리,2025-06-02,17544,9304,8240
마전,2025-06-02,8988,4366,4622
완정,2025-06-02,16422,8563,7859
독정,2025-06-02,9631,4796,4835
검암,2025-06-02,9353,5103,4250
검바위,2025-06-02,7505,3674,3831
아시아드경기장(공촌사거리),2025-06-02,9653,5107,4546
서구청,2025-06-02,17586,8664,8922
가정(루원시티),2025-06-02,24272,12375,11897
가정중앙시장,2025-06-02,12966,6300,6666
석남(거북시장),2025-06-02,6160,3024,3136
서부여성회관,2025-06-02,8487,4401,4086
인천가좌,2025-06-02,9107,4614,4493
가재울,2025-06-02,8291,4256,4035
주안국가산단,2025-06-02,6017,2964,3053
주안,2025-06-02,17154,7363,9791
시민공원(문화창작지대),2025-06-02,21562,11095,10467
석바위시장,2025-06-02,10573,5201,5372
인천시청,2025-06-02,6891,3362,3529
석천사거리,2025-06-02,10048,5296,4752
모래내시장,2025-06-02,16717,8178,8539
만수,2025-06-02,10182,5241,4941
남동구청,2025-06-02,9462,4947,4515
인천대공원,2025-06-02,5188,2632,2556
운연(서창),2025-06-02,2524,1323,1201
검단오류(검단산업단지),2025-06-03,1806,920,886
왕길,2025-06-03,2657,1327,1330
검단사거리,2025-06-03,11018,5697,5321
마전,2025-06-03,4651,2232,2419
완정,2025-06-03,9352,4874,4478
독정,2025-06-03,5258,2527,2731
검암,2025-06-03,5016,2717,2299
검바위,2025-06-03,3579,1695,1884
아시아드경기장(공촌사거리),2025-06-03,5792,3057,2735
서구청,2025-06-03,10269,5090,5179
가정(루원시티),2025-06-03,12604,6519,6085
가정중앙시장,2025-06-03,9637,4776,4861
석남(거북시장),2025-06-03,3915,1878,2037
서부여성회관,2025-06-03,5214,2663,2551
인천가좌,2025-06-03,4826,2414,2412
가재울,2025-06-03,4380,2205,2175
주안국가산단,2025-06-03,1564,759,805
주안,2025-06-03,11068,4722,6346
시민공원(문화창작지대),2025-06-03,13610,6936,6674
석바위시장,2025-06-03,6914,3428,3486
인천시청,2025-06-03,4141,1972,2169
석천사거리,2025-06-03,6363,3298,3065
모래내시장,2025-06-03,13278,6461,6817
만수,2025-06-03,7100,3641,3459
남동구청,2025-06-03,5308,2750,2558
인천대공원,2025-06-03,9870,4893,4977
운연(서창),2025-06-03,1728,896,832
검단오류(검단산업단지),2025-06-04,5805,2884,2921
왕길,2025-06-04,5415,2658,2757
검단사거리,2025-06-04,17398,9214,8184
마전,2025-06-04,9180,4465,4715
완정,2025-06-04,16604,8609,7995
독정,2025-06-04,9954,4980,4974
검암,2025-06-04,9481,5245,4236
검바위,2025-06-04,7468,3650,3818
아시아드경기장(공촌사거리),2025-06-04,9810,5144,4666
서구청,2025-06-04,17014,8441,8573
가정(루원시티),2025-06-04,25145,12832,12313
가정중앙시장,2025-06-04,13150,6502,6648
석남(거북시장),2025-06-04,6412,3098,3314
서부여성회관,2025-06-04,8630,4435,4195
인천가좌,2025-06-04,9318,4694,4624
가재울,2025-06-04,8817,4461,4356
주안국가산단,2025-06-04,6062,2968,3094
주안,2025-06-04,16680,7250,9430
시민공원(문화창작지대),2025-06-04,22454,11518,10936
석바위시장,2025-06-04,11018,5438,5580
인천시청,2025-06-04,7175,3463,3712
석천사거리,2025-06-04,10686,5542,5144
모래내시장,2025-06-04,17044,8340,8704
만수,2025-06-04,10607,5482,5125
남동구청,2025-06-04,9574,5034,4540
인천대공원,2025-06-04,6054,3051,3003
운연(서창),2025-06-04,2725,1411,1314
검단오류(검단산업단지),2025-06-05,5832,2908,2924
왕길,2025-06-05,5694,2841,2853
검단사거리,2025-06-05,18697,9957,8740
마전,2025-06-05,9269,4570,4699
완정,2025-06-05,18194,9438,8756
독정,2025-06-05,10552,5262,5290
검암,2025-06-05,9690,5273,4417
검바위,2025-06-05,7672,3774,3898
아시아드경기장(공촌사거리),2025-06-05,10802,5746,5056
서구청,2025-06-05,18622,9192,9430
가정(루원시티),2025-06-05,25553,13008,12545
가정중앙시장,2025-06-05,13792,6820,6972
석남(거북시장),2025-06-05,6479,3161,3318
서부여성회관,2025-06-05,8802,4488,4314
인천가좌,2025-06-05,9298,4649,4649
가재울,2025-06-05,8626,4467,4159
주안국가산단,2025-06-05,6078,2977,3101
주안,2025-06-05,17752,7586,10166
시민공원(문화창작지대),2025-06-05,22893,11711,11182
석바위시장,2025-06-05,10911,5320,5591
인천시청,2025-06-05,7356,3563,3793
석천사거리,2025-06-05,10744,5633,5111
모래내시장,2025-06-05,17777,8746,9031
만수,2025-06-05,10924,5669,5255
남동구청,2025-06-05,9897,5225,4672
인천대공원,2025-06-05,6513,3274,3239
운연(서창),2025-06-05,2624,1395,1229
검단오류(검단산업단지),2025-06-06,2071,1094,977
왕길,2025-06-06,2750,1419,1331
검단사거리,2025-06-06,12189,6430,5759
마전,2025-06-06,5083,2482,2601
완정,2025-06-06,9218,4792,4426
독정,2025-06-06,5684,2850,2834
검암,2025-06-06,5627,3121,2506
검바위,2025-06-06,3716,1818,1898
아시아드경기장(공촌사거리),2025-06-06,6109,3267,2842
서구청,2025-06-06,9703,4744,4959
가정(루원시티),2025-06-06,12581,6492,6089
가정중앙시장,2025-06-06,9430,4680,4750
석남(거북시장),2025-06-06,4138,2020,2118
서부여성회관,2025-06-06,5569,2920,2649
인천가좌,2025-06-06,4659,2340,2319
가재울,2025-06-06,4240,2225,2015
주안국가산단,2025-06-06,1518,753,765
주안,2025-06-06,11765,4900,6865
시민공원(문화창작지대),2025-06-06,13276,6830,6446
석바위시장,2025-06-06,6503,3266,3237
인천시청,2025-06-06,4592,2172,2420
석천사거리,2025-06-06,6021,3209,2812
모래내시장,2025-06-06,13212,6429,6783
만수,2025-06-06,7251,3761,3490
남동구청,2025-06-06,5229,2731,2498
인천대공원,2025-06-06,9957,4956,5001
운연(서창),2025-06-06,1746,902,844
검단오류(검단산업단지),2025-06-07,1938,1008,930
왕길,2025-06-07,2938,1522,1416
검단사거리,2025-06-07,12804,6586,6218
마전,2025-06-07,5325,2591,2734
완정,2025-06-07,10203,5282,4921
독정,2025-06-07,6047,2968,3079
검암,2025-06-07,6059,3281,2778
검바위,2025-06-07,3669,1737,1932
아시아드경기장(공촌사거리),2025-06-07,6274,3236,3038
서구청,2025-06-07,10813,5334,5479
가정(루원시티),2025-06-07,13537,6912,6625
가정중앙시장,2025-06-07,9597,4785,4812
석남(거북시장),2025-06-07,4317,2055,2262
서부여성회관,2025-06-07,6040,3079,2961
인천가좌,2025-06-07,4750,2431,2319
가재울,2025-06-07,4366,2253,2113
주안국가산단,2025-06-07,1203,602,601
주안,2025-06-07,12187,5082,7105
시민공원(문화창작지대),2025-06-07,14891,7700,7191
석바위시장,2025-06-07,7429,3604,3825
인천시청,2025-06-07,5052,2355,2697
석천사거리,2025-06-07,6331,3292,3039
모래내시장,2025-06-07,13483,6585,6898
만수,2025-06-07,7483,3835,3648
남동구청,2025-06-07,5603,2935,2668
인천대공원,2025-06-07,10022,5006,5016
운연(서창),2025-06-07,1804,949,855
검단오류(검단산업단지),2025-06-08,1441,697,744
왕길,2025-06-08,2212,1137,1075
검단사거리,2025-06-08,9862,4977,4885
마전,2025-06-08,3942,1922,2020
완정,2025-06-08,7297,3661,3636
독정,2025-06-08,4139,2023,2116
검암,2025-06-08,4377,2351,2026
검바위,2025-06-08,3078,1443,1635
아시아드경기장(공촌사거리),2025-06-08,5172,2685,2487
서구청,2025-06-08,7870,3907,3963
가정(루원시티),2025-06-08,10374,5295,5079
가정중앙시장,2025-06-08,7528,3701,3827
석남(거북시장),2025-06-08,3213,1506,1707
서부여성회관,2025-06-08,5102,2599,2503
인천가좌,2025-06-08,3482,1710,1772
가재울,2025-06-08,3750,1906,1844
주안국가산단,2025-06-08,753,367,386
주안,2025-06-08,9087,3773,5314
시민공원(문화창작지대),2025-06-08,11560,5901,5659
석바위시장,2025-06-08,6170,2975,3195
인천시청,2025-06-08,4147,2009,2138
석천사거리,2025-06-08,5008,2618,2390
모래내시장,2025-06-08,10734,5244,5490
만수,2025-06-08,5969,3071,2898
남동구청,2025-06-08,4472,2309,2163
인천대공원,2025-06-08,7773,3885,3888
운연(서창),2025-06-08,1551,804,747
검단오류(검단산업단지),2025-06-09,5830,2877,2953
왕길,2025-06-09,5438,2731,2707
검단사거리,2025-06-09,17454,9176,8278
마전,2025-06-09,8801,4283,4518
완정,2025-06-09,16293,8455,7838
독정,2025-06-09,9743,4875,4868
검암,2025-06-09,9520,5244,4276
검바위,2025-06-09,7401,3630,3771
아시아드경기장(공촌사거리),2025-06-09,9720,5106,4614
서구청,2025-06-09,17448,8680,8768
가정(루원시티),2025-06-09,24112,12227,11885
가정중앙시장,2025-06-09,12980,6328,6652
석남(거북시장),2025-06-09,6128,2989,3139
서부여성회관,2025-06-09,8249,4274,3975
인천가좌,2025-06-09,9294,4673,4621
가재울,2025-06-09,8572,4370,4202
주안국가산단,2025-06-09,6183,3062,3121
주안,2025-06-09,16412,7139,9273
시민공원(문화창작지대),2025-06-09,21751,11137,10614
석바위시장,2025-06-09,10782,5319,5463
인천시청,2025-06-09,6930,3391,3539
석천사거리,2025-06-09,10249,5339,4910
모래내시장,2025-06-09,17278,8497,8781
만수,2025-06-09,10213,5243,4970
남동구청,2025-06-09,9652,5013,4639
인천대공원,2025-06-09,5629,2839,2790
운연(서창),2025-06-09,2512,1318,1194
검단오류(검단산업단지),2025-06-10,5921,2962,2959
왕길,2025-06-10,5522,2762,2760
검단사거리,2025-06-10,17574,9299,8275
마전,2025-06-10,8846,4274,4572
완정,2025-06-10,16805,8692,8113
독정,2025-06-10,10198,5029,5169
검암,2025-06-10,9397,5132,4265
검바위,2025-06-10,7466,3605,3861
아시아드경기장(공촌사거리),2025-06-10,9519,4960,4559
서구청,2025-06-10,18083,9007,9076
가정(루원시티),2025-06-10,24850,12654,12196
가정중앙시장,2025-06-10,13209,6471,6738
석남(거북시장),2025-06-10,6180,3020,3160
서부여성회관,2025-06-10,8465,4315,4150
인천가좌,2025-06-10,9279,4666,4613
가재울,2025-06-10,8566,4390,4176
주안국가산단,2025-06-10,6156,3046,3110
주안,2025-06-10,16889,7271,9618
시민공원(문화창작지대),2025-06-10,22343,11497,10846
석바위시장,2025-06-10,11061,5427,5634
인천시청,2025-06-10,7504,3604,3900
석천사거리,2025-06-10,10652,5622,5030
모래내시장,2025-06-10,17533,8564,8969
만수,2025-06-10,10840,5630,5210
남동구청,2025-06-10,9958,5145,4813
인천대공원,2025-06-10,5745,2898,2847
운연(서창),2025-06-10,2726,1444,1282
검단오류(검단산업단지),2025-06-11,5968,2980,2988
왕길,2025-06-11,5542,2741,2801
검단사거리,2025-06-11,17695,9223,8472
마전,2025-06-11,8884,4335,4549
완정,2025-06-11,16513,8510,8003
독정,2025-06-11,9864,5004,4860
검암,2025-06-11,9490,5180,4310
검바위,2025-06-11,7496,3608,3888
아시아드경기장(공촌사거리),2025-06-11,10072,5272,4800
서구청,2025-06-11,18518,9186,9332
가정(루원시티),2025-06-11,25104,12804,12300
가정중앙시장,2025-06-11,13416,6537,6879
석남(거북시장),2025-06-11,6295,3077,3218
서부여성회관,2025-06-11,8559,4420,4139
인천가좌,2025-06-11,9510,4817,4693
가재울,2025-06-11,8753,4445,4308
주안국가산단,2025-06-11,6212,3034,3178
주안,2025-06-11,16758,7276,9482
시민공원(문화창작지대),2025-06-11,22516,11496,11020
석바위시장,2025-06-11,11327,5522,5805
인천시청,2025-06-11,7379,3590,3789
석천사거리,2025-06-11,10358,5375,4983
모래내시장,2025-06-11,17379,8536,8843
만수,2025-06-11,10848,5612,5236
남동구청,2025-06-11,9851,5146,4705
인천대공원,2025-06-11,5701,2906,2795
운연(서창),2025-06-11,3176,1653,1523
검단오류(검단산업단지),2025-06-12,5878,2927,2951
왕길,2025-06-12,5593,2788,2805
검단사거리,2025-06-12,17469,9227,8242
마전,2025-06-12,8952,4284,4668
완정,2025-06-12,16495,8573,7922
독정,2025-06-12,10098,5072,5026
검암,2025-06-12,9670,5245,4425
검바위,2025-06-12,7440,3552,3888
아시아드경기장(공촌사거리),2025-06-12,9545,5072,4473
서구청,2025-06-12,18117,8947,9170
가정(루원시티),2025-06-12,24822,12724,12098
가정중앙시장,2025-06-12,13164,6457,6707
석남(거북시장),2025-06-12,6203,3033,3170
서부여성회관,2025-06-12,8657,4367,4290
인천가좌,2025-06-12,9427,4824,4603
가재울,2025-06-12,8453,4311,4142
주안국가산단,2025-06-12,6207,3051,3156
주안,2025-06-12,16824,7240,9584
시민공원(문화창작지대),2025-06-12,22663,11552,11111
석바위시장,2025-06-12,10778,5292,5486
인천시청,2025-06-12,7416,3603,3813
석천사거리,2025-06-12,11234,5846,5388
모래내시장,2025-06-12,17281,8441,8840
만수,2025-06-12,10841,5647,5194
남동구청,2025-06-12,9703,5027,4676
인천대공원,2025-06-12,6083,3095,2988
운연(서창),2025-06-12,2699,1423,1276
검단오류(검단산업단지),2025-06-13,5750,2833,2917
왕길,2025-06-13,5678,2838,2840
검단사거리,2025-06-13,17855,9466,8389
마전,2025-06-13,9089,4412,4677
완정,2025-06-13,16911,8810,8101
독정,2025-06-13,9974,5037,4937
검암,2025-06-13,9941,5431,4510
검바위,2025-06-13,7623,3692,3931
아시아드경기장(공촌사거리),2025-06-13,10035,5315,4720
서구청,2025-06-13,18437,9108,9329
가정(루원시티),2025-06-13,25387,12947,12440
가정중앙시장,2025-06-13,13833,6771,7062
석남(거북시장),2025-06-13,6312,3124,3188
서부여성회관,2025-06-13,8721,4464,4257
인천가좌,2025-06-13,9537,4838,4699
가재울,2025-06-13,8674,4363,4311
주안국가산단,2025-06-13,6080,2996,3084
주안,2025-06-13,16796,7137,9659
시민공원(문화창작지대),2025-06-13,22613,11610,11003
석바위시장,2025-06-13,11087,5375,5712
인천시청,2025-06-13,7633,3692,3941
석천사거리,2025-06-13,10636,5486,5150
모래내시장,2025-06-13,18054,8827,9227
만수,2025-06-13,11004,5712,5292
남동구청,2025-06-13,9782,5075,4707
인천대공원,2025-06-13,5630,2874,2756
운연(서창),2025-06-13,2783,1456,1327
검단오류(검단산업단지),2025-06-14,2131,1113,1018
왕길,2025-06-14,3573,1873,1700
검단사거리,2025-06-14,14101,7360,6741
마전,2025-06-14,6444,3209,3235
완정,2025-06-14,11255,5866,5389
독정,2025-06-14,6628,3332,3296
검암,2025-06-14,6541,3580,2961
검바위,2025-06-14,4167,2063,2104
아시아드경기장(공촌사거리),2025-06-14,7049,3581,3468
서구청,2025-06-14,11956,5974,5982
가정(루원시티),2025-06-14,15959,8199,7760
가정중앙시장,2025-06-14,10745,5345,5400
석남(거북시장),2025-06-14,4806,2318,2488
서부여성회관,2025-06-14,6433,3313,3120
인천가좌,2025-06-14,5136,2619,2517
가재울,2025-06-14,4945,2520,2425
주안국가산단,2025-06-14,1480,716,764
주안,2025-06-14,14168,5892,8276
시민공원(문화창작지대),2025-06-14,15749,8150,7599
석바위시장,2025-06-14,8217,4029,4188
인천시청,2025-06-14,5442,2600,2842
석천사거리,2025-06-14,6952,3621,3331
모래내시장,2025-06-14,14131,6957,7174
만수,2025-06-14,8103,4157,3946
남동구청,2025-06-14,6086,3222,2864
인천대공원,2025-06-14,6887,3437,3450
운연(서창),2025-06-14,1893,993,900
검단오류(검단산업단지),2025-06-15,1494,749,745
왕길,2025-06-15,2309,1153,1156
검단사거리,2025-06-15,10287,5233,5054
마전,2025-06-15,4205,2004,2201
완정,2025-06-15,7332,3735,3597
독정,2025-06-15,4664,2312,2352
검암,2025-06-15,4555,2423,2132
검바위,2025-06-15,3123,1466,1657
아시아드경기장(공촌사거리),2025-06-15,5212,2656,2556
서구청,2025-06-15,8099,3987,4112
가정(루원시티),2025-06-15,10343,5296,5047
가정중앙시장,2025-06-15,7482,3690,3792
석남(거북시장),2025-06-15,3348,1589,1759
서부여성회관,2025-06-15,5168,2619,2549
인천가좌,2025-06-15,3595,1774,1821
가재울,2025-06-15,3773,1905,1868
주안국가산단,2025-06-15,804,392,412
주안,2025-06-15,9354,3799,5555
시민공원(문화창작지대),2025-06-15,12077,6182,5895
석바위시장,2025-06-15,5969,2929,3040
인천시청,2025-06-15,4101,1909,2192
석천사거리,2025-06-15,5077,2628,2449
모래내시장,2025-06-15,10425,5134,5291
만수,2025-06-15,5978,3096,2882
남동구청,2025-06-15,4421,2341,2080
인천대공원,2025-06-15,6348,3236,3112
운연(서창),2025-06-15,1520,788,732
검단오류(검단산업단지),2025-06-16,5646,2798,2848
왕길,2025-06-16,5411,2673,2738
검단사거리,2025-06-16,16778,8863,7915
마전,2025-06-16,8633,4186,4447
완정,2025-06-16,15838,8202,7636
독정,2025-06-16,9444,4709,4735
검암,2025-06-16,9321,5198,4123
검바위,2025-06-16,7193,3480,3713
아시아드경기장(공촌사거리),2025-06-16,9117,4806,4311
서구청,2025-06-16,17092,8477,8615
가정(루원시티),2025-06-16,23462,11939,11523
가정중앙시장,2025-06-16,12151,5945,6206
석남(거북시장),2025-06-16,5848,2855,2993
서부여성회관,2025-06-16,8137,4190,3947
인천가좌,2025-06-16,8989,4526,4463
가재울,2025-06-16,8083,4124,3959
주안국가산단,2025-06-16,6036,2951,3085
주안,2025-06-16,15620,6678,8942
시민공원(문화창작지대),2025-06-16,21206,10857,10349
석바위시장,2025-06-16,10112,4901,5211
인천시청,2025-06-16,6751,3283,3468
석천사거리,2025-06-16,9999,5219,4780
모래내시장,2025-06-16,16056,7835,8221
만수,2025-06-16,9726,5047,4679
남동구청,2025-06-16,8924,4630,4294
인천대공원,2025-06-16,3904,1972,1932
운연(서창),2025-06-16,2369,1212,1157
검단오류(검단산업단지),2025-06-17,5813,2896,2917
왕길,2025-06-17,5651,2830,2821
검단사거리,2025-06-17,17288,9102,8186
마전,2025-06-17,8774,4229,4545
완정,2025-06-17,16793,8741,8052
독정,2025-06-17,9887,4932,4955
검암,2025-06-17,9258,5038,4220
검바위,2025-06-17,7339,3532,3807
아시아드경기장(공촌사거리),2025-06-17,9451,4973,4478
서구청,2025-06-17,18111,9003,9108
가정(루원시티),2025-06-17,24498,12478,12020
가정중앙시장,2025-06-17,13315,6507,6808
석남(거북시장),2025-06-17,6103,2958,3145
서부여성회관,2025-06-17,8381,4262,4119
인천가좌,2025-06-17,9367,4720,4647
가재울,2025-06-17,8515,4355,4160
주안국가산단,2025-06-17,6156,3029,3127
주안,2025-06-17,16620,7074,9546
시민공원(문화창작지대),2025-06-17,22700,11718,10982
석바위시장,2025-06-17,11067,5447,5620
인천시청,2025-06-17,7400,3546,3854
석천사거리,2025-06-17,10424,5424,5000
모래내시장,2025-06-17,17332,8431,8901
만수,2025-06-17,10784,5607,5177
남동구청,2025-06-17,9467,4955,4512
인천대공원,2025-06-17,5657,2844,2813
운연(서창),2025-06-17,2669,1402,1267
검단오류(검단산업단지),2025-06-18,5888,2954,2934
왕길,2025-06-18,5543,2741,2802
검단사거리,2025-06-18,17638,9274,8364
마전,2025-06-18,8952,4298,4654
완정,2025-06-18,16790,8732,8058
독정,2025-06-18,10266,5080,5186
검암,2025-06-18,9609,5276,4333
검바위,2025-06-18,7427,3633,3794
아시아드경기장(공촌사거리),2025-06-18,9829,5245,4584
서구청,2025-06-18,18596,9254,9342
가정(루원시티),2025-06-18,25010,12765,12245
가정중앙시장,2025-06-18,13598,6620,6978
석남(거북시장),2025-06-18,6303,3060,3243
서부여성회관,2025-06-18,8517,4349,4168
인천가좌,2025-06-18,9501,4806,4695
가재울,2025-06-18,8647,4422,4225
주안국가산단,2025-06-18,6186,3010,3176
주안,2025-06-18,16509,7117,9392
시민공원(문화창작지대),2025-06-18,22649,11590,11059
석바위시장,2025-06-18,11415,5584,5831
인천시청,2025-06-18,7419,3601,3818
석천사거리,2025-06-18,10640,5536,5104
모래내시장,2025-06-18,17472,8501,8971
만수,2025-06-18,10678,5545,5133
남동구청,2025-06-18,9516,4964,4552
인천대공원,2025-06-18,5628,2869,2759
운연(서창),2025-06-18,2746,1446,1300
검단오류(검단산업단지),2025-06-19,5913,2950,2963
왕길,2025-06-19,5608,2792,2816
검단사거리,2025-06-19,17378,9151,8227
마전,2025-06-19,8710,4244,4466
완정,2025-06-19,16317,8464,7853
독정,2025-06-19,9836,4904,4932
검암,2025-06-19,9427,5133,4294
검바위,2025-06-19,7260,3500,3760
아시아드경기장(공촌사거리),2025-06-19,9511,5046,4465
서구청,2025-06-19,17681,8716,8965
가정(루원시티),2025-06-19,24906,12774,12132
가정중앙시장,2025-06-19,13302,6498,6804
석남(거북시장),2025-06-19,6150,3032,3118
서부여성회관,2025-06-19,8388,4247,4141
인천가좌,2025-06-19,9034,4521,4513
가재울,2025-06-19,8420,4249,4171
주안국가산단,2025-06-19,6233,3052,3181
주안,2025-06-19,16509,7035,9474
시민공원(문화창작지대),2025-06-19,22769,11669,11100
석바위시장,2025-06-19,10588,5170,5418
인천시청,2025-06-19,7179,3469,3710
석천사거리,2025-06-19,10413,5415,4998
모래내시장,2025-06-19,17194,8330,8864
만수,2025-06-19,10733,5574,5159
남동구청,2025-06-19,9456,4919,4537
인천대공원,2025-06-19,5521,2825,2696
운연(서창),2025-06-19,2649,1398,1251
검단오류(검단산업단지),2025-06-20,5240,2558,2682
왕길,2025-06-20,4835,2394,2441
검단사거리,2025-06-20,15495,8203,7292
마전,2025-06-20,8215,4028,4187
완정,2025-06-20,14654,7594,7060
독정,2025-06-20,8871,4425,4446
검암,2025-06-20,8850,4963,3887
검바위,2025-06-20,6703,3318,3385
아시아드경기장(공촌사거리),2025-06-20,8314,4376,3938
서구청,2025-06-20,15352,7583,7769
가정(루원시티),2025-06-20,22177,11242,10935
가정중앙시장,2025-06-20,11260,5492,5768
석남(거북시장),2025-06-20,5495,2670,2825
서부여성회관,2025-06-20,7342,3716,3626
인천가좌,2025-06-20,8289,4238,4051
가재울,2025-06-20,7477,3783,3694
주안국가산단,2025-06-20,5726,2800,2926
주안,2025-06-20,14503,6164,8339
시민공원(문화창작지대),2025-06-20,20175,10403,9772
석바위시장,2025-06-20,9721,4780,4941
인천시청,2025-06-20,6323,3073,3250
석천사거리,2025-06-20,9408,4852,4556
모래내시장,2025-06-20,14300,6960,7340
만수,2025-06-20,9252,4787,4465
남동구청,2025-06-20,8000,4115,3885
인천대공원,2025-06-20,2709,1355,1354
운연(서창),2025-06-20,1991,1047,944
검단오류(검단산업단지),2025-06-21,2049,1106,943
왕길,2025-06-21,3331,1690,1641
검단사거리,2025-06-21,13894,7292,6602
마전,2025-06-21,5982,2946,3036
완정,2025-06-21,10616,5525,5091
독정,2025-06-21,6463,3240,3223
검암,2025-06-21,5898,3216,2682
검바위,2025-06-21,4070,1984,2086
아시아드경기장(공촌사거리),2025-06-21,6678,3424,3254
서구청,2025-06-21,11937,5890,6047
가정(루원시티),2025-06-21,15364,7925,7439
가정중앙시장,2025-06-21,10375,5115,5260
석남(거북시장),2025-06-21,4329,2079,2250
서부여성회관,2025-06-21,6287,3249,3038
인천가좌,2025-06-21,5242,2733,2509
가재울,2025-06-21,4991,2596,2395
주안국가산단,2025-06-21,1488,744,744
주안,2025-06-21,13548,5580,7968
시민공원(문화창작지대),2025-06-21,15824,8123,7701
석바위시장,2025-06-21,7733,3726,4007
인천시청,2025-06-21,4979,2367,2612
석천사거리,2025-06-21,7226,3830,3396
모래내시장,2025-06-21,14533,7135,7398
만수,2025-06-21,7964,4211,3753
남동구청,2025-06-21,6006,3108,2898
인천대공원,2025-06-21,5618,2807,2811
운연(서창),2025-06-21,1899,991,908
검단오류(검단산업단지),2025-06-22,1612,798,814
왕길,2025-06-22,2305,1160,1145
검단사거리,2025-06-22,10395,5283,5112
마전,2025-06-22,4159,1976,2183
완정,2025-06-22,7642,3832,3810
독정,2025-06-22,4083,2022,2061
검암,2025-06-22,4748,2509,2239
검바위,2025-06-22,3071,1397,1674
아시아드경기장(공촌사거리),2025-06-22,5317,2710,2607
서구청,2025-06-22,8269,4155,4114
가정(루원시티),2025-06-22,10948,5546,5402
가정중앙시장,2025-06-22,7956,3877,4079
석남(거북시장),2025-06-22,3362,1518,1844
서부여성회관,2025-06-22,5286,2701,2585
인천가좌,2025-06-22,3668,1818,1850
가재울,2025-06-22,3767,1927,1840
주안국가산단,2025-06-22,806,408,398
주안,2025-06-22,9782,4119,5663
시민공원(문화창작지대),2025-06-22,12047,6214,5833
석바위시장,2025-06-22,6440,3135,3305
인천시청,2025-06-22,3860,1834,2026
석천사거리,2025-06-22,5315,2782,2533
모래내시장,2025-06-22,10908,5333,5575
만수,2025-06-22,6285,3264,3021
남동구청,2025-06-22,4739,2466,2273
인천대공원,2025-06-22,7327,3661,3666
운연(서창),2025-06-22,1563,815,748
검단오류(검단산업단지),2025-06-23,5764,2869,2895
왕길,2025-06-23,5547,2774,2773
검단사거리,2025-06-23,17468,9148,8320
마전,2025-06-23,8840,4244,4596
완정,2025-06-23,16616,8594,8022
독정,2025-06-23,10138,5068,5070
검암,2025-06-23,9753,5360,4393
검바위,2025-06-23,7186,3480,3706
아시아드경기장(공촌사거리),2025-06-23,9815,5140,4675
서구청,2025-06-23,17817,8911,8906
가정(루원시티),2025-06-23,24267,12386,11881
가정중앙시장,2025-06-23,13062,6389,6673
석남(거북시장),2025-06-23,6155,2965,3190
서부여성회관,2025-06-23,8346,4289,4057
인천가좌,2025-06-23,9204,4656,4548
가재울,2025-06-23,8387,4259,4128
주안국가산단,2025-06-23,6177,3070,3107
주안,2025-06-23,15648,6709,8939
시민공원(문화창작지대),2025-06-23,22219,11392,10827
석바위시장,2025-06-23,10724,5216,5508
인천시청,2025-06-23,7302,3539,3763
석천사거리,2025-06-23,10442,5431,5011
모래내시장,2025-06-23,17402,8452,8950
만수,2025-06-23,10392,5435,4957
남동구청,2025-06-23,9678,5012,4666
인천대공원,2025-06-23,5429,2732,2697
운연(서창),2025-06-23,2622,1369,1253
검단오류(검단산업단지),2025-06-24,5866,2901,2965
왕길,2025-06-24,5662,2815,2847
검단사거리,2025-06-24,17652,9276,8376
마전,2025-06-24,8567,4131,4436
완정,2025-06-24,16439,8498,7941
독정,2025-06-24,10012,4895,5117
검암,2025-06-24,9538,5208,4330
검바위,2025-06-24,7339,3561,3778
아시아드경기장(공촌사거리),2025-06-24,9451,5008,4443
서구청,2025-06-24,17698,8798,8900
가정(루원시티),2025-06-24,24391,12424,11967
가정중앙시장,2025-06-24,13160,6446,6714
석남(거북시장),2025-06-24,6100,2964,3136
서부여성회관,2025-06-24,8254,4211,4043
인천가좌,2025-06-24,9182,4638,4544
가재울,2025-06-24,8623,4372,4251
주안국가산단,2025-06-24,6139,3016,3123
주안,2025-06-24,15696,6699,8997
시민공원(문화창작지대),2025-06-24,22816,11739,11077
석바위시장,2025-06-24,10771,5220,5551
인천시청,2025-06-24,7582,3670,3912
석천사거리,2025-06-24,10634,5536,5098
모래내시장,2025-06-24,17455,8490,8965
만수,2025-06-24,10774,5599,5175
남동구청,2025-06-24,10025,5214,4811
인천대공원,2025-06-24,5277,2646,2631
운연(서창),2025-06-24,2642,1376,1266
검단오류(검단산업단지),2025-06-25,5690,2843,2847
왕길,2025-06-25,5313,2625,2688
검단사거리,2025-06-25,17197,9005,8192
마전,2025-06-25,8695,4238,4457
완정,2025-06-25,16357,8461,7896
독정,2025-06-25,9694,4807,4887
검암,2025-06-25,9309,5120,4189
검바위,2025-06-25,7257,3490,3767
아시아드경기장(공촌사거리),2025-06-25,9582,5011,4571
서구청,2025-06-25,17877,8794,9083
가정(루원시티),2025-06-25,24122,12248,11874
가정중앙시장,2025-06-25,12738,6262,6476
석남(거북시장),2025-06-25,6029,2959,3070
서부여성회관,2025-06-25,8110,4200,3910
인천가좌,2025-06-25,8886,4461,4425
가재울,2025-06-25,8151,4149,4002
주안국가산단,2025-06-25,6109,3022,3087
주안,2025-06-25,15062,6420,8642
시민공원(문화창작지대),2025-06-25,21958,11346,10612
석바위시장,2025-06-25,10977,5310,5667
인천시청,2025-06-25,7077,3461,3616
석천사거리,2025-06-25,10248,5275,4973
모래내시장,2025-06-25,16006,7778,8228
만수,2025-06-25,10157,5308,4849
남동구청,2025-06-25,9353,4816,4537
인천대공원,2025-06-25,3773,1906,1867
운연(서창),2025-06-25,2402,1257,1145
검단오류(검단산업단지),2025-06-26,5910,2956,2954
왕길,2025-06-26,5604,2815,2789
검단사거리,2025-06-26,17858,9328,8530
마전,2025-06-26,8770,4250,4520
완정,2025-06-26,16826,8699,8127
독정,2025-06-26,10200,5240,4960
검암,2025-06-26,9313,5083,4230
검바위,2025-06-26,7246,3495,3751
아시아드경기장(공촌사거리),2025-06-26,9454,4981,4473
서구청,2025-06-26,18376,9143,9233
가정(루원시티),2025-06-26,24752,12661,12091
가정중앙시장,2025-06-26,13440,6607,6833
석남(거북시장),2025-06-26,6305,3072,3233
서부여성회관,2025-06-26,8345,4268,4077
인천가좌,2025-06-26,9231,4664,4567
가재울,2025-06-26,8547,4378,4169
주안국가산단,2025-06-26,6148,3011,3137
주안,2025-06-26,16329,6973,9356
시민공원(문화창작지대),2025-06-26,22820,11589,11231
석바위시장,2025-06-26,11084,5388,5696
인천시청,2025-06-26,7329,3508,3821
석천사거리,2025-06-26,10487,5481,5006
모래내시장,2025-06-26,17295,8422,8873
만수,2025-06-26,10881,5674,5207
남동구청,2025-06-26,9494,4956,4538
인천대공원,2025-06-26,5677,2852,2825
운연(서창),2025-06-26,2539,1340,1199
검단오류(검단산업단지),2025-06-27,5820,2866,2954
왕길,2025-06-27,5622,2839,2783
검단사거리,2025-06-27,18547,9782,8765
마전,2025-06-27,9034,4389,4645
완정,2025-06-27,17260,8935,8325
독정,2025-06-27,10004,5059,4945
검암,2025-06-27,9531,5167,4364
검바위,2025-06-27,7613,3770,3843
아시아드경기장(공촌사거리),2025-06-27,9516,5047,4469
서구청,2025-06-27,19194,9444,9750
가정(루원시티),2025-06-27,25614,13140,12474
가정중앙시장,2025-06-27,13943,6845,7098
석남(거북시장),2025-06-27,6309,3113,3196
서부여성회관,2025-06-27,8765,4431,4334
인천가좌,2025-06-27,9260,4691,4569
가재울,2025-06-27,8567,4330,4237
주안국가산단,2025-06-27,6069,2938,3131
주안,2025-06-27,16542,7105,9437
시민공원(문화창작지대),2025-06-27,23205,11840,11365
석바위시장,2025-06-27,11096,5423,5673
인천시청,2025-06-27,7587,3649,3938
석천사거리,2025-06-27,10553,5513,5040
모래내시장,2025-06-27,17961,8834,9127
만수,2025-06-27,11005,5717,5288
남동구청,2025-06-27,9799,5109,4690
인천대공원,2025-06-27,5315,2686,2629
운연(서창),2025-06-27,2632,1387,1245
검단오류(검단산업단지),2025-06-28,2079,1110,969
왕길,2025-06-28,2984,1545,1439
검단사거리,2025-06-28,13250,6920,6330
마전,2025-06-28,5727,2883,2844
완정,2025-06-28,10494,5390,5104
독정,2025-06-28,5896,2968,2928
검암,2025-06-28,5948,3235,2713
검바위,2025-06-28,4104,2019,2085
아시아드경기장(공촌사거리),2025-06-28,10429,5743,4686
서구청,2025-06-28,17031,7096,9935
가정(루원시티),2025-06-28,15144,7816,7328
가정중앙시장,2025-06-28,9733,4774,4959
석남(거북시장),2025-06-28,4538,2170,2368
서부여성회관,2025-06-28,6096,3154,2942
인천가좌,2025-06-28,5050,2613,2437
가재울,2025-06-28,4695,2375,2320
주안국가산단,2025-06-28,1551,750,801
주안,2025-06-28,13207,5357,7850
시민공원(문화창작지대),2025-06-28,15733,8135,7598
석바위시장,2025-06-28,7375,3610,3765
인천시청,2025-06-28,4871,2304,2567
석천사거리,2025-06-28,6984,3600,3384
모래내시장,2025-06-28,13256,6526,6730
만수,2025-06-28,7832,4131,3701
남동구청,2025-06-28,5905,3056,2849
인천대공원,2025-06-28,4897,2445,2452
운연(서창),2025-06-28,1851,935,916
검단오류(검단산업단지),2025-06-29,1626,809,817
왕길,2025-06-29,2368,1187,1181
검단사거리,2025-06-29,10070,5105,4965
마전,2025-06-29,4177,1962,2215
완정,2025-06-29,7004,3551,3453
독정,2025-06-29,4555,2275,2280
검암,2025-06-29,4657,2393,2264
검바위,2025-06-29,3020,1432,1588
아시아드경기장(공촌사거리),2025-06-29,9295,5170,4125
서구청,2025-06-29,12736,5431,7305
가정(루원시티),2025-06-29,10632,5365,5267
가정중앙시장,2025-06-29,7630,3777,3853
석남(거북시장),2025-06-29,3301,1519,1782
서부여성회관,2025-06-29,5327,2733,2594
인천가좌,2025-06-29,3468,1691,1777
가재울,2025-06-29,3569,1825,1744
주안국가산단,2025-06-29,797,386,411
주안,2025-06-29,9559,3940,5619
시민공원(문화창작지대),2025-06-29,12030,6202,5828
석바위시장,2025-06-29,6171,3030,3141
인천시청,2025-06-29,3838,1840,1998
석천사거리,2025-06-29,5197,2716,2481
모래내시장,2025-06-29,11139,5488,5651
만수,2025-06-29,5951,3054,2897
남동구청,2025-06-29,4503,2322,2181
인천대공원,2025-06-29,5666,2830,2836
운연(서창),2025-06-29,1430,734,696
검단오류(검단산업단지),2025-06-30,5704,2810,2894
왕길,2025-06-30,5306,2669,2637
검단사거리,2025-06-30,16845,8763,8082
마전,2025-06-30,8327,3997,4330
완정,2025-06-30,14749,7618,7131
독정,2025-06-30,9041,4589,4452
검암,2025-06-30,8962,4853,4109
검바위,2025-06-30,7030,3363,3667
아시아드경기장(공촌사거리),2025-06-30,9188,4889,4299
서구청,2025-06-30,17496,8867,8629
가정(루원시티),2025-06-30,23474,11981,11493
가정중앙시장,2025-06-30,12600,6147,6453
석남(거북시장),2025-06-30,5908,2894,3014
서부여성회관,2025-06-30,7836,4032,3804
인천가좌,2025-06-30,8771,4410,4361
가재울,2025-06-30,8120,4107,4013
주안국가산단,2025-06-30,6095,2989,3106
주안,2025-06-30,14895,6419,8476
시민공원(문화창작지대),2025-06-30,21772,11171,10601
석바위시장,2025-06-30,10678,5238,5440
인천시청,2025-06-30,6908,3368,3540
석천사거리,2025-06-30,10143,5274,4869
모래내시장,2025-06-30,16705,8171,8534
만수,2025-06-30,10307,5346,4961
남동구청,2025-06-30,9409,4858,4551
인천대공원,2025-06-30,5001,2532,2469
운연(서창),2025-06-30,2433,1257,1176
