역명,일자,이용인원,승차인원,하차인원
계양,2024-07-01,7901,3967,3934
귤현,2024-07-01,2452,968,1484
박촌,2024-07-01,7923,4106,3817
임학,2024-07-01,16229,8179,8050
계산,2024-07-01,19310,9819,9491
경인교대입구,2024-07-01,10403,5259,5144
작전,2024-07-01,29381,14978,14403
갈산,2024-07-01,18777,9511,9266
부평구청,2024-07-01,13718,6737,6981
부평시장,2024-07-01,26857,13514,13343
부평,2024-07-01,13157,6591,6566
동수,2024-07-01,8018,4100,3918
부평삼거리,2024-07-01,5172,2651,2521
간석오거리,2024-07-01,21476,11256,10220
인천시청,2024-07-01,12068,6080,5988
예술회관,2024-07-01,23545,11582,11963
인천터미널,2024-07-01,24886,12312,12574
문학경기장,2024-07-01,3681,1828,1853
선학,2024-07-01,11629,5823,5806
신연수,2024-07-01,11234,5717,5517
원인재,2024-07-01,5770,3094,2676
동춘,2024-07-01,20656,10157,10499
동막,2024-07-01,10620,5569,5051
캠퍼스타운,2024-07-01,11649,5866,5783
테크노파크,2024-07-01,21519,10676,10843
지식정보단지,2024-07-01,10474,5078,5396
인천대입구,2024-07-01,13757,6811,6946
센트럴파크(재외동포청),2024-07-01,7949,3979,3970
국제업무지구,2024-07-01,4863,2439,2424
송도달빛축제공원,2024-07-01,10641,5352,5289
계양,2024-07-02,7047,3490,3557
귤현,2024-07-02,2386,940,1446
박촌,2024-07-02,7394,3813,3581
임학,2024-07-02,14660,7376,7284
계산,2024-07-02,16976,8586,8390
경인교대입구,2024-07-02,9353,4733,4620
작전,2024-07-02,26830,13629,13201
갈산,2024-07-02,17937,9117,8820
부평구청,2024-07-02,12446,6134,6312
부평시장,2024-07-02,23888,11928,11960
부평,2024-07-02,11624,5926,5698
동수,2024-07-02,7613,3771,3842
부평삼거리,2024-07-02,4442,2216,2226
간석오거리,2024-07-02,19444,10155,9289
인천시청,2024-07-02,10375,5275,5100
예술회관,2024-07-02,21742,10735,11007
인천터미널,2024-07-02,21081,10376,10705
문학경기장,2024-07-02,3433,1762,1671
선학,2024-07-02,10618,5262,5356
신연수,2024-07-02,9930,5104,4826
원인재,2024-07-02,5436,2956,2480
동춘,2024-07-02,18586,9027,9559
동막,2024-07-02,10108,5344,4764
캠퍼스타운,2024-07-02,10545,5261,5284
테크노파크,2024-07-02,20060,10068,9992
지식정보단지,2024-07-02,10107,4918,5189
인천대입구,2024-07-02,12962,6487,6475
센트럴파크(재외동포청),2024-07-02,6953,3484,3469
국제업무지구,2024-07-02,4645,2343,2302
송도달빛축제공원,2024-07-02,9000,4476,4524
계양,2024-07-03,7977,3948,4029
귤현,2024-07-03,2480,992,1488
박촌,2024-07-03,8017,4183,3834
임학,2024-07-03,16355,8275,8080
계산,2024-07-03,19358,9829,9529
경인교대입구,2024-07-03,10380,5161,5219
작전,2024-07-03,29720,15093,14627
갈산,2024-07-03,19176,9798,9378
부평구청,2024-07-03,14319,7154,7165
부평시장,2024-07-03,27013,13438,13575
부평,2024-07-03,13863,6931,6932
동수,2024-07-03,8269,4200,4069
부평삼거리,2024-07-03,5259,2646,2613
간석오거리,2024-07-03,22025,11557,10468
인천시청,2024-07-03,11707,5922,5785
예술회관,2024-07-03,24299,11986,12313
인천터미널,2024-07-03,25185,12387,12798
문학경기장,2024-07-03,3606,1809,1797
선학,2024-07-03,12128,6068,6060
신연수,2024-07-03,11251,5756,5495
원인재,2024-07-03,5973,3247,2726
동춘,2024-07-03,21188,10430,10758
동막,2024-07-03,10851,5737,5114
캠퍼스타운,2024-07-03,11840,5988,5852
테크노파크,2024-07-03,22493,11171,11322
지식정보단지,2024-07-03,10862,5287,5575
인천대입구,2024-07-03,14569,7289,7280
센트럴파크(재외동포청),2024-07-03,8075,3996,4079
국제업무지구,2024-07-03,4790,2402,2388
송도달빛축제공원,2024-07-03,10561,5287,5274
계양,2024-07-04,7990,3937,4053
귤현,2024-07-04,2492,1031,1461
박촌,2024-07-04,8026,4175,3851
임학,2024-07-04,16136,8137,7999
계산,2024-07-04,18970,9606,9364
경인교대입구,2024-07-04,10619,5293,5326
작전,2024-07-04,29316,14988,14328
갈산,2024-07-04,19080,9630,9450
부평구청,2024-07-04,14084,6981,7103
부평시장,2024-07-04,26806,13377,13429
부평,2024-07-04,13862,7144,6718
동수,2024-07-04,8209,4133,4076
부평삼거리,2024-07-04,5153,2636,2517
간석오거리,2024-07-04,21513,11256,10257
인천시청,2024-07-04,11307,5688,5619
예술회관,2024-07-04,24376,11930,12446
인천터미널,2024-07-04,25080,12446,12634
문학경기장,2024-07-04,3744,1890,1854
선학,2024-07-04,12090,6021,6069
신연수,2024-07-04,11149,5727,5422
원인재,2024-07-04,5884,3191,2693
동춘,2024-07-04,21224,10337,10887
동막,2024-07-04,11258,5874,5384
캠퍼스타운,2024-07-04,11855,5951,5904
테크노파크,2024-07-04,22783,11406,11377
지식정보단지,2024-07-04,10751,5238,5513
인천대입구,2024-07-04,15111,7514,7597
센트럴파크(재외동포청),2024-07-04,8253,4115,4138
국제업무지구,2024-07-04,4756,2377,2379
송도달빛축제공원,2024-07-04,10560,5279,5281
계양,2024-07-05,8659,4281,4378
귤현,2024-07-05,2613,1071,1542
박촌,2024-07-05,8381,4495,3886
임학,2024-07-05,17197,8712,8485
계산,2024-07-05,19862,10065,9797
경인교대입구,2024-07-05,11071,5539,5532
작전,2024-07-05,31103,15914,15189
갈산,2024-07-05,19282,9807,9475
부평구청,2024-07-05,14587,7144,7443
부평시장,2024-07-05,27794,13810,13984
부평,2024-07-05,15818,7690,8128
동수,2024-07-05,8280,4305,3975
부평삼거리,2024-07-05,5360,2755,2605
간석오거리,2024-07-05,22553,11892,10661
인천시청,2024-07-05,11497,5939,5558
예술회관,2024-07-05,26138,12508,13630
인천터미널,2024-07-05,29890,14512,15378
문학경기장,2024-07-05,11703,5519,6184
선학,2024-07-05,12775,6417,6358
신연수,2024-07-05,11480,5949,5531
원인재,2024-07-05,6111,3212,2899
동춘,2024-07-05,22499,10986,11513
동막,2024-07-05,11233,5898,5335
캠퍼스타운,2024-07-05,12584,6441,6143
테크노파크,2024-07-05,24864,12468,12396
지식정보단지,2024-07-05,10607,5199,5408
인천대입구,2024-07-05,15957,7930,8027
센트럴파크(재외동포청),2024-07-05,8896,4370,4526
국제업무지구,2024-07-05,4707,2365,2342
송도달빛축제공원,2024-07-05,11916,5982,5934
계양,2024-07-06,6016,2852,3164
귤현,2024-07-06,1528,728,800
박촌,2024-07-06,5320,2782,2538
임학,2024-07-06,11465,5784,5681
계산,2024-07-06,15063,7607,7456
경인교대입구,2024-07-06,8363,4189,4174
작전,2024-07-06,21371,11016,10355
갈산,2024-07-06,9935,5130,4805
부평구청,2024-07-06,9785,4825,4960
부평시장,2024-07-06,18345,9163,9182
부평,2024-07-06,13686,6777,6909
동수,2024-07-06,5058,2575,2483
부평삼거리,2024-07-06,3996,1987,2009
간석오거리,2024-07-06,15970,8345,7625
인천시청,2024-07-06,7321,3829,3492
예술회관,2024-07-06,18277,8542,9735
인천터미널,2024-07-06,27064,13333,13731
문학경기장,2024-07-06,22177,10758,11419
선학,2024-07-06,9687,4975,4712
신연수,2024-07-06,5877,3089,2788
원인재,2024-07-06,3630,1938,1692
동춘,2024-07-06,15020,7401,7619
동막,2024-07-06,6523,3465,3058
캠퍼스타운,2024-07-06,7781,3965,3816
테크노파크,2024-07-06,19584,9709,9875
지식정보단지,2024-07-06,4084,2104,1980
인천대입구,2024-07-06,11358,5579,5779
센트럴파크(재외동포청),2024-07-06,6988,3465,3523
국제업무지구,2024-07-06,2272,1216,1056
송도달빛축제공원,2024-07-06,8125,4102,4023
계양,2024-07-07,4746,2165,2581
귤현,2024-07-07,1173,543,630
박촌,2024-07-07,4234,2205,2029
임학,2024-07-07,8716,4463,4253
계산,2024-07-07,13038,6395,6643
경인교대입구,2024-07-07,6879,3458,3421
작전,2024-07-07,14772,7509,7263
갈산,2024-07-07,6670,3424,3246
부평구청,2024-07-07,7015,3367,3648
부평시장,2024-07-07,14214,7117,7097
부평,2024-07-07,9768,5259,4509
동수,2024-07-07,4115,2071,2044
부평삼거리,2024-07-07,3267,1602,1665
간석오거리,2024-07-07,12295,6379,5916
인천시청,2024-07-07,5289,2674,2615
예술회관,2024-07-07,12107,5966,6141
인천터미널,2024-07-07,21126,10748,10378
문학경기장,2024-07-07,1606,782,824
선학,2024-07-07,7831,3848,3983
신연수,2024-07-07,4480,2267,2213
원인재,2024-07-07,2592,1326,1266
동춘,2024-07-07,11605,5809,5796
동막,2024-07-07,4569,2374,2195
캠퍼스타운,2024-07-07,5681,2811,2870
테크노파크,2024-07-07,15862,7926,7936
지식정보단지,2024-07-07,2966,1467,1499
인천대입구,2024-07-07,8422,4044,4378
센트럴파크(재외동포청),2024-07-07,4872,2414,2458
국제업무지구,2024-07-07,1228,636,592
송도달빛축제공원,2024-07-07,6274,3150,3124
계양,2024-07-08,7244,3609,3635
귤현,2024-07-08,2382,951,1431
박촌,2024-07-08,7549,3923,3626
임학,2024-07-08,15047,7583,7464
계산,2024-07-08,17462,8823,8639
경인교대입구,2024-07-08,9796,4914,4882
작전,2024-07-08,27621,14051,13570
갈산,2024-07-08,18385,9383,9002
부평구청,2024-07-08,12954,6455,6499
부평시장,2024-07-08,24944,12531,12413
부평,2024-07-08,12444,6360,6084
동수,2024-07-08,7668,3880,3788
부평삼거리,2024-07-08,4528,2283,2245
간석오거리,2024-07-08,20063,10474,9589
인천시청,2024-07-08,10478,5320,5158
예술회관,2024-07-08,21964,10851,11113
인천터미널,2024-07-08,20630,10129,10501
문학경기장,2024-07-08,3354,1662,1692
선학,2024-07-08,10593,5311,5282
신연수,2024-07-08,10597,5395,5202
원인재,2024-07-08,5310,2875,2435
동춘,2024-07-08,18871,9165,9706
동막,2024-07-08,10221,5446,4775
캠퍼스타운,2024-07-08,10895,5484,5411
테크노파크,2024-07-08,20319,10070,10249
지식정보단지,2024-07-08,10026,4842,5184
인천대입구,2024-07-08,13182,6541,6641
센트럴파크(재외동포청),2024-07-08,7044,3547,3497
국제업무지구,2024-07-08,4639,2352,2287
송도달빛축제공원,2024-07-08,9363,4581,4782
계양,2024-07-09,7926,3962,3964
귤현,2024-07-09,2552,1016,1536
박촌,2024-07-09,7873,4082,3791
임학,2024-07-09,15839,8011,7828
계산,2024-07-09,18393,9290,9103
경인교대입구,2024-07-09,10103,5039,5064
작전,2024-07-09,29342,14894,14448
갈산,2024-07-09,19002,9676,9326
부평구청,2024-07-09,13922,6932,6990
부평시장,2024-07-09,26275,13146,13129
부평,2024-07-09,13203,6679,6524
동수,2024-07-09,8117,4141,3976
부평삼거리,2024-07-09,5211,2648,2563
간석오거리,2024-07-09,21517,11197,10320
인천시청,2024-07-09,11530,5881,5649
예술회관,2024-07-09,23415,11600,11815
인천터미널,2024-07-09,24959,12331,12628
문학경기장,2024-07-09,9567,4634,4933
선학,2024-07-09,11847,5903,5944
신연수,2024-07-09,11089,5681,5408
원인재,2024-07-09,5854,3155,2699
동춘,2024-07-09,20520,10090,10430
동막,2024-07-09,10933,5734,5199
캠퍼스타운,2024-07-09,11795,5955,5840
테크노파크,2024-07-09,22182,11009,11173
지식정보단지,2024-07-09,10737,5234,5503
인천대입구,2024-07-09,14006,6922,7084
센트럴파크(재외동포청),2024-07-09,7939,3985,3954
국제업무지구,2024-07-09,4750,2410,2340
송도달빛축제공원,2024-07-09,10485,5184,5301
계양,2024-07-10,8145,4059,4086
귤현,2024-07-10,2458,973,1485
박촌,2024-07-10,8113,4233,3880
임학,2024-07-10,16449,8302,8147
계산,2024-07-10,19252,9735,9517
경인교대입구,2024-07-10,10450,5204,5246
작전,2024-07-10,30300,15432,14868
갈산,2024-07-10,19460,9963,9497
부평구청,2024-07-10,14347,7062,7285
부평시장,2024-07-10,26990,13426,13564
부평,2024-07-10,13939,7067,6872
동수,2024-07-10,8244,4211,4033
부평삼거리,2024-07-10,5343,2676,2667
간석오거리,2024-07-10,22339,11673,10666
인천시청,2024-07-10,11938,6077,5861
예술회관,2024-07-10,24228,11852,12376
인천터미널,2024-07-10,26029,12804,13225
문학경기장,2024-07-10,14036,6733,7303
선학,2024-07-10,12369,6209,6160
신연수,2024-07-10,11350,5788,5562
원인재,2024-07-10,6107,3301,2806
동춘,2024-07-10,21899,10783,11116
동막,2024-07-10,11022,5849,5173
캠퍼스타운,2024-07-10,12152,6210,5942
테크노파크,2024-07-10,23882,11866,12016
지식정보단지,2024-07-10,11086,5437,5649
인천대입구,2024-07-10,14307,7111,7196
센트럴파크(재외동포청),2024-07-10,8885,4460,4425
국제업무지구,2024-07-10,4847,2472,2375
송도달빛축제공원,2024-07-10,10833,5350,5483
계양,2024-07-11,8267,4078,4189
귤현,2024-07-11,2532,1022,1510
박촌,2024-07-11,8124,4267,3857
임학,2024-07-11,16541,8374,8167
계산,2024-07-11,19386,9783,9603
경인교대입구,2024-07-11,10695,5321,5374
작전,2024-07-11,29927,15216,14711
갈산,2024-07-11,19598,10060,9538
부평구청,2024-07-11,14631,7290,7341
부평시장,2024-07-11,27262,13531,13731
부평,2024-07-11,14489,7296,7193
동수,2024-07-11,8283,4186,4097
부평삼거리,2024-07-11,5485,2809,2676
간석오거리,2024-07-11,22198,11550,10648
인천시청,2024-07-11,11735,5939,5796
예술회관,2024-07-11,24546,12060,12486
인천터미널,2024-07-11,26295,12948,13347
문학경기장,2024-07-11,15045,7249,7796
선학,2024-07-11,12460,6275,6185
신연수,2024-07-11,11352,5778,5574
원인재,2024-07-11,6176,3259,2917
동춘,2024-07-11,21567,10650,10917
동막,2024-07-11,11033,5786,5247
캠퍼스타운,2024-07-11,12510,6263,6247
테크노파크,2024-07-11,22549,11217,11332
지식정보단지,2024-07-11,10805,5282,5523
인천대입구,2024-07-11,14476,7164,7312
센트럴파크(재외동포청),2024-07-11,8454,4202,4252
국제업무지구,2024-07-11,4873,2489,2384
송도달빛축제공원,2024-07-11,11008,5517,5491
계양,2024-07-12,8268,4088,4180
귤현,2024-07-12,2586,1105,1481
박촌,2024-07-12,8104,4246,3858
임학,2024-07-12,17240,8717,8523
계산,2024-07-12,19900,10094,9806
경인교대입구,2024-07-12,10933,5480,5453
작전,2024-07-12,30643,15627,15016
갈산,2024-07-12,19584,10045,9539
부평구청,2024-07-12,14293,7140,7153
부평시장,2024-07-12,28112,13999,14113
부평,2024-07-12,15427,7571,7856
동수,2024-07-12,8192,4230,3962
부평삼거리,2024-07-12,5351,2697,2654
간석오거리,2024-07-12,22290,11644,10646
인천시청,2024-07-12,11741,5996,5745
예술회관,2024-07-12,25752,12400,13352
인천터미널,2024-07-12,29556,14229,15327
문학경기장,2024-07-12,3816,1932,1884
선학,2024-07-12,12851,6479,6372
신연수,2024-07-12,11302,5845,5457
원인재,2024-07-12,6158,3246,2912
동춘,2024-07-12,22046,10793,11253
동막,2024-07-12,11225,5985,5240
캠퍼스타운,2024-07-12,12404,6311,6093
테크노파크,2024-07-12,23458,11619,11839
지식정보단지,2024-07-12,10706,5282,5424
인천대입구,2024-07-12,14870,7398,7472
센트럴파크(재외동포청),2024-07-12,8718,4336,4382
국제업무지구,2024-07-12,4707,2387,2320
송도달빛축제공원,2024-07-12,10983,5560,5423
계양,2024-07-13,6604,3229,3375
귤현,2024-07-13,1598,752,846
박촌,2024-07-13,5735,2974,2761
임학,2024-07-13,12308,6285,6023
계산,2024-07-13,17188,8634,8554
경인교대입구,2024-07-13,8846,4442,4404
작전,2024-07-13,22308,11560,10748
갈산,2024-07-13,10091,5273,4818
부평구청,2024-07-13,10188,4946,5242
부평시장,2024-07-13,19315,9623,9692
부평,2024-07-13,14576,7338,7238
동수,2024-07-13,5308,2742,2566
부평삼거리,2024-07-13,4232,2089,2143
간석오거리,2024-07-13,16396,8451,7945
인천시청,2024-07-13,7399,3900,3499
예술회관,2024-07-13,18111,8497,9614
인천터미널,2024-07-13,27008,13015,13993
문학경기장,2024-07-13,2459,1200,1259
선학,2024-07-13,10270,5167,5103
신연수,2024-07-13,6559,3432,3127
원인재,2024-07-13,3859,2039,1820
동춘,2024-07-13,16243,8026,8217
동막,2024-07-13,6978,3742,3236
캠퍼스타운,2024-07-13,8121,4264,3857
테크노파크,2024-07-13,20217,9936,10281
지식정보단지,2024-07-13,4351,2250,2101
인천대입구,2024-07-13,10817,5432,5385
센트럴파크(재외동포청),2024-07-13,7335,3584,3751
국제업무지구,2024-07-13,2418,1259,1159
송도달빛축제공원,2024-07-13,8522,4300,4222
계양,2024-07-14,4587,2109,2478
귤현,2024-07-14,1093,486,607
박촌,2024-07-14,4185,2180,2005
임학,2024-07-14,8771,4431,4340
계산,2024-07-14,13061,6495,6566
경인교대입구,2024-07-14,7050,3504,3546
작전,2024-07-14,15176,7681,7495
갈산,2024-07-14,6834,3440,3394
부평구청,2024-07-14,7276,3520,3756
부평시장,2024-07-14,14731,7205,7526
부평,2024-07-14,10282,5388,4894
동수,2024-07-14,4196,2129,2067
부평삼거리,2024-07-14,3235,1560,1675
간석오거리,2024-07-14,11991,6239,5752
인천시청,2024-07-14,5297,2716,2581
예술회관,2024-07-14,11954,5773,6181
인천터미널,2024-07-14,21953,11221,10732
문학경기장,2024-07-14,1363,673,690
선학,2024-07-14,7807,3821,3986
신연수,2024-07-14,4552,2327,2225
원인재,2024-07-14,2850,1444,1406
동춘,2024-07-14,9859,5008,4851
동막,2024-07-14,4653,2388,2265
캠퍼스타운,2024-07-14,5844,2973,2871
테크노파크,2024-07-14,16309,8073,8236
지식정보단지,2024-07-14,2994,1477,1517
인천대입구,2024-07-14,7652,3754,3898
센트럴파크(재외동포청),2024-07-14,4914,2455,2459
국제업무지구,2024-07-14,1377,712,665
송도달빛축제공원,2024-07-14,6763,3314,3449
계양,2024-07-15,7906,3975,3931
귤현,2024-07-15,2508,982,1526
박촌,2024-07-15,7762,4060,3702
임학,2024-07-15,15840,8014,7826
계산,2024-07-15,18569,9385,9184
경인교대입구,2024-07-15,10214,5065,5149
작전,2024-07-15,29122,14764,14358
갈산,2024-07-15,18707,9614,9093
부평구청,2024-07-15,14249,7114,7135
부평시장,2024-07-15,26820,13259,13561
부평,2024-07-15,13642,6862,6780
동수,2024-07-15,8092,4099,3993
부평삼거리,2024-07-15,5064,2558,2506
간석오거리,2024-07-15,21433,11144,10289
인천시청,2024-07-15,10949,5550,5399
예술회관,2024-07-15,23557,11686,11871
인천터미널,2024-07-15,24727,12199,12528
문학경기장,2024-07-15,3651,1808,1843
선학,2024-07-15,11491,5712,5779
신연수,2024-07-15,11113,5667,5446
원인재,2024-07-15,6017,3194,2823
동춘,2024-07-15,20523,9959,10564
동막,2024-07-15,10563,5631,4932
캠퍼스타운,2024-07-15,11576,5811,5765
테크노파크,2024-07-15,20969,10419,10550
지식정보단지,2024-07-15,10430,5015,5415
인천대입구,2024-07-15,13133,6511,6622
센트럴파크(재외동포청),2024-07-15,7792,3913,3879
국제업무지구,2024-07-15,5081,2568,2513
송도달빛축제공원,2024-07-15,10077,5051,5026
계양,2024-07-16,7638,3800,3838
귤현,2024-07-16,2434,971,1463
박촌,2024-07-16,7717,3974,3743
임학,2024-07-16,15506,7801,7705
계산,2024-07-16,18063,9179,8884
경인교대입구,2024-07-16,10105,5061,5044
작전,2024-07-16,28423,14430,13993
갈산,2024-07-16,18851,9650,9201
부평구청,2024-07-16,13739,6876,6863
부평시장,2024-07-16,26050,13035,13015
부평,2024-07-16,12837,6473,6364
동수,2024-07-16,8316,4136,4180
부평삼거리,2024-07-16,5003,2537,2466
간석오거리,2024-07-16,21099,11008,10091
인천시청,2024-07-16,11103,5597,5506
예술회관,2024-07-16,23610,11672,11938
인천터미널,2024-07-16,23759,11731,12028
문학경기장,2024-07-16,3738,1873,1865
선학,2024-07-16,11522,5715,5807
신연수,2024-07-16,10872,5546,5326
원인재,2024-07-16,6070,3274,2796
동춘,2024-07-16,19906,9683,10223
동막,2024-07-16,10618,5611,5007
캠퍼스타운,2024-07-16,11343,5676,5667
테크노파크,2024-07-16,21421,10663,10758
지식정보단지,2024-07-16,10320,5058,5262
인천대입구,2024-07-16,13413,6677,6736
센트럴파크(재외동포청),2024-07-16,7728,3872,3856
국제업무지구,2024-07-16,4883,2449,2434
송도달빛축제공원,2024-07-16,10057,5048,5009
계양,2024-07-17,7029,3511,3518
귤현,2024-07-17,2255,910,1345
박촌,2024-07-17,7434,3863,3571
임학,2024-07-17,14698,7345,7353
계산,2024-07-17,17052,8659,8393
경인교대입구,2024-07-17,9785,4879,4906
작전,2024-07-17,27368,13817,13551
갈산,2024-07-17,18270,9317,8953
부평구청,2024-07-17,13124,6641,6483
부평시장,2024-07-17,24875,12430,12445
부평,2024-07-17,12743,6418,6325
동수,2024-07-17,7996,4016,3980
부평삼거리,2024-07-17,4828,2439,2389
간석오거리,2024-07-17,20451,10655,9796
인천시청,2024-07-17,10541,5263,5278
예술회관,2024-07-17,22839,11209,11630
인천터미널,2024-07-17,22871,11305,11566
문학경기장,2024-07-17,3438,1760,1678
선학,2024-07-17,11118,5588,5530
신연수,2024-07-17,10492,5361,5131
원인재,2024-07-17,5629,3065,2564
동춘,2024-07-17,19384,9490,9894
동막,2024-07-17,10498,5504,4994
캠퍼스타운,2024-07-17,10911,5485,5426
테크노파크,2024-07-17,20755,10410,10345
지식정보단지,2024-07-17,10084,4875,5209
인천대입구,2024-07-17,13905,6961,6944
센트럴파크(재외동포청),2024-07-17,7194,3610,3584
국제업무지구,2024-07-17,4806,2445,2361
송도달빛축제공원,2024-07-17,9628,4822,4806
계양,2024-07-18,6948,3415,3533
귤현,2024-07-18,2216,895,1321
박촌,2024-07-18,7112,3727,3385
임학,2024-07-18,14323,7222,7101
계산,2024-07-18,17126,8764,8362
경인교대입구,2024-07-18,9184,4567,4617
작전,2024-07-18,26104,13238,12866
갈산,2024-07-18,17721,9053,8668
부평구청,2024-07-18,12793,6417,6376
부평시장,2024-07-18,23228,11699,11529
부평,2024-07-18,12619,6396,6223
동수,2024-07-18,7599,3870,3729
부평삼거리,2024-07-18,4413,2231,2182
간석오거리,2024-07-18,19267,10069,9198
인천시청,2024-07-18,10322,5178,5144
예술회관,2024-07-18,21721,10661,11060
인천터미널,2024-07-18,21553,10648,10905
문학경기장,2024-07-18,2864,1457,1407
선학,2024-07-18,10449,5212,5237
신연수,2024-07-18,10084,5193,4891
원인재,2024-07-18,5314,2844,2470
동춘,2024-07-18,18560,8924,9636
동막,2024-07-18,10012,5274,4738
캠퍼스타운,2024-07-18,10385,5275,5110
테크노파크,2024-07-18,19874,9913,9961
지식정보단지,2024-07-18,9725,4689,5036
인천대입구,2024-07-18,12443,6196,6247
센트럴파크(재외동포청),2024-07-18,7109,3570,3539
국제업무지구,2024-07-18,4655,2374,2281
송도달빛축제공원,2024-07-18,8845,4416,4429
계양,2024-07-19,8340,4139,4201
귤현,2024-07-19,2576,1075,1501
박촌,2024-07-19,8282,4363,3919
임학,2024-07-19,16815,8499,8316
계산,2024-07-19,19922,10096,9826
경인교대입구,2024-07-19,11076,5533,5543
작전,2024-07-19,31253,15982,15271
갈산,2024-07-19,19525,10032,9493
부평구청,2024-07-19,14736,7297,7439
부평시장,2024-07-19,28155,14021,14134
부평,2024-07-19,15759,7797,7962
동수,2024-07-19,8280,4250,4030
부평삼거리,2024-07-19,5469,2831,2638
간석오거리,2024-07-19,22583,11906,10677
인천시청,2024-07-19,11832,6040,5792
예술회관,2024-07-19,26199,12577,13622
인천터미널,2024-07-19,30108,14579,15529
문학경기장,2024-07-19,12342,5862,6480
선학,2024-07-19,12655,6346,6309
신연수,2024-07-19,11385,5856,5529
원인재,2024-07-19,6307,3382,2925
동춘,2024-07-19,22633,11040,11593
동막,2024-07-19,11015,5891,5124
캠퍼스타운,2024-07-19,12073,6089,5984
테크노파크,2024-07-19,23990,11951,12039
지식정보단지,2024-07-19,10371,5120,5251
인천대입구,2024-07-19,14397,7179,7218
센트럴파크(재외동포청),2024-07-19,9103,4539,4564
국제업무지구,2024-07-19,5250,2640,2610
송도달빛축제공원,2024-07-19,10969,5486,5483
계양,2024-07-20,5812,2805,3007
귤현,2024-07-20,1534,667,867
박촌,2024-07-20,5260,2757,2503
임학,2024-07-20,11418,5737,5681
계산,2024-07-20,14702,7492,7210
경인교대입구,2024-07-20,8332,4172,4160
작전,2024-07-20,21116,10857,10259
갈산,2024-07-20,9586,4973,4613
부평구청,2024-07-20,9605,4728,4877
부평시장,2024-07-20,18294,9103,9191
부평,2024-07-20,13804,6983,6821
동수,2024-07-20,4935,2485,2450
부평삼거리,2024-07-20,3963,1945,2018
간석오거리,2024-07-20,16098,8383,7715
인천시청,2024-07-20,6974,3645,3329
예술회관,2024-07-20,17269,8112,9157
인천터미널,2024-07-20,26212,12705,13507
문학경기장,2024-07-20,12967,6342,6625
선학,2024-07-20,10035,5052,4983
신연수,2024-07-20,6057,3182,2875
원인재,2024-07-20,3355,1789,1566
동춘,2024-07-20,15554,7703,7851
동막,2024-07-20,6405,3392,3013
캠퍼스타운,2024-07-20,7902,4083,3819
테크노파크,2024-07-20,18748,9265,9483
지식정보단지,2024-07-20,4393,2296,2097
인천대입구,2024-07-20,9907,4846,5061
센트럴파크(재외동포청),2024-07-20,6752,3360,3392
국제업무지구,2024-07-20,2481,1291,1190
송도달빛축제공원,2024-07-20,7828,3993,3835
계양,2024-07-21,4630,2163,2467
귤현,2024-07-21,1026,468,558
박촌,2024-07-21,4039,2094,1945
임학,2024-07-21,8598,4345,4253
계산,2024-07-21,11360,5679,5681
경인교대입구,2024-07-21,6845,3471,3374
작전,2024-07-21,15013,7533,7480
갈산,2024-07-21,6235,3152,3083
부평구청,2024-07-21,6860,3351,3509
부평시장,2024-07-21,13970,6995,6975
부평,2024-07-21,9952,5242,4710
동수,2024-07-21,4101,2104,1997
부평삼거리,2024-07-21,3128,1557,1571
간석오거리,2024-07-21,12042,6209,5833
인천시청,2024-07-21,5282,2688,2594
예술회관,2024-07-21,11900,5854,6046
인천터미널,2024-07-21,21081,10671,10410
문학경기장,2024-07-21,9383,4679,4704
선학,2024-07-21,7789,3871,3918
신연수,2024-07-21,4529,2318,2211
원인재,2024-07-21,2800,1468,1332
동춘,2024-07-21,11511,5673,5838
동막,2024-07-21,4275,2182,2093
캠퍼스타운,2024-07-21,5636,2798,2838
테크노파크,2024-07-21,14985,7411,7574
지식정보단지,2024-07-21,2766,1351,1415
인천대입구,2024-07-21,7473,3624,3849
센트럴파크(재외동포청),2024-07-21,5223,2595,2628
국제업무지구,2024-07-21,1277,677,600
송도달빛축제공원,2024-07-21,6114,2993,3121
계양,2024-07-22,7052,3527,3525
귤현,2024-07-22,2203,900,1303
박촌,2024-07-22,6869,3586,3283
임학,2024-07-22,14764,7450,7314
계산,2024-07-22,16990,8569,8421
경인교대입구,2024-07-22,9476,4775,4701
작전,2024-07-22,27120,13777,13343
갈산,2024-07-22,17871,9071,8800
부평구청,2024-07-22,12608,6281,6327
부평시장,2024-07-22,24257,12179,12078
부평,2024-07-22,12793,6507,6286
동수,2024-07-22,7711,3908,3803
부평삼거리,2024-07-22,4123,2092,2031
간석오거리,2024-07-22,19703,10301,9402
인천시청,2024-07-22,10121,5121,5000
예술회관,2024-07-22,22330,10997,11333
인천터미널,2024-07-22,22300,11011,11289
문학경기장,2024-07-22,3271,1638,1633
선학,2024-07-22,10590,5339,5251
신연수,2024-07-22,10075,5135,4940
원인재,2024-07-22,5559,2951,2608
동춘,2024-07-22,19044,9255,9789
동막,2024-07-22,9471,4963,4508
캠퍼스타운,2024-07-22,10739,5374,5365
테크노파크,2024-07-22,20478,10227,10251
지식정보단지,2024-07-22,9619,4660,4959
인천대입구,2024-07-22,12466,6215,6251
센트럴파크(재외동포청),2024-07-22,6927,3455,3472
국제업무지구,2024-07-22,4768,2426,2342
송도달빛축제공원,2024-07-22,9539,4801,4738
계양,2024-07-23,7494,3750,3744
귤현,2024-07-23,2303,875,1428
박촌,2024-07-23,7019,3630,3389
임학,2024-07-23,15049,7605,7444
계산,2024-07-23,17471,8835,8636
경인교대입구,2024-07-23,9639,4865,4774
작전,2024-07-23,28129,14336,13793
갈산,2024-07-23,18443,9349,9094
부평구청,2024-07-23,13226,6511,6715
부평시장,2024-07-23,25312,12643,12669
부평,2024-07-23,13018,6514,6504
동수,2024-07-23,7976,4062,3914
부평삼거리,2024-07-23,4273,2115,2158
간석오거리,2024-07-23,20408,10578,9830
인천시청,2024-07-23,10630,5394,5236
예술회관,2024-07-23,23206,11407,11799
인천터미널,2024-07-23,23531,11588,11943
문학경기장,2024-07-23,3528,1767,1761
선학,2024-07-23,10958,5471,5487
신연수,2024-07-23,10352,5326,5026
원인재,2024-07-23,6052,3296,2756
동춘,2024-07-23,19981,9742,10239
동막,2024-07-23,9951,5231,4720
캠퍼스타운,2024-07-23,10805,5447,5358
테크노파크,2024-07-23,21399,10703,10696
지식정보단지,2024-07-23,10150,4947,5203
인천대입구,2024-07-23,12884,6398,6486
센트럴파크(재외동포청),2024-07-23,7445,3712,3733
국제업무지구,2024-07-23,4882,2468,2414
송도달빛축제공원,2024-07-23,9886,4921,4965
계양,2024-07-24,7885,3969,3916
귤현,2024-07-24,2375,955,1420
박촌,2024-07-24,7317,3819,3498
임학,2024-07-24,15526,7856,7670
계산,2024-07-24,18447,9308,9139
경인교대입구,2024-07-24,9933,4972,4961
작전,2024-07-24,29258,14920,14338
갈산,2024-07-24,18762,9422,9340
부평구청,2024-07-24,13829,6812,7017
부평시장,2024-07-24,26129,12993,13136
부평,2024-07-24,13911,7064,6847
동수,2024-07-24,8227,4147,4080
부평삼거리,2024-07-24,4637,2335,2302
간석오거리,2024-07-24,21373,11215,10158
인천시청,2024-07-24,11000,5580,5420
예술회관,2024-07-24,24665,12046,12619
인천터미널,2024-07-24,24841,12168,12673
문학경기장,2024-07-24,3787,1931,1856
선학,2024-07-24,11596,5844,5752
신연수,2024-07-24,10896,5540,5356
원인재,2024-07-24,6313,3371,2942
동춘,2024-07-24,21000,10239,10761
동막,2024-07-24,10691,5675,5016
캠퍼스타운,2024-07-24,10906,5515,5391
테크노파크,2024-07-24,22071,10948,11123
지식정보단지,2024-07-24,10092,4875,5217
인천대입구,2024-07-24,13452,6733,6719
센트럴파크(재외동포청),2024-07-24,7864,3929,3935
국제업무지구,2024-07-24,4978,2524,2454
송도달빛축제공원,2024-07-24,10299,5242,5057
계양,2024-07-25,7902,3913,3989
귤현,2024-07-25,2390,935,1455
박촌,2024-07-25,7183,3761,3422
임학,2024-07-25,15770,7946,7824
계산,2024-07-25,18430,9277,9153
경인교대입구,2024-07-25,10300,5141,5159
작전,2024-07-25,29139,14868,14271
갈산,2024-07-25,18991,9637,9354
부평구청,2024-07-25,13746,6758,6988
부평시장,2024-07-25,26597,13232,13365
부평,2024-07-25,14102,7218,6884
동수,2024-07-25,8143,4146,3997
부평삼거리,2024-07-25,4683,2374,2309
간석오거리,2024-07-25,21075,11006,10069
인천시청,2024-07-25,10922,5520,5402
예술회관,2024-07-25,24344,11979,12365
인천터미널,2024-07-25,25124,12382,12742
문학경기장,2024-07-25,3616,1826,1790
선학,2024-07-25,11639,5818,5821
신연수,2024-07-25,10559,5371,5188
원인재,2024-07-25,6142,3274,2868
동춘,2024-07-25,20572,9985,10587
동막,2024-07-25,10846,5638,5208
캠퍼스타운,2024-07-25,10900,5476,5424
테크노파크,2024-07-25,22150,11095,11055
지식정보단지,2024-07-25,10088,4892,5196
인천대입구,2024-07-25,13204,6652,6552
센트럴파크(재외동포청),2024-07-25,7939,3984,3955
국제업무지구,2024-07-25,5086,2551,2535
송도달빛축제공원,2024-07-25,10321,5224,5097
계양,2024-07-26,7948,4045,3903
귤현,2024-07-26,2440,1006,1434
박촌,2024-07-26,7154,3780,3374
임학,2024-07-26,15808,7987,7821
계산,2024-07-26,18516,9352,9164
경인교대입구,2024-07-26,10359,5133,5226
작전,2024-07-26,28973,14863,14110
갈산,2024-07-26,18596,9581,9015
부평구청,2024-07-26,13764,6786,6978
부평시장,2024-07-26,26490,13199,13291
부평,2024-07-26,15006,7582,7424
동수,2024-07-26,7887,4049,3838
부평삼거리,2024-07-26,4747,2387,2360
간석오거리,2024-07-26,21098,11067,10031
인천시청,2024-07-26,10592,5393,5199
예술회관,2024-07-26,24593,11832,12761
인천터미널,2024-07-26,28594,13766,14828
문학경기장,2024-07-26,12486,5994,6492
선학,2024-07-26,12185,6107,6078
신연수,2024-07-26,10442,5419,5023
원인재,2024-07-26,6130,3298,2832
동춘,2024-07-26,21241,10304,10937
동막,2024-07-26,11033,5817,5216
캠퍼스타운,2024-07-26,10950,5514,5436
테크노파크,2024-07-26,22548,11272,11276
지식정보단지,2024-07-26,9532,4665,4867
인천대입구,2024-07-26,13952,6941,7011
센트럴파크(재외동포청),2024-07-26,7965,3904,4061
국제업무지구,2024-07-26,4858,2475,2383
송도달빛축제공원,2024-07-26,10168,5223,4945
계양,2024-07-27,6082,2927,3155
귤현,2024-07-27,1482,684,798
박촌,2024-07-27,5213,2726,2487
임학,2024-07-27,11112,5611,5501
계산,2024-07-27,14959,7458,7501
경인교대입구,2024-07-27,7863,3917,3946
작전,2024-07-27,20624,10634,9990
갈산,2024-07-27,8814,4628,4186
부평구청,2024-07-27,9527,4648,4879
부평시장,2024-07-27,17766,8859,8907
부평,2024-07-27,13113,6737,6376
동수,2024-07-27,5066,2559,2507
부평삼거리,2024-07-27,3591,1783,1808
간석오거리,2024-07-27,15322,7986,7336
인천시청,2024-07-27,6848,3552,3296
예술회관,2024-07-27,16706,7872,8834
인천터미널,2024-07-27,25743,12500,13243
문학경기장,2024-07-27,13154,6375,6779
선학,2024-07-27,10360,5238,5122
신연수,2024-07-27,5624,2950,2674
원인재,2024-07-27,3544,1883,1661
동춘,2024-07-27,14472,7140,7332
동막,2024-07-27,6241,3317,2924
캠퍼스타운,2024-07-27,7356,3857,3499
테크노파크,2024-07-27,17494,8652,8842
지식정보단지,2024-07-27,4083,2140,1943
인천대입구,2024-07-27,10802,5450,5352
센트럴파크(재외동포청),2024-07-27,6430,3175,3255
국제업무지구,2024-07-27,2468,1281,1187
송도달빛축제공원,2024-07-27,7599,3813,3786
계양,2024-07-28,5030,2346,2684
귤현,2024-07-28,1085,488,597
박촌,2024-07-28,3921,2044,1877
임학,2024-07-28,8547,4304,4243
계산,2024-07-28,11728,5821,5907
경인교대입구,2024-07-28,6670,3355,3315
작전,2024-07-28,14342,7296,7046
갈산,2024-07-28,6238,3159,3079
부평구청,2024-07-28,6840,3314,3526
부평시장,2024-07-28,14015,6982,7033
부평,2024-07-28,9985,5105,4880
동수,2024-07-28,4288,2181,2107
부평삼거리,2024-07-28,3082,1528,1554
간석오거리,2024-07-28,11939,6156,5783
인천시청,2024-07-28,5228,2697,2531
예술회관,2024-07-28,11689,5694,5995
인천터미널,2024-07-28,21924,11156,10768
문학경기장,2024-07-28,10774,5357,5417
선학,2024-07-28,7449,3718,3731
신연수,2024-07-28,4472,2296,2176
원인재,2024-07-28,2731,1441,1290
동춘,2024-07-28,9281,4647,4634
동막,2024-07-28,4420,2302,2118
캠퍼스타운,2024-07-28,5366,2713,2653
테크노파크,2024-07-28,15009,7510,7499
지식정보단지,2024-07-28,2980,1487,1493
인천대입구,2024-07-28,8533,4283,4250
센트럴파크(재외동포청),2024-07-28,5183,2523,2660
국제업무지구,2024-07-28,1404,703,701
송도달빛축제공원,2024-07-28,6002,2946,3056
계양,2024-07-29,6902,3463,3439
귤현,2024-07-29,2160,888,1272
박촌,2024-07-29,6533,3449,3084
임학,2024-07-29,14434,7329,7105
계산,2024-07-29,17213,8731,8482
경인교대입구,2024-07-29,9532,4756,4776
작전,2024-07-29,26775,13608,13167
갈산,2024-07-29,16562,8331,8231
부평구청,2024-07-29,12019,5909,6110
부평시장,2024-07-29,24252,12083,12169
부평,2024-07-29,13138,6645,6493
동수,2024-07-29,7462,3797,3665
부평삼거리,2024-07-29,4156,2103,2053
간석오거리,2024-07-29,18616,9762,8854
인천시청,2024-07-29,9976,5063,4913
예술회관,2024-07-29,22074,10771,11303
인천터미널,2024-07-29,24117,12042,12075
문학경기장,2024-07-29,3239,1604,1635
선학,2024-07-29,10290,5125,5165
신연수,2024-07-29,9168,4693,4475
원인재,2024-07-29,5041,2697,2344
동춘,2024-07-29,18055,8808,9247
동막,2024-07-29,8648,4530,4118
캠퍼스타운,2024-07-29,9808,4893,4915
테크노파크,2024-07-29,19878,9839,10039
지식정보단지,2024-07-29,7869,3822,4047
인천대입구,2024-07-29,12029,6026,6003
센트럴파크(재외동포청),2024-07-29,7340,3670,3670
국제업무지구,2024-07-29,4809,2446,2363
송도달빛축제공원,2024-07-29,9354,4729,4625
계양,2024-07-30,7469,3704,3765
귤현,2024-07-30,2079,843,1236
박촌,2024-07-30,6810,3542,3268
임학,2024-07-30,14996,7619,7377
계산,2024-07-30,17611,8961,8650
경인교대입구,2024-07-30,9687,4864,4823
작전,2024-07-30,27429,13908,13521
갈산,2024-07-30,16867,8570,8297
부평구청,2024-07-30,12525,6098,6427
부평시장,2024-07-30,24494,12171,12323
부평,2024-07-30,13565,6835,6730
동수,2024-07-30,7410,3743,3667
부평삼거리,2024-07-30,4138,2082,2056
간석오거리,2024-07-30,19854,10359,9495
인천시청,2024-07-30,10270,5149,5121
예술회관,2024-07-30,22477,10991,11486
인천터미널,2024-07-30,25194,12477,12717
문학경기장,2024-07-30,12625,6013,6612
선학,2024-07-30,10698,5311,5387
신연수,2024-07-30,9310,4755,4555
원인재,2024-07-30,5312,2822,2490
동춘,2024-07-30,18783,9211,9572
동막,2024-07-30,9184,4838,4346
캠퍼스타운,2024-07-30,10040,5024,5016
테크노파크,2024-07-30,21414,10773,10641
지식정보단지,2024-07-30,8197,3981,4216
인천대입구,2024-07-30,13380,6791,6589
센트럴파크(재외동포청),2024-07-30,8023,3993,4030
국제업무지구,2024-07-30,4932,2532,2400
송도달빛축제공원,2024-07-30,9567,4839,4728
계양,2024-07-31,7299,3587,3712
귤현,2024-07-31,2013,813,1200
박촌,2024-07-31,6748,3526,3222
임학,2024-07-31,14887,7590,7297
계산,2024-07-31,17518,8781,8737
경인교대입구,2024-07-31,9661,4874,4787
작전,2024-07-31,27082,13752,13330
갈산,2024-07-31,15476,7861,7615
부평구청,2024-07-31,12410,6086,6324
부평시장,2024-07-31,24407,12225,12182
부평,2024-07-31,13926,7123,6803
동수,2024-07-31,7124,3610,3514
부평삼거리,2024-07-31,4181,2135,2046
간석오거리,2024-07-31,19300,10063,9237
인천시청,2024-07-31,9915,5010,4905
예술회관,2024-07-31,22249,10811,11438
인천터미널,2024-07-31,25324,12435,12889
문학경기장,2024-07-31,12553,5918,6635
선학,2024-07-31,10599,5304,5295
신연수,2024-07-31,8211,4194,4017
원인재,2024-07-31,5109,2722,2387
동춘,2024-07-31,17449,8555,8894
동막,2024-07-31,8599,4595,4004
캠퍼스타운,2024-07-31,10127,5029,5098
테크노파크,2024-07-31,21338,10711,10627
지식정보단지,2024-07-31,7954,3868,4086
인천대입구,2024-07-31,12617,6306,6311
센트럴파크(재외동포청),2024-07-31,8212,4079,4133
국제업무지구,2024-07-31,4715,2407,2308
송도달빛축제공원,2024-07-31,9518,4819,4699
계양,2024-08-01,7307,3592,3715
귤현,2024-08-01,1979,786,1193
박촌,2024-08-01,6403,3382,3021
임학,2024-08-01,14073,7154,6919
계산,2024-08-01,16969,8556,8413
경인교대입구,2024-08-01,9100,4602,4498
작전,2024-08-01,25716,13209,12507
갈산,2024-08-01,14067,7168,6899
부평구청,2024-08-01,12023,5875,6148
부평시장,2024-08-01,23781,11936,11845
부평,2024-08-01,13773,7028,6745
동수,2024-08-01,6992,3557,3435
부평삼거리,2024-08-01,4068,2074,1994
간석오거리,2024-08-01,18703,9747,8956
인천시청,2024-08-01,9584,4871,4713
예술회관,2024-08-01,21183,10321,10862
인천터미널,2024-08-01,25180,12246,12934
문학경기장,2024-08-01,13527,6452,7075
선학,2024-08-01,10207,5121,5086
신연수,2024-08-01,7873,4087,3786
원인재,2024-08-01,4666,2491,2175
동춘,2024-08-01,16672,8206,8466
동막,2024-08-01,8274,4415,3859
캠퍼스타운,2024-08-01,9837,4947,4890
테크노파크,2024-08-01,20824,10390,10434
지식정보단지,2024-08-01,7778,3821,3957
인천대입구,2024-08-01,12128,6053,6075
센트럴파크(재외동포청),2024-08-01,7925,3923,4002
국제업무지구,2024-08-01,4628,2352,2276
송도달빛축제공원,2024-08-01,9524,4793,4731
계양,2024-08-02,7195,3554,3641
귤현,2024-08-02,1932,809,1123
박촌,2024-08-02,6534,3402,3132
임학,2024-08-02,14257,7266,6991
계산,2024-08-02,16882,8522,8360
경인교대입구,2024-08-02,9367,4637,4730
작전,2024-08-02,25964,13244,12720
갈산,2024-08-02,13590,6883,6707
부평구청,2024-08-02,11916,5808,6108
부평시장,2024-08-02,23344,11687,11657
부평,2024-08-02,14987,7205,7782
동수,2024-08-02,6792,3500,3292
부평삼거리,2024-08-02,4014,2069,1945
간석오거리,2024-08-02,18843,9740,9103
인천시청,2024-08-02,9794,4980,4814
예술회관,2024-08-02,21455,10210,11245
인천터미널,2024-08-02,27506,13496,14010
문학경기장,2024-08-02,3276,1601,1675
선학,2024-08-02,10413,5233,5180
신연수,2024-08-02,7752,3996,3756
원인재,2024-08-02,4922,2576,2346
동춘,2024-08-02,16642,8081,8561
동막,2024-08-02,8277,4375,3902
캠퍼스타운,2024-08-02,10119,5107,5012
테크노파크,2024-08-02,21527,10731,10796
지식정보단지,2024-08-02,7692,3739,3953
인천대입구,2024-08-02,13455,6547,6908
센트럴파크(재외동포청),2024-08-02,8387,4106,4281
국제업무지구,2024-08-02,5021,2450,2571
송도달빛축제공원,2024-08-02,24936,12366,12570
계양,2024-08-03,5534,2633,2901
귤현,2024-08-03,1368,644,724
박촌,2024-08-03,4737,2448,2289
임학,2024-08-03,10046,5121,4925
계산,2024-08-03,13838,6957,6881
경인교대입구,2024-08-03,7362,3704,3658
작전,2024-08-03,18750,9544,9206
갈산,2024-08-03,7749,4024,3725
부평구청,2024-08-03,8620,4145,4475
부평시장,2024-08-03,16176,8100,8076
부평,2024-08-03,14091,7023,7068
동수,2024-08-03,4588,2324,2264
부평삼거리,2024-08-03,3351,1672,1679
간석오거리,2024-08-03,14891,7787,7104
인천시청,2024-08-03,6375,3219,3156
예술회관,2024-08-03,15642,7414,8228
인천터미널,2024-08-03,24816,12245,12571
문학경기장,2024-08-03,1790,887,903
선학,2024-08-03,8811,4376,4435
신연수,2024-08-03,5028,2591,2437
원인재,2024-08-03,3656,1864,1792
동춘,2024-08-03,13522,6651,6871
동막,2024-08-03,5770,3058,2712
캠퍼스타운,2024-08-03,7153,3707,3446
테크노파크,2024-08-03,17232,8486,8746
지식정보단지,2024-08-03,3765,1926,1839
인천대입구,2024-08-03,11137,5298,5839
센트럴파크(재외동포청),2024-08-03,6871,3292,3579
국제업무지구,2024-08-03,2927,1452,1475
송도달빛축제공원,2024-08-03,28138,13989,14149
계양,2024-08-04,4270,1941,2329
귤현,2024-08-04,929,412,517
박촌,2024-08-04,3934,2010,1924
임학,2024-08-04,7623,3799,3824
계산,2024-08-04,10830,5387,5443
경인교대입구,2024-08-04,6268,3119,3149
작전,2024-08-04,13411,6802,6609
갈산,2024-08-04,5635,2882,2753
부평구청,2024-08-04,6533,3087,3446
부평시장,2024-08-04,13091,6575,6516
부평,2024-08-04,9933,5311,4622
동수,2024-08-04,3895,1981,1914
부평삼거리,2024-08-04,2866,1413,1453
간석오거리,2024-08-04,11536,5999,5537
인천시청,2024-08-04,4877,2493,2384
예술회관,2024-08-04,11083,5360,5723
인천터미널,2024-08-04,20839,10745,10094
문학경기장,2024-08-04,1274,629,645
선학,2024-08-04,6654,3276,3378
신연수,2024-08-04,3981,2042,1939
원인재,2024-08-04,2633,1327,1306
동춘,2024-08-04,10759,5231,5528
동막,2024-08-04,4187,2160,2027
캠퍼스타운,2024-08-04,5708,2882,2826
테크노파크,2024-08-04,14118,6955,7163
지식정보단지,2024-08-04,2863,1391,1472
인천대입구,2024-08-04,8291,3936,4355
센트럴파크(재외동포청),2024-08-04,5069,2509,2560
국제업무지구,2024-08-04,1968,871,1097
송도달빛축제공원,2024-08-04,26810,12674,14136
계양,2024-08-05,7021,3509,3512
귤현,2024-08-05,2096,858,1238
박촌,2024-08-05,6517,3388,3129
임학,2024-08-05,14318,7226,7092
계산,2024-08-05,16959,8538,8421
경인교대입구,2024-08-05,9651,4839,4812
작전,2024-08-05,26796,13648,13148
갈산,2024-08-05,16399,8287,8112
부평구청,2024-08-05,12379,6104,6275
부평시장,2024-08-05,23981,12031,11950
부평,2024-08-05,13168,6735,6433
동수,2024-08-05,7423,3796,3627
부평삼거리,2024-08-05,4555,2338,2217
간석오거리,2024-08-05,19336,10055,9281
인천시청,2024-08-05,9315,4683,4632
예술회관,2024-08-05,21576,10822,10754
인천터미널,2024-08-05,23541,11545,11996
문학경기장,2024-08-05,3395,1706,1689
선학,2024-08-05,10122,5095,5027
신연수,2024-08-05,9246,4716,4530
원인재,2024-08-05,5218,2734,2484
동춘,2024-08-05,18762,9094,9668
동막,2024-08-05,9119,4774,4345
캠퍼스타운,2024-08-05,10041,5112,4929
테크노파크,2024-08-05,20316,10128,10188
지식정보단지,2024-08-05,9223,4477,4746
인천대입구,2024-08-05,12675,6395,6280
센트럴파크(재외동포청),2024-08-05,7146,3597,3549
국제업무지구,2024-08-05,4843,2510,2333
송도달빛축제공원,2024-08-05,9715,5064,4651
계양,2024-08-06,7291,3632,3659
귤현,2024-08-06,2151,840,1311
박촌,2024-08-06,6834,3561,3273
임학,2024-08-06,14640,7421,7219
계산,2024-08-06,17216,8729,8487
경인교대입구,2024-08-06,9560,4806,4754
작전,2024-08-06,27151,13763,13388
갈산,2024-08-06,17176,8657,8519
부평구청,2024-08-06,12761,6296,6465
부평시장,2024-08-06,24298,12202,12096
부평,2024-08-06,12782,6455,6327
동수,2024-08-06,7963,3983,3980
부평삼거리,2024-08-06,4569,2308,2261
간석오거리,2024-08-06,19953,10360,9593
인천시청,2024-08-06,9768,4954,4814
예술회관,2024-08-06,21847,10752,11095
인천터미널,2024-08-06,23500,11553,11947
문학경기장,2024-08-06,3531,1784,1747
선학,2024-08-06,10551,5198,5353
신연수,2024-08-06,9817,5016,4801
원인재,2024-08-06,5394,2900,2494
동춘,2024-08-06,18808,9136,9672
동막,2024-08-06,9308,4928,4380
캠퍼스타운,2024-08-06,10038,5070,4968
테크노파크,2024-08-06,20660,10270,10390
지식정보단지,2024-08-06,9405,4585,4820
인천대입구,2024-08-06,12833,6450,6383
센트럴파크(재외동포청),2024-08-06,7579,3855,3724
국제업무지구,2024-08-06,4891,2477,2414
송도달빛축제공원,2024-08-06,9554,4844,4710
계양,2024-08-07,7412,3646,3766
귤현,2024-08-07,2176,881,1295
박촌,2024-08-07,6893,3560,3333
임학,2024-08-07,14713,7487,7226
계산,2024-08-07,17427,8752,8675
경인교대입구,2024-08-07,9677,4858,4819
작전,2024-08-07,27483,13958,13525
갈산,2024-08-07,17125,8704,8421
부평구청,2024-08-07,12884,6445,6439
부평시장,2024-08-07,24439,12204,12235
부평,2024-08-07,13161,6684,6477
동수,2024-08-07,7715,3904,3811
부평삼거리,2024-08-07,4727,2458,2269
간석오거리,2024-08-07,20120,10500,9620
인천시청,2024-08-07,10123,5141,4982
예술회관,2024-08-07,22196,10880,11316
인천터미널,2024-08-07,24025,11873,12152
문학경기장,2024-08-07,3464,1716,1748
선학,2024-08-07,10807,5387,5420
신연수,2024-08-07,9870,5024,4846
원인재,2024-08-07,5330,2854,2476
동춘,2024-08-07,19171,9365,9806
동막,2024-08-07,9494,5013,4481
캠퍼스타운,2024-08-07,10370,5193,5177
테크노파크,2024-08-07,21065,10564,10501
지식정보단지,2024-08-07,9660,4718,4942
인천대입구,2024-08-07,13404,6722,6682
센트럴파크(재외동포청),2024-08-07,7284,3666,3618
국제업무지구,2024-08-07,4797,2477,2320
송도달빛축제공원,2024-08-07,9664,4888,4776
계양,2024-08-08,7357,3557,3800
귤현,2024-08-08,2196,918,1278
박촌,2024-08-08,6841,3604,3237
임학,2024-08-08,14676,7431,7245
계산,2024-08-08,17503,8768,8735
경인교대입구,2024-08-08,9895,4979,4916
작전,2024-08-08,27303,13927,13376
갈산,2024-08-08,17683,8920,8763
부평구청,2024-08-08,12663,6199,6464
부평시장,2024-08-08,24373,12165,12208
부평,2024-08-08,13189,6682,6507
동수,2024-08-08,7567,3858,3709
부평삼거리,2024-08-08,4629,2381,2248
간석오거리,2024-08-08,20226,10478,9748
인천시청,2024-08-08,10133,5142,4991
예술회관,2024-08-08,22144,10856,11288
인천터미널,2024-08-08,23820,11771,12049
문학경기장,2024-08-08,3475,1739,1736
선학,2024-08-08,10840,5422,5418
신연수,2024-08-08,9973,5082,4891
원인재,2024-08-08,5435,2918,2517
동춘,2024-08-08,19534,9527,10007
동막,2024-08-08,9656,5108,4548
캠퍼스타운,2024-08-08,10294,5162,5132
테크노파크,2024-08-08,21184,10552,10632
지식정보단지,2024-08-08,9720,4719,5001
인천대입구,2024-08-08,13268,6622,6646
센트럴파크(재외동포청),2024-08-08,7664,3853,3811
국제업무지구,2024-08-08,4761,2409,2352
송도달빛축제공원,2024-08-08,9732,4919,4813
계양,2024-08-09,7769,3843,3926
귤현,2024-08-09,2249,883,1366
박촌,2024-08-09,7075,3693,3382
임학,2024-08-09,15249,7666,7583
계산,2024-08-09,18215,9240,8975
경인교대입구,2024-08-09,10276,5132,5144
작전,2024-08-09,28221,14435,13786
갈산,2024-08-09,17383,8919,8464
부평구청,2024-08-09,13295,6602,6693
부평시장,2024-08-09,24761,12405,12356
부평,2024-08-09,14591,7269,7322
동수,2024-08-09,7786,3964,3822
부평삼거리,2024-08-09,4841,2504,2337
간석오거리,2024-08-09,20616,10815,9801
인천시청,2024-08-09,10718,5444,5274
예술회관,2024-08-09,23523,11329,12194
인천터미널,2024-08-09,27164,13138,14026
문학경기장,2024-08-09,11144,5269,5875
선학,2024-08-09,11577,5775,5802
신연수,2024-08-09,10349,5337,5012
원인재,2024-08-09,5765,3040,2725
동춘,2024-08-09,20545,10060,10485
동막,2024-08-09,10498,5568,4930
캠퍼스타운,2024-08-09,10845,5408,5437
테크노파크,2024-08-09,22136,11011,11125
지식정보단지,2024-08-09,9684,4757,4927
인천대입구,2024-08-09,14630,7336,7294
센트럴파크(재외동포청),2024-08-09,7759,3861,3898
국제업무지구,2024-08-09,4826,2462,2364
송도달빛축제공원,2024-08-09,10146,5210,4936
계양,2024-08-10,5682,2722,2960
귤현,2024-08-10,1456,650,806
박촌,2024-08-10,4999,2643,2356
임학,2024-08-10,10927,5538,5389
계산,2024-08-10,14169,7132,7037
경인교대입구,2024-08-10,7796,3858,3938
작전,2024-08-10,20303,10423,9880
갈산,2024-08-10,8588,4431,4157
부평구청,2024-08-10,9265,4586,4679
부평시장,2024-08-10,16859,8476,8383
부평,2024-08-10,13166,6709,6457
동수,2024-08-10,4746,2456,2290
부평삼거리,2024-08-10,3715,1866,1849
간석오거리,2024-08-10,15451,8042,7409
인천시청,2024-08-10,6721,3508,3213
예술회관,2024-08-10,16408,7689,8719
인천터미널,2024-08-10,25036,12178,12858
문학경기장,2024-08-10,13302,6482,6820
선학,2024-08-10,9305,4675,4630
신연수,2024-08-10,5752,2981,2771
원인재,2024-08-10,3333,1788,1545
동춘,2024-08-10,14639,7290,7349
동막,2024-08-10,6263,3334,2929
캠퍼스타운,2024-08-10,8071,4159,3912
테크노파크,2024-08-10,17870,8872,8998
지식정보단지,2024-08-10,4076,2129,1947
인천대입구,2024-08-10,10742,5365,5377
센트럴파크(재외동포청),2024-08-10,6378,3118,3260
국제업무지구,2024-08-10,2420,1282,1138
송도달빛축제공원,2024-08-10,8099,3973,4126
계양,2024-08-11,4488,2082,2406
귤현,2024-08-11,1014,462,552
박촌,2024-08-11,3856,1978,1878
임학,2024-08-11,7697,3868,3829
계산,2024-08-11,11111,5582,5529
경인교대입구,2024-08-11,6494,3214,3280
작전,2024-08-11,13527,6901,6626
갈산,2024-08-11,5700,2901,2799
부평구청,2024-08-11,6527,3197,3330
부평시장,2024-08-11,13268,6545,6723
부평,2024-08-11,9628,5041,4587
동수,2024-08-11,3889,1974,1915
부평삼거리,2024-08-11,2779,1407,1372
간석오거리,2024-08-11,11489,5999,5490
인천시청,2024-08-11,5028,2491,2537
예술회관,2024-08-11,10778,5236,5542
인천터미널,2024-08-11,20362,10414,9948
문학경기장,2024-08-11,10505,5165,5340
선학,2024-08-11,7242,3609,3633
신연수,2024-08-11,4019,2076,1943
원인재,2024-08-11,2594,1350,1244
동춘,2024-08-11,8697,4347,4350
동막,2024-08-11,4031,2060,1971
캠퍼스타운,2024-08-11,5728,2908,2820
테크노파크,2024-08-11,14191,6937,7254
지식정보단지,2024-08-11,2723,1350,1373
인천대입구,2024-08-11,7067,3421,3646
센트럴파크(재외동포청),2024-08-11,4063,2023,2040
국제업무지구,2024-08-11,1404,752,652
송도달빛축제공원,2024-08-11,5839,2778,3061
계양,2024-08-12,7353,3650,3703
귤현,2024-08-12,2142,868,1274
박촌,2024-08-12,6908,3617,3291
임학,2024-08-12,14730,7474,7256
계산,2024-08-12,17361,8786,8575
경인교대입구,2024-08-12,9563,4723,4840
작전,2024-08-12,26857,13667,13190
갈산,2024-08-12,17220,8662,8558
부평구청,2024-08-12,13065,6483,6582
부평시장,2024-08-12,24659,12326,12333
부평,2024-08-12,12860,6530,6330
동수,2024-08-12,7681,3892,3789
부평삼거리,2024-08-12,4655,2376,2279
간석오거리,2024-08-12,19953,10434,9519
인천시청,2024-08-12,10328,5276,5052
예술회관,2024-08-12,22019,10776,11243
인천터미널,2024-08-12,23566,11661,11905
문학경기장,2024-08-12,3592,1789,1803
선학,2024-08-12,10546,5279,5267
신연수,2024-08-12,10376,5331,5045
원인재,2024-08-12,5552,2959,2593
동춘,2024-08-12,19395,9400,9995
동막,2024-08-12,9791,5147,4644
캠퍼스타운,2024-08-12,10570,5277,5293
테크노파크,2024-08-12,20858,10369,10489
지식정보단지,2024-08-12,9248,4457,4791
인천대입구,2024-08-12,12641,6274,6367
센트럴파크(재외동포청),2024-08-12,7016,3515,3501
국제업무지구,2024-08-12,4964,2523,2441
송도달빛축제공원,2024-08-12,9756,4879,4877
계양,2024-08-13,7446,3641,3805
귤현,2024-08-13,2161,849,1312
박촌,2024-08-13,7006,3665,3341
임학,2024-08-13,14897,7492,7405
계산,2024-08-13,17589,8846,8743
경인교대입구,2024-08-13,9556,4747,4809
작전,2024-08-13,27373,13878,13495
갈산,2024-08-13,17348,8797,8551
부평구청,2024-08-13,13325,6576,6749
부평시장,2024-08-13,24844,12457,12387
부평,2024-08-13,12945,6649,6296
동수,2024-08-13,8033,4053,3980
부평삼거리,2024-08-13,4693,2387,2306
간석오거리,2024-08-13,20387,10587,9800
인천시청,2024-08-13,10674,5438,5236
예술회관,2024-08-13,22029,10849,11180
인천터미널,2024-08-13,23730,11704,12026
문학경기장,2024-08-13,3525,1789,1736
선학,2024-08-13,10949,5429,5520
신연수,2024-08-13,10348,5273,5075
원인재,2024-08-13,5446,2889,2557
동춘,2024-08-13,19410,9479,9931
동막,2024-08-13,9950,5291,4659
캠퍼스타운,2024-08-13,10662,5322,5340
테크노파크,2024-08-13,21308,10552,10756
지식정보단지,2024-08-13,9799,4747,5052
인천대입구,2024-08-13,12992,6548,6444
센트럴파크(재외동포청),2024-08-13,7436,3718,3718
국제업무지구,2024-08-13,5039,2568,2471
송도달빛축제공원,2024-08-13,9791,4947,4844
계양,2024-08-14,7609,3760,3849
귤현,2024-08-14,2305,940,1365
박촌,2024-08-14,7164,3776,3388
임학,2024-08-14,15196,7711,7485
계산,2024-08-14,18090,9153,8937
경인교대입구,2024-08-14,9974,5021,4953
작전,2024-08-14,27726,14153,13573
갈산,2024-08-14,17534,8883,8651
부평구청,2024-08-14,13330,6625,6705
부평시장,2024-08-14,24840,12445,12395
부평,2024-08-14,13755,6906,6849
동수,2024-08-14,8017,4062,3955
부평삼거리,2024-08-14,4867,2495,2372
간석오거리,2024-08-14,20830,10902,9928
인천시청,2024-08-14,10630,5436,5194
예술회관,2024-08-14,23721,11387,12334
인천터미널,2024-08-14,26000,12582,13418
문학경기장,2024-08-14,3371,1717,1654
선학,2024-08-14,11536,5799,5737
신연수,2024-08-14,10688,5499,5189
원인재,2024-08-14,5665,3019,2646
동춘,2024-08-14,20251,9815,10436
동막,2024-08-14,10341,5535,4806
캠퍼스타운,2024-08-14,11099,5538,5561
테크노파크,2024-08-14,21885,10950,10935
지식정보단지,2024-08-14,9813,4821,4992
인천대입구,2024-08-14,13449,6592,6857
센트럴파크(재외동포청),2024-08-14,7638,3809,3829
국제업무지구,2024-08-14,5004,2545,2459
송도달빛축제공원,2024-08-14,10085,5091,4994
계양,2024-08-15,4435,2122,2313
귤현,2024-08-15,1147,509,638
박촌,2024-08-15,4139,2161,1978
임학,2024-08-15,9036,4592,4444
계산,2024-08-15,11851,5981,5870
경인교대입구,2024-08-15,6377,3177,3200
작전,2024-08-15,14713,7537,7176
갈산,2024-08-15,7080,3622,3458
부평구청,2024-08-15,7124,3495,3629
부평시장,2024-08-15,13988,7028,6960
부평,2024-08-15,10160,5375,4785
동수,2024-08-15,4111,2090,2021
부평삼거리,2024-08-15,3020,1495,1525
간석오거리,2024-08-15,12997,6789,6208
인천시청,2024-08-15,5186,2640,2546
예술회관,2024-08-15,12727,6206,6521
인천터미널,2024-08-15,20300,9915,10385
문학경기장,2024-08-15,1987,1004,983
선학,2024-08-15,7627,3824,3803
신연수,2024-08-15,4962,2531,2431
원인재,2024-08-15,2779,1517,1262
동춘,2024-08-15,13385,6539,6846
동막,2024-08-15,4924,2622,2302
캠퍼스타운,2024-08-15,6372,3304,3068
테크노파크,2024-08-15,16557,8204,8353
지식정보단지,2024-08-15,3610,1841,1769
인천대입구,2024-08-15,8203,4109,4094
센트럴파크(재외동포청),2024-08-15,5895,2897,2998
국제업무지구,2024-08-15,2170,1116,1054
송도달빛축제공원,2024-08-15,6588,3279,3309
계양,2024-08-16,7091,3489,3602
귤현,2024-08-16,1984,813,1171
박촌,2024-08-16,6633,3477,3156
임학,2024-08-16,14436,7287,7149
계산,2024-08-16,16961,8619,8342
경인교대입구,2024-08-16,9505,4787,4718
작전,2024-08-16,26360,13391,12969
갈산,2024-08-16,15721,7955,7766
부평구청,2024-08-16,12285,6066,6219
부평시장,2024-08-16,23968,11956,12012
부평,2024-08-16,13918,7069,6849
동수,2024-08-16,7456,3808,3648
부평삼거리,2024-08-16,4225,2142,2083
간석오거리,2024-08-16,19444,10200,9244
인천시청,2024-08-16,10035,5116,4919
예술회관,2024-08-16,22480,10907,11573
인천터미널,2024-08-16,27346,13359,13987
문학경기장,2024-08-16,16036,7616,8420
선학,2024-08-16,10923,5492,5431
신연수,2024-08-16,9438,4883,4555
원인재,2024-08-16,5046,2709,2337
동춘,2024-08-16,18814,9155,9659
동막,2024-08-16,9255,4879,4376
캠퍼스타운,2024-08-16,10582,5377,5205
테크노파크,2024-08-16,20625,10344,10281
지식정보단지,2024-08-16,8148,3992,4156
인천대입구,2024-08-16,13510,6600,6910
센트럴파크(재외동포청),2024-08-16,7293,3588,3705
국제업무지구,2024-08-16,4473,2285,2188
송도달빛축제공원,2024-08-16,9477,4781,4696
계양,2024-08-17,5640,2713,2927
귤현,2024-08-17,1395,656,739
박촌,2024-08-17,5082,2623,2459
임학,2024-08-17,10399,5298,5101
계산,2024-08-17,13716,6912,6804
경인교대입구,2024-08-17,7430,3672,3758
작전,2024-08-17,19462,9980,9482
갈산,2024-08-17,8657,4457,4200
부평구청,2024-08-17,8925,4374,4551
부평시장,2024-08-17,16429,8225,8204
부평,2024-08-17,12863,6597,6266
동수,2024-08-17,4871,2496,2375
부평삼거리,2024-08-17,3490,1756,1734
간석오거리,2024-08-17,14945,7722,7223
인천시청,2024-08-17,6709,3472,3237
예술회관,2024-08-17,16171,7739,8432
인천터미널,2024-08-17,25221,12424,12797
문학경기장,2024-08-17,15655,7699,7956
선학,2024-08-17,9396,4690,4706
신연수,2024-08-17,5562,2953,2609
원인재,2024-08-17,3169,1676,1493
동춘,2024-08-17,13991,6891,7100
동막,2024-08-17,5838,3118,2720
캠퍼스타운,2024-08-17,7059,3694,3365
테크노파크,2024-08-17,17126,8510,8616
지식정보단지,2024-08-17,3885,1992,1893
인천대입구,2024-08-17,9644,4774,4870
센트럴파크(재외동포청),2024-08-17,6006,2998,3008
국제업무지구,2024-08-17,2502,1305,1197
송도달빛축제공원,2024-08-17,7675,3845,3830
계양,2024-08-18,4420,2071,2349
귤현,2024-08-18,1016,449,567
박촌,2024-08-18,3748,1931,1817
임학,2024-08-18,7807,3910,3897
계산,2024-08-18,10871,5454,5417
경인교대입구,2024-08-18,6295,3184,3111
작전,2024-08-18,13701,6974,6727
갈산,2024-08-18,5868,2922,2946
부평구청,2024-08-18,6373,3125,3248
부평시장,2024-08-18,13322,6694,6628
부평,2024-08-18,9473,5009,4464
동수,2024-08-18,4125,2086,2039
부평삼거리,2024-08-18,2926,1444,1482
간석오거리,2024-08-18,11856,6211,5645
인천시청,2024-08-18,4989,2527,2462
예술회관,2024-08-18,11778,5802,5976
인천터미널,2024-08-18,21344,10857,10487
문학경기장,2024-08-18,14179,7038,7141
선학,2024-08-18,7290,3668,3622
신연수,2024-08-18,4256,2190,2066
원인재,2024-08-18,2547,1320,1227
동춘,2024-08-18,11067,5517,5550
동막,2024-08-18,4291,2257,2034
캠퍼스타운,2024-08-18,5378,2730,2648
테크노파크,2024-08-18,13838,6833,7005
지식정보단지,2024-08-18,2956,1394,1562
인천대입구,2024-08-18,7432,3704,3728
센트럴파크(재외동포청),2024-08-18,4890,2383,2507
국제업무지구,2024-08-18,1402,759,643
송도달빛축제공원,2024-08-18,5746,2766,2980
계양,2024-08-19,7319,3580,3739
귤현,2024-08-19,2256,880,1376
박촌,2024-08-19,7004,3677,3327
임학,2024-08-19,14659,7398,7261
계산,2024-08-19,17844,9057,8787
경인교대입구,2024-08-19,9668,4809,4859
작전,2024-08-19,27044,13717,13327
갈산,2024-08-19,17419,8871,8548
부평구청,2024-08-19,12849,6372,6477
부평시장,2024-08-19,24981,12548,12433
부평,2024-08-19,12863,6470,6393
동수,2024-08-19,7902,3977,3925
부평삼거리,2024-08-19,4705,2371,2334
간석오거리,2024-08-19,19936,10428,9508
인천시청,2024-08-19,10137,5109,5028
예술회관,2024-08-19,21948,10844,11104
인천터미널,2024-08-19,21910,10858,11052
문학경기장,2024-08-19,3395,1680,1715
선학,2024-08-19,10847,5446,5401
신연수,2024-08-19,10358,5281,5077
원인재,2024-08-19,5803,3089,2714
동춘,2024-08-19,19445,9491,9954
동막,2024-08-19,10251,5402,4849
캠퍼스타운,2024-08-19,11067,5574,5493
테크노파크,2024-08-19,20742,10326,10416
지식정보단지,2024-08-19,9802,4752,5050
인천대입구,2024-08-19,12373,6183,6190
센트럴파크(재외동포청),2024-08-19,7276,3651,3625
국제업무지구,2024-08-19,4989,2521,2468
송도달빛축제공원,2024-08-19,9682,4799,4883
계양,2024-08-20,7633,3769,3864
귤현,2024-08-20,2262,871,1391
박촌,2024-08-20,7416,3857,3559
임학,2024-08-20,14893,7441,7452
계산,2024-08-20,17802,8991,8811
경인교대입구,2024-08-20,9778,4919,4859
작전,2024-08-20,27661,13938,13723
갈산,2024-08-20,17795,9056,8739
부평구청,2024-08-20,13153,6588,6565
부평시장,2024-08-20,25247,12624,12623
부평,2024-08-20,13136,6700,6436
동수,2024-08-20,8204,4107,4097
부평삼거리,2024-08-20,4882,2444,2438
간석오거리,2024-08-20,20610,10766,9844
인천시청,2024-08-20,10738,5428,5310
예술회관,2024-08-20,22613,11114,11499
인천터미널,2024-08-20,24445,12036,12409
문학경기장,2024-08-20,3365,1675,1690
선학,2024-08-20,11186,5610,5576
신연수,2024-08-20,10503,5374,5129
원인재,2024-08-20,5860,3126,2734
동춘,2024-08-20,19635,9542,10093
동막,2024-08-20,10751,5677,5074
캠퍼스타운,2024-08-20,11136,5626,5510
테크노파크,2024-08-20,21034,10488,10546
지식정보단지,2024-08-20,10020,4836,5184
인천대입구,2024-08-20,12782,6366,6416
센트럴파크(재외동포청),2024-08-20,7436,3734,3702
국제업무지구,2024-08-20,5086,2552,2534
송도달빛축제공원,2024-08-20,9777,4911,4866
계양,2024-08-21,7054,3544,3510
귤현,2024-08-21,2126,852,1274
박촌,2024-08-21,7181,3725,3456
임학,2024-08-21,14582,7340,7242
계산,2024-08-21,17042,8695,8347
경인교대입구,2024-08-21,9588,4762,4826
작전,2024-08-21,26188,13326,12862
갈산,2024-08-21,17841,9103,8738
부평구청,2024-08-21,12642,6299,6343
부평시장,2024-08-21,24287,12120,12167
부평,2024-08-21,12628,6387,6241
동수,2024-08-21,7716,3921,3795
부평삼거리,2024-08-21,4520,2300,2220
간석오거리,2024-08-21,19557,10184,9373
인천시청,2024-08-21,10365,5292,5073
예술회관,2024-08-21,21876,10789,11087
인천터미널,2024-08-21,22620,11126,11494
문학경기장,2024-08-21,3140,1603,1537
선학,2024-08-21,10883,5387,5496
신연수,2024-08-21,10344,5299,5045
원인재,2024-08-21,5572,2996,2576
동춘,2024-08-21,18994,9259,9735
동막,2024-08-21,10226,5470,4756
캠퍼스타운,2024-08-21,10615,5291,5324
테크노파크,2024-08-21,20077,10048,10029
지식정보단지,2024-08-21,9565,4601,4964
인천대입구,2024-08-21,12374,6166,6208
센트럴파크(재외동포청),2024-08-21,7066,3513,3553
국제업무지구,2024-08-21,4905,2533,2372
송도달빛축제공원,2024-08-21,9153,4499,4654
계양,2024-08-22,7559,3731,3828
귤현,2024-08-22,2288,925,1363
박촌,2024-08-22,7433,3914,3519
임학,2024-08-22,14892,7472,7420
계산,2024-08-22,17720,8972,8748
경인교대입구,2024-08-22,9643,4831,4812
작전,2024-08-22,27518,14007,13511
갈산,2024-08-22,18030,9191,8839
부평구청,2024-08-22,13250,6581,6669
부평시장,2024-08-22,25142,12633,12509
부평,2024-08-22,12641,6350,6291
동수,2024-08-22,7871,3958,3913
부평삼거리,2024-08-22,4703,2385,2318
간석오거리,2024-08-22,20392,10659,9733
인천시청,2024-08-22,10686,5526,5160
예술회관,2024-08-22,22019,10897,11122
인천터미널,2024-08-22,23712,11625,12087
문학경기장,2024-08-22,3465,1736,1729
선학,2024-08-22,11136,5540,5596
신연수,2024-08-22,10789,5511,5278
원인재,2024-08-22,5866,3147,2719
동춘,2024-08-22,19537,9518,10019
동막,2024-08-22,10484,5510,4974
캠퍼스타운,2024-08-22,11195,5630,5565
테크노파크,2024-08-22,20991,10396,10595
지식정보단지,2024-08-22,9901,4801,5100
인천대입구,2024-08-22,12695,6279,6416
센트럴파크(재외동포청),2024-08-22,7879,3875,4004
국제업무지구,2024-08-22,5058,2574,2484
송도달빛축제공원,2024-08-22,9736,4931,4805
계양,2024-08-23,8120,4079,4041
귤현,2024-08-23,2429,1012,1417
박촌,2024-08-23,7892,4115,3777
임학,2024-08-23,16042,8126,7916
계산,2024-08-23,18857,9586,9271
경인교대입구,2024-08-23,10410,5200,5210
작전,2024-08-23,29157,14794,14363
갈산,2024-08-23,18494,9478,9016
부평구청,2024-08-23,14151,7025,7126
부평시장,2024-08-23,26582,13429,13153
부평,2024-08-23,14838,7347,7491
동수,2024-08-23,8283,4275,4008
부평삼거리,2024-08-23,5099,2572,2527
간석오거리,2024-08-23,21337,11184,10153
인천시청,2024-08-23,11548,5890,5658
예술회관,2024-08-23,24086,11613,12473
인천터미널,2024-08-23,28457,13788,14669
문학경기장,2024-08-23,10227,4885,5342
선학,2024-08-23,12283,6174,6109
신연수,2024-08-23,11019,5694,5325
원인재,2024-08-23,6194,3311,2883
동춘,2024-08-23,21343,10478,10865
동막,2024-08-23,11116,5925,5191
캠퍼스타운,2024-08-23,11949,6031,5918
테크노파크,2024-08-23,22703,11389,11314
지식정보단지,2024-08-23,10193,4980,5213
인천대입구,2024-08-23,14006,6980,7026
센트럴파크(재외동포청),2024-08-23,8224,4076,4148
국제업무지구,2024-08-23,5504,2879,2625
송도달빛축제공원,2024-08-23,14024,6841,7183
계양,2024-08-24,6396,3116,3280
귤현,2024-08-24,1438,669,769
박촌,2024-08-24,5613,2972,2641
임학,2024-08-24,11664,5998,5666
계산,2024-08-24,16318,8186,8132
경인교대입구,2024-08-24,8412,4201,4211
작전,2024-08-24,21747,11192,10555
갈산,2024-08-24,10036,5149,4887
부평구청,2024-08-24,9864,4863,5001
부평시장,2024-08-24,18669,9346,9323
부평,2024-08-24,13705,6865,6840
동수,2024-08-24,5264,2732,2532
부평삼거리,2024-08-24,3896,1943,1953
간석오거리,2024-08-24,16326,8514,7812
인천시청,2024-08-24,7696,3997,3699
예술회관,2024-08-24,17699,8471,9228
인천터미널,2024-08-24,26629,13013,13616
문학경기장,2024-08-24,11192,5425,5767
선학,2024-08-24,9971,5043,4928
신연수,2024-08-24,6311,3311,3000
원인재,2024-08-24,3758,2017,1741
동춘,2024-08-24,15737,7788,7949
동막,2024-08-24,6701,3540,3161
캠퍼스타운,2024-08-24,7811,4001,3810
테크노파크,2024-08-24,19973,9879,10094
지식정보단지,2024-08-24,4800,2418,2382
인천대입구,2024-08-24,10965,5367,5598
센트럴파크(재외동포청),2024-08-24,7264,3659,3605
국제업무지구,2024-08-24,3101,1686,1415
송도달빛축제공원,2024-08-24,16007,7859,8148
계양,2024-08-25,4620,2158,2462
귤현,2024-08-25,973,457,516
박촌,2024-08-25,3965,2033,1932
임학,2024-08-25,8276,4201,4075
계산,2024-08-25,11835,5909,5926
경인교대입구,2024-08-25,6973,3480,3493
작전,2024-08-25,14144,7163,6981
갈산,2024-08-25,6195,3211,2984
부평구청,2024-08-25,6936,3365,3571
부평시장,2024-08-25,14352,7166,7186
부평,2024-08-25,9565,5004,4561
동수,2024-08-25,4135,2078,2057
부평삼거리,2024-08-25,3109,1555,1554
간석오거리,2024-08-25,11815,6087,5728
인천시청,2024-08-25,5248,2659,2589
예술회관,2024-08-25,11881,5800,6081
인천터미널,2024-08-25,21214,10829,10385
문학경기장,2024-08-25,10676,5275,5401
선학,2024-08-25,7029,3509,3520
신연수,2024-08-25,4291,2174,2117
원인재,2024-08-25,2584,1369,1215
동춘,2024-08-25,8977,4481,4496
동막,2024-08-25,4582,2352,2230
캠퍼스타운,2024-08-25,5758,2889,2869
테크노파크,2024-08-25,15463,7604,7859
지식정보단지,2024-08-25,3355,1676,1679
인천대입구,2024-08-25,8194,4016,4178
센트럴파크(재외동포청),2024-08-25,4608,2262,2346
국제업무지구,2024-08-25,1741,930,811
송도달빛축제공원,2024-08-25,9552,4651,4901
계양,2024-08-26,7741,3825,3916
귤현,2024-08-26,2324,964,1360
박촌,2024-08-26,7586,4003,3583
임학,2024-08-26,15113,7622,7491
계산,2024-08-26,19928,10133,9795
경인교대입구,2024-08-26,10794,5409,5385
작전,2024-08-26,28426,14307,14119
갈산,2024-08-26,17810,9053,8757
부평구청,2024-08-26,12979,6368,6611
부평시장,2024-08-26,25790,12958,12832
부평,2024-08-26,12891,6473,6418
동수,2024-08-26,8145,4143,4002
부평삼거리,2024-08-26,5072,2541,2531
간석오거리,2024-08-26,20372,10629,9743
인천시청,2024-08-26,10698,5383,5315
예술회관,2024-08-26,22773,11263,11510
인천터미널,2024-08-26,24186,11891,12295
문학경기장,2024-08-26,3522,1753,1769
선학,2024-08-26,11202,5631,5571
신연수,2024-08-26,10788,5510,5278
원인재,2024-08-26,5783,3037,2746
동춘,2024-08-26,19985,9767,10218
동막,2024-08-26,10604,5585,5019
캠퍼스타운,2024-08-26,11322,5676,5646
테크노파크,2024-08-26,21238,10589,10649
지식정보단지,2024-08-26,9891,4795,5096
인천대입구,2024-08-26,12786,6329,6457
센트럴파크(재외동포청),2024-08-26,7635,3792,3843
국제업무지구,2024-08-26,5331,2736,2595
송도달빛축제공원,2024-08-26,11587,5764,5823
계양,2024-08-27,7986,3954,4032
귤현,2024-08-27,2476,978,1498
박촌,2024-08-27,7794,4016,3778
임학,2024-08-27,15474,7831,7643
계산,2024-08-27,19718,10041,9677
경인교대입구,2024-08-27,10612,5360,5252
작전,2024-08-27,28652,14534,14118
갈산,2024-08-27,18270,9224,9046
부평구청,2024-08-27,13571,6670,6901
부평시장,2024-08-27,26045,13024,13021
부평,2024-08-27,12740,6383,6357
동수,2024-08-27,8206,4130,4076
부평삼거리,2024-08-27,5079,2561,2518
간석오거리,2024-08-27,20954,10913,10041
인천시청,2024-08-27,11462,5777,5685
예술회관,2024-08-27,23216,11413,11803
인천터미널,2024-08-27,24843,12142,12701
문학경기장,2024-08-27,3612,1811,1801
선학,2024-08-27,11582,5798,5784
신연수,2024-08-27,10944,5626,5318
원인재,2024-08-27,5898,3143,2755
동춘,2024-08-27,20231,9914,10317
동막,2024-08-27,10635,5660,4975
캠퍼스타운,2024-08-27,11514,5731,5783
테크노파크,2024-08-27,22044,11020,11024
지식정보단지,2024-08-27,10139,4918,5221
인천대입구,2024-08-27,13135,6547,6588
센트럴파크(재외동포청),2024-08-27,7806,3946,3860
국제업무지구,2024-08-27,5429,2778,2651
송도달빛축제공원,2024-08-27,12080,6025,6055
계양,2024-08-28,8093,4040,4053
귤현,2024-08-28,2429,959,1470
박촌,2024-08-28,7942,4119,3823
임학,2024-08-28,15914,8026,7888
계산,2024-08-28,20733,10491,10242
경인교대입구,2024-08-28,11206,5626,5580
작전,2024-08-28,29175,14897,14278
갈산,2024-08-28,18613,9472,9141
부평구청,2024-08-28,13745,6807,6938
부평시장,2024-08-28,27095,13585,13510
부평,2024-08-28,13385,6724,6661
동수,2024-08-28,8299,4209,4090
부평삼거리,2024-08-28,5106,2579,2527
간석오거리,2024-08-28,21226,11067,10159
인천시청,2024-08-28,11687,5916,5771
예술회관,2024-08-28,24313,11861,12452
인천터미널,2024-08-28,25040,12268,12772
문학경기장,2024-08-28,3581,1807,1774
선학,2024-08-28,12170,6085,6085
신연수,2024-08-28,11321,5829,5492
원인재,2024-08-28,5964,3162,2802
동춘,2024-08-28,20739,10069,10670
동막,2024-08-28,11089,5920,5169
캠퍼스타운,2024-08-28,11989,6031,5958
테크노파크,2024-08-28,22675,11339,11336
지식정보단지,2024-08-28,10358,5018,5340
인천대입구,2024-08-28,13342,6638,6704
센트럴파크(재외동포청),2024-08-28,8065,4014,4051
국제업무지구,2024-08-28,5550,2812,2738
송도달빛축제공원,2024-08-28,13203,6521,6682
계양,2024-08-29,8066,3981,4085
귤현,2024-08-29,2416,998,1418
박촌,2024-08-29,7724,3972,3752
임학,2024-08-29,15532,7814,7718
계산,2024-08-29,20082,10211,9871
경인교대입구,2024-08-29,11200,5686,5514
작전,2024-08-29,28960,14658,14302
갈산,2024-08-29,18639,9567,9072
부평구청,2024-08-29,13800,6813,6987
부평시장,2024-08-29,26447,13228,13219
부평,2024-08-29,13631,6880,6751
동수,2024-08-29,8338,4224,4114
부평삼거리,2024-08-29,5007,2552,2455
간석오거리,2024-08-29,20849,10615,10234
인천시청,2024-08-29,11224,5689,5535
예술회관,2024-08-29,23775,11750,12025
인천터미널,2024-08-29,25270,12465,12805
문학경기장,2024-08-29,3619,1840,1779
선학,2024-08-29,11667,5813,5854
신연수,2024-08-29,10995,5603,5392
원인재,2024-08-29,5717,3038,2679
동춘,2024-08-29,20333,9865,10468
동막,2024-08-29,11039,5778,5261
캠퍼스타운,2024-08-29,11799,5947,5852
테크노파크,2024-08-29,22232,11187,11045
지식정보단지,2024-08-29,10126,4885,5241
인천대입구,2024-08-29,13595,6763,6832
센트럴파크(재외동포청),2024-08-29,8272,4149,4123
국제업무지구,2024-08-29,5520,2774,2746
송도달빛축제공원,2024-08-29,12838,6408,6430
계양,2024-08-30,8339,4051,4288
귤현,2024-08-30,2468,1016,1452
박촌,2024-08-30,8156,4245,3911
임학,2024-08-30,16257,8179,8078
계산,2024-08-30,20133,10157,9976
경인교대입구,2024-08-30,11096,5563,5533
작전,2024-08-30,29870,15328,14542
갈산,2024-08-30,18413,9437,8976
부평구청,2024-08-30,14225,6987,7238
부평시장,2024-08-30,27512,13734,13778
부평,2024-08-30,14698,7235,7463
동수,2024-08-30,8303,4211,4092
부평삼거리,2024-08-30,5253,2681,2572
간석오거리,2024-08-30,21679,11332,10347
인천시청,2024-08-30,11551,5919,5632
예술회관,2024-08-30,24653,11920,12733
인천터미널,2024-08-30,29563,14473,15090
문학경기장,2024-08-30,3749,1888,1861
선학,2024-08-30,12623,6313,6310
신연수,2024-08-30,11211,5749,5462
원인재,2024-08-30,6191,3294,2897
동춘,2024-08-30,21538,10475,11063
동막,2024-08-30,10913,5866,5047
캠퍼스타운,2024-08-30,12785,6447,6338
테크노파크,2024-08-30,23873,12022,11851
지식정보단지,2024-08-30,10210,4998,5212
인천대입구,2024-08-30,15028,7437,7591
센트럴파크(재외동포청),2024-08-30,8749,4348,4401
국제업무지구,2024-08-30,5675,2871,2804
송도달빛축제공원,2024-08-30,15423,7631,7792
계양,2024-08-31,6542,3158,3384
귤현,2024-08-31,1535,711,824
박촌,2024-08-31,5476,2867,2609
임학,2024-08-31,11974,6110,5864
계산,2024-08-31,16298,8274,8024
경인교대입구,2024-08-31,8355,4209,4146
작전,2024-08-31,21857,11264,10593
갈산,2024-08-31,10394,5425,4969
부평구청,2024-08-31,10012,4918,5094
부평시장,2024-08-31,18559,9297,9262
부평,2024-08-31,13986,7006,6980
동수,2024-08-31,5552,2855,2697
부평삼거리,2024-08-31,4232,2094,2138
간석오거리,2024-08-31,16374,8673,7701
인천시청,2024-08-31,7471,3842,3629
예술회관,2024-08-31,17858,8364,9494
인천터미널,2024-08-31,27758,13507,14251
문학경기장,2024-08-31,12349,6019,6330
선학,2024-08-31,10042,5136,4906
신연수,2024-08-31,6441,3396,3045
원인재,2024-08-31,3606,1858,1748
동춘,2024-08-31,15489,7699,7790
동막,2024-08-31,6715,3555,3160
캠퍼스타운,2024-08-31,9024,4646,4378
테크노파크,2024-08-31,20952,10456,10496
지식정보단지,2024-08-31,4827,2469,2358
인천대입구,2024-08-31,12949,6245,6704
센트럴파크(재외동포청),2024-08-31,8272,4115,4157
국제업무지구,2024-08-31,3557,1866,1691
송도달빛축제공원,2024-08-31,17659,8673,8986
계양,2024-09-01,4745,2181,2564
귤현,2024-09-01,1043,502,541
박촌,2024-09-01,4075,2093,1982
임학,2024-09-01,8658,4376,4282
계산,2024-09-01,12532,6260,6272
경인교대입구,2024-09-01,6969,3428,3541
작전,2024-09-01,14871,7564,7307
갈산,2024-09-01,6862,3508,3354
부평구청,2024-09-01,7008,3479,3529
부평시장,2024-09-01,14296,7164,7132
부평,2024-09-01,9946,5201,4745
동수,2024-09-01,4185,2156,2029
부평삼거리,2024-09-01,3469,1711,1758
간석오거리,2024-09-01,12013,6265,5748
인천시청,2024-09-01,5427,2758,2669
예술회관,2024-09-01,11807,5760,6047
인천터미널,2024-09-01,22507,11380,11127
문학경기장,2024-09-01,8277,4159,4118
선학,2024-09-01,7928,3959,3969
신연수,2024-09-01,4486,2269,2217
원인재,2024-09-01,2497,1320,1177
동춘,2024-09-01,11473,5701,5772
동막,2024-09-01,4111,2208,1903
캠퍼스타운,2024-09-01,6581,3184,3397
테크노파크,2024-09-01,15326,7574,7752
지식정보단지,2024-09-01,3360,1653,1707
인천대입구,2024-09-01,8605,4105,4500
센트럴파크(재외동포청),2024-09-01,5376,2656,2720
국제업무지구,2024-09-01,1564,821,743
송도달빛축제공원,2024-09-01,6492,3238,3254
계양,2024-09-02,8003,3984,4019
귤현,2024-09-02,2488,990,1498
박촌,2024-09-02,7795,4046,3749
임학,2024-09-02,15670,7918,7752
계산,2024-09-02,20076,10233,9843
경인교대입구,2024-09-02,11175,5577,5598
작전,2024-09-02,29179,14832,14347
갈산,2024-09-02,18278,9304,8974
부평구청,2024-09-02,13700,6703,6997
부평시장,2024-09-02,26308,13101,13207
부평,2024-09-02,12652,6287,6365
동수,2024-09-02,8045,4080,3965
부평삼거리,2024-09-02,5123,2622,2501
간석오거리,2024-09-02,20809,10889,9920
인천시청,2024-09-02,11046,5535,5511
예술회관,2024-09-02,23059,11355,11704
인천터미널,2024-09-02,24349,11878,12471
문학경기장,2024-09-02,3717,1865,1852
선학,2024-09-02,11506,5779,5727
신연수,2024-09-02,11722,5912,5810
원인재,2024-09-02,5908,3154,2754
동춘,2024-09-02,19833,9680,10153
동막,2024-09-02,10487,5612,4875
캠퍼스타운,2024-09-02,12113,6038,6075
테크노파크,2024-09-02,21324,10644,10680
지식정보단지,2024-09-02,10748,5210,5538
인천대입구,2024-09-02,18039,9016,9023
센트럴파크(재외동포청),2024-09-02,7472,3775,3697
국제업무지구,2024-09-02,5330,2722,2608
송도달빛축제공원,2024-09-02,10211,5114,5097
계양,2024-09-03,8414,4172,4242
귤현,2024-09-03,2585,1021,1564
박촌,2024-09-03,8042,4165,3877
임학,2024-09-03,16241,8274,7967
계산,2024-09-03,20438,10377,10061
경인교대입구,2024-09-03,11288,5682,5606
작전,2024-09-03,29894,15069,14825
갈산,2024-09-03,18857,9620,9237
부평구청,2024-09-03,14084,6908,7176
부평시장,2024-09-03,27504,13798,13706
부평,2024-09-03,13188,6719,6469
동수,2024-09-03,8605,4355,4250
부평삼거리,2024-09-03,5520,2810,2710
간석오거리,2024-09-03,22017,11467,10550
인천시청,2024-09-03,11479,5837,5642
예술회관,2024-09-03,23643,11672,11971
인천터미널,2024-09-03,24718,12036,12682
문학경기장,2024-09-03,4029,1874,2155
선학,2024-09-03,12056,6006,6050
신연수,2024-09-03,11929,6007,5922
원인재,2024-09-03,6111,3292,2819
동춘,2024-09-03,20524,10048,10476
동막,2024-09-03,10540,5640,4900
캠퍼스타운,2024-09-03,12488,6340,6148
테크노파크,2024-09-03,22282,11110,11172
지식정보단지,2024-09-03,11195,5429,5766
인천대입구,2024-09-03,18934,9500,9434
센트럴파크(재외동포청),2024-09-03,7869,3926,3943
국제업무지구,2024-09-03,5451,2776,2675
송도달빛축제공원,2024-09-03,10457,5196,5261
계양,2024-09-04,8443,4245,4198
귤현,2024-09-04,2510,997,1513
박촌,2024-09-04,8145,4221,3924
임학,2024-09-04,16380,8238,8142
계산,2024-09-04,20778,10561,10217
경인교대입구,2024-09-04,11267,5698,5569
작전,2024-09-04,30209,15307,14902
갈산,2024-09-04,18811,9620,9191
부평구청,2024-09-04,14140,6922,7218
부평시장,2024-09-04,27554,13853,13701
부평,2024-09-04,13357,6759,6598
동수,2024-09-04,8521,4276,4245
부평삼거리,2024-09-04,5370,2733,2637
간석오거리,2024-09-04,21974,11447,10527
인천시청,2024-09-04,11578,5874,5704
예술회관,2024-09-04,24460,12026,12434
인천터미널,2024-09-04,25632,12601,13031
문학경기장,2024-09-04,3887,1904,1983
선학,2024-09-04,12440,6218,6222
신연수,2024-09-04,12159,6199,5960
원인재,2024-09-04,6369,3460,2909
동춘,2024-09-04,20985,10279,10706
동막,2024-09-04,10808,5698,5110
캠퍼스타운,2024-09-04,12782,6468,6314
테크노파크,2024-09-04,22848,11364,11484
지식정보단지,2024-09-04,11428,5529,5899
인천대입구,2024-09-04,18855,9439,9416
센트럴파크(재외동포청),2024-09-04,8237,4177,4060
국제업무지구,2024-09-04,5501,2769,2732
송도달빛축제공원,2024-09-04,10559,5278,5281
계양,2024-09-05,8287,4090,4197
귤현,2024-09-05,2507,990,1517
박촌,2024-09-05,7918,4124,3794
임학,2024-09-05,15962,8100,7862
계산,2024-09-05,20108,10181,9927
경인교대입구,2024-09-05,11117,5583,5534
작전,2024-09-05,29546,14993,14553
갈산,2024-09-05,18629,9423,9206
부평구청,2024-09-05,13939,6849,7090
부평시장,2024-09-05,26765,13378,13387
부평,2024-09-05,12975,6516,6459
동수,2024-09-05,8516,4333,4183
부평삼거리,2024-09-05,5276,2686,2590
간석오거리,2024-09-05,21503,11169,10334
인천시청,2024-09-05,11580,5871,5709
예술회관,2024-09-05,24043,11811,12232
인천터미널,2024-09-05,25368,12717,12651
문학경기장,2024-09-05,3933,2076,1857
선학,2024-09-05,12423,6212,6211
신연수,2024-09-05,11819,5974,5845
원인재,2024-09-05,6170,3300,2870
동춘,2024-09-05,20614,10022,10592
동막,2024-09-05,10743,5656,5087
캠퍼스타운,2024-09-05,13092,6841,6251
테크노파크,2024-09-05,22381,11143,11238
지식정보단지,2024-09-05,11158,5422,5736
인천대입구,2024-09-05,18658,9489,9169
센트럴파크(재외동포청),2024-09-05,7831,3864,3967
국제업무지구,2024-09-05,5359,2683,2676
송도달빛축제공원,2024-09-05,10467,5184,5283
계양,2024-09-06,8418,4189,4229
귤현,2024-09-06,2563,1037,1526
박촌,2024-09-06,8106,4237,3869
임학,2024-09-06,17282,8739,8543
계산,2024-09-06,20243,10264,9979
경인교대입구,2024-09-06,11011,5522,5489
작전,2024-09-06,30193,15341,14852
갈산,2024-09-06,19050,9749,9301
부평구청,2024-09-06,14267,6955,7312
부평시장,2024-09-06,27871,13943,13928
부평,2024-09-06,14290,6979,7311
동수,2024-09-06,8310,4189,4121
부평삼거리,2024-09-06,5561,2821,2740
간석오거리,2024-09-06,21725,11380,10345
인천시청,2024-09-06,11616,5972,5644
예술회관,2024-09-06,24861,11971,12890
인천터미널,2024-09-06,29272,14265,15007
문학경기장,2024-09-06,3915,1985,1930
선학,2024-09-06,12931,6428,6503
신연수,2024-09-06,11977,6189,5788
원인재,2024-09-06,6347,3372,2975
동춘,2024-09-06,21489,10513,10976
동막,2024-09-06,10777,5734,5043
캠퍼스타운,2024-09-06,13389,7029,6360
테크노파크,2024-09-06,23902,12018,11884
지식정보단지,2024-09-06,10733,5188,5545
인천대입구,2024-09-06,17538,8843,8695
센트럴파크(재외동포청),2024-09-06,8712,4295,4417
국제업무지구,2024-09-06,5342,2720,2622
송도달빛축제공원,2024-09-06,11085,5620,5465
계양,2024-09-07,6670,3220,3450
귤현,2024-09-07,1640,740,900
박촌,2024-09-07,5587,2935,2652
임학,2024-09-07,12443,6402,6041
계산,2024-09-07,16783,8512,8271
경인교대입구,2024-09-07,9295,4677,4618
작전,2024-09-07,22773,11734,11039
갈산,2024-09-07,11068,5708,5360
부평구청,2024-09-07,10269,5013,5256
부평시장,2024-09-07,19785,9859,9926
부평,2024-09-07,14164,7170,6994
동수,2024-09-07,5479,2787,2692
부평삼거리,2024-09-07,5734,2823,2911
간석오거리,2024-09-07,16951,8839,8112
인천시청,2024-09-07,7887,4148,3739
예술회관,2024-09-07,18598,8757,9841
인천터미널,2024-09-07,28944,14175,14769
문학경기장,2024-09-07,19345,9328,10017
선학,2024-09-07,10698,5414,5284
신연수,2024-09-07,6984,3673,3311
원인재,2024-09-07,3932,2093,1839
동춘,2024-09-07,16348,8116,8232
동막,2024-09-07,6591,3496,3095
캠퍼스타운,2024-09-07,9225,4864,4361
테크노파크,2024-09-07,19847,9797,10050
지식정보단지,2024-09-07,4824,2483,2341
인천대입구,2024-09-07,11677,5889,5788
센트럴파크(재외동포청),2024-09-07,8082,3968,4114
국제업무지구,2024-09-07,2557,1322,1235
송도달빛축제공원,2024-09-07,8532,4272,4260
계양,2024-09-08,4742,2150,2592
귤현,2024-09-08,1162,580,582
박촌,2024-09-08,4212,2218,1994
임학,2024-09-08,8875,4497,4378
계산,2024-09-08,12713,6317,6396
경인교대입구,2024-09-08,7307,3633,3674
작전,2024-09-08,14817,7547,7270
갈산,2024-09-08,6973,3644,3329
부평구청,2024-09-08,7263,3527,3736
부평시장,2024-09-08,15400,7641,7759
부평,2024-09-08,10091,5202,4889
동수,2024-09-08,4208,2118,2090
부평삼거리,2024-09-08,5463,2684,2779
간석오거리,2024-09-08,12127,6256,5871
인천시청,2024-09-08,5353,2771,2582
예술회관,2024-09-08,11930,5870,6060
인천터미널,2024-09-08,22216,11092,11124
문학경기장,2024-09-08,1599,797,802
선학,2024-09-08,8007,3938,4069
신연수,2024-09-08,4753,2386,2367
원인재,2024-09-08,3529,1822,1707
동춘,2024-09-08,9094,4543,4551
동막,2024-09-08,4187,2208,1979
캠퍼스타운,2024-09-08,6829,3258,3571
테크노파크,2024-09-08,15756,7793,7963
지식정보단지,2024-09-08,3258,1634,1624
인천대입구,2024-09-08,8127,3915,4212
센트럴파크(재외동포청),2024-09-08,5132,2524,2608
국제업무지구,2024-09-08,1595,852,743
송도달빛축제공원,2024-09-08,6150,3028,3122
계양,2024-09-09,8302,4158,4144
귤현,2024-09-09,2578,1019,1559
박촌,2024-09-09,8076,4240,3836
임학,2024-09-09,16390,8359,8031
계산,2024-09-09,20979,10717,10262
경인교대입구,2024-09-09,11431,5662,5769
작전,2024-09-09,29476,15047,14429
갈산,2024-09-09,18732,9446,9286
부평구청,2024-09-09,13909,6829,7080
부평시장,2024-09-09,27478,13677,13801
부평,2024-09-09,13055,6578,6477
동수,2024-09-09,8408,4283,4125
부평삼거리,2024-09-09,5585,2843,2742
간석오거리,2024-09-09,21209,11103,10106
인천시청,2024-09-09,11439,5802,5637
예술회관,2024-09-09,23358,11546,11812
인천터미널,2024-09-09,25303,12267,13036
문학경기장,2024-09-09,3868,1890,1978
선학,2024-09-09,11974,6023,5951
신연수,2024-09-09,12008,6109,5899
원인재,2024-09-09,6235,3299,2936
동춘,2024-09-09,20751,10142,10609
동막,2024-09-09,10462,5627,4835
캠퍼스타운,2024-09-09,12620,6224,6396
테크노파크,2024-09-09,22006,10954,11052
지식정보단지,2024-09-09,10981,5359,5622
인천대입구,2024-09-09,18538,9236,9302
센트럴파크(재외동포청),2024-09-09,7675,3870,3805
국제업무지구,2024-09-09,5404,2767,2637
송도달빛축제공원,2024-09-09,10340,5187,5153
계양,2024-09-10,8701,4391,4310
귤현,2024-09-10,2687,1040,1647
박촌,2024-09-10,8484,4413,4071
임학,2024-09-10,16628,8407,8221
계산,2024-09-10,20634,10505,10129
경인교대입구,2024-09-10,11365,5700,5665
작전,2024-09-10,30418,15484,14934
갈산,2024-09-10,19233,9776,9457
부평구청,2024-09-10,14310,6997,7313
부평시장,2024-09-10,28371,14038,14333
부평,2024-09-10,13316,6642,6674
동수,2024-09-10,8729,4400,4329
부평삼거리,2024-09-10,5963,3036,2927
간석오거리,2024-09-10,22002,11476,10526
인천시청,2024-09-10,11805,5974,5831
예술회관,2024-09-10,24213,11922,12291
인천터미널,2024-09-10,25052,12299,12753
문학경기장,2024-09-10,16287,7674,8613
선학,2024-09-10,12490,6280,6210
신연수,2024-09-10,12159,6134,6025
원인재,2024-09-10,6230,3328,2902
동춘,2024-09-10,21404,10527,10877
동막,2024-09-10,10618,5653,4965
캠퍼스타운,2024-09-10,12870,6532,6338
테크노파크,2024-09-10,22433,11252,11181
지식정보단지,2024-09-10,11453,5595,5858
인천대입구,2024-09-10,19486,9656,9830
센트럴파크(재외동포청),2024-09-10,7984,4046,3938
국제업무지구,2024-09-10,5428,2756,2672
송도달빛축제공원,2024-09-10,10653,5348,5305
계양,2024-09-11,8370,4225,4145
귤현,2024-09-11,2589,1028,1561
박촌,2024-09-11,8213,4254,3959
임학,2024-09-11,16264,8142,8122
계산,2024-09-11,20589,10408,10181
경인교대입구,2024-09-11,11111,5552,5559
작전,2024-09-11,29989,15213,14776
갈산,2024-09-11,19010,9680,9330
부평구청,2024-09-11,14110,6908,7202
부평시장,2024-09-11,27702,13767,13935
부평,2024-09-11,13540,6906,6634
동수,2024-09-11,8598,4326,4272
부평삼거리,2024-09-11,5716,2914,2802
간석오거리,2024-09-11,21881,11420,10461
인천시청,2024-09-11,11741,5905,5836
예술회관,2024-09-11,24148,11881,12267
인천터미널,2024-09-11,25186,12426,12760
문학경기장,2024-09-11,14196,6907,7289
선학,2024-09-11,12386,6233,6153
신연수,2024-09-11,12132,6058,6074
원인재,2024-09-11,6201,3319,2882
동춘,2024-09-11,21168,10332,10836
동막,2024-09-11,10982,5895,5087
캠퍼스타운,2024-09-11,12824,6470,6354
테크노파크,2024-09-11,22580,11362,11218
지식정보단지,2024-09-11,11414,5572,5842
인천대입구,2024-09-11,19260,9633,9627
센트럴파크(재외동포청),2024-09-11,7704,3844,3860
국제업무지구,2024-09-11,5352,2718,2634
송도달빛축제공원,2024-09-11,10403,5236,5167
계양,2024-09-12,7948,3985,3963
귤현,2024-09-12,2430,978,1452
박촌,2024-09-12,7851,4075,3776
임학,2024-09-12,15699,7930,7769
계산,2024-09-12,19418,9948,9470
경인교대입구,2024-09-12,11136,5672,5464
작전,2024-09-12,28738,14536,14202
갈산,2024-09-12,18206,9267,8939
부평구청,2024-09-12,13312,6529,6783
부평시장,2024-09-12,26585,13263,13322
부평,2024-09-12,13057,6543,6514
동수,2024-09-12,8210,4158,4052
부평삼거리,2024-09-12,5404,2797,2607
간석오거리,2024-09-12,20998,10964,10034
인천시청,2024-09-12,11327,5737,5590
예술회관,2024-09-12,22946,11329,11617
인천터미널,2024-09-12,25235,12407,12828
문학경기장,2024-09-12,3404,1745,1659
선학,2024-09-12,11575,5840,5735
신연수,2024-09-12,11480,5832,5648
원인재,2024-09-12,6135,3255,2880
동춘,2024-09-12,20338,9846,10492
동막,2024-09-12,10427,5517,4910
캠퍼스타운,2024-09-12,12694,6630,6064
테크노파크,2024-09-12,21653,10775,10878
지식정보단지,2024-09-12,10909,5254,5655
인천대입구,2024-09-12,18394,9351,9043
센트럴파크(재외동포청),2024-09-12,7624,3812,3812
국제업무지구,2024-09-12,5269,2673,2596
송도달빛축제공원,2024-09-12,9872,4930,4942
계양,2024-09-13,8129,3999,4130
귤현,2024-09-13,2529,1035,1494
박촌,2024-09-13,7955,4210,3745
임학,2024-09-13,16429,8222,8207
계산,2024-09-13,19978,10183,9795
경인교대입구,2024-09-13,11219,5681,5538
작전,2024-09-13,29946,15257,14689
갈산,2024-09-13,18067,9175,8892
부평구청,2024-09-13,13943,6866,7077
부평시장,2024-09-13,28040,14001,14039
부평,2024-09-13,14825,7371,7454
동수,2024-09-13,8334,4309,4025
부평삼거리,2024-09-13,6287,3184,3103
간석오거리,2024-09-13,21851,11421,10430
인천시청,2024-09-13,11088,5668,5420
예술회관,2024-09-13,25252,12267,12985
인천터미널,2024-09-13,32132,15083,17049
문학경기장,2024-09-13,4140,2093,2047
선학,2024-09-13,12692,6418,6274
신연수,2024-09-13,11573,5890,5683
원인재,2024-09-13,6099,3295,2804
동춘,2024-09-13,21662,10365,11297
동막,2024-09-13,10722,5779,4943
캠퍼스타운,2024-09-13,12930,6743,6187
테크노파크,2024-09-13,22793,11468,11325
지식정보단지,2024-09-13,10530,5194,5336
인천대입구,2024-09-13,17012,8760,8252
센트럴파크(재외동포청),2024-09-13,8294,4118,4176
국제업무지구,2024-09-13,5163,2592,2571
송도달빛축제공원,2024-09-13,10170,5172,4998
계양,2024-09-14,5670,2773,2897
귤현,2024-09-14,1396,652,744
박촌,2024-09-14,4703,2503,2200
임학,2024-09-14,11028,5630,5398
계산,2024-09-14,14004,7147,6857
경인교대입구,2024-09-14,7718,3917,3801
작전,2024-09-14,20034,10339,9695
갈산,2024-09-14,8076,4223,3853
부평구청,2024-09-14,8845,4432,4413
부평시장,2024-09-14,19325,9664,9661
부평,2024-09-14,13100,6567,6533
동수,2024-09-14,5050,2604,2446
부평삼거리,2024-09-14,7927,3904,4023
간석오거리,2024-09-14,14966,7864,7102
인천시청,2024-09-14,6602,3412,3190
예술회관,2024-09-14,16114,7696,8418
인천터미널,2024-09-14,29658,13687,15971
문학경기장,2024-09-14,15426,7469,7957
선학,2024-09-14,9379,4809,4570
신연수,2024-09-14,5687,3021,2666
원인재,2024-09-14,3250,1755,1495
동춘,2024-09-14,15366,7475,7891
동막,2024-09-14,5579,2959,2620
캠퍼스타운,2024-09-14,7392,3932,3460
테크노파크,2024-09-14,17340,8614,8726
지식정보단지,2024-09-14,3646,1910,1736
인천대입구,2024-09-14,9332,4783,4549
센트럴파크(재외동포청),2024-09-14,6379,3153,3226
국제업무지구,2024-09-14,2133,1120,1013
송도달빛축제공원,2024-09-14,7607,3790,3817
계양,2024-09-15,4675,2193,2482
귤현,2024-09-15,995,455,540
박촌,2024-09-15,3977,2126,1851
임학,2024-09-15,8587,4392,4195
계산,2024-09-15,11186,5620,5566
경인교대입구,2024-09-15,6326,3164,3162
작전,2024-09-15,14172,7346,6826
갈산,2024-09-15,5878,3153,2725
부평구청,2024-09-15,6495,3258,3237
부평시장,2024-09-15,15152,7559,7593
부평,2024-09-15,10290,5184,5106
동수,2024-09-15,4131,2191,1940
부평삼거리,2024-09-15,8411,4218,4193
간석오거리,2024-09-15,11620,6159,5461
인천시청,2024-09-15,4823,2522,2301
예술회관,2024-09-15,11496,5493,6003
인천터미널,2024-09-15,23801,10993,12808
문학경기장,2024-09-15,13648,6856,6792
선학,2024-09-15,7378,3730,3648
신연수,2024-09-15,4743,2479,2264
원인재,2024-09-15,2398,1271,1127
동춘,2024-09-15,12502,6170,6332
동막,2024-09-15,3976,2134,1842
캠퍼스타운,2024-09-15,5352,2813,2539
테크노파크,2024-09-15,14741,7379,7362
지식정보단지,2024-09-15,2509,1305,1204
인천대입구,2024-09-15,6574,3277,3297
센트럴파크(재외동포청),2024-09-15,5028,2443,2585
국제업무지구,2024-09-15,1396,731,665
송도달빛축제공원,2024-09-15,5754,2946,2808
계양,2024-09-16,3598,1690,1908
귤현,2024-09-16,723,315,408
박촌,2024-09-16,3024,1563,1461
임학,2024-09-16,6854,3431,3423
계산,2024-09-16,9557,4826,4731
경인교대입구,2024-09-16,5012,2466,2546
작전,2024-09-16,11143,5733,5410
갈산,2024-09-16,4706,2463,2243
부평구청,2024-09-16,5363,2641,2722
부평시장,2024-09-16,11516,5792,5724
부평,2024-09-16,7579,3770,3809
동수,2024-09-16,3176,1594,1582
부평삼거리,2024-09-16,9624,4776,4848
간석오거리,2024-09-16,9479,5008,4471
인천시청,2024-09-16,3646,1942,1704
예술회관,2024-09-16,8972,4303,4669
인천터미널,2024-09-16,15642,7272,8370
문학경기장,2024-09-16,838,408,430
선학,2024-09-16,6076,3006,3070
신연수,2024-09-16,3701,1940,1761
원인재,2024-09-16,1941,1018,923
동춘,2024-09-16,10699,5263,5436
동막,2024-09-16,3886,2201,1685
캠퍼스타운,2024-09-16,4139,2147,1992
테크노파크,2024-09-16,13681,6800,6881
지식정보단지,2024-09-16,1991,1007,984
인천대입구,2024-09-16,5208,2665,2543
센트럴파크(재외동포청),2024-09-16,4674,2315,2359
국제업무지구,2024-09-16,1205,629,576
송도달빛축제공원,2024-09-16,4558,2278,2280
계양,2024-09-17,3890,1812,2078
귤현,2024-09-17,853,409,444
박촌,2024-09-17,3264,1680,1584
임학,2024-09-17,6630,3344,3286
계산,2024-09-17,9331,4736,4595
경인교대입구,2024-09-17,5191,2494,2697
작전,2024-09-17,11319,5778,5541
갈산,2024-09-17,4951,2536,2415
부평구청,2024-09-17,5620,2753,2867
부평시장,2024-09-17,9847,4871,4976
부평,2024-09-17,6615,3226,3389
동수,2024-09-17,3453,1711,1742
부평삼거리,2024-09-17,19665,9959,9706
간석오거리,2024-09-17,9453,4886,4567
인천시청,2024-09-17,4134,2137,1997
예술회관,2024-09-17,8957,4072,4885
인천터미널,2024-09-17,15888,8812,7076
문학경기장,2024-09-17,14062,6998,7064
선학,2024-09-17,5842,2951,2891
신연수,2024-09-17,3645,1895,1750
원인재,2024-09-17,2058,1046,1012
동춘,2024-09-17,9574,4775,4799
동막,2024-09-17,3034,1685,1349
캠퍼스타운,2024-09-17,3890,1915,1975
테크노파크,2024-09-17,7148,3512,3636
지식정보단지,2024-09-17,1797,879,918
인천대입구,2024-09-17,4733,2236,2497
센트럴파크(재외동포청),2024-09-17,3363,1584,1779
국제업무지구,2024-09-17,1060,572,488
송도달빛축제공원,2024-09-17,4008,1925,2083
계양,2024-09-18,4468,2107,2361
귤현,2024-09-18,915,454,461
박촌,2024-09-18,3541,1882,1659
임학,2024-09-18,7541,3869,3672
계산,2024-09-18,10883,5433,5450
경인교대입구,2024-09-18,5578,2782,2796
작전,2024-09-18,12674,6567,6107
갈산,2024-09-18,5357,2809,2548
부평구청,2024-09-18,6133,3018,3115
부평시장,2024-09-18,11440,5678,5762
부평,2024-09-18,8811,4671,4140
동수,2024-09-18,3439,1739,1700
부평삼거리,2024-09-18,5296,2679,2617
간석오거리,2024-09-18,11208,5783,5425
인천시청,2024-09-18,4253,2163,2090
예술회관,2024-09-18,10998,5256,5742
인천터미널,2024-09-18,23932,12913,11019
문학경기장,2024-09-18,1098,582,516
선학,2024-09-18,6702,3294,3408
신연수,2024-09-18,3892,1944,1948
원인재,2024-09-18,2328,1204,1124
동춘,2024-09-18,10752,5444,5308
동막,2024-09-18,3570,1907,1663
캠퍼스타운,2024-09-18,5933,2740,3193
테크노파크,2024-09-18,15335,7463,7872
지식정보단지,2024-09-18,2537,1227,1310
인천대입구,2024-09-18,7177,3131,4046
센트럴파크(재외동포청),2024-09-18,4624,2287,2337
국제업무지구,2024-09-18,1333,719,614
송도달빛축제공원,2024-09-18,5437,2710,2727
계양,2024-09-19,7797,3902,3895
귤현,2024-09-19,2481,1018,1463
박촌,2024-09-19,7577,3962,3615
임학,2024-09-19,15479,7787,7692
계산,2024-09-19,19258,9784,9474
경인교대입구,2024-09-19,10669,5237,5432
작전,2024-09-19,28195,14336,13859
갈산,2024-09-19,17029,8635,8394
부평구청,2024-09-19,12587,6167,6420
부평시장,2024-09-19,25609,12800,12809
부평,2024-09-19,13317,6848,6469
동수,2024-09-19,8056,4057,3999
부평삼거리,2024-09-19,5276,2701,2575
간석오거리,2024-09-19,20649,10762,9887
인천시청,2024-09-19,10691,5383,5308
예술회관,2024-09-19,22625,11168,11457
인천터미널,2024-09-19,26496,13405,13091
문학경기장,2024-09-19,12454,5917,6537
선학,2024-09-19,11618,5882,5736
신연수,2024-09-19,11003,5579,5424
원인재,2024-09-19,5413,2882,2531
동춘,2024-09-19,18985,9262,9723
동막,2024-09-19,9698,5169,4529
캠퍼스타운,2024-09-19,12036,6105,5931
테크노파크,2024-09-19,20956,10501,10455
지식정보단지,2024-09-19,9810,4717,5093
인천대입구,2024-09-19,17354,8643,8711
센트럴파크(재외동포청),2024-09-19,7087,3514,3573
국제업무지구,2024-09-19,5000,2545,2455
송도달빛축제공원,2024-09-19,9822,4882,4940
계양,2024-09-20,7627,3768,3859
귤현,2024-09-20,2356,960,1396
박촌,2024-09-20,7648,3950,3698
임학,2024-09-20,15310,7756,7554
계산,2024-09-20,18328,9282,9046
경인교대입구,2024-09-20,10252,5109,5143
작전,2024-09-20,27641,14077,13564
갈산,2024-09-20,17437,8856,8581
부평구청,2024-09-20,12673,6210,6463
부평시장,2024-09-20,25603,12760,12843
부평,2024-09-20,13654,6792,6862
동수,2024-09-20,8096,4080,4016
부평삼거리,2024-09-20,4678,2419,2259
간석오거리,2024-09-20,20182,10527,9655
인천시청,2024-09-20,10819,5451,5368
예술회관,2024-09-20,23717,11585,12132
인천터미널,2024-09-20,25694,12769,12925
문학경기장,2024-09-20,3589,1814,1775
선학,2024-09-20,11619,5867,5752
신연수,2024-09-20,10513,5351,5162
원인재,2024-09-20,5427,2893,2534
동춘,2024-09-20,18895,9245,9650
동막,2024-09-20,9788,5190,4598
캠퍼스타운,2024-09-20,12142,6437,5705
테크노파크,2024-09-20,21206,10670,10536
지식정보단지,2024-09-20,9863,4816,5047
인천대입구,2024-09-20,15917,7974,7943
센트럴파크(재외동포청),2024-09-20,7191,3556,3635
국제업무지구,2024-09-20,4903,2488,2415
송도달빛축제공원,2024-09-20,9568,4824,4744
계양,2024-09-21,5962,2893,3069
귤현,2024-09-21,1396,621,775
박촌,2024-09-21,5145,2733,2412
임학,2024-09-21,10955,5631,5324
계산,2024-09-21,14240,7201,7039
경인교대입구,2024-09-21,8212,4146,4066
작전,2024-09-21,21352,11046,10306
갈산,2024-09-21,10596,5431,5165
부평구청,2024-09-21,9472,4698,4774
부평시장,2024-09-21,17664,8888,8776
부평,2024-09-21,13503,6706,6797
동수,2024-09-21,4993,2531,2462
부평삼거리,2024-09-21,3770,1876,1894
간석오거리,2024-09-21,15619,8142,7477
인천시청,2024-09-21,7088,3653,3435
예술회관,2024-09-21,17362,8221,9141
인천터미널,2024-09-21,24799,12236,12563
문학경기장,2024-09-21,2577,1259,1318
선학,2024-09-21,9508,4798,4710
신연수,2024-09-21,6532,3439,3093
원인재,2024-09-21,3742,1975,1767
동춘,2024-09-21,14974,7418,7556
동막,2024-09-21,6055,3274,2781
캠퍼스타운,2024-09-21,8375,4391,3984
테크노파크,2024-09-21,18548,9127,9421
지식정보단지,2024-09-21,4699,2409,2290
인천대입구,2024-09-21,11074,5505,5569
센트럴파크(재외동포청),2024-09-21,7851,3895,3956
국제업무지구,2024-09-21,2943,1336,1607
송도달빛축제공원,2024-09-21,14439,7191,7248
계양,2024-09-22,5394,2492,2902
귤현,2024-09-22,1137,525,612
박촌,2024-09-22,4192,2206,1986
임학,2024-09-22,9047,4660,4387
계산,2024-09-22,13883,6947,6936
경인교대입구,2024-09-22,7255,3547,3708
작전,2024-09-22,15217,7765,7452
갈산,2024-09-22,7036,3619,3417
부평구청,2024-09-22,7378,3552,3826
부평시장,2024-09-22,15234,7550,7684
부평,2024-09-22,9975,5243,4732
동수,2024-09-22,4274,2191,2083
부평삼거리,2024-09-22,3909,1958,1951
간석오거리,2024-09-22,12385,6450,5935
인천시청,2024-09-22,5562,2827,2735
예술회관,2024-09-22,11730,5746,5984
인천터미널,2024-09-22,22049,10963,11086
문학경기장,2024-09-22,1536,752,784
선학,2024-09-22,8125,4035,4090
신연수,2024-09-22,4714,2446,2268
원인재,2024-09-22,2691,1413,1278
동춘,2024-09-22,9467,4733,4734
동막,2024-09-22,4400,2321,2079
캠퍼스타운,2024-09-22,6890,3314,3576
테크노파크,2024-09-22,15635,7648,7987
지식정보단지,2024-09-22,3078,1503,1575
인천대입구,2024-09-22,9315,4427,4888
센트럴파크(재외동포청),2024-09-22,5461,2710,2751
국제업무지구,2024-09-22,2037,908,1129
송도달빛축제공원,2024-09-22,13698,6944,6754
계양,2024-09-23,8464,4179,4285
귤현,2024-09-23,2587,1050,1537
박촌,2024-09-23,7965,4132,3833
임학,2024-09-23,16681,8511,8170
계산,2024-09-23,20877,10682,10195
경인교대입구,2024-09-23,11587,5752,5835
작전,2024-09-23,30286,15432,14854
갈산,2024-09-23,18890,9623,9267
부평구청,2024-09-23,14086,6930,7156
부평시장,2024-09-23,27654,13838,13816
부평,2024-09-23,13469,6857,6612
동수,2024-09-23,8577,4369,4208
부평삼거리,2024-09-23,5240,2702,2538
간석오거리,2024-09-23,21570,11310,10260
인천시청,2024-09-23,11371,5704,5667
예술회관,2024-09-23,24011,11958,12053
인천터미널,2024-09-23,25783,12479,13304
문학경기장,2024-09-23,3825,1876,1949
선학,2024-09-23,12119,6074,6045
신연수,2024-09-23,11981,6011,5970
원인재,2024-09-23,6131,3266,2865
동춘,2024-09-23,21138,10376,10762
동막,2024-09-23,10675,5712,4963
캠퍼스타운,2024-09-23,12782,6310,6472
테크노파크,2024-09-23,22082,10923,11159
지식정보단지,2024-09-23,11149,5436,5713
인천대입구,2024-09-23,18989,9509,9480
센트럴파크(재외동포청),2024-09-23,7749,3891,3858
국제업무지구,2024-09-23,5430,2765,2665
송도달빛축제공원,2024-09-23,10921,5473,5448
계양,2024-09-24,8764,4356,4408
귤현,2024-09-24,2609,1043,1566
박촌,2024-09-24,8299,4312,3987
임학,2024-09-24,16990,8571,8419
계산,2024-09-24,21038,10707,10331
경인교대입구,2024-09-24,11553,5813,5740
작전,2024-09-24,31001,15811,15190
갈산,2024-09-24,19292,9843,9449
부평구청,2024-09-24,14670,7208,7462
부평시장,2024-09-24,28523,14218,14305
부평,2024-09-24,13511,6892,6619
동수,2024-09-24,8935,4503,4432
부평삼거리,2024-09-24,5664,2894,2770
간석오거리,2024-09-24,22601,11819,10782
인천시청,2024-09-24,12506,6329,6177
예술회관,2024-09-24,24789,12274,12515
인천터미널,2024-09-24,26456,12965,13491
문학경기장,2024-09-24,17161,7928,9233
선학,2024-09-24,12473,6247,6226
신연수,2024-09-24,12411,6316,6095
원인재,2024-09-24,6224,3314,2910
동춘,2024-09-24,21447,10457,10990
동막,2024-09-24,10743,5785,4958
캠퍼스타운,2024-09-24,13482,6848,6634
테크노파크,2024-09-24,22644,11387,11257
지식정보단지,2024-09-24,11631,5736,5895
인천대입구,2024-09-24,19794,10028,9766
센트럴파크(재외동포청),2024-09-24,8785,4362,4423
국제업무지구,2024-09-24,5565,2834,2731
송도달빛축제공원,2024-09-24,10999,5477,5522
계양,2024-09-25,8494,4210,4284
귤현,2024-09-25,2620,1007,1613
박촌,2024-09-25,8307,4307,4000
임학,2024-09-25,16848,8577,8271
계산,2024-09-25,21590,11003,10587
경인교대입구,2024-09-25,11712,5804,5908
작전,2024-09-25,30723,15662,15061
갈산,2024-09-25,19302,9873,9429
부평구청,2024-09-25,14409,7114,7295
부평시장,2024-09-25,28524,14222,14302
부평,2024-09-25,13658,6923,6735
동수,2024-09-25,8510,4309,4201
부평삼거리,2024-09-25,5730,2908,2822
간석오거리,2024-09-25,22398,11625,10773
인천시청,2024-09-25,12391,6243,6148
예술회관,2024-09-25,24920,12186,12734
인천터미널,2024-09-25,26361,12935,13426
문학경기장,2024-09-25,3851,1897,1954
선학,2024-09-25,13038,6510,6528
신연수,2024-09-25,12779,6512,6267
원인재,2024-09-25,6366,3343,3023
동춘,2024-09-25,21563,10567,10996
동막,2024-09-25,10911,5876,5035
캠퍼스타운,2024-09-25,12898,6478,6420
테크노파크,2024-09-25,23432,11740,11692
지식정보단지,2024-09-25,11819,5732,6087
인천대입구,2024-09-25,19558,9817,9741
센트럴파크(재외동포청),2024-09-25,8666,4364,4302
국제업무지구,2024-09-25,5530,2782,2748
송도달빛축제공원,2024-09-25,11030,5509,5521
계양,2024-09-26,8800,4368,4432
귤현,2024-09-26,2558,987,1571
박촌,2024-09-26,8179,4243,3936
임학,2024-09-26,16618,8351,8267
계산,2024-09-26,21038,10680,10358
경인교대입구,2024-09-26,11636,5876,5760
작전,2024-09-26,30409,15423,14986
갈산,2024-09-26,19108,9664,9444
부평구청,2024-09-26,14455,7117,7338
부평시장,2024-09-26,28110,14019,14091
부평,2024-09-26,13712,6997,6715
동수,2024-09-26,8658,4389,4269
부평삼거리,2024-09-26,5412,2718,2694
간석오거리,2024-09-26,22214,11623,10591
인천시청,2024-09-26,12003,6093,5910
예술회관,2024-09-26,24273,11936,12337
인천터미널,2024-09-26,26641,13241,13400
문학경기장,2024-09-26,3976,2011,1965
선학,2024-09-26,12647,6384,6263
신연수,2024-09-26,12399,6301,6098
원인재,2024-09-26,6177,3266,2911
동춘,2024-09-26,21216,10391,10825
동막,2024-09-26,10618,5643,4975
캠퍼스타운,2024-09-26,13143,6870,6273
테크노파크,2024-09-26,23300,11566,11734
지식정보단지,2024-09-26,11435,5528,5907
인천대입구,2024-09-26,19409,9731,9678
센트럴파크(재외동포청),2024-09-26,8799,4354,4445
국제업무지구,2024-09-26,5457,2776,2681
송도달빛축제공원,2024-09-26,10986,5532,5454
계양,2024-09-27,8842,4387,4455
귤현,2024-09-27,2703,1100,1603
박촌,2024-09-27,8393,4413,3980
임학,2024-09-27,17346,8709,8637
계산,2024-09-27,21883,11145,10738
경인교대입구,2024-09-27,12128,6084,6044
작전,2024-09-27,31273,16024,15249
갈산,2024-09-27,19265,9860,9405
부평구청,2024-09-27,15427,7689,7738
부평시장,2024-09-27,29003,14426,14577
부평,2024-09-27,15123,7402,7721
동수,2024-09-27,8591,4363,4228
부평삼거리,2024-09-27,5508,2834,2674
간석오거리,2024-09-27,22760,11914,10846
인천시청,2024-09-27,11856,6048,5808
예술회관,2024-09-27,26144,12674,13470
인천터미널,2024-09-27,30255,14847,15408
문학경기장,2024-09-27,3982,1994,1988
선학,2024-09-27,13640,6795,6845
신연수,2024-09-27,12025,6228,5797
원인재,2024-09-27,6538,3465,3073
동춘,2024-09-27,22156,10801,11355
동막,2024-09-27,10912,5900,5012
캠퍼스타운,2024-09-27,13260,6650,6610
테크노파크,2024-09-27,24600,12337,12263
지식정보단지,2024-09-27,11185,5441,5744
인천대입구,2024-09-27,18964,9691,9273
센트럴파크(재외동포청),2024-09-27,9981,4896,5085
국제업무지구,2024-09-27,5672,2861,2811
송도달빛축제공원,2024-09-27,11335,5640,5695
계양,2024-09-28,7266,3424,3842
귤현,2024-09-28,1733,796,937
박촌,2024-09-28,5981,3149,2832
임학,2024-09-28,13298,6878,6420
계산,2024-09-28,19506,9706,9800
경인교대입구,2024-09-28,9606,4728,4878
작전,2024-09-28,25904,13214,12690
갈산,2024-09-28,13358,6804,6554
부평구청,2024-09-28,11663,5733,5930
부평시장,2024-09-28,27661,14106,13555
부평,2024-09-28,17387,8699,8688
동수,2024-09-28,6073,3105,2968
부평삼거리,2024-09-28,4586,2329,2257
간석오거리,2024-09-28,17257,9101,8156
인천시청,2024-09-28,8664,4499,4165
예술회관,2024-09-28,18473,8794,9679
인천터미널,2024-09-28,28453,13840,14613
문학경기장,2024-09-28,3347,1655,1692
선학,2024-09-28,11072,5545,5527
신연수,2024-09-28,7059,3682,3377
원인재,2024-09-28,4403,2309,2094
동춘,2024-09-28,16577,8216,8361
동막,2024-09-28,7130,3826,3304
캠퍼스타운,2024-09-28,9258,4985,4273
테크노파크,2024-09-28,20309,10088,10221
지식정보단지,2024-09-28,5251,2558,2693
인천대입구,2024-09-28,13026,6715,6311
센트럴파크(재외동포청),2024-09-28,10995,5297,5698
국제업무지구,2024-09-28,3066,1574,1492
송도달빛축제공원,2024-09-28,11641,5826,5815
계양,2024-09-29,5480,2530,2950
귤현,2024-09-29,1256,578,678
박촌,2024-09-29,4465,2356,2109
임학,2024-09-29,9389,4867,4522
계산,2024-09-29,14667,7198,7469
경인교대입구,2024-09-29,7621,3766,3855
작전,2024-09-29,17025,8587,8438
갈산,2024-09-29,8375,4291,4084
부평구청,2024-09-29,8287,4058,4229
부평시장,2024-09-29,21057,10538,10519
부평,2024-09-29,12372,6598,5774
동수,2024-09-29,4608,2363,2245
부평삼거리,2024-09-29,3533,1780,1753
간석오거리,2024-09-29,12833,6703,6130
인천시청,2024-09-29,5923,3043,2880
예술회관,2024-09-29,11948,5915,6033
인천터미널,2024-09-29,22651,11265,11386
문학경기장,2024-09-29,2021,1001,1020
선학,2024-09-29,8632,4256,4376
신연수,2024-09-29,5076,2567,2509
원인재,2024-09-29,2824,1498,1326
동춘,2024-09-29,11415,5668,5747
동막,2024-09-29,4395,2335,2060
캠퍼스타운,2024-09-29,6927,3331,3596
테크노파크,2024-09-29,15667,7694,7973
지식정보단지,2024-09-29,3323,1623,1700
인천대입구,2024-09-29,8647,4075,4572
센트럴파크(재외동포청),2024-09-29,7264,3528,3736
국제업무지구,2024-09-29,1754,904,850
송도달빛축제공원,2024-09-29,8317,4190,4127
계양,2024-09-30,8820,4371,4449
귤현,2024-09-30,2591,1066,1525
박촌,2024-09-30,8121,4290,3831
임학,2024-09-30,16909,8582,8327
계산,2024-09-30,21463,10937,10526
경인교대입구,2024-09-30,11588,5821,5767
작전,2024-09-30,31174,16042,15132
갈산,2024-09-30,18986,9673,9313
부평구청,2024-09-30,14249,7004,7245
부평시장,2024-09-30,28328,14263,14065
부평,2024-09-30,14115,7017,7098
동수,2024-09-30,8459,4270,4189
부평삼거리,2024-09-30,5511,2793,2718
간석오거리,2024-09-30,22217,11698,10519
인천시청,2024-09-30,11668,5922,5746
예술회관,2024-09-30,24794,12152,12642
인천터미널,2024-09-30,27454,13328,14126
문학경기장,2024-09-30,21610,9677,11933
선학,2024-09-30,12486,6371,6115
신연수,2024-09-30,11840,6030,5810
원인재,2024-09-30,6280,3293,2987
동춘,2024-09-30,21232,10475,10757
동막,2024-09-30,10366,5482,4884
캠퍼스타운,2024-09-30,13019,6590,6429
테크노파크,2024-09-30,22541,11259,11282
지식정보단지,2024-09-30,11394,5580,5814
인천대입구,2024-09-30,19845,9902,9943
센트럴파크(재외동포청),2024-09-30,8037,4049,3988
국제업무지구,2024-09-30,5459,2779,2680
송도달빛축제공원,2024-09-30,11094,5552,5542
계양,2024-10-01,5386,2583,2803
귤현,2024-10-01,1398,580,818
박촌,2024-10-01,4940,2571,2369
임학,2024-10-01,10270,5216,5054
계산,2024-10-01,14395,7235,7160
경인교대입구,2024-10-01,7880,3970,3910
작전,2024-10-01,19095,9763,9332
갈산,2024-10-01,9466,4833,4633
부평구청,2024-10-01,8263,4074,4189
부평시장,2024-10-01,17786,8843,8943
부평,2024-10-01,11087,5652,5435
동수,2024-10-01,5590,2779,2811
부평삼거리,2024-10-01,3596,1779,1817
간석오거리,2024-10-01,14939,7796,7143
인천시청,2024-10-01,6157,3166,2991
예술회관,2024-10-01,14780,7285,7495
인천터미널,2024-10-01,20980,10313,10667
문학경기장,2024-10-01,1789,922,867
선학,2024-10-01,8629,4286,4343
신연수,2024-10-01,6812,3486,3326
원인재,2024-10-01,3420,1851,1569
동춘,2024-10-01,14680,7200,7480
동막,2024-10-01,5940,3144,2796
캠퍼스타운,2024-10-01,7586,3921,3665
테크노파크,2024-10-01,16419,8158,8261
지식정보단지,2024-10-01,4774,2361,2413
인천대입구,2024-10-01,10305,5156,5149
센트럴파크(재외동포청),2024-10-01,6047,3014,3033
국제업무지구,2024-10-01,2572,1303,1269
송도달빛축제공원,2024-10-01,6757,3423,3334
계양,2024-10-02,8453,4195,4258
귤현,2024-10-02,2614,1051,1563
박촌,2024-10-02,8337,4330,4007
임학,2024-10-02,17018,8665,8353
계산,2024-10-02,22027,11219,10808
경인교대입구,2024-10-02,11760,5916,5844
작전,2024-10-02,31542,16114,15428
갈산,2024-10-02,18965,9758,9207
부평구청,2024-10-02,14132,6996,7136
부평시장,2024-10-02,27894,13916,13978
부평,2024-10-02,14625,7167,7458
동수,2024-10-02,8651,4432,4219
부평삼거리,2024-10-02,5234,2681,2553
간석오거리,2024-10-02,22020,11417,10603
인천시청,2024-10-02,11816,6027,5789
예술회관,2024-10-02,24437,11983,12454
인천터미널,2024-10-02,27877,13557,14320
문학경기장,2024-10-02,2582,1300,1282
선학,2024-10-02,12718,6399,6319
신연수,2024-10-02,12129,6223,5906
원인재,2024-10-02,6372,3405,2967
동춘,2024-10-02,21050,10264,10786
동막,2024-10-02,10511,5604,4907
캠퍼스타운,2024-10-02,13569,7066,6503
테크노파크,2024-10-02,23851,11945,11906
지식정보단지,2024-10-02,11281,5528,5753
인천대입구,2024-10-02,19128,9577,9551
센트럴파크(재외동포청),2024-10-02,8594,4319,4275
국제업무지구,2024-10-02,5405,2713,2692
송도달빛축제공원,2024-10-02,11005,5473,5532
계양,2024-10-03,5948,2766,3182
귤현,2024-10-03,1381,634,747
박촌,2024-10-03,4676,2468,2208
임학,2024-10-03,10116,5145,4971
계산,2024-10-03,15143,7562,7581
경인교대입구,2024-10-03,7417,3776,3641
작전,2024-10-03,17073,8778,8295
갈산,2024-10-03,8729,4481,4248
부평구청,2024-10-03,8157,3979,4178
부평시장,2024-10-03,16892,8318,8574
부평,2024-10-03,10805,5476,5329
동수,2024-10-03,4728,2426,2302
부평삼거리,2024-10-03,3623,1803,1820
간석오거리,2024-10-03,14188,7332,6856
인천시청,2024-10-03,6202,3162,3040
예술회관,2024-10-03,14256,6981,7275
인천터미널,2024-10-03,22587,11238,11349
문학경기장,2024-10-03,1603,816,787
선학,2024-10-03,8833,4343,4490
신연수,2024-10-03,5961,3080,2881
원인재,2024-10-03,3340,1729,1611
동춘,2024-10-03,14125,6952,7173
동막,2024-10-03,5380,2881,2499
캠퍼스타운,2024-10-03,7642,4057,3585
테크노파크,2024-10-03,18449,9185,9264
지식정보단지,2024-10-03,4065,2039,2026
인천대입구,2024-10-03,10623,5280,5343
센트럴파크(재외동포청),2024-10-03,7138,3558,3580
국제업무지구,2024-10-03,2395,1222,1173
송도달빛축제공원,2024-10-03,7388,3652,3736
계양,2024-10-04,8099,3987,4112
귤현,2024-10-04,2398,983,1415
박촌,2024-10-04,7752,4008,3744
임학,2024-10-04,16460,8272,8188
계산,2024-10-04,20593,10501,10092
경인교대입구,2024-10-04,10884,5527,5357
작전,2024-10-04,29344,14946,14398
갈산,2024-10-04,16851,8655,8196
부평구청,2024-10-04,13450,6681,6769
부평시장,2024-10-04,27212,13497,13715
부평,2024-10-04,14950,7314,7636
동수,2024-10-04,7962,4046,3916
부평삼거리,2024-10-04,5405,2723,2682
간석오거리,2024-10-04,20711,10866,9845
인천시청,2024-10-04,10615,5419,5196
예술회관,2024-10-04,24521,11872,12649
인천터미널,2024-10-04,28538,13877,14661
문학경기장,2024-10-04,2482,1239,1243
선학,2024-10-04,12242,6153,6089
신연수,2024-10-04,10932,5632,5300
원인재,2024-10-04,5647,2963,2684
동춘,2024-10-04,19614,9604,10010
동막,2024-10-04,9641,5168,4473
캠퍼스타운,2024-10-04,12335,6462,5873
테크노파크,2024-10-04,22977,11316,11661
지식정보단지,2024-10-04,9131,4449,4682
인천대입구,2024-10-04,17162,8794,8368
센트럴파크(재외동포청),2024-10-04,8787,4404,4383
국제업무지구,2024-10-04,5290,2729,2561
송도달빛축제공원,2024-10-04,12307,6178,6129
계양,2024-10-05,6839,3296,3543
귤현,2024-10-05,1633,774,859
박촌,2024-10-05,5551,2941,2610
임학,2024-10-05,12063,6180,5883
계산,2024-10-05,19304,9468,9836
경인교대입구,2024-10-05,8648,4379,4269
작전,2024-10-05,22755,11710,11045
갈산,2024-10-05,10965,5638,5327
부평구청,2024-10-05,10085,4944,5141
부평시장,2024-10-05,19359,9696,9663
부평,2024-10-05,13417,6579,6838
동수,2024-10-05,5260,2679,2581
부평삼거리,2024-10-05,4032,1999,2033
간석오거리,2024-10-05,16156,8458,7698
인천시청,2024-10-05,7549,3934,3615
예술회관,2024-10-05,17076,8089,8987
인천터미널,2024-10-05,27142,13303,13839
문학경기장,2024-10-05,3908,1985,1923
선학,2024-10-05,10658,5280,5378
신연수,2024-10-05,6442,3349,3093
원인재,2024-10-05,4267,2227,2040
동춘,2024-10-05,15910,7906,8004
동막,2024-10-05,6734,3620,3114
캠퍼스타운,2024-10-05,9242,4878,4364
테크노파크,2024-10-05,19203,9620,9583
지식정보단지,2024-10-05,4496,2347,2149
인천대입구,2024-10-05,11642,5834,5808
센트럴파크(재외동포청),2024-10-05,9715,4746,4969
국제업무지구,2024-10-05,3002,1621,1381
송도달빛축제공원,2024-10-05,12928,6480,6448
계양,2024-10-06,4930,2336,2594
귤현,2024-10-06,1101,523,578
박촌,2024-10-06,4043,2135,1908
임학,2024-10-06,8744,4435,4309
계산,2024-10-06,13554,6789,6765
경인교대입구,2024-10-06,7214,3576,3638
작전,2024-10-06,14971,7603,7368
갈산,2024-10-06,7133,3665,3468
부평구청,2024-10-06,7290,3581,3709
부평시장,2024-10-06,14843,7426,7417
부평,2024-10-06,9224,4836,4388
동수,2024-10-06,6085,2950,3135
부평삼거리,2024-10-06,4631,2290,2341
간석오거리,2024-10-06,11981,6233,5748
인천시청,2024-10-06,5516,2803,2713
예술회관,2024-10-06,11275,5489,5786
인천터미널,2024-10-06,22078,11106,10972
문학경기장,2024-10-06,2008,1006,1002
선학,2024-10-06,8051,3979,4072
신연수,2024-10-06,4684,2370,2314
원인재,2024-10-06,2710,1421,1289
동춘,2024-10-06,10881,5356,5525
동막,2024-10-06,4237,2217,2020
캠퍼스타운,2024-10-06,6816,3242,3574
테크노파크,2024-10-06,14737,7252,7485
지식정보단지,2024-10-06,3273,1686,1587
인천대입구,2024-10-06,11834,5453,6381
센트럴파크(재외동포청),2024-10-06,5676,2830,2846
국제업무지구,2024-10-06,1637,877,760
송도달빛축제공원,2024-10-06,8109,4022,4087
계양,2024-10-07,8333,4159,4174
귤현,2024-10-07,2515,973,1542
박촌,2024-10-07,7946,4151,3795
임학,2024-10-07,16442,8297,8145
계산,2024-10-07,21134,10732,10402
경인교대입구,2024-10-07,11461,5718,5743
작전,2024-10-07,30427,15466,14961
갈산,2024-10-07,18871,9512,9359
부평구청,2024-10-07,13883,6808,7075
부평시장,2024-10-07,27888,13948,13940
부평,2024-10-07,12866,6491,6375
동수,2024-10-07,8419,4267,4152
부평삼거리,2024-10-07,5207,2660,2547
간석오거리,2024-10-07,21229,11082,10147
인천시청,2024-10-07,11169,5639,5530
예술회관,2024-10-07,23617,11655,11962
인천터미널,2024-10-07,25281,12290,12991
문학경기장,2024-10-07,2621,1288,1333
선학,2024-10-07,11981,6001,5980
신연수,2024-10-07,12106,6112,5994
원인재,2024-10-07,6037,3201,2836
동춘,2024-10-07,20309,9932,10377
동막,2024-10-07,10367,5572,4795
캠퍼스타운,2024-10-07,12736,6293,6443
테크노파크,2024-10-07,21721,10783,10938
지식정보단지,2024-10-07,11199,5450,5749
인천대입구,2024-10-07,18277,9047,9230
센트럴파크(재외동포청),2024-10-07,7876,3992,3884
국제업무지구,2024-10-07,5353,2708,2645
송도달빛축제공원,2024-10-07,10659,5367,5292
계양,2024-10-08,8941,4456,4485
귤현,2024-10-08,2670,1063,1607
박촌,2024-10-08,8334,4419,3915
임학,2024-10-08,16969,8648,8321
계산,2024-10-08,21627,10978,10649
경인교대입구,2024-10-08,11794,5890,5904
작전,2024-10-08,31798,16262,15536
갈산,2024-10-08,19427,9939,9488
부평구청,2024-10-08,14562,7156,7406
부평시장,2024-10-08,28825,14403,14422
부평,2024-10-08,13795,6719,7076
동수,2024-10-08,8682,4418,4264
부평삼거리,2024-10-08,5591,2879,2712
간석오거리,2024-10-08,22511,11842,10669
인천시청,2024-10-08,11915,6033,5882
예술회관,2024-10-08,25479,12352,13127
인천터미널,2024-10-08,27062,13178,13884
문학경기장,2024-10-08,2800,1442,1358
선학,2024-10-08,12784,6456,6328
신연수,2024-10-08,12150,6137,6013
원인재,2024-10-08,6313,3309,3004
동춘,2024-10-08,21215,10415,10800
동막,2024-10-08,10749,5804,4945
캠퍼스타운,2024-10-08,13124,6737,6387
테크노파크,2024-10-08,23291,11676,11615
지식정보단지,2024-10-08,11624,5637,5987
인천대입구,2024-10-08,19575,9851,9724
센트럴파크(재외동포청),2024-10-08,8929,4449,4480
국제업무지구,2024-10-08,5647,2829,2818
송도달빛축제공원,2024-10-08,11498,5716,5782
계양,2024-10-09,6021,2788,3233
귤현,2024-10-09,1381,623,758
박촌,2024-10-09,4540,2370,2170
임학,2024-10-09,10183,5144,5039
계산,2024-10-09,15647,7803,7844
경인교대입구,2024-10-09,7665,3894,3771
작전,2024-10-09,17314,8860,8454
갈산,2024-10-09,9027,4650,4377
부평구청,2024-10-09,8187,3962,4225
부평시장,2024-10-09,16860,8323,8537
부평,2024-10-09,10260,5369,4891
동수,2024-10-09,4794,2406,2388
부평삼거리,2024-10-09,3785,1877,1908
간석오거리,2024-10-09,14469,7575,6894
인천시청,2024-10-09,6263,3230,3033
예술회관,2024-10-09,13454,6460,6994
인천터미널,2024-10-09,21029,10503,10526
문학경기장,2024-10-09,2014,1012,1002
선학,2024-10-09,8683,4306,4377
신연수,2024-10-09,5902,3028,2874
원인재,2024-10-09,3256,1717,1539
동춘,2024-10-09,13698,6743,6955
동막,2024-10-09,5420,2827,2593
캠퍼스타운,2024-10-09,7901,4103,3798
테크노파크,2024-10-09,17829,8791,9038
지식정보단지,2024-10-09,4150,2029,2121
인천대입구,2024-10-09,9904,5071,4833
센트럴파크(재외동포청),2024-10-09,8670,4140,4530
국제업무지구,2024-10-09,2356,1246,1110
송도달빛축제공원,2024-10-09,7518,3758,3760
계양,2024-10-10,8668,4289,4379
귤현,2024-10-10,2646,1054,1592
박촌,2024-10-10,8359,4307,4052
임학,2024-10-10,16982,8522,8460
계산,2024-10-10,21501,10975,10526
경인교대입구,2024-10-10,11696,5888,5808
작전,2024-10-10,29761,15169,14592
갈산,2024-10-10,19142,9771,9371
부평구청,2024-10-10,14303,7082,7221
부평시장,2024-10-10,27937,13925,14012
부평,2024-10-10,13545,6708,6837
동수,2024-10-10,8704,4329,4375
부평삼거리,2024-10-10,5353,2694,2659
간석오거리,2024-10-10,21977,11398,10579
인천시청,2024-10-10,11844,5900,5944
예술회관,2024-10-10,24766,12236,12530
인천터미널,2024-10-10,26130,12959,13171
문학경기장,2024-10-10,2738,1380,1358
선학,2024-10-10,12691,6392,6299
신연수,2024-10-10,12099,6105,5994
원인재,2024-10-10,6239,3323,2916
동춘,2024-10-10,21100,10278,10822
동막,2024-10-10,10878,5756,5122
캠퍼스타운,2024-10-10,13208,6709,6499
테크노파크,2024-10-10,22634,11367,11267
지식정보단지,2024-10-10,11674,5685,5989
인천대입구,2024-10-10,22143,10947,11196
센트럴파크(재외동포청),2024-10-10,8738,4656,4082
국제업무지구,2024-10-10,5658,2875,2783
송도달빛축제공원,2024-10-10,10810,5351,5459
계양,2024-10-11,10102,4972,5130
귤현,2024-10-11,2619,1053,1566
박촌,2024-10-11,8309,4353,3956
임학,2024-10-11,17527,8843,8684
계산,2024-10-11,21935,11112,10823
경인교대입구,2024-10-11,11828,6024,5804
작전,2024-10-11,31524,16031,15493
갈산,2024-10-11,19201,9903,9298
부평구청,2024-10-11,14813,7271,7542
부평시장,2024-10-11,28440,14151,14289
부평,2024-10-11,15078,7366,7712
동수,2024-10-11,8766,4462,4304
부평삼거리,2024-10-11,5494,2800,2694
간석오거리,2024-10-11,22702,11845,10857
인천시청,2024-10-11,12293,6206,6087
예술회관,2024-10-11,25334,12198,13136
인천터미널,2024-10-11,29892,14542,15350
문학경기장,2024-10-11,2730,1364,1366
선학,2024-10-11,12964,6537,6427
신연수,2024-10-11,12244,6253,5991
원인재,2024-10-11,6414,3377,3037
동춘,2024-10-11,22615,11165,11450
동막,2024-10-11,11288,5979,5309
캠퍼스타운,2024-10-11,13582,7023,6559
테크노파크,2024-10-11,24980,12610,12370
지식정보단지,2024-10-11,11630,5768,5862
인천대입구,2024-10-11,22672,11234,11438
센트럴파크(재외동포청),2024-10-11,9226,4688,4538
국제업무지구,2024-10-11,5739,2874,2865
송도달빛축제공원,2024-10-11,11285,5621,5664
계양,2024-10-12,7269,3497,3772
귤현,2024-10-12,1641,754,887
박촌,2024-10-12,5721,3029,2692
임학,2024-10-12,12849,6583,6266
계산,2024-10-12,20919,10368,10551
경인교대입구,2024-10-12,9247,4709,4538
작전,2024-10-12,24560,12744,11816
갈산,2024-10-12,11394,5894,5500
부평구청,2024-10-12,10525,5150,5375
부평시장,2024-10-12,19825,9883,9942
부평,2024-10-12,13863,6887,6976
동수,2024-10-12,5682,2924,2758
부평삼거리,2024-10-12,4361,2151,2210
간석오거리,2024-10-12,16566,8651,7915
인천시청,2024-10-12,8015,4147,3868
예술회관,2024-10-12,18043,8680,9363
인천터미널,2024-10-12,27534,13248,14286
문학경기장,2024-10-12,3423,1702,1721
선학,2024-10-12,10835,5229,5606
신연수,2024-10-12,6936,3639,3297
원인재,2024-10-12,4192,2278,1914
동춘,2024-10-12,16220,8162,8058
동막,2024-10-12,6788,3621,3167
캠퍼스타운,2024-10-12,9049,4799,4250
테크노파크,2024-10-12,20764,10338,10426
지식정보단지,2024-10-12,4656,2426,2230
인천대입구,2024-10-12,13044,6567,6477
센트럴파크(재외동포청),2024-10-12,9223,4491,4732
국제업무지구,2024-10-12,2825,1448,1377
송도달빛축제공원,2024-10-12,8775,4488,4287
계양,2024-10-13,5435,2505,2930
귤현,2024-10-13,1243,581,662
박촌,2024-10-13,4277,2239,2038
임학,2024-10-13,9486,4868,4618
계산,2024-10-13,15163,7550,7613
경인교대입구,2024-10-13,7487,3804,3683
작전,2024-10-13,16117,8249,7868
갈산,2024-10-13,7795,3967,3828
부평구청,2024-10-13,7333,3574,3759
부평시장,2024-10-13,15197,7532,7665
부평,2024-10-13,9539,4937,4602
동수,2024-10-13,4554,2297,2257
부평삼거리,2024-10-13,3218,1606,1612
간석오거리,2024-10-13,11805,6145,5660
인천시청,2024-10-13,5784,2972,2812
예술회관,2024-10-13,11272,5609,5663
인천터미널,2024-10-13,22283,11292,10991
문학경기장,2024-10-13,1819,894,925
선학,2024-10-13,8135,4062,4073
신연수,2024-10-13,4626,2369,2257
원인재,2024-10-13,2777,1455,1322
동춘,2024-10-13,9431,4709,4722
동막,2024-10-13,4320,2250,2070
캠퍼스타운,2024-10-13,6391,3132,3259
테크노파크,2024-10-13,15199,7394,7805
지식정보단지,2024-10-13,3295,1616,1679
인천대입구,2024-10-13,8465,4047,4418
센트럴파크(재외동포청),2024-10-13,5910,2909,3001
국제업무지구,2024-10-13,1556,796,760
송도달빛축제공원,2024-10-13,6487,3196,3291
계양,2024-10-14,8388,4243,4145
귤현,2024-10-14,2584,1026,1558
박촌,2024-10-14,8018,4186,3832
임학,2024-10-14,16287,8186,8101
계산,2024-10-14,20823,10569,10254
경인교대입구,2024-10-14,10617,5352,5265
작전,2024-10-14,29828,15132,14696
갈산,2024-10-14,18762,9532,9230
부평구청,2024-10-14,14116,6941,7175
부평시장,2024-10-14,26874,13456,13418
부평,2024-10-14,12496,6260,6236
동수,2024-10-14,8454,4351,4103
부평삼거리,2024-10-14,5245,2674,2571
간석오거리,2024-10-14,20930,10932,9998
인천시청,2024-10-14,11513,5709,5804
예술회관,2024-10-14,23416,11666,11750
인천터미널,2024-10-14,22761,11060,11701
문학경기장,2024-10-14,2643,1294,1349
선학,2024-10-14,11777,5966,5811
신연수,2024-10-14,11906,6058,5848
원인재,2024-10-14,6099,3249,2850
동춘,2024-10-14,20599,10025,10574
동막,2024-10-14,10579,5611,4968
캠퍼스타운,2024-10-14,12518,6107,6411
테크노파크,2024-10-14,21925,10869,11056
지식정보단지,2024-10-14,11405,5606,5799
인천대입구,2024-10-14,18239,9107,9132
센트럴파크(재외동포청),2024-10-14,7965,4076,3889
국제업무지구,2024-10-14,5447,2737,2710
송도달빛축제공원,2024-10-14,10642,5347,5295
계양,2024-10-15,8532,4205,4327
귤현,2024-10-15,2576,993,1583
박촌,2024-10-15,8069,4195,3874
임학,2024-10-15,16770,8463,8307
계산,2024-10-15,21084,10662,10422
경인교대입구,2024-10-15,10632,5366,5266
작전,2024-10-15,30508,15551,14957
갈산,2024-10-15,18984,9643,9341
부평구청,2024-10-15,14017,6870,7147
부평시장,2024-10-15,27324,13637,13687
부평,2024-10-15,12916,6418,6498
동수,2024-10-15,8706,4415,4291
부평삼거리,2024-10-15,5178,2599,2579
간석오거리,2024-10-15,21400,11106,10294
인천시청,2024-10-15,11393,5720,5673
예술회관,2024-10-15,23266,11448,11818
인천터미널,2024-10-15,24810,12126,12684
문학경기장,2024-10-15,2561,1339,1222
선학,2024-10-15,11990,5989,6001
신연수,2024-10-15,11670,5959,5711
원인재,2024-10-15,6163,3256,2907
동춘,2024-10-15,20486,10043,10443
동막,2024-10-15,10520,5603,4917
캠퍼스타운,2024-10-15,12415,6247,6168
테크노파크,2024-10-15,21696,10831,10865
지식정보단지,2024-10-15,11533,5622,5911
인천대입구,2024-10-15,18676,9319,9357
센트럴파크(재외동포청),2024-10-15,7980,4008,3972
국제업무지구,2024-10-15,5468,2771,2697
송도달빛축제공원,2024-10-15,10442,5215,5227
계양,2024-10-16,8715,4385,4330
귤현,2024-10-16,2599,1014,1585
박촌,2024-10-16,8252,4294,3958
임학,2024-10-16,16824,8438,8386
계산,2024-10-16,21586,10962,10624
경인교대입구,2024-10-16,10881,5471,5410
작전,2024-10-16,30961,15719,15242
갈산,2024-10-16,19245,9775,9470
부평구청,2024-10-16,14324,7029,7295
부평시장,2024-10-16,27724,13933,13791
부평,2024-10-16,13223,6644,6579
동수,2024-10-16,8627,4435,4192
부평삼거리,2024-10-16,5360,2711,2649
간석오거리,2024-10-16,22139,11532,10607
인천시청,2024-10-16,12510,6290,6220
예술회관,2024-10-16,24489,11979,12510
인천터미널,2024-10-16,25762,12712,13050
문학경기장,2024-10-16,2887,1451,1436
선학,2024-10-16,12615,6291,6324
신연수,2024-10-16,12179,6214,5965
원인재,2024-10-16,6339,3381,2958
동춘,2024-10-16,20913,10247,10666
동막,2024-10-16,10683,5693,4990
캠퍼스타운,2024-10-16,12830,6471,6359
테크노파크,2024-10-16,22651,11320,11331
지식정보단지,2024-10-16,11816,5749,6067
인천대입구,2024-10-16,18314,9242,9072
센트럴파크(재외동포청),2024-10-16,9172,4589,4583
국제업무지구,2024-10-16,5466,2746,2720
송도달빛축제공원,2024-10-16,10941,5437,5504
계양,2024-10-17,8968,4472,4496
귤현,2024-10-17,2675,1079,1596
박촌,2024-10-17,8164,4255,3909
임학,2024-10-17,16787,8510,8277
계산,2024-10-17,21354,10896,10458
경인교대입구,2024-10-17,11158,5559,5599
작전,2024-10-17,30938,15719,15219
갈산,2024-10-17,18972,9564,9408
부평구청,2024-10-17,13938,6779,7159
부평시장,2024-10-17,28085,14033,14052
부평,2024-10-17,13126,6512,6614
동수,2024-10-17,8454,4245,4209
부평삼거리,2024-10-17,5345,2723,2622
간석오거리,2024-10-17,22210,11616,10594
인천시청,2024-10-17,12159,6073,6086
예술회관,2024-10-17,23787,11704,12083
인천터미널,2024-10-17,26465,13139,13326
문학경기장,2024-10-17,3153,1541,1612
선학,2024-10-17,12407,6175,6232
신연수,2024-10-17,12276,6244,6032
원인재,2024-10-17,6342,3367,2975
동춘,2024-10-17,20560,10021,10539
동막,2024-10-17,10623,5649,4974
캠퍼스타운,2024-10-17,12741,6477,6264
테크노파크,2024-10-17,22485,11302,11183
지식정보단지,2024-10-17,11609,5629,5980
인천대입구,2024-10-17,18592,9398,9194
센트럴파크(재외동포청),2024-10-17,9159,4560,4599
국제업무지구,2024-10-17,5672,2866,2806
송도달빛축제공원,2024-10-17,10932,5405,5527
계양,2024-10-18,8113,4029,4084
귤현,2024-10-18,2422,958,1464
박촌,2024-10-18,8036,4127,3909
임학,2024-10-18,16049,8055,7994
계산,2024-10-18,19797,10082,9715
경인교대입구,2024-10-18,10859,5362,5497
작전,2024-10-18,28886,14756,14130
갈산,2024-10-18,18626,9499,9127
부평구청,2024-10-18,13325,6593,6732
부평시장,2024-10-18,26148,13042,13106
부평,2024-10-18,13668,6705,6963
동수,2024-10-18,8077,4106,3971
부평삼거리,2024-10-18,5071,2594,2477
간석오거리,2024-10-18,20830,10969,9861
인천시청,2024-10-18,11020,5588,5432
예술회관,2024-10-18,23148,11247,11901
인천터미널,2024-10-18,26994,13127,13867
문학경기장,2024-10-18,2415,1253,1162
선학,2024-10-18,13187,6582,6605
신연수,2024-10-18,11219,5733,5486
원인재,2024-10-18,5864,3090,2774
동춘,2024-10-18,20266,9802,10464
동막,2024-10-18,10621,5759,4862
캠퍼스타운,2024-10-18,12316,6325,5991
테크노파크,2024-10-18,22284,11215,11069
지식정보단지,2024-10-18,10548,5160,5388
인천대입구,2024-10-18,16195,8032,8163
센트럴파크(재외동포청),2024-10-18,8289,4140,4149
국제업무지구,2024-10-18,5519,2849,2670
송도달빛축제공원,2024-10-18,10641,5304,5337
계양,2024-10-19,7061,3359,3702
귤현,2024-10-19,1604,742,862
박촌,2024-10-19,5823,3111,2712
임학,2024-10-19,12594,6421,6173
계산,2024-10-19,19164,9675,9489
경인교대입구,2024-10-19,8964,4517,4447
작전,2024-10-19,24088,12382,11706
갈산,2024-10-19,11148,5756,5392
부평구청,2024-10-19,10970,5348,5622
부평시장,2024-10-19,19903,9938,9965
부평,2024-10-19,13816,6727,7089
동수,2024-10-19,5820,2965,2855
부평삼거리,2024-10-19,4248,2173,2075
간석오거리,2024-10-19,16922,8832,8090
인천시청,2024-10-19,8556,4420,4136
예술회관,2024-10-19,17732,8496,9236
인천터미널,2024-10-19,27543,13324,14219
문학경기장,2024-10-19,3364,1628,1736
선학,2024-10-19,10423,5237,5186
신연수,2024-10-19,6629,3492,3137
원인재,2024-10-19,4503,2348,2155
동춘,2024-10-19,17182,8539,8643
동막,2024-10-19,6741,3684,3057
캠퍼스타운,2024-10-19,8716,4607,4109
테크노파크,2024-10-19,19500,9754,9746
지식정보단지,2024-10-19,4760,2505,2255
인천대입구,2024-10-19,12831,6308,6523
센트럴파크(재외동포청),2024-10-19,9022,4404,4618
국제업무지구,2024-10-19,2877,1520,1357
송도달빛축제공원,2024-10-19,8582,4327,4255
계양,2024-10-20,5699,2617,3082
귤현,2024-10-20,1202,558,644
박촌,2024-10-20,4447,2316,2131
임학,2024-10-20,9640,4905,4735
계산,2024-10-20,15446,7649,7797
경인교대입구,2024-10-20,7694,3857,3837
작전,2024-10-20,16331,8358,7973
갈산,2024-10-20,7339,3772,3567
부평구청,2024-10-20,8059,3909,4150
부평시장,2024-10-20,15521,7719,7802
부평,2024-10-20,9826,5154,4672
동수,2024-10-20,4736,2344,2392
부평삼거리,2024-10-20,3370,1682,1688
간석오거리,2024-10-20,12393,6378,6015
인천시청,2024-10-20,5885,3015,2870
예술회관,2024-10-20,11729,5800,5929
인천터미널,2024-10-20,22197,11254,10943
문학경기장,2024-10-20,2011,1005,1006
선학,2024-10-20,8474,4139,4335
신연수,2024-10-20,5077,2592,2485
원인재,2024-10-20,3325,1708,1617
동춘,2024-10-20,12456,6203,6253
동막,2024-10-20,4422,2305,2117
캠퍼스타운,2024-10-20,6391,3160,3231
테크노파크,2024-10-20,15653,7728,7925
지식정보단지,2024-10-20,3244,1572,1672
인천대입구,2024-10-20,8241,3967,4274
센트럴파크(재외동포청),2024-10-20,5775,2841,2934
국제업무지구,2024-10-20,1671,870,801
송도달빛축제공원,2024-10-20,6510,3195,3315
계양,2024-10-21,8374,4229,4145
귤현,2024-10-21,2583,1027,1556
박촌,2024-10-21,8021,4211,3810
임학,2024-10-21,16380,8272,8108
계산,2024-10-21,21224,10752,10472
경인교대입구,2024-10-21,11517,5706,5811
작전,2024-10-21,29968,15178,14790
갈산,2024-10-21,18686,9469,9217
부평구청,2024-10-21,14276,6996,7280
부평시장,2024-10-21,27214,13547,13667
부평,2024-10-21,13089,6556,6533
동수,2024-10-21,8699,4441,4258
부평삼거리,2024-10-21,5182,2643,2539
간석오거리,2024-10-21,21550,11237,10313
인천시청,2024-10-21,11421,5795,5626
예술회관,2024-10-21,23286,11488,11798
인천터미널,2024-10-21,25452,12409,13043
문학경기장,2024-10-21,2654,1345,1309
선학,2024-10-21,11958,6027,5931
신연수,2024-10-21,12056,6215,5841
원인재,2024-10-21,6218,3261,2957
동춘,2024-10-21,20266,9829,10437
동막,2024-10-21,10210,5413,4797
캠퍼스타운,2024-10-21,12599,6280,6319
테크노파크,2024-10-21,21613,10677,10936
지식정보단지,2024-10-21,11321,5548,5773
인천대입구,2024-10-21,17720,8877,8843
센트럴파크(재외동포청),2024-10-21,7793,3966,3827
국제업무지구,2024-10-21,5654,2872,2782
송도달빛축제공원,2024-10-21,10539,5241,5298
계양,2024-10-22,8014,4034,3980
귤현,2024-10-22,2432,959,1473
박촌,2024-10-22,7796,4048,3748
임학,2024-10-22,15990,8004,7986
계산,2024-10-22,19712,9977,9735
경인교대입구,2024-10-22,11086,5572,5514
작전,2024-10-22,29143,14799,14344
갈산,2024-10-22,18614,9465,9149
부평구청,2024-10-22,13745,6781,6964
부평시장,2024-10-22,26431,13239,13192
부평,2024-10-22,12198,6076,6122
동수,2024-10-22,8240,4080,4160
부평삼거리,2024-10-22,4853,2476,2377
간석오거리,2024-10-22,20827,10834,9993
인천시청,2024-10-22,10650,5361,5289
예술회관,2024-10-22,22544,11221,11323
인천터미널,2024-10-22,23164,11286,11878
문학경기장,2024-10-22,2762,1353,1409
선학,2024-10-22,11462,5735,5727
신연수,2024-10-22,11516,5858,5658
원인재,2024-10-22,6035,3249,2786
동춘,2024-10-22,19742,9653,10089
동막,2024-10-22,10175,5337,4838
캠퍼스타운,2024-10-22,11860,5904,5956
테크노파크,2024-10-22,21465,10744,10721
지식정보단지,2024-10-22,11234,5437,5797
인천대입구,2024-10-22,17521,8805,8716
센트럴파크(재외동포청),2024-10-22,7568,3823,3745
국제업무지구,2024-10-22,5636,2861,2775
송도달빛축제공원,2024-10-22,9859,4913,4946
계양,2024-10-23,8852,4450,4402
귤현,2024-10-23,2668,1076,1592
박촌,2024-10-23,8260,4355,3905
임학,2024-10-23,16824,8474,8350
계산,2024-10-23,21354,10834,10520
경인교대입구,2024-10-23,11623,5803,5820
작전,2024-10-23,30344,15385,14959
갈산,2024-10-23,19303,9808,9495
부평구청,2024-10-23,15106,7591,7515
부평시장,2024-10-23,28075,14036,14039
부평,2024-10-23,13560,6769,6791
동수,2024-10-23,8613,4379,4234
부평삼거리,2024-10-23,5373,2723,2650
간석오거리,2024-10-23,22199,11495,10704
인천시청,2024-10-23,11842,5910,5932
예술회관,2024-10-23,24062,11880,12182
인천터미널,2024-10-23,25250,12342,12908
문학경기장,2024-10-23,3216,1594,1622
선학,2024-10-23,12564,6312,6252
신연수,2024-10-23,12160,6205,5955
원인재,2024-10-23,6356,3379,2977
동춘,2024-10-23,21124,10278,10846
동막,2024-10-23,10696,5664,5032
캠퍼스타운,2024-10-23,12757,6433,6324
테크노파크,2024-10-23,23603,11848,11755
지식정보단지,2024-10-23,11516,5605,5911
인천대입구,2024-10-23,19159,9659,9500
센트럴파크(재외동포청),2024-10-23,8401,4242,4159
국제업무지구,2024-10-23,5664,2859,2805
송도달빛축제공원,2024-10-23,10619,5245,5374
계양,2024-10-24,9021,4422,4599
귤현,2024-10-24,2544,990,1554
박촌,2024-10-24,8157,4259,3898
임학,2024-10-24,16734,8378,8356
계산,2024-10-24,21902,11074,10828
경인교대입구,2024-10-24,11817,5959,5858
작전,2024-10-24,30839,15686,15153
갈산,2024-10-24,19219,9754,9465
부평구청,2024-10-24,14414,7097,7317
부평시장,2024-10-24,28031,13971,14060
부평,2024-10-24,13590,6794,6796
동수,2024-10-24,8410,4242,4168
부평삼거리,2024-10-24,5456,2764,2692
간석오거리,2024-10-24,22138,11553,10585
인천시청,2024-10-24,12075,6058,6017
예술회관,2024-10-24,24199,11890,12309
인천터미널,2024-10-24,26770,13223,13547
문학경기장,2024-10-24,4249,2197,2052
선학,2024-10-24,12719,6418,6301
신연수,2024-10-24,11968,6072,5896
원인재,2024-10-24,6582,3468,3114
동춘,2024-10-24,21041,10264,10777
동막,2024-10-24,10886,5776,5110
캠퍼스타운,2024-10-24,13390,6833,6557
테크노파크,2024-10-24,23130,11550,11580
지식정보단지,2024-10-24,11529,5649,5880
인천대입구,2024-10-24,19876,9990,9886
센트럴파크(재외동포청),2024-10-24,8883,4453,4430
국제업무지구,2024-10-24,5624,2841,2783
송도달빛축제공원,2024-10-24,10868,5442,5426
계양,2024-10-25,8901,4421,4480
귤현,2024-10-25,2655,1087,1568
박촌,2024-10-25,8428,4419,4009
임학,2024-10-25,17309,8677,8632
계산,2024-10-25,21754,10982,10772
경인교대입구,2024-10-25,11710,5929,5781
작전,2024-10-25,31663,16153,15510
갈산,2024-10-25,19553,10052,9501
부평구청,2024-10-25,14682,7289,7393
부평시장,2024-10-25,29165,14577,14588
부평,2024-10-25,15051,7309,7742
동수,2024-10-25,8610,4381,4229
부평삼거리,2024-10-25,5654,2911,2743
간석오거리,2024-10-25,22063,11580,10483
인천시청,2024-10-25,12269,6175,6094
예술회관,2024-10-25,25479,12234,13245
인천터미널,2024-10-25,31762,15415,16347
문학경기장,2024-10-25,4232,2180,2052
선학,2024-10-25,13610,6813,6797
신연수,2024-10-25,11933,6139,5794
원인재,2024-10-25,6468,3392,3076
동춘,2024-10-25,22783,11038,11745
동막,2024-10-25,11108,5967,5141
캠퍼스타운,2024-10-25,14121,7389,6732
테크노파크,2024-10-25,25327,12779,12548
지식정보단지,2024-10-25,11325,5569,5756
인천대입구,2024-10-25,18397,9287,9110
센트럴파크(재외동포청),2024-10-25,9939,4962,4977
국제업무지구,2024-10-25,5543,2785,2758
송도달빛축제공원,2024-10-25,11500,5749,5751
계양,2024-10-26,7441,3565,3876
귤현,2024-10-26,1720,810,910
박촌,2024-10-26,5880,3130,2750
임학,2024-10-26,12901,6598,6303
계산,2024-10-26,20866,10422,10444
경인교대입구,2024-10-26,9195,4646,4549
작전,2024-10-26,23902,12416,11486
갈산,2024-10-26,11189,5793,5396
부평구청,2024-10-26,10895,5311,5584
부평시장,2024-10-26,19928,9996,9932
부평,2024-10-26,14200,6850,7350
동수,2024-10-26,5479,2789,2690
부평삼거리,2024-10-26,4245,2084,2161
간석오거리,2024-10-26,16830,8801,8029
인천시청,2024-10-26,8149,4169,3980
예술회관,2024-10-26,18269,8713,9556
인천터미널,2024-10-26,28857,13861,14996
문학경기장,2024-10-26,5295,2647,2648
선학,2024-10-26,11331,5753,5578
신연수,2024-10-26,6961,3693,3268
원인재,2024-10-26,4123,2153,1970
동춘,2024-10-26,16895,8392,8503
동막,2024-10-26,6681,3642,3039
캠퍼스타운,2024-10-26,9341,5004,4337
테크노파크,2024-10-26,20704,10347,10357
지식정보단지,2024-10-26,4999,2561,2438
인천대입구,2024-10-26,13427,6755,6672
센트럴파크(재외동포청),2024-10-26,9635,4664,4971
국제업무지구,2024-10-26,2848,1504,1344
송도달빛축제공원,2024-10-26,9079,4544,4535
계양,2024-10-27,5399,2500,2899
귤현,2024-10-27,1171,525,646
박촌,2024-10-27,4403,2318,2085
임학,2024-10-27,9480,4828,4652
계산,2024-10-27,14480,7192,7288
경인교대입구,2024-10-27,7548,3821,3727
작전,2024-10-27,16457,8307,8150
갈산,2024-10-27,7798,3971,3827
부평구청,2024-10-27,7580,3700,3880
부평시장,2024-10-27,15462,7687,7775
부평,2024-10-27,9769,5037,4732
동수,2024-10-27,4377,2205,2172
부평삼거리,2024-10-27,3515,1777,1738
간석오거리,2024-10-27,12020,6183,5837
인천시청,2024-10-27,6433,3258,3175
예술회관,2024-10-27,11657,5684,5973
인천터미널,2024-10-27,23118,11707,11411
문학경기장,2024-10-27,1834,913,921
선학,2024-10-27,8011,3910,4101
신연수,2024-10-27,4852,2473,2379
원인재,2024-10-27,3110,1636,1474
동춘,2024-10-27,9839,4840,4999
동막,2024-10-27,4529,2418,2111
캠퍼스타운,2024-10-27,6874,3253,3621
테크노파크,2024-10-27,16384,7972,8412
지식정보단지,2024-10-27,3163,1556,1607
인천대입구,2024-10-27,8850,4159,4691
센트럴파크(재외동포청),2024-10-27,5586,2698,2888
국제업무지구,2024-10-27,1727,908,819
송도달빛축제공원,2024-10-27,6645,3339,3306
계양,2024-10-28,8558,4321,4237
귤현,2024-10-28,2584,1004,1580
박촌,2024-10-28,7942,4194,3748
임학,2024-10-28,16761,8403,8358
계산,2024-10-28,21435,10900,10535
경인교대입구,2024-10-28,11390,5662,5728
작전,2024-10-28,30405,15457,14948
갈산,2024-10-28,18764,9529,9235
부평구청,2024-10-28,13860,6817,7043
부평시장,2024-10-28,26991,13571,13420
부평,2024-10-28,13068,6444,6624
동수,2024-10-28,8184,4112,4072
부평삼거리,2024-10-28,5325,2739,2586
간석오거리,2024-10-28,21090,10964,10126
인천시청,2024-10-28,11376,5714,5662
예술회관,2024-10-28,23219,11451,11768
인천터미널,2024-10-28,25843,12557,13286
문학경기장,2024-10-28,2623,1321,1302
선학,2024-10-28,12046,6078,5968
신연수,2024-10-28,11968,6095,5873
원인재,2024-10-28,6276,3343,2933
동춘,2024-10-28,20623,10053,10570
동막,2024-10-28,10311,5493,4818
캠퍼스타운,2024-10-28,12646,6181,6465
테크노파크,2024-10-28,21848,10917,10931
지식정보단지,2024-10-28,11222,5452,5770
인천대입구,2024-10-28,18809,9338,9471
센트럴파크(재외동포청),2024-10-28,8033,4058,3975
국제업무지구,2024-10-28,5468,2779,2689
송도달빛축제공원,2024-10-28,10764,5340,5424
계양,2024-10-29,9285,4563,4722
귤현,2024-10-29,2622,1104,1518
박촌,2024-10-29,8041,4201,3840
임학,2024-10-29,16756,8381,8375
계산,2024-10-29,20898,10590,10308
경인교대입구,2024-10-29,11385,5677,5708
작전,2024-10-29,30551,15560,14991
갈산,2024-10-29,19151,9726,9425
부평구청,2024-10-29,13972,6902,7070
부평시장,2024-10-29,27513,13715,13798
부평,2024-10-29,13174,6629,6545
동수,2024-10-29,8529,4294,4235
부평삼거리,2024-10-29,5251,2650,2601
간석오거리,2024-10-29,22041,11510,10531
인천시청,2024-10-29,11802,5936,5866
예술회관,2024-10-29,23383,11524,11859
인천터미널,2024-10-29,25257,12384,12873
문학경기장,2024-10-29,2821,1369,1452
선학,2024-10-29,12127,6073,6054
신연수,2024-10-29,11942,6041,5901
원인재,2024-10-29,6411,3399,3012
동춘,2024-10-29,20510,10051,10459
동막,2024-10-29,10634,5642,4992
캠퍼스타운,2024-10-29,12604,6329,6275
테크노파크,2024-10-29,22762,11488,11274
지식정보단지,2024-10-29,11559,5544,6015
인천대입구,2024-10-29,19956,10102,9854
센트럴파크(재외동포청),2024-10-29,8924,4462,4462
국제업무지구,2024-10-29,5668,2860,2808
송도달빛축제공원,2024-10-29,10713,5357,5356
계양,2024-10-30,8772,4375,4397
귤현,2024-10-30,2530,971,1559
박촌,2024-10-30,8174,4269,3905
임학,2024-10-30,16787,8495,8292
계산,2024-10-30,21654,10964,10690
경인교대입구,2024-10-30,11603,5829,5774
작전,2024-10-30,30999,15795,15204
갈산,2024-10-30,19395,9870,9525
부평구청,2024-10-30,14612,7216,7396
부평시장,2024-10-30,28077,13986,14091
부평,2024-10-30,13630,6698,6932
동수,2024-10-30,8558,4330,4228
부평삼거리,2024-10-30,5459,2770,2689
간석오거리,2024-10-30,22322,11683,10639
인천시청,2024-10-30,11877,6005,5872
예술회관,2024-10-30,24548,12034,12514
인천터미널,2024-10-30,25579,12603,12976
문학경기장,2024-10-30,2832,1447,1385
선학,2024-10-30,12710,6331,6379
신연수,2024-10-30,12641,6469,6172
원인재,2024-10-30,6616,3485,3131
동춘,2024-10-30,21270,10429,10841
동막,2024-10-30,10814,5730,5084
캠퍼스타운,2024-10-30,13239,6627,6612
테크노파크,2024-10-30,23508,11825,11683
지식정보단지,2024-10-30,11702,5621,6081
인천대입구,2024-10-30,21504,10688,10816
센트럴파크(재외동포청),2024-10-30,8762,4387,4375
국제업무지구,2024-10-30,5733,2944,2789
송도달빛축제공원,2024-10-30,11171,5557,5614
계양,2024-10-31,9010,4469,4541
귤현,2024-10-31,2609,995,1614
박촌,2024-10-31,8091,4245,3846
임학,2024-10-31,16920,8516,8404
계산,2024-10-31,21328,10826,10502
경인교대입구,2024-10-31,11682,5855,5827
작전,2024-10-31,30921,15678,15243
갈산,2024-10-31,19200,9721,9479
부평구청,2024-10-31,14415,7076,7339
부평시장,2024-10-31,27783,13891,13892
부평,2024-10-31,13406,6611,6795
동수,2024-10-31,8251,4181,4070
부평삼거리,2024-10-31,5426,2740,2686
간석오거리,2024-10-31,22159,11459,10700
인천시청,2024-10-31,11889,6000,5889
예술회관,2024-10-31,23872,11737,12135
인천터미널,2024-10-31,26581,13198,13383
문학경기장,2024-10-31,2768,1415,1353
선학,2024-10-31,12544,6295,6249
신연수,2024-10-31,12378,6316,6062
원인재,2024-10-31,6133,3259,2874
동춘,2024-10-31,20916,10227,10689
동막,2024-10-31,10497,5582,4915
캠퍼스타운,2024-10-31,13080,6775,6305
테크노파크,2024-10-31,23216,11619,11597
지식정보단지,2024-10-31,11576,5648,5928
인천대입구,2024-10-31,19694,9967,9727
센트럴파크(재외동포청),2024-10-31,8770,4349,4421
국제업무지구,2024-10-31,5758,2945,2813
송도달빛축제공원,2024-10-31,10820,5371,5449
계양,2024-11-01,8623,4269,4354
귤현,2024-11-01,2604,1030,1574
박촌,2024-11-01,8033,4242,3791
임학,2024-11-01,17434,8774,8660
계산,2024-11-01,21607,10951,10656
경인교대입구,2024-11-01,11496,5815,5681
작전,2024-11-01,30911,15687,15224
갈산,2024-11-01,19143,9761,9382
부평구청,2024-11-01,14359,7105,7254
부평시장,2024-11-01,28229,14035,14194
부평,2024-11-01,14471,6975,7496
동수,2024-11-01,8356,4227,4129
부평삼거리,2024-11-01,5586,2852,2734
간석오거리,2024-11-01,21978,11575,10403
인천시청,2024-11-01,11601,5877,5724
예술회관,2024-11-01,25004,12135,12869
인천터미널,2024-11-01,30394,14752,15642
문학경기장,2024-11-01,2700,1415,1285
선학,2024-11-01,13121,6571,6550
신연수,2024-11-01,11877,6108,5769
원인재,2024-11-01,6406,3361,3045
동춘,2024-11-01,22951,11136,11815
동막,2024-11-01,10847,5785,5062
캠퍼스타운,2024-11-01,13900,7229,6671
테크노파크,2024-11-01,24119,12234,11885
지식정보단지,2024-11-01,11309,5509,5800
인천대입구,2024-11-01,18404,9399,9005
센트럴파크(재외동포청),2024-11-01,8876,4371,4505
국제업무지구,2024-11-01,5641,2875,2766
송도달빛축제공원,2024-11-01,11383,5665,5718
계양,2024-11-02,7285,3477,3808
귤현,2024-11-02,1770,814,956
박촌,2024-11-02,5908,3146,2762
임학,2024-11-02,13328,6883,6445
계산,2024-11-02,19673,9653,10020
경인교대입구,2024-11-02,9141,4705,4436
작전,2024-11-02,24227,12503,11724
갈산,2024-11-02,10958,5697,5261
부평구청,2024-11-02,11230,5617,5613
부평시장,2024-11-02,20189,10045,10144
부평,2024-11-02,14666,7155,7511
동수,2024-11-02,5295,2739,2556
부평삼거리,2024-11-02,4334,2161,2173
간석오거리,2024-11-02,16512,8570,7942
인천시청,2024-11-02,7887,4075,3812
예술회관,2024-11-02,17647,8452,9195
인천터미널,2024-11-02,27925,13446,14479
문학경기장,2024-11-02,3257,1600,1657
선학,2024-11-02,10697,5345,5352
신연수,2024-11-02,6870,3604,3266
원인재,2024-11-02,4312,2300,2012
동춘,2024-11-02,17720,8834,8886
동막,2024-11-02,6596,3558,3038
캠퍼스타운,2024-11-02,9428,5016,4412
테크노파크,2024-11-02,21298,10502,10796
지식정보단지,2024-11-02,5009,2544,2465
인천대입구,2024-11-02,12024,6114,5910
센트럴파크(재외동포청),2024-11-02,9075,4487,4588
국제업무지구,2024-11-02,2955,1534,1421
송도달빛축제공원,2024-11-02,9154,4660,4494
계양,2024-11-03,5485,2522,2963
귤현,2024-11-03,1140,532,608
박촌,2024-11-03,4306,2241,2065
임학,2024-11-03,9285,4740,4545
계산,2024-11-03,14372,7044,7328
경인교대입구,2024-11-03,7440,3741,3699
작전,2024-11-03,16415,8367,8048
갈산,2024-11-03,7831,4048,3783
부평구청,2024-11-03,7664,3875,3789
부평시장,2024-11-03,15689,7850,7839
부평,2024-11-03,9739,4995,4744
동수,2024-11-03,4299,2162,2137
부평삼거리,2024-11-03,3577,1766,1811
간석오거리,2024-11-03,12269,6373,5896
인천시청,2024-11-03,5820,3001,2819
예술회관,2024-11-03,11885,5865,6020
인천터미널,2024-11-03,22991,11657,11334
문학경기장,2024-11-03,1976,983,993
선학,2024-11-03,8363,4098,4265
신연수,2024-11-03,5044,2561,2483
원인재,2024-11-03,3160,1662,1498
동춘,2024-11-03,13474,6660,6814
동막,2024-11-03,4316,2270,2046
캠퍼스타운,2024-11-03,7008,3301,3707
테크노파크,2024-11-03,16253,7867,8386
지식정보단지,2024-11-03,3262,1640,1622
인천대입구,2024-11-03,8544,3957,4587
센트럴파크(재외동포청),2024-11-03,6698,3328,3370
국제업무지구,2024-11-03,1711,920,791
송도달빛축제공원,2024-11-03,6766,3373,3393
계양,2024-11-04,8293,4153,4140
귤현,2024-11-04,2482,979,1503
박촌,2024-11-04,7976,4148,3828
임학,2024-11-04,16471,8326,8145
계산,2024-11-04,21157,10801,10356
경인교대입구,2024-11-04,11245,5607,5638
작전,2024-11-04,30037,15283,14754
갈산,2024-11-04,18684,9491,9193
부평구청,2024-11-04,13845,6815,7030
부평시장,2024-11-04,27242,13676,13566
부평,2024-11-04,12885,6450,6435
동수,2024-11-04,8306,4176,4130
부평삼거리,2024-11-04,5381,2715,2666
간석오거리,2024-11-04,21559,11221,10338
인천시청,2024-11-04,11351,5753,5598
예술회관,2024-11-04,23196,11531,11665
인천터미널,2024-11-04,25444,12375,13069
문학경기장,2024-11-04,2710,1334,1376
선학,2024-11-04,11863,5976,5887
신연수,2024-11-04,12228,6162,6066
원인재,2024-11-04,6076,3246,2830
동춘,2024-11-04,20186,9911,10275
동막,2024-11-04,10199,5443,4756
캠퍼스타운,2024-11-04,12921,6404,6517
테크노파크,2024-11-04,22119,11049,11070
지식정보단지,2024-11-04,11360,5527,5833
인천대입구,2024-11-04,18379,9163,9216
센트럴파크(재외동포청),2024-11-04,7988,4041,3947
국제업무지구,2024-11-04,5570,2816,2754
송도달빛축제공원,2024-11-04,10551,5262,5289
계양,2024-11-05,8577,4258,4319
귤현,2024-11-05,2522,971,1551
박촌,2024-11-05,8177,4256,3921
임학,2024-11-05,16831,8462,8369
계산,2024-11-05,20764,10521,10243
경인교대입구,2024-11-05,11643,5782,5861
작전,2024-11-05,30486,15512,14974
갈산,2024-11-05,19150,9747,9403
부평구청,2024-11-05,14300,7092,7208
부평시장,2024-11-05,27788,13923,13865
부평,2024-11-05,13321,6682,6639
동수,2024-11-05,8408,4201,4207
부평삼거리,2024-11-05,5219,2639,2580
간석오거리,2024-11-05,21965,11380,10585
인천시청,2024-11-05,11744,5908,5836
예술회관,2024-11-05,24278,11997,12281
인천터미널,2024-11-05,25217,12324,12893
문학경기장,2024-11-05,2869,1452,1417
선학,2024-11-05,12256,6120,6136
신연수,2024-11-05,11946,6047,5899
원인재,2024-11-05,6124,3264,2860
동춘,2024-11-05,20601,10127,10474
동막,2024-11-05,10349,5507,4842
캠퍼스타운,2024-11-05,12836,6466,6370
테크노파크,2024-11-05,23097,11518,11579
지식정보단지,2024-11-05,11699,5667,6032
인천대입구,2024-11-05,19592,9902,9690
센트럴파크(재외동포청),2024-11-05,8327,4212,4115
국제업무지구,2024-11-05,5686,2910,2776
송도달빛축제공원,2024-11-05,10753,5393,5360
계양,2024-11-06,8651,4326,4325
귤현,2024-11-06,2497,956,1541
박촌,2024-11-06,8148,4261,3887
임학,2024-11-06,16649,8421,8228
계산,2024-11-06,21305,10814,10491
경인교대입구,2024-11-06,11407,5709,5698
작전,2024-11-06,30506,15452,15054
갈산,2024-11-06,19278,9793,9485
부평구청,2024-11-06,13997,6867,7130
부평시장,2024-11-06,27616,13687,13929
부평,2024-11-06,13339,6614,6725
동수,2024-11-06,8288,4181,4107
부평삼거리,2024-11-06,5226,2661,2565
간석오거리,2024-11-06,21900,11396,10504
인천시청,2024-11-06,11736,5940,5796
예술회관,2024-11-06,23981,11773,12208
인천터미널,2024-11-06,25764,12766,12998
문학경기장,2024-11-06,2824,1420,1404
선학,2024-11-06,12467,6251,6216
신연수,2024-11-06,12386,6246,6140
원인재,2024-11-06,6496,3428,3068
동춘,2024-11-06,21078,10347,10731
동막,2024-11-06,10735,5744,4991
캠퍼스타운,2024-11-06,12987,6588,6399
테크노파크,2024-11-06,23277,11688,11589
지식정보단지,2024-11-06,11747,5649,6098
인천대입구,2024-11-06,19383,9744,9639
센트럴파크(재외동포청),2024-11-06,8620,4329,4291
국제업무지구,2024-11-06,5762,2922,2840
송도달빛축제공원,2024-11-06,10967,5442,5525
계양,2024-11-07,8660,4338,4322
귤현,2024-11-07,2563,1033,1530
박촌,2024-11-07,8134,4222,3912
임학,2024-11-07,16553,8305,8248
계산,2024-11-07,21301,10844,10457
경인교대입구,2024-11-07,11723,5921,5802
작전,2024-11-07,30300,15377,14923
갈산,2024-11-07,18853,9523,9330
부평구청,2024-11-07,13910,6800,7110
부평시장,2024-11-07,27075,13513,13562
부평,2024-11-07,13413,6735,6678
동수,2024-11-07,8228,4099,4129
부평삼거리,2024-11-07,5178,2616,2562
간석오거리,2024-11-07,22049,11467,10582
인천시청,2024-11-07,11778,5947,5831
예술회관,2024-11-07,23682,11650,12032
인천터미널,2024-11-07,26270,13076,13194
문학경기장,2024-11-07,2747,1382,1365
선학,2024-11-07,12118,6104,6014
신연수,2024-11-07,12208,6198,6010
원인재,2024-11-07,6175,3323,2852
동춘,2024-11-07,20850,10226,10624
동막,2024-11-07,10302,5447,4855
캠퍼스타운,2024-11-07,13120,6829,6291
테크노파크,2024-11-07,23064,11541,11523
지식정보단지,2024-11-07,11525,5541,5984
인천대입구,2024-11-07,19629,9847,9782
센트럴파크(재외동포청),2024-11-07,8452,4198,4254
국제업무지구,2024-11-07,5580,2829,2751
송도달빛축제공원,2024-11-07,10713,5328,5385
계양,2024-11-08,8917,4454,4463
귤현,2024-11-08,2594,1039,1555
박촌,2024-11-08,8490,4427,4063
임학,2024-11-08,17430,8765,8665
계산,2024-11-08,21967,11126,10841
경인교대입구,2024-11-08,11589,5847,5742
작전,2024-11-08,31252,15816,15436
갈산,2024-11-08,18660,9527,9133
부평구청,2024-11-08,14146,7041,7105
부평시장,2024-11-08,28063,14026,14037
부평,2024-11-08,15403,7540,7863
동수,2024-11-08,8092,4155,3937
부평삼거리,2024-11-08,5580,2838,2742
간석오거리,2024-11-08,22287,11677,10610
인천시청,2024-11-08,12796,6497,6299
예술회관,2024-11-08,25495,12398,13097
인천터미널,2024-11-08,30658,14810,15848
문학경기장,2024-11-08,2659,1379,1280
선학,2024-11-08,12724,6404,6320
신연수,2024-11-08,11957,6134,5823
원인재,2024-11-08,6279,3250,3029
동춘,2024-11-08,22086,10820,11266
동막,2024-11-08,11680,6166,5514
캠퍼스타운,2024-11-08,13602,7110,6492
테크노파크,2024-11-08,24669,12461,12208
지식정보단지,2024-11-08,11397,5626,5771
인천대입구,2024-11-08,18611,9460,9151
센트럴파크(재외동포청),2024-11-08,9620,4807,4813
국제업무지구,2024-11-08,5572,2839,2733
송도달빛축제공원,2024-11-08,11704,5923,5781
계양,2024-11-09,7222,3439,3783
귤현,2024-11-09,1633,760,873
박촌,2024-11-09,5862,3086,2776
임학,2024-11-09,12891,6617,6274
계산,2024-11-09,19659,9838,9821
경인교대입구,2024-11-09,9171,4597,4574
작전,2024-11-09,23902,12389,11513
갈산,2024-11-09,10716,5516,5200
부평구청,2024-11-09,10511,5151,5360
부평시장,2024-11-09,19952,9977,9975
부평,2024-11-09,14675,7074,7601
동수,2024-11-09,5361,2782,2579
부평삼거리,2024-11-09,4250,2126,2124
간석오거리,2024-11-09,16662,8747,7915
인천시청,2024-11-09,7853,3985,3868
예술회관,2024-11-09,17501,8402,9099
인천터미널,2024-11-09,28739,13888,14851
문학경기장,2024-11-09,3312,1645,1667
선학,2024-11-09,10452,5220,5232
신연수,2024-11-09,6670,3559,3111
원인재,2024-11-09,4171,2178,1993
동춘,2024-11-09,16701,8267,8434
동막,2024-11-09,6665,3642,3023
캠퍼스타운,2024-11-09,9328,4948,4380
테크노파크,2024-11-09,21617,10667,10950
지식정보단지,2024-11-09,4994,2565,2429
인천대입구,2024-11-09,12974,6470,6504
센트럴파크(재외동포청),2024-11-09,8018,3937,4081
국제업무지구,2024-11-09,2834,1498,1336
송도달빛축제공원,2024-11-09,9137,4620,4517
계양,2024-11-10,5371,2486,2885
귤현,2024-11-10,1097,515,582
박촌,2024-11-10,4424,2325,2099
임학,2024-11-10,9416,4832,4584
계산,2024-11-10,15219,7479,7740
경인교대입구,2024-11-10,7786,3896,3890
작전,2024-11-10,16597,8465,8132
갈산,2024-11-10,7796,4009,3787
부평구청,2024-11-10,7386,3572,3814
부평시장,2024-11-10,15574,7796,7778
부평,2024-11-10,10063,5269,4794
동수,2024-11-10,4134,2088,2046
부평삼거리,2024-11-10,3479,1717,1762
간석오거리,2024-11-10,12078,6223,5855
인천시청,2024-11-10,5657,2911,2746
예술회관,2024-11-10,11733,5756,5977
인천터미널,2024-11-10,23634,11991,11643
문학경기장,2024-11-10,1874,888,986
선학,2024-11-10,7947,3905,4042
신연수,2024-11-10,4938,2536,2402
원인재,2024-11-10,2778,1431,1347
동춘,2024-11-10,10073,5002,5071
동막,2024-11-10,4365,2327,2038
캠퍼스타운,2024-11-10,7098,3436,3662
테크노파크,2024-11-10,16888,8270,8618
지식정보단지,2024-11-10,3064,1503,1561
인천대입구,2024-11-10,8439,3951,4488
센트럴파크(재외동포청),2024-11-10,5906,2897,3009
국제업무지구,2024-11-10,1744,925,819
송도달빛축제공원,2024-11-10,6520,3230,3290
계양,2024-11-11,8590,4164,4426
귤현,2024-11-11,2470,976,1494
박촌,2024-11-11,7869,4096,3773
임학,2024-11-11,16379,8305,8074
계산,2024-11-11,20922,10669,10253
경인교대입구,2024-11-11,11356,5716,5640
작전,2024-11-11,30091,15175,14916
갈산,2024-11-11,18510,9431,9079
부평구청,2024-11-11,13871,6927,6944
부평시장,2024-11-11,27233,13612,13621
부평,2024-11-11,12946,6456,6490
동수,2024-11-11,8082,4157,3925
부평삼거리,2024-11-11,5279,2636,2643
간석오거리,2024-11-11,21446,11145,10301
인천시청,2024-11-11,11693,5913,5780
예술회관,2024-11-11,23816,11804,12012
인천터미널,2024-11-11,23606,11371,12235
문학경기장,2024-11-11,2711,1384,1327
선학,2024-11-11,11950,6007,5943
신연수,2024-11-11,12013,6095,5918
원인재,2024-11-11,6097,3248,2849
동춘,2024-11-11,20968,10208,10760
동막,2024-11-11,10382,5529,4853
캠퍼스타운,2024-11-11,12933,6391,6542
테크노파크,2024-11-11,22343,11120,11223
지식정보단지,2024-11-11,11669,5667,6002
인천대입구,2024-11-11,18375,9117,9258
센트럴파크(재외동포청),2024-11-11,8007,4067,3940
국제업무지구,2024-11-11,5627,2843,2784
송도달빛축제공원,2024-11-11,10606,5318,5288
계양,2024-11-12,8924,4339,4585
귤현,2024-11-12,2494,958,1536
박촌,2024-11-12,8176,4272,3904
임학,2024-11-12,16708,8433,8275
계산,2024-11-12,21143,10692,10451
경인교대입구,2024-11-12,11444,5728,5716
작전,2024-11-12,30444,15448,14996
갈산,2024-11-12,19209,9818,9391
부평구청,2024-11-12,14279,6968,7311
부평시장,2024-11-12,28010,13987,14023
부평,2024-11-12,12919,6499,6420
동수,2024-11-12,8415,4218,4197
부평삼거리,2024-11-12,5433,2730,2703
간석오거리,2024-11-12,22109,11521,10588
인천시청,2024-11-12,12225,6218,6007
예술회관,2024-11-12,23781,11707,12074
인천터미널,2024-11-12,25681,12526,13155
문학경기장,2024-11-12,2831,1453,1378
선학,2024-11-12,12090,6078,6012
신연수,2024-11-12,12049,6088,5961
원인재,2024-11-12,6233,3273,2960
동춘,2024-11-12,20982,10240,10742
동막,2024-11-12,10660,5692,4968
캠퍼스타운,2024-11-12,12804,6456,6348
테크노파크,2024-11-12,22705,11397,11308
지식정보단지,2024-11-12,11802,5706,6096
인천대입구,2024-11-12,19024,9585,9439
센트럴파크(재외동포청),2024-11-12,8209,4092,4117
국제업무지구,2024-11-12,5724,2898,2826
송도달빛축제공원,2024-11-12,10817,5437,5380
계양,2024-11-13,8968,4392,4576
귤현,2024-11-13,2650,1040,1610
박촌,2024-11-13,8464,4377,4087
임학,2024-11-13,17004,8602,8402
계산,2024-11-13,21886,11102,10784
경인교대입구,2024-11-13,11522,5804,5718
작전,2024-11-13,31743,16057,15686
갈산,2024-11-13,19413,9875,9538
부평구청,2024-11-13,14672,7207,7465
부평시장,2024-11-13,28194,14044,14150
부평,2024-11-13,13575,6748,6827
동수,2024-11-13,8439,4220,4219
부평삼거리,2024-11-13,5420,2717,2703
간석오거리,2024-11-13,22424,11644,10780
인천시청,2024-11-13,12061,6070,5991
예술회관,2024-11-13,25612,12560,13052
인천터미널,2024-11-13,25877,12782,13095
문학경기장,2024-11-13,2680,1351,1329
선학,2024-11-13,12599,6333,6266
신연수,2024-11-13,12403,6337,6066
원인재,2024-11-13,6377,3399,2978
동춘,2024-11-13,21384,10494,10890
동막,2024-11-13,10779,5791,4988
캠퍼스타운,2024-11-13,13691,6897,6794
테크노파크,2024-11-13,23377,11696,11681
지식정보단지,2024-11-13,12119,5903,6216
인천대입구,2024-11-13,19114,9599,9515
센트럴파크(재외동포청),2024-11-13,8612,4258,4354
국제업무지구,2024-11-13,5825,2942,2883
송도달빛축제공원,2024-11-13,11346,5605,5741
계양,2024-11-14,8649,4242,4407
귤현,2024-11-14,2517,981,1536
박촌,2024-11-14,7379,3813,3566
임학,2024-11-14,16584,8458,8126
계산,2024-11-14,20415,10340,10075
경인교대입구,2024-11-14,11280,5665,5615
작전,2024-11-14,30303,15416,14887
갈산,2024-11-14,18631,9410,9221
부평구청,2024-11-14,13816,6689,7127
부평시장,2024-11-14,27177,13572,13605
부평,2024-11-14,13438,6703,6735
동수,2024-11-14,8215,4158,4057
부평삼거리,2024-11-14,4551,2309,2242
간석오거리,2024-11-14,21247,10996,10251
인천시청,2024-11-14,11030,5558,5472
예술회관,2024-11-14,23595,11624,11971
인천터미널,2024-11-14,25794,12730,13064
문학경기장,2024-11-14,2703,1397,1306
선학,2024-11-14,11904,5950,5954
신연수,2024-11-14,11813,6049,5764
원인재,2024-11-14,6139,3263,2876
동춘,2024-11-14,21043,10215,10828
동막,2024-11-14,9974,5275,4699
캠퍼스타운,2024-11-14,13059,6767,6292
테크노파크,2024-11-14,23318,11672,11646
지식정보단지,2024-11-14,11264,5464,5800
인천대입구,2024-11-14,18665,9407,9258
센트럴파크(재외동포청),2024-11-14,8216,4075,4141
국제업무지구,2024-11-14,5498,2776,2722
송도달빛축제공원,2024-11-14,10707,5334,5373
계양,2024-11-15,8901,4414,4487
귤현,2024-11-15,2625,1013,1612
박촌,2024-11-15,8175,4262,3913
임학,2024-11-15,17337,8726,8611
계산,2024-11-15,21364,10806,10558
경인교대입구,2024-11-15,11691,5880,5811
작전,2024-11-15,31175,15873,15302
갈산,2024-11-15,18883,9670,9213
부평구청,2024-11-15,14295,7046,7249
부평시장,2024-11-15,28380,14140,14240
부평,2024-11-15,15071,7291,7780
동수,2024-11-15,8245,4202,4043
부평삼거리,2024-11-15,5303,2703,2600
간석오거리,2024-11-15,21812,11414,10398
인천시청,2024-11-15,12269,6247,6022
예술회관,2024-11-15,25374,12325,13049
인천터미널,2024-11-15,30882,14886,15996
문학경기장,2024-11-15,3128,1575,1553
선학,2024-11-15,12716,6382,6334
신연수,2024-11-15,11524,5981,5543
원인재,2024-11-15,6369,3322,3047
동춘,2024-11-15,22020,10703,11317
동막,2024-11-15,10418,5535,4883
캠퍼스타운,2024-11-15,13656,7118,6538
테크노파크,2024-11-15,24350,12228,12122
지식정보단지,2024-11-15,11029,5455,5574
인천대입구,2024-11-15,20832,10638,10194
센트럴파크(재외동포청),2024-11-15,8701,4303,4398
국제업무지구,2024-11-15,5660,2900,2760
송도달빛축제공원,2024-11-15,11199,5651,5548
계양,2024-11-16,6514,3095,3419
귤현,2024-11-16,1544,723,821
박촌,2024-11-16,5484,2894,2590
임학,2024-11-16,12406,6363,6043
계산,2024-11-16,18529,9346,9183
경인교대입구,2024-11-16,8969,4477,4492
작전,2024-11-16,23029,11809,11220
갈산,2024-11-16,10445,5443,5002
부평구청,2024-11-16,9932,4943,4989
부평시장,2024-11-16,19081,9448,9633
부평,2024-11-16,13488,6504,6984
동수,2024-11-16,5088,2574,2514
부평삼거리,2024-11-16,3963,1989,1974
간석오거리,2024-11-16,15974,8268,7706
인천시청,2024-11-16,8101,4208,3893
예술회관,2024-11-16,17107,8297,8810
인천터미널,2024-11-16,27332,13239,14093
문학경기장,2024-11-16,2862,1370,1492
선학,2024-11-16,9894,4990,4904
신연수,2024-11-16,6265,3288,2977
원인재,2024-11-16,3630,1944,1686
동춘,2024-11-16,15410,7642,7768
동막,2024-11-16,6407,3435,2972
캠퍼스타운,2024-11-16,9141,4855,4286
테크노파크,2024-11-16,19623,9726,9897
지식정보단지,2024-11-16,4642,2373,2269
인천대입구,2024-11-16,11592,5795,5797
센트럴파크(재외동포청),2024-11-16,7366,3607,3759
국제업무지구,2024-11-16,2875,1508,1367
송도달빛축제공원,2024-11-16,8403,4291,4112
계양,2024-11-17,4773,2183,2590
귤현,2024-11-17,1050,479,571
박촌,2024-11-17,4239,2158,2081
임학,2024-11-17,9154,4619,4535
계산,2024-11-17,13500,6735,6765
경인교대입구,2024-11-17,7273,3670,3603
작전,2024-11-17,15577,7968,7609
갈산,2024-11-17,7238,3729,3509
부평구청,2024-11-17,7364,3659,3705
부평시장,2024-11-17,15162,7554,7608
부평,2024-11-17,10009,5165,4844
동수,2024-11-17,4219,2137,2082
부평삼거리,2024-11-17,3142,1562,1580
간석오거리,2024-11-17,12245,6350,5895
인천시청,2024-11-17,5515,2804,2711
예술회관,2024-11-17,11881,5857,6024
인천터미널,2024-11-17,23487,11920,11567
문학경기장,2024-11-17,1703,846,857
선학,2024-11-17,8587,4267,4320
신연수,2024-11-17,4920,2497,2423
원인재,2024-11-17,2865,1430,1435
동춘,2024-11-17,11781,5796,5985
동막,2024-11-17,4436,2371,2065
캠퍼스타운,2024-11-17,6695,3186,3509
테크노파크,2024-11-17,16378,8039,8339
지식정보단지,2024-11-17,3417,1705,1712
인천대입구,2024-11-17,11250,5307,5943
센트럴파크(재외동포청),2024-11-17,5410,2672,2738
국제업무지구,2024-11-17,1669,878,791
송도달빛축제공원,2024-11-17,6286,3110,3176
계양,2024-11-18,8055,4072,3983
귤현,2024-11-18,2393,962,1431
박촌,2024-11-18,7757,4035,3722
임학,2024-11-18,16112,8134,7978
계산,2024-11-18,20538,10417,10121
경인교대입구,2024-11-18,11347,5668,5679
작전,2024-11-18,29446,14966,14480
갈산,2024-11-18,18211,9286,8925
부평구청,2024-11-18,13503,6632,6871
부평시장,2024-11-18,26009,13036,12973
부평,2024-11-18,12896,6491,6405
동수,2024-11-18,7935,4046,3889
부평삼거리,2024-11-18,4963,2471,2492
간석오거리,2024-11-18,20799,10850,9949
인천시청,2024-11-18,11286,5676,5610
예술회관,2024-11-18,22881,11367,11514
인천터미널,2024-11-18,25153,12226,12927
문학경기장,2024-11-18,2409,1224,1185
선학,2024-11-18,11515,5769,5746
신연수,2024-11-18,11348,5793,5555
원인재,2024-11-18,5758,3107,2651
동춘,2024-11-18,19776,9651,10125
동막,2024-11-18,9923,5334,4589
캠퍼스타운,2024-11-18,12519,6139,6380
테크노파크,2024-11-18,21634,10821,10813
지식정보단지,2024-11-18,11228,5470,5758
인천대입구,2024-11-18,18309,9100,9209
센트럴파크(재외동포청),2024-11-18,7378,3700,3678
국제업무지구,2024-11-18,5651,2886,2765
송도달빛축제공원,2024-11-18,10019,5017,5002
계양,2024-11-19,8149,4172,3977
귤현,2024-11-19,2496,945,1551
박촌,2024-11-19,8121,4210,3911
임학,2024-11-19,16425,8276,8149
계산,2024-11-19,20254,10231,10023
경인교대입구,2024-11-19,11218,5599,5619
작전,2024-11-19,29899,15220,14679
갈산,2024-11-19,18913,9672,9241
부평구청,2024-11-19,13708,6715,6993
부평시장,2024-11-19,27293,13616,13677
부평,2024-11-19,12723,6419,6304
동수,2024-11-19,8290,4159,4131
부평삼거리,2024-11-19,5160,2624,2536
간석오거리,2024-11-19,21713,11252,10461
인천시청,2024-11-19,11813,5998,5815
예술회관,2024-11-19,23800,11806,11994
인천터미널,2024-11-19,25089,12291,12798
문학경기장,2024-11-19,2635,1340,1295
선학,2024-11-19,11935,5937,5998
신연수,2024-11-19,11751,5961,5790
원인재,2024-11-19,6078,3217,2861
동춘,2024-11-19,20480,10036,10444
동막,2024-11-19,10084,5379,4705
캠퍼스타운,2024-11-19,12692,6403,6289
테크노파크,2024-11-19,22498,11173,11325
지식정보단지,2024-11-19,11575,5634,5941
인천대입구,2024-11-19,18543,9317,9226
센트럴파크(재외동포청),2024-11-19,7850,3956,3894
국제업무지구,2024-11-19,5722,2937,2785
송도달빛축제공원,2024-11-19,10262,5119,5143
계양,2024-11-20,8392,4343,4049
귤현,2024-11-20,2534,990,1544
박촌,2024-11-20,8065,4190,3875
임학,2024-11-20,16521,8351,8170
계산,2024-11-20,20808,10597,10211
경인교대입구,2024-11-20,11538,5777,5761
작전,2024-11-20,29799,15122,14677
갈산,2024-11-20,18955,9674,9281
부평구청,2024-11-20,13772,6740,7032
부평시장,2024-11-20,27096,13518,13578
부평,2024-11-20,13338,6718,6620
동수,2024-11-20,8396,4268,4128
부평삼거리,2024-11-20,5242,2620,2622
간석오거리,2024-11-20,22075,11510,10565
인천시청,2024-11-20,12053,6085,5968
예술회관,2024-11-20,24494,12089,12405
인천터미널,2024-11-20,25374,12406,12968
문학경기장,2024-11-20,2644,1374,1270
선학,2024-11-20,12229,6179,6050
신연수,2024-11-20,12291,6259,6032
원인재,2024-11-20,6196,3262,2934
동춘,2024-11-20,21109,10325,10784
동막,2024-11-20,10664,5674,4990
캠퍼스타운,2024-11-20,12921,6504,6417
테크노파크,2024-11-20,24297,12306,11991
지식정보단지,2024-11-20,11648,5687,5961
인천대입구,2024-11-20,18403,9239,9164
센트럴파크(재외동포청),2024-11-20,8035,3971,4064
국제업무지구,2024-11-20,5566,2807,2759
송도달빛축제공원,2024-11-20,10326,5188,5138
계양,2024-11-21,8230,4188,4042
귤현,2024-11-21,2438,922,1516
박촌,2024-11-21,7866,4076,3790
임학,2024-11-21,16543,8357,8186
계산,2024-11-21,20287,10248,10039
경인교대입구,2024-11-21,11434,5783,5651
작전,2024-11-21,30296,15257,15039
갈산,2024-11-21,18747,9570,9177
부평구청,2024-11-21,13966,6857,7109
부평시장,2024-11-21,27311,13642,13669
부평,2024-11-21,12996,6447,6549
동수,2024-11-21,8252,4185,4067
부평삼거리,2024-11-21,5334,2688,2646
간석오거리,2024-11-21,22004,11471,10533
인천시청,2024-11-21,11574,5857,5717
예술회관,2024-11-21,24335,11989,12346
인천터미널,2024-11-21,26157,12930,13227
문학경기장,2024-11-21,3063,1538,1525
선학,2024-11-21,12261,6184,6077
신연수,2024-11-21,11836,6053,5783
원인재,2024-11-21,6182,3293,2889
동춘,2024-11-21,21289,10313,10976
동막,2024-11-21,10654,5658,4996
캠퍼스타운,2024-11-21,13144,6774,6370
테크노파크,2024-11-21,23337,11823,11514
지식정보단지,2024-11-21,11542,5606,5936
인천대입구,2024-11-21,19260,9720,9540
센트럴파크(재외동포청),2024-11-21,10341,5237,5104
국제업무지구,2024-11-21,5594,2834,2760
송도달빛축제공원,2024-11-21,10496,5197,5299
계양,2024-11-22,8519,4281,4238
귤현,2024-11-22,2495,1034,1461
박촌,2024-11-22,8117,4252,3865
임학,2024-11-22,16969,8505,8464
계산,2024-11-22,21083,10677,10406
경인교대입구,2024-11-22,11616,5847,5769
작전,2024-11-22,30804,15674,15130
갈산,2024-11-22,19162,9753,9409
부평구청,2024-11-22,14270,7031,7239
부평시장,2024-11-22,28009,14016,13993
부평,2024-11-22,14898,7390,7508
동수,2024-11-22,8426,4300,4126
부평삼거리,2024-11-22,5409,2730,2679
간석오거리,2024-11-22,22185,11570,10615
인천시청,2024-11-22,11902,6011,5891
예술회관,2024-11-22,25306,12295,13011
인천터미널,2024-11-22,30407,14645,15762
문학경기장,2024-11-22,2867,1469,1398
선학,2024-11-22,12914,6564,6350
신연수,2024-11-22,11717,5988,5729
원인재,2024-11-22,6142,3226,2916
동춘,2024-11-22,21714,10571,11143
동막,2024-11-22,10696,5790,4906
캠퍼스타운,2024-11-22,13238,6845,6393
테크노파크,2024-11-22,24590,12412,12178
지식정보단지,2024-11-22,11240,5589,5651
인천대입구,2024-11-22,18216,9274,8942
센트럴파크(재외동포청),2024-11-22,9165,4493,4672
국제업무지구,2024-11-22,5674,2890,2784
송도달빛축제공원,2024-11-22,11080,5551,5529
계양,2024-11-23,6320,3120,3200
귤현,2024-11-23,1470,686,784
박촌,2024-11-23,5456,2867,2589
임학,2024-11-23,12322,6340,5982
계산,2024-11-23,17882,8920,8962
경인교대입구,2024-11-23,8799,4464,4335
작전,2024-11-23,23552,12115,11437
갈산,2024-11-23,10826,5585,5241
부평구청,2024-11-23,10229,5015,5214
부평시장,2024-11-23,19385,9618,9767
부평,2024-11-23,13790,6791,6999
동수,2024-11-23,5054,2562,2492
부평삼거리,2024-11-23,4077,1997,2080
간석오거리,2024-11-23,16059,8395,7664
인천시청,2024-11-23,7720,3954,3766
예술회관,2024-11-23,18409,8760,9649
인천터미널,2024-11-23,27999,13433,14566
문학경기장,2024-11-23,3255,1572,1683
선학,2024-11-23,10519,5359,5160
신연수,2024-11-23,6349,3352,2997
원인재,2024-11-23,3783,2030,1753
동춘,2024-11-23,16236,8132,8104
동막,2024-11-23,6569,3521,3048
캠퍼스타운,2024-11-23,9029,4800,4229
테크노파크,2024-11-23,21703,10774,10929
지식정보단지,2024-11-23,4779,2449,2330
인천대입구,2024-11-23,14053,7085,6968
센트럴파크(재외동포청),2024-11-23,7430,3686,3744
국제업무지구,2024-11-23,2781,1499,1282
송도달빛축제공원,2024-11-23,8348,4296,4052
계양,2024-11-24,4788,2196,2592
귤현,2024-11-24,1048,465,583
박촌,2024-11-24,4146,2166,1980
임학,2024-11-24,8982,4541,4441
계산,2024-11-24,13759,6818,6941
경인교대입구,2024-11-24,7282,3624,3658
작전,2024-11-24,15498,7870,7628
갈산,2024-11-24,7489,3835,3654
부평구청,2024-11-24,7225,3613,3612
부평시장,2024-11-24,15073,7495,7578
부평,2024-11-24,9527,5004,4523
동수,2024-11-24,4139,2089,2050
부평삼거리,2024-11-24,3114,1557,1557
간석오거리,2024-11-24,11996,6189,5807
인천시청,2024-11-24,5836,2949,2887
예술회관,2024-11-24,11840,5813,6027
인천터미널,2024-11-24,23162,11706,11456
문학경기장,2024-11-24,1400,709,691
선학,2024-11-24,8099,3920,4179
신연수,2024-11-24,4584,2322,2262
원인재,2024-11-24,2697,1376,1321
동춘,2024-11-24,10125,5018,5107
동막,2024-11-24,4348,2301,2047
캠퍼스타운,2024-11-24,6610,3177,3433
테크노파크,2024-11-24,17097,8463,8634
지식정보단지,2024-11-24,3245,1633,1612
인천대입구,2024-11-24,9286,4301,4985
센트럴파크(재외동포청),2024-11-24,5090,2499,2591
국제업무지구,2024-11-24,1751,936,815
송도달빛축제공원,2024-11-24,6457,3101,3356
계양,2024-11-25,8423,4242,4181
귤현,2024-11-25,2533,1007,1526
박촌,2024-11-25,7746,4042,3704
임학,2024-11-25,16321,8243,8078
계산,2024-11-25,21000,10698,10302
경인교대입구,2024-11-25,11345,5674,5671
작전,2024-11-25,29785,15032,14753
갈산,2024-11-25,18715,9626,9089
부평구청,2024-11-25,13754,6742,7012
부평시장,2024-11-25,27240,13690,13550
부평,2024-11-25,13094,6611,6483
동수,2024-11-25,8341,4187,4154
부평삼거리,2024-11-25,5394,2729,2665
간석오거리,2024-11-25,21312,11065,10247
인천시청,2024-11-25,11622,5800,5822
예술회관,2024-11-25,23817,11774,12043
인천터미널,2024-11-25,25989,12647,13342
문학경기장,2024-11-25,2567,1299,1268
선학,2024-11-25,11966,6016,5950
신연수,2024-11-25,12063,6152,5911
원인재,2024-11-25,6028,3202,2826
동춘,2024-11-25,20599,10078,10521
동막,2024-11-25,10269,5406,4863
캠퍼스타운,2024-11-25,12766,6298,6468
테크노파크,2024-11-25,22536,11267,11269
지식정보단지,2024-11-25,11613,5581,6032
인천대입구,2024-11-25,18214,9057,9157
센트럴파크(재외동포청),2024-11-25,7833,3974,3859
국제업무지구,2024-11-25,5531,2866,2665
송도달빛축제공원,2024-11-25,10521,5264,5257
계양,2024-11-26,8131,4041,4090
귤현,2024-11-26,2329,898,1431
박촌,2024-11-26,7723,3974,3749
임학,2024-11-26,15918,7987,7931
계산,2024-11-26,19173,9718,9455
경인교대입구,2024-11-26,11001,5546,5455
작전,2024-11-26,29463,14871,14592
갈산,2024-11-26,18826,9648,9178
부평구청,2024-11-26,13745,6708,7037
부평시장,2024-11-26,26514,13273,13241
부평,2024-11-26,13188,6644,6544
동수,2024-11-26,8192,4164,4028
부평삼거리,2024-11-26,4874,2425,2449
간석오거리,2024-11-26,21402,11130,10272
인천시청,2024-11-26,11904,6014,5890
예술회관,2024-11-26,23482,11662,11820
인천터미널,2024-11-26,23884,11654,12230
문학경기장,2024-11-26,2543,1281,1262
선학,2024-11-26,11591,5809,5782
신연수,2024-11-26,11344,5757,5587
원인재,2024-11-26,5771,3107,2664
동춘,2024-11-26,20138,9813,10325
동막,2024-11-26,9930,5278,4652
캠퍼스타운,2024-11-26,12155,6054,6101
테크노파크,2024-11-26,22502,11310,11192
지식정보단지,2024-11-26,11238,5337,5901
인천대입구,2024-11-26,18152,8987,9165
센트럴파크(재외동포청),2024-11-26,8374,4187,4187
국제업무지구,2024-11-26,5766,2948,2818
송도달빛축제공원,2024-11-26,9692,4845,4847
계양,2024-11-27,8788,4379,4409
귤현,2024-11-27,2588,1039,1549
박촌,2024-11-27,8583,4411,4172
임학,2024-11-27,17488,8737,8751
계산,2024-11-27,22121,11132,10989
경인교대입구,2024-11-27,12041,6023,6018
작전,2024-11-27,32137,16216,15921
갈산,2024-11-27,21024,10725,10299
부평구청,2024-11-27,15059,7316,7743
부평시장,2024-11-27,27582,13754,13828
부평,2024-11-27,14357,7219,7138
동수,2024-11-27,8897,4482,4415
부평삼거리,2024-11-27,5468,2749,2719
간석오거리,2024-11-27,23436,11925,11511
인천시청,2024-11-27,12940,6502,6438
예술회관,2024-11-27,27648,13767,13881
인천터미널,2024-11-27,27318,13446,13872
문학경기장,2024-11-27,2883,1457,1426
선학,2024-11-27,13471,6696,6775
신연수,2024-11-27,12965,6631,6334
원인재,2024-11-27,6458,3417,3041
동춘,2024-11-27,23265,11452,11813
동막,2024-11-27,11951,6430,5521
캠퍼스타운,2024-11-27,14562,7216,7346
테크노파크,2024-11-27,27586,14310,13276
지식정보단지,2024-11-27,13222,6546,6676
인천대입구,2024-11-27,21163,10590,10573
센트럴파크(재외동포청),2024-11-27,9336,4667,4669
국제업무지구,2024-11-27,6741,3501,3240
송도달빛축제공원,2024-11-27,11432,5422,6010
계양,2024-11-28,8749,4245,4504
귤현,2024-11-28,2428,954,1474
박촌,2024-11-28,8398,4353,4045
임학,2024-11-28,17485,8849,8636
계산,2024-11-28,21622,10922,10700
경인교대입구,2024-11-28,12051,6049,6002
작전,2024-11-28,31755,16244,15511
갈산,2024-11-28,21191,10624,10567
부평구청,2024-11-28,14777,7233,7544
부평시장,2024-11-28,28547,14344,14203
부평,2024-11-28,14031,7093,6938
동수,2024-11-28,8647,4375,4272
부평삼거리,2024-11-28,5538,2809,2729
간석오거리,2024-11-28,23592,12394,11198
인천시청,2024-11-28,13108,6647,6461
예술회관,2024-11-28,26541,13078,13463
인천터미널,2024-11-28,28037,13898,14139
문학경기장,2024-11-28,2930,1560,1370
선학,2024-11-28,13766,6969,6797
신연수,2024-11-28,13522,6810,6712
원인재,2024-11-28,6305,3340,2965
동춘,2024-11-28,24650,11923,12727
동막,2024-11-28,12360,6499,5861
캠퍼스타운,2024-11-28,15002,7804,7198
테크노파크,2024-11-28,27529,13612,13917
지식정보단지,2024-11-28,13830,6564,7266
인천대입구,2024-11-28,21263,10570,10693
센트럴파크(재외동포청),2024-11-28,10167,5080,5087
국제업무지구,2024-11-28,7135,3671,3464
송도달빛축제공원,2024-11-28,12122,6227,5895
계양,2024-11-29,8264,4064,4200
귤현,2024-11-29,2406,970,1436
박촌,2024-11-29,8314,4389,3925
임학,2024-11-29,17119,8577,8542
계산,2024-11-29,21161,10696,10465
경인교대입구,2024-11-29,11659,5900,5759
작전,2024-11-29,31694,16083,15611
갈산,2024-11-29,19432,9938,9494
부평구청,2024-11-29,13991,6960,7031
부평시장,2024-11-29,27963,14002,13961
부평,2024-11-29,15166,7361,7805
동수,2024-11-29,8219,4134,4085
부평삼거리,2024-11-29,4936,2508,2428
간석오거리,2024-11-29,22270,11666,10604
인천시청,2024-11-29,12568,6342,6226
예술회관,2024-11-29,26246,12706,13540
인천터미널,2024-11-29,30445,14748,15697
문학경기장,2024-11-29,2872,1489,1383
선학,2024-11-29,12916,6523,6393
신연수,2024-11-29,11656,5953,5703
원인재,2024-11-29,6061,3152,2909
동춘,2024-11-29,22985,11128,11857
동막,2024-11-29,11023,5935,5088
캠퍼스타운,2024-11-29,13537,7050,6487
테크노파크,2024-11-29,25631,12886,12745
지식정보단지,2024-11-29,11559,5647,5912
인천대입구,2024-11-29,18160,9139,9021
센트럴파크(재외동포청),2024-11-29,8681,4327,4354
국제업무지구,2024-11-29,6051,3082,2969
송도달빛축제공원,2024-11-29,10928,5526,5402
계양,2024-11-30,6115,2904,3211
귤현,2024-11-30,1504,712,792
박촌,2024-11-30,5599,3019,2580
임학,2024-11-30,12040,6079,5961
계산,2024-11-30,17418,8726,8692
경인교대입구,2024-11-30,9247,4646,4601
작전,2024-11-30,23371,12008,11363
갈산,2024-11-30,10911,5649,5262
부평구청,2024-11-30,10230,5095,5135
부평시장,2024-11-30,19506,9629,9877
부평,2024-11-30,14030,6942,7088
동수,2024-11-30,5284,2671,2613
부평삼거리,2024-11-30,3969,1991,1978
간석오거리,2024-11-30,16352,8530,7822
인천시청,2024-11-30,7947,4050,3897
예술회관,2024-11-30,18139,8784,9355
인천터미널,2024-11-30,27305,13210,14095
문학경기장,2024-11-30,3348,1615,1733
선학,2024-11-30,10240,5196,5044
신연수,2024-11-30,6271,3291,2980
원인재,2024-11-30,3667,1946,1721
동춘,2024-11-30,15940,7897,8043
동막,2024-11-30,6415,3521,2894
캠퍼스타운,2024-11-30,8769,4670,4099
테크노파크,2024-11-30,21236,10477,10759
지식정보단지,2024-11-30,4498,2315,2183
인천대입구,2024-11-30,12327,6071,6256
센트럴파크(재외동포청),2024-11-30,7253,3545,3708
국제업무지구,2024-11-30,2922,1573,1349
송도달빛축제공원,2024-11-30,8113,4097,4016
계양,2024-12-01,4606,2126,2480
귤현,2024-12-01,1011,464,547
박촌,2024-12-01,4236,2187,2049
임학,2024-12-01,9060,4578,4482
계산,2024-12-01,12749,6326,6423
경인교대입구,2024-12-01,7356,3661,3695
작전,2024-12-01,15789,8039,7750
갈산,2024-12-01,7138,3646,3492
부평구청,2024-12-01,7129,3588,3541
부평시장,2024-12-01,14807,7370,7437
부평,2024-12-01,9532,4943,4589
동수,2024-12-01,4226,2142,2084
부평삼거리,2024-12-01,3339,1652,1687
간석오거리,2024-12-01,12292,6371,5921
인천시청,2024-12-01,5821,2953,2868
예술회관,2024-12-01,12256,6047,6209
인천터미널,2024-12-01,23046,11576,11470
문학경기장,2024-12-01,1481,750,731
선학,2024-12-01,8114,3950,4164
신연수,2024-12-01,4740,2409,2331
원인재,2024-12-01,2552,1354,1198
동춘,2024-12-01,12491,6208,6283
동막,2024-12-01,4363,2261,2102
캠퍼스타운,2024-12-01,6701,3218,3483
테크노파크,2024-12-01,17025,8381,8644
지식정보단지,2024-12-01,3168,1567,1601
인천대입구,2024-12-01,8056,3753,4303
센트럴파크(재외동포청),2024-12-01,5200,2549,2651
국제업무지구,2024-12-01,1746,961,785
송도달빛축제공원,2024-12-01,6067,2966,3101
계양,2024-12-02,8189,4070,4119
귤현,2024-12-02,2469,997,1472
박촌,2024-12-02,7881,4098,3783
임학,2024-12-02,16350,8289,8061
계산,2024-12-02,20807,10561,10246
경인교대입구,2024-12-02,11269,5613,5656
작전,2024-12-02,29955,15240,14715
갈산,2024-12-02,19085,9743,9342
부평구청,2024-12-02,13860,6845,7015
부평시장,2024-12-02,27370,13645,13725
부평,2024-12-02,13317,6644,6673
동수,2024-12-02,8384,4242,4142
부평삼거리,2024-12-02,5192,2588,2604
간석오거리,2024-12-02,21682,11310,10372
인천시청,2024-12-02,11236,5663,5573
예술회관,2024-12-02,23578,11649,11929
인천터미널,2024-12-02,25638,12359,13279
문학경기장,2024-12-02,2533,1255,1278
선학,2024-12-02,11935,6007,5928
신연수,2024-12-02,11983,6065,5918
원인재,2024-12-02,5801,3120,2681
동춘,2024-12-02,20664,10132,10532
동막,2024-12-02,10421,5507,4914
캠퍼스타운,2024-12-02,12907,6309,6598
테크노파크,2024-12-02,22684,11413,11271
지식정보단지,2024-12-02,11373,5509,5864
인천대입구,2024-12-02,18099,9019,9080
센트럴파크(재외동포청),2024-12-02,7531,3786,3745
국제업무지구,2024-12-02,5663,2878,2785
송도달빛축제공원,2024-12-02,10571,5249,5322
계양,2024-12-03,8167,4025,4142
귤현,2024-12-03,2384,930,1454
박촌,2024-12-03,8062,4156,3906
임학,2024-12-03,16501,8290,8211
계산,2024-12-03,20715,10551,10164
경인교대입구,2024-12-03,11190,5557,5633
작전,2024-12-03,30410,15321,15089
갈산,2024-12-03,19152,9749,9403
부평구청,2024-12-03,13913,6838,7075
부평시장,2024-12-03,27109,13558,13551
부평,2024-12-03,13196,6601,6595
동수,2024-12-03,8456,4231,4225
부평삼거리,2024-12-03,5325,2679,2646
간석오거리,2024-12-03,22045,11377,10668
인천시청,2024-12-03,11705,5818,5887
예술회관,2024-12-03,23940,11833,12107
인천터미널,2024-12-03,24610,12106,12504
문학경기장,2024-12-03,2767,1386,1381
선학,2024-12-03,11837,5863,5974
신연수,2024-12-03,11839,6027,5812
원인재,2024-12-03,5843,3130,2713
동춘,2024-12-03,21011,10274,10737
동막,2024-12-03,10400,5558,4842
캠퍼스타운,2024-12-03,12349,6163,6186
테크노파크,2024-12-03,23026,11650,11376
지식정보단지,2024-12-03,11493,5576,5917
인천대입구,2024-12-03,19663,9904,9759
센트럴파크(재외동포청),2024-12-03,7715,3897,3818
국제업무지구,2024-12-03,5823,2964,2859
송도달빛축제공원,2024-12-03,10044,5052,4992
계양,2024-12-04,8143,4061,4082
귤현,2024-12-04,2436,969,1467
박촌,2024-12-04,8019,4136,3883
임학,2024-12-04,16327,8202,8125
계산,2024-12-04,20750,10542,10208
경인교대입구,2024-12-04,11170,5590,5580
작전,2024-12-04,30259,15264,14995
갈산,2024-12-04,19181,9824,9357
부평구청,2024-12-04,13580,6684,6896
부평시장,2024-12-04,27136,13563,13573
부평,2024-12-04,12936,6562,6374
동수,2024-12-04,8268,4163,4105
부평삼거리,2024-12-04,4898,2457,2441
간석오거리,2024-12-04,21694,11269,10425
인천시청,2024-12-04,11704,5841,5863
예술회관,2024-12-04,24308,11968,12340
인천터미널,2024-12-04,25088,12368,12720
문학경기장,2024-12-04,2794,1443,1351
선학,2024-12-04,12237,6097,6140
신연수,2024-12-04,11692,5877,5815
원인재,2024-12-04,5900,3176,2724
동춘,2024-12-04,20636,10026,10610
동막,2024-12-04,10430,5538,4892
캠퍼스타운,2024-12-04,12387,6206,6181
테크노파크,2024-12-04,22920,11473,11447
지식정보단지,2024-12-04,11595,5666,5929
인천대입구,2024-12-04,18614,9393,9221
센트럴파크(재외동포청),2024-12-04,8243,4086,4157
국제업무지구,2024-12-04,5764,2948,2816
송도달빛축제공원,2024-12-04,10190,5072,5118
계양,2024-12-05,8348,4156,4192
귤현,2024-12-05,2417,956,1461
박촌,2024-12-05,8027,4190,3837
임학,2024-12-05,16154,8092,8062
계산,2024-12-05,20874,10592,10282
경인교대입구,2024-12-05,11325,5680,5645
작전,2024-12-05,30207,15341,14866
갈산,2024-12-05,19176,9865,9311
부평구청,2024-12-05,14023,6973,7050
부평시장,2024-12-05,27292,13584,13708
부평,2024-12-05,13609,6917,6692
동수,2024-12-05,8198,4111,4087
부평삼거리,2024-12-05,5156,2594,2562
간석오거리,2024-12-05,21816,11363,10453
인천시청,2024-12-05,11601,5797,5804
예술회관,2024-12-05,24483,12109,12374
인천터미널,2024-12-05,26080,13007,13073
문학경기장,2024-12-05,2750,1407,1343
선학,2024-12-05,12186,6180,6006
신연수,2024-12-05,11886,6069,5817
원인재,2024-12-05,6011,3252,2759
동춘,2024-12-05,21162,10373,10789
동막,2024-12-05,10240,5363,4877
캠퍼스타운,2024-12-05,12613,6466,6147
테크노파크,2024-12-05,22797,11504,11293
지식정보단지,2024-12-05,11324,5450,5874
인천대입구,2024-12-05,18481,9326,9155
센트럴파크(재외동포청),2024-12-05,8654,4308,4346
국제업무지구,2024-12-05,5648,2890,2758
송도달빛축제공원,2024-12-05,10362,5112,5250
계양,2024-12-06,8437,4186,4251
귤현,2024-12-06,2490,990,1500
박촌,2024-12-06,8016,4200,3816
임학,2024-12-06,16778,8469,8309
계산,2024-12-06,21035,10626,10409
경인교대입구,2024-12-06,11600,5872,5728
작전,2024-12-06,30529,15526,15003
갈산,2024-12-06,19674,10152,9522
부평구청,2024-12-06,14519,7246,7273
부평시장,2024-12-06,27957,14017,13940
부평,2024-12-06,14946,7324,7622
동수,2024-12-06,8385,4331,4054
부평삼거리,2024-12-06,5398,2767,2631
간석오거리,2024-12-06,22118,11599,10519
인천시청,2024-12-06,12545,6228,6317
예술회관,2024-12-06,25637,12526,13111
인천터미널,2024-12-06,30065,14626,15439
문학경기장,2024-12-06,2658,1329,1329
선학,2024-12-06,12617,6381,6236
신연수,2024-12-06,11254,5765,5489
원인재,2024-12-06,6028,3246,2782
동춘,2024-12-06,21612,10619,10993
동막,2024-12-06,10642,5749,4893
캠퍼스타운,2024-12-06,12833,6598,6235
테크노파크,2024-12-06,23401,11793,11608
지식정보단지,2024-12-06,10932,5383,5549
인천대입구,2024-12-06,17193,8631,8562
센트럴파크(재외동포청),2024-12-06,8965,4521,4444
국제업무지구,2024-12-06,5680,2908,2772
송도달빛축제공원,2024-12-06,10603,5333,5270
계양,2024-12-07,6441,3056,3385
귤현,2024-12-07,1513,711,802
박촌,2024-12-07,5647,2970,2677
임학,2024-12-07,12914,6679,6235
계산,2024-12-07,18330,9309,9021
경인교대입구,2024-12-07,9199,4641,4558
작전,2024-12-07,23947,12366,11581
갈산,2024-12-07,11777,6080,5697
부평구청,2024-12-07,10583,5268,5315
부평시장,2024-12-07,20037,10067,9970
부평,2024-12-07,13798,6773,7025
동수,2024-12-07,5307,2655,2652
부평삼거리,2024-12-07,3866,1934,1932
간석오거리,2024-12-07,16537,8560,7977
인천시청,2024-12-07,8245,4203,4042
예술회관,2024-12-07,18974,9124,9850
인천터미널,2024-12-07,29206,14349,14857
문학경기장,2024-12-07,2804,1348,1456
선학,2024-12-07,10631,5342,5289
신연수,2024-12-07,6571,3440,3131
원인재,2024-12-07,3799,2020,1779
동춘,2024-12-07,16113,8035,8078
동막,2024-12-07,6680,3629,3051
캠퍼스타운,2024-12-07,9202,4809,4393
테크노파크,2024-12-07,19968,9972,9996
지식정보단지,2024-12-07,4647,2382,2265
인천대입구,2024-12-07,12167,6005,6162
센트럴파크(재외동포청),2024-12-07,6921,3487,3434
국제업무지구,2024-12-07,2795,1499,1296
송도달빛축제공원,2024-12-07,8385,4260,4125
계양,2024-12-08,4401,1958,2443
귤현,2024-12-08,1080,534,546
박촌,2024-12-08,4153,2129,2024
임학,2024-12-08,8734,4480,4254
계산,2024-12-08,12903,6390,6513
경인교대입구,2024-12-08,6975,3463,3512
작전,2024-12-08,15181,7712,7469
갈산,2024-12-08,7237,3660,3577
부평구청,2024-12-08,6889,3398,3491
부평시장,2024-12-08,14327,7166,7161
부평,2024-12-08,9523,5061,4462
동수,2024-12-08,4207,2140,2067
부평삼거리,2024-12-08,3190,1581,1609
간석오거리,2024-12-08,11855,6155,5700
인천시청,2024-12-08,5899,3040,2859
예술회관,2024-12-08,11816,5874,5942
인천터미널,2024-12-08,22490,11320,11170
문학경기장,2024-12-08,1518,782,736
선학,2024-12-08,7603,3810,3793
신연수,2024-12-08,4331,2221,2110
원인재,2024-12-08,2487,1337,1150
동춘,2024-12-08,9282,4691,4591
동막,2024-12-08,3991,2078,1913
캠퍼스타운,2024-12-08,6166,3075,3091
테크노파크,2024-12-08,15356,7690,7666
지식정보단지,2024-12-08,2876,1404,1472
인천대입구,2024-12-08,7433,3550,3883
센트럴파크(재외동포청),2024-12-08,4477,2122,2355
국제업무지구,2024-12-08,1713,915,798
송도달빛축제공원,2024-12-08,5763,2839,2924
계양,2024-12-09,7974,4026,3948
귤현,2024-12-09,2376,926,1450
박촌,2024-12-09,7758,4037,3721
임학,2024-12-09,16088,8196,7892
계산,2024-12-09,19686,9979,9707
경인교대입구,2024-12-09,11239,5621,5618
작전,2024-12-09,29658,14979,14679
갈산,2024-12-09,18865,9597,9268
부평구청,2024-12-09,13794,6913,6881
부평시장,2024-12-09,26969,13433,13536
부평,2024-12-09,13094,6598,6496
동수,2024-12-09,8530,4303,4227
부평삼거리,2024-12-09,5241,2650,2591
간석오거리,2024-12-09,21305,11157,10148
인천시청,2024-12-09,11164,5605,5559
예술회관,2024-12-09,24065,12158,11907
인천터미널,2024-12-09,27020,12691,14329
문학경기장,2024-12-09,2326,1172,1154
선학,2024-12-09,11537,5841,5696
신연수,2024-12-09,11099,5659,5440
원인재,2024-12-09,5653,3086,2567
동춘,2024-12-09,20230,9921,10309
동막,2024-12-09,9970,5361,4609
캠퍼스타운,2024-12-09,11923,5907,6016
테크노파크,2024-12-09,21351,10719,10632
지식정보단지,2024-12-09,11008,5404,5604
인천대입구,2024-12-09,17169,8610,8559
센트럴파크(재외동포청),2024-12-09,7132,3585,3547
국제업무지구,2024-12-09,5531,2844,2687
송도달빛축제공원,2024-12-09,9946,4917,5029
계양,2024-12-10,8377,4141,4236
귤현,2024-12-10,2458,924,1534
박촌,2024-12-10,7917,4125,3792
임학,2024-12-10,16652,8380,8272
계산,2024-12-10,19984,10085,9899
경인교대입구,2024-12-10,11240,5604,5636
작전,2024-12-10,30518,15497,15021
갈산,2024-12-10,19171,9791,9380
부평구청,2024-12-10,13956,6859,7097
부평시장,2024-12-10,27408,13745,13663
부평,2024-12-10,13338,6649,6689
동수,2024-12-10,8544,4276,4268
부평삼거리,2024-12-10,5365,2740,2625
간석오거리,2024-12-10,22118,11491,10627
인천시청,2024-12-10,11539,5793,5746
예술회관,2024-12-10,24117,11963,12154
인천터미널,2024-12-10,25231,12380,12851
문학경기장,2024-12-10,2651,1363,1288
선학,2024-12-10,11864,5947,5917
신연수,2024-12-10,11511,5800,5711
원인재,2024-12-10,5970,3247,2723
동춘,2024-12-10,20702,10200,10502
동막,2024-12-10,10271,5451,4820
캠퍼스타운,2024-12-10,12176,6150,6026
테크노파크,2024-12-10,22400,11234,11166
지식정보단지,2024-12-10,11636,5668,5968
인천대입구,2024-12-10,17963,9113,8850
센트럴파크(재외동포청),2024-12-10,7723,3870,3853
국제업무지구,2024-12-10,5789,2902,2887
송도달빛축제공원,2024-12-10,10232,5052,5180
계양,2024-12-11,8359,4177,4182
귤현,2024-12-11,2438,968,1470
박촌,2024-12-11,7916,4141,3775
임학,2024-12-11,16513,8374,8139
계산,2024-12-11,19823,10006,9817
경인교대입구,2024-12-11,11305,5591,5714
작전,2024-12-11,30622,15447,15175
갈산,2024-12-11,19389,9939,9450
부평구청,2024-12-11,14088,6974,7114
부평시장,2024-12-11,27385,13640,13745
부평,2024-12-11,13658,6911,6747
동수,2024-12-11,8611,4270,4341
부평삼거리,2024-12-11,5226,2627,2599
간석오거리,2024-12-11,21975,11478,10497
인천시청,2024-12-11,11348,5719,5629
예술회관,2024-12-11,24994,12279,12715
인천터미널,2024-12-11,25931,12846,13085
문학경기장,2024-12-11,2777,1395,1382
선학,2024-12-11,12496,6316,6180
신연수,2024-12-11,11711,6015,5696
원인재,2024-12-11,5885,3132,2753
동춘,2024-12-11,21048,10366,10682
동막,2024-12-11,10549,5636,4913
캠퍼스타운,2024-12-11,12033,6063,5970
테크노파크,2024-12-11,22998,11581,11417
지식정보단지,2024-12-11,11482,5567,5915
인천대입구,2024-12-11,17771,8974,8797
센트럴파크(재외동포청),2024-12-11,8169,4079,4090
국제업무지구,2024-12-11,5732,2929,2803
송도달빛축제공원,2024-12-11,10704,5352,5352
계양,2024-12-12,8384,4184,4200
귤현,2024-12-12,2353,946,1407
박촌,2024-12-12,7791,4111,3680
임학,2024-12-12,16451,8295,8156
계산,2024-12-12,19955,10053,9902
경인교대입구,2024-12-12,12994,6519,6475
작전,2024-12-12,26616,13150,13466
갈산,2024-12-12,19626,9972,9654
부평구청,2024-12-12,14216,7052,7164
부평시장,2024-12-12,27477,13798,13679
부평,2024-12-12,14066,7096,6970
동수,2024-12-12,8679,4390,4289
부평삼거리,2024-12-12,5202,2648,2554
간석오거리,2024-12-12,21825,11266,10559
인천시청,2024-12-12,11437,5788,5649
예술회관,2024-12-12,24651,12133,12518
인천터미널,2024-12-12,26015,12950,13065
문학경기장,2024-12-12,2711,1378,1333
선학,2024-12-12,12435,6310,6125
신연수,2024-12-12,11642,5889,5753
원인재,2024-12-12,5759,3085,2674
동춘,2024-12-12,20984,10266,10718
동막,2024-12-12,10705,5660,5045
캠퍼스타운,2024-12-12,12348,6185,6163
테크노파크,2024-12-12,23119,11631,11488
지식정보단지,2024-12-12,11469,5588,5881
인천대입구,2024-12-12,18170,9114,9056
센트럴파크(재외동포청),2024-12-12,8540,4201,4339
국제업무지구,2024-12-12,5697,2893,2804
송도달빛축제공원,2024-12-12,10423,5155,5268
계양,2024-12-13,8532,4252,4280
귤현,2024-12-13,2395,968,1427
박촌,2024-12-13,8032,4201,3831
임학,2024-12-13,17197,8729,8468
계산,2024-12-13,20245,10218,10027
경인교대입구,2024-12-13,11752,5908,5844
작전,2024-12-13,31133,15844,15289
갈산,2024-12-13,19497,10007,9490
부평구청,2024-12-13,14378,7035,7343
부평시장,2024-12-13,28515,14261,14254
부평,2024-12-13,16699,8004,8695
동수,2024-12-13,8848,4506,4342
부평삼거리,2024-12-13,5483,2795,2688
간석오거리,2024-12-13,22609,11826,10783
인천시청,2024-12-13,11985,6123,5862
예술회관,2024-12-13,26599,12811,13788
인천터미널,2024-12-13,31001,15062,15939
문학경기장,2024-12-13,3132,1586,1546
선학,2024-12-13,13112,6653,6459
신연수,2024-12-13,11796,5995,5801
원인재,2024-12-13,6092,3168,2924
동춘,2024-12-13,22776,11129,11647
동막,2024-12-13,10862,5860,5002
캠퍼스타운,2024-12-13,12745,6457,6288
테크노파크,2024-12-13,25485,12905,12580
지식정보단지,2024-12-13,11220,5461,5759
인천대입구,2024-12-13,18210,9149,9061
센트럴파크(재외동포청),2024-12-13,8697,4322,4375
국제업무지구,2024-12-13,5592,2860,2732
송도달빛축제공원,2024-12-13,11200,5673,5527
계양,2024-12-14,6752,3174,3578
귤현,2024-12-14,1707,788,919
박촌,2024-12-14,5930,3109,2821
임학,2024-12-14,13473,6945,6528
계산,2024-12-14,19409,9708,9701
경인교대입구,2024-12-14,9741,4927,4814
작전,2024-12-14,25668,13247,12421
갈산,2024-12-14,11831,6146,5685
부평구청,2024-12-14,10820,5399,5421
부평시장,2024-12-14,20422,10144,10278
부평,2024-12-14,15054,7348,7706
동수,2024-12-14,5781,2908,2873
부평삼거리,2024-12-14,4071,2014,2057
간석오거리,2024-12-14,16960,8741,8219
인천시청,2024-12-14,8110,4125,3985
예술회관,2024-12-14,19426,9248,10178
인천터미널,2024-12-14,29826,14536,15290
문학경기장,2024-12-14,2656,1309,1347
선학,2024-12-14,11209,5633,5576
신연수,2024-12-14,6882,3615,3267
원인재,2024-12-14,3758,2015,1743
동춘,2024-12-14,16393,8207,8186
동막,2024-12-14,6822,3729,3093
캠퍼스타운,2024-12-14,9317,4964,4353
테크노파크,2024-12-14,20538,10207,10331
지식정보단지,2024-12-14,5046,2574,2472
인천대입구,2024-12-14,13038,6501,6537
센트럴파크(재외동포청),2024-12-14,7526,3780,3746
국제업무지구,2024-12-14,2918,1574,1344
송도달빛축제공원,2024-12-14,8711,4429,4282
계양,2024-12-15,4381,2026,2355
귤현,2024-12-15,1002,477,525
박촌,2024-12-15,4173,2134,2039
임학,2024-12-15,9046,4601,4445
계산,2024-12-15,13033,6484,6549
경인교대입구,2024-12-15,7267,3681,3586
작전,2024-12-15,15967,8075,7892
갈산,2024-12-15,7502,3850,3652
부평구청,2024-12-15,7284,3619,3665
부평시장,2024-12-15,14702,7317,7385
부평,2024-12-15,9890,5115,4775
동수,2024-12-15,4371,2243,2128
부평삼거리,2024-12-15,3270,1618,1652
간석오거리,2024-12-15,12467,6485,5982
인천시청,2024-12-15,5518,2822,2696
예술회관,2024-12-15,12324,6035,6289
인천터미널,2024-12-15,22989,11518,11471
문학경기장,2024-12-15,1468,751,717
선학,2024-12-15,8433,4234,4199
신연수,2024-12-15,4583,2404,2179
원인재,2024-12-15,2505,1292,1213
동춘,2024-12-15,11793,5807,5986
동막,2024-12-15,4387,2295,2092
캠퍼스타운,2024-12-15,5978,2912,3066
테크노파크,2024-12-15,16192,8091,8101
지식정보단지,2024-12-15,3201,1554,1647
인천대입구,2024-12-15,8286,3908,4378
센트럴파크(재외동포청),2024-12-15,4866,2370,2496
국제업무지구,2024-12-15,1838,992,846
송도달빛축제공원,2024-12-15,5873,2904,2969
계양,2024-12-16,7918,3906,4012
귤현,2024-12-16,2299,963,1336
박촌,2024-12-16,7427,3877,3550
임학,2024-12-16,15933,8060,7873
계산,2024-12-16,18885,9585,9300
경인교대입구,2024-12-16,10407,5201,5206
작전,2024-12-16,29780,15038,14742
갈산,2024-12-16,18438,9404,9034
부평구청,2024-12-16,13420,6606,6814
부평시장,2024-12-16,27219,13554,13665
부평,2024-12-16,13426,6770,6656
동수,2024-12-16,8605,4325,4280
부평삼거리,2024-12-16,5027,2562,2465
간석오거리,2024-12-16,21101,11006,10095
인천시청,2024-12-16,11161,5611,5550
예술회관,2024-12-16,23966,11819,12147
인천터미널,2024-12-16,25597,12534,13063
문학경기장,2024-12-16,2611,1311,1300
선학,2024-12-16,11443,5713,5730
신연수,2024-12-16,11042,5611,5431
원인재,2024-12-16,5622,3011,2611
동춘,2024-12-16,20382,9928,10454
동막,2024-12-16,10221,5447,4774
캠퍼스타운,2024-12-16,11670,5751,5919
테크노파크,2024-12-16,22394,11325,11069
지식정보단지,2024-12-16,10746,5229,5517
인천대입구,2024-12-16,15425,7612,7813
센트럴파크(재외동포청),2024-12-16,7355,3751,3604
국제업무지구,2024-12-16,5574,2870,2704
송도달빛축제공원,2024-12-16,9936,4959,4977
계양,2024-12-17,8079,3984,4095
귤현,2024-12-17,2380,919,1461
박촌,2024-12-17,7633,3977,3656
임학,2024-12-17,16289,8205,8084
계산,2024-12-17,18893,9572,9321
경인교대입구,2024-12-17,10482,5200,5282
작전,2024-12-17,29977,15127,14850
갈산,2024-12-17,18884,9718,9166
부평구청,2024-12-17,14114,6991,7123
부평시장,2024-12-17,27721,13805,13916
부평,2024-12-17,13567,6879,6688
동수,2024-12-17,8726,4420,4306
부평삼거리,2024-12-17,5044,2570,2474
간석오거리,2024-12-17,21599,11157,10442
인천시청,2024-12-17,11766,5937,5829
예술회관,2024-12-17,24385,12065,12320
인천터미널,2024-12-17,26106,12821,13285
문학경기장,2024-12-17,2509,1285,1224
선학,2024-12-17,12173,6155,6018
신연수,2024-12-17,11782,5922,5860
원인재,2024-12-17,5845,3125,2720
동춘,2024-12-17,21252,10376,10876
동막,2024-12-17,10947,5864,5083
캠퍼스타운,2024-12-17,12076,6038,6038
테크노파크,2024-12-17,23021,11575,11446
지식정보단지,2024-12-17,11167,5410,5757
인천대입구,2024-12-17,16730,8296,8434
센트럴파크(재외동포청),2024-12-17,9555,4808,4747
국제업무지구,2024-12-17,5817,2976,2841
송도달빛축제공원,2024-12-17,10219,5010,5209
계양,2024-12-18,7927,3919,4008
귤현,2024-12-18,2153,862,1291
박촌,2024-12-18,7733,4037,3696
임학,2024-12-18,16157,8090,8067
계산,2024-12-18,18980,9645,9335
경인교대입구,2024-12-18,10664,5285,5379
작전,2024-12-18,29520,14925,14595
갈산,2024-12-18,18909,9661,9248
부평구청,2024-12-18,13791,6863,6928
부평시장,2024-12-18,27091,13616,13475
부평,2024-12-18,14011,7064,6947
동수,2024-12-18,8701,4364,4337
부평삼거리,2024-12-18,4876,2456,2420
간석오거리,2024-12-18,21307,11040,10267
인천시청,2024-12-18,11787,5915,5872
예술회관,2024-12-18,24685,12137,12548
인천터미널,2024-12-18,25811,12625,13186
문학경기장,2024-12-18,2376,1192,1184
선학,2024-12-18,11910,5942,5968
신연수,2024-12-18,11132,5721,5411
원인재,2024-12-18,5552,2997,2555
동춘,2024-12-18,20735,10207,10528
동막,2024-12-18,10473,5618,4855
캠퍼스타운,2024-12-18,12066,6095,5971
테크노파크,2024-12-18,23603,11846,11757
지식정보단지,2024-12-18,10878,5257,5621
인천대입구,2024-12-18,16129,8059,8070
센트럴파크(재외동포청),2024-12-18,8407,4219,4188
국제업무지구,2024-12-18,5660,2929,2731
송도달빛축제공원,2024-12-18,10574,5254,5320
계양,2024-12-19,8060,3990,4070
귤현,2024-12-19,2252,913,1339
박촌,2024-12-19,7672,4038,3634
임학,2024-12-19,16113,8157,7956
계산,2024-12-19,18941,9582,9359
경인교대입구,2024-12-19,10686,5334,5352
작전,2024-12-19,29368,14888,14480
갈산,2024-12-19,18529,9403,9126
부평구청,2024-12-19,13985,6951,7034
부평시장,2024-12-19,27417,13720,13697
부평,2024-12-19,13754,6903,6851
동수,2024-12-19,8568,4294,4274
부평삼거리,2024-12-19,5034,2560,2474
간석오거리,2024-12-19,21809,11318,10491
인천시청,2024-12-19,11265,5652,5613
예술회관,2024-12-19,24372,12020,12352
인천터미널,2024-12-19,26082,12887,13195
문학경기장,2024-12-19,2628,1315,1313
선학,2024-12-19,12127,6099,6028
신연수,2024-12-19,11172,5678,5494
원인재,2024-12-19,5412,2860,2552
동춘,2024-12-19,20987,10257,10730
동막,2024-12-19,10333,5523,4810
캠퍼스타운,2024-12-19,12049,6065,5984
테크노파크,2024-12-19,23287,11574,11713
지식정보단지,2024-12-19,10784,5137,5647
인천대입구,2024-12-19,15936,8041,7895
센트럴파크(재외동포청),2024-12-19,8137,4100,4037
국제업무지구,2024-12-19,5642,2844,2798
송도달빛축제공원,2024-12-19,10317,5183,5134
계양,2024-12-20,8615,4264,4351
귤현,2024-12-20,2358,956,1402
박촌,2024-12-20,8170,4275,3895
임학,2024-12-20,17242,8720,8522
계산,2024-12-20,20467,10331,10136
경인교대입구,2024-12-20,11417,5649,5768
작전,2024-12-20,31713,16161,15552
갈산,2024-12-20,19081,9688,9393
부평구청,2024-12-20,14438,7209,7229
부평시장,2024-12-20,29019,14476,14543
부평,2024-12-20,15639,7742,7897
동수,2024-12-20,8858,4548,4310
부평삼거리,2024-12-20,5476,2784,2692
간석오거리,2024-12-20,22597,11774,10823
인천시청,2024-12-20,11874,6015,5859
예술회관,2024-12-20,25980,12636,13344
인천터미널,2024-12-20,30662,14996,15666
문학경기장,2024-12-20,2716,1375,1341
선학,2024-12-20,13330,6658,6672
신연수,2024-12-20,11936,6083,5853
원인재,2024-12-20,5860,3072,2788
동춘,2024-12-20,22473,10842,11631
동막,2024-12-20,10767,5905,4862
캠퍼스타운,2024-12-20,13097,6753,6344
테크노파크,2024-12-20,24983,12425,12558
지식정보단지,2024-12-20,10725,5210,5515
인천대입구,2024-12-20,16301,8078,8223
센트럴파크(재외동포청),2024-12-20,8699,4301,4398
국제업무지구,2024-12-20,5650,2855,2795
송도달빛축제공원,2024-12-20,10995,5565,5430
계양,2024-12-21,6467,3074,3393
귤현,2024-12-21,1523,695,828
박촌,2024-12-21,5746,3031,2715
임학,2024-12-21,13061,6636,6425
계산,2024-12-21,17258,8693,8565
경인교대입구,2024-12-21,9795,4861,4934
작전,2024-12-21,24697,12762,11935
갈산,2024-12-21,11377,5796,5581
부평구청,2024-12-21,10627,5233,5394
부평시장,2024-12-21,20213,9976,10237
부평,2024-12-21,14770,7323,7447
동수,2024-12-21,5827,2950,2877
부평삼거리,2024-12-21,4212,2119,2093
간석오거리,2024-12-21,16741,8731,8010
인천시청,2024-12-21,7593,3861,3732
예술회관,2024-12-21,19555,9309,10246
인천터미널,2024-12-21,29122,14186,14936
문학경기장,2024-12-21,2554,1268,1286
선학,2024-12-21,10963,5531,5432
신연수,2024-12-21,6403,3333,3070
원인재,2024-12-21,3772,1961,1811
동춘,2024-12-21,16892,8354,8538
동막,2024-12-21,6687,3620,3067
캠퍼스타운,2024-12-21,9040,4853,4187
테크노파크,2024-12-21,20935,10510,10425
지식정보단지,2024-12-21,4753,2455,2298
인천대입구,2024-12-21,12609,6223,6386
센트럴파크(재외동포청),2024-12-21,7319,3562,3757
국제업무지구,2024-12-21,2938,1580,1358
송도달빛축제공원,2024-12-21,8322,4240,4082
계양,2024-12-22,4338,2003,2335
귤현,2024-12-22,1019,467,552
박촌,2024-12-22,4064,2059,2005
임학,2024-12-22,8863,4541,4322
계산,2024-12-22,12335,6206,6129
경인교대입구,2024-12-22,6959,3477,3482
작전,2024-12-22,15138,7698,7440
갈산,2024-12-22,7217,3651,3566
부평구청,2024-12-22,6748,3271,3477
부평시장,2024-12-22,14545,7135,7410
부평,2024-12-22,10481,5425,5056
동수,2024-12-22,4350,2185,2165
부평삼거리,2024-12-22,3034,1499,1535
간석오거리,2024-12-22,11612,6040,5572
인천시청,2024-12-22,5144,2629,2515
예술회관,2024-12-22,11541,5599,5942
인천터미널,2024-12-22,22791,11510,11281
문학경기장,2024-12-22,1269,658,611
선학,2024-12-22,7986,3996,3990
신연수,2024-12-22,4365,2233,2132
원인재,2024-12-22,2426,1315,1111
동춘,2024-12-22,10209,5053,5156
동막,2024-12-22,4239,2234,2005
캠퍼스타운,2024-12-22,5789,2973,2816
테크노파크,2024-12-22,16779,8368,8411
지식정보단지,2024-12-22,2922,1419,1503
인천대입구,2024-12-22,8096,3861,4235
센트럴파크(재외동포청),2024-12-22,4769,2315,2454
국제업무지구,2024-12-22,1735,930,805
송도달빛축제공원,2024-12-22,6015,2880,3135
계양,2024-12-23,8068,4027,4041
귤현,2024-12-23,2271,912,1359
박촌,2024-12-23,7517,3973,3544
임학,2024-12-23,16114,8140,7974
계산,2024-12-23,18886,9536,9350
경인교대입구,2024-12-23,10505,5294,5211
작전,2024-12-23,29543,14977,14566
갈산,2024-12-23,18629,9460,9169
부평구청,2024-12-23,13193,6494,6699
부평시장,2024-12-23,27239,13593,13646
부평,2024-12-23,14395,7253,7142
동수,2024-12-23,8588,4360,4228
부평삼거리,2024-12-23,4660,2339,2321
간석오거리,2024-12-23,20557,10676,9881
인천시청,2024-12-23,11386,5744,5642
예술회관,2024-12-23,23970,11827,12143
인천터미널,2024-12-23,27154,13523,13631
문학경기장,2024-12-23,2356,1188,1168
선학,2024-12-23,11812,5888,5924
신연수,2024-12-23,11155,5726,5429
원인재,2024-12-23,5453,2894,2559
동춘,2024-12-23,21260,10341,10919
동막,2024-12-23,10134,5390,4744
캠퍼스타운,2024-12-23,11617,5791,5826
테크노파크,2024-12-23,22859,11337,11522
지식정보단지,2024-12-23,10383,5003,5380
인천대입구,2024-12-23,14649,7236,7413
센트럴파크(재외동포청),2024-12-23,7671,3857,3814
국제업무지구,2024-12-23,5535,2865,2670
송도달빛축제공원,2024-12-23,10186,5029,5157
계양,2024-12-24,8076,4034,4042
귤현,2024-12-24,2277,955,1322
박촌,2024-12-24,7794,4124,3670
임학,2024-12-24,16614,8419,8195
계산,2024-12-24,19107,9748,9359
경인교대입구,2024-12-24,10704,5348,5356
작전,2024-12-24,29817,15152,14665
갈산,2024-12-24,18831,9604,9227
부평구청,2024-12-24,13401,6747,6654
부평시장,2024-12-24,27339,13638,13701
부평,2024-12-24,15642,7688,7954
동수,2024-12-24,8758,4468,4290
부평삼거리,2024-12-24,4844,2445,2399
간석오거리,2024-12-24,21984,11493,10491
인천시청,2024-12-24,11091,5671,5420
예술회관,2024-12-24,25488,12236,13252
인천터미널,2024-12-24,30401,14695,15706
문학경기장,2024-12-24,2363,1239,1124
선학,2024-12-24,12318,6197,6121
신연수,2024-12-24,11073,5721,5352
원인재,2024-12-24,5721,3052,2669
동춘,2024-12-24,22326,11014,11312
동막,2024-12-24,10007,5443,4564
캠퍼스타운,2024-12-24,11809,5962,5847
테크노파크,2024-12-24,26512,13124,13388
지식정보단지,2024-12-24,10324,5072,5252
인천대입구,2024-12-24,15041,7303,7738
센트럴파크(재외동포청),2024-12-24,8797,4270,4527
국제업무지구,2024-12-24,5766,2938,2828
송도달빛축제공원,2024-12-24,10526,5208,5318
계양,2024-12-25,4946,2306,2640
귤현,2024-12-25,1051,480,571
박촌,2024-12-25,4645,2467,2178
임학,2024-12-25,10252,5299,4953
계산,2024-12-25,12630,6311,6319
경인교대입구,2024-12-25,7358,3663,3695
작전,2024-12-25,17189,8817,8372
갈산,2024-12-25,7408,3848,3560
부평구청,2024-12-25,7625,3695,3930
부평시장,2024-12-25,15971,7956,8015
부평,2024-12-25,13910,7089,6821
동수,2024-12-25,4724,2383,2341
부평삼거리,2024-12-25,3606,1801,1805
간석오거리,2024-12-25,13873,7166,6707
인천시청,2024-12-25,5739,2955,2784
예술회관,2024-12-25,15640,7362,8278
인천터미널,2024-12-25,25324,12541,12783
문학경기장,2024-12-25,1260,649,611
선학,2024-12-25,8414,4119,4295
신연수,2024-12-25,5302,2719,2583
원인재,2024-12-25,2779,1484,1295
동춘,2024-12-25,15757,7808,7949
동막,2024-12-25,5037,2683,2354
캠퍼스타운,2024-12-25,6899,3592,3307
테크노파크,2024-12-25,27918,13913,14005
지식정보단지,2024-12-25,3773,1886,1887
인천대입구,2024-12-25,11609,5729,5880
센트럴파크(재외동포청),2024-12-25,6533,3182,3351
국제업무지구,2024-12-25,2462,1338,1124
송도달빛축제공원,2024-12-25,7774,3817,3957
계양,2024-12-26,7851,3893,3958
귤현,2024-12-26,2175,884,1291
박촌,2024-12-26,7493,3940,3553
임학,2024-12-26,15824,7982,7842
계산,2024-12-26,18570,9420,9150
경인교대입구,2024-12-26,10397,5216,5181
작전,2024-12-26,28786,14576,14210
갈산,2024-12-26,18377,9288,9089
부평구청,2024-12-26,13179,6528,6651
부평시장,2024-12-26,26968,13513,13455
부평,2024-12-26,14044,7189,6855
동수,2024-12-26,8563,4311,4252
부평삼거리,2024-12-26,4523,2269,2254
간석오거리,2024-12-26,20552,10681,9871
인천시청,2024-12-26,11080,5646,5434
예술회관,2024-12-26,24769,12281,12488
인천터미널,2024-12-26,26512,12910,13602
문학경기장,2024-12-26,2413,1222,1191
선학,2024-12-26,11823,5869,5954
신연수,2024-12-26,10754,5427,5327
원인재,2024-12-26,5406,2896,2510
동춘,2024-12-26,20445,9999,10446
동막,2024-12-26,9871,5172,4699
캠퍼스타운,2024-12-26,11393,5664,5729
테크노파크,2024-12-26,22075,11015,11060
지식정보단지,2024-12-26,10033,4839,5194
인천대입구,2024-12-26,13998,7021,6977
센트럴파크(재외동포청),2024-12-26,7748,3950,3798
국제업무지구,2024-12-26,5504,2789,2715
송도달빛축제공원,2024-12-26,9924,5009,4915
계양,2024-12-27,7917,3892,4025
귤현,2024-12-27,2170,924,1246
박촌,2024-12-27,7794,4067,3727
임학,2024-12-27,16150,8200,7950
계산,2024-12-27,18907,9625,9282
경인교대입구,2024-12-27,10596,5257,5339
작전,2024-12-27,29720,15183,14537
갈산,2024-12-27,18127,9206,8921
부평구청,2024-12-27,13142,6452,6690
부평시장,2024-12-27,27237,13451,13786
부평,2024-12-27,14667,7297,7370
동수,2024-12-27,8435,4300,4135
부평삼거리,2024-12-27,4542,2237,2305
간석오거리,2024-12-27,20994,10930,10064
인천시청,2024-12-27,11166,5676,5490
예술회관,2024-12-27,25131,12116,13015
인천터미널,2024-12-27,28673,13954,14719
문학경기장,2024-12-27,2401,1240,1161
선학,2024-12-27,12094,6100,5994
신연수,2024-12-27,10428,5361,5067
원인재,2024-12-27,5475,2949,2526
동춘,2024-12-27,20736,10127,10609
동막,2024-12-27,10244,5512,4732
캠퍼스타운,2024-12-27,11314,5779,5535
테크노파크,2024-12-27,22675,11393,11282
지식정보단지,2024-12-27,9993,4903,5090
인천대입구,2024-12-27,14621,7290,7331
센트럴파크(재외동포청),2024-12-27,8060,4031,4029
국제업무지구,2024-12-27,5476,2779,2697
송도달빛축제공원,2024-12-27,10119,5084,5035
계양,2024-12-28,5909,2880,3029
귤현,2024-12-28,1457,701,756
박촌,2024-12-28,5193,2728,2465
임학,2024-12-28,11871,6093,5778
계산,2024-12-28,15629,7844,7785
경인교대입구,2024-12-28,8444,4215,4229
작전,2024-12-28,22361,11563,10798
갈산,2024-12-28,10132,5242,4890
부평구청,2024-12-28,9625,4753,4872
부평시장,2024-12-28,18859,9344,9515
부평,2024-12-28,13873,6737,7136
동수,2024-12-28,5692,2857,2835
부평삼거리,2024-12-28,3566,1787,1779
간석오거리,2024-12-28,15605,8118,7487
인천시청,2024-12-28,7279,3710,3569
예술회관,2024-12-28,17900,8434,9466
인천터미널,2024-12-28,27267,13373,13894
문학경기장,2024-12-28,2156,1089,1067
선학,2024-12-28,10078,5125,4953
신연수,2024-12-28,6064,3163,2901
원인재,2024-12-28,3356,1761,1595
동춘,2024-12-28,14944,7503,7441
동막,2024-12-28,5846,3141,2705
캠퍼스타운,2024-12-28,7805,4052,3753
테크노파크,2024-12-28,18097,8977,9120
지식정보단지,2024-12-28,4158,2107,2051
인천대입구,2024-12-28,10115,4932,5183
센트럴파크(재외동포청),2024-12-28,6276,3076,3200
국제업무지구,2024-12-28,2712,1458,1254
송도달빛축제공원,2024-12-28,7691,3901,3790
계양,2024-12-29,4201,1950,2251
귤현,2024-12-29,989,448,541
박촌,2024-12-29,3995,2077,1918
임학,2024-12-29,8550,4314,4236
계산,2024-12-29,11831,5942,5889
경인교대입구,2024-12-29,6574,3295,3279
작전,2024-12-29,15030,7664,7366
갈산,2024-12-29,7043,3583,3460
부평구청,2024-12-29,6495,3233,3262
부평시장,2024-12-29,14012,6896,7116
부평,2024-12-29,9390,4911,4479
동수,2024-12-29,4316,2140,2176
부평삼거리,2024-12-29,3155,1570,1585
간석오거리,2024-12-29,11646,6054,5592
인천시청,2024-12-29,4959,2590,2369
예술회관,2024-12-29,11535,5575,5960
인천터미널,2024-12-29,21307,10762,10545
문학경기장,2024-12-29,1080,554,526
선학,2024-12-29,7343,3609,3734
신연수,2024-12-29,4271,2172,2099
원인재,2024-12-29,2222,1164,1058
동춘,2024-12-29,10891,5432,5459
동막,2024-12-29,3990,2086,1904
캠퍼스타운,2024-12-29,5466,2739,2727
테크노파크,2024-12-29,14544,7207,7337
지식정보단지,2024-12-29,2946,1421,1525
인천대입구,2024-12-29,7399,3568,3831
센트럴파크(재외동포청),2024-12-29,4248,2076,2172
국제업무지구,2024-12-29,1546,808,738
송도달빛축제공원,2024-12-29,5779,2894,2885
계양,2024-12-30,7505,3728,3777
귤현,2024-12-30,2023,823,1200
박촌,2024-12-30,7203,3812,3391
임학,2024-12-30,15491,7843,7648
계산,2024-12-30,18339,9265,9074
경인교대입구,2024-12-30,10367,5182,5185
작전,2024-12-30,28319,14295,14024
갈산,2024-12-30,17092,8612,8480
부평구청,2024-12-30,12762,6222,6540
부평시장,2024-12-30,26480,13160,13320
부평,2024-12-30,13929,6987,6942
동수,2024-12-30,8390,4238,4152
부평삼거리,2024-12-30,4693,2357,2336
간석오거리,2024-12-30,19867,10326,9541
인천시청,2024-12-30,10662,5428,5234
예술회관,2024-12-30,23555,11574,11981
인천터미널,2024-12-30,26249,12932,13317
문학경기장,2024-12-30,2146,1088,1058
선학,2024-12-30,11230,5646,5584
신연수,2024-12-30,10228,5226,5002
원인재,2024-12-30,5273,2760,2513
동춘,2024-12-30,19452,9506,9946
동막,2024-12-30,9326,4985,4341
캠퍼스타운,2024-12-30,10723,5408,5315
테크노파크,2024-12-30,20949,10461,10488
지식정보단지,2024-12-30,9480,4597,4883
인천대입구,2024-12-30,13463,6765,6698
센트럴파크(재외동포청),2024-12-30,6946,3493,3453
국제업무지구,2024-12-30,5312,2684,2628
송도달빛축제공원,2024-12-30,9823,4866,4957
계양,2024-12-31,7068,3551,3517
귤현,2024-12-31,1935,812,1123
박촌,2024-12-31,7350,3903,3447
임학,2024-12-31,15470,7821,7649
계산,2024-12-31,18376,9378,8998
경인교대입구,2024-12-31,10562,5291,5271
작전,2024-12-31,28330,14430,13900
갈산,2024-12-31,16150,8374,7776
부평구청,2024-12-31,12664,6414,6250
부평시장,2024-12-31,26084,12949,13135
부평,2024-12-31,14418,6918,7500
동수,2024-12-31,8415,4272,4143
부평삼거리,2024-12-31,4946,2506,2440
간석오거리,2024-12-31,19886,10529,9357
인천시청,2024-12-31,10553,5377,5176
예술회관,2024-12-31,23885,11194,12691
인천터미널,2024-12-31,27718,13119,14599
문학경기장,2024-12-31,2146,1128,1018
선학,2024-12-31,11405,5795,5610
신연수,2024-12-31,9883,5191,4692
원인재,2024-12-31,5043,2706,2337
동춘,2024-12-31,19348,9545,9803
동막,2024-12-31,8976,4940,4036
캠퍼스타운,2024-12-31,10266,5192,5074
테크노파크,2024-12-31,21640,10793,10847
지식정보단지,2024-12-31,8649,4377,4272
인천대입구,2024-12-31,13218,6404,6814
센트럴파크(재외동포청),2024-12-31,7408,3706,3702
국제업무지구,2024-12-31,5212,2632,2580
송도달빛축제공원,2024-12-31,9520,4746,4774
계양,2025-01-01,3513,1644,1869
귤현,2025-01-01,715,316,399
박촌,2025-01-01,3288,1706,1582
임학,2025-01-01,7001,3571,3430
계산,2025-01-01,12792,6256,6536
경인교대입구,2025-01-01,5258,2655,2603
작전,2025-01-01,11979,6044,5935
갈산,2025-01-01,5131,2565,2566
부평구청,2025-01-01,5701,2784,2917
부평시장,2025-01-01,11533,5667,5866
부평,2025-01-01,8216,4373,3843
동수,2025-01-01,3528,1808,1720
부평삼거리,2025-01-01,4402,2195,2207
간석오거리,2025-01-01,10387,5313,5074
인천시청,2025-01-01,4284,2163,2121
예술회관,2025-01-01,10032,5051,4981
인천터미널,2025-01-01,13844,7043,6801
문학경기장,2025-01-01,855,434,421
선학,2025-01-01,6636,3162,3474
신연수,2025-01-01,3716,1857,1859
원인재,2025-01-01,1978,1042,936
동춘,2025-01-01,10253,5076,5177
동막,2025-01-01,3427,1797,1630
캠퍼스타운,2025-01-01,4444,2245,2199
테크노파크,2025-01-01,13999,7051,6948
지식정보단지,2025-01-01,2492,1218,1274
인천대입구,2025-01-01,6210,2997,3213
센트럴파크(재외동포청),2025-01-01,3681,1850,1831
국제업무지구,2025-01-01,1376,730,646
송도달빛축제공원,2025-01-01,5137,2533,2604
계양,2025-01-02,7466,3721,3745
귤현,2025-01-02,2084,816,1268
박촌,2025-01-02,7312,3825,3487
임학,2025-01-02,15561,7895,7666
계산,2025-01-02,17641,8896,8745
경인교대입구,2025-01-02,9817,4969,4848
작전,2025-01-02,27638,14009,13629
갈산,2025-01-02,17450,8840,8610
부평구청,2025-01-02,12686,6346,6340
부평시장,2025-01-02,25297,12582,12715
부평,2025-01-02,13186,6585,6601
동수,2025-01-02,8188,4117,4071
부평삼거리,2025-01-02,4553,2295,2258
간석오거리,2025-01-02,19709,10225,9484
인천시청,2025-01-02,10790,5486,5304
예술회관,2025-01-02,22578,11151,11427
인천터미널,2025-01-02,23951,11805,12146
문학경기장,2025-01-02,2198,1096,1102
선학,2025-01-02,10970,5503,5467
신연수,2025-01-02,10160,5119,5041
원인재,2025-01-02,5247,2801,2446
동춘,2025-01-02,19625,9709,9916
동막,2025-01-02,9366,4941,4425
캠퍼스타운,2025-01-02,10816,5384,5432
테크노파크,2025-01-02,20252,10142,10110
지식정보단지,2025-01-02,9645,4711,4934
인천대입구,2025-01-02,13280,6492,6788
센트럴파크(재외동포청),2025-01-02,7047,3554,3493
국제업무지구,2025-01-02,5305,2747,2558
송도달빛축제공원,2025-01-02,9370,4696,4674
계양,2025-01-03,7754,3870,3884
귤현,2025-01-03,2086,840,1246
박촌,2025-01-03,7466,3906,3560
임학,2025-01-03,15948,8087,7861
계산,2025-01-03,18197,9219,8978
경인교대입구,2025-01-03,10225,4994,5231
작전,2025-01-03,28968,14745,14223
갈산,2025-01-03,17858,9119,8739
부평구청,2025-01-03,12729,6338,6391
부평시장,2025-01-03,26560,13163,13397
부평,2025-01-03,14344,6965,7379
동수,2025-01-03,8472,4275,4197
부평삼거리,2025-01-03,4838,2426,2412
간석오거리,2025-01-03,20442,10614,9828
인천시청,2025-01-03,10591,5402,5189
예술회관,2025-01-03,23335,11337,11998
인천터미널,2025-01-03,26359,12895,13464
문학경기장,2025-01-03,2286,1150,1136
선학,2025-01-03,11669,5799,5870
신연수,2025-01-03,10552,5433,5119
원인재,2025-01-03,5473,2914,2559
동춘,2025-01-03,20962,10326,10636
동막,2025-01-03,9662,5148,4514
캠퍼스타운,2025-01-03,11345,5740,5605
테크노파크,2025-01-03,21744,10884,10860
지식정보단지,2025-01-03,10179,4991,5188
인천대입구,2025-01-03,13656,6778,6878
센트럴파크(재외동포청),2025-01-03,7164,3542,3622
국제업무지구,2025-01-03,5483,2828,2655
송도달빛축제공원,2025-01-03,9640,4883,4757
계양,2025-01-04,5573,2703,2870
귤현,2025-01-04,1330,629,701
박촌,2025-01-04,5059,2689,2370
임학,2025-01-04,11173,5720,5453
계산,2025-01-04,15094,7571,7523
경인교대입구,2025-01-04,7934,3962,3972
작전,2025-01-04,20767,10639,10128
갈산,2025-01-04,9836,5060,4776
부평구청,2025-01-04,9019,4442,4577
부평시장,2025-01-04,17565,8696,8869
부평,2025-01-04,12942,6326,6616
동수,2025-01-04,5125,2607,2518
부평삼거리,2025-01-04,3813,1905,1908
간석오거리,2025-01-04,15090,7831,7259
인천시청,2025-01-04,6629,3451,3178
예술회관,2025-01-04,16111,7677,8434
인천터미널,2025-01-04,24674,12004,12670
문학경기장,2025-01-04,2055,1020,1035
선학,2025-01-04,9341,4674,4667
신연수,2025-01-04,5648,2957,2691
원인재,2025-01-04,3171,1737,1434
동춘,2025-01-04,14953,7410,7543
동막,2025-01-04,5605,3036,2569
캠퍼스타운,2025-01-04,7333,3848,3485
테크노파크,2025-01-04,17591,8712,8879
지식정보단지,2025-01-04,4232,2164,2068
인천대입구,2025-01-04,9687,4762,4925
센트럴파크(재외동포청),2025-01-04,6141,3026,3115
국제업무지구,2025-01-04,2629,1400,1229
송도달빛축제공원,2025-01-04,7315,3701,3614
계양,2025-01-05,4011,1901,2110
귤현,2025-01-05,833,392,441
박촌,2025-01-05,3953,2066,1887
임학,2025-01-05,8345,4178,4167
계산,2025-01-05,10849,5412,5437
경인교대입구,2025-01-05,6523,3283,3240
작전,2025-01-05,14163,7224,6939
갈산,2025-01-05,6787,3422,3365
부평구청,2025-01-05,6495,3200,3295
부평시장,2025-01-05,13616,6663,6953
부평,2025-01-05,9161,4638,4523
동수,2025-01-05,4539,2308,2231
부평삼거리,2025-01-05,2728,1386,1342
간석오거리,2025-01-05,11171,5859,5312
인천시청,2025-01-05,5218,2642,2576
예술회관,2025-01-05,11184,5476,5708
인천터미널,2025-01-05,20836,10435,10401
문학경기장,2025-01-05,1199,604,595
선학,2025-01-05,7525,3801,3724
신연수,2025-01-05,4278,2174,2104
원인재,2025-01-05,2157,1120,1037
동춘,2025-01-05,11417,5675,5742
동막,2025-01-05,4163,2232,1931
캠퍼스타운,2025-01-05,5660,2835,2825
테크노파크,2025-01-05,14508,7123,7385
지식정보단지,2025-01-05,3023,1493,1530
인천대입구,2025-01-05,7713,3672,4041
센트럴파크(재외동포청),2025-01-05,4455,2198,2257
국제업무지구,2025-01-05,1869,1021,848
송도달빛축제공원,2025-01-05,5610,2731,2879
계양,2025-01-06,7598,3737,3861
귤현,2025-01-06,2094,830,1264
박촌,2025-01-06,7266,3763,3503
임학,2025-01-06,15548,7952,7596
계산,2025-01-06,17667,8944,8723
경인교대입구,2025-01-06,10173,5051,5122
작전,2025-01-06,28363,14283,14080
갈산,2025-01-06,18024,9164,8860
부평구청,2025-01-06,12839,6345,6494
부평시장,2025-01-06,26203,13027,13176
부평,2025-01-06,13637,6812,6825
동수,2025-01-06,8594,4322,4272
부평삼거리,2025-01-06,4444,2236,2208
간석오거리,2025-01-06,20453,10622,9831
인천시청,2025-01-06,10315,5209,5106
예술회관,2025-01-06,23205,11460,11745
인천터미널,2025-01-06,24300,12001,12299
문학경기장,2025-01-06,2286,1160,1126
선학,2025-01-06,11228,5622,5606
신연수,2025-01-06,10636,5350,5286
원인재,2025-01-06,5586,2962,2624
동춘,2025-01-06,20035,9855,10180
동막,2025-01-06,9730,5167,4563
캠퍼스타운,2025-01-06,11013,5350,5663
테크노파크,2025-01-06,21117,10699,10418
지식정보단지,2025-01-06,10404,5029,5375
인천대입구,2025-01-06,13639,6722,6917
센트럴파크(재외동포청),2025-01-06,7185,3651,3534
국제업무지구,2025-01-06,5589,2855,2734
송도달빛축제공원,2025-01-06,9615,4805,4810
계양,2025-01-07,7522,3718,3804
귤현,2025-01-07,2145,839,1306
박촌,2025-01-07,7317,3771,3546
임학,2025-01-07,15318,7718,7600
계산,2025-01-07,17662,8921,8741
경인교대입구,2025-01-07,9856,4903,4953
작전,2025-01-07,28484,14368,14116
갈산,2025-01-07,18024,9165,8859
부평구청,2025-01-07,12863,6302,6561
부평시장,2025-01-07,26053,12969,13084
부평,2025-01-07,13033,6668,6365
동수,2025-01-07,8441,4282,4159
부평삼거리,2025-01-07,4316,2190,2126
간석오거리,2025-01-07,20441,10568,9873
인천시청,2025-01-07,10760,5414,5346
예술회관,2025-01-07,22843,11221,11622
인천터미널,2025-01-07,23419,11634,11785
문학경기장,2025-01-07,2281,1162,1119
선학,2025-01-07,11266,5589,5677
신연수,2025-01-07,10330,5280,5050
원인재,2025-01-07,5487,2950,2537
동춘,2025-01-07,19915,9755,10160
동막,2025-01-07,10176,5447,4729
캠퍼스타운,2025-01-07,10892,5387,5505
테크노파크,2025-01-07,20713,10413,10300
지식정보단지,2025-01-07,10429,5060,5369
인천대입구,2025-01-07,13585,6729,6856
센트럴파크(재외동포청),2025-01-07,7170,3588,3582
국제업무지구,2025-01-07,5584,2882,2702
송도달빛축제공원,2025-01-07,9500,4708,4792
계양,2025-01-08,7507,3732,3775
귤현,2025-01-08,2052,807,1245
박촌,2025-01-08,7514,3901,3613
임학,2025-01-08,15181,7672,7509
계산,2025-01-08,17775,8934,8841
경인교대입구,2025-01-08,10056,5032,5024
작전,2025-01-08,28575,14498,14077
갈산,2025-01-08,18220,9257,8963
부평구청,2025-01-08,12808,6343,6465
부평시장,2025-01-08,25451,12647,12804
부평,2025-01-08,13745,6919,6826
동수,2025-01-08,8535,4285,4250
부평삼거리,2025-01-08,4341,2189,2152
간석오거리,2025-01-08,20405,10594,9811
인천시청,2025-01-08,10332,5197,5135
예술회관,2025-01-08,23116,11393,11723
인천터미널,2025-01-08,23776,11668,12108
문학경기장,2025-01-08,2266,1138,1128
선학,2025-01-08,11494,5754,5740
신연수,2025-01-08,10398,5370,5028
원인재,2025-01-08,5362,2864,2498
동춘,2025-01-08,20005,9801,10204
동막,2025-01-08,9717,5182,4535
캠퍼스타운,2025-01-08,10874,5308,5566
테크노파크,2025-01-08,21023,10579,10444
지식정보단지,2025-01-08,10435,5073,5362
인천대입구,2025-01-08,13667,6820,6847
센트럴파크(재외동포청),2025-01-08,6974,3545,3429
국제업무지구,2025-01-08,5555,2863,2692
송도달빛축제공원,2025-01-08,9328,4706,4622
계양,2025-01-09,6946,3455,3491
귤현,2025-01-09,1909,737,1172
박촌,2025-01-09,6561,3427,3134
임학,2025-01-09,14109,7080,7029
계산,2025-01-09,16462,8321,8141
경인교대입구,2025-01-09,9111,4560,4551
작전,2025-01-09,25609,12935,12674
갈산,2025-01-09,17099,8692,8407
부평구청,2025-01-09,12194,6065,6129
부평시장,2025-01-09,23527,11702,11825
부평,2025-01-09,12687,6488,6199
동수,2025-01-09,7933,4009,3924
부평삼거리,2025-01-09,3841,1937,1904
간석오거리,2025-01-09,18900,9730,9170
인천시청,2025-01-09,9896,5017,4879
예술회관,2025-01-09,20878,10358,10520
인천터미널,2025-01-09,21184,10331,10853
문학경기장,2025-01-09,2015,1040,975
선학,2025-01-09,10204,5094,5110
신연수,2025-01-09,9579,4897,4682
원인재,2025-01-09,4970,2678,2292
동춘,2025-01-09,18489,9053,9436
동막,2025-01-09,8992,4785,4207
캠퍼스타운,2025-01-09,9542,4709,4833
테크노파크,2025-01-09,19641,9988,9653
지식정보단지,2025-01-09,9583,4619,4964
인천대입구,2025-01-09,12751,6338,6413
센트럴파크(재외동포청),2025-01-09,6493,3235,3258
국제업무지구,2025-01-09,5241,2688,2553
송도달빛축제공원,2025-01-09,8451,4219,4232
계양,2025-01-10,7306,3629,3677
귤현,2025-01-10,2013,777,1236
박촌,2025-01-10,6759,3550,3209
임학,2025-01-10,15268,7708,7560
계산,2025-01-10,17361,8803,8558
경인교대입구,2025-01-10,9644,4808,4836
작전,2025-01-10,27273,13826,13447
갈산,2025-01-10,17503,8956,8547
부평구청,2025-01-10,12749,6318,6431
부평시장,2025-01-10,25407,12687,12720
부평,2025-01-10,14549,7122,7427
동수,2025-01-10,8254,4239,4015
부평삼거리,2025-01-10,4110,2087,2023
간석오거리,2025-01-10,19699,10247,9452
인천시청,2025-01-10,10379,5281,5098
예술회관,2025-01-10,22762,10931,11831
인천터미널,2025-01-10,25821,12466,13355
문학경기장,2025-01-10,2220,1127,1093
선학,2025-01-10,11094,5594,5500
신연수,2025-01-10,10111,5204,4907
원인재,2025-01-10,5305,2870,2435
동춘,2025-01-10,20187,9903,10284
동막,2025-01-10,9375,4980,4395
캠퍼스타운,2025-01-10,10423,5199,5224
테크노파크,2025-01-10,21608,10985,10623
지식정보단지,2025-01-10,9859,4836,5023
인천대입구,2025-01-10,13259,6631,6628
센트럴파크(재외동포청),2025-01-10,6987,3487,3500
국제업무지구,2025-01-10,5403,2776,2627
송도달빛축제공원,2025-01-10,9577,4862,4715
계양,2025-01-11,5497,2657,2840
귤현,2025-01-11,1305,611,694
박촌,2025-01-11,5084,2717,2367
임학,2025-01-11,11589,5929,5660
계산,2025-01-11,15606,7822,7784
경인교대입구,2025-01-11,8151,4010,4141
작전,2025-01-11,21486,11036,10450
갈산,2025-01-11,10020,5185,4835
부평구청,2025-01-11,9146,4485,4661
부평시장,2025-01-11,17960,8969,8991
부평,2025-01-11,13609,6674,6935
동수,2025-01-11,5635,2859,2776
부평삼거리,2025-01-11,3673,1822,1851
간석오거리,2025-01-11,14941,7773,7168
인천시청,2025-01-11,6959,3597,3362
예술회관,2025-01-11,16335,7802,8533
인천터미널,2025-01-11,25434,12483,12951
문학경기장,2025-01-11,2342,1151,1191
선학,2025-01-11,9483,4757,4726
신연수,2025-01-11,5797,2995,2802
원인재,2025-01-11,3249,1764,1485
동춘,2025-01-11,14377,7243,7134
동막,2025-01-11,5715,3039,2676
캠퍼스타운,2025-01-11,7375,3824,3551
테크노파크,2025-01-11,17351,8686,8665
지식정보단지,2025-01-11,4143,2130,2013
인천대입구,2025-01-11,9566,4692,4874
센트럴파크(재외동포청),2025-01-11,6220,3083,3137
국제업무지구,2025-01-11,2626,1424,1202
송도달빛축제공원,2025-01-11,7349,3713,3636
계양,2025-01-12,4055,1859,2196
귤현,2025-01-12,887,419,468
박촌,2025-01-12,3966,2045,1921
임학,2025-01-12,8388,4264,4124
계산,2025-01-12,11722,5752,5970
경인교대입구,2025-01-12,6696,3311,3385
작전,2025-01-12,14781,7518,7263
갈산,2025-01-12,6584,3350,3234
부평구청,2025-01-12,6357,3169,3188
부평시장,2025-01-12,13917,6930,6987
부평,2025-01-12,9530,4933,4597
동수,2025-01-12,4496,2275,2221
부평삼거리,2025-01-12,3101,1514,1587
간석오거리,2025-01-12,11280,5840,5440
인천시청,2025-01-12,5078,2559,2519
예술회관,2025-01-12,10997,5304,5693
인천터미널,2025-01-12,20381,10363,10018
문학경기장,2025-01-12,1109,541,568
선학,2025-01-12,7341,3599,3742
신연수,2025-01-12,4117,2125,1992
원인재,2025-01-12,2337,1250,1087
동춘,2025-01-12,8629,4294,4335
동막,2025-01-12,3927,2039,1888
캠퍼스타운,2025-01-12,5299,2624,2675
테크노파크,2025-01-12,14425,7189,7236
지식정보단지,2025-01-12,2874,1398,1476
인천대입구,2025-01-12,7112,3410,3702
센트럴파크(재외동포청),2025-01-12,3885,1897,1988
국제업무지구,2025-01-12,1643,877,766
송도달빛축제공원,2025-01-12,5854,2828,3026
계양,2025-01-13,7581,3749,3832
귤현,2025-01-13,2020,828,1192
박촌,2025-01-13,6963,3690,3273
임학,2025-01-13,15533,7861,7672
계산,2025-01-13,17628,8914,8714
경인교대입구,2025-01-13,9973,4961,5012
작전,2025-01-13,27964,14140,13824
갈산,2025-01-13,17979,9124,8855
부평구청,2025-01-13,12879,6334,6545
부평시장,2025-01-13,26400,13049,13351
부평,2025-01-13,13768,6917,6851
동수,2025-01-13,8616,4362,4254
부평삼거리,2025-01-13,4445,2241,2204
간석오거리,2025-01-13,20350,10564,9786
인천시청,2025-01-13,10094,5083,5011
예술회관,2025-01-13,23548,11671,11877
인천터미널,2025-01-13,23852,11717,12135
문학경기장,2025-01-13,2351,1193,1158
선학,2025-01-13,11032,5546,5486
신연수,2025-01-13,10641,5379,5262
원인재,2025-01-13,5471,2905,2566
동춘,2025-01-13,19833,9700,10133
동막,2025-01-13,9453,5033,4420
캠퍼스타운,2025-01-13,10651,5306,5345
테크노파크,2025-01-13,20428,10224,10204
지식정보단지,2025-01-13,10162,4919,5243
인천대입구,2025-01-13,12820,6437,6383
센트럴파크(재외동포청),2025-01-13,6985,3512,3473
국제업무지구,2025-01-13,5427,2803,2624
송도달빛축제공원,2025-01-13,9388,4728,4660
계양,2025-01-14,7908,3849,4059
귤현,2025-01-14,2208,924,1284
박촌,2025-01-14,7068,3670,3398
임학,2025-01-14,15740,7966,7774
계산,2025-01-14,17867,9033,8834
경인교대입구,2025-01-14,10060,4983,5077
작전,2025-01-14,28792,14595,14197
갈산,2025-01-14,18308,9252,9056
부평구청,2025-01-14,13561,6758,6803
부평시장,2025-01-14,26617,13323,13294
부평,2025-01-14,13882,6982,6900
동수,2025-01-14,9174,4625,4549
부평삼거리,2025-01-14,4548,2288,2260
간석오거리,2025-01-14,21128,10979,10149
인천시청,2025-01-14,10822,5434,5388
예술회관,2025-01-14,23776,11716,12060
인천터미널,2025-01-14,24672,12220,12452
문학경기장,2025-01-14,2531,1295,1236
선학,2025-01-14,11416,5660,5756
신연수,2025-01-14,10962,5650,5312
원인재,2025-01-14,5623,2992,2631
동춘,2025-01-14,20460,10078,10382
동막,2025-01-14,9745,5214,4531
캠퍼스타운,2025-01-14,10948,5394,5554
테크노파크,2025-01-14,21648,10851,10797
지식정보단지,2025-01-14,10533,5101,5432
인천대입구,2025-01-14,13493,6604,6889
센트럴파크(재외동포청),2025-01-14,7571,3807,3764
국제업무지구,2025-01-14,5715,2937,2778
송도달빛축제공원,2025-01-14,9980,5001,4979
계양,2025-01-15,7689,3850,3839
귤현,2025-01-15,2137,859,1278
박촌,2025-01-15,7034,3679,3355
임학,2025-01-15,15387,7734,7653
계산,2025-01-15,17965,9070,8895
경인교대입구,2025-01-15,10156,5088,5068
작전,2025-01-15,28374,14302,14072
갈산,2025-01-15,18415,9315,9100
부평구청,2025-01-15,13431,6658,6773
부평시장,2025-01-15,26295,13034,13261
부평,2025-01-15,13976,7085,6891
동수,2025-01-15,9029,4547,4482
부평삼거리,2025-01-15,4355,2203,2152
간석오거리,2025-01-15,20900,10771,10129
인천시청,2025-01-15,10637,5411,5226
예술회관,2025-01-15,23862,11740,12122
인천터미널,2025-01-15,24011,11828,12183
문학경기장,2025-01-15,2296,1145,1151
선학,2025-01-15,11601,5782,5819
신연수,2025-01-15,10747,5494,5253
원인재,2025-01-15,5570,2975,2595
동춘,2025-01-15,20412,9963,10449
동막,2025-01-15,9743,5208,4535
캠퍼스타운,2025-01-15,10900,5412,5488
테크노파크,2025-01-15,21518,10920,10598
지식정보단지,2025-01-15,10454,5094,5360
인천대입구,2025-01-15,14713,7376,7337
센트럴파크(재외동포청),2025-01-15,7385,3710,3675
국제업무지구,2025-01-15,5718,2922,2796
송도달빛축제공원,2025-01-15,9648,4877,4771
계양,2025-01-16,7644,3814,3830
귤현,2025-01-16,2141,831,1310
박촌,2025-01-16,7247,3765,3482
임학,2025-01-16,15768,7922,7846
계산,2025-01-16,18351,9214,9137
경인교대입구,2025-01-16,10288,5085,5203
작전,2025-01-16,28333,14338,13995
갈산,2025-01-16,18308,9268,9040
부평구청,2025-01-16,13243,6586,6657
부평시장,2025-01-16,26485,13214,13271
부평,2025-01-16,13680,6826,6854
동수,2025-01-16,8667,4434,4233
부평삼거리,2025-01-16,4605,2297,2308
간석오거리,2025-01-16,20517,10627,9890
인천시청,2025-01-16,10707,5361,5346
예술회관,2025-01-16,23658,11641,12017
인천터미널,2025-01-16,23900,11781,12119
문학경기장,2025-01-16,2390,1185,1205
선학,2025-01-16,11429,5746,5683
신연수,2025-01-16,10751,5487,5264
원인재,2025-01-16,5772,3077,2695
동춘,2025-01-16,20408,10054,10354
동막,2025-01-16,9635,5109,4526
캠퍼스타운,2025-01-16,10837,5388,5449
테크노파크,2025-01-16,20583,10293,10290
지식정보단지,2025-01-16,10125,4879,5246
인천대입구,2025-01-16,13282,6667,6615
센트럴파크(재외동포청),2025-01-16,7469,3776,3693
국제업무지구,2025-01-16,5711,2890,2821
송도달빛축제공원,2025-01-16,9513,4778,4735
계양,2025-01-17,7932,4050,3882
귤현,2025-01-17,2301,921,1380
박촌,2025-01-17,7364,3895,3469
임학,2025-01-17,16200,8230,7970
계산,2025-01-17,19039,9714,9325
경인교대입구,2025-01-17,10516,5243,5273
작전,2025-01-17,29824,15187,14637
갈산,2025-01-17,18698,9562,9136
부평구청,2025-01-17,14026,6962,7064
부평시장,2025-01-17,27427,13621,13806
부평,2025-01-17,15313,7414,7899
동수,2025-01-17,9085,4646,4439
부평삼거리,2025-01-17,4560,2290,2270
간석오거리,2025-01-17,21447,11128,10319
인천시청,2025-01-17,11085,5639,5446
예술회관,2025-01-17,25199,12195,13004
인천터미널,2025-01-17,27788,13586,14202
문학경기장,2025-01-17,2438,1277,1161
선학,2025-01-17,11981,6000,5981
신연수,2025-01-17,10938,5574,5364
원인재,2025-01-17,5858,3094,2764
동춘,2025-01-17,21726,10728,10998
동막,2025-01-17,9858,5317,4541
캠퍼스타운,2025-01-17,11418,5756,5662
테크노파크,2025-01-17,22232,11188,11044
지식정보단지,2025-01-17,10316,5038,5278
인천대입구,2025-01-17,14521,7296,7225
센트럴파크(재외동포청),2025-01-17,8267,4126,4141
국제업무지구,2025-01-17,5619,2867,2752
송도달빛축제공원,2025-01-17,10149,5157,4992
계양,2025-01-18,6034,2963,3071
귤현,2025-01-18,1452,661,791
박촌,2025-01-18,5422,2899,2523
임학,2025-01-18,12220,6261,5959
계산,2025-01-18,17437,8692,8745
경인교대입구,2025-01-18,8555,4272,4283
작전,2025-01-18,22986,11883,11103
갈산,2025-01-18,10491,5383,5108
부평구청,2025-01-18,9797,4810,4987
부평시장,2025-01-18,19706,9798,9908
부평,2025-01-18,14101,6830,7271
동수,2025-01-18,5875,2984,2891
부평삼거리,2025-01-18,4410,2177,2233
간석오거리,2025-01-18,16199,8405,7794
인천시청,2025-01-18,7812,4021,3791
예술회관,2025-01-18,16905,8098,8807
인천터미널,2025-01-18,26793,13254,13539
문학경기장,2025-01-18,2623,1288,1335
선학,2025-01-18,10243,5117,5126
신연수,2025-01-18,6480,3400,3080
원인재,2025-01-18,3484,1823,1661
동춘,2025-01-18,15540,7758,7782
동막,2025-01-18,6153,3279,2874
캠퍼스타운,2025-01-18,7863,4138,3725
테크노파크,2025-01-18,18013,9010,9003
지식정보단지,2025-01-18,4333,2180,2153
인천대입구,2025-01-18,12346,6129,6217
센트럴파크(재외동포청),2025-01-18,7471,3649,3822
국제업무지구,2025-01-18,2905,1540,1365
송도달빛축제공원,2025-01-18,8029,4010,4019
계양,2025-01-19,4422,2052,2370
귤현,2025-01-19,1007,470,537
박촌,2025-01-19,3852,2001,1851
임학,2025-01-19,8474,4301,4173
계산,2025-01-19,13108,6563,6545
경인교대입구,2025-01-19,6682,3307,3375
작전,2025-01-19,15091,7671,7420
갈산,2025-01-19,7077,3587,3490
부평구청,2025-01-19,6817,3291,3526
부평시장,2025-01-19,14757,7271,7486
부평,2025-01-19,9600,4959,4641
동수,2025-01-19,4509,2247,2262
부평삼거리,2025-01-19,3834,1870,1964
간석오거리,2025-01-19,11857,6159,5698
인천시청,2025-01-19,5423,2742,2681
예술회관,2025-01-19,11131,5459,5672
인천터미널,2025-01-19,20491,10284,10207
문학경기장,2025-01-19,1149,581,568
선학,2025-01-19,7784,3836,3948
신연수,2025-01-19,4353,2253,2100
원인재,2025-01-19,2484,1258,1226
동춘,2025-01-19,10951,5388,5563
동막,2025-01-19,4121,2163,1958
캠퍼스타운,2025-01-19,5527,2714,2813
테크노파크,2025-01-19,14476,7186,7290
지식정보단지,2025-01-19,2910,1425,1485
인천대입구,2025-01-19,9112,4448,4664
센트럴파크(재외동포청),2025-01-19,4406,2156,2250
국제업무지구,2025-01-19,1850,986,864
송도달빛축제공원,2025-01-19,6064,2966,3098
계양,2025-01-20,7689,3831,3858
귤현,2025-01-20,2224,879,1345
박촌,2025-01-20,7160,3762,3398
임학,2025-01-20,15872,7970,7902
계산,2025-01-20,18160,9195,8965
경인교대입구,2025-01-20,10052,5019,5033
작전,2025-01-20,29168,14812,14356
갈산,2025-01-20,18067,9181,8886
부평구청,2025-01-20,13637,6723,6914
부평시장,2025-01-20,26765,13338,13427
부평,2025-01-20,13831,6932,6899
동수,2025-01-20,9081,4600,4481
부평삼거리,2025-01-20,5024,2527,2497
간석오거리,2025-01-20,21041,10947,10094
인천시청,2025-01-20,10637,5306,5331
예술회관,2025-01-20,24153,11971,12182
인천터미널,2025-01-20,24392,12028,12364
문학경기장,2025-01-20,2237,1095,1142
선학,2025-01-20,11356,5681,5675
신연수,2025-01-20,10957,5626,5331
원인재,2025-01-20,5830,3056,2774
동춘,2025-01-20,20331,9963,10368
동막,2025-01-20,9861,5277,4584
캠퍼스타운,2025-01-20,11079,5484,5595
테크노파크,2025-01-20,20755,10415,10340
지식정보단지,2025-01-20,10251,4969,5282
인천대입구,2025-01-20,13372,6683,6689
센트럴파크(재외동포청),2025-01-20,7570,3791,3779
국제업무지구,2025-01-20,5804,2977,2827
송도달빛축제공원,2025-01-20,9959,4994,4965
계양,2025-01-21,7815,3869,3946
귤현,2025-01-21,2225,892,1333
박촌,2025-01-21,7142,3695,3447
임학,2025-01-21,15848,8029,7819
계산,2025-01-21,17511,8822,8689
경인교대입구,2025-01-21,10102,5092,5010
작전,2025-01-21,28955,14724,14231
갈산,2025-01-21,18351,9308,9043
부평구청,2025-01-21,13699,6740,6959
부평시장,2025-01-21,27277,13642,13635
부평,2025-01-21,13774,6841,6933
동수,2025-01-21,9077,4648,4429
부평삼거리,2025-01-21,4885,2453,2432
간석오거리,2025-01-21,21221,10989,10232
인천시청,2025-01-21,10864,5484,5380
예술회관,2025-01-21,23874,11794,12080
인천터미널,2025-01-21,24022,11821,12201
문학경기장,2025-01-21,2364,1215,1149
선학,2025-01-21,11628,5760,5868
신연수,2025-01-21,10837,5553,5284
원인재,2025-01-21,5761,3071,2690
동춘,2025-01-21,20709,10142,10567
동막,2025-01-21,10087,5342,4745
캠퍼스타운,2025-01-21,11178,5614,5564
테크노파크,2025-01-21,21167,10631,10536
지식정보단지,2025-01-21,10306,5025,5281
인천대입구,2025-01-21,13574,6695,6879
센트럴파크(재외동포청),2025-01-21,7756,3884,3872
국제업무지구,2025-01-21,5807,2990,2817
송도달빛축제공원,2025-01-21,9904,5055,4849
계양,2025-01-22,7922,3966,3956
귤현,2025-01-22,2177,849,1328
박촌,2025-01-22,7269,3811,3458
임학,2025-01-22,15818,7971,7847
계산,2025-01-22,18211,9281,8930
경인교대입구,2025-01-22,9994,4982,5012
작전,2025-01-22,29261,14804,14457
갈산,2025-01-22,18549,9414,9135
부평구청,2025-01-22,13655,6786,6869
부평시장,2025-01-22,27611,13718,13893
부평,2025-01-22,13874,6938,6936
동수,2025-01-22,9161,4680,4481
부평삼거리,2025-01-22,5058,2537,2521
간석오거리,2025-01-22,21055,10893,10162
인천시청,2025-01-22,11124,5553,5571
예술회관,2025-01-22,24498,11995,12503
인천터미널,2025-01-22,24398,12055,12343
문학경기장,2025-01-22,2332,1162,1170
선학,2025-01-22,11768,5854,5914
신연수,2025-01-22,10927,5631,5296
원인재,2025-01-22,5881,3146,2735
동춘,2025-01-22,20724,10181,10543
동막,2025-01-22,9954,5304,4650
캠퍼스타운,2025-01-22,11098,5567,5531
테크노파크,2025-01-22,21071,10548,10523
지식정보단지,2025-01-22,10203,4901,5302
인천대입구,2025-01-22,13445,6765,6680
센트럴파크(재외동포청),2025-01-22,7526,3738,3788
국제업무지구,2025-01-22,5737,2908,2829
송도달빛축제공원,2025-01-22,9833,4979,4854
계양,2025-01-23,7791,3854,3937
귤현,2025-01-23,2140,854,1286
박촌,2025-01-23,7227,3823,3404
임학,2025-01-23,15848,8062,7786
계산,2025-01-23,18264,9183,9081
경인교대입구,2025-01-23,10459,5218,5241
작전,2025-01-23,28882,14719,14163
갈산,2025-01-23,18465,9344,9121
부평구청,2025-01-23,13722,6788,6934
부평시장,2025-01-23,27662,13725,13937
부평,2025-01-23,13927,7010,6917
동수,2025-01-23,9081,4608,4473
부평삼거리,2025-01-23,5316,2696,2620
간석오거리,2025-01-23,21020,10932,10088
인천시청,2025-01-23,10780,5397,5383
예술회관,2025-01-23,23550,11585,11965
인천터미널,2025-01-23,24631,12128,12503
문학경기장,2025-01-23,2452,1240,1212
선학,2025-01-23,11593,5825,5768
신연수,2025-01-23,10925,5592,5333
원인재,2025-01-23,5750,3043,2707
동춘,2025-01-23,20904,10175,10729
동막,2025-01-23,9751,5189,4562
캠퍼스타운,2025-01-23,11169,5602,5567
테크노파크,2025-01-23,21228,10693,10535
지식정보단지,2025-01-23,10246,4909,5337
인천대입구,2025-01-23,13452,6643,6809
센트럴파크(재외동포청),2025-01-23,8167,4038,4129
국제업무지구,2025-01-23,5765,2961,2804
송도달빛축제공원,2025-01-23,9752,4949,4803
계양,2025-01-24,7796,3899,3897
귤현,2025-01-24,2233,907,1326
박촌,2025-01-24,7528,3997,3531
임학,2025-01-24,16522,8317,8205
계산,2025-01-24,19249,9802,9447
경인교대입구,2025-01-24,10813,5368,5445
작전,2025-01-24,30154,15333,14821
갈산,2025-01-24,18484,9509,8975
부평구청,2025-01-24,13939,6959,6980
부평시장,2025-01-24,28477,14132,14345
부평,2025-01-24,15508,7478,8030
동수,2025-01-24,9272,4765,4507
부평삼거리,2025-01-24,5723,2862,2861
간석오거리,2025-01-24,21647,11394,10253
인천시청,2025-01-24,11543,5816,5727
예술회관,2025-01-24,25386,12265,13121
인천터미널,2025-01-24,28778,13590,15188
문학경기장,2025-01-24,2580,1344,1236
선학,2025-01-24,12162,6218,5944
신연수,2025-01-24,10674,5464,5210
원인재,2025-01-24,5780,3114,2666
동춘,2025-01-24,21639,10542,11097
동막,2025-01-24,10353,5578,4775
캠퍼스타운,2025-01-24,11344,5663,5681
테크노파크,2025-01-24,21920,11002,10918
지식정보단지,2025-01-24,10231,5010,5221
인천대입구,2025-01-24,14084,7012,7072
센트럴파크(재외동포청),2025-01-24,7893,3953,3940
국제업무지구,2025-01-24,5624,2843,2781
송도달빛축제공원,2025-01-24,10111,5208,4903
계양,2025-01-25,5487,2669,2818
귤현,2025-01-25,1328,598,730
박촌,2025-01-25,5034,2660,2374
임학,2025-01-25,11733,5939,5794
계산,2025-01-25,14946,7491,7455
경인교대입구,2025-01-25,8336,4225,4111
작전,2025-01-25,21942,11359,10583
갈산,2025-01-25,8606,4530,4076
부평구청,2025-01-25,9255,4614,4641
부평시장,2025-01-25,19713,9714,9999
부평,2025-01-25,13375,6642,6733
동수,2025-01-25,5788,2998,2790
부평삼거리,2025-01-25,6712,3310,3402
간석오거리,2025-01-25,15513,8042,7471
인천시청,2025-01-25,6835,3517,3318
예술회관,2025-01-25,16446,7854,8592
인천터미널,2025-01-25,26406,12295,14111
문학경기장,2025-01-25,1554,801,753
선학,2025-01-25,9757,4912,4845
신연수,2025-01-25,6147,3176,2971
원인재,2025-01-25,3798,1929,1869
동춘,2025-01-25,15360,7651,7709
동막,2025-01-25,5843,3116,2727
캠퍼스타운,2025-01-25,7317,3793,3524
테크노파크,2025-01-25,15672,7825,7847
지식정보단지,2025-01-25,4334,2220,2114
인천대입구,2025-01-25,12077,5972,6105
센트럴파크(재외동포청),2025-01-25,6196,3114,3082
국제업무지구,2025-01-25,2481,1316,1165
송도달빛축제공원,2025-01-25,7550,3796,3754
계양,2025-01-26,4279,2038,2241
귤현,2025-01-26,957,435,522
박촌,2025-01-26,4030,2128,1902
임학,2025-01-26,9017,4542,4475
계산,2025-01-26,12200,6073,6127
경인교대입구,2025-01-26,7114,3579,3535
작전,2025-01-26,15275,7798,7477
갈산,2025-01-26,6216,3179,3037
부평구청,2025-01-26,6943,3488,3455
부평시장,2025-01-26,16359,8045,8314
부평,2025-01-26,10386,5302,5084
동수,2025-01-26,4713,2382,2331
부평삼거리,2025-01-26,7592,3744,3848
간석오거리,2025-01-26,11775,6189,5586
인천시청,2025-01-26,5092,2615,2477
예술회관,2025-01-26,11815,5616,6199
인천터미널,2025-01-26,22317,10477,11840
문학경기장,2025-01-26,1027,505,522
선학,2025-01-26,7721,3932,3789
신연수,2025-01-26,4434,2329,2105
원인재,2025-01-26,2374,1235,1139
동춘,2025-01-26,9838,4907,4931
동막,2025-01-26,4099,2163,1936
캠퍼스타운,2025-01-26,5244,2688,2556
테크노파크,2025-01-26,14262,7092,7170
지식정보단지,2025-01-26,2780,1416,1364
인천대입구,2025-01-26,6741,3358,3383
센트럴파크(재외동포청),2025-01-26,4028,2009,2019
국제업무지구,2025-01-26,1678,910,768
송도달빛축제공원,2025-01-26,5841,2916,2925
계양,2025-01-27,4084,1957,2127
귤현,2025-01-27,915,421,494
박촌,2025-01-27,4163,2227,1936
임학,2025-01-27,9183,4616,4567
계산,2025-01-27,11139,5688,5451
경인교대입구,2025-01-27,6494,3205,3289
작전,2025-01-27,15325,7837,7488
갈산,2025-01-27,7300,3773,3527
부평구청,2025-01-27,6931,3397,3534
부평시장,2025-01-27,16069,7954,8115
부평,2025-01-27,11212,5655,5557
동수,2025-01-27,5455,2785,2670
부평삼거리,2025-01-27,6095,3025,3070
간석오거리,2025-01-27,12070,6321,5749
인천시청,2025-01-27,5210,2696,2514
예술회관,2025-01-27,13607,6550,7057
인천터미널,2025-01-27,23344,10873,12471
문학경기장,2025-01-27,984,487,497
선학,2025-01-27,7545,3758,3787
신연수,2025-01-27,5024,2615,2409
원인재,2025-01-27,2397,1278,1119
동춘,2025-01-27,13643,6730,6913
동막,2025-01-27,4432,2335,2097
캠퍼스타운,2025-01-27,5574,2899,2675
테크노파크,2025-01-27,14285,7199,7086
지식정보단지,2025-01-27,3047,1524,1523
인천대입구,2025-01-27,7120,3552,3568
센트럴파크(재외동포청),2025-01-27,4839,2470,2369
국제업무지구,2025-01-27,2116,1102,1014
송도달빛축제공원,2025-01-27,5524,2769,2755
계양,2025-01-28,3158,1448,1710
귤현,2025-01-28,676,294,382
박촌,2025-01-28,3085,1625,1460
임학,2025-01-28,6760,3386,3374
계산,2025-01-28,8539,4357,4182
경인교대입구,2025-01-28,4853,2422,2431
작전,2025-01-28,11233,5626,5607
갈산,2025-01-28,4513,2336,2177
부평구청,2025-01-28,5069,2482,2587
부평시장,2025-01-28,11186,5522,5664
부평,2025-01-28,7399,3730,3669
동수,2025-01-28,3882,1960,1922
부평삼거리,2025-01-28,6878,3435,3443
간석오거리,2025-01-28,9046,4808,4238
인천시청,2025-01-28,3773,1929,1844
예술회관,2025-01-28,9197,4573,4624
인천터미널,2025-01-28,15121,6713,8408
문학경기장,2025-01-28,730,373,357
선학,2025-01-28,6127,3067,3060
신연수,2025-01-28,3837,1983,1854
원인재,2025-01-28,1799,945,854
동춘,2025-01-28,11045,5413,5632
동막,2025-01-28,3397,1833,1564
캠퍼스타운,2025-01-28,4251,2179,2072
테크노파크,2025-01-28,12536,6308,6228
지식정보단지,2025-01-28,2297,1182,1115
인천대입구,2025-01-28,5157,2681,2476
센트럴파크(재외동포청),2025-01-28,3719,1879,1840
국제업무지구,2025-01-28,1615,884,731
송도달빛축제공원,2025-01-28,4064,2062,2002
계양,2025-01-29,3013,1375,1638
귤현,2025-01-29,736,369,367
박촌,2025-01-29,2895,1481,1414
임학,2025-01-29,6129,3075,3054
계산,2025-01-29,8225,4139,4086
경인교대입구,2025-01-29,4781,2335,2446
작전,2025-01-29,10988,5587,5401
갈산,2025-01-29,4486,2263,2223
부평구청,2025-01-29,5916,3023,2893
부평시장,2025-01-29,8806,4361,4445
부평,2025-01-29,5956,2846,3110
동수,2025-01-29,3668,1841,1827
부평삼거리,2025-01-29,16073,8147,7926
간석오거리,2025-01-29,8908,4581,4327
인천시청,2025-01-29,3702,1871,1831
예술회관,2025-01-29,7902,3794,4108
인천터미널,2025-01-29,12862,6995,5867
문학경기장,2025-01-29,647,342,305
선학,2025-01-29,5435,2736,2699
신연수,2025-01-29,3398,1764,1634
원인재,2025-01-29,1799,940,859
동춘,2025-01-29,8594,4195,4399
동막,2025-01-29,2675,1437,1238
캠퍼스타운,2025-01-29,3202,1601,1601
테크노파크,2025-01-29,9810,4926,4884
지식정보단지,2025-01-29,1753,879,874
인천대입구,2025-01-29,4186,1940,2246
센트럴파크(재외동포청),2025-01-29,2518,1272,1246
국제업무지구,2025-01-29,1068,568,500
송도달빛축제공원,2025-01-29,3387,1651,1736
계양,2025-01-30,3372,1559,1813
귤현,2025-01-30,772,375,397
박촌,2025-01-30,3097,1602,1495
임학,2025-01-30,6880,3491,3389
계산,2025-01-30,9542,4806,4736
경인교대입구,2025-01-30,4930,2426,2504
작전,2025-01-30,11595,5947,5648
갈산,2025-01-30,4769,2436,2333
부평구청,2025-01-30,5468,2678,2790
부평시장,2025-01-30,10585,5219,5366
부평,2025-01-30,8579,4378,4201
동수,2025-01-30,3522,1787,1735
부평삼거리,2025-01-30,4627,2323,2304
간석오거리,2025-01-30,10062,5191,4871
인천시청,2025-01-30,4081,2112,1969
예술회관,2025-01-30,9732,4585,5147
인천터미널,2025-01-30,20455,11182,9273
문학경기장,2025-01-30,823,411,412
선학,2025-01-30,5779,2895,2884
신연수,2025-01-30,3515,1839,1676
원인재,2025-01-30,1875,998,877
동춘,2025-01-30,10005,4986,5019
동막,2025-01-30,3265,1750,1515
캠퍼스타운,2025-01-30,4293,2165,2128
테크노파크,2025-01-30,13472,6712,6760
지식정보단지,2025-01-30,2329,1136,1193
인천대입구,2025-01-30,5725,2698,3027
센트럴파크(재외동포청),2025-01-30,3474,1686,1788
국제업무지구,2025-01-30,1484,782,702
송도달빛축제공원,2025-01-30,4737,2363,2374
계양,2025-01-31,6497,3261,3236
귤현,2025-01-31,1726,673,1053
박촌,2025-01-31,6243,3316,2927
임학,2025-01-31,13991,7056,6935
계산,2025-01-31,16326,8237,8089
경인교대입구,2025-01-31,9048,4456,4592
작전,2025-01-31,25273,12888,12385
갈산,2025-01-31,12902,6570,6332
부평구청,2025-01-31,11259,5539,5720
부평시장,2025-01-31,23164,11626,11538
부평,2025-01-31,14366,7072,7294
동수,2025-01-31,8018,4100,3918
부평삼거리,2025-01-31,4209,2142,2067
간석오거리,2025-01-31,17818,9226,8592
인천시청,2025-01-31,9152,4616,4536
예술회관,2025-01-31,21989,10562,11427
인천터미널,2025-01-31,25933,13072,12861
문학경기장,2025-01-31,1808,912,896
선학,2025-01-31,9759,4909,4850
신연수,2025-01-31,7848,4043,3805
원인재,2025-01-31,4169,2146,2023
동춘,2025-01-31,15873,7910,7963
동막,2025-01-31,7559,4105,3454
캠퍼스타운,2025-01-31,9264,4612,4652
테크노파크,2025-01-31,18883,9544,9339
지식정보단지,2025-01-31,6758,3363,3395
인천대입구,2025-01-31,11444,5630,5814
센트럴파크(재외동포청),2025-01-31,6173,3123,3050
국제업무지구,2025-01-31,4519,2335,2184
송도달빛축제공원,2025-01-31,8218,4160,4058
계양,2025-02-01,5045,2420,2625
귤현,2025-02-01,1235,590,645
박촌,2025-02-01,4851,2601,2250
임학,2025-02-01,10830,5534,5296
계산,2025-02-01,14725,7309,7416
경인교대입구,2025-02-01,7892,3954,3938
작전,2025-02-01,20577,10644,9933
갈산,2025-02-01,7814,4080,3734
부평구청,2025-02-01,8765,4261,4504
부평시장,2025-02-01,17199,8538,8661
부평,2025-02-01,13829,6758,7071
동수,2025-02-01,5352,2750,2602
부평삼거리,2025-02-01,4177,2129,2048
간석오거리,2025-02-01,14741,7554,7187
인천시청,2025-02-01,6287,3258,3029
예술회관,2025-02-01,16008,7573,8435
인천터미널,2025-02-01,24486,12229,12257
문학경기장,2025-02-01,1432,703,729
선학,2025-02-01,8882,4460,4422
신연수,2025-02-01,5432,2794,2638
원인재,2025-02-01,3087,1638,1449
동춘,2025-02-01,14153,7112,7041
동막,2025-02-01,5250,2780,2470
캠퍼스타운,2025-02-01,6887,3565,3322
테크노파크,2025-02-01,16641,8350,8291
지식정보단지,2025-02-01,3621,1849,1772
인천대입구,2025-02-01,9086,4509,4577
센트럴파크(재외동포청),2025-02-01,5416,2629,2787
국제업무지구,2025-02-01,2460,1332,1128
송도달빛축제공원,2025-02-01,7298,3667,3631
계양,2025-02-02,4163,1878,2285
귤현,2025-02-02,982,444,538
박촌,2025-02-02,3789,1969,1820
임학,2025-02-02,8179,4111,4068
계산,2025-02-02,11731,5843,5888
경인교대입구,2025-02-02,6456,3293,3163
작전,2025-02-02,14323,7278,7045
갈산,2025-02-02,5619,2817,2802
부평구청,2025-02-02,6415,3132,3283
부평시장,2025-02-02,13812,6891,6921
부평,2025-02-02,9799,5083,4716
동수,2025-02-02,4521,2286,2235
부평삼거리,2025-02-02,3690,1829,1861
간석오거리,2025-02-02,11666,6080,5586
인천시청,2025-02-02,5024,2615,2409
예술회관,2025-02-02,11261,5442,5819
인천터미널,2025-02-02,19720,10058,9662
문학경기장,2025-02-02,1086,517,569
선학,2025-02-02,7161,3499,3662
신연수,2025-02-02,4269,2165,2104
원인재,2025-02-02,2129,1131,998
동춘,2025-02-02,10805,5397,5408
동막,2025-02-02,3807,1958,1849
캠퍼스타운,2025-02-02,5256,2645,2611
테크노파크,2025-02-02,13619,6792,6827
지식정보단지,2025-02-02,2773,1344,1429
인천대입구,2025-02-02,6734,3180,3554
센트럴파크(재외동포청),2025-02-02,4123,2024,2099
국제업무지구,2025-02-02,1734,897,837
송도달빛축제공원,2025-02-02,5721,2746,2975
계양,2025-02-03,7596,3745,3851
귤현,2025-02-03,2058,823,1235
박촌,2025-02-03,7321,3832,3489
임학,2025-02-03,15449,7790,7659
계산,2025-02-03,17889,9070,8819
경인교대입구,2025-02-03,9935,4887,5048
작전,2025-02-03,28072,14184,13888
갈산,2025-02-03,17936,9089,8847
부평구청,2025-02-03,12966,6448,6518
부평시장,2025-02-03,25478,12717,12761
부평,2025-02-03,14042,7036,7006
동수,2025-02-03,8917,4483,4434
부평삼거리,2025-02-03,4446,2238,2208
간석오거리,2025-02-03,20417,10493,9924
인천시청,2025-02-03,10210,5058,5152
예술회관,2025-02-03,23378,11571,11807
인천터미널,2025-02-03,23362,11623,11739
문학경기장,2025-02-03,2163,1057,1106
선학,2025-02-03,11057,5503,5554
신연수,2025-02-03,10451,5355,5096
원인재,2025-02-03,5243,2791,2452
동춘,2025-02-03,19708,9731,9977
동막,2025-02-03,9664,5149,4515
캠퍼스타운,2025-02-03,11001,5439,5562
테크노파크,2025-02-03,20607,10275,10332
지식정보단지,2025-02-03,10331,4994,5337
인천대입구,2025-02-03,12728,6319,6409
센트럴파크(재외동포청),2025-02-03,6889,3519,3370
국제업무지구,2025-02-03,5553,2849,2704
송도달빛축제공원,2025-02-03,9292,4646,4646
계양,2025-02-04,7005,3373,3632
귤현,2025-02-04,1964,756,1208
박촌,2025-02-04,7068,3708,3360
임학,2025-02-04,14574,7337,7237
계산,2025-02-04,16758,8573,8185
경인교대입구,2025-02-04,9418,4713,4705
작전,2025-02-04,26614,13369,13245
갈산,2025-02-04,17429,8842,8587
부평구청,2025-02-04,12345,6128,6217
부평시장,2025-02-04,23909,11907,12002
부평,2025-02-04,13128,6535,6593
동수,2025-02-04,8823,4472,4351
부평삼거리,2025-02-04,3908,1955,1953
간석오거리,2025-02-04,19660,10124,9536
인천시청,2025-02-04,10461,5272,5189
예술회관,2025-02-04,22357,11081,11276
인천터미널,2025-02-04,21774,10751,11023
문학경기장,2025-02-04,2164,1096,1068
선학,2025-02-04,10320,5135,5185
신연수,2025-02-04,10076,5175,4901
원인재,2025-02-04,5103,2751,2352
동춘,2025-02-04,19041,9290,9751
동막,2025-02-04,9095,4832,4263
캠퍼스타운,2025-02-04,10103,5017,5086
테크노파크,2025-02-04,19631,9838,9793
지식정보단지,2025-02-04,9796,4791,5005
인천대입구,2025-02-04,12075,6024,6051
센트럴파크(재외동포청),2025-02-04,6554,3334,3220
국제업무지구,2025-02-04,5560,2830,2730
송도달빛축제공원,2025-02-04,8553,4231,4322
계양,2025-02-05,7282,3593,3689
귤현,2025-02-05,1974,786,1188
박촌,2025-02-05,7270,3798,3472
임학,2025-02-05,15113,7608,7505
계산,2025-02-05,17208,8707,8501
경인교대입구,2025-02-05,9449,4672,4777
작전,2025-02-05,27383,13872,13511
갈산,2025-02-05,17729,9052,8677
부평구청,2025-02-05,12351,6044,6307
부평시장,2025-02-05,24561,12314,12247
부평,2025-02-05,13525,6826,6699
동수,2025-02-05,8975,4538,4437
부평삼거리,2025-02-05,4459,2262,2197
간석오거리,2025-02-05,20038,10330,9708
인천시청,2025-02-05,10619,5356,5263
예술회관,2025-02-05,22760,11212,11548
인천터미널,2025-02-05,22468,11100,11368
문학경기장,2025-02-05,2058,1039,1019
선학,2025-02-05,10662,5318,5344
신연수,2025-02-05,10255,5253,5002
원인재,2025-02-05,5343,2850,2493
동춘,2025-02-05,19458,9622,9836
동막,2025-02-05,9537,5097,4440
캠퍼스타운,2025-02-05,10216,5093,5123
테크노파크,2025-02-05,20092,10051,10041
지식정보단지,2025-02-05,9941,4837,5104
인천대입구,2025-02-05,12797,6351,6446
센트럴파크(재외동포청),2025-02-05,6698,3361,3337
국제업무지구,2025-02-05,5414,2774,2640
송도달빛축제공원,2025-02-05,8963,4490,4473
계양,2025-02-06,7420,3620,3800
귤현,2025-02-06,2076,844,1232
박촌,2025-02-06,7195,3748,3447
임학,2025-02-06,15363,7708,7655
계산,2025-02-06,18122,9128,8994
경인교대입구,2025-02-06,9814,4837,4977
작전,2025-02-06,27975,14148,13827
갈산,2025-02-06,17833,9065,8768
부평구청,2025-02-06,12890,6314,6576
부평시장,2025-02-06,24800,12273,12527
부평,2025-02-06,13672,6840,6832
동수,2025-02-06,9186,4598,4588
부평삼거리,2025-02-06,4413,2234,2179
간석오거리,2025-02-06,20498,10548,9950
인천시청,2025-02-06,10430,5261,5169
예술회관,2025-02-06,22811,11304,11507
인천터미널,2025-02-06,23107,11495,11612
문학경기장,2025-02-06,2163,1081,1082
선학,2025-02-06,11207,5548,5659
신연수,2025-02-06,10499,5367,5132
원인재,2025-02-06,5386,2890,2496
동춘,2025-02-06,19768,9725,10043
동막,2025-02-06,9583,5114,4469
캠퍼스타운,2025-02-06,10505,5161,5344
테크노파크,2025-02-06,20653,10335,10318
지식정보단지,2025-02-06,9979,4833,5146
인천대입구,2025-02-06,12947,6427,6520
센트럴파크(재외동포청),2025-02-06,7171,3612,3559
국제업무지구,2025-02-06,5492,2795,2697
송도달빛축제공원,2025-02-06,9156,4512,4644
계양,2025-02-07,7870,3952,3918
귤현,2025-02-07,2175,852,1323
박촌,2025-02-07,7295,3872,3423
임학,2025-02-07,16175,8217,7958
계산,2025-02-07,19185,9797,9388
경인교대입구,2025-02-07,10340,5130,5210
작전,2025-02-07,29261,14898,14363
갈산,2025-02-07,18510,9369,9141
부평구청,2025-02-07,13528,6707,6821
부평시장,2025-02-07,26148,13069,13079
부평,2025-02-07,15308,7522,7786
동수,2025-02-07,9335,4799,4536
부평삼거리,2025-02-07,4504,2299,2205
간석오거리,2025-02-07,20855,10885,9970
인천시청,2025-02-07,10950,5505,5445
예술회관,2025-02-07,25205,12322,12883
인천터미널,2025-02-07,26563,12900,13663
문학경기장,2025-02-07,2137,1136,1001
선학,2025-02-07,11649,5841,5808
신연수,2025-02-07,10838,5558,5280
원인재,2025-02-07,5943,3154,2789
동춘,2025-02-07,21001,10236,10765
동막,2025-02-07,10376,5600,4776
캠퍼스타운,2025-02-07,10977,5464,5513
테크노파크,2025-02-07,22217,11093,11124
지식정보단지,2025-02-07,10528,5144,5384
인천대입구,2025-02-07,13639,6767,6872
센트럴파크(재외동포청),2025-02-07,7327,3646,3681
국제업무지구,2025-02-07,5796,2958,2838
송도달빛축제공원,2025-02-07,9598,4910,4688
계양,2025-02-08,5434,2581,2853
귤현,2025-02-08,1448,671,777
박촌,2025-02-08,5039,2675,2364
임학,2025-02-08,11130,5666,5464
계산,2025-02-08,15426,7783,7643
경인교대입구,2025-02-08,8141,4085,4056
작전,2025-02-08,21555,11087,10468
갈산,2025-02-08,10367,5293,5074
부평구청,2025-02-08,9161,4517,4644
부평시장,2025-02-08,17743,8790,8953
부평,2025-02-08,14141,6888,7253
동수,2025-02-08,5572,2803,2769
부평삼거리,2025-02-08,3420,1681,1739
간석오거리,2025-02-08,15213,7817,7396
인천시청,2025-02-08,6357,3313,3044
예술회관,2025-02-08,16605,7899,8706
인천터미널,2025-02-08,24670,12060,12610
문학경기장,2025-02-08,2167,1068,1099
선학,2025-02-08,9143,4592,4551
신연수,2025-02-08,5723,2992,2731
원인재,2025-02-08,3217,1729,1488
동춘,2025-02-08,14529,7228,7301
동막,2025-02-08,5615,3033,2582
캠퍼스타운,2025-02-08,7155,3789,3366
테크노파크,2025-02-08,17979,9005,8974
지식정보단지,2025-02-08,4107,2103,2004
인천대입구,2025-02-08,9619,4793,4826
센트럴파크(재외동포청),2025-02-08,5567,2703,2864
국제업무지구,2025-02-08,2791,1481,1310
송도달빛축제공원,2025-02-08,7215,3655,3560
계양,2025-02-09,4044,1841,2203
귤현,2025-02-09,970,448,522
박촌,2025-02-09,4029,2096,1933
임학,2025-02-09,8242,4125,4117
계산,2025-02-09,11567,5761,5806
경인교대입구,2025-02-09,6501,3238,3263
작전,2025-02-09,14859,7580,7279
갈산,2025-02-09,6572,3329,3243
부평구청,2025-02-09,6526,3189,3337
부평시장,2025-02-09,14001,6889,7112
부평,2025-02-09,9906,5097,4809
동수,2025-02-09,4449,2247,2202
부평삼거리,2025-02-09,2867,1454,1413
간석오거리,2025-02-09,11506,5922,5584
인천시청,2025-02-09,5037,2521,2516
예술회관,2025-02-09,11039,5419,5620
인천터미널,2025-02-09,19929,10070,9859
문학경기장,2025-02-09,1053,508,545
선학,2025-02-09,7461,3701,3760
신연수,2025-02-09,4072,2094,1978
원인재,2025-02-09,2399,1251,1148
동춘,2025-02-09,8563,4298,4265
동막,2025-02-09,3820,1987,1833
캠퍼스타운,2025-02-09,5350,2654,2696
테크노파크,2025-02-09,14375,7148,7227
지식정보단지,2025-02-09,2922,1423,1499
인천대입구,2025-02-09,6969,3387,3582
센트럴파크(재외동포청),2025-02-09,3722,1840,1882
국제업무지구,2025-02-09,1765,943,822
송도달빛축제공원,2025-02-09,5500,2628,2872
계양,2025-02-10,7506,3706,3800
귤현,2025-02-10,2100,818,1282
박촌,2025-02-10,6913,3630,3283
임학,2025-02-10,15731,7942,7789
계산,2025-02-10,17750,8941,8809
경인교대입구,2025-02-10,10064,5017,5047
작전,2025-02-10,28331,14350,13981
갈산,2025-02-10,18012,9129,8883
부평구청,2025-02-10,13203,6455,6748
부평시장,2025-02-10,25872,12928,12944
부평,2025-02-10,14006,7073,6933
동수,2025-02-10,9080,4657,4423
부평삼거리,2025-02-10,4262,2173,2089
간석오거리,2025-02-10,20610,10692,9918
인천시청,2025-02-10,10414,5226,5188
예술회관,2025-02-10,23251,11531,11720
인천터미널,2025-02-10,23915,11776,12139
문학경기장,2025-02-10,2124,1057,1067
선학,2025-02-10,11399,5707,5692
신연수,2025-02-10,10654,5404,5250
원인재,2025-02-10,5535,2940,2595
동춘,2025-02-10,20773,10247,10526
동막,2025-02-10,9601,5119,4482
캠퍼스타운,2025-02-10,10752,5311,5441
테크노파크,2025-02-10,20841,10492,10349
지식정보단지,2025-02-10,10074,4860,5214
인천대입구,2025-02-10,13245,6551,6694
센트럴파크(재외동포청),2025-02-10,7138,3653,3485
국제업무지구,2025-02-10,5604,2899,2705
송도달빛축제공원,2025-02-10,9621,4863,4758
계양,2025-02-11,7795,3862,3933
귤현,2025-02-11,2174,858,1316
박촌,2025-02-11,7395,3925,3470
임학,2025-02-11,16001,8123,7878
계산,2025-02-11,18310,9178,9132
경인교대입구,2025-02-11,10144,5032,5112
작전,2025-02-11,29176,14760,14416
갈산,2025-02-11,18247,9276,8971
부평구청,2025-02-11,13236,6563,6673
부평시장,2025-02-11,26750,13302,13448
부평,2025-02-11,13797,6869,6928
동수,2025-02-11,9464,4774,4690
부평삼거리,2025-02-11,4617,2302,2315
간석오거리,2025-02-11,21001,10899,10102
인천시청,2025-02-11,11076,5599,5477
예술회관,2025-02-11,23086,11344,11742
인천터미널,2025-02-11,24275,11990,12285
문학경기장,2025-02-11,2265,1142,1123
선학,2025-02-11,11435,5702,5733
신연수,2025-02-11,10830,5515,5315
원인재,2025-02-11,5665,3027,2638
동춘,2025-02-11,21265,10431,10834
동막,2025-02-11,9868,5326,4542
캠퍼스타운,2025-02-11,11081,5494,5587
테크노파크,2025-02-11,21370,10680,10690
지식정보단지,2025-02-11,10431,5084,5347
인천대입구,2025-02-11,13414,6705,6709
센트럴파크(재외동포청),2025-02-11,7460,3760,3700
국제업무지구,2025-02-11,5678,2890,2788
송도달빛축제공원,2025-02-11,9914,4987,4927
계양,2025-02-12,7754,3806,3948
귤현,2025-02-12,2215,890,1325
박촌,2025-02-12,7226,3765,3461
임학,2025-02-12,15839,7975,7864
계산,2025-02-12,17978,9101,8877
경인교대입구,2025-02-12,10005,5007,4998
작전,2025-02-12,28961,14660,14301
갈산,2025-02-12,18557,9425,9132
부평구청,2025-02-12,13320,6631,6689
부평시장,2025-02-12,25736,12903,12833
부평,2025-02-12,13987,7040,6947
동수,2025-02-12,9529,4859,4670
부평삼거리,2025-02-12,4395,2191,2204
간석오거리,2025-02-12,20754,10826,9928
인천시청,2025-02-12,11512,5810,5702
예술회관,2025-02-12,24295,11861,12434
인천터미널,2025-02-12,24337,11981,12356
문학경기장,2025-02-12,2716,1390,1326
선학,2025-02-12,11448,5745,5703
신연수,2025-02-12,10851,5570,5281
원인재,2025-02-12,5640,3045,2595
동춘,2025-02-12,20996,10309,10687
동막,2025-02-12,10131,5494,4637
캠퍼스타운,2025-02-12,11343,5606,5737
테크노파크,2025-02-12,22273,11149,11124
지식정보단지,2025-02-12,10840,5242,5598
인천대입구,2025-02-12,14486,7180,7306
센트럴파크(재외동포청),2025-02-12,7501,3797,3704
국제업무지구,2025-02-12,6072,3084,2988
송도달빛축제공원,2025-02-12,10026,5067,4959
계양,2025-02-13,8233,4069,4164
귤현,2025-02-13,2246,898,1348
박촌,2025-02-13,7535,3946,3589
임학,2025-02-13,16271,8196,8075
계산,2025-02-13,17974,9037,8937
경인교대입구,2025-02-13,10328,5171,5157
작전,2025-02-13,29288,14836,14452
갈산,2025-02-13,18610,9481,9129
부평구청,2025-02-13,13522,6652,6870
부평시장,2025-02-13,26436,13283,13153
부평,2025-02-13,14290,7154,7136
동수,2025-02-13,9239,4694,4545
부평삼거리,2025-02-13,4670,2348,2322
간석오거리,2025-02-13,21306,11042,10264
인천시청,2025-02-13,11155,5609,5546
예술회관,2025-02-13,23728,11733,11995
인천터미널,2025-02-13,25692,12602,13090
문학경기장,2025-02-13,2407,1228,1179
선학,2025-02-13,12106,6023,6083
신연수,2025-02-13,10946,5568,5378
원인재,2025-02-13,5634,3043,2591
동춘,2025-02-13,21451,10518,10933
동막,2025-02-13,10182,5427,4755
캠퍼스타운,2025-02-13,11423,5681,5742
테크노파크,2025-02-13,22230,11040,11190
지식정보단지,2025-02-13,10485,5103,5382
인천대입구,2025-02-13,14338,7206,7132
센트럴파크(재외동포청),2025-02-13,7731,3881,3850
국제업무지구,2025-02-13,5842,2982,2860
송도달빛축제공원,2025-02-13,9904,4979,4925
계양,2025-02-14,8187,4131,4056
귤현,2025-02-14,2316,936,1380
박촌,2025-02-14,7684,4040,3644
임학,2025-02-14,16913,8563,8350
계산,2025-02-14,19338,9865,9473
경인교대입구,2025-02-14,10751,5256,5495
작전,2025-02-14,30469,15560,14909
갈산,2025-02-14,18725,9590,9135
부평구청,2025-02-14,13858,6844,7014
부평시장,2025-02-14,27287,13593,13694
부평,2025-02-14,15503,7600,7903
동수,2025-02-14,9725,4996,4729
부평삼거리,2025-02-14,4944,2534,2410
간석오거리,2025-02-14,21550,11183,10367
인천시청,2025-02-14,11668,5944,5724
예술회관,2025-02-14,25710,12602,13108
인천터미널,2025-02-14,29875,14535,15340
문학경기장,2025-02-14,2443,1214,1229
선학,2025-02-14,12491,6249,6242
신연수,2025-02-14,10919,5570,5349
원인재,2025-02-14,5849,3149,2700
동춘,2025-02-14,22357,10894,11463
동막,2025-02-14,10419,5599,4820
캠퍼스타운,2025-02-14,11765,5908,5857
테크노파크,2025-02-14,23108,11588,11520
지식정보단지,2025-02-14,10481,5155,5326
인천대입구,2025-02-14,14894,7413,7481
센트럴파크(재외동포청),2025-02-14,8242,4127,4115
국제업무지구,2025-02-14,5798,2975,2823
송도달빛축제공원,2025-02-14,10499,5301,5198
계양,2025-02-15,6215,3005,3210
귤현,2025-02-15,1509,713,796
박촌,2025-02-15,5586,2934,2652
임학,2025-02-15,12731,6465,6266
계산,2025-02-15,17203,8575,8628
경인교대입구,2025-02-15,8883,4506,4377
작전,2025-02-15,23693,12234,11459
갈산,2025-02-15,10781,5548,5233
부평구청,2025-02-15,10157,5003,5154
부평시장,2025-02-15,19434,9671,9763
부평,2025-02-15,15089,7312,7777
동수,2025-02-15,6212,3108,3104
부평삼거리,2025-02-15,4170,2080,2090
간석오거리,2025-02-15,16634,8677,7957
인천시청,2025-02-15,7843,4034,3809
예술회관,2025-02-15,18224,8643,9581
인천터미널,2025-02-15,27686,13569,14117
문학경기장,2025-02-15,2730,1366,1364
선학,2025-02-15,10411,5181,5230
신연수,2025-02-15,6354,3393,2961
원인재,2025-02-15,4002,2107,1895
동춘,2025-02-15,15774,7873,7901
동막,2025-02-15,6200,3317,2883
캠퍼스타운,2025-02-15,8279,4367,3912
테크노파크,2025-02-15,18700,9215,9485
지식정보단지,2025-02-15,4591,2330,2261
인천대입구,2025-02-15,10859,5390,5469
센트럴파크(재외동포청),2025-02-15,7513,3751,3762
국제업무지구,2025-02-15,2994,1576,1418
송도달빛축제공원,2025-02-15,8187,4172,4015
계양,2025-02-16,4456,2025,2431
귤현,2025-02-16,1028,464,564
박촌,2025-02-16,4112,2111,2001
임학,2025-02-16,9031,4570,4461
계산,2025-02-16,13388,6551,6837
경인교대입구,2025-02-16,7248,3684,3564
작전,2025-02-16,15929,8122,7807
갈산,2025-02-16,7659,3934,3725
부평구청,2025-02-16,6981,3464,3517
부평시장,2025-02-16,14906,7344,7562
부평,2025-02-16,10178,5248,4930
동수,2025-02-16,4878,2474,2404
부평삼거리,2025-02-16,3283,1623,1660
간석오거리,2025-02-16,12124,6320,5804
인천시청,2025-02-16,5531,2841,2690
예술회관,2025-02-16,11858,5794,6064
인천터미널,2025-02-16,21621,11051,10570
문학경기장,2025-02-16,1419,701,718
선학,2025-02-16,7852,3883,3969
신연수,2025-02-16,4543,2310,2233
원인재,2025-02-16,2578,1382,1196
동춘,2025-02-16,11693,5776,5917
동막,2025-02-16,4245,2190,2055
캠퍼스타운,2025-02-16,5843,2924,2919
테크노파크,2025-02-16,15973,7947,8026
지식정보단지,2025-02-16,3092,1528,1564
인천대입구,2025-02-16,7413,3600,3813
센트럴파크(재외동포청),2025-02-16,5026,2457,2569
국제업무지구,2025-02-16,2081,1102,979
송도달빛축제공원,2025-02-16,6184,3014,3170
계양,2025-02-17,7782,3870,3912
귤현,2025-02-17,2260,913,1347
박촌,2025-02-17,7139,3674,3465
임학,2025-02-17,16007,8079,7928
계산,2025-02-17,17909,9021,8888
경인교대입구,2025-02-17,10172,5072,5100
작전,2025-02-17,28962,14689,14273
갈산,2025-02-17,18068,9172,8896
부평구청,2025-02-17,13210,6520,6690
부평시장,2025-02-17,26496,13269,13227
부평,2025-02-17,13973,6999,6974
동수,2025-02-17,9248,4663,4585
부평삼거리,2025-02-17,4444,2220,2224
간석오거리,2025-02-17,20733,10766,9967
인천시청,2025-02-17,11289,5642,5647
예술회관,2025-02-17,23797,11790,12007
인천터미널,2025-02-17,24423,12068,12355
문학경기장,2025-02-17,2223,1098,1125
선학,2025-02-17,11506,5744,5762
신연수,2025-02-17,11256,5727,5529
원인재,2025-02-17,5571,2981,2590
동춘,2025-02-17,20352,10010,10342
동막,2025-02-17,9818,5228,4590
캠퍼스타운,2025-02-17,11103,5472,5631
테크노파크,2025-02-17,21115,10612,10503
지식정보단지,2025-02-17,10252,5003,5249
인천대입구,2025-02-17,13330,6691,6639
센트럴파크(재외동포청),2025-02-17,7298,3692,3606
국제업무지구,2025-02-17,5531,2842,2689
송도달빛축제공원,2025-02-17,9897,4924,4973
계양,2025-02-18,7711,3801,3910
귤현,2025-02-18,2226,906,1320
박촌,2025-02-18,7140,3743,3397
임학,2025-02-18,15802,8008,7794
계산,2025-02-18,17761,9002,8759
경인교대입구,2025-02-18,10049,5045,5004
작전,2025-02-18,28769,14578,14191
갈산,2025-02-18,18309,9341,8968
부평구청,2025-02-18,13333,6568,6765
부평시장,2025-02-18,26319,13160,13159
부평,2025-02-18,13921,6928,6993
동수,2025-02-18,9439,4749,4690
부평삼거리,2025-02-18,4489,2251,2238
간석오거리,2025-02-18,21136,10972,10164
인천시청,2025-02-18,11268,5658,5610
예술회관,2025-02-18,23420,11671,11749
인천터미널,2025-02-18,24436,12054,12382
문학경기장,2025-02-18,2403,1249,1154
선학,2025-02-18,11646,5835,5811
신연수,2025-02-18,10830,5519,5311
원인재,2025-02-18,5454,2919,2535
동춘,2025-02-18,21067,10300,10767
동막,2025-02-18,9858,5287,4571
캠퍼스타운,2025-02-18,11068,5504,5564
테크노파크,2025-02-18,21114,10579,10535
지식정보단지,2025-02-18,10470,5087,5383
인천대입구,2025-02-18,14095,6339,7756
센트럴파크(재외동포청),2025-02-18,7614,3831,3783
국제업무지구,2025-02-18,5797,2970,2827
송도달빛축제공원,2025-02-18,9527,4841,4686
계양,2025-02-19,7665,3761,3904
귤현,2025-02-19,2215,895,1320
박촌,2025-02-19,7409,3829,3580
임학,2025-02-19,15753,7936,7817
계산,2025-02-19,18671,9546,9125
경인교대입구,2025-02-19,10462,5134,5328
작전,2025-02-19,29282,14756,14526
갈산,2025-02-19,18626,9487,9139
부평구청,2025-02-19,13305,6672,6633
부평시장,2025-02-19,25959,12921,13038
부평,2025-02-19,14259,7153,7106
동수,2025-02-19,9471,4744,4727
부평삼거리,2025-02-19,4529,2291,2238
간석오거리,2025-02-19,21000,10802,10198
인천시청,2025-02-19,11186,5655,5531
예술회관,2025-02-19,23875,11835,12040
인천터미널,2025-02-19,24496,12158,12338
문학경기장,2025-02-19,2706,1353,1353
선학,2025-02-19,11886,5897,5989
신연수,2025-02-19,11218,5731,5487
원인재,2025-02-19,5809,3133,2676
동춘,2025-02-19,20823,10206,10617
동막,2025-02-19,9944,5330,4614
캠퍼스타운,2025-02-19,11100,5539,5561
테크노파크,2025-02-19,21320,10618,10702
지식정보단지,2025-02-19,10248,4976,5272
인천대입구,2025-02-19,13355,6620,6735
센트럴파크(재외동포청),2025-02-19,7191,3646,3545
국제업무지구,2025-02-19,5607,2868,2739
송도달빛축제공원,2025-02-19,9545,4780,4765
계양,2025-02-20,7894,3888,4006
귤현,2025-02-20,2266,859,1407
박촌,2025-02-20,7210,3768,3442
임학,2025-02-20,15915,7998,7917
계산,2025-02-20,18136,9194,8942
경인교대입구,2025-02-20,10285,5145,5140
작전,2025-02-20,28996,14667,14329
갈산,2025-02-20,18506,9384,9122
부평구청,2025-02-20,13303,6551,6752
부평시장,2025-02-20,26584,13273,13311
부평,2025-02-20,14267,7201,7066
동수,2025-02-20,9353,4733,4620
부평삼거리,2025-02-20,4605,2307,2298
간석오거리,2025-02-20,21390,10989,10401
인천시청,2025-02-20,11211,5691,5520
예술회관,2025-02-20,23541,11574,11967
인천터미널,2025-02-20,25169,12295,12874
문학경기장,2025-02-20,2617,1304,1313
선학,2025-02-20,11791,5945,5846
신연수,2025-02-20,10757,5463,5294
원인재,2025-02-20,5851,3117,2734
동춘,2025-02-20,20997,10306,10691
동막,2025-02-20,9857,5195,4662
캠퍼스타운,2025-02-20,11103,5541,5562
테크노파크,2025-02-20,21679,10903,10776
지식정보단지,2025-02-20,10280,5094,5186
인천대입구,2025-02-20,15329,8198,7131
센트럴파크(재외동포청),2025-02-20,7446,3754,3692
국제업무지구,2025-02-20,5645,2894,2751
송도달빛축제공원,2025-02-20,9618,4760,4858
계양,2025-02-21,8170,4065,4105
귤현,2025-02-21,2254,911,1343
박촌,2025-02-21,7384,3877,3507
임학,2025-02-21,16437,8259,8178
계산,2025-02-21,18869,9562,9307
경인교대입구,2025-02-21,10834,5362,5472
작전,2025-02-21,30342,15384,14958
갈산,2025-02-21,18619,9494,9125
부평구청,2025-02-21,13759,6805,6954
부평시장,2025-02-21,27328,13476,13852
부평,2025-02-21,15916,7838,8078
동수,2025-02-21,9516,4855,4661
부평삼거리,2025-02-21,4589,2305,2284
간석오거리,2025-02-21,21394,11158,10236
인천시청,2025-02-21,11441,5885,5556
예술회관,2025-02-21,25525,12494,13031
인천터미널,2025-02-21,28964,14103,14861
문학경기장,2025-02-21,2479,1279,1200
선학,2025-02-21,12518,6286,6232
신연수,2025-02-21,11438,5887,5551
원인재,2025-02-21,5933,3139,2794
동춘,2025-02-21,21648,10604,11044
동막,2025-02-21,10659,5712,4947
캠퍼스타운,2025-02-21,11526,5791,5735
테크노파크,2025-02-21,23136,11831,11305
지식정보단지,2025-02-21,10465,5061,5404
인천대입구,2025-02-21,16414,7983,8431
센트럴파크(재외동포청),2025-02-21,7796,3923,3873
국제업무지구,2025-02-21,5556,2844,2712
송도달빛축제공원,2025-02-21,10351,5215,5136
계양,2025-02-22,6337,3013,3324
귤현,2025-02-22,1461,692,769
박촌,2025-02-22,5568,2928,2640
임학,2025-02-22,12465,6342,6123
계산,2025-02-22,17731,8882,8849
경인교대입구,2025-02-22,8643,4341,4302
작전,2025-02-22,23430,12041,11389
갈산,2025-02-22,10526,5395,5131
부평구청,2025-02-22,10439,5134,5305
부평시장,2025-02-22,18850,9369,9481
부평,2025-02-22,14893,7375,7518
동수,2025-02-22,6154,3141,3013
부평삼거리,2025-02-22,3872,1901,1971
간석오거리,2025-02-22,16032,8266,7766
인천시청,2025-02-22,7364,3820,3544
예술회관,2025-02-22,18016,8626,9390
인천터미널,2025-02-22,26838,13218,13620
문학경기장,2025-02-22,2422,1171,1251
선학,2025-02-22,10501,5235,5266
신연수,2025-02-22,6143,3242,2901
원인재,2025-02-22,3649,1988,1661
동춘,2025-02-22,15247,7616,7631
동막,2025-02-22,6403,3413,2990
캠퍼스타운,2025-02-22,7882,4133,3749
테크노파크,2025-02-22,18310,9173,9137
지식정보단지,2025-02-22,4339,2196,2143
인천대입구,2025-02-22,10494,5156,5338
센트럴파크(재외동포청),2025-02-22,7072,3501,3571
국제업무지구,2025-02-22,2874,1537,1337
송도달빛축제공원,2025-02-22,7760,3911,3849
계양,2025-02-23,4396,1963,2433
귤현,2025-02-23,1040,501,539
박촌,2025-02-23,4120,2125,1995
임학,2025-02-23,8714,4401,4313
계산,2025-02-23,12453,6163,6290
경인교대입구,2025-02-23,7027,3492,3535
작전,2025-02-23,15425,7829,7596
갈산,2025-02-23,7064,3554,3510
부평구청,2025-02-23,6868,3356,3512
부평시장,2025-02-23,14338,7121,7217
부평,2025-02-23,10501,5464,5037
동수,2025-02-23,4805,2434,2371
부평삼거리,2025-02-23,3048,1507,1541
간석오거리,2025-02-23,11928,6219,5709
인천시청,2025-02-23,5265,2668,2597
예술회관,2025-02-23,12006,5966,6040
인천터미널,2025-02-23,21376,10704,10672
문학경기장,2025-02-23,1262,624,638
선학,2025-02-23,7812,3854,3958
신연수,2025-02-23,4254,2168,2086
원인재,2025-02-23,2640,1363,1277
동춘,2025-02-23,9216,4640,4576
동막,2025-02-23,4324,2241,2083
캠퍼스타운,2025-02-23,5614,2799,2815
테크노파크,2025-02-23,14958,7385,7573
지식정보단지,2025-02-23,3030,1498,1532
인천대입구,2025-02-23,7545,3625,3920
센트럴파크(재외동포청),2025-02-23,4287,2113,2174
국제업무지구,2025-02-23,1882,996,886
송도달빛축제공원,2025-02-23,5801,2797,3004
계양,2025-02-24,7880,3818,4062
귤현,2025-02-24,2231,891,1340
박촌,2025-02-24,7140,3760,3380
임학,2025-02-24,15542,7870,7672
계산,2025-02-24,17840,9014,8826
경인교대입구,2025-02-24,10326,5150,5176
작전,2025-02-24,28793,14485,14308
갈산,2025-02-24,17844,9029,8815
부평구청,2025-02-24,13250,6563,6687
부평시장,2025-02-24,26062,13033,13029
부평,2025-02-24,13927,7014,6913
동수,2025-02-24,9119,4685,4434
부평삼거리,2025-02-24,4481,2220,2261
간석오거리,2025-02-24,20697,10680,10017
인천시청,2025-02-24,10398,5276,5122
예술회관,2025-02-24,23317,11572,11745
인천터미널,2025-02-24,24370,12027,12343
문학경기장,2025-02-24,2367,1174,1193
선학,2025-02-24,11342,5641,5701
신연수,2025-02-24,10745,5432,5313
원인재,2025-02-24,5484,2910,2574
동춘,2025-02-24,20641,10069,10572
동막,2025-02-24,9522,5091,4431
캠퍼스타운,2025-02-24,11234,5594,5640
테크노파크,2025-02-24,21107,10583,10524
지식정보단지,2025-02-24,9816,4736,5080
인천대입구,2025-02-24,12993,6531,6462
센트럴파크(재외동포청),2025-02-24,7213,3667,3546
국제업무지구,2025-02-24,5397,2737,2660
송도달빛축제공원,2025-02-24,9782,4895,4887
계양,2025-02-25,7909,3904,4005
귤현,2025-02-25,2263,896,1367
박촌,2025-02-25,7252,3776,3476
임학,2025-02-25,16103,8095,8008
계산,2025-02-25,18303,9292,9011
경인교대입구,2025-02-25,10554,5219,5335
작전,2025-02-25,29200,14746,14454
갈산,2025-02-25,18667,9456,9211
부평구청,2025-02-25,13548,6649,6899
부평시장,2025-02-25,27095,13557,13538
부평,2025-02-25,14054,7054,7000
동수,2025-02-25,9425,4799,4626
부평삼거리,2025-02-25,4557,2262,2295
간석오거리,2025-02-25,21357,11094,10263
인천시청,2025-02-25,11271,5690,5581
예술회관,2025-02-25,23820,11751,12069
인천터미널,2025-02-25,24927,12255,12672
문학경기장,2025-02-25,2424,1245,1179
선학,2025-02-25,11616,5832,5784
신연수,2025-02-25,10898,5575,5323
원인재,2025-02-25,5828,3117,2711
동춘,2025-02-25,20907,10271,10636
동막,2025-02-25,9832,5245,4587
캠퍼스타운,2025-02-25,11070,5504,5566
테크노파크,2025-02-25,21646,10881,10765
지식정보단지,2025-02-25,10145,4930,5215
인천대입구,2025-02-25,13247,6608,6639
센트럴파크(재외동포청),2025-02-25,7485,3759,3726
국제업무지구,2025-02-25,5637,2853,2784
송도달빛축제공원,2025-02-25,9770,4897,4873
계양,2025-02-26,7874,3850,4024
귤현,2025-02-26,2305,902,1403
박촌,2025-02-26,7313,3851,3462
임학,2025-02-26,16341,8244,8097
계산,2025-02-26,18959,9534,9425
경인교대입구,2025-02-26,10845,5318,5527
작전,2025-02-26,29713,15021,14692
갈산,2025-02-26,18607,9448,9159
부평구청,2025-02-26,13879,6841,7038
부평시장,2025-02-26,27304,13628,13676
부평,2025-02-26,14529,7331,7198
동수,2025-02-26,9612,4855,4757
부평삼거리,2025-02-26,4668,2339,2329
간석오거리,2025-02-26,21862,11304,10558
인천시청,2025-02-26,10921,5526,5395
예술회관,2025-02-26,24511,11998,12513
인천터미널,2025-02-26,25580,12555,13025
문학경기장,2025-02-26,2398,1198,1200
선학,2025-02-26,12057,6017,6040
신연수,2025-02-26,11023,5616,5407
원인재,2025-02-26,6111,3296,2815
동춘,2025-02-26,21360,10505,10855
동막,2025-02-26,10094,5373,4721
캠퍼스타운,2025-02-26,11342,5670,5672
테크노파크,2025-02-26,22095,11070,11025
지식정보단지,2025-02-26,10224,4986,5238
인천대입구,2025-02-26,13595,6769,6826
센트럴파크(재외동포청),2025-02-26,7702,3866,3836
국제업무지구,2025-02-26,5406,2749,2657
송도달빛축제공원,2025-02-26,10278,5246,5032
계양,2025-02-27,8015,3944,4071
귤현,2025-02-27,2214,879,1335
박촌,2025-02-27,7336,3814,3522
임학,2025-02-27,16181,8210,7971
계산,2025-02-27,18831,9496,9335
경인교대입구,2025-02-27,10945,5393,5552
작전,2025-02-27,29411,14947,14464
갈산,2025-02-27,18760,9496,9264
부평구청,2025-02-27,13403,6598,6805
부평시장,2025-02-27,27475,13655,13820
부평,2025-02-27,14590,7315,7275
동수,2025-02-27,9146,4685,4461
부평삼거리,2025-02-27,4856,2451,2405
간석오거리,2025-02-27,21927,11341,10586
인천시청,2025-02-27,11392,5739,5653
예술회관,2025-02-27,23733,11650,12083
인천터미널,2025-02-27,25554,12590,12964
문학경기장,2025-02-27,2656,1336,1320
선학,2025-02-27,11991,6025,5966
신연수,2025-02-27,10980,5571,5409
원인재,2025-02-27,6012,3174,2838
동춘,2025-02-27,21236,10533,10703
동막,2025-02-27,9826,5261,4565
캠퍼스타운,2025-02-27,11117,5522,5595
테크노파크,2025-02-27,22037,11061,10976
지식정보단지,2025-02-27,10241,4916,5325
인천대입구,2025-02-27,13729,6887,6842
센트럴파크(재외동포청),2025-02-27,7940,4011,3929
국제업무지구,2025-02-27,5354,2738,2616
송도달빛축제공원,2025-02-27,10211,5128,5083
계양,2025-02-28,8150,4088,4062
귤현,2025-02-28,2332,908,1424
박촌,2025-02-28,7499,3958,3541
임학,2025-02-28,16501,8371,8130
계산,2025-02-28,20219,10300,9919
경인교대입구,2025-02-28,11032,5452,5580
작전,2025-02-28,30261,15467,14794
갈산,2025-02-28,18659,9629,9030
부평구청,2025-02-28,13690,6785,6905
부평시장,2025-02-28,28129,14077,14052
부평,2025-02-28,15932,7742,8190
동수,2025-02-28,9439,4858,4581
부평삼거리,2025-02-28,4957,2545,2412
간석오거리,2025-02-28,22001,11481,10520
인천시청,2025-02-28,11012,5636,5376
예술회관,2025-02-28,25825,12425,13400
인천터미널,2025-02-28,30216,14391,15825
문학경기장,2025-02-28,2642,1404,1238
선학,2025-02-28,12523,6310,6213
신연수,2025-02-28,11022,5647,5375
원인재,2025-02-28,6225,3276,2949
동춘,2025-02-28,23130,11262,11868
동막,2025-02-28,10149,5471,4678
캠퍼스타운,2025-02-28,12252,6118,6134
테크노파크,2025-02-28,23298,11731,11567
지식정보단지,2025-02-28,10097,4978,5119
인천대입구,2025-02-28,15062,7413,7649
센트럴파크(재외동포청),2025-02-28,7781,3905,3876
국제업무지구,2025-02-28,5332,2668,2664
송도달빛축제공원,2025-02-28,10444,5385,5059
계양,2025-03-01,5881,2711,3170
귤현,2025-03-01,1312,623,689
박촌,2025-03-01,5047,2639,2408
임학,2025-03-01,11238,5786,5452
계산,2025-03-01,15583,7863,7720
경인교대입구,2025-03-01,8352,4368,3984
작전,2025-03-01,20370,10587,9783
갈산,2025-03-01,10139,5244,4895
부평구청,2025-03-01,8883,4405,4478
부평시장,2025-03-01,17001,8518,8483
부평,2025-03-01,12548,6021,6527
동수,2025-03-01,5424,2809,2615
부평삼거리,2025-03-01,3786,1892,1894
간석오거리,2025-03-01,15020,7797,7223
인천시청,2025-03-01,6435,3329,3106
예술회관,2025-03-01,15879,7606,8273
인천터미널,2025-03-01,25853,12322,13531
문학경기장,2025-03-01,2719,1335,1384
선학,2025-03-01,9525,4763,4762
신연수,2025-03-01,5650,2922,2728
원인재,2025-03-01,3538,1890,1648
동춘,2025-03-01,15659,7776,7883
동막,2025-03-01,5469,3021,2448
캠퍼스타운,2025-03-01,7990,4182,3808
테크노파크,2025-03-01,20051,10007,10044
지식정보단지,2025-03-01,4037,2102,1935
인천대입구,2025-03-01,11167,5502,5665
센트럴파크(재외동포청),2025-03-01,6098,2983,3115
국제업무지구,2025-03-01,2458,1337,1121
송도달빛축제공원,2025-03-01,7824,3946,3878
계양,2025-03-02,4368,1948,2420
귤현,2025-03-02,993,463,530
박촌,2025-03-02,4172,2170,2002
임학,2025-03-02,8784,4441,4343
계산,2025-03-02,12011,6051,5960
경인교대입구,2025-03-02,6921,3463,3458
작전,2025-03-02,15694,7980,7714
갈산,2025-03-02,6833,3515,3318
부평구청,2025-03-02,7038,3472,3566
부평시장,2025-03-02,14664,7228,7436
부평,2025-03-02,10595,5375,5220
동수,2025-03-02,4769,2353,2416
부평삼거리,2025-03-02,3082,1537,1545
간석오거리,2025-03-02,12189,6331,5858
인천시청,2025-03-02,5098,2604,2494
예술회관,2025-03-02,12377,5945,6432
인천터미널,2025-03-02,20956,10586,10370
문학경기장,2025-03-02,1309,666,643
선학,2025-03-02,7799,3896,3903
신연수,2025-03-02,4587,2344,2243
원인재,2025-03-02,2491,1291,1200
동춘,2025-03-02,12215,6092,6123
동막,2025-03-02,3949,2093,1856
캠퍼스타운,2025-03-02,6286,3146,3140
테크노파크,2025-03-02,16600,8333,8267
지식정보단지,2025-03-02,2992,1486,1506
인천대입구,2025-03-02,8204,3883,4321
센트럴파크(재외동포청),2025-03-02,4318,2098,2220
국제업무지구,2025-03-02,1817,968,849
송도달빛축제공원,2025-03-02,5736,2839,2897
계양,2025-03-03,4293,2047,2246
귤현,2025-03-03,1024,491,533
박촌,2025-03-03,4138,2137,2001
임학,2025-03-03,8936,4513,4423
계산,2025-03-03,11581,5774,5807
경인교대입구,2025-03-03,6832,3440,3392
작전,2025-03-03,15670,8010,7660
갈산,2025-03-03,7002,3571,3431
부평구청,2025-03-03,7140,3488,3652
부평시장,2025-03-03,15023,7438,7585
부평,2025-03-03,10358,5414,4944
동수,2025-03-03,4726,2379,2347
부평삼거리,2025-03-03,3118,1567,1551
간석오거리,2025-03-03,12885,6613,6272
인천시청,2025-03-03,5300,2725,2575
예술회관,2025-03-03,13335,6527,6808
인천터미널,2025-03-03,22397,11541,10856
문학경기장,2025-03-03,1644,830,814
선학,2025-03-03,7497,3670,3827
신연수,2025-03-03,5150,2588,2562
원인재,2025-03-03,2775,1460,1315
동춘,2025-03-03,13611,6780,6831
동막,2025-03-03,4404,2284,2120
캠퍼스타운,2025-03-03,6976,3394,3582
테크노파크,2025-03-03,16378,8091,8287
지식정보단지,2025-03-03,3374,1597,1777
인천대입구,2025-03-03,9054,4398,4656
센트럴파크(재외동포청),2025-03-03,4622,2337,2285
국제업무지구,2025-03-03,2101,1125,976
송도달빛축제공원,2025-03-03,6243,3131,3112
계양,2025-03-04,8117,4053,4064
귤현,2025-03-04,2335,909,1426
박촌,2025-03-04,7917,4104,3813
임학,2025-03-04,16179,8115,8064
계산,2025-03-04,19717,10020,9697
경인교대입구,2025-03-04,10922,5436,5486
작전,2025-03-04,29150,14741,14409
갈산,2025-03-04,18389,9347,9042
부평구청,2025-03-04,13417,6503,6914
부평시장,2025-03-04,26478,13244,13234
부평,2025-03-04,13135,6496,6639
동수,2025-03-04,9580,4876,4704
부평삼거리,2025-03-04,4811,2408,2403
간석오거리,2025-03-04,21282,11060,10222
인천시청,2025-03-04,11096,5595,5501
예술회관,2025-03-04,23566,11674,11892
인천터미널,2025-03-04,23647,11616,12031
문학경기장,2025-03-04,3438,1700,1738
선학,2025-03-04,11637,5805,5832
신연수,2025-03-04,11635,5874,5761
원인재,2025-03-04,5868,3147,2721
동춘,2025-03-04,20061,9828,10233
동막,2025-03-04,10045,5375,4670
캠퍼스타운,2025-03-04,12091,6034,6057
테크노파크,2025-03-04,21969,11137,10832
지식정보단지,2025-03-04,11292,5554,5738
인천대입구,2025-03-04,19869,9942,9927
센트럴파크(재외동포청),2025-03-04,6893,3472,3421
국제업무지구,2025-03-04,5597,2832,2765
송도달빛축제공원,2025-03-04,9728,4799,4929
계양,2025-03-05,8703,4350,4353
귤현,2025-03-05,2506,968,1538
박촌,2025-03-05,8215,4306,3909
임학,2025-03-05,16841,8498,8343
계산,2025-03-05,21710,10989,10721
경인교대입구,2025-03-05,11360,5698,5662
작전,2025-03-05,30772,15534,15238
갈산,2025-03-05,19499,9982,9517
부평구청,2025-03-05,14088,7012,7076
부평시장,2025-03-05,27824,13900,13924
부평,2025-03-05,13856,6855,7001
동수,2025-03-05,9927,5021,4906
부평삼거리,2025-03-05,5378,2754,2624
간석오거리,2025-03-05,22745,11757,10988
인천시청,2025-03-05,11812,5979,5833
예술회관,2025-03-05,25119,12402,12717
인천터미널,2025-03-05,24775,12078,12697
문학경기장,2025-03-05,3508,1703,1805
선학,2025-03-05,12442,6258,6184
신연수,2025-03-05,12408,6320,6088
원인재,2025-03-05,6247,3371,2876
동춘,2025-03-05,21246,10434,10812
동막,2025-03-05,10805,5833,4972
캠퍼스타운,2025-03-05,12898,6500,6398
테크노파크,2025-03-05,23090,11605,11485
지식정보단지,2025-03-05,11996,5832,6164
인천대입구,2025-03-05,20559,10243,10316
센트럴파크(재외동포청),2025-03-05,7377,3715,3662
국제업무지구,2025-03-05,5736,2892,2844
송도달빛축제공원,2025-03-05,10241,5125,5116
계양,2025-03-06,8965,4464,4501
귤현,2025-03-06,2557,1007,1550
박촌,2025-03-06,8213,4279,3934
임학,2025-03-06,16873,8435,8438
계산,2025-03-06,21881,11106,10775
경인교대입구,2025-03-06,11869,5948,5921
작전,2025-03-06,31022,15618,15404
갈산,2025-03-06,19556,9992,9564
부평구청,2025-03-06,14192,6955,7237
부평시장,2025-03-06,28149,14099,14050
부평,2025-03-06,14184,7025,7159
동수,2025-03-06,10003,5098,4905
부평삼거리,2025-03-06,5291,2669,2622
간석오거리,2025-03-06,22690,11809,10881
인천시청,2025-03-06,12185,6189,5996
예술회관,2025-03-06,25361,12458,12903
인천터미널,2025-03-06,26293,13071,13222
문학경기장,2025-03-06,3440,1720,1720
선학,2025-03-06,12713,6344,6369
신연수,2025-03-06,12516,6419,6097
원인재,2025-03-06,5979,3149,2830
동춘,2025-03-06,21301,10459,10842
동막,2025-03-06,10596,5694,4902
캠퍼스타운,2025-03-06,13612,7074,6538
테크노파크,2025-03-06,23185,11701,11484
지식정보단지,2025-03-06,11810,5671,6139
인천대입구,2025-03-06,20662,10400,10262
센트럴파크(재외동포청),2025-03-06,7848,3920,3928
국제업무지구,2025-03-06,5675,2871,2804
송도달빛축제공원,2025-03-06,10393,5139,5254
계양,2025-03-07,9080,4511,4569
귤현,2025-03-07,2564,1005,1559
박촌,2025-03-07,8480,4453,4027
임학,2025-03-07,17386,8729,8657
계산,2025-03-07,21173,10796,10377
경인교대입구,2025-03-07,11334,5720,5614
작전,2025-03-07,31535,15879,15656
갈산,2025-03-07,19750,10125,9625
부평구청,2025-03-07,14345,7060,7285
부평시장,2025-03-07,28715,14252,14463
부평,2025-03-07,15692,7633,8059
동수,2025-03-07,10186,5193,4993
부평삼거리,2025-03-07,5366,2716,2650
간석오거리,2025-03-07,23205,12082,11123
인천시청,2025-03-07,12402,6299,6103
예술회관,2025-03-07,26478,12881,13597
인천터미널,2025-03-07,29768,14691,15077
문학경기장,2025-03-07,3636,1879,1757
선학,2025-03-07,13109,6590,6519
신연수,2025-03-07,12458,6367,6091
원인재,2025-03-07,6179,3289,2890
동춘,2025-03-07,22622,11068,11554
동막,2025-03-07,10892,5847,5045
캠퍼스타운,2025-03-07,14038,7483,6555
테크노파크,2025-03-07,24284,12294,11990
지식정보단지,2025-03-07,11519,5635,5884
인천대입구,2025-03-07,19081,9637,9444
센트럴파크(재외동포청),2025-03-07,8058,3989,4069
국제업무지구,2025-03-07,5719,2902,2817
송도달빛축제공원,2025-03-07,10851,5434,5417
계양,2025-03-08,6454,3120,3334
귤현,2025-03-08,1514,688,826
박촌,2025-03-08,5753,3079,2674
임학,2025-03-08,12477,6344,6133
계산,2025-03-08,18037,8908,9129
경인교대입구,2025-03-08,9202,4647,4555
작전,2025-03-08,23889,12299,11590
갈산,2025-03-08,11348,5822,5526
부평구청,2025-03-08,10241,5086,5155
부평시장,2025-03-08,19933,9817,10116
부평,2025-03-08,14537,7124,7413
동수,2025-03-08,6440,3297,3143
부평삼거리,2025-03-08,4434,2201,2233
간석오거리,2025-03-08,16798,8681,8117
인천시청,2025-03-08,7398,3869,3529
예술회관,2025-03-08,18301,8613,9688
인천터미널,2025-03-08,26912,13252,13660
문학경기장,2025-03-08,2699,1315,1384
선학,2025-03-08,11059,5513,5546
신연수,2025-03-08,6507,3339,3168
원인재,2025-03-08,3747,2002,1745
동춘,2025-03-08,15780,7869,7911
동막,2025-03-08,6481,3484,2997
캠퍼스타운,2025-03-08,9108,4801,4307
테크노파크,2025-03-08,20215,9981,10234
지식정보단지,2025-03-08,4755,2384,2371
인천대입구,2025-03-08,12608,6346,6262
센트럴파크(재외동포청),2025-03-08,7192,3527,3665
국제업무지구,2025-03-08,2770,1434,1336
송도달빛축제공원,2025-03-08,8121,4103,4018
계양,2025-03-09,4872,2277,2595
귤현,2025-03-09,1162,560,602
박촌,2025-03-09,4330,2227,2103
임학,2025-03-09,9100,4680,4420
계산,2025-03-09,14050,6932,7118
경인교대입구,2025-03-09,7630,3783,3847
작전,2025-03-09,16669,8559,8110
갈산,2025-03-09,7501,3846,3655
부평구청,2025-03-09,7221,3540,3681
부평시장,2025-03-09,15405,7592,7813
부평,2025-03-09,10064,5205,4859
동수,2025-03-09,4902,2488,2414
부평삼거리,2025-03-09,3563,1716,1847
간석오거리,2025-03-09,12758,6576,6182
인천시청,2025-03-09,5696,2906,2790
예술회관,2025-03-09,11994,5851,6143
인천터미널,2025-03-09,22480,11357,11123
문학경기장,2025-03-09,1385,671,714
선학,2025-03-09,7998,3902,4096
신연수,2025-03-09,4753,2434,2319
원인재,2025-03-09,2583,1386,1197
동춘,2025-03-09,9292,4671,4621
동막,2025-03-09,4337,2285,2052
캠퍼스타운,2025-03-09,6928,3142,3786
테크노파크,2025-03-09,15533,7682,7851
지식정보단지,2025-03-09,3229,1603,1626
인천대입구,2025-03-09,9138,4297,4841
센트럴파크(재외동포청),2025-03-09,4986,2481,2505
국제업무지구,2025-03-09,1784,967,817
송도달빛축제공원,2025-03-09,6266,3109,3157
계양,2025-03-10,8829,4403,4426
귤현,2025-03-10,2480,965,1515
박촌,2025-03-10,8167,4289,3878
임학,2025-03-10,16658,8487,8171
계산,2025-03-10,21578,11053,10525
경인교대입구,2025-03-10,11554,5706,5848
작전,2025-03-10,30908,15619,15289
갈산,2025-03-10,19457,9837,9620
부평구청,2025-03-10,14204,6999,7205
부평시장,2025-03-10,27763,13881,13882
부평,2025-03-10,13685,6900,6785
동수,2025-03-10,10076,5138,4938
부평삼거리,2025-03-10,5415,2742,2673
간석오거리,2025-03-10,22277,11582,10695
인천시청,2025-03-10,11735,5961,5774
예술회관,2025-03-10,24739,12206,12533
인천터미널,2025-03-10,25547,12372,13175
문학경기장,2025-03-10,6542,3248,3294
선학,2025-03-10,12134,6082,6052
신연수,2025-03-10,12380,6277,6103
원인재,2025-03-10,5929,3164,2765
동춘,2025-03-10,21263,10433,10830
동막,2025-03-10,10839,5876,4963
캠퍼스타운,2025-03-10,13009,6389,6620
테크노파크,2025-03-10,23037,11475,11562
지식정보단지,2025-03-10,11869,5787,6082
인천대입구,2025-03-10,20668,10292,10376
센트럴파크(재외동포청),2025-03-10,7604,3841,3763
국제업무지구,2025-03-10,5583,2918,2665
송도달빛축제공원,2025-03-10,10374,5183,5191
계양,2025-03-11,8926,4478,4448
귤현,2025-03-11,2581,965,1616
박촌,2025-03-11,8351,4339,4012
임학,2025-03-11,16961,8566,8395
계산,2025-03-11,20942,10632,10310
경인교대입구,2025-03-11,11539,5766,5773
작전,2025-03-11,30772,15581,15191
갈산,2025-03-11,19614,10045,9569
부평구청,2025-03-11,14515,7174,7341
부평시장,2025-03-11,28341,14134,14207
부평,2025-03-11,13542,6776,6766
동수,2025-03-11,10036,5103,4933
부평삼거리,2025-03-11,5362,2650,2712
간석오거리,2025-03-11,22633,11736,10897
인천시청,2025-03-11,12091,6034,6057
예술회관,2025-03-11,24966,12386,12580
인천터미널,2025-03-11,25612,12460,13152
문학경기장,2025-03-11,6407,3161,3246
선학,2025-03-11,12523,6316,6207
신연수,2025-03-11,12352,6270,6082
원인재,2025-03-11,6038,3241,2797
동춘,2025-03-11,21348,10510,10838
동막,2025-03-11,10791,5827,4964
캠퍼스타운,2025-03-11,12970,6497,6473
테크노파크,2025-03-11,23015,11653,11362
지식정보단지,2025-03-11,11828,5814,6014
인천대입구,2025-03-11,20898,10528,10370
센트럴파크(재외동포청),2025-03-11,7782,3911,3871
국제업무지구,2025-03-11,5737,2939,2798
송도달빛축제공원,2025-03-11,10321,5117,5204
계양,2025-03-12,8524,4262,4262
귤현,2025-03-12,2505,954,1551
박촌,2025-03-12,8247,4317,3930
임학,2025-03-12,16723,8488,8235
계산,2025-03-12,21789,11098,10691
경인교대입구,2025-03-12,11492,5737,5755
작전,2025-03-12,30790,15534,15256
갈산,2025-03-12,19380,9850,9530
부평구청,2025-03-12,14170,7005,7165
부평시장,2025-03-12,27424,13600,13824
부평,2025-03-12,13651,6866,6785
동수,2025-03-12,9978,5051,4927
부평삼거리,2025-03-12,4997,2504,2493
간석오거리,2025-03-12,22156,11490,10666
인천시청,2025-03-12,12041,6068,5973
예술회관,2025-03-12,24280,11942,12338
인천터미널,2025-03-12,24773,12218,12555
문학경기장,2025-03-12,3394,1682,1712
선학,2025-03-12,12401,6219,6182
신연수,2025-03-12,12066,6050,6016
원인재,2025-03-12,6108,3247,2861
동춘,2025-03-12,20859,10229,10630
동막,2025-03-12,10879,5789,5090
캠퍼스타운,2025-03-12,12791,6498,6293
테크노파크,2025-03-12,22876,11507,11369
지식정보단지,2025-03-12,11462,5549,5913
인천대입구,2025-03-12,17183,8621,8562
센트럴파크(재외동포청),2025-03-12,7595,3799,3796
국제업무지구,2025-03-12,5624,2862,2762
송도달빛축제공원,2025-03-12,10176,5078,5098
계양,2025-03-13,8998,4489,4509
귤현,2025-03-13,2577,1010,1567
박촌,2025-03-13,8277,4337,3940
임학,2025-03-13,16711,8407,8304
계산,2025-03-13,21566,10965,10601
경인교대입구,2025-03-13,11683,5829,5854
작전,2025-03-13,31139,15754,15385
갈산,2025-03-13,19453,9875,9578
부평구청,2025-03-13,14248,7018,7230
부평시장,2025-03-13,28033,13952,14081
부평,2025-03-13,14009,6937,7072
동수,2025-03-13,9965,5047,4918
부평삼거리,2025-03-13,5203,2630,2573
간석오거리,2025-03-13,22840,11842,10998
인천시청,2025-03-13,11869,5957,5912
예술회관,2025-03-13,25001,12329,12672
인천터미널,2025-03-13,26209,13151,13058
문학경기장,2025-03-13,7882,3831,4051
선학,2025-03-13,12794,6403,6391
신연수,2025-03-13,12439,6434,6005
원인재,2025-03-13,6036,3230,2806
동춘,2025-03-13,21425,10532,10893
동막,2025-03-13,10599,5688,4911
캠퍼스타운,2025-03-13,13643,7096,6547
테크노파크,2025-03-13,23643,11875,11768
지식정보단지,2025-03-13,11993,5776,6217
인천대입구,2025-03-13,20784,10512,10272
센트럴파크(재외동포청),2025-03-13,8317,4155,4162
국제업무지구,2025-03-13,5675,2875,2800
송도달빛축제공원,2025-03-13,10449,5196,5253
계양,2025-03-14,9129,4585,4544
귤현,2025-03-14,2673,1055,1618
박촌,2025-03-14,8514,4481,4033
임학,2025-03-14,17412,8716,8696
계산,2025-03-14,21892,11154,10738
경인교대입구,2025-03-14,11713,5885,5828
작전,2025-03-14,32020,16212,15808
갈산,2025-03-14,19520,9974,9546
부평구청,2025-03-14,14591,7211,7380
부평시장,2025-03-14,29041,14506,14535
부평,2025-03-14,15108,7411,7697
동수,2025-03-14,9931,5119,4812
부평삼거리,2025-03-14,5549,2774,2775
간석오거리,2025-03-14,22728,11890,10838
인천시청,2025-03-14,12155,6095,6060
예술회관,2025-03-14,26151,12594,13557
인천터미널,2025-03-14,31011,15163,15848
문학경기장,2025-03-14,6680,3322,3358
선학,2025-03-14,13248,6704,6544
신연수,2025-03-14,12300,6336,5964
원인재,2025-03-14,6265,3260,3005
동춘,2025-03-14,22521,10978,11543
동막,2025-03-14,11281,6124,5157
캠퍼스타운,2025-03-14,13550,7017,6533
테크노파크,2025-03-14,24896,12471,12425
지식정보단지,2025-03-14,11726,5717,6009
인천대입구,2025-03-14,19131,9784,9347
센트럴파크(재외동포청),2025-03-14,8474,4175,4299
국제업무지구,2025-03-14,5743,2916,2827
송도달빛축제공원,2025-03-14,11192,5620,5572
계양,2025-03-15,6953,3318,3635
귤현,2025-03-15,1639,773,866
박촌,2025-03-15,5780,3074,2706
임학,2025-03-15,13270,6821,6449
계산,2025-03-15,18512,9189,9323
경인교대입구,2025-03-15,9497,4769,4728
작전,2025-03-15,25142,13028,12114
갈산,2025-03-15,11340,5926,5414
부평구청,2025-03-15,10914,5356,5558
부평시장,2025-03-15,20767,10305,10462
부평,2025-03-15,15203,7440,7763
동수,2025-03-15,6428,3298,3130
부평삼거리,2025-03-15,4681,2275,2406
간석오거리,2025-03-15,17109,8866,8243
인천시청,2025-03-15,8147,4136,4011
예술회관,2025-03-15,18766,8950,9816
인천터미널,2025-03-15,28820,14250,14570
문학경기장,2025-03-15,9429,4551,4878
선학,2025-03-15,11176,5592,5584
신연수,2025-03-15,6552,3429,3123
원인재,2025-03-15,3904,2061,1843
동춘,2025-03-15,16533,8245,8288
동막,2025-03-15,6517,3554,2963
캠퍼스타운,2025-03-15,9656,4943,4713
테크노파크,2025-03-15,21831,10870,10961
지식정보단지,2025-03-15,4632,2391,2241
인천대입구,2025-03-15,11937,5949,5988
센트럴파크(재외동포청),2025-03-15,7825,3838,3987
국제업무지구,2025-03-15,2820,1474,1346
송도달빛축제공원,2025-03-15,8696,4439,4257
계양,2025-03-16,4453,2066,2387
귤현,2025-03-16,1063,489,574
박촌,2025-03-16,4039,2071,1968
임학,2025-03-16,8533,4344,4189
계산,2025-03-16,11822,5903,5919
경인교대입구,2025-03-16,7114,3527,3587
작전,2025-03-16,15624,7904,7720
갈산,2025-03-16,6882,3548,3334
부평구청,2025-03-16,6759,3292,3467
부평시장,2025-03-16,14609,7261,7348
부평,2025-03-16,9989,5255,4734
동수,2025-03-16,4771,2421,2350
부평삼거리,2025-03-16,2998,1498,1500
간석오거리,2025-03-16,11939,6265,5674
인천시청,2025-03-16,5547,2829,2718
예술회관,2025-03-16,11471,5654,5817
인천터미널,2025-03-16,21889,11061,10828
문학경기장,2025-03-16,7835,3891,3944
선학,2025-03-16,7862,3856,4006
신연수,2025-03-16,4594,2357,2237
원인재,2025-03-16,2485,1294,1191
동춘,2025-03-16,11240,5593,5647
동막,2025-03-16,4202,2146,2056
캠퍼스타운,2025-03-16,6790,3160,3630
테크노파크,2025-03-16,16553,8156,8397
지식정보단지,2025-03-16,3216,1576,1640
인천대입구,2025-03-16,8258,3863,4395
센트럴파크(재외동포청),2025-03-16,4494,2218,2276
국제업무지구,2025-03-16,1744,929,815
송도달빛축제공원,2025-03-16,6110,3018,3092
계양,2025-03-17,8658,4328,4330
귤현,2025-03-17,2497,989,1508
박촌,2025-03-17,7986,4139,3847
임학,2025-03-17,16446,8353,8093
계산,2025-03-17,21091,10753,10338
경인교대입구,2025-03-17,11248,5622,5626
작전,2025-03-17,29920,15027,14893
갈산,2025-03-17,18708,9585,9123
부평구청,2025-03-17,13555,6690,6865
부평시장,2025-03-17,27369,13691,13678
부평,2025-03-17,13488,6704,6784
동수,2025-03-17,9748,4948,4800
부평삼거리,2025-03-17,4937,2465,2472
간석오거리,2025-03-17,21539,11138,10401
인천시청,2025-03-17,11162,5688,5474
예술회관,2025-03-17,23918,11875,12043
인천터미널,2025-03-17,22594,10891,11703
문학경기장,2025-03-17,3414,1678,1736
선학,2025-03-17,11692,5950,5742
신연수,2025-03-17,11876,6012,5864
원인재,2025-03-17,5734,3040,2694
동춘,2025-03-17,20429,10055,10374
동막,2025-03-17,10575,5667,4908
캠퍼스타운,2025-03-17,12635,6147,6488
테크노파크,2025-03-17,22364,11254,11110
지식정보단지,2025-03-17,11572,5669,5903
인천대입구,2025-03-17,20057,9933,10124
센트럴파크(재외동포청),2025-03-17,7234,3662,3572
국제업무지구,2025-03-17,5482,2786,2696
송도달빛축제공원,2025-03-17,9859,4880,4979
계양,2025-03-18,8621,4254,4367
귤현,2025-03-18,2493,960,1533
박촌,2025-03-18,8218,4302,3916
임학,2025-03-18,16158,8149,8009
계산,2025-03-18,20107,10251,9856
경인교대입구,2025-03-18,11091,5563,5528
작전,2025-03-18,29908,15134,14774
갈산,2025-03-18,19232,9766,9466
부평구청,2025-03-18,13699,6790,6909
부평시장,2025-03-18,27093,13547,13546
부평,2025-03-18,12965,6456,6509
동수,2025-03-18,9924,5046,4878
부평삼거리,2025-03-18,5031,2541,2490
간석오거리,2025-03-18,22086,11490,10596
인천시청,2025-03-18,11240,5707,5533
예술회관,2025-03-18,23735,11722,12013
인천터미널,2025-03-18,24079,11770,12309
문학경기장,2025-03-18,3478,1731,1747
선학,2025-03-18,11911,5930,5981
신연수,2025-03-18,12196,6197,5999
원인재,2025-03-18,5681,3040,2641
동춘,2025-03-18,20265,9945,10320
동막,2025-03-18,10503,5667,4836
캠퍼스타운,2025-03-18,12268,6116,6152
테크노파크,2025-03-18,22422,11328,11094
지식정보단지,2025-03-18,11808,5684,6124
인천대입구,2025-03-18,20189,10187,10002
센트럴파크(재외동포청),2025-03-18,7690,3857,3833
국제업무지구,2025-03-18,5699,2896,2803
송도달빛축제공원,2025-03-18,9927,4911,5016
계양,2025-03-19,8749,4480,4269
귤현,2025-03-19,2552,972,1580
박촌,2025-03-19,8301,4302,3999
임학,2025-03-19,16674,8388,8286
계산,2025-03-19,21748,11054,10694
경인교대입구,2025-03-19,11531,5728,5803
작전,2025-03-19,30405,15344,15061
갈산,2025-03-19,19504,9994,9510
부평구청,2025-03-19,14143,6960,7183
부평시장,2025-03-19,27588,13796,13792
부평,2025-03-19,14223,6985,7238
동수,2025-03-19,10035,5092,4943
부평삼거리,2025-03-19,5006,2546,2460
간석오거리,2025-03-19,22607,11727,10880
인천시청,2025-03-19,11788,5935,5853
예술회관,2025-03-19,25242,12413,12829
인천터미널,2025-03-19,24942,12260,12682
문학경기장,2025-03-19,3935,1932,2003
선학,2025-03-19,12491,6213,6278
신연수,2025-03-19,12334,6256,6078
원인재,2025-03-19,5983,3215,2768
동춘,2025-03-19,20762,10216,10546
동막,2025-03-19,10807,5764,5043
캠퍼스타운,2025-03-19,12839,6486,6353
테크노파크,2025-03-19,23069,11566,11503
지식정보단지,2025-03-19,11866,5743,6123
인천대입구,2025-03-19,20870,10471,10399
센트럴파크(재외동포청),2025-03-19,7917,3978,3939
국제업무지구,2025-03-19,5527,2793,2734
송도달빛축제공원,2025-03-19,10355,5129,5226
계양,2025-03-20,9345,4710,4635
귤현,2025-03-20,2660,1032,1628
박촌,2025-03-20,8560,4471,4089
임학,2025-03-20,16948,8507,8441
계산,2025-03-20,21769,11026,10743
경인교대입구,2025-03-20,11920,6012,5908
작전,2025-03-20,30953,15640,15313
갈산,2025-03-20,19751,10033,9718
부평구청,2025-03-20,14314,7035,7279
부평시장,2025-03-20,29006,14426,14580
부평,2025-03-20,15852,7717,8135
동수,2025-03-20,9998,5106,4892
부평삼거리,2025-03-20,5223,2639,2584
간석오거리,2025-03-20,23110,11883,11227
인천시청,2025-03-20,11943,6051,5892
예술회관,2025-03-20,26181,12892,13289
인천터미널,2025-03-20,29150,14770,14380
문학경기장,2025-03-20,36149,16433,19716
선학,2025-03-20,13011,6547,6464
신연수,2025-03-20,12887,6524,6363
원인재,2025-03-20,6278,3302,2976
동춘,2025-03-20,21280,10452,10828
동막,2025-03-20,10791,5761,5030
캠퍼스타운,2025-03-20,13681,7091,6590
테크노파크,2025-03-20,23262,11731,11531
지식정보단지,2025-03-20,11918,5738,6180
인천대입구,2025-03-20,21612,10758,10854
센트럴파크(재외동포청),2025-03-20,9443,4701,4742
국제업무지구,2025-03-20,5639,2880,2759
송도달빛축제공원,2025-03-20,11312,5618,5694
계양,2025-03-21,9453,4684,4769
귤현,2025-03-21,2655,1057,1598
박촌,2025-03-21,8507,4459,4048
임학,2025-03-21,17361,8678,8683
계산,2025-03-21,21990,11238,10752
경인교대입구,2025-03-21,11829,5871,5958
작전,2025-03-21,31660,16089,15571
갈산,2025-03-21,19887,10180,9707
부평구청,2025-03-21,14603,7248,7355
부평시장,2025-03-21,30065,14976,15089
부평,2025-03-21,18284,8909,9375
동수,2025-03-21,10222,5263,4959
부평삼거리,2025-03-21,5247,2631,2616
간석오거리,2025-03-21,23556,12364,11192
인천시청,2025-03-21,12345,6194,6151
예술회관,2025-03-21,27512,13293,14219
인천터미널,2025-03-21,33655,16606,17049
문학경기장,2025-03-21,39524,17565,21959
선학,2025-03-21,13748,6950,6798
신연수,2025-03-21,12520,6395,6125
원인재,2025-03-21,6432,3382,3050
동춘,2025-03-21,22702,11214,11488
동막,2025-03-21,10964,5900,5064
캠퍼스타운,2025-03-21,14074,7414,6660
테크노파크,2025-03-21,25230,12690,12540
지식정보단지,2025-03-21,11552,5674,5878
인천대입구,2025-03-21,20023,10108,9915
센트럴파크(재외동포청),2025-03-21,9499,4790,4709
국제업무지구,2025-03-21,5688,2879,2809
송도달빛축제공원,2025-03-21,11940,6050,5890
계양,2025-03-22,7107,3457,3650
귤현,2025-03-22,1731,779,952
박촌,2025-03-22,5885,3105,2780
임학,2025-03-22,13356,6831,6525
계산,2025-03-22,18920,9341,9579
경인교대입구,2025-03-22,9281,4662,4619
작전,2025-03-22,24845,12892,11953
갈산,2025-03-22,11421,5974,5447
부평구청,2025-03-22,10706,5260,5446
부평시장,2025-03-22,21508,10725,10783
부평,2025-03-22,16189,8169,8020
동수,2025-03-22,6591,3336,3255
부평삼거리,2025-03-22,4502,2228,2274
간석오거리,2025-03-22,17435,9165,8270
인천시청,2025-03-22,7959,4131,3828
예술회관,2025-03-22,19623,9563,10060
인천터미널,2025-03-22,30388,15064,15324
문학경기장,2025-03-22,20309,9547,10762
선학,2025-03-22,10998,5596,5402
신연수,2025-03-22,6858,3628,3230
원인재,2025-03-22,4013,2105,1908
동춘,2025-03-22,16284,8185,8099
동막,2025-03-22,6780,3621,3159
캠퍼스타운,2025-03-22,10063,5367,4696
테크노파크,2025-03-22,22431,11133,11298
지식정보단지,2025-03-22,4821,2482,2339
인천대입구,2025-03-22,13527,6763,6764
센트럴파크(재외동포청),2025-03-22,8485,4230,4255
국제업무지구,2025-03-22,2774,1467,1307
송도달빛축제공원,2025-03-22,9388,4790,4598
계양,2025-03-23,5443,2565,2878
귤현,2025-03-23,1222,552,670
박촌,2025-03-23,4530,2367,2163
임학,2025-03-23,9426,4851,4575
계산,2025-03-23,14325,7048,7277
경인교대입구,2025-03-23,7470,3710,3760
작전,2025-03-23,16656,8599,8057
갈산,2025-03-23,7221,3731,3490
부평구청,2025-03-23,7805,3888,3917
부평시장,2025-03-23,16254,8037,8217
부평,2025-03-23,10945,5640,5305
동수,2025-03-23,5222,2682,2540
부평삼거리,2025-03-23,3660,1805,1855
간석오거리,2025-03-23,13094,6886,6208
인천시청,2025-03-23,6079,3105,2974
예술회관,2025-03-23,12692,6292,6400
인천터미널,2025-03-23,24428,12500,11928
문학경기장,2025-03-23,17015,8314,8701
선학,2025-03-23,8475,4195,4280
신연수,2025-03-23,4948,2543,2405
원인재,2025-03-23,2648,1370,1278
동춘,2025-03-23,9810,4870,4940
동막,2025-03-23,4422,2289,2133
캠퍼스타운,2025-03-23,7256,3429,3827
테크노파크,2025-03-23,16968,8351,8617
지식정보단지,2025-03-23,3417,1723,1694
인천대입구,2025-03-23,9315,4408,4907
센트럴파크(재외동포청),2025-03-23,5220,2589,2631
국제업무지구,2025-03-23,1849,980,869
송도달빛축제공원,2025-03-23,6745,3357,3388
계양,2025-03-24,8678,4353,4325
귤현,2025-03-24,2618,1013,1605
박촌,2025-03-24,8044,4210,3834
임학,2025-03-24,16461,8378,8083
계산,2025-03-24,21709,11056,10653
경인교대입구,2025-03-24,11481,5718,5763
작전,2025-03-24,30267,15340,14927
갈산,2025-03-24,19045,9671,9374
부평구청,2025-03-24,13823,6837,6986
부평시장,2025-03-24,27576,13796,13780
부평,2025-03-24,13151,6583,6568
동수,2025-03-24,9813,4959,4854
부평삼거리,2025-03-24,5288,2633,2655
간석오거리,2025-03-24,22017,11476,10541
인천시청,2025-03-24,11489,5795,5694
예술회관,2025-03-24,24708,12222,12486
인천터미널,2025-03-24,25281,12220,13061
문학경기장,2025-03-24,3678,1839,1839
선학,2025-03-24,12112,6064,6048
신연수,2025-03-24,12420,6315,6105
원인재,2025-03-24,6094,3267,2827
동춘,2025-03-24,20901,10291,10610
동막,2025-03-24,10739,5663,5076
캠퍼스타운,2025-03-24,12959,6331,6628
테크노파크,2025-03-24,22596,11407,11189
지식정보단지,2025-03-24,11797,5675,6122
인천대입구,2025-03-24,20215,10086,10129
센트럴파크(재외동포청),2025-03-24,7643,3869,3774
국제업무지구,2025-03-24,5442,2804,2638
송도달빛축제공원,2025-03-24,10295,5150,5145
계양,2025-03-25,9142,4577,4565
귤현,2025-03-25,2626,1013,1613
박촌,2025-03-25,8417,4364,4053
임학,2025-03-25,16776,8416,8360
계산,2025-03-25,21011,10664,10347
경인교대입구,2025-03-25,11854,5945,5909
작전,2025-03-25,30787,15518,15269
갈산,2025-03-25,19644,10081,9563
부평구청,2025-03-25,14325,7075,7250
부평시장,2025-03-25,28970,14458,14512
부평,2025-03-25,13681,6833,6848
동수,2025-03-25,10180,5141,5039
부평삼거리,2025-03-25,5378,2745,2633
간석오거리,2025-03-25,22696,11845,10851
인천시청,2025-03-25,12058,6103,5955
예술회관,2025-03-25,25333,12509,12824
인천터미널,2025-03-25,25359,12465,12894
문학경기장,2025-03-25,13970,6689,7281
선학,2025-03-25,12573,6293,6280
신연수,2025-03-25,12741,6404,6337
원인재,2025-03-25,6304,3367,2937
동춘,2025-03-25,21677,10645,11032
동막,2025-03-25,10711,5724,4987
캠퍼스타운,2025-03-25,13024,6542,6482
테크노파크,2025-03-25,22850,11541,11309
지식정보단지,2025-03-25,11615,5582,6033
인천대입구,2025-03-25,21096,10504,10592
센트럴파크(재외동포청),2025-03-25,8105,4123,3982
국제업무지구,2025-03-25,5547,2815,2732
송도달빛축제공원,2025-03-25,10462,5228,5234
계양,2025-03-26,9324,4683,4641
귤현,2025-03-26,2630,1007,1623
박촌,2025-03-26,8488,4419,4069
임학,2025-03-26,16923,8556,8367
계산,2025-03-26,22206,11342,10864
경인교대입구,2025-03-26,11713,5821,5892
작전,2025-03-26,31271,15847,15424
갈산,2025-03-26,19835,10131,9704
부평구청,2025-03-26,14461,7084,7377
부평시장,2025-03-26,28837,14344,14493
부평,2025-03-26,14044,6998,7046
동수,2025-03-26,10192,5196,4996
부평삼거리,2025-03-26,5384,2742,2642
간석오거리,2025-03-26,22910,11888,11022
인천시청,2025-03-26,11961,5970,5991
예술회관,2025-03-26,25513,12596,12917
인천터미널,2025-03-26,25792,12723,13069
문학경기장,2025-03-26,14933,7068,7865
선학,2025-03-26,12698,6350,6348
신연수,2025-03-26,12824,6537,6287
원인재,2025-03-26,6197,3350,2847
동춘,2025-03-26,21384,10462,10922
동막,2025-03-26,10734,5781,4953
캠퍼스타운,2025-03-26,13098,6678,6420
테크노파크,2025-03-26,23494,11854,11640
지식정보단지,2025-03-26,11785,5723,6062
인천대입구,2025-03-26,20847,10410,10437
센트럴파크(재외동포청),2025-03-26,8145,4121,4024
국제업무지구,2025-03-26,5386,2726,2660
송도달빛축제공원,2025-03-26,10671,5343,5328
계양,2025-03-27,8981,4456,4525
귤현,2025-03-27,2616,1005,1611
박촌,2025-03-27,8395,4341,4054
임학,2025-03-27,16442,8227,8215
계산,2025-03-27,21003,10703,10300
경인교대입구,2025-03-27,11773,5945,5828
작전,2025-03-27,30175,15180,14995
갈산,2025-03-27,19622,10086,9536
부평구청,2025-03-27,14071,7011,7060
부평시장,2025-03-27,28552,14308,14244
부평,2025-03-27,13760,6903,6857
동수,2025-03-27,10074,5076,4998
부평삼거리,2025-03-27,5173,2634,2539
간석오거리,2025-03-27,22368,11647,10721
인천시청,2025-03-27,11908,6011,5897
예술회관,2025-03-27,24918,12262,12656
인천터미널,2025-03-27,25840,12842,12998
문학경기장,2025-03-27,13912,6641,7271
선학,2025-03-27,12418,6215,6203
신연수,2025-03-27,12331,6202,6129
원인재,2025-03-27,6016,3246,2770
동춘,2025-03-27,20852,10226,10626
동막,2025-03-27,10670,5738,4932
캠퍼스타운,2025-03-27,13493,7021,6472
테크노파크,2025-03-27,23101,11628,11473
지식정보단지,2025-03-27,11534,5573,5961
인천대입구,2025-03-27,20287,10192,10095
센트럴파크(재외동포청),2025-03-27,7807,3905,3902
국제업무지구,2025-03-27,5486,2773,2713
송도달빛축제공원,2025-03-27,10397,5171,5226
계양,2025-03-28,9103,4495,4608
귤현,2025-03-28,2557,1017,1540
박촌,2025-03-28,8305,4337,3968
임학,2025-03-28,17231,8685,8546
계산,2025-03-28,21291,10756,10535
경인교대입구,2025-03-28,11300,5582,5718
작전,2025-03-28,31724,15995,15729
갈산,2025-03-28,19379,9922,9457
부평구청,2025-03-28,14114,7038,7076
부평시장,2025-03-28,29270,14547,14723
부평,2025-03-28,15649,7650,7999
동수,2025-03-28,9881,5023,4858
부평삼거리,2025-03-28,5583,2805,2778
간석오거리,2025-03-28,22661,11831,10830
인천시청,2025-03-28,11787,5980,5807
예술회관,2025-03-28,25899,12696,13203
인천터미널,2025-03-28,29862,14543,15319
문학경기장,2025-03-28,3505,1800,1705
선학,2025-03-28,13102,6628,6474
신연수,2025-03-28,12353,6328,6025
원인재,2025-03-28,6241,3301,2940
동춘,2025-03-28,22042,10701,11341
동막,2025-03-28,10694,5748,4946
캠퍼스타운,2025-03-28,13461,7019,6442
테크노파크,2025-03-28,24152,12226,11926
지식정보단지,2025-03-28,11373,5531,5842
인천대입구,2025-03-28,18709,9422,9287
센트럴파크(재외동포청),2025-03-28,8257,4130,4127
국제업무지구,2025-03-28,5678,2866,2812
송도달빛축제공원,2025-03-28,10770,5435,5335
계양,2025-03-29,6341,3021,3320
귤현,2025-03-29,1577,710,867
박촌,2025-03-29,5553,2939,2614
임학,2025-03-29,12123,6165,5958
계산,2025-03-29,16987,8522,8465
경인교대입구,2025-03-29,8721,4463,4258
작전,2025-03-29,23315,11992,11323
갈산,2025-03-29,10588,5440,5148
부평구청,2025-03-29,9829,4812,5017
부평시장,2025-03-29,19831,9836,9995
부평,2025-03-29,14359,7193,7166
동수,2025-03-29,6316,3174,3142
부평삼거리,2025-03-29,4174,2054,2120
간석오거리,2025-03-29,16241,8384,7857
인천시청,2025-03-29,7435,3757,3678
예술회관,2025-03-29,17298,8331,8967
인천터미널,2025-03-29,26049,12623,13426
문학경기장,2025-03-29,2529,1233,1296
선학,2025-03-29,9945,5049,4896
신연수,2025-03-29,6273,3262,3011
원인재,2025-03-29,3659,1942,1717
동춘,2025-03-29,15250,7622,7628
동막,2025-03-29,6067,3286,2781
캠퍼스타운,2025-03-29,9018,4670,4348
테크노파크,2025-03-29,19204,9626,9578
지식정보단지,2025-03-29,4450,2261,2189
인천대입구,2025-03-29,11174,5512,5662
센트럴파크(재외동포청),2025-03-29,7232,3572,3660
국제업무지구,2025-03-29,2717,1422,1295
송도달빛축제공원,2025-03-29,7830,3997,3833
계양,2025-03-30,4879,2308,2571
귤현,2025-03-30,1141,518,623
박촌,2025-03-30,4175,2155,2020
임학,2025-03-30,8809,4508,4301
계산,2025-03-30,12958,6447,6511
경인교대입구,2025-03-30,7195,3521,3674
작전,2025-03-30,15668,8017,7651
갈산,2025-03-30,7225,3717,3508
부평구청,2025-03-30,7074,3459,3615
부평시장,2025-03-30,14906,7354,7552
부평,2025-03-30,10100,5289,4811
동수,2025-03-30,4761,2412,2349
부평삼거리,2025-03-30,3185,1600,1585
간석오거리,2025-03-30,12240,6407,5833
인천시청,2025-03-30,5976,3060,2916
예술회관,2025-03-30,12706,6152,6554
인천터미널,2025-03-30,22087,11287,10800
문학경기장,2025-03-30,11539,5482,6057
선학,2025-03-30,9351,4848,4503
신연수,2025-03-30,5008,2551,2457
원인재,2025-03-30,3057,1569,1488
동춘,2025-03-30,11850,5956,5894
동막,2025-03-30,4491,2337,2154
캠퍼스타운,2025-03-30,7376,3571,3805
테크노파크,2025-03-30,15790,7736,8054
지식정보단지,2025-03-30,3382,1663,1719
인천대입구,2025-03-30,8496,3972,4524
센트럴파크(재외동포청),2025-03-30,4828,2361,2467
국제업무지구,2025-03-30,1751,958,793
송도달빛축제공원,2025-03-30,6490,3244,3246
계양,2025-03-31,8702,4331,4371
귤현,2025-03-31,2514,987,1527
박촌,2025-03-31,7906,4109,3797
임학,2025-03-31,16021,8142,7879
계산,2025-03-31,20973,10700,10273
경인교대입구,2025-03-31,11402,5663,5739
작전,2025-03-31,30029,15164,14865
갈산,2025-03-31,19170,9784,9386
부평구청,2025-03-31,13606,6717,6889
부평시장,2025-03-31,28119,14044,14075
부평,2025-03-31,13533,6803,6730
동수,2025-03-31,9712,4957,4755
부평삼거리,2025-03-31,5506,2767,2739
간석오거리,2025-03-31,21513,11179,10334
인천시청,2025-03-31,11156,5621,5535
예술회관,2025-03-31,23851,11794,12057
인천터미널,2025-03-31,25242,12310,12932
문학경기장,2025-03-31,3569,1768,1801
선학,2025-03-31,11859,5906,5953
신연수,2025-03-31,11995,6099,5896
원인재,2025-03-31,5689,3024,2665
동춘,2025-03-31,20144,9886,10258
동막,2025-03-31,10333,5462,4871
캠퍼스타운,2025-03-31,12549,6072,6477
테크노파크,2025-03-31,22182,11125,11057
지식정보단지,2025-03-31,11496,5568,5928
인천대입구,2025-03-31,19570,9653,9917
센트럴파크(재외동포청),2025-03-31,7450,3752,3698
국제업무지구,2025-03-31,5621,2863,2758
송도달빛축제공원,2025-03-31,10060,5010,5050
계양,2025-04-01,8851,4421,4430
귤현,2025-04-01,2611,982,1629
박촌,2025-04-01,8421,4441,3980
임학,2025-04-01,16714,8410,8304
계산,2025-04-01,20884,10525,10359
경인교대입구,2025-04-01,11688,5843,5845
작전,2025-04-01,30314,15400,14914
갈산,2025-04-01,19236,9803,9433
부평구청,2025-04-01,14105,6946,7159
부평시장,2025-04-01,28352,14189,14163
부평,2025-04-01,13377,6792,6585
동수,2025-04-01,9951,5061,4890
부평삼거리,2025-04-01,5540,2775,2765
간석오거리,2025-04-01,22204,11466,10738
인천시청,2025-04-01,11558,5833,5725
예술회관,2025-04-01,24189,11972,12217
인천터미널,2025-04-01,24610,12174,12436
문학경기장,2025-04-01,3972,1936,2036
선학,2025-04-01,12029,6031,5998
신연수,2025-04-01,12328,6263,6065
원인재,2025-04-01,6161,3252,2909
동춘,2025-04-01,20677,10195,10482
동막,2025-04-01,10389,5580,4809
캠퍼스타운,2025-04-01,12642,6284,6358
테크노파크,2025-04-01,22353,11228,11125
지식정보단지,2025-04-01,11519,5527,5992
인천대입구,2025-04-01,19871,9928,9943
센트럴파크(재외동포청),2025-04-01,7137,3572,3565
국제업무지구,2025-04-01,5556,2827,2729
송도달빛축제공원,2025-04-01,10296,5195,5101
계양,2025-04-02,8827,4470,4357
귤현,2025-04-02,2619,1011,1608
박촌,2025-04-02,8351,4271,4080
임학,2025-04-02,16658,8428,8230
계산,2025-04-02,21470,10871,10599
경인교대입구,2025-04-02,11612,5811,5801
작전,2025-04-02,30447,15368,15079
갈산,2025-04-02,19365,9908,9457
부평구청,2025-04-02,13916,6861,7055
부평시장,2025-04-02,27890,13850,14040
부평,2025-04-02,13357,6754,6603
동수,2025-04-02,10061,5104,4957
부평삼거리,2025-04-02,5392,2736,2656
간석오거리,2025-04-02,22203,11560,10643
인천시청,2025-04-02,11793,5901,5892
예술회관,2025-04-02,24724,12233,12491
인천터미널,2025-04-02,24492,11931,12561
문학경기장,2025-04-02,3669,1831,1838
선학,2025-04-02,12234,6076,6158
신연수,2025-04-02,12400,6296,6104
원인재,2025-04-02,6138,3296,2842
동춘,2025-04-02,20684,10234,10450
동막,2025-04-02,10656,5648,5008
캠퍼스타운,2025-04-02,12612,6371,6241
테크노파크,2025-04-02,22731,11340,11391
지식정보단지,2025-04-02,11964,5795,6169
인천대입구,2025-04-02,20104,10123,9981
센트럴파크(재외동포청),2025-04-02,7719,3927,3792
국제업무지구,2025-04-02,5606,2855,2751
송도달빛축제공원,2025-04-02,10485,5205,5280
계양,2025-04-03,9141,4559,4582
귤현,2025-04-03,2633,1003,1630
박촌,2025-04-03,8402,4368,4034
임학,2025-04-03,17002,8548,8454
계산,2025-04-03,21662,10999,10663
경인교대입구,2025-04-03,11910,5974,5936
작전,2025-04-03,30614,15480,15134
갈산,2025-04-03,19579,9986,9593
부평구청,2025-04-03,13930,6839,7091
부평시장,2025-04-03,28521,14204,14317
부평,2025-04-03,13716,6750,6966
동수,2025-04-03,10023,5075,4948
부평삼거리,2025-04-03,5566,2783,2783
간석오거리,2025-04-03,22381,11631,10750
인천시청,2025-04-03,11686,5938,5748
예술회관,2025-04-03,24665,12220,12445
인천터미널,2025-04-03,25897,12796,13101
문학경기장,2025-04-03,3877,1980,1897
선학,2025-04-03,12599,6326,6273
신연수,2025-04-03,12548,6429,6119
원인재,2025-04-03,6124,3277,2847
동춘,2025-04-03,21010,10349,10661
동막,2025-04-03,10758,5744,5014
캠퍼스타운,2025-04-03,13403,6957,6446
테크노파크,2025-04-03,22450,11212,11238
지식정보단지,2025-04-03,11926,5751,6175
인천대입구,2025-04-03,20094,10179,9915
센트럴파크(재외동포청),2025-04-03,7943,3986,3957
국제업무지구,2025-04-03,5603,2821,2782
송도달빛축제공원,2025-04-03,10490,5227,5263
계양,2025-04-04,8909,4499,4410
귤현,2025-04-04,2806,1087,1719
박촌,2025-04-04,8602,4511,4091
임학,2025-04-04,16998,8516,8482
계산,2025-04-04,21479,10827,10652
경인교대입구,2025-04-04,11810,5886,5924
작전,2025-04-04,30812,15720,15092
갈산,2025-04-04,19346,9889,9457
부평구청,2025-04-04,13948,6885,7063
부평시장,2025-04-04,28611,14183,14428
부평,2025-04-04,15145,7356,7789
동수,2025-04-04,10034,5119,4915
부평삼거리,2025-04-04,5786,2920,2866
간석오거리,2025-04-04,22532,11691,10841
인천시청,2025-04-04,12027,6130,5897
예술회관,2025-04-04,25929,12517,13412
인천터미널,2025-04-04,29909,14520,15389
문학경기장,2025-04-04,12934,6174,6760
선학,2025-04-04,13148,6588,6560
신연수,2025-04-04,12364,6364,6000
원인재,2025-04-04,6237,3274,2963
동춘,2025-04-04,22756,11081,11675
동막,2025-04-04,10910,5982,4928
캠퍼스타운,2025-04-04,13596,7056,6540
테크노파크,2025-04-04,24269,12306,11963
지식정보단지,2025-04-04,11362,5545,5817
인천대입구,2025-04-04,18929,9608,9321
센트럴파크(재외동포청),2025-04-04,8336,4170,4166
국제업무지구,2025-04-04,5542,2813,2729
송도달빛축제공원,2025-04-04,11062,5545,5517
계양,2025-04-05,5431,2530,2901
귤현,2025-04-05,1395,642,753
박촌,2025-04-05,5061,2686,2375
임학,2025-04-05,10577,5320,5257
계산,2025-04-05,13957,7082,6875
경인교대입구,2025-04-05,8193,4104,4089
작전,2025-04-05,20601,10502,10099
갈산,2025-04-05,9752,5021,4731
부평구청,2025-04-05,8759,4281,4478
부평시장,2025-04-05,17491,8641,8850
부평,2025-04-05,12641,6299,6342
동수,2025-04-05,5714,2905,2809
부평삼거리,2025-04-05,3599,1775,1824
간석오거리,2025-04-05,14719,7675,7044
인천시청,2025-04-05,6455,3390,3065
예술회관,2025-04-05,16084,7642,8442
인천터미널,2025-04-05,24982,12143,12839
문학경기장,2025-04-05,10004,4870,5134
선학,2025-04-05,9220,4591,4629
신연수,2025-04-05,5818,3078,2740
원인재,2025-04-05,3350,1753,1597
동춘,2025-04-05,14137,6959,7178
동막,2025-04-05,5566,3048,2518
캠퍼스타운,2025-04-05,7817,4079,3738
테크노파크,2025-04-05,16911,8423,8488
지식정보단지,2025-04-05,4122,2109,2013
인천대입구,2025-04-05,10030,4969,5061
센트럴파크(재외동포청),2025-04-05,5368,2619,2749
국제업무지구,2025-04-05,2306,1232,1074
송도달빛축제공원,2025-04-05,6792,3450,3342
계양,2025-04-06,5328,2519,2809
귤현,2025-04-06,1273,593,680
박촌,2025-04-06,4652,2418,2234
임학,2025-04-06,9497,4942,4555
계산,2025-04-06,13966,6894,7072
경인교대입구,2025-04-06,7740,3813,3927
작전,2025-04-06,17158,8818,8340
갈산,2025-04-06,7323,3782,3541
부평구청,2025-04-06,8050,3950,4100
부평시장,2025-04-06,16412,8109,8303
부평,2025-04-06,10495,5550,4945
동수,2025-04-06,5141,2648,2493
부평삼거리,2025-04-06,4188,2048,2140
간석오거리,2025-04-06,13234,6862,6372
인천시청,2025-04-06,6309,3223,3086
예술회관,2025-04-06,12862,6383,6479
인천터미널,2025-04-06,23949,12224,11725
문학경기장,2025-04-06,12407,6086,6321
선학,2025-04-06,8538,4256,4282
신연수,2025-04-06,5108,2598,2510
원인재,2025-04-06,3697,1865,1832
동춘,2025-04-06,13412,6596,6816
동막,2025-04-06,4345,2294,2051
캠퍼스타운,2025-04-06,7464,3559,3905
테크노파크,2025-04-06,16422,8104,8318
지식정보단지,2025-04-06,3299,1618,1681
인천대입구,2025-04-06,9144,4329,4815
센트럴파크(재외동포청),2025-04-06,5905,2880,3025
국제업무지구,2025-04-06,1847,978,869
송도달빛축제공원,2025-04-06,6565,3285,3280
계양,2025-04-07,8940,4446,4494
귤현,2025-04-07,2676,1029,1647
박촌,2025-04-07,8148,4255,3893
임학,2025-04-07,16582,8406,8176
계산,2025-04-07,21675,11037,10638
경인교대입구,2025-04-07,11759,5847,5912
작전,2025-04-07,30666,15507,15159
갈산,2025-04-07,19045,9723,9322
부평구청,2025-04-07,14212,7054,7158
부평시장,2025-04-07,28499,14246,14253
부평,2025-04-07,13406,6728,6678
동수,2025-04-07,9783,4997,4786
부평삼거리,2025-04-07,5466,2743,2723
간석오거리,2025-04-07,21960,11364,10596
인천시청,2025-04-07,11608,5880,5728
예술회관,2025-04-07,24452,12162,12290
인천터미널,2025-04-07,25412,12394,13018
문학경기장,2025-04-07,3693,1825,1868
선학,2025-04-07,12197,6114,6083
신연수,2025-04-07,12285,6242,6043
원인재,2025-04-07,6306,3349,2957
동춘,2025-04-07,20437,10036,10401
동막,2025-04-07,10577,5677,4900
캠퍼스타운,2025-04-07,12958,6312,6646
테크노파크,2025-04-07,22185,11083,11102
지식정보단지,2025-04-07,11534,5637,5897
인천대입구,2025-04-07,19848,9864,9984
센트럴파크(재외동포청),2025-04-07,7936,4056,3880
국제업무지구,2025-04-07,5393,2724,2669
송도달빛축제공원,2025-04-07,10367,5192,5175
계양,2025-04-08,9362,4698,4664
귤현,2025-04-08,2555,969,1586
박촌,2025-04-08,8631,4525,4106
임학,2025-04-08,16971,8580,8391
계산,2025-04-08,21253,10695,10558
경인교대입구,2025-04-08,11993,6036,5957
작전,2025-04-08,31122,15738,15384
갈산,2025-04-08,19672,10106,9566
부평구청,2025-04-08,14330,7038,7292
부평시장,2025-04-08,28756,14290,14466
부평,2025-04-08,13483,6705,6778
동수,2025-04-08,10116,5135,4981
부평삼거리,2025-04-08,5560,2791,2769
간석오거리,2025-04-08,22284,11577,10707
인천시청,2025-04-08,11994,6008,5986
예술회관,2025-04-08,25058,12333,12725
인천터미널,2025-04-08,25223,12393,12830
문학경기장,2025-04-08,3705,1837,1868
선학,2025-04-08,12411,6213,6198
신연수,2025-04-08,12447,6370,6077
원인재,2025-04-08,6252,3347,2905
동춘,2025-04-08,20800,10290,10510
동막,2025-04-08,10451,5560,4891
캠퍼스타운,2025-04-08,12767,6367,6400
테크노파크,2025-04-08,22183,11038,11145
지식정보단지,2025-04-08,11828,5708,6120
인천대입구,2025-04-08,20503,10408,10095
센트럴파크(재외동포청),2025-04-08,7934,4001,3933
국제업무지구,2025-04-08,5770,2948,2822
송도달빛축제공원,2025-04-08,10485,5280,5205
계양,2025-04-09,9026,4552,4474
귤현,2025-04-09,2688,1010,1678
박촌,2025-04-09,8482,4404,4078
임학,2025-04-09,16749,8419,8330
계산,2025-04-09,21696,11049,10647
경인교대입구,2025-04-09,11596,5827,5769
작전,2025-04-09,30560,15446,15114
갈산,2025-04-09,19498,9913,9585
부평구청,2025-04-09,14368,7103,7265
부평시장,2025-04-09,28237,14094,14143
부평,2025-04-09,13475,6754,6721
동수,2025-04-09,10086,5117,4969
부평삼거리,2025-04-09,5396,2712,2684
간석오거리,2025-04-09,22343,11629,10714
인천시청,2025-04-09,11871,5922,5949
예술회관,2025-04-09,24395,12085,12310
인천터미널,2025-04-09,24811,12303,12508
문학경기장,2025-04-09,3503,1780,1723
선학,2025-04-09,12487,6267,6220
신연수,2025-04-09,12463,6301,6162
원인재,2025-04-09,6118,3294,2824
동춘,2025-04-09,20495,10085,10410
동막,2025-04-09,10673,5658,5015
캠퍼스타운,2025-04-09,12576,6328,6248
테크노파크,2025-04-09,22558,11273,11285
지식정보단지,2025-04-09,12067,5816,6251
인천대입구,2025-04-09,20024,10024,10000
센트럴파크(재외동포청),2025-04-09,7884,3955,3929
국제업무지구,2025-04-09,5610,2812,2798
송도달빛축제공원,2025-04-09,10334,5162,5172
계양,2025-04-10,9203,4617,4586
귤현,2025-04-10,2755,1068,1687
박촌,2025-04-10,8454,4363,4091
임학,2025-04-10,16871,8479,8392
계산,2025-04-10,21639,10946,10693
경인교대입구,2025-04-10,12043,6035,6008
작전,2025-04-10,30819,15588,15231
갈산,2025-04-10,19452,9919,9533
부평구청,2025-04-10,14424,7112,7312
부평시장,2025-04-10,28639,14236,14403
부평,2025-04-10,13857,6856,7001
동수,2025-04-10,9906,5055,4851
부평삼거리,2025-04-10,5483,2721,2762
간석오거리,2025-04-10,22320,11623,10697
인천시청,2025-04-10,12078,6098,5980
예술회관,2025-04-10,25400,12443,12957
인천터미널,2025-04-10,25923,12984,12939
문학경기장,2025-04-10,3545,1781,1764
선학,2025-04-10,12616,6340,6276
신연수,2025-04-10,12450,6316,6134
원인재,2025-04-10,6601,3455,3146
동춘,2025-04-10,21217,10462,10755
동막,2025-04-10,10535,5515,5020
캠퍼스타운,2025-04-10,13410,6915,6495
테크노파크,2025-04-10,22796,11423,11373
지식정보단지,2025-04-10,11950,5723,6227
인천대입구,2025-04-10,20453,10478,9975
센트럴파크(재외동포청),2025-04-10,8215,4057,4158
국제업무지구,2025-04-10,5691,2877,2814
송도달빛축제공원,2025-04-10,10593,5266,5327
계양,2025-04-11,9341,4708,4633
귤현,2025-04-11,2694,1055,1639
박촌,2025-04-11,8702,4567,4135
임학,2025-04-11,17603,8879,8724
계산,2025-04-11,21771,11013,10758
경인교대입구,2025-04-11,12045,6049,5996
작전,2025-04-11,32371,16452,15919
갈산,2025-04-11,19073,9736,9337
부평구청,2025-04-11,15169,7468,7701
부평시장,2025-04-11,29083,14549,14534
부평,2025-04-11,15180,7490,7690
동수,2025-04-11,10295,5307,4988
부평삼거리,2025-04-11,5734,2939,2795
간석오거리,2025-04-11,22797,11999,10798
인천시청,2025-04-11,12340,6247,6093
예술회관,2025-04-11,26500,12756,13744
인천터미널,2025-04-11,30286,14769,15517
문학경기장,2025-04-11,3703,1850,1853
선학,2025-04-11,12942,6560,6382
신연수,2025-04-11,12301,6366,5935
원인재,2025-04-11,6524,3407,3117
동춘,2025-04-11,22022,10829,11193
동막,2025-04-11,11087,5975,5112
캠퍼스타운,2025-04-11,14074,7437,6637
테크노파크,2025-04-11,24201,12144,12057
지식정보단지,2025-04-11,11566,5650,5916
인천대입구,2025-04-11,18897,9671,9226
센트럴파크(재외동포청),2025-04-11,9895,4771,5124
국제업무지구,2025-04-11,5589,2797,2792
송도달빛축제공원,2025-04-11,11024,5571,5453
계양,2025-04-12,6148,2939,3209
귤현,2025-04-12,1554,707,847
박촌,2025-04-12,5486,2845,2641
임학,2025-04-12,11746,5988,5758
계산,2025-04-12,15851,7948,7903
경인교대입구,2025-04-12,8582,4320,4262
작전,2025-04-12,22075,11329,10746
갈산,2025-04-12,10439,5387,5052
부평구청,2025-04-12,9374,4509,4865
부평시장,2025-04-12,18894,9316,9578
부평,2025-04-12,13178,6582,6596
동수,2025-04-12,6148,3057,3091
부평삼거리,2025-04-12,3941,1955,1986
간석오거리,2025-04-12,15522,8028,7494
인천시청,2025-04-12,7294,3708,3586
예술회관,2025-04-12,16333,7841,8492
인천터미널,2025-04-12,25232,12369,12863
문학경기장,2025-04-12,2786,1386,1400
선학,2025-04-12,9501,4716,4785
신연수,2025-04-12,5964,3112,2852
원인재,2025-04-12,3510,1847,1663
동춘,2025-04-12,13731,6907,6824
동막,2025-04-12,6043,3230,2813
캠퍼스타운,2025-04-12,8242,4363,3879
테크노파크,2025-04-12,17779,8826,8953
지식정보단지,2025-04-12,4324,2169,2155
인천대입구,2025-04-12,11028,5404,5624
센트럴파크(재외동포청),2025-04-12,6134,3063,3071
국제업무지구,2025-04-12,2484,1278,1206
송도달빛축제공원,2025-04-12,6968,3493,3475
계양,2025-04-13,4396,1984,2412
귤현,2025-04-13,1031,455,576
박촌,2025-04-13,4087,2068,2019
임학,2025-04-13,8102,4142,3960
계산,2025-04-13,11380,5745,5635
경인교대입구,2025-04-13,6761,3313,3448
작전,2025-04-13,14467,7421,7046
갈산,2025-04-13,6566,3374,3192
부평구청,2025-04-13,6486,3164,3322
부평시장,2025-04-13,13704,6785,6919
부평,2025-04-13,9136,4787,4349
동수,2025-04-13,4640,2321,2319
부평삼거리,2025-04-13,3063,1549,1514
간석오거리,2025-04-13,11367,5892,5475
인천시청,2025-04-13,5304,2718,2586
예술회관,2025-04-13,10797,5308,5489
인천터미널,2025-04-13,20949,10710,10239
문학경기장,2025-04-13,1618,812,806
선학,2025-04-13,7415,3643,3772
신연수,2025-04-13,4366,2221,2145
원인재,2025-04-13,2445,1249,1196
동춘,2025-04-13,8635,4311,4324
동막,2025-04-13,4128,2187,1941
캠퍼스타운,2025-04-13,6086,2907,3179
테크노파크,2025-04-13,14350,7063,7287
지식정보단지,2025-04-13,2994,1459,1535
인천대입구,2025-04-13,8314,3975,4339
센트럴파크(재외동포청),2025-04-13,5559,2692,2867
국제업무지구,2025-04-13,1746,947,799
송도달빛축제공원,2025-04-13,5392,2608,2784
계양,2025-04-14,8091,4038,4053
귤현,2025-04-14,2398,931,1467
박촌,2025-04-14,7665,3988,3677
임학,2025-04-14,15363,7764,7599
계산,2025-04-14,19581,10060,9521
경인교대입구,2025-04-14,10922,5393,5529
작전,2025-04-14,26927,13659,13268
갈산,2025-04-14,18536,9440,9096
부평구청,2025-04-14,12974,6496,6478
부평시장,2025-04-14,26472,13241,13231
부평,2025-04-14,12802,6533,6269
동수,2025-04-14,9735,4959,4776
부평삼거리,2025-04-14,4724,2373,2351
간석오거리,2025-04-14,20266,10529,9737
인천시청,2025-04-14,11001,5578,5423
예술회관,2025-04-14,22890,11365,11525
인천터미널,2025-04-14,21200,10207,10993
문학경기장,2025-04-14,3174,1593,1581
선학,2025-04-14,11283,5666,5617
신연수,2025-04-14,11498,5799,5699
원인재,2025-04-14,5532,3006,2526
동춘,2025-04-14,19531,9578,9953
동막,2025-04-14,10503,5575,4928
캠퍼스타운,2025-04-14,11993,5862,6131
테크노파크,2025-04-14,20988,10447,10541
지식정보단지,2025-04-14,11202,5414,5788
인천대입구,2025-04-14,18935,9407,9528
센트럴파크(재외동포청),2025-04-14,6996,3551,3445
국제업무지구,2025-04-14,5319,2730,2589
송도달빛축제공원,2025-04-14,9363,4630,4733
계양,2025-04-15,9170,4593,4577
귤현,2025-04-15,2631,1026,1605
박촌,2025-04-15,8492,4401,4091
임학,2025-04-15,17018,8557,8461
계산,2025-04-15,20636,10456,10180
경인교대입구,2025-04-15,11910,5904,6006
작전,2025-04-15,31293,15896,15397
갈산,2025-04-15,19848,10149,9699
부평구청,2025-04-15,14639,7230,7409
부평시장,2025-04-15,29614,14662,14952
부평,2025-04-15,13373,6616,6757
동수,2025-04-15,10747,5494,5253
부평삼거리,2025-04-15,5621,2839,2782
간석오거리,2025-04-15,22679,11733,10946
인천시청,2025-04-15,11933,5933,6000
예술회관,2025-04-15,25447,12608,12839
인천터미널,2025-04-15,25903,12686,13217
문학경기장,2025-04-15,13971,6698,7273
선학,2025-04-15,12319,6165,6154
신연수,2025-04-15,12412,6319,6093
원인재,2025-04-15,6118,3299,2819
동춘,2025-04-15,21160,10458,10702
동막,2025-04-15,10550,5630,4920
캠퍼스타운,2025-04-15,12880,6356,6524
테크노파크,2025-04-15,22776,11433,11343
지식정보단지,2025-04-15,11887,5799,6088
인천대입구,2025-04-15,20264,10263,10001
센트럴파크(재외동포청),2025-04-15,8186,4100,4086
국제업무지구,2025-04-15,5603,2825,2778
송도달빛축제공원,2025-04-15,11882,5957,5925
계양,2025-04-16,9298,4680,4618
귤현,2025-04-16,2774,1058,1716
박촌,2025-04-16,8516,4433,4083
임학,2025-04-16,17078,8628,8450
계산,2025-04-16,21989,11092,10897
경인교대입구,2025-04-16,12151,6095,6056
작전,2025-04-16,31686,16001,15685
갈산,2025-04-16,19677,10077,9600
부평구청,2025-04-16,14634,7197,7437
부평시장,2025-04-16,29102,14414,14688
부평,2025-04-16,13603,6895,6708
동수,2025-04-16,10429,5380,5049
부평삼거리,2025-04-16,5802,2930,2872
간석오거리,2025-04-16,23093,11927,11166
인천시청,2025-04-16,12028,6063,5965
예술회관,2025-04-16,25267,12482,12785
인천터미널,2025-04-16,26395,12969,13426
문학경기장,2025-04-16,14629,6964,7665
선학,2025-04-16,12667,6348,6319
신연수,2025-04-16,12785,6561,6224
원인재,2025-04-16,6502,3479,3023
동춘,2025-04-16,21503,10670,10833
동막,2025-04-16,10722,5710,5012
캠퍼스타운,2025-04-16,13155,6575,6580
테크노파크,2025-04-16,22693,11335,11358
지식정보단지,2025-04-16,12011,5823,6188
인천대입구,2025-04-16,20384,10377,10007
센트럴파크(재외동포청),2025-04-16,8102,4059,4043
국제업무지구,2025-04-16,5676,2896,2780
송도달빛축제공원,2025-04-16,10783,5359,5424
계양,2025-04-17,9390,4725,4665
귤현,2025-04-17,2685,1034,1651
박촌,2025-04-17,8430,4386,4044
임학,2025-04-17,16677,8412,8265
계산,2025-04-17,21197,10829,10368
경인교대입구,2025-04-17,12227,6154,6073
작전,2025-04-17,31002,15615,15387
갈산,2025-04-17,19824,10152,9672
부평구청,2025-04-17,14444,7146,7298
부평시장,2025-04-17,28953,14358,14595
부평,2025-04-17,13646,6798,6848
동수,2025-04-17,10128,5170,4958
부평삼거리,2025-04-17,5597,2824,2773
간석오거리,2025-04-17,22395,11624,10771
인천시청,2025-04-17,11882,6063,5819
예술회관,2025-04-17,25040,12373,12667
인천터미널,2025-04-17,26221,12993,13228
문학경기장,2025-04-17,14708,6978,7730
선학,2025-04-17,12554,6265,6289
신연수,2025-04-17,12352,6283,6069
원인재,2025-04-17,6303,3344,2959
동춘,2025-04-17,21091,10338,10753
동막,2025-04-17,10663,5699,4964
캠퍼스타운,2025-04-17,13048,6640,6408
테크노파크,2025-04-17,22220,11120,11100
지식정보단지,2025-04-17,11856,5815,6041
인천대입구,2025-04-17,20228,10169,10059
센트럴파크(재외동포청),2025-04-17,8056,4017,4039
국제업무지구,2025-04-17,5447,2747,2700
송도달빛축제공원,2025-04-17,10619,5305,5314
계양,2025-04-18,9264,4645,4619
귤현,2025-04-18,2745,1085,1660
박촌,2025-04-18,8425,4386,4039
임학,2025-04-18,17670,8938,8732
계산,2025-04-18,22011,11150,10861
경인교대입구,2025-04-18,11923,6003,5920
작전,2025-04-18,31417,15958,15459
갈산,2025-04-18,19611,10048,9563
부평구청,2025-04-18,14568,7213,7355
부평시장,2025-04-18,29020,14388,14632
부평,2025-04-18,15171,7412,7759
동수,2025-04-18,10173,5182,4991
부평삼거리,2025-04-18,5741,2888,2853
간석오거리,2025-04-18,22815,11985,10830
인천시청,2025-04-18,11976,6138,5838
예술회관,2025-04-18,26637,12896,13741
인천터미널,2025-04-18,30020,14571,15449
문학경기장,2025-04-18,15123,7153,7970
선학,2025-04-18,13575,6891,6684
신연수,2025-04-18,12194,6320,5874
원인재,2025-04-18,6667,3436,3231
동춘,2025-04-18,22094,10913,11181
동막,2025-04-18,10900,5832,5068
캠퍼스타운,2025-04-18,13567,6979,6588
테크노파크,2025-04-18,23248,11688,11560
지식정보단지,2025-04-18,11726,5791,5935
인천대입구,2025-04-18,18890,9545,9345
센트럴파크(재외동포청),2025-04-18,8456,4200,4256
국제업무지구,2025-04-18,5746,2958,2788
송도달빛축제공원,2025-04-18,11119,5561,5558
계양,2025-04-19,5740,2800,2940
귤현,2025-04-19,1422,649,773
박촌,2025-04-19,4996,2664,2332
임학,2025-04-19,10944,5593,5351
계산,2025-04-19,14298,7138,7160
경인교대입구,2025-04-19,8447,4231,4216
작전,2025-04-19,20874,10781,10093
갈산,2025-04-19,9984,5132,4852
부평구청,2025-04-19,8937,4382,4555
부평시장,2025-04-19,17925,8882,9043
부평,2025-04-19,12784,6407,6377
동수,2025-04-19,5891,3013,2878
부평삼거리,2025-04-19,3272,1612,1660
간석오거리,2025-04-19,15302,7852,7450
인천시청,2025-04-19,6884,3513,3371
예술회관,2025-04-19,16111,7819,8292
인천터미널,2025-04-19,24583,12038,12545
문학경기장,2025-04-19,11412,5455,5957
선학,2025-04-19,9191,4554,4637
신연수,2025-04-19,5735,3015,2720
원인재,2025-04-19,3904,1971,1933
동춘,2025-04-19,13522,6728,6794
동막,2025-04-19,5754,3095,2659
캠퍼스타운,2025-04-19,7642,4035,3607
테크노파크,2025-04-19,17155,8497,8658
지식정보단지,2025-04-19,4165,2127,2038
인천대입구,2025-04-19,10756,5366,5390
센트럴파크(재외동포청),2025-04-19,6584,3224,3360
국제업무지구,2025-04-19,2640,1359,1281
송도달빛축제공원,2025-04-19,6955,3511,3444
계양,2025-04-20,5775,2700,3075
귤현,2025-04-20,1268,584,684
박촌,2025-04-20,4538,2337,2201
임학,2025-04-20,9545,4852,4693
계산,2025-04-20,14128,7011,7117
경인교대입구,2025-04-20,7685,3871,3814
작전,2025-04-20,16977,8677,8300
갈산,2025-04-20,7615,3945,3670
부평구청,2025-04-20,8118,4004,4114
부평시장,2025-04-20,16618,8198,8420
부평,2025-04-20,10055,5144,4911
동수,2025-04-20,5406,2714,2692
부평삼거리,2025-04-20,3977,1955,2022
간석오거리,2025-04-20,13473,7028,6445
인천시청,2025-04-20,6506,3336,3170
예술회관,2025-04-20,13058,6401,6657
인천터미널,2025-04-20,23364,11985,11379
문학경기장,2025-04-20,13679,6692,6987
선학,2025-04-20,8698,4290,4408
신연수,2025-04-20,5153,2605,2548
원인재,2025-04-20,3314,1761,1553
동춘,2025-04-20,12445,6124,6321
동막,2025-04-20,4420,2321,2099
캠퍼스타운,2025-04-20,6946,3406,3540
테크노파크,2025-04-20,15731,7705,8026
지식정보단지,2025-04-20,3370,1671,1699
인천대입구,2025-04-20,9176,4421,4755
센트럴파크(재외동포청),2025-04-20,6187,3050,3137
국제업무지구,2025-04-20,1866,990,876
송도달빛축제공원,2025-04-20,6616,3204,3412
계양,2025-04-21,9013,4496,4517
귤현,2025-04-21,2652,1021,1631
박촌,2025-04-21,8054,4225,3829
임학,2025-04-21,16553,8465,8088
계산,2025-04-21,21386,10907,10479
경인교대입구,2025-04-21,11102,5564,5538
작전,2025-04-21,30235,15204,15031
갈산,2025-04-21,18865,9625,9240
부평구청,2025-04-21,13854,6897,6957
부평시장,2025-04-21,28302,14143,14159
부평,2025-04-21,13417,6741,6676
동수,2025-04-21,9910,5050,4860
부평삼거리,2025-04-21,5321,2673,2648
간석오거리,2025-04-21,22132,11503,10629
인천시청,2025-04-21,12252,6200,6052
예술회관,2025-04-21,24548,12202,12346
인천터미널,2025-04-21,25177,12136,13041
문학경기장,2025-04-21,3562,1790,1772
선학,2025-04-21,12149,6103,6046
신연수,2025-04-21,12284,6223,6061
원인재,2025-04-21,6053,3235,2818
동춘,2025-04-21,20646,10159,10487
동막,2025-04-21,10611,5641,4970
캠퍼스타운,2025-04-21,12717,6289,6428
테크노파크,2025-04-21,21935,10940,10995
지식정보단지,2025-04-21,11747,5696,6051
인천대입구,2025-04-21,19012,9485,9527
센트럴파크(재외동포청),2025-04-21,7837,3969,3868
국제업무지구,2025-04-21,5444,2772,2672
송도달빛축제공원,2025-04-21,10423,5209,5214
계양,2025-04-22,8165,4097,4068
귤현,2025-04-22,2491,922,1569
박촌,2025-04-22,7598,3939,3659
임학,2025-04-22,15273,7703,7570
계산,2025-04-22,18697,9469,9228
경인교대입구,2025-04-22,9974,4970,5004
작전,2025-04-22,28491,14326,14165
갈산,2025-04-22,18475,9409,9066
부평구청,2025-04-22,12828,6307,6521
부평시장,2025-04-22,25817,12891,12926
부평,2025-04-22,11899,5945,5954
동수,2025-04-22,9579,4926,4653
부평삼거리,2025-04-22,4620,2323,2297
간석오거리,2025-04-22,20467,10615,9852
인천시청,2025-04-22,11082,5589,5493
예술회관,2025-04-22,23496,11555,11941
인천터미널,2025-04-22,22454,11157,11297
문학경기장,2025-04-22,3312,1616,1696
선학,2025-04-22,11274,5626,5648
신연수,2025-04-22,11573,5821,5752
원인재,2025-04-22,5659,3070,2589
동춘,2025-04-22,19012,9305,9707
동막,2025-04-22,9831,5232,4599
캠퍼스타운,2025-04-22,11054,5531,5523
테크노파크,2025-04-22,20703,10395,10308
지식정보단지,2025-04-22,11178,5395,5783
인천대입구,2025-04-22,18701,9394,9307
센트럴파크(재외동포청),2025-04-22,7006,3523,3483
국제업무지구,2025-04-22,5421,2792,2629
송도달빛축제공원,2025-04-22,9462,4674,4788
계양,2025-04-23,9300,4642,4658
귤현,2025-04-23,2730,1059,1671
박촌,2025-04-23,8442,4388,4054
임학,2025-04-23,17025,8656,8369
계산,2025-04-23,22394,11397,10997
경인교대입구,2025-04-23,11223,5603,5620
작전,2025-04-23,31257,15798,15459
갈산,2025-04-23,19671,10052,9619
부평구청,2025-04-23,14631,7198,7433
부평시장,2025-04-23,28925,14281,14644
부평,2025-04-23,13842,6930,6912
동수,2025-04-23,10251,5239,5012
부평삼거리,2025-04-23,5527,2755,2772
간석오거리,2025-04-23,22725,11808,10917
인천시청,2025-04-23,12176,6098,6078
예술회관,2025-04-23,25408,12467,12941
인천터미널,2025-04-23,25744,12611,13133
문학경기장,2025-04-23,3785,1893,1892
선학,2025-04-23,12573,6270,6303
신연수,2025-04-23,12599,6414,6185
원인재,2025-04-23,6407,3413,2994
동춘,2025-04-23,21506,10590,10916
동막,2025-04-23,11023,5843,5180
캠퍼스타운,2025-04-23,12938,6518,6420
테크노파크,2025-04-23,22706,11372,11334
지식정보단지,2025-04-23,11893,5796,6097
인천대입구,2025-04-23,19811,10011,9800
센트럴파크(재외동포청),2025-04-23,8590,4302,4288
국제업무지구,2025-04-23,5607,2850,2757
송도달빛축제공원,2025-04-23,10928,5427,5501
계양,2025-04-24,9349,4675,4674
귤현,2025-04-24,2704,1024,1680
박촌,2025-04-24,8411,4379,4032
임학,2025-04-24,16978,8572,8406
계산,2025-04-24,22016,11273,10743
경인교대입구,2025-04-24,11189,5523,5666
작전,2025-04-24,30727,15472,15255
갈산,2025-04-24,19676,10037,9639
부평구청,2025-04-24,14174,6938,7236
부평시장,2025-04-24,28351,14099,14252
부평,2025-04-24,14088,7048,7040
동수,2025-04-24,10142,5126,5016
부평삼거리,2025-04-24,5552,2785,2767
간석오거리,2025-04-24,22763,11870,10893
인천시청,2025-04-24,12136,6075,6061
예술회관,2025-04-24,25505,12608,12897
인천터미널,2025-04-24,26329,13113,13216
문학경기장,2025-04-24,3816,1933,1883
선학,2025-04-24,12787,6410,6377
신연수,2025-04-24,12417,6316,6101
원인재,2025-04-24,6238,3304,2934
동춘,2025-04-24,21480,10636,10844
동막,2025-04-24,10999,5819,5180
캠퍼스타운,2025-04-24,13215,6746,6469
테크노파크,2025-04-24,23586,11750,11836
지식정보단지,2025-04-24,11940,5839,6101
인천대입구,2025-04-24,20142,10185,9957
센트럴파크(재외동포청),2025-04-24,8942,4449,4493
국제업무지구,2025-04-24,5624,2838,2786
송도달빛축제공원,2025-04-24,10708,5330,5378
계양,2025-04-25,9538,4768,4770
귤현,2025-04-25,2798,1086,1712
박촌,2025-04-25,9020,4717,4303
임학,2025-04-25,17476,8738,8738
계산,2025-04-25,21675,10978,10697
경인교대입구,2025-04-25,11669,5770,5899
작전,2025-04-25,31975,16278,15697
갈산,2025-04-25,19928,10140,9788
부평구청,2025-04-25,14566,7244,7322
부평시장,2025-04-25,29505,14491,15014
부평,2025-04-25,15648,7728,7920
동수,2025-04-25,10211,5285,4926
부평삼거리,2025-04-25,5615,2813,2802
간석오거리,2025-04-25,22939,12049,10890
인천시청,2025-04-25,11915,6048,5867
예술회관,2025-04-25,27139,13094,14045
인천터미널,2025-04-25,31283,15343,15940
문학경기장,2025-04-25,12518,5916,6602
선학,2025-04-25,13256,6571,6685
신연수,2025-04-25,12414,6348,6066
원인재,2025-04-25,6467,3388,3079
동춘,2025-04-25,22548,11131,11417
동막,2025-04-25,11209,5997,5212
캠퍼스타운,2025-04-25,13304,6763,6541
테크노파크,2025-04-25,25256,12806,12450
지식정보단지,2025-04-25,11482,5588,5894
인천대입구,2025-04-25,18712,9461,9251
센트럴파크(재외동포청),2025-04-25,8984,4450,4534
국제업무지구,2025-04-25,5749,2906,2843
송도달빛축제공원,2025-04-25,11320,5719,5601
계양,2025-04-26,7597,3613,3984
귤현,2025-04-26,1797,799,998
박촌,2025-04-26,5972,3197,2775
임학,2025-04-26,13162,6795,6367
계산,2025-04-26,19119,9513,9606
경인교대입구,2025-04-26,9401,4769,4632
작전,2025-04-26,24606,12651,11955
갈산,2025-04-26,11934,6118,5816
부평구청,2025-04-26,10560,5160,5400
부평시장,2025-04-26,21180,10541,10639
부평,2025-04-26,14779,7425,7354
동수,2025-04-26,6730,3432,3298
부평삼거리,2025-04-26,4519,2216,2303
간석오거리,2025-04-26,17423,9184,8239
인천시청,2025-04-26,7895,4069,3826
예술회관,2025-04-26,19161,9111,10050
인천터미널,2025-04-26,28915,13987,14928
문학경기장,2025-04-26,14762,7061,7701
선학,2025-04-26,11123,5649,5474
신연수,2025-04-26,7061,3685,3376
원인재,2025-04-26,4543,2364,2179
동춘,2025-04-26,16469,8227,8242
동막,2025-04-26,6756,3586,3170
캠퍼스타운,2025-04-26,9189,4849,4340
테크노파크,2025-04-26,21409,10584,10825
지식정보단지,2025-04-26,4682,2456,2226
인천대입구,2025-04-26,13479,6749,6730
센트럴파크(재외동포청),2025-04-26,7955,3926,4029
국제업무지구,2025-04-26,2850,1485,1365
송도달빛축제공원,2025-04-26,8783,4461,4322
계양,2025-04-27,5461,2555,2906
귤현,2025-04-27,1280,585,695
박촌,2025-04-27,4491,2314,2177
임학,2025-04-27,9236,4696,4540
계산,2025-04-27,14100,6964,7136
경인교대입구,2025-04-27,7573,3731,3842
작전,2025-04-27,16469,8390,8079
갈산,2025-04-27,7547,3851,3696
부평구청,2025-04-27,7668,3774,3894
부평시장,2025-04-27,16224,7999,8225
부평,2025-04-27,9948,5206,4742
동수,2025-04-27,5223,2612,2611
부평삼거리,2025-04-27,3547,1763,1784
간석오거리,2025-04-27,12649,6551,6098
인천시청,2025-04-27,6207,3168,3039
예술회관,2025-04-27,12373,6183,6190
인천터미널,2025-04-27,23259,11856,11403
문학경기장,2025-04-27,10406,5059,5347
선학,2025-04-27,8259,4121,4138
신연수,2025-04-27,4836,2489,2347
원인재,2025-04-27,3232,1705,1527
동춘,2025-04-27,9595,4732,4863
동막,2025-04-27,4488,2356,2132
캠퍼스타운,2025-04-27,6521,3164,3357
테크노파크,2025-04-27,16296,8013,8283
지식정보단지,2025-04-27,3229,1545,1684
인천대입구,2025-04-27,9436,4543,4893
센트럴파크(재외동포청),2025-04-27,5575,2699,2876
국제업무지구,2025-04-27,1892,1025,867
송도달빛축제공원,2025-04-27,6419,3141,3278
계양,2025-04-28,9065,4622,4443
귤현,2025-04-28,2687,1049,1638
박촌,2025-04-28,8279,4371,3908
임학,2025-04-28,16970,8604,8366
계산,2025-04-28,21760,11041,10719
경인교대입구,2025-04-28,11795,5897,5898
작전,2025-04-28,30885,15677,15208
갈산,2025-04-28,19264,9866,9398
부평구청,2025-04-28,14056,6930,7126
부평시장,2025-04-28,28586,14234,14352
부평,2025-04-28,13742,6871,6871
동수,2025-04-28,10091,5125,4966
부평삼거리,2025-04-28,5396,2753,2643
간석오거리,2025-04-28,22109,11481,10628
인천시청,2025-04-28,11497,5768,5729
예술회관,2025-04-28,24867,12297,12570
인천터미널,2025-04-28,26249,12655,13594
문학경기장,2025-04-28,3696,1814,1882
선학,2025-04-28,12363,6212,6151
신연수,2025-04-28,12333,6239,6094
원인재,2025-04-28,6694,3607,3087
동춘,2025-04-28,21191,10428,10763
동막,2025-04-28,10628,5670,4958
캠퍼스타운,2025-04-28,12764,6327,6437
테크노파크,2025-04-28,23097,11525,11572
지식정보단지,2025-04-28,11645,5626,6019
인천대입구,2025-04-28,20251,10105,10146
센트럴파크(재외동포청),2025-04-28,8032,4048,3984
국제업무지구,2025-04-28,5608,2869,2739
송도달빛축제공원,2025-04-28,10669,5267,5402
계양,2025-04-29,9496,4761,4735
귤현,2025-04-29,2901,1117,1784
박촌,2025-04-29,8458,4421,4037
임학,2025-04-29,17100,8650,8450
계산,2025-04-29,21737,10987,10750
경인교대입구,2025-04-29,11812,5879,5933
작전,2025-04-29,31233,15799,15434
갈산,2025-04-29,19577,9936,9641
부평구청,2025-04-29,14478,7115,7363
부평시장,2025-04-29,29380,14586,14794
부평,2025-04-29,13870,7036,6834
동수,2025-04-29,10394,5261,5133
부평삼거리,2025-04-29,5529,2799,2730
간석오거리,2025-04-29,22784,11796,10988
인천시청,2025-04-29,12388,6273,6115
예술회관,2025-04-29,25321,12523,12798
인천터미널,2025-04-29,26264,12854,13410
문학경기장,2025-04-29,15464,7515,7949
선학,2025-04-29,12566,6339,6227
신연수,2025-04-29,12596,6367,6229
원인재,2025-04-29,6272,3305,2967
동춘,2025-04-29,21490,10645,10845
동막,2025-04-29,10618,5685,4933
캠퍼스타운,2025-04-29,13575,6771,6804
테크노파크,2025-04-29,24289,12232,12057
지식정보단지,2025-04-29,11952,5813,6139
인천대입구,2025-04-29,20964,10510,10454
센트럴파크(재외동포청),2025-04-29,8499,4233,4266
국제업무지구,2025-04-29,5797,2949,2848
송도달빛축제공원,2025-04-29,11170,5527,5643
계양,2025-04-30,9926,4928,4998
귤현,2025-04-30,2809,1119,1690
박촌,2025-04-30,8744,4576,4168
임학,2025-04-30,17469,8890,8579
계산,2025-04-30,22744,11571,11173
경인교대입구,2025-04-30,12378,6127,6251
작전,2025-04-30,32177,16429,15748
갈산,2025-04-30,19897,10178,9719
부평구청,2025-04-30,14811,7307,7504
부평시장,2025-04-30,29941,14907,15034
부평,2025-04-30,15169,7416,7753
동수,2025-04-30,10359,5282,5077
부평삼거리,2025-04-30,5705,2885,2820
간석오거리,2025-04-30,23154,12110,11044
인천시청,2025-04-30,12610,6363,6247
예술회관,2025-04-30,27185,13026,14159
인천터미널,2025-04-30,28872,14276,14596
문학경기장,2025-04-30,18298,8698,9600
선학,2025-04-30,13328,6774,6554
신연수,2025-04-30,13211,6788,6423
원인재,2025-04-30,6312,3313,2999
동춘,2025-04-30,22292,10950,11342
동막,2025-04-30,10838,5878,4960
캠퍼스타운,2025-04-30,13885,7014,6871
테크노파크,2025-04-30,25593,12818,12775
지식정보단지,2025-04-30,12427,6004,6423
인천대입구,2025-04-30,21577,10745,10832
센트럴파크(재외동포청),2025-04-30,8795,4384,4411
국제업무지구,2025-04-30,5714,2887,2827
송도달빛축제공원,2025-04-30,11850,5891,5959
계양,2025-05-01,5640,2620,3020
귤현,2025-05-01,1578,674,904
박촌,2025-05-01,5572,2854,2718
임학,2025-05-01,10873,5475,5398
계산,2025-05-01,14607,7453,7154
경인교대입구,2025-05-01,8568,4309,4259
작전,2025-05-01,20630,10372,10258
갈산,2025-05-01,8966,4588,4378
부평구청,2025-05-01,8973,4429,4544
부평시장,2025-05-01,18338,9086,9252
부평,2025-05-01,12249,6268,5981
동수,2025-05-01,5848,2971,2877
부평삼거리,2025-05-01,3710,1902,1808
간석오거리,2025-05-01,15057,7855,7202
인천시청,2025-05-01,8644,4365,4279
예술회관,2025-05-01,17111,8280,8831
인천터미널,2025-05-01,24153,11903,12250
문학경기장,2025-05-01,17757,8701,9056
선학,2025-05-01,8879,4448,4431
신연수,2025-05-01,6921,3549,3372
원인재,2025-05-01,3276,1686,1590
동춘,2025-05-01,14037,6888,7149
동막,2025-05-01,6218,3331,2887
캠퍼스타운,2025-05-01,9463,5224,4239
테크노파크,2025-05-01,18356,9147,9209
지식정보단지,2025-05-01,6239,3126,3113
인천대입구,2025-05-01,16159,8152,8007
센트럴파크(재외동포청),2025-05-01,6249,3090,3159
국제업무지구,2025-05-01,3803,1862,1941
송도달빛축제공원,2025-05-01,16708,7876,8832
계양,2025-05-02,8625,4245,4380
귤현,2025-05-02,2433,989,1444
박촌,2025-05-02,7895,4110,3785
임학,2025-05-02,16277,8241,8036
계산,2025-05-02,19885,10023,9862
경인교대입구,2025-05-02,11242,5724,5518
작전,2025-05-02,30153,15336,14817
갈산,2025-05-02,15942,8165,7777
부평구청,2025-05-02,13700,6732,6968
부평시장,2025-05-02,28012,13900,14112
부평,2025-05-02,16231,8011,8220
동수,2025-05-02,9351,4760,4591
부평삼거리,2025-05-02,5600,2867,2733
간석오거리,2025-05-02,21034,10912,10122
인천시청,2025-05-02,11049,5597,5452
예술회관,2025-05-02,25230,12217,13013
인천터미널,2025-05-02,32135,15286,16849
문학경기장,2025-05-02,3330,1666,1664
선학,2025-05-02,12494,6381,6113
신연수,2025-05-02,10527,5521,5006
원인재,2025-05-02,5312,2759,2553
동춘,2025-05-02,20994,10328,10666
동막,2025-05-02,9186,4981,4205
캠퍼스타운,2025-05-02,13435,7029,6406
테크노파크,2025-05-02,25487,12967,12520
지식정보단지,2025-05-02,9273,4594,4679
인천대입구,2025-05-02,18427,9561,8866
센트럴파크(재외동포청),2025-05-02,9048,4505,4543
국제업무지구,2025-05-02,5371,2679,2692
송도달빛축제공원,2025-05-02,11231,5680,5551
계양,2025-05-03,5682,2645,3037
귤현,2025-05-03,1401,611,790
박촌,2025-05-03,5052,2684,2368
임학,2025-05-03,11059,5582,5477
계산,2025-05-03,13900,7049,6851
경인교대입구,2025-05-03,9503,4724,4779
작전,2025-05-03,20600,10695,9905
갈산,2025-05-03,9994,5173,4821
부평구청,2025-05-03,8778,4421,4357
부평시장,2025-05-03,17955,8967,8988
부평,2025-05-03,13375,6629,6746
동수,2025-05-03,5810,2993,2817
부평삼거리,2025-05-03,3866,1892,1974
간석오거리,2025-05-03,15044,7843,7201
인천시청,2025-05-03,6363,3297,3066
예술회관,2025-05-03,16193,7791,8402
인천터미널,2025-05-03,27661,12838,14823
문학경기장,2025-05-03,2177,1064,1113
선학,2025-05-03,8659,4382,4277
신연수,2025-05-03,5661,2925,2736
원인재,2025-05-03,3709,1959,1750
동춘,2025-05-03,15248,7536,7712
동막,2025-05-03,5553,2987,2566
캠퍼스타운,2025-05-03,9466,4942,4524
테크노파크,2025-05-03,20191,10076,10115
지식정보단지,2025-05-03,3909,1981,1928
인천대입구,2025-05-03,10737,5458,5279
센트럴파크(재외동포청),2025-05-03,6080,3027,3053
국제업무지구,2025-05-03,2619,1421,1198
송도달빛축제공원,2025-05-03,7884,3905,3979
계양,2025-05-04,5720,2610,3110
귤현,2025-05-04,1245,541,704
박촌,2025-05-04,4491,2364,2127
임학,2025-05-04,10146,5224,4922
계산,2025-05-04,14478,7283,7195
경인교대입구,2025-05-04,7623,3851,3772
작전,2025-05-04,17243,8918,8325
갈산,2025-05-04,7107,3733,3374
부평구청,2025-05-04,7555,3729,3826
부평시장,2025-05-04,16417,8201,8216
부평,2025-05-04,11863,5927,5936
동수,2025-05-04,5179,2607,2572
부평삼거리,2025-05-04,4854,2397,2457
간석오거리,2025-05-04,13133,6886,6247
인천시청,2025-05-04,5898,3030,2868
예술회관,2025-05-04,12645,6023,6622
인천터미널,2025-05-04,24881,12166,12715
문학경기장,2025-05-04,1548,769,779
선학,2025-05-04,8459,4181,4278
신연수,2025-05-04,5044,2570,2474
원인재,2025-05-04,2961,1564,1397
동춘,2025-05-04,13888,6843,7045
동막,2025-05-04,4519,2394,2125
캠퍼스타운,2025-05-04,6943,3563,3380
테크노파크,2025-05-04,20137,10061,10076
지식정보단지,2025-05-04,3203,1669,1534
인천대입구,2025-05-04,9859,4897,4962
센트럴파크(재외동포청),2025-05-04,7027,3426,3601
국제업무지구,2025-05-04,2190,1170,1020
송도달빛축제공원,2025-05-04,7228,3579,3649
계양,2025-05-05,5026,2342,2684
귤현,2025-05-05,1125,522,603
박촌,2025-05-05,4292,2192,2100
임학,2025-05-05,9142,4714,4428
계산,2025-05-05,12875,6437,6438
경인교대입구,2025-05-05,6797,3404,3393
작전,2025-05-05,16244,8316,7928
갈산,2025-05-05,6891,3585,3306
부평구청,2025-05-05,7395,3626,3769
부평시장,2025-05-05,15418,7564,7854
부평,2025-05-05,11128,5616,5512
동수,2025-05-05,4792,2487,2305
부평삼거리,2025-05-05,5355,2666,2689
간석오거리,2025-05-05,14090,7357,6733
인천시청,2025-05-05,5434,2799,2635
예술회관,2025-05-05,13635,6437,7198
인천터미널,2025-05-05,23562,11933,11629
문학경기장,2025-05-05,5107,2654,2453
선학,2025-05-05,7747,3837,3910
신연수,2025-05-05,4867,2454,2413
원인재,2025-05-05,3090,1596,1494
동춘,2025-05-05,13837,6815,7022
동막,2025-05-05,4468,2399,2069
캠퍼스타운,2025-05-05,6566,3392,3174
테크노파크,2025-05-05,19370,9627,9743
지식정보단지,2025-05-05,3385,1704,1681
인천대입구,2025-05-05,8879,4288,4591
센트럴파크(재외동포청),2025-05-05,6139,2996,3143
국제업무지구,2025-05-05,2099,1115,984
송도달빛축제공원,2025-05-05,7075,3542,3533
계양,2025-05-06,5566,2673,2893
귤현,2025-05-06,1323,649,674
박촌,2025-05-06,4560,2394,2166
임학,2025-05-06,9471,4828,4643
계산,2025-05-06,13649,6810,6839
경인교대입구,2025-05-06,7191,3447,3744
작전,2025-05-06,16875,8656,8219
갈산,2025-05-06,7389,3811,3578
부평구청,2025-05-06,7762,3791,3971
부평시장,2025-05-06,16492,8138,8354
부평,2025-05-06,11172,5770,5402
동수,2025-05-06,5218,2688,2530
부평삼거리,2025-05-06,4876,2377,2499
간석오거리,2025-05-06,13385,6984,6401
인천시청,2025-05-06,5543,2766,2777
예술회관,2025-05-06,13595,6618,6977
인천터미널,2025-05-06,25211,13296,11915
문학경기장,2025-05-06,1993,1010,983
선학,2025-05-06,8176,3978,4198
신연수,2025-05-06,5421,2687,2734
원인재,2025-05-06,3032,1645,1387
동춘,2025-05-06,13619,6814,6805
동막,2025-05-06,4480,2361,2119
캠퍼스타운,2025-05-06,7380,3432,3948
테크노파크,2025-05-06,17261,8456,8805
지식정보단지,2025-05-06,3818,1842,1976
인천대입구,2025-05-06,10013,4721,5292
센트럴파크(재외동포청),2025-05-06,5949,2959,2990
국제업무지구,2025-05-06,2298,1193,1105
송도달빛축제공원,2025-05-06,7141,3639,3502
계양,2025-05-07,9209,4644,4565
귤현,2025-05-07,2820,1091,1729
박촌,2025-05-07,8788,4564,4224
임학,2025-05-07,16897,8508,8389
계산,2025-05-07,22016,11197,10819
경인교대입구,2025-05-07,11984,5966,6018
작전,2025-05-07,31791,16133,15658
갈산,2025-05-07,19495,9981,9514
부평구청,2025-05-07,14597,7192,7405
부평시장,2025-05-07,28781,14308,14473
부평,2025-05-07,13902,6907,6995
동수,2025-05-07,10429,5296,5133
부평삼거리,2025-05-07,6196,3090,3106
간석오거리,2025-05-07,22238,11601,10637
인천시청,2025-05-07,11510,5805,5705
예술회관,2025-05-07,24965,12346,12619
인천터미널,2025-05-07,26859,13194,13665
문학경기장,2025-05-07,3684,1789,1895
선학,2025-05-07,12396,6210,6186
신연수,2025-05-07,12632,6412,6220
원인재,2025-05-07,6261,3380,2881
동춘,2025-05-07,21042,10385,10657
동막,2025-05-07,10547,5670,4877
캠퍼스타운,2025-05-07,13323,6519,6804
테크노파크,2025-05-07,23453,11688,11765
지식정보단지,2025-05-07,11699,5555,6144
인천대입구,2025-05-07,22112,10975,11137
센트럴파크(재외동포청),2025-05-07,8317,4164,4153
국제업무지구,2025-05-07,5940,3009,2931
송도달빛축제공원,2025-05-07,10837,5447,5390
계양,2025-05-08,9339,4613,4726
귤현,2025-05-08,2774,1059,1715
박촌,2025-05-08,8630,4482,4148
임학,2025-05-08,17268,8658,8610
계산,2025-05-08,21770,11041,10729
경인교대입구,2025-05-08,12330,6147,6183
작전,2025-05-08,31506,15854,15652
갈산,2025-05-08,19562,10013,9549
부평구청,2025-05-08,14668,7215,7453
부평시장,2025-05-08,28789,14315,14474
부평,2025-05-08,14451,7100,7351
동수,2025-05-08,10510,5356,5154
부평삼거리,2025-05-08,7779,3892,3887
간석오거리,2025-05-08,22810,11941,10869
인천시청,2025-05-08,12177,6150,6027
예술회관,2025-05-08,25665,12628,13037
인천터미널,2025-05-08,27063,13493,13570
문학경기장,2025-05-08,3613,1808,1805
선학,2025-05-08,12534,6273,6261
신연수,2025-05-08,12662,6452,6210
원인재,2025-05-08,6175,3321,2854
동춘,2025-05-08,22014,10860,11154
동막,2025-05-08,10626,5646,4980
캠퍼스타운,2025-05-08,13370,6931,6439
테크노파크,2025-05-08,24371,12147,12224
지식정보단지,2025-05-08,12102,5887,6215
인천대입구,2025-05-08,22095,10899,11196
센트럴파크(재외동포청),2025-05-08,8740,4330,4410
국제업무지구,2025-05-08,5928,3034,2894
송도달빛축제공원,2025-05-08,10965,5456,5509
계양,2025-05-09,8721,4295,4426
귤현,2025-05-09,2532,970,1562
박촌,2025-05-09,8159,4292,3867
임학,2025-05-09,16429,8202,8227
계산,2025-05-09,19989,10099,9890
경인교대입구,2025-05-09,11040,5509,5531
작전,2025-05-09,29918,15056,14862
갈산,2025-05-09,19110,9725,9385
부평구청,2025-05-09,14027,6970,7057
부평시장,2025-05-09,27269,13486,13783
부평,2025-05-09,14754,7147,7607
동수,2025-05-09,10030,5152,4878
부평삼거리,2025-05-09,5181,2658,2523
간석오거리,2025-05-09,21652,11255,10397
인천시청,2025-05-09,11173,5572,5601
예술회관,2025-05-09,25376,12265,13111
인천터미널,2025-05-09,27648,13632,14016
문학경기장,2025-05-09,4146,2133,2013
선학,2025-05-09,12164,6064,6100
신연수,2025-05-09,11524,5913,5611
원인재,2025-05-09,5774,3118,2656
동춘,2025-05-09,20690,10144,10546
동막,2025-05-09,10475,5560,4915
캠퍼스타운,2025-05-09,12693,6595,6098
테크노파크,2025-05-09,23580,11969,11611
지식정보단지,2025-05-09,11223,5413,5810
인천대입구,2025-05-09,19045,9438,9607
센트럴파크(재외동포청),2025-05-09,7885,3890,3995
국제업무지구,2025-05-09,5818,2975,2843
송도달빛축제공원,2025-05-09,10037,5007,5030
계양,2025-05-10,6102,2868,3234
귤현,2025-05-10,1482,677,805
박촌,2025-05-10,5400,2826,2574
임학,2025-05-10,11889,6074,5815
계산,2025-05-10,15539,7847,7692
경인교대입구,2025-05-10,9163,4626,4537
작전,2025-05-10,21985,11281,10704
갈산,2025-05-10,11004,5682,5322
부평구청,2025-05-10,9751,4800,4951
부평시장,2025-05-10,18607,9292,9315
부평,2025-05-10,14148,6944,7204
동수,2025-05-10,6225,3172,3053
부평삼거리,2025-05-10,3709,1837,1872
간석오거리,2025-05-10,16051,8336,7715
인천시청,2025-05-10,7351,3784,3567
예술회관,2025-05-10,17887,8463,9424
인천터미널,2025-05-10,26167,12805,13362
문학경기장,2025-05-10,18403,8888,9515
선학,2025-05-10,9664,4897,4767
신연수,2025-05-10,6472,3404,3068
원인재,2025-05-10,3882,2075,1807
동춘,2025-05-10,14343,7146,7197
동막,2025-05-10,6166,3327,2839
캠퍼스타운,2025-05-10,8589,4534,4055
테크노파크,2025-05-10,18684,9263,9421
지식정보단지,2025-05-10,4771,2395,2376
인천대입구,2025-05-10,11275,5813,5462
센트럴파크(재외동포청),2025-05-10,6571,3202,3369
국제업무지구,2025-05-10,2786,1478,1308
송도달빛축제공원,2025-05-10,7307,3640,3667
계양,2025-05-11,6184,2933,3251
귤현,2025-05-11,1288,559,729
박촌,2025-05-11,4613,2379,2234
임학,2025-05-11,9745,5010,4735
계산,2025-05-11,14515,7178,7337
경인교대입구,2025-05-11,8021,3981,4040
작전,2025-05-11,17584,9020,8564
갈산,2025-05-11,7982,4096,3886
부평구청,2025-05-11,8234,4095,4139
부평시장,2025-05-11,16781,8232,8549
부평,2025-05-11,11586,5917,5669
동수,2025-05-11,5269,2622,2647
부평삼거리,2025-05-11,4169,2065,2104
간석오거리,2025-05-11,13448,7009,6439
인천시청,2025-05-11,6459,3319,3140
예술회관,2025-05-11,13236,6570,6666
인천터미널,2025-05-11,24459,12470,11989
문학경기장,2025-05-11,28022,13822,14200
선학,2025-05-11,8635,4304,4331
신연수,2025-05-11,5308,2742,2566
원인재,2025-05-11,2992,1552,1440
동춘,2025-05-11,10902,5393,5509
동막,2025-05-11,4697,2453,2244
캠퍼스타운,2025-05-11,7735,3665,4070
테크노파크,2025-05-11,17301,8490,8811
지식정보단지,2025-05-11,3868,1949,1919
인천대입구,2025-05-11,9005,4347,4658
센트럴파크(재외동포청),2025-05-11,5693,2808,2885
국제업무지구,2025-05-11,2146,1134,1012
송도달빛축제공원,2025-05-11,7073,3413,3660
계양,2025-05-12,9000,4518,4482
귤현,2025-05-12,2719,1052,1667
박촌,2025-05-12,8441,4431,4010
임학,2025-05-12,16947,8585,8362
계산,2025-05-12,21931,11269,10662
경인교대입구,2025-05-12,12074,5996,6078
작전,2025-05-12,31442,15894,15548
갈산,2025-05-12,19600,9986,9614
부평구청,2025-05-12,14808,7358,7450
부평시장,2025-05-12,28842,14367,14475
부평,2025-05-12,14184,6909,7275
동수,2025-05-12,10197,5201,4996
부평삼거리,2025-05-12,5575,2840,2735
간석오거리,2025-05-12,22143,11540,10603
인천시청,2025-05-12,11660,5859,5801
예술회관,2025-05-12,25180,12411,12769
인천터미널,2025-05-12,26229,12782,13447
문학경기장,2025-05-12,3648,1808,1840
선학,2025-05-12,12450,6199,6251
신연수,2025-05-12,12503,6419,6084
원인재,2025-05-12,6171,3282,2889
동춘,2025-05-12,21485,10622,10863
동막,2025-05-12,10631,5670,4961
캠퍼스타운,2025-05-12,13298,6548,6750
테크노파크,2025-05-12,22629,11295,11334
지식정보단지,2025-05-12,11958,5811,6147
인천대입구,2025-05-12,20013,9942,10071
센트럴파크(재외동포청),2025-05-12,7961,4012,3949
국제업무지구,2025-05-12,5856,2987,2869
송도달빛축제공원,2025-05-12,10706,5317,5389
계양,2025-05-13,9502,4803,4699
귤현,2025-05-13,2794,1050,1744
박촌,2025-05-13,8493,4428,4065
임학,2025-05-13,17026,8652,8374
계산,2025-05-13,21358,10818,10540
경인교대입구,2025-05-13,11872,5890,5982
작전,2025-05-13,31548,16012,15536
갈산,2025-05-13,19525,9933,9592
부평구청,2025-05-13,15214,7408,7806
부평시장,2025-05-13,29427,14669,14758
부평,2025-05-13,13769,6835,6934
동수,2025-05-13,10750,5401,5349
부평삼거리,2025-05-13,5657,2834,2823
간석오거리,2025-05-13,23045,11985,11060
인천시청,2025-05-13,12202,6175,6027
예술회관,2025-05-13,25340,12454,12886
인천터미널,2025-05-13,25786,12678,13108
문학경기장,2025-05-13,12336,5790,6546
선학,2025-05-13,12638,6281,6357
신연수,2025-05-13,12695,6433,6262
원인재,2025-05-13,6405,3415,2990
동춘,2025-05-13,21345,10580,10765
동막,2025-05-13,10686,5760,4926
캠퍼스타운,2025-05-13,13172,6646,6526
테크노파크,2025-05-13,23680,11854,11826
지식정보단지,2025-05-13,12121,5848,6273
인천대입구,2025-05-13,20729,10384,10345
센트럴파크(재외동포청),2025-05-13,8212,4114,4098
국제업무지구,2025-05-13,6054,3026,3028
송도달빛축제공원,2025-05-13,10980,5530,5450
계양,2025-05-14,9449,4716,4733
귤현,2025-05-14,2827,1094,1733
박촌,2025-05-14,8480,4415,4065
임학,2025-05-14,17126,8726,8400
계산,2025-05-14,22579,11408,11171
경인교대입구,2025-05-14,12188,6060,6128
작전,2025-05-14,31857,16089,15768
갈산,2025-05-14,19784,10142,9642
부평구청,2025-05-14,15315,7521,7794
부평시장,2025-05-14,28855,14338,14517
부평,2025-05-14,14504,7175,7329
동수,2025-05-14,10632,5349,5283
부평삼거리,2025-05-14,5642,2864,2778
간석오거리,2025-05-14,23024,12010,11014
인천시청,2025-05-14,12454,6208,6246
예술회관,2025-05-14,25538,12560,12978
인천터미널,2025-05-14,26579,13067,13512
문학경기장,2025-05-14,11147,5275,5872
선학,2025-05-14,12848,6373,6475
신연수,2025-05-14,12583,6351,6232
원인재,2025-05-14,6525,3477,3048
동춘,2025-05-14,21947,10871,11076
동막,2025-05-14,11108,5935,5173
캠퍼스타운,2025-05-14,13473,6807,6666
테크노파크,2025-05-14,23770,11839,11931
지식정보단지,2025-05-14,12338,6006,6332
인천대입구,2025-05-14,20862,10527,10335
센트럴파크(재외동포청),2025-05-14,8488,4246,4242
국제업무지구,2025-05-14,6024,3070,2954
송도달빛축제공원,2025-05-14,11169,5621,5548
계양,2025-05-15,9313,4624,4689
귤현,2025-05-15,2764,1045,1719
박촌,2025-05-15,8318,4324,3994
임학,2025-05-15,16676,8439,8237
계산,2025-05-15,20875,10637,10238
경인교대입구,2025-05-15,11977,6061,5916
작전,2025-05-15,30590,15425,15165
갈산,2025-05-15,19532,9917,9615
부평구청,2025-05-15,14810,7301,7509
부평시장,2025-05-15,27686,13734,13952
부평,2025-05-15,13800,6814,6986
동수,2025-05-15,10322,5251,5071
부평삼거리,2025-05-15,5226,2662,2564
간석오거리,2025-05-15,22758,11810,10948
인천시청,2025-05-15,12027,6049,5978
예술회관,2025-05-15,25223,12380,12843
인천터미널,2025-05-15,26259,13017,13242
문학경기장,2025-05-15,10272,4892,5380
선학,2025-05-15,12519,6261,6258
신연수,2025-05-15,12417,6308,6109
원인재,2025-05-15,6298,3353,2945
동춘,2025-05-15,21554,10645,10909
동막,2025-05-15,10364,5522,4842
캠퍼스타운,2025-05-15,13531,7074,6457
테크노파크,2025-05-15,22980,11532,11448
지식정보단지,2025-05-15,11891,5799,6092
인천대입구,2025-05-15,20480,10312,10168
센트럴파크(재외동포청),2025-05-15,8111,4066,4045
국제업무지구,2025-05-15,5945,3017,2928
송도달빛축제공원,2025-05-15,10815,5434,5381
계양,2025-05-16,9119,4511,4608
귤현,2025-05-16,2638,1042,1596
박촌,2025-05-16,8285,4324,3961
임학,2025-05-16,16888,8441,8447
계산,2025-05-16,20715,10588,10127
경인교대입구,2025-05-16,11504,5804,5700
작전,2025-05-16,30835,15621,15214
갈산,2025-05-16,19337,9812,9525
부평구청,2025-05-16,14339,7171,7168
부평시장,2025-05-16,28345,14155,14190
부평,2025-05-16,15125,7441,7684
동수,2025-05-16,10288,5234,5054
부평삼거리,2025-05-16,5227,2638,2589
간석오거리,2025-05-16,22076,11513,10563
인천시청,2025-05-16,12104,6080,6024
예술회관,2025-05-16,25328,12306,13022
인천터미널,2025-05-16,28956,14230,14726
문학경기장,2025-05-16,3355,1697,1658
선학,2025-05-16,12656,6348,6308
신연수,2025-05-16,12095,6160,5935
원인재,2025-05-16,6199,3364,2835
동춘,2025-05-16,21587,10556,11031
동막,2025-05-16,11042,5815,5227
캠퍼스타운,2025-05-16,13789,7191,6598
테크노파크,2025-05-16,24196,12287,11909
지식정보단지,2025-05-16,11416,5575,5841
인천대입구,2025-05-16,18286,9247,9039
센트럴파크(재외동포청),2025-05-16,8520,4156,4364
국제업무지구,2025-05-16,5911,2952,2959
송도달빛축제공원,2025-05-16,10539,5280,5259
계양,2025-05-17,7248,3453,3795
귤현,2025-05-17,1741,808,933
박촌,2025-05-17,5849,3115,2734
임학,2025-05-17,12447,6468,5979
계산,2025-05-17,18109,8993,9116
경인교대입구,2025-05-17,9248,4609,4639
작전,2025-05-17,24474,12573,11901
갈산,2025-05-17,11425,5843,5582
부평구청,2025-05-17,10800,5333,5467
부평시장,2025-05-17,20288,10092,10196
부평,2025-05-17,14791,7319,7472
동수,2025-05-17,6707,3407,3300
부평삼거리,2025-05-17,4297,2113,2184
간석오거리,2025-05-17,17087,8977,8110
인천시청,2025-05-17,7842,3990,3852
예술회관,2025-05-17,18420,8850,9570
인천터미널,2025-05-17,27713,13506,14207
문학경기장,2025-05-17,3022,1467,1555
선학,2025-05-17,10254,5175,5079
신연수,2025-05-17,7025,3636,3389
원인재,2025-05-17,4029,2126,1903
동춘,2025-05-17,15798,7830,7968
동막,2025-05-17,6699,3646,3053
캠퍼스타운,2025-05-17,9322,4957,4365
테크노파크,2025-05-17,21433,10643,10790
지식정보단지,2025-05-17,4924,2502,2422
인천대입구,2025-05-17,12572,6177,6395
센트럴파크(재외동포청),2025-05-17,7420,3574,3846
국제업무지구,2025-05-17,3300,1673,1627
송도달빛축제공원,2025-05-17,11350,5729,5621
계양,2025-05-18,5590,2556,3034
귤현,2025-05-18,1224,539,685
박촌,2025-05-18,4648,2392,2256
임학,2025-05-18,9598,4825,4773
계산,2025-05-18,14085,6948,7137
경인교대입구,2025-05-18,7537,3722,3815
작전,2025-05-18,16812,8558,8254
갈산,2025-05-18,7251,3757,3494
부평구청,2025-05-18,7751,3786,3965
부평시장,2025-05-18,16310,8089,8221
부평,2025-05-18,10823,5647,5176
동수,2025-05-18,5246,2585,2661
부평삼거리,2025-05-18,3570,1757,1813
간석오거리,2025-05-18,13139,6866,6273
인천시청,2025-05-18,5998,3042,2956
예술회관,2025-05-18,12581,6175,6406
인천터미널,2025-05-18,23383,11777,11606
문학경기장,2025-05-18,1659,856,803
선학,2025-05-18,8575,4220,4355
신연수,2025-05-18,5195,2605,2590
원인재,2025-05-18,3145,1656,1489
동춘,2025-05-18,12738,6296,6442
동막,2025-05-18,4616,2427,2189
캠퍼스타운,2025-05-18,7532,3659,3873
테크노파크,2025-05-18,17502,8558,8944
지식정보단지,2025-05-18,3455,1684,1771
인천대입구,2025-05-18,8883,4242,4641
센트럴파크(재외동포청),2025-05-18,5936,2896,3040
국제업무지구,2025-05-18,2120,1137,983
송도달빛축제공원,2025-05-18,8934,4443,4491
계양,2025-05-19,9029,4471,4558
귤현,2025-05-19,2674,1042,1632
박촌,2025-05-19,8235,4289,3946
임학,2025-05-19,16369,8414,7955
계산,2025-05-19,20732,10550,10182
경인교대입구,2025-05-19,11265,5639,5626
작전,2025-05-19,30252,15344,14908
갈산,2025-05-19,18744,9507,9237
부평구청,2025-05-19,13823,6762,7061
부평시장,2025-05-19,28083,13930,14153
부평,2025-05-19,13428,6719,6709
동수,2025-05-19,9958,5056,4902
부평삼거리,2025-05-19,5204,2627,2577
간석오거리,2025-05-19,21840,11358,10482
인천시청,2025-05-19,11237,5661,5576
예술회관,2025-05-19,24350,12035,12315
인천터미널,2025-05-19,24618,11725,12893
문학경기장,2025-05-19,3343,1660,1683
선학,2025-05-19,11944,5986,5958
신연수,2025-05-19,11933,6028,5905
원인재,2025-05-19,6239,3361,2878
동춘,2025-05-19,20338,10009,10329
동막,2025-05-19,10380,5573,4807
캠퍼스타운,2025-05-19,12907,6413,6494
테크노파크,2025-05-19,22423,11256,11167
지식정보단지,2025-05-19,11784,5716,6068
인천대입구,2025-05-19,19729,9723,10006
센트럴파크(재외동포청),2025-05-19,7605,3838,3767
국제업무지구,2025-05-19,5960,3035,2925
송도달빛축제공원,2025-05-19,10388,5215,5173
계양,2025-05-20,9350,4655,4695
귤현,2025-05-20,2654,1026,1628
박촌,2025-05-20,8331,4412,3919
임학,2025-05-20,16604,8349,8255
계산,2025-05-20,20659,10501,10158
경인교대입구,2025-05-20,11516,5704,5812
작전,2025-05-20,31137,15851,15286
갈산,2025-05-20,19300,9770,9530
부평구청,2025-05-20,14359,7034,7325
부평시장,2025-05-20,28830,14336,14494
부평,2025-05-20,13405,6725,6680
동수,2025-05-20,10370,5254,5116
부평삼거리,2025-05-20,5418,2737,2681
간석오거리,2025-05-20,22355,11618,10737
인천시청,2025-05-20,11661,5835,5826
예술회관,2025-05-20,25145,12413,12732
인천터미널,2025-05-20,25977,12727,13250
문학경기장,2025-05-20,3702,1825,1877
선학,2025-05-20,12470,6190,6280
신연수,2025-05-20,12415,6347,6068
원인재,2025-05-20,6507,3448,3059
동춘,2025-05-20,21074,10384,10690
동막,2025-05-20,10426,5566,4860
캠퍼스타운,2025-05-20,12735,6362,6373
테크노파크,2025-05-20,22646,11345,11301
지식정보단지,2025-05-20,11936,5791,6145
인천대입구,2025-05-20,20028,10007,10021
센트럴파크(재외동포청),2025-05-20,7950,3982,3968
국제업무지구,2025-05-20,5945,2989,2956
송도달빛축제공원,2025-05-20,10527,5288,5239
계양,2025-05-21,11162,5552,5610
귤현,2025-05-21,2825,1098,1727
박촌,2025-05-21,8497,4440,4057
임학,2025-05-21,17053,8577,8476
계산,2025-05-21,22331,11325,11006
경인교대입구,2025-05-21,11911,5923,5988
작전,2025-05-21,31826,16073,15753
갈산,2025-05-21,19875,10154,9721
부평구청,2025-05-21,15137,7370,7767
부평시장,2025-05-21,28883,14393,14490
부평,2025-05-21,14831,7436,7395
동수,2025-05-21,10585,5369,5216
부평삼거리,2025-05-21,5490,2758,2732
간석오거리,2025-05-21,22847,11962,10885
인천시청,2025-05-21,12169,6114,6055
예술회관,2025-05-21,26182,12899,13283
인천터미널,2025-05-21,26435,13145,13290
문학경기장,2025-05-21,3909,1952,1957
선학,2025-05-21,12515,6306,6209
신연수,2025-05-21,12619,6405,6214
원인재,2025-05-21,6395,3448,2947
동춘,2025-05-21,21412,10523,10889
동막,2025-05-21,10839,5805,5034
캠퍼스타운,2025-05-21,13288,6720,6568
테크노파크,2025-05-21,23328,11606,11722
지식정보단지,2025-05-21,12181,5889,6292
인천대입구,2025-05-21,20644,10269,10375
센트럴파크(재외동포청),2025-05-21,8228,4164,4064
국제업무지구,2025-05-21,6048,3064,2984
송도달빛축제공원,2025-05-21,11053,5489,5564
계양,2025-05-22,9557,4756,4801
귤현,2025-05-22,2770,1085,1685
박촌,2025-05-22,8441,4363,4078
임학,2025-05-22,16958,8544,8414
계산,2025-05-22,21282,10792,10490
경인교대입구,2025-05-22,11779,5945,5834
작전,2025-05-22,31179,15754,15425
갈산,2025-05-22,19417,9902,9515
부평구청,2025-05-22,14715,7233,7482
부평시장,2025-05-22,28398,14137,14261
부평,2025-05-22,13891,6995,6896
동수,2025-05-22,10184,5150,5034
부평삼거리,2025-05-22,5374,2681,2693
간석오거리,2025-05-22,22561,11799,10762
인천시청,2025-05-22,12373,6175,6198
예술회관,2025-05-22,25231,12462,12769
인천터미널,2025-05-22,26425,13155,13270
문학경기장,2025-05-22,4217,2141,2076
선학,2025-05-22,12730,6434,6296
신연수,2025-05-22,12539,6343,6196
원인재,2025-05-22,6534,3504,3030
동춘,2025-05-22,21353,10507,10846
동막,2025-05-22,10759,5704,5055
캠퍼스타운,2025-05-22,13510,7015,6495
테크노파크,2025-05-22,23510,11823,11687
지식정보단지,2025-05-22,11947,5750,6197
인천대입구,2025-05-22,20196,10148,10048
센트럴파크(재외동포청),2025-05-22,8679,4298,4381
국제업무지구,2025-05-22,5928,3018,2910
송도달빛축제공원,2025-05-22,11194,5591,5603
계양,2025-05-23,9579,4745,4834
귤현,2025-05-23,2742,1069,1673
박촌,2025-05-23,8558,4468,4090
임학,2025-05-23,17231,8729,8502
계산,2025-05-23,21529,10864,10665
경인교대입구,2025-05-23,11824,5993,5831
작전,2025-05-23,31797,16157,15640
갈산,2025-05-23,19605,10026,9579
부평구청,2025-05-23,14949,7402,7547
부평시장,2025-05-23,29357,14496,14861
부평,2025-05-23,15622,7689,7933
동수,2025-05-23,10179,5176,5003
부평삼거리,2025-05-23,5785,2929,2856
간석오거리,2025-05-23,22800,11896,10904
인천시청,2025-05-23,13025,6622,6403
예술회관,2025-05-23,26556,12900,13656
인천터미널,2025-05-23,30769,15059,15710
문학경기장,2025-05-23,17944,8553,9391
선학,2025-05-23,13081,6537,6544
신연수,2025-05-23,12540,6457,6083
원인재,2025-05-23,6504,3428,3076
동춘,2025-05-23,22555,10945,11610
동막,2025-05-23,10705,5759,4946
캠퍼스타운,2025-05-23,13955,7147,6808
테크노파크,2025-05-23,25285,12674,12611
지식정보단지,2025-05-23,11831,5783,6048
인천대입구,2025-05-23,19482,9849,9633
센트럴파크(재외동포청),2025-05-23,9289,4606,4683
국제업무지구,2025-05-23,6069,3045,3024
송도달빛축제공원,2025-05-23,11293,5731,5562
계양,2025-05-24,7351,3517,3834
귤현,2025-05-24,1820,810,1010
박촌,2025-05-24,6053,3212,2841
임학,2025-05-24,12723,6566,6157
계산,2025-05-24,18566,9347,9219
경인교대입구,2025-05-24,9751,4845,4906
작전,2025-05-24,24025,12317,11708
갈산,2025-05-24,11276,5844,5432
부평구청,2025-05-24,10511,5198,5313
부평시장,2025-05-24,20354,10081,10273
부평,2025-05-24,15216,7652,7564
동수,2025-05-24,6714,3447,3267
부평삼거리,2025-05-24,4423,2191,2232
간석오거리,2025-05-24,17080,8875,8205
인천시청,2025-05-24,7756,3969,3787
예술회관,2025-05-24,18581,8884,9697
인천터미널,2025-05-24,28373,13757,14616
문학경기장,2025-05-24,17061,8166,8895
선학,2025-05-24,10464,5247,5217
신연수,2025-05-24,6947,3699,3248
원인재,2025-05-24,4401,2229,2172
동춘,2025-05-24,16325,8168,8157
동막,2025-05-24,6451,3448,3003
캠퍼스타운,2025-05-24,10759,6043,4716
테크노파크,2025-05-24,21119,10474,10645
지식정보단지,2025-05-24,4933,2528,2405
인천대입구,2025-05-24,11799,5922,5877
센트럴파크(재외동포청),2025-05-24,7505,3696,3809
국제업무지구,2025-05-24,2994,1590,1404
송도달빛축제공원,2025-05-24,8622,4381,4241
계양,2025-05-25,6009,2747,3262
귤현,2025-05-25,1346,627,719
박촌,2025-05-25,4911,2519,2392
임학,2025-05-25,9599,4953,4646
계산,2025-05-25,14876,7390,7486
경인교대입구,2025-05-25,7956,3982,3974
작전,2025-05-25,17257,8879,8378
갈산,2025-05-25,8385,4324,4061
부평구청,2025-05-25,8038,3931,4107
부평시장,2025-05-25,16577,8269,8308
부평,2025-05-25,11173,5830,5343
동수,2025-05-25,5419,2758,2661
부평삼거리,2025-05-25,3679,1813,1866
간석오거리,2025-05-25,13310,6920,6390
인천시청,2025-05-25,6326,3230,3096
예술회관,2025-05-25,13342,6564,6778
인천터미널,2025-05-25,24297,12354,11943
문학경기장,2025-05-25,15567,7603,7964
선학,2025-05-25,8500,4237,4263
신연수,2025-05-25,5176,2638,2538
원인재,2025-05-25,3324,1766,1558
동춘,2025-05-25,10532,5205,5327
동막,2025-05-25,4419,2330,2089
캠퍼스타운,2025-05-25,7620,3607,4013
테크노파크,2025-05-25,17698,8661,9037
지식정보단지,2025-05-25,3692,1838,1854
인천대입구,2025-05-25,9251,4432,4819
센트럴파크(재외동포청),2025-05-25,5490,2665,2825
국제업무지구,2025-05-25,2148,1141,1007
송도달빛축제공원,2025-05-25,6952,3400,3552
계양,2025-05-26,9080,4576,4504
귤현,2025-05-26,2709,1086,1623
박촌,2025-05-26,8135,4262,3873
임학,2025-05-26,16720,8531,8189
계산,2025-05-26,21404,10861,10543
경인교대입구,2025-05-26,11495,5750,5745
작전,2025-05-26,31015,15727,15288
갈산,2025-05-26,19334,9823,9511
부평구청,2025-05-26,14756,7284,7472
부평시장,2025-05-26,28438,14245,14193
부평,2025-05-26,13472,6719,6753
동수,2025-05-26,9936,5054,4882
부평삼거리,2025-05-26,5404,2734,2670
간석오거리,2025-05-26,22150,11520,10630
인천시청,2025-05-26,11439,5839,5600
예술회관,2025-05-26,25188,12486,12702
인천터미널,2025-05-26,25949,12568,13381
문학경기장,2025-05-26,3638,1798,1840
선학,2025-05-26,12222,6092,6130
신연수,2025-05-26,12487,6307,6180
원인재,2025-05-26,6296,3377,2919
동춘,2025-05-26,21126,10420,10706
동막,2025-05-26,10477,5621,4856
캠퍼스타운,2025-05-26,13064,6407,6657
테크노파크,2025-05-26,22595,11279,11316
지식정보단지,2025-05-26,12018,5839,6179
인천대입구,2025-05-26,19773,9884,9889
센트럴파크(재외동포청),2025-05-26,7967,3995,3972
국제업무지구,2025-05-26,5936,3009,2927
송도달빛축제공원,2025-05-26,10380,5224,5156
계양,2025-05-27,9625,4801,4824
귤현,2025-05-27,2855,1088,1767
박촌,2025-05-27,8609,4487,4122
임학,2025-05-27,17252,8736,8516
계산,2025-05-27,21221,10765,10456
경인교대입구,2025-05-27,12085,6048,6037
작전,2025-05-27,31398,16016,15382
갈산,2025-05-27,19696,10072,9624
부평구청,2025-05-27,15049,7365,7684
부평시장,2025-05-27,28716,14277,14439
부평,2025-05-27,13412,6737,6675
동수,2025-05-27,10555,5354,5201
부평삼거리,2025-05-27,5635,2892,2743
간석오거리,2025-05-27,22980,11897,11083
인천시청,2025-05-27,12573,6299,6274
예술회관,2025-05-27,25040,12354,12686
인천터미널,2025-05-27,25598,12602,12996
문학경기장,2025-05-27,13018,6262,6756
선학,2025-05-27,12444,6179,6265
신연수,2025-05-27,12703,6447,6256
원인재,2025-05-27,6505,3441,3064
동춘,2025-05-27,21647,10695,10952
동막,2025-05-27,10531,5627,4904
캠퍼스타운,2025-05-27,13693,6883,6810
테크노파크,2025-05-27,23336,11713,11623
지식정보단지,2025-05-27,12635,6168,6467
인천대입구,2025-05-27,20546,10224,10322
센트럴파크(재외동포청),2025-05-27,8291,4159,4132
국제업무지구,2025-05-27,6031,3067,2964
송도달빛축제공원,2025-05-27,11006,5479,5527
계양,2025-05-28,9211,4660,4551
귤현,2025-05-28,2655,1039,1616
박촌,2025-05-28,8592,4457,4135
임학,2025-05-28,16966,8535,8431
계산,2025-05-28,22089,11251,10838
경인교대입구,2025-05-28,11722,5863,5859
작전,2025-05-28,32108,16300,15808
갈산,2025-05-28,19652,10025,9627
부평구청,2025-05-28,15192,7461,7731
부평시장,2025-05-28,28653,14337,14316
부평,2025-05-28,13722,6938,6784
동수,2025-05-28,10602,5355,5247
부평삼거리,2025-05-28,5453,2760,2693
간석오거리,2025-05-28,22805,11820,10985
인천시청,2025-05-28,12465,6218,6247
예술회관,2025-05-28,25537,12572,12965
인천터미널,2025-05-28,25688,12658,13030
문학경기장,2025-05-28,13190,6369,6821
선학,2025-05-28,12539,6309,6230
신연수,2025-05-28,12816,6487,6329
원인재,2025-05-28,6653,3543,3110
동춘,2025-05-28,21574,10645,10929
동막,2025-05-28,10607,5616,4991
캠퍼스타운,2025-05-28,13414,6749,6665
테크노파크,2025-05-28,23470,11731,11739
지식정보단지,2025-05-28,12216,5935,6281
인천대입구,2025-05-28,20653,10384,10269
센트럴파크(재외동포청),2025-05-28,8699,4346,4353
국제업무지구,2025-05-28,5939,3022,2917
송도달빛축제공원,2025-05-28,10988,5485,5503
계양,2025-05-29,9540,4731,4809
귤현,2025-05-29,2753,1036,1717
박촌,2025-05-29,8532,4482,4050
임학,2025-05-29,17369,8747,8622
계산,2025-05-29,21377,10838,10539
경인교대입구,2025-05-29,11829,5963,5866
작전,2025-05-29,31500,15867,15633
갈산,2025-05-29,19792,10046,9746
부평구청,2025-05-29,15176,7488,7688
부평시장,2025-05-29,28764,14278,14486
부평,2025-05-29,14147,7022,7125
동수,2025-05-29,10412,5269,5143
부평삼거리,2025-05-29,5459,2767,2692
간석오거리,2025-05-29,22761,11899,10862
인천시청,2025-05-29,11807,5939,5868
예술회관,2025-05-29,24751,12161,12590
인천터미널,2025-05-29,26686,13353,13333
문학경기장,2025-05-29,14481,6938,7543
선학,2025-05-29,12498,6251,6247
신연수,2025-05-29,12630,6384,6246
원인재,2025-05-29,6680,3579,3101
동춘,2025-05-29,21281,10453,10828
동막,2025-05-29,10445,5576,4869
캠퍼스타운,2025-05-29,14404,7685,6719
테크노파크,2025-05-29,23077,11520,11557
지식정보단지,2025-05-29,11996,5744,6252
인천대입구,2025-05-29,20180,10189,9991
센트럴파크(재외동포청),2025-05-29,9083,4432,4651
국제업무지구,2025-05-29,5892,3004,2888
송도달빛축제공원,2025-05-29,10890,5458,5432
계양,2025-05-30,9461,4639,4822
귤현,2025-05-30,2744,1078,1666
박촌,2025-05-30,8493,4434,4059
임학,2025-05-30,17499,8809,8690
계산,2025-05-30,21187,10772,10415
경인교대입구,2025-05-30,11642,5862,5780
작전,2025-05-30,31691,16060,15631
갈산,2025-05-30,19231,9769,9462
부평구청,2025-05-30,15119,7491,7628
부평시장,2025-05-30,28423,14112,14311
부평,2025-05-30,15026,7363,7663
동수,2025-05-30,10102,5157,4945
부평삼거리,2025-05-30,5592,2881,2711
간석오거리,2025-05-30,22601,11826,10775
인천시청,2025-05-30,11838,5961,5877
예술회관,2025-05-30,25661,12333,13328
인천터미널,2025-05-30,29824,14565,15259
문학경기장,2025-05-30,3598,1901,1697
선학,2025-05-30,13028,6523,6505
신연수,2025-05-30,11962,6103,5859
원인재,2025-05-30,6442,3365,3077
동춘,2025-05-30,21953,10682,11271
동막,2025-05-30,10555,5690,4865
캠퍼스타운,2025-05-30,13865,7254,6611
테크노파크,2025-05-30,24047,12082,11965
지식정보단지,2025-05-30,11404,5578,5826
인천대입구,2025-05-30,19140,9603,9537
센트럴파크(재외동포청),2025-05-30,8869,4428,4441
국제업무지구,2025-05-30,5829,2967,2862
송도달빛축제공원,2025-05-30,11020,5551,5469
계양,2025-05-31,7434,3547,3887
귤현,2025-05-31,1744,781,963
박촌,2025-05-31,5714,3129,2585
임학,2025-05-31,13069,6758,6311
계산,2025-05-31,18277,9125,9152
경인교대입구,2025-05-31,9297,4656,4641
작전,2025-05-31,23597,12182,11415
갈산,2025-05-31,11088,5626,5462
부평구청,2025-05-31,11107,5428,5679
부평시장,2025-05-31,20169,9918,10251
부평,2025-05-31,14365,6995,7370
동수,2025-05-31,6552,3355,3197
부평삼거리,2025-05-31,4516,2239,2277
간석오거리,2025-05-31,16625,8696,7929
인천시청,2025-05-31,8044,4102,3942
예술회관,2025-05-31,17024,8127,8897
인천터미널,2025-05-31,26987,13192,13795
문학경기장,2025-05-31,3297,1581,1716
선학,2025-05-31,10175,5083,5092
신연수,2025-05-31,6653,3434,3219
원인재,2025-05-31,4163,2172,1991
동춘,2025-05-31,16278,8072,8206
동막,2025-05-31,6519,3534,2985
캠퍼스타운,2025-05-31,9922,5209,4713
테크노파크,2025-05-31,21319,10514,10805
지식정보단지,2025-05-31,5061,2582,2479
인천대입구,2025-05-31,14534,7284,7250
센트럴파크(재외동포청),2025-05-31,8765,4330,4435
국제업무지구,2025-05-31,3088,1576,1512
송도달빛축제공원,2025-05-31,8588,4330,4258
계양,2025-06-01,5222,2484,2738
귤현,2025-06-01,1241,534,707
박촌,2025-06-01,4197,2154,2043
임학,2025-06-01,9106,4670,4436
계산,2025-06-01,14031,6998,7033
경인교대입구,2025-06-01,7477,3710,3767
작전,2025-06-01,15954,8132,7822
갈산,2025-06-01,7688,4006,3682
부평구청,2025-06-01,7469,3702,3767
부평시장,2025-06-01,15304,7558,7746
부평,2025-06-01,9663,5015,4648
동수,2025-06-01,5156,2595,2561
부평삼거리,2025-06-01,3507,1747,1760
간석오거리,2025-06-01,12674,6634,6040
인천시청,2025-06-01,5736,2950,2786
예술회관,2025-06-01,11727,5710,6017
인천터미널,2025-06-01,21723,11029,10694
문학경기장,2025-06-01,1583,767,816
선학,2025-06-01,8143,4040,4103
신연수,2025-06-01,4962,2531,2431
원인재,2025-06-01,2734,1447,1287
동춘,2025-06-01,12337,6096,6241
동막,2025-06-01,4366,2295,2071
캠퍼스타운,2025-06-01,7497,3519,3978
테크노파크,2025-06-01,17298,8547,8751
지식정보단지,2025-06-01,3510,1701,1809
인천대입구,2025-06-01,10520,5129,5391
센트럴파크(재외동포청),2025-06-01,5542,2791,2751
국제업무지구,2025-06-01,2091,1101,990
송도달빛축제공원,2025-06-01,6700,3349,3351
계양,2025-06-02,9001,4497,4504
귤현,2025-06-02,2671,1084,1587
박촌,2025-06-02,8097,4249,3848
임학,2025-06-02,16439,8386,8053
계산,2025-06-02,20840,10655,10185
경인교대입구,2025-06-02,11698,5832,5866
작전,2025-06-02,29907,15216,14691
갈산,2025-06-02,18648,9491,9157
부평구청,2025-06-02,13739,6805,6934
부평시장,2025-06-02,27309,13578,13731
부평,2025-06-02,13818,6765,7053
동수,2025-06-02,9924,5098,4826
부평삼거리,2025-06-02,5218,2642,2576
간석오거리,2025-06-02,21264,11135,10129
인천시청,2025-06-02,11131,5651,5480
예술회관,2025-06-02,24665,11981,12684
인천터미널,2025-06-02,25664,12439,13225
문학경기장,2025-06-02,3517,1737,1780
선학,2025-06-02,12169,6132,6037
신연수,2025-06-02,11647,5897,5750
원인재,2025-06-02,5771,3072,2699
동춘,2025-06-02,20228,9954,10274
동막,2025-06-02,10188,5470,4718
캠퍼스타운,2025-06-02,13189,6592,6597
테크노파크,2025-06-02,22155,10940,11215
지식정보단지,2025-06-02,11286,5494,5792
인천대입구,2025-06-02,19578,9706,9872
센트럴파크(재외동포청),2025-06-02,7386,3734,3652
국제업무지구,2025-06-02,5769,2962,2807
송도달빛축제공원,2025-06-02,10419,5230,5189
계양,2025-06-03,5734,2743,2991
귤현,2025-06-03,1574,706,868
박촌,2025-06-03,4832,2517,2315
임학,2025-06-03,10307,5297,5010
계산,2025-06-03,14978,7451,7527
경인교대입구,2025-06-03,8045,4076,3969
작전,2025-06-03,19202,9841,9361
갈산,2025-06-03,8126,4163,3963
부평구청,2025-06-03,8654,4173,4481
부평시장,2025-06-03,18047,8955,9092
부평,2025-06-03,11597,5956,5641
동수,2025-06-03,5817,2924,2893
부평삼거리,2025-06-03,3700,1851,1849
간석오거리,2025-06-03,14602,7535,7067
인천시청,2025-06-03,5949,3078,2871
예술회관,2025-06-03,15032,7358,7674
인천터미널,2025-06-03,22446,11108,11338
문학경기장,2025-06-03,16406,8098,8308
선학,2025-06-03,8788,4359,4429
신연수,2025-06-03,5829,3004,2825
원인재,2025-06-03,3048,1584,1464
동춘,2025-06-03,13431,6696,6735
동막,2025-06-03,4882,2564,2318
캠퍼스타운,2025-06-03,8369,4151,4218
테크노파크,2025-06-03,17485,8831,8654
지식정보단지,2025-06-03,4423,2183,2240
인천대입구,2025-06-03,10073,4997,5076
센트럴파크(재외동포청),2025-06-03,6132,3057,3075
국제업무지구,2025-06-03,2406,1266,1140
송도달빛축제공원,2025-06-03,7373,3726,3647
계양,2025-06-04,9366,4728,4638
귤현,2025-06-04,2803,1090,1713
박촌,2025-06-04,8490,4443,4047
임학,2025-06-04,16628,8408,8220
계산,2025-06-04,21435,10869,10566
경인교대입구,2025-06-04,11953,5967,5986
작전,2025-06-04,30791,15614,15177
갈산,2025-06-04,19505,9915,9590
부평구청,2025-06-04,14507,7191,7316
부평시장,2025-06-04,27911,13993,13918
부평,2025-06-04,13706,6931,6775
동수,2025-06-04,10389,5304,5085
부평삼거리,2025-06-04,5625,2839,2786
간석오거리,2025-06-04,22121,11490,10631
인천시청,2025-06-04,11738,5896,5842
예술회관,2025-06-04,25151,12381,12770
인천터미널,2025-06-04,25602,12490,13112
문학경기장,2025-06-04,14100,6863,7237
선학,2025-06-04,12190,6106,6084
신연수,2025-06-04,12316,6242,6074
원인재,2025-06-04,6320,3338,2982
동춘,2025-06-04,21046,10335,10711
동막,2025-06-04,10427,5553,4874
캠퍼스타운,2025-06-04,13425,6616,6809
테크노파크,2025-06-04,22402,11200,11202
지식정보단지,2025-06-04,11909,5729,6180
인천대입구,2025-06-04,19953,10024,9929
센트럴파크(재외동포청),2025-06-04,8039,4057,3982
국제업무지구,2025-06-04,5696,2879,2817
송도달빛축제공원,2025-06-04,10814,5411,5403
계양,2025-06-05,9937,4889,5048
귤현,2025-06-05,2800,1103,1697
박촌,2025-06-05,8029,4226,3803
임학,2025-06-05,17405,8777,8628
계산,2025-06-05,21715,11058,10657
경인교대입구,2025-06-05,12261,6209,6052
작전,2025-06-05,31415,16003,15412
갈산,2025-06-05,19763,10103,9660
부평구청,2025-06-05,14641,7200,7441
부평시장,2025-06-05,28876,14321,14555
부평,2025-06-05,14619,7215,7404
동수,2025-06-05,10338,5266,5072
부평삼거리,2025-06-05,5608,2866,2742
간석오거리,2025-06-05,22979,12045,10934
인천시청,2025-06-05,13015,6507,6508
예술회관,2025-06-05,26098,12641,13457
인천터미널,2025-06-05,30180,14726,15454
문학경기장,2025-06-05,16951,7822,9129
선학,2025-06-05,13219,6634,6585
신연수,2025-06-05,12594,6467,6127
원인재,2025-06-05,6462,3405,3057
동춘,2025-06-05,23479,11632,11847
동막,2025-06-05,10595,5696,4899
캠퍼스타운,2025-06-05,14080,7295,6785
테크노파크,2025-06-05,23616,11881,11735
지식정보단지,2025-06-05,11765,5739,6026
인천대입구,2025-06-05,20840,10515,10325
센트럴파크(재외동포청),2025-06-05,9062,4531,4531
국제업무지구,2025-06-05,5729,2930,2799
송도달빛축제공원,2025-06-05,11059,5532,5527
계양,2025-06-06,6251,2949,3302
귤현,2025-06-06,1377,634,743
박촌,2025-06-06,4984,2665,2319
임학,2025-06-06,10832,5542,5290
계산,2025-06-06,15616,7747,7869
경인교대입구,2025-06-06,8065,4178,3887
작전,2025-06-06,18598,9605,8993
갈산,2025-06-06,8804,4553,4251
부평구청,2025-06-06,8930,4457,4473
부평시장,2025-06-06,17361,8655,8706
부평,2025-06-06,12114,6061,6053
동수,2025-06-06,5449,2818,2631
부평삼거리,2025-06-06,4155,2038,2117
간석오거리,2025-06-06,14748,7682,7066
인천시청,2025-06-06,6584,3410,3174
예술회관,2025-06-06,15511,7419,8092
인천터미널,2025-06-06,25173,11991,13182
문학경기장,2025-06-06,2098,1053,1045
선학,2025-06-06,8932,4522,4410
신연수,2025-06-06,5740,2981,2759
원인재,2025-06-06,3217,1686,1531
동춘,2025-06-06,14367,7093,7274
동막,2025-06-06,5871,3015,2856
캠퍼스타운,2025-06-06,8629,4613,4016
테크노파크,2025-06-06,19727,9967,9760
지식정보단지,2025-06-06,4267,2182,2085
인천대입구,2025-06-06,12733,6271,6462
센트럴파크(재외동포청),2025-06-06,7078,3539,3539
국제업무지구,2025-06-06,2558,1372,1186
송도달빛축제공원,2025-06-06,7884,3963,3921
계양,2025-06-07,6478,3099,3379
귤현,2025-06-07,1531,659,872
박촌,2025-06-07,5242,2760,2482
임학,2025-06-07,11027,5674,5353
계산,2025-06-07,15772,7821,7951
경인교대입구,2025-06-07,8577,4224,4353
작전,2025-06-07,20815,10642,10173
갈산,2025-06-07,9425,4855,4570
부평구청,2025-06-07,9163,4506,4657
부평시장,2025-06-07,18372,9176,9196
부평,2025-06-07,12281,6122,6159
동수,2025-06-07,6004,3071,2933
부평삼거리,2025-06-07,4223,2088,2135
간석오거리,2025-06-07,15604,8129,7475
인천시청,2025-06-07,7378,3865,3513
예술회관,2025-06-07,16354,7826,8528
인천터미널,2025-06-07,24631,12325,12306
문학경기장,2025-06-07,2335,1155,1180
선학,2025-06-07,9314,4661,4653
신연수,2025-06-07,5658,2937,2721
원인재,2025-06-07,3560,1839,1721
동춘,2025-06-07,14404,7215,7189
동막,2025-06-07,5551,2955,2596
캠퍼스타운,2025-06-07,8524,4390,4134
테크노파크,2025-06-07,18772,9288,9484
지식정보단지,2025-06-07,4380,2232,2148
인천대입구,2025-06-07,11901,5897,6004
센트럴파크(재외동포청),2025-06-07,8398,4202,4196
국제업무지구,2025-06-07,2605,1384,1221
송도달빛축제공원,2025-06-07,7887,4009,3878
계양,2025-06-08,5058,2335,2723
귤현,2025-06-08,1077,511,566
박촌,2025-06-08,4403,2256,2147
임학,2025-06-08,8699,4429,4270
계산,2025-06-08,12792,6297,6495
경인교대입구,2025-06-08,7243,3586,3657
작전,2025-06-08,15057,7664,7393
갈산,2025-06-08,6973,3580,3393
부평구청,2025-06-08,6950,3361,3589
부평시장,2025-06-08,14909,7465,7444
부평,2025-06-08,9217,4686,4531
동수,2025-06-08,4810,2435,2375
부평삼거리,2025-06-08,3338,1673,1665
간석오거리,2025-06-08,12075,6260,5815
인천시청,2025-06-08,5738,2909,2829
예술회관,2025-06-08,11372,5586,5786
인천터미널,2025-06-08,21867,11404,10463
문학경기장,2025-06-08,1194,593,601
선학,2025-06-08,7531,3651,3880
신연수,2025-06-08,4178,2064,2114
원인재,2025-06-08,2652,1374,1278
동춘,2025-06-08,9087,4544,4543
동막,2025-06-08,4164,2114,2050
캠퍼스타운,2025-06-08,6500,3112,3388
테크노파크,2025-06-08,14699,7296,7403
지식정보단지,2025-06-08,3089,1529,1560
인천대입구,2025-06-08,8934,4251,4683
센트럴파크(재외동포청),2025-06-08,6233,3119,3114
국제업무지구,2025-06-08,1904,983,921
송도달빛축제공원,2025-06-08,5906,2936,2970
계양,2025-06-09,8782,4383,4399
귤현,2025-06-09,2736,1073,1663
박촌,2025-06-09,8203,4303,3900
임학,2025-06-09,16412,8353,8059
계산,2025-06-09,20818,10590,10228
경인교대입구,2025-06-09,11720,5867,5853
작전,2025-06-09,29903,15169,14734
갈산,2025-06-09,18916,9618,9298
부평구청,2025-06-09,13864,6872,6992
부평시장,2025-06-09,27451,13702,13749
부평,2025-06-09,13136,6634,6502
동수,2025-06-09,10062,5103,4959
부평삼거리,2025-06-09,5365,2720,2645
간석오거리,2025-06-09,21666,11280,10386
인천시청,2025-06-09,11235,5574,5661
예술회관,2025-06-09,24465,12188,12277
인천터미널,2025-06-09,22629,11069,11560
문학경기장,2025-06-09,3592,1758,1834
선학,2025-06-09,11820,5923,5897
신연수,2025-06-09,11871,6017,5854
원인재,2025-06-09,5950,3164,2786
동춘,2025-06-09,20489,10062,10427
동막,2025-06-09,10313,5532,4781
캠퍼스타운,2025-06-09,12642,6162,6480
테크노파크,2025-06-09,21848,10968,10880
지식정보단지,2025-06-09,11702,5661,6041
인천대입구,2025-06-09,18755,9286,9469
센트럴파크(재외동포청),2025-06-09,7553,3826,3727
국제업무지구,2025-06-09,5720,2903,2817
송도달빛축제공원,2025-06-09,10401,5251,5150
계양,2025-06-10,9424,4754,4670
귤현,2025-06-10,2763,1096,1667
박촌,2025-06-10,8330,4358,3972
임학,2025-06-10,16837,8516,8321
계산,2025-06-10,20688,10491,10197
경인교대입구,2025-06-10,11873,5946,5927
작전,2025-06-10,30244,15286,14958
갈산,2025-06-10,19534,9882,9652
부평구청,2025-06-10,14137,6907,7230
부평시장,2025-06-10,28486,14217,14269
부평,2025-06-10,13153,6582,6571
동수,2025-06-10,10126,5168,4958
부평삼거리,2025-06-10,5427,2709,2718
간석오거리,2025-06-10,22464,11725,10739
인천시청,2025-06-10,11846,5942,5904
예술회관,2025-06-10,24847,12310,12537
인천터미널,2025-06-10,24244,11854,12390
문학경기장,2025-06-10,3794,1886,1908
선학,2025-06-10,12407,6221,6186
신연수,2025-06-10,12385,6261,6124
원인재,2025-06-10,6189,3328,2861
동춘,2025-06-10,21131,10400,10731
동막,2025-06-10,10629,5709,4920
캠퍼스타운,2025-06-10,12481,6210,6271
테크노파크,2025-06-10,22296,11166,11130
지식정보단지,2025-06-10,11961,5753,6208
인천대입구,2025-06-10,19436,9826,9610
센트럴파크(재외동포청),2025-06-10,7934,4016,3918
국제업무지구,2025-06-10,5724,2903,2821
송도달빛축제공원,2025-06-10,10623,5338,5285
계양,2025-06-11,9391,4730,4661
귤현,2025-06-11,2763,1046,1717
박촌,2025-06-11,8479,4404,4075
임학,2025-06-11,16676,8502,8174
계산,2025-06-11,21742,11034,10708
경인교대입구,2025-06-11,11780,5815,5965
작전,2025-06-11,30737,15529,15208
갈산,2025-06-11,19423,9894,9529
부평구청,2025-06-11,14715,7237,7478
부평시장,2025-06-11,28262,14094,14168
부평,2025-06-11,13540,6762,6778
동수,2025-06-11,10440,5313,5127
부평삼거리,2025-06-11,5439,2734,2705
간석오거리,2025-06-11,22309,11663,10646
인천시청,2025-06-11,12187,6077,6110
예술회관,2025-06-11,25258,12457,12801
인천터미널,2025-06-11,25868,12637,13231
문학경기장,2025-06-11,3649,1836,1813
선학,2025-06-11,12450,6221,6229
신연수,2025-06-11,12570,6406,6164
원인재,2025-06-11,6245,3345,2900
동춘,2025-06-11,21004,10360,10644
동막,2025-06-11,10773,5760,5013
캠퍼스타운,2025-06-11,12836,6450,6386
테크노파크,2025-06-11,22355,11200,11155
지식정보단지,2025-06-11,11904,5764,6140
인천대입구,2025-06-11,19474,9827,9647
센트럴파크(재외동포청),2025-06-11,8291,4140,4151
국제업무지구,2025-06-11,5820,2945,2875
송도달빛축제공원,2025-06-11,10854,5427,5427
계양,2025-06-12,9345,4607,4738
귤현,2025-06-12,2702,1077,1625
박촌,2025-06-12,8492,4386,4106
임학,2025-06-12,16731,8475,8256
계산,2025-06-12,21041,10674,10367
경인교대입구,2025-06-12,11824,5994,5830
작전,2025-06-12,30561,15491,15070
갈산,2025-06-12,19373,9828,9545
부평구청,2025-06-12,14285,7055,7230
부평시장,2025-06-12,27922,13953,13969
부평,2025-06-12,13685,6853,6832
동수,2025-06-12,10357,5217,5140
부평삼거리,2025-06-12,5374,2712,2662
간석오거리,2025-06-12,22397,11651,10746
인천시청,2025-06-12,11911,5925,5986
예술회관,2025-06-12,25022,12312,12710
인천터미널,2025-06-12,26510,13179,13331
문학경기장,2025-06-12,3828,1981,1847
선학,2025-06-12,12302,6125,6177
신연수,2025-06-12,12360,6290,6070
원인재,2025-06-12,6230,3301,2929
동춘,2025-06-12,21036,10294,10742
동막,2025-06-12,10305,5517,4788
캠퍼스타운,2025-06-12,12757,6427,6330
테크노파크,2025-06-12,22714,11364,11350
지식정보단지,2025-06-12,11803,5706,6097
인천대입구,2025-06-12,19401,9750,9651
센트럴파크(재외동포청),2025-06-12,9318,4566,4752
국제업무지구,2025-06-12,6013,3056,2957
송도달빛축제공원,2025-06-12,10713,5451,5262
계양,2025-06-13,9382,4719,4663
귤현,2025-06-13,2795,1120,1675
박촌,2025-06-13,8637,4501,4136
임학,2025-06-13,17377,8750,8627
계산,2025-06-13,21091,10696,10395
경인교대입구,2025-06-13,11910,5974,5936
작전,2025-06-13,31498,15966,15532
갈산,2025-06-13,19453,9913,9540
부평구청,2025-06-13,14938,7308,7630
부평시장,2025-06-13,28968,14399,14569
부평,2025-06-13,14987,7422,7565
동수,2025-06-13,10518,5355,5163
부평삼거리,2025-06-13,5521,2836,2685
간석오거리,2025-06-13,22763,11844,10919
인천시청,2025-06-13,12236,6234,6002
예술회관,2025-06-13,27273,13298,13975
인천터미널,2025-06-13,30569,14863,15706
문학경기장,2025-06-13,13507,6594,6913
선학,2025-06-13,13795,7011,6784
신연수,2025-06-13,12064,6161,5903
원인재,2025-06-13,6361,3415,2946
동춘,2025-06-13,22410,10981,11429
동막,2025-06-13,10738,5761,4977
캠퍼스타운,2025-06-13,13250,6712,6538
테크노파크,2025-06-13,24231,12171,12060
지식정보단지,2025-06-13,11390,5503,5887
인천대입구,2025-06-13,18200,9104,9096
센트럴파크(재외동포청),2025-06-13,8967,4458,4509
국제업무지구,2025-06-13,5968,3003,2965
송도달빛축제공원,2025-06-13,10890,5507,5383
계양,2025-06-14,7278,3485,3793
귤현,2025-06-14,1772,824,948
박촌,2025-06-14,6039,3187,2852
임학,2025-06-14,12513,6441,6072
계산,2025-06-14,17582,8810,8772
경인교대입구,2025-06-14,9379,4710,4669
작전,2025-06-14,23964,12324,11640
갈산,2025-06-14,11378,5890,5488
부평구청,2025-06-14,10824,5355,5469
부평시장,2025-06-14,20784,10315,10469
부평,2025-06-14,14422,7083,7339
동수,2025-06-14,6592,3330,3262
부평삼거리,2025-06-14,4132,2073,2059
간석오거리,2025-06-14,16981,8865,8116
인천시청,2025-06-14,8237,4283,3954
예술회관,2025-06-14,18980,9082,9898
인천터미널,2025-06-14,27831,13518,14313
문학경기장,2025-06-14,16841,7955,8886
선학,2025-06-14,10713,5440,5273
신연수,2025-06-14,6586,3449,3137
원인재,2025-06-14,4014,2103,1911
동춘,2025-06-14,15916,7923,7993
동막,2025-06-14,6341,3415,2926
캠퍼스타운,2025-06-14,8990,4615,4375
테크노파크,2025-06-14,20066,9832,10234
지식정보단지,2025-06-14,5081,2568,2513
인천대입구,2025-06-14,12700,6298,6402
센트럴파크(재외동포청),2025-06-14,8668,4389,4279
국제업무지구,2025-06-14,2971,1562,1409
송도달빛축제공원,2025-06-14,10138,5065,5073
계양,2025-06-15,5018,2277,2741
귤현,2025-06-15,1170,546,624
박촌,2025-06-15,4418,2252,2166
임학,2025-06-15,8746,4499,4247
계산,2025-06-15,13180,6467,6713
경인교대입구,2025-06-15,7437,3752,3685
작전,2025-06-15,15391,7729,7662
갈산,2025-06-15,7047,3632,3415
부평구청,2025-06-15,7454,3684,3770
부평시장,2025-06-15,14982,7372,7610
부평,2025-06-15,10099,5216,4883
동수,2025-06-15,5438,2777,2661
부평삼거리,2025-06-15,3182,1585,1597
간석오거리,2025-06-15,12456,6432,6024
인천시청,2025-06-15,5887,2984,2903
예술회관,2025-06-15,12975,6401,6574
인천터미널,2025-06-15,21278,10921,10357
문학경기장,2025-06-15,12782,6349,6433
선학,2025-06-15,7922,3920,4002
신연수,2025-06-15,4769,2470,2299
원인재,2025-06-15,2748,1434,1314
동춘,2025-06-15,11424,5641,5783
동막,2025-06-15,4299,2237,2062
캠퍼스타운,2025-06-15,6378,3136,3242
테크노파크,2025-06-15,15039,7372,7667
지식정보단지,2025-06-15,3441,1711,1730
인천대입구,2025-06-15,8378,3998,4380
센트럴파크(재외동포청),2025-06-15,4862,2434,2428
국제업무지구,2025-06-15,2009,1034,975
송도달빛축제공원,2025-06-15,5929,2944,2985
계양,2025-06-16,8472,4222,4250
귤현,2025-06-16,2548,990,1558
박촌,2025-06-16,7816,4076,3740
임학,2025-06-16,15772,8029,7743
계산,2025-06-16,19571,10002,9569
경인교대입구,2025-06-16,11084,5526,5558
작전,2025-06-16,28521,14410,14111
갈산,2025-06-16,18117,9212,8905
부평구청,2025-06-16,13312,6622,6690
부평시장,2025-06-16,26279,13184,13095
부평,2025-06-16,13083,6497,6586
동수,2025-06-16,9845,5013,4832
부평삼거리,2025-06-16,4876,2480,2396
간석오거리,2025-06-16,21262,11070,10192
인천시청,2025-06-16,10951,5516,5435
예술회관,2025-06-16,23993,11811,12182
인천터미널,2025-06-16,24081,11778,12303
문학경기장,2025-06-16,3845,1760,2085
선학,2025-06-16,11328,5678,5650
신연수,2025-06-16,11529,5832,5697
원인재,2025-06-16,5816,3091,2725
동춘,2025-06-16,19696,9689,10007
동막,2025-06-16,10412,5547,4865
캠퍼스타운,2025-06-16,12010,5893,6117
테크노파크,2025-06-16,21332,10758,10574
지식정보단지,2025-06-16,11388,5498,5890
인천대입구,2025-06-16,18370,9268,9102
센트럴파크(재외동포청),2025-06-16,7343,3656,3687
국제업무지구,2025-06-16,5590,2849,2741
송도달빛축제공원,2025-06-16,9893,4938,4955
계양,2025-06-17,9181,4525,4656
귤현,2025-06-17,2654,1032,1622
박촌,2025-06-17,8349,4341,4008
임학,2025-06-17,16528,8307,8221
계산,2025-06-17,19599,9963,9636
경인교대입구,2025-06-17,11524,5802,5722
작전,2025-06-17,29725,15075,14650
갈산,2025-06-17,19041,9686,9355
부평구청,2025-06-17,14378,7151,7227
부평시장,2025-06-17,28280,14010,14270
부평,2025-06-17,13492,6694,6798
동수,2025-06-17,10144,5094,5050
부평삼거리,2025-06-17,5249,2647,2602
간석오거리,2025-06-17,22026,11442,10584
인천시청,2025-06-17,11816,5925,5891
예술회관,2025-06-17,24650,12153,12497
인천터미널,2025-06-17,25090,12259,12831
문학경기장,2025-06-17,3735,1872,1863
선학,2025-06-17,12230,6073,6157
신연수,2025-06-17,11688,6000,5688
원인재,2025-06-17,6201,3364,2837
동춘,2025-06-17,20884,10336,10548
동막,2025-06-17,10505,5598,4907
캠퍼스타운,2025-06-17,12382,6082,6300
테크노파크,2025-06-17,22755,11410,11345
지식정보단지,2025-06-17,11366,5526,5840
인천대입구,2025-06-17,18543,9250,9293
센트럴파크(재외동포청),2025-06-17,7881,3965,3916
국제업무지구,2025-06-17,5875,2985,2890
송도달빛축제공원,2025-06-17,10418,5236,5182
계양,2025-06-18,9058,4551,4507
귤현,2025-06-18,2711,1059,1652
박촌,2025-06-18,8289,4292,3997
임학,2025-06-18,16493,8349,8144
계산,2025-06-18,20101,10153,9948
경인교대입구,2025-06-18,11579,5769,5810
작전,2025-06-18,30377,15295,15082
갈산,2025-06-18,19372,9821,9551
부평구청,2025-06-18,14260,6950,7310
부평시장,2025-06-18,27968,14021,13947
부평,2025-06-18,13853,6932,6921
동수,2025-06-18,10250,5264,4986
부평삼거리,2025-06-18,5328,2669,2659
간석오거리,2025-06-18,22345,11629,10716
인천시청,2025-06-18,12274,6148,6126
예술회관,2025-06-18,25666,12662,13004
인천터미널,2025-06-18,25548,12545,13003
문학경기장,2025-06-18,3899,2101,1798
선학,2025-06-18,12180,6083,6097
신연수,2025-06-18,11831,6049,5782
원인재,2025-06-18,6287,3365,2922
동춘,2025-06-18,21108,10390,10718
동막,2025-06-18,10915,5815,5100
캠퍼스타운,2025-06-18,12527,6371,6156
테크노파크,2025-06-18,22806,11349,11457
지식정보단지,2025-06-18,11147,5407,5740
인천대입구,2025-06-18,16249,8087,8162
센트럴파크(재외동포청),2025-06-18,8255,4147,4108
국제업무지구,2025-06-18,5808,2924,2884
송도달빛축제공원,2025-06-18,10626,5339,5287
계양,2025-06-19,9082,4476,4606
귤현,2025-06-19,2601,1056,1545
박촌,2025-06-19,8189,4281,3908
임학,2025-06-19,16797,8441,8356
계산,2025-06-19,19261,9739,9522
경인교대입구,2025-06-19,11666,5808,5858
작전,2025-06-19,29562,14991,14571
갈산,2025-06-19,19242,9771,9471
부평구청,2025-06-19,14028,6915,7113
부평시장,2025-06-19,27853,13885,13968
부평,2025-06-19,13727,6806,6921
동수,2025-06-19,10286,5270,5016
부평삼거리,2025-06-19,5193,2642,2551
간석오거리,2025-06-19,21988,11385,10603
인천시청,2025-06-19,11647,5857,5790
예술회관,2025-06-19,24938,12321,12617
인천터미널,2025-06-19,25276,12621,12655
문학경기장,2025-06-19,3492,1748,1744
선학,2025-06-19,12309,6175,6134
신연수,2025-06-19,11739,5981,5758
원인재,2025-06-19,6098,3244,2854
동춘,2025-06-19,21367,10496,10871
동막,2025-06-19,10637,5629,5008
캠퍼스타운,2025-06-19,12647,6387,6260
테크노파크,2025-06-19,22894,11357,11537
지식정보단지,2025-06-19,10982,5298,5684
인천대입구,2025-06-19,16148,8060,8088
센트럴파크(재외동포청),2025-06-19,8280,4086,4194
국제업무지구,2025-06-19,5804,2920,2884
송도달빛축제공원,2025-06-19,10629,5389,5240
계양,2025-06-20,7872,3855,4017
귤현,2025-06-20,2417,992,1425
박촌,2025-06-20,7501,3927,3574
임학,2025-06-20,15191,7701,7490
계산,2025-06-20,17664,8976,8688
경인교대입구,2025-06-20,10509,5275,5234
작전,2025-06-20,27346,13857,13489
갈산,2025-06-20,17792,9027,8765
부평구청,2025-06-20,13153,6417,6736
부평시장,2025-06-20,25582,12700,12882
부평,2025-06-20,13670,6710,6960
동수,2025-06-20,9602,4871,4731
부평삼거리,2025-06-20,4529,2319,2210
간석오거리,2025-06-20,20123,10501,9622
인천시청,2025-06-20,10476,5334,5142
예술회관,2025-06-20,22936,11122,11814
인천터미널,2025-06-20,25122,12292,12830
문학경기장,2025-06-20,3132,1588,1544
선학,2025-06-20,12031,5971,6060
신연수,2025-06-20,10528,5396,5132
원인재,2025-06-20,5587,2962,2625
동춘,2025-06-20,19213,9401,9812
동막,2025-06-20,9742,5252,4490
캠퍼스타운,2025-06-20,11273,5751,5522
테크노파크,2025-06-20,21450,10786,10664
지식정보단지,2025-06-20,9820,4741,5079
인천대입구,2025-06-20,14637,7252,7385
센트럴파크(재외동포청),2025-06-20,7079,3481,3598
국제업무지구,2025-06-20,5699,2892,2807
송도달빛축제공원,2025-06-20,9001,4530,4471
계양,2025-06-21,6913,3268,3645
귤현,2025-06-21,1710,800,910
박촌,2025-06-21,5766,3014,2752
임학,2025-06-21,12173,6213,5960
계산,2025-06-21,15848,7949,7899
경인교대입구,2025-06-21,9174,4591,4583
작전,2025-06-21,23474,12046,11428
갈산,2025-06-21,10602,5501,5101
부평구청,2025-06-21,10512,5095,5417
부평시장,2025-06-21,19647,9820,9827
부평,2025-06-21,14177,6935,7242
동수,2025-06-21,6501,3327,3174
부평삼거리,2025-06-21,4168,2061,2107
간석오거리,2025-06-21,17120,8963,8157
인천시청,2025-06-21,7400,3801,3599
예술회관,2025-06-21,18165,8527,9638
인천터미널,2025-06-21,26826,13169,13657
문학경기장,2025-06-21,16574,7984,8590
선학,2025-06-21,10016,5064,4952
신연수,2025-06-21,6390,3359,3031
원인재,2025-06-21,3764,1989,1775
동춘,2025-06-21,15859,7902,7957
동막,2025-06-21,6026,3239,2787
캠퍼스타운,2025-06-21,9266,4794,4472
테크노파크,2025-06-21,20091,9946,10145
지식정보단지,2025-06-21,4745,2427,2318
인천대입구,2025-06-21,11390,5689,5701
센트럴파크(재외동포청),2025-06-21,7481,3707,3774
국제업무지구,2025-06-21,3001,1584,1417
송도달빛축제공원,2025-06-21,8167,4086,4081
계양,2025-06-22,5415,2452,2963
귤현,2025-06-22,1216,557,659
박촌,2025-06-22,4341,2230,2111
임학,2025-06-22,9066,4574,4492
계산,2025-06-22,13793,6908,6885
경인교대입구,2025-06-22,7624,3874,3750
작전,2025-06-22,15917,8087,7830
갈산,2025-06-22,7374,3793,3581
부평구청,2025-06-22,7934,3882,4052
부평시장,2025-06-22,15744,7753,7991
부평,2025-06-22,10243,5326,4917
동수,2025-06-22,5294,2672,2622
부평삼거리,2025-06-22,3428,1699,1729
간석오거리,2025-06-22,12978,6811,6167
인천시청,2025-06-22,5567,2842,2725
예술회관,2025-06-22,12987,6292,6695
인천터미널,2025-06-22,23145,11811,11334
문학경기장,2025-06-22,14196,6953,7243
선학,2025-06-22,8086,4052,4034
신연수,2025-06-22,4682,2382,2300
원인재,2025-06-22,2726,1462,1264
동춘,2025-06-22,9870,4857,5013
동막,2025-06-22,4286,2213,2073
캠퍼스타운,2025-06-22,6684,3321,3363
테크노파크,2025-06-22,16864,8381,8483
지식정보단지,2025-06-22,3312,1649,1663
인천대입구,2025-06-22,8404,4121,4283
센트럴파크(재외동포청),2025-06-22,5259,2571,2688
국제업무지구,2025-06-22,2025,1070,955
송도달빛축제공원,2025-06-22,6626,3232,3394
계양,2025-06-23,8728,4343,4385
귤현,2025-06-23,2550,1008,1542
박촌,2025-06-23,8191,4264,3927
임학,2025-06-23,16430,8331,8099
계산,2025-06-23,19282,9790,9492
경인교대입구,2025-06-23,11790,5923,5867
작전,2025-06-23,29580,14911,14669
갈산,2025-06-23,18732,9507,9225
부평구청,2025-06-23,13808,6801,7007
부평시장,2025-06-23,27446,13717,13729
부평,2025-06-23,13724,6927,6797
동수,2025-06-23,9895,5005,4890
부평삼거리,2025-06-23,5204,2639,2565
간석오거리,2025-06-23,21426,11159,10267
인천시청,2025-06-23,11543,5765,5778
예술회관,2025-06-23,24668,12182,12486
인천터미널,2025-06-23,25034,12421,12613
문학경기장,2025-06-23,3618,1836,1782
선학,2025-06-23,11700,5756,5944
신연수,2025-06-23,11516,5871,5645
원인재,2025-06-23,5846,3122,2724
동춘,2025-06-23,21042,10378,10664
동막,2025-06-23,10538,5640,4898
캠퍼스타운,2025-06-23,12289,6156,6133
테크노파크,2025-06-23,22757,11405,11352
지식정보단지,2025-06-23,10905,5300,5605
인천대입구,2025-06-23,14428,7137,7291
센트럴파크(재외동포청),2025-06-23,7967,4046,3921
국제업무지구,2025-06-23,5608,2819,2789
송도달빛축제공원,2025-06-23,10277,5113,5164
계양,2025-06-24,9143,4568,4575
귤현,2025-06-24,2555,989,1566
박촌,2025-06-24,8149,4243,3906
임학,2025-06-24,16433,8292,8141
계산,2025-06-24,18948,9659,9289
경인교대입구,2025-06-24,10906,5455,5451
작전,2025-06-24,29348,14864,14484
갈산,2025-06-24,18885,9548,9337
부평구청,2025-06-24,14057,6903,7154
부평시장,2025-06-24,28133,14002,14131
부평,2025-06-24,13383,6706,6677
동수,2025-06-24,10254,5206,5048
부평삼거리,2025-06-24,5346,2700,2646
간석오거리,2025-06-24,21939,11393,10546
인천시청,2025-06-24,11774,5927,5847
예술회관,2025-06-24,24725,12241,12484
인천터미널,2025-06-24,24709,12168,12541
문학경기장,2025-06-24,3720,1874,1846
선학,2025-06-24,12327,6123,6204
신연수,2025-06-24,11663,5935,5728
원인재,2025-06-24,5964,3203,2761
동춘,2025-06-24,20897,10290,10607
동막,2025-06-24,10511,5649,4862
캠퍼스타운,2025-06-24,11847,5988,5859
테크노파크,2025-06-24,22849,11427,11422
지식정보단지,2025-06-24,11032,5335,5697
인천대입구,2025-06-24,15127,7594,7533
센트럴파크(재외동포청),2025-06-24,8121,4075,4046
국제업무지구,2025-06-24,5938,2991,2947
송도달빛축제공원,2025-06-24,10398,5228,5170
계양,2025-06-25,8561,4341,4220
귤현,2025-06-25,2460,984,1476
박촌,2025-06-25,8009,4151,3858
임학,2025-06-25,15943,8014,7929
계산,2025-06-25,18486,9389,9097
경인교대입구,2025-06-25,10714,5343,5371
작전,2025-06-25,28784,14615,14169
갈산,2025-06-25,18875,9581,9294
부평구청,2025-06-25,13898,6882,7016
부평시장,2025-06-25,26932,13470,13462
부평,2025-06-25,13553,6802,6751
동수,2025-06-25,10380,5248,5132
부평삼거리,2025-06-25,5158,2586,2572
간석오거리,2025-06-25,21667,11239,10428
인천시청,2025-06-25,11128,5579,5549
예술회관,2025-06-25,24100,11898,12202
인천터미널,2025-06-25,23650,11663,11987
문학경기장,2025-06-25,3311,1681,1630
선학,2025-06-25,11905,5935,5970
신연수,2025-06-25,11489,5895,5594
원인재,2025-06-25,5514,2944,2570
동춘,2025-06-25,20509,10075,10434
동막,2025-06-25,10644,5685,4959
캠퍼스타운,2025-06-25,11165,5614,5551
테크노파크,2025-06-25,22219,11081,11138
지식정보단지,2025-06-25,10667,5102,5565
인천대입구,2025-06-25,14711,7234,7477
센트럴파크(재외동포청),2025-06-25,7927,3940,3987
국제업무지구,2025-06-25,5789,2970,2819
송도달빛축제공원,2025-06-25,9840,4903,4937
계양,2025-06-26,9198,4575,4623
귤현,2025-06-26,2621,1074,1547
박촌,2025-06-26,8097,4234,3863
임학,2025-06-26,16657,8430,8227
계산,2025-06-26,19239,9690,9549
경인교대입구,2025-06-26,11176,5586,5590
작전,2025-06-26,29930,15262,14668
갈산,2025-06-26,18995,9650,9345
부평구청,2025-06-26,14122,6954,7168
부평시장,2025-06-26,28308,14032,14276
부평,2025-06-26,14093,7046,7047
동수,2025-06-26,10222,5149,5073
부평삼거리,2025-06-26,5413,2730,2683
간석오거리,2025-06-26,22301,11591,10710
인천시청,2025-06-26,11681,5920,5761
예술회관,2025-06-26,24552,12095,12457
인천터미널,2025-06-26,26033,12829,13204
문학경기장,2025-06-26,3636,1867,1769
선학,2025-06-26,12230,6187,6043
신연수,2025-06-26,11544,5871,5673
원인재,2025-06-26,6033,3269,2764
동춘,2025-06-26,22003,10818,11185
동막,2025-06-26,10465,5606,4859
캠퍼스타운,2025-06-26,11740,5946,5794
테크노파크,2025-06-26,23484,11653,11831
지식정보단지,2025-06-26,11124,5341,5783
인천대입구,2025-06-26,15391,7674,7717
센트럴파크(재외동포청),2025-06-26,9056,4505,4551
국제업무지구,2025-06-26,5913,2990,2923
송도달빛축제공원,2025-06-26,10560,5259,5301
계양,2025-06-27,9547,4622,4925
귤현,2025-06-27,2573,1035,1538
박촌,2025-06-27,8445,4417,4028
임학,2025-06-27,17396,8771,8625
계산,2025-06-27,19811,10016,9795
경인교대입구,2025-06-27,11628,5805,5823
작전,2025-06-27,31128,15855,15273
갈산,2025-06-27,19312,9860,9452
부평구청,2025-06-27,14920,7403,7517
부평시장,2025-06-27,29425,14579,14846
부평,2025-06-27,15539,7599,7940
동수,2025-06-27,10103,5191,4912
부평삼거리,2025-06-27,5752,2915,2837
간석오거리,2025-06-27,22761,11916,10845
인천시청,2025-06-27,11793,5925,5868
예술회관,2025-06-27,26068,12548,13520
인천터미널,2025-06-27,30315,14795,15520
문학경기장,2025-06-27,19425,9025,10400
선학,2025-06-27,13023,6647,6376
신연수,2025-06-27,11705,6000,5705
원인재,2025-06-27,5846,3076,2770
동춘,2025-06-27,22378,10957,11421
동막,2025-06-27,10622,5677,4945
캠퍼스타운,2025-06-27,12462,6279,6183
테크노파크,2025-06-27,23699,11798,11901
지식정보단지,2025-06-27,10966,5339,5627
인천대입구,2025-06-27,16562,8236,8326
센트럴파크(재외동포청),2025-06-27,8553,4231,4322
국제업무지구,2025-06-27,5926,3010,2916
송도달빛축제공원,2025-06-27,11077,5581,5496
검단호수공원,2025-06-28,5378,2586,2792
신검단중앙,2025-06-28,9086,4724,4362
아라(북부법원·검찰청),2025-06-28,18667,9436,9231
계양,2025-06-28,5102,2425,2677
귤현,2025-06-28,1389,711,678
박촌,2025-06-28,5808,3054,2754
임학,2025-06-28,12658,6449,6209
계산,2025-06-28,16167,8143,8024
경인교대입구,2025-06-28,8841,4406,4435
작전,2025-06-28,23011,11890,11121
갈산,2025-06-28,10382,5414,4968
부평구청,2025-06-28,10768,5408,5360
부평시장,2025-06-28,20407,10070,10337
부평,2025-06-28,14268,7055,7213
동수,2025-06-28,6581,3363,3218
부평삼거리,2025-06-28,4225,2076,2149
간석오거리,2025-06-28,16873,8771,8102
인천시청,2025-06-28,7802,3982,3820
예술회관,2025-06-28,18128,8593,9535
인천터미널,2025-06-28,27472,13638,13834
문학경기장,2025-06-28,19523,9106,10417
선학,2025-06-28,10674,5441,5233
신연수,2025-06-28,6306,3316,2990
원인재,2025-06-28,4383,2296,2087
동춘,2025-06-28,15505,7820,7685
동막,2025-06-28,6218,3370,2848
캠퍼스타운,2025-06-28,8394,4321,4073
테크노파크,2025-06-28,20881,10343,10538
지식정보단지,2025-06-28,4532,2323,2209
인천대입구,2025-06-28,13001,6448,6553
센트럴파크(재외동포청),2025-06-28,7584,3752,3832
국제업무지구,2025-06-28,3024,1577,1447
송도달빛축제공원,2025-06-28,8355,4210,4145
검단호수공원,2025-06-29,3534,1702,1832
신검단중앙,2025-06-29,6424,3305,3119
아라(북부법원·검찰청),2025-06-29,13854,6927,6927
계양,2025-06-29,3991,1900,2091
귤현,2025-06-29,935,439,496
박촌,2025-06-29,4575,2371,2204
임학,2025-06-29,9311,4702,4609
계산,2025-06-29,12798,6487,6311
경인교대입구,2025-06-29,7655,3841,3814
작전,2025-06-29,15992,8147,7845
갈산,2025-06-29,7192,3710,3482
부평구청,2025-06-29,7591,3662,3929
부평시장,2025-06-29,16048,7926,8122
부평,2025-06-29,10064,5202,4862
동수,2025-06-29,5311,2656,2655
부평삼거리,2025-06-29,3327,1646,1681
간석오거리,2025-06-29,12786,6658,6128
인천시청,2025-06-29,5403,2746,2657
예술회관,2025-06-29,12401,6000,6401
인천터미널,2025-06-29,22343,11475,10868
문학경기장,2025-06-29,13904,6808,7096
선학,2025-06-29,8207,4043,4164
신연수,2025-06-29,4772,2433,2339
원인재,2025-06-29,2524,1349,1175
동춘,2025-06-29,11881,5822,6059
동막,2025-06-29,4205,2180,2025
캠퍼스타운,2025-06-29,6076,3023,3053
테크노파크,2025-06-29,16396,8125,8271
지식정보단지,2025-06-29,3202,1571,1631
인천대입구,2025-06-29,9539,4680,4859
센트럴파크(재외동포청),2025-06-29,5733,2860,2873
국제업무지구,2025-06-29,2081,1124,957
송도달빛축제공원,2025-06-29,6555,3248,3307
검단호수공원,2025-06-30,2002,985,1017
신검단중앙,2025-06-30,7825,3890,3935
아라(북부법원·검찰청),2025-06-30,17090,8316,8774
계양,2025-06-30,5271,2595,2676
귤현,2025-06-30,1743,849,894
박촌,2025-06-30,7974,4200,3774
임학,2025-06-30,16322,8321,8001
계산,2025-06-30,18641,9484,9157
경인교대입구,2025-06-30,10835,5439,5396
작전,2025-06-30,29340,14899,14441
갈산,2025-06-30,18792,9468,9324
부평구청,2025-06-30,13720,6741,6979
부평시장,2025-06-30,27711,13807,13904
부평,2025-06-30,13842,6970,6872
동수,2025-06-30,9954,5067,4887
부평삼거리,2025-06-30,5284,2677,2607
간석오거리,2025-06-30,21066,10963,10103
인천시청,2025-06-30,10965,5541,5424
예술회관,2025-06-30,23881,11791,12090
인천터미널,2025-06-30,24471,11906,12565
문학경기장,2025-06-30,3369,1686,1683
선학,2025-06-30,11615,5764,5851
신연수,2025-06-30,11348,5701,5647
원인재,2025-06-30,5935,3173,2762
동춘,2025-06-30,20392,10039,10353
동막,2025-06-30,10160,5447,4713
캠퍼스타운,2025-06-30,11320,5617,5703
테크노파크,2025-06-30,21601,10831,10770
지식정보단지,2025-06-30,10525,5088,5437
인천대입구,2025-06-30,14985,7343,7642
센트럴파크(재외동포청),2025-06-30,7683,3842,3841
국제업무지구,2025-06-30,5862,2955,2907
송도달빛축제공원,2025-06-30,9808,4934,4874
