일자,역명,이용인원,승차인원,하차인원
2024-07-01,까치울,13879,7084,6795
2024-07-01,부천종합운동장,5968,2949,3019
2024-07-01,춘의,22620,11354,11266
2024-07-01,신중동,33700,16766,16934
2024-07-01,부천시청,30225,15124,15101
2024-07-01,상동,31323,15363,15960
2024-07-01,삼산체육관,12887,6799,6088
2024-07-01,굴포천,20698,10145,10553
2024-07-01,부평구청,14498,7505,6993
2024-07-01,산곡,22344,11605,10739
2024-07-01,석남(거북시장),14655,7830,6825
2024-07-02,까치울,13127,6705,6422
2024-07-02,부천종합운동장,5392,2703,2689
2024-07-02,춘의,21854,10934,10920
2024-07-02,신중동,31782,15841,15941
2024-07-02,부천시청,28707,14383,14324
2024-07-02,상동,29568,14587,14981
2024-07-02,삼산체육관,12548,6493,6055
2024-07-02,굴포천,19252,9478,9774
2024-07-02,부평구청,13827,7125,6702
2024-07-02,산곡,20800,10805,9995
2024-07-02,석남(거북시장),13557,7255,6302
2024-07-03,까치울,14318,7311,7007
2024-07-03,부천종합운동장,6076,3050,3026
2024-07-03,춘의,22842,11529,11313
2024-07-03,신중동,34512,17220,17292
2024-07-03,부천시청,31695,15738,15957
2024-07-03,상동,32512,15939,16573
2024-07-03,삼산체육관,13871,7310,6561
2024-07-03,굴포천,20572,10123,10449
2024-07-03,부평구청,15025,7778,7247
2024-07-03,산곡,22671,11759,10912
2024-07-03,석남(거북시장),15023,7961,7062
2024-07-04,까치울,14289,7258,7031
2024-07-04,부천종합운동장,6021,2992,3029
2024-07-04,춘의,22824,11468,11356
2024-07-04,신중동,34716,17347,17369
2024-07-04,부천시청,32885,16361,16524
2024-07-04,상동,32829,16160,16669
2024-07-04,삼산체육관,13514,7122,6392
2024-07-04,굴포천,20864,10240,10624
2024-07-04,부평구청,14792,7607,7185
2024-07-04,산곡,22260,11596,10664
2024-07-04,석남(거북시장),14708,7792,6916
2024-07-05,까치울,14760,7627,7133
2024-07-05,부천종합운동장,6031,3040,2991
2024-07-05,춘의,22742,11571,11171
2024-07-05,신중동,36426,17900,18526
2024-07-05,부천시청,36501,17815,18686
2024-07-05,상동,35504,17139,18365
2024-07-05,삼산체육관,14538,7732,6806
2024-07-05,굴포천,21252,10438,10814
2024-07-05,부평구청,14878,7734,7144
2024-07-05,산곡,22987,12002,10985
2024-07-05,석남(거북시장),15614,8252,7362
2024-07-06,까치울,10301,5257,5044
2024-07-06,부천종합운동장,3388,1643,1745
2024-07-06,춘의,10704,5551,5153
2024-07-06,신중동,23102,11359,11743
2024-07-06,부천시청,26267,13077,13190
2024-07-06,상동,27913,13787,14126
2024-07-06,삼산체육관,9516,5007,4509
2024-07-06,굴포천,14665,7203,7462
2024-07-06,부평구청,9594,5021,4573
2024-07-06,산곡,12851,6600,6251
2024-07-06,석남(거북시장),11125,5770,5355
2024-07-07,까치울,7859,3968,3891
2024-07-07,부천종합운동장,3219,1500,1719
2024-07-07,춘의,8130,4150,3980
2024-07-07,신중동,16276,8127,8149
2024-07-07,부천시청,19120,9821,9299
2024-07-07,상동,19306,9758,9548
2024-07-07,삼산체육관,8246,4298,3948
2024-07-07,굴포천,10812,5313,5499
2024-07-07,부평구청,7153,3724,3429
2024-07-07,산곡,9657,4899,4758
2024-07-07,석남(거북시장),8486,4501,3985
2024-07-08,까치울,13274,6741,6533
2024-07-08,부천종합운동장,5232,2639,2593
2024-07-08,춘의,21966,11050,10916
2024-07-08,신중동,31324,15651,15673
2024-07-08,부천시청,28204,14127,14077
2024-07-08,상동,31325,15410,15915
2024-07-08,삼산체육관,12807,6714,6093
2024-07-08,굴포천,19450,9483,9967
2024-07-08,부평구청,13844,7175,6669
2024-07-08,산곡,21093,10917,10176
2024-07-08,석남(거북시장),14124,7592,6532
2024-07-09,까치울,14244,7277,6967
2024-07-09,부천종합운동장,5736,2806,2930
2024-07-09,춘의,23123,11635,11488
2024-07-09,신중동,33665,16790,16875
2024-07-09,부천시청,31342,15578,15764
2024-07-09,상동,32937,16230,16707
2024-07-09,삼산체육관,13996,7308,6688
2024-07-09,굴포천,20562,10071,10491
2024-07-09,부평구청,14526,7510,7016
2024-07-09,산곡,22164,11503,10661
2024-07-09,석남(거북시장),14379,7699,6680
2024-07-10,까치울,14639,7523,7116
2024-07-10,부천종합운동장,6062,3011,3051
2024-07-10,춘의,23417,11816,11601
2024-07-10,신중동,34970,17335,17635
2024-07-10,부천시청,32854,16426,16428
2024-07-10,상동,34454,16900,17554
2024-07-10,삼산체육관,14197,7485,6712
2024-07-10,굴포천,21254,10329,10925
2024-07-10,부평구청,15137,7871,7266
2024-07-10,산곡,22593,11682,10911
2024-07-10,석남(거북시장),15079,8001,7078
2024-07-11,까치울,14877,7592,7285
2024-07-11,부천종합운동장,6093,3005,3088
2024-07-11,춘의,23310,11695,11615
2024-07-11,신중동,35251,17506,17745
2024-07-11,부천시청,33633,16830,16803
2024-07-11,상동,34014,16698,17316
2024-07-11,삼산체육관,14202,7442,6760
2024-07-11,굴포천,21060,10390,10670
2024-07-11,부평구청,14975,7666,7309
2024-07-11,산곡,22744,11835,10909
2024-07-11,석남(거북시장),15079,7986,7093
2024-07-12,까치울,14843,7668,7175
2024-07-12,부천종합운동장,6055,2964,3091
2024-07-12,춘의,22770,11546,11224
2024-07-12,신중동,36256,17796,18460
2024-07-12,부천시청,33284,16457,16827
2024-07-12,상동,34394,16697,17697
2024-07-12,삼산체육관,14118,7533,6585
2024-07-12,굴포천,21803,10688,11115
2024-07-12,부평구청,15271,7915,7356
2024-07-12,산곡,22697,11874,10823
2024-07-12,석남(거북시장),15797,8355,7442
2024-07-13,까치울,10951,5542,5409
2024-07-13,부천종합운동장,3676,1795,1881
2024-07-13,춘의,11092,5791,5301
2024-07-13,신중동,24849,12294,12555
2024-07-13,부천시청,26879,13529,13350
2024-07-13,상동,27220,13487,13733
2024-07-13,삼산체육관,10050,5288,4762
2024-07-13,굴포천,16033,7949,8084
2024-07-13,부평구청,10274,5387,4887
2024-07-13,산곡,13883,7221,6662
2024-07-13,석남(거북시장),11867,6145,5722
2024-07-14,까치울,7717,3823,3894
2024-07-14,부천종합운동장,4043,1938,2105
2024-07-14,춘의,8299,4293,4006
2024-07-14,신중동,16883,8413,8470
2024-07-14,부천시청,17913,8994,8919
2024-07-14,상동,17993,9300,8693
2024-07-14,삼산체육관,7522,3853,3669
2024-07-14,굴포천,10528,5262,5266
2024-07-14,부평구청,7453,3956,3497
2024-07-14,산곡,9598,4826,4772
2024-07-14,석남(거북시장),8494,4574,3920
2024-07-15,까치울,13908,7098,6810
2024-07-15,부천종합운동장,5955,2979,2976
2024-07-15,춘의,22927,11442,11485
2024-07-15,신중동,34019,16969,17050
2024-07-15,부천시청,30595,15276,15319
2024-07-15,상동,31189,15239,15950
2024-07-15,삼산체육관,12944,6850,6094
2024-07-15,굴포천,20566,10138,10428
2024-07-15,부평구청,14543,7553,6990
2024-07-15,산곡,21872,11326,10546
2024-07-15,석남(거북시장),14516,7739,6777
2024-07-16,까치울,13987,7216,6771
2024-07-16,부천종합운동장,5887,2929,2958
2024-07-16,춘의,23170,11661,11509
2024-07-16,신중동,34092,16963,17129
2024-07-16,부천시청,30562,15258,15304
2024-07-16,상동,31520,15544,15976
2024-07-16,삼산체육관,13147,6860,6287
2024-07-16,굴포천,20644,10110,10534
2024-07-16,부평구청,14738,7647,7091
2024-07-16,산곡,21873,11332,10541
2024-07-16,석남(거북시장),14214,7544,6670
2024-07-17,까치울,13168,6701,6467
2024-07-17,부천종합운동장,5222,2572,2650
2024-07-17,춘의,22397,11255,11142
2024-07-17,신중동,33130,16516,16614
2024-07-17,부천시청,29982,14922,15060
2024-07-17,상동,30830,15076,15754
2024-07-17,삼산체육관,12681,6613,6068
2024-07-17,굴포천,19951,9796,10155
2024-07-17,부평구청,14008,7245,6763
2024-07-17,산곡,21082,10942,10140
2024-07-17,석남(거북시장),13559,7176,6383
2024-07-18,까치울,12744,6536,6208
2024-07-18,부천종합운동장,5197,2567,2630
2024-07-18,춘의,21520,10814,10706
2024-07-18,신중동,31526,15694,15832
2024-07-18,부천시청,28921,14550,14371
2024-07-18,상동,29687,14637,15050
2024-07-18,삼산체육관,12073,6398,5675
2024-07-18,굴포천,19188,9485,9703
2024-07-18,부평구청,14149,7317,6832
2024-07-18,산곡,20627,10698,9929
2024-07-18,석남(거북시장),12965,6892,6073
2024-07-19,까치울,14571,7481,7090
2024-07-19,부천종합운동장,5956,2915,3041
2024-07-19,춘의,22879,11630,11249
2024-07-19,신중동,36547,17991,18556
2024-07-19,부천시청,33282,16581,16701
2024-07-19,상동,35110,17066,18044
2024-07-19,삼산체육관,13784,7329,6455
2024-07-19,굴포천,22025,10801,11224
2024-07-19,부평구청,15325,7942,7383
2024-07-19,산곡,22447,11711,10736
2024-07-19,석남(거북시장),15660,8290,7370
2024-07-20,까치울,10242,5194,5048
2024-07-20,부천종합운동장,3307,1666,1641
2024-07-20,춘의,10701,5555,5146
2024-07-20,신중동,22966,11416,11550
2024-07-20,부천시청,23628,11857,11771
2024-07-20,상동,25948,12829,13119
2024-07-20,삼산체육관,8275,4365,3910
2024-07-20,굴포천,14352,7006,7346
2024-07-20,부평구청,9610,5058,4552
2024-07-20,산곡,13026,6681,6345
2024-07-20,석남(거북시장),10787,5603,5184
2024-07-21,까치울,7544,3774,3770
2024-07-21,부천종합운동장,2972,1395,1577
2024-07-21,춘의,7894,4032,3862
2024-07-21,신중동,15641,7803,7838
2024-07-21,부천시청,16108,8182,7926
2024-07-21,상동,17426,8832,8594
2024-07-21,삼산체육관,5942,3082,2860
2024-07-21,굴포천,10378,5084,5294
2024-07-21,부평구청,6852,3606,3246
2024-07-21,산곡,9209,4666,4543
2024-07-21,석남(거북시장),8001,4280,3721
2024-07-22,까치울,12717,6522,6195
2024-07-22,부천종합운동장,4977,2524,2453
2024-07-22,춘의,22116,11106,11010
2024-07-22,신중동,31720,15741,15979
2024-07-22,부천시청,28427,14345,14082
2024-07-22,상동,29705,14633,15072
2024-07-22,삼산체육관,11996,6283,5713
2024-07-22,굴포천,19560,9568,9992
2024-07-22,부평구청,14036,7221,6815
2024-07-22,산곡,20661,10745,9916
2024-07-22,석남(거북시장),13819,7367,6452
2024-07-23,까치울,13622,6993,6629
2024-07-23,부천종합운동장,9769,4840,4929
2024-07-23,춘의,22698,11348,11350
2024-07-23,신중동,33329,16547,16782
2024-07-23,부천시청,30081,15002,15079
2024-07-23,상동,32093,15780,16313
2024-07-23,삼산체육관,12741,6705,6036
2024-07-23,굴포천,20287,9949,10338
2024-07-23,부평구청,14600,7592,7008
2024-07-23,산곡,21412,11096,10316
2024-07-23,석남(거북시장),14186,7540,6646
2024-07-24,까치울,13949,7145,6804
2024-07-24,부천종합운동장,5654,2776,2878
2024-07-24,춘의,22835,11566,11269
2024-07-24,신중동,33821,16849,16972
2024-07-24,부천시청,30513,15316,15197
2024-07-24,상동,33106,16199,16907
2024-07-24,삼산체육관,12980,6810,6170
2024-07-24,굴포천,20832,10231,10601
2024-07-24,부평구청,15064,7800,7264
2024-07-24,산곡,21980,11358,10622
2024-07-24,석남(거북시장),14664,7831,6833
2024-07-25,까치울,13992,7104,6888
2024-07-25,부천종합운동장,5832,2925,2907
2024-07-25,춘의,22977,11495,11482
2024-07-25,신중동,33918,16949,16969
2024-07-25,부천시청,30916,15478,15438
2024-07-25,상동,33177,16353,16824
2024-07-25,삼산체육관,13105,6952,6153
2024-07-25,굴포천,21429,10617,10812
2024-07-25,부평구청,14891,7722,7169
2024-07-25,산곡,21738,11363,10375
2024-07-25,석남(거북시장),14360,7619,6741
2024-07-26,까치울,13888,7132,6756
2024-07-26,부천종합운동장,5581,2780,2801
2024-07-26,춘의,22033,11246,10787
2024-07-26,신중동,34675,17043,17632
2024-07-26,부천시청,32050,15966,16084
2024-07-26,상동,33743,16384,17359
2024-07-26,삼산체육관,12594,6659,5935
2024-07-26,굴포천,21035,10319,10716
2024-07-26,부평구청,14715,7673,7042
2024-07-26,산곡,21095,10968,10127
2024-07-26,석남(거북시장),14939,7922,7017
2024-07-27,까치울,9492,4888,4604
2024-07-27,부천종합운동장,3327,1626,1701
2024-07-27,춘의,10667,5515,5152
2024-07-27,신중동,22314,11159,11155
2024-07-27,부천시청,22401,11299,11102
2024-07-27,상동,24155,12008,12147
2024-07-27,삼산체육관,9173,4787,4386
2024-07-27,굴포천,14032,6925,7107
2024-07-27,부평구청,9197,4803,4394
2024-07-27,산곡,12344,6375,5969
2024-07-27,석남(거북시장),10593,5501,5092
2024-07-28,까치울,7384,3731,3653
2024-07-28,부천종합운동장,2900,1359,1541
2024-07-28,춘의,7864,4104,3760
2024-07-28,신중동,15566,7763,7803
2024-07-28,부천시청,15877,7974,7903
2024-07-28,상동,16277,8293,7984
2024-07-28,삼산체육관,6788,3501,3287
2024-07-28,굴포천,9956,4903,5053
2024-07-28,부평구청,6881,3576,3305
2024-07-28,산곡,8858,4483,4375
2024-07-28,석남(거북시장),8162,4297,3865
2024-07-29,까치울,12646,6481,6165
2024-07-29,부천종합운동장,5090,2604,2486
2024-07-29,춘의,20563,10385,10178
2024-07-29,신중동,30995,15329,15666
2024-07-29,부천시청,28292,14169,14123
2024-07-29,상동,30588,14976,15612
2024-07-29,삼산체육관,11755,6230,5525
2024-07-29,굴포천,19104,9388,9716
2024-07-29,부평구청,13330,6913,6417
2024-07-29,산곡,19583,10192,9391
2024-07-29,석남(거북시장),14017,7493,6524
2024-07-30,까치울,13190,6751,6439
2024-07-30,부천종합운동장,5313,2636,2677
2024-07-30,춘의,21193,10667,10526
2024-07-30,신중동,32022,15961,16061
2024-07-30,부천시청,29307,14670,14637
2024-07-30,상동,31545,15458,16087
2024-07-30,삼산체육관,12419,6547,5872
2024-07-30,굴포천,19722,9730,9992
2024-07-30,부평구청,13756,7052,6704
2024-07-30,산곡,20441,10616,9825
2024-07-30,석남(거북시장),14224,7614,6610
2024-07-31,까치울,12982,6674,6308
2024-07-31,부천종합운동장,5054,2538,2516
2024-07-31,춘의,19623,9895,9728
2024-07-31,신중동,31539,15743,15796
2024-07-31,부천시청,29343,14606,14737
2024-07-31,상동,31670,15474,16196
2024-07-31,삼산체육관,12611,6609,6002
2024-07-31,굴포천,19702,9692,10010
2024-07-31,부평구청,13712,7176,6536
2024-07-31,산곡,19725,10195,9530
2024-07-31,석남(거북시장),14012,7474,6538
2024-08-01,까치울,12279,6301,5978
2024-08-01,부천종합운동장,4931,2441,2490
2024-08-01,춘의,18537,9397,9140
2024-08-01,신중동,30507,15287,15220
2024-08-01,부천시청,28599,14306,14293
2024-08-01,상동,30091,14783,15308
2024-08-01,삼산체육관,11876,6211,5665
2024-08-01,굴포천,18820,9215,9605
2024-08-01,부평구청,13312,6889,6423
2024-08-01,산곡,19053,9887,9166
2024-08-01,석남(거북시장),13603,7246,6357
2024-08-02,까치울,12122,6294,5828
2024-08-02,부천종합운동장,4865,2433,2432
2024-08-02,춘의,17930,9156,8774
2024-08-02,신중동,30855,15244,15611
2024-08-02,부천시청,28691,14243,14448
2024-08-02,상동,30057,14525,15532
2024-08-02,삼산체육관,11504,6067,5437
2024-08-02,굴포천,18707,9128,9579
2024-08-02,부평구청,13157,6786,6371
2024-08-02,산곡,18647,9752,8895
2024-08-02,석남(거북시장),13786,7269,6517
2024-08-03,까치울,8746,4461,4285
2024-08-03,부천종합운동장,4044,1912,2132
2024-08-03,춘의,9326,4837,4489
2024-08-03,신중동,20391,10127,10264
2024-08-03,부천시청,21805,10985,10820
2024-08-03,상동,22290,11130,11160
2024-08-03,삼산체육관,7555,3957,3598
2024-08-03,굴포천,12624,6174,6450
2024-08-03,부평구청,8624,4517,4107
2024-08-03,산곡,11055,5666,5389
2024-08-03,석남(거북시장),10184,5316,4868
2024-08-04,까치울,6652,3410,3242
2024-08-04,부천종합운동장,2573,1260,1313
2024-08-04,춘의,7183,3704,3479
2024-08-04,신중동,14398,7244,7154
2024-08-04,부천시청,15231,7690,7541
2024-08-04,상동,15468,7792,7676
2024-08-04,삼산체육관,5663,2879,2784
2024-08-04,굴포천,9733,4810,4923
2024-08-04,부평구청,6430,3336,3094
2024-08-04,산곡,8258,4154,4104
2024-08-04,석남(거북시장),7932,4173,3759
2024-08-05,까치울,12291,6269,6022
2024-08-05,부천종합운동장,5028,2506,2522
2024-08-05,춘의,20136,10180,9956
2024-08-05,신중동,31151,15517,15634
2024-08-05,부천시청,26917,13516,13401
2024-08-05,상동,29154,14315,14839
2024-08-05,삼산체육관,11490,5965,5525
2024-08-05,굴포천,18977,9282,9695
2024-08-05,부평구청,13397,6998,6399
2024-08-05,산곡,20028,10381,9647
2024-08-05,석남(거북시장),13706,7320,6386
2024-08-06,까치울,13016,6589,6427
2024-08-06,부천종합운동장,5427,2730,2697
2024-08-06,춘의,21015,10579,10436
2024-08-06,신중동,31912,15944,15968
2024-08-06,부천시청,29251,14606,14645
2024-08-06,상동,30782,15120,15662
2024-08-06,삼산체육관,12131,6311,5820
2024-08-06,굴포천,19414,9556,9858
2024-08-06,부평구청,14051,7279,6772
2024-08-06,산곡,20497,10615,9882
2024-08-06,석남(거북시장),13954,7437,6517
2024-08-07,까치울,12806,6571,6235
2024-08-07,부천종합운동장,5374,2697,2677
2024-08-07,춘의,21278,10759,10519
2024-08-07,신중동,32138,16033,16105
2024-08-07,부천시청,29253,14557,14696
2024-08-07,상동,31080,15237,15843
2024-08-07,삼산체육관,12274,6449,5825
2024-08-07,굴포천,19440,9470,9970
2024-08-07,부평구청,14324,7469,6855
2024-08-07,산곡,20778,10698,10080
2024-08-07,석남(거북시장),14029,7500,6529
2024-08-08,까치울,13254,6782,6472
2024-08-08,부천종합운동장,5701,2865,2836
2024-08-08,춘의,21481,10805,10676
2024-08-08,신중동,32314,16014,16300
2024-08-08,부천시청,29817,14968,14849
2024-08-08,상동,30973,15181,15792
2024-08-08,삼산체육관,12802,6719,6083
2024-08-08,굴포천,19850,9660,10190
2024-08-08,부평구청,14326,7442,6884
2024-08-08,산곡,20658,10771,9887
2024-08-08,석남(거북시장),14160,7585,6575
2024-08-09,까치울,13296,6795,6501
2024-08-09,부천종합운동장,5616,2821,2795
2024-08-09,춘의,21432,10922,10510
2024-08-09,신중동,33446,16453,16993
2024-08-09,부천시청,30651,15152,15499
2024-08-09,상동,32757,15946,16811
2024-08-09,삼산체육관,12464,6605,5859
2024-08-09,굴포천,20565,10002,10563
2024-08-09,부평구청,14619,7475,7144
2024-08-09,산곡,20902,10921,9981
2024-08-09,석남(거북시장),14863,7828,7035
2024-08-10,까치울,9434,4739,4695
2024-08-10,부천종합운동장,3368,1648,1720
2024-08-10,춘의,10383,5365,5018
2024-08-10,신중동,21716,10778,10938
2024-08-10,부천시청,22761,11377,11384
2024-08-10,상동,24401,12142,12259
2024-08-10,삼산체육관,8500,4423,4077
2024-08-10,굴포천,14013,6890,7123
2024-08-10,부평구청,9068,4705,4363
2024-08-10,산곡,11996,6167,5829
2024-08-10,석남(거북시장),10613,5502,5111
2024-08-11,까치울,6587,3301,3286
2024-08-11,부천종합운동장,2865,1323,1542
2024-08-11,춘의,7618,3973,3645
2024-08-11,신중동,15644,7799,7845
2024-08-11,부천시청,15087,7560,7527
2024-08-11,상동,15853,8145,7708
2024-08-11,삼산체육관,5904,3026,2878
2024-08-11,굴포천,9427,4701,4726
2024-08-11,부평구청,6790,3492,3298
2024-08-11,산곡,8538,4313,4225
2024-08-11,석남(거북시장),8164,4330,3834
2024-08-12,까치울,12725,6483,6242
2024-08-12,부천종합운동장,5466,2761,2705
2024-08-12,춘의,21883,10990,10893
2024-08-12,신중동,31968,15923,16045
2024-08-12,부천시청,29392,14737,14655
2024-08-12,상동,30086,14893,15193
2024-08-12,삼산체육관,12072,6359,5713
2024-08-12,굴포천,19577,9583,9994
2024-08-12,부평구청,14362,7502,6860
2024-08-12,산곡,20633,10695,9938
2024-08-12,석남(거북시장),14172,7566,6606
2024-08-13,까치울,13088,6769,6319
2024-08-13,부천종합운동장,5578,2754,2824
2024-08-13,춘의,22311,11295,11016
2024-08-13,신중동,32327,16121,16206
2024-08-13,부천시청,29920,14901,15019
2024-08-13,상동,31049,15201,15848
2024-08-13,삼산체육관,12416,6472,5944
2024-08-13,굴포천,20001,9792,10209
2024-08-13,부평구청,14655,7516,7139
2024-08-13,산곡,20815,10840,9975
2024-08-13,석남(거북시장),14285,7590,6695
2024-08-14,까치울,13160,6794,6366
2024-08-14,부천종합운동장,5420,2689,2731
2024-08-14,춘의,22043,11201,10842
2024-08-14,신중동,33429,16528,16901
2024-08-14,부천시청,31604,15691,15913
2024-08-14,상동,31910,15503,16407
2024-08-14,삼산체육관,12628,6705,5923
2024-08-14,굴포천,20505,9967,10538
2024-08-14,부평구청,14411,7580,6831
2024-08-14,산곡,20962,10977,9985
2024-08-14,석남(거북시장),15079,7947,7132
2024-08-15,까치울,7441,3701,3740
2024-08-15,부천종합운동장,2643,1313,1330
2024-08-15,춘의,8655,4436,4219
2024-08-15,신중동,16506,8325,8181
2024-08-15,부천시청,17819,9039,8780
2024-08-15,상동,18113,9037,9076
2024-08-15,삼산체육관,6814,3434,3380
2024-08-15,굴포천,11061,5467,5594
2024-08-15,부평구청,7375,3842,3533
2024-08-15,산곡,9485,4825,4660
2024-08-15,석남(거북시장),8425,4389,4036
2024-08-16,까치울,11932,6130,5802
2024-08-16,부천종합운동장,4762,2368,2394
2024-08-16,춘의,19056,9690,9366
2024-08-16,신중동,30461,15094,15367
2024-08-16,부천시청,28505,14123,14382
2024-08-16,상동,29132,14169,14963
2024-08-16,삼산체육관,11114,5840,5274
2024-08-16,굴포천,18394,9013,9381
2024-08-16,부평구청,13127,6868,6259
2024-08-16,산곡,18629,9693,8936
2024-08-16,석남(거북시장),13635,7185,6450
2024-08-17,까치울,8704,4405,4299
2024-08-17,부천종합운동장,3081,1499,1582
2024-08-17,춘의,10050,5147,4903
2024-08-17,신중동,20503,10148,10355
2024-08-17,부천시청,21631,10947,10684
2024-08-17,상동,23222,11530,11692
2024-08-17,삼산체육관,7502,3884,3618
2024-08-17,굴포천,13362,6605,6757
2024-08-17,부평구청,9001,4675,4326
2024-08-17,산곡,11840,6011,5829
2024-08-17,석남(거북시장),11089,5521,5568
2024-08-18,까치울,6819,3408,3411
2024-08-18,부천종합운동장,3664,1773,1891
2024-08-18,춘의,7794,3984,3810
2024-08-18,신중동,15227,7569,7658
2024-08-18,부천시청,15659,7891,7768
2024-08-18,상동,15620,7902,7718
2024-08-18,삼산체육관,6050,3096,2954
2024-08-18,굴포천,9719,4772,4947
2024-08-18,부평구청,6721,3468,3253
2024-08-18,산곡,8565,4341,4224
2024-08-18,석남(거북시장),8594,4473,4121
2024-08-19,까치울,12918,6597,6321
2024-08-19,부천종합운동장,5404,2695,2709
2024-08-19,춘의,22043,11083,10960
2024-08-19,신중동,31303,15602,15701
2024-08-19,부천시청,29501,14702,14799
2024-08-19,상동,30397,14915,15482
2024-08-19,삼산체육관,12134,6462,5672
2024-08-19,굴포천,19690,9565,10125
2024-08-19,부평구청,14050,7305,6745
2024-08-19,산곡,21009,10892,10117
2024-08-19,석남(거북시장),14534,7803,6731
2024-08-20,까치울,13432,6830,6602
2024-08-20,부천종합운동장,5551,2754,2797
2024-08-20,춘의,22556,11415,11141
2024-08-20,신중동,32979,16418,16561
2024-08-20,부천시청,29912,14889,15023
2024-08-20,상동,30998,15126,15872
2024-08-20,삼산체육관,12659,6655,6004
2024-08-20,굴포천,20096,9845,10251
2024-08-20,부평구청,14526,7492,7034
2024-08-20,산곡,21437,11104,10333
2024-08-20,석남(거북시장),14549,7721,6828
2024-08-21,까치울,12822,6534,6288
2024-08-21,부천종합운동장,5142,2588,2554
2024-08-21,춘의,21990,11039,10951
2024-08-21,신중동,31445,15786,15659
2024-08-21,부천시청,28237,13964,14273
2024-08-21,상동,30252,14762,15490
2024-08-21,삼산체육관,12285,6522,5763
2024-08-21,굴포천,19781,9682,10099
2024-08-21,부평구청,14144,7310,6834
2024-08-21,산곡,20656,10691,9965
2024-08-21,석남(거북시장),13889,7351,6538
2024-08-22,까치울,13219,6749,6470
2024-08-22,부천종합운동장,5542,2766,2776
2024-08-22,춘의,22222,11194,11028
2024-08-22,신중동,32610,16199,16411
2024-08-22,부천시청,29448,14627,14821
2024-08-22,상동,31017,15253,15764
2024-08-22,삼산체육관,12689,6684,6005
2024-08-22,굴포천,20157,9849,10308
2024-08-22,부평구청,14084,7304,6780
2024-08-22,산곡,21208,11072,10136
2024-08-22,석남(거북시장),14558,7724,6834
2024-08-23,까치울,13957,7152,6805
2024-08-23,부천종합운동장,5576,2804,2772
2024-08-23,춘의,22436,11330,11106
2024-08-23,신중동,34837,17158,17679
2024-08-23,부천시청,31634,15667,15967
2024-08-23,상동,33097,16053,17044
2024-08-23,삼산체육관,13169,6979,6190
2024-08-23,굴포천,21033,10325,10708
2024-08-23,부평구청,14870,7738,7132
2024-08-23,산곡,21917,11403,10514
2024-08-23,석남(거북시장),15328,8074,7254
2024-08-24,까치울,9746,4932,4814
2024-08-24,부천종합운동장,3590,1749,1841
2024-08-24,춘의,10728,5598,5130
2024-08-24,신중동,22879,11403,11476
2024-08-24,부천시청,24020,12022,11998
2024-08-24,상동,26813,13350,13463
2024-08-24,삼산체육관,8844,4619,4225
2024-08-24,굴포천,14540,7262,7278
2024-08-24,부평구청,9847,5161,4686
2024-08-24,산곡,12813,6582,6231
2024-08-24,석남(거북시장),11231,5829,5402
2024-08-25,까치울,7364,3678,3686
2024-08-25,부천종합운동장,3114,1465,1649
2024-08-25,춘의,7613,3970,3643
2024-08-25,신중동,16001,7957,8044
2024-08-25,부천시청,15822,7949,7873
2024-08-25,상동,17045,8665,8380
2024-08-25,삼산체육관,6190,3201,2989
2024-08-25,굴포천,9565,4736,4829
2024-08-25,부평구청,6808,3614,3194
2024-08-25,산곡,9078,4581,4497
2024-08-25,석남(거북시장),8336,4393,3943
2024-08-26,까치울,13498,6918,6580
2024-08-26,부천종합운동장,5483,2823,2660
2024-08-26,춘의,22436,11255,11181
2024-08-26,신중동,32502,16158,16344
2024-08-26,부천시청,29323,14582,14741
2024-08-26,상동,30800,15056,15744
2024-08-26,삼산체육관,12514,6644,5870
2024-08-26,굴포천,20095,9853,10242
2024-08-26,부평구청,14312,7441,6871
2024-08-26,산곡,21523,11211,10312
2024-08-26,석남(거북시장),14572,7760,6812
2024-08-27,까치울,13976,7117,6859
2024-08-27,부천종합운동장,5751,2882,2869
2024-08-27,춘의,23376,11731,11645
2024-08-27,신중동,33812,16869,16943
2024-08-27,부천시청,30384,15184,15200
2024-08-27,상동,31670,15513,16157
2024-08-27,삼산체육관,12940,6834,6106
2024-08-27,굴포천,20717,10079,10638
2024-08-27,부평구청,14869,7685,7184
2024-08-27,산곡,22229,11529,10700
2024-08-27,석남(거북시장),14608,7757,6851
2024-08-28,까치울,14171,7155,7016
2024-08-28,부천종합운동장,5807,2897,2910
2024-08-28,춘의,23467,11849,11618
2024-08-28,신중동,34238,17036,17202
2024-08-28,부천시청,30708,15336,15372
2024-08-28,상동,32393,15822,16571
2024-08-28,삼산체육관,13255,6947,6308
2024-08-28,굴포천,21111,10271,10840
2024-08-28,부평구청,14918,7746,7172
2024-08-28,산곡,22299,11573,10726
2024-08-28,석남(거북시장),14890,7959,6931
2024-08-29,까치울,13992,7082,6910
2024-08-29,부천종합운동장,5803,2890,2913
2024-08-29,춘의,23122,11620,11502
2024-08-29,신중동,33748,16802,16946
2024-08-29,부천시청,30924,15365,15559
2024-08-29,상동,32094,15813,16281
2024-08-29,삼산체육관,13494,7109,6385
2024-08-29,굴포천,21001,10258,10743
2024-08-29,부평구청,15105,7792,7313
2024-08-29,산곡,21952,11501,10451
2024-08-29,석남(거북시장),15118,8068,7050
2024-08-30,까치울,14357,7308,7049
2024-08-30,부천종합운동장,5936,2920,3016
2024-08-30,춘의,22857,11618,11239
2024-08-30,신중동,35277,17290,17987
2024-08-30,부천시청,31963,15924,16039
2024-08-30,상동,33968,16441,17527
2024-08-30,삼산체육관,13227,6980,6247
2024-08-30,굴포천,21353,10552,10801
2024-08-30,부평구청,15224,7880,7344
2024-08-30,산곡,22301,11670,10631
2024-08-30,석남(거북시장),15752,8307,7445
2024-08-31,까치울,10444,5260,5184
2024-08-31,부천종합운동장,3795,1884,1911
2024-08-31,춘의,10980,5673,5307
2024-08-31,신중동,23578,11682,11896
2024-08-31,부천시청,23930,12070,11860
2024-08-31,상동,26543,13286,13257
2024-08-31,삼산체육관,8966,4668,4298
2024-08-31,굴포천,15140,7489,7651
2024-08-31,부평구청,9781,5088,4693
2024-08-31,산곡,13189,6831,6358
2024-08-31,석남(거북시장),11174,5852,5322
2024-09-01,까치울,7510,3784,3726
2024-09-01,부천종합운동장,3190,1460,1730
2024-09-01,춘의,8103,4177,3926
2024-09-01,신중동,15476,7720,7756
2024-09-01,부천시청,16661,8364,8297
2024-09-01,상동,17528,8898,8630
2024-09-01,삼산체육관,6478,3396,3082
2024-09-01,굴포천,10301,5101,5200
2024-09-01,부평구청,7206,3780,3426
2024-09-01,산곡,9346,4825,4521
2024-09-01,석남(거북시장),8450,4483,3967
2024-09-02,까치울,13885,7017,6868
2024-09-02,부천종합운동장,5803,2878,2925
2024-09-02,춘의,22722,11418,11304
2024-09-02,신중동,33193,16516,16677
2024-09-02,부천시청,29946,15036,14910
2024-09-02,상동,31536,15421,16115
2024-09-02,삼산체육관,12896,6772,6124
2024-09-02,굴포천,20643,10099,10544
2024-09-02,부평구청,14569,7629,6940
2024-09-02,산곡,22952,11932,11020
2024-09-02,석남(거북시장),15084,8132,6952
2024-09-03,까치울,14658,7488,7170
2024-09-03,부천종합운동장,6260,3097,3163
2024-09-03,춘의,23778,11962,11816
2024-09-03,신중동,34931,17347,17584
2024-09-03,부천시청,31093,15459,15634
2024-09-03,상동,32648,16050,16598
2024-09-03,삼산체육관,13347,7015,6332
2024-09-03,굴포천,21026,10385,10641
2024-09-03,부평구청,15157,7775,7382
2024-09-03,산곡,23135,12039,11096
2024-09-03,석남(거북시장),15358,8262,7096
2024-09-04,까치울,14577,7417,7160
2024-09-04,부천종합운동장,6198,3054,3144
2024-09-04,춘의,23523,11882,11641
2024-09-04,신중동,35044,17403,17641
2024-09-04,부천시청,31169,15513,15656
2024-09-04,상동,33472,16437,17035
2024-09-04,삼산체육관,14773,7782,6991
2024-09-04,굴포천,21669,10593,11076
2024-09-04,부평구청,15338,7931,7407
2024-09-04,산곡,22918,11953,10965
2024-09-04,석남(거북시장),15477,8264,7213
2024-09-05,까치울,14331,7310,7021
2024-09-05,부천종합운동장,5978,2993,2985
2024-09-05,춘의,23194,11682,11512
2024-09-05,신중동,34250,16985,17265
2024-09-05,부천시청,30851,15472,15379
2024-09-05,상동,32595,15804,16791
2024-09-05,삼산체육관,13499,7052,6447
2024-09-05,굴포천,21129,10324,10805
2024-09-05,부평구청,14808,7650,7158
2024-09-05,산곡,22375,11644,10731
2024-09-05,석남(거북시장),15035,8079,6956
2024-09-06,까치울,14384,7382,7002
2024-09-06,부천종합운동장,6179,3067,3112
2024-09-06,춘의,22955,11629,11326
2024-09-06,신중동,35616,17578,18038
2024-09-06,부천시청,32385,15974,16411
2024-09-06,상동,33962,16414,17548
2024-09-06,삼산체육관,13468,7087,6381
2024-09-06,굴포천,21681,10551,11130
2024-09-06,부평구청,15004,7780,7224
2024-09-06,산곡,22574,11742,10832
2024-09-06,석남(거북시장),15721,8420,7301
2024-09-07,까치울,10121,5151,4970
2024-09-07,부천종합운동장,3738,1802,1936
2024-09-07,춘의,11077,5709,5368
2024-09-07,신중동,24257,12028,12229
2024-09-07,부천시청,24085,12123,11962
2024-09-07,상동,27640,13712,13928
2024-09-07,삼산체육관,8885,4644,4241
2024-09-07,굴포천,16030,7950,8080
2024-09-07,부평구청,10233,5352,4881
2024-09-07,산곡,13873,7216,6657
2024-09-07,석남(거북시장),11632,6224,5408
2024-09-08,까치울,7337,3643,3694
2024-09-08,부천종합운동장,3040,1463,1577
2024-09-08,춘의,8196,4196,4000
2024-09-08,신중동,16743,8457,8286
2024-09-08,부천시청,16256,8262,7994
2024-09-08,상동,17022,8778,8244
2024-09-08,삼산체육관,6035,3144,2891
2024-09-08,굴포천,10237,5108,5129
2024-09-08,부평구청,7182,3833,3349
2024-09-08,산곡,9373,4828,4545
2024-09-08,석남(거북시장),8514,4520,3994
2024-09-09,까치울,14257,7273,6984
2024-09-09,부천종합운동장,5979,2997,2982
2024-09-09,춘의,23137,11589,11548
2024-09-09,신중동,33984,16946,17038
2024-09-09,부천시청,30819,15504,15315
2024-09-09,상동,32160,15792,16368
2024-09-09,삼산체육관,13168,6979,6189
2024-09-09,굴포천,21036,10309,10727
2024-09-09,부평구청,14964,7777,7187
2024-09-09,산곡,22803,11847,10956
2024-09-09,석남(거북시장),15584,8367,7217
2024-09-10,까치울,14742,7515,7227
2024-09-10,부천종합운동장,6058,3015,3043
2024-09-10,춘의,23638,11955,11683
2024-09-10,신중동,35196,17459,17737
2024-09-10,부천시청,32369,16137,16232
2024-09-10,상동,32886,16123,16763
2024-09-10,삼산체육관,13416,7079,6337
2024-09-10,굴포천,21656,10604,11052
2024-09-10,부평구청,15484,8033,7451
2024-09-10,산곡,23138,12014,11124
2024-09-10,석남(거북시장),15543,8294,7249
2024-09-11,까치울,14337,7306,7031
2024-09-11,부천종합운동장,5676,2863,2813
2024-09-11,춘의,23581,11890,11691
2024-09-11,신중동,34417,17151,17266
2024-09-11,부천시청,31912,15888,16024
2024-09-11,상동,33198,16150,17048
2024-09-11,삼산체육관,13619,7207,6412
2024-09-11,굴포천,21204,10415,10789
2024-09-11,부평구청,15140,7745,7395
2024-09-11,산곡,22693,11824,10869
2024-09-11,석남(거북시장),15490,8293,7197
2024-09-12,까치울,13946,7069,6877
2024-09-12,부천종합운동장,5447,2720,2727
2024-09-12,춘의,22923,11527,11396
2024-09-12,신중동,33739,16821,16918
2024-09-12,부천시청,31165,15350,15815
2024-09-12,상동,31672,15422,16250
2024-09-12,삼산체육관,13569,7182,6387
2024-09-12,굴포천,21113,10295,10818
2024-09-12,부평구청,14628,7539,7089
2024-09-12,산곡,22006,11468,10538
2024-09-12,석남(거북시장),14777,7898,6879
2024-09-13,까치울,14204,7254,6950
2024-09-13,부천종합운동장,5507,2792,2715
2024-09-13,춘의,22380,11333,11047
2024-09-13,신중동,35384,17232,18152
2024-09-13,부천시청,33364,16466,16898
2024-09-13,상동,33916,16305,17611
2024-09-13,삼산체육관,13016,6860,6156
2024-09-13,굴포천,22138,10801,11337
2024-09-13,부평구청,15241,7936,7305
2024-09-13,산곡,22009,11453,10556
2024-09-13,석남(거북시장),15558,8192,7366
2024-09-14,까치울,8547,4341,4206
2024-09-14,부천종합운동장,3143,1528,1615
2024-09-14,춘의,9871,5093,4778
2024-09-14,신중동,20459,10181,10278
2024-09-14,부천시청,22166,11116,11050
2024-09-14,상동,22433,11098,11335
2024-09-14,삼산체육관,7846,4017,3829
2024-09-14,굴포천,13310,6540,6770
2024-09-14,부평구청,8579,4480,4099
2024-09-14,산곡,11703,6052,5651
2024-09-14,석남(거북시장),9870,5102,4768
2024-09-15,까치울,6343,3226,3117
2024-09-15,부천종합운동장,2655,1283,1372
2024-09-15,춘의,7567,3995,3572
2024-09-15,신중동,14236,7103,7133
2024-09-15,부천시청,15833,7967,7866
2024-09-15,상동,15100,7424,7676
2024-09-15,삼산체육관,5265,2744,2521
2024-09-15,굴포천,9884,4868,5016
2024-09-15,부평구청,6451,3349,3102
2024-09-15,산곡,8343,4309,4034
2024-09-15,석남(거북시장),8096,4173,3923
2024-09-16,까치울,5143,2578,2565
2024-09-16,부천종합운동장,1896,932,964
2024-09-16,춘의,6307,3280,3027
2024-09-16,신중동,10285,5183,5102
2024-09-16,부천시청,11221,5675,5546
2024-09-16,상동,11907,6013,5894
2024-09-16,삼산체육관,4178,2194,1984
2024-09-16,굴포천,8213,4023,4190
2024-09-16,부평구청,5269,2673,2596
2024-09-16,산곡,6896,3417,3479
2024-09-16,석남(거북시장),6701,3499,3202
2024-09-17,까치울,5030,2598,2432
2024-09-17,부천종합운동장,2168,1000,1168
2024-09-17,춘의,6229,3162,3067
2024-09-17,신중동,9654,4505,5149
2024-09-17,부천시청,9375,4551,4824
2024-09-17,상동,9457,4798,4659
2024-09-17,삼산체육관,4061,2149,1912
2024-09-17,굴포천,7942,3869,4073
2024-09-17,부평구청,5123,2723,2400
2024-09-17,산곡,6738,3410,3328
2024-09-17,석남(거북시장),6991,3645,3346
2024-09-18,까치울,6448,3305,3143
2024-09-18,부천종합운동장,2451,1186,1265
2024-09-18,춘의,6987,3624,3363
2024-09-18,신중동,13783,6841,6942
2024-09-18,부천시청,15609,7889,7720
2024-09-18,상동,14468,7465,7003
2024-09-18,삼산체육관,5208,2821,2387
2024-09-18,굴포천,9244,4655,4589
2024-09-18,부평구청,6128,3246,2882
2024-09-18,산곡,7903,4159,3744
2024-09-18,석남(거북시장),7484,4008,3476
2024-09-19,까치울,13462,6805,6657
2024-09-19,부천종합운동장,5584,2803,2781
2024-09-19,춘의,21668,10894,10774
2024-09-19,신중동,32230,16106,16124
2024-09-19,부천시청,29475,14672,14803
2024-09-19,상동,30684,15098,15586
2024-09-19,삼산체육관,12585,6618,5967
2024-09-19,굴포천,20185,9902,10283
2024-09-19,부평구청,13669,7000,6669
2024-09-19,산곡,20941,10910,10031
2024-09-19,석남(거북시장),14531,7767,6764
2024-09-20,까치울,13947,7082,6865
2024-09-20,부천종합운동장,5387,2671,2716
2024-09-20,춘의,21606,10973,10633
2024-09-20,신중동,33766,16566,17200
2024-09-20,부천시청,30867,15331,15536
2024-09-20,상동,32034,15573,16461
2024-09-20,삼산체육관,12573,6578,5995
2024-09-20,굴포천,20306,9905,10401
2024-09-20,부평구청,13946,7147,6799
2024-09-20,산곡,20829,10811,10018
2024-09-20,석남(거북시장),14556,7782,6774
2024-09-21,까치울,9564,4887,4677
2024-09-21,부천종합운동장,3222,1532,1690
2024-09-21,춘의,10763,5581,5182
2024-09-21,신중동,22122,11003,11119
2024-09-21,부천시청,22837,11535,11302
2024-09-21,상동,26061,12950,13111
2024-09-21,삼산체육관,7952,4188,3764
2024-09-21,굴포천,14674,7243,7431
2024-09-21,부평구청,9446,4900,4546
2024-09-21,산곡,12455,6513,5942
2024-09-21,석남(거북시장),10999,5834,5165
2024-09-22,까치울,8017,3991,4026
2024-09-22,부천종합운동장,4441,2135,2306
2024-09-22,춘의,9028,4658,4370
2024-09-22,신중동,16397,8278,8119
2024-09-22,부천시청,16267,8204,8063
2024-09-22,상동,17955,9086,8869
2024-09-22,삼산체육관,6585,3484,3101
2024-09-22,굴포천,10292,5123,5169
2024-09-22,부평구청,7178,3741,3437
2024-09-22,산곡,9561,4932,4629
2024-09-22,석남(거북시장),8692,4596,4096
2024-09-23,까치울,14552,7440,7112
2024-09-23,부천종합운동장,5947,2950,2997
2024-09-23,춘의,23323,11753,11570
2024-09-23,신중동,34504,17125,17379
2024-09-23,부천시청,31158,15595,15563
2024-09-23,상동,32380,15977,16403
2024-09-23,삼산체육관,13578,7145,6433
2024-09-23,굴포천,21260,10486,10774
2024-09-23,부평구청,15207,7918,7289
2024-09-23,산곡,23344,12142,11202
2024-09-23,석남(거북시장),15757,8445,7312
2024-09-24,까치울,15230,7735,7495
2024-09-24,부천종합운동장,6071,2980,3091
2024-09-24,춘의,23970,12107,11863
2024-09-24,신중동,35043,17499,17544
2024-09-24,부천시청,32742,16322,16420
2024-09-24,상동,33236,16229,17007
2024-09-24,삼산체육관,14083,7476,6607
2024-09-24,굴포천,21736,10713,11023
2024-09-24,부평구청,15422,7932,7490
2024-09-24,산곡,23577,12221,11356
2024-09-24,석남(거북시장),15677,8407,7270
2024-09-25,까치울,15262,7827,7435
2024-09-25,부천종합운동장,6813,3354,3459
2024-09-25,춘의,23662,11887,11775
2024-09-25,신중동,35465,17639,17826
2024-09-25,부천시청,31756,15880,15876
2024-09-25,상동,34233,16724,17509
2024-09-25,삼산체육관,14133,7548,6585
2024-09-25,굴포천,21748,10772,10976
2024-09-25,부평구청,15473,7986,7487
2024-09-25,산곡,23559,12176,11383
2024-09-25,석남(거북시장),15950,8536,7414
2024-09-26,까치울,15115,7732,7383
2024-09-26,부천종합운동장,6260,3077,3183
2024-09-26,춘의,23581,11906,11675
2024-09-26,신중동,35246,17466,17780
2024-09-26,부천시청,31761,15895,15866
2024-09-26,상동,33483,16264,17219
2024-09-26,삼산체육관,14060,7343,6717
2024-09-26,굴포천,21541,10604,10937
2024-09-26,부평구청,15158,7798,7360
2024-09-26,산곡,23341,12154,11187
2024-09-26,석남(거북시장),15847,8414,7433
2024-09-27,까치울,15255,7784,7471
2024-09-27,부천종합운동장,7018,3472,3546
2024-09-27,춘의,23419,11827,11592
2024-09-27,신중동,36181,17779,18402
2024-09-27,부천시청,33344,16515,16829
2024-09-27,상동,34971,16886,18085
2024-09-27,삼산체육관,14082,7458,6624
2024-09-27,굴포천,22815,11079,11736
2024-09-27,부평구청,16011,8215,7796
2024-09-27,산곡,23796,12438,11358
2024-09-27,석남(거북시장),16221,8575,7646
2024-09-28,까치울,11514,5857,5657
2024-09-28,부천종합운동장,4622,2198,2424
2024-09-28,춘의,11901,6095,5806
2024-09-28,신중동,24796,12160,12636
2024-09-28,부천시청,25837,13117,12720
2024-09-28,상동,28562,14224,14338
2024-09-28,삼산체육관,9669,5039,4630
2024-09-28,굴포천,16814,8415,8399
2024-09-28,부평구청,10685,5637,5048
2024-09-28,산곡,15358,7915,7443
2024-09-28,석남(거북시장),11781,6150,5631
2024-09-29,까치울,8177,4146,4031
2024-09-29,부천종합운동장,3415,1607,1808
2024-09-29,춘의,8383,4277,4106
2024-09-29,신중동,16787,8460,8327
2024-09-29,부천시청,17692,9028,8664
2024-09-29,상동,18267,9191,9076
2024-09-29,삼산체육관,6600,3429,3171
2024-09-29,굴포천,10770,5381,5389
2024-09-29,부평구청,7623,4053,3570
2024-09-29,산곡,10405,5304,5101
2024-09-29,석남(거북시장),8610,4608,4002
2024-09-30,까치울,14758,7661,7097
2024-09-30,부천종합운동장,6037,3008,3029
2024-09-30,춘의,23164,11588,11576
2024-09-30,신중동,35229,17554,17675
2024-09-30,부천시청,31767,15961,15806
2024-09-30,상동,32909,16065,16844
2024-09-30,삼산체육관,13703,7300,6403
2024-09-30,굴포천,21480,10638,10842
2024-09-30,부평구청,14806,7737,7069
2024-09-30,산곡,23112,12089,11023
2024-09-30,석남(거북시장),15946,8586,7360
2024-10-01,까치울,9130,4617,4513
2024-10-01,부천종합운동장,3484,1730,1754
2024-10-01,춘의,11831,6031,5800
2024-10-01,신중동,19698,9841,9857
2024-10-01,부천시청,20287,10212,10075
2024-10-01,상동,21465,10629,10836
2024-10-01,삼산체육관,7309,3820,3489
2024-10-01,굴포천,12629,6236,6393
2024-10-01,부평구청,8545,4436,4109
2024-10-01,산곡,11757,6005,5752
2024-10-01,석남(거북시장),9441,4954,4487
2024-10-02,까치울,14849,7620,7229
2024-10-02,부천종합운동장,6146,3045,3101
2024-10-02,춘의,22985,11591,11394
2024-10-02,신중동,35353,17402,17951
2024-10-02,부천시청,31809,15810,15999
2024-10-02,상동,34098,16577,17521
2024-10-02,삼산체육관,13906,7325,6581
2024-10-02,굴포천,21397,10556,10841
2024-10-02,부평구청,15253,7903,7350
2024-10-02,산곡,23391,12224,11167
2024-10-02,석남(거북시장),16133,8573,7560
2024-10-03,까치울,9811,5020,4791
2024-10-03,부천종합운동장,3442,1640,1802
2024-10-03,춘의,9761,5049,4712
2024-10-03,신중동,19337,9731,9606
2024-10-03,부천시청,20011,10065,9946
2024-10-03,상동,21607,10705,10902
2024-10-03,삼산체육관,11642,5889,5753
2024-10-03,굴포천,12145,6052,6093
2024-10-03,부평구청,8156,4261,3895
2024-10-03,산곡,11091,5708,5383
2024-10-03,석남(거북시장),9419,4944,4475
2024-10-04,까치울,14485,7399,7086
2024-10-04,부천종합운동장,5351,2652,2699
2024-10-04,춘의,20510,10416,10094
2024-10-04,신중동,33083,16204,16879
2024-10-04,부천시청,31389,15637,15752
2024-10-04,상동,32609,15863,16746
2024-10-04,삼산체육관,15202,8012,7190
2024-10-04,굴포천,20393,9995,10398
2024-10-04,부평구청,14059,7251,6808
2024-10-04,산곡,21141,10963,10178
2024-10-04,석남(거북시장),15314,8132,7182
2024-10-05,까치울,11215,5732,5483
2024-10-05,부천종합운동장,4987,2452,2535
2024-10-05,춘의,11197,5849,5348
2024-10-05,신중동,24229,12036,12193
2024-10-05,부천시청,23961,12103,11858
2024-10-05,상동,27616,13670,13946
2024-10-05,삼산체육관,15751,8040,7711
2024-10-05,굴포천,15238,7646,7592
2024-10-05,부평구청,10068,5319,4749
2024-10-05,산곡,13881,7261,6620
2024-10-05,석남(거북시장),11738,6133,5605
2024-10-06,까치울,7821,3940,3881
2024-10-06,부천종합운동장,3110,1463,1647
2024-10-06,춘의,8186,4192,3994
2024-10-06,신중동,16033,8020,8013
2024-10-06,부천시청,16245,8228,8017
2024-10-06,상동,18161,9378,8783
2024-10-06,삼산체육관,11036,5651,5385
2024-10-06,굴포천,10546,5372,5174
2024-10-06,부평구청,7282,3784,3498
2024-10-06,산곡,9513,4856,4657
2024-10-06,석남(거북시장),8637,4572,4065
2024-10-07,까치울,14702,7542,7160
2024-10-07,부천종합운동장,5856,2915,2941
2024-10-07,춘의,23472,11776,11696
2024-10-07,신중동,33991,17009,16982
2024-10-07,부천시청,30475,15278,15197
2024-10-07,상동,32228,15771,16457
2024-10-07,삼산체육관,13852,7328,6524
2024-10-07,굴포천,21248,10510,10738
2024-10-07,부평구청,14987,7758,7229
2024-10-07,산곡,22961,12019,10942
2024-10-07,석남(거북시장),15695,8471,7224
2024-10-08,까치울,15732,8121,7611
2024-10-08,부천종합운동장,5926,2977,2949
2024-10-08,춘의,24138,12108,12030
2024-10-08,신중동,37021,18215,18806
2024-10-08,부천시청,32482,16213,16269
2024-10-08,상동,33957,16516,17441
2024-10-08,삼산체육관,14183,7564,6619
2024-10-08,굴포천,22235,10960,11275
2024-10-08,부평구청,15672,8120,7552
2024-10-08,산곡,23892,12534,11358
2024-10-08,석남(거북시장),16235,8625,7610
2024-10-09,까치울,10379,5226,5153
2024-10-09,부천종합운동장,3551,1713,1838
2024-10-09,춘의,9977,5099,4878
2024-10-09,신중동,18550,9378,9172
2024-10-09,부천시청,19006,9552,9454
2024-10-09,상동,20178,10070,10108
2024-10-09,삼산체육관,7345,3833,3512
2024-10-09,굴포천,12138,5985,6153
2024-10-09,부평구청,8216,4283,3933
2024-10-09,산곡,11478,5884,5594
2024-10-09,석남(거북시장),9327,4922,4405
2024-10-10,까치울,15451,7937,7514
2024-10-10,부천종합운동장,6183,3110,3073
2024-10-10,춘의,23707,11922,11785
2024-10-10,신중동,34929,17421,17508
2024-10-10,부천시청,32379,16192,16187
2024-10-10,상동,33317,16229,17088
2024-10-10,삼산체육관,14135,7452,6683
2024-10-10,굴포천,21280,10481,10799
2024-10-10,부평구청,14919,7741,7178
2024-10-10,산곡,23391,12140,11251
2024-10-10,석남(거북시장),15901,8465,7436
2024-10-11,까치울,15633,8016,7617
2024-10-11,부천종합운동장,6180,3012,3168
2024-10-11,춘의,23334,11799,11535
2024-10-11,신중동,36474,17949,18525
2024-10-11,부천시청,33398,16567,16831
2024-10-11,상동,34924,16973,17951
2024-10-11,삼산체육관,13997,7403,6594
2024-10-11,굴포천,22060,10809,11251
2024-10-11,부평구청,15667,8029,7638
2024-10-11,산곡,23489,12283,11206
2024-10-11,석남(거북시장),16335,8631,7704
2024-10-12,까치울,11881,6078,5803
2024-10-12,부천종합운동장,4202,1975,2227
2024-10-12,춘의,11350,5919,5431
2024-10-12,신중동,24431,12131,12300
2024-10-12,부천시청,25654,12944,12710
2024-10-12,상동,27683,13619,14064
2024-10-12,삼산체육관,9628,5063,4565
2024-10-12,굴포천,16223,8006,8217
2024-10-12,부평구청,10312,5466,4846
2024-10-12,산곡,14605,7613,6992
2024-10-12,석남(거북시장),11987,6200,5787
2024-10-13,까치울,8970,4533,4437
2024-10-13,부천종합운동장,4441,2105,2336
2024-10-13,춘의,8364,4301,4063
2024-10-13,신중동,16547,8354,8193
2024-10-13,부천시청,16808,8551,8257
2024-10-13,상동,18068,9158,8910
2024-10-13,삼산체육관,6706,3466,3240
2024-10-13,굴포천,10681,5372,5309
2024-10-13,부평구청,7505,3872,3633
2024-10-13,산곡,10034,5193,4841
2024-10-13,석남(거북시장),8918,4697,4221
2024-10-14,까치울,14434,7343,7091
2024-10-14,부천종합운동장,5836,2899,2937
2024-10-14,춘의,23297,11652,11645
2024-10-14,신중동,32907,16386,16521
2024-10-14,부천시청,29147,14603,14544
2024-10-14,상동,31461,15423,16038
2024-10-14,삼산체육관,13506,7082,6424
2024-10-14,굴포천,21050,10431,10619
2024-10-14,부평구청,14781,7663,7118
2024-10-14,산곡,22855,11864,10991
2024-10-14,석남(거북시장),15600,8452,7148
2024-10-15,까치울,14716,7515,7201
2024-10-15,부천종합운동장,6095,2943,3152
2024-10-15,춘의,23585,11805,11780
2024-10-15,신중동,34369,17155,17214
2024-10-15,부천시청,31229,15637,15592
2024-10-15,상동,32158,15785,16373
2024-10-15,삼산체육관,13431,7126,6305
2024-10-15,굴포천,21409,10486,10923
2024-10-15,부평구청,15270,7865,7405
2024-10-15,산곡,23211,12089,11122
2024-10-15,석남(거북시장),15419,8196,7223
2024-10-16,까치울,15473,7953,7520
2024-10-16,부천종합운동장,6082,3013,3069
2024-10-16,춘의,23483,11900,11583
2024-10-16,신중동,35015,17396,17619
2024-10-16,부천시청,31590,15777,15813
2024-10-16,상동,32909,15999,16910
2024-10-16,삼산체육관,13751,7249,6502
2024-10-16,굴포천,21709,10592,11117
2024-10-16,부평구청,15355,7885,7470
2024-10-16,산곡,23661,12341,11320
2024-10-16,석남(거북시장),15609,8354,7255
2024-10-17,까치울,15524,7889,7635
2024-10-17,부천종합운동장,6542,3320,3222
2024-10-17,춘의,23548,11820,11728
2024-10-17,신중동,34876,17324,17552
2024-10-17,부천시청,31739,15933,15806
2024-10-17,상동,33313,16135,17178
2024-10-17,삼산체육관,13602,7161,6441
2024-10-17,굴포천,21297,10502,10795
2024-10-17,부평구청,14963,7703,7260
2024-10-17,산곡,23289,12117,11172
2024-10-17,석남(거북시장),15671,8454,7217
2024-10-18,까치울,14290,7271,7019
2024-10-18,부천종합운동장,5362,2656,2706
2024-10-18,춘의,22204,11210,10994
2024-10-18,신중동,34451,16865,17586
2024-10-18,부천시청,31367,15577,15790
2024-10-18,상동,32802,15835,16967
2024-10-18,삼산체육관,13358,7042,6316
2024-10-18,굴포천,21142,10357,10785
2024-10-18,부평구청,14509,7414,7095
2024-10-18,산곡,22162,11490,10672
2024-10-18,석남(거북시장),15430,8134,7296
2024-10-19,까치울,11634,5886,5748
2024-10-19,부천종합운동장,9661,4753,4908
2024-10-19,춘의,11612,6032,5580
2024-10-19,신중동,24442,12130,12312
2024-10-19,부천시청,24764,12383,12381
2024-10-19,상동,27563,13591,13972
2024-10-19,삼산체육관,9917,5131,4786
2024-10-19,굴포천,16104,8011,8093
2024-10-19,부평구청,10664,5613,5051
2024-10-19,산곡,14414,7493,6921
2024-10-19,석남(거북시장),11826,6178,5648
2024-10-20,까치울,8852,4401,4451
2024-10-20,부천종합운동장,6046,2838,3208
2024-10-20,춘의,8546,4464,4082
2024-10-20,신중동,16924,8509,8415
2024-10-20,부천시청,17168,8758,8410
2024-10-20,상동,18951,9576,9375
2024-10-20,삼산체육관,7090,3679,3411
2024-10-20,굴포천,11454,5700,5754
2024-10-20,부평구청,7763,4143,3620
2024-10-20,산곡,10589,5459,5130
2024-10-20,석남(거북시장),8990,4761,4229
2024-10-21,까치울,14850,7550,7300
2024-10-21,부천종합운동장,5796,2891,2905
2024-10-21,춘의,23143,11615,11528
2024-10-21,신중동,33907,16934,16973
2024-10-21,부천시청,31153,15704,15449
2024-10-21,상동,31662,15531,16131
2024-10-21,삼산체육관,13356,6987,6369
2024-10-21,굴포천,20928,10298,10630
2024-10-21,부평구청,15103,7744,7359
2024-10-21,산곡,22957,11941,11016
2024-10-21,석남(거북시장),15579,8361,7218
2024-10-22,까치울,14276,7210,7066
2024-10-22,부천종합운동장,5690,2801,2889
2024-10-22,춘의,23411,11791,11620
2024-10-22,신중동,33512,16641,16871
2024-10-22,부천시청,31025,15464,15561
2024-10-22,상동,31464,15339,16125
2024-10-22,삼산체육관,13131,6894,6237
2024-10-22,굴포천,21069,10332,10737
2024-10-22,부평구청,14851,7638,7213
2024-10-22,산곡,22544,11669,10875
2024-10-22,석남(거북시장),15047,8010,7037
2024-10-23,까치울,14925,7646,7279
2024-10-23,부천종합운동장,5995,2978,3017
2024-10-23,춘의,23688,11983,11705
2024-10-23,신중동,35738,17768,17970
2024-10-23,부천시청,31045,15488,15557
2024-10-23,상동,32611,15960,16651
2024-10-23,삼산체육관,13705,7237,6468
2024-10-23,굴포천,21591,10582,11009
2024-10-23,부평구청,15528,7994,7534
2024-10-23,산곡,23317,12066,11251
2024-10-23,석남(거북시장),15656,8288,7368
2024-10-24,까치울,15377,7826,7551
2024-10-24,부천종합운동장,6052,2973,3079
2024-10-24,춘의,24190,12158,12032
2024-10-24,신중동,34915,17338,17577
2024-10-24,부천시청,32247,16126,16121
2024-10-24,상동,32696,15959,16737
2024-10-24,삼산체육관,15880,8260,7620
2024-10-24,굴포천,22043,10769,11274
2024-10-24,부평구청,15287,7879,7408
2024-10-24,산곡,23211,12077,11134
2024-10-24,석남(거북시장),15654,8242,7412
2024-10-25,까치울,15468,7889,7579
2024-10-25,부천종합운동장,6015,2986,3029
2024-10-25,춘의,23633,11932,11701
2024-10-25,신중동,36086,17751,18335
2024-10-25,부천시청,33468,16547,16921
2024-10-25,상동,34582,16817,17765
2024-10-25,삼산체육관,14582,7728,6854
2024-10-25,굴포천,22345,10954,11391
2024-10-25,부평구청,15557,8036,7521
2024-10-25,산곡,23899,12445,11454
2024-10-25,석남(거북시장),16256,8534,7722
2024-10-26,까치울,12229,6164,6065
2024-10-26,부천종합운동장,4093,2001,2092
2024-10-26,춘의,11598,6067,5531
2024-10-26,신중동,24832,12291,12541
2024-10-26,부천시청,26303,13186,13117
2024-10-26,상동,29029,14312,14717
2024-10-26,삼산체육관,10841,5636,5205
2024-10-26,굴포천,16471,8114,8357
2024-10-26,부평구청,10995,5786,5209
2024-10-26,산곡,15249,7960,7289
2024-10-26,석남(거북시장),12313,6407,5906
2024-10-27,까치울,8643,4394,4249
2024-10-27,부천종합운동장,3392,1654,1738
2024-10-27,춘의,8847,4560,4287
2024-10-27,신중동,17206,8642,8564
2024-10-27,부천시청,18563,9307,9256
2024-10-27,상동,18972,9531,9441
2024-10-27,삼산체육관,7702,3996,3706
2024-10-27,굴포천,11066,5476,5590
2024-10-27,부평구청,7678,4037,3641
2024-10-27,산곡,10557,5393,5164
2024-10-27,석남(거북시장),8778,4634,4144
2024-10-28,까치울,14653,7471,7182
2024-10-28,부천종합운동장,5973,2972,3001
2024-10-28,춘의,23127,11663,11464
2024-10-28,신중동,33540,16664,16876
2024-10-28,부천시청,31015,15444,15571
2024-10-28,상동,31244,15332,15912
2024-10-28,삼산체육관,13491,7161,6330
2024-10-28,굴포천,21313,10547,10766
2024-10-28,부평구청,14659,7674,6985
2024-10-28,산곡,23120,12055,11065
2024-10-28,석남(거북시장),15547,8311,7236
2024-10-29,까치울,15326,7801,7525
2024-10-29,부천종합운동장,6208,3012,3196
2024-10-29,춘의,23644,11885,11759
2024-10-29,신중동,35361,17610,17751
2024-10-29,부천시청,32063,16052,16011
2024-10-29,상동,32122,15724,16398
2024-10-29,삼산체육관,15624,8127,7497
2024-10-29,굴포천,21701,10568,11133
2024-10-29,부평구청,15372,7911,7461
2024-10-29,산곡,23414,12155,11259
2024-10-29,석남(거북시장),15717,8425,7292
2024-10-30,까치울,15796,8065,7731
2024-10-30,부천종합운동장,6051,3008,3043
2024-10-30,춘의,23297,11769,11528
2024-10-30,신중동,35112,17456,17656
2024-10-30,부천시청,31683,15725,15958
2024-10-30,상동,32408,15847,16561
2024-10-30,삼산체육관,13925,7391,6534
2024-10-30,굴포천,21245,10392,10853
2024-10-30,부평구청,15385,7834,7551
2024-10-30,산곡,23671,12251,11420
2024-10-30,석남(거북시장),15909,8445,7464
2024-10-31,까치울,15401,7868,7533
2024-10-31,부천종합운동장,6250,3098,3152
2024-10-31,춘의,23167,11618,11549
2024-10-31,신중동,34545,17117,17428
2024-10-31,부천시청,32270,16147,16123
2024-10-31,상동,32572,15938,16634
2024-10-31,삼산체육관,13789,7245,6544
2024-10-31,굴포천,21585,10615,10970
2024-10-31,부평구청,15142,7800,7342
2024-10-31,산곡,23509,12243,11266
2024-10-31,석남(거북시장),15901,8458,7443
2024-11-01,까치울,15241,7778,7463
2024-11-01,부천종합운동장,6164,3030,3134
2024-11-01,춘의,22967,11644,11323
2024-11-01,신중동,35805,17549,18256
2024-11-01,부천시청,33522,16460,17062
2024-11-01,상동,33598,16273,17325
2024-11-01,삼산체육관,13581,7190,6391
2024-11-01,굴포천,21779,10591,11188
2024-11-01,부평구청,15180,7794,7386
2024-11-01,산곡,23499,12357,11142
2024-11-01,석남(거북시장),16269,8591,7678
2024-11-02,까치울,11851,6039,5812
2024-11-02,부천종합운동장,6122,2984,3138
2024-11-02,춘의,11464,5862,5602
2024-11-02,신중동,24735,12278,12457
2024-11-02,부천시청,26042,13132,12910
2024-11-02,상동,28178,13929,14249
2024-11-02,삼산체육관,9518,4953,4565
2024-11-02,굴포천,15972,7885,8087
2024-11-02,부평구청,10777,5642,5135
2024-11-02,산곡,14658,7660,6998
2024-11-02,석남(거북시장),11892,6176,5716
2024-11-03,까치울,8928,4491,4437
2024-11-03,부천종합운동장,3509,1659,1850
2024-11-03,춘의,8499,4423,4076
2024-11-03,신중동,16896,8453,8443
2024-11-03,부천시청,18438,9297,9141
2024-11-03,상동,19071,9604,9467
2024-11-03,삼산체육관,7002,3660,3342
2024-11-03,굴포천,11303,5597,5706
2024-11-03,부평구청,7751,4085,3666
2024-11-03,산곡,10660,5395,5265
2024-11-03,석남(거북시장),9110,4771,4339
2024-11-04,까치울,14345,7233,7112
2024-11-04,부천종합운동장,6093,3018,3075
2024-11-04,춘의,23117,11599,11518
2024-11-04,신중동,33515,16673,16842
2024-11-04,부천시청,30755,15502,15253
2024-11-04,상동,31302,15364,15938
2024-11-04,삼산체육관,13199,6974,6225
2024-11-04,굴포천,21110,10438,10672
2024-11-04,부평구청,14535,7516,7019
2024-11-04,산곡,22952,11997,10955
2024-11-04,석남(거북시장),15649,8406,7243
2024-11-05,까치울,15086,7696,7390
2024-11-05,부천종합운동장,6210,3085,3125
2024-11-05,춘의,23628,11901,11727
2024-11-05,신중동,34699,17349,17350
2024-11-05,부천시청,31597,15805,15792
2024-11-05,상동,32776,16040,16736
2024-11-05,삼산체육관,13725,7211,6514
2024-11-05,굴포천,21591,10586,11005
2024-11-05,부평구청,15309,7889,7420
2024-11-05,산곡,23851,12380,11471
2024-11-05,석남(거북시장),15902,8454,7448
2024-11-06,까치울,14964,7586,7378
2024-11-06,부천종합운동장,5895,2918,2977
2024-11-06,춘의,23258,11749,11509
2024-11-06,신중동,34894,17279,17615
2024-11-06,부천시청,31182,15567,15615
2024-11-06,상동,33645,16472,17173
2024-11-06,삼산체육관,14052,7423,6629
2024-11-06,굴포천,21530,10532,10998
2024-11-06,부평구청,15186,7842,7344
2024-11-06,산곡,23401,12152,11249
2024-11-06,석남(거북시장),15664,8285,7379
2024-11-07,까치울,15168,7628,7540
2024-11-07,부천종합운동장,6826,3347,3479
2024-11-07,춘의,23161,11670,11491
2024-11-07,신중동,34412,17080,17332
2024-11-07,부천시청,31955,15924,16031
2024-11-07,상동,32750,16070,16680
2024-11-07,삼산체육관,14062,7320,6742
2024-11-07,굴포천,21255,10391,10864
2024-11-07,부평구청,15010,7681,7329
2024-11-07,산곡,23419,12135,11284
2024-11-07,석남(거북시장),15674,8350,7324
2024-11-08,까치울,14941,7677,7264
2024-11-08,부천종합운동장,6030,2985,3045
2024-11-08,춘의,23059,11645,11414
2024-11-08,신중동,36310,17752,18558
2024-11-08,부천시청,33508,16517,16991
2024-11-08,상동,34120,16441,17679
2024-11-08,삼산체육관,13482,7126,6356
2024-11-08,굴포천,22099,10849,11250
2024-11-08,부평구청,15228,7813,7415
2024-11-08,산곡,23869,12360,11509
2024-11-08,석남(거북시장),16325,8587,7738
2024-11-09,까치울,11827,6012,5815
2024-11-09,부천종합운동장,4039,1957,2082
2024-11-09,춘의,11421,5983,5438
2024-11-09,신중동,24529,12133,12396
2024-11-09,부천시청,24692,12520,12172
2024-11-09,상동,27554,13561,13993
2024-11-09,삼산체육관,9921,5205,4716
2024-11-09,굴포천,16301,7990,8311
2024-11-09,부평구청,10434,5543,4891
2024-11-09,산곡,14488,7436,7052
2024-11-09,석남(거북시장),12004,6357,5647
2024-11-10,까치울,8727,4427,4300
2024-11-10,부천종합운동장,3248,1500,1748
2024-11-10,춘의,8664,4513,4151
2024-11-10,신중동,16971,8511,8460
2024-11-10,부천시청,16458,8400,8058
2024-11-10,상동,19037,9630,9407
2024-11-10,삼산체육관,6934,3673,3261
2024-11-10,굴포천,10951,5462,5489
2024-11-10,부평구청,7629,4017,3612
2024-11-10,산곡,10307,5285,5022
2024-11-10,석남(거북시장),8871,4661,4210
2024-11-11,까치울,14350,7338,7012
2024-11-11,부천종합운동장,5878,2950,2928
2024-11-11,춘의,23127,11723,11404
2024-11-11,신중동,34074,16928,17146
2024-11-11,부천시청,29130,14577,14553
2024-11-11,상동,31954,15624,16330
2024-11-11,삼산체육관,13120,6936,6184
2024-11-11,굴포천,20958,10326,10632
2024-11-11,부평구청,14536,7478,7058
2024-11-11,산곡,22898,11886,11012
2024-11-11,석남(거북시장),15811,8551,7260
2024-11-12,까치울,15172,7749,7423
2024-11-12,부천종합운동장,6131,3079,3052
2024-11-12,춘의,23538,11792,11746
2024-11-12,신중동,34806,17304,17502
2024-11-12,부천시청,32323,16173,16150
2024-11-12,상동,32697,16041,16656
2024-11-12,삼산체육관,15698,8157,7541
2024-11-12,굴포천,21682,10515,11167
2024-11-12,부평구청,15198,7877,7321
2024-11-12,산곡,23595,12317,11278
2024-11-12,석남(거북시장),15732,8440,7292
2024-11-13,까치울,14899,7589,7310
2024-11-13,부천종합운동장,6136,3055,3081
2024-11-13,춘의,23477,11822,11655
2024-11-13,신중동,35215,17490,17725
2024-11-13,부천시청,31645,15791,15854
2024-11-13,상동,32923,16104,16819
2024-11-13,삼산체육관,14108,7445,6663
2024-11-13,굴포천,21299,10481,10818
2024-11-13,부평구청,14954,7645,7309
2024-11-13,산곡,23634,12299,11335
2024-11-13,석남(거북시장),15849,8378,7471
2024-11-14,까치울,14563,7391,7172
2024-11-14,부천종합운동장,5907,2919,2988
2024-11-14,춘의,23041,11505,11536
2024-11-14,신중동,34243,17105,17138
2024-11-14,부천시청,31143,15459,15684
2024-11-14,상동,31810,15605,16205
2024-11-14,삼산체육관,13217,6982,6235
2024-11-14,굴포천,21287,10409,10878
2024-11-14,부평구청,14344,7337,7007
2024-11-14,산곡,22837,11906,10931
2024-11-14,석남(거북시장),15465,8229,7236
2024-11-15,까치울,14730,7567,7163
2024-11-15,부천종합운동장,6082,3038,3044
2024-11-15,춘의,23674,11838,11836
2024-11-15,신중동,36134,17650,18484
2024-11-15,부천시청,32793,16273,16520
2024-11-15,상동,34043,16405,17638
2024-11-15,삼산체육관,15783,8190,7593
2024-11-15,굴포천,23027,11294,11733
2024-11-15,부평구청,15215,7838,7377
2024-11-15,산곡,23953,12462,11491
2024-11-15,석남(거북시장),16344,8583,7761
2024-11-16,까치울,11204,5681,5523
2024-11-16,부천종합운동장,3715,1794,1921
2024-11-16,춘의,11111,5821,5290
2024-11-16,신중동,23818,11821,11997
2024-11-16,부천시청,24273,12293,11980
2024-11-16,상동,27258,13471,13787
2024-11-16,삼산체육관,8983,4704,4279
2024-11-16,굴포천,15683,7705,7978
2024-11-16,부평구청,10114,5326,4788
2024-11-16,산곡,13893,7188,6705
2024-11-16,석남(거북시장),11822,6256,5566
2024-11-17,까치울,7957,4053,3904
2024-11-17,부천종합운동장,5311,2477,2834
2024-11-17,춘의,8340,4351,3989
2024-11-17,신중동,16802,8421,8381
2024-11-17,부천시청,16894,8568,8326
2024-11-17,상동,19045,9828,9217
2024-11-17,삼산체육관,6602,3412,3190
2024-11-17,굴포천,11157,5510,5647
2024-11-17,부평구청,7313,3828,3485
2024-11-17,산곡,9993,5043,4950
2024-11-17,석남(거북시장),8985,4770,4215
2024-11-18,까치울,13993,7112,6881
2024-11-18,부천종합운동장,5506,2780,2726
2024-11-18,춘의,22624,11305,11319
2024-11-18,신중동,33308,16704,16604
2024-11-18,부천시청,30196,15182,15014
2024-11-18,상동,31314,15332,15982
2024-11-18,삼산체육관,12961,6788,6173
2024-11-18,굴포천,20793,10177,10616
2024-11-18,부평구청,14554,7565,6989
2024-11-18,산곡,22724,11746,10978
2024-11-18,석남(거북시장),15408,8311,7097
2024-11-19,까치울,14713,7466,7247
2024-11-19,부천종합운동장,5917,2933,2984
2024-11-19,춘의,23256,11803,11453
2024-11-19,신중동,34578,17240,17338
2024-11-19,부천시청,31058,15509,15549
2024-11-19,상동,32560,15850,16710
2024-11-19,삼산체육관,13210,6970,6240
2024-11-19,굴포천,21391,10522,10869
2024-11-19,부평구청,15043,7728,7315
2024-11-19,산곡,23262,12083,11179
2024-11-19,석남(거북시장),15433,8227,7206
2024-11-20,까치울,14578,7363,7215
2024-11-20,부천종합운동장,5802,2905,2897
2024-11-20,춘의,23478,11827,11651
2024-11-20,신중동,35101,17475,17626
2024-11-20,부천시청,31397,15649,15748
2024-11-20,상동,32705,16068,16637
2024-11-20,삼산체육관,13467,7071,6396
2024-11-20,굴포천,21417,10423,10994
2024-11-20,부평구청,15265,7817,7448
2024-11-20,산곡,23392,12178,11214
2024-11-20,석남(거북시장),15643,8326,7317
2024-11-21,까치울,14672,7452,7220
2024-11-21,부천종합운동장,5864,2896,2968
2024-11-21,춘의,22896,11469,11427
2024-11-21,신중동,34753,17335,17418
2024-11-21,부천시청,30981,15468,15513
2024-11-21,상동,32495,15939,16556
2024-11-21,삼산체육관,13757,7231,6526
2024-11-21,굴포천,21930,10788,11142
2024-11-21,부평구청,15035,7670,7365
2024-11-21,산곡,23064,12027,11037
2024-11-21,석남(거북시장),15565,8320,7245
2024-11-22,까치울,14697,7510,7187
2024-11-22,부천종합운동장,5796,2853,2943
2024-11-22,춘의,22900,11535,11365
2024-11-22,신중동,36612,18058,18554
2024-11-22,부천시청,32935,16307,16628
2024-11-22,상동,34378,16584,17794
2024-11-22,삼산체육관,13597,7090,6507
2024-11-22,굴포천,22156,10780,11376
2024-11-22,부평구청,15236,7875,7361
2024-11-22,산곡,23139,12044,11095
2024-11-22,석남(거북시장),16145,8604,7541
2024-11-23,까치울,10400,5259,5141
2024-11-23,부천종합운동장,3635,1754,1881
2024-11-23,춘의,11400,5920,5480
2024-11-23,신중동,24357,12061,12296
2024-11-23,부천시청,24058,12042,12016
2024-11-23,상동,28129,13855,14274
2024-11-23,삼산체육관,9369,4936,4433
2024-11-23,굴포천,15708,7769,7939
2024-11-23,부평구청,10336,5454,4882
2024-11-23,산곡,14220,7344,6876
2024-11-23,석남(거북시장),11597,6086,5511
2024-11-24,까치울,8168,4092,4076
2024-11-24,부천종합운동장,3262,1559,1703
2024-11-24,춘의,8976,4639,4337
2024-11-24,신중동,16863,8435,8428
2024-11-24,부천시청,16873,8636,8237
2024-11-24,상동,18372,9359,9013
2024-11-24,삼산체육관,9890,4983,4907
2024-11-24,굴포천,11160,5632,5528
2024-11-24,부평구청,7659,4040,3619
2024-11-24,산곡,9805,5002,4803
2024-11-24,석남(거북시장),8716,4694,4022
2024-11-25,까치울,14205,7245,6960
2024-11-25,부천종합운동장,5689,2866,2823
2024-11-25,춘의,23110,11632,11478
2024-11-25,신중동,34253,17179,17074
2024-11-25,부천시청,30757,15400,15357
2024-11-25,상동,31742,15546,16196
2024-11-25,삼산체육관,13195,6963,6232
2024-11-25,굴포천,20650,10106,10544
2024-11-25,부평구청,14768,7617,7151
2024-11-25,산곡,23092,12013,11079
2024-11-25,석남(거북시장),15642,8471,7171
2024-11-26,까치울,14147,7201,6946
2024-11-26,부천종합운동장,5478,2716,2762
2024-11-26,춘의,23317,11732,11585
2024-11-26,신중동,34038,16944,17094
2024-11-26,부천시청,31024,15487,15537
2024-11-26,상동,32390,15855,16535
2024-11-26,삼산체육관,13172,6929,6243
2024-11-26,굴포천,21155,10355,10800
2024-11-26,부평구청,14944,7653,7291
2024-11-26,산곡,22548,11748,10800
2024-11-26,석남(거북시장),15094,8094,7000
2024-11-27,까치울,15205,7706,7499
2024-11-27,부천종합운동장,6006,2980,3026
2024-11-27,춘의,25375,12931,12444
2024-11-27,신중동,37369,18589,18780
2024-11-27,부천시청,35254,17391,17863
2024-11-27,상동,35992,17677,18315
2024-11-27,삼산체육관,14475,7523,6952
2024-11-27,굴포천,23136,11319,11817
2024-11-27,부평구청,15824,8022,7802
2024-11-27,산곡,24590,12692,11898
2024-11-27,석남(거북시장),16311,8576,7735
2024-11-28,까치울,14827,7573,7254
2024-11-28,부천종합운동장,5906,2896,3010
2024-11-28,춘의,25351,12602,12749
2024-11-28,신중동,37268,18512,18756
2024-11-28,부천시청,34085,17139,16946
2024-11-28,상동,35532,17443,18089
2024-11-28,삼산체육관,14273,7573,6700
2024-11-28,굴포천,22731,11098,11633
2024-11-28,부평구청,15612,8042,7570
2024-11-28,산곡,24848,12959,11889
2024-11-28,석남(거북시장),16253,8662,7591
2024-11-29,까치울,14539,7505,7034
2024-11-29,부천종합운동장,5513,2756,2757
2024-11-29,춘의,23817,12094,11723
2024-11-29,신중동,36449,17811,18638
2024-11-29,부천시청,34333,16901,17432
2024-11-29,상동,34637,16795,17842
2024-11-29,삼산체육관,13776,7263,6513
2024-11-29,굴포천,22281,10942,11339
2024-11-29,부평구청,15631,7937,7694
2024-11-29,산곡,23836,12397,11439
2024-11-29,석남(거북시장),16184,8572,7612
2024-11-30,까치울,10298,5249,5049
2024-11-30,부천종합운동장,3468,1672,1796
2024-11-30,춘의,11128,5724,5404
2024-11-30,신중동,24346,12085,12261
2024-11-30,부천시청,24523,12399,12124
2024-11-30,상동,28747,14154,14593
2024-11-30,삼산체육관,8907,4698,4209
2024-11-30,굴포천,15971,7837,8134
2024-11-30,부평구청,10207,5365,4842
2024-11-30,산곡,14173,7325,6848
2024-11-30,석남(거북시장),11831,6134,5697
2024-12-01,까치울,7616,3879,3737
2024-12-01,부천종합운동장,3082,1438,1644
2024-12-01,춘의,8060,4141,3919
2024-12-01,신중동,16574,8346,8228
2024-12-01,부천시청,17498,8928,8570
2024-12-01,상동,19485,9880,9605
2024-12-01,삼산체육관,6437,3332,3105
2024-12-01,굴포천,10840,5417,5423
2024-12-01,부평구청,7441,3962,3479
2024-12-01,산곡,10329,5222,5107
2024-12-01,석남(거북시장),8815,4695,4120
2024-12-02,까치울,13970,7117,6853
2024-12-02,부천종합운동장,5870,2934,2936
2024-12-02,춘의,23124,11676,11448
2024-12-02,신중동,34276,17095,17181
2024-12-02,부천시청,30677,15340,15337
2024-12-02,상동,31700,15494,16206
2024-12-02,삼산체육관,13344,7095,6249
2024-12-02,굴포천,20788,10217,10571
2024-12-02,부평구청,14834,7649,7185
2024-12-02,산곡,23039,11974,11065
2024-12-02,석남(거북시장),15723,8482,7241
2024-12-03,까치울,14390,7326,7064
2024-12-03,부천종합운동장,5962,2963,2999
2024-12-03,춘의,23499,11789,11710
2024-12-03,신중동,34842,17367,17475
2024-12-03,부천시청,31304,15629,15675
2024-12-03,상동,32974,16150,16824
2024-12-03,삼산체육관,13699,7182,6517
2024-12-03,굴포천,21355,10449,10906
2024-12-03,부평구청,15159,7765,7394
2024-12-03,산곡,23100,12025,11075
2024-12-03,석남(거북시장),15402,8170,7232
2024-12-04,까치울,14353,7321,7032
2024-12-04,부천종합운동장,5669,2812,2857
2024-12-04,춘의,23505,11883,11622
2024-12-04,신중동,34766,17307,17459
2024-12-04,부천시청,30651,15368,15283
2024-12-04,상동,32759,16008,16751
2024-12-04,삼산체육관,13654,7214,6440
2024-12-04,굴포천,21474,10521,10953
2024-12-04,부평구청,14942,7608,7334
2024-12-04,산곡,23243,12112,11131
2024-12-04,석남(거북시장),15519,8267,7252
2024-12-05,까치울,14720,7509,7211
2024-12-05,부천종합운동장,5874,2946,2928
2024-12-05,춘의,23223,11702,11521
2024-12-05,신중동,34681,17268,17413
2024-12-05,부천시청,31011,15493,15518
2024-12-05,상동,32629,16035,16594
2024-12-05,삼산체육관,16074,8275,7799
2024-12-05,굴포천,21623,10548,11075
2024-12-05,부평구청,15310,7905,7405
2024-12-05,산곡,22897,11877,11020
2024-12-05,석남(거북시장),15575,8362,7213
2024-12-06,까치울,14590,7481,7109
2024-12-06,부천종합운동장,5779,2810,2969
2024-12-06,춘의,22635,11552,11083
2024-12-06,신중동,36325,17927,18398
2024-12-06,부천시청,32349,16127,16222
2024-12-06,상동,34493,16650,17843
2024-12-06,삼산체육관,13915,7372,6543
2024-12-06,굴포천,22058,10707,11351
2024-12-06,부평구청,15386,7893,7493
2024-12-06,산곡,23225,12085,11140
2024-12-06,석남(거북시장),16401,8724,7677
2024-12-07,까치울,10867,5553,5314
2024-12-07,부천종합운동장,3704,1796,1908
2024-12-07,춘의,11288,5830,5458
2024-12-07,신중동,25567,12719,12848
2024-12-07,부천시청,24998,12663,12335
2024-12-07,상동,28947,14337,14610
2024-12-07,삼산체육관,9410,4897,4513
2024-12-07,굴포천,16616,8150,8466
2024-12-07,부평구청,10385,5361,5024
2024-12-07,산곡,14630,7646,6984
2024-12-07,석남(거북시장),12214,6425,5789
2024-12-08,까치울,7692,3895,3797
2024-12-08,부천종합운동장,2968,1365,1603
2024-12-08,춘의,8024,4083,3941
2024-12-08,신중동,16449,8370,8079
2024-12-08,부천시청,16552,8386,8166
2024-12-08,상동,18353,9388,8965
2024-12-08,삼산체육관,6292,3281,3011
2024-12-08,굴포천,10329,5054,5275
2024-12-08,부평구청,7103,3725,3378
2024-12-08,산곡,9655,4940,4715
2024-12-08,석남(거북시장),8517,4605,3912
2024-12-09,까치울,14147,7226,6921
2024-12-09,부천종합운동장,5659,2825,2834
2024-12-09,춘의,22980,11582,11398
2024-12-09,신중동,33602,16709,16893
2024-12-09,부천시청,29870,15028,14842
2024-12-09,상동,31801,15560,16241
2024-12-09,삼산체육관,12976,6868,6108
2024-12-09,굴포천,22258,10960,11298
2024-12-09,부평구청,14949,7655,7294
2024-12-09,산곡,23170,11987,11183
2024-12-09,석남(거북시장),15535,8424,7111
2024-12-10,까치울,14837,7533,7304
2024-12-10,부천종합운동장,6077,3020,3057
2024-12-10,춘의,23326,11737,11589
2024-12-10,신중동,35175,17585,17590
2024-12-10,부천시청,31942,15981,15961
2024-12-10,상동,33540,16388,17152
2024-12-10,삼산체육관,15329,7984,7345
2024-12-10,굴포천,22822,11218,11604
2024-12-10,부평구청,15542,8045,7497
2024-12-10,산곡,23501,12187,11314
2024-12-10,석남(거북시장),15565,8335,7230
2024-12-11,까치울,14810,7579,7231
2024-12-11,부천종합운동장,5948,2961,2987
2024-12-11,춘의,23388,11848,11540
2024-12-11,신중동,35549,17646,17903
2024-12-11,부천시청,31275,15697,15578
2024-12-11,상동,33852,16712,17140
2024-12-11,삼산체육관,13741,7316,6425
2024-12-11,굴포천,22037,10777,11260
2024-12-11,부평구청,15440,7951,7489
2024-12-11,산곡,23136,12029,11107
2024-12-11,석남(거북시장),15727,8451,7276
2024-12-12,까치울,15119,7702,7417
2024-12-12,부천종합운동장,5772,2876,2896
2024-12-12,춘의,23307,11680,11627
2024-12-12,신중동,35541,17751,17790
2024-12-12,부천시청,31552,15802,15750
2024-12-12,상동,33767,16628,17139
2024-12-12,삼산체육관,13977,7350,6627
2024-12-12,굴포천,22423,11012,11411
2024-12-12,부평구청,15454,7920,7534
2024-12-12,산곡,23245,12177,11068
2024-12-12,석남(거북시장),15637,8421,7216
2024-12-13,까치울,14680,7553,7127
2024-12-13,부천종합운동장,5971,2968,3003
2024-12-13,춘의,23049,11696,11353
2024-12-13,신중동,37395,18438,18957
2024-12-13,부천시청,34061,16911,17150
2024-12-13,상동,35477,17275,18202
2024-12-13,삼산체육관,13941,7402,6539
2024-12-13,굴포천,23267,11425,11842
2024-12-13,부평구청,15619,8056,7563
2024-12-13,산곡,23384,12125,11259
2024-12-13,석남(거북시장),16563,8759,7804
2024-12-14,까치울,11304,5844,5460
2024-12-14,부천종합운동장,3613,1678,1935
2024-12-14,춘의,12154,6257,5897
2024-12-14,신중동,27538,13631,13907
2024-12-14,부천시청,27124,13854,13270
2024-12-14,상동,31015,15495,15520
2024-12-14,삼산체육관,9943,5273,4670
2024-12-14,굴포천,17822,8781,9041
2024-12-14,부평구청,10750,5818,4932
2024-12-14,산곡,15366,8040,7326
2024-12-14,석남(거북시장),12791,6674,6117
2024-12-15,까치울,7912,3971,3941
2024-12-15,부천종합운동장,3167,1494,1673
2024-12-15,춘의,8198,4237,3961
2024-12-15,신중동,16951,8600,8351
2024-12-15,부천시청,18033,9073,8960
2024-12-15,상동,18641,9479,9162
2024-12-15,삼산체육관,6143,3185,2958
2024-12-15,굴포천,11135,5541,5594
2024-12-15,부평구청,7361,3832,3529
2024-12-15,산곡,10007,5049,4958
2024-12-15,석남(거북시장),8989,4775,4214
2024-12-16,까치울,13641,6935,6706
2024-12-16,부천종합운동장,5527,2725,2802
2024-12-16,춘의,22429,11292,11137
2024-12-16,신중동,34158,16993,17165
2024-12-16,부천시청,30000,15122,14878
2024-12-16,상동,31805,15634,16171
2024-12-16,삼산체육관,12922,6817,6105
2024-12-16,굴포천,20648,10093,10555
2024-12-16,부평구청,14697,7529,7168
2024-12-16,산곡,22596,11690,10906
2024-12-16,석남(거북시장),15749,8490,7259
2024-12-17,까치울,14452,7355,7097
2024-12-17,부천종합운동장,5708,2864,2844
2024-12-17,춘의,23149,11650,11499
2024-12-17,신중동,35520,17842,17678
2024-12-17,부천시청,31963,15930,16033
2024-12-17,상동,33508,16444,17064
2024-12-17,삼산체육관,15675,8185,7490
2024-12-17,굴포천,21849,10737,11112
2024-12-17,부평구청,15169,7874,7295
2024-12-17,산곡,22997,11963,11034
2024-12-17,석남(거북시장),15902,8477,7425
2024-12-18,까치울,14481,7387,7094
2024-12-18,부천종합운동장,5798,2888,2910
2024-12-18,춘의,22880,11549,11331
2024-12-18,신중동,35150,17484,17666
2024-12-18,부천시청,31586,15770,15816
2024-12-18,상동,33215,16332,16883
2024-12-18,삼산체육관,13427,7083,6344
2024-12-18,굴포천,21390,10473,10917
2024-12-18,부평구청,15158,7792,7366
2024-12-18,산곡,22898,11864,11034
2024-12-18,석남(거북시장),15948,8553,7395
2024-12-19,까치울,14287,7300,6987
2024-12-19,부천종합운동장,6021,2975,3046
2024-12-19,춘의,22795,11476,11319
2024-12-19,신중동,34963,17470,17493
2024-12-19,부천시청,32198,16079,16119
2024-12-19,상동,33390,16411,16979
2024-12-19,삼산체육관,13915,7275,6640
2024-12-19,굴포천,21287,10444,10843
2024-12-19,부평구청,14690,7528,7162
2024-12-19,산곡,22723,11825,10898
2024-12-19,석남(거북시장),15980,8540,7440
2024-12-20,까치울,14797,7612,7185
2024-12-20,부천종합운동장,5697,2798,2899
2024-12-20,춘의,23067,11606,11461
2024-12-20,신중동,37174,18399,18775
2024-12-20,부천시청,34059,16871,17188
2024-12-20,상동,36549,17747,18802
2024-12-20,삼산체육관,13715,7293,6422
2024-12-20,굴포천,22544,11039,11505
2024-12-20,부평구청,15497,8009,7488
2024-12-20,산곡,23243,12167,11076
2024-12-20,석남(거북시장),16892,9036,7856
2024-12-21,까치울,10989,5601,5388
2024-12-21,부천종합운동장,3495,1685,1810
2024-12-21,춘의,11807,6187,5620
2024-12-21,신중동,26517,13136,13381
2024-12-21,부천시청,26289,13232,13057
2024-12-21,상동,30348,14987,15361
2024-12-21,삼산체육관,9458,4901,4557
2024-12-21,굴포천,17570,8634,8936
2024-12-21,부평구청,10668,5734,4934
2024-12-21,산곡,15148,7864,7284
2024-12-21,석남(거북시장),12703,6599,6104
2024-12-22,까치울,7453,3730,3723
2024-12-22,부천종합운동장,2810,1266,1544
2024-12-22,춘의,7896,4016,3880
2024-12-22,신중동,16634,8345,8289
2024-12-22,부천시청,17130,8677,8453
2024-12-22,상동,18799,9604,9195
2024-12-22,삼산체육관,6375,3301,3074
2024-12-22,굴포천,10706,5294,5412
2024-12-22,부평구청,7363,3866,3497
2024-12-22,산곡,9651,4872,4779
2024-12-22,석남(거북시장),8685,4649,4036
2024-12-23,까치울,13775,7027,6748
2024-12-23,부천종합운동장,5533,2785,2748
2024-12-23,춘의,22433,11323,11110
2024-12-23,신중동,34462,17209,17253
2024-12-23,부천시청,31213,15601,15612
2024-12-23,상동,31874,15672,16202
2024-12-23,삼산체육관,12564,6669,5895
2024-12-23,굴포천,21087,10332,10755
2024-12-23,부평구청,14259,7380,6879
2024-12-23,산곡,22522,11710,10812
2024-12-23,석남(거북시장),16266,8785,7481
2024-12-24,까치울,13752,7077,6675
2024-12-24,부천종합운동장,5627,2801,2826
2024-12-24,춘의,22378,11431,10947
2024-12-24,신중동,34920,17301,17619
2024-12-24,부천시청,33855,16753,17102
2024-12-24,상동,33278,16185,17093
2024-12-24,삼산체육관,12600,6693,5907
2024-12-24,굴포천,21298,10434,10864
2024-12-24,부평구청,14597,7577,7020
2024-12-24,산곡,22323,11708,10615
2024-12-24,석남(거북시장),16125,8566,7559
2024-12-25,까치울,7790,3902,3888
2024-12-25,부천종합운동장,2823,1345,1478
2024-12-25,춘의,8506,4325,4181
2024-12-25,신중동,17677,9018,8659
2024-12-25,부천시청,20730,10395,10335
2024-12-25,상동,19597,10027,9570
2024-12-25,삼산체육관,7239,3789,3450
2024-12-25,굴포천,11911,5868,6043
2024-12-25,부평구청,7288,3836,3452
2024-12-25,산곡,10905,5601,5304
2024-12-25,석남(거북시장),9357,4815,4542
2024-12-26,까치울,13573,6901,6672
2024-12-26,부천종합운동장,5383,2699,2684
2024-12-26,춘의,22081,11144,10937
2024-12-26,신중동,34480,17229,17251
2024-12-26,부천시청,31052,15562,15490
2024-12-26,상동,32436,16010,16426
2024-12-26,삼산체육관,12977,6763,6214
2024-12-26,굴포천,20591,10089,10502
2024-12-26,부평구청,14039,7205,6834
2024-12-26,산곡,21363,11047,10316
2024-12-26,석남(거북시장),15478,8379,7099
2024-12-27,까치울,13686,7053,6633
2024-12-27,부천종합운동장,5815,2881,2934
2024-12-27,춘의,21758,11061,10697
2024-12-27,신중동,35447,17395,18052
2024-12-27,부천시청,32845,16275,16570
2024-12-27,상동,33664,16407,17257
2024-12-27,삼산체육관,12594,6687,5907
2024-12-27,굴포천,21448,10558,10890
2024-12-27,부평구청,14556,7607,6949
2024-12-27,산곡,21839,11324,10515
2024-12-27,석남(거북시장),16009,8538,7471
2024-12-28,까치울,9991,5022,4969
2024-12-28,부천종합운동장,3255,1581,1674
2024-12-28,춘의,10529,5409,5120
2024-12-28,신중동,23826,11710,12116
2024-12-28,부천시청,23455,11895,11560
2024-12-28,상동,26678,13201,13477
2024-12-28,삼산체육관,10900,5558,5342
2024-12-28,굴포천,15775,7809,7966
2024-12-28,부평구청,9653,5091,4562
2024-12-28,산곡,13633,7066,6567
2024-12-28,석남(거북시장),11761,6029,5732
2024-12-29,까치울,7231,3686,3545
2024-12-29,부천종합운동장,2860,1357,1503
2024-12-29,춘의,7683,3972,3711
2024-12-29,신중동,15570,7797,7773
2024-12-29,부천시청,16143,8154,7989
2024-12-29,상동,17181,8698,8483
2024-12-29,삼산체육관,5836,2981,2855
2024-12-29,굴포천,10456,5144,5312
2024-12-29,부평구청,6932,3684,3248
2024-12-29,산곡,9454,4858,4596
2024-12-29,석남(거북시장),8261,4474,3787
2024-12-30,까치울,13101,6713,6388
2024-12-30,부천종합운동장,5477,2731,2746
2024-12-30,춘의,20899,10428,10471
2024-12-30,신중동,32392,16128,16264
2024-12-30,부천시청,29633,14842,14791
2024-12-30,상동,30480,14983,15497
2024-12-30,삼산체육관,11569,6143,5426
2024-12-30,굴포천,19804,9751,10053
2024-12-30,부평구청,13701,7132,6569
2024-12-30,산곡,20743,10799,9944
2024-12-30,석남(거북시장),15015,8100,6915
2024-12-31,까치울,12692,6553,6139
2024-12-31,부천종합운동장,5307,2580,2727
2024-12-31,춘의,19913,10180,9733
2024-12-31,신중동,31597,15513,16084
2024-12-31,부천시청,29729,14702,15027
2024-12-31,상동,30171,14736,15435
2024-12-31,삼산체육관,11313,6087,5226
2024-12-31,굴포천,20126,9777,10349
2024-12-31,부평구청,13382,6953,6429
2024-12-31,산곡,19701,10252,9449
2024-12-31,석남(거북시장),14737,7800,6937
2025-01-01,까치울,5671,2819,2852
2025-01-01,부천종합운동장,3064,1375,1689
2025-01-01,춘의,6088,3074,3014
2025-01-01,신중동,11374,5708,5666
2025-01-01,부천시청,12120,6077,6043
2025-01-01,상동,13275,6723,6552
2025-01-01,삼산체육관,4380,2274,2106
2025-01-01,굴포천,8295,4080,4215
2025-01-01,부평구청,5395,2826,2569
2025-01-01,산곡,7330,3660,3670
2025-01-01,석남(거북시장),7107,3765,3342
2025-01-02,까치울,12932,6634,6298
2025-01-02,부천종합운동장,5579,2802,2777
2025-01-02,춘의,21775,10960,10815
2025-01-02,신중동,32261,16128,16133
2025-01-02,부천시청,29789,14874,14915
2025-01-02,상동,30163,14910,15253
2025-01-02,삼산체육관,12348,6533,5815
2025-01-02,굴포천,19729,9703,10026
2025-01-02,부평구청,13695,6991,6704
2025-01-02,산곡,21213,10980,10233
2025-01-02,석남(거북시장),14377,7729,6648
2025-01-03,까치울,13420,6865,6555
2025-01-03,부천종합운동장,5781,2872,2909
2025-01-03,춘의,21949,11092,10857
2025-01-03,신중동,34105,16725,17380
2025-01-03,부천시청,31436,15559,15877
2025-01-03,상동,32151,15739,16412
2025-01-03,삼산체육관,12561,6700,5861
2025-01-03,굴포천,20436,9942,10494
2025-01-03,부평구청,14224,7327,6897
2025-01-03,산곡,21526,11206,10320
2025-01-03,석남(거북시장),15419,8170,7249
2025-01-04,까치울,9288,4756,4532
2025-01-04,부천종합운동장,3315,1626,1689
2025-01-04,춘의,10284,5265,5019
2025-01-04,신중동,22509,11128,11381
2025-01-04,부천시청,23102,11719,11383
2025-01-04,상동,25912,12826,13086
2025-01-04,삼산체육관,7934,4129,3805
2025-01-04,굴포천,14458,7139,7319
2025-01-04,부평구청,8895,4651,4244
2025-01-04,산곡,12710,6565,6145
2025-01-04,석남(거북시장),10679,5596,5083
2025-01-05,까치울,6671,3412,3259
2025-01-05,부천종합운동장,2613,1227,1386
2025-01-05,춘의,7739,3991,3748
2025-01-05,신중동,15462,7664,7798
2025-01-05,부천시청,15757,7920,7837
2025-01-05,상동,17520,8905,8615
2025-01-05,삼산체육관,5696,2997,2699
2025-01-05,굴포천,10412,5175,5237
2025-01-05,부평구청,6681,3495,3186
2025-01-05,산곡,9432,4860,4572
2025-01-05,석남(거북시장),8038,4312,3726
2025-01-06,까치울,13146,6697,6449
2025-01-06,부천종합운동장,5459,2725,2734
2025-01-06,춘의,22568,11345,11223
2025-01-06,신중동,33416,16598,16818
2025-01-06,부천시청,29675,14885,14790
2025-01-06,상동,31078,15297,15781
2025-01-06,삼산체육관,12304,6485,5819
2025-01-06,굴포천,20246,9892,10354
2025-01-06,부평구청,14209,7352,6857
2025-01-06,산곡,22079,11443,10636
2025-01-06,석남(거북시장),14945,8051,6894
2025-01-07,까치울,13357,6804,6553
2025-01-07,부천종합운동장,5618,2790,2828
2025-01-07,춘의,22667,11383,11284
2025-01-07,신중동,33061,16495,16566
2025-01-07,부천시청,30167,14990,15177
2025-01-07,상동,30934,15237,15697
2025-01-07,삼산체육관,12188,6439,5749
2025-01-07,굴포천,20339,9942,10397
2025-01-07,부평구청,14205,7347,6858
2025-01-07,산곡,21790,11347,10443
2025-01-07,석남(거북시장),14813,7910,6903
2025-01-08,까치울,13309,6764,6545
2025-01-08,부천종합운동장,5646,2841,2805
2025-01-08,춘의,22343,11202,11141
2025-01-08,신중동,33333,16620,16713
2025-01-08,부천시청,30087,14972,15115
2025-01-08,상동,31349,15542,15807
2025-01-08,삼산체육관,13067,6854,6213
2025-01-08,굴포천,20415,10021,10394
2025-01-08,부평구청,14250,7331,6919
2025-01-08,산곡,21946,11336,10610
2025-01-08,석남(거북시장),15148,8076,7072
2025-01-09,까치울,12155,6207,5948
2025-01-09,부천종합운동장,5149,2578,2571
2025-01-09,춘의,21488,10763,10725
2025-01-09,신중동,31276,15620,15656
2025-01-09,부천시청,28316,14097,14219
2025-01-09,상동,29493,14519,14974
2025-01-09,삼산체육관,11699,6116,5583
2025-01-09,굴포천,19486,9545,9941
2025-01-09,부평구청,13513,6975,6538
2025-01-09,산곡,20284,10605,9679
2025-01-09,석남(거북시장),13834,7430,6404
2025-01-10,까치울,12619,6515,6104
2025-01-10,부천종합운동장,5250,2655,2595
2025-01-10,춘의,21671,10969,10702
2025-01-10,신중동,33640,16528,17112
2025-01-10,부천시청,30270,15043,15227
2025-01-10,상동,31730,15438,16292
2025-01-10,삼산체육관,11808,6248,5560
2025-01-10,굴포천,20743,10096,10647
2025-01-10,부평구청,14047,7250,6797
2025-01-10,산곡,21219,11017,10202
2025-01-10,석남(거북시장),15012,8024,6988
2025-01-11,까치울,9274,4775,4499
2025-01-11,부천종합운동장,3239,1563,1676
2025-01-11,춘의,10434,5360,5074
2025-01-11,신중동,23352,11633,11719
2025-01-11,부천시청,22931,11580,11351
2025-01-11,상동,26768,13240,13528
2025-01-11,삼산체육관,10914,5504,5410
2025-01-11,굴포천,15160,7483,7677
2025-01-11,부평구청,9245,4866,4379
2025-01-11,산곡,12903,6691,6212
2025-01-11,석남(거북시장),11159,5837,5322
2025-01-12,까치울,6986,3549,3437
2025-01-12,부천종합운동장,2762,1289,1473
2025-01-12,춘의,7450,3852,3598
2025-01-12,신중동,15503,7786,7717
2025-01-12,부천시청,15060,7602,7458
2025-01-12,상동,16865,8573,8292
2025-01-12,삼산체육관,5659,2896,2763
2025-01-12,굴포천,9734,4881,4853
2025-01-12,부평구청,6318,3248,3070
2025-01-12,산곡,9168,4642,4526
2025-01-12,석남(거북시장),8295,4437,3858
2025-01-13,까치울,12972,6537,6435
2025-01-13,부천종합운동장,5629,2802,2827
2025-01-13,춘의,22452,11303,11149
2025-01-13,신중동,33238,16558,16680
2025-01-13,부천시청,29772,14865,14907
2025-01-13,상동,30529,15084,15445
2025-01-13,삼산체육관,12122,6384,5738
2025-01-13,굴포천,20327,9963,10364
2025-01-13,부평구청,14177,7292,6885
2025-01-13,산곡,21743,11315,10428
2025-01-13,석남(거북시장),14854,7975,6879
2025-01-14,까치울,13472,6896,6576
2025-01-14,부천종합운동장,5552,2745,2807
2025-01-14,춘의,23200,11704,11496
2025-01-14,신중동,33873,16818,17055
2025-01-14,부천시청,30738,15193,15545
2025-01-14,상동,31971,15730,16241
2025-01-14,삼산체육관,12627,6698,5929
2025-01-14,굴포천,21040,10287,10753
2025-01-14,부평구청,14934,7667,7267
2025-01-14,산곡,22524,11730,10794
2025-01-14,석남(거북시장),15141,8046,7095
2025-01-15,까치울,13537,6882,6655
2025-01-15,부천종합운동장,5436,2725,2711
2025-01-15,춘의,23057,11590,11467
2025-01-15,신중동,34033,16950,17083
2025-01-15,부천시청,30957,15431,15526
2025-01-15,상동,31797,15651,16146
2025-01-15,삼산체육관,12408,6534,5874
2025-01-15,굴포천,21095,10289,10806
2025-01-15,부평구청,14716,7553,7163
2025-01-15,산곡,22270,11516,10754
2025-01-15,석남(거북시장),15198,8132,7066
2025-01-16,까치울,13246,6675,6571
2025-01-16,부천종합운동장,5610,2774,2836
2025-01-16,춘의,22693,11374,11319
2025-01-16,신중동,33390,16604,16786
2025-01-16,부천시청,31235,15566,15669
2025-01-16,상동,31481,15472,16009
2025-01-16,삼산체육관,12713,6703,6010
2025-01-16,굴포천,21376,10474,10902
2025-01-16,부평구청,14552,7458,7094
2025-01-16,산곡,22002,11427,10575
2025-01-16,석남(거북시장),14890,8069,6821
2025-01-17,까치울,13668,6996,6672
2025-01-17,부천종합운동장,5823,2889,2934
2025-01-17,춘의,22879,11602,11277
2025-01-17,신중동,35226,17241,17985
2025-01-17,부천시청,32228,16063,16165
2025-01-17,상동,33150,16176,16974
2025-01-17,삼산체육관,12993,6877,6116
2025-01-17,굴포천,21988,10681,11307
2025-01-17,부평구청,15131,7817,7314
2025-01-17,산곡,22586,11826,10760
2025-01-17,석남(거북시장),15856,8401,7455
2025-01-18,까치울,9901,5144,4757
2025-01-18,부천종합운동장,3659,1765,1894
2025-01-18,춘의,11207,5828,5379
2025-01-18,신중동,24405,12041,12364
2025-01-18,부천시청,23906,12024,11882
2025-01-18,상동,27300,13565,13735
2025-01-18,삼산체육관,8789,4640,4149
2025-01-18,굴포천,15304,7577,7727
2025-01-18,부평구청,9788,5106,4682
2025-01-18,산곡,13537,7029,6508
2025-01-18,석남(거북시장),11944,6262,5682
2025-01-19,까치울,7224,3645,3579
2025-01-19,부천종합운동장,2959,1419,1540
2025-01-19,춘의,7961,4085,3876
2025-01-19,신중동,16012,8027,7985
2025-01-19,부천시청,16209,8206,8003
2025-01-19,상동,17778,8989,8789
2025-01-19,삼산체육관,5908,3064,2844
2025-01-19,굴포천,10178,5028,5150
2025-01-19,부평구청,7003,3591,3412
2025-01-19,산곡,9571,4852,4719
2025-01-19,석남(거북시장),8583,4580,4003
2025-01-20,까치울,12937,6529,6408
2025-01-20,부천종합운동장,5533,2792,2741
2025-01-20,춘의,22767,11399,11368
2025-01-20,신중동,33110,16542,16568
2025-01-20,부천시청,30316,15191,15125
2025-01-20,상동,31270,15456,15814
2025-01-20,삼산체육관,12314,6529,5785
2025-01-20,굴포천,20866,10208,10658
2025-01-20,부평구청,14738,7587,7151
2025-01-20,산곡,22227,11562,10665
2025-01-20,석남(거북시장),15203,8188,7015
2025-01-21,까치울,13292,6803,6489
2025-01-21,부천종합운동장,5531,2741,2790
2025-01-21,춘의,23084,11626,11458
2025-01-21,신중동,33783,16733,17050
2025-01-21,부천시청,30648,15366,15282
2025-01-21,상동,32216,15739,16477
2025-01-21,삼산체육관,14461,7561,6900
2025-01-21,굴포천,22203,10855,11348
2025-01-21,부평구청,15233,7828,7405
2025-01-21,산곡,22599,11784,10815
2025-01-21,석남(거북시장),15072,8044,7028
2025-01-22,까치울,13435,6854,6581
2025-01-22,부천종합운동장,5614,2775,2839
2025-01-22,춘의,23142,11654,11488
2025-01-22,신중동,34438,17144,17294
2025-01-22,부천시청,30933,15477,15456
2025-01-22,상동,32526,15889,16637
2025-01-22,삼산체육관,13111,6982,6129
2025-01-22,굴포천,21736,10735,11001
2025-01-22,부평구청,15087,7736,7351
2025-01-22,산곡,22614,11710,10904
2025-01-22,석남(거북시장),15572,8337,7235
2025-01-23,까치울,13440,6879,6561
2025-01-23,부천종합운동장,5886,2898,2988
2025-01-23,춘의,22930,11521,11409
2025-01-23,신중동,33959,16932,17027
2025-01-23,부천시청,31562,15761,15801
2025-01-23,상동,32145,15779,16366
2025-01-23,삼산체육관,13074,6904,6170
2025-01-23,굴포천,21667,10635,11032
2025-01-23,부평구청,14942,7673,7269
2025-01-23,산곡,22247,11679,10568
2025-01-23,석남(거북시장),15110,8146,6964
2025-01-24,까치울,13573,6982,6591
2025-01-24,부천종합운동장,5723,2824,2899
2025-01-24,춘의,22407,11266,11141
2025-01-24,신중동,35793,17603,18190
2025-01-24,부천시청,33290,16441,16849
2025-01-24,상동,34337,16683,17654
2025-01-24,삼산체육관,12739,6806,5933
2025-01-24,굴포천,22623,11096,11527
2025-01-24,부평구청,15161,7825,7336
2025-01-24,산곡,22768,11883,10885
2025-01-24,석남(거북시장),15774,8403,7371
2025-01-25,까치울,9234,4727,4507
2025-01-25,부천종합운동장,3473,1682,1791
2025-01-25,춘의,10680,5495,5185
2025-01-25,신중동,22101,10912,11189
2025-01-25,부천시청,22341,11381,10960
2025-01-25,상동,24159,11999,12160
2025-01-25,삼산체육관,10813,5380,5433
2025-01-25,굴포천,14790,7387,7403
2025-01-25,부평구청,9107,4739,4368
2025-01-25,산곡,12736,6579,6157
2025-01-25,석남(거북시장),11153,5881,5272
2025-01-26,까치울,6951,3524,3427
2025-01-26,부천종합운동장,2920,1409,1511
2025-01-26,춘의,7852,4143,3709
2025-01-26,신중동,15381,7694,7687
2025-01-26,부천시청,15682,7924,7758
2025-01-26,상동,15831,7965,7866
2025-01-26,삼산체육관,5922,3006,2916
2025-01-26,굴포천,10142,5018,5124
2025-01-26,부평구청,6657,3473,3184
2025-01-26,산곡,9445,4792,4653
2025-01-26,석남(거북시장),8561,4449,4112
2025-01-27,까치울,6569,3322,3247
2025-01-27,부천종합운동장,2386,1157,1229
2025-01-27,춘의,8582,4397,4185
2025-01-27,신중동,16906,8463,8443
2025-01-27,부천시청,19298,9714,9584
2025-01-27,상동,17435,8579,8856
2025-01-27,삼산체육관,5787,2964,2823
2025-01-27,굴포천,11565,5694,5871
2025-01-27,부평구청,6950,3620,3330
2025-01-27,산곡,9831,5033,4798
2025-01-27,석남(거북시장),8795,4541,4254
2025-01-28,까치울,4839,2388,2451
2025-01-28,부천종합운동장,1715,866,849
2025-01-28,춘의,6271,3147,3124
2025-01-28,신중동,10280,5224,5056
2025-01-28,부천시청,11393,5826,5567
2025-01-28,상동,11694,5720,5974
2025-01-28,삼산체육관,4200,2159,2041
2025-01-28,굴포천,8412,4102,4310
2025-01-28,부평구청,5103,2589,2514
2025-01-28,산곡,7005,3457,3548
2025-01-28,석남(거북시장),6847,3505,3342
2025-01-29,까치울,4595,2375,2220
2025-01-29,부천종합운동장,1888,884,1004
2025-01-29,춘의,5661,2894,2767
2025-01-29,신중동,8884,4338,4546
2025-01-29,부천시청,8645,4284,4361
2025-01-29,상동,8339,4230,4109
2025-01-29,삼산체육관,3771,1932,1839
2025-01-29,굴포천,7518,3734,3784
2025-01-29,부평구청,5008,2630,2378
2025-01-29,산곡,6529,3303,3226
2025-01-29,석남(거북시장),6728,3496,3232
2025-01-30,까치울,5671,2861,2810
2025-01-30,부천종합운동장,1924,957,967
2025-01-30,춘의,6094,3145,2949
2025-01-30,신중동,12360,6116,6244
2025-01-30,부천시청,13971,6976,6995
2025-01-30,상동,13647,6950,6697
2025-01-30,삼산체육관,4879,2556,2323
2025-01-30,굴포천,8905,4431,4474
2025-01-30,부평구청,5540,2938,2602
2025-01-30,산곡,7492,3894,3598
2025-01-30,석남(거북시장),7259,3876,3383
2025-01-31,까치울,10966,5640,5326
2025-01-31,부천종합운동장,4219,2120,2099
2025-01-31,춘의,16582,8388,8194
2025-01-31,신중동,29149,14375,14774
2025-01-31,부천시청,27601,13649,13952
2025-01-31,상동,28374,13981,14393
2025-01-31,삼산체육관,10247,5440,4807
2025-01-31,굴포천,18643,9131,9512
2025-01-31,부평구청,12158,6258,5900
2025-01-31,산곡,17786,9229,8557
2025-01-31,석남(거북시장),13371,7143,6228
2025-02-01,까치울,8661,4416,4245
2025-02-01,부천종합운동장,2884,1395,1489
2025-02-01,춘의,9157,4735,4422
2025-02-01,신중동,21094,10337,10757
2025-02-01,부천시청,21596,10839,10757
2025-02-01,상동,23271,11660,11611
2025-02-01,삼산체육관,7660,3949,3711
2025-02-01,굴포천,13532,6672,6860
2025-02-01,부평구청,8569,4460,4109
2025-02-01,산곡,11955,6167,5788
2025-02-01,석남(거북시장),10381,5414,4967
2025-02-02,까치울,6889,3483,3406
2025-02-02,부천종합운동장,2792,1298,1494
2025-02-02,춘의,7353,3770,3583
2025-02-02,신중동,14769,7398,7371
2025-02-02,부천시청,15174,7649,7525
2025-02-02,상동,16448,8391,8057
2025-02-02,삼산체육관,9336,4746,4590
2025-02-02,굴포천,10653,5262,5391
2025-02-02,부평구청,6490,3367,3123
2025-02-02,산곡,8977,4508,4469
2025-02-02,석남(거북시장),8211,4344,3867
2025-02-03,까치울,12765,6565,6200
2025-02-03,부천종합운동장,5206,2627,2579
2025-02-03,춘의,22824,11479,11345
2025-02-03,신중동,33378,16619,16759
2025-02-03,부천시청,30659,15266,15393
2025-02-03,상동,30829,15159,15670
2025-02-03,삼산체육관,12402,6492,5910
2025-02-03,굴포천,20706,10174,10532
2025-02-03,부평구청,14329,7369,6960
2025-02-03,산곡,21810,11237,10573
2025-02-03,석남(거북시장),15171,8177,6994
2025-02-04,까치울,12256,6264,5992
2025-02-04,부천종합운동장,4995,2481,2514
2025-02-04,춘의,22001,11062,10939
2025-02-04,신중동,32009,15930,16079
2025-02-04,부천시청,29241,14571,14670
2025-02-04,상동,29937,14650,15287
2025-02-04,삼산체육관,11887,6204,5683
2025-02-04,굴포천,20311,10011,10300
2025-02-04,부평구청,13964,7160,6804
2025-02-04,산곡,20862,10855,10007
2025-02-04,석남(거북시장),14161,7517,6644
2025-02-05,까치울,12549,6349,6200
2025-02-05,부천종합운동장,4983,2517,2466
2025-02-05,춘의,21953,11017,10936
2025-02-05,신중동,32354,16157,16197
2025-02-05,부천시청,30015,14966,15049
2025-02-05,상동,30734,15095,15639
2025-02-05,삼산체육관,12092,6335,5757
2025-02-05,굴포천,20487,9995,10492
2025-02-05,부평구청,14161,7235,6926
2025-02-05,산곡,21327,10965,10362
2025-02-05,석남(거북시장),14575,7834,6741
2025-02-06,까치울,12976,6594,6382
2025-02-06,부천종합운동장,5373,2666,2707
2025-02-06,춘의,23237,11770,11467
2025-02-06,신중동,33362,16565,16797
2025-02-06,부천시청,30245,15046,15199
2025-02-06,상동,31616,15480,16136
2025-02-06,삼산체육관,12629,6563,6066
2025-02-06,굴포천,21351,10421,10930
2025-02-06,부평구청,14424,7349,7075
2025-02-06,산곡,21901,11287,10614
2025-02-06,석남(거북시장),14952,8045,6907
2025-02-07,까치울,13408,6869,6539
2025-02-07,부천종합운동장,5238,2630,2608
2025-02-07,춘의,23525,11802,11723
2025-02-07,신중동,35447,17572,17875
2025-02-07,부천시청,32742,16182,16560
2025-02-07,상동,33771,16534,17237
2025-02-07,삼산체육관,12664,6696,5968
2025-02-07,굴포천,21928,10713,11215
2025-02-07,부평구청,14849,7634,7215
2025-02-07,산곡,22364,11638,10726
2025-02-07,석남(거북시장),15703,8254,7449
2025-02-08,까치울,9041,4552,4489
2025-02-08,부천종합운동장,2904,1436,1468
2025-02-08,춘의,10328,5338,4990
2025-02-08,신중동,23461,11611,11850
2025-02-08,부천시청,23391,11818,11573
2025-02-08,상동,27039,13435,13604
2025-02-08,삼산체육관,8140,4210,3930
2025-02-08,굴포천,14713,7249,7464
2025-02-08,부평구청,9184,4801,4383
2025-02-08,산곡,12999,6730,6269
2025-02-08,석남(거북시장),11340,5924,5416
2025-02-09,까치울,6953,3491,3462
2025-02-09,부천종합운동장,2646,1252,1394
2025-02-09,춘의,7757,4002,3755
2025-02-09,신중동,15345,7701,7644
2025-02-09,부천시청,15627,7922,7705
2025-02-09,상동,17436,8853,8583
2025-02-09,삼산체육관,8776,4448,4328
2025-02-09,굴포천,10590,5275,5315
2025-02-09,부평구청,6815,3584,3231
2025-02-09,산곡,9445,4736,4709
2025-02-09,석남(거북시장),8149,4345,3804
2025-02-10,까치울,12752,6524,6228
2025-02-10,부천종합운동장,5291,2636,2655
2025-02-10,춘의,22412,11273,11139
2025-02-10,신중동,33086,16452,16634
2025-02-10,부천시청,30161,15093,15068
2025-02-10,상동,30907,15230,15677
2025-02-10,삼산체육관,12398,6565,5833
2025-02-10,굴포천,20644,10095,10549
2025-02-10,부평구청,14291,7389,6902
2025-02-10,산곡,22313,11584,10729
2025-02-10,석남(거북시장),14939,8084,6855
2025-02-11,까치울,13782,7081,6701
2025-02-11,부천종합운동장,5835,2906,2929
2025-02-11,춘의,23063,11644,11419
2025-02-11,신중동,34328,17132,17196
2025-02-11,부천시청,30949,15391,15558
2025-02-11,상동,32573,16029,16544
2025-02-11,삼산체육관,12778,6755,6023
2025-02-11,굴포천,21061,10339,10722
2025-02-11,부평구청,14995,7709,7286
2025-02-11,산곡,22560,11670,10890
2025-02-11,석남(거북시장),15203,8212,6991
2025-02-12,까치울,13605,6925,6680
2025-02-12,부천종합운동장,5555,2750,2805
2025-02-12,춘의,23271,11706,11565
2025-02-12,신중동,34112,16898,17214
2025-02-12,부천시청,31107,15531,15576
2025-02-12,상동,32355,16029,16326
2025-02-12,삼산체육관,13027,6816,6211
2025-02-12,굴포천,21395,10571,10824
2025-02-12,부평구청,14737,7632,7105
2025-02-12,산곡,22542,11704,10838
2025-02-12,석남(거북시장),15280,8177,7103
2025-02-13,까치울,13839,7054,6785
2025-02-13,부천종합운동장,5764,2900,2864
2025-02-13,춘의,22934,11567,11367
2025-02-13,신중동,34902,17382,17520
2025-02-13,부천시청,31891,15888,16003
2025-02-13,상동,32772,16141,16631
2025-02-13,삼산체육관,14921,7770,7151
2025-02-13,굴포천,21544,10468,11076
2025-02-13,부평구청,15012,7704,7308
2025-02-13,산곡,22577,11767,10810
2025-02-13,석남(거북시장),15287,8236,7051
2025-02-14,까치울,14062,7216,6846
2025-02-14,부천종합운동장,5759,2849,2910
2025-02-14,춘의,23207,11824,11383
2025-02-14,신중동,36072,17747,18325
2025-02-14,부천시청,33165,16557,16608
2025-02-14,상동,34348,16751,17597
2025-02-14,삼산체육관,13117,6947,6170
2025-02-14,굴포천,21919,10713,11206
2025-02-14,부평구청,15119,7773,7346
2025-02-14,산곡,22815,11778,11037
2025-02-14,석남(거북시장),16262,8673,7589
2025-02-15,까치울,10506,5354,5152
2025-02-15,부천종합운동장,3630,1756,1874
2025-02-15,춘의,11266,5782,5484
2025-02-15,신중동,24765,12358,12407
2025-02-15,부천시청,24788,12459,12329
2025-02-15,상동,28816,14326,14490
2025-02-15,삼산체육관,9408,4896,4512
2025-02-15,굴포천,15529,7665,7864
2025-02-15,부평구청,10291,5390,4901
2025-02-15,산곡,14280,7416,6864
2025-02-15,석남(거북시장),12269,6427,5842
2025-02-16,까치울,7781,3921,3860
2025-02-16,부천종합운동장,3122,1484,1638
2025-02-16,춘의,7957,4055,3902
2025-02-16,신중동,16917,8503,8414
2025-02-16,부천시청,17532,8919,8613
2025-02-16,상동,19840,10093,9747
2025-02-16,삼산체육관,6751,3423,3328
2025-02-16,굴포천,11255,5507,5748
2025-02-16,부평구청,7348,3858,3490
2025-02-16,산곡,9934,5028,4906
2025-02-16,석남(거북시장),8990,4762,4228
2025-02-17,까치울,13208,6736,6472
2025-02-17,부천종합운동장,5766,2843,2923
2025-02-17,춘의,22798,11434,11364
2025-02-17,신중동,33697,16843,16854
2025-02-17,부천시청,30395,15148,15247
2025-02-17,상동,31548,15511,16037
2025-02-17,삼산체육관,12435,6556,5879
2025-02-17,굴포천,20560,10106,10454
2025-02-17,부평구청,14672,7554,7118
2025-02-17,산곡,22372,11617,10755
2025-02-17,석남(거북시장),15271,8244,7027
2025-02-18,까치울,13622,6962,6660
2025-02-18,부천종합운동장,5874,2900,2974
2025-02-18,춘의,23121,11608,11513
2025-02-18,신중동,34136,17092,17044
2025-02-18,부천시청,31461,15675,15786
2025-02-18,상동,32577,16012,16565
2025-02-18,삼산체육관,12841,6740,6101
2025-02-18,굴포천,21257,10495,10762
2025-02-18,부평구청,14893,7662,7231
2025-02-18,산곡,22384,11613,10771
2025-02-18,석남(거북시장),15109,8127,6982
2025-02-19,까치울,13662,7011,6651
2025-02-19,부천종합운동장,5760,2818,2942
2025-02-19,춘의,23171,11741,11430
2025-02-19,신중동,34840,17381,17459
2025-02-19,부천시청,31976,16019,15957
2025-02-19,상동,32873,16169,16704
2025-02-19,삼산체육관,12862,6761,6101
2025-02-19,굴포천,21290,10375,10915
2025-02-19,부평구청,14850,7618,7232
2025-02-19,산곡,22412,11634,10778
2025-02-19,석남(거북시장),15342,8224,7118
2025-02-20,까치울,13758,7018,6740
2025-02-20,부천종합운동장,5647,2805,2842
2025-02-20,춘의,23201,11693,11508
2025-02-20,신중동,34347,17154,17193
2025-02-20,부천시청,31585,15741,15844
2025-02-20,상동,33186,16383,16803
2025-02-20,삼산체육관,12859,6737,6122
2025-02-20,굴포천,21478,10590,10888
2025-02-20,부평구청,14961,7738,7223
2025-02-20,산곡,22224,11482,10742
2025-02-20,석남(거북시장),15076,8085,6991
2025-02-21,까치울,13788,7080,6708
2025-02-21,부천종합운동장,5859,2891,2968
2025-02-21,춘의,22821,11551,11270
2025-02-21,신중동,35707,17494,18213
2025-02-21,부천시청,32407,16165,16242
2025-02-21,상동,34378,16767,17611
2025-02-21,삼산체육관,13012,6924,6088
2025-02-21,굴포천,21837,10699,11138
2025-02-21,부평구청,15131,7747,7384
2025-02-21,산곡,22382,11682,10700
2025-02-21,석남(거북시장),16131,8561,7570
2025-02-22,까치울,10239,5236,5003
2025-02-22,부천종합운동장,3665,1749,1916
2025-02-22,춘의,11439,5891,5548
2025-02-22,신중동,24668,12308,12360
2025-02-22,부천시청,24987,12755,12232
2025-02-22,상동,29183,14559,14624
2025-02-22,삼산체육관,9143,4753,4390
2025-02-22,굴포천,15972,7805,8167
2025-02-22,부평구청,10354,5446,4908
2025-02-22,산곡,14217,7336,6881
2025-02-22,석남(거북시장),12141,6366,5775
2025-02-23,까치울,7532,3796,3736
2025-02-23,부천종합운동장,4263,2102,2161
2025-02-23,춘의,7992,4080,3912
2025-02-23,신중동,16395,8304,8091
2025-02-23,부천시청,17172,8647,8525
2025-02-23,상동,19228,9785,9443
2025-02-23,삼산체육관,6786,3462,3324
2025-02-23,굴포천,10445,5086,5359
2025-02-23,부평구청,7176,3745,3431
2025-02-23,산곡,9671,4911,4760
2025-02-23,석남(거북시장),8855,4693,4162
2025-02-24,까치울,13182,6748,6434
2025-02-24,부천종합운동장,5664,2808,2856
2025-02-24,춘의,22596,11361,11235
2025-02-24,신중동,33386,16640,16746
2025-02-24,부천시청,30074,15072,15002
2025-02-24,상동,31633,15474,16159
2025-02-24,삼산체육관,12532,6616,5916
2025-02-24,굴포천,20582,10169,10413
2025-02-24,부평구청,14406,7416,6990
2025-02-24,산곡,22384,11576,10808
2025-02-24,석남(거북시장),15127,8191,6936
2025-02-25,까치울,13854,7080,6774
2025-02-25,부천종합운동장,5826,2908,2918
2025-02-25,춘의,23241,11706,11535
2025-02-25,신중동,34355,17201,17154
2025-02-25,부천시청,32496,16251,16245
2025-02-25,상동,32897,16232,16665
2025-02-25,삼산체육관,17715,9120,8595
2025-02-25,굴포천,22595,11080,11515
2025-02-25,부평구청,15004,7739,7265
2025-02-25,산곡,22625,11775,10850
2025-02-25,석남(거북시장),15459,8253,7206
2025-02-26,까치울,13821,7084,6737
2025-02-26,부천종합운동장,5858,2946,2912
2025-02-26,춘의,23409,11778,11631
2025-02-26,신중동,34789,17349,17440
2025-02-26,부천시청,31300,15666,15634
2025-02-26,상동,33102,16200,16902
2025-02-26,삼산체육관,13371,7012,6359
2025-02-26,굴포천,21339,10505,10834
2025-02-26,부평구청,14906,7665,7241
2025-02-26,산곡,22585,11698,10887
2025-02-26,석남(거북시장),15522,8266,7256
2025-02-27,까치울,13775,7045,6730
2025-02-27,부천종합운동장,6105,3046,3059
2025-02-27,춘의,22852,11479,11373
2025-02-27,신중동,34781,17461,17320
2025-02-27,부천시청,31508,15737,15771
2025-02-27,상동,33151,16268,16883
2025-02-27,삼산체육관,13247,6957,6290
2025-02-27,굴포천,21454,10552,10902
2025-02-27,부평구청,14719,7558,7161
2025-02-27,산곡,22450,11606,10844
2025-02-27,석남(거북시장),15443,8321,7122
2025-02-28,까치울,14017,7253,6764
2025-02-28,부천종합운동장,5799,2866,2933
2025-02-28,춘의,22610,11469,11141
2025-02-28,신중동,35664,17545,18119
2025-02-28,부천시청,33503,16704,16799
2025-02-28,상동,34549,16664,17885
2025-02-28,삼산체육관,12933,6864,6069
2025-02-28,굴포천,21856,10743,11113
2025-02-28,부평구청,15006,7759,7247
2025-02-28,산곡,22664,11868,10796
2025-02-28,석남(거북시장),16362,8746,7616
2025-03-01,까치울,9253,4762,4491
2025-03-01,부천종합운동장,3133,1527,1606
2025-03-01,춘의,9809,5114,4695
2025-03-01,신중동,21441,10716,10725
2025-03-01,부천시청,21881,11110,10771
2025-03-01,상동,24955,12353,12602
2025-03-01,삼산체육관,8427,4380,4047
2025-03-01,굴포천,13657,6677,6980
2025-03-01,부평구청,8714,4543,4171
2025-03-01,산곡,12464,6404,6060
2025-03-01,석남(거북시장),10977,5692,5285
2025-03-02,까치울,7082,3568,3514
2025-03-02,부천종합운동장,2838,1355,1483
2025-03-02,춘의,8085,4182,3903
2025-03-02,신중동,16519,8246,8273
2025-03-02,부천시청,17147,8751,8396
2025-03-02,상동,18518,9289,9229
2025-03-02,삼산체육관,6141,3138,3003
2025-03-02,굴포천,10797,5262,5535
2025-03-02,부평구청,6944,3638,3306
2025-03-02,산곡,9324,4756,4568
2025-03-02,석남(거북시장),8646,4549,4097
2025-03-03,까치울,7402,3708,3694
2025-03-03,부천종합운동장,2583,1229,1354
2025-03-03,춘의,8659,4338,4321
2025-03-03,신중동,16882,8501,8381
2025-03-03,부천시청,17946,9006,8940
2025-03-03,상동,18853,9540,9313
2025-03-03,삼산체육관,6044,3172,2872
2025-03-03,굴포천,10899,5373,5526
2025-03-03,부평구청,7213,3768,3445
2025-03-03,산곡,9957,5052,4905
2025-03-03,석남(거북시장),8661,4652,4009
2025-03-04,까치울,13428,6864,6564
2025-03-04,부천종합운동장,5433,2706,2727
2025-03-04,춘의,22789,11319,11470
2025-03-04,신중동,33254,16625,16629
2025-03-04,부천시청,30118,14980,15138
2025-03-04,상동,31905,15630,16275
2025-03-04,삼산체육관,12990,6815,6175
2025-03-04,굴포천,20589,10169,10420
2025-03-04,부평구청,14679,7648,7031
2025-03-04,산곡,22192,11495,10697
2025-03-04,석남(거북시장),15743,8415,7328
2025-03-05,까치울,14382,7305,7077
2025-03-05,부천종합운동장,5851,2884,2967
2025-03-05,춘의,23418,11797,11621
2025-03-05,신중동,35174,17508,17666
2025-03-05,부천시청,31752,15924,15828
2025-03-05,상동,33504,16486,17018
2025-03-05,삼산체육관,13550,7186,6364
2025-03-05,굴포천,21423,10539,10884
2025-03-05,부평구청,15375,7841,7534
2025-03-05,산곡,23629,12177,11452
2025-03-05,석남(거북시장),16393,8815,7578
2025-03-06,까치울,14755,7468,7287
2025-03-06,부천종합운동장,5941,2905,3036
2025-03-06,춘의,23732,11925,11807
2025-03-06,신중동,35715,17814,17901
2025-03-06,부천시청,32067,15953,16114
2025-03-06,상동,33690,16464,17226
2025-03-06,삼산체육관,16927,8738,8189
2025-03-06,굴포천,22332,10873,11459
2025-03-06,부평구청,15461,8024,7437
2025-03-06,산곡,23651,12273,11378
2025-03-06,석남(거북시장),16611,8856,7755
2025-03-07,까치울,14863,7604,7259
2025-03-07,부천종합운동장,6219,3092,3127
2025-03-07,춘의,23633,12038,11595
2025-03-07,신중동,37536,18456,19080
2025-03-07,부천시청,33291,16436,16855
2025-03-07,상동,35166,16999,18167
2025-03-07,삼산체육관,13663,7231,6432
2025-03-07,굴포천,22633,10972,11661
2025-03-07,부평구청,15748,8060,7688
2025-03-07,산곡,23861,12324,11537
2025-03-07,석남(거북시장),17180,9053,8127
2025-03-08,까치울,11181,5623,5558
2025-03-08,부천종합운동장,5221,2537,2684
2025-03-08,춘의,11666,6039,5627
2025-03-08,신중동,25452,12682,12770
2025-03-08,부천시청,25021,12670,12351
2025-03-08,상동,29946,14849,15097
2025-03-08,삼산체육관,9559,4954,4605
2025-03-08,굴포천,16284,7980,8304
2025-03-08,부평구청,10345,5413,4932
2025-03-08,산곡,14471,7495,6976
2025-03-08,석남(거북시장),12275,6452,5823
2025-03-09,까치울,8380,4290,4090
2025-03-09,부천종합운동장,3400,1561,1839
2025-03-09,춘의,8388,4358,4030
2025-03-09,신중동,17096,8649,8447
2025-03-09,부천시청,16262,8313,7949
2025-03-09,상동,18903,9628,9275
2025-03-09,삼산체육관,6604,3415,3189
2025-03-09,굴포천,10610,5330,5280
2025-03-09,부평구청,7385,3913,3472
2025-03-09,산곡,9885,5103,4782
2025-03-09,석남(거북시장),9018,4888,4130
2025-03-10,까치울,14379,7295,7084
2025-03-10,부천종합운동장,5881,2975,2906
2025-03-10,춘의,23465,11818,11647
2025-03-10,신중동,34901,17390,17511
2025-03-10,부천시청,30899,15526,15373
2025-03-10,상동,33074,16282,16792
2025-03-10,삼산체육관,13549,7171,6378
2025-03-10,굴포천,21222,10441,10781
2025-03-10,부평구청,15236,7821,7415
2025-03-10,산곡,23615,12296,11319
2025-03-10,석남(거북시장),16483,8882,7601
2025-03-11,까치울,14889,7633,7256
2025-03-11,부천종합운동장,5946,2959,2987
2025-03-11,춘의,23907,12066,11841
2025-03-11,신중동,35302,17566,17736
2025-03-11,부천시청,32043,15997,16046
2025-03-11,상동,33555,16492,17063
2025-03-11,삼산체육관,14046,7430,6616
2025-03-11,굴포천,21881,10751,11130
2025-03-11,부평구청,15725,8091,7634
2025-03-11,산곡,23781,12311,11470
2025-03-11,석남(거북시장),16635,8911,7724
2025-03-12,까치울,14636,7460,7176
2025-03-12,부천종합운동장,5832,2875,2957
2025-03-12,춘의,23815,11989,11826
2025-03-12,신중동,35700,17716,17984
2025-03-12,부천시청,31557,15830,15727
2025-03-12,상동,33472,16473,16999
2025-03-12,삼산체육관,13871,7302,6569
2025-03-12,굴포천,21912,10688,11224
2025-03-12,부평구청,15395,7889,7506
2025-03-12,산곡,23529,12158,11371
2025-03-12,석남(거북시장),16550,8799,7751
2025-03-13,까치울,14836,7530,7306
2025-03-13,부천종합운동장,6097,3086,3011
2025-03-13,춘의,23944,12001,11943
2025-03-13,신중동,35733,17673,18060
2025-03-13,부천시청,31928,15873,16055
2025-03-13,상동,33545,16483,17062
2025-03-13,삼산체육관,13992,7316,6676
2025-03-13,굴포천,21877,10830,11047
2025-03-13,부평구청,15289,7817,7472
2025-03-13,산곡,23614,12250,11364
2025-03-13,석남(거북시장),16492,8794,7698
2025-03-14,까치울,14874,7578,7296
2025-03-14,부천종합운동장,6040,2940,3100
2025-03-14,춘의,24122,12264,11858
2025-03-14,신중동,37556,18402,19154
2025-03-14,부천시청,33194,16494,16700
2025-03-14,상동,34995,17005,17990
2025-03-14,삼산체육관,13886,7328,6558
2025-03-14,굴포천,22532,11057,11475
2025-03-14,부평구청,15635,8012,7623
2025-03-14,산곡,23863,12412,11451
2025-03-14,석남(거북시장),17362,9144,8218
2025-03-15,까치울,11489,5844,5645
2025-03-15,부천종합운동장,4042,1934,2108
2025-03-15,춘의,11688,6086,5602
2025-03-15,신중동,26056,13015,13041
2025-03-15,부천시청,24955,12648,12307
2025-03-15,상동,29652,14767,14885
2025-03-15,삼산체육관,13667,6927,6740
2025-03-15,굴포천,17193,8487,8706
2025-03-15,부평구청,10700,5600,5100
2025-03-15,산곡,14938,7740,7198
2025-03-15,석남(거북시장),12580,6607,5973
2025-03-16,까치울,7292,3769,3523
2025-03-16,부천종합운동장,3924,1887,2037
2025-03-16,춘의,8266,4242,4024
2025-03-16,신중동,16482,8382,8100
2025-03-16,부천시청,16502,8340,8162
2025-03-16,상동,18563,9543,9020
2025-03-16,삼산체육관,6294,3270,3024
2025-03-16,굴포천,10248,5118,5130
2025-03-16,부평구청,7002,3733,3269
2025-03-16,산곡,9580,4916,4664
2025-03-16,석남(거북시장),8868,4731,4137
2025-03-17,까치울,14009,7137,6872
2025-03-17,부천종합운동장,5940,3002,2938
2025-03-17,춘의,23315,11682,11633
2025-03-17,신중동,33468,16591,16877
2025-03-17,부천시청,29274,14622,14652
2025-03-17,상동,31860,15721,16139
2025-03-17,삼산체육관,13256,7009,6247
2025-03-17,굴포천,20816,10244,10572
2025-03-17,부평구청,14615,7564,7051
2025-03-17,산곡,22918,11875,11043
2025-03-17,석남(거북시장),16207,8723,7484
2025-03-18,까치울,14307,7315,6992
2025-03-18,부천종합운동장,5761,2893,2868
2025-03-18,춘의,23506,11782,11724
2025-03-18,신중동,34974,17435,17539
2025-03-18,부천시청,31549,15857,15692
2025-03-18,상동,32457,15866,16591
2025-03-18,삼산체육관,13355,7066,6289
2025-03-18,굴포천,21224,10376,10848
2025-03-18,부평구청,15211,7799,7412
2025-03-18,산곡,22990,11942,11048
2025-03-18,석남(거북시장),16196,8751,7445
2025-03-19,까치울,14524,7358,7166
2025-03-19,부천종합운동장,5882,2906,2976
2025-03-19,춘의,23917,12041,11876
2025-03-19,신중동,35284,17594,17690
2025-03-19,부천시청,31597,15849,15748
2025-03-19,상동,33350,16297,17053
2025-03-19,삼산체육관,13764,7210,6554
2025-03-19,굴포천,21620,10682,10938
2025-03-19,부평구청,15470,7924,7546
2025-03-19,산곡,23301,12048,11253
2025-03-19,석남(거북시장),16483,8812,7671
2025-03-20,까치울,14960,7670,7290
2025-03-20,부천종합운동장,6216,3079,3137
2025-03-20,춘의,23580,11857,11723
2025-03-20,신중동,35951,17831,18120
2025-03-20,부천시청,32684,16273,16411
2025-03-20,상동,33466,16371,17095
2025-03-20,삼산체육관,14099,7472,6627
2025-03-20,굴포천,21820,10715,11105
2025-03-20,부평구청,15450,7950,7500
2025-03-20,산곡,23636,12213,11423
2025-03-20,석남(거북시장),16699,8989,7710
2025-03-21,까치울,14968,7692,7276
2025-03-21,부천종합운동장,6071,3037,3034
2025-03-21,춘의,23666,12018,11648
2025-03-21,신중동,37297,18262,19035
2025-03-21,부천시청,33565,16683,16882
2025-03-21,상동,35107,17066,18041
2025-03-21,삼산체육관,14048,7384,6664
2025-03-21,굴포천,22501,10968,11533
2025-03-21,부평구청,15935,8133,7802
2025-03-21,산곡,23681,12297,11384
2025-03-21,석남(거북시장),17434,9210,8224
2025-03-22,까치울,11215,5782,5433
2025-03-22,부천종합운동장,4157,1969,2188
2025-03-22,춘의,11360,5859,5501
2025-03-22,신중동,25508,12669,12839
2025-03-22,부천시청,25470,12812,12658
2025-03-22,상동,29157,14526,14631
2025-03-22,삼산체육관,9765,5114,4651
2025-03-22,굴포천,16366,8086,8280
2025-03-22,부평구청,10433,5461,4972
2025-03-22,산곡,14710,7680,7030
2025-03-22,석남(거북시장),12655,6593,6062
2025-03-23,까치울,8529,4384,4145
2025-03-23,부천종합운동장,4179,1951,2228
2025-03-23,춘의,8561,4451,4110
2025-03-23,신중동,17152,8732,8420
2025-03-23,부천시청,16569,8443,8126
2025-03-23,상동,18737,9690,9047
2025-03-23,삼산체육관,6826,3540,3286
2025-03-23,굴포천,10613,5371,5242
2025-03-23,부평구청,7429,3946,3483
2025-03-23,산곡,10207,5232,4975
2025-03-23,석남(거북시장),9246,4890,4356
2025-03-24,까치울,14235,7259,6976
2025-03-24,부천종합운동장,6275,3132,3143
2025-03-24,춘의,23596,11864,11732
2025-03-24,신중동,34443,17233,17210
2025-03-24,부천시청,30911,15432,15479
2025-03-24,상동,32044,15727,16317
2025-03-24,삼산체육관,13416,7112,6304
2025-03-24,굴포천,21077,10395,10682
2025-03-24,부평구청,15031,7707,7324
2025-03-24,산곡,23370,12128,11242
2025-03-24,석남(거북시장),16391,8831,7560
2025-03-25,까치울,14963,7590,7373
2025-03-25,부천종합운동장,6415,3189,3226
2025-03-25,춘의,24029,12124,11905
2025-03-25,신중동,34991,17476,17515
2025-03-25,부천시청,31982,15955,16027
2025-03-25,상동,33426,16400,17026
2025-03-25,삼산체육관,13935,7309,6626
2025-03-25,굴포천,21982,10824,11158
2025-03-25,부평구청,15417,7934,7483
2025-03-25,산곡,23606,12255,11351
2025-03-25,석남(거북시장),16623,8932,7691
2025-03-26,까치울,15201,7755,7446
2025-03-26,부천종합운동장,6663,3283,3380
2025-03-26,춘의,23909,12072,11837
2025-03-26,신중동,35408,17578,17830
2025-03-26,부천시청,31597,15828,15769
2025-03-26,상동,33221,16235,16986
2025-03-26,삼산체육관,14214,7495,6719
2025-03-26,굴포천,21880,10750,11130
2025-03-26,부평구청,15486,7986,7500
2025-03-26,산곡,23846,12300,11546
2025-03-26,석남(거북시장),16576,8903,7673
2025-03-27,까치울,14832,7541,7291
2025-03-27,부천종합운동장,6436,3150,3286
2025-03-27,춘의,23578,11838,11740
2025-03-27,신중동,35183,17589,17594
2025-03-27,부천시청,31456,15607,15849
2025-03-27,상동,32670,16142,16528
2025-03-27,삼산체육관,13814,7249,6565
2025-03-27,굴포천,21510,10607,10903
2025-03-27,부평구청,15342,7894,7448
2025-03-27,산곡,23418,12137,11281
2025-03-27,석남(거북시장),16295,8714,7581
2025-03-28,까치울,14746,7587,7159
2025-03-28,부천종합운동장,7329,3583,3746
2025-03-28,춘의,23454,11869,11585
2025-03-28,신중동,37381,18377,19004
2025-03-28,부천시청,33655,16781,16874
2025-03-28,상동,34765,16836,17929
2025-03-28,삼산체육관,14127,7463,6664
2025-03-28,굴포천,22349,10859,11490
2025-03-28,부평구청,15690,8059,7631
2025-03-28,산곡,23711,12294,11417
2025-03-28,석남(거북시장),17109,9125,7984
2025-03-29,까치울,10820,5587,5233
2025-03-29,부천종합운동장,8578,4053,4525
2025-03-29,춘의,11292,5859,5433
2025-03-29,신중동,24359,12204,12155
2025-03-29,부천시청,25158,12758,12400
2025-03-29,상동,28106,13846,14260
2025-03-29,삼산체육관,9310,4766,4544
2025-03-29,굴포천,15722,7711,8011
2025-03-29,부평구청,10052,5304,4748
2025-03-29,산곡,13965,7247,6718
2025-03-29,석남(거북시장),12029,6256,5773
2025-03-30,까치울,8004,4182,3822
2025-03-30,부천종합운동장,8493,3976,4517
2025-03-30,춘의,8257,4275,3982
2025-03-30,신중동,16237,8170,8067
2025-03-30,부천시청,17237,8818,8419
2025-03-30,상동,18023,9219,8804
2025-03-30,삼산체육관,6274,3261,3013
2025-03-30,굴포천,10813,5383,5430
2025-03-30,부평구청,7185,3726,3459
2025-03-30,산곡,9706,4924,4782
2025-03-30,석남(거북시장),8869,4808,4061
2025-03-31,까치울,14439,7392,7047
2025-03-31,부천종합운동장,9873,4871,5002
2025-03-31,춘의,23043,11595,11448
2025-03-31,신중동,34477,17123,17354
2025-03-31,부천시청,30915,15538,15377
2025-03-31,상동,32083,15735,16348
2025-03-31,삼산체육관,18199,9386,8813
2025-03-31,굴포천,21770,10645,11125
2025-03-31,부평구청,14739,7602,7137
2025-03-31,산곡,23085,11999,11086
2025-03-31,석남(거북시장),16245,8770,7475
2025-04-01,까치울,15573,8034,7539
2025-04-01,부천종합운동장,11542,5605,5937
2025-04-01,춘의,23736,11964,11772
2025-04-01,신중동,35371,17644,17727
2025-04-01,부천시청,31597,15782,15815
2025-04-01,상동,32617,15898,16719
2025-04-01,삼산체육관,13806,7264,6542
2025-04-01,굴포천,21446,10528,10918
2025-04-01,부평구청,15187,7793,7394
2025-04-01,산곡,23818,12292,11526
2025-04-01,석남(거북시장),16407,8870,7537
2025-04-02,까치울,15029,7671,7358
2025-04-02,부천종합운동장,10249,5011,5238
2025-04-02,춘의,23652,11927,11725
2025-04-02,신중동,35627,17597,18030
2025-04-02,부천시청,31524,15802,15722
2025-04-02,상동,32765,16016,16749
2025-04-02,삼산체육관,18628,9496,9132
2025-04-02,굴포천,22158,10832,11326
2025-04-02,부평구청,15126,7696,7430
2025-04-02,산곡,23554,12217,11337
2025-04-02,석남(거북시장),16091,8604,7487
2025-04-03,까치울,15923,8280,7643
2025-04-03,부천종합운동장,14871,7144,7727
2025-04-03,춘의,23467,11877,11590
2025-04-03,신중동,35966,17877,18089
2025-04-03,부천시청,32286,16100,16186
2025-04-03,상동,33591,16455,17136
2025-04-03,삼산체육관,14134,7404,6730
2025-04-03,굴포천,21692,10674,11018
2025-04-03,부평구청,15355,7947,7408
2025-04-03,산곡,23738,12272,11466
2025-04-03,석남(거북시장),16395,8770,7625
2025-04-04,까치울,15673,8137,7536
2025-04-04,부천종합운동장,14420,7045,7375
2025-04-04,춘의,22815,11657,11158
2025-04-04,신중동,36735,18023,18712
2025-04-04,부천시청,33936,16782,17154
2025-04-04,상동,34376,16723,17653
2025-04-04,삼산체육관,13863,7372,6491
2025-04-04,굴포천,21962,10668,11294
2025-04-04,부평구청,15391,7839,7552
2025-04-04,산곡,23538,12161,11377
2025-04-04,석남(거북시장),17115,9045,8070
2025-04-05,까치울,9560,4943,4617
2025-04-05,부천종합운동장,6004,2797,3207
2025-04-05,춘의,10047,5191,4856
2025-04-05,신중동,22245,11072,11173
2025-04-05,부천시청,23137,11566,11571
2025-04-05,상동,24903,12354,12549
2025-04-05,삼산체육관,8182,4246,3936
2025-04-05,굴포천,13891,6747,7144
2025-04-05,부평구청,9030,4705,4325
2025-04-05,산곡,12349,6499,5850
2025-04-05,석남(거북시장),10541,5513,5028
2025-04-06,까치울,10995,5940,5055
2025-04-06,부천종합운동장,25981,12326,13655
2025-04-06,춘의,10347,5322,5025
2025-04-06,신중동,18412,9298,9114
2025-04-06,부천시청,19565,9946,9619
2025-04-06,상동,20395,10401,9994
2025-04-06,삼산체육관,7399,3832,3567
2025-04-06,굴포천,11733,5874,5859
2025-04-06,부평구청,8171,4290,3881
2025-04-06,산곡,11162,5696,5466
2025-04-06,석남(거북시장),9315,4998,4317
2025-04-07,까치울,15466,7946,7520
2025-04-07,부천종합운동장,16201,7992,8209
2025-04-07,춘의,23911,12006,11905
2025-04-07,신중동,35195,17540,17655
2025-04-07,부천시청,31463,15765,15698
2025-04-07,상동,32599,15953,16646
2025-04-07,삼산체육관,13803,7302,6501
2025-04-07,굴포천,21357,10503,10854
2025-04-07,부평구청,15417,7929,7488
2025-04-07,산곡,23802,12354,11448
2025-04-07,석남(거북시장),16577,8949,7628
2025-04-08,까치울,16608,8526,8082
2025-04-08,부천종합운동장,16719,8149,8570
2025-04-08,춘의,24187,12199,11988
2025-04-08,신중동,36247,18060,18187
2025-04-08,부천시청,32682,16320,16362
2025-04-08,상동,33996,16668,17328
2025-04-08,삼산체육관,19296,9787,9509
2025-04-08,굴포천,22665,11079,11586
2025-04-08,부평구청,15514,7918,7596
2025-04-08,산곡,24181,12512,11669
2025-04-08,석남(거북시장),16744,9052,7692
2025-04-09,까치울,15902,8213,7689
2025-04-09,부천종합운동장,13181,6424,6757
2025-04-09,춘의,23987,12125,11862
2025-04-09,신중동,35876,17913,17963
2025-04-09,부천시청,32324,16087,16237
2025-04-09,상동,33503,16428,17075
2025-04-09,삼산체육관,14401,7573,6828
2025-04-09,굴포천,22159,10914,11245
2025-04-09,부평구청,15418,7978,7440
2025-04-09,산곡,23760,12283,11477
2025-04-09,석남(거북시장),16878,9046,7832
2025-04-10,까치울,16183,8223,7960
2025-04-10,부천종합운동장,13022,6501,6521
2025-04-10,춘의,24231,12180,12051
2025-04-10,신중동,36576,18263,18313
2025-04-10,부천시청,32636,16242,16394
2025-04-10,상동,33759,16554,17205
2025-04-10,삼산체육관,14429,7638,6791
2025-04-10,굴포천,22173,10880,11293
2025-04-10,부평구청,15743,8079,7664
2025-04-10,산곡,23822,12324,11498
2025-04-10,석남(거북시장),16970,9171,7799
2025-04-11,까치울,16283,8425,7858
2025-04-11,부천종합운동장,14799,7207,7592
2025-04-11,춘의,24538,12405,12133
2025-04-11,신중동,38009,18634,19375
2025-04-11,부천시청,34305,17197,17108
2025-04-11,상동,35677,17313,18364
2025-04-11,삼산체육관,14670,7760,6910
2025-04-11,굴포천,23484,11382,12102
2025-04-11,부평구청,16106,8363,7743
2025-04-11,산곡,24283,12670,11613
2025-04-11,석남(거북시장),18196,9621,8575
2025-04-12,까치울,11462,5902,5560
2025-04-12,부천종합운동장,13199,6466,6733
2025-04-12,춘의,11895,6065,5830
2025-04-12,신중동,24098,12002,12096
2025-04-12,부천시청,24247,12210,12037
2025-04-12,상동,27985,13872,14113
2025-04-12,삼산체육관,8803,4497,4306
2025-04-12,굴포천,14976,7323,7653
2025-04-12,부평구청,9640,5064,4576
2025-04-12,산곡,13439,6932,6507
2025-04-12,석남(거북시장),11937,6227,5710
2025-04-13,까치울,7707,4037,3670
2025-04-13,부천종합운동장,5576,2666,2910
2025-04-13,춘의,8220,4206,4014
2025-04-13,신중동,15800,7891,7909
2025-04-13,부천시청,15512,7838,7674
2025-04-13,상동,17444,8953,8491
2025-04-13,삼산체육관,6236,3222,3014
2025-04-13,굴포천,9963,5000,4963
2025-04-13,부평구청,6791,3511,3280
2025-04-13,산곡,8892,4491,4401
2025-04-13,석남(거북시장),8488,4564,3924
2025-04-14,까치울,13481,6817,6664
2025-04-14,부천종합운동장,6050,3139,2911
2025-04-14,춘의,22602,11416,11186
2025-04-14,신중동,32842,16325,16517
2025-04-14,부천시청,28165,14081,14084
2025-04-14,상동,30814,15188,15626
2025-04-14,삼산체육관,12805,6701,6104
2025-04-14,굴포천,20263,9928,10335
2025-04-14,부평구청,14148,7280,6868
2025-04-14,산곡,22066,11479,10587
2025-04-14,석남(거북시장),15444,8345,7099
2025-04-15,까치울,15517,7923,7594
2025-04-15,부천종합운동장,8653,4290,4363
2025-04-15,춘의,24074,12159,11915
2025-04-15,신중동,36230,18104,18126
2025-04-15,부천시청,32401,16230,16171
2025-04-15,상동,33375,16332,17043
2025-04-15,삼산체육관,13905,7305,6600
2025-04-15,굴포천,21751,10606,11145
2025-04-15,부평구청,15458,8022,7436
2025-04-15,산곡,23910,12329,11581
2025-04-15,석남(거북시장),16659,8995,7664
2025-04-16,까치울,15470,7912,7558
2025-04-16,부천종합운동장,9782,4829,4953
2025-04-16,춘의,24016,12053,11963
2025-04-16,신중동,36405,18039,18366
2025-04-16,부천시청,32208,16155,16053
2025-04-16,상동,33985,16649,17336
2025-04-16,삼산체육관,14007,7418,6589
2025-04-16,굴포천,22285,10944,11341
2025-04-16,부평구청,15476,7871,7605
2025-04-16,산곡,23999,12411,11588
2025-04-16,석남(거북시장),16740,8957,7783
2025-04-17,까치울,15787,8000,7787
2025-04-17,부천종합운동장,8297,4175,4122
2025-04-17,춘의,23952,12050,11902
2025-04-17,신중동,35880,17841,18039
2025-04-17,부천시청,32400,16087,16313
2025-04-17,상동,35958,17472,18486
2025-04-17,삼산체육관,13925,7301,6624
2025-04-17,굴포천,21992,10789,11203
2025-04-17,부평구청,15234,7801,7433
2025-04-17,산곡,23598,12254,11344
2025-04-17,석남(거북시장),16585,8824,7761
2025-04-18,까치울,15867,8109,7758
2025-04-18,부천종합운동장,7933,3960,3973
2025-04-18,춘의,23166,11804,11362
2025-04-18,신중동,37723,18484,19239
2025-04-18,부천시청,33057,16418,16639
2025-04-18,상동,36630,17729,18901
2025-04-18,삼산체육관,13816,7356,6460
2025-04-18,굴포천,22345,10956,11389
2025-04-18,부평구청,15637,7967,7670
2025-04-18,산곡,24630,12802,11828
2025-04-18,석남(거북시장),17391,9279,8112
2025-04-19,까치울,10203,5151,5052
2025-04-19,부천종합운동장,4534,2256,2278
2025-04-19,춘의,10602,5482,5120
2025-04-19,신중동,22811,11300,11511
2025-04-19,부천시청,22671,11335,11336
2025-04-19,상동,27465,13677,13788
2025-04-19,삼산체육관,8494,4356,4138
2025-04-19,굴포천,14453,7122,7331
2025-04-19,부평구청,9161,4821,4340
2025-04-19,산곡,13240,6821,6419
2025-04-19,석남(거북시장),11303,5844,5459
2025-04-20,까치울,10950,5530,5420
2025-04-20,부천종합운동장,6067,2944,3123
2025-04-20,춘의,8965,4632,4333
2025-04-20,신중동,17903,8911,8992
2025-04-20,부천시청,17617,8887,8730
2025-04-20,상동,21091,10793,10298
2025-04-20,삼산체육관,7565,3996,3569
2025-04-20,굴포천,11879,5951,5928
2025-04-20,부평구청,7756,4027,3729
2025-04-20,산곡,11303,5686,5617
2025-04-20,석남(거북시장),9849,5238,4611
2025-04-21,까치울,14845,7493,7352
2025-04-21,부천종합운동장,6952,3542,3410
2025-04-21,춘의,23024,11586,11438
2025-04-21,신중동,35067,17475,17592
2025-04-21,부천시청,31171,15621,15550
2025-04-21,상동,32770,16054,16716
2025-04-21,삼산체육관,13768,7238,6530
2025-04-21,굴포천,21155,10426,10729
2025-04-21,부평구청,14963,7674,7289
2025-04-21,산곡,23635,12226,11409
2025-04-21,석남(거북시장),16542,8891,7651
2025-04-22,까치울,13737,6883,6854
2025-04-22,부천종합운동장,5528,2770,2758
2025-04-22,춘의,22571,11332,11239
2025-04-22,신중동,33616,16698,16918
2025-04-22,부천시청,29431,14816,14615
2025-04-22,상동,31077,15218,15859
2025-04-22,삼산체육관,12977,6828,6149
2025-04-22,굴포천,20083,9866,10217
2025-04-22,부평구청,14318,7299,7019
2025-04-22,산곡,21880,11348,10532
2025-04-22,석남(거북시장),15642,8367,7275
2025-04-23,까치울,16625,8448,8177
2025-04-23,부천종합운동장,7184,3602,3582
2025-04-23,춘의,23743,11979,11764
2025-04-23,신중동,36449,18166,18283
2025-04-23,부천시청,32725,16419,16306
2025-04-23,상동,34320,16804,17516
2025-04-23,삼산체육관,14190,7490,6700
2025-04-23,굴포천,21940,10736,11204
2025-04-23,부평구청,15706,8047,7659
2025-04-23,산곡,24232,12535,11697
2025-04-23,석남(거북시장),16939,9067,7872
2025-04-24,까치울,16337,8312,8025
2025-04-24,부천종합운동장,7084,3540,3544
2025-04-24,춘의,23593,11861,11732
2025-04-24,신중동,36360,18066,18294
2025-04-24,부천시청,31983,15958,16025
2025-04-24,상동,34386,16907,17479
2025-04-24,삼산체육관,14296,7518,6778
2025-04-24,굴포천,22326,10936,11390
2025-04-24,부평구청,15659,8044,7615
2025-04-24,산곡,24137,12475,11662
2025-04-24,석남(거북시장),16536,8859,7677
2025-04-25,까치울,16172,8249,7923
2025-04-25,부천종합운동장,6919,3445,3474
2025-04-25,춘의,23513,11927,11586
2025-04-25,신중동,37539,18333,19206
2025-04-25,부천시청,33636,16802,16834
2025-04-25,상동,36261,17604,18657
2025-04-25,삼산체육관,15892,8010,7882
2025-04-25,굴포천,22895,11254,11641
2025-04-25,부평구청,15796,8155,7641
2025-04-25,산곡,24020,12542,11478
2025-04-25,석남(거북시장),17360,9133,8227
2025-04-26,까치울,14335,7279,7056
2025-04-26,부천종합운동장,10663,5182,5481
2025-04-26,춘의,11834,6201,5633
2025-04-26,신중동,26547,13062,13485
2025-04-26,부천시청,25879,13119,12760
2025-04-26,상동,30980,15268,15712
2025-04-26,삼산체육관,10250,5371,4879
2025-04-26,굴포천,16208,7997,8211
2025-04-26,부평구청,11079,5853,5226
2025-04-26,산곡,15043,7774,7269
2025-04-26,석남(거북시장),13148,6950,6198
2025-04-27,까치울,10322,5241,5081
2025-04-27,부천종합운동장,3958,1938,2020
2025-04-27,춘의,8431,4282,4149
2025-04-27,신중동,17385,8785,8600
2025-04-27,부천시청,16374,8327,8047
2025-04-27,상동,18997,9661,9336
2025-04-27,삼산체육관,7105,3665,3440
2025-04-27,굴포천,10885,5494,5391
2025-04-27,부평구청,7356,3883,3473
2025-04-27,산곡,10182,5177,5005
2025-04-27,석남(거북시장),9291,4908,4383
2025-04-28,까치울,14670,7435,7235
2025-04-28,부천종합운동장,6668,3357,3311
2025-04-28,춘의,23337,11726,11611
2025-04-28,신중동,35121,17509,17612
2025-04-28,부천시청,31450,15730,15720
2025-04-28,상동,33315,16379,16936
2025-04-28,삼산체육관,14083,7397,6686
2025-04-28,굴포천,21832,10726,11106
2025-04-28,부평구청,15041,7737,7304
2025-04-28,산곡,23864,12463,11401
2025-04-28,석남(거북시장),16513,8937,7576
2025-04-29,까치울,16162,8295,7867
2025-04-29,부천종합운동장,6732,3374,3358
2025-04-29,춘의,23484,11851,11633
2025-04-29,신중동,35910,17860,18050
2025-04-29,부천시청,32492,16210,16282
2025-04-29,상동,34277,16865,17412
2025-04-29,삼산체육관,14548,7639,6909
2025-04-29,굴포천,21890,10851,11039
2025-04-29,부평구청,15513,8015,7498
2025-04-29,산곡,24256,12637,11619
2025-04-29,석남(거북시장),16979,9125,7854
2025-04-30,까치울,16396,8385,8011
2025-04-30,부천종합운동장,6883,3466,3417
2025-04-30,춘의,23912,12070,11842
2025-04-30,신중동,37970,18620,19350
2025-04-30,부천시청,33384,16676,16708
2025-04-30,상동,35070,17136,17934
2025-04-30,삼산체육관,14355,7642,6713
2025-04-30,굴포천,22513,11090,11423
2025-04-30,부평구청,15914,8167,7747
2025-04-30,산곡,24217,12733,11484
2025-04-30,석남(거북시장),17493,9408,8085
2025-05-01,까치울,9214,4621,4593
2025-05-01,부천종합운동장,3087,1564,1523
2025-05-01,춘의,10808,5478,5330
2025-05-01,신중동,21496,10741,10755
2025-05-01,부천시청,20869,10452,10417
2025-05-01,상동,22962,11312,11650
2025-05-01,삼산체육관,8007,4209,3798
2025-05-01,굴포천,13026,6400,6626
2025-05-01,부평구청,9134,4610,4524
2025-05-01,산곡,12961,6602,6359
2025-05-01,석남(거북시장),10227,5371,4856
2025-05-02,까치울,14555,7429,7126
2025-05-02,부천종합운동장,5825,2933,2892
2025-05-02,춘의,19141,9749,9392
2025-05-02,신중동,33681,16539,17142
2025-05-02,부천시청,31729,15824,15905
2025-05-02,상동,33166,16099,17067
2025-05-02,삼산체육관,12918,6792,6126
2025-05-02,굴포천,20426,9970,10456
2025-05-02,부평구청,14470,7495,6975
2025-05-02,산곡,22335,11578,10757
2025-05-02,석남(거북시장),15732,8366,7366
2025-05-03,까치울,9556,4875,4681
2025-05-03,부천종합운동장,3397,1688,1709
2025-05-03,춘의,9814,5083,4731
2025-05-03,신중동,21413,10680,10733
2025-05-03,부천시청,22112,11077,11035
2025-05-03,상동,24465,12231,12234
2025-05-03,삼산체육관,8349,4320,4029
2025-05-03,굴포천,13636,6721,6915
2025-05-03,부평구청,8854,4653,4201
2025-05-03,산곡,12737,6540,6197
2025-05-03,석남(거북시장),11171,5833,5338
2025-05-04,까치울,10296,5174,5122
2025-05-04,부천종합운동장,4791,2371,2420
2025-05-04,춘의,8698,4582,4116
2025-05-04,신중동,18187,9138,9049
2025-05-04,부천시청,18851,9397,9454
2025-05-04,상동,20006,10180,9826
2025-05-04,삼산체육관,9558,4350,5208
2025-05-04,굴포천,11971,5930,6041
2025-05-04,부평구청,7843,4067,3776
2025-05-04,산곡,10981,5656,5325
2025-05-04,석남(거북시장),9803,5093,4710
2025-05-05,까치울,8551,4300,4251
2025-05-05,부천종합운동장,5189,2647,2542
2025-05-05,춘의,8297,4286,4011
2025-05-05,신중동,16829,8295,8534
2025-05-05,부천시청,18595,9269,9326
2025-05-05,상동,18569,9290,9279
2025-05-05,삼산체육관,7023,3687,3336
2025-05-05,굴포천,11095,5528,5567
2025-05-05,부평구청,7072,3698,3374
2025-05-05,산곡,10482,5426,5056
2025-05-05,석남(거북시장),8839,4622,4217
2025-05-06,까치울,9874,4948,4926
2025-05-06,부천종합운동장,3404,1686,1718
2025-05-06,춘의,9078,4564,4514
2025-05-06,신중동,17504,8833,8671
2025-05-06,부천시청,18868,9513,9355
2025-05-06,상동,19763,9997,9766
2025-05-06,삼산체육관,7084,3756,3328
2025-05-06,굴포천,11502,5727,5775
2025-05-06,부평구청,7658,4055,3603
2025-05-06,산곡,10956,5623,5333
2025-05-06,석남(거북시장),9263,4921,4342
2025-05-07,까치울,15259,7764,7495
2025-05-07,부천종합운동장,6624,3279,3345
2025-05-07,춘의,23635,11861,11774
2025-05-07,신중동,35954,17924,18030
2025-05-07,부천시청,31372,15737,15635
2025-05-07,상동,33265,16371,16894
2025-05-07,삼산체육관,14316,7594,6722
2025-05-07,굴포천,21773,10699,11074
2025-05-07,부평구청,15713,8096,7617
2025-05-07,산곡,24193,12499,11694
2025-05-07,석남(거북시장),16719,9016,7703
2025-05-08,까치울,16185,8157,8028
2025-05-08,부천종합운동장,6674,3398,3276
2025-05-08,춘의,24270,12210,12060
2025-05-08,신중동,36266,17910,18356
2025-05-08,부천시청,32304,16106,16198
2025-05-08,상동,33722,16536,17186
2025-05-08,삼산체육관,14457,7552,6905
2025-05-08,굴포천,21930,10765,11165
2025-05-08,부평구청,15517,8014,7503
2025-05-08,산곡,24067,12454,11613
2025-05-08,석남(거북시장),16649,8903,7746
2025-05-09,까치울,14065,7168,6897
2025-05-09,부천종합운동장,6855,3417,3438
2025-05-09,춘의,23445,11897,11548
2025-05-09,신중동,36126,17768,18358
2025-05-09,부천시청,32162,15937,16225
2025-05-09,상동,33629,16275,17354
2025-05-09,삼산체육관,13819,7252,6567
2025-05-09,굴포천,21666,10538,11128
2025-05-09,부평구청,15527,8034,7493
2025-05-09,산곡,22826,11855,10971
2025-05-09,석남(거북시장),16270,8691,7579
2025-05-10,까치울,10075,5129,4946
2025-05-10,부천종합운동장,3273,1632,1641
2025-05-10,춘의,10719,5593,5126
2025-05-10,신중동,22989,11414,11575
2025-05-10,부천시청,23765,12030,11735
2025-05-10,상동,26963,13390,13573
2025-05-10,삼산체육관,8666,4506,4160
2025-05-10,굴포천,14826,7268,7558
2025-05-10,부평구청,9590,5044,4546
2025-05-10,산곡,13353,6853,6500
2025-05-10,석남(거북시장),11294,5870,5424
2025-05-11,까치울,9407,4735,4672
2025-05-11,부천종합운동장,3601,1791,1810
2025-05-11,춘의,8608,4365,4243
2025-05-11,신중동,18262,9185,9077
2025-05-11,부천시청,17266,8794,8472
2025-05-11,상동,18847,9584,9263
2025-05-11,삼산체육관,7409,3811,3598
2025-05-11,굴포천,11234,5626,5608
2025-05-11,부평구청,7783,4133,3650
2025-05-11,산곡,10740,5463,5277
2025-05-11,석남(거북시장),9529,5131,4398
2025-05-12,까치울,14858,7520,7338
2025-05-12,부천종합운동장,6595,3398,3197
2025-05-12,춘의,23602,11872,11730
2025-05-12,신중동,35713,17688,18025
2025-05-12,부천시청,31481,15781,15700
2025-05-12,상동,32570,15996,16574
2025-05-12,삼산체육관,13995,7405,6590
2025-05-12,굴포천,21442,10642,10800
2025-05-12,부평구청,15376,7868,7508
2025-05-12,산곡,24100,12464,11636
2025-05-12,석남(거북시장),16848,9109,7739
2025-05-13,까치울,15837,8095,7742
2025-05-13,부천종합운동장,6609,3360,3249
2025-05-13,춘의,23927,12034,11893
2025-05-13,신중동,37190,18427,18763
2025-05-13,부천시청,32846,16410,16436
2025-05-13,상동,33975,16739,17236
2025-05-13,삼산체육관,14593,7641,6952
2025-05-13,굴포천,21534,10586,10948
2025-05-13,부평구청,16079,8305,7774
2025-05-13,산곡,24445,12725,11720
2025-05-13,석남(거북시장),16938,9168,7770
2025-05-14,까치울,15855,8111,7744
2025-05-14,부천종합운동장,7306,3621,3685
2025-05-14,춘의,24153,12212,11941
2025-05-14,신중동,36506,18060,18446
2025-05-14,부천시청,33219,16577,16642
2025-05-14,상동,33823,16615,17208
2025-05-14,삼산체육관,14923,7921,7002
2025-05-14,굴포천,22209,10928,11281
2025-05-14,부평구청,16106,8355,7751
2025-05-14,산곡,24440,12676,11764
2025-05-14,석남(거북시장),17182,9213,7969
2025-05-15,까치울,15301,7767,7534
2025-05-15,부천종합운동장,6478,3231,3247
2025-05-15,춘의,23561,11853,11708
2025-05-15,신중동,35535,17695,17840
2025-05-15,부천시청,32068,15952,16116
2025-05-15,상동,32867,16129,16738
2025-05-15,삼산체육관,14303,7509,6794
2025-05-15,굴포천,21514,10684,10830
2025-05-15,부평구청,15518,8036,7482
2025-05-15,산곡,23974,12370,11604
2025-05-15,석남(거북시장),16622,8899,7723
2025-05-16,까치울,14574,7448,7126
2025-05-16,부천종합운동장,6128,3097,3031
2025-05-16,춘의,22961,11631,11330
2025-05-16,신중동,36633,18038,18595
2025-05-16,부천시청,32649,16151,16498
2025-05-16,상동,33891,16513,17378
2025-05-16,삼산체육관,14881,7765,7116
2025-05-16,굴포천,21946,10801,11145
2025-05-16,부평구청,15236,7822,7414
2025-05-16,산곡,23411,12157,11254
2025-05-16,석남(거북시장),16707,8867,7840
2025-05-17,까치울,12457,6351,6106
2025-05-17,부천종합운동장,5558,2753,2805
2025-05-17,춘의,11813,6091,5722
2025-05-17,신중동,25101,12509,12592
2025-05-17,부천시청,25586,12813,12773
2025-05-17,상동,29221,14429,14792
2025-05-17,삼산체육관,12244,6280,5964
2025-05-17,굴포천,16412,8039,8373
2025-05-17,부평구청,10567,5576,4991
2025-05-17,산곡,14721,7576,7145
2025-05-17,석남(거북시장),12204,6435,5769
2025-05-18,까치울,9666,4897,4769
2025-05-18,부천종합운동장,3566,1780,1786
2025-05-18,춘의,9386,4810,4576
2025-05-18,신중동,17612,8835,8777
2025-05-18,부천시청,17911,9065,8846
2025-05-18,상동,19856,10173,9683
2025-05-18,삼산체육관,9873,5029,4844
2025-05-18,굴포천,11936,5988,5948
2025-05-18,부평구청,7856,4113,3743
2025-05-18,산곡,10859,5491,5368
2025-05-18,석남(거북시장),9754,5237,4517
2025-05-19,까치울,14230,7248,6982
2025-05-19,부천종합운동장,6464,3283,3181
2025-05-19,춘의,23454,11780,11674
2025-05-19,신중동,33793,16734,17059
2025-05-19,부천시청,29194,14654,14540
2025-05-19,상동,31813,15597,16216
2025-05-19,삼산체육관,13542,7124,6418
2025-05-19,굴포천,20725,10282,10443
2025-05-19,부평구청,14537,7504,7033
2025-05-19,산곡,23212,12039,11173
2025-05-19,석남(거북시장),16510,8891,7619
2025-05-20,까치울,15915,8128,7787
2025-05-20,부천종합운동장,6712,3423,3289
2025-05-20,춘의,23842,11938,11904
2025-05-20,신중동,35612,17679,17933
2025-05-20,부천시청,31951,15878,16073
2025-05-20,상동,32802,16076,16726
2025-05-20,삼산체육관,14033,7379,6654
2025-05-20,굴포천,21252,10484,10768
2025-05-20,부평구청,15661,8095,7566
2025-05-20,산곡,23963,12498,11465
2025-05-20,석남(거북시장),16731,8982,7749
2025-05-21,까치울,15639,7999,7640
2025-05-21,부천종합운동장,6634,3318,3316
2025-05-21,춘의,24217,12269,11948
2025-05-21,신중동,36014,17805,18209
2025-05-21,부천시청,32193,16124,16069
2025-05-21,상동,33403,16472,16931
2025-05-21,삼산체육관,14343,7547,6796
2025-05-21,굴포천,21710,10682,11028
2025-05-21,부평구청,15636,7974,7662
2025-05-21,산곡,23902,12468,11434
2025-05-21,석남(거북시장),16877,8975,7902
2025-05-22,까치울,15876,8136,7740
2025-05-22,부천종합운동장,6758,3362,3396
2025-05-22,춘의,24010,11974,12036
2025-05-22,신중동,35893,17768,18125
2025-05-22,부천시청,34005,17030,16975
2025-05-22,상동,33557,16426,17131
2025-05-22,삼산체육관,14721,7599,7122
2025-05-22,굴포천,21421,10570,10851
2025-05-22,부평구청,15887,8134,7753
2025-05-22,산곡,23886,12375,11511
2025-05-22,석남(거북시장),17133,9112,8021
2025-05-23,까치울,16793,8607,8186
2025-05-23,부천종합운동장,6810,3413,3397
2025-05-23,춘의,24139,12150,11989
2025-05-23,신중동,37240,18106,19134
2025-05-23,부천시청,34894,17310,17584
2025-05-23,상동,35900,17488,18412
2025-05-23,삼산체육관,14342,7587,6755
2025-05-23,굴포천,22365,10921,11444
2025-05-23,부평구청,15714,8077,7637
2025-05-23,산곡,23996,12480,11516
2025-05-23,석남(거북시장),17422,9245,8177
2025-05-24,까치울,12148,6246,5902
2025-05-24,부천종합운동장,4595,2314,2281
2025-05-24,춘의,13787,6981,6806
2025-05-24,신중동,25100,12316,12784
2025-05-24,부천시청,25112,12669,12443
2025-05-24,상동,29039,14419,14620
2025-05-24,삼산체육관,9839,5083,4756
2025-05-24,굴포천,15786,7871,7915
2025-05-24,부평구청,10521,5565,4956
2025-05-24,산곡,15048,7833,7215
2025-05-24,석남(거북시장),12481,6528,5953
2025-05-25,까치울,10608,5450,5158
2025-05-25,부천종합운동장,4234,2057,2177
2025-05-25,춘의,12323,6205,6118
2025-05-25,신중동,17841,8930,8911
2025-05-25,부천시청,17040,8673,8367
2025-05-25,상동,20189,10197,9992
2025-05-25,삼산체육관,7245,3726,3519
2025-05-25,굴포천,11643,5766,5877
2025-05-25,부평구청,7875,4159,3716
2025-05-25,산곡,10806,5515,5291
2025-05-25,석남(거북시장),9729,5246,4483
2025-05-26,까치울,14879,7621,7258
2025-05-26,부천종합운동장,6937,3504,3433
2025-05-26,춘의,25097,12575,12522
2025-05-26,신중동,34876,17381,17495
2025-05-26,부천시청,31106,15459,15647
2025-05-26,상동,32711,16024,16687
2025-05-26,삼산체육관,13791,7293,6498
2025-05-26,굴포천,21285,10561,10724
2025-05-26,부평구청,15482,7928,7554
2025-05-26,산곡,23950,12438,11512
2025-05-26,석남(거북시장),17225,9299,7926
2025-05-27,까치울,16109,8230,7879
2025-05-27,부천종합운동장,6979,3507,3472
2025-05-27,춘의,25433,12683,12750
2025-05-27,신중동,36060,17929,18131
2025-05-27,부천시청,31973,15908,16065
2025-05-27,상동,33198,16300,16898
2025-05-27,삼산체육관,14250,7486,6764
2025-05-27,굴포천,21768,10698,11070
2025-05-27,부평구청,15932,8173,7759
2025-05-27,산곡,24192,12553,11639
2025-05-27,석남(거북시장),17558,9389,8169
2025-05-28,까치울,15946,8131,7815
2025-05-28,부천종합운동장,6837,3356,3481
2025-05-28,춘의,25505,12731,12774
2025-05-28,신중동,36012,17912,18100
2025-05-28,부천시청,32171,16123,16048
2025-05-28,상동,33246,16342,16904
2025-05-28,삼산체육관,14168,7470,6698
2025-05-28,굴포천,21776,10780,10996
2025-05-28,부평구청,15686,8028,7658
2025-05-28,산곡,24197,12500,11697
2025-05-28,석남(거북시장),17516,9339,8177
2025-05-29,까치울,16261,8242,8019
2025-05-29,부천종합운동장,6666,3230,3436
2025-05-29,춘의,25799,12982,12817
2025-05-29,신중동,35768,17768,18000
2025-05-29,부천시청,31984,15917,16067
2025-05-29,상동,33647,16507,17140
2025-05-29,삼산체육관,14255,7455,6800
2025-05-29,굴포천,21362,10483,10879
2025-05-29,부평구청,16066,8267,7799
2025-05-29,산곡,24210,12540,11670
2025-05-29,석남(거북시장),16992,9135,7857
2025-05-30,까치울,15975,8219,7756
2025-05-30,부천종합운동장,6616,3219,3397
2025-05-30,춘의,25312,12702,12610
2025-05-30,신중동,37360,18234,19126
2025-05-30,부천시청,33007,16249,16758
2025-05-30,상동,34394,16766,17628
2025-05-30,삼산체육관,13951,7360,6591
2025-05-30,굴포천,21786,10641,11145
2025-05-30,부평구청,15950,8168,7782
2025-05-30,산곡,24088,12565,11523
2025-05-30,석남(거북시장),17767,9465,8302
2025-05-31,까치울,12399,6360,6039
2025-05-31,부천종합운동장,5733,2770,2963
2025-05-31,춘의,16121,8098,8023
2025-05-31,신중동,25420,12420,13000
2025-05-31,부천시청,24884,12523,12361
2025-05-31,상동,28584,14165,14419
2025-05-31,삼산체육관,10299,5393,4906
2025-05-31,굴포천,15165,7556,7609
2025-05-31,부평구청,10806,5685,5121
2025-05-31,산곡,14816,7708,7108
2025-05-31,석남(거북시장),12801,6750,6051
2025-06-01,까치울,9490,4887,4603
2025-06-01,부천종합운동장,3560,1701,1859
2025-06-01,춘의,12901,6495,6406
2025-06-01,신중동,17235,8757,8478
2025-06-01,부천시청,17135,8575,8560
2025-06-01,상동,18994,9589,9405
2025-06-01,삼산체육관,6737,3499,3238
2025-06-01,굴포천,10918,5435,5483
2025-06-01,부평구청,7447,3945,3502
2025-06-01,산곡,10180,5155,5025
2025-06-01,석남(거북시장),9309,4930,4379
2025-06-02,까치울,14520,7522,6998
2025-06-02,부천종합운동장,6279,3101,3178
2025-06-02,춘의,23978,12067,11911
2025-06-02,신중동,34946,17195,17751
2025-06-02,부천시청,30529,15164,15365
2025-06-02,상동,31786,15545,16241
2025-06-02,삼산체육관,13113,6971,6142
2025-06-02,굴포천,20486,10097,10389
2025-06-02,부평구청,14803,7666,7137
2025-06-02,산곡,23398,12185,11213
2025-06-02,석남(거북시장),17060,9154,7906
2025-06-03,까치울,12135,6198,5937
2025-06-03,부천종합운동장,3824,1865,1959
2025-06-03,춘의,13388,6663,6725
2025-06-03,신중동,19273,9727,9546
2025-06-03,부천시청,19173,9663,9510
2025-06-03,상동,20429,10262,10167
2025-06-03,삼산체육관,7678,3947,3731
2025-06-03,굴포천,12296,6104,6192
2025-06-03,부평구청,8381,4330,4051
2025-06-03,산곡,11999,6110,5889
2025-06-03,석남(거북시장),10227,5434,4793
2025-06-04,까치울,15734,8088,7646
2025-06-04,부천종합운동장,6310,3111,3199
2025-06-04,춘의,24848,12481,12367
2025-06-04,신중동,35345,17529,17816
2025-06-04,부천시청,31320,15694,15626
2025-06-04,상동,32744,16094,16650
2025-06-04,삼산체육관,14022,7441,6581
2025-06-04,굴포천,21447,10636,10811
2025-06-04,부평구청,15485,7963,7522
2025-06-04,산곡,24047,12482,11565
2025-06-04,석남(거북시장),17123,9223,7900
2025-06-05,까치울,16348,8401,7947
2025-06-05,부천종합운동장,6403,3112,3291
2025-06-05,춘의,24654,12420,12234
2025-06-05,신중동,36819,17990,18829
2025-06-05,부천시청,32565,16177,16388
2025-06-05,상동,34176,16650,17526
2025-06-05,삼산체육관,15103,8041,7062
2025-06-05,굴포천,22270,10905,11365
2025-06-05,부평구청,15763,8108,7655
2025-06-05,산곡,24182,12562,11620
2025-06-05,석남(거북시장),17738,9424,8314
2025-06-06,까치울,12631,6450,6181
2025-06-06,부천종합운동장,3958,1939,2019
2025-06-06,춘의,12701,6536,6165
2025-06-06,신중동,20385,10069,10316
2025-06-06,부천시청,21456,10872,10584
2025-06-06,상동,21361,10526,10835
2025-06-06,삼산체육관,8036,4292,3744
2025-06-06,굴포천,12813,6312,6501
2025-06-06,부평구청,8723,4581,4142
2025-06-06,산곡,12558,6491,6067
2025-06-06,석남(거북시장),11022,5818,5204
2025-06-07,까치울,11849,6015,5834
2025-06-07,부천종합운동장,3911,1894,2017
2025-06-07,춘의,11888,6104,5784
2025-06-07,신중동,22231,10891,11340
2025-06-07,부천시청,22721,11367,11354
2025-06-07,상동,24490,12261,12229
2025-06-07,삼산체육관,8549,4457,4092
2025-06-07,굴포천,13464,6636,6828
2025-06-07,부평구청,9248,4832,4416
2025-06-07,산곡,12805,6600,6205
2025-06-07,석남(거북시장),11298,5899,5399
2025-06-08,까치울,9498,4845,4653
2025-06-08,부천종합운동장,3243,1494,1749
2025-06-08,춘의,9241,4655,4586
2025-06-08,신중동,15867,7960,7907
2025-06-08,부천시청,15673,7858,7815
2025-06-08,상동,16663,8465,8198
2025-06-08,삼산체육관,6228,3222,3006
2025-06-08,굴포천,9891,5026,4865
2025-06-08,부평구청,6801,3608,3193
2025-06-08,산곡,9770,4918,4852
2025-06-08,석남(거북시장),9124,4820,4304
2025-06-09,까치울,14540,7393,7147
2025-06-09,부천종합운동장,6263,3083,3180
2025-06-09,춘의,23680,11944,11736
2025-06-09,신중동,34181,16911,17270
2025-06-09,부천시청,30488,15235,15253
2025-06-09,상동,31887,15717,16170
2025-06-09,삼산체육관,13488,7085,6403
2025-06-09,굴포천,21043,10408,10635
2025-06-09,부평구청,15232,7815,7417
2025-06-09,산곡,23509,12174,11335
2025-06-09,석남(거북시장),16821,9035,7786
2025-06-10,까치울,15541,7914,7627
2025-06-10,부천종합운동장,6597,3264,3333
2025-06-10,춘의,24288,12222,12066
2025-06-10,신중동,36527,18052,18475
2025-06-10,부천시청,31793,15870,15923
2025-06-10,상동,32996,16123,16873
2025-06-10,삼산체육관,13922,7361,6561
2025-06-10,굴포천,21513,10576,10937
2025-06-10,부평구청,15455,7957,7498
2025-06-10,산곡,23954,12402,11552
2025-06-10,석남(거북시장),16912,9058,7854
2025-06-11,까치울,15495,7867,7628
2025-06-11,부천종합운동장,6390,3131,3259
2025-06-11,춘의,24082,12145,11937
2025-06-11,신중동,36476,18018,18458
2025-06-11,부천시청,32131,16081,16050
2025-06-11,상동,33679,16546,17133
2025-06-11,삼산체육관,14077,7380,6697
2025-06-11,굴포천,21643,10651,10992
2025-06-11,부평구청,15890,8186,7704
2025-06-11,산곡,24182,12476,11706
2025-06-11,석남(거북시장),17019,9071,7948
2025-06-12,까치울,15475,7860,7615
2025-06-12,부천종합운동장,6601,3289,3312
2025-06-12,춘의,23993,12109,11884
2025-06-12,신중동,35772,17831,17941
2025-06-12,부천시청,31933,15926,16007
2025-06-12,상동,33538,16381,17157
2025-06-12,삼산체육관,13948,7344,6604
2025-06-12,굴포천,21772,10654,11118
2025-06-12,부평구청,15426,7908,7518
2025-06-12,산곡,23937,12277,11660
2025-06-12,석남(거북시장),16965,8968,7997
2025-06-13,까치울,15131,7711,7420
2025-06-13,부천종합운동장,6370,3187,3183
2025-06-13,춘의,23518,11929,11589
2025-06-13,신중동,37644,18447,19197
2025-06-13,부천시청,33260,16424,16836
2025-06-13,상동,34661,16898,17763
2025-06-13,삼산체육관,14046,7349,6697
2025-06-13,굴포천,22069,10782,11287
2025-06-13,부평구청,15863,8150,7713
2025-06-13,산곡,23683,12287,11396
2025-06-13,석남(거북시장),17380,9187,8193
2025-06-14,까치울,12424,6306,6118
2025-06-14,부천종합운동장,5683,2778,2905
2025-06-14,춘의,11564,6058,5506
2025-06-14,신중동,25924,12762,13162
2025-06-14,부천시청,25664,12974,12690
2025-06-14,상동,28819,14326,14493
2025-06-14,삼산체육관,9707,5004,4703
2025-06-14,굴포천,16119,8013,8106
2025-06-14,부평구청,10436,5540,4896
2025-06-14,산곡,14291,7385,6906
2025-06-14,석남(거북시장),12661,6730,5931
2025-06-15,까치울,8744,4416,4328
2025-06-15,부천종합운동장,2919,1387,1532
2025-06-15,춘의,8615,4363,4252
2025-06-15,신중동,16440,8197,8243
2025-06-15,부천시청,16658,8364,8294
2025-06-15,상동,18603,9470,9133
2025-06-15,삼산체육관,6473,3349,3124
2025-06-15,굴포천,10703,5326,5377
2025-06-15,부평구청,7090,3741,3349
2025-06-15,산곡,9798,4989,4809
2025-06-15,석남(거북시장),9050,4854,4196
2025-06-16,까치울,13632,6930,6702
2025-06-16,부천종합운동장,5851,2950,2901
2025-06-16,춘의,22934,11508,11426
2025-06-16,신중동,33983,16882,17101
2025-06-16,부천시청,28439,14315,14124
2025-06-16,상동,31313,15300,16013
2025-06-16,삼산체육관,13126,6913,6213
2025-06-16,굴포천,20282,10073,10209
2025-06-16,부평구청,14442,7454,6988
2025-06-16,산곡,22847,11890,10957
2025-06-16,석남(거북시장),16395,8801,7594
2025-06-17,까치울,15110,7692,7418
2025-06-17,부천종합운동장,6395,3130,3265
2025-06-17,춘의,23753,11940,11813
2025-06-17,신중동,35845,17910,17935
2025-06-17,부천시청,31682,15693,15989
2025-06-17,상동,32614,16015,16599
2025-06-17,삼산체육관,13947,7265,6682
2025-06-17,굴포천,21437,10606,10831
2025-06-17,부평구청,15710,8063,7647
2025-06-17,산곡,23739,12329,11410
2025-06-17,석남(거북시장),16407,8817,7590
2025-06-18,까치울,15109,7638,7471
2025-06-18,부천종합운동장,6505,3222,3283
2025-06-18,춘의,23885,12048,11837
2025-06-18,신중동,36066,17872,18194
2025-06-18,부천시청,32231,16043,16188
2025-06-18,상동,33027,16239,16788
2025-06-18,삼산체육관,14077,7351,6726
2025-06-18,굴포천,21664,10639,11025
2025-06-18,부평구청,15561,8011,7550
2025-06-18,산곡,23452,12091,11361
2025-06-18,석남(거북시장),16793,8976,7817
2025-06-19,까치울,14989,7580,7409
2025-06-19,부천종합운동장,6929,3465,3464
2025-06-19,춘의,23567,11785,11782
2025-06-19,신중동,35537,17642,17895
2025-06-19,부천시청,32131,16009,16122
2025-06-19,상동,33091,16186,16905
2025-06-19,삼산체육관,13962,7346,6616
2025-06-19,굴포천,21227,10390,10837
2025-06-19,부평구청,15428,7992,7436
2025-06-19,산곡,23277,12101,11176
2025-06-19,석남(거북시장),16550,8735,7815
2025-06-20,까치울,13042,6678,6364
2025-06-20,부천종합운동장,5421,2719,2702
2025-06-20,춘의,22093,11175,10918
2025-06-20,신중동,33652,16524,17128
2025-06-20,부천시청,30661,15178,15483
2025-06-20,상동,31431,15280,16151
2025-06-20,삼산체육관,12646,6628,6018
2025-06-20,굴포천,20081,9814,10267
2025-06-20,부평구청,13967,7187,6780
2025-06-20,산곡,21198,11040,10158
2025-06-20,석남(거북시장),15552,8323,7229
2025-06-21,까치울,11290,5683,5607
2025-06-21,부천종합운동장,3894,1855,2039
2025-06-21,춘의,11071,5776,5295
2025-06-21,신중동,24703,12090,12613
2025-06-21,부천시청,24060,12121,11939
2025-06-21,상동,27780,13641,14139
2025-06-21,삼산체육관,9443,4908,4535
2025-06-21,굴포천,14888,7413,7475
2025-06-21,부평구청,10434,5509,4925
2025-06-21,산곡,14155,7332,6823
2025-06-21,석남(거북시장),12181,6370,5811
2025-06-22,까치울,9036,4597,4439
2025-06-22,부천종합운동장,3127,1491,1636
2025-06-22,춘의,8732,4510,4222
2025-06-22,신중동,17058,8535,8523
2025-06-22,부천시청,17039,8578,8461
2025-06-22,상동,17960,9157,8803
2025-06-22,삼산체육관,6671,3494,3177
2025-06-22,굴포천,10644,5282,5362
2025-06-22,부평구청,7534,3932,3602
2025-06-22,산곡,10255,5227,5028
2025-06-22,석남(거북시장),9391,5047,4344
2025-06-23,까치울,14015,7119,6896
2025-06-23,부천종합운동장,6216,3118,3098
2025-06-23,춘의,23130,11633,11497
2025-06-23,신중동,34922,17402,17520
2025-06-23,부천시청,31021,15525,15496
2025-06-23,상동,31602,15531,16071
2025-06-23,삼산체육관,13524,7084,6440
2025-06-23,굴포천,20729,10177,10552
2025-06-23,부평구청,14771,7643,7128
2025-06-23,산곡,23007,11925,11082
2025-06-23,석남(거북시장),16478,8795,7683
2025-06-24,까치울,14747,7540,7207
2025-06-24,부천종합운동장,6372,3104,3268
2025-06-24,춘의,23548,11881,11667
2025-06-24,신중동,35117,17413,17704
2025-06-24,부천시청,31361,15677,15684
2025-06-24,상동,32121,15806,16315
2025-06-24,삼산체육관,13526,7075,6451
2025-06-24,굴포천,20819,10245,10574
2025-06-24,부평구청,15358,7903,7455
2025-06-24,산곡,23103,11923,11180
2025-06-24,석남(거북시장),16254,8693,7561
2025-06-25,까치울,13882,7095,6787
2025-06-25,부천종합운동장,5858,2920,2938
2025-06-25,춘의,22980,11557,11423
2025-06-25,신중동,34630,17199,17431
2025-06-25,부천시청,31121,15533,15588
2025-06-25,상동,32699,16062,16637
2025-06-25,삼산체육관,13546,7088,6458
2025-06-25,굴포천,21036,10296,10740
2025-06-25,부평구청,15010,7703,7307
2025-06-25,산곡,22575,11644,10931
2025-06-25,석남(거북시장),16089,8615,7474
2025-06-26,까치울,14981,7663,7318
2025-06-26,부천종합운동장,6552,3252,3300
2025-06-26,춘의,23823,11968,11855
2025-06-26,신중동,35392,17622,17770
2025-06-26,부천시청,31714,15840,15874
2025-06-26,상동,33016,16352,16664
2025-06-26,삼산체육관,13830,7206,6624
2025-06-26,굴포천,21898,10695,11203
2025-06-26,부평구청,15310,7797,7513
2025-06-26,산곡,23249,12128,11121
2025-06-26,석남(거북시장),16297,8773,7524
2025-06-27,까치울,14979,7669,7310
2025-06-27,부천종합운동장,6221,3058,3163
2025-06-27,춘의,23988,12154,11834
2025-06-27,신중동,37316,18244,19072
2025-06-27,부천시청,33643,16755,16888
2025-06-27,상동,34423,16800,17623
2025-06-27,삼산체육관,14098,7441,6657
2025-06-27,굴포천,21877,10775,11102
2025-06-27,부평구청,15691,8084,7607
2025-06-27,산곡,23390,12182,11208
2025-06-27,석남(거북시장),17156,9104,8052
2025-06-28,까치울,11121,5682,5439
2025-06-28,부천종합운동장,4453,2201,2252
2025-06-28,춘의,11215,5783,5432
2025-06-28,신중동,24208,12005,12203
2025-06-28,부천시청,23832,11924,11908
2025-06-28,상동,27241,13587,13654
2025-06-28,삼산체육관,9432,4865,4567
2025-06-28,굴포천,15041,7454,7587
2025-06-28,부평구청,10104,5293,4811
2025-06-28,산곡,13762,7146,6616
2025-06-28,석남(거북시장),12501,6442,6059
2025-06-29,까치울,8457,4214,4243
2025-06-29,부천종합운동장,2972,1455,1517
2025-06-29,춘의,8055,4154,3901
2025-06-29,신중동,16374,8194,8180
2025-06-29,부천시청,16748,8519,8229
2025-06-29,상동,18319,9206,9113
2025-06-29,삼산체육관,6447,3282,3165
2025-06-29,굴포천,10603,5278,5325
2025-06-29,부평구청,7414,3900,3514
2025-06-29,산곡,9930,5033,4897
2025-06-29,석남(거북시장),9258,4913,4345
2025-06-30,까치울,13791,6995,6796
2025-06-30,부천종합운동장,6068,3039,3029
2025-06-30,춘의,22720,11410,11310
2025-06-30,신중동,33974,16963,17011
2025-06-30,부천시청,30705,15402,15303
2025-06-30,상동,31409,15394,16015
2025-06-30,삼산체육관,13103,6885,6218
2025-06-30,굴포천,20474,10086,10388
2025-06-30,부평구청,14541,7491,7050
2025-06-30,산곡,22238,11523,10715
2025-06-30,석남(거북시장),16091,8712,7379
