node_id,역번호,역사명,노선번호,노선명,운영기관명,역위도,역경도,환승역구분,환승노선명,역사도로명주소
I11D1|D004,D004,신사,I11D1,신분당선,경기도 신분당선,37.5161252633129,127.019760916726,도시철도 환승역,수도권 광역철도 신분당선,서울특별시 강남구 강남대로 620-2
I11D1|D005,D005,논현,I11D1,신분당선,경기도 신분당선,37.5111153846379,127.021365807131,도시철도 환승역,수도권 광역철도 신분당선,서울특별시 강남구 강남대로 492-2
I11D1|D006,D006,신논현,I11D1,신분당선,경기도 신분당선,37.504555429592,127.024530640799,도시철도 환승역,수도권 광역철도 신분당선,서울특별시 강남구 강남대로 302-2
I11D1|D007,D007,강남,I11D1,신분당선,경기도 신분당선,37.4973854397871,127.02787893753,도시철도 환승역,수도권 광역철도 신분당선,서울특별시 강남구 강남대로 지하 396
I11D1|D008,D008,양재(서초구청),I11D1,신분당선,경기도 신분당선,37.4844535239588,127.034099452522,도시철도 환승역,수도권 광역철도 신분당선,서울시 서초구 남부순환로 지하 2585
I11D1|D009,D009,양재시민의숲(매헌),I11D1,신분당선,경기도 신분당선,37.4709638768813,127.038420263319,도시철도 일반역,,서울특별시 서초구 매헌로 지하 116
I11D1|D010,D010,청계산입구,I11D1,신분당선,경기도 신분당선,37.4487148450701,127.054339616958,도시철도 일반역,,서울특별시 서초구 청계산로 지하 179
I11D1|D011,D011,판교,I11D1,신분당선,경기도 신분당선,37.3957147534829,127.111210738619,도시철도 환승역,수도권 광역철도 신분당선,경기도 성남시 분당구 판교역로 지하 160
I11D1|D012,D012,정자,I11D1,신분당선,경기도 신분당선,37.3682101915529,127.108385905864,도시철도 환승역,수도권 광역철도 신분당선,경기도 성남시 분당구 성남대로 지하 333 
I11D1|D013,D013,미금,I11D1,신분당선,경기도 신분당선,37.3511833209472,127.108902778591,도시철도 환승역,수도권 광역철도 신분당선,경기도 성남시 성남대로 지하 163 (금곡동)
I11D1|D014,D014,동천,I11D1,신분당선,경기도 신분당선,37.3386841329961,127.102793673668,도시철도 일반역,,경기도 용인시 수지구 신수로 지하760
I11D1|D015,D015,수지구청,I11D1,신분당선,경기도 신분당선,37.3230089609191,127.095581285703,도시철도 일반역,,경기도 용인시 수지구 풍덕천로 지하120 
I11D1|D016,D016,성복,I11D1,신분당선,경기도 신분당선,37.3140425091456,127.080757826931,도시철도 일반역,,경기도 용인시 수지구 수지로 지하134
I11D1|D017,D017,상현,I11D1,신분당선,경기도 신분당선,37.2986852587224,127.06957991138,도시철도 일반역,,경기도 용인시 수지구 광교중앙로 지하312
I11D1|D018,D018,광교중앙(아주대),I11D1,신분당선,경기도 신분당선,37.2877375194967,127.052625032841,도시철도 일반역,,경기도 수원시 영통구 도청로 지하45
I11D1|D019,D019,광교(경기대),I11D1,신분당선,경기도 신분당선,37.3017347422146,127.044856131638,도시철도 일반역,,경기도 수원시 영통구 대학로 55 신분당선 광교역
L41E1|Y110,Y110,기흥(백남준아트센터),L41E1,에버라인,경기도 용인경전철,37.27545288,127.1170465,환승역,수도권  경량도시철도 에버라인,경기도 용인시 기흥구 중부대로 460
L41E1|Y111,Y111,강남대,L41E1,에버라인,경기도 용인경전철,37.27017073,127.1260669,일반역,수도권  경량도시철도 에버라인,경기도 용인시 기흥구 중부대로 578
L41E1|Y112,Y112,지석,L41E1,에버라인,경기도 용인경전철,37.26973732,127.1363256,일반역,수도권  경량도시철도 에버라인,경기도 용인시 기흥구 어정로 28
L41E1|Y113,Y113,어정,L41E1,에버라인,경기도 용인경전철,37.27495132,127.1437499,일반역,수도권  경량도시철도 에버라인,경기도 용인시 기흥구 어정로 128
L41E1|Y114,Y114,동백(용인세브란스),L41E1,에버라인,경기도 용인경전철,37.26910138,127.1526906,일반역,수도권  경량도시철도 에버라인,경기도 용인시 기흥구 동백죽전대로 314
L41E1|Y115,Y115,초당,L41E1,에버라인,경기도 용인경전철,37.26080647,127.1594692,일반역,수도권  경량도시철도 에버라인,경기도 용인시 기흥구 동백죽전대로 204
L41E1|Y116,Y116,삼가,L41E1,에버라인,경기도 용인경전철,37.24205993,127.16818,일반역,수도권  경량도시철도 에버라인,경기도 용인시 처인구 중부대로 1098
L41E1|Y117,Y117,시청·용인대,L41E1,에버라인,경기도 용인경전철,37.23944203,127.1788851,일반역,수도권  경량도시철도 에버라인,경기도 용인시 처인구 중부대로 1199-1
L41E1|Y118,Y118,명지대,L41E1,에버라인,경기도 용인경전철,37.23807629,127.1902913,일반역,수도권  경량도시철도 에버라인,경기도 용인시 처인구 금학로 241
L41E1|Y119,Y119,김량장,L41E1,에버라인,경기도 용인경전철,37.23732377,127.1986109,일반역,수도권  경량도시철도 에버라인,경기도 용인시 처인구 금학로 315
L41E1|Y120,Y120,용인중앙시장(용인예술과학대),L41E1,에버라인,경기도 용인경전철,37.2379113,127.2090526,일반역,수도권  경량도시철도 에버라인,경기도 용인시 처인구 금학로 409
L41E1|Y121,Y121,고진,L41E1,에버라인,경기도 용인경전철,37.24463834,127.2141836,일반역,수도권  경량도시철도 에버라인,경기도 용인시 처인구 경안천로 141
L41E1|Y122,Y122,보평,L41E1,에버라인,경기도 용인경전철,37.25896427,127.2184808,일반역,수도권  경량도시철도 에버라인,경기도 용인시 처인구 경안천로 313
L41E1|Y123,Y123,둔전,L41E1,에버라인,경기도 용인경전철,37.26721222,127.2136387,일반역,수도권  경량도시철도 에버라인,경기도 용인시 처인구 포곡읍 포곡로 70
L41E1|Y124,Y124,전대·에버랜드,L41E1,에버라인,경기도 용인경전철,37.28541327,127.219509,일반역,수도권  경량도시철도 에버라인,경기도 용인시 처인구 포곡읍 에버랜드로 143
I28A1|A01,A01,서울,I28A1,인천국제공항선,공항철도주식회사,37.55301784,126.9697643,환승역,서울 도시철도 1호선+서울 도시철도 4호선+경의선,서울특별시 용산구 청파로 378
I28A1|A02,A02,공덕,I28A1,인천국제공항선,공항철도주식회사,37.5427105,126.9516296,환승역,서울 도시철도 5호선+서울 도시철도 6호선+경의중앙선,서울특별시 마포구 마포대로 92
I28A1|A03,A03,홍대입구,I28A1,인천국제공항선,공항철도주식회사,37.55774103,126.9264939,환승역,서울 도시철도 2호선+경의중앙선,서울특별시 마포구 양화로 188
I28A1|A04,A04,디지털미디어시티,I28A1,인천국제공항선,공항철도주식회사,37.577355,126.898025,환승역,서울 도시철도 6호선+경의중앙선,서울특별시 마포구 성암로 184
I28A1|A042,A042,마곡나루,I28A1,인천국제공항선,공항철도주식회사,37.56581914,126.8276358,환승역,서울 도시철도 9호선,서울특별시 강서구 마곡중앙로 지하 135
I28A1|A05,A05,김포공항,I28A1,인천국제공항선,공항철도주식회사,37.56211652,126.8015442,환승역,서울 도시철도 5호선+서울 도시철도 9호선+김포도시철도,서울특별시 강서구 하늘길 77
I28A1|A06,A06,계양,I28A1,인천국제공항선,공항철도주식회사,37.571769,126.736319,환승역,인천 도시철도 1호선,인천광역시 계양구 다남로 24
I28A1|A07,A07,검암,I28A1,인천국제공항선,공항철도주식회사,37.56915547,126.6735357,환승역,인천 도시철도 2호선,인천광역시 서구 검바위로 26
I28A1|A071,A071,청라국제도시,I28A1,인천국제공항선,공항철도주식회사,37.556509,126.624725,일반역,,인천광역시 서구 에코로 163
I28A1|A072,A072,영종,I28A1,인천국제공항선,공항철도주식회사,37.51209814,126.5242471,일반역,,인천광역시 중구 백운로414번길 75
I28A1|A08,A08,운서,I28A1,인천국제공항선,공항철도주식회사,37.49284463,126.4936619,일반역,,인천광역시 중구 흰바위로59번길 26
I28A1|A09,A09,공항화물청사,I28A1,인천국제공항선,공항철도주식회사,37.45902611,126.4774333,일반역,,인천광역시 중구 공항동로135번길 86
I28A1|A10,A10,인천공항1터미널,I28A1,인천국제공항선,공항철도주식회사,37.44760672,126.4523433,환승역,자기부상철도,인천광역시 중구 공항로 271
I28A1|A11,A11,인천공항2터미널,I28A1,인천국제공항선,공항철도주식회사,37.46866,126.433415,일반역,,인천광역시 중구 공항로 272
S2901|100,100,녹동,S2901,광주도시철도 1호선,광주교통공사,35.107028,126.933932,일반역,,광주광역시 동구 녹동길 45(용산동)
S2901|101,101,소태,S2901,광주도시철도 1호선,광주교통공사,35.124108,126.932013,일반역,,광주광역시 동구 남문로 지하 587(소태동)
S2901|102,102,학동증심사입구,S2901,광주도시철도 1호선,광주교통공사,35.133023,126.928382,일반역,,광주광역시 동구 남문로 지하 700(학동)
S2901|103,103,남광주,S2901,광주도시철도 1호선,광주교통공사,35.1389849,126.92318,일반역,,광주광역시 동구 제봉로 지하 14(학동)
S2901|104,104,문화전당(구도청),S2901,광주도시철도 1호선,광주교통공사,35.14661,126.92005,일반역,,광주광역시 동구 문화전당로 26번길 지하 7(광산동)
S2901|105,105,금남로4가,S2901,광주도시철도 1호선,광주교통공사,35.150976,126.914446,일반역,,광주광역시 동구 금남로 지하 210(금남로4가)
S2901|106,106,금남로5가,S2901,광주도시철도 1호선,광주교통공사,35.153658,126.910033,일반역,,광주광역시 북구 금남로 지하 138(북동)
S2901|107,107,양동시장,S2901,광주도시철도 1호선,광주교통공사,35.154176,126.901089,일반역,,광주광역시 서구 경열로 지하 152(양동)
S2901|108,108,돌고개,S2901,광주도시철도 1호선,광주교통공사,35.152047,126.895637,일반역,,광주광역시 서구 경열로 지하 87(농성동)
S2901|109,109,농성,S2901,광주도시철도 1호선,광주교통공사,35.153363,126.883973,일반역,,광주광역시 서구 상무대로 지하 1123(농성동)
S2901|110,110,화정,S2901,광주도시철도 1호선,광주교통공사,35.152085,126.876698,일반역,,광주광역시 서구 상무대로 지하 1041(화정동)
S2901|111,111,쌍촌,S2901,광주도시철도 1호선,광주교통공사,35.151793,126.869519,일반역,,광주광역시 서구 상무대로 지하 983(쌍촌동)
S2901|112,112,운천,S2901,광주도시철도 1호선,광주교통공사,35.150486,126.858694,일반역,,광주광역시 서구 상무대로 지하 883(쌍촌동)
S2901|113,113,상무,S2901,광주도시철도 1호선,광주교통공사,35.146784,126.848641,일반역,,광주광역시 서구 상무대로 지하 777(마륵동)
S2901|114,114,김대중컨벤션센터(마륵),S2901,광주도시철도 1호선,광주교통공사,35.143214,126.841442,일반역,,광주광역시 서구 상무대로 지하 705(마륵동)
S2901|115,115,공항,S2901,광주도시철도 1호선,광주교통공사,35.144179,126.81153,일반역,,광주광역시 광산구 상무대로 지하 416-99(신촌동)
S2901|116,116,송정공원,S2901,광주도시철도 1호선,광주교통공사,35.143565,126.799245,일반역,,광주광역시 광산구 상무대로 지하 314-99(송정동)
S2901|117,117,광주송정역,S2901,광주도시철도 1호선,광주교통공사,35.137529,126.791488,일반역,,광주광역시 광산구 상무대로 지하 201-99(송정동)
S2901|118,118,도산,S2901,광주도시철도 1호선,광주교통공사,35.131713,126.787942,일반역,,광주광역시 광산구 상무대로 지하 125-99(도산동)
S2901|119,119,평동,S2901,광주도시철도 1호선,광주교통공사,35.1247,126.769586,일반역,,광주광역시 광산구 평동로 870(월전동)
S1108|806,806,동구릉,S1108,8호선,구리도시공사,37.610556,127.135056,일반역,,인창동 679-8 일원(구리도매시장)
S1108|807,807,구리(구리전통시장),S1108,8호선,구리도시공사,37.60256,127.14073,일반역,,인창동 675-1 일원(구리역공원)
S1108|808,808,장자호수공원,S1108,8호선,구리도시공사,37.587222,127.13793,일반역,,수택동 870-3 일원(장자2사거리)
L41G1|G100,G100,양촌역,L41G1,김포도시철도,김포골드라인에스알에스㈜,37.641639,126.614694,일반역,,경기도 김포시 양촌읍 양촌역길 107
L41G1|G101,G101,구래역,L41G1,김포도시철도,김포골드라인에스알에스㈜,37.645354,126.6285,일반역,,경기도 김포시 김포한강7로 87
L41G1|G102,G102,마산역,L41G1,김포도시철도,김포골드라인에스알에스㈜,37.640606,126.643944,일반역,,경기도 김포시 김포한강3로 지하 442
L41G1|G103,G103,장기역,L41G1,김포도시철도,김포골드라인에스알에스㈜,37.644028,126.669,일반역,,경기도 김포시 김포한강1로 지하 59
L41G1|G104,G104,운양역,L41G1,김포도시철도,김포골드라인에스알에스㈜,37.653861,126.683833,일반역,,경기도 김포시 김포한강1로 지하 235
L41G1|G105,G105,걸포북변역,L41G1,김포도시철도,김포골드라인에스알에스㈜,37.631639,126.70575,일반역,,경기도 김포시 김포대로 지하 1040
L41G1|G106,G106,사우역,L41G1,김포도시철도,김포골드라인에스알에스㈜,37.620361,126.719722,일반역,,경기도 김포시 김포대로 지하 852
L41G1|G107,G107,풍무역,L41G1,김포도시철도,김포골드라인에스알에스㈜,37.612333,126.732583,일반역,,경기도 김포시 김포대로 지하 710
L41G1|G108,G108,고촌역,L41G1,김포도시철도,김포골드라인에스알에스㈜,37.60125,126.770361,일반역,,경기도 김포시 고촌읍 김포대로 지하 350
L41G1|G109,G109,김포공항역,L41G1,김포도시철도,김포골드라인에스알에스㈜,37.562309,126.801833,환승역,,서울특별시 강서구 하늘길 지하 77
L11SL|S401,S401,샛강,L11SL,수도권 경량도시철도 신림선,남서울경전철 주식회사,37.517219937,126.929403964,환승역,수도권  도시철도 9호선,서울특별시 영등포구 의사당대로 지하166 (여의도동)
L11SL|S402,S402,대방,L11SL,수도권 경량도시철도 신림선,남서울경전철 주식회사,37.512840166,126.925316781,환승역,수도권  광역철도 1호선,서울특별시 영등포구 여의대방로 300 (신길동)
L11SL|S403,S403,서울지방병무청,L11SL,수도권 경량도시철도 신림선,남서울경전철 주식회사,37.50604687,126.922783404,일반역,,서울특별시 동작구 여의대방로 지하218 (대방동)
L11SL|S404,S404,보라매,L11SL,수도권 경량도시철도 신림선,남서울경전철 주식회사,37.500312709,126.920485864,환승역,수도권  도시철도 7호선,서울특별시 동작구 상도로 지하2 (대방동)
L11SL|S405,S405,보라매공원,L11SL,수도권 경량도시철도 신림선,남서울경전철 주식회사,37.495225405,126.918258811,일반역,,서울특별시 동작구 여의대방로20길 지하11 (신대방동)
L11SL|S406,S406,보라매병원,L11SL,수도권 경량도시철도 신림선,남서울경전철 주식회사,37.4929607,126.923886,일반역,,서울특별시 동작구 보라매로5길 지하24 (신대방동)
L11SL|S407,S407,당곡,L11SL,수도권 경량도시철도 신림선,남서울경전철 주식회사,37.490039105,126.927568759,일반역,,서울특별시 관악구 보라매로 6 (봉천동)
L11SL|S408,S408,신림,L11SL,수도권 경량도시철도 신림선,남서울경전철 주식회사,37.484890755,126.92960992,환승역,수도권  도시철도 2호선,서울특별시 관악구 남부순환로 지하1614 (신림동)
L11SL|S409,S409,서원,L11SL,수도권 경량도시철도 신림선,남서울경전철 주식회사,37.47827336,126.933228219,일반역,,서울특별시 관악구 신림로 258 (신림동)
L11SL|S410,S410,서울대벤처타운,L11SL,수도권 경량도시철도 신림선,남서울경전철 주식회사,37.47204068,126.933976556,일반역,,서울특별시 관악구 신림로 144 (신림동)
L11SL|S411,S411,관악산,L11SL,수도권 경량도시철도 신림선,남서울경전철 주식회사,37.46916896,126.944954837,일반역,,서울특별시 관악구 신림로 23 (신림동)
I4104|0405,0405,진접역,I4104,진접선,남양주도시공사,37.720472,127.203167,일반역,,경기도 남양주시 진접읍 경복대로 지하 244
I4104|0406,0406,오남역,I4104,진접선,남양주도시공사,37.7054056,127.191644,일반역,,경기도 남양주시 오남읍 진건오남로 지하 929
I4104|0408,0408,별내별가람역,I4104,진접선,남양주도시공사,37.667833,127.116167,일반역,,경기도 남양주시 별내3로 지하 345
S4108|804,804,별내역,S4108,수도권 광역철도 8호선,남양주도시공사,37.642517,127.1273,환승역,수도권 전절 경춘선,경기도 남양주시 경춘북로 375(별내동)
S4108|805,805,다산역,S4108,수도권 광역철도 8호선,남양주도시공사,37.62437,127.1498,일반역,,경기도 남양주 다산중앙로 123번길(다산동)
S2701|0115,0115,설화명곡,S2701,대구 도시철도 1호선,대구교통공사,35.7986179,128.4893927,일반역,,달성군 화원읍 비슬로 2476
S2701|0116,0116,화원,S2701,대구 도시철도 1호선,대구교통공사,35.804349,128.500409,일반역,,달성군 화원읍 비슬로 지하2600
S2701|0117,0117,대곡(정부대구청사),S2701,대구 도시철도 1호선,대구교통공사,35.809571,128.51257,일반역,,달서구 비슬로 지하2718 (대곡동)
S2701|0118,0118,진천,S2701,대구 도시철도 1호선,대구교통공사,35.813815,128.522374,일반역,,달서구 월배로 지하76 (진천동)
S2701|0119,0119,월배,S2701,대구 도시철도 1호선,대구교통공사,35.816123,128.530119,일반역,,달서구 월배로 지하143 (진천동)
S2701|0120,0120,상인,S2701,대구 도시철도 1호선,대구교통공사,35.8188583,128.5375588,일반역,,달서구 월배로 지하223 (상인동)
S2701|0121,0121,월촌,S2701,대구 도시철도 1호선,대구교통공사,35.823695,128.545465,일반역,,달서구 월배로 지하311 (송현동)
S2701|0122,0122,송현,S2701,대구 도시철도 1호선,대구교통공사,35.831092,128.551755,일반역,,달서구 월배로 지하412 (송현동)
S2701|0123,0123,서부정류장(관문시장),S2701,대구 도시철도 1호선,대구교통공사,35.8373375,128.5570702,일반역,,남구 월배로 지하501 (대명동)
S2701|0124,0124,대명,S2701,대구 도시철도 1호선,대구교통공사,35.8392924,128.5652846,일반역,,남구 대명로 지하71 (대명동)
S2701|0125,0125,안지랑,S2701,대구 도시철도 1호선,대구교통공사,35.8392,128.574,일반역,,남구 대명로 지하141 (대명동)
S2701|0126,0126,현충로,S2701,대구 도시철도 1호선,대구교통공사,35.84072,128.58085,일반역,,남구 대명로 지하222 (대명동)
S2701|0127,0127,영대병원,S2701,대구 도시철도 1호선,대구교통공사,35.8442516,128.5882407,일반역,,남구 대명로 지하292 (대명동)
S2701|0128,0128,교대,S2701,대구 도시철도 1호선,대구교통공사,35.8510953,128.590643,일반역,,남구 중앙대로 지하194 (대명동)
S2701|0129,0129,명덕(2.28민주운동기념회관),S2701,대구 도시철도 1호선,대구교통공사,35.857382,128.59088,환승역,대구도시철도1호선+대구도시철도3호선,중구 명덕로 지하185 (남산동)
S2701|0130,0130,반월당,S2701,대구 도시철도 1호선,대구교통공사,35.86389,128.593312,환승역,대구도시철도1호선+대구도시철도2호선,중구 달구벌대로 지하2100 (덕산동)
S2701|0131,0131,중앙로,S2701,대구 도시철도 1호선,대구교통공사,35.870873,128.593888,일반역,,중구 중앙대로 지하424 (남일동)
S2701|0132,0132,대구역,S2701,대구 도시철도 1호선,대구교통공사,35.876379,128.596919,일반역,,북구 칠성남로30길 지하24 (칠성동)
S2701|0133,0133,칠성시장,S2701,대구 도시철도 1호선,대구교통공사,35.876159,128.604885,일반역,,북구 칠성남로 지하222 (칠성동)
S2701|0134,0134,신천(경북대입구),S2701,대구 도시철도 1호선,대구교통공사,35.874527,128.617244,일반역,,동구 동부로 지하41 (신천동)
S2701|0135,0135,동대구역,S2701,대구 도시철도 1호선,대구교통공사,35.877626,128.627152,일반역,,동구 동대구로 지하530 (신천동)
S2701|0136,0136,동구청(큰고개),S2701,대구 도시철도 1호선,대구교통공사,35.884485,128.632295,일반역,,동구 신암남로 지하169 (신암동)
S2701|0137,0137,아양교(대구국제공항입구),S2701,대구 도시철도 1호선,대구교통공사,35.887208,128.639572,일반역,,동구 아양로 지하245 (신암동)
S2701|0138,0138,동촌(동촌유원지),S2701,대구 도시철도 1호선,대구교통공사,35.886039,128.650455,일반역,,동구 해동로 지하197 (검사동)
S2701|0139,0139,해안,S2701,대구 도시철도 1호선,대구교통공사,35.883765,128.659079,일반역,,동구 동촌로 지하167 (방촌동)
S2701|0140,0140,방촌,S2701,대구 도시철도 1호선,대구교통공사,35.879929,128.669767,일반역,,동구 동촌로 지하275 (방촌동)
S2701|0141,0141,용계,S2701,대구 도시철도 1호선,대구교통공사,35.876256,128.681414,일반역,,동구 동촌로 지하383 (용계동)
S2701|0142,0142,율하,S2701,대구 도시철도 1호선,대구교통공사,35.869751,128.692775,일반역,,동구 안심로 지하57 (율하동)
S2701|0143,0143,신기,S2701,대구 도시철도 1호선,대구교통공사,35.866761,128.701724,일반역,,동구 안심로 지하159 (신기동)
S2701|0144,0144,반야월,S2701,대구 도시철도 1호선,대구교통공사,35.865948,128.713663,일반역,,동구 안심로 지하261 (동호동)
S2701|0145,0145,각산,S2701,대구 도시철도 1호선,대구교통공사,35.867852,128.723843,일반역,,동구 안심로 지하363 (신서동)
S2701|0146,0146,안심(혁신도시·첨복단지),S2701,대구 도시철도 1호선,대구교통공사,35.8712,128.7338,일반역,,동구 안심로 지하455 (괴전동)
S2701|0147,0147,대구한의대병원,S2701,대구 도시철도 1호선,대구교통공사,35.8717089,128.7508237,일반역,,동구 안심로 610 (사복동)
S2701|0148,0148,부호(경일대·호산대),S2701,대구 도시철도 1호선,대구교통공사,35.9002809,128.8031144,일반역,,경산시 하양읍 대경로 528
S2701|0149,0149,하양(대구가톨릭대),S2701,대구 도시철도 1호선,대구교통공사,35.9094258,128.8175403,일반역,,경산시 하양읍 하양역길 3
S2702|0216,0216,문양,S2702,대구 도시철도 2호선,대구교통공사,35.86414313,128.4370043,일반역,,달성군 다사읍 문양역길 71
S2702|0217,0217,다사,S2702,대구 도시철도 2호선,대구교통공사,35.86495301,128.4582876,일반역,,달성군 다사읍 다사역로 지하30 
S2702|0218,0218,대실,S2702,대구 도시철도 2호선,대구교통공사,35.8573333,128.4656264,일반역,,달성군 다사읍 달구벌대로 지하888 
S2702|0219,0219,강창,S2702,대구 도시철도 2호선,대구교통공사,35.8531116,128.4789997,일반역,,달서구 달구벌대로 지하1014 (호산동)
S2702|0220,0220,계명대,S2702,대구 도시철도 2호선,대구교통공사,35.85146491,128.491969,일반역,,달서구 달구벌대로 지하1140 (신당동)
S2702|0221,0221,성서산업단지,S2702,대구 도시철도 2호선,대구교통공사,35.8518236,128.5071662,일반역,,달서구 달구벌대로 지하1280 (이곡동)
S2702|0222,0222,이곡,S2702,대구 도시철도 2호선,대구교통공사,35.85062003,128.5157686,일반역,,달서구 달구벌대로 지하1357 (이곡동)
S2702|0223,0223,용산(서부법원․검찰청입구),S2702,대구 도시철도 2호선,대구교통공사,35.84912,128.5287686,일반역,,달서구 달구벌대로 지하1476 (용산동)
S2702|0224,0224,죽전,S2702,대구 도시철도 2호선,대구교통공사,35.8503505,128.537089,일반역,,달서구 달구벌대로 지하1560 (죽전동)
S2702|0225,0225,감삼,S2702,대구 도시철도 2호선,대구교통공사,35.8543251,128.547905,일반역,,달서구 달구벌대로 지하1665 (감삼동)
S2702|0226,0226,두류,S2702,대구 도시철도 2호선,대구교통공사,35.8572405,128.555509,일반역,,달서구 달구벌대로 지하1760 (두류동)
S2702|0227,0227,내당,S2702,대구 도시철도 2호선,대구교통공사,35.860194,128.564593,일반역,,달서구 달구벌대로 지하1900 (두류동)
S2702|0228,0228,반고개,S2702,대구 도시철도 2호선,대구교통공사,35.8623,128.572817,일반역,,서구 달구벌대로 지하1827 (내당동)
S2702|0229,0229,청라언덕,S2702,대구 도시철도 2호선,대구교통공사,35.865,128.58232271,환승역,대구도시철도2호선+대구도시철도3호선,중구 달구벌대로 지하2000 (동산동)
S2702|0230,0230,반월당,S2702,대구 도시철도 2호선,대구교통공사,35.865592,128.593334,환승역,대구도시철도2호선+대구도시철도1호선,중구 달구벌대로 지하2100 (덕산동)
S2702|0231,0231,경대병원,S2702,대구 도시철도 2호선,대구교통공사,35.863102,128.60316,일반역,,중구 달구벌대로 지하2190 (삼덕동)
S2702|0232,0232,대구은행(대구교육청),S2702,대구 도시철도 2호선,대구교통공사,35.859868,128.613975,일반역,,수성구 달구벌대로 지하2300 (수성동)
S2702|0233,0233,범어,S2702,대구 도시철도 2호선,대구교통공사,35.8591,128.6257,일반역,,수성구 달구벌대로 지하2396 (범어동)
S2702|0234,0234,수성구청(KBS),S2702,대구 도시철도 2호선,대구교통공사,35.85874022,128.6359517,일반역,,수성구 달구벌대로 지하2500 (범어동)
S2702|0235,0235,만촌,S2702,대구 도시철도 2호선,대구교통공사,35.858841,128.644951,일반역,,수성구 달구벌대로 지하2584 (만촌동)
S2702|0236,0236,담티(수성대·대륜),S2702,대구 도시철도 2호선,대구교통공사,35.854841,128.654151,일반역,,수성구 달구벌대로 지하2672 (만촌동)
S2702|0237,0237,연호,S2702,대구 도시철도 2호선,대구교통공사,35.8465,128.67185,일반역,,수성구 달구벌대로 지하2870 (연호동)
S2702|0238,0238,수성알파시티(삼성라이온즈파크),S2702,대구 도시철도 2호선,대구교통공사,35.842718,128.67999,일반역,,수성구 달구벌대로 지하2950 (연호동)
S2702|0239,0239,고산,S2702,대구 도시철도 2호선,대구교통공사,35.842955,128.69335,일반역,,수성구 달구벌대로 지하3080 (시지동)
S2702|0240,0240,신매,S2702,대구 도시철도 2호선,대구교통공사,35.8408,128.705,일반역,,수성구 달구벌대로 지하3180 (매호동)
S2702|0241,0241,사월,S2702,대구 도시철도 2호선,대구교통공사,35.837066,128.715173,일반역,,수성구달구벌대로 지하3290 (신매동)
S2702|0242,0242,정평,S2702,대구 도시철도 2호선,대구교통공사,35.83407,128.728695,일반역,,"경상북도 경산시 대학로 지하60(정평동, 정평역)"
S2702|0243,0243,임당,S2702,대구 도시철도 2호선,대구교통공사,35.834131,128.741076,일반역,,"경상북도 경산시 대학로 지하170(중방동, 임당역)"
S2702|0244,0244,영남대,S2702,대구 도시철도 2호선,대구교통공사,35.836373,128.752966,일반역,,"경상북도 경산시 대학로 지하270 (대동, 영남대역)"
S2703|0312,0312,칠곡경대병원,S2703,대구 도시철도 3호선,대구교통공사,35.95838748,128.5598908,일반역,, 북구 팔거천동로 386(동호동)
S2703|0313,0313,학정,S2703,대구 도시철도 3호선,대구교통공사,35.95155512,128.5591934,일반역,, 북구 팔거천동로 310(학정동)
S2703|0314,0314,팔거(국립농관원통계청),S2703,대구 도시철도 3호선,대구교통공사,35.94404716,128.5583366,일반역,, 북구 팔거천동로 226(동천동)
S2703|0315,0315,동천,S2703,대구 도시철도 3호선,대구교통공사,35.93770658,128.556683,일반역,, 북구 팔거천동로 147(동천동)
S2703|0316,0316,칠곡운암,S2703,대구 도시철도 3호선,대구교통공사,35.93145534,128.5545305,일반역,, 북구 팔거천동로 79(구암동)
S2703|0317,0317,구암(과학대보건대입구),S2703,대구 도시철도 3호선,대구교통공사,35.92574223,128.5503415,일반역,, 북구 팔거천동로 1(구암동)
S2703|0318,0318,태전,S2703,대구 도시철도 3호선,대구교통공사,35.9196172,128.547388,일반역,, 북구 칠곡중앙대로 262(태전동)
S2703|0319,0319,매천,S2703,대구 도시철도 3호선,대구교통공사,35.91265,128.5434,일반역,, 북구 학정로 6(매천동)
S2703|0320,0320,매천시장,S2703,대구 도시철도 3호선,대구교통공사,35.90443,128.545755,일반역,, 북구 매천로 18길 39(매천동)
S2703|0321,0321,팔달,S2703,대구 도시철도 3호선,대구교통공사,35.89777,128.5468,일반역,, 북구 매천로2길 43(팔달동)
S2703|0322,0322,공단,S2703,대구 도시철도 3호선,대구교통공사,35.892,128.5536,일반역,, 북구 팔달로 28(비산동)
S2703|0323,0323,만평,S2703,대구 도시철도 3호선,대구교통공사,35.889893,128.561002,일반역,, 북구 팔달로 105(노원동3가)
S2703|0324,0324,팔달시장,S2703,대구 도시철도 3호선,대구교통공사,35.88883085,128.5678716,일반역,, 북구 팔달로 163-1(노원동3가)
S2703|0325,0325,원대,S2703,대구 도시철도 3호선,대구교통공사,35.887886,128.574392,일반역,, 서구 팔달로 224-2(원대동3가)
S2703|0326,0326,북구청 (대구iM뱅크파크),S2703,대구 도시철도 3호선,대구교통공사,35.88381395,128.5814483,일반역,, 서구 원대로 71(원대동2가)
S2703|0327,0327,달성공원,S2703,대구 도시철도 3호선,대구교통공사,35.87573001,128.5821218,일반역,, 중구 달성로 116(수창동)
S2703|0328,0328,서문시장(동산병원),S2703,대구 도시철도 3호선,대구교통공사,35.86966429,128.582241,일반역,, 중구 달성로 50(대신동)
S2703|0329,0329,청라언덕(신남),S2703,대구 도시철도 3호선,대구교통공사,35.86419437,128.5823758,환승역,대구도시철도3호선+대구도시철도2호선, 중구 남산로 80(남산동)
S2703|0330,0330,남산(계명네거리),S2703,대구 도시철도 3호선,대구교통공사,35.85668979,128.5834576,일반역,, 중구 남산로 2(남산동)
S2703|0331,0331,명덕(2·28민주운동기념회관),S2703,대구 도시철도 3호선,대구교통공사,35.85694518,128.5900469,환승역,대구도시철도3호선+대구도시철도1호선, 남구 명덕로 186(대명동)
S2703|0332,0332,건들바위,S2703,대구 도시철도 3호선,대구교통공사,35.85538252,128.5996903,일반역,, 남구 명덕로 260(이천동)
S2703|0333,0333,대봉교,S2703,대구 도시철도 3호선,대구교통공사,35.85499783,128.6063685,일반역,, 남구 명덕로 330(이천동)
S2703|0334,0334,수성시장,S2703,대구 도시철도 3호선,대구교통공사,35.85431676,128.6160292,일반역,, 수성구 명덕로 420(수성동2가)
S2703|0335,0335,수성구민운동장,S2703,대구 도시철도 3호선,대구교통공사,35.85240979,128.6251246,일반역,, 수성구 동대구로 248(범어동)
S2703|0336,0336,어린이세상,S2703,대구 도시철도 3호선,대구교통공사,35.84516989,128.6244677,일반역,, 수성구 동대구로 166(황금동)
S2703|0337,0337,황금,S2703,대구 도시철도 3호선,대구교통공사,35.83907838,128.6239185,일반역,, 수성구 동대구로 100(두산동)
S2703|0338,0338,수성못(TBC),S2703,대구 도시철도 3호선,대구교통공사,35.83135605,128.6232167,일반역,, 수성구 동대구로 14(지산동)
S2703|0339,0339,지산,S2703,대구 도시철도 3호선,대구교통공사,35.82515322,128.6319513,일반역,, 수성구 지범로 100(지산동)
S2703|0340,0340,범물,S2703,대구 도시철도 3호선,대구교통공사,35.82083917,128.6401127,일반역,, 수성구 지범로 194(범물동)
S2703|0341,0341,용지,S2703,대구 도시철도 3호선,대구교통공사,35.8182678,128.6465345,일반역,, 수성구 범안로 83(범물동)
S3001|101,101,판암,S3001,대전 도시철도 1호선,대전교통공사,36.316896,127.458264,일반역,,대전광역시 동구 옥천로 지하162 (판암동)
S3001|102,102,신흥,S3001,대전 도시철도 1호선,대전교통공사,36.319652,127.448792,일반역,,대전광역시 동구 옥천로 지하 70 (판암동)
S3001|103,103,대동,S3001,대전 도시철도 1호선,대전교통공사,36.329532,127.442848,일반역,,대전광역시 동구 계족로 지하 176 (대동)
S3001|104,104,대전,S3001,대전 도시철도 1호선,대전교통공사,36.331583,127.433118,일반역,,대전광역시 동구 중앙로 지하 218 (중동)
S3001|105,105,중앙로,S3001,대전 도시철도 1호선,대전교통공사,36.328664,127.425842,일반역,,대전광역시 중구 중앙로 지하 145 (은행동)
S3001|106,106,중구청,S3001,대전 도시철도 1호선,대전교통공사,36.324831,127.419627,일반역,,대전광역시 중구 중앙로 지하 71 (선화동)
S3001|107,107,서대전네거리,S3001,대전 도시철도 1호선,대전교통공사,36.322416,127.412518,일반역,,대전광역시 중구 계룡로 지하 889(용두동)
S3001|108,108,오룡,S3001,대전 도시철도 1호선,대전교통공사,36.328582,127.405046,일반역,,대전광역시 중구 계룡로 지하 793(오류동)
S3001|109,109,용문,S3001,대전 도시철도 1호선,대전교통공사,36.338252,127.393317,일반역,,대전광역시 서구 계룡로 지하 644(용문동)
S3001|110,110,탄방,S3001,대전 도시철도 1호선,대전교통공사,36.34544,127.384603,일반역,,대전광역시 서구 문정로48번길 지하 19(탄방동)
S3001|111,111,시청,S3001,대전 도시철도 1호선,대전교통공사,36.351673,127.386739,일반역,,대전광역시 서구 둔산중로 지하 55(둔산동)
S3001|112,112,정부청사,S3001,대전 도시철도 1호선,대전교통공사,36.357661,127.381047,일반역,,대전광역시 서구 한밭대로 지하 744(둔산동)
S3001|113,113,갈마,S3001,대전 도시철도 1호선,대전교통공사,36.357522,127.372632,일반역,,대전광역시 서구 한밭대로 지하 666(갈마동)
S3001|114,114,월평,S3001,대전 도시철도 1호선,대전교통공사,36.358272,127.364382,일반역,,대전광역시 서구 한밭대로 지하 595(월평동)
S3001|115,115,갑천,S3001,대전 도시철도 1호선,대전교통공사,36.354578,127.354467,일반역,,대전광역시 서구 갑천도시고속도로 지하 1833(월평동)
S3001|116,116,유성온천,S3001,대전 도시철도 1호선,대전교통공사,36.353689,127.341524,일반역,,대전광역시 유성구 계룡로 지하 97(봉명동)
S3001|117,117,구암,S3001,대전 도시철도 1호선,대전교통공사,36.356605,127.33083,일반역,,대전광역시 유성구 유성대로 703(구암동)
S3001|118,118,현충원,S3001,대전 도시철도 1호선,대전교통공사,36.359021,127.321525,일반역,,대전광역시 유성구 현충원로 지하 455(구암동)
S3001|119,119,월드컵경기장,S3001,대전 도시철도 1호선,대전교통공사,36.366825,127.317859,일반역,,대전광역시 유성구 한밭대로 지하 155(노은동)
S3001|120,120,노은,S3001,대전 도시철도 1호선,대전교통공사,36.37415,127.317835,일반역,,대전광역시 유성구 노은로 지하 161(지족동)
S3001|121,121,지족,S3001,대전 도시철도 1호선,대전교통공사,36.384106,127.319501,일반역,,대전광역시 유성구 노은로 273(지족동)
S3001|122,122,반석,S3001,대전 도시철도 1호선,대전교통공사,36.392128,127.314581,일반역,,대전광역시 유성구 북유성대로 지하 303(반석동)
S2601|0095,0095,다대포해수욕장,S2601,부산 도시철도 1호선,부산광역시 부산교통공사,35.048229,128.965919,일반역,,부산광역시 사하구 다대로 지하 692
S2601|0096,0096,다대포항,S2601,부산 도시철도 1호선,부산광역시 부산교통공사,35.057288,128.971151,일반역,,부산광역시 사하구 다대로 지하 548
S2601|0097,0097,낫개,S2601,부산 도시철도 1호선,부산광역시 부산교통공사,35.065179,128.979702,일반역,,부산광역시 사하구 다대로 지하422
S2601|0098,0098,신장림,S2601,부산 도시철도 1호선,부산광역시 부산교통공사,35.074222,128.976538,일반역,,부산광역시 사하구 다대로 지하310
S2601|0099,0099,장림,S2601,부산 도시철도 1호선,부산광역시 부산교통공사,35.081555,128.9773083,일반역,,부산광역시 사하구 다대로 지하230
S2601|0100,0100,동매,S2601,부산 도시철도 1호선,부산광역시 부산교통공사,35.089819,128.974029,일반역,,부산광역시 사하구 신산로 지하168
S2601|0101,0101,신평,S2601,부산 도시철도 1호선,부산광역시 부산교통공사,35.09556,128.96056,일반역,,부산광역시 사하구 하신번영로 140
S2601|0102,0102,하단,S2601,부산 도시철도 1호선,부산광역시 부산교통공사,35.10611,128.96667,일반역,,부산광역시 사하구 낙동남로 지하 1415
S2601|0103,0103,당리,S2601,부산 도시철도 1호선,부산광역시 부산교통공사,35.10333,128.97417,일반역,,부산광역시 사하구 낙동대로 지하 405
S2601|0104,0104,사하,S2601,부산 도시철도 1호선,부산광역시 부산교통공사,35.09972,128.98333,일반역,,부산광역시 사하구 낙동대로 지하 309
S2601|0105,0105,괴정,S2601,부산 도시철도 1호선,부산광역시 부산교통공사,35.1,128.9925,일반역,,부산광역시 사하구 낙동대로 지하 221
S2601|0106,0106,대티,S2601,부산 도시철도 1호선,부산광역시 부산교통공사,35.10306,128.99972,일반역,,부산광역시 사하구 낙동대로 지하 141
S2601|0107,0107,서대신,S2601,부산 도시철도 1호선,부산광역시 부산교통공사,35.11083,129.01194,일반역,,부산광역시 서구 대영로 지하 1
S2601|0108,0108,동대신,S2601,부산 도시철도 1호선,부산광역시 부산교통공사,35.11056,129.01757,일반역,,부산광역시 서구 구덕로 지하 290
S2601|0109,0109,토성,S2601,부산 도시철도 1호선,부산광역시 부산교통공사,35.10083,129.01972,일반역,,부산광역시 서구 구덕로 지하 170
S2601|0110,0110,자갈치,S2601,부산 도시철도 1호선,부산광역시 부산교통공사,35.0975,129.02694,일반역,,부산광역시 중구 구덕로 지하 80
S2601|0111,0111,남포,S2601,부산 도시철도 1호선,부산광역시 부산교통공사,35.09778,129.03472,일반역,,부산광역시 중구 구덕로 지하 12
S2601|0112,0112,중앙,S2601,부산 도시철도 1호선,부산광역시 부산교통공사,35.10389,129.03639,일반역,,부산광역시 중구 중앙대로 지하 83
S2601|0113,0113,부산역,S2601,부산 도시철도 1호선,부산광역시 부산교통공사,35.11528,129.03972,일반역,,부산광역시 동구 중앙대로 지하 200
S2601|0114,0114,초량,S2601,부산 도시철도 1호선,부산광역시 부산교통공사,35.12111,129.04296,일반역,,부산광역시 동구 중앙대로 지하 264
S2601|0115,0115,부산진,S2601,부산 도시철도 1호선,부산광역시 부산교통공사,35.12778,129.04778,일반역,,부산광역시 동구 중앙대로 지하 350
S2601|0116,0116,좌천,S2601,부산 도시철도 1호선,부산광역시 부산교통공사,35.13417,129.05417,일반역,,부산광역시 동구 중앙대로 지하 446
S2601|0117,0117,범일,S2601,부산 도시철도 1호선,부산광역시 부산교통공사,35.14139,129.05944,일반역,,부산광역시 동구 범일로 지하 108
S2601|0118,0118,범내골,S2601,부산 도시철도 1호선,부산광역시 부산교통공사,35.14722,129.05917,일반역,,부산광역시 부산진구 중앙대로 지하 612
S2601|0119,0119,서면,S2601,부산 도시철도 1호선,부산광역시 부산교통공사,35.15778,129.05917,환승역,부산 도시철도 1호선+부산 도시철도 2호선,부산광역시 부산진구 중앙대로 지하 730
S2601|0120,0120,부전,S2601,부산 도시철도 1호선,부산광역시 부산교통공사,35.1625,129.06278,일반역,,부산광역시 부산진구 중앙대로 지하 786
S2601|0121,0121,양정,S2601,부산 도시철도 1호선,부산광역시 부산교통공사,35.17304,129.07119,일반역,,부산광역시 부산진구 중앙대로 지하930 
S2601|0122,0122,시청(연제),S2601,부산 도시철도 1호선,부산광역시 부산교통공사,35.17972,129.07667,일반역,,부산광역시 연제구 중앙대로 지하 1017
S2601|0123,0123,연산,S2601,부산 도시철도 1호선,부산광역시 부산교통공사,35.18611,129.08167,환승역,부산 도시철도 1호선+부산 도시철도 3호선,부산광역시 연제구 중앙대로 지하 1101
S2601|0124,0124,교대,S2601,부산 도시철도 1호선,부산광역시 부산교통공사,35.19583,129.08,환승역,부산 도시철도 1호선+동해선,부산광역시 연제구 중앙대로 지하 1217
S2601|0125,0125,동래,S2601,부산 도시철도 1호선,부산광역시 부산교통공사,35.20556,129.078461,환승역,부산 도시철도 1호선+부산 경량도시철도 4호선,부산광역시 동래구 중앙대로 1324
S2601|0126,0126,명륜,S2601,부산 도시철도 1호선,부산광역시 부산교통공사,35.21222,129.07944,일반역,,부산광역시 동래구 중앙대로 1414
S2601|0127,0127,온천장,S2601,부산 도시철도 1호선,부산광역시 부산교통공사,35.22056,129.08667,일반역,,부산광역시 동래구 중앙대로 1520
S2601|0128,0128,부산대,S2601,부산 도시철도 1호선,부산광역시 부산교통공사,35.23,129.08944,일반역,,부산광역시 금정구 장전온천천로 48
S2601|0129,0129,장전,S2601,부산 도시철도 1호선,부산광역시 부산교통공사,35.23806,129.08806,일반역,,부산광역시 금정구 장전온천천로 144
S2601|0130,0130,구서,S2601,부산 도시철도 1호선,부산광역시 부산교통공사,35.247407,129.091327,일반역,,부산광역시 금정구 금정로 233번길 46
S2601|0131,0131,두실,S2601,부산 도시철도 1호선,부산광역시 부산교통공사,35.25694,129.09139,일반역,,부산광역시 금정구 중앙대로 1927-1
S2601|0132,0132,남산,S2601,부산 도시철도 1호선,부산광역시 부산교통공사,35.26528,129.0925,일반역,,부산광역시 금정구 중앙대로 지하2019-1 
S2601|0133,0133,범어사,S2601,부산 도시철도 1호선,부산광역시 부산교통공사,35.27333,129.09268,일반역,,부산광역시 금정구 중앙대로 지하 2107
S2601|0134,0134,노포,S2601,부산 도시철도 1호선,부산광역시 부산교통공사,35.28361,129.095,일반역,,부산광역시 금정구 중앙대로 2238
S2602|0201,0201,장산,S2602,부산 도시철도 2호선,부산광역시 부산교통공사,35.17,129.17694,일반역,,부산광역시 해운대구 해운대로 지하 820
S2602|0202,0202,중동,S2602,부산 도시철도 2호선,부산광역시 부산교통공사,35.16669,129.16887,일반역,,부산광역시 해운대구 해운대로 지하 730
S2602|0203,0203,해운대,S2602,부산 도시철도 2호선,부산광역시 부산교통공사,35.163518,129.158584,일반역,,부산광역시 해운대구 해운대로 지하 626
S2602|0204,0204,동백,S2602,부산 도시철도 2호선,부산광역시 부산교통공사,35.16147,129.147887,일반역,,부산광역시 해운대구 해운대로 지하 522
S2602|0205,0205,벡스코,S2602,부산 도시철도 2호선,부산광역시 부산교통공사,35.16911,129.138431,환승역,부산 도시철도 2호선+동해선,부산광역시 해운대구 해운대로 지하 396
S2602|0206,0206,센텀시티,S2602,부산 도시철도 2호선,부산광역시 부산교통공사,35.16892,129.131764,일반역,,부산광역시 해운대구 센텀남대로 지하 76
S2602|0207,0207,민락,S2602,부산 도시철도 2호선,부산광역시 부산교통공사,35.16722,129.121878,일반역,,부산광역시 수영구 수영로 지하 769
S2602|0208,0208,수영,S2602,부산 도시철도 2호선,부산광역시 부산교통공사,35.16578,129.114842,환승역,부산 도시철도 2호선+부산 도시철도 3호선,부산광역시 수영구 수영로 지하 677
S2602|0209,0209,광안,S2602,부산 도시철도 2호선,부산광역시 부산교통공사,35.15792,129.113197,일반역,,부산광역시 수영구 수영로 지하 576
S2602|0210,0210,금련산,S2602,부산 도시철도 2호선,부산광역시 부산교통공사,35.14989,129.111008,일반역,,부산광역시 수영구 수영로 지하 482
S2602|0211,0211,남천,S2602,부산 도시철도 2호선,부산광역시 부산교통공사,35.14217,129.10797,일반역,,부산광역시 수영구 수영로 지하 410
S2602|0212,0212,경성대·부경대,S2602,부산 도시철도 2호선,부산광역시 부산교통공사,35.13757,129.10055,일반역,,부산광역시 남구 수영로 지하 324
S2602|0213,0213,대연,S2602,부산 도시철도 2호선,부산광역시 부산교통공사,35.13512,129.09218,일반역,,부산광역시 남구 수영로 지하 242
S2602|0214,0214,못골,S2602,부산 도시철도 2호선,부산광역시 부산교통공사,35.13472,129.08442,일반역,,부산광역시 남구 수영로 지하 170
S2602|0215,0215,지게골,S2602,부산 도시철도 2호선,부산광역시 부산교통공사,35.13558,129.07436,일반역,,부산광역시 남구 수영로 지하 70
S2602|0216,0216,문현,S2602,부산 도시철도 2호선,부산광역시 부산교통공사,35.13911,129.06736,일반역,,부산광역시 남구 전포대로 지하 17
S2602|0217,0217,국제금융센터·부산은행,S2602,부산 도시철도 2호선,부산광역시 부산교통공사,35.14583,129.06672,일반역,,부산광역시 남구 전포대로 지하97 
S2602|0218,0218,전포,S2602,부산 도시철도 2호선,부산광역시 부산교통공사,35.15311,129.06533,일반역,,부산광역시 부산진구 전포대로 지하 181
S2602|0219,0219,서면,S2602,부산 도시철도 2호선,부산광역시 부산교통공사,35.15768,129.058517,환승역,부산 도시철도 1호선+부산 도시철도 2호선,부산광역시 부산진구 부전동 573번지
S2602|0220,0220,부암,S2602,부산 도시철도 2호선,부산광역시 부산교통공사,35.15744,129.05019,일반역,,부산광역시 부산진구 가야대로 지하 719
S2602|0221,0221,가야,S2602,부산 도시철도 2호선,부산광역시 부산교통공사,35.15589,129.04283,일반역,,부산광역시 부산진구 가야대로 지하 650
S2602|0222,0222,동의대,S2602,부산 도시철도 2호선,부산광역시 부산교통공사,35.15411,129.0325,일반역,,부산광역시 부산진구 가야대로 지하 554
S2602|0223,0223,개금,S2602,부산 도시철도 2호선,부산광역시 부산교통공사,35.15325,129.02056,일반역,,부산광역시 부산진구 가야대로 지하 442
S2602|0224,0224,냉정,S2602,부산 도시철도 2호선,부산광역시 부산교통공사,35.15125,129.01228,일반역,,부산광역시 사상구 가야대로 지하 362-1
S2602|0225,0225,주례,S2602,부산 도시철도 2호선,부산광역시 부산교통공사,35.1505,129.00306,일반역,,부산광역시 사상구 가야대로 지하 292
S2602|0226,0226,감전,S2602,부산 도시철도 2호선,부산광역시 부산교통공사,35.15553,128.99114,일반역,,부산광역시 사상구 사상로 지하 93-1
S2602|0227,0227,사상,S2602,부산 도시철도 2호선,부산광역시 부산교통공사,35.16218,128.98467,환승역,부산 도시철도 2호선+부산김해경전철,부산광역시 사상구 사상로 지하 203
S2602|0228,0228,덕포,S2602,부산 도시철도 2호선,부산광역시 부산교통공사,35.17378,128.98394,일반역,,부산광역시 사상구 사상로 지하 320-1
S2602|0229,0229,모덕,S2602,부산 도시철도 2호선,부산광역시 부산교통공사,35.18036,128.98561,일반역,,부산광역시 사상구 사상로 지하 409
S2602|0230,0230,모라,S2602,부산 도시철도 2호선,부산광역시 부산교통공사,35.18967,128.98864,일반역,,부산광역시 사상구 사상로 지하 498
S2602|0231,0231,구남,S2602,부산 도시철도 2호선,부산광역시 부산교통공사,35.19681,128.99492,일반역,,부산광역시 북구 백양대로 지하 1026
S2602|0232,0232,구명,S2602,부산 도시철도 2호선,부산광역시 부산교통공사,35.20253,128.99931,일반역,,부산광역시 북구 백양대로 지하 1094
S2602|0233,0233,덕천,S2602,부산 도시철도 2호선,부산광역시 부산교통공사,35.21011,129.00533,환승역,부산 도시철도 2호선+부산 도시철도 3호선,부산광역시 북구 금곡대로 지하 14
S2602|0234,0234,수정,S2602,부산 도시철도 2호선,부산광역시 부산교통공사,35.22336,129.00922,일반역,,부산광역시 북구 금곡대로 지하160 
S2602|0235,0235,화명,S2602,부산 도시철도 2호선,부산광역시 부산교통공사,35.23585,129.01387,일반역,,부산광역시 북구 금곡대로 지하 311
S2602|0236,0236,율리,S2602,부산 도시철도 2호선,부산광역시 부산교통공사,35.24672,129.01292,일반역,,부산광역시 북구 금곡대로 지하 440
S2602|0237,0237,동원,S2602,부산 도시철도 2호선,부산광역시 부산교통공사,35.25864,129.01242,일반역,,부산광역시 북구 금곡대로 575
S2602|0238,0238,금곡,S2602,부산 도시철도 2호선,부산광역시 부산교통공사,35.26733,129.01686,일반역,,부산광역시 북구 금곡대로 685
S2602|0239,0239,호포,S2602,부산 도시철도 2호선,부산광역시 부산교통공사,35.281,129.017525,일반역,,경상남도 양산시 동면 양산대로 62
S2602|0240,0240,증산,S2602,부산 도시철도 2호선,부산광역시 부산교통공사,35.30828,129.01028,일반역,,경상남도 양산시 물금읍 메기로 168
S2602|0241,0241,부산대양산캠퍼스,S2602,부산 도시철도 2호선,부산광역시 부산교통공사,35.31697,129.01383,일반역,,경상남도 양산시 물금읍 메기로 270
S2602|0242,0242,남양산,S2602,부산 도시철도 2호선,부산광역시 부산교통공사,35.32533,129.01942,일반역,,경상남도 양산시 동면 메기로 380
S2602|0243,0243,양산,S2602,부산 도시철도 2호선,부산광역시 부산교통공사,35.33851,129.02643,일반역,,경상남도 양산시 강변로 441
S2603|0301,0301,수영,S2603,부산 도시철도 3호선,부산광역시 부산교통공사,35.16775,129.11458,환승역,부산 도시철도 2호선+부산 도시철도 3호선,부산광역시 수영구 수영로 677
S2603|0302,0302,망미,S2603,부산 도시철도 3호선,부산광역시 부산교통공사,35.17153,129.10822,일반역,,부산광역시 수영구 연수로 지하 337
S2603|0303,0303,배산,S2603,부산 도시철도 3호선,부산광역시 부산교통공사,35.1735,129.0955,일반역,,부산광역시 연제구 연수로 지하 229
S2603|0304,0304,물만골,S2603,부산 도시철도 3호선,부산광역시 부산교통공사,35.17681,129.08575,일반역,,부산광역시 연제구 월드컵대로 지하 23
S2603|0305,0305,연산,S2603,부산 도시철도 3호선,부산광역시 부산교통공사,35.18614,129.08147,환승역,부산 도시철도 1호선+부산 도시철도 3호선,부산광역시 연제구 연산동 1515-1번지
S2603|0306,0306,거제,S2603,부산 도시철도 3호선,부산광역시 부산교통공사,35.18858,129.07394,환승역,부산 도시철도 3호선+동해선,부산광역시 연제구 월드컵대로 지하 209
S2603|0307,0307,종합운동장,S2603,부산 도시철도 3호선,부산광역시 부산교통공사,35.19125,129.0675,일반역,,부산광역시 연제구 아시아드대로 지하 73
S2603|0308,0308,사직,S2603,부산 도시철도 3호선,부산광역시 부산교통공사,35.199,129.065,일반역,,부산광역시 동래구 아시아드대로 지하 153
S2603|0309,0309,미남,S2603,부산 도시철도 3호선,부산광역시 부산교통공사,35.2055,129.06806,환승역,부산 도시철도 3호선+부산 경량도시철도 4호선,부산광역시 동래구 아시아드대로 지하 232
S2603|0310,0310,만덕,S2603,부산 도시철도 3호선,부산광역시 부산교통공사,35.213,129.0365,일반역,,부산광역시 북구 만덕대로 지하 291
S2603|0311,0311,남산정,S2603,부산 도시철도 3호선,부산광역시 부산교통공사,35.21333,129.02392,일반역,,부산광역시 북구 만덕대로 지하 179
S2603|0312,0312,숙등,S2603,부산 도시철도 3호선,부산광역시 부산교통공사,35.21197,129.01275,일반역,,부산광역시 북구 만덕대로 지하 79
S2603|0313,0313,덕천,S2603,부산 도시철도 3호선,부산광역시 부산교통공사,35.210139,129.005545,환승역,부산 도시철도 2호선+부산 도시철도 3호선,부산광역시 북구 덕천동 327번지
S2603|0314,0314,구포,S2603,부산 도시철도 3호선,부산광역시 부산교통공사,35.20644,128.99631,일반역,,부산광역시 북구 낙동대로 1697
S2603|0315,0315,강서구청,S2603,부산 도시철도 3호선,부산광역시 부산교통공사,35.21125,128.98175,일반역,,부산광역시 강서구 낙동북로 485
S2603|0316,0316,체육공원,S2603,부산 도시철도 3호선,부산광역시 부산교통공사,35.21261,128.96894,일반역,,부산광역시 강서구 낙동북로 371
S2603|0317,0317,대저,S2603,부산 도시철도 3호선,부산광역시 부산교통공사,35.21343,128.96074,환승역,부산 도시철도 3호선+부산김해경전철,부산광역시 강서구 낙동북로 295
L2604|0401,0401,미남,L2604,부산 경량도시철도 4호선,부산광역시 부산교통공사,35.20643,129.06868,환승역,부산 도시철도 3호선+부산 경량도시철도 4호선,부산광역시 동래구 충렬대로 지하 147
L2604|0402,0402,동래,L2604,부산 경량도시철도 4호선,부산광역시 부산교통공사,35.20466,129.07741,환승역,부산 도시철도 1호선+부산 경량도시철도 4호선,부산광역시 동래구 온천2동 1486번지
L2604|0403,0403,수안,L2604,부산 경량도시철도 4호선,부산광역시 부산교통공사,35.20183,129.08378,일반역,,부산광역시 동래구 충렬대로 지하 223
L2604|0404,0404,낙민,L2604,부산 경량도시철도 4호선,부산광역시 부산교통공사,35.20025,129.09078,일반역,,부산광역시 동래구 충렬대로 지하 285
L2604|0405,0405,충렬사,L2604,부산 경량도시철도 4호선,부산광역시 부산교통공사,35.19986,129.09764,일반역,,부산광역시 동래구 반송로 지하 205
L2604|0406,0406,명장,L2604,부산 경량도시철도 4호선,부산광역시 부산교통공사,35.20503,129.10161,일반역,,부산광역시 동래구 반송로 지하 281
L2604|0407,0407,서동,L2604,부산 경량도시철도 4호선,부산광역시 부산교통공사,35.21331,129.10769,일반역,,부산광역시 금정구 반송로 지하 387
L2604|0408,0408,금사,L2604,부산 경량도시철도 4호선,부산광역시 부산교통공사,35.21583,129.11517,일반역,,부산광역시 금정구 반송로 지하 465
L2604|0409,0409,반여농산물시장,L2604,부산 경량도시철도 4호선,부산광역시 부산교통공사,35.21778,129.12397,일반역,,부산광역시 해운대구 반송로 550
L2604|0410,0410,석대,L2604,부산 경량도시철도 4호선,부산광역시 부산교통공사,35.21825,129.13717,일반역,,부산광역시 해운대구 석대천로 121
L2604|0411,0411,영산대,L2604,부산 경량도시철도 4호선,부산광역시 부산교통공사,35.22578,129.14617,일반역,,부산광역시 해운대구 반송로 803
L2604|0412,0412,윗반송,L2604,부산 경량도시철도 4호선,부산광역시 부산교통공사,35.2325,129.15403,일반역,,부산광역시 해운대구 반송로 917
L2604|0413,0413,고촌,L2604,부산 경량도시철도 4호선,부산광역시 부산교통공사,35.23603,129.1605,일반역,,부산광역시 기장군 철마면 반송로 991
L2604|0414,0414,안평,L2604,부산 경량도시철도 4호선,부산광역시 부산교통공사,35.23733,129.17183,일반역,,부산광역시 기장군 철마면 반송로 1001
L48B1|0001,0001,사상,L48B1,부산김해경전철,부산-김해경전철㈜,35.1623018,128.9859408,환승역,부산김해경전철+부산 도시철도 2호선,부산광역시 사상구 광장로 83
L48B1|0002,0002,괘법르네시떼,L48B1,부산김해경전철,부산-김해경전철㈜,35.1632616,128.9776836,일반역,,부산광역시 사상구 광장로 9
L48B1|0003,0003,서부산유통지구,L48B1,부산김해경전철,부산-김해경전철㈜,35.16640204,128.9548881,일반역,,부산광역시 강서구 유통단지1로 57번길 7
L48B1|0004,0004,공항,L48B1,부산김해경전철,부산-김해경전철㈜,35.171906,128.948586,일반역,,부산광역시 강서구 공항진입로 165
L48B1|0005,0005,덕두,L48B1,부산김해경전철,부산-김해경전철㈜,35.182001,128.954198,일반역,,부산광역시 강서구 경전철로 10
L48B1|0006,0006,등구,L48B1,부산김해경전철,부산-김해경전철㈜,35.196143,128.963599,일반역,,부산광역시 강서구 경전철로 194
L48B1|0007,0007,대저,L48B1,부산김해경전철,부산-김해경전철㈜,35.213066,128.960562,환승역,부산김해경전철+부산 도시철도 3호선,부산광역시 강서구 낙동북로 294
L48B1|0008,0008,평강,L48B1,부산김해경전철,부산-김해경전철㈜,35.214105,128.950825,일반역,,부산광역시 강서구 낙동북로 203
L48B1|0009,0009,대사,L48B1,부산김해경전철,부산-김해경전철㈜,35.217657,128.938417,일반역,,부산광역시 강서구 낙동북로 82
L48B1|0010,0010,불암,L48B1,부산김해경전철,부산-김해경전철㈜,35.222162,128.927893,일반역,,경상남도 김해시 김해대로 2787
L48B1|0011,0011,지내,L48B1,부산김해경전철,부산-김해경전철㈜,35.2275,128.923721,일반역,,경상남도 김해시 김해대로 2718
L48B1|0012,0012,김해대학,L48B1,부산김해경전철,부산-김해경전철㈜,35.22899,128.915612,일반역,,경상남도 김해시 김해대로 2641
L48B1|0013,0013,인제대,L48B1,부산김해경전철,부산-김해경전철㈜,35.228099,128.901736,일반역,,경상남도 김해시 김해대로 2515
L48B1|0014,0014,김해시청,L48B1,부산김해경전철,부산-김해경전철㈜,35.227103,128.89041,일반역,,경상남도 김해시 김해대로 2408
L48B1|0015,0015,부원,L48B1,부산김해경전철,부산-김해경전철㈜,35.22646624,128.8838997,일반역,,경상남도 김해시 김해대로 2350
L48B1|0016,0016,봉황,L48B1,부산김해경전철,부산-김해경전철㈜,35.22726757,128.8743069,일반역,,경상남도 김해시 김해대로 2249
L48B1|0017,0017,수로왕릉,L48B1,부산김해경전철,부산-김해경전철㈜,35.2328215,128.8721409,일반역,,경상남도 김해시 김해대로 2181
L48B1|0018,0018,박물관,L48B1,부산김해경전철,부산-김해경전철㈜,35.24006467,128.8718628,일반역,,경상남도 김해시 김해대로 2103
L48B1|0019,0019,연지공원,L48B1,부산김해경전철,부산-김해경전철㈜,35.24965763,128.8692908,일반역,,경상남도 김해시 해반천로 5
L48B1|0020,0020,장신대,L48B1,부산김해경전철,부산-김해경전철㈜,35.25955642,128.8671142,일반역,,경상남도 김해시 해반천로 129
L48B1|0021,0021,가야대,L48B1,부산김해경전철,부산-김해경전철㈜,35.26672721,128.8650703,일반역,,경상남도 김해시 해반천로 211
I4101|0124,0124,청량리(서울시립대입구),I4101,1호선,서울교통공사,37.580148,127.045063,환승역,수도권  광역철도 분당+수도권  광역철도 경춘+수도권  광역철도 경의중앙,서울특별시 동대문구 왕산로 지하205(전농동)
I4101|0125,0125,제기동,I4101,1호선,서울교통공사,37.578116,127.034902,일반역,,서울특별시 동대문구 왕산로 지하93(제기동)
I4101|0126,0126,신설동,I4101,1호선,서울교통공사,37.576117,127.02471,환승역,수도권  도시철도 2호선,서울특별시 동대문구 왕산로 지하1(신설동)
I4101|0127,0127,동묘앞,I4101,1호선,서울교통공사,37.573265,127.016459,환승역,수도권  도시철도 6호선,서울특별시 종로구 종로 359(숭인동)
I4101|0128,0128,동대문,I4101,1호선,서울교통공사,37.571646,127.01069,환승역,수도권  광역철도 4호선,서울특별시 종로구 종로 지하302(창신동)
I4101|0129,0129,종로5가,I4101,1호선,서울교통공사,37.570971,127.0019,일반역,,서울특별시 종로구 종로 지하216(종로5가)
I4101|0130,0130,종로3가,I4101,1호선,서울교통공사,37.570429,126.992095,환승역,수도권  광역철도 3호선+수도권  도시철도 5호선,서울특별시 종로구 종로 지하129(종로3가)
I4101|0131,0131,종각,I4101,1호선,서울교통공사,37.570203,126.983116,일반역,,서울특별시 종로구 종로 지하55(종로1가)
I4101|0132,0132,시청,I4101,1호선,서울교통공사,37.565211,126.977207,환승역,수도권  도시철도 2호선,서울특별시 중구 세종대로 지하101(정동)
I4101|0133,0133,서울역,I4101,1호선,서울교통공사,37.55585,126.972103,환승역,수도권  광역철도 4호선+수도권  광역철도 경의중앙+수도권  광역철도 공항,서울특별시 중구 세종대로 지하2(남대문로 5가)
S1102|0201,0201,시청,S1102,2호선,서울교통공사,37.563534,126.975271,환승역,수도권  광역철도 1호선,서울특별시 중구 서소문로 지하127(서소문동)
S1102|0202,0202,을지로입구,S1102,2호선,서울교통공사,37.565998,126.982569,일반역,,서울특별시 중구 을지로 지하42(을지로1가)
S1102|0203,0203,을지로3가,S1102,2호선,서울교통공사,37.566292,126.990873,환승역,수도권  광역철도 3호선,서울특별시 중구 을지로 지하106(을지로3가)
S1102|0204,0204,을지로4가,S1102,2호선,서울교통공사,37.566611,126.997622,환승역,수도권  도시철도 5호선,서울특별시 중구 을지로 지하178(을지로4가)
S1102|0205,0205,동대문역사문화공원(DDP),S1102,2호선,서울교통공사,37.565609,127.009083,환승역,수도권  광역철도 4호선+수도권  도시철도 5호선,서울특별시 중구 을지로 지하279(을지로7가)
S1102|0206,0206,신당,S1102,2호선,서울교통공사,37.565675,127.0194259,환승역,수도권  도시철도 6호선,서울특별시 중구 퇴계로 지하431-1(신당동)
S1102|0207,0207,상왕십리,S1102,2호선,서울교통공사,37.564444,127.029322,일반역,,서울특별시 성동구 왕십리로 지하374(하왕십리동)
S1102|0208,0208,왕십리(성동구청),S1102,2호선,서울교통공사,37.561289,127.0370615,환승역,수도권  도시철도 5호선+수도권 광역철도 분당+수도권 광역철도 경의중앙,서울특별시 성동구 왕십리로 지하300(행당동)
S1102|0209,0209,한양대,S1102,2호선,서울교통공사,37.555758,127.0436594,일반역,,서울특별시 성동구 왕십리로 206(행당동)
S1102|0210,0210,뚝섬,S1102,2호선,서울교통공사,37.54718,127.047413,일반역,,서울특별시 성동구 아차산로 18(성수동1가)
S1102|0211,0211,성수,S1102,2호선,서울교통공사,37.544628,127.055983,일반역,,서울특별시 성동구 아차산로 100(성수동2가)
S1102|0212,0212,건대입구,S1102,2호선,서울교통공사,37.540408,127.069231,환승역,수도권  도시철도 7호선,서울특별시 광진구 아차산로 243(화양동)
S1102|0213,0213,구의(광진구청),S1102,2호선,서울교통공사,37.537157,127.0862124,일반역,,서울특별시 광진구 아차산로 384-1(구의동)
S1102|0214,0214,강변(동서울터미널),S1102,2호선,서울교통공사,37.535161,127.094684,일반역,,서울특별시 광진구 강변역로 53(구의동)
S1102|0215,0215,잠실나루,S1102,2호선,서울교통공사,37.520688,127.103836,일반역,,서울특별시 송파구 오금로 20(신천동)
S1102|0216,0216,잠실(송파구청),S1102,2호선,서울교통공사,37.513305,127.100129,환승역,수도권  도시철도 8호선,서울특별시 송파구 올림픽로 지하265(신천동)
S1102|0217,0217,잠실새내,S1102,2호선,서울교통공사,37.511653,127.086224,일반역,,서울특별시 송파구 올림픽로 지하140(잠실동)
S1102|0218,0218,종합운동장,S1102,2호선,서울교통공사,37.511128,127.073841,환승역,수도권  도시철도 9호선,서울특별시 송파구 올림픽로 지하23(잠실동)
S1102|0219,0219,삼성(무역센터),S1102,2호선,서울교통공사,37.508827,127.063203,일반역,,서울특별시 강남구 테헤란로 지하538(삼성동)
S1102|0220,0220,선릉,S1102,2호선,서울교통공사,37.504257,127.048174,환승역,수도권  광역철도 분당,서울특별시 강남구 테헤란로 지하340(삼성동)
S1102|0221,0221,역삼,S1102,2호선,서울교통공사,37.500658,127.03643,일반역,,서울특별시 강남구 테헤란로 지하156(역삼동)
S1102|0222,0222,강남,S1102,2호선,서울교통공사,37.49805,127.02795,환승역,수도권  광역철도 신분당선,서울특별시 강남구 강남대로 지하396(역삼동)
S1102|0223,0223,교대(법원·검찰청),S1102,2호선,서울교통공사,37.493957,127.014431,환승역,수도권  광역철도 3호선,서울특별시 서초구 서초대로 지하294(서초동)
S1102|0224,0224,서초,S1102,2호선,서울교통공사,37.49191,127.007685,일반역,,서울특별시 서초구 서초대로 지하233(서초동)
S1102|0225,0225,방배,S1102,2호선,서울교통공사,37.481469,126.997627,일반역,,서울특별시 서초구 방배로 지하80(방배동)
S1102|0226,0226,사당,S1102,2호선,서울교통공사,37.476536,126.981631,환승역,수도권  광역철도 4호선,서울특별시 동작구 남부순환로 지하2089(사당동)
S1102|0227,0227,낙성대(강감찬),S1102,2호선,서울교통공사,37.47713,126.963583,일반역,,서울특별시 관악구 남부순환로 지하1928(봉천동)
S1102|0228,0228,서울대입구(관악구청),S1102,2호선,서울교통공사,37.481233,126.952745,일반역,,서울특별시 관악구 남부순환로 지하1822(봉천동)
S1102|0229,0229,봉천,S1102,2호선,서울교통공사,37.482416,126.941696,일반역,,서울특별시 관악구 남부순환로 지하1721(봉천동)
S1102|0230,0230,신림,S1102,2호선,서울교통공사,37.484216,126.929573,일반역,,서울특별시 관악구 남부순환로 지하1614(신림동)
S1102|0231,0231,신대방,S1102,2호선,서울교통공사,37.487604,126.913479,일반역,,서울특별시 동작구 대림로 2(신대방동)
S1102|0232,0232,구로디지털단지,S1102,2호선,서울교통공사,37.4852931,126.901456,일반역,,서울특별시 구로구 도림천로 477(구로동)
S1102|0233,0233,대림(구로구청),S1102,2호선,서울교통공사,37.4932826,126.8949793,환승역,수도권  도시철도 7호선,서울특별시 구로구 도림천로 351(구로동)
S1102|0234,0234,신도림,S1102,2호선,서울교통공사,37.508815,126.891222,환승역,수도권  광역철도 1호선+수도권 도시철도 2호선,서울특별시 구로구 새말로 지하 117-21(신도림동)
S1102|0235,0235,문래,S1102,2호선,서울교통공사,37.517993,126.894766,일반역,,서울특별시 영등포구 당산로 지하28(문래동3가)
S1102|0236,0236,영등포구청,S1102,2호선,서울교통공사,37.525766,126.896627,환승역,수도권  도시철도 5호선,서울특별시 영등포구 당산로 지하121(당산동3가)
S1102|0237,0237,당산,S1102,2호선,서울교통공사,37.534807,126.902611,환승역,수도권  도시철도 9호선,서울특별시 영등포구 당산로 229(당산동6가)
S1102|0238,0238,합정,S1102,2호선,서울교통공사,37.550025,126.914557,환승역,수도권  도시철도 6호선,서울특별시 마포구 양화로 지하55(서교동)
S1102|0239,0239,홍대입구,S1102,2호선,서울교통공사,37.556748,126.923643,환승역,수도권  광역철도 공항+수도권 광역철도 경의중앙,서울특별시 마포구 양화로 지하160(동교동)
S1102|0240,0240,신촌(지하),S1102,2호선,서울교통공사,37.555153,126.93689,일반역,,서울특별시 마포구 신촌로 지하90(노고산동)
S1102|0241,0241,이대,S1102,2호선,서울교통공사,37.556734,126.945897,일반역,,서울특별시 마포구 신촌로 지하180(염리동)
S1102|0242,0242,아현,S1102,2호선,서울교통공사,37.557407,126.956079,일반역,,서울특별시 마포구 신촌로 지하270(아현동)
S1102|0243,0243,충정로(경기대입구),S1102,2호선,서울교통공사,37.559742,126.964455,환승역,수도권  도시철도 5호선,서울특별시 서대문구 서소문로 지하17(충정로3가)
I1103|0319,0319,지축,I1103,3호선,서울교통공사,37.648151,126.913751,일반역,,경기도 고양시 덕양구 삼송로 300(지축동)
I1103|0320,0320,구파발,I1103,3호선,서울교통공사,37.636612,126.918827,일반역,,서울특별시 은평구 진관2로 지하15-25 (진관동)
I1103|0321,0321,연신내,I1103,3호선,서울교통공사,37.619295,126.920959,환승역,수도권  도시철도 6호선,서울특별시 은평구 통일로 지하849(갈현동)
I1103|0322,0322,불광,I1103,3호선,서울교통공사,37.610154,126.930183,환승역,수도권  도시철도 6호선,서울특별시 은평구 통일로 지하723-1(대조동)
I1103|0323,0323,녹번,I1103,3호선,서울교통공사,37.600882,126.935758,일반역,,서울특별시 은평구 통일로 지하602-1(녹번동)
I1103|0324,0324,홍제,I1103,3호선,서울교통공사,37.588851,126.944092,일반역,,서울특별시 서대문구 통일로 지하440-1(홍제동)
I1103|0325,0325,무악재,I1103,3호선,서울교통공사,37.582658,126.950131,일반역,,서울특별시 서대문구 통일로 지하361(홍제동)
I1103|0326,0326,독립문,I1103,3호선,서울교통공사,37.574534,126.957902,일반역,,서울특별시 서대문구 통일로 지하247(현저동)
I1103|0327,0327,경복궁(정부서울청사),I1103,3호선,서울교통공사,37.575844,126.973576,일반역,,서울특별시 종로구 사직로 지하130(적선동)
I1103|0328,0328,안국,I1103,3호선,서울교통공사,37.576562,126.98547,일반역,,서울특별시 종로구 율곡로 지하62(안국동)
I1103|0329,0329,종로3가,I1103,3호선,서울교통공사,37.571537,126.991837,환승역,수도권  도시철도 5호선+수도권 광역철도 1호선,서울특별시 종로구 돈화문로 지하30(묘동)
I1103|0330,0330,을지로3가,I1103,3호선,서울교통공사,37.566299,126.992616,환승역,수도권  도시철도 2호선,서울특별시 중구 을지로 지하129(을지로3가)
I1103|0331,0331,충무로,I1103,3호선,서울교통공사,37.561382,126.994173,환승역,수도권  광역철도 4호선,서울특별시 중구 퇴계로 지하214(필동2가)
I1103|0332,0332,동대입구,I1103,3호선,서울교통공사,37.55906,127.005273,일반역,,서울특별시 중구 동호로 지하256(장충동2가)
I1103|0333,0333,약수,I1103,3호선,서울교통공사,37.554554,127.010858,환승역,수도권  도시철도 6호선,서울특별시 중구 다산로 지하122(신당동)
I1103|0334,0334,금호,I1103,3호선,서울교통공사,37.548269,127.015785,일반역,,서울특별시 성동구 동호로 지하104(금호동4가)
I1103|0335,0335,옥수,I1103,3호선,서울교통공사,37.541653,127.017303,환승역,수도권  광역철도 경의중앙,서울특별시 성동구 동호로 21(옥수동)
I1103|0336,0336,압구정,I1103,3호선,서울교통공사,37.526169,127.028502,일반역,,서울특별시 강남구 압구정로 지하172(신사동)
I1103|0337,0337,신사,I1103,3호선,서울교통공사,37.516438,127.020247,일반역,,서울특별시 강남구 도산대로 지하102(신사동)
I1103|0338,0338,잠원,I1103,3호선,서울교통공사,37.512989,127.011613,일반역,,서울특별시 서초구 잠원로4길 지하46(잠원동)
I1103|0339,0339,고속터미널,I1103,3호선,서울교통공사,37.504953,127.004916,환승역,수도권  도시철도 7호선+수도권  도시철도 9호선,서울특별시 서초구 신반포로 지하188(반포동)
I1103|0340,0340,교대(법원·검찰청),I1103,3호선,서울교통공사,37.49306,127.013796,환승역,수도권  도시철도 2호선,서울특별시 서초구 서초대로 지하294(서초동)
I1103|0341,0341,남부터미널(예술의전당),I1103,3호선,서울교통공사,37.48494,127.016289,일반역,,서울특별시 서초구 서초중앙로 지하31(서초동)
I1103|0342,0342,양재(서초구청),I1103,3호선,서울교통공사,37.48458,127.03423,환승역,수도권  광역철도 신분당선,서울특별시 서초구 남부순환로 지하2585(서초동)
I1103|0343,0343,매봉,I1103,3호선,서울교통공사,37.487114,127.046907,일반역,,서울특별시 강남구 남부순환로 지하2744(도곡동)
I1103|0344,0344,도곡,I1103,3호선,서울교통공사,37.491129,127.055694,환승역,수도권  광역철도 분당,서울특별시 강남구 남부순환로 지하2814(도곡동)
I1103|0345,0345,대치,I1103,3호선,서울교통공사,37.494601,127.063449,일반역,,서울특별시 강남구 남부순환로 지하2952(대치동)
I1103|0346,0346,학여울,I1103,3호선,서울교통공사,37.496787,127.0708601,일반역,,서울특별시 강남구 남부순환로 지하3104(대치동)
I1103|0347,0347,대청,I1103,3호선,서울교통공사,37.493607,127.079526,일반역,,서울특별시 강남구 일원로 지하2(일원동)
I1103|0348,0348,일원,I1103,3호선,서울교통공사,37.48389,127.08416,일반역,,서울특별시 강남구 일원로 지하121(일원동)
I1103|0349,0349,수서,I1103,3호선,서울교통공사,37.4875,127.101924,환승역,수도권  광역철도 분당,서울특별시 강남구 광평로 지하270(수서동)
I1103|0350,0350,가락시장,I1103,3호선,서울교통공사,37.492318,127.1177,환승역,수도권  도시철도 8호선,서울특별시 송파구 송파대로 지하257(가락동)
I1103|0351,0351,경찰병원,I1103,3호선,서울교통공사,37.495754,127.124198,일반역,,서울특별시 송파구 중대로 지하149(가락동)
I1103|0352,0352,오금,I1103,3호선,서울교통공사,37.502288,127.128344,환승역,수도권  도시철도 5호선,서울특별시 송파구 오금로 지하321(오금동)
I1104|0409,0409,불암산,I1104,4호선,서울교통공사,37.67009,127.079004,일반역,,서울특별시 노원구 상계로 305(상계동)
I1104|0410,0410,상계,I1104,4호선,서울교통공사,37.660576,127.073199,일반역,,서울특별시 노원구 상계로 182(상계동)
I1104|0411,0411,노원,I1104,4호선,서울교통공사,37.656274,127.063183,환승역,수도권  도시철도 7호선,서울특별시 노원구 상계로 69-1(상계동)
I1104|0412,0412,창동,I1104,4호선,서울교통공사,37.653315,127.048304,환승역,수도권  광역철도 1호선,서울특별시 도봉구 마들로11길 77(창동)
I1104|0413,0413,쌍문,I1104,4호선,서울교통공사,37.648274,127.034381,일반역,,서울특별시 도봉구 도봉로 지하 486-1(창동)
I1104|0414,0414,수유(강북구청),I1104,4호선,서울교통공사,37.637727,127.025371,일반역,,서울특별시 강북구 도봉로 지하338(수유동)
I1104|0415,0415,미아(서울사이버대학),I1104,4호선,서울교통공사,37.626435,127.026151,일반역,,서울특별시 강북구 도봉로 지하198(미아동)
I1104|0416,0416,미아사거리,I1104,4호선,서울교통공사,37.613276,127.030083,일반역,,서울특별시 강북구 도봉로 지하50(미아동)
I1104|0417,0417,길음,I1104,4호선,서울교통공사,37.603387,127.025053,일반역,,서울특별시 성북구 동소문로 지하248(길음동)
I1104|0418,0418,성신여대입구(돈암),I1104,4호선,서울교통공사,37.592882,127.016908,일반역,수도권  광역철도 4호선,서울특별시 성북구 동소문로 지하102(동선동4가)
I1104|0419,0419,한성대입구(삼선교),I1104,4호선,서울교통공사,37.58838,127.005951,일반역,,서울특별시 성북구 삼선교로 지하1(삼선동1가)
I1104|0420,0420,혜화,I1104,4호선,서울교통공사,37.582116,127.001929,일반역,,서울특별시 종로구 대학로 지하120(명륜4가)
I1104|0421,0421,동대문,I1104,4호선,서울교통공사,37.57099,127.00925,환승역,수도권  광역철도 1호선,서울특별시 종로구 율곡로 지하308(종로6가)
I1104|0422,0422,동대문역사문화공원(DDP),I1104,4호선,서울교통공사,37.565141,127.007808,환승역,수도권  도시철도 2호선+수도권  도시철도 5호선,서울특별시 중구 장충단로 지하230(광희동2가)
I1104|0423,0423,충무로,I1104,4호선,서울교통공사,37.561352,126.994573,환승역,수도권  광역철도 3호선,서울특별시 중구 퇴계로 지하214(필동2가)
I1104|0424,0424,명동,I1104,4호선,서울교통공사,37.560955,126.986271,일반역,,서울특별시 중구 퇴계로 지하126(충무로2가)
I1104|0425,0425,회현(남대문시장),I1104,4호선,서울교통공사,37.558698,126.978346,일반역,,서울특별시 중구 퇴계로 지하54(남창동)
I1104|0426,0426,서울역,I1104,4호선,서울교통공사,37.553172,126.972706,환승역,수도권  광역철도 1호선+수도권 광역철도 경의중앙+수도권 광역철도 공항,서울특별시 용산구 한강대로 지하392(동자동)
I1104|0427,0427,숙대입구(갈월),I1104,4호선,서울교통공사,37.5447834,126.9721,일반역,,서울특별시 용산구 한강대로 지하306(갈월동)
I1104|0428,0428,삼각지(전쟁기념관),I1104,4호선,서울교통공사,37.534457,126.972992,환승역,수도권  도시철도 6호선,서울특별시 용산구 한강대로 지하180(한강로1가)
I1104|0429,0429,신용산,I1104,4호선,서울교통공사,37.52909,126.96788,일반역,,서울특별시 용산구 한강대로 지하112(한강로2가)
I1104|0430,0430,이촌(국립중앙박물관),I1104,4호선,서울교통공사,37.522476,126.973816,환승역,수도권  광역철도 경의중앙,서울특별시 용산구 서빙고로 지하83(용산동5가)
I1104|0431,0431,동작(현충원),I1104,4호선,서울교통공사,37.503567,126.980171,환승역,수도권  도시철도 9호선,서울특별시 동작구 현충로 257(동작동)
I1104|0432,0432,총신대입구(이수),I1104,4호선,서울교통공사,37.487521,126.982309,환승역,수도권  도시철도 7호선,서울특별시 동작구 동작대로 지하117(사당동)
I1104|0433,0433,사당,I1104,4호선,서울교통공사,37.476263,126.981636,환승역,수도권  도시철도 2호선,서울특별시 동작구  동작대로 지하3(사당동)
I1104|0434,0434,남태령,I1104,4호선,서울교통공사,37.464339,126.989081,일반역,,서울특별시 서초구 과천대로 지하816(방배동)
S1105|0510,0510,방화,S1105,5호선,서울교통공사,37.577669,126.812822,일반역,,서울특별시 강서구 금낭화로 지하132(방화동)
S1105|0511,0511,개화산,S1105,5호선,서울교통공사,37.572458,126.806838,일반역,,서울특별시 강서구 양천로 22(방화동)
S1105|0512,0512,김포공항,S1105,5호선,서울교통공사,37.56217,126.801273,환승역,수도권 도시철도 9호선+수도권 광역철도 공항+김포도시철도+서해선,서울특별시 강서구 하늘길 지하77(방화동)
S1105|0513,0513,송정,S1105,5호선,서울교통공사,37.561201,126.812052,일반역,,서울특별시 강서구 공항대로 지하33(공항동)
S1105|0514,0514,마곡,S1105,5호선,서울교통공사,37.56018,126.825484,일반역,,서울특별시 강서구 공항대로 지하163(마곡동)
S1105|0515,0515,발산,S1105,5호선,서울교통공사,37.558692,126.837633,일반역,,서울특별시 강서구 공항대로 지하267(마곡동)
S1105|0516,0516,우장산,S1105,5호선,서울교통공사,37.548864,126.83633,일반역,,서울특별시 강서구 강서로 지하262(화곡동)
S1105|0517,0517,화곡,S1105,5호선,서울교통공사,37.541585,126.840436,일반역,,서울특별시 강서구 화곡로 지하168(화곡동)
S1105|0518,0518,까치산,S1105,5호선,서울교통공사,37.5322,126.84645,환승역,수도권  도시철도 2호선,서울특별시 강서구 강서로 지하54(화곡동)
S1105|0519,0519,신정(은행정),S1105,5호선,서울교통공사,37.525001,126.856176,일반역,,서울특별시 양천구 오목로 지하179(신정동)
S1105|0520,0520,목동,S1105,5호선,서울교통공사,37.526088,126.864296,일반역,,서울특별시 양천구 오목로 지하245(목동)
S1105|0521,0521,오목교(목동운동장앞),S1105,5호선,서울교통공사,37.524557,126.875049,일반역,,서울특별시 양천구 오목로 지하342(목동)
S1105|0522,0522,양평,S1105,5호선,서울교통공사,37.525614,126.886177,일반역,,서울특별시 영등포구 양산로 지하21(양평동2가)
S1105|0523,0523,영등포구청,S1105,5호선,서울교통공사,37.524209,126.895022,환승역,수도권  도시철도 2호선,서울특별시 영등포구 양산로 지하116(당산동3가)
S1105|0524,0524,영등포시장,S1105,5호선,서울교통공사,37.52276,126.905143,일반역,,서울특별시 영등포구 양산로 지하200(영등포동5가)
S1105|0525,0525,신길,S1105,5호선,서울교통공사,37.51763,126.914886,환승역,수도권  광역철도 1호선,서울특별시 영등포구 경인로114가길 지하9(영등포동1가)
S1105|0526,0526,여의도,S1105,5호선,서울교통공사,37.521678,126.924318,환승역,수도권  도시철도 9호선,서울특별시 영등포구 여의나루로 지하40(여의도동)
S1105|0527,0527,여의나루,S1105,5호선,서울교통공사,37.527045,126.932807,일반역,,서울특별시 영등포구 여의동로 지하343(여의도동)
S1105|0528,0528,마포,S1105,5호선,서울교통공사,37.539718,126.946043,일반역,,서울특별시 마포구 마포대로 지하33(도화동)
S1105|0529,0529,공덕,S1105,5호선,서울교통공사,37.544005,126.951058,환승역,수도권  도시철도 6호선,서울특별시 마포구 마포대로 지하100(공덕동)
S1105|0530,0530,애오개,S1105,5호선,서울교통공사,37.553592,126.956733,일반역,,서울특별시 마포구 마포대로 지하210(아현동)
S1105|0531,0531,충정로(경기대입구),S1105,5호선,서울교통공사,37.560061,126.962783,환승역,수도권  도시철도 2호선,서울특별시 서대문구 충정로 지하 28-1(충정로3가)
S1105|0532,0532,서대문,S1105,5호선,서울교통공사,37.565812,126.966639,일반역,,서울특별시 종로구 통일로 지하126(평동)
S1105|0533,0533,광화문(세종문화회관),S1105,5호선,서울교통공사,37.571645,126.976568,일반역,,서울특별시 종로구 세종대로 지하172(세종로)
S1105|0534,0534,종로3가(탑골공원),S1105,5호선,서울교통공사,37.572546,126.990447,환승역,수도권  광역철도 3호선+수도권 광역철도 1호선,서울특별시 종로구 돈화문로11길 지하 26(돈의동)
S1105|0535,0535,을지로4가,S1105,5호선,서울교통공사,37.56728,126.998127,환승역,수도권  도시철도 2호선,서울특별시 중구 창경궁로 지하51(주교동)
S1105|0536,0536,동대문역사문화공원(DDP),S1105,5호선,서울교통공사,37.564682,127.00533,환승역,수도권  도시철도 2호선+수도권 광역철도 4호선,서울특별시 중구 마른내로 지하162(광희동1가)
S1105|0537,0537,청구,S1105,5호선,서울교통공사,37.560237,127.01379,환승역,수도권  도시철도 6호선,서울특별시 중구 청구로 지하77(신당동)
S1105|0538,0538,신금호,S1105,5호선,서울교통공사,37.554504,127.020403,일반역,,서울특별시 성동구 금호로 지하154(금호동2가)
S1105|0539,0539,행당,S1105,5호선,서울교통공사,37.557297,127.029482,일반역,,서울특별시 성동구 행당로 지하89(행당동)
S1105|0540,0540,왕십리(성동구청),S1105,5호선,서울교통공사,37.56197,127.037264,환승역,수도권  도시철도 2호선+수도권 광역철도 분당+수도권 광역철도 경의중앙,서울특별시 성동구 왕십리로 지하300(행당동)
S1105|0541,0541,마장,S1105,5호선,서울교통공사,37.566066,127.042921,일반역,,서울특별시 성동구 마장로 지하296(마장동)
S1105|0542,0542,답십리,S1105,5호선,서울교통공사,37.566833,127.05266,일반역,,서울특별시 성동구 천호대로 지하300(용답동)
S1105|0543,0543,장한평,S1105,5호선,서울교통공사,37.561438,127.064601,일반역,,서울특별시 동대문구 천호대로 지하405(장안동)
S1105|0544,0544,군자(능동),S1105,5호선,서울교통공사,37.557102,127.079559,환승역,수도권  도시철도 7호선,서울특별시 광진구 천호대로 지하550(능동)
S1105|0545,0545,아차산(어린이대공원후문),S1105,5호선,서울교통공사,37.552005,127.089609,일반역,,서울특별시 광진구 천호대로 지하657(능동)
S1105|0546,0546,광나루(장신대),S1105,5호선,서울교통공사,37.545301,127.103478,일반역,,서울특별시 광진구 아차산로 지하571(광장동)
S1105|0547,0547,천호(풍납토성),S1105,5호선,서울교통공사,37.538566,127.123539,환승역,수도권  도시철도 8호선,서울특별시 강동구 천호대로 지하997(천호동)
S1105|0548,0548,강동,S1105,5호선,서울교통공사,37.53581,127.13249,일반역,,서울특별시 강동구 천호대로 지하1097(천호동)
S1105|0549,0549,길동,S1105,5호선,서울교통공사,37.538022,127.140085,일반역,,서울특별시 강동구 양재대로 지하1480(길동)
S1105|0550,0550,굽은다리(강동구민회관앞),S1105,5호선,서울교통공사,37.545442,127.142844,일반역,,서울특별시 강동구 양재대로 지하1572(명일동)
S1105|0551,0551,명일,S1105,5호선,서울교통공사,37.551317,127.144002,일반역,,서울특별시 강동구 양재대로 지하1632(명일동)
S1105|0552,0552,고덕,S1105,5호선,서울교통공사,37.555002,127.154214,일반역,,서울특별시 강동구 고덕로 지하253(고덕동)
S1105|0553,0553,상일동,S1105,5호선,서울교통공사,37.556714,127.166381,일반역,,서울특별시 강동구 고덕로 지하359(상일동)
S1105|0554,0554,강일,S1105,5호선,서울교통공사,37.557521,127.176018,일반역,,서울특별시 강동구 고덕로 지하456(강일동)
S1105|0555,0555,미사,S1105,5호선,서울교통공사,37.56309,127.192954,일반역,,경기도 하남시 미사강변동로 지하90(망월동)
S1105|0556,0556,하남풍산,S1105,5호선,서울교통공사,37.552201,127.203897,일반역,,경기도 하남시 덕풍서로 지하50(덕풍동)
S1105|0557,0557,하남시청(덕풍∙신장),S1105,5호선,서울교통공사,37.541723,127.206901,일반역,,경기도 하남시 하남대로 지하820(덕풍동)
S1105|0558,0558,하남검단산,S1105,5호선,서울교통공사,37.539729,127.223427,일반역,,경기도 하남시 대청로 지하100(창우동)
S1106|0610,0610,응암,S1106,6호선,서울교통공사,37.59859,126.915583,일반역,,서울특별시 은평구 증산로 지하477(신사동)
S1106|0611,0611,역촌,S1106,6호선,서울교통공사,37.60605,126.922764,일반역,,서울특별시 은평구 서오릉로 지하63(녹번동)
S1106|0612,0612,불광,S1106,6호선,서울교통공사,37.610919,126.929504,환승역,수도권  광역철도 3호선,서울특별시 은평구 통일로 지하723-1(대조동)
S1106|0613,0613,독바위,S1106,6호선,서울교통공사,37.618413,126.933035,일반역,,서울특별시 은평구 불광로 지하129-1(불광동)
S1106|0614,0614,연신내,S1106,6호선,서울교통공사,37.618483,126.920403,환승역,수도권  광역철도 3호선,서울특별시 은평구 통일로 지하849(갈현동)
S1106|0615,0615,구산,S1106,6호선,서울교통공사,37.611196,126.9172519,일반역,,서울특별시 은평구 연서로 지하137-1(구산동)
S1106|0616,0616,새절(신사),S1106,6호선,서울교통공사,37.591148,126.913613,일반역,,서울특별시 은평구 증산로 지하400(신사동)
S1106|0617,0617,증산(명지대앞),S1106,6호선,서울교통공사,37.583989,126.909785,일반역,,서울특별시 은평구 증산로 지하306(증산동)
S1106|0618,0618,디지털미디어시티,S1106,6호선,서울교통공사,37.5760805,126.901343,환승역,수도권  광역철도 경의중앙+수도권 광역철도 공항,서울특별시 은평구 수색로 지하175(증산동)
S1106|0619,0619,월드컵경기장(성산),S1106,6호선,서울교통공사,37.569439,126.899077,일반역,,서울특별시 마포구 월드컵로 지하240(성산동)
S1106|0620,0620,마포구청,S1106,6호선,서울교통공사,37.563529,126.903356,일반역,,서울특별시 마포구 월드컵로 지하190(성산동)
S1106|0621,0621,망원,S1106,6호선,서울교통공사,37.556031,126.910129,일반역,,서울특별시 마포구 월드컵로 지하77(망원동)
S1106|0622,0622,합정,S1106,6호선,서울교통공사,37.549033,126.913546,환승역,수도권  도시철도 2호선,서울특별시 마포구 양화로 지하45(합정동)
S1106|0623,0623,상수,S1106,6호선,서울교통공사,37.547704,126.92292,일반역,,서울특별시 마포구 독막로 지하85(상수동)
S1106|0624,0624,광흥창(서강),S1106,6호선,서울교통공사,37.547464,126.931971,일반역,,서울특별시 마포구 독막로 지하165(창전동)
S1106|0625,0625,대흥(서강대앞),S1106,6호선,서울교통공사,37.547732,126.942214,일반역,,서울특별시 마포구 대흥로 지하85(대흥동)
S1106|0626,0626,공덕,S1106,6호선,서울교통공사,37.543592,126.951664,환승역,수도권  도시철도 5호선,서울특별시 마포구 백범로 지하200(공덕동)
S1106|0627,0627,효창공원앞,S1106,6호선,서울교통공사,37.539279,126.961348,환승역,수도권  광역철도 경의중앙,서울특별시 용산구 백범로 지하287(효창동)
S1106|0628,0628,삼각지(전쟁기념관),S1106,6호선,서울교통공사,37.535563,126.973996,환승역,수도권  광역철도 4호선,서울특별시 용산구 한강대로 지하185(한강로1가)
S1106|0629,0629,녹사평(용산구청),S1106,6호선,서울교통공사,37.53469,126.98665,일반역,,서울특별시 용산구 녹사평대로 지하195(용산동4가)
S1106|0630,0630,이태원,S1106,6호선,서울교통공사,37.534485,126.994369,일반역,,서울특별시 용산구 이태원로 지하177(이태원동)
S1106|0631,0631,한강진,S1106,6호선,서울교통공사,37.53956,127.001729,일반역,,서울특별시 용산구 이태원로 지하287(한남동)
S1106|0632,0632,버티고개,S1106,6호선,서울교통공사,37.547933,127.006948,일반역,,서울특별시 중구 다산로 지하38(신당동)
S1106|0633,0633,약수,S1106,6호선,서울교통공사,37.554087,127.010237,환승역,수도권  광역철도 3호선,서울특별시 중구 다산로 지하115(신당동)
S1106|0634,0634,청구,S1106,6호선,서울교통공사,37.560221,127.013776,환승역,수도권  도시철도 5호선,서울특별시 중구 청구로 지하77(신당동)
S1106|0635,0635,신당,S1106,6호선,서울교통공사,37.566174,127.016158,환승역,수도권  도시철도 2호선,서울특별시 중구 다산로 지하260(흥인동)
S1106|0636,0636,동묘앞,S1106,6호선,서울교통공사,37.572275,127.015666,환승역,수도권  광역철도 1호선,서울특별시 종로구 지봉로 지하24(숭인동)
S1106|0637,0637,창신,S1106,6호선,서울교통공사,37.579772,127.015246,일반역,,서울특별시 종로구 지봉로 지하112(창신동)
S1106|0638,0638,보문,S1106,6호선,서울교통공사,37.585426,127.019722,일반역,수도권  도시철도 6호선,서울특별시 성북구 보문로 지하116(보문동1가)
S1106|0639,0639,안암(고대병원앞),S1106,6호선,서울교통공사,37.586261,127.02903,일반역,,서울특별시 성북구 고려대로 지하89(안암동5가)
S1106|0640,0640,고려대(종암),S1106,6호선,서울교통공사,37.59034,127.03626,일반역,,서울특별시 성북구 종암로 지하1(종암동)
S1106|0641,0641,월곡(동덕여대),S1106,6호선,서울교통공사,37.60192,127.041492,일반역,,서울특별시 성북구 월곡로 지하107(하월곡동)
S1106|0642,0642,상월곡(한국과학기술연구원),S1106,6호선,서울교통공사,37.606392,127.048509,일반역,,서울특별시 성북구 화랑로 지하157(상월곡동)
S1106|0643,0643,돌곶이,S1106,6호선,서울교통공사,37.610522,127.056419,일반역,,서울특별시 성북구 화랑로 지하243(석관동)
S1106|0644,0644,석계,S1106,6호선,서울교통공사,37.614937,127.065922,환승역,수도권  광역철도 1호선,서울특별시 노원구 화랑로 지하 347-1(월계동) 
S1106|0645,0645,태릉입구,S1106,6호선,서울교통공사,37.617319,127.074741,환승역,수도권  도시철도 7호선,서울특별시 노원구 동일로 지하 992-1(공릉동)
S1106|0646,0646,화랑대(서울여대입구),S1106,6호선,서울교통공사,37.619875,127.084106,일반역,,서울특별시 노원구 화랑로 지하510(공릉동)
S1106|0647,0647,봉화산(서울의료원),S1106,6호선,서울교통공사,37.617429,127.0912326,일반역,,서울특별시 중랑구 신내로 지하232(신내동)
S1106|0648,0648,신내,S1106,6호선,서울교통공사,37.612571,127.104326,일반역,,서울특별시 중랑구 용마산로136길 33 신내차량기지
S1107|0709,0709,장암,S1107,7호선,서울교통공사,37.70015,127.053126,일반역,,경기도 의정부시 동일로 121(장암동)
S1107|0710,0710,도봉산,S1107,7호선,서울교통공사,37.689131,127.046548,환승역,수도권  광역철도 1호선,서울특별시 도봉구 도봉로 964-40(도봉동)
S1107|0711,0711,수락산,S1107,7호선,서울교통공사,37.677804,127.055314,일반역,,서울특별시 노원구 동일로 지하1662(상계동)
S1107|0712,0712,마들,S1107,7호선,서울교통공사,37.664985,127.057701,일반역,,서울특별시 노원구 동일로 지하1530-1(상계동)
S1107|0713,0713,노원,S1107,7호선,서울교통공사,37.654478,127.060555,환승역,수도권  광역철도 4호선,서울특별시 노원구 동일로 지하1409(상계동)
S1107|0714,0714,중계,S1107,7호선,서울교통공사,37.645052,127.064084,일반역,,서울특별시 노원구 동일로 지하1308-1(중계동)
S1107|0715,0715,하계,S1107,7호선,서울교통공사,37.636363,127.067999,일반역,,서울특별시 노원구 동일로 지하1196(하계동)
S1107|0716,0716,공릉(서울과학기술대),S1107,7호선,서울교통공사,37.625642,127.072969,일반역,,서울특별시 노원구 동일로 지하1074(공릉동)
S1107|0717,0717,태릉입구,S1107,7호선,서울교통공사,37.618519,127.075361,환승역,수도권  도시철도 6호선,서울특별시 노원구 동일로 지하 992-1(공릉동)
S1107|0718,0718,먹골,S1107,7호선,서울교통공사,37.610638,127.077719,일반역,,서울특별시 중랑구 동일로 지하901(묵동)
S1107|0719,0719,중화,S1107,7호선,서울교통공사,37.602604,127.079254,일반역,,서울특별시 중랑구 동일로 지하797(중화동)
S1107|0720,0720,상봉,S1107,7호선,서울교통공사,37.595673,127.085708,환승역,수도권  광역철도 경춘+수도권 광역철도 경의중앙,서울특별시 중랑구 망우로 297(상봉동)
S1107|0721,0721,면목,S1107,7호선,서울교통공사,37.588671,127.087503,일반역,,서울특별시 중랑구 면목로 지하407(면목동) 
S1107|0722,0722,사가정,S1107,7호선,서울교통공사,37.580912,127.088502,일반역,,서울특별시 중랑구 사가정로 지하393(면목동)
S1107|0723,0723,용마산(용마폭포공원),S1107,7호선,서울교통공사,37.573752,127.086802,일반역,,서울특별시 중랑구 용마산로 지하227(면목동)
S1107|0724,0724,중곡,S1107,7호선,서울교통공사,37.565877,127.084291,일반역,,서울특별시 광진구 능동로 지하417(중곡동)
S1107|0725,0725,군자(능동),S1107,7호선,서울교통공사,37.557151,127.079484,환승역,수도권  도시철도 5호선,서울특별시 광진구 천호대로 지하550(능동)
S1107|0726,0726,어린이대공원(세종대),S1107,7호선,서울교통공사,37.547962,127.07465,일반역,,서울특별시 광진구 능동로 지하210(화양동)
S1107|0727,0727,건대입구,S1107,7호선,서울교통공사,37.540882,127.071103,환승역,수도권  도시철도 2호선,서울특별시 광진구 능동로 지하110(화양동)
S1107|0728,0728,자양(뚝섬한강공원),S1107,7호선,서울교통공사,37.531558,127.066714,일반역,,서울특별시 광진구 능동로 10(자양동)
S1107|0729,0729,청담,S1107,7호선,서울교통공사,37.519097,127.051851,일반역,,서울특별시 강남구 학동로 지하508(청담동)
S1107|0730,0730,강남구청,S1107,7호선,서울교통공사,37.517185,127.04122,환승역,수도권  광역철도 분당,서울특별시 강남구 학동로 지하346(삼성동)
S1107|0731,0731,학동,S1107,7호선,서울교통공사,37.514262,127.031738,일반역,,서울특별시 강남구 학동로 지하180(논현동)
S1107|0732,0732,논현,S1107,7호선,서울교통공사,37.511108,127.021385,일반역,,서울특별시 강남구 학동로 지하102(논현동)
S1107|0733,0733,반포,S1107,7호선,서울교통공사,37.508171,127.011717,일반역,,서울특별시 서초구 신반포로 지하241(잠원동)
S1107|0734,0734,고속터미널,S1107,7호선,서울교통공사,37.503387,127.005055,환승역,수도권  광역철도 3호선+수도권 도시철도 9호선,서울특별시 서초구 신반포로 지하188(반포동)
S1107|0735,0735,내방,S1107,7호선,서울교통공사,37.48764,126.993541,일반역,,서울특별시 서초구 서초대로 지하103(방배동)
S1107|0736,0736,이수,S1107,7호선,서울교통공사,37.485258,126.981766,환승역,수도권  광역철도 4호선,서울특별시 동작구 사당로 지하310(사당동)
S1107|0737,0737,남성,S1107,7호선,서울교통공사,37.484688,126.971108,일반역,,서울특별시 동작구 사당로 지하218(사당동)
S1107|0738,0738,숭실대입구(살피재),S1107,7호선,서울교통공사,37.496258,126.953649,일반역,,서울특별시 동작구 상도로 지하378(상도동)
S1107|0739,0739,상도,S1107,7호선,서울교통공사,37.50279,126.947949,일반역,,서울특별시 동작구 상도로 지하272(상도1동)
S1107|0740,0740,장승배기,S1107,7호선,서울교통공사,37.504845,126.939025,일반역,,서울특별시 동작구 상도로 지하188(상도동) 
S1107|0741,0741,신대방삼거리,S1107,7호선,서울교통공사,37.499717,126.928218,일반역,,서울특별시 동작구 상도로 지하76(대방동)
S1107|0742,0742,보라매,S1107,7호선,서울교통공사,37.499916,126.920112,일반역,,서울특별시 동작구 상도로 지하2(대방동)
S1107|0743,0743,신풍,S1107,7호선,서울교통공사,37.500107,126.909806,일반역,,서울특별시 영등포구 신풍로 지하27(신길동)
S1107|0744,0744,대림(구로구청),S1107,7호선,서울교통공사,37.492984,126.896997,환승역,수도권  도시철도 2호선,서울특별시 영등포구 도림로 지하137(대림동)
S1107|0745,0745,남구로,S1107,7호선,서울교통공사,37.486181,126.887372,일반역,,서울특별시 구로구 도림로 지하7(구로동) 
S1107|0746,0746,가산디지털단지,S1107,7호선,서울교통공사,37.480376,126.882704,환승역,수도권  광역철도 1호선,서울특별시 금천구 벚꽃로 309(가산동)
S1107|0747,0747,철산,S1107,7호선,서울교통공사,37.47616,126.868217,일반역,,경기도 광명시 철산로 지하13(철산동)
S1107|0748,0748,광명사거리,S1107,7호선,서울교통공사,37.47927,126.854854,일반역,,경기도 광명시 오리로 지하980(광명동)
S1107|0749,0749,천왕,S1107,7호선,서울교통공사,37.486699,126.838684,일반역,,서울특별시 구로구 오리로 지하1154(천왕동)
S1107|0750,0750,온수(성공회대입구),S1107,7호선,서울교통공사,37.492059,126.823294,환승역,수도권  광역철도 1호선,서울특별시 구로구 경인로3길 지하64(온수동)
S1108|0809,0809,암사역사공원,S1108,8호선,서울교통공사,37.557167,127.137556,일반역,,서울시 강동구 아리수로 27번길 2
S1108|0810,0810,암사,S1108,8호선,서울교통공사,37.550127,127.127521,일반역,,서울특별시 강동구 올림픽로 지하776(암사동)
S1108|0811,0811,천호(풍납토성),S1108,8호선,서울교통공사,37.53792,127.123179,환승역,수도권  도시철도 5호선,서울특별시 강동구 천호대로 지하997(천호동)
S1108|0812,0812,강동구청,S1108,8호선,서울교통공사,37.530348,127.120461,일반역,,서울특별시 강동구 올림픽로 지하550(성내동)
S1108|0813,0813,몽촌토성(평화의문),S1108,8호선,서울교통공사,37.517692,127.11274,일반역,,서울특별시 송파구 올림픽로 지하383(신천동)
S1108|0814,0814,잠실(송파구청),S1108,8호선,서울교통공사,37.514649,127.104267,환승역,수도권  도시철도 2호선,서울특별시 송파구 올림픽로 305(신천동)
S1108|0815,0815,석촌,S1108,8호선,서울교통공사,37.505396,127.106995,일반역,,서울특별시 송파구 송파대로 지하439(석촌동)
S1108|0816,0816,송파,S1108,8호선,서울교통공사,37.49978,127.11212,일반역,,서울특별시 송파구 송파대로 지하354(가락동)
S1108|0817,0817,가락시장,S1108,8호선,서울교통공사,37.493004,127.118279,환승역,수도권  광역철도 3호선,서울특별시 송파구 송파대로 지하257(가락동)
S1108|0818,0818,문정,S1108,8호선,서울교통공사,37.485931,127.122473,일반역,,서울특별시 송파구 송파대로 지하179(문정동)
S1108|0819,0819,장지,S1108,8호선,서울교통공사,37.478609,127.126229,일반역,,서울특별시 송파구 송파대로 지하82(장지동)
S1108|0820,0820,복정,S1108,8호선,서울교통공사,37.471016,127.126746,환승역,수도권  광역철도 분당,서울특별시 송파구 송파대로 지하6(장지동)
S1108|0821,0821,남위례,S1108,8호선,서울교통공사,37.462839,127.139047,일반역,,경기도 성남시 수정구 공원로 601(복정동)
S1108|0822,0822,산성,S1108,8호선,서울교통공사,37.456886,127.149927,일반역,,경기도 성남시 수정구 수정로 지하365(신흥동)
S1108|0823,0823,남한산성입구(성남법원·검찰청),S1108,8호선,서울교통공사,37.451568,127.159845,일반역,,경기도 성남시 수정구 산성대로 지하445(단대동)
S1108|0824,0824,단대오거리,S1108,8호선,서울교통공사,37.445057,127.156735,일반역,,경기도 성남시 수정구 산성대로 지하365(신흥동)
S1108|0825,0825,신흥,S1108,8호선,서울교통공사,37.440952,127.14759,일반역,,경기도 성남시 수정구 산성대로 지하280(신흥동)
S1108|0826,0826,수진,S1108,8호선,서울교통공사,37.437575,127.140936,일반역,,경기도 성남시 수정구 산성대로 지하200(수진동)
S1108|0827,0827,모란,S1108,8호선,서울교통공사,37.433988,127.129921,환승역,수도권  광역철도 분당,경기도 성남시 수정구 산성대로 지하100(수진동)
S1121|2111,2111,용답,S1121,2호선,서울교통공사,37.562066,127.05087863,일반역,,서울특별시 성동구 용답길 86(용답동)
S1121|2112,2112,신답,S1121,2호선,서울교통공사,37.569847,127.047048,일반역,,서울특별시 성동구 천호대로 232(용답동)
S1121|2113,2113,용두(동대문구청),S1121,2호선,서울교통공사,37.574012,127.03811,일반역,,서울특별시 동대문구 천호대로 지하129(용두동)
S1121|2114,2114,신설동,S1121,2호선,서울교통공사,37.574653,127.025158,일반역,수도권  도시철도 2호선,서울특별시 동대문구 왕산로 지하 1(신설동)
S1122|2341,2341,도림천,S1122,2호선,서울교통공사,37.5145589,126.882586,일반역,,서울특별시 구로구 경인로67길 160(신도림동)
S1122|2342,2342,양천구청,S1122,2호선,서울교통공사,37.5123294,126.865593,일반역,,서울특별시 양천구 목동로3길 지하33(신정동)
S1122|2343,2343,신정네거리,S1122,2호선,서울교통공사,37.520218,126.852849,일반역,,서울특별시 양천구 중앙로 지하261(신정동)
S1105|P549,P549,둔촌동,S1105,5호선,서울교통공사,37.527787,127.136219,일반역,,서울특별시 강동구 양재대로 지하1369(둔촌동)
S1105|P550,P550,올림픽공원(한국체대),S1105,5호선,서울교통공사,37.516217,127.130957,일반역,,서울특별시 송파구 양재대로 지하1233(방이동)
S1105|P551,P551,방이,S1105,5호선,서울교통공사,37.508752,127.126054,일반역,,서울특별시 송파구 양재대로 지하1127(방이동)
S1105|P552,P552,오금,S1105,5호선,서울교통공사,37.502228,127.127701,환승역,수도권  광역철도 3호선,서울특별시 송파구 오금로 지하321(오금동)
S1105|P553,P553,개롱,S1105,5호선,서울교통공사,37.498097,127.134817,일반역,,서울특별시 송파구 오금로 지하402(가락동)
S1105|P554,P554,거여,S1105,5호선,서울교통공사,37.493208,127.143983,일반역,,서울특별시 송파구 오금로 지하499(거여동)
S1105|P555,P555,마천,S1105,5호선,서울교통공사,37.494972,127.152784,일반역,,서울특별시 송파구 마천로57길 지하7(마천동)
S1109|4126,4126,언주,S1109,수도권  도시철도 9호선,서울시메트로9호선㈜,37.507287,127.033868,일반역,,서울특별시 강남구 봉은사로 201
S1109|4127,4127,선정릉,S1109,수도권  도시철도 9호선,서울시메트로9호선㈜,37.51028,127.0437593,환승역,수인분당선,서울특별시 강남구 선릉로 580
S1109|4128,4128,삼성중앙,S1109,수도권  도시철도 9호선,서울시메트로9호선㈜,37.513011,127.053282,일반역,,서울특별시 강남구 봉은사로 501
S1109|4129,4129,봉은사,S1109,수도권  도시철도 9호선,서울시메트로9호선㈜,37.514219,127.060245,일반역,,서울특별시 강남구 봉은사로 601
S1109|4130,4130,종합운동장,S1109,수도권  도시철도 9호선,서울시메트로9호선㈜,37.511156,127.076917,환승역,수도권  도시철도 2호선,서울특별시 송파구 올림픽로 23
S1109|4131,4131,삼전,S1109,수도권  도시철도 9호선,서울시메트로9호선㈜,37.504531,127.087211,일반역,,서울특별시 송파구 백제고분로 지하 187
S1109|4132,4132,석촌고분,S1109,수도권  도시철도 9호선,서울시메트로9호선㈜,37.502439,127.096611,일반역,,서울특별시 송파구 삼학사로 지하 53 
S1109|4133,4133,석촌,S1109,수도권  도시철도 9호선,서울시메트로9호선㈜,37.505078,127.106944,환승역,수도권  도시철도 8호선,서울특별시 송파구 석촌동 209
S1109|4134,4134,송파나루,S1109,수도권  도시철도 9호선,서울시메트로9호선㈜,37.51055,127.112451,일반역,,서울특별시 송파구 백제고분로 지하 446
S1109|4135,4135,한성백제,S1109,수도권  도시철도 9호선,서울시메트로9호선㈜,37.516369,127.116211,일반역,,서울특별시 송파구 위례성대로 지하 51
S1109|4136,4136,올림픽공원(한국체대),S1109,수도권  도시철도 9호선,서울시메트로9호선㈜,37.516111,127.130333,환승역,수도권  도시철도 5호선,서울특별시 송파구 양재대로 지하 1233
S1109|4137,4137,둔촌오륜,S1109,수도권  도시철도 9호선,서울시메트로9호선㈜,37.519339,127.138619,일반역,,서울특별시 강동구 강동대로 지하 327
S1109|4138,4138,중앙보훈병원,S1109,수도권  도시철도 9호선,서울시메트로9호선㈜,37.528807,127.148488,일반역,,서울특별시 강동구 명일로 지하 117
S1109|4101,4101,개화,S1109,서울 도시철도 9호선,서울특별시 서울시메트로9호선㈜,37.578591,126.797833,일반역,,서울특별시 강서구 개화동로8길 19
S1109|4102,4102,김포공항,S1109,서울 도시철도 9호선,서울특별시 서울시메트로9호선㈜,37.562056,126.801633,환승역,"서울 도시철도 5호선
인천국제공항선
김포골드라인
서해선",서울특별시 강서구 하늘길 지하77
S1109|4103,4103,공항시장,S1109,서울 도시철도 9호선,서울특별시 서울시메트로9호선㈜,37.563726,126.810678,일반역,,서울특별시 강서구 방화동로 지하30
S1109|4104,4104,신방화,S1109,서울 도시철도 9호선,서울특별시 서울시메트로9호선㈜,37.5675,126.816667,일반역,,서울특별시 강서구 방화대로 지하301
S1109|4105,4105,마곡나루(서울식물원),S1109,서울 도시철도 9호선,서울특별시 서울시메트로9호선㈜,37.566717,126.8276071,환승역,인천국제공항선,서울특별시 강서구 마곡중앙5로 지하2
S1109|4106,4106,양천향교,S1109,서울 도시철도 9호선,서울특별시 서울시메트로9호선㈜,37.568333,126.841389,일반역,,서울특별시 강서구 양천로 지하341
S1109|4107,4107,가양,S1109,서울 도시철도 9호선,서울특별시 서울시메트로9호선㈜,37.561111,126.855078,일반역,,서울특별시 강서구 양천로 지하485
S1109|4108,4108,증미,S1109,서울 도시철도 9호선,서울특별시 서울시메트로9호선㈜,37.55785,126.861067,일반역,,서울특별시 강서구 양천로 지하560
S1109|4109,4109,등촌,S1109,서울 도시철도 9호선,서울특별시 서울시메트로9호선㈜,37.551111,126.864722,일반역,,서울특별시 강서구 공항대로 지하529
S1109|4110,4110,염창,S1109,서울 도시철도 9호선,서울특별시 서울시메트로9호선㈜,37.546944,126.874722,일반역,,서울특별시 강서구 공항대로 지하631
S1109|4111,4111,신목동,S1109,서울 도시철도 9호선,서울특별시 서울시메트로9호선㈜,37.544167,126.883056,일반역,,서울특별시 양천구 목동중앙로 지하217
S1109|4112,4112,선유도,S1109,서울 도시철도 9호선,서울특별시 서울시메트로9호선㈜,37.537778,126.893889,일반역,,서울특별시 영등포구 양평로 지하124
S1109|4113,4113,당산,S1109,서울 도시철도 9호선,서울특별시 서울시메트로9호선㈜,37.533844,126.902222,환승역,서울 도시철도 2호선,서울특별시 영등포구 양평로 지하40
S1109|4114,4114,국회의사당,S1109,서울 도시철도 9호선,서울특별시 서울시메트로9호선㈜,37.528105,126.917874,일반역,,서울특별시 영등포구 국회대로 지하758
S1109|4115,4115,여의도,S1109,서울 도시철도 9호선,서울특별시 서울시메트로9호선㈜,37.521744,126.924167,환승역,서울 도시철도 5호선,서울특별시 영등포구 의사당대로 지하101 (여의도동)
S1109|4116,4116,샛강,S1109,서울 도시철도 9호선,서울특별시 서울시메트로9호선㈜,37.5173,126.9284,환승역,서울 경량도시철도 신림선,서울특별시 영등포구 의사당대로 지하166
S1109|4117,4117,노량진,S1109,서울 도시철도 9호선,서울특별시 서울시메트로9호선㈜,37.513667,126.940917,환승역,경부선,서울특별시 동작구 노량진로 지하130
S1109|4118,4118,노들,S1109,서울 도시철도 9호선,서울특별시 서울시메트로9호선㈜,37.512726,126.953096,일반역,,서울특별시 동작구 노량진로 지하238 (본동)
S1109|4119,4119,흑석(중앙대입구),S1109,서울 도시철도 9호선,서울특별시 서울시메트로9호선㈜,37.508889,126.963611,일반역,,서울특별시 동작구 현충로 지하90 (흑석동)
S1109|4120,4120,동작(현충원),S1109,서울 도시철도 9호선,서울특별시 서울시메트로9호선㈜,37.502878,126.978278,환승역,서울 도시철도 4호선,서울특별시 동작구 현충로 지하220 (동작동)
S1109|4121,4121,구반포,S1109,서울 도시철도 9호선,서울특별시 서울시메트로9호선㈜,37.501389,126.987222,일반역,,서울특별시 서초구 신반포로 지하17
S1109|4122,4122,신반포,S1109,서울 도시철도 9호선,서울특별시 서울시메트로9호선㈜,37.5035033,126.996044,일반역,,서울특별시 서초구 신반포로 지하105
S1109|4123,4123,고속터미널,S1109,서울 도시철도 9호선,서울특별시 서울시메트로9호선㈜,37.505933,127.004044,환승역,"서울 도시철도 3호선
서울 도시철도 7호선",서울특별시 서초구 신반포로 지하188
S1109|4124,4124,사평,S1109,서울 도시철도 9호선,서울특별시 서울시메트로9호선㈜,37.504161,127.015219,일반역,,서울특별시 서초구 사평대로 지하285
S1109|4125,4125,신논현,S1109,서울 도시철도 9호선,서울특별시 서울시메트로9호선㈜,37.504444,127.024417,환승역,신분당선,서울특별시 강남구 봉은사로 지하102
L11UI|S110,S110,북한산우이,L11UI,우이신설선,우이신설경전철운영㈜,37.66284,127.01272,일반역,,서울특별시 강북구 삼양로 지하 676
L11UI|S111,S111,솔밭공원,L11UI,우이신설선,우이신설경전철운영㈜,37.65607,127.01326,일반역,,서울특별시 강북구 삼양로 595
L11UI|S112,S112,4.19민주묘지,L11UI,우이신설선,우이신설경전철운영㈜,37.64954,127.01371,일반역,,서울특별시 강북구 삼양로 519
L11UI|S113,S113,가오리,L11UI,우이신설선,우이신설경전철운영㈜,37.64162,127.01681,일반역,,서울특별시 강북구 삼양로 426
L11UI|S114,S114,화계,L11UI,우이신설선,우이신설경전철운영㈜,37.63428,127.0175,일반역,,서울특별시 강북구 삼양로 341
L11UI|S115,S115,삼양,L11UI,우이신설선,우이신설경전철운영㈜,37.62706,127.01817,일반역,,서울특별시 강북구 삼양로 지하 259
L11UI|S116,S116,삼양사거리,L11UI,우이신설선,우이신설경전철운영㈜,37.62144,127.02049,일반역,,서울특별시 강북구 삼양로 197
L11UI|S117,S117,솔샘,L11UI,우이신설선,우이신설경전철운영㈜,37.62037,127.01357,일반역,,서울특별시 강북구 솔샘로 지하 189
L11UI|S118,S118,북한산보국문,L11UI,우이신설선,우이신설경전철운영㈜,37.61233,127.00816,일반역,,서울특별시 성북구 보국문로 지하 88
L11UI|S119,S119,정릉,L11UI,우이신설선,우이신설경전철운영㈜,37.60278,127.01345,일반역,,서울특별시 성북구 아리랑로 지하 122
L11UI|S120,S120,성신여대입구,L11UI,우이신설선,우이신설경전철운영㈜,37.59247,127.01656,환승역,수도권 광역철도 4호선,서울특별시 성북구 동선동1가 116-1
L11UI|S121,S121,보문,L11UI,우이신설선,우이신설경전철운영㈜,37.58551,127.01939,환승역,수도권 도시철도 6호선,서울특별시 성북구 보문동1가 127-6
L11UI|S122,S122,신설동,L11UI,우이신설선,우이신설경전철운영㈜,37.57659,127.023221,환승역,수도권 광역철도 1호선,서울특별시 동대문구 신설동 132-259
L41U1|U110,U110,발곡,L41U1,의정부,의정부경량전철㈜,37.726983,127.052889,일반역,,경기도 의정부시 장곡로 258
L41U1|U111,U111,회룡,L41U1,의정부,의정부경량전철㈜,37.72505255,127.0467864,환승역,의정부+서울 광역철도 1호선,경기도 의정부시 평화로 363
L41U1|U112,U112,범골,L41U1,의정부,의정부경량전철㈜,37.7287279,127.0437202,일반역,,경기도 의정부시 신흥로 141
L41U1|U113,U113,경전철의정부,L41U1,의정부,의정부경량전철㈜,37.73729974,127.043321,일반역,,경기도 의정부시 신흥로 237
L41U1|U114,U114,의정부시청,L41U1,의정부,의정부경량전철㈜,37.73924874,127.034854,일반역,,경기도 의정부시 의정로 69
L41U1|U115,U115,흥선,L41U1,의정부,의정부경량전철㈜,37.74322487,127.0371765,일반역,,경기도 의정부시 호국로 1197
L41U1|U117,U117,의정부중앙,L41U1,의정부,의정부경량전철㈜,37.74371903,127.0496332,일반역,,경기도 의정부시 호국로 1305
L41U1|U118,U118,동오,L41U1,의정부,의정부경량전철㈜,37.74519123,127.05703,일반역,,경기도 의정부시 장곡로 471
L41U1|U119,U119,새말,L41U1,의정부,의정부경량전철㈜,37.74889941,127.063869,일반역,,경기도 의정부시 장곡로 551
L41U1|U120,U120,경기도청북부청사,L41U1,의정부,의정부경량전철㈜,37.75073213,127.0714795,일반역,,경기도 의정부시 장곡로 615
L41U1|U121,U121,효자,L41U1,의정부,의정부경량전철㈜,37.75398452,127.0773155,일반역,,경기도 의정부시 부용로 159-40
L41U1|U122,U122,곤제,L41U1,의정부,의정부경량전철㈜,37.75054343,127.0838651,일반역,,경기도 의정부시 천보로 173
L41U1|U123,U123,어룡,L41U1,의정부,의정부경량전철㈜,37.74272184,127.0852045,일반역,,경기도 의정부시 충의로 125
L41U1|U124,U124,송산,L41U1,의정부,의정부경량전철㈜,37.7371698,127.0872755,일반역,,경기도 의정부시 충의로 59
L41U1|U125,U125,탑석,L41U1,의정부,의정부경량전철㈜,37.73355362,127.0889064,일반역,,경기도 의정부시 충의로 20
S28M1|101,101,인천국제공항역,S28M1,자기부상철도,인천광역시 인천국제공항공사,37.447222,126.4525,환승역,공항선,인천시 중구 공항로 271
S28M1|102,102,장기주차장역,S28M1,자기부상철도,인천광역시 인천국제공항공사,37.44385,126.455671,일반역,,인천시 중구 공항로 271
S28M1|103,103,합동청사역,S28M1,자기부상철도,인천광역시 인천국제공항공사,37.440519,126.458654,일반역,,인천시 중구 공항로 271
S28M1|104,104,파라다이스시티역,S28M1,자기부상철도,인천광역시 인천국제공항공사,37.437217,126.459858,일반역,,인천시 중구 공항로 271
S28M1|105,105,워터파크역,S28M1,자기부상철도,인천광역시 인천국제공항공사,37.429227,126.434183,일반역,,인천시 중구 공항로 271
S28M1|106,106,용유역,S28M1,자기부상철도,인천광역시 인천국제공항공사,37.424805,126.423637,일반역,,인천시 중구 용유로 44
S2801|3107,3107,검단호수공원,S2801,인천지하철 1호선,인천교통공사,37.6025,126.688056,일반역,-,인천광역시 서구 불로동 608-16
S2801|3108,3108,신검단중앙,S2801,인천지하철 1호선,인천교통공사,37.6026,126.698611,일반역,-,인천광역시 서구 원당로652
S2801|3109,3109,"아라(북부법원, 검찰청)",S2801,인천지하철 1호선,인천교통공사,37.592222,126.713333,일반역,-,인천광역시 서구 당하동 1238
S2801|3110,3110,계양,S2801,인천지하철 1호선,인천교통공사,37.571539,126.736319,환승역,공항철도,인천광역시 계양구 다남로 24
S2801|3111,3111,귤현,S2801,인천지하철 1호선,인천교통공사,37.566362,126.742498,일반역,-,인천광역시 계양구 장제로 1136
S2801|3112,3112,박촌,S2801,인천지하철 1호선,인천교통공사,37.553525,126.744946,일반역,-,인천광역시 계양구 장제로 992
S2801|3113,3113,임학,S2801,인천지하철 1호선,인천교통공사,37.545058,126.738642,일반역,-,인천광역시 계양구 장제로 875
S2801|3114,3114,계산,S2801,인천지하철 1호선,인천교통공사,37.543243,126.728436,일반역,-,인천광역시 계양구 경명대로 1089
S2801|3115,3115,경인교대입구,S2801,인천지하철 1호선,인천교통공사,37.538272,126.722603,일반역,-,인천광역시 계양구 계양대로 162
S2801|3116,3116,작전,S2801,인천지하철 1호선,인천교통공사,37.530271,126.722548,일반역,-,인천광역시 계양구 게양대로 73
S2801|3117,3117,갈산,S2801,인천지하철 1호선,인천교통공사,37.517124,126.721566,일반역,-,인천광역시 부평구 부평대로 286
S2801|3118,3118,부평구청,S2801,인천지하철 1호선,인천교통공사,37.508768,126.720547,환승역,7호선,인천광역시 부평구 부평대로 189
S2801|3119,3119,부평시장,S2801,인천지하철 1호선,인천교통공사,37.498495,126.722282,일반역,-,인천광역시 부평구 부평대로 69
S2801|3120,3120,부평,S2801,인천지하철 1호선,인천교통공사,37.490541,126.723437,환승역,경인선,인천광역시 부평구 광장로 15
S2801|3121,3121,동수,S2801,인천지하철 1호선,인천교통공사,37.485409,126.718464,일반역,-,인천광역시 부평구 경인로 877
S2801|3122,3122,부평삼거리,S2801,인천지하철 1호선,인천교통공사,37.478267,126.710494,일반역,-,인천광역시 부평구 경인로 765
S2801|3123,3123,간석오거리,S2801,인천지하철 1호선,인천교통공사,37.466921,126.707861,일반역,-,인천광역시 남동구 경인로 674
S2801|3124,3124,인천시청,S2801,인천지하철 1호선,인천교통공사,37.457615,126.702216,일반역,-,인천광역시 남동구 예술로 264
S2801|3125,3125,예술회관,S2801,인천지하철 1호선,인천교통공사,37.449334,126.700991,일반역,-,인천광역시 남동구 예술로 172
S2801|3126,3126,인천터미널,S2801,인천지하철 1호선,인천교통공사,37.441917,126.699727,일반역,-,인천광역시 미추홀구 예술로 85
S2801|3127,3127,문학경기장,S2801,인천지하철 1호선,인천교통공사,37.434964,126.698373,일반역,-,인천광역시 연수구 예술로 2
S2801|3128,3128,선학,S2801,인천지하철 1호선,인천교통공사,37.426985,126.698872,일반역,-,인천광역시 연수구 경원대로 480
S2801|3129,3129,신연수,S2801,인천지하철 1호선,인천교통공사,37.418032,126.693853,일반역,-,인천광역시 연수구 경원대로 368
S2801|3130,3130,원인재,S2801,인천지하철 1호선,인천교통공사,37.412364,126.687893,환승역,수인분당선,인천광역시 연수구 경원대로 285
S2801|3131,3131,동춘,S2801,인천지하철 1호선,인천교통공사,37.404676,126.680835,일반역,-,인천광역시 연수구 경원대로 180
S2801|3132,3132,동막,S2801,인천지하철 1호선,인천교통공사,37.398173,126.673561,일반역,-,인천광역시 연수구 경원대로 80
S2801|3133,3133,캠퍼스타운,S2801,인천지하철 1호선,인천교통공사,37.388209,126.661985,일반역,-,인천광역시 연수구 송도국제대로 66
S2801|3134,3134,테크노파크,S2801,인천지하철 1호선,인천교통공사,37.382311,126.656355,일반역,-,인천광역시 연수구 송도국제대로 150
S2801|3135,3135,지식정보단지,S2801,인천지하철 1호선,인천교통공사,37.378021,126.645412,일반역,-,인천광역시 연수구 인천타워대로 57
S2801|3136,3136,인천대입구,S2801,인천지하철 1호선,인천교통공사,37.386239,126.639351,일반역,-,인천광역시 연수구 인천타워대로 155
S2801|3137,3137,센트럴파크,S2801,인천지하철 1호선,인천교통공사,37.392833,126.635002,일반역,-,인천광역시 연수구 인천타워대로 240
S2801|3138,3138,국제업무지구,S2801,인천지하철 1호선,인천교통공사,37.400421,126.630105,일반역,-,인천광역시 연수구 인천타워대로 334
S2801|3139,3139,송도달빛축제공원,S2801,인천지하철 1호선,인천교통공사,37.40687495,126.6260537,일반역,-,인천광역시 연수구 송도동 340
S2802|3201,3201,검단오류,S2802,인천지하철 2호선,인천교통공사,37.5950162,126.62801,일반역,-,인천광역시 서구 검단로 187 (오류동)
S2802|3202,3202,왕길,S2802,인천지하철 2호선,인천교통공사,37.5950191,126.642284,일반역,-,인천광역시 서구 검단로 323 (왕길동)
S2802|3203,3203,검단사거리,S2802,인천지하철 2호선,인천교통공사,37.601693,126.656545,일반역,-,인천광역시 서구 검단로 473 (왕길동)
S2802|3204,3204,마전,S2802,인천지하철 2호선,인천교통공사,37.597756,126.667195,일반역,-,인천광역시 서구 완정로 68 (마전동)
S2802|3205,3205,완정,S2802,인천지하철 2호선,인천교통공사,37.592867,126.672961,일반역,-,인천광역시 서구 원당대로 650 (당하동)
S2802|3206,3206,독정,S2802,인천지하철 2호선,인천교통공사,37.584927,126.675981,일반역,-,인천광역시 서구 서곶로 760 (백석동)
S2802|3207,3207,검암,S2802,인천지하철 2호선,인천교통공사,37.568611,126.675682,환승역,공항철도,인천광역시 서구 검바위로 4 (검암동)
S2802|3208,3208,검바위,S2802,인천지하철 2호선,인천교통공사,37.561091,126.677529,일반역,-,인천광역시 서구 서곶로 492 (검암동)
S2802|3209,3209,아시아드경기장,S2802,인천지하철 2호선,인천교통공사,37.551373,126.677075,일반역,-,인천광역시 서구 서곶로 382 (연희동)
S2802|3210,3210,서구청,S2802,인천지하철 2호선,인천교통공사,37.543839,126.676795,일반역,-,인천광역시 서구 서곶로 294 (심곡동)
S2802|3211,3211,가정(루원시티),S2802,인천지하철 2호선,인천교통공사,37.524805,126.675387,일반역,-,인천광역시 서구 봉오대로 234 (가정동)
S2802|3212,3212,가정중앙시장,S2802,인천지하철 2호선,인천교통공사,37.517511,126.676784,일반역,-,인천광역시 서구 가남로 400 (가정동)
S2802|3213,3213,석남(거북시장),S2802,인천지하철 2호선,인천교통공사,37.507211,126.676304,환승역,7호선,인천광역시 서구 가석로 257 (석남동)
S2802|3214,3214,서부여성회관,S2802,인천지하철 2호선,인천교통공사,37.500298,126.675875,일반역,-,인천광역시 서구 가석로 169 (석남동)
S2802|3215,3215,인천가좌,S2802,인천지하철 2호선,인천교통공사,37.489962,126.675284,일반역,-,인천광역시 서구 가석로 67 (가좌동)
S2802|3216,3216,가재울,S2802,인천지하철 2호선,인천교통공사,37.484152,126.683883,일반역,-,인천광역시 서구 열우물로 252 (가좌동)
S2802|3217,3217,주안국가산단,S2802,인천지하철 2호선,인천교통공사,37.473599,126.681102,일반역,-,인천광역시 서구 방축로 343 (가좌동)
S2802|3218,3218,주안,S2802,인천지하철 2호선,인천교통공사,37.465234,126.679041,환승역,경인선,인천광역시 미추홀구 주안로 지하 91-1 (주안동)
S2802|3219,3219,시민공원,S2802,인천지하철 2호선,인천교통공사,37.458339,126.6810091,일반역,-,인천광역시 미추홀구 경인로 371 (주안동)
S2802|3220,3220,석바위시장,S2802,인천지하철 2호선,인천교통공사,37.457659,126.692387,일반역,-,인천광역시 미추홀구 구월로 19 (주안동)
S2802|3221,3221,인천시청,S2802,인천지하철 2호선,인천교통공사,37.456904,126.701523,환승역,인천1호선,인천광역시 남동구 구월로 지하 99 (간석동)
S2802|3222,3222,석천사거리,S2802,인천지하철 2호선,인천교통공사,37.4569323,126.710383,일반역,-,인천광역시 남동구 구월로 지하 181 (구월동)
S2802|3223,3223,모래내시장,S2802,인천지하철 2호선,인천교통공사,37.455842,126.719578,일반역,-,인천광역시 남동구 구월로 지하 255 (구월동)
S2802|3224,3224,만수,S2802,인천지하철 2호선,인천교통공사,37.454962,126.731764,일반역,-,인천광역시 남동구 구월로 지하 367 (만수동)
S2802|3225,3225,남동구청,S2802,인천지하철 2호선,인천교통공사,37.448179,126.736581,일반역,-,인천광역시 남동구 인주대로 지하 889 (만수동)
S2802|3226,3226,인천대공원,S2802,인천지하철 2호선,인천교통공사,37.448475,126.753051,일반역,-,인천광역시 남동구 수인로 3677 (장수동)
S2802|3227,3227,운연,S2802,인천지하철 2호선,인천교통공사,37.439533,126.759609,일반역,-,인천광역시 남동구 매소홀로 1229 (운연동)
S1107|3753,3753,까치울,S1107,도시철도 7호선,인천교통공사,37.506236,126.81095,일반역,,경기도 부천시 원미구 길주로 지하 626 (춘의동)
S1107|3754,3754,부천종합운동장,S1107,도시철도 7호선,인천교통공사,37.505381,126.79735,일반역,,경기도 부천시 원미구 길주로 지하 502 (춘의동)
S1107|3755,3755,춘의,S1107,도시철도 7호선,인천교통공사,37.50365,126.787069,일반역,,경기도 부천시 원미구 길주로 지하 406 (춘의동)
S1107|3756,3756,신중동,S1107,도시철도 7호선,인천교통공사,37.503081,126.776161,일반역,,경기도 부천시 원미구 길주로 지하 314 (중동)
S1107|3757,3757,부천시청,S1107,도시철도 7호선,인천교통공사,37.504611,126.763561,일반역,,경기도 부천시 원미구 길주로 지하 202 (중동)
S1107|3758,3758,상동,S1107,도시철도 7호선,인천교통공사,37.505769,126.753081,일반역,,경기도 부천시 원미구 길주로 지하 104 (상동)
S1107|3759,3759,삼산체육관,S1107,도시철도 7호선,인천교통공사,37.506431,126.742081,일반역,,인천광역시 부평구 길주로 지하 713 (삼산동)
S1107|3760,3760,굴포천,S1107,도시철도 7호선,인천교통공사,37.50695,126.731481,일반역,,인천광역시 부평구 길주로 지하 623 (삼산동)
S1107|3761,3761,부평구청,S1107,도시철도 7호선,인천교통공사,37.507523,126.721356,환승역,인천1호선,인천광역시 부평구 길주로 지하 527 (갈산동)
S1107|3762,3762,산곡,S1107,도시철도 7호선,인천교통공사,37.508547,126.70351,일반역,,인천광역시 부평구 길주로 지하 379 (산곡동)
S1107|3763,3763,석남(거북시장),S1107,도시철도 7호선,인천교통공사,37.506208,126.676213,환승역,인천2호선,인천광역시 서구 길주로 지하 120 (석남동)
I4101|1002,1002,남영역,I4101,경부선,한국철도공사,37.540597,126.971171,일반역,,서울시 용산구 한강대로 77길 25(갈월동)
I4101|1003,1003,용산역,I4101,경부선,한국철도공사,37.52989,126.964775,환승역,경의중앙선,서울시 용산구 한강대로 23길 55(한강로 3가 40-999)
I4102|1003,1003,용산역,I4102,경원선,한국철도공사,37.52989,126.964775,환승역,경부선,서울시 용산구 한강대로 23길 55(한강로 3가 40-999)
I4101|1004,1004,노량진역,I4101,경부선,한국철도공사,37.514072,126.941671,환승역,서울 도시철도 9호선,서울시 동작구 노량진로 151
I4101|1005,1005,대방역,I4101,경부선,한국철도공사,37.513392,126.926407,환승역,수도권 경량도시철도 신림선,서울시 영등포구 여의대방로 300
I4101|1006,1006,영등포역,I4101,경부선,한국철도공사,37.515756,126.907411,일반역,,서울시 영등포구 경인로 846(영등포동 1가 618-496)
I4101|1007,1007,신도림역,I4101,경부선,한국철도공사,37.508983,126.891513,환승역,수도권 도시철도 2호선,서울시 구로구 새말로 117-21
I4102|1008,1008,이촌역,I4102,경원선,한국철도공사,37.522476,126.973816,환승역,수도권 광역철도 4호선,서울시 용산구 이촌로 71길 42
I4102|1009,1009,서빙고역,I4102,경원선,한국철도공사,37.51961,126.988358,일반역,,서울시 용산구 서빙고로 238(서빙고동 241-11)
I4102|1010,1010,한남역,I4102,경원선,한국철도공사,37.529361,127.008984,일반역,,서울시 용산구 독서당로6길 12-13(한남동)
I4102|1011,1011,옥수역,I4102,경원선,한국철도공사,37.540514,127.018698,환승역,수도권 광역철도 3호선,서울시 성동구 동호로 지하21(옥수동)
I4102|1012,1012,응봉역,I4102,경원선,한국철도공사,37.550433,127.034824,일반역,,서울시 성동구 고산자로 123(응봉동)
I4102|1013,1013,왕십리역,I4102,경원선,한국철도공사,37.561728,127.038405,환승역,"수도권 도시철도 2호선, 수도권 도시철도 5호선, 분당선",서울시 성동구 왕십리 광장로 17(행당동)
I4105|1013,1013,왕십리역,I4105,분당선,한국철도공사,37.5610128,127.038705,환승역,"수도권 도시철도 2호선, 수도권 도시철도 5호선, 경의중앙선",서울시 성동구 왕십리 광장로 17(행당동)
I4102|1014,1014,청량리역,I4102,경원선,한국철도공사,37.580543,127.048077,환승역,"1호선, 경춘선, 분당선",서울시 동대문구 왕산로 214
I4108|1014,1014,청량리역,I4108,경의중앙선,한국철도공사,37.580043,127.047588,환승역,"1호선, 경의중앙선, 분당선",서울시 동대문구 왕산로 214
I4102|1015,1015,회기역,I4102,경원선,한국철도공사,37.589602,127.057936,환승역,"경의중앙선, 경춘선",서울시 동대문구 회기로196(휘경동 317-101)
I4108|1015,1015,회기역,I4108,경의중앙선,한국철도공사,37.589802,127.057936,환승역,"경원선, 경춘선",서울시 동대문구 회기로196(휘경동 317-101)
I4102|1016,1016,외대앞역,I4102,경원선,한국철도공사,37.596157,127.063572,일반역,,서울시 동대문구 휘경로 27(이문동 360-5)
I4102|1017,1017,신이문역,I4102,경원선,한국철도공사,37.601829,127.067347,일반역,,서울시 동대문구 한천로 472(이문로 7)
I4102|1018,1018,석계역,I4102,경원선,한국철도공사,37.615206,127.065594,환승역,6호선,서울시 노원구 화랑로 341(월계동 36-4)
I4102|1019,1019,광운대역,I4102,경원선,한국철도공사,37.62357,127.06181,환승역,경춘선,서울시 노원구 석계로 98-2(광운대역)
I4108|1019,1019,광운대역,I4108,경의중앙선,한국철도공사,37.6239,127.062,환승역,경원선,서울시 노원구 석계로 98-2(광운대역)
I4102|1020,1020,월계역,I4102,경원선,한국철도공사,37.633114,127.058835,일반역,,서울시 노원구 월계로 53길 40(월계2동 261)
I4102|1021,1021,녹천역,I4102,경원선,한국철도공사,37.644599,127.051406,일반역,,서울시 도봉구 덕릉로 376(창동)
I4102|1022,1022,창동역,I4102,경원선,한국철도공사,37.653181,127.047663,환승역,수도권 광역철도 4호선,서울시 도봉구 마들로 11길 77(창1동 135-86)
I4105|1023,1023,선릉역,I4105,분당선,한국철도공사,37.504479,127.048941,환승역,수도권 도시철도 2호선,서울시 강남구 테헤란로 지하 340
I4105|1024,1024,한티역,I4105,분당선,한국철도공사,37.496208,127.052883,일반역,,서울시 강남구 선릉로 지하 228
I4105|1025,1025,도곡역,I4105,분당선,한국철도공사,37.490914,127.055393,환승역,수도권 광역철도 3호선,서울시 강남구 남부순환로 지하 2814
I4105|1026,1026,구룡역,I4105,분당선,한국철도공사,37.486985,127.059496,일반역,,서울시 강남구 개포동 175-3
I4105|1027,1027,개포동역,I4105,분당선,한국철도공사,37.489112,127.066027,일반역,,서울시 강남구 개포동 지하 420(개포동)
I4105|1028,1028,대모산입구역,I4105,분당선,한국철도공사,37.491347,127.072702,일반역,,서울특별시 강남구 개포로 522
I4105|1030,1030,수서역,I4105,분당선,한국철도공사,37.487633,127.101118,환승역,"수도권 광역철도 3호선, GTX-A",서울시 강남구 광평로 지하 270(수서동)
I4105|1031,1031,복정역,I4105,분당선,한국철도공사,37.469753,127.126627,환승역,수도권 도시철도 8호선,서울특별시 송파구 송파대로 6
I4101|1032,1032,신길역,I4101,경부선,한국철도공사,37.517018,126.917743,환승역,수도권 도시철도 5호선,서울시 영등포구 영등포로 327
I4108|1201,1201,중랑역,I4108,경의중앙선,한국철도공사,37.594948,127.076152,환승역,경춘선,서울특별시 중랑구 중랑역로 9
I4108|1202,1202,상봉역,I4108,경의중앙선,한국철도공사,37.596754,127.085553,환승역,"수도권 도시철도 7호선, 경춘선",서울시 중랑구 망우로 297(상봉1동 100-9번지)
I4108|1203,1203,망우역,I4108,경의중앙선,한국철도공사,37.599288,127.092318,환승역,경춘선,서울시 중랑구 망우로 55길 11-10
I41K2|1203,1203,망우역,I41K2,경춘선,한국철도공사,37.599988,127.092031,환승역,경의중앙선,서울시 중랑구 망우로 55길 11-10
I4108|1204,1204,양원역,I4108,경의중앙선,한국철도공사,37.6013,127.1067,일반역,,서울시 중랑구 송림길 147(망우동)
I4108|1205,1205,구리역,I4108,경의중앙선,한국철도공사,37.60326,127.143373,환승역,수도권 도시철도 8호선,경기도 구리시 건원대로 34번길 32-29(인창동 244-2)
I4108|1206,1206,도농역,I4108,경의중앙선,한국철도공사,37.608756,127.161105,일반역,,경기도 남양주시 경춘로 433(도농동 56-1)
I4108|1207,1207,양정역,I4108,경의중앙선,한국철도공사,37.604269,127.194602,일반역,,경기도 남양주시 경강로 237(이패동 398-32)
I4108|1208,1208,덕소역,I4108,경의중앙선,한국철도공사,37.586892,127.208835,일반역,,경기도 남양주시 와부읍 덕서로 56(덕소리 590-17)
I4108|1209,1209,도심역,I4108,경의중앙선,한국철도공사,37.579628,127.222798,일반역,,경기도 남양주시 와부읍 덕소로 237(도곡리 1024-2)
I4108|1210,1210,팔당역,I4108,경의중앙선,한국철도공사,37.547321,127.243896,일반역,,경기도 남양주시 와부읍 팔당로 107번길
I4108|1211,1211,운길산역,I4108,경의중앙선,한국철도공사,37.554659,127.310089,일반역,,경기도 남양주시 조안면 운길산로 20
I4108|1212,1212,양수역,I4108,경의중앙선,한국철도공사,37.545998,127.328948,일반역,,경기도 양평군 양서면 목왕로 55-10
I4108|1213,1213,신원역,I4108,경의중앙선,한국철도공사,37.525921,127.372745,일반역,,경기도 양평군 양서면 신원역길 7  _x000D_
I4108|1214,1214,국수역,I4108,경의중앙선,한국철도공사,37.516171,127.399402,일반역,,경기도 양평군 양서면 국수역길 45
I4108|1215,1215,아신역,I4108,경의중앙선,한국철도공사,37.513954,127.443238,일반역,,경기도 양평군 옥천면 아신역길 1길 23-3
I4108|1216,1216,오빈역,I4108,경의중앙선,한국철도공사,37.506061,127.474053,일반역,,경기도 양평군 양평읍 덕바위길 58
I4108|1217,1217,양평역,I4108,경의중앙선,한국철도공사,37.492674,127.491858,일반역,,경기도 양평군 양평읍 역전길 30
I4108|1218,1218,원덕역,I4108,경의중앙선,한국철도공사,37.468585,127.547468,일반역,,경기도 양평군 양평읍 원덕흑천길 138
I4108|1219,1219,용문역,I4108,경의중앙선,한국철도공사,37.482085,127.594251,일반역,,경기도 양평군 용문면 다문리 748-2
I4108|1220,1220,지평역,I4108,경의중앙선,한국철도공사,37.476496,127.629681,일반역,,경기도 양평군 지평면 지평역길 32
I4108|1251,1251,서울역(경의선),I4108,경의중앙선,한국철도공사,37.556713,126.97138700000001,환승역,"1호선, 4호선, 인천국제공항선, GTX-A",서울시 중구 한강대로 405
I4108|1252,1252,신촌역,I4108,경의중앙선,한국철도공사,37.559768,126.942308,일반역,,서울특별시 서대문구 신촌역로 30 신촌민자역사
I4108|1261,1261,효창공원앞역,I4108,경의중앙선,한국철도공사,37.538789,126.962339,환승역,6호선,서울시 용산구 용문동 5-157
I4108|1262,1262,공덕역,I4108,경의중앙선,한국철도공사,37.542711,126.952134,환승역,"수도권 도시철도 5호선, 수도권 도시철도 6호선, 인천국제공항선",서울시 마포구 공덕동 마포대로 92
I4108|1263,1263,서강대역,I4108,경의중앙선,한국철도공사,37.552132,126.935389,일반역,,서울시 마포구 서강로 지하 118
I4108|1264,1264,홍대입구역,I4108,경의중앙선,한국철도공사,37.55758,126.926833,환승역,"수도권 도시철도 2호선, 인천국제공항선",서울시 마포구 양화로 지하 188
I4108|1265,1265,가좌역,I4108,경의중앙선,한국철도공사,37.568611,126.914841,일반역,,서울시 서대문구 수색로 27(남가좌동)
I4108|1266,1266,디지털미디어시티역,I4108,경의중앙선,한국철도공사,37.577964,126.900421,환승역,"6호선, 인천국제공항선",서울시 은평구 수색로 193(수색동 37-2)
I4108|1267,1267,수색역,I4108,경의중앙선,한국철도공사,37.580855,126.895681,일반역,,서울시 은평구 수색로 261-1
I4108|1268,1268,한국항공대,I4108,경의중앙선,한국철도공사,37.603102,126.868291,일반역,,경기도 고양시 덕양구 화랑로 53(화전동 183-10)
I4108|1269,1269,강매역,I4108,경의중앙선,한국철도공사,37.612396,126.844537,일반역,,경기도 고양시 덕양구 소원로 202
I4108|1270,1270,행신역,I4108,경의중앙선,한국철도공사,37.612125,126.834063,일반역,,경기도 고양시 덕양구 행신동 충경로 124번지(행신2동 812)
I4108|1271,1271,능곡역,I4108,경의중앙선,한국철도공사,37.618741,126.82089,환승역,서해선,경기도 고양시 덕양구 토당로 35(토당동 454-3)
I41WS|1271,1271,능곡역,I41WS,서해선,한국철도공사,37.618741,126.8206,환승역,경의중앙선,경기도 고양시 덕양구 토당로 35(토당동 454-3)
I4108|1272,1272,곡산역,I4108,경의중앙선,한국철도공사,37.645729,126.801877,환승역,서해선,경기도 고양시 일산동구 경의로 160(백석동)
I41WS|1272,1272,곡산역,I41WS,서해선,한국철도공사,37.645729,126.801877,환승역,경의선,경기도 고양시 일산동구 경의로 160(백석동)
I4108|1273,1273,백마역,I4108,경의중앙선,한국철도공사,37.658346,126.794401,환승역,서해선,경기도 고양시 일산동구 경의로 318(풍동 482-8)
I41WS|1273,1273,백마역,I41WS,서해선,한국철도공사,37.658346,126.794401,환승역,경의선,경기도 고양시 일산동구 경의로 318(풍동 482-8)
I4108|1274,1274,풍산역,I4108,경의중앙선,한국철도공사,37.672173,126.786355,환승역,서해선,경기도 고양시 일산동구 경의로 486(풍동)
I41WS|1274,1274,풍산역,I41WS,서해선,한국철도공사,37.672173,126.786355,환승역,경의선,경기도 고양시 일산동구 경의로 486(풍동)
I4108|1275,1275,일산역,I4108,경의중앙선,한국철도공사,37.682231,126.769521,환승역,서해선,경기도 고양시 일산서구 경의로 672
I41WS|1275,1275,일산역,I41WS,서해선,한국철도공사,37.682231,126.769521,환승역,경의선,경기도 고양시 일산서구 경의로 672
I4108|1276,1276,탄현역,I4108,경의중앙선,한국철도공사,37.694114,126.761075,일반역,,경기도 고양시 일산서구 경의로 856(덕이동)
I4108|1277,1277,야당역,I4108,경의중앙선,한국철도공사,37.712749,126.761535,일반역,,경기도 파주시 소리천로 10
I4108|1278,1278,운정역,I4108,경의중앙선,한국철도공사,37.725441000000004,126.767076,일반역,,경기도 파주시 운정역길 368(야당동 299-4번지)
I4108|1279,1279,금릉역,I4108,경의중앙선,한국철도공사,37.751295,126.765401,일반역,,경기도 파주시 금릉역로85
I4108|1280,1280,금촌역,I4108,경의중앙선,한국철도공사,37.766106,126.774515,일반역,,경기도 파주시 새꽃로 193
I4108|1282,1282,월롱역,I4108,경의중앙선,한국철도공사,37.796201,126.792574,일반역,,경기도 파주시 월롱면 통일로 980
I4108|1283,1283,파주역,I4108,경의중앙선,한국철도공사,37.815391,126.792426,일반역,,경기도 파주시 파주읍 주라위길 38
I4108|1284,1284,문산역,I4108,경의중앙선,한국철도공사,37.854565,126.787531,일반역,,경기도 파주시 문산읍 문산역로 94
I4108|1285,1285,임진강역,I4108,경의중앙선,한국철도공사,37.888364,126.746777,일반역,,경기도 파주시 문산읍 임진각로 115(문산읍)
I4108|1286,1286,운천역,I4108,경의중앙선,한국철도공사,37.880008,126.769713,일반역,,경기도 파주시 문산읍 통일로2033번길3
I41K2|1311,1311,신내역,I41K2,경춘선,한국철도공사,37.612855,127.103277,환승역,6호선,서울시 중랑구 망우동 320-2
I41K2|1312,1312,갈매역,I41K2,경춘선,한국철도공사,37.634135,127.114803,일반역,,경기도 구리시 갈매동 경춘북로 229(갈매동 502-18)
I41K2|1313,1313,별내역,I41K2,경춘선,한국철도공사,37.642221,127.127208,환승역,수도권 도시철도 8호선,경기도 남양주시 경춘북로 375(별내동 182-5)
I41K2|1314,1314,퇴계원역,I41K2,경춘선,한국철도공사,37.648316,127.143858,일반역,,경기도 남양주시 퇴계원면 경춘북로 545(퇴계원리 218-8)
I41K2|1315,1315,사릉역,I41K2,경춘선,한국철도공사,37.651145,127.176839,일반역,,경기도 남양주시 진건읍 진건우회로 72-8(사능리 590-2)
I41K2|1316,1316,금곡역,I41K2,경춘선,한국철도공사,37.637414,127.207931,일반역,,경기도 남양주시 경춘로 903(금곡동 404-276)
I41K2|1317,1317,평내호평역,I41K2,경춘선,한국철도공사,37.653229,127.244452,일반역,,경기도 남양주시 경춘로 1375(평내동 156)
I41K2|1318,1318,천마산역,I41K2,경춘선,한국철도공사,37.658995,127.285731,일반역,,경기도 남양주시 화도읍 묵현로 25번길 37
I41K2|1319,1319,마석역,I41K2,경춘선,한국철도공사,37.652328,127.311713,일반역,,경기도 남양주시 화도읍 마석우리 241-4
I41K2|1320,1320,대성리역,I41K2,경춘선,한국철도공사,37.683909,127.379165,일반역,,경기도 가평군 청평면 경춘로 88(대성리 393)
I41K2|1321,1321,청평역,I41K2,경춘선,한국철도공사,37.735484,127.426541,일반역,,경기도 가평군 청평면 청평역로 97-33(청평리 125-1)
I41K2|1322,1322,상천역,I41K2,경춘선,한국철도공사,37.770305,127.4542,일반역,,경기도 가평군 청평면 상천역로 29(상천리 1261)
I41K2|1323,1323,가평역,I41K2,경춘선,한국철도공사,37.814515,127.510693,일반역,,경기도 가평군 가평읍 문화로 13-42(달전리 567)
I41K2|1324,1324,굴봉산역,I41K2,경춘선,한국철도공사,37.832086,127.557732,일반역,,강원도 춘천시 남산면 서백길 192(백양리 588-30)
I41K2|1325,1325,백양리역,I41K2,경춘선,한국철도공사,37.830881,127.589085,일반역,,강원도 춘천시 남산면 북한강변길 690(강촌리 680-7)
I41K2|1326,1326,강촌역,I41K2,경춘선,한국철도공사,37.805728,127.634054,일반역,,강원도 춘춘시 남산면 강촌로 150(방곡리 409)
I41K2|1327,1327,김유정역,I41K2,경춘선,한국철도공사,37.818475,127.714302,일반역,,강원도 춘천시 신동면 김유정로 1435(신동면 증리 859-3)
I41K2|1328,1328,남춘천역,I41K2,경춘선,한국철도공사,37.864071,127.723761,일반역,,강원도 춘천시 영서로 2260(퇴계동 633-2)
I41K2|1329,1329,춘천역,I41K2,경춘선,한국철도공사,37.884391,127.716603,일반역,,강원도 춘천시 평화로 1(근화동 190)
I4401|1401,1401,봉명역,I4401,장항선,한국철도공사,36.801578,127.136319,일반역,,충남 천안시 동남구 차돌로 51(봉명동 20-2)
I4401|1402,1402,쌍용(나사렛대)역,I4401,장항선,한국철도공사,36.793745,127.121363,일반역,,충청남도 천안시 서북구 쌍용19로 20  _x000D_
I4401|1403,1403,아산역,I4401,장항선,한국철도공사,36.792195,127.104384,일반역,,충남 아산시 배방읍 희망로 90(장재리 325-3)
I4401|1404,1404,탕정역,I4401,장항선,한국철도공사,36.788272,127.084446,일반역,,충청남도 아산시 탕정면 매곡중앙6로 11
I4401|1405,1405,배방역,I4401,장항선,한국철도공사,36.777541,127.052751,일반역,,충남 아산시 배방읍 온천대로 1967
I4401|1407,1407,온양온천역,I4401,장항선,한국철도공사,36.780419,127.003707,일반역,,충남 아산시 온천대로 1496(온천동 56-9)
I4401|1408,1408,신창(순천향대)역,I4401,장항선,한국철도공사,36.769213,126.950129,일반역,,충남 아산시 신창면 행목로 50
I4103|1450,1450,선바위역,I4103,안산과천선,한국철도공사,37.451854,127.002164,일반역,,경기도 과천시 중앙로 440
I4103|1451,1451,경마공원역,I4103,안산과천선,한국철도공사,37.443987,127.007899,일반역,,경기도 과천시 경마공원대로 105
I4103|1452,1452,대공원역,I4103,안산과천선,한국철도공사,37.435724,127.006474,일반역,,경기도 과천시 대공원로 50
I4103|1453,1453,과천역,I4103,안산과천선,한국철도공사,37.432805,126.996404,일반역,,경기도 과천시 별양로 지하 177
I4103|1454,1454,정부과천청사역,I4103,안산과천선,한국철도공사,37.426445,126.989802,일반역,,경기도 과천시 중앙로 지하 100
I4103|1455,1455,인덕원역,I4103,안산과천선,한국철도공사,37.401901,126.976718,일반역,,경기도 안양시 동안구 흥안대로 529
I4103|1456,1456,평촌역,I4103,안산과천선,한국철도공사,37.394346,126.963881,일반역,,경기도 안양시 동안구 부림로 지하 123
I4103|1457,1457,범계역,I4103,안산과천선,한국철도공사,37.389783,126.950752,일반역,,경기도 안양시 동안구 동안로 지하 130
I41K5|1501,1501,판교역,I41K5,경강선,한국철도공사,37.394798,127.111135,환승역,신분당선,경기도 성남시 분당구 판교역로 160
I41K5|1502,1502,이매역,I41K5,경강선,한국철도공사,37.394736,127.127048,환승역,분당선,경기도 성남시 분당구 성남대로 738
I41K5|1503,1503,삼동역,I41K5,경강선,한국철도공사,37.408731,127.203447,일반역,,경기도 광주시 순암로 451
I41K5|1504,1504,경기광주역,I41K5,경강선,한국철도공사,37.398974,127.253201,일반역,,경기도 광주시 광주역로 10 경기광주역사
I41K5|1505,1505,초월역,I41K5,경강선,한국철도공사,37.373389,127.299996,일반역,,경기도 광주시 초월읍 경충대로 1066
I41K5|1506,1506,곤지암역,I41K5,경강선,한국철도공사,37.350525,127.346186,일반역,,경기도 광주시 곤지암천로 333
I41K5|1507,1507,신둔도예촌역,I41K5,경강선,한국철도공사,37.315499,127.405251,일반역,,경기도 이천시 신둔면 남정로 55
I41K5|1508,1508,이천역,I41K5,경강선,한국철도공사,37.264222,127.442135,일반역,,경기도 이천시 이섭대천로 1063
I41K5|1509,1509,부발역,I41K5,경강선,한국철도공사,37.260411,127.490303,일반역,,경기도 이천시 부발읍 신아로 87
I41K5|1510,1510,세종대왕릉역,I41K5,경강선,한국철도공사,37.293636,127.570764,일반역,,경기도 여주시 능서면 양화로 877
I41K5|1511,1511,여주역,I41K5,경강선,한국철도공사,37.282881,127.628571,일반역,,경기도 여주시 교동로 80(교동 403-1)
I41K5|1512,1512,성남역,I41K5,경강선,한국철도공사,37.394709,127.11949,환승역,GTX-A,경기도 성남시 분당구 백현동 545-1
I4101|1701,1701,구로역,I4101,경부선,한국철도공사,37.503178,126.882037,일반역,,서울시 구로구 구로중앙로 174
I4101|1702,1702,가산디지털단지역,I4101,경부선,한국철도공사,37.481568,126.882628,환승역,수도권 도시철도 7호선,서울시 금천구 벚꽃로 309
I4101|1703,1703,금천구청역,I4101,경부선,한국철도공사,37.45576,126.894344,일반역,,서울시 금천구 시흥대로 63길 91
I4101|1704,1704,석수역,I4101,경부선,한국철도공사,37.435161,126.902233,일반역,,경기도 안양시 만안구 경수대로 1431
I4101|1705,1705,관악역,I4101,경부선,한국철도공사,37.419578,126.908476,일반역,,경기도 안양시 만안구 경수대로 1273번길 46
I4101|1706,1706,안양역,I4101,경부선,한국철도공사,37.401929,126.922647,일반역,,경기도 안양시 만안구 만안로 232
I4101|1707,1707,명학역,I4101,경부선,한국철도공사,37.384435,126.935579,일반역,,경기도 안양시 만안구 만안로 20
I4101|1708,1708,금정역,I4101,경부선,한국철도공사,37.371957,126.943411,환승역,안산과천선,경기도 군포시 군포로 750
I4103|1708,1708,금정역,I4103,안산과천선,한국철도공사,37.371957,126.943611,환승역,경부선,경기도 군포시 군포로 750
I4101|1709,1709,군포역,I4101,경부선,한국철도공사,37.353732,126.948517,일반역,,경기도 군포시 군포역1길 27
I4101|1710,1710,의왕역,I4101,경부선,한국철도공사,37.320648,126.948099,일반역,,경기도 의왕시 철도박물관로 66(삼동)
I4101|1711,1711,성균관대역,I4101,경부선,한국철도공사,37.300344,126.970861,일반역,,경기도 수원시 장안구 서부로 2149
I4101|1712,1712,화서역,I4101,경부선,한국철도공사,37.28399,126.989581,일반역,,경기도 수원시 팔달구 덕영대로 692
I4101|1713,1713,수원역,I4101,경부선,한국철도공사,37.266162,126.999821,환승역,수인선,경기도 수원시 팔달구 덕영대로 924
I4101|1714,1714,독산역,I4101,경부선,한국철도공사,37.465994,126.889508,일반역,,서울시 금천구 벚꽃로 115
I4101|1715,1715,세류역,I4101,경부선,한국철도공사,37.244102,127.013772,일반역,,경기도 수원시 권선구 정조로 393-1
I4101|1716,1716,병점역,I4101,경부선,한국철도공사,37.206821,127.033268,일반역,,경기도 화성시 떡전골로 97
I4101|1717,1717,세마역,I4101,경부선,한국철도공사,37.187288,127.043279,일반역,,경기도 오산시 세마역로 88
I4101|1718,1718,오산대역,I4101,경부선,한국철도공사,37.169401,127.063081,일반역,,경기도 오산시 청학로 236
I4101|1719,1719,오산역,I4101,경부선,한국철도공사,37.145472,127.066708,일반역,,경기도 오산시 오산동 역광장로 59
I4101|1720,1720,진위역,I4101,경부선,한국철도공사,37.109771,127.062342,일반역,,경기도 평택시 경기대로 1855
I4101|1721,1721,송탄역,I4101,경부선,한국철도공사,37.075376,127.054397,일반역,,경기도 평택시 신장동 송탄공원로 43
I4101|1722,1722,서정리역,I4101,경부선,한국철도공사,37.056459,127.052844,일반역,,경기도 평택시 탄현로 51
I4101|1723,1723,평택지제역,I4101,경부선,한국철도공사,37.018822,127.070269,일반역,,경기도 평택시 경기대로 777
I4101|1724,1724,평택역,I4101,경부선,한국철도공사,36.990559,127.085496,일반역,,경기도 평택시 평택로 51
I4101|1725,1725,성환역,I4101,경부선,한국철도공사,36.915781,127.127007,일반역,,충남 천안시 서북구 성환읍 성환1로 237-5(성환리 449-128)
I4101|1726,1726,직산역,I4101,경부선,한국철도공사,36.870921,127.143774,일반역,,충남 천안시 서북구 직산읍 천안대로 1471-33
I4101|1727,1727,두정역,I4101,경부선,한국철도공사,36.833791,127.148905,일반역,,충남 천안시 서북구 두정로 289(두정동 84-1)
I4401|1728,1728,천안역,I4401,경부선,한국철도공사,36.810238,127.146417,일반역,,충남 천안시 동남구 대흥로 239(대흥동 57-1)
I4101|1729,1729,당정역,I4101,경부선,한국철도공사,37.34338,126.948388,일반역,,경기도 군포시 당정역로 91
I4101|1749,1749,서동탄역,I4101,경부선,한국철도공사,37.195675,127.051893,일반역,,경기도 오산시 외삼미로 15번길 75-60
I4101|1750,1750,광명역,I4101,경부선,한국철도공사,37.415995,126.884523,일반역,,경기도 광명시 광명역로 21
I4103|1751,1751,산본역,I4103,안산과천선,한국철도공사,37.358019,126.932969,일반역,,경기도 군포시 번영로 504
I4103|1752,1752,대야미역,I4103,안산과천선,한국철도공사,37.328304,126.917161,일반역,,경기도 군포시 대야1로 28
I4103|1753,1753,반월역,I4103,안산과천선,한국철도공사,37.312244,126.903684,일반역,,경기도 안산시 상록구 건건로 119-10
I4103|1754,1754,상록수역,I4103,안산과천선,한국철도공사,37.302845,126.866533,일반역,,경기도 안산시 상록구 상록수로 61
I28K1|1755,1755,한대앞역,I28K1,수인선,한국철도공사,37.309985,126.853506,환승역,안산과천선,경기도 안산시 상록구 충장로 337
I4103|1755,1755,한대앞역,I4103,안산과천선,한국철도공사,37.309685,126.853656,환승역,수인선,경기도 안산시 상록구 충장로 337
I28K1|1756,1756,중앙역,I28K1,수인선,한국철도공사,37.316055,126.838532,환승역,안산과천선,경기도 안산시 단원구 중앙대로 918
I4103|1756,1756,중앙역,I4103,안산과천선,한국철도공사,37.316055,126.838532,환승역,수인선,경기도 안산시 단원구 중앙대로 918
I28K1|1757,1757,고잔역,I28K1,수인선,한국철도공사,37.316821,126.823094,환승역,안산과천선,경기도 안산시 단원구 중앙대로 784 
I4103|1757,1757,고잔역,I4103,안산과천선,한국철도공사,37.316821,126.823094,환승역,수인선,경기도 안산시 단원구 중앙대로 784
I28K1|1758,1758,초지역,I28K1,수인선,한국철도공사,37.320583,126.806151,환승역,"안산과천선, 서해선",경기도 안산시 단원구 중앙대로 620
I4103|1758,1758,초지역,I4103,안산과천선,한국철도공사,37.320583,126.806151,환승역,"수인선, 서해선",경기도 안산시 단원구 중앙대로 620
I28K1|1759,1759,안산역,I28K1,수인선,한국철도공사,37.327006,126.788748,환승역,안산과천선,경기도 안산시 단원구 중앙대로 462
I4103|1759,1759,안산역,I4103,안산과천선,한국철도공사,37.327006,126.788748,환승역,수인선,경기도 안산시 단원구 중앙대로 462
I28K1|1760,1760,능길역,I28K1,수인선,한국철도공사,37.337488,126.767306,환승역,안산과천선,경기도 안산시 단원구 황고개로 2
I4103|1760,1760,능길역,I4103,안산과천선,한국철도공사,37.337488,126.767306,환승역,수인선,경기도 안산시 단원구 황고개로 2
I28K1|1761,1761,정왕역,I28K1,수인선,한국철도공사,37.351816,126.742844,환승역,안산과천선,경기도 시흥시 마유로 418길 15
I4103|1761,1761,정왕역,I4103,안산과천선,한국철도공사,37.351816,126.742844,환승역,수인선,경기도 시흥시 마유로 418길 15
I28K1|1762,1762,오이도역,I28K1,수인선,한국철도공사,37.361773,126.738437,환승역,안산과천선,경기도 시흥시 역전로 430
I4103|1762,1762,오이도역,I4103,안산과천선,한국철도공사,37.361773,126.738437,환승역,수인선,경기도 시흥시 역전로 430
I4103|1763,1763,수리산역,I4103,안산과천선,한국철도공사,37.350297,126.925537,일반역,,경기도 군포시 번영로 385
I1101|1801,1801,개봉역,I1101,경인선,한국철도공사,37.494698,126.858504,일반역,,서울시 구로구 경인로 40길 47
I1101|1802,1802,오류동역,I1101,경인선,한국철도공사,37.4944,126.844551,일반역,,서울시 구로구 경인로 20길 13
I1101|1803,1803,역곡역,I1101,경인선,한국철도공사,37.48514,126.811622,일반역,,경기도 부천시 원미구 역곡로 1(역곡동)
I1101|1804,1804,부천역,I1101,경인선,한국철도공사,37.484066,126.782779,일반역,,경기도 부천시 소사구 부천로 1
I1101|1805,1805,송내역,I1101,경인선,한국철도공사,37.487626,126.753045,일반역,,경기도 부천시 소사구 송내대로 43
I1101|1806,1806,부평역,I1101,경인선,한국철도공사,37.489457,126.724584,환승역,인천지하철 1호선,인천시 부평구 광장로 16
I1101|1807,1807,백운역,I1101,경인선,한국철도공사,37.483301,126.707179,일반역,,인천시 부평구 마장로 55번길 14
I1101|1808,1808,동암역,I1101,경인선,한국철도공사,37.470835,126.703016,일반역,,인천시 부평구 동암광장로 10
I1101|1809,1809,주안역,I1101,경인선,한국철도공사,37.465041,126.680702,환승역,인천지하철 2호선,인천시 남구 주안로 95-19
I1101|1810,1810,제물포역,I1101,경인선,한국철도공사,37.466809,126.657165,일반역,,인천시 남구 경인로 129
I1101|1811,1811,동인천역,I1101,경인선,한국철도공사,37.475414,126.632598,일반역,,인천시 중구 참외전로 119
I1101|1812,1812,인천역,I1101,경인선,한국철도공사,37.476364,126.616936,환승역,수인선,인천시 중구 제물량로 269
I1101|1813,1813,구일역,I1101,경인선,한국철도공사,37.495973,126.869201,일반역,,서울시 구로구 구일로 133
I1101|1815,1815,부개역,I1101,경인선,한국철도공사,37.488479,126.740549,일반역,,인천시 부평구 수변로 22
I1101|1816,1816,간석역,I1101,경인선,한국철도공사,37.464689,126.693408,일반역,,인천시 남동구 석정로 522-14
I1101|1817,1817,도원역,I1101,경인선,한국철도공사,37.468604,126.642824,일반역,,인천시 동구 참외전로 245
I1101|1821,1821,온수역,I1101,경인선,한국철도공사,37.492267,126.823399,환승역,수도권 도시철도 7호선,서울시 구로구 부일로 872
I1101|1822,1822,중동역,I1101,경인선,한국철도공사,37.486664,126.764474,일반역,,경기도 부천시 소사구 중동로 73
I1101|1823,1823,도화역,I1101,경인선,한국철도공사,37.466154,126.66846,일반역,,인천시 남구 숙골로 24번길 9
I4105|1846,1846,수원역(분당),I4105,분당선,한국철도공사,37.266162,127.000082,환승역,경부선,경기도 수원시 팔달구 덕영대로 944
I4105|1847,1847,서울숲역,I4105,분당선,한국철도공사,37.543647,127.044686,일반역,,서울시 성동구 왕십리로 지하 77
I4105|1848,1848,압구정로데오역,I4105,분당선,한국철도공사,37.527385,127.040555,일반역,,서울시 강남구 압구정동 495(강남구 압구정로 지하 402)
I4105|1849,1849,강남구청역,I4105,분당선,한국철도공사,37.516572,127.041575,환승역,수도권 도시철도 7호선,서울시 강남구 학동로 지하 364
I4105|1850,1850,선정릉역,I4105,분당선,한국철도공사,37.510775,127.043717,환승역,서울 도시철도 9호선,서울시 강남구 선릉로 지하 580(삼성동)
I4105|1851,1851,가천대역,I4105,분당선,한국철도공사,37.448784,127.126677,일반역,,경기도 성남시 수정구 성남대로 1332
I4105|1852,1852,태평역,I4105,분당선,한국철도공사,37.439842,127.127746,일반역,,경기도 성남시 수정구 성남대로 지하 1229번지
I4105|1853,1853,모란역,I4105,분당선,한국철도공사,37.432124,127.129064,환승역,수도권 도시철도 8호선,경기도 성남시 중원구 성남대로 지하 1147(성남동 1575)
I4105|1854,1854,야탑역,I4105,분당선,한국철도공사,37.41132,127.128661,일반역,,경기도 성남시 성남대로 지하 903(야탑동 688-1)
I4105|1855,1855,서현역,I4105,분당선,한국철도공사,37.384931,127.123249,일반역,,경기도 성남시 분당구 성남대로 지하 601
I4105|1856,1856,수내역,I4105,분당선,한국철도공사,37.378435,127.114216,일반역,,경기도 성남시 분당구 성남대로 지하 491(수내동)
I4105|1857,1857,정자역,I4105,분당선,한국철도공사,37.366037,127.108091,환승역,신분당선,경기도 성남시 분당구 성남대로 지하 333(정자동)
I4105|1858,1858,미금역,I4105,분당선,한국철도공사,37.350078,127.108952,환승역,신분당선,경기도 성남시 수정구 성남대로 지하 156
I4105|1859,1859,오리역,I4105,분당선,한국철도공사,37.339832,127.108985,일반역,,경기도 성남시 분당구 성남대로 지하 55(구미동 795)
I4105|1860,1860,이매역,I4105,분당선,한국철도공사,37.395846,127.128272,환승역,경강선,경기도 성남시 성남대로 지하 738
I4105|1861,1861,보정역,I4105,분당선,한국철도공사,37.31274,127.108219,일반역,,경기도 용인시 기흥구 용구대로 2560  _x000D_
I4105|1862,1862,죽전역,I4105,분당선,한국철도공사,37.324575,127.107385,일반역,,경기도 용인시 수지구 포은대로 530(죽전동 1014)
I4105|1863,1863,구성역,I4105,분당선,한국철도공사,37.299013,127.105664,환승역,GTX-A,경기도 용인시 기흥구 용구대로 2403
I4105|1864,1864,신갈역,I4105,분당선,한국철도공사,37.286127,127.111311,일반역,,경기도 용인시 기흥구 기흥로 136
I4105|1865,1865,기흥역,I4105,분당선,한국철도공사,37.275657,127.115944,환승역,수도권 경량도시철도 에버라인,경기도 용인시 중부대로 460
I4105|1866,1866,상갈역,I4105,분당선,한국철도공사,37.261797,127.108718,일반역,,경기도 용인시 기흥구 금화로 지하 40
I4105|1867,1867,청명역,I4105,분당선,한국철도공사,37.259485,127.078945,일반역,,경기도 수원시 영통구 봉영로 지하 1670
I4105|1868,1868,영통역,I4105,분당선,한국철도공사,37.251521,127.071341,일반역,,경기도 수원시 영통구 봉영로 지하 1560
I4105|1869,1869,망포역,I4105,분당선,한국철도공사,37.245793,127.057367,일반역,,경기도 수원시 영통구 봉영로 지하 1520
I4105|1870,1870,매탄권선역,I4105,분당선,한국철도공사,37.252458,127.040824,일반역,,경기도 수원시 영통구 권선로 841
I4105|1871,1871,수원시청역,I4105,분당선,한국철도공사,37.261941,127.030736,일반역,,경기도 수원시 권선구 효원로 270
I4105|1872,1872,매교역,I4105,분당선,한국철도공사,37.265502,127.015657,일반역,,경기도 수원시 팔달구 효원로 126
I28K1|1873,1873,고색역,I28K1,수인선,한국철도공사,37.249829,126.9805899,일반역,,경기도 수원시 권선구 매송고색로 지하690(고색동)
I28K1|1874,1874,오목천역,I28K1,수인선,한국철도공사,37.243011,126.9636354,일반역,,경기도 수원시 권선구 삼천병마로 1576(오목천동)
I28K1|1875,1875,어천역,I28K1,수인선,한국철도공사,37.250076,126.908805,일반역,,경기도 화성시 매송면 화성로 2227-5(어천리)
I28K1|1876,1876,야목역,I28K1,수인선,한국철도공사,37.261211,126.884029,일반역,,경기도 화성시 매송면 본오매송로 286(야목리)
I28K1|1877,1877,사리역,I28K1,수인선,한국철도공사,37.290809,126.857172,일반역,,경기도 안산시 상록구 충장로 103(사동)
I28K1|1878,1878,달월역,I28K1,수인선,한국철도공사,37.379993,126.745431,일반역,,경기도 시흥시 서해안로 736번길 55(월곶동)
I28K1|1879,1879,월곶역,I28K1,수인선,한국철도공사,37.39189,126.742741,일반역,,경기도 시흥시 월곶중앙로 14번길 56
I28K1|1880,1880,소래포구역,I28K1,수인선,한국철도공사,37.400963,126.733533,일반역,,인천시 남동구 소래역로 51
I28K1|1881,1881,인천논현역,I28K1,수인선,한국철도공사,37.400641,126.722495,일반역,,인천시 남동구 청능대로 567
I28K1|1882,1882,호구포역,I28K1,수인선,한국철도공사,37.401622,126.708682,일반역,,인천시 남동구 호구포로 205
I28K1|1883,1883,남동인더스파크역,I28K1,수인선,한국철도공사,37.407668,126.695613,일반역,,인천시 남동구 은청로 17
I28K1|1884,1884,원인재역,I28K1,수인선,한국철도공사,37.412921,126.686952,환승역,인천지하철 1호선,인천시 연수구 벚꽃로 195
I28K1|1885,1885,연수역,I28K1,수인선,한국철도공사,37.417769,126.678991,일반역,,인천시 연수구 벚꽃로 115
I28K1|1886,1886,송도역,I28K1,수인선,한국철도공사,37.429714,126.654486,일반역,,인천시 연수구 비류대로 175(옥련동)
I28K1|1888,1888,인하대역,I28K1,수인선,한국철도공사,37.448191,126.649832,일반역,,인천시 남구 용현동 294-3
I28K1|1889,1889,숭의역,I28K1,수인선,한국철도공사,37.460891,126.638035,일반역,,인천시 남구 인주대로 지하6
I28K1|1890,1890,신포역,I28K1,수인선,한국철도공사,37.468442,126.624509,일반역,,인천시 중구 우현로 지하 3
I28K1|1891,1891,인천역,I28K1,수인선,한국철도공사,37.476364,126.6174236,환승역,경인선,인천시 중구 제물량로 269
I4102|1901,1901,방학역,I4102,경원선,한국철도공사,37.667471,127.044295,일반역,,서울시 도봉구 도봉로 150다길 3
I4102|1902,1902,도봉역,I4102,경원선,한국철도공사,37.679441,127.045521,일반역,,서울시 도봉구 도봉로 170길 2
I4102|1903,1903,도봉산역,I4102,경원선,한국철도공사,37.689603,127.046047,환승역,수도권 도시철도 7호선,서울시 도봉구 도봉로 964-33
I4102|1904,1904,망월사역,I4102,경원선,한국철도공사,37.710499,127.047361,일반역,,경기도 의정부시 평화로 221
I4102|1905,1905,회룡역,I4102,경원선,한국철도공사,37.724037,127.047319,환승역,의정부,경기도 의정부시 평화로 363
I4102|1906,1906,의정부역,I4102,경원선,한국철도공사,37.73873,127.045891,일반역,,경기도 의정부시 평화로 525
I4102|1907,1907,가능역,I4102,경원선,한국철도공사,37.748362,127.044251,일반역,,경기도 의정부시 평화로 633
I4102|1908,1908,녹양역,I4102,경원선,한국철도공사,37.759416,127.042272,일반역,,경기도 의정부시 평화로 757(녹양동 973)
I4102|1909,1909,양주역,I4102,경원선,한국철도공사,37.774281,127.044719,일반역,,경기도 양주시 평화로 919(남방동 94-1)
I4102|1910,1910,덕계역,I4102,경원선,한국철도공사,37.818761,127.056676,일반역,,경기도 양주시 고덕로 139번길 317
I4102|1911,1911,덕정역,I4102,경원선,한국철도공사,37.843216,127.061511,일반역,,경기도 양주시 화합로 1356
I4102|1912,1912,지행역,I4102,경원선,한국철도공사,37.892361,127.055734,일반역,,경기도 동두천시 평화로 2285(지행동)
I4102|1913,1913,동두천중앙역,I4102,경원선,한국철도공사,37.901818,127.056528,일반역,,경기도 동두천시 동두천로 228(생연동 682)
I4102|1914,1914,보산역,I4102,경원선,한국철도공사,37.914268,127.057134,일반역,,경기도 동두천시 평화로 2539(보산동)
I4102|1915,1915,동두천역,I4102,경원선,한국철도공사,37.927569,127.054825,일반역,,경기도 동두천시 평화로 2687(동두천동 245-210)
I4102|1916,1916,소요산역,I4102,경원선,한국철도공사,37.948608,127.061007,일반역,,경기도 동두천시 평화로 2925(상봉암동 126)
I4102|1917,1917,청산역,I4102,경원선,한국철도공사,37.995138,127.074097,일반역,,경기도 연천군 청산면 초성리 170-1
I4102|1918,1918,전곡역,I4102,경원선,한국철도공사,38.024041,127.071913,일반역,,경기도 연천군 전곡읍 전곡역로 75(전곡리)
I4102|1919,1919,연천역,I4102,경원선,한국철도공사,38.100485,127.07368,일반역,,경기도 연천군 연천읍 연천로 273-7(차탄리)
I4106|1948,1948,원흥역,I4106,일산선,한국철도공사,37.650709,126.873239,일반역,,"경기도 고양시 덕양구 권율대로 681 (원흥동, 원흥역) 원흥역"
I4106|1949,1949,지축역,I4106,일산선,한국철도공사,37.648114,126.913746,일반역,,경기도 고양시 덕양구 삼송로 300(지축동)
I4106|1950,1950,삼송역,I4106,일산선,한국철도공사,37.653096,126.895559,일반역,,경기도 고양시 덕양구 삼송로 194
I4106|1951,1951,원당역,I4106,일산선,한국철도공사,37.653103,126.842891,일반역,,경기도 고양시 덕양구 덕양대로 1429(성사1동 4100-7)
I4106|1952,1952,화정역,I4106,일산선,한국철도공사,37.634708,126.832503,일반역,,경기도 고양시 덕양구 화정로 60 화정역
I4108|1953,1953,대곡역,I4108,경의중앙선,한국철도공사,37.631629,126.810225,환승역,"일산선, 서해선, GTX-A",경기도 고양시 덕양구 대주로 107번길 71-81(대장동 420-1)
I41WS|1953,1953,대곡역,I41WS,서해선,한국철도공사,37.631629,126.809802,환승역,"일산선, 경의선, GTX-A",경기도 고양시 덕양구 대주로 107번길 71-81(대장동 420-1)
I4106|1953,1953,대곡역,I4106,일산선,한국철도공사,37.631629,126.811025,환승역,"경의선, 서해선, GTX-A",경기도 고양시 덕양구 대주로 107번길 71-81(대장동 420-1)
I4106|1954,1954,백석역,I4106,일산선,한국철도공사,37.642973,126.788109,일반역,,경기도 고양시 일산동구 중앙로 1042
I4106|1955,1955,마두역,I4106,일산선,한국철도공사,37.652185,126.777641,일반역,,경기도 고양시 일산동구 중앙로 지하 1180(마두동)
I4106|1956,1956,정발산역,I4106,일산선,한국철도공사,37.659709,126.773254,일반역,,경기도 고양시 일산동구 마두 1동 1123(일산동구 중앙로 1270)
I4106|1957,1957,주엽역,I4106,일산선,한국철도공사,37.670138,126.761232,일반역,,경기도 고양시 일산서구 중앙로 1432(주엽동 166-7)
I4106|1958,1958,대화역,I4106,일산선,한국철도공사,37.675883,126.747756,일반역,,경기도 고양시 일산서구 중앙로 1569(대화동 2221)
I41WS|1980,1980,김포공항역,I41WS,서해선,한국철도공사,37.5621179,126.804056,환승역,"5호선, 서울 도시철도 9호선, 인천국제공항선, 김포도시철도",서울특별시 강서구 하늘길 지하 77
I41WS|1981,1981,원종역,I41WS,서해선,한국철도공사,37.5240628,126.8048386,일반역,,경기도 부천시 원종동 404
I41WS|1982,1982,부천종합운동장역,I41WS,서해선,한국철도공사,37.505852,126.797498,환승역,수도권 도시철도 7호선,경기도 부천시 길주로 지하 502
I1101|4804,4804,소사역,I1101,경인선,한국철도공사,37.482755,126.795654,환승역,서해선,경기도 부천시 소사구 경인로 363
I41WS|4804,4804,소사역,I41WS,서해선,한국철도공사,37.482755,126.7950654,환승역,경인선,경기도 부천시 소사구 경인로 363
I41WS|4805,4805,소새울역,I41WS,서해선,한국철도공사,37.4685046,126.797228,일반역,,경기도 부천시 소사로 지하 284
I41WS|4806,4806,시흥대야역,I41WS,서해선,한국철도공사,37.4504787,126.793142,일반역,,경기도 부천시 소사로 지하 120
I41WS|4807,4807,신천역,I41WS,서해선,한국철도공사,37.4391147,126.786835,일반역,,경기도 시흥시 서해안로 지하 1670
I41WS|4808,4808,신현역,I41WS,서해선,한국철도공사,37.4091399,126.78788,일반역,,경기도 시승시 신현로 12번길 지하 2-10
I41WS|4809,4809,시흥시청역,I41WS,서해선,한국철도공사,37.3814109,126.805946,일반역,,경기도 시흥시 시흥대로 지하 467
I41WS|4810,4810,시흥능곡역,I41WS,서해선,한국철도공사,37.3699903,126.808594,일반역,,경기도 시흥시 시흥대로 지하 327
I41WS|4811,4811,달미역,I41WS,서해선,한국철도공사,37.3490003,126.809318,일반역,,경기도 안산시 단원구 순환로 지하 160
I41WS|4812,4812,선부역,I41WS,서해선,한국철도공사,37.33459,126.81,일반역,,경기도 안산시 단원구 선부광장로 34
I41WS|4813,4813,초지역,I41WS,서해선,한국철도공사,37.320083,126.808051,환승역,"수인선, 안산과천선",경기도 안산시 단원구 중앙대로 620
I41WS|4814,4814,시우역,I41WS,서해선,한국철도공사,37.3130967,126.795503,일반역,,경기도 안산시 단원구 동산로 지하 50
I41WS|4815,4815,원시역,I41WS,서해선,한국철도공사,37.302654,126.7867897,일반역,,경기도 안산시 단원구 선단로 지하 70
I27K7|7001,7001,구미역,I27K7,대경선,한국철도공사,36.128278,128.331071,일반역,,경북 구미시 구미중앙로 76
I27K7|7002,7002,사곡역,I27K7,대경선,한국철도공사,36.098508,128.356416,일반역,,경북 구미시 상사서로 173-16
I27K7|7003,7003,북삼역,I27K7,대경선,한국철도공사,36.0560326479866,128.345278,일반역,,경북 칠곡군 북삼읍 율리 847
I27K7|7004,7004,왜관역,I27K7,대경선,한국철도공사,35.991821,128.400391,일반역,,경북 칠곡군 왜관읍 중앙로8길 10
I27K7|7005,7005,서대구역,I27K7,대경선,한국철도공사,35.881734,128.540121,일반역,,대구 서구 와룡로 527
I27K7|7006,7006,대구역,I27K7,대경선,한국철도공사,35.876,128.5961,환승역,대구도시철도 1호선,대구 북구 태평로 161
I27K7|7007,7007,동대구역,I27K7,대경선,한국철도공사,35.879376,128.628807,환승역,대구도시철도 1호선,대구 동구 동대구로 550
I27K7|7008,7008,경산역,I27K7,대경선,한국철도공사,35.8192,128.7276,일반역,,경북 경산시 중앙로1
I26K6|8001,8001,부전역,I26K6,동해선,한국철도공사,35.164668,129.06011,일반역,,부산광역시 부산진구 부전로 181
I26K6|8002,8002,거제해맞이역,I26K6,동해선,한국철도공사,35.181197,129.069015,일반역,,부산광역시 연제구 거제동 619-1
I26K6|8003,8003,거제역,I26K6,동해선,한국철도공사,35.18958,129.074385,환승역,부산 도시철도 3호선,부산광역시 연제구 거제동 419-2
I26K6|8004,8004,교대역,I26K6,동해선,한국철도공사,35.1938,129.07958,환승역,부산 도시철도 1호선,부산시 연제구 중앙대로 1196
I26K6|8005,8005,동래역,I26K6,동해선,한국철도공사,35.204714,129.0773502,일반역,,부산광역시 동래구 낙민동 130-4
I26K6|8006,8006,안락역,I26K6,동해선,한국철도공사,35.196007,129.101062,일반역,,부산광역시 동래구 안락동 201-2
I26K6|8007,8007,재송역,I26K6,동해선,한국철도공사,35.188,129.120109,일반역,,부산시 해운대구 해운대로 100
I26K6|8008,8008,센텀역,I26K6,동해선,한국철도공사,35.1793,129.1245,일반역,,부산시 해운대구 해운대로 210
I26K6|8009,8009,벡스코역,I26K6,동해선,한국철도공사,35.1717,129.135958,환승역,부산 도시철도 2호선,부산광역시 해운대구 우동 1111-2
I26K6|8010,8010,신해운대역,I26K6,동해선,한국철도공사,35.181832,129.176696,일반역,,부산시 해운대구 장산로 427
I26K6|8011,8011,송정역,I26K6,동해선,한국철도공사,35.187832,129.202069,일반역,,부산시 해운대구 해운대로 1147
I26K6|8012,8012,오시리아역,I26K6,동해선,한국철도공사,35.196256,129.208291,일반역,,부산광역시 기장군 기장읍 당사리 261-8
I26K6|8013,8013,기장역,I26K6,동해선,한국철도공사,35.244627,129.2188951,일반역,,부산시 기장군 기장읍 차성로288번길 86
I26K6|8014,8014,일광역,I26K6,동해선,한국철도공사,35.2675565,129.2330307,일반역,,부산광역시 기장군 일광면 이천리 750-4
I26K6|8015,8015,부산원동역,I26K6,동해선,한국철도공사,35.1938,129.113709,일반역,,부산시 동래구 안락동 52-2
I26K6|8016,8016,좌천역,I26K6,동해선,한국철도공사,35.311838,129.245197,일반역,,부산시 기장군 장안읍 좌천리 239-4
I26K6|8017,8017,월내역,I26K6,동해선,한국철도공사,35.328177,129.276626,일반역,,부산시 기장군 장안읍 월내리 141-4
I26K6|8018,8018,서생역,I26K6,동해선,한국철도공사,35.346121,129.29304,일반역,,울산시 울주군 서생면 화산리 1228-5
I26K6|8019,8019,남창역,I26K6,동해선,한국철도공사,35.419713,129.28223,일반역,,울산시 울주군 온양읍 남창리 42-36
I26K6|8020,8020,망양역,I26K6,동해선,한국철도공사,35.456519,129.287856,일반역,,울산시 울주군 온양읍 망양리 484-1
I26K6|8021,8021,덕하역,I26K6,동해선,한국철도공사,35.494007,129.303094,일반역,,울산시 울주군 청량읍 상남리 533-15
I26K6|8022,8022,개운포역,I26K6,동해선,한국철도공사,35.507884,129.321097,일반역,,울산시 남구 상개리 97-1
I26K6|8023,8023,태화강역,I26K6,동해선,한국철도공사,35.538669,129.353269,일반역,,울산광역시 남구 산업로 654
