source,predicate,target,거리_m,소요시간_s,평일운행횟수
Station:I11D1|D004,ON_LINE,Line:I11D1,,,
Station:I11D1|D004,OPERATED_BY,Operator:경기도_신분당선,,,
Station:I11D1|D004,LOCATED_IN,Region:서울특별시,,,
Station:I11D1|D004,IN_METRO_AREA,MetroArea:수도권,,,
Station:I11D1|D005,ON_LINE,Line:I11D1,,,
Station:I11D1|D005,OPERATED_BY,Operator:경기도_신분당선,,,
Station:I11D1|D005,LOCATED_IN,Region:서울특별시,,,
Station:I11D1|D005,IN_METRO_AREA,MetroArea:수도권,,,
Station:I11D1|D006,ON_LINE,Line:I11D1,,,
Station:I11D1|D006,OPERATED_BY,Operator:경기도_신분당선,,,
Station:I11D1|D006,LOCATED_IN,Region:서울특별시,,,
Station:I11D1|D006,IN_METRO_AREA,MetroArea:수도권,,,
Station:I11D1|D007,ON_LINE,Line:I11D1,,,
Station:I11D1|D007,OPERATED_BY,Operator:경기도_신분당선,,,
Station:I11D1|D007,LOCATED_IN,Region:서울특별시,,,
Station:I11D1|D007,IN_METRO_AREA,MetroArea:수도권,,,
Station:I11D1|D008,ON_LINE,Line:I11D1,,,
Station:I11D1|D008,OPERATED_BY,Operator:경기도_신분당선,,,
Station:I11D1|D008,LOCATED_IN,Region:서울특별시,,,
Station:I11D1|D008,IN_METRO_AREA,MetroArea:수도권,,,
Station:I11D1|D009,ON_LINE,Line:I11D1,,,
Station:I11D1|D009,OPERATED_BY,Operator:경기도_신분당선,,,
Station:I11D1|D009,LOCATED_IN,Region:서울특별시,,,
Station:I11D1|D009,IN_METRO_AREA,MetroArea:수도권,,,
Station:I11D1|D010,ON_LINE,Line:I11D1,,,
Station:I11D1|D010,OPERATED_BY,Operator:경기도_신분당선,,,
Station:I11D1|D010,LOCATED_IN,Region:서울특별시,,,
Station:I11D1|D010,IN_METRO_AREA,MetroArea:수도권,,,
Station:I11D1|D011,ON_LINE,Line:I11D1,,,
Station:I11D1|D011,OPERATED_BY,Operator:경기도_신분당선,,,
Station:I11D1|D011,LOCATED_IN,Region:경기도,,,
Station:I11D1|D011,IN_METRO_AREA,MetroArea:수도권,,,
Station:I11D1|D012,ON_LINE,Line:I11D1,,,
Station:I11D1|D012,OPERATED_BY,Operator:경기도_신분당선,,,
Station:I11D1|D012,LOCATED_IN,Region:경기도,,,
Station:I11D1|D012,IN_METRO_AREA,MetroArea:수도권,,,
Station:I11D1|D013,ON_LINE,Line:I11D1,,,
Station:I11D1|D013,OPERATED_BY,Operator:경기도_신분당선,,,
Station:I11D1|D013,LOCATED_IN,Region:경기도,,,
Station:I11D1|D013,IN_METRO_AREA,MetroArea:수도권,,,
Station:I11D1|D014,ON_LINE,Line:I11D1,,,
Station:I11D1|D014,OPERATED_BY,Operator:경기도_신분당선,,,
Station:I11D1|D014,LOCATED_IN,Region:경기도,,,
Station:I11D1|D014,IN_METRO_AREA,MetroArea:수도권,,,
Station:I11D1|D015,ON_LINE,Line:I11D1,,,
Station:I11D1|D015,OPERATED_BY,Operator:경기도_신분당선,,,
Station:I11D1|D015,LOCATED_IN,Region:경기도,,,
Station:I11D1|D015,IN_METRO_AREA,MetroArea:수도권,,,
Station:I11D1|D016,ON_LINE,Line:I11D1,,,
Station:I11D1|D016,OPERATED_BY,Operator:경기도_신분당선,,,
Station:I11D1|D016,LOCATED_IN,Region:경기도,,,
Station:I11D1|D016,IN_METRO_AREA,MetroArea:수도권,,,
Station:I11D1|D017,ON_LINE,Line:I11D1,,,
Station:I11D1|D017,OPERATED_BY,Operator:경기도_신분당선,,,
Station:I11D1|D017,LOCATED_IN,Region:경기도,,,
Station:I11D1|D017,IN_METRO_AREA,MetroArea:수도권,,,
Station:I11D1|D018,ON_LINE,Line:I11D1,,,
Station:I11D1|D018,OPERATED_BY,Operator:경기도_신분당선,,,
Station:I11D1|D018,LOCATED_IN,Region:경기도,,,
Station:I11D1|D018,IN_METRO_AREA,MetroArea:수도권,,,
Station:I11D1|D019,ON_LINE,Line:I11D1,,,
Station:I11D1|D019,OPERATED_BY,Operator:경기도_신분당선,,,
Station:I11D1|D019,LOCATED_IN,Region:경기도,,,
Station:I11D1|D019,IN_METRO_AREA,MetroArea:수도권,,,
Station:L41E1|Y110,ON_LINE,Line:L41E1,,,
Station:L41E1|Y110,OPERATED_BY,Operator:경기도_용인경전철,,,
Station:L41E1|Y110,LOCATED_IN,Region:경기도,,,
Station:L41E1|Y110,IN_METRO_AREA,MetroArea:수도권,,,
Station:L41E1|Y111,ON_LINE,Line:L41E1,,,
Station:L41E1|Y111,OPERATED_BY,Operator:경기도_용인경전철,,,
Station:L41E1|Y111,LOCATED_IN,Region:경기도,,,
Station:L41E1|Y111,IN_METRO_AREA,MetroArea:수도권,,,
Station:L41E1|Y112,ON_LINE,Line:L41E1,,,
Station:L41E1|Y112,OPERATED_BY,Operator:경기도_용인경전철,,,
Station:L41E1|Y112,LOCATED_IN,Region:경기도,,,
Station:L41E1|Y112,IN_METRO_AREA,MetroArea:수도권,,,
Station:L41E1|Y113,ON_LINE,Line:L41E1,,,
Station:L41E1|Y113,OPERATED_BY,Operator:경기도_용인경전철,,,
Station:L41E1|Y113,LOCATED_IN,Region:경기도,,,
Station:L41E1|Y113,IN_METRO_AREA,MetroArea:수도권,,,
Station:L41E1|Y114,ON_LINE,Line:L41E1,,,
Station:L41E1|Y114,OPERATED_BY,Operator:경기도_용인경전철,,,
Station:L41E1|Y114,LOCATED_IN,Region:경기도,,,
Station:L41E1|Y114,IN_METRO_AREA,MetroArea:수도권,,,
Station:L41E1|Y115,ON_LINE,Line:L41E1,,,
Station:L41E1|Y115,OPERATED_BY,Operator:경기도_용인경전철,,,
Station:L41E1|Y115,LOCATED_IN,Region:경기도,,,
Station:L41E1|Y115,IN_METRO_AREA,MetroArea:수도권,,,
Station:L41E1|Y116,ON_LINE,Line:L41E1,,,
Station:L41E1|Y116,OPERATED_BY,Operator:경기도_용인경전철,,,
Station:L41E1|Y116,LOCATED_IN,Region:경기도,,,
Station:L41E1|Y116,IN_METRO_AREA,MetroArea:수도권,,,
Station:L41E1|Y117,ON_LINE,Line:L41E1,,,
Station:L41E1|Y117,OPERATED_BY,Operator:경기도_용인경전철,,,
Station:L41E1|Y117,LOCATED_IN,Region:경기도,,,
Station:L41E1|Y117,IN_METRO_AREA,MetroArea:수도권,,,
Station:L41E1|Y118,ON_LINE,Line:L41E1,,,
Station:L41E1|Y118,OPERATED_BY,Operator:경기도_용인경전철,,,
Station:L41E1|Y118,LOCATED_IN,Region:경기도,,,
Station:L41E1|Y118,IN_METRO_AREA,MetroArea:수도권,,,
Station:L41E1|Y119,ON_LINE,Line:L41E1,,,
Station:L41E1|Y119,OPERATED_BY,Operator:경기도_용인경전철,,,
Station:L41E1|Y119,LOCATED_IN,Region:경기도,,,
Station:L41E1|Y119,IN_METRO_AREA,MetroArea:수도권,,,
Station:L41E1|Y120,ON_LINE,Line:L41E1,,,
Station:L41E1|Y120,OPERATED_BY,Operator:경기도_용인경전철,,,
Station:L41E1|Y120,LOCATED_IN,Region:경기도,,,
Station:L41E1|Y120,IN_METRO_AREA,MetroArea:수도권,,,
Station:L41E1|Y121,ON_LINE,Line:L41E1,,,
Station:L41E1|Y121,OPERATED_BY,Operator:경기도_용인경전철,,,
Station:L41E1|Y121,LOCATED_IN,Region:경기도,,,
Station:L41E1|Y121,IN_METRO_AREA,MetroArea:수도권,,,
Station:L41E1|Y122,ON_LINE,Line:L41E1,,,
Station:L41E1|Y122,OPERATED_BY,Operator:경기도_용인경전철,,,
Station:L41E1|Y122,LOCATED_IN,Region:경기도,,,
Station:L41E1|Y122,IN_METRO_AREA,MetroArea:수도권,,,
Station:L41E1|Y123,ON_LINE,Line:L41E1,,,
Station:L41E1|Y123,OPERATED_BY,Operator:경기도_용인경전철,,,
Station:L41E1|Y123,LOCATED_IN,Region:경기도,,,
Station:L41E1|Y123,IN_METRO_AREA,MetroArea:수도권,,,
Station:L41E1|Y124,ON_LINE,Line:L41E1,,,
Station:L41E1|Y124,OPERATED_BY,Operator:경기도_용인경전철,,,
Station:L41E1|Y124,LOCATED_IN,Region:경기도,,,
Station:L41E1|Y124,IN_METRO_AREA,MetroArea:수도권,,,
Station:I28A1|A01,ON_LINE,Line:I28A1,,,
Station:I28A1|A01,OPERATED_BY,Operator:공항철도주식회사,,,
Station:I28A1|A01,LOCATED_IN,Region:서울특별시,,,
Station:I28A1|A01,IN_METRO_AREA,MetroArea:수도권,,,
Station:I28A1|A02,ON_LINE,Line:I28A1,,,
Station:I28A1|A02,OPERATED_BY,Operator:공항철도주식회사,,,
Station:I28A1|A02,LOCATED_IN,Region:서울특별시,,,
Station:I28A1|A02,IN_METRO_AREA,MetroArea:수도권,,,
Station:I28A1|A03,ON_LINE,Line:I28A1,,,
Station:I28A1|A03,OPERATED_BY,Operator:공항철도주식회사,,,
Station:I28A1|A03,LOCATED_IN,Region:서울특별시,,,
Station:I28A1|A03,IN_METRO_AREA,MetroArea:수도권,,,
Station:I28A1|A04,ON_LINE,Line:I28A1,,,
Station:I28A1|A04,OPERATED_BY,Operator:공항철도주식회사,,,
Station:I28A1|A04,LOCATED_IN,Region:서울특별시,,,
Station:I28A1|A04,IN_METRO_AREA,MetroArea:수도권,,,
Station:I28A1|A042,ON_LINE,Line:I28A1,,,
Station:I28A1|A042,OPERATED_BY,Operator:공항철도주식회사,,,
Station:I28A1|A042,LOCATED_IN,Region:서울특별시,,,
Station:I28A1|A042,IN_METRO_AREA,MetroArea:수도권,,,
Station:I28A1|A05,ON_LINE,Line:I28A1,,,
Station:I28A1|A05,OPERATED_BY,Operator:공항철도주식회사,,,
Station:I28A1|A05,LOCATED_IN,Region:서울특별시,,,
Station:I28A1|A05,IN_METRO_AREA,MetroArea:수도권,,,
Station:I28A1|A06,ON_LINE,Line:I28A1,,,
Station:I28A1|A06,OPERATED_BY,Operator:공항철도주식회사,,,
Station:I28A1|A06,LOCATED_IN,Region:인천광역시,,,
Station:I28A1|A06,IN_METRO_AREA,MetroArea:수도권,,,
Station:I28A1|A07,ON_LINE,Line:I28A1,,,
Station:I28A1|A07,OPERATED_BY,Operator:공항철도주식회사,,,
Station:I28A1|A07,LOCATED_IN,Region:인천광역시,,,
Station:I28A1|A07,IN_METRO_AREA,MetroArea:수도권,,,
Station:I28A1|A071,ON_LINE,Line:I28A1,,,
Station:I28A1|A071,OPERATED_BY,Operator:공항철도주식회사,,,
Station:I28A1|A071,LOCATED_IN,Region:인천광역시,,,
Station:I28A1|A071,IN_METRO_AREA,MetroArea:수도권,,,
Station:I28A1|A072,ON_LINE,Line:I28A1,,,
Station:I28A1|A072,OPERATED_BY,Operator:공항철도주식회사,,,
Station:I28A1|A072,LOCATED_IN,Region:인천광역시,,,
Station:I28A1|A072,IN_METRO_AREA,MetroArea:수도권,,,
Station:I28A1|A08,ON_LINE,Line:I28A1,,,
Station:I28A1|A08,OPERATED_BY,Operator:공항철도주식회사,,,
Station:I28A1|A08,LOCATED_IN,Region:인천광역시,,,
Station:I28A1|A08,IN_METRO_AREA,MetroArea:수도권,,,
Station:I28A1|A09,ON_LINE,Line:I28A1,,,
Station:I28A1|A09,OPERATED_BY,Operator:공항철도주식회사,,,
Station:I28A1|A09,LOCATED_IN,Region:인천광역시,,,
Station:I28A1|A09,IN_METRO_AREA,MetroArea:수도권,,,
Station:I28A1|A10,ON_LINE,Line:I28A1,,,
Station:I28A1|A10,OPERATED_BY,Operator:공항철도주식회사,,,
Station:I28A1|A10,LOCATED_IN,Region:인천광역시,,,
Station:I28A1|A10,IN_METRO_AREA,MetroArea:수도권,,,
Station:I28A1|A11,ON_LINE,Line:I28A1,,,
Station:I28A1|A11,OPERATED_BY,Operator:공항철도주식회사,,,
Station:I28A1|A11,LOCATED_IN,Region:인천광역시,,,
Station:I28A1|A11,IN_METRO_AREA,MetroArea:수도권,,,
Station:S2901|100,ON_LINE,Line:S2901,,,
Station:S2901|100,OPERATED_BY,Operator:광주교통공사,,,
Station:S2901|100,LOCATED_IN,Region:광주광역시,,,
Station:S2901|100,IN_METRO_AREA,MetroArea:광주권,,,
Station:S2901|101,ON_LINE,Line:S2901,,,
Station:S2901|101,OPERATED_BY,Operator:광주교통공사,,,
Station:S2901|101,LOCATED_IN,Region:광주광역시,,,
Station:S2901|101,IN_METRO_AREA,MetroArea:광주권,,,
Station:S2901|102,ON_LINE,Line:S2901,,,
Station:S2901|102,OPERATED_BY,Operator:광주교통공사,,,
Station:S2901|102,LOCATED_IN,Region:광주광역시,,,
Station:S2901|102,IN_METRO_AREA,MetroArea:광주권,,,
Station:S2901|103,ON_LINE,Line:S2901,,,
Station:S2901|103,OPERATED_BY,Operator:광주교통공사,,,
Station:S2901|103,LOCATED_IN,Region:광주광역시,,,
Station:S2901|103,IN_METRO_AREA,MetroArea:광주권,,,
Station:S2901|104,ON_LINE,Line:S2901,,,
Station:S2901|104,OPERATED_BY,Operator:광주교통공사,,,
Station:S2901|104,LOCATED_IN,Region:광주광역시,,,
Station:S2901|104,IN_METRO_AREA,MetroArea:광주권,,,
Station:S2901|105,ON_LINE,Line:S2901,,,
Station:S2901|105,OPERATED_BY,Operator:광주교통공사,,,
Station:S2901|105,LOCATED_IN,Region:광주광역시,,,
Station:S2901|105,IN_METRO_AREA,MetroArea:광주권,,,
Station:S2901|106,ON_LINE,Line:S2901,,,
Station:S2901|106,OPERATED_BY,Operator:광주교통공사,,,
Station:S2901|106,LOCATED_IN,Region:광주광역시,,,
Station:S2901|106,IN_METRO_AREA,MetroArea:광주권,,,
Station:S2901|107,ON_LINE,Line:S2901,,,
Station:S2901|107,OPERATED_BY,Operator:광주교통공사,,,
Station:S2901|107,LOCATED_IN,Region:광주광역시,,,
Station:S2901|107,IN_METRO_AREA,MetroArea:광주권,,,
Station:S2901|108,ON_LINE,Line:S2901,,,
Station:S2901|108,OPERATED_BY,Operator:광주교통공사,,,
Station:S2901|108,LOCATED_IN,Region:광주광역시,,,
Station:S2901|108,IN_METRO_AREA,MetroArea:광주권,,,
Station:S2901|109,ON_LINE,Line:S2901,,,
Station:S2901|109,OPERATED_BY,Operator:광주교통공사,,,
Station:S2901|109,LOCATED_IN,Region:광주광역시,,,
Station:S2901|109,IN_METRO_AREA,MetroArea:광주권,,,
Station:S2901|110,ON_LINE,Line:S2901,,,
Station:S2901|110,OPERATED_BY,Operator:광주교통공사,,,
Station:S2901|110,LOCATED_IN,Region:광주광역시,,,
Station:S2901|110,IN_METRO_AREA,MetroArea:광주권,,,
Station:S2901|111,ON_LINE,Line:S2901,,,
Station:S2901|111,OPERATED_BY,Operator:광주교통공사,,,
Station:S2901|111,LOCATED_IN,Region:광주광역시,,,
Station:S2901|111,IN_METRO_AREA,MetroArea:광주권,,,
Station:S2901|112,ON_LINE,Line:S2901,,,
Station:S2901|112,OPERATED_BY,Operator:광주교통공사,,,
Station:S2901|112,LOCATED_IN,Region:광주광역시,,,
Station:S2901|112,IN_METRO_AREA,MetroArea:광주권,,,
Station:S2901|113,ON_LINE,Line:S2901,,,
Station:S2901|113,OPERATED_BY,Operator:광주교통공사,,,
Station:S2901|113,LOCATED_IN,Region:광주광역시,,,
Station:S2901|113,IN_METRO_AREA,MetroArea:광주권,,,
Station:S2901|114,ON_LINE,Line:S2901,,,
Station:S2901|114,OPERATED_BY,Operator:광주교통공사,,,
Station:S2901|114,LOCATED_IN,Region:광주광역시,,,
Station:S2901|114,IN_METRO_AREA,MetroArea:광주권,,,
Station:S2901|115,ON_LINE,Line:S2901,,,
Station:S2901|115,OPERATED_BY,Operator:광주교통공사,,,
Station:S2901|115,LOCATED_IN,Region:광주광역시,,,
Station:S2901|115,IN_METRO_AREA,MetroArea:광주권,,,
Station:S2901|116,ON_LINE,Line:S2901,,,
Station:S2901|116,OPERATED_BY,Operator:광주교통공사,,,
Station:S2901|116,LOCATED_IN,Region:광주광역시,,,
Station:S2901|116,IN_METRO_AREA,MetroArea:광주권,,,
Station:S2901|117,ON_LINE,Line:S2901,,,
Station:S2901|117,OPERATED_BY,Operator:광주교통공사,,,
Station:S2901|117,LOCATED_IN,Region:광주광역시,,,
Station:S2901|117,IN_METRO_AREA,MetroArea:광주권,,,
Station:S2901|118,ON_LINE,Line:S2901,,,
Station:S2901|118,OPERATED_BY,Operator:광주교통공사,,,
Station:S2901|118,LOCATED_IN,Region:광주광역시,,,
Station:S2901|118,IN_METRO_AREA,MetroArea:광주권,,,
Station:S2901|119,ON_LINE,Line:S2901,,,
Station:S2901|119,OPERATED_BY,Operator:광주교통공사,,,
Station:S2901|119,LOCATED_IN,Region:광주광역시,,,
Station:S2901|119,IN_METRO_AREA,MetroArea:광주권,,,
Station:S1108|806,ON_LINE,Line:S1108,,,
Station:S1108|806,OPERATED_BY,Operator:구리도시공사,,,
Station:S1108|806,LOCATED_IN,Region:경기도,,,
Station:S1108|806,IN_METRO_AREA,MetroArea:수도권,,,
Station:S1108|807,ON_LINE,Line:S1108,,,
Station:S1108|807,OPERATED_BY,Operator:구리도시공사,,,
Station:S1108|807,LOCATED_IN,Region:경기도,,,
Station:S1108|807,IN_METRO_AREA,MetroArea:수도권,,,
Station:S1108|808,ON_LINE,Line:S1108,,,
Station:S1108|808,OPERATED_BY,Operator:구리도시공사,,,
Station:S1108|808,LOCATED_IN,Region:경기도,,,
Station:S1108|808,IN_METRO_AREA,MetroArea:수도권,,,
Station:L41G1|G100,ON_LINE,Line:L41G1,,,
Station:L41G1|G100,OPERATED_BY,Operator:김포골드라인에스알에스,,,
Station:L41G1|G100,LOCATED_IN,Region:경기도,,,
Station:L41G1|G100,IN_METRO_AREA,MetroArea:수도권,,,
Station:L41G1|G101,ON_LINE,Line:L41G1,,,
Station:L41G1|G101,OPERATED_BY,Operator:김포골드라인에스알에스,,,
Station:L41G1|G101,LOCATED_IN,Region:경기도,,,
Station:L41G1|G101,IN_METRO_AREA,MetroArea:수도권,,,
Station:L41G1|G102,ON_LINE,Line:L41G1,,,
Station:L41G1|G102,OPERATED_BY,Operator:김포골드라인에스알에스,,,
Station:L41G1|G102,LOCATED_IN,Region:경기도,,,
Station:L41G1|G102,IN_METRO_AREA,MetroArea:수도권,,,
Station:L41G1|G103,ON_LINE,Line:L41G1,,,
Station:L41G1|G103,OPERATED_BY,Operator:김포골드라인에스알에스,,,
Station:L41G1|G103,LOCATED_IN,Region:경기도,,,
Station:L41G1|G103,IN_METRO_AREA,MetroArea:수도권,,,
Station:L41G1|G104,ON_LINE,Line:L41G1,,,
Station:L41G1|G104,OPERATED_BY,Operator:김포골드라인에스알에스,,,
Station:L41G1|G104,LOCATED_IN,Region:경기도,,,
Station:L41G1|G104,IN_METRO_AREA,MetroArea:수도권,,,
Station:L41G1|G105,ON_LINE,Line:L41G1,,,
Station:L41G1|G105,OPERATED_BY,Operator:김포골드라인에스알에스,,,
Station:L41G1|G105,LOCATED_IN,Region:경기도,,,
Station:L41G1|G105,IN_METRO_AREA,MetroArea:수도권,,,
Station:L41G1|G106,ON_LINE,Line:L41G1,,,
Station:L41G1|G106,OPERATED_BY,Operator:김포골드라인에스알에스,,,
Station:L41G1|G106,LOCATED_IN,Region:경기도,,,
Station:L41G1|G106,IN_METRO_AREA,MetroArea:수도권,,,
Station:L41G1|G107,ON_LINE,Line:L41G1,,,
Station:L41G1|G107,OPERATED_BY,Operator:김포골드라인에스알에스,,,
Station:L41G1|G107,LOCATED_IN,Region:경기도,,,
Station:L41G1|G107,IN_METRO_AREA,MetroArea:수도권,,,
Station:L41G1|G108,ON_LINE,Line:L41G1,,,
Station:L41G1|G108,OPERATED_BY,Operator:김포골드라인에스알에스,,,
Station:L41G1|G108,LOCATED_IN,Region:경기도,,,
Station:L41G1|G108,IN_METRO_AREA,MetroArea:수도권,,,
Station:L41G1|G109,ON_LINE,Line:L41G1,,,
Station:L41G1|G109,OPERATED_BY,Operator:김포골드라인에스알에스,,,
Station:L41G1|G109,LOCATED_IN,Region:서울특별시,,,
Station:L41G1|G109,IN_METRO_AREA,MetroArea:수도권,,,
Station:L11SL|S401,ON_LINE,Line:L11SL,,,
Station:L11SL|S401,OPERATED_BY,Operator:남서울경전철_주식회사,,,
Station:L11SL|S401,LOCATED_IN,Region:서울특별시,,,
Station:L11SL|S401,IN_METRO_AREA,MetroArea:수도권,,,
Station:L11SL|S402,ON_LINE,Line:L11SL,,,
Station:L11SL|S402,OPERATED_BY,Operator:남서울경전철_주식회사,,,
Station:L11SL|S402,LOCATED_IN,Region:서울특별시,,,
Station:L11SL|S402,IN_METRO_AREA,MetroArea:수도권,,,
Station:L11SL|S403,ON_LINE,Line:L11SL,,,
Station:L11SL|S403,OPERATED_BY,Operator:남서울경전철_주식회사,,,
Station:L11SL|S403,LOCATED_IN,Region:서울특별시,,,
Station:L11SL|S403,IN_METRO_AREA,MetroArea:수도권,,,
Station:L11SL|S404,ON_LINE,Line:L11SL,,,
Station:L11SL|S404,OPERATED_BY,Operator:남서울경전철_주식회사,,,
Station:L11SL|S404,LOCATED_IN,Region:서울특별시,,,
Station:L11SL|S404,IN_METRO_AREA,MetroArea:수도권,,,
Station:L11SL|S405,ON_LINE,Line:L11SL,,,
Station:L11SL|S405,OPERATED_BY,Operator:남서울경전철_주식회사,,,
Station:L11SL|S405,LOCATED_IN,Region:서울특별시,,,
Station:L11SL|S405,IN_METRO_AREA,MetroArea:수도권,,,
Station:L11SL|S406,ON_LINE,Line:L11SL,,,
Station:L11SL|S406,OPERATED_BY,Operator:남서울경전철_주식회사,,,
Station:L11SL|S406,LOCATED_IN,Region:서울특별시,,,
Station:L11SL|S406,IN_METRO_AREA,MetroArea:수도권,,,
Station:L11SL|S407,ON_LINE,Line:L11SL,,,
Station:L11SL|S407,OPERATED_BY,Operator:남서울경전철_주식회사,,,
Station:L11SL|S407,LOCATED_IN,Region:서울특별시,,,
Station:L11SL|S407,IN_METRO_AREA,MetroArea:수도권,,,
Station:L11SL|S408,ON_LINE,Line:L11SL,,,
Station:L11SL|S408,OPERATED_BY,Operator:남서울경전철_주식회사,,,
Station:L11SL|S408,LOCATED_IN,Region:서울특별시,,,
Station:L11SL|S408,IN_METRO_AREA,MetroArea:수도권,,,
Station:L11SL|S409,ON_LINE,Line:L11SL,,,
Station:L11SL|S409,OPERATED_BY,Operator:남서울경전철_주식회사,,,
Station:L11SL|S409,LOCATED_IN,Region:서울특별시,,,
Station:L11SL|S409,IN_METRO_AREA,MetroArea:수도권,,,
Station:L11SL|S410,ON_LINE,Line:L11SL,,,
Station:L11SL|S410,OPERATED_BY,Operator:남서울경전철_주식회사,,,
Station:L11SL|S410,LOCATED_IN,Region:서울특별시,,,
Station:L11SL|S410,IN_METRO_AREA,MetroArea:수도권,,,
Station:L11SL|S411,ON_LINE,Line:L11SL,,,
Station:L11SL|S411,OPERATED_BY,Operator:남서울경전철_주식회사,,,
Station:L11SL|S411,LOCATED_IN,Region:서울특별시,,,
Station:L11SL|S411,IN_METRO_AREA,MetroArea:수도권,,,
Station:I4104|0405,ON_LINE,Line:I4104,,,
Station:I4104|0405,OPERATED_BY,Operator:남양주도시공사,,,
Station:I4104|0405,LOCATED_IN,Region:경기도,,,
Station:I4104|0405,IN_METRO_AREA,MetroArea:수도권,,,
Station:I4104|0406,ON_LINE,Line:I4104,,,
Station:I4104|0406,OPERATED_BY,Operator:남양주도시공사,,,
Station:I4104|0406,LOCATED_IN,Region:경기도,,,
Station:I4104|0406,IN_METRO_AREA,MetroArea:수도권,,,
Station:I4104|0408,ON_LINE,Line:I4104,,,
Station:I4104|0408,OPERATED_BY,Operator:남양주도시공사,,,
Station:I4104|0408,LOCATED_IN,Region:경기도,,,
Station:I4104|0408,IN_METRO_AREA,MetroArea:수도권,,,
Station:S4108|804,ON_LINE,Line:S4108,,,
Station:S4108|804,OPERATED_BY,Operator:남양주도시공사,,,
Station:S4108|804,LOCATED_IN,Region:경기도,,,
Station:S4108|804,IN_METRO_AREA,MetroArea:수도권,,,
Station:S4108|805,ON_LINE,Line:S4108,,,
Station:S4108|805,OPERATED_BY,Operator:남양주도시공사,,,
Station:S4108|805,LOCATED_IN,Region:경기도,,,
Station:S4108|805,IN_METRO_AREA,MetroArea:수도권,,,
Station:S2701|0115,ON_LINE,Line:S2701,,,
Station:S2701|0115,OPERATED_BY,Operator:대구교통공사,,,
Station:S2701|0115,LOCATED_IN,Region:대구광역시,,,
Station:S2701|0115,IN_METRO_AREA,MetroArea:대구권,,,
Station:S2701|0116,ON_LINE,Line:S2701,,,
Station:S2701|0116,OPERATED_BY,Operator:대구교통공사,,,
Station:S2701|0116,LOCATED_IN,Region:대구광역시,,,
Station:S2701|0116,IN_METRO_AREA,MetroArea:대구권,,,
Station:S2701|0117,ON_LINE,Line:S2701,,,
Station:S2701|0117,OPERATED_BY,Operator:대구교통공사,,,
Station:S2701|0117,LOCATED_IN,Region:대구광역시,,,
Station:S2701|0117,IN_METRO_AREA,MetroArea:대구권,,,
Station:S2701|0118,ON_LINE,Line:S2701,,,
Station:S2701|0118,OPERATED_BY,Operator:대구교통공사,,,
Station:S2701|0118,LOCATED_IN,Region:대구광역시,,,
Station:S2701|0118,IN_METRO_AREA,MetroArea:대구권,,,
Station:S2701|0119,ON_LINE,Line:S2701,,,
Station:S2701|0119,OPERATED_BY,Operator:대구교통공사,,,
Station:S2701|0119,LOCATED_IN,Region:대구광역시,,,
Station:S2701|0119,IN_METRO_AREA,MetroArea:대구권,,,
Station:S2701|0120,ON_LINE,Line:S2701,,,
Station:S2701|0120,OPERATED_BY,Operator:대구교통공사,,,
Station:S2701|0120,LOCATED_IN,Region:대구광역시,,,
Station:S2701|0120,IN_METRO_AREA,MetroArea:대구권,,,
Station:S2701|0121,ON_LINE,Line:S2701,,,
Station:S2701|0121,OPERATED_BY,Operator:대구교통공사,,,
Station:S2701|0121,LOCATED_IN,Region:대구광역시,,,
Station:S2701|0121,IN_METRO_AREA,MetroArea:대구권,,,
Station:S2701|0122,ON_LINE,Line:S2701,,,
Station:S2701|0122,OPERATED_BY,Operator:대구교통공사,,,
Station:S2701|0122,LOCATED_IN,Region:대구광역시,,,
Station:S2701|0122,IN_METRO_AREA,MetroArea:대구권,,,
Station:S2701|0123,ON_LINE,Line:S2701,,,
Station:S2701|0123,OPERATED_BY,Operator:대구교통공사,,,
Station:S2701|0123,LOCATED_IN,Region:대구광역시,,,
Station:S2701|0123,IN_METRO_AREA,MetroArea:대구권,,,
Station:S2701|0124,ON_LINE,Line:S2701,,,
Station:S2701|0124,OPERATED_BY,Operator:대구교통공사,,,
Station:S2701|0124,LOCATED_IN,Region:대구광역시,,,
Station:S2701|0124,IN_METRO_AREA,MetroArea:대구권,,,
Station:S2701|0125,ON_LINE,Line:S2701,,,
Station:S2701|0125,OPERATED_BY,Operator:대구교통공사,,,
Station:S2701|0125,LOCATED_IN,Region:대구광역시,,,
Station:S2701|0125,IN_METRO_AREA,MetroArea:대구권,,,
Station:S2701|0126,ON_LINE,Line:S2701,,,
Station:S2701|0126,OPERATED_BY,Operator:대구교통공사,,,
Station:S2701|0126,LOCATED_IN,Region:대구광역시,,,
Station:S2701|0126,IN_METRO_AREA,MetroArea:대구권,,,
Station:S2701|0127,ON_LINE,Line:S2701,,,
Station:S2701|0127,OPERATED_BY,Operator:대구교통공사,,,
Station:S2701|0127,LOCATED_IN,Region:대구광역시,,,
Station:S2701|0127,IN_METRO_AREA,MetroArea:대구권,,,
Station:S2701|0128,ON_LINE,Line:S2701,,,
Station:S2701|0128,OPERATED_BY,Operator:대구교통공사,,,
Station:S2701|0128,LOCATED_IN,Region:대구광역시,,,
Station:S2701|0128,IN_METRO_AREA,MetroArea:대구권,,,
Station:S2701|0129,ON_LINE,Line:S2701,,,
Station:S2701|0129,OPERATED_BY,Operator:대구교통공사,,,
Station:S2701|0129,LOCATED_IN,Region:대구광역시,,,
Station:S2701|0129,IN_METRO_AREA,MetroArea:대구권,,,
Station:S2701|0130,ON_LINE,Line:S2701,,,
Station:S2701|0130,OPERATED_BY,Operator:대구교통공사,,,
Station:S2701|0130,LOCATED_IN,Region:대구광역시,,,
Station:S2701|0130,IN_METRO_AREA,MetroArea:대구권,,,
Station:S2701|0131,ON_LINE,Line:S2701,,,
Station:S2701|0131,OPERATED_BY,Operator:대구교통공사,,,
Station:S2701|0131,LOCATED_IN,Region:대구광역시,,,
Station:S2701|0131,IN_METRO_AREA,MetroArea:대구권,,,
Station:S2701|0132,ON_LINE,Line:S2701,,,
Station:S2701|0132,OPERATED_BY,Operator:대구교통공사,,,
Station:S2701|0132,LOCATED_IN,Region:대구광역시,,,
Station:S2701|0132,IN_METRO_AREA,MetroArea:대구권,,,
Station:S2701|0133,ON_LINE,Line:S2701,,,
Station:S2701|0133,OPERATED_BY,Operator:대구교통공사,,,
Station:S2701|0133,LOCATED_IN,Region:대구광역시,,,
Station:S2701|0133,IN_METRO_AREA,MetroArea:대구권,,,
Station:S2701|0134,ON_LINE,Line:S2701,,,
Station:S2701|0134,OPERATED_BY,Operator:대구교통공사,,,
Station:S2701|0134,LOCATED_IN,Region:대구광역시,,,
Station:S2701|0134,IN_METRO_AREA,MetroArea:대구권,,,
Station:S2701|0135,ON_LINE,Line:S2701,,,
Station:S2701|0135,OPERATED_BY,Operator:대구교통공사,,,
Station:S2701|0135,LOCATED_IN,Region:대구광역시,,,
Station:S2701|0135,IN_METRO_AREA,MetroArea:대구권,,,
Station:S2701|0136,ON_LINE,Line:S2701,,,
Station:S2701|0136,OPERATED_BY,Operator:대구교통공사,,,
Station:S2701|0136,LOCATED_IN,Region:대구광역시,,,
Station:S2701|0136,IN_METRO_AREA,MetroArea:대구권,,,
Station:S2701|0137,ON_LINE,Line:S2701,,,
Station:S2701|0137,OPERATED_BY,Operator:대구교통공사,,,
Station:S2701|0137,LOCATED_IN,Region:대구광역시,,,
Station:S2701|0137,IN_METRO_AREA,MetroArea:대구권,,,
Station:S2701|0138,ON_LINE,Line:S2701,,,
Station:S2701|0138,OPERATED_BY,Operator:대구교통공사,,,
Station:S2701|0138,LOCATED_IN,Region:대구광역시,,,
Station:S2701|0138,IN_METRO_AREA,MetroArea:대구권,,,
Station:S2701|0139,ON_LINE,Line:S2701,,,
Station:S2701|0139,OPERATED_BY,Operator:대구교통공사,,,
Station:S2701|0139,LOCATED_IN,Region:대구광역시,,,
Station:S2701|0139,IN_METRO_AREA,MetroArea:대구권,,,
Station:S2701|0140,ON_LINE,Line:S2701,,,
Station:S2701|0140,OPERATED_BY,Operator:대구교통공사,,,
Station:S2701|0140,LOCATED_IN,Region:대구광역시,,,
Station:S2701|0140,IN_METRO_AREA,MetroArea:대구권,,,
Station:S2701|0141,ON_LINE,Line:S2701,,,
Station:S2701|0141,OPERATED_BY,Operator:대구교통공사,,,
Station:S2701|0141,LOCATED_IN,Region:대구광역시,,,
Station:S2701|0141,IN_METRO_AREA,MetroArea:대구권,,,
Station:S2701|0142,ON_LINE,Line:S2701,,,
Station:S2701|0142,OPERATED_BY,Operator:대구교통공사,,,
Station:S2701|0142,LOCATED_IN,Region:대구광역시,,,
Station:S2701|0142,IN_METRO_AREA,MetroArea:대구권,,,
Station:S2701|0143,ON_LINE,Line:S2701,,,
Station:S2701|0143,OPERATED_BY,Operator:대구교통공사,,,
Station:S2701|0143,LOCATED_IN,Region:대구광역시,,,
Station:S2701|0143,IN_METRO_AREA,MetroArea:대구권,,,
Station:S2701|0144,ON_LINE,Line:S2701,,,
Station:S2701|0144,OPERATED_BY,Operator:대구교통공사,,,
Station:S2701|0144,LOCATED_IN,Region:대구광역시,,,
Station:S2701|0144,IN_METRO_AREA,MetroArea:대구권,,,
Station:S2701|0145,ON_LINE,Line:S2701,,,
Station:S2701|0145,OPERATED_BY,Operator:대구교통공사,,,
Station:S2701|0145,LOCATED_IN,Region:대구광역시,,,
Station:S2701|0145,IN_METRO_AREA,MetroArea:대구권,,,
Station:S2701|0146,ON_LINE,Line:S2701,,,
Station:S2701|0146,OPERATED_BY,Operator:대구교통공사,,,
Station:S2701|0146,LOCATED_IN,Region:대구광역시,,,
Station:S2701|0146,IN_METRO_AREA,MetroArea:대구권,,,
Station:S2701|0147,ON_LINE,Line:S2701,,,
Station:S2701|0147,OPERATED_BY,Operator:대구교통공사,,,
Station:S2701|0147,LOCATED_IN,Region:대구광역시,,,
Station:S2701|0147,IN_METRO_AREA,MetroArea:대구권,,,
Station:S2701|0148,ON_LINE,Line:S2701,,,
Station:S2701|0148,OPERATED_BY,Operator:대구교통공사,,,
Station:S2701|0148,LOCATED_IN,Region:경상북도,,,
Station:S2701|0148,IN_METRO_AREA,MetroArea:대구권,,,
Station:S2701|0149,ON_LINE,Line:S2701,,,
Station:S2701|0149,OPERATED_BY,Operator:대구교통공사,,,
Station:S2701|0149,LOCATED_IN,Region:경상북도,,,
Station:S2701|0149,IN_METRO_AREA,MetroArea:대구권,,,
Station:S2702|0216,ON_LINE,Line:S2702,,,
Station:S2702|0216,OPERATED_BY,Operator:대구교통공사,,,
Station:S2702|0216,LOCATED_IN,Region:대구광역시,,,
Station:S2702|0216,IN_METRO_AREA,MetroArea:대구권,,,
Station:S2702|0217,ON_LINE,Line:S2702,,,
Station:S2702|0217,OPERATED_BY,Operator:대구교통공사,,,
Station:S2702|0217,LOCATED_IN,Region:대구광역시,,,
Station:S2702|0217,IN_METRO_AREA,MetroArea:대구권,,,
Station:S2702|0218,ON_LINE,Line:S2702,,,
Station:S2702|0218,OPERATED_BY,Operator:대구교통공사,,,
Station:S2702|0218,LOCATED_IN,Region:대구광역시,,,
Station:S2702|0218,IN_METRO_AREA,MetroArea:대구권,,,
Station:S2702|0219,ON_LINE,Line:S2702,,,
Station:S2702|0219,OPERATED_BY,Operator:대구교통공사,,,
Station:S2702|0219,LOCATED_IN,Region:대구광역시,,,
Station:S2702|0219,IN_METRO_AREA,MetroArea:대구권,,,
Station:S2702|0220,ON_LINE,Line:S2702,,,
Station:S2702|0220,OPERATED_BY,Operator:대구교통공사,,,
Station:S2702|0220,LOCATED_IN,Region:대구광역시,,,
Station:S2702|0220,IN_METRO_AREA,MetroArea:대구권,,,
Station:S2702|0221,ON_LINE,Line:S2702,,,
Station:S2702|0221,OPERATED_BY,Operator:대구교통공사,,,
Station:S2702|0221,LOCATED_IN,Region:대구광역시,,,
Station:S2702|0221,IN_METRO_AREA,MetroArea:대구권,,,
Station:S2702|0222,ON_LINE,Line:S2702,,,
Station:S2702|0222,OPERATED_BY,Operator:대구교통공사,,,
Station:S2702|0222,LOCATED_IN,Region:대구광역시,,,
Station:S2702|0222,IN_METRO_AREA,MetroArea:대구권,,,
Station:S2702|0223,ON_LINE,Line:S2702,,,
Station:S2702|0223,OPERATED_BY,Operator:대구교통공사,,,
Station:S2702|0223,LOCATED_IN,Region:대구광역시,,,
Station:S2702|0223,IN_METRO_AREA,MetroArea:대구권,,,
Station:S2702|0224,ON_LINE,Line:S2702,,,
Station:S2702|0224,OPERATED_BY,Operator:대구교통공사,,,
Station:S2702|0224,LOCATED_IN,Region:대구광역시,,,
Station:S2702|0224,IN_METRO_AREA,MetroArea:대구권,,,
Station:S2702|0225,ON_LINE,Line:S2702,,,
Station:S2702|0225,OPERATED_BY,Operator:대구교통공사,,,
Station:S2702|0225,LOCATED_IN,Region:대구광역시,,,
Station:S2702|0225,IN_METRO_AREA,MetroArea:대구권,,,
Station:S2702|0226,ON_LINE,Line:S2702,,,
Station:S2702|0226,OPERATED_BY,Operator:대구교통공사,,,
Station:S2702|0226,LOCATED_IN,Region:대구광역시,,,
Station:S2702|0226,IN_METRO_AREA,MetroArea:대구권,,,
Station:S2702|0227,ON_LINE,Line:S2702,,,
Station:S2702|0227,OPERATED_BY,Operator:대구교통공사,,,
Station:S2702|0227,LOCATED_IN,Region:대구광역시,,,
Station:S2702|0227,IN_METRO_AREA,MetroArea:대구권,,,
Station:S2702|0228,ON_LINE,Line:S2702,,,
Station:S2702|0228,OPERATED_BY,Operator:대구교통공사,,,
Station:S2702|0228,LOCATED_IN,Region:대구광역시,,,
Station:S2702|0228,IN_METRO_AREA,MetroArea:대구권,,,
Station:S2702|0229,ON_LINE,Line:S2702,,,
Station:S2702|0229,OPERATED_BY,Operator:대구교통공사,,,
Station:S2702|0229,LOCATED_IN,Region:대구광역시,,,
Station:S2702|0229,IN_METRO_AREA,MetroArea:대구권,,,
Station:S2702|0230,ON_LINE,Line:S2702,,,
Station:S2702|0230,OPERATED_BY,Operator:대구교통공사,,,
Station:S2702|0230,LOCATED_IN,Region:대구광역시,,,
Station:S2702|0230,IN_METRO_AREA,MetroArea:대구권,,,
Station:S2702|0231,ON_LINE,Line:S2702,,,
Station:S2702|0231,OPERATED_BY,Operator:대구교통공사,,,
Station:S2702|0231,LOCATED_IN,Region:대구광역시,,,
Station:S2702|0231,IN_METRO_AREA,MetroArea:대구권,,,
Station:S2702|0232,ON_LINE,Line:S2702,,,
Station:S2702|0232,OPERATED_BY,Operator:대구교통공사,,,
Station:S2702|0232,LOCATED_IN,Region:대구광역시,,,
Station:S2702|0232,IN_METRO_AREA,MetroArea:대구권,,,
Station:S2702|0233,ON_LINE,Line:S2702,,,
Station:S2702|0233,OPERATED_BY,Operator:대구교통공사,,,
Station:S2702|0233,LOCATED_IN,Region:대구광역시,,,
Station:S2702|0233,IN_METRO_AREA,MetroArea:대구권,,,
Station:S2702|0234,ON_LINE,Line:S2702,,,
Station:S2702|0234,OPERATED_BY,Operator:대구교통공사,,,
Station:S2702|0234,LOCATED_IN,Region:대구광역시,,,
Station:S2702|0234,IN_METRO_AREA,MetroArea:대구권,,,
Station:S2702|0235,ON_LINE,Line:S2702,,,
Station:S2702|0235,OPERATED_BY,Operator:대구교통공사,,,
Station:S2702|0235,LOCATED_IN,Region:대구광역시,,,
Station:S2702|0235,IN_METRO_AREA,MetroArea:대구권,,,
Station:S2702|0236,ON_LINE,Line:S2702,,,
Station:S2702|0236,OPERATED_BY,Operator:대구교통공사,,,
Station:S2702|0236,LOCATED_IN,Region:대구광역시,,,
Station:S2702|0236,IN_METRO_AREA,MetroArea:대구권,,,
Station:S2702|0237,ON_LINE,Line:S2702,,,
Station:S2702|0237,OPERATED_BY,Operator:대구교통공사,,,
Station:S2702|0237,LOCATED_IN,Region:대구광역시,,,
Station:S2702|0237,IN_METRO_AREA,MetroArea:대구권,,,
Station:S2702|0238,ON_LINE,Line:S2702,,,
Station:S2702|0238,OPERATED_BY,Operator:대구교통공사,,,
Station:S2702|0238,LOCATED_IN,Region:대구광역시,,,
Station:S2702|0238,IN_METRO_AREA,MetroArea:대구권,,,
Station:S2702|0239,ON_LINE,Line:S2702,,,
Station:S2702|0239,OPERATED_BY,Operator:대구교통공사,,,
Station:S2702|0239,LOCATED_IN,Region:대구광역시,,,
Station:S2702|0239,IN_METRO_AREA,MetroArea:대구권,,,
Station:S2702|0240,ON_LINE,Line:S2702,,,
Station:S2702|0240,OPERATED_BY,Operator:대구교통공사,,,
Station:S2702|0240,LOCATED_IN,Region:대구광역시,,,
Station:S2702|0240,IN_METRO_AREA,MetroArea:대구권,,,
Station:S2702|0241,ON_LINE,Line:S2702,,,
Station:S2702|0241,OPERATED_BY,Operator:대구교통공사,,,
Station:S2702|0241,LOCATED_IN,Region:대구광역시,,,
Station:S2702|0241,IN_METRO_AREA,MetroArea:대구권,,,
Station:S2702|0242,ON_LINE,Line:S2702,,,
Station:S2702|0242,OPERATED_BY,Operator:대구교통공사,,,
Station:S2702|0242,LOCATED_IN,Region:경상북도,,,
Station:S2702|0242,IN_METRO_AREA,MetroArea:대구권,,,
Station:S2702|0243,ON_LINE,Line:S2702,,,
Station:S2702|0243,OPERATED_BY,Operator:대구교통공사,,,
Station:S2702|0243,LOCATED_IN,Region:경상북도,,,
Station:S2702|0243,IN_METRO_AREA,MetroArea:대구권,,,
Station:S2702|0244,ON_LINE,Line:S2702,,,
Station:S2702|0244,OPERATED_BY,Operator:대구교통공사,,,
Station:S2702|0244,LOCATED_IN,Region:경상북도,,,
Station:S2702|0244,IN_METRO_AREA,MetroArea:대구권,,,
Station:S2703|0312,ON_LINE,Line:S2703,,,
Station:S2703|0312,OPERATED_BY,Operator:대구교통공사,,,
Station:S2703|0312,LOCATED_IN,Region:대구광역시,,,
Station:S2703|0312,IN_METRO_AREA,MetroArea:대구권,,,
Station:S2703|0313,ON_LINE,Line:S2703,,,
Station:S2703|0313,OPERATED_BY,Operator:대구교통공사,,,
Station:S2703|0313,LOCATED_IN,Region:대구광역시,,,
Station:S2703|0313,IN_METRO_AREA,MetroArea:대구권,,,
Station:S2703|0314,ON_LINE,Line:S2703,,,
Station:S2703|0314,OPERATED_BY,Operator:대구교통공사,,,
Station:S2703|0314,LOCATED_IN,Region:대구광역시,,,
Station:S2703|0314,IN_METRO_AREA,MetroArea:대구권,,,
Station:S2703|0315,ON_LINE,Line:S2703,,,
Station:S2703|0315,OPERATED_BY,Operator:대구교통공사,,,
Station:S2703|0315,LOCATED_IN,Region:대구광역시,,,
Station:S2703|0315,IN_METRO_AREA,MetroArea:대구권,,,
Station:S2703|0316,ON_LINE,Line:S2703,,,
Station:S2703|0316,OPERATED_BY,Operator:대구교통공사,,,
Station:S2703|0316,LOCATED_IN,Region:대구광역시,,,
Station:S2703|0316,IN_METRO_AREA,MetroArea:대구권,,,
Station:S2703|0317,ON_LINE,Line:S2703,,,
Station:S2703|0317,OPERATED_BY,Operator:대구교통공사,,,
Station:S2703|0317,LOCATED_IN,Region:대구광역시,,,
Station:S2703|0317,IN_METRO_AREA,MetroArea:대구권,,,
Station:S2703|0318,ON_LINE,Line:S2703,,,
Station:S2703|0318,OPERATED_BY,Operator:대구교통공사,,,
Station:S2703|0318,LOCATED_IN,Region:대구광역시,,,
Station:S2703|0318,IN_METRO_AREA,MetroArea:대구권,,,
Station:S2703|0319,ON_LINE,Line:S2703,,,
Station:S2703|0319,OPERATED_BY,Operator:대구교통공사,,,
Station:S2703|0319,LOCATED_IN,Region:대구광역시,,,
Station:S2703|0319,IN_METRO_AREA,MetroArea:대구권,,,
Station:S2703|0320,ON_LINE,Line:S2703,,,
Station:S2703|0320,OPERATED_BY,Operator:대구교통공사,,,
Station:S2703|0320,LOCATED_IN,Region:대구광역시,,,
Station:S2703|0320,IN_METRO_AREA,MetroArea:대구권,,,
Station:S2703|0321,ON_LINE,Line:S2703,,,
Station:S2703|0321,OPERATED_BY,Operator:대구교통공사,,,
Station:S2703|0321,LOCATED_IN,Region:대구광역시,,,
Station:S2703|0321,IN_METRO_AREA,MetroArea:대구권,,,
Station:S2703|0322,ON_LINE,Line:S2703,,,
Station:S2703|0322,OPERATED_BY,Operator:대구교통공사,,,
Station:S2703|0322,LOCATED_IN,Region:대구광역시,,,
Station:S2703|0322,IN_METRO_AREA,MetroArea:대구권,,,
Station:S2703|0323,ON_LINE,Line:S2703,,,
Station:S2703|0323,OPERATED_BY,Operator:대구교통공사,,,
Station:S2703|0323,LOCATED_IN,Region:대구광역시,,,
Station:S2703|0323,IN_METRO_AREA,MetroArea:대구권,,,
Station:S2703|0324,ON_LINE,Line:S2703,,,
Station:S2703|0324,OPERATED_BY,Operator:대구교통공사,,,
Station:S2703|0324,LOCATED_IN,Region:대구광역시,,,
Station:S2703|0324,IN_METRO_AREA,MetroArea:대구권,,,
Station:S2703|0325,ON_LINE,Line:S2703,,,
Station:S2703|0325,OPERATED_BY,Operator:대구교통공사,,,
Station:S2703|0325,LOCATED_IN,Region:대구광역시,,,
Station:S2703|0325,IN_METRO_AREA,MetroArea:대구권,,,
Station:S2703|0326,ON_LINE,Line:S2703,,,
Station:S2703|0326,OPERATED_BY,Operator:대구교통공사,,,
Station:S2703|0326,LOCATED_IN,Region:대구광역시,,,
Station:S2703|0326,IN_METRO_AREA,MetroArea:대구권,,,
Station:S2703|0327,ON_LINE,Line:S2703,,,
Station:S2703|0327,OPERATED_BY,Operator:대구교통공사,,,
Station:S2703|0327,LOCATED_IN,Region:대구광역시,,,
Station:S2703|0327,IN_METRO_AREA,MetroArea:대구권,,,
Station:S2703|0328,ON_LINE,Line:S2703,,,
Station:S2703|0328,OPERATED_BY,Operator:대구교통공사,,,
Station:S2703|0328,LOCATED_IN,Region:대구광역시,,,
Station:S2703|0328,IN_METRO_AREA,MetroArea:대구권,,,
Station:S2703|0329,ON_LINE,Line:S2703,,,
Station:S2703|0329,OPERATED_BY,Operator:대구교통공사,,,
Station:S2703|0329,LOCATED_IN,Region:대구광역시,,,
Station:S2703|0329,IN_METRO_AREA,MetroArea:대구권,,,
Station:S2703|0330,ON_LINE,Line:S2703,,,
Station:S2703|0330,OPERATED_BY,Operator:대구교통공사,,,
Station:S2703|0330,LOCATED_IN,Region:대구광역시,,,
Station:S2703|0330,IN_METRO_AREA,MetroArea:대구권,,,
Station:S2703|0331,ON_LINE,Line:S2703,,,
Station:S2703|0331,OPERATED_BY,Operator:대구교통공사,,,
Station:S2703|0331,LOCATED_IN,Region:대구광역시,,,
Station:S2703|0331,IN_METRO_AREA,MetroArea:대구권,,,
Station:S2703|0332,ON_LINE,Line:S2703,,,
Station:S2703|0332,OPERATED_BY,Operator:대구교통공사,,,
Station:S2703|0332,LOCATED_IN,Region:대구광역시,,,
Station:S2703|0332,IN_METRO_AREA,MetroArea:대구권,,,
Station:S2703|0333,ON_LINE,Line:S2703,,,
Station:S2703|0333,OPERATED_BY,Operator:대구교통공사,,,
Station:S2703|0333,LOCATED_IN,Region:대구광역시,,,
Station:S2703|0333,IN_METRO_AREA,MetroArea:대구권,,,
Station:S2703|0334,ON_LINE,Line:S2703,,,
Station:S2703|0334,OPERATED_BY,Operator:대구교통공사,,,
Station:S2703|0334,LOCATED_IN,Region:대구광역시,,,
Station:S2703|0334,IN_METRO_AREA,MetroArea:대구권,,,
Station:S2703|0335,ON_LINE,Line:S2703,,,
Station:S2703|0335,OPERATED_BY,Operator:대구교통공사,,,
Station:S2703|0335,LOCATED_IN,Region:대구광역시,,,
Station:S2703|0335,IN_METRO_AREA,MetroArea:대구권,,,
Station:S2703|0336,ON_LINE,Line:S2703,,,
Station:S2703|0336,OPERATED_BY,Operator:대구교통공사,,,
Station:S2703|0336,LOCATED_IN,Region:대구광역시,,,
Station:S2703|0336,IN_METRO_AREA,MetroArea:대구권,,,
Station:S2703|0337,ON_LINE,Line:S2703,,,
Station:S2703|0337,OPERATED_BY,Operator:대구교통공사,,,
Station:S2703|0337,LOCATED_IN,Region:대구광역시,,,
Station:S2703|0337,IN_METRO_AREA,MetroArea:대구권,,,
Station:S2703|0338,ON_LINE,Line:S2703,,,
Station:S2703|0338,OPERATED_BY,Operator:대구교통공사,,,
Station:S2703|0338,LOCATED_IN,Region:대구광역시,,,
Station:S2703|0338,IN_METRO_AREA,MetroArea:대구권,,,
Station:S2703|0339,ON_LINE,Line:S2703,,,
Station:S2703|0339,OPERATED_BY,Operator:대구교통공사,,,
Station:S2703|0339,LOCATED_IN,Region:대구광역시,,,
Station:S2703|0339,IN_METRO_AREA,MetroArea:대구권,,,
Station:S2703|0340,ON_LINE,Line:S2703,,,
Station:S2703|0340,OPERATED_BY,Operator:대구교통공사,,,
Station:S2703|0340,LOCATED_IN,Region:대구광역시,,,
Station:S2703|0340,IN_METRO_AREA,MetroArea:대구권,,,
Station:S2703|0341,ON_LINE,Line:S2703,,,
Station:S2703|0341,OPERATED_BY,Operator:대구교통공사,,,
Station:S2703|0341,LOCATED_IN,Region:대구광역시,,,
Station:S2703|0341,IN_METRO_AREA,MetroArea:대구권,,,
Station:S3001|101,ON_LINE,Line:S3001,,,
Station:S3001|101,OPERATED_BY,Operator:대전교통공사,,,
Station:S3001|101,LOCATED_IN,Region:대전광역시,,,
Station:S3001|101,IN_METRO_AREA,MetroArea:대전권,,,
Station:S3001|102,ON_LINE,Line:S3001,,,
Station:S3001|102,OPERATED_BY,Operator:대전교통공사,,,
Station:S3001|102,LOCATED_IN,Region:대전광역시,,,
Station:S3001|102,IN_METRO_AREA,MetroArea:대전권,,,
Station:S3001|103,ON_LINE,Line:S3001,,,
Station:S3001|103,OPERATED_BY,Operator:대전교통공사,,,
Station:S3001|103,LOCATED_IN,Region:대전광역시,,,
Station:S3001|103,IN_METRO_AREA,MetroArea:대전권,,,
Station:S3001|104,ON_LINE,Line:S3001,,,
Station:S3001|104,OPERATED_BY,Operator:대전교통공사,,,
Station:S3001|104,LOCATED_IN,Region:대전광역시,,,
Station:S3001|104,IN_METRO_AREA,MetroArea:대전권,,,
Station:S3001|105,ON_LINE,Line:S3001,,,
Station:S3001|105,OPERATED_BY,Operator:대전교통공사,,,
Station:S3001|105,LOCATED_IN,Region:대전광역시,,,
Station:S3001|105,IN_METRO_AREA,MetroArea:대전권,,,
Station:S3001|106,ON_LINE,Line:S3001,,,
Station:S3001|106,OPERATED_BY,Operator:대전교통공사,,,
Station:S3001|106,LOCATED_IN,Region:대전광역시,,,
Station:S3001|106,IN_METRO_AREA,MetroArea:대전권,,,
Station:S3001|107,ON_LINE,Line:S3001,,,
Station:S3001|107,OPERATED_BY,Operator:대전교통공사,,,
Station:S3001|107,LOCATED_IN,Region:대전광역시,,,
Station:S3001|107,IN_METRO_AREA,MetroArea:대전권,,,
Station:S3001|108,ON_LINE,Line:S3001,,,
Station:S3001|108,OPERATED_BY,Operator:대전교통공사,,,
Station:S3001|108,LOCATED_IN,Region:대전광역시,,,
Station:S3001|108,IN_METRO_AREA,MetroArea:대전권,,,
Station:S3001|109,ON_LINE,Line:S3001,,,
Station:S3001|109,OPERATED_BY,Operator:대전교통공사,,,
Station:S3001|109,LOCATED_IN,Region:대전광역시,,,
Station:S3001|109,IN_METRO_AREA,MetroArea:대전권,,,
Station:S3001|110,ON_LINE,Line:S3001,,,
Station:S3001|110,OPERATED_BY,Operator:대전교통공사,,,
Station:S3001|110,LOCATED_IN,Region:대전광역시,,,
Station:S3001|110,IN_METRO_AREA,MetroArea:대전권,,,
Station:S3001|111,ON_LINE,Line:S3001,,,
Station:S3001|111,OPERATED_BY,Operator:대전교통공사,,,
Station:S3001|111,LOCATED_IN,Region:대전광역시,,,
Station:S3001|111,IN_METRO_AREA,MetroArea:대전권,,,
Station:S3001|112,ON_LINE,Line:S3001,,,
Station:S3001|112,OPERATED_BY,Operator:대전교통공사,,,
Station:S3001|112,LOCATED_IN,Region:대전광역시,,,
Station:S3001|112,IN_METRO_AREA,MetroArea:대전권,,,
Station:S3001|113,ON_LINE,Line:S3001,,,
Station:S3001|113,OPERATED_BY,Operator:대전교통공사,,,
Station:S3001|113,LOCATED_IN,Region:대전광역시,,,
Station:S3001|113,IN_METRO_AREA,MetroArea:대전권,,,
Station:S3001|114,ON_LINE,Line:S3001,,,
Station:S3001|114,OPERATED_BY,Operator:대전교통공사,,,
Station:S3001|114,LOCATED_IN,Region:대전광역시,,,
Station:S3001|114,IN_METRO_AREA,MetroArea:대전권,,,
Station:S3001|115,ON_LINE,Line:S3001,,,
Station:S3001|115,OPERATED_BY,Operator:대전교통공사,,,
Station:S3001|115,LOCATED_IN,Region:대전광역시,,,
Station:S3001|115,IN_METRO_AREA,MetroArea:대전권,,,
Station:S3001|116,ON_LINE,Line:S3001,,,
Station:S3001|116,OPERATED_BY,Operator:대전교통공사,,,
Station:S3001|116,LOCATED_IN,Region:대전광역시,,,
Station:S3001|116,IN_METRO_AREA,MetroArea:대전권,,,
Station:S3001|117,ON_LINE,Line:S3001,,,
Station:S3001|117,OPERATED_BY,Operator:대전교통공사,,,
Station:S3001|117,LOCATED_IN,Region:대전광역시,,,
Station:S3001|117,IN_METRO_AREA,MetroArea:대전권,,,
Station:S3001|118,ON_LINE,Line:S3001,,,
Station:S3001|118,OPERATED_BY,Operator:대전교통공사,,,
Station:S3001|118,LOCATED_IN,Region:대전광역시,,,
Station:S3001|118,IN_METRO_AREA,MetroArea:대전권,,,
Station:S3001|119,ON_LINE,Line:S3001,,,
Station:S3001|119,OPERATED_BY,Operator:대전교통공사,,,
Station:S3001|119,LOCATED_IN,Region:대전광역시,,,
Station:S3001|119,IN_METRO_AREA,MetroArea:대전권,,,
Station:S3001|120,ON_LINE,Line:S3001,,,
Station:S3001|120,OPERATED_BY,Operator:대전교통공사,,,
Station:S3001|120,LOCATED_IN,Region:대전광역시,,,
Station:S3001|120,IN_METRO_AREA,MetroArea:대전권,,,
Station:S3001|121,ON_LINE,Line:S3001,,,
Station:S3001|121,OPERATED_BY,Operator:대전교통공사,,,
Station:S3001|121,LOCATED_IN,Region:대전광역시,,,
Station:S3001|121,IN_METRO_AREA,MetroArea:대전권,,,
Station:S3001|122,ON_LINE,Line:S3001,,,
Station:S3001|122,OPERATED_BY,Operator:대전교통공사,,,
Station:S3001|122,LOCATED_IN,Region:대전광역시,,,
Station:S3001|122,IN_METRO_AREA,MetroArea:대전권,,,
Station:S2601|0095,ON_LINE,Line:S2601,,,
Station:S2601|0095,OPERATED_BY,Operator:부산광역시_부산교통공사,,,
Station:S2601|0095,LOCATED_IN,Region:부산광역시,,,
Station:S2601|0095,IN_METRO_AREA,MetroArea:부산김해권,,,
Station:S2601|0096,ON_LINE,Line:S2601,,,
Station:S2601|0096,OPERATED_BY,Operator:부산광역시_부산교통공사,,,
Station:S2601|0096,LOCATED_IN,Region:부산광역시,,,
Station:S2601|0096,IN_METRO_AREA,MetroArea:부산김해권,,,
Station:S2601|0097,ON_LINE,Line:S2601,,,
Station:S2601|0097,OPERATED_BY,Operator:부산광역시_부산교통공사,,,
Station:S2601|0097,LOCATED_IN,Region:부산광역시,,,
Station:S2601|0097,IN_METRO_AREA,MetroArea:부산김해권,,,
Station:S2601|0098,ON_LINE,Line:S2601,,,
Station:S2601|0098,OPERATED_BY,Operator:부산광역시_부산교통공사,,,
Station:S2601|0098,LOCATED_IN,Region:부산광역시,,,
Station:S2601|0098,IN_METRO_AREA,MetroArea:부산김해권,,,
Station:S2601|0099,ON_LINE,Line:S2601,,,
Station:S2601|0099,OPERATED_BY,Operator:부산광역시_부산교통공사,,,
Station:S2601|0099,LOCATED_IN,Region:부산광역시,,,
Station:S2601|0099,IN_METRO_AREA,MetroArea:부산김해권,,,
Station:S2601|0100,ON_LINE,Line:S2601,,,
Station:S2601|0100,OPERATED_BY,Operator:부산광역시_부산교통공사,,,
Station:S2601|0100,LOCATED_IN,Region:부산광역시,,,
Station:S2601|0100,IN_METRO_AREA,MetroArea:부산김해권,,,
Station:S2601|0101,ON_LINE,Line:S2601,,,
Station:S2601|0101,OPERATED_BY,Operator:부산광역시_부산교통공사,,,
Station:S2601|0101,LOCATED_IN,Region:부산광역시,,,
Station:S2601|0101,IN_METRO_AREA,MetroArea:부산김해권,,,
Station:S2601|0102,ON_LINE,Line:S2601,,,
Station:S2601|0102,OPERATED_BY,Operator:부산광역시_부산교통공사,,,
Station:S2601|0102,LOCATED_IN,Region:부산광역시,,,
Station:S2601|0102,IN_METRO_AREA,MetroArea:부산김해권,,,
Station:S2601|0103,ON_LINE,Line:S2601,,,
Station:S2601|0103,OPERATED_BY,Operator:부산광역시_부산교통공사,,,
Station:S2601|0103,LOCATED_IN,Region:부산광역시,,,
Station:S2601|0103,IN_METRO_AREA,MetroArea:부산김해권,,,
Station:S2601|0104,ON_LINE,Line:S2601,,,
Station:S2601|0104,OPERATED_BY,Operator:부산광역시_부산교통공사,,,
Station:S2601|0104,LOCATED_IN,Region:부산광역시,,,
Station:S2601|0104,IN_METRO_AREA,MetroArea:부산김해권,,,
Station:S2601|0105,ON_LINE,Line:S2601,,,
Station:S2601|0105,OPERATED_BY,Operator:부산광역시_부산교통공사,,,
Station:S2601|0105,LOCATED_IN,Region:부산광역시,,,
Station:S2601|0105,IN_METRO_AREA,MetroArea:부산김해권,,,
Station:S2601|0106,ON_LINE,Line:S2601,,,
Station:S2601|0106,OPERATED_BY,Operator:부산광역시_부산교통공사,,,
Station:S2601|0106,LOCATED_IN,Region:부산광역시,,,
Station:S2601|0106,IN_METRO_AREA,MetroArea:부산김해권,,,
Station:S2601|0107,ON_LINE,Line:S2601,,,
Station:S2601|0107,OPERATED_BY,Operator:부산광역시_부산교통공사,,,
Station:S2601|0107,LOCATED_IN,Region:부산광역시,,,
Station:S2601|0107,IN_METRO_AREA,MetroArea:부산김해권,,,
Station:S2601|0108,ON_LINE,Line:S2601,,,
Station:S2601|0108,OPERATED_BY,Operator:부산광역시_부산교통공사,,,
Station:S2601|0108,LOCATED_IN,Region:부산광역시,,,
Station:S2601|0108,IN_METRO_AREA,MetroArea:부산김해권,,,
Station:S2601|0109,ON_LINE,Line:S2601,,,
Station:S2601|0109,OPERATED_BY,Operator:부산광역시_부산교통공사,,,
Station:S2601|0109,LOCATED_IN,Region:부산광역시,,,
Station:S2601|0109,IN_METRO_AREA,MetroArea:부산김해권,,,
Station:S2601|0110,ON_LINE,Line:S2601,,,
Station:S2601|0110,OPERATED_BY,Operator:부산광역시_부산교통공사,,,
Station:S2601|0110,LOCATED_IN,Region:부산광역시,,,
Station:S2601|0110,IN_METRO_AREA,MetroArea:부산김해권,,,
Station:S2601|0111,ON_LINE,Line:S2601,,,
Station:S2601|0111,OPERATED_BY,Operator:부산광역시_부산교통공사,,,
Station:S2601|0111,LOCATED_IN,Region:부산광역시,,,
Station:S2601|0111,IN_METRO_AREA,MetroArea:부산김해권,,,
Station:S2601|0112,ON_LINE,Line:S2601,,,
Station:S2601|0112,OPERATED_BY,Operator:부산광역시_부산교통공사,,,
Station:S2601|0112,LOCATED_IN,Region:부산광역시,,,
Station:S2601|0112,IN_METRO_AREA,MetroArea:부산김해권,,,
Station:S2601|0113,ON_LINE,Line:S2601,,,
Station:S2601|0113,OPERATED_BY,Operator:부산광역시_부산교통공사,,,
Station:S2601|0113,LOCATED_IN,Region:부산광역시,,,
Station:S2601|0113,IN_METRO_AREA,MetroArea:부산김해권,,,
Station:S2601|0114,ON_LINE,Line:S2601,,,
Station:S2601|0114,OPERATED_BY,Operator:부산광역시_부산교통공사,,,
Station:S2601|0114,LOCATED_IN,Region:부산광역시,,,
Station:S2601|0114,IN_METRO_AREA,MetroArea:부산김해권,,,
Station:S2601|0115,ON_LINE,Line:S2601,,,
Station:S2601|0115,OPERATED_BY,Operator:부산광역시_부산교통공사,,,
Station:S2601|0115,LOCATED_IN,Region:부산광역시,,,
Station:S2601|0115,IN_METRO_AREA,MetroArea:부산김해권,,,
Station:S2601|0116,ON_LINE,Line:S2601,,,
Station:S2601|0116,OPERATED_BY,Operator:부산광역시_부산교통공사,,,
Station:S2601|0116,LOCATED_IN,Region:부산광역시,,,
Station:S2601|0116,IN_METRO_AREA,MetroArea:부산김해권,,,
Station:S2601|0117,ON_LINE,Line:S2601,,,
Station:S2601|0117,OPERATED_BY,Operator:부산광역시_부산교통공사,,,
Station:S2601|0117,LOCATED_IN,Region:부산광역시,,,
Station:S2601|0117,IN_METRO_AREA,MetroArea:부산김해권,,,
Station:S2601|0118,ON_LINE,Line:S2601,,,
Station:S2601|0118,OPERATED_BY,Operator:부산광역시_부산교통공사,,,
Station:S2601|0118,LOCATED_IN,Region:부산광역시,,,
Station:S2601|0118,IN_METRO_AREA,MetroArea:부산김해권,,,
Station:S2601|0119,ON_LINE,Line:S2601,,,
Station:S2601|0119,OPERATED_BY,Operator:부산광역시_부산교통공사,,,
Station:S2601|0119,LOCATED_IN,Region:부산광역시,,,
Station:S2601|0119,IN_METRO_AREA,MetroArea:부산김해권,,,
Station:S2601|0120,ON_LINE,Line:S2601,,,
Station:S2601|0120,OPERATED_BY,Operator:부산광역시_부산교통공사,,,
Station:S2601|0120,LOCATED_IN,Region:부산광역시,,,
Station:S2601|0120,IN_METRO_AREA,MetroArea:부산김해권,,,
Station:S2601|0121,ON_LINE,Line:S2601,,,
Station:S2601|0121,OPERATED_BY,Operator:부산광역시_부산교통공사,,,
Station:S2601|0121,LOCATED_IN,Region:부산광역시,,,
Station:S2601|0121,IN_METRO_AREA,MetroArea:부산김해권,,,
Station:S2601|0122,ON_LINE,Line:S2601,,,
Station:S2601|0122,OPERATED_BY,Operator:부산광역시_부산교통공사,,,
Station:S2601|0122,LOCATED_IN,Region:부산광역시,,,
Station:S2601|0122,IN_METRO_AREA,MetroArea:부산김해권,,,
Station:S2601|0123,ON_LINE,Line:S2601,,,
Station:S2601|0123,OPERATED_BY,Operator:부산광역시_부산교통공사,,,
Station:S2601|0123,LOCATED_IN,Region:부산광역시,,,
Station:S2601|0123,IN_METRO_AREA,MetroArea:부산김해권,,,
Station:S2601|0124,ON_LINE,Line:S2601,,,
Station:S2601|0124,OPERATED_BY,Operator:부산광역시_부산교통공사,,,
Station:S2601|0124,LOCATED_IN,Region:부산광역시,,,
Station:S2601|0124,IN_METRO_AREA,MetroArea:부산김해권,,,
Station:S2601|0125,ON_LINE,Line:S2601,,,
Station:S2601|0125,OPERATED_BY,Operator:부산광역시_부산교통공사,,,
Station:S2601|0125,LOCATED_IN,Region:부산광역시,,,
Station:S2601|0125,IN_METRO_AREA,MetroArea:부산김해권,,,
Station:S2601|0126,ON_LINE,Line:S2601,,,
Station:S2601|0126,OPERATED_BY,Operator:부산광역시_부산교통공사,,,
Station:S2601|0126,LOCATED_IN,Region:부산광역시,,,
Station:S2601|0126,IN_METRO_AREA,MetroArea:부산김해권,,,
Station:S2601|0127,ON_LINE,Line:S2601,,,
Station:S2601|0127,OPERATED_BY,Operator:부산광역시_부산교통공사,,,
Station:S2601|0127,LOCATED_IN,Region:부산광역시,,,
Station:S2601|0127,IN_METRO_AREA,MetroArea:부산김해권,,,
Station:S2601|0128,ON_LINE,Line:S2601,,,
Station:S2601|0128,OPERATED_BY,Operator:부산광역시_부산교통공사,,,
Station:S2601|0128,LOCATED_IN,Region:부산광역시,,,
Station:S2601|0128,IN_METRO_AREA,MetroArea:부산김해권,,,
Station:S2601|0129,ON_LINE,Line:S2601,,,
Station:S2601|0129,OPERATED_BY,Operator:부산광역시_부산교통공사,,,
Station:S2601|0129,LOCATED_IN,Region:부산광역시,,,
Station:S2601|0129,IN_METRO_AREA,MetroArea:부산김해권,,,
Station:S2601|0130,ON_LINE,Line:S2601,,,
Station:S2601|0130,OPERATED_BY,Operator:부산광역시_부산교통공사,,,
Station:S2601|0130,LOCATED_IN,Region:부산광역시,,,
Station:S2601|0130,IN_METRO_AREA,MetroArea:부산김해권,,,
Station:S2601|0131,ON_LINE,Line:S2601,,,
Station:S2601|0131,OPERATED_BY,Operator:부산광역시_부산교통공사,,,
Station:S2601|0131,LOCATED_IN,Region:부산광역시,,,
Station:S2601|0131,IN_METRO_AREA,MetroArea:부산김해권,,,
Station:S2601|0132,ON_LINE,Line:S2601,,,
Station:S2601|0132,OPERATED_BY,Operator:부산광역시_부산교통공사,,,
Station:S2601|0132,LOCATED_IN,Region:부산광역시,,,
Station:S2601|0132,IN_METRO_AREA,MetroArea:부산김해권,,,
Station:S2601|0133,ON_LINE,Line:S2601,,,
Station:S2601|0133,OPERATED_BY,Operator:부산광역시_부산교통공사,,,
Station:S2601|0133,LOCATED_IN,Region:부산광역시,,,
Station:S2601|0133,IN_METRO_AREA,MetroArea:부산김해권,,,
Station:S2601|0134,ON_LINE,Line:S2601,,,
Station:S2601|0134,OPERATED_BY,Operator:부산광역시_부산교통공사,,,
Station:S2601|0134,LOCATED_IN,Region:부산광역시,,,
Station:S2601|0134,IN_METRO_AREA,MetroArea:부산김해권,,,
Station:S2602|0201,ON_LINE,Line:S2602,,,
Station:S2602|0201,OPERATED_BY,Operator:부산광역시_부산교통공사,,,
Station:S2602|0201,LOCATED_IN,Region:부산광역시,,,
Station:S2602|0201,IN_METRO_AREA,MetroArea:부산김해권,,,
Station:S2602|0202,ON_LINE,Line:S2602,,,
Station:S2602|0202,OPERATED_BY,Operator:부산광역시_부산교통공사,,,
Station:S2602|0202,LOCATED_IN,Region:부산광역시,,,
Station:S2602|0202,IN_METRO_AREA,MetroArea:부산김해권,,,
Station:S2602|0203,ON_LINE,Line:S2602,,,
Station:S2602|0203,OPERATED_BY,Operator:부산광역시_부산교통공사,,,
Station:S2602|0203,LOCATED_IN,Region:부산광역시,,,
Station:S2602|0203,IN_METRO_AREA,MetroArea:부산김해권,,,
Station:S2602|0204,ON_LINE,Line:S2602,,,
Station:S2602|0204,OPERATED_BY,Operator:부산광역시_부산교통공사,,,
Station:S2602|0204,LOCATED_IN,Region:부산광역시,,,
Station:S2602|0204,IN_METRO_AREA,MetroArea:부산김해권,,,
Station:S2602|0205,ON_LINE,Line:S2602,,,
Station:S2602|0205,OPERATED_BY,Operator:부산광역시_부산교통공사,,,
Station:S2602|0205,LOCATED_IN,Region:부산광역시,,,
Station:S2602|0205,IN_METRO_AREA,MetroArea:부산김해권,,,
Station:S2602|0206,ON_LINE,Line:S2602,,,
Station:S2602|0206,OPERATED_BY,Operator:부산광역시_부산교통공사,,,
Station:S2602|0206,LOCATED_IN,Region:부산광역시,,,
Station:S2602|0206,IN_METRO_AREA,MetroArea:부산김해권,,,
Station:S2602|0207,ON_LINE,Line:S2602,,,
Station:S2602|0207,OPERATED_BY,Operator:부산광역시_부산교통공사,,,
Station:S2602|0207,LOCATED_IN,Region:부산광역시,,,
Station:S2602|0207,IN_METRO_AREA,MetroArea:부산김해권,,,
Station:S2602|0208,ON_LINE,Line:S2602,,,
Station:S2602|0208,OPERATED_BY,Operator:부산광역시_부산교통공사,,,
Station:S2602|0208,LOCATED_IN,Region:부산광역시,,,
Station:S2602|0208,IN_METRO_AREA,MetroArea:부산김해권,,,
Station:S2602|0209,ON_LINE,Line:S2602,,,
Station:S2602|0209,OPERATED_BY,Operator:부산광역시_부산교통공사,,,
Station:S2602|0209,LOCATED_IN,Region:부산광역시,,,
Station:S2602|0209,IN_METRO_AREA,MetroArea:부산김해권,,,
Station:S2602|0210,ON_LINE,Line:S2602,,,
Station:S2602|0210,OPERATED_BY,Operator:부산광역시_부산교통공사,,,
Station:S2602|0210,LOCATED_IN,Region:부산광역시,,,
Station:S2602|0210,IN_METRO_AREA,MetroArea:부산김해권,,,
Station:S2602|0211,ON_LINE,Line:S2602,,,
Station:S2602|0211,OPERATED_BY,Operator:부산광역시_부산교통공사,,,
Station:S2602|0211,LOCATED_IN,Region:부산광역시,,,
Station:S2602|0211,IN_METRO_AREA,MetroArea:부산김해권,,,
Station:S2602|0212,ON_LINE,Line:S2602,,,
Station:S2602|0212,OPERATED_BY,Operator:부산광역시_부산교통공사,,,
Station:S2602|0212,LOCATED_IN,Region:부산광역시,,,
Station:S2602|0212,IN_METRO_AREA,MetroArea:부산김해권,,,
Station:S2602|0213,ON_LINE,Line:S2602,,,
Station:S2602|0213,OPERATED_BY,Operator:부산광역시_부산교통공사,,,
Station:S2602|0213,LOCATED_IN,Region:부산광역시,,,
Station:S2602|0213,IN_METRO_AREA,MetroArea:부산김해권,,,
Station:S2602|0214,ON_LINE,Line:S2602,,,
Station:S2602|0214,OPERATED_BY,Operator:부산광역시_부산교통공사,,,
Station:S2602|0214,LOCATED_IN,Region:부산광역시,,,
Station:S2602|0214,IN_METRO_AREA,MetroArea:부산김해권,,,
Station:S2602|0215,ON_LINE,Line:S2602,,,
Station:S2602|0215,OPERATED_BY,Operator:부산광역시_부산교통공사,,,
Station:S2602|0215,LOCATED_IN,Region:부산광역시,,,
Station:S2602|0215,IN_METRO_AREA,MetroArea:부산김해권,,,
Station:S2602|0216,ON_LINE,Line:S2602,,,
Station:S2602|0216,OPERATED_BY,Operator:부산광역시_부산교통공사,,,
Station:S2602|0216,LOCATED_IN,Region:부산광역시,,,
Station:S2602|0216,IN_METRO_AREA,MetroArea:부산김해권,,,
Station:S2602|0217,ON_LINE,Line:S2602,,,
Station:S2602|0217,OPERATED_BY,Operator:부산광역시_부산교통공사,,,
Station:S2602|0217,LOCATED_IN,Region:부산광역시,,,
Station:S2602|0217,IN_METRO_AREA,MetroArea:부산김해권,,,
Station:S2602|0218,ON_LINE,Line:S2602,,,
Station:S2602|0218,OPERATED_BY,Operator:부산광역시_부산교통공사,,,
Station:S2602|0218,LOCATED_IN,Region:부산광역시,,,
Station:S2602|0218,IN_METRO_AREA,MetroArea:부산김해권,,,
Station:S2602|0219,ON_LINE,Line:S2602,,,
Station:S2602|0219,OPERATED_BY,Operator:부산광역시_부산교통공사,,,
Station:S2602|0219,LOCATED_IN,Region:부산광역시,,,
Station:S2602|0219,IN_METRO_AREA,MetroArea:부산김해권,,,
Station:S2602|0220,ON_LINE,Line:S2602,,,
Station:S2602|0220,OPERATED_BY,Operator:부산광역시_부산교통공사,,,
Station:S2602|0220,LOCATED_IN,Region:부산광역시,,,
Station:S2602|0220,IN_METRO_AREA,MetroArea:부산김해권,,,
Station:S2602|0221,ON_LINE,Line:S2602,,,
Station:S2602|0221,OPERATED_BY,Operator:부산광역시_부산교통공사,,,
Station:S2602|0221,LOCATED_IN,Region:부산광역시,,,
Station:S2602|0221,IN_METRO_AREA,MetroArea:부산김해권,,,
Station:S2602|0222,ON_LINE,Line:S2602,,,
Station:S2602|0222,OPERATED_BY,Operator:부산광역시_부산교통공사,,,
Station:S2602|0222,LOCATED_IN,Region:부산광역시,,,
Station:S2602|0222,IN_METRO_AREA,MetroArea:부산김해권,,,
Station:S2602|0223,ON_LINE,Line:S2602,,,
Station:S2602|0223,OPERATED_BY,Operator:부산광역시_부산교통공사,,,
Station:S2602|0223,LOCATED_IN,Region:부산광역시,,,
Station:S2602|0223,IN_METRO_AREA,MetroArea:부산김해권,,,
Station:S2602|0224,ON_LINE,Line:S2602,,,
Station:S2602|0224,OPERATED_BY,Operator:부산광역시_부산교통공사,,,
Station:S2602|0224,LOCATED_IN,Region:부산광역시,,,
Station:S2602|0224,IN_METRO_AREA,MetroArea:부산김해권,,,
Station:S2602|0225,ON_LINE,Line:S2602,,,
Station:S2602|0225,OPERATED_BY,Operator:부산광역시_부산교통공사,,,
Station:S2602|0225,LOCATED_IN,Region:부산광역시,,,
Station:S2602|0225,IN_METRO_AREA,MetroArea:부산김해권,,,
Station:S2602|0226,ON_LINE,Line:S2602,,,
Station:S2602|0226,OPERATED_BY,Operator:부산광역시_부산교통공사,,,
Station:S2602|0226,LOCATED_IN,Region:부산광역시,,,
Station:S2602|0226,IN_METRO_AREA,MetroArea:부산김해권,,,
Station:S2602|0227,ON_LINE,Line:S2602,,,
Station:S2602|0227,OPERATED_BY,Operator:부산광역시_부산교통공사,,,
Station:S2602|0227,LOCATED_IN,Region:부산광역시,,,
Station:S2602|0227,IN_METRO_AREA,MetroArea:부산김해권,,,
Station:S2602|0228,ON_LINE,Line:S2602,,,
Station:S2602|0228,OPERATED_BY,Operator:부산광역시_부산교통공사,,,
Station:S2602|0228,LOCATED_IN,Region:부산광역시,,,
Station:S2602|0228,IN_METRO_AREA,MetroArea:부산김해권,,,
Station:S2602|0229,ON_LINE,Line:S2602,,,
Station:S2602|0229,OPERATED_BY,Operator:부산광역시_부산교통공사,,,
Station:S2602|0229,LOCATED_IN,Region:부산광역시,,,
Station:S2602|0229,IN_METRO_AREA,MetroArea:부산김해권,,,
Station:S2602|0230,ON_LINE,Line:S2602,,,
Station:S2602|0230,OPERATED_BY,Operator:부산광역시_부산교통공사,,,
Station:S2602|0230,LOCATED_IN,Region:부산광역시,,,
Station:S2602|0230,IN_METRO_AREA,MetroArea:부산김해권,,,
Station:S2602|0231,ON_LINE,Line:S2602,,,
Station:S2602|0231,OPERATED_BY,Operator:부산광역시_부산교통공사,,,
Station:S2602|0231,LOCATED_IN,Region:부산광역시,,,
Station:S2602|0231,IN_METRO_AREA,MetroArea:부산김해권,,,
Station:S2602|0232,ON_LINE,Line:S2602,,,
Station:S2602|0232,OPERATED_BY,Operator:부산광역시_부산교통공사,,,
Station:S2602|0232,LOCATED_IN,Region:부산광역시,,,
Station:S2602|0232,IN_METRO_AREA,MetroArea:부산김해권,,,
Station:S2602|0233,ON_LINE,Line:S2602,,,
Station:S2602|0233,OPERATED_BY,Operator:부산광역시_부산교통공사,,,
Station:S2602|0233,LOCATED_IN,Region:부산광역시,,,
Station:S2602|0233,IN_METRO_AREA,MetroArea:부산김해권,,,
Station:S2602|0234,ON_LINE,Line:S2602,,,
Station:S2602|0234,OPERATED_BY,Operator:부산광역시_부산교통공사,,,
Station:S2602|0234,LOCATED_IN,Region:부산광역시,,,
Station:S2602|0234,IN_METRO_AREA,MetroArea:부산김해권,,,
Station:S2602|0235,ON_LINE,Line:S2602,,,
Station:S2602|0235,OPERATED_BY,Operator:부산광역시_부산교통공사,,,
Station:S2602|0235,LOCATED_IN,Region:부산광역시,,,
Station:S2602|0235,IN_METRO_AREA,MetroArea:부산김해권,,,
Station:S2602|0236,ON_LINE,Line:S2602,,,
Station:S2602|0236,OPERATED_BY,Operator:부산광역시_부산교통공사,,,
Station:S2602|0236,LOCATED_IN,Region:부산광역시,,,
Station:S2602|0236,IN_METRO_AREA,MetroArea:부산김해권,,,
Station:S2602|0237,ON_LINE,Line:S2602,,,
Station:S2602|0237,OPERATED_BY,Operator:부산광역시_부산교통공사,,,
Station:S2602|0237,LOCATED_IN,Region:부산광역시,,,
Station:S2602|0237,IN_METRO_AREA,MetroArea:부산김해권,,,
Station:S2602|0238,ON_LINE,Line:S2602,,,
Station:S2602|0238,OPERATED_BY,Operator:부산광역시_부산교통공사,,,
Station:S2602|0238,LOCATED_IN,Region:부산광역시,,,
Station:S2602|0238,IN_METRO_AREA,MetroArea:부산김해권,,,
Station:S2602|0239,ON_LINE,Line:S2602,,,
Station:S2602|0239,OPERATED_BY,Operator:부산광역시_부산교통공사,,,
Station:S2602|0239,LOCATED_IN,Region:경상남도,,,
Station:S2602|0239,IN_METRO_AREA,MetroArea:부산김해권,,,
Station:S2602|0240,ON_LINE,Line:S2602,,,
Station:S2602|0240,OPERATED_BY,Operator:부산광역시_부산교통공사,,,
Station:S2602|0240,LOCATED_IN,Region:경상남도,,,
Station:S2602|0240,IN_METRO_AREA,MetroArea:부산김해권,,,
Station:S2602|0241,ON_LINE,Line:S2602,,,
Station:S2602|0241,OPERATED_BY,Operator:부산광역시_부산교통공사,,,
Station:S2602|0241,LOCATED_IN,Region:경상남도,,,
Station:S2602|0241,IN_METRO_AREA,MetroArea:부산김해권,,,
Station:S2602|0242,ON_LINE,Line:S2602,,,
Station:S2602|0242,OPERATED_BY,Operator:부산광역시_부산교통공사,,,
Station:S2602|0242,LOCATED_IN,Region:경상남도,,,
Station:S2602|0242,IN_METRO_AREA,MetroArea:부산김해권,,,
Station:S2602|0243,ON_LINE,Line:S2602,,,
Station:S2602|0243,OPERATED_BY,Operator:부산광역시_부산교통공사,,,
Station:S2602|0243,LOCATED_IN,Region:경상남도,,,
Station:S2602|0243,IN_METRO_AREA,MetroArea:부산김해권,,,
Station:S2603|0301,ON_LINE,Line:S2603,,,
Station:S2603|0301,OPERATED_BY,Operator:부산광역시_부산교통공사,,,
Station:S2603|0301,LOCATED_IN,Region:부산광역시,,,
Station:S2603|0301,IN_METRO_AREA,MetroArea:부산김해권,,,
Station:S2603|0302,ON_LINE,Line:S2603,,,
Station:S2603|0302,OPERATED_BY,Operator:부산광역시_부산교통공사,,,
Station:S2603|0302,LOCATED_IN,Region:부산광역시,,,
Station:S2603|0302,IN_METRO_AREA,MetroArea:부산김해권,,,
Station:S2603|0303,ON_LINE,Line:S2603,,,
Station:S2603|0303,OPERATED_BY,Operator:부산광역시_부산교통공사,,,
Station:S2603|0303,LOCATED_IN,Region:부산광역시,,,
Station:S2603|0303,IN_METRO_AREA,MetroArea:부산김해권,,,
Station:S2603|0304,ON_LINE,Line:S2603,,,
Station:S2603|0304,OPERATED_BY,Operator:부산광역시_부산교통공사,,,
Station:S2603|0304,LOCATED_IN,Region:부산광역시,,,
Station:S2603|0304,IN_METRO_AREA,MetroArea:부산김해권,,,
Station:S2603|0305,ON_LINE,Line:S2603,,,
Station:S2603|0305,OPERATED_BY,Operator:부산광역시_부산교통공사,,,
Station:S2603|0305,LOCATED_IN,Region:부산광역시,,,
Station:S2603|0305,IN_METRO_AREA,MetroArea:부산김해권,,,
Station:S2603|0306,ON_LINE,Line:S2603,,,
Station:S2603|0306,OPERATED_BY,Operator:부산광역시_부산교통공사,,,
Station:S2603|0306,LOCATED_IN,Region:부산광역시,,,
Station:S2603|0306,IN_METRO_AREA,MetroArea:부산김해권,,,
Station:S2603|0307,ON_LINE,Line:S2603,,,
Station:S2603|0307,OPERATED_BY,Operator:부산광역시_부산교통공사,,,
Station:S2603|0307,LOCATED_IN,Region:부산광역시,,,
Station:S2603|0307,IN_METRO_AREA,MetroArea:부산김해권,,,
Station:S2603|0308,ON_LINE,Line:S2603,,,
Station:S2603|0308,OPERATED_BY,Operator:부산광역시_부산교통공사,,,
Station:S2603|0308,LOCATED_IN,Region:부산광역시,,,
Station:S2603|0308,IN_METRO_AREA,MetroArea:부산김해권,,,
Station:S2603|0309,ON_LINE,Line:S2603,,,
Station:S2603|0309,OPERATED_BY,Operator:부산광역시_부산교통공사,,,
Station:S2603|0309,LOCATED_IN,Region:부산광역시,,,
Station:S2603|0309,IN_METRO_AREA,MetroArea:부산김해권,,,
Station:S2603|0310,ON_LINE,Line:S2603,,,
Station:S2603|0310,OPERATED_BY,Operator:부산광역시_부산교통공사,,,
Station:S2603|0310,LOCATED_IN,Region:부산광역시,,,
Station:S2603|0310,IN_METRO_AREA,MetroArea:부산김해권,,,
Station:S2603|0311,ON_LINE,Line:S2603,,,
Station:S2603|0311,OPERATED_BY,Operator:부산광역시_부산교통공사,,,
Station:S2603|0311,LOCATED_IN,Region:부산광역시,,,
Station:S2603|0311,IN_METRO_AREA,MetroArea:부산김해권,,,
Station:S2603|0312,ON_LINE,Line:S2603,,,
Station:S2603|0312,OPERATED_BY,Operator:부산광역시_부산교통공사,,,
Station:S2603|0312,LOCATED_IN,Region:부산광역시,,,
Station:S2603|0312,IN_METRO_AREA,MetroArea:부산김해권,,,
Station:S2603|0313,ON_LINE,Line:S2603,,,
Station:S2603|0313,OPERATED_BY,Operator:부산광역시_부산교통공사,,,
Station:S2603|0313,LOCATED_IN,Region:부산광역시,,,
Station:S2603|0313,IN_METRO_AREA,MetroArea:부산김해권,,,
Station:S2603|0314,ON_LINE,Line:S2603,,,
Station:S2603|0314,OPERATED_BY,Operator:부산광역시_부산교통공사,,,
Station:S2603|0314,LOCATED_IN,Region:부산광역시,,,
Station:S2603|0314,IN_METRO_AREA,MetroArea:부산김해권,,,
Station:S2603|0315,ON_LINE,Line:S2603,,,
Station:S2603|0315,OPERATED_BY,Operator:부산광역시_부산교통공사,,,
Station:S2603|0315,LOCATED_IN,Region:부산광역시,,,
Station:S2603|0315,IN_METRO_AREA,MetroArea:부산김해권,,,
Station:S2603|0316,ON_LINE,Line:S2603,,,
Station:S2603|0316,OPERATED_BY,Operator:부산광역시_부산교통공사,,,
Station:S2603|0316,LOCATED_IN,Region:부산광역시,,,
Station:S2603|0316,IN_METRO_AREA,MetroArea:부산김해권,,,
Station:S2603|0317,ON_LINE,Line:S2603,,,
Station:S2603|0317,OPERATED_BY,Operator:부산광역시_부산교통공사,,,
Station:S2603|0317,LOCATED_IN,Region:부산광역시,,,
Station:S2603|0317,IN_METRO_AREA,MetroArea:부산김해권,,,
Station:L2604|0401,ON_LINE,Line:L2604,,,
Station:L2604|0401,OPERATED_BY,Operator:부산광역시_부산교통공사,,,
Station:L2604|0401,LOCATED_IN,Region:부산광역시,,,
Station:L2604|0401,IN_METRO_AREA,MetroArea:부산김해권,,,
Station:L2604|0402,ON_LINE,Line:L2604,,,
Station:L2604|0402,OPERATED_BY,Operator:부산광역시_부산교통공사,,,
Station:L2604|0402,LOCATED_IN,Region:부산광역시,,,
Station:L2604|0402,IN_METRO_AREA,MetroArea:부산김해권,,,
Station:L2604|0403,ON_LINE,Line:L2604,,,
Station:L2604|0403,OPERATED_BY,Operator:부산광역시_부산교통공사,,,
Station:L2604|0403,LOCATED_IN,Region:부산광역시,,,
Station:L2604|0403,IN_METRO_AREA,MetroArea:부산김해권,,,
Station:L2604|0404,ON_LINE,Line:L2604,,,
Station:L2604|0404,OPERATED_BY,Operator:부산광역시_부산교통공사,,,
Station:L2604|0404,LOCATED_IN,Region:부산광역시,,,
Station:L2604|0404,IN_METRO_AREA,MetroArea:부산김해권,,,
Station:L2604|0405,ON_LINE,Line:L2604,,,
Station:L2604|0405,OPERATED_BY,Operator:부산광역시_부산교통공사,,,
Station:L2604|0405,LOCATED_IN,Region:부산광역시,,,
Station:L2604|0405,IN_METRO_AREA,MetroArea:부산김해권,,,
Station:L2604|0406,ON_LINE,Line:L2604,,,
Station:L2604|0406,OPERATED_BY,Operator:부산광역시_부산교통공사,,,
Station:L2604|0406,LOCATED_IN,Region:부산광역시,,,
Station:L2604|0406,IN_METRO_AREA,MetroArea:부산김해권,,,
Station:L2604|0407,ON_LINE,Line:L2604,,,
Station:L2604|0407,OPERATED_BY,Operator:부산광역시_부산교통공사,,,
Station:L2604|0407,LOCATED_IN,Region:부산광역시,,,
Station:L2604|0407,IN_METRO_AREA,MetroArea:부산김해권,,,
Station:L2604|0408,ON_LINE,Line:L2604,,,
Station:L2604|0408,OPERATED_BY,Operator:부산광역시_부산교통공사,,,
Station:L2604|0408,LOCATED_IN,Region:부산광역시,,,
Station:L2604|0408,IN_METRO_AREA,MetroArea:부산김해권,,,
Station:L2604|0409,ON_LINE,Line:L2604,,,
Station:L2604|0409,OPERATED_BY,Operator:부산광역시_부산교통공사,,,
Station:L2604|0409,LOCATED_IN,Region:부산광역시,,,
Station:L2604|0409,IN_METRO_AREA,MetroArea:부산김해권,,,
Station:L2604|0410,ON_LINE,Line:L2604,,,
Station:L2604|0410,OPERATED_BY,Operator:부산광역시_부산교통공사,,,
Station:L2604|0410,LOCATED_IN,Region:부산광역시,,,
Station:L2604|0410,IN_METRO_AREA,MetroArea:부산김해권,,,
Station:L2604|0411,ON_LINE,Line:L2604,,,
Station:L2604|0411,OPERATED_BY,Operator:부산광역시_부산교통공사,,,
Station:L2604|0411,LOCATED_IN,Region:부산광역시,,,
Station:L2604|0411,IN_METRO_AREA,MetroArea:부산김해권,,,
Station:L2604|0412,ON_LINE,Line:L2604,,,
Station:L2604|0412,OPERATED_BY,Operator:부산광역시_부산교통공사,,,
Station:L2604|0412,LOCATED_IN,Region:부산광역시,,,
Station:L2604|0412,IN_METRO_AREA,MetroArea:부산김해권,,,
Station:L2604|0413,ON_LINE,Line:L2604,,,
Station:L2604|0413,OPERATED_BY,Operator:부산광역시_부산교통공사,,,
Station:L2604|0413,LOCATED_IN,Region:부산광역시,,,
Station:L2604|0413,IN_METRO_AREA,MetroArea:부산김해권,,,
Station:L2604|0414,ON_LINE,Line:L2604,,,
Station:L2604|0414,OPERATED_BY,Operator:부산광역시_부산교통공사,,,
Station:L2604|0414,LOCATED_IN,Region:부산광역시,,,
Station:L2604|0414,IN_METRO_AREA,MetroArea:부산김해권,,,
Station:L48B1|0001,ON_LINE,Line:L48B1,,,
Station:L48B1|0001,OPERATED_BY,Operator:부산-김해경전철,,,
Station:L48B1|0001,LOCATED_IN,Region:부산광역시,,,
Station:L48B1|0001,IN_METRO_AREA,MetroArea:부산김해권,,,
Station:L48B1|0002,ON_LINE,Line:L48B1,,,
Station:L48B1|0002,OPERATED_BY,Operator:부산-김해경전철,,,
Station:L48B1|0002,LOCATED_IN,Region:부산광역시,,,
Station:L48B1|0002,IN_METRO_AREA,MetroArea:부산김해권,,,
Station:L48B1|0003,ON_LINE,Line:L48B1,,,
Station:L48B1|0003,OPERATED_BY,Operator:부산-김해경전철,,,
Station:L48B1|0003,LOCATED_IN,Region:부산광역시,,,
Station:L48B1|0003,IN_METRO_AREA,MetroArea:부산김해권,,,
Station:L48B1|0004,ON_LINE,Line:L48B1,,,
Station:L48B1|0004,OPERATED_BY,Operator:부산-김해경전철,,,
Station:L48B1|0004,LOCATED_IN,Region:부산광역시,,,
Station:L48B1|0004,IN_METRO_AREA,MetroArea:부산김해권,,,
Station:L48B1|0005,ON_LINE,Line:L48B1,,,
Station:L48B1|0005,OPERATED_BY,Operator:부산-김해경전철,,,
Station:L48B1|0005,LOCATED_IN,Region:부산광역시,,,
Station:L48B1|0005,IN_METRO_AREA,MetroArea:부산김해권,,,
Station:L48B1|0006,ON_LINE,Line:L48B1,,,
Station:L48B1|0006,OPERATED_BY,Operator:부산-김해경전철,,,
Station:L48B1|0006,LOCATED_IN,Region:부산광역시,,,
Station:L48B1|0006,IN_METRO_AREA,MetroArea:부산김해권,,,
Station:L48B1|0007,ON_LINE,Line:L48B1,,,
Station:L48B1|0007,OPERATED_BY,Operator:부산-김해경전철,,,
Station:L48B1|0007,LOCATED_IN,Region:부산광역시,,,
Station:L48B1|0007,IN_METRO_AREA,MetroArea:부산김해권,,,
Station:L48B1|0008,ON_LINE,Line:L48B1,,,
Station:L48B1|0008,OPERATED_BY,Operator:부산-김해경전철,,,
Station:L48B1|0008,LOCATED_IN,Region:부산광역시,,,
Station:L48B1|0008,IN_METRO_AREA,MetroArea:부산김해권,,,
Station:L48B1|0009,ON_LINE,Line:L48B1,,,
Station:L48B1|0009,OPERATED_BY,Operator:부산-김해경전철,,,
Station:L48B1|0009,LOCATED_IN,Region:부산광역시,,,
Station:L48B1|0009,IN_METRO_AREA,MetroArea:부산김해권,,,
Station:L48B1|0010,ON_LINE,Line:L48B1,,,
Station:L48B1|0010,OPERATED_BY,Operator:부산-김해경전철,,,
Station:L48B1|0010,LOCATED_IN,Region:경상남도,,,
Station:L48B1|0010,IN_METRO_AREA,MetroArea:부산김해권,,,
Station:L48B1|0011,ON_LINE,Line:L48B1,,,
Station:L48B1|0011,OPERATED_BY,Operator:부산-김해경전철,,,
Station:L48B1|0011,LOCATED_IN,Region:경상남도,,,
Station:L48B1|0011,IN_METRO_AREA,MetroArea:부산김해권,,,
Station:L48B1|0012,ON_LINE,Line:L48B1,,,
Station:L48B1|0012,OPERATED_BY,Operator:부산-김해경전철,,,
Station:L48B1|0012,LOCATED_IN,Region:경상남도,,,
Station:L48B1|0012,IN_METRO_AREA,MetroArea:부산김해권,,,
Station:L48B1|0013,ON_LINE,Line:L48B1,,,
Station:L48B1|0013,OPERATED_BY,Operator:부산-김해경전철,,,
Station:L48B1|0013,LOCATED_IN,Region:경상남도,,,
Station:L48B1|0013,IN_METRO_AREA,MetroArea:부산김해권,,,
Station:L48B1|0014,ON_LINE,Line:L48B1,,,
Station:L48B1|0014,OPERATED_BY,Operator:부산-김해경전철,,,
Station:L48B1|0014,LOCATED_IN,Region:경상남도,,,
Station:L48B1|0014,IN_METRO_AREA,MetroArea:부산김해권,,,
Station:L48B1|0015,ON_LINE,Line:L48B1,,,
Station:L48B1|0015,OPERATED_BY,Operator:부산-김해경전철,,,
Station:L48B1|0015,LOCATED_IN,Region:경상남도,,,
Station:L48B1|0015,IN_METRO_AREA,MetroArea:부산김해권,,,
Station:L48B1|0016,ON_LINE,Line:L48B1,,,
Station:L48B1|0016,OPERATED_BY,Operator:부산-김해경전철,,,
Station:L48B1|0016,LOCATED_IN,Region:경상남도,,,
Station:L48B1|0016,IN_METRO_AREA,MetroArea:부산김해권,,,
Station:L48B1|0017,ON_LINE,Line:L48B1,,,
Station:L48B1|0017,OPERATED_BY,Operator:부산-김해경전철,,,
Station:L48B1|0017,LOCATED_IN,Region:경상남도,,,
Station:L48B1|0017,IN_METRO_AREA,MetroArea:부산김해권,,,
Station:L48B1|0018,ON_LINE,Line:L48B1,,,
Station:L48B1|0018,OPERATED_BY,Operator:부산-김해경전철,,,
Station:L48B1|0018,LOCATED_IN,Region:경상남도,,,
Station:L48B1|0018,IN_METRO_AREA,MetroArea:부산김해권,,,
Station:L48B1|0019,ON_LINE,Line:L48B1,,,
Station:L48B1|0019,OPERATED_BY,Operator:부산-김해경전철,,,
Station:L48B1|0019,LOCATED_IN,Region:경상남도,,,
Station:L48B1|0019,IN_METRO_AREA,MetroArea:부산김해권,,,
Station:L48B1|0020,ON_LINE,Line:L48B1,,,
Station:L48B1|0020,OPERATED_BY,Operator:부산-김해경전철,,,
Station:L48B1|0020,LOCATED_IN,Region:경상남도,,,
Station:L48B1|0020,IN_METRO_AREA,MetroArea:부산김해권,,,
Station:L48B1|0021,ON_LINE,Line:L48B1,,,
Station:L48B1|0021,OPERATED_BY,Operator:부산-김해경전철,,,
Station:L48B1|0021,LOCATED_IN,Region:경상남도,,,
Station:L48B1|0021,IN_METRO_AREA,MetroArea:부산김해권,,,
Station:I4101|0124,ON_LINE,Line:I4101,,,
Station:I4101|0124,OPERATED_BY,Operator:서울교통공사,,,
Station:I4101|0124,LOCATED_IN,Region:서울특별시,,,
Station:I4101|0124,IN_METRO_AREA,MetroArea:수도권,,,
Station:I4101|0125,ON_LINE,Line:I4101,,,
Station:I4101|0125,OPERATED_BY,Operator:서울교통공사,,,
Station:I4101|0125,LOCATED_IN,Region:서울특별시,,,
Station:I4101|0125,IN_METRO_AREA,MetroArea:수도권,,,
Station:I4101|0126,ON_LINE,Line:I4101,,,
Station:I4101|0126,OPERATED_BY,Operator:서울교통공사,,,
Station:I4101|0126,LOCATED_IN,Region:서울특별시,,,
Station:I4101|0126,IN_METRO_AREA,MetroArea:수도권,,,
Station:I4101|0127,ON_LINE,Line:I4101,,,
Station:I4101|0127,OPERATED_BY,Operator:서울교통공사,,,
Station:I4101|0127,LOCATED_IN,Region:서울특별시,,,
Station:I4101|0127,IN_METRO_AREA,MetroArea:수도권,,,
Station:I4101|0128,ON_LINE,Line:I4101,,,
Station:I4101|0128,OPERATED_BY,Operator:서울교통공사,,,
Station:I4101|0128,LOCATED_IN,Region:서울특별시,,,
Station:I4101|0128,IN_METRO_AREA,MetroArea:수도권,,,
Station:I4101|0129,ON_LINE,Line:I4101,,,
Station:I4101|0129,OPERATED_BY,Operator:서울교통공사,,,
Station:I4101|0129,LOCATED_IN,Region:서울특별시,,,
Station:I4101|0129,IN_METRO_AREA,MetroArea:수도권,,,
Station:I4101|0130,ON_LINE,Line:I4101,,,
Station:I4101|0130,OPERATED_BY,Operator:서울교통공사,,,
Station:I4101|0130,LOCATED_IN,Region:서울특별시,,,
Station:I4101|0130,IN_METRO_AREA,MetroArea:수도권,,,
Station:I4101|0131,ON_LINE,Line:I4101,,,
Station:I4101|0131,OPERATED_BY,Operator:서울교통공사,,,
Station:I4101|0131,LOCATED_IN,Region:서울특별시,,,
Station:I4101|0131,IN_METRO_AREA,MetroArea:수도권,,,
Station:I4101|0132,ON_LINE,Line:I4101,,,
Station:I4101|0132,OPERATED_BY,Operator:서울교통공사,,,
Station:I4101|0132,LOCATED_IN,Region:서울특별시,,,
Station:I4101|0132,IN_METRO_AREA,MetroArea:수도권,,,
Station:I4101|0133,ON_LINE,Line:I4101,,,
Station:I4101|0133,OPERATED_BY,Operator:서울교통공사,,,
Station:I4101|0133,LOCATED_IN,Region:서울특별시,,,
Station:I4101|0133,IN_METRO_AREA,MetroArea:수도권,,,
Station:S1102|0201,ON_LINE,Line:S1102,,,
Station:S1102|0201,OPERATED_BY,Operator:서울교통공사,,,
Station:S1102|0201,LOCATED_IN,Region:서울특별시,,,
Station:S1102|0201,IN_METRO_AREA,MetroArea:수도권,,,
Station:S1102|0202,ON_LINE,Line:S1102,,,
Station:S1102|0202,OPERATED_BY,Operator:서울교통공사,,,
Station:S1102|0202,LOCATED_IN,Region:서울특별시,,,
Station:S1102|0202,IN_METRO_AREA,MetroArea:수도권,,,
Station:S1102|0203,ON_LINE,Line:S1102,,,
Station:S1102|0203,OPERATED_BY,Operator:서울교통공사,,,
Station:S1102|0203,LOCATED_IN,Region:서울특별시,,,
Station:S1102|0203,IN_METRO_AREA,MetroArea:수도권,,,
Station:S1102|0204,ON_LINE,Line:S1102,,,
Station:S1102|0204,OPERATED_BY,Operator:서울교통공사,,,
Station:S1102|0204,LOCATED_IN,Region:서울특별시,,,
Station:S1102|0204,IN_METRO_AREA,MetroArea:수도권,,,
Station:S1102|0205,ON_LINE,Line:S1102,,,
Station:S1102|0205,OPERATED_BY,Operator:서울교통공사,,,
Station:S1102|0205,LOCATED_IN,Region:서울특별시,,,
Station:S1102|0205,IN_METRO_AREA,MetroArea:수도권,,,
Station:S1102|0206,ON_LINE,Line:S1102,,,
Station:S1102|0206,OPERATED_BY,Operator:서울교통공사,,,
Station:S1102|0206,LOCATED_IN,Region:서울특별시,,,
Station:S1102|0206,IN_METRO_AREA,MetroArea:수도권,,,
Station:S1102|0207,ON_LINE,Line:S1102,,,
Station:S1102|0207,OPERATED_BY,Operator:서울교통공사,,,
Station:S1102|0207,LOCATED_IN,Region:서울특별시,,,
Station:S1102|0207,IN_METRO_AREA,MetroArea:수도권,,,
Station:S1102|0208,ON_LINE,Line:S1102,,,
Station:S1102|0208,OPERATED_BY,Operator:서울교통공사,,,
Station:S1102|0208,LOCATED_IN,Region:서울특별시,,,
Station:S1102|0208,IN_METRO_AREA,MetroArea:수도권,,,
Station:S1102|0209,ON_LINE,Line:S1102,,,
Station:S1102|0209,OPERATED_BY,Operator:서울교통공사,,,
Station:S1102|0209,LOCATED_IN,Region:서울특별시,,,
Station:S1102|0209,IN_METRO_AREA,MetroArea:수도권,,,
Station:S1102|0210,ON_LINE,Line:S1102,,,
Station:S1102|0210,OPERATED_BY,Operator:서울교통공사,,,
Station:S1102|0210,LOCATED_IN,Region:서울특별시,,,
Station:S1102|0210,IN_METRO_AREA,MetroArea:수도권,,,
Station:S1102|0211,ON_LINE,Line:S1102,,,
Station:S1102|0211,OPERATED_BY,Operator:서울교통공사,,,
Station:S1102|0211,LOCATED_IN,Region:서울특별시,,,
Station:S1102|0211,IN_METRO_AREA,MetroArea:수도권,,,
Station:S1102|0212,ON_LINE,Line:S1102,,,
Station:S1102|0212,OPERATED_BY,Operator:서울교통공사,,,
Station:S1102|0212,LOCATED_IN,Region:서울특별시,,,
Station:S1102|0212,IN_METRO_AREA,MetroArea:수도권,,,
Station:S1102|0213,ON_LINE,Line:S1102,,,
Station:S1102|0213,OPERATED_BY,Operator:서울교통공사,,,
Station:S1102|0213,LOCATED_IN,Region:서울특별시,,,
Station:S1102|0213,IN_METRO_AREA,MetroArea:수도권,,,
Station:S1102|0214,ON_LINE,Line:S1102,,,
Station:S1102|0214,OPERATED_BY,Operator:서울교통공사,,,
Station:S1102|0214,LOCATED_IN,Region:서울특별시,,,
Station:S1102|0214,IN_METRO_AREA,MetroArea:수도권,,,
Station:S1102|0215,ON_LINE,Line:S1102,,,
Station:S1102|0215,OPERATED_BY,Operator:서울교통공사,,,
Station:S1102|0215,LOCATED_IN,Region:서울특별시,,,
Station:S1102|0215,IN_METRO_AREA,MetroArea:수도권,,,
Station:S1102|0216,ON_LINE,Line:S1102,,,
Station:S1102|0216,OPERATED_BY,Operator:서울교통공사,,,
Station:S1102|0216,LOCATED_IN,Region:서울특별시,,,
Station:S1102|0216,IN_METRO_AREA,MetroArea:수도권,,,
Station:S1102|0217,ON_LINE,Line:S1102,,,
Station:S1102|0217,OPERATED_BY,Operator:서울교통공사,,,
Station:S1102|0217,LOCATED_IN,Region:서울특별시,,,
Station:S1102|0217,IN_METRO_AREA,MetroArea:수도권,,,
Station:S1102|0218,ON_LINE,Line:S1102,,,
Station:S1102|0218,OPERATED_BY,Operator:서울교통공사,,,
Station:S1102|0218,LOCATED_IN,Region:서울특별시,,,
Station:S1102|0218,IN_METRO_AREA,MetroArea:수도권,,,
Station:S1102|0219,ON_LINE,Line:S1102,,,
Station:S1102|0219,OPERATED_BY,Operator:서울교통공사,,,
Station:S1102|0219,LOCATED_IN,Region:서울특별시,,,
Station:S1102|0219,IN_METRO_AREA,MetroArea:수도권,,,
Station:S1102|0220,ON_LINE,Line:S1102,,,
Station:S1102|0220,OPERATED_BY,Operator:서울교통공사,,,
Station:S1102|0220,LOCATED_IN,Region:서울특별시,,,
Station:S1102|0220,IN_METRO_AREA,MetroArea:수도권,,,
Station:S1102|0221,ON_LINE,Line:S1102,,,
Station:S1102|0221,OPERATED_BY,Operator:서울교통공사,,,
Station:S1102|0221,LOCATED_IN,Region:서울특별시,,,
Station:S1102|0221,IN_METRO_AREA,MetroArea:수도권,,,
Station:S1102|0222,ON_LINE,Line:S1102,,,
Station:S1102|0222,OPERATED_BY,Operator:서울교통공사,,,
Station:S1102|0222,LOCATED_IN,Region:서울특별시,,,
Station:S1102|0222,IN_METRO_AREA,MetroArea:수도권,,,
Station:S1102|0223,ON_LINE,Line:S1102,,,
Station:S1102|0223,OPERATED_BY,Operator:서울교통공사,,,
Station:S1102|0223,LOCATED_IN,Region:서울특별시,,,
Station:S1102|0223,IN_METRO_AREA,MetroArea:수도권,,,
Station:S1102|0224,ON_LINE,Line:S1102,,,
Station:S1102|0224,OPERATED_BY,Operator:서울교통공사,,,
Station:S1102|0224,LOCATED_IN,Region:서울특별시,,,
Station:S1102|0224,IN_METRO_AREA,MetroArea:수도권,,,
Station:S1102|0225,ON_LINE,Line:S1102,,,
Station:S1102|0225,OPERATED_BY,Operator:서울교통공사,,,
Station:S1102|0225,LOCATED_IN,Region:서울특별시,,,
Station:S1102|0225,IN_METRO_AREA,MetroArea:수도권,,,
Station:S1102|0226,ON_LINE,Line:S1102,,,
Station:S1102|0226,OPERATED_BY,Operator:서울교통공사,,,
Station:S1102|0226,LOCATED_IN,Region:서울특별시,,,
Station:S1102|0226,IN_METRO_AREA,MetroArea:수도권,,,
Station:S1102|0227,ON_LINE,Line:S1102,,,
Station:S1102|0227,OPERATED_BY,Operator:서울교통공사,,,
Station:S1102|0227,LOCATED_IN,Region:서울특별시,,,
Station:S1102|0227,IN_METRO_AREA,MetroArea:수도권,,,
Station:S1102|0228,ON_LINE,Line:S1102,,,
Station:S1102|0228,OPERATED_BY,Operator:서울교통공사,,,
Station:S1102|0228,LOCATED_IN,Region:서울특별시,,,
Station:S1102|0228,IN_METRO_AREA,MetroArea:수도권,,,
Station:S1102|0229,ON_LINE,Line:S1102,,,
Station:S1102|0229,OPERATED_BY,Operator:서울교통공사,,,
Station:S1102|0229,LOCATED_IN,Region:서울특별시,,,
Station:S1102|0229,IN_METRO_AREA,MetroArea:수도권,,,
Station:S1102|0230,ON_LINE,Line:S1102,,,
Station:S1102|0230,OPERATED_BY,Operator:서울교통공사,,,
Station:S1102|0230,LOCATED_IN,Region:서울특별시,,,
Station:S1102|0230,IN_METRO_AREA,MetroArea:수도권,,,
Station:S1102|0231,ON_LINE,Line:S1102,,,
Station:S1102|0231,OPERATED_BY,Operator:서울교통공사,,,
Station:S1102|0231,LOCATED_IN,Region:서울특별시,,,
Station:S1102|0231,IN_METRO_AREA,MetroArea:수도권,,,
Station:S1102|0232,ON_LINE,Line:S1102,,,
Station:S1102|0232,OPERATED_BY,Operator:서울교통공사,,,
Station:S1102|0232,LOCATED_IN,Region:서울특별시,,,
Station:S1102|0232,IN_METRO_AREA,MetroArea:수도권,,,
Station:S1102|0233,ON_LINE,Line:S1102,,,
Station:S1102|0233,OPERATED_BY,Operator:서울교통공사,,,
Station:S1102|0233,LOCATED_IN,Region:서울특별시,,,
Station:S1102|0233,IN_METRO_AREA,MetroArea:수도권,,,
Station:S1102|0234,ON_LINE,Line:S1102,,,
Station:S1102|0234,OPERATED_BY,Operator:서울교통공사,,,
Station:S1102|0234,LOCATED_IN,Region:서울특별시,,,
Station:S1102|0234,IN_METRO_AREA,MetroArea:수도권,,,
Station:S1102|0235,ON_LINE,Line:S1102,,,
Station:S1102|0235,OPERATED_BY,Operator:서울교통공사,,,
Station:S1102|0235,LOCATED_IN,Region:서울특별시,,,
Station:S1102|0235,IN_METRO_AREA,MetroArea:수도권,,,
Station:S1102|0236,ON_LINE,Line:S1102,,,
Station:S1102|0236,OPERATED_BY,Operator:서울교통공사,,,
Station:S1102|0236,LOCATED_IN,Region:서울특별시,,,
Station:S1102|0236,IN_METRO_AREA,MetroArea:수도권,,,
Station:S1102|0237,ON_LINE,Line:S1102,,,
Station:S1102|0237,OPERATED_BY,Operator:서울교통공사,,,
Station:S1102|0237,LOCATED_IN,Region:서울특별시,,,
Station:S1102|0237,IN_METRO_AREA,MetroArea:수도권,,,
Station:S1102|0238,ON_LINE,Line:S1102,,,
Station:S1102|0238,OPERATED_BY,Operator:서울교통공사,,,
Station:S1102|0238,LOCATED_IN,Region:서울특별시,,,
Station:S1102|0238,IN_METRO_AREA,MetroArea:수도권,,,
Station:S1102|0239,ON_LINE,Line:S1102,,,
Station:S1102|0239,OPERATED_BY,Operator:서울교통공사,,,
Station:S1102|0239,LOCATED_IN,Region:서울특별시,,,
Station:S1102|0239,IN_METRO_AREA,MetroArea:수도권,,,
Station:S1102|0240,ON_LINE,Line:S1102,,,
Station:S1102|0240,OPERATED_BY,Operator:서울교통공사,,,
Station:S1102|0240,LOCATED_IN,Region:서울특별시,,,
Station:S1102|0240,IN_METRO_AREA,MetroArea:수도권,,,
Station:S1102|0241,ON_LINE,Line:S1102,,,
Station:S1102|0241,OPERATED_BY,Operator:서울교통공사,,,
Station:S1102|0241,LOCATED_IN,Region:서울특별시,,,
Station:S1102|0241,IN_METRO_AREA,MetroArea:수도권,,,
Station:S1102|0242,ON_LINE,Line:S1102,,,
Station:S1102|0242,OPERATED_BY,Operator:서울교통공사,,,
Station:S1102|0242,LOCATED_IN,Region:서울특별시,,,
Station:S1102|0242,IN_METRO_AREA,MetroArea:수도권,,,
Station:S1102|0243,ON_LINE,Line:S1102,,,
Station:S1102|0243,OPERATED_BY,Operator:서울교통공사,,,
Station:S1102|0243,LOCATED_IN,Region:서울특별시,,,
Station:S1102|0243,IN_METRO_AREA,MetroArea:수도권,,,
Station:I1103|0319,ON_LINE,Line:I1103,,,
Station:I1103|0319,OPERATED_BY,Operator:서울교통공사,,,
Station:I1103|0319,LOCATED_IN,Region:경기도,,,
Station:I1103|0319,IN_METRO_AREA,MetroArea:수도권,,,
Station:I1103|0320,ON_LINE,Line:I1103,,,
Station:I1103|0320,OPERATED_BY,Operator:서울교통공사,,,
Station:I1103|0320,LOCATED_IN,Region:서울특별시,,,
Station:I1103|0320,IN_METRO_AREA,MetroArea:수도권,,,
Station:I1103|0321,ON_LINE,Line:I1103,,,
Station:I1103|0321,OPERATED_BY,Operator:서울교통공사,,,
Station:I1103|0321,LOCATED_IN,Region:서울특별시,,,
Station:I1103|0321,IN_METRO_AREA,MetroArea:수도권,,,
Station:I1103|0322,ON_LINE,Line:I1103,,,
Station:I1103|0322,OPERATED_BY,Operator:서울교통공사,,,
Station:I1103|0322,LOCATED_IN,Region:서울특별시,,,
Station:I1103|0322,IN_METRO_AREA,MetroArea:수도권,,,
Station:I1103|0323,ON_LINE,Line:I1103,,,
Station:I1103|0323,OPERATED_BY,Operator:서울교통공사,,,
Station:I1103|0323,LOCATED_IN,Region:서울특별시,,,
Station:I1103|0323,IN_METRO_AREA,MetroArea:수도권,,,
Station:I1103|0324,ON_LINE,Line:I1103,,,
Station:I1103|0324,OPERATED_BY,Operator:서울교통공사,,,
Station:I1103|0324,LOCATED_IN,Region:서울특별시,,,
Station:I1103|0324,IN_METRO_AREA,MetroArea:수도권,,,
Station:I1103|0325,ON_LINE,Line:I1103,,,
Station:I1103|0325,OPERATED_BY,Operator:서울교통공사,,,
Station:I1103|0325,LOCATED_IN,Region:서울특별시,,,
Station:I1103|0325,IN_METRO_AREA,MetroArea:수도권,,,
Station:I1103|0326,ON_LINE,Line:I1103,,,
Station:I1103|0326,OPERATED_BY,Operator:서울교통공사,,,
Station:I1103|0326,LOCATED_IN,Region:서울특별시,,,
Station:I1103|0326,IN_METRO_AREA,MetroArea:수도권,,,
Station:I1103|0327,ON_LINE,Line:I1103,,,
Station:I1103|0327,OPERATED_BY,Operator:서울교통공사,,,
Station:I1103|0327,LOCATED_IN,Region:서울특별시,,,
Station:I1103|0327,IN_METRO_AREA,MetroArea:수도권,,,
Station:I1103|0328,ON_LINE,Line:I1103,,,
Station:I1103|0328,OPERATED_BY,Operator:서울교통공사,,,
Station:I1103|0328,LOCATED_IN,Region:서울특별시,,,
Station:I1103|0328,IN_METRO_AREA,MetroArea:수도권,,,
Station:I1103|0329,ON_LINE,Line:I1103,,,
Station:I1103|0329,OPERATED_BY,Operator:서울교통공사,,,
Station:I1103|0329,LOCATED_IN,Region:서울특별시,,,
Station:I1103|0329,IN_METRO_AREA,MetroArea:수도권,,,
Station:I1103|0330,ON_LINE,Line:I1103,,,
Station:I1103|0330,OPERATED_BY,Operator:서울교통공사,,,
Station:I1103|0330,LOCATED_IN,Region:서울특별시,,,
Station:I1103|0330,IN_METRO_AREA,MetroArea:수도권,,,
Station:I1103|0331,ON_LINE,Line:I1103,,,
Station:I1103|0331,OPERATED_BY,Operator:서울교통공사,,,
Station:I1103|0331,LOCATED_IN,Region:서울특별시,,,
Station:I1103|0331,IN_METRO_AREA,MetroArea:수도권,,,
Station:I1103|0332,ON_LINE,Line:I1103,,,
Station:I1103|0332,OPERATED_BY,Operator:서울교통공사,,,
Station:I1103|0332,LOCATED_IN,Region:서울특별시,,,
Station:I1103|0332,IN_METRO_AREA,MetroArea:수도권,,,
Station:I1103|0333,ON_LINE,Line:I1103,,,
Station:I1103|0333,OPERATED_BY,Operator:서울교통공사,,,
Station:I1103|0333,LOCATED_IN,Region:서울특별시,,,
Station:I1103|0333,IN_METRO_AREA,MetroArea:수도권,,,
Station:I1103|0334,ON_LINE,Line:I1103,,,
Station:I1103|0334,OPERATED_BY,Operator:서울교통공사,,,
Station:I1103|0334,LOCATED_IN,Region:서울특별시,,,
Station:I1103|0334,IN_METRO_AREA,MetroArea:수도권,,,
Station:I1103|0335,ON_LINE,Line:I1103,,,
Station:I1103|0335,OPERATED_BY,Operator:서울교통공사,,,
Station:I1103|0335,LOCATED_IN,Region:서울특별시,,,
Station:I1103|0335,IN_METRO_AREA,MetroArea:수도권,,,
Station:I1103|0336,ON_LINE,Line:I1103,,,
Station:I1103|0336,OPERATED_BY,Operator:서울교통공사,,,
Station:I1103|0336,LOCATED_IN,Region:서울특별시,,,
Station:I1103|0336,IN_METRO_AREA,MetroArea:수도권,,,
Station:I1103|0337,ON_LINE,Line:I1103,,,
Station:I1103|0337,OPERATED_BY,Operator:서울교통공사,,,
Station:I1103|0337,LOCATED_IN,Region:서울특별시,,,
Station:I1103|0337,IN_METRO_AREA,MetroArea:수도권,,,
Station:I1103|0338,ON_LINE,Line:I1103,,,
Station:I1103|0338,OPERATED_BY,Operator:서울교통공사,,,
Station:I1103|0338,LOCATED_IN,Region:서울특별시,,,
Station:I1103|0338,IN_METRO_AREA,MetroArea:수도권,,,
Station:I1103|0339,ON_LINE,Line:I1103,,,
Station:I1103|0339,OPERATED_BY,Operator:서울교통공사,,,
Station:I1103|0339,LOCATED_IN,Region:서울특별시,,,
Station:I1103|0339,IN_METRO_AREA,MetroArea:수도권,,,
Station:I1103|0340,ON_LINE,Line:I1103,,,
Station:I1103|0340,OPERATED_BY,Operator:서울교통공사,,,
Station:I1103|0340,LOCATED_IN,Region:서울특별시,,,
Station:I1103|0340,IN_METRO_AREA,MetroArea:수도권,,,
Station:I1103|0341,ON_LINE,Line:I1103,,,
Station:I1103|0341,OPERATED_BY,Operator:서울교통공사,,,
Station:I1103|0341,LOCATED_IN,Region:서울특별시,,,
Station:I1103|0341,IN_METRO_AREA,MetroArea:수도권,,,
Station:I1103|0342,ON_LINE,Line:I1103,,,
Station:I1103|0342,OPERATED_BY,Operator:서울교통공사,,,
Station:I1103|0342,LOCATED_IN,Region:서울특별시,,,
Station:I1103|0342,IN_METRO_AREA,MetroArea:수도권,,,
Station:I1103|0343,ON_LINE,Line:I1103,,,
Station:I1103|0343,OPERATED_BY,Operator:서울교통공사,,,
Station:I1103|0343,LOCATED_IN,Region:서울특별시,,,
Station:I1103|0343,IN_METRO_AREA,MetroArea:수도권,,,
Station:I1103|0344,ON_LINE,Line:I1103,,,
Station:I1103|0344,OPERATED_BY,Operator:서울교통공사,,,
Station:I1103|0344,LOCATED_IN,Region:서울특별시,,,
Station:I1103|0344,IN_METRO_AREA,MetroArea:수도권,,,
Station:I1103|0345,ON_LINE,Line:I1103,,,
Station:I1103|0345,OPERATED_BY,Operator:서울교통공사,,,
Station:I1103|0345,LOCATED_IN,Region:서울특별시,,,
Station:I1103|0345,IN_METRO_AREA,MetroArea:수도권,,,
Station:I1103|0346,ON_LINE,Line:I1103,,,
Station:I1103|0346,OPERATED_BY,Operator:서울교통공사,,,
Station:I1103|0346,LOCATED_IN,Region:서울특별시,,,
Station:I1103|0346,IN_METRO_AREA,MetroArea:수도권,,,
Station:I1103|0347,ON_LINE,Line:I1103,,,
Station:I1103|0347,OPERATED_BY,Operator:서울교통공사,,,
Station:I1103|0347,LOCATED_IN,Region:서울특별시,,,
Station:I1103|0347,IN_METRO_AREA,MetroArea:수도권,,,
Station:I1103|0348,ON_LINE,Line:I1103,,,
Station:I1103|0348,OPERATED_BY,Operator:서울교통공사,,,
Station:I1103|0348,LOCATED_IN,Region:서울특별시,,,
Station:I1103|0348,IN_METRO_AREA,MetroArea:수도권,,,
Station:I1103|0349,ON_LINE,Line:I1103,,,
Station:I1103|0349,OPERATED_BY,Operator:서울교통공사,,,
Station:I1103|0349,LOCATED_IN,Region:서울특별시,,,
Station:I1103|0349,IN_METRO_AREA,MetroArea:수도권,,,
Station:I1103|0350,ON_LINE,Line:I1103,,,
Station:I1103|0350,OPERATED_BY,Operator:서울교통공사,,,
Station:I1103|0350,LOCATED_IN,Region:서울특별시,,,
Station:I1103|0350,IN_METRO_AREA,MetroArea:수도권,,,
Station:I1103|0351,ON_LINE,Line:I1103,,,
Station:I1103|0351,OPERATED_BY,Operator:서울교통공사,,,
Station:I1103|0351,LOCATED_IN,Region:서울특별시,,,
Station:I1103|0351,IN_METRO_AREA,MetroArea:수도권,,,
Station:I1103|0352,ON_LINE,Line:I1103,,,
Station:I1103|0352,OPERATED_BY,Operator:서울교통공사,,,
Station:I1103|0352,LOCATED_IN,Region:서울특별시,,,
Station:I1103|0352,IN_METRO_AREA,MetroArea:수도권,,,
Station:I1104|0409,ON_LINE,Line:I1104,,,
Station:I1104|0409,OPERATED_BY,Operator:서울교통공사,,,
Station:I1104|0409,LOCATED_IN,Region:서울특별시,,,
Station:I1104|0409,IN_METRO_AREA,MetroArea:수도권,,,
Station:I1104|0410,ON_LINE,Line:I1104,,,
Station:I1104|0410,OPERATED_BY,Operator:서울교통공사,,,
Station:I1104|0410,LOCATED_IN,Region:서울특별시,,,
Station:I1104|0410,IN_METRO_AREA,MetroArea:수도권,,,
Station:I1104|0411,ON_LINE,Line:I1104,,,
Station:I1104|0411,OPERATED_BY,Operator:서울교통공사,,,
Station:I1104|0411,LOCATED_IN,Region:서울특별시,,,
Station:I1104|0411,IN_METRO_AREA,MetroArea:수도권,,,
Station:I1104|0412,ON_LINE,Line:I1104,,,
Station:I1104|0412,OPERATED_BY,Operator:서울교통공사,,,
Station:I1104|0412,LOCATED_IN,Region:서울특별시,,,
Station:I1104|0412,IN_METRO_AREA,MetroArea:수도권,,,
Station:I1104|0413,ON_LINE,Line:I1104,,,
Station:I1104|0413,OPERATED_BY,Operator:서울교통공사,,,
Station:I1104|0413,LOCATED_IN,Region:서울특별시,,,
Station:I1104|0413,IN_METRO_AREA,MetroArea:수도권,,,
Station:I1104|0414,ON_LINE,Line:I1104,,,
Station:I1104|0414,OPERATED_BY,Operator:서울교통공사,,,
Station:I1104|0414,LOCATED_IN,Region:서울특별시,,,
Station:I1104|0414,IN_METRO_AREA,MetroArea:수도권,,,
Station:I1104|0415,ON_LINE,Line:I1104,,,
Station:I1104|0415,OPERATED_BY,Operator:서울교통공사,,,
Station:I1104|0415,LOCATED_IN,Region:서울특별시,,,
Station:I1104|0415,IN_METRO_AREA,MetroArea:수도권,,,
Station:I1104|0416,ON_LINE,Line:I1104,,,
Station:I1104|0416,OPERATED_BY,Operator:서울교통공사,,,
Station:I1104|0416,LOCATED_IN,Region:서울특별시,,,
Station:I1104|0416,IN_METRO_AREA,MetroArea:수도권,,,
Station:I1104|0417,ON_LINE,Line:I1104,,,
Station:I1104|0417,OPERATED_BY,Operator:서울교통공사,,,
Station:I1104|0417,LOCATED_IN,Region:서울특별시,,,
Station:I1104|0417,IN_METRO_AREA,MetroArea:수도권,,,
Station:I1104|0418,ON_LINE,Line:I1104,,,
Station:I1104|0418,OPERATED_BY,Operator:서울교통공사,,,
Station:I1104|0418,LOCATED_IN,Region:서울특별시,,,
Station:I1104|0418,IN_METRO_AREA,MetroArea:수도권,,,
Station:I1104|0419,ON_LINE,Line:I1104,,,
Station:I1104|0419,OPERATED_BY,Operator:서울교통공사,,,
Station:I1104|0419,LOCATED_IN,Region:서울특별시,,,
Station:I1104|0419,IN_METRO_AREA,MetroArea:수도권,,,
Station:I1104|0420,ON_LINE,Line:I1104,,,
Station:I1104|0420,OPERATED_BY,Operator:서울교통공사,,,
Station:I1104|0420,LOCATED_IN,Region:서울특별시,,,
Station:I1104|0420,IN_METRO_AREA,MetroArea:수도권,,,
Station:I1104|0421,ON_LINE,Line:I1104,,,
Station:I1104|0421,OPERATED_BY,Operator:서울교통공사,,,
Station:I1104|0421,LOCATED_IN,Region:서울특별시,,,
Station:I1104|0421,IN_METRO_AREA,MetroArea:수도권,,,
Station:I1104|0422,ON_LINE,Line:I1104,,,
Station:I1104|0422,OPERATED_BY,Operator:서울교통공사,,,
Station:I1104|0422,LOCATED_IN,Region:서울특별시,,,
Station:I1104|0422,IN_METRO_AREA,MetroArea:수도권,,,
Station:I1104|0423,ON_LINE,Line:I1104,,,
Station:I1104|0423,OPERATED_BY,Operator:서울교통공사,,,
Station:I1104|0423,LOCATED_IN,Region:서울특별시,,,
Station:I1104|0423,IN_METRO_AREA,MetroArea:수도권,,,
Station:I1104|0424,ON_LINE,Line:I1104,,,
Station:I1104|0424,OPERATED_BY,Operator:서울교통공사,,,
Station:I1104|0424,LOCATED_IN,Region:서울특별시,,,
Station:I1104|0424,IN_METRO_AREA,MetroArea:수도권,,,
Station:I1104|0425,ON_LINE,Line:I1104,,,
Station:I1104|0425,OPERATED_BY,Operator:서울교통공사,,,
Station:I1104|0425,LOCATED_IN,Region:서울특별시,,,
Station:I1104|0425,IN_METRO_AREA,MetroArea:수도권,,,
Station:I1104|0426,ON_LINE,Line:I1104,,,
Station:I1104|0426,OPERATED_BY,Operator:서울교통공사,,,
Station:I1104|0426,LOCATED_IN,Region:서울특별시,,,
Station:I1104|0426,IN_METRO_AREA,MetroArea:수도권,,,
Station:I1104|0427,ON_LINE,Line:I1104,,,
Station:I1104|0427,OPERATED_BY,Operator:서울교통공사,,,
Station:I1104|0427,LOCATED_IN,Region:서울특별시,,,
Station:I1104|0427,IN_METRO_AREA,MetroArea:수도권,,,
Station:I1104|0428,ON_LINE,Line:I1104,,,
Station:I1104|0428,OPERATED_BY,Operator:서울교통공사,,,
Station:I1104|0428,LOCATED_IN,Region:서울특별시,,,
Station:I1104|0428,IN_METRO_AREA,MetroArea:수도권,,,
Station:I1104|0429,ON_LINE,Line:I1104,,,
Station:I1104|0429,OPERATED_BY,Operator:서울교통공사,,,
Station:I1104|0429,LOCATED_IN,Region:서울특별시,,,
Station:I1104|0429,IN_METRO_AREA,MetroArea:수도권,,,
Station:I1104|0430,ON_LINE,Line:I1104,,,
Station:I1104|0430,OPERATED_BY,Operator:서울교통공사,,,
Station:I1104|0430,LOCATED_IN,Region:서울특별시,,,
Station:I1104|0430,IN_METRO_AREA,MetroArea:수도권,,,
Station:I1104|0431,ON_LINE,Line:I1104,,,
Station:I1104|0431,OPERATED_BY,Operator:서울교통공사,,,
Station:I1104|0431,LOCATED_IN,Region:서울특별시,,,
Station:I1104|0431,IN_METRO_AREA,MetroArea:수도권,,,
Station:I1104|0432,ON_LINE,Line:I1104,,,
Station:I1104|0432,OPERATED_BY,Operator:서울교통공사,,,
Station:I1104|0432,LOCATED_IN,Region:서울특별시,,,
Station:I1104|0432,IN_METRO_AREA,MetroArea:수도권,,,
Station:I1104|0433,ON_LINE,Line:I1104,,,
Station:I1104|0433,OPERATED_BY,Operator:서울교통공사,,,
Station:I1104|0433,LOCATED_IN,Region:서울특별시,,,
Station:I1104|0433,IN_METRO_AREA,MetroArea:수도권,,,
Station:I1104|0434,ON_LINE,Line:I1104,,,
Station:I1104|0434,OPERATED_BY,Operator:서울교통공사,,,
Station:I1104|0434,LOCATED_IN,Region:서울특별시,,,
Station:I1104|0434,IN_METRO_AREA,MetroArea:수도권,,,
Station:S1105|0510,ON_LINE,Line:S1105,,,
Station:S1105|0510,OPERATED_BY,Operator:서울교통공사,,,
Station:S1105|0510,LOCATED_IN,Region:서울특별시,,,
Station:S1105|0510,IN_METRO_AREA,MetroArea:수도권,,,
Station:S1105|0511,ON_LINE,Line:S1105,,,
Station:S1105|0511,OPERATED_BY,Operator:서울교통공사,,,
Station:S1105|0511,LOCATED_IN,Region:서울특별시,,,
Station:S1105|0511,IN_METRO_AREA,MetroArea:수도권,,,
Station:S1105|0512,ON_LINE,Line:S1105,,,
Station:S1105|0512,OPERATED_BY,Operator:서울교통공사,,,
Station:S1105|0512,LOCATED_IN,Region:서울특별시,,,
Station:S1105|0512,IN_METRO_AREA,MetroArea:수도권,,,
Station:S1105|0513,ON_LINE,Line:S1105,,,
Station:S1105|0513,OPERATED_BY,Operator:서울교통공사,,,
Station:S1105|0513,LOCATED_IN,Region:서울특별시,,,
Station:S1105|0513,IN_METRO_AREA,MetroArea:수도권,,,
Station:S1105|0514,ON_LINE,Line:S1105,,,
Station:S1105|0514,OPERATED_BY,Operator:서울교통공사,,,
Station:S1105|0514,LOCATED_IN,Region:서울특별시,,,
Station:S1105|0514,IN_METRO_AREA,MetroArea:수도권,,,
Station:S1105|0515,ON_LINE,Line:S1105,,,
Station:S1105|0515,OPERATED_BY,Operator:서울교통공사,,,
Station:S1105|0515,LOCATED_IN,Region:서울특별시,,,
Station:S1105|0515,IN_METRO_AREA,MetroArea:수도권,,,
Station:S1105|0516,ON_LINE,Line:S1105,,,
Station:S1105|0516,OPERATED_BY,Operator:서울교통공사,,,
Station:S1105|0516,LOCATED_IN,Region:서울특별시,,,
Station:S1105|0516,IN_METRO_AREA,MetroArea:수도권,,,
Station:S1105|0517,ON_LINE,Line:S1105,,,
Station:S1105|0517,OPERATED_BY,Operator:서울교통공사,,,
Station:S1105|0517,LOCATED_IN,Region:서울특별시,,,
Station:S1105|0517,IN_METRO_AREA,MetroArea:수도권,,,
Station:S1105|0518,ON_LINE,Line:S1105,,,
Station:S1105|0518,OPERATED_BY,Operator:서울교통공사,,,
Station:S1105|0518,LOCATED_IN,Region:서울특별시,,,
Station:S1105|0518,IN_METRO_AREA,MetroArea:수도권,,,
Station:S1105|0519,ON_LINE,Line:S1105,,,
Station:S1105|0519,OPERATED_BY,Operator:서울교통공사,,,
Station:S1105|0519,LOCATED_IN,Region:서울특별시,,,
Station:S1105|0519,IN_METRO_AREA,MetroArea:수도권,,,
Station:S1105|0520,ON_LINE,Line:S1105,,,
Station:S1105|0520,OPERATED_BY,Operator:서울교통공사,,,
Station:S1105|0520,LOCATED_IN,Region:서울특별시,,,
Station:S1105|0520,IN_METRO_AREA,MetroArea:수도권,,,
Station:S1105|0521,ON_LINE,Line:S1105,,,
Station:S1105|0521,OPERATED_BY,Operator:서울교통공사,,,
Station:S1105|0521,LOCATED_IN,Region:서울특별시,,,
Station:S1105|0521,IN_METRO_AREA,MetroArea:수도권,,,
Station:S1105|0522,ON_LINE,Line:S1105,,,
Station:S1105|0522,OPERATED_BY,Operator:서울교통공사,,,
Station:S1105|0522,LOCATED_IN,Region:서울특별시,,,
Station:S1105|0522,IN_METRO_AREA,MetroArea:수도권,,,
Station:S1105|0523,ON_LINE,Line:S1105,,,
Station:S1105|0523,OPERATED_BY,Operator:서울교통공사,,,
Station:S1105|0523,LOCATED_IN,Region:서울특별시,,,
Station:S1105|0523,IN_METRO_AREA,MetroArea:수도권,,,
Station:S1105|0524,ON_LINE,Line:S1105,,,
Station:S1105|0524,OPERATED_BY,Operator:서울교통공사,,,
Station:S1105|0524,LOCATED_IN,Region:서울특별시,,,
Station:S1105|0524,IN_METRO_AREA,MetroArea:수도권,,,
Station:S1105|0525,ON_LINE,Line:S1105,,,
Station:S1105|0525,OPERATED_BY,Operator:서울교통공사,,,
Station:S1105|0525,LOCATED_IN,Region:서울특별시,,,
Station:S1105|0525,IN_METRO_AREA,MetroArea:수도권,,,
Station:S1105|0526,ON_LINE,Line:S1105,,,
Station:S1105|0526,OPERATED_BY,Operator:서울교통공사,,,
Station:S1105|0526,LOCATED_IN,Region:서울특별시,,,
Station:S1105|0526,IN_METRO_AREA,MetroArea:수도권,,,
Station:S1105|0527,ON_LINE,Line:S1105,,,
Station:S1105|0527,OPERATED_BY,Operator:서울교통공사,,,
Station:S1105|0527,LOCATED_IN,Region:서울특별시,,,
Station:S1105|0527,IN_METRO_AREA,MetroArea:수도권,,,
Station:S1105|0528,ON_LINE,Line:S1105,,,
Station:S1105|0528,OPERATED_BY,Operator:서울교통공사,,,
Station:S1105|0528,LOCATED_IN,Region:서울특별시,,,
Station:S1105|0528,IN_METRO_AREA,MetroArea:수도권,,,
Station:S1105|0529,ON_LINE,Line:S1105,,,
Station:S1105|0529,OPERATED_BY,Operator:서울교통공사,,,
Station:S1105|0529,LOCATED_IN,Region:서울특별시,,,
Station:S1105|0529,IN_METRO_AREA,MetroArea:수도권,,,
Station:S1105|0530,ON_LINE,Line:S1105,,,
Station:S1105|0530,OPERATED_BY,Operator:서울교통공사,,,
Station:S1105|0530,LOCATED_IN,Region:서울특별시,,,
Station:S1105|0530,IN_METRO_AREA,MetroArea:수도권,,,
Station:S1105|0531,ON_LINE,Line:S1105,,,
Station:S1105|0531,OPERATED_BY,Operator:서울교통공사,,,
Station:S1105|0531,LOCATED_IN,Region:서울특별시,,,
Station:S1105|0531,IN_METRO_AREA,MetroArea:수도권,,,
Station:S1105|0532,ON_LINE,Line:S1105,,,
Station:S1105|0532,OPERATED_BY,Operator:서울교통공사,,,
Station:S1105|0532,LOCATED_IN,Region:서울특별시,,,
Station:S1105|0532,IN_METRO_AREA,MetroArea:수도권,,,
Station:S1105|0533,ON_LINE,Line:S1105,,,
Station:S1105|0533,OPERATED_BY,Operator:서울교통공사,,,
Station:S1105|0533,LOCATED_IN,Region:서울특별시,,,
Station:S1105|0533,IN_METRO_AREA,MetroArea:수도권,,,
Station:S1105|0534,ON_LINE,Line:S1105,,,
Station:S1105|0534,OPERATED_BY,Operator:서울교통공사,,,
Station:S1105|0534,LOCATED_IN,Region:서울특별시,,,
Station:S1105|0534,IN_METRO_AREA,MetroArea:수도권,,,
Station:S1105|0535,ON_LINE,Line:S1105,,,
Station:S1105|0535,OPERATED_BY,Operator:서울교통공사,,,
Station:S1105|0535,LOCATED_IN,Region:서울특별시,,,
Station:S1105|0535,IN_METRO_AREA,MetroArea:수도권,,,
Station:S1105|0536,ON_LINE,Line:S1105,,,
Station:S1105|0536,OPERATED_BY,Operator:서울교통공사,,,
Station:S1105|0536,LOCATED_IN,Region:서울특별시,,,
Station:S1105|0536,IN_METRO_AREA,MetroArea:수도권,,,
Station:S1105|0537,ON_LINE,Line:S1105,,,
Station:S1105|0537,OPERATED_BY,Operator:서울교통공사,,,
Station:S1105|0537,LOCATED_IN,Region:서울특별시,,,
Station:S1105|0537,IN_METRO_AREA,MetroArea:수도권,,,
Station:S1105|0538,ON_LINE,Line:S1105,,,
Station:S1105|0538,OPERATED_BY,Operator:서울교통공사,,,
Station:S1105|0538,LOCATED_IN,Region:서울특별시,,,
Station:S1105|0538,IN_METRO_AREA,MetroArea:수도권,,,
Station:S1105|0539,ON_LINE,Line:S1105,,,
Station:S1105|0539,OPERATED_BY,Operator:서울교통공사,,,
Station:S1105|0539,LOCATED_IN,Region:서울특별시,,,
Station:S1105|0539,IN_METRO_AREA,MetroArea:수도권,,,
Station:S1105|0540,ON_LINE,Line:S1105,,,
Station:S1105|0540,OPERATED_BY,Operator:서울교통공사,,,
Station:S1105|0540,LOCATED_IN,Region:서울특별시,,,
Station:S1105|0540,IN_METRO_AREA,MetroArea:수도권,,,
Station:S1105|0541,ON_LINE,Line:S1105,,,
Station:S1105|0541,OPERATED_BY,Operator:서울교통공사,,,
Station:S1105|0541,LOCATED_IN,Region:서울특별시,,,
Station:S1105|0541,IN_METRO_AREA,MetroArea:수도권,,,
Station:S1105|0542,ON_LINE,Line:S1105,,,
Station:S1105|0542,OPERATED_BY,Operator:서울교통공사,,,
Station:S1105|0542,LOCATED_IN,Region:서울특별시,,,
Station:S1105|0542,IN_METRO_AREA,MetroArea:수도권,,,
Station:S1105|0543,ON_LINE,Line:S1105,,,
Station:S1105|0543,OPERATED_BY,Operator:서울교통공사,,,
Station:S1105|0543,LOCATED_IN,Region:서울특별시,,,
Station:S1105|0543,IN_METRO_AREA,MetroArea:수도권,,,
Station:S1105|0544,ON_LINE,Line:S1105,,,
Station:S1105|0544,OPERATED_BY,Operator:서울교통공사,,,
Station:S1105|0544,LOCATED_IN,Region:서울특별시,,,
Station:S1105|0544,IN_METRO_AREA,MetroArea:수도권,,,
Station:S1105|0545,ON_LINE,Line:S1105,,,
Station:S1105|0545,OPERATED_BY,Operator:서울교통공사,,,
Station:S1105|0545,LOCATED_IN,Region:서울특별시,,,
Station:S1105|0545,IN_METRO_AREA,MetroArea:수도권,,,
Station:S1105|0546,ON_LINE,Line:S1105,,,
Station:S1105|0546,OPERATED_BY,Operator:서울교통공사,,,
Station:S1105|0546,LOCATED_IN,Region:서울특별시,,,
Station:S1105|0546,IN_METRO_AREA,MetroArea:수도권,,,
Station:S1105|0547,ON_LINE,Line:S1105,,,
Station:S1105|0547,OPERATED_BY,Operator:서울교통공사,,,
Station:S1105|0547,LOCATED_IN,Region:서울특별시,,,
Station:S1105|0547,IN_METRO_AREA,MetroArea:수도권,,,
Station:S1105|0548,ON_LINE,Line:S1105,,,
Station:S1105|0548,OPERATED_BY,Operator:서울교통공사,,,
Station:S1105|0548,LOCATED_IN,Region:서울특별시,,,
Station:S1105|0548,IN_METRO_AREA,MetroArea:수도권,,,
Station:S1105|0549,ON_LINE,Line:S1105,,,
Station:S1105|0549,OPERATED_BY,Operator:서울교통공사,,,
Station:S1105|0549,LOCATED_IN,Region:서울특별시,,,
Station:S1105|0549,IN_METRO_AREA,MetroArea:수도권,,,
Station:S1105|0550,ON_LINE,Line:S1105,,,
Station:S1105|0550,OPERATED_BY,Operator:서울교통공사,,,
Station:S1105|0550,LOCATED_IN,Region:서울특별시,,,
Station:S1105|0550,IN_METRO_AREA,MetroArea:수도권,,,
Station:S1105|0551,ON_LINE,Line:S1105,,,
Station:S1105|0551,OPERATED_BY,Operator:서울교통공사,,,
Station:S1105|0551,LOCATED_IN,Region:서울특별시,,,
Station:S1105|0551,IN_METRO_AREA,MetroArea:수도권,,,
Station:S1105|0552,ON_LINE,Line:S1105,,,
Station:S1105|0552,OPERATED_BY,Operator:서울교통공사,,,
Station:S1105|0552,LOCATED_IN,Region:서울특별시,,,
Station:S1105|0552,IN_METRO_AREA,MetroArea:수도권,,,
Station:S1105|0553,ON_LINE,Line:S1105,,,
Station:S1105|0553,OPERATED_BY,Operator:서울교통공사,,,
Station:S1105|0553,LOCATED_IN,Region:서울특별시,,,
Station:S1105|0553,IN_METRO_AREA,MetroArea:수도권,,,
Station:S1105|0554,ON_LINE,Line:S1105,,,
Station:S1105|0554,OPERATED_BY,Operator:서울교통공사,,,
Station:S1105|0554,LOCATED_IN,Region:서울특별시,,,
Station:S1105|0554,IN_METRO_AREA,MetroArea:수도권,,,
Station:S1105|0555,ON_LINE,Line:S1105,,,
Station:S1105|0555,OPERATED_BY,Operator:서울교통공사,,,
Station:S1105|0555,LOCATED_IN,Region:경기도,,,
Station:S1105|0555,IN_METRO_AREA,MetroArea:수도권,,,
Station:S1105|0556,ON_LINE,Line:S1105,,,
Station:S1105|0556,OPERATED_BY,Operator:서울교통공사,,,
Station:S1105|0556,LOCATED_IN,Region:경기도,,,
Station:S1105|0556,IN_METRO_AREA,MetroArea:수도권,,,
Station:S1105|0557,ON_LINE,Line:S1105,,,
Station:S1105|0557,OPERATED_BY,Operator:서울교통공사,,,
Station:S1105|0557,LOCATED_IN,Region:경기도,,,
Station:S1105|0557,IN_METRO_AREA,MetroArea:수도권,,,
Station:S1105|0558,ON_LINE,Line:S1105,,,
Station:S1105|0558,OPERATED_BY,Operator:서울교통공사,,,
Station:S1105|0558,LOCATED_IN,Region:경기도,,,
Station:S1105|0558,IN_METRO_AREA,MetroArea:수도권,,,
Station:S1106|0610,ON_LINE,Line:S1106,,,
Station:S1106|0610,OPERATED_BY,Operator:서울교통공사,,,
Station:S1106|0610,LOCATED_IN,Region:서울특별시,,,
Station:S1106|0610,IN_METRO_AREA,MetroArea:수도권,,,
Station:S1106|0611,ON_LINE,Line:S1106,,,
Station:S1106|0611,OPERATED_BY,Operator:서울교통공사,,,
Station:S1106|0611,LOCATED_IN,Region:서울특별시,,,
Station:S1106|0611,IN_METRO_AREA,MetroArea:수도권,,,
Station:S1106|0612,ON_LINE,Line:S1106,,,
Station:S1106|0612,OPERATED_BY,Operator:서울교통공사,,,
Station:S1106|0612,LOCATED_IN,Region:서울특별시,,,
Station:S1106|0612,IN_METRO_AREA,MetroArea:수도권,,,
Station:S1106|0613,ON_LINE,Line:S1106,,,
Station:S1106|0613,OPERATED_BY,Operator:서울교통공사,,,
Station:S1106|0613,LOCATED_IN,Region:서울특별시,,,
Station:S1106|0613,IN_METRO_AREA,MetroArea:수도권,,,
Station:S1106|0614,ON_LINE,Line:S1106,,,
Station:S1106|0614,OPERATED_BY,Operator:서울교통공사,,,
Station:S1106|0614,LOCATED_IN,Region:서울특별시,,,
Station:S1106|0614,IN_METRO_AREA,MetroArea:수도권,,,
Station:S1106|0615,ON_LINE,Line:S1106,,,
Station:S1106|0615,OPERATED_BY,Operator:서울교통공사,,,
Station:S1106|0615,LOCATED_IN,Region:서울특별시,,,
Station:S1106|0615,IN_METRO_AREA,MetroArea:수도권,,,
Station:S1106|0616,ON_LINE,Line:S1106,,,
Station:S1106|0616,OPERATED_BY,Operator:서울교통공사,,,
Station:S1106|0616,LOCATED_IN,Region:서울특별시,,,
Station:S1106|0616,IN_METRO_AREA,MetroArea:수도권,,,
Station:S1106|0617,ON_LINE,Line:S1106,,,
Station:S1106|0617,OPERATED_BY,Operator:서울교통공사,,,
Station:S1106|0617,LOCATED_IN,Region:서울특별시,,,
Station:S1106|0617,IN_METRO_AREA,MetroArea:수도권,,,
Station:S1106|0618,ON_LINE,Line:S1106,,,
Station:S1106|0618,OPERATED_BY,Operator:서울교통공사,,,
Station:S1106|0618,LOCATED_IN,Region:서울특별시,,,
Station:S1106|0618,IN_METRO_AREA,MetroArea:수도권,,,
Station:S1106|0619,ON_LINE,Line:S1106,,,
Station:S1106|0619,OPERATED_BY,Operator:서울교통공사,,,
Station:S1106|0619,LOCATED_IN,Region:서울특별시,,,
Station:S1106|0619,IN_METRO_AREA,MetroArea:수도권,,,
Station:S1106|0620,ON_LINE,Line:S1106,,,
Station:S1106|0620,OPERATED_BY,Operator:서울교통공사,,,
Station:S1106|0620,LOCATED_IN,Region:서울특별시,,,
Station:S1106|0620,IN_METRO_AREA,MetroArea:수도권,,,
Station:S1106|0621,ON_LINE,Line:S1106,,,
Station:S1106|0621,OPERATED_BY,Operator:서울교통공사,,,
Station:S1106|0621,LOCATED_IN,Region:서울특별시,,,
Station:S1106|0621,IN_METRO_AREA,MetroArea:수도권,,,
Station:S1106|0622,ON_LINE,Line:S1106,,,
Station:S1106|0622,OPERATED_BY,Operator:서울교통공사,,,
Station:S1106|0622,LOCATED_IN,Region:서울특별시,,,
Station:S1106|0622,IN_METRO_AREA,MetroArea:수도권,,,
Station:S1106|0623,ON_LINE,Line:S1106,,,
Station:S1106|0623,OPERATED_BY,Operator:서울교통공사,,,
Station:S1106|0623,LOCATED_IN,Region:서울특별시,,,
Station:S1106|0623,IN_METRO_AREA,MetroArea:수도권,,,
Station:S1106|0624,ON_LINE,Line:S1106,,,
Station:S1106|0624,OPERATED_BY,Operator:서울교통공사,,,
Station:S1106|0624,LOCATED_IN,Region:서울특별시,,,
Station:S1106|0624,IN_METRO_AREA,MetroArea:수도권,,,
Station:S1106|0625,ON_LINE,Line:S1106,,,
Station:S1106|0625,OPERATED_BY,Operator:서울교통공사,,,
Station:S1106|0625,LOCATED_IN,Region:서울특별시,,,
Station:S1106|0625,IN_METRO_AREA,MetroArea:수도권,,,
Station:S1106|0626,ON_LINE,Line:S1106,,,
Station:S1106|0626,OPERATED_BY,Operator:서울교통공사,,,
Station:S1106|0626,LOCATED_IN,Region:서울특별시,,,
Station:S1106|0626,IN_METRO_AREA,MetroArea:수도권,,,
Station:S1106|0627,ON_LINE,Line:S1106,,,
Station:S1106|0627,OPERATED_BY,Operator:서울교통공사,,,
Station:S1106|0627,LOCATED_IN,Region:서울특별시,,,
Station:S1106|0627,IN_METRO_AREA,MetroArea:수도권,,,
Station:S1106|0628,ON_LINE,Line:S1106,,,
Station:S1106|0628,OPERATED_BY,Operator:서울교통공사,,,
Station:S1106|0628,LOCATED_IN,Region:서울특별시,,,
Station:S1106|0628,IN_METRO_AREA,MetroArea:수도권,,,
Station:S1106|0629,ON_LINE,Line:S1106,,,
Station:S1106|0629,OPERATED_BY,Operator:서울교통공사,,,
Station:S1106|0629,LOCATED_IN,Region:서울특별시,,,
Station:S1106|0629,IN_METRO_AREA,MetroArea:수도권,,,
Station:S1106|0630,ON_LINE,Line:S1106,,,
Station:S1106|0630,OPERATED_BY,Operator:서울교통공사,,,
Station:S1106|0630,LOCATED_IN,Region:서울특별시,,,
Station:S1106|0630,IN_METRO_AREA,MetroArea:수도권,,,
Station:S1106|0631,ON_LINE,Line:S1106,,,
Station:S1106|0631,OPERATED_BY,Operator:서울교통공사,,,
Station:S1106|0631,LOCATED_IN,Region:서울특별시,,,
Station:S1106|0631,IN_METRO_AREA,MetroArea:수도권,,,
Station:S1106|0632,ON_LINE,Line:S1106,,,
Station:S1106|0632,OPERATED_BY,Operator:서울교통공사,,,
Station:S1106|0632,LOCATED_IN,Region:서울특별시,,,
Station:S1106|0632,IN_METRO_AREA,MetroArea:수도권,,,
Station:S1106|0633,ON_LINE,Line:S1106,,,
Station:S1106|0633,OPERATED_BY,Operator:서울교통공사,,,
Station:S1106|0633,LOCATED_IN,Region:서울특별시,,,
Station:S1106|0633,IN_METRO_AREA,MetroArea:수도권,,,
Station:S1106|0634,ON_LINE,Line:S1106,,,
Station:S1106|0634,OPERATED_BY,Operator:서울교통공사,,,
Station:S1106|0634,LOCATED_IN,Region:서울특별시,,,
Station:S1106|0634,IN_METRO_AREA,MetroArea:수도권,,,
Station:S1106|0635,ON_LINE,Line:S1106,,,
Station:S1106|0635,OPERATED_BY,Operator:서울교통공사,,,
Station:S1106|0635,LOCATED_IN,Region:서울특별시,,,
Station:S1106|0635,IN_METRO_AREA,MetroArea:수도권,,,
Station:S1106|0636,ON_LINE,Line:S1106,,,
Station:S1106|0636,OPERATED_BY,Operator:서울교통공사,,,
Station:S1106|0636,LOCATED_IN,Region:서울특별시,,,
Station:S1106|0636,IN_METRO_AREA,MetroArea:수도권,,,
Station:S1106|0637,ON_LINE,Line:S1106,,,
Station:S1106|0637,OPERATED_BY,Operator:서울교통공사,,,
Station:S1106|0637,LOCATED_IN,Region:서울특별시,,,
Station:S1106|0637,IN_METRO_AREA,MetroArea:수도권,,,
Station:S1106|0638,ON_LINE,Line:S1106,,,
Station:S1106|0638,OPERATED_BY,Operator:서울교통공사,,,
Station:S1106|0638,LOCATED_IN,Region:서울특별시,,,
Station:S1106|0638,IN_METRO_AREA,MetroArea:수도권,,,
Station:S1106|0639,ON_LINE,Line:S1106,,,
Station:S1106|0639,OPERATED_BY,Operator:서울교통공사,,,
Station:S1106|0639,LOCATED_IN,Region:서울특별시,,,
Station:S1106|0639,IN_METRO_AREA,MetroArea:수도권,,,
Station:S1106|0640,ON_LINE,Line:S1106,,,
Station:S1106|0640,OPERATED_BY,Operator:서울교통공사,,,
Station:S1106|0640,LOCATED_IN,Region:서울특별시,,,
Station:S1106|0640,IN_METRO_AREA,MetroArea:수도권,,,
Station:S1106|0641,ON_LINE,Line:S1106,,,
Station:S1106|0641,OPERATED_BY,Operator:서울교통공사,,,
Station:S1106|0641,LOCATED_IN,Region:서울특별시,,,
Station:S1106|0641,IN_METRO_AREA,MetroArea:수도권,,,
Station:S1106|0642,ON_LINE,Line:S1106,,,
Station:S1106|0642,OPERATED_BY,Operator:서울교통공사,,,
Station:S1106|0642,LOCATED_IN,Region:서울특별시,,,
Station:S1106|0642,IN_METRO_AREA,MetroArea:수도권,,,
Station:S1106|0643,ON_LINE,Line:S1106,,,
Station:S1106|0643,OPERATED_BY,Operator:서울교통공사,,,
Station:S1106|0643,LOCATED_IN,Region:서울특별시,,,
Station:S1106|0643,IN_METRO_AREA,MetroArea:수도권,,,
Station:S1106|0644,ON_LINE,Line:S1106,,,
Station:S1106|0644,OPERATED_BY,Operator:서울교통공사,,,
Station:S1106|0644,LOCATED_IN,Region:서울특별시,,,
Station:S1106|0644,IN_METRO_AREA,MetroArea:수도권,,,
Station:S1106|0645,ON_LINE,Line:S1106,,,
Station:S1106|0645,OPERATED_BY,Operator:서울교통공사,,,
Station:S1106|0645,LOCATED_IN,Region:서울특별시,,,
Station:S1106|0645,IN_METRO_AREA,MetroArea:수도권,,,
Station:S1106|0646,ON_LINE,Line:S1106,,,
Station:S1106|0646,OPERATED_BY,Operator:서울교통공사,,,
Station:S1106|0646,LOCATED_IN,Region:서울특별시,,,
Station:S1106|0646,IN_METRO_AREA,MetroArea:수도권,,,
Station:S1106|0647,ON_LINE,Line:S1106,,,
Station:S1106|0647,OPERATED_BY,Operator:서울교통공사,,,
Station:S1106|0647,LOCATED_IN,Region:서울특별시,,,
Station:S1106|0647,IN_METRO_AREA,MetroArea:수도권,,,
Station:S1106|0648,ON_LINE,Line:S1106,,,
Station:S1106|0648,OPERATED_BY,Operator:서울교통공사,,,
Station:S1106|0648,LOCATED_IN,Region:서울특별시,,,
Station:S1106|0648,IN_METRO_AREA,MetroArea:수도권,,,
Station:S1107|0709,ON_LINE,Line:S1107,,,
Station:S1107|0709,OPERATED_BY,Operator:서울교통공사,,,
Station:S1107|0709,LOCATED_IN,Region:경기도,,,
Station:S1107|0709,IN_METRO_AREA,MetroArea:수도권,,,
Station:S1107|0710,ON_LINE,Line:S1107,,,
Station:S1107|0710,OPERATED_BY,Operator:서울교통공사,,,
Station:S1107|0710,LOCATED_IN,Region:서울특별시,,,
Station:S1107|0710,IN_METRO_AREA,MetroArea:수도권,,,
Station:S1107|0711,ON_LINE,Line:S1107,,,
Station:S1107|0711,OPERATED_BY,Operator:서울교통공사,,,
Station:S1107|0711,LOCATED_IN,Region:서울특별시,,,
Station:S1107|0711,IN_METRO_AREA,MetroArea:수도권,,,
Station:S1107|0712,ON_LINE,Line:S1107,,,
Station:S1107|0712,OPERATED_BY,Operator:서울교통공사,,,
Station:S1107|0712,LOCATED_IN,Region:서울특별시,,,
Station:S1107|0712,IN_METRO_AREA,MetroArea:수도권,,,
Station:S1107|0713,ON_LINE,Line:S1107,,,
Station:S1107|0713,OPERATED_BY,Operator:서울교통공사,,,
Station:S1107|0713,LOCATED_IN,Region:서울특별시,,,
Station:S1107|0713,IN_METRO_AREA,MetroArea:수도권,,,
Station:S1107|0714,ON_LINE,Line:S1107,,,
Station:S1107|0714,OPERATED_BY,Operator:서울교통공사,,,
Station:S1107|0714,LOCATED_IN,Region:서울특별시,,,
Station:S1107|0714,IN_METRO_AREA,MetroArea:수도권,,,
Station:S1107|0715,ON_LINE,Line:S1107,,,
Station:S1107|0715,OPERATED_BY,Operator:서울교통공사,,,
Station:S1107|0715,LOCATED_IN,Region:서울특별시,,,
Station:S1107|0715,IN_METRO_AREA,MetroArea:수도권,,,
Station:S1107|0716,ON_LINE,Line:S1107,,,
Station:S1107|0716,OPERATED_BY,Operator:서울교통공사,,,
Station:S1107|0716,LOCATED_IN,Region:서울특별시,,,
Station:S1107|0716,IN_METRO_AREA,MetroArea:수도권,,,
Station:S1107|0717,ON_LINE,Line:S1107,,,
Station:S1107|0717,OPERATED_BY,Operator:서울교통공사,,,
Station:S1107|0717,LOCATED_IN,Region:서울특별시,,,
Station:S1107|0717,IN_METRO_AREA,MetroArea:수도권,,,
Station:S1107|0718,ON_LINE,Line:S1107,,,
Station:S1107|0718,OPERATED_BY,Operator:서울교통공사,,,
Station:S1107|0718,LOCATED_IN,Region:서울특별시,,,
Station:S1107|0718,IN_METRO_AREA,MetroArea:수도권,,,
Station:S1107|0719,ON_LINE,Line:S1107,,,
Station:S1107|0719,OPERATED_BY,Operator:서울교통공사,,,
Station:S1107|0719,LOCATED_IN,Region:서울특별시,,,
Station:S1107|0719,IN_METRO_AREA,MetroArea:수도권,,,
Station:S1107|0720,ON_LINE,Line:S1107,,,
Station:S1107|0720,OPERATED_BY,Operator:서울교통공사,,,
Station:S1107|0720,LOCATED_IN,Region:서울특별시,,,
Station:S1107|0720,IN_METRO_AREA,MetroArea:수도권,,,
Station:S1107|0721,ON_LINE,Line:S1107,,,
Station:S1107|0721,OPERATED_BY,Operator:서울교통공사,,,
Station:S1107|0721,LOCATED_IN,Region:서울특별시,,,
Station:S1107|0721,IN_METRO_AREA,MetroArea:수도권,,,
Station:S1107|0722,ON_LINE,Line:S1107,,,
Station:S1107|0722,OPERATED_BY,Operator:서울교통공사,,,
Station:S1107|0722,LOCATED_IN,Region:서울특별시,,,
Station:S1107|0722,IN_METRO_AREA,MetroArea:수도권,,,
Station:S1107|0723,ON_LINE,Line:S1107,,,
Station:S1107|0723,OPERATED_BY,Operator:서울교통공사,,,
Station:S1107|0723,LOCATED_IN,Region:서울특별시,,,
Station:S1107|0723,IN_METRO_AREA,MetroArea:수도권,,,
Station:S1107|0724,ON_LINE,Line:S1107,,,
Station:S1107|0724,OPERATED_BY,Operator:서울교통공사,,,
Station:S1107|0724,LOCATED_IN,Region:서울특별시,,,
Station:S1107|0724,IN_METRO_AREA,MetroArea:수도권,,,
Station:S1107|0725,ON_LINE,Line:S1107,,,
Station:S1107|0725,OPERATED_BY,Operator:서울교통공사,,,
Station:S1107|0725,LOCATED_IN,Region:서울특별시,,,
Station:S1107|0725,IN_METRO_AREA,MetroArea:수도권,,,
Station:S1107|0726,ON_LINE,Line:S1107,,,
Station:S1107|0726,OPERATED_BY,Operator:서울교통공사,,,
Station:S1107|0726,LOCATED_IN,Region:서울특별시,,,
Station:S1107|0726,IN_METRO_AREA,MetroArea:수도권,,,
Station:S1107|0727,ON_LINE,Line:S1107,,,
Station:S1107|0727,OPERATED_BY,Operator:서울교통공사,,,
Station:S1107|0727,LOCATED_IN,Region:서울특별시,,,
Station:S1107|0727,IN_METRO_AREA,MetroArea:수도권,,,
Station:S1107|0728,ON_LINE,Line:S1107,,,
Station:S1107|0728,OPERATED_BY,Operator:서울교통공사,,,
Station:S1107|0728,LOCATED_IN,Region:서울특별시,,,
Station:S1107|0728,IN_METRO_AREA,MetroArea:수도권,,,
Station:S1107|0729,ON_LINE,Line:S1107,,,
Station:S1107|0729,OPERATED_BY,Operator:서울교통공사,,,
Station:S1107|0729,LOCATED_IN,Region:서울특별시,,,
Station:S1107|0729,IN_METRO_AREA,MetroArea:수도권,,,
Station:S1107|0730,ON_LINE,Line:S1107,,,
Station:S1107|0730,OPERATED_BY,Operator:서울교통공사,,,
Station:S1107|0730,LOCATED_IN,Region:서울특별시,,,
Station:S1107|0730,IN_METRO_AREA,MetroArea:수도권,,,
Station:S1107|0731,ON_LINE,Line:S1107,,,
Station:S1107|0731,OPERATED_BY,Operator:서울교통공사,,,
Station:S1107|0731,LOCATED_IN,Region:서울특별시,,,
Station:S1107|0731,IN_METRO_AREA,MetroArea:수도권,,,
Station:S1107|0732,ON_LINE,Line:S1107,,,
Station:S1107|0732,OPERATED_BY,Operator:서울교통공사,,,
Station:S1107|0732,LOCATED_IN,Region:서울특별시,,,
Station:S1107|0732,IN_METRO_AREA,MetroArea:수도권,,,
Station:S1107|0733,ON_LINE,Line:S1107,,,
Station:S1107|0733,OPERATED_BY,Operator:서울교통공사,,,
Station:S1107|0733,LOCATED_IN,Region:서울특별시,,,
Station:S1107|0733,IN_METRO_AREA,MetroArea:수도권,,,
Station:S1107|0734,ON_LINE,Line:S1107,,,
Station:S1107|0734,OPERATED_BY,Operator:서울교통공사,,,
Station:S1107|0734,LOCATED_IN,Region:서울특별시,,,
Station:S1107|0734,IN_METRO_AREA,MetroArea:수도권,,,
Station:S1107|0735,ON_LINE,Line:S1107,,,
Station:S1107|0735,OPERATED_BY,Operator:서울교통공사,,,
Station:S1107|0735,LOCATED_IN,Region:서울특별시,,,
Station:S1107|0735,IN_METRO_AREA,MetroArea:수도권,,,
Station:S1107|0736,ON_LINE,Line:S1107,,,
Station:S1107|0736,OPERATED_BY,Operator:서울교통공사,,,
Station:S1107|0736,LOCATED_IN,Region:서울특별시,,,
Station:S1107|0736,IN_METRO_AREA,MetroArea:수도권,,,
Station:S1107|0737,ON_LINE,Line:S1107,,,
Station:S1107|0737,OPERATED_BY,Operator:서울교통공사,,,
Station:S1107|0737,LOCATED_IN,Region:서울특별시,,,
Station:S1107|0737,IN_METRO_AREA,MetroArea:수도권,,,
Station:S1107|0738,ON_LINE,Line:S1107,,,
Station:S1107|0738,OPERATED_BY,Operator:서울교통공사,,,
Station:S1107|0738,LOCATED_IN,Region:서울특별시,,,
Station:S1107|0738,IN_METRO_AREA,MetroArea:수도권,,,
Station:S1107|0739,ON_LINE,Line:S1107,,,
Station:S1107|0739,OPERATED_BY,Operator:서울교통공사,,,
Station:S1107|0739,LOCATED_IN,Region:서울특별시,,,
Station:S1107|0739,IN_METRO_AREA,MetroArea:수도권,,,
Station:S1107|0740,ON_LINE,Line:S1107,,,
Station:S1107|0740,OPERATED_BY,Operator:서울교통공사,,,
Station:S1107|0740,LOCATED_IN,Region:서울특별시,,,
Station:S1107|0740,IN_METRO_AREA,MetroArea:수도권,,,
Station:S1107|0741,ON_LINE,Line:S1107,,,
Station:S1107|0741,OPERATED_BY,Operator:서울교통공사,,,
Station:S1107|0741,LOCATED_IN,Region:서울특별시,,,
Station:S1107|0741,IN_METRO_AREA,MetroArea:수도권,,,
Station:S1107|0742,ON_LINE,Line:S1107,,,
Station:S1107|0742,OPERATED_BY,Operator:서울교통공사,,,
Station:S1107|0742,LOCATED_IN,Region:서울특별시,,,
Station:S1107|0742,IN_METRO_AREA,MetroArea:수도권,,,
Station:S1107|0743,ON_LINE,Line:S1107,,,
Station:S1107|0743,OPERATED_BY,Operator:서울교통공사,,,
Station:S1107|0743,LOCATED_IN,Region:서울특별시,,,
Station:S1107|0743,IN_METRO_AREA,MetroArea:수도권,,,
Station:S1107|0744,ON_LINE,Line:S1107,,,
Station:S1107|0744,OPERATED_BY,Operator:서울교통공사,,,
Station:S1107|0744,LOCATED_IN,Region:서울특별시,,,
Station:S1107|0744,IN_METRO_AREA,MetroArea:수도권,,,
Station:S1107|0745,ON_LINE,Line:S1107,,,
Station:S1107|0745,OPERATED_BY,Operator:서울교통공사,,,
Station:S1107|0745,LOCATED_IN,Region:서울특별시,,,
Station:S1107|0745,IN_METRO_AREA,MetroArea:수도권,,,
Station:S1107|0746,ON_LINE,Line:S1107,,,
Station:S1107|0746,OPERATED_BY,Operator:서울교통공사,,,
Station:S1107|0746,LOCATED_IN,Region:서울특별시,,,
Station:S1107|0746,IN_METRO_AREA,MetroArea:수도권,,,
Station:S1107|0747,ON_LINE,Line:S1107,,,
Station:S1107|0747,OPERATED_BY,Operator:서울교통공사,,,
Station:S1107|0747,LOCATED_IN,Region:경기도,,,
Station:S1107|0747,IN_METRO_AREA,MetroArea:수도권,,,
Station:S1107|0748,ON_LINE,Line:S1107,,,
Station:S1107|0748,OPERATED_BY,Operator:서울교통공사,,,
Station:S1107|0748,LOCATED_IN,Region:경기도,,,
Station:S1107|0748,IN_METRO_AREA,MetroArea:수도권,,,
Station:S1107|0749,ON_LINE,Line:S1107,,,
Station:S1107|0749,OPERATED_BY,Operator:서울교통공사,,,
Station:S1107|0749,LOCATED_IN,Region:서울특별시,,,
Station:S1107|0749,IN_METRO_AREA,MetroArea:수도권,,,
Station:S1107|0750,ON_LINE,Line:S1107,,,
Station:S1107|0750,OPERATED_BY,Operator:서울교통공사,,,
Station:S1107|0750,LOCATED_IN,Region:서울특별시,,,
Station:S1107|0750,IN_METRO_AREA,MetroArea:수도권,,,
Station:S1108|0809,ON_LINE,Line:S1108,,,
Station:S1108|0809,OPERATED_BY,Operator:서울교통공사,,,
Station:S1108|0809,LOCATED_IN,Region:서울특별시,,,
Station:S1108|0809,IN_METRO_AREA,MetroArea:수도권,,,
Station:S1108|0810,ON_LINE,Line:S1108,,,
Station:S1108|0810,OPERATED_BY,Operator:서울교통공사,,,
Station:S1108|0810,LOCATED_IN,Region:서울특별시,,,
Station:S1108|0810,IN_METRO_AREA,MetroArea:수도권,,,
Station:S1108|0811,ON_LINE,Line:S1108,,,
Station:S1108|0811,OPERATED_BY,Operator:서울교통공사,,,
Station:S1108|0811,LOCATED_IN,Region:서울특별시,,,
Station:S1108|0811,IN_METRO_AREA,MetroArea:수도권,,,
Station:S1108|0812,ON_LINE,Line:S1108,,,
Station:S1108|0812,OPERATED_BY,Operator:서울교통공사,,,
Station:S1108|0812,LOCATED_IN,Region:서울특별시,,,
Station:S1108|0812,IN_METRO_AREA,MetroArea:수도권,,,
Station:S1108|0813,ON_LINE,Line:S1108,,,
Station:S1108|0813,OPERATED_BY,Operator:서울교통공사,,,
Station:S1108|0813,LOCATED_IN,Region:서울특별시,,,
Station:S1108|0813,IN_METRO_AREA,MetroArea:수도권,,,
Station:S1108|0814,ON_LINE,Line:S1108,,,
Station:S1108|0814,OPERATED_BY,Operator:서울교통공사,,,
Station:S1108|0814,LOCATED_IN,Region:서울특별시,,,
Station:S1108|0814,IN_METRO_AREA,MetroArea:수도권,,,
Station:S1108|0815,ON_LINE,Line:S1108,,,
Station:S1108|0815,OPERATED_BY,Operator:서울교통공사,,,
Station:S1108|0815,LOCATED_IN,Region:서울특별시,,,
Station:S1108|0815,IN_METRO_AREA,MetroArea:수도권,,,
Station:S1108|0816,ON_LINE,Line:S1108,,,
Station:S1108|0816,OPERATED_BY,Operator:서울교통공사,,,
Station:S1108|0816,LOCATED_IN,Region:서울특별시,,,
Station:S1108|0816,IN_METRO_AREA,MetroArea:수도권,,,
Station:S1108|0817,ON_LINE,Line:S1108,,,
Station:S1108|0817,OPERATED_BY,Operator:서울교통공사,,,
Station:S1108|0817,LOCATED_IN,Region:서울특별시,,,
Station:S1108|0817,IN_METRO_AREA,MetroArea:수도권,,,
Station:S1108|0818,ON_LINE,Line:S1108,,,
Station:S1108|0818,OPERATED_BY,Operator:서울교통공사,,,
Station:S1108|0818,LOCATED_IN,Region:서울특별시,,,
Station:S1108|0818,IN_METRO_AREA,MetroArea:수도권,,,
Station:S1108|0819,ON_LINE,Line:S1108,,,
Station:S1108|0819,OPERATED_BY,Operator:서울교통공사,,,
Station:S1108|0819,LOCATED_IN,Region:서울특별시,,,
Station:S1108|0819,IN_METRO_AREA,MetroArea:수도권,,,
Station:S1108|0820,ON_LINE,Line:S1108,,,
Station:S1108|0820,OPERATED_BY,Operator:서울교통공사,,,
Station:S1108|0820,LOCATED_IN,Region:서울특별시,,,
Station:S1108|0820,IN_METRO_AREA,MetroArea:수도권,,,
Station:S1108|0821,ON_LINE,Line:S1108,,,
Station:S1108|0821,OPERATED_BY,Operator:서울교통공사,,,
Station:S1108|0821,LOCATED_IN,Region:경기도,,,
Station:S1108|0821,IN_METRO_AREA,MetroArea:수도권,,,
Station:S1108|0822,ON_LINE,Line:S1108,,,
Station:S1108|0822,OPERATED_BY,Operator:서울교통공사,,,
Station:S1108|0822,LOCATED_IN,Region:경기도,,,
Station:S1108|0822,IN_METRO_AREA,MetroArea:수도권,,,
Station:S1108|0823,ON_LINE,Line:S1108,,,
Station:S1108|0823,OPERATED_BY,Operator:서울교통공사,,,
Station:S1108|0823,LOCATED_IN,Region:경기도,,,
Station:S1108|0823,IN_METRO_AREA,MetroArea:수도권,,,
Station:S1108|0824,ON_LINE,Line:S1108,,,
Station:S1108|0824,OPERATED_BY,Operator:서울교통공사,,,
Station:S1108|0824,LOCATED_IN,Region:경기도,,,
Station:S1108|0824,IN_METRO_AREA,MetroArea:수도권,,,
Station:S1108|0825,ON_LINE,Line:S1108,,,
Station:S1108|0825,OPERATED_BY,Operator:서울교통공사,,,
Station:S1108|0825,LOCATED_IN,Region:경기도,,,
Station:S1108|0825,IN_METRO_AREA,MetroArea:수도권,,,
Station:S1108|0826,ON_LINE,Line:S1108,,,
Station:S1108|0826,OPERATED_BY,Operator:서울교통공사,,,
Station:S1108|0826,LOCATED_IN,Region:경기도,,,
Station:S1108|0826,IN_METRO_AREA,MetroArea:수도권,,,
Station:S1108|0827,ON_LINE,Line:S1108,,,
Station:S1108|0827,OPERATED_BY,Operator:서울교통공사,,,
Station:S1108|0827,LOCATED_IN,Region:경기도,,,
Station:S1108|0827,IN_METRO_AREA,MetroArea:수도권,,,
Station:S1121|2111,ON_LINE,Line:S1121,,,
Station:S1121|2111,OPERATED_BY,Operator:서울교통공사,,,
Station:S1121|2111,LOCATED_IN,Region:서울특별시,,,
Station:S1121|2111,IN_METRO_AREA,MetroArea:수도권,,,
Station:S1121|2112,ON_LINE,Line:S1121,,,
Station:S1121|2112,OPERATED_BY,Operator:서울교통공사,,,
Station:S1121|2112,LOCATED_IN,Region:서울특별시,,,
Station:S1121|2112,IN_METRO_AREA,MetroArea:수도권,,,
Station:S1121|2113,ON_LINE,Line:S1121,,,
Station:S1121|2113,OPERATED_BY,Operator:서울교통공사,,,
Station:S1121|2113,LOCATED_IN,Region:서울특별시,,,
Station:S1121|2113,IN_METRO_AREA,MetroArea:수도권,,,
Station:S1121|2114,ON_LINE,Line:S1121,,,
Station:S1121|2114,OPERATED_BY,Operator:서울교통공사,,,
Station:S1121|2114,LOCATED_IN,Region:서울특별시,,,
Station:S1121|2114,IN_METRO_AREA,MetroArea:수도권,,,
Station:S1122|2341,ON_LINE,Line:S1122,,,
Station:S1122|2341,OPERATED_BY,Operator:서울교통공사,,,
Station:S1122|2341,LOCATED_IN,Region:서울특별시,,,
Station:S1122|2341,IN_METRO_AREA,MetroArea:수도권,,,
Station:S1122|2342,ON_LINE,Line:S1122,,,
Station:S1122|2342,OPERATED_BY,Operator:서울교통공사,,,
Station:S1122|2342,LOCATED_IN,Region:서울특별시,,,
Station:S1122|2342,IN_METRO_AREA,MetroArea:수도권,,,
Station:S1122|2343,ON_LINE,Line:S1122,,,
Station:S1122|2343,OPERATED_BY,Operator:서울교통공사,,,
Station:S1122|2343,LOCATED_IN,Region:서울특별시,,,
Station:S1122|2343,IN_METRO_AREA,MetroArea:수도권,,,
Station:S1105|P549,ON_LINE,Line:S1105,,,
Station:S1105|P549,OPERATED_BY,Operator:서울교통공사,,,
Station:S1105|P549,LOCATED_IN,Region:서울특별시,,,
Station:S1105|P549,IN_METRO_AREA,MetroArea:수도권,,,
Station:S1105|P550,ON_LINE,Line:S1105,,,
Station:S1105|P550,OPERATED_BY,Operator:서울교통공사,,,
Station:S1105|P550,LOCATED_IN,Region:서울특별시,,,
Station:S1105|P550,IN_METRO_AREA,MetroArea:수도권,,,
Station:S1105|P551,ON_LINE,Line:S1105,,,
Station:S1105|P551,OPERATED_BY,Operator:서울교통공사,,,
Station:S1105|P551,LOCATED_IN,Region:서울특별시,,,
Station:S1105|P551,IN_METRO_AREA,MetroArea:수도권,,,
Station:S1105|P552,ON_LINE,Line:S1105,,,
Station:S1105|P552,OPERATED_BY,Operator:서울교통공사,,,
Station:S1105|P552,LOCATED_IN,Region:서울특별시,,,
Station:S1105|P552,IN_METRO_AREA,MetroArea:수도권,,,
Station:S1105|P553,ON_LINE,Line:S1105,,,
Station:S1105|P553,OPERATED_BY,Operator:서울교통공사,,,
Station:S1105|P553,LOCATED_IN,Region:서울특별시,,,
Station:S1105|P553,IN_METRO_AREA,MetroArea:수도권,,,
Station:S1105|P554,ON_LINE,Line:S1105,,,
Station:S1105|P554,OPERATED_BY,Operator:서울교통공사,,,
Station:S1105|P554,LOCATED_IN,Region:서울특별시,,,
Station:S1105|P554,IN_METRO_AREA,MetroArea:수도권,,,
Station:S1105|P555,ON_LINE,Line:S1105,,,
Station:S1105|P555,OPERATED_BY,Operator:서울교통공사,,,
Station:S1105|P555,LOCATED_IN,Region:서울특별시,,,
Station:S1105|P555,IN_METRO_AREA,MetroArea:수도권,,,
Station:S1109|4126,ON_LINE,Line:S1109,,,
Station:S1109|4126,OPERATED_BY,Operator:서울시메트로9호선,,,
Station:S1109|4126,LOCATED_IN,Region:서울특별시,,,
Station:S1109|4126,IN_METRO_AREA,MetroArea:수도권,,,
Station:S1109|4127,ON_LINE,Line:S1109,,,
Station:S1109|4127,OPERATED_BY,Operator:서울시메트로9호선,,,
Station:S1109|4127,LOCATED_IN,Region:서울특별시,,,
Station:S1109|4127,IN_METRO_AREA,MetroArea:수도권,,,
Station:S1109|4128,ON_LINE,Line:S1109,,,
Station:S1109|4128,OPERATED_BY,Operator:서울시메트로9호선,,,
Station:S1109|4128,LOCATED_IN,Region:서울특별시,,,
Station:S1109|4128,IN_METRO_AREA,MetroArea:수도권,,,
Station:S1109|4129,ON_LINE,Line:S1109,,,
Station:S1109|4129,OPERATED_BY,Operator:서울시메트로9호선,,,
Station:S1109|4129,LOCATED_IN,Region:서울특별시,,,
Station:S1109|4129,IN_METRO_AREA,MetroArea:수도권,,,
Station:S1109|4130,ON_LINE,Line:S1109,,,
Station:S1109|4130,OPERATED_BY,Operator:서울시메트로9호선,,,
Station:S1109|4130,LOCATED_IN,Region:서울특별시,,,
Station:S1109|4130,IN_METRO_AREA,MetroArea:수도권,,,
Station:S1109|4131,ON_LINE,Line:S1109,,,
Station:S1109|4131,OPERATED_BY,Operator:서울시메트로9호선,,,
Station:S1109|4131,LOCATED_IN,Region:서울특별시,,,
Station:S1109|4131,IN_METRO_AREA,MetroArea:수도권,,,
Station:S1109|4132,ON_LINE,Line:S1109,,,
Station:S1109|4132,OPERATED_BY,Operator:서울시메트로9호선,,,
Station:S1109|4132,LOCATED_IN,Region:서울특별시,,,
Station:S1109|4132,IN_METRO_AREA,MetroArea:수도권,,,
Station:S1109|4133,ON_LINE,Line:S1109,,,
Station:S1109|4133,OPERATED_BY,Operator:서울시메트로9호선,,,
Station:S1109|4133,LOCATED_IN,Region:서울특별시,,,
Station:S1109|4133,IN_METRO_AREA,MetroArea:수도권,,,
Station:S1109|4134,ON_LINE,Line:S1109,,,
Station:S1109|4134,OPERATED_BY,Operator:서울시메트로9호선,,,
Station:S1109|4134,LOCATED_IN,Region:서울특별시,,,
Station:S1109|4134,IN_METRO_AREA,MetroArea:수도권,,,
Station:S1109|4135,ON_LINE,Line:S1109,,,
Station:S1109|4135,OPERATED_BY,Operator:서울시메트로9호선,,,
Station:S1109|4135,LOCATED_IN,Region:서울특별시,,,
Station:S1109|4135,IN_METRO_AREA,MetroArea:수도권,,,
Station:S1109|4136,ON_LINE,Line:S1109,,,
Station:S1109|4136,OPERATED_BY,Operator:서울시메트로9호선,,,
Station:S1109|4136,LOCATED_IN,Region:서울특별시,,,
Station:S1109|4136,IN_METRO_AREA,MetroArea:수도권,,,
Station:S1109|4137,ON_LINE,Line:S1109,,,
Station:S1109|4137,OPERATED_BY,Operator:서울시메트로9호선,,,
Station:S1109|4137,LOCATED_IN,Region:서울특별시,,,
Station:S1109|4137,IN_METRO_AREA,MetroArea:수도권,,,
Station:S1109|4138,ON_LINE,Line:S1109,,,
Station:S1109|4138,OPERATED_BY,Operator:서울시메트로9호선,,,
Station:S1109|4138,LOCATED_IN,Region:서울특별시,,,
Station:S1109|4138,IN_METRO_AREA,MetroArea:수도권,,,
Station:S1109|4101,ON_LINE,Line:S1109,,,
Station:S1109|4101,OPERATED_BY,Operator:서울특별시_서울시메트로9호선,,,
Station:S1109|4101,LOCATED_IN,Region:서울특별시,,,
Station:S1109|4101,IN_METRO_AREA,MetroArea:수도권,,,
Station:S1109|4102,ON_LINE,Line:S1109,,,
Station:S1109|4102,OPERATED_BY,Operator:서울특별시_서울시메트로9호선,,,
Station:S1109|4102,LOCATED_IN,Region:서울특별시,,,
Station:S1109|4102,IN_METRO_AREA,MetroArea:수도권,,,
Station:S1109|4103,ON_LINE,Line:S1109,,,
Station:S1109|4103,OPERATED_BY,Operator:서울특별시_서울시메트로9호선,,,
Station:S1109|4103,LOCATED_IN,Region:서울특별시,,,
Station:S1109|4103,IN_METRO_AREA,MetroArea:수도권,,,
Station:S1109|4104,ON_LINE,Line:S1109,,,
Station:S1109|4104,OPERATED_BY,Operator:서울특별시_서울시메트로9호선,,,
Station:S1109|4104,LOCATED_IN,Region:서울특별시,,,
Station:S1109|4104,IN_METRO_AREA,MetroArea:수도권,,,
Station:S1109|4105,ON_LINE,Line:S1109,,,
Station:S1109|4105,OPERATED_BY,Operator:서울특별시_서울시메트로9호선,,,
Station:S1109|4105,LOCATED_IN,Region:서울특별시,,,
Station:S1109|4105,IN_METRO_AREA,MetroArea:수도권,,,
Station:S1109|4106,ON_LINE,Line:S1109,,,
Station:S1109|4106,OPERATED_BY,Operator:서울특별시_서울시메트로9호선,,,
Station:S1109|4106,LOCATED_IN,Region:서울특별시,,,
Station:S1109|4106,IN_METRO_AREA,MetroArea:수도권,,,
Station:S1109|4107,ON_LINE,Line:S1109,,,
Station:S1109|4107,OPERATED_BY,Operator:서울특별시_서울시메트로9호선,,,
Station:S1109|4107,LOCATED_IN,Region:서울특별시,,,
Station:S1109|4107,IN_METRO_AREA,MetroArea:수도권,,,
Station:S1109|4108,ON_LINE,Line:S1109,,,
Station:S1109|4108,OPERATED_BY,Operator:서울특별시_서울시메트로9호선,,,
Station:S1109|4108,LOCATED_IN,Region:서울특별시,,,
Station:S1109|4108,IN_METRO_AREA,MetroArea:수도권,,,
Station:S1109|4109,ON_LINE,Line:S1109,,,
Station:S1109|4109,OPERATED_BY,Operator:서울특별시_서울시메트로9호선,,,
Station:S1109|4109,LOCATED_IN,Region:서울특별시,,,
Station:S1109|4109,IN_METRO_AREA,MetroArea:수도권,,,
Station:S1109|4110,ON_LINE,Line:S1109,,,
Station:S1109|4110,OPERATED_BY,Operator:서울특별시_서울시메트로9호선,,,
Station:S1109|4110,LOCATED_IN,Region:서울특별시,,,
Station:S1109|4110,IN_METRO_AREA,MetroArea:수도권,,,
Station:S1109|4111,ON_LINE,Line:S1109,,,
Station:S1109|4111,OPERATED_BY,Operator:서울특별시_서울시메트로9호선,,,
Station:S1109|4111,LOCATED_IN,Region:서울특별시,,,
Station:S1109|4111,IN_METRO_AREA,MetroArea:수도권,,,
Station:S1109|4112,ON_LINE,Line:S1109,,,
Station:S1109|4112,OPERATED_BY,Operator:서울특별시_서울시메트로9호선,,,
Station:S1109|4112,LOCATED_IN,Region:서울특별시,,,
Station:S1109|4112,IN_METRO_AREA,MetroArea:수도권,,,
Station:S1109|4113,ON_LINE,Line:S1109,,,
Station:S1109|4113,OPERATED_BY,Operator:서울특별시_서울시메트로9호선,,,
Station:S1109|4113,LOCATED_IN,Region:서울특별시,,,
Station:S1109|4113,IN_METRO_AREA,MetroArea:수도권,,,
Station:S1109|4114,ON_LINE,Line:S1109,,,
Station:S1109|4114,OPERATED_BY,Operator:서울특별시_서울시메트로9호선,,,
Station:S1109|4114,LOCATED_IN,Region:서울특별시,,,
Station:S1109|4114,IN_METRO_AREA,MetroArea:수도권,,,
Station:S1109|4115,ON_LINE,Line:S1109,,,
Station:S1109|4115,OPERATED_BY,Operator:서울특별시_서울시메트로9호선,,,
Station:S1109|4115,LOCATED_IN,Region:서울특별시,,,
Station:S1109|4115,IN_METRO_AREA,MetroArea:수도권,,,
Station:S1109|4116,ON_LINE,Line:S1109,,,
Station:S1109|4116,OPERATED_BY,Operator:서울특별시_서울시메트로9호선,,,
Station:S1109|4116,LOCATED_IN,Region:서울특별시,,,
Station:S1109|4116,IN_METRO_AREA,MetroArea:수도권,,,
Station:S1109|4117,ON_LINE,Line:S1109,,,
Station:S1109|4117,OPERATED_BY,Operator:서울특별시_서울시메트로9호선,,,
Station:S1109|4117,LOCATED_IN,Region:서울특별시,,,
Station:S1109|4117,IN_METRO_AREA,MetroArea:수도권,,,
Station:S1109|4118,ON_LINE,Line:S1109,,,
Station:S1109|4118,OPERATED_BY,Operator:서울특별시_서울시메트로9호선,,,
Station:S1109|4118,LOCATED_IN,Region:서울특별시,,,
Station:S1109|4118,IN_METRO_AREA,MetroArea:수도권,,,
Station:S1109|4119,ON_LINE,Line:S1109,,,
Station:S1109|4119,OPERATED_BY,Operator:서울특별시_서울시메트로9호선,,,
Station:S1109|4119,LOCATED_IN,Region:서울특별시,,,
Station:S1109|4119,IN_METRO_AREA,MetroArea:수도권,,,
Station:S1109|4120,ON_LINE,Line:S1109,,,
Station:S1109|4120,OPERATED_BY,Operator:서울특별시_서울시메트로9호선,,,
Station:S1109|4120,LOCATED_IN,Region:서울특별시,,,
Station:S1109|4120,IN_METRO_AREA,MetroArea:수도권,,,
Station:S1109|4121,ON_LINE,Line:S1109,,,
Station:S1109|4121,OPERATED_BY,Operator:서울특별시_서울시메트로9호선,,,
Station:S1109|4121,LOCATED_IN,Region:서울특별시,,,
Station:S1109|4121,IN_METRO_AREA,MetroArea:수도권,,,
Station:S1109|4122,ON_LINE,Line:S1109,,,
Station:S1109|4122,OPERATED_BY,Operator:서울특별시_서울시메트로9호선,,,
Station:S1109|4122,LOCATED_IN,Region:서울특별시,,,
Station:S1109|4122,IN_METRO_AREA,MetroArea:수도권,,,
Station:S1109|4123,ON_LINE,Line:S1109,,,
Station:S1109|4123,OPERATED_BY,Operator:서울특별시_서울시메트로9호선,,,
Station:S1109|4123,LOCATED_IN,Region:서울특별시,,,
Station:S1109|4123,IN_METRO_AREA,MetroArea:수도권,,,
Station:S1109|4124,ON_LINE,Line:S1109,,,
Station:S1109|4124,OPERATED_BY,Operator:서울특별시_서울시메트로9호선,,,
Station:S1109|4124,LOCATED_IN,Region:서울특별시,,,
Station:S1109|4124,IN_METRO_AREA,MetroArea:수도권,,,
Station:S1109|4125,ON_LINE,Line:S1109,,,
Station:S1109|4125,OPERATED_BY,Operator:서울특별시_서울시메트로9호선,,,
Station:S1109|4125,LOCATED_IN,Region:서울특별시,,,
Station:S1109|4125,IN_METRO_AREA,MetroArea:수도권,,,
Station:L11UI|S110,ON_LINE,Line:L11UI,,,
Station:L11UI|S110,OPERATED_BY,Operator:우이신설경전철운영,,,
Station:L11UI|S110,LOCATED_IN,Region:서울특별시,,,
Station:L11UI|S110,IN_METRO_AREA,MetroArea:수도권,,,
Station:L11UI|S111,ON_LINE,Line:L11UI,,,
Station:L11UI|S111,OPERATED_BY,Operator:우이신설경전철운영,,,
Station:L11UI|S111,LOCATED_IN,Region:서울특별시,,,
Station:L11UI|S111,IN_METRO_AREA,MetroArea:수도권,,,
Station:L11UI|S112,ON_LINE,Line:L11UI,,,
Station:L11UI|S112,OPERATED_BY,Operator:우이신설경전철운영,,,
Station:L11UI|S112,LOCATED_IN,Region:서울특별시,,,
Station:L11UI|S112,IN_METRO_AREA,MetroArea:수도권,,,
Station:L11UI|S113,ON_LINE,Line:L11UI,,,
Station:L11UI|S113,OPERATED_BY,Operator:우이신설경전철운영,,,
Station:L11UI|S113,LOCATED_IN,Region:서울특별시,,,
Station:L11UI|S113,IN_METRO_AREA,MetroArea:수도권,,,
Station:L11UI|S114,ON_LINE,Line:L11UI,,,
Station:L11UI|S114,OPERATED_BY,Operator:우이신설경전철운영,,,
Station:L11UI|S114,LOCATED_IN,Region:서울특별시,,,
Station:L11UI|S114,IN_METRO_AREA,MetroArea:수도권,,,
Station:L11UI|S115,ON_LINE,Line:L11UI,,,
Station:L11UI|S115,OPERATED_BY,Operator:우이신설경전철운영,,,
Station:L11UI|S115,LOCATED_IN,Region:서울특별시,,,
Station:L11UI|S115,IN_METRO_AREA,MetroArea:수도권,,,
Station:L11UI|S116,ON_LINE,Line:L11UI,,,
Station:L11UI|S116,OPERATED_BY,Operator:우이신설경전철운영,,,
Station:L11UI|S116,LOCATED_IN,Region:서울특별시,,,
Station:L11UI|S116,IN_METRO_AREA,MetroArea:수도권,,,
Station:L11UI|S117,ON_LINE,Line:L11UI,,,
Station:L11UI|S117,OPERATED_BY,Operator:우이신설경전철운영,,,
Station:L11UI|S117,LOCATED_IN,Region:서울특별시,,,
Station:L11UI|S117,IN_METRO_AREA,MetroArea:수도권,,,
Station:L11UI|S118,ON_LINE,Line:L11UI,,,
Station:L11UI|S118,OPERATED_BY,Operator:우이신설경전철운영,,,
Station:L11UI|S118,LOCATED_IN,Region:서울특별시,,,
Station:L11UI|S118,IN_METRO_AREA,MetroArea:수도권,,,
Station:L11UI|S119,ON_LINE,Line:L11UI,,,
Station:L11UI|S119,OPERATED_BY,Operator:우이신설경전철운영,,,
Station:L11UI|S119,LOCATED_IN,Region:서울특별시,,,
Station:L11UI|S119,IN_METRO_AREA,MetroArea:수도권,,,
Station:L11UI|S120,ON_LINE,Line:L11UI,,,
Station:L11UI|S120,OPERATED_BY,Operator:우이신설경전철운영,,,
Station:L11UI|S120,LOCATED_IN,Region:서울특별시,,,
Station:L11UI|S120,IN_METRO_AREA,MetroArea:수도권,,,
Station:L11UI|S121,ON_LINE,Line:L11UI,,,
Station:L11UI|S121,OPERATED_BY,Operator:우이신설경전철운영,,,
Station:L11UI|S121,LOCATED_IN,Region:서울특별시,,,
Station:L11UI|S121,IN_METRO_AREA,MetroArea:수도권,,,
Station:L11UI|S122,ON_LINE,Line:L11UI,,,
Station:L11UI|S122,OPERATED_BY,Operator:우이신설경전철운영,,,
Station:L11UI|S122,LOCATED_IN,Region:서울특별시,,,
Station:L11UI|S122,IN_METRO_AREA,MetroArea:수도권,,,
Station:L41U1|U110,ON_LINE,Line:L41U1,,,
Station:L41U1|U110,OPERATED_BY,Operator:의정부경량전철,,,
Station:L41U1|U110,LOCATED_IN,Region:경기도,,,
Station:L41U1|U110,IN_METRO_AREA,MetroArea:수도권,,,
Station:L41U1|U111,ON_LINE,Line:L41U1,,,
Station:L41U1|U111,OPERATED_BY,Operator:의정부경량전철,,,
Station:L41U1|U111,LOCATED_IN,Region:경기도,,,
Station:L41U1|U111,IN_METRO_AREA,MetroArea:수도권,,,
Station:L41U1|U112,ON_LINE,Line:L41U1,,,
Station:L41U1|U112,OPERATED_BY,Operator:의정부경량전철,,,
Station:L41U1|U112,LOCATED_IN,Region:경기도,,,
Station:L41U1|U112,IN_METRO_AREA,MetroArea:수도권,,,
Station:L41U1|U113,ON_LINE,Line:L41U1,,,
Station:L41U1|U113,OPERATED_BY,Operator:의정부경량전철,,,
Station:L41U1|U113,LOCATED_IN,Region:경기도,,,
Station:L41U1|U113,IN_METRO_AREA,MetroArea:수도권,,,
Station:L41U1|U114,ON_LINE,Line:L41U1,,,
Station:L41U1|U114,OPERATED_BY,Operator:의정부경량전철,,,
Station:L41U1|U114,LOCATED_IN,Region:경기도,,,
Station:L41U1|U114,IN_METRO_AREA,MetroArea:수도권,,,
Station:L41U1|U115,ON_LINE,Line:L41U1,,,
Station:L41U1|U115,OPERATED_BY,Operator:의정부경량전철,,,
Station:L41U1|U115,LOCATED_IN,Region:경기도,,,
Station:L41U1|U115,IN_METRO_AREA,MetroArea:수도권,,,
Station:L41U1|U117,ON_LINE,Line:L41U1,,,
Station:L41U1|U117,OPERATED_BY,Operator:의정부경량전철,,,
Station:L41U1|U117,LOCATED_IN,Region:경기도,,,
Station:L41U1|U117,IN_METRO_AREA,MetroArea:수도권,,,
Station:L41U1|U118,ON_LINE,Line:L41U1,,,
Station:L41U1|U118,OPERATED_BY,Operator:의정부경량전철,,,
Station:L41U1|U118,LOCATED_IN,Region:경기도,,,
Station:L41U1|U118,IN_METRO_AREA,MetroArea:수도권,,,
Station:L41U1|U119,ON_LINE,Line:L41U1,,,
Station:L41U1|U119,OPERATED_BY,Operator:의정부경량전철,,,
Station:L41U1|U119,LOCATED_IN,Region:경기도,,,
Station:L41U1|U119,IN_METRO_AREA,MetroArea:수도권,,,
Station:L41U1|U120,ON_LINE,Line:L41U1,,,
Station:L41U1|U120,OPERATED_BY,Operator:의정부경량전철,,,
Station:L41U1|U120,LOCATED_IN,Region:경기도,,,
Station:L41U1|U120,IN_METRO_AREA,MetroArea:수도권,,,
Station:L41U1|U121,ON_LINE,Line:L41U1,,,
Station:L41U1|U121,OPERATED_BY,Operator:의정부경량전철,,,
Station:L41U1|U121,LOCATED_IN,Region:경기도,,,
Station:L41U1|U121,IN_METRO_AREA,MetroArea:수도권,,,
Station:L41U1|U122,ON_LINE,Line:L41U1,,,
Station:L41U1|U122,OPERATED_BY,Operator:의정부경량전철,,,
Station:L41U1|U122,LOCATED_IN,Region:경기도,,,
Station:L41U1|U122,IN_METRO_AREA,MetroArea:수도권,,,
Station:L41U1|U123,ON_LINE,Line:L41U1,,,
Station:L41U1|U123,OPERATED_BY,Operator:의정부경량전철,,,
Station:L41U1|U123,LOCATED_IN,Region:경기도,,,
Station:L41U1|U123,IN_METRO_AREA,MetroArea:수도권,,,
Station:L41U1|U124,ON_LINE,Line:L41U1,,,
Station:L41U1|U124,OPERATED_BY,Operator:의정부경량전철,,,
Station:L41U1|U124,LOCATED_IN,Region:경기도,,,
Station:L41U1|U124,IN_METRO_AREA,MetroArea:수도권,,,
Station:L41U1|U125,ON_LINE,Line:L41U1,,,
Station:L41U1|U125,OPERATED_BY,Operator:의정부경량전철,,,
Station:L41U1|U125,LOCATED_IN,Region:경기도,,,
Station:L41U1|U125,IN_METRO_AREA,MetroArea:수도권,,,
Station:S28M1|101,ON_LINE,Line:S28M1,,,
Station:S28M1|101,OPERATED_BY,Operator:인천광역시_인천국제공항공사,,,
Station:S28M1|101,LOCATED_IN,Region:인천광역시,,,
Station:S28M1|101,IN_METRO_AREA,MetroArea:수도권,,,
Station:S28M1|102,ON_LINE,Line:S28M1,,,
Station:S28M1|102,OPERATED_BY,Operator:인천광역시_인천국제공항공사,,,
Station:S28M1|102,LOCATED_IN,Region:인천광역시,,,
Station:S28M1|102,IN_METRO_AREA,MetroArea:수도권,,,
Station:S28M1|103,ON_LINE,Line:S28M1,,,
Station:S28M1|103,OPERATED_BY,Operator:인천광역시_인천국제공항공사,,,
Station:S28M1|103,LOCATED_IN,Region:인천광역시,,,
Station:S28M1|103,IN_METRO_AREA,MetroArea:수도권,,,
Station:S28M1|104,ON_LINE,Line:S28M1,,,
Station:S28M1|104,OPERATED_BY,Operator:인천광역시_인천국제공항공사,,,
Station:S28M1|104,LOCATED_IN,Region:인천광역시,,,
Station:S28M1|104,IN_METRO_AREA,MetroArea:수도권,,,
Station:S28M1|105,ON_LINE,Line:S28M1,,,
Station:S28M1|105,OPERATED_BY,Operator:인천광역시_인천국제공항공사,,,
Station:S28M1|105,LOCATED_IN,Region:인천광역시,,,
Station:S28M1|105,IN_METRO_AREA,MetroArea:수도권,,,
Station:S28M1|106,ON_LINE,Line:S28M1,,,
Station:S28M1|106,OPERATED_BY,Operator:인천광역시_인천국제공항공사,,,
Station:S28M1|106,LOCATED_IN,Region:인천광역시,,,
Station:S28M1|106,IN_METRO_AREA,MetroArea:수도권,,,
Station:S2801|3107,ON_LINE,Line:S2801,,,
Station:S2801|3107,OPERATED_BY,Operator:인천교통공사,,,
Station:S2801|3107,LOCATED_IN,Region:인천광역시,,,
Station:S2801|3107,IN_METRO_AREA,MetroArea:수도권,,,
Station:S2801|3108,ON_LINE,Line:S2801,,,
Station:S2801|3108,OPERATED_BY,Operator:인천교통공사,,,
Station:S2801|3108,LOCATED_IN,Region:인천광역시,,,
Station:S2801|3108,IN_METRO_AREA,MetroArea:수도권,,,
Station:S2801|3109,ON_LINE,Line:S2801,,,
Station:S2801|3109,OPERATED_BY,Operator:인천교통공사,,,
Station:S2801|3109,LOCATED_IN,Region:인천광역시,,,
Station:S2801|3109,IN_METRO_AREA,MetroArea:수도권,,,
Station:S2801|3110,ON_LINE,Line:S2801,,,
Station:S2801|3110,OPERATED_BY,Operator:인천교통공사,,,
Station:S2801|3110,LOCATED_IN,Region:인천광역시,,,
Station:S2801|3110,IN_METRO_AREA,MetroArea:수도권,,,
Station:S2801|3111,ON_LINE,Line:S2801,,,
Station:S2801|3111,OPERATED_BY,Operator:인천교통공사,,,
Station:S2801|3111,LOCATED_IN,Region:인천광역시,,,
Station:S2801|3111,IN_METRO_AREA,MetroArea:수도권,,,
Station:S2801|3112,ON_LINE,Line:S2801,,,
Station:S2801|3112,OPERATED_BY,Operator:인천교통공사,,,
Station:S2801|3112,LOCATED_IN,Region:인천광역시,,,
Station:S2801|3112,IN_METRO_AREA,MetroArea:수도권,,,
Station:S2801|3113,ON_LINE,Line:S2801,,,
Station:S2801|3113,OPERATED_BY,Operator:인천교통공사,,,
Station:S2801|3113,LOCATED_IN,Region:인천광역시,,,
Station:S2801|3113,IN_METRO_AREA,MetroArea:수도권,,,
Station:S2801|3114,ON_LINE,Line:S2801,,,
Station:S2801|3114,OPERATED_BY,Operator:인천교통공사,,,
Station:S2801|3114,LOCATED_IN,Region:인천광역시,,,
Station:S2801|3114,IN_METRO_AREA,MetroArea:수도권,,,
Station:S2801|3115,ON_LINE,Line:S2801,,,
Station:S2801|3115,OPERATED_BY,Operator:인천교통공사,,,
Station:S2801|3115,LOCATED_IN,Region:인천광역시,,,
Station:S2801|3115,IN_METRO_AREA,MetroArea:수도권,,,
Station:S2801|3116,ON_LINE,Line:S2801,,,
Station:S2801|3116,OPERATED_BY,Operator:인천교통공사,,,
Station:S2801|3116,LOCATED_IN,Region:인천광역시,,,
Station:S2801|3116,IN_METRO_AREA,MetroArea:수도권,,,
Station:S2801|3117,ON_LINE,Line:S2801,,,
Station:S2801|3117,OPERATED_BY,Operator:인천교통공사,,,
Station:S2801|3117,LOCATED_IN,Region:인천광역시,,,
Station:S2801|3117,IN_METRO_AREA,MetroArea:수도권,,,
Station:S2801|3118,ON_LINE,Line:S2801,,,
Station:S2801|3118,OPERATED_BY,Operator:인천교통공사,,,
Station:S2801|3118,LOCATED_IN,Region:인천광역시,,,
Station:S2801|3118,IN_METRO_AREA,MetroArea:수도권,,,
Station:S2801|3119,ON_LINE,Line:S2801,,,
Station:S2801|3119,OPERATED_BY,Operator:인천교통공사,,,
Station:S2801|3119,LOCATED_IN,Region:인천광역시,,,
Station:S2801|3119,IN_METRO_AREA,MetroArea:수도권,,,
Station:S2801|3120,ON_LINE,Line:S2801,,,
Station:S2801|3120,OPERATED_BY,Operator:인천교통공사,,,
Station:S2801|3120,LOCATED_IN,Region:인천광역시,,,
Station:S2801|3120,IN_METRO_AREA,MetroArea:수도권,,,
Station:S2801|3121,ON_LINE,Line:S2801,,,
Station:S2801|3121,OPERATED_BY,Operator:인천교통공사,,,
Station:S2801|3121,LOCATED_IN,Region:인천광역시,,,
Station:S2801|3121,IN_METRO_AREA,MetroArea:수도권,,,
Station:S2801|3122,ON_LINE,Line:S2801,,,
Station:S2801|3122,OPERATED_BY,Operator:인천교통공사,,,
Station:S2801|3122,LOCATED_IN,Region:인천광역시,,,
Station:S2801|3122,IN_METRO_AREA,MetroArea:수도권,,,
Station:S2801|3123,ON_LINE,Line:S2801,,,
Station:S2801|3123,OPERATED_BY,Operator:인천교통공사,,,
Station:S2801|3123,LOCATED_IN,Region:인천광역시,,,
Station:S2801|3123,IN_METRO_AREA,MetroArea:수도권,,,
Station:S2801|3124,ON_LINE,Line:S2801,,,
Station:S2801|3124,OPERATED_BY,Operator:인천교통공사,,,
Station:S2801|3124,LOCATED_IN,Region:인천광역시,,,
Station:S2801|3124,IN_METRO_AREA,MetroArea:수도권,,,
Station:S2801|3125,ON_LINE,Line:S2801,,,
Station:S2801|3125,OPERATED_BY,Operator:인천교통공사,,,
Station:S2801|3125,LOCATED_IN,Region:인천광역시,,,
Station:S2801|3125,IN_METRO_AREA,MetroArea:수도권,,,
Station:S2801|3126,ON_LINE,Line:S2801,,,
Station:S2801|3126,OPERATED_BY,Operator:인천교통공사,,,
Station:S2801|3126,LOCATED_IN,Region:인천광역시,,,
Station:S2801|3126,IN_METRO_AREA,MetroArea:수도권,,,
Station:S2801|3127,ON_LINE,Line:S2801,,,
Station:S2801|3127,OPERATED_BY,Operator:인천교통공사,,,
Station:S2801|3127,LOCATED_IN,Region:인천광역시,,,
Station:S2801|3127,IN_METRO_AREA,MetroArea:수도권,,,
Station:S2801|3128,ON_LINE,Line:S2801,,,
Station:S2801|3128,OPERATED_BY,Operator:인천교통공사,,,
Station:S2801|3128,LOCATED_IN,Region:인천광역시,,,
Station:S2801|3128,IN_METRO_AREA,MetroArea:수도권,,,
Station:S2801|3129,ON_LINE,Line:S2801,,,
Station:S2801|3129,OPERATED_BY,Operator:인천교통공사,,,
Station:S2801|3129,LOCATED_IN,Region:인천광역시,,,
Station:S2801|3129,IN_METRO_AREA,MetroArea:수도권,,,
Station:S2801|3130,ON_LINE,Line:S2801,,,
Station:S2801|3130,OPERATED_BY,Operator:인천교통공사,,,
Station:S2801|3130,LOCATED_IN,Region:인천광역시,,,
Station:S2801|3130,IN_METRO_AREA,MetroArea:수도권,,,
Station:S2801|3131,ON_LINE,Line:S2801,,,
Station:S2801|3131,OPERATED_BY,Operator:인천교통공사,,,
Station:S2801|3131,LOCATED_IN,Region:인천광역시,,,
Station:S2801|3131,IN_METRO_AREA,MetroArea:수도권,,,
Station:S2801|3132,ON_LINE,Line:S2801,,,
Station:S2801|3132,OPERATED_BY,Operator:인천교통공사,,,
Station:S2801|3132,LOCATED_IN,Region:인천광역시,,,
Station:S2801|3132,IN_METRO_AREA,MetroArea:수도권,,,
Station:S2801|3133,ON_LINE,Line:S2801,,,
Station:S2801|3133,OPERATED_BY,Operator:인천교통공사,,,
Station:S2801|3133,LOCATED_IN,Region:인천광역시,,,
Station:S2801|3133,IN_METRO_AREA,MetroArea:수도권,,,
Station:S2801|3134,ON_LINE,Line:S2801,,,
Station:S2801|3134,OPERATED_BY,Operator:인천교통공사,,,
Station:S2801|3134,LOCATED_IN,Region:인천광역시,,,
Station:S2801|3134,IN_METRO_AREA,MetroArea:수도권,,,
Station:S2801|3135,ON_LINE,Line:S2801,,,
Station:S2801|3135,OPERATED_BY,Operator:인천교통공사,,,
Station:S2801|3135,LOCATED_IN,Region:인천광역시,,,
Station:S2801|3135,IN_METRO_AREA,MetroArea:수도권,,,
Station:S2801|3136,ON_LINE,Line:S2801,,,
Station:S2801|3136,OPERATED_BY,Operator:인천교통공사,,,
Station:S2801|3136,LOCATED_IN,Region:인천광역시,,,
Station:S2801|3136,IN_METRO_AREA,MetroArea:수도권,,,
Station:S2801|3137,ON_LINE,Line:S2801,,,
Station:S2801|3137,OPERATED_BY,Operator:인천교통공사,,,
Station:S2801|3137,LOCATED_IN,Region:인천광역시,,,
Station:S2801|3137,IN_METRO_AREA,MetroArea:수도권,,,
Station:S2801|3138,ON_LINE,Line:S2801,,,
Station:S2801|3138,OPERATED_BY,Operator:인천교통공사,,,
Station:S2801|3138,LOCATED_IN,Region:인천광역시,,,
Station:S2801|3138,IN_METRO_AREA,MetroArea:수도권,,,
Station:S2801|3139,ON_LINE,Line:S2801,,,
Station:S2801|3139,OPERATED_BY,Operator:인천교통공사,,,
Station:S2801|3139,LOCATED_IN,Region:인천광역시,,,
Station:S2801|3139,IN_METRO_AREA,MetroArea:수도권,,,
Station:S2802|3201,ON_LINE,Line:S2802,,,
Station:S2802|3201,OPERATED_BY,Operator:인천교통공사,,,
Station:S2802|3201,LOCATED_IN,Region:인천광역시,,,
Station:S2802|3201,IN_METRO_AREA,MetroArea:수도권,,,
Station:S2802|3202,ON_LINE,Line:S2802,,,
Station:S2802|3202,OPERATED_BY,Operator:인천교통공사,,,
Station:S2802|3202,LOCATED_IN,Region:인천광역시,,,
Station:S2802|3202,IN_METRO_AREA,MetroArea:수도권,,,
Station:S2802|3203,ON_LINE,Line:S2802,,,
Station:S2802|3203,OPERATED_BY,Operator:인천교통공사,,,
Station:S2802|3203,LOCATED_IN,Region:인천광역시,,,
Station:S2802|3203,IN_METRO_AREA,MetroArea:수도권,,,
Station:S2802|3204,ON_LINE,Line:S2802,,,
Station:S2802|3204,OPERATED_BY,Operator:인천교통공사,,,
Station:S2802|3204,LOCATED_IN,Region:인천광역시,,,
Station:S2802|3204,IN_METRO_AREA,MetroArea:수도권,,,
Station:S2802|3205,ON_LINE,Line:S2802,,,
Station:S2802|3205,OPERATED_BY,Operator:인천교통공사,,,
Station:S2802|3205,LOCATED_IN,Region:인천광역시,,,
Station:S2802|3205,IN_METRO_AREA,MetroArea:수도권,,,
Station:S2802|3206,ON_LINE,Line:S2802,,,
Station:S2802|3206,OPERATED_BY,Operator:인천교통공사,,,
Station:S2802|3206,LOCATED_IN,Region:인천광역시,,,
Station:S2802|3206,IN_METRO_AREA,MetroArea:수도권,,,
Station:S2802|3207,ON_LINE,Line:S2802,,,
Station:S2802|3207,OPERATED_BY,Operator:인천교통공사,,,
Station:S2802|3207,LOCATED_IN,Region:인천광역시,,,
Station:S2802|3207,IN_METRO_AREA,MetroArea:수도권,,,
Station:S2802|3208,ON_LINE,Line:S2802,,,
Station:S2802|3208,OPERATED_BY,Operator:인천교통공사,,,
Station:S2802|3208,LOCATED_IN,Region:인천광역시,,,
Station:S2802|3208,IN_METRO_AREA,MetroArea:수도권,,,
Station:S2802|3209,ON_LINE,Line:S2802,,,
Station:S2802|3209,OPERATED_BY,Operator:인천교통공사,,,
Station:S2802|3209,LOCATED_IN,Region:인천광역시,,,
Station:S2802|3209,IN_METRO_AREA,MetroArea:수도권,,,
Station:S2802|3210,ON_LINE,Line:S2802,,,
Station:S2802|3210,OPERATED_BY,Operator:인천교통공사,,,
Station:S2802|3210,LOCATED_IN,Region:인천광역시,,,
Station:S2802|3210,IN_METRO_AREA,MetroArea:수도권,,,
Station:S2802|3211,ON_LINE,Line:S2802,,,
Station:S2802|3211,OPERATED_BY,Operator:인천교통공사,,,
Station:S2802|3211,LOCATED_IN,Region:인천광역시,,,
Station:S2802|3211,IN_METRO_AREA,MetroArea:수도권,,,
Station:S2802|3212,ON_LINE,Line:S2802,,,
Station:S2802|3212,OPERATED_BY,Operator:인천교통공사,,,
Station:S2802|3212,LOCATED_IN,Region:인천광역시,,,
Station:S2802|3212,IN_METRO_AREA,MetroArea:수도권,,,
Station:S2802|3213,ON_LINE,Line:S2802,,,
Station:S2802|3213,OPERATED_BY,Operator:인천교통공사,,,
Station:S2802|3213,LOCATED_IN,Region:인천광역시,,,
Station:S2802|3213,IN_METRO_AREA,MetroArea:수도권,,,
Station:S2802|3214,ON_LINE,Line:S2802,,,
Station:S2802|3214,OPERATED_BY,Operator:인천교통공사,,,
Station:S2802|3214,LOCATED_IN,Region:인천광역시,,,
Station:S2802|3214,IN_METRO_AREA,MetroArea:수도권,,,
Station:S2802|3215,ON_LINE,Line:S2802,,,
Station:S2802|3215,OPERATED_BY,Operator:인천교통공사,,,
Station:S2802|3215,LOCATED_IN,Region:인천광역시,,,
Station:S2802|3215,IN_METRO_AREA,MetroArea:수도권,,,
Station:S2802|3216,ON_LINE,Line:S2802,,,
Station:S2802|3216,OPERATED_BY,Operator:인천교통공사,,,
Station:S2802|3216,LOCATED_IN,Region:인천광역시,,,
Station:S2802|3216,IN_METRO_AREA,MetroArea:수도권,,,
Station:S2802|3217,ON_LINE,Line:S2802,,,
Station:S2802|3217,OPERATED_BY,Operator:인천교통공사,,,
Station:S2802|3217,LOCATED_IN,Region:인천광역시,,,
Station:S2802|3217,IN_METRO_AREA,MetroArea:수도권,,,
Station:S2802|3218,ON_LINE,Line:S2802,,,
Station:S2802|3218,OPERATED_BY,Operator:인천교통공사,,,
Station:S2802|3218,LOCATED_IN,Region:인천광역시,,,
Station:S2802|3218,IN_METRO_AREA,MetroArea:수도권,,,
Station:S2802|3219,ON_LINE,Line:S2802,,,
Station:S2802|3219,OPERATED_BY,Operator:인천교통공사,,,
Station:S2802|3219,LOCATED_IN,Region:인천광역시,,,
Station:S2802|3219,IN_METRO_AREA,MetroArea:수도권,,,
Station:S2802|3220,ON_LINE,Line:S2802,,,
Station:S2802|3220,OPERATED_BY,Operator:인천교통공사,,,
Station:S2802|3220,LOCATED_IN,Region:인천광역시,,,
Station:S2802|3220,IN_METRO_AREA,MetroArea:수도권,,,
Station:S2802|3221,ON_LINE,Line:S2802,,,
Station:S2802|3221,OPERATED_BY,Operator:인천교통공사,,,
Station:S2802|3221,LOCATED_IN,Region:인천광역시,,,
Station:S2802|3221,IN_METRO_AREA,MetroArea:수도권,,,
Station:S2802|3222,ON_LINE,Line:S2802,,,
Station:S2802|3222,OPERATED_BY,Operator:인천교통공사,,,
Station:S2802|3222,LOCATED_IN,Region:인천광역시,,,
Station:S2802|3222,IN_METRO_AREA,MetroArea:수도권,,,
Station:S2802|3223,ON_LINE,Line:S2802,,,
Station:S2802|3223,OPERATED_BY,Operator:인천교통공사,,,
Station:S2802|3223,LOCATED_IN,Region:인천광역시,,,
Station:S2802|3223,IN_METRO_AREA,MetroArea:수도권,,,
Station:S2802|3224,ON_LINE,Line:S2802,,,
Station:S2802|3224,OPERATED_BY,Operator:인천교통공사,,,
Station:S2802|3224,LOCATED_IN,Region:인천광역시,,,
Station:S2802|3224,IN_METRO_AREA,MetroArea:수도권,,,
Station:S2802|3225,ON_LINE,Line:S2802,,,
Station:S2802|3225,OPERATED_BY,Operator:인천교통공사,,,
Station:S2802|3225,LOCATED_IN,Region:인천광역시,,,
Station:S2802|3225,IN_METRO_AREA,MetroArea:수도권,,,
Station:S2802|3226,ON_LINE,Line:S2802,,,
Station:S2802|3226,OPERATED_BY,Operator:인천교통공사,,,
Station:S2802|3226,LOCATED_IN,Region:인천광역시,,,
Station:S2802|3226,IN_METRO_AREA,MetroArea:수도권,,,
Station:S2802|3227,ON_LINE,Line:S2802,,,
Station:S2802|3227,OPERATED_BY,Operator:인천교통공사,,,
Station:S2802|3227,LOCATED_IN,Region:인천광역시,,,
Station:S2802|3227,IN_METRO_AREA,MetroArea:수도권,,,
Station:S1107|3753,ON_LINE,Line:S1107,,,
Station:S1107|3753,OPERATED_BY,Operator:인천교통공사,,,
Station:S1107|3753,LOCATED_IN,Region:경기도,,,
Station:S1107|3753,IN_METRO_AREA,MetroArea:수도권,,,
Station:S1107|3754,ON_LINE,Line:S1107,,,
Station:S1107|3754,OPERATED_BY,Operator:인천교통공사,,,
Station:S1107|3754,LOCATED_IN,Region:경기도,,,
Station:S1107|3754,IN_METRO_AREA,MetroArea:수도권,,,
Station:S1107|3755,ON_LINE,Line:S1107,,,
Station:S1107|3755,OPERATED_BY,Operator:인천교통공사,,,
Station:S1107|3755,LOCATED_IN,Region:경기도,,,
Station:S1107|3755,IN_METRO_AREA,MetroArea:수도권,,,
Station:S1107|3756,ON_LINE,Line:S1107,,,
Station:S1107|3756,OPERATED_BY,Operator:인천교통공사,,,
Station:S1107|3756,LOCATED_IN,Region:경기도,,,
Station:S1107|3756,IN_METRO_AREA,MetroArea:수도권,,,
Station:S1107|3757,ON_LINE,Line:S1107,,,
Station:S1107|3757,OPERATED_BY,Operator:인천교통공사,,,
Station:S1107|3757,LOCATED_IN,Region:경기도,,,
Station:S1107|3757,IN_METRO_AREA,MetroArea:수도권,,,
Station:S1107|3758,ON_LINE,Line:S1107,,,
Station:S1107|3758,OPERATED_BY,Operator:인천교통공사,,,
Station:S1107|3758,LOCATED_IN,Region:경기도,,,
Station:S1107|3758,IN_METRO_AREA,MetroArea:수도권,,,
Station:S1107|3759,ON_LINE,Line:S1107,,,
Station:S1107|3759,OPERATED_BY,Operator:인천교통공사,,,
Station:S1107|3759,LOCATED_IN,Region:인천광역시,,,
Station:S1107|3759,IN_METRO_AREA,MetroArea:수도권,,,
Station:S1107|3760,ON_LINE,Line:S1107,,,
Station:S1107|3760,OPERATED_BY,Operator:인천교통공사,,,
Station:S1107|3760,LOCATED_IN,Region:인천광역시,,,
Station:S1107|3760,IN_METRO_AREA,MetroArea:수도권,,,
Station:S1107|3761,ON_LINE,Line:S1107,,,
Station:S1107|3761,OPERATED_BY,Operator:인천교통공사,,,
Station:S1107|3761,LOCATED_IN,Region:인천광역시,,,
Station:S1107|3761,IN_METRO_AREA,MetroArea:수도권,,,
Station:S1107|3762,ON_LINE,Line:S1107,,,
Station:S1107|3762,OPERATED_BY,Operator:인천교통공사,,,
Station:S1107|3762,LOCATED_IN,Region:인천광역시,,,
Station:S1107|3762,IN_METRO_AREA,MetroArea:수도권,,,
Station:S1107|3763,ON_LINE,Line:S1107,,,
Station:S1107|3763,OPERATED_BY,Operator:인천교통공사,,,
Station:S1107|3763,LOCATED_IN,Region:인천광역시,,,
Station:S1107|3763,IN_METRO_AREA,MetroArea:수도권,,,
Station:I4101|1002,ON_LINE,Line:I4101,,,
Station:I4101|1002,OPERATED_BY,Operator:한국철도공사,,,
Station:I4101|1002,LOCATED_IN,Region:서울특별시,,,
Station:I4101|1002,IN_METRO_AREA,MetroArea:수도권,,,
Station:I4101|1003,ON_LINE,Line:I4101,,,
Station:I4101|1003,OPERATED_BY,Operator:한국철도공사,,,
Station:I4101|1003,LOCATED_IN,Region:서울특별시,,,
Station:I4101|1003,IN_METRO_AREA,MetroArea:수도권,,,
Station:I4102|1003,ON_LINE,Line:I4102,,,
Station:I4102|1003,OPERATED_BY,Operator:한국철도공사,,,
Station:I4102|1003,LOCATED_IN,Region:서울특별시,,,
Station:I4102|1003,IN_METRO_AREA,MetroArea:수도권,,,
Station:I4101|1004,ON_LINE,Line:I4101,,,
Station:I4101|1004,OPERATED_BY,Operator:한국철도공사,,,
Station:I4101|1004,LOCATED_IN,Region:서울특별시,,,
Station:I4101|1004,IN_METRO_AREA,MetroArea:수도권,,,
Station:I4101|1005,ON_LINE,Line:I4101,,,
Station:I4101|1005,OPERATED_BY,Operator:한국철도공사,,,
Station:I4101|1005,LOCATED_IN,Region:서울특별시,,,
Station:I4101|1005,IN_METRO_AREA,MetroArea:수도권,,,
Station:I4101|1006,ON_LINE,Line:I4101,,,
Station:I4101|1006,OPERATED_BY,Operator:한국철도공사,,,
Station:I4101|1006,LOCATED_IN,Region:서울특별시,,,
Station:I4101|1006,IN_METRO_AREA,MetroArea:수도권,,,
Station:I4101|1007,ON_LINE,Line:I4101,,,
Station:I4101|1007,OPERATED_BY,Operator:한국철도공사,,,
Station:I4101|1007,LOCATED_IN,Region:서울특별시,,,
Station:I4101|1007,IN_METRO_AREA,MetroArea:수도권,,,
Station:I4102|1008,ON_LINE,Line:I4102,,,
Station:I4102|1008,OPERATED_BY,Operator:한국철도공사,,,
Station:I4102|1008,LOCATED_IN,Region:서울특별시,,,
Station:I4102|1008,IN_METRO_AREA,MetroArea:수도권,,,
Station:I4102|1009,ON_LINE,Line:I4102,,,
Station:I4102|1009,OPERATED_BY,Operator:한국철도공사,,,
Station:I4102|1009,LOCATED_IN,Region:서울특별시,,,
Station:I4102|1009,IN_METRO_AREA,MetroArea:수도권,,,
Station:I4102|1010,ON_LINE,Line:I4102,,,
Station:I4102|1010,OPERATED_BY,Operator:한국철도공사,,,
Station:I4102|1010,LOCATED_IN,Region:서울특별시,,,
Station:I4102|1010,IN_METRO_AREA,MetroArea:수도권,,,
Station:I4102|1011,ON_LINE,Line:I4102,,,
Station:I4102|1011,OPERATED_BY,Operator:한국철도공사,,,
Station:I4102|1011,LOCATED_IN,Region:서울특별시,,,
Station:I4102|1011,IN_METRO_AREA,MetroArea:수도권,,,
Station:I4102|1012,ON_LINE,Line:I4102,,,
Station:I4102|1012,OPERATED_BY,Operator:한국철도공사,,,
Station:I4102|1012,LOCATED_IN,Region:서울특별시,,,
Station:I4102|1012,IN_METRO_AREA,MetroArea:수도권,,,
Station:I4102|1013,ON_LINE,Line:I4102,,,
Station:I4102|1013,OPERATED_BY,Operator:한국철도공사,,,
Station:I4102|1013,LOCATED_IN,Region:서울특별시,,,
Station:I4102|1013,IN_METRO_AREA,MetroArea:수도권,,,
Station:I4105|1013,ON_LINE,Line:I4105,,,
Station:I4105|1013,OPERATED_BY,Operator:한국철도공사,,,
Station:I4105|1013,LOCATED_IN,Region:서울특별시,,,
Station:I4105|1013,IN_METRO_AREA,MetroArea:수도권,,,
Station:I4102|1014,ON_LINE,Line:I4102,,,
Station:I4102|1014,OPERATED_BY,Operator:한국철도공사,,,
Station:I4102|1014,LOCATED_IN,Region:서울특별시,,,
Station:I4102|1014,IN_METRO_AREA,MetroArea:수도권,,,
Station:I4108|1014,ON_LINE,Line:I4108,,,
Station:I4108|1014,OPERATED_BY,Operator:한국철도공사,,,
Station:I4108|1014,LOCATED_IN,Region:서울특별시,,,
Station:I4108|1014,IN_METRO_AREA,MetroArea:수도권,,,
Station:I4102|1015,ON_LINE,Line:I4102,,,
Station:I4102|1015,OPERATED_BY,Operator:한국철도공사,,,
Station:I4102|1015,LOCATED_IN,Region:서울특별시,,,
Station:I4102|1015,IN_METRO_AREA,MetroArea:수도권,,,
Station:I4108|1015,ON_LINE,Line:I4108,,,
Station:I4108|1015,OPERATED_BY,Operator:한국철도공사,,,
Station:I4108|1015,LOCATED_IN,Region:서울특별시,,,
Station:I4108|1015,IN_METRO_AREA,MetroArea:수도권,,,
Station:I4102|1016,ON_LINE,Line:I4102,,,
Station:I4102|1016,OPERATED_BY,Operator:한국철도공사,,,
Station:I4102|1016,LOCATED_IN,Region:서울특별시,,,
Station:I4102|1016,IN_METRO_AREA,MetroArea:수도권,,,
Station:I4102|1017,ON_LINE,Line:I4102,,,
Station:I4102|1017,OPERATED_BY,Operator:한국철도공사,,,
Station:I4102|1017,LOCATED_IN,Region:서울특별시,,,
Station:I4102|1017,IN_METRO_AREA,MetroArea:수도권,,,
Station:I4102|1018,ON_LINE,Line:I4102,,,
Station:I4102|1018,OPERATED_BY,Operator:한국철도공사,,,
Station:I4102|1018,LOCATED_IN,Region:서울특별시,,,
Station:I4102|1018,IN_METRO_AREA,MetroArea:수도권,,,
Station:I4102|1019,ON_LINE,Line:I4102,,,
Station:I4102|1019,OPERATED_BY,Operator:한국철도공사,,,
Station:I4102|1019,LOCATED_IN,Region:서울특별시,,,
Station:I4102|1019,IN_METRO_AREA,MetroArea:수도권,,,
Station:I4108|1019,ON_LINE,Line:I4108,,,
Station:I4108|1019,OPERATED_BY,Operator:한국철도공사,,,
Station:I4108|1019,LOCATED_IN,Region:서울특별시,,,
Station:I4108|1019,IN_METRO_AREA,MetroArea:수도권,,,
Station:I4102|1020,ON_LINE,Line:I4102,,,
Station:I4102|1020,OPERATED_BY,Operator:한국철도공사,,,
Station:I4102|1020,LOCATED_IN,Region:서울특별시,,,
Station:I4102|1020,IN_METRO_AREA,MetroArea:수도권,,,
Station:I4102|1021,ON_LINE,Line:I4102,,,
Station:I4102|1021,OPERATED_BY,Operator:한국철도공사,,,
Station:I4102|1021,LOCATED_IN,Region:서울특별시,,,
Station:I4102|1021,IN_METRO_AREA,MetroArea:수도권,,,
Station:I4102|1022,ON_LINE,Line:I4102,,,
Station:I4102|1022,OPERATED_BY,Operator:한국철도공사,,,
Station:I4102|1022,LOCATED_IN,Region:서울특별시,,,
Station:I4102|1022,IN_METRO_AREA,MetroArea:수도권,,,
Station:I4105|1023,ON_LINE,Line:I4105,,,
Station:I4105|1023,OPERATED_BY,Operator:한국철도공사,,,
Station:I4105|1023,LOCATED_IN,Region:서울특별시,,,
Station:I4105|1023,IN_METRO_AREA,MetroArea:수도권,,,
Station:I4105|1024,ON_LINE,Line:I4105,,,
Station:I4105|1024,OPERATED_BY,Operator:한국철도공사,,,
Station:I4105|1024,LOCATED_IN,Region:서울특별시,,,
Station:I4105|1024,IN_METRO_AREA,MetroArea:수도권,,,
Station:I4105|1025,ON_LINE,Line:I4105,,,
Station:I4105|1025,OPERATED_BY,Operator:한국철도공사,,,
Station:I4105|1025,LOCATED_IN,Region:서울특별시,,,
Station:I4105|1025,IN_METRO_AREA,MetroArea:수도권,,,
Station:I4105|1026,ON_LINE,Line:I4105,,,
Station:I4105|1026,OPERATED_BY,Operator:한국철도공사,,,
Station:I4105|1026,LOCATED_IN,Region:서울특별시,,,
Station:I4105|1026,IN_METRO_AREA,MetroArea:수도권,,,
Station:I4105|1027,ON_LINE,Line:I4105,,,
Station:I4105|1027,OPERATED_BY,Operator:한국철도공사,,,
Station:I4105|1027,LOCATED_IN,Region:서울특별시,,,
Station:I4105|1027,IN_METRO_AREA,MetroArea:수도권,,,
Station:I4105|1028,ON_LINE,Line:I4105,,,
Station:I4105|1028,OPERATED_BY,Operator:한국철도공사,,,
Station:I4105|1028,LOCATED_IN,Region:서울특별시,,,
Station:I4105|1028,IN_METRO_AREA,MetroArea:수도권,,,
Station:I4105|1030,ON_LINE,Line:I4105,,,
Station:I4105|1030,OPERATED_BY,Operator:한국철도공사,,,
Station:I4105|1030,LOCATED_IN,Region:서울특별시,,,
Station:I4105|1030,IN_METRO_AREA,MetroArea:수도권,,,
Station:I4105|1031,ON_LINE,Line:I4105,,,
Station:I4105|1031,OPERATED_BY,Operator:한국철도공사,,,
Station:I4105|1031,LOCATED_IN,Region:서울특별시,,,
Station:I4105|1031,IN_METRO_AREA,MetroArea:수도권,,,
Station:I4101|1032,ON_LINE,Line:I4101,,,
Station:I4101|1032,OPERATED_BY,Operator:한국철도공사,,,
Station:I4101|1032,LOCATED_IN,Region:서울특별시,,,
Station:I4101|1032,IN_METRO_AREA,MetroArea:수도권,,,
Station:I4108|1201,ON_LINE,Line:I4108,,,
Station:I4108|1201,OPERATED_BY,Operator:한국철도공사,,,
Station:I4108|1201,LOCATED_IN,Region:서울특별시,,,
Station:I4108|1201,IN_METRO_AREA,MetroArea:수도권,,,
Station:I4108|1202,ON_LINE,Line:I4108,,,
Station:I4108|1202,OPERATED_BY,Operator:한국철도공사,,,
Station:I4108|1202,LOCATED_IN,Region:서울특별시,,,
Station:I4108|1202,IN_METRO_AREA,MetroArea:수도권,,,
Station:I4108|1203,ON_LINE,Line:I4108,,,
Station:I4108|1203,OPERATED_BY,Operator:한국철도공사,,,
Station:I4108|1203,LOCATED_IN,Region:서울특별시,,,
Station:I4108|1203,IN_METRO_AREA,MetroArea:수도권,,,
Station:I41K2|1203,ON_LINE,Line:I41K2,,,
Station:I41K2|1203,OPERATED_BY,Operator:한국철도공사,,,
Station:I41K2|1203,LOCATED_IN,Region:서울특별시,,,
Station:I41K2|1203,IN_METRO_AREA,MetroArea:수도권,,,
Station:I4108|1204,ON_LINE,Line:I4108,,,
Station:I4108|1204,OPERATED_BY,Operator:한국철도공사,,,
Station:I4108|1204,LOCATED_IN,Region:서울특별시,,,
Station:I4108|1204,IN_METRO_AREA,MetroArea:수도권,,,
Station:I4108|1205,ON_LINE,Line:I4108,,,
Station:I4108|1205,OPERATED_BY,Operator:한국철도공사,,,
Station:I4108|1205,LOCATED_IN,Region:경기도,,,
Station:I4108|1205,IN_METRO_AREA,MetroArea:수도권,,,
Station:I4108|1206,ON_LINE,Line:I4108,,,
Station:I4108|1206,OPERATED_BY,Operator:한국철도공사,,,
Station:I4108|1206,LOCATED_IN,Region:경기도,,,
Station:I4108|1206,IN_METRO_AREA,MetroArea:수도권,,,
Station:I4108|1207,ON_LINE,Line:I4108,,,
Station:I4108|1207,OPERATED_BY,Operator:한국철도공사,,,
Station:I4108|1207,LOCATED_IN,Region:경기도,,,
Station:I4108|1207,IN_METRO_AREA,MetroArea:수도권,,,
Station:I4108|1208,ON_LINE,Line:I4108,,,
Station:I4108|1208,OPERATED_BY,Operator:한국철도공사,,,
Station:I4108|1208,LOCATED_IN,Region:경기도,,,
Station:I4108|1208,IN_METRO_AREA,MetroArea:수도권,,,
Station:I4108|1209,ON_LINE,Line:I4108,,,
Station:I4108|1209,OPERATED_BY,Operator:한국철도공사,,,
Station:I4108|1209,LOCATED_IN,Region:경기도,,,
Station:I4108|1209,IN_METRO_AREA,MetroArea:수도권,,,
Station:I4108|1210,ON_LINE,Line:I4108,,,
Station:I4108|1210,OPERATED_BY,Operator:한국철도공사,,,
Station:I4108|1210,LOCATED_IN,Region:경기도,,,
Station:I4108|1210,IN_METRO_AREA,MetroArea:수도권,,,
Station:I4108|1211,ON_LINE,Line:I4108,,,
Station:I4108|1211,OPERATED_BY,Operator:한국철도공사,,,
Station:I4108|1211,LOCATED_IN,Region:경기도,,,
Station:I4108|1211,IN_METRO_AREA,MetroArea:수도권,,,
Station:I4108|1212,ON_LINE,Line:I4108,,,
Station:I4108|1212,OPERATED_BY,Operator:한국철도공사,,,
Station:I4108|1212,LOCATED_IN,Region:경기도,,,
Station:I4108|1212,IN_METRO_AREA,MetroArea:수도권,,,
Station:I4108|1213,ON_LINE,Line:I4108,,,
Station:I4108|1213,OPERATED_BY,Operator:한국철도공사,,,
Station:I4108|1213,LOCATED_IN,Region:경기도,,,
Station:I4108|1213,IN_METRO_AREA,MetroArea:수도권,,,
Station:I4108|1214,ON_LINE,Line:I4108,,,
Station:I4108|1214,OPERATED_BY,Operator:한국철도공사,,,
Station:I4108|1214,LOCATED_IN,Region:경기도,,,
Station:I4108|1214,IN_METRO_AREA,MetroArea:수도권,,,
Station:I4108|1215,ON_LINE,Line:I4108,,,
Station:I4108|1215,OPERATED_BY,Operator:한국철도공사,,,
Station:I4108|1215,LOCATED_IN,Region:경기도,,,
Station:I4108|1215,IN_METRO_AREA,MetroArea:수도권,,,
Station:I4108|1216,ON_LINE,Line:I4108,,,
Station:I4108|1216,OPERATED_BY,Operator:한국철도공사,,,
Station:I4108|1216,LOCATED_IN,Region:경기도,,,
Station:I4108|1216,IN_METRO_AREA,MetroArea:수도권,,,
Station:I4108|1217,ON_LINE,Line:I4108,,,
Station:I4108|1217,OPERATED_BY,Operator:한국철도공사,,,
Station:I4108|1217,LOCATED_IN,Region:경기도,,,
Station:I4108|1217,IN_METRO_AREA,MetroArea:수도권,,,
Station:I4108|1218,ON_LINE,Line:I4108,,,
Station:I4108|1218,OPERATED_BY,Operator:한국철도공사,,,
Station:I4108|1218,LOCATED_IN,Region:경기도,,,
Station:I4108|1218,IN_METRO_AREA,MetroArea:수도권,,,
Station:I4108|1219,ON_LINE,Line:I4108,,,
Station:I4108|1219,OPERATED_BY,Operator:한국철도공사,,,
Station:I4108|1219,LOCATED_IN,Region:경기도,,,
Station:I4108|1219,IN_METRO_AREA,MetroArea:수도권,,,
Station:I4108|1220,ON_LINE,Line:I4108,,,
Station:I4108|1220,OPERATED_BY,Operator:한국철도공사,,,
Station:I4108|1220,LOCATED_IN,Region:경기도,,,
Station:I4108|1220,IN_METRO_AREA,MetroArea:수도권,,,
Station:I4108|1251,ON_LINE,Line:I4108,,,
Station:I4108|1251,OPERATED_BY,Operator:한국철도공사,,,
Station:I4108|1251,LOCATED_IN,Region:서울특별시,,,
Station:I4108|1251,IN_METRO_AREA,MetroArea:수도권,,,
Station:I4108|1252,ON_LINE,Line:I4108,,,
Station:I4108|1252,OPERATED_BY,Operator:한국철도공사,,,
Station:I4108|1252,LOCATED_IN,Region:서울특별시,,,
Station:I4108|1252,IN_METRO_AREA,MetroArea:수도권,,,
Station:I4108|1261,ON_LINE,Line:I4108,,,
Station:I4108|1261,OPERATED_BY,Operator:한국철도공사,,,
Station:I4108|1261,LOCATED_IN,Region:서울특별시,,,
Station:I4108|1261,IN_METRO_AREA,MetroArea:수도권,,,
Station:I4108|1262,ON_LINE,Line:I4108,,,
Station:I4108|1262,OPERATED_BY,Operator:한국철도공사,,,
Station:I4108|1262,LOCATED_IN,Region:서울특별시,,,
Station:I4108|1262,IN_METRO_AREA,MetroArea:수도권,,,
Station:I4108|1263,ON_LINE,Line:I4108,,,
Station:I4108|1263,OPERATED_BY,Operator:한국철도공사,,,
Station:I4108|1263,LOCATED_IN,Region:서울특별시,,,
Station:I4108|1263,IN_METRO_AREA,MetroArea:수도권,,,
Station:I4108|1264,ON_LINE,Line:I4108,,,
Station:I4108|1264,OPERATED_BY,Operator:한국철도공사,,,
Station:I4108|1264,LOCATED_IN,Region:서울특별시,,,
Station:I4108|1264,IN_METRO_AREA,MetroArea:수도권,,,
Station:I4108|1265,ON_LINE,Line:I4108,,,
Station:I4108|1265,OPERATED_BY,Operator:한국철도공사,,,
Station:I4108|1265,LOCATED_IN,Region:서울특별시,,,
Station:I4108|1265,IN_METRO_AREA,MetroArea:수도권,,,
Station:I4108|1266,ON_LINE,Line:I4108,,,
Station:I4108|1266,OPERATED_BY,Operator:한국철도공사,,,
Station:I4108|1266,LOCATED_IN,Region:서울특별시,,,
Station:I4108|1266,IN_METRO_AREA,MetroArea:수도권,,,
Station:I4108|1267,ON_LINE,Line:I4108,,,
Station:I4108|1267,OPERATED_BY,Operator:한국철도공사,,,
Station:I4108|1267,LOCATED_IN,Region:서울특별시,,,
Station:I4108|1267,IN_METRO_AREA,MetroArea:수도권,,,
Station:I4108|1268,ON_LINE,Line:I4108,,,
Station:I4108|1268,OPERATED_BY,Operator:한국철도공사,,,
Station:I4108|1268,LOCATED_IN,Region:경기도,,,
Station:I4108|1268,IN_METRO_AREA,MetroArea:수도권,,,
Station:I4108|1269,ON_LINE,Line:I4108,,,
Station:I4108|1269,OPERATED_BY,Operator:한국철도공사,,,
Station:I4108|1269,LOCATED_IN,Region:경기도,,,
Station:I4108|1269,IN_METRO_AREA,MetroArea:수도권,,,
Station:I4108|1270,ON_LINE,Line:I4108,,,
Station:I4108|1270,OPERATED_BY,Operator:한국철도공사,,,
Station:I4108|1270,LOCATED_IN,Region:경기도,,,
Station:I4108|1270,IN_METRO_AREA,MetroArea:수도권,,,
Station:I4108|1271,ON_LINE,Line:I4108,,,
Station:I4108|1271,OPERATED_BY,Operator:한국철도공사,,,
Station:I4108|1271,LOCATED_IN,Region:경기도,,,
Station:I4108|1271,IN_METRO_AREA,MetroArea:수도권,,,
Station:I41WS|1271,ON_LINE,Line:I41WS,,,
Station:I41WS|1271,OPERATED_BY,Operator:한국철도공사,,,
Station:I41WS|1271,LOCATED_IN,Region:경기도,,,
Station:I41WS|1271,IN_METRO_AREA,MetroArea:수도권,,,
Station:I4108|1272,ON_LINE,Line:I4108,,,
Station:I4108|1272,OPERATED_BY,Operator:한국철도공사,,,
Station:I4108|1272,LOCATED_IN,Region:경기도,,,
Station:I4108|1272,IN_METRO_AREA,MetroArea:수도권,,,
Station:I41WS|1272,ON_LINE,Line:I41WS,,,
Station:I41WS|1272,OPERATED_BY,Operator:한국철도공사,,,
Station:I41WS|1272,LOCATED_IN,Region:경기도,,,
Station:I41WS|1272,IN_METRO_AREA,MetroArea:수도권,,,
Station:I4108|1273,ON_LINE,Line:I4108,,,
Station:I4108|1273,OPERATED_BY,Operator:한국철도공사,,,
Station:I4108|1273,LOCATED_IN,Region:경기도,,,
Station:I4108|1273,IN_METRO_AREA,MetroArea:수도권,,,
Station:I41WS|1273,ON_LINE,Line:I41WS,,,
Station:I41WS|1273,OPERATED_BY,Operator:한국철도공사,,,
Station:I41WS|1273,LOCATED_IN,Region:경기도,,,
Station:I41WS|1273,IN_METRO_AREA,MetroArea:수도권,,,
Station:I4108|1274,ON_LINE,Line:I4108,,,
Station:I4108|1274,OPERATED_BY,Operator:한국철도공사,,,
Station:I4108|1274,LOCATED_IN,Region:경기도,,,
Station:I4108|1274,IN_METRO_AREA,MetroArea:수도권,,,
Station:I41WS|1274,ON_LINE,Line:I41WS,,,
Station:I41WS|1274,OPERATED_BY,Operator:한국철도공사,,,
Station:I41WS|1274,LOCATED_IN,Region:경기도,,,
Station:I41WS|1274,IN_METRO_AREA,MetroArea:수도권,,,
Station:I4108|1275,ON_LINE,Line:I4108,,,
Station:I4108|1275,OPERATED_BY,Operator:한국철도공사,,,
Station:I4108|1275,LOCATED_IN,Region:경기도,,,
Station:I4108|1275,IN_METRO_AREA,MetroArea:수도권,,,
Station:I41WS|1275,ON_LINE,Line:I41WS,,,
Station:I41WS|1275,OPERATED_BY,Operator:한국철도공사,,,
Station:I41WS|1275,LOCATED_IN,Region:경기도,,,
Station:I41WS|1275,IN_METRO_AREA,MetroArea:수도권,,,
Station:I4108|1276,ON_LINE,Line:I4108,,,
Station:I4108|1276,OPERATED_BY,Operator:한국철도공사,,,
Station:I4108|1276,LOCATED_IN,Region:경기도,,,
Station:I4108|1276,IN_METRO_AREA,MetroArea:수도권,,,
Station:I4108|1277,ON_LINE,Line:I4108,,,
Station:I4108|1277,OPERATED_BY,Operator:한국철도공사,,,
Station:I4108|1277,LOCATED_IN,Region:경기도,,,
Station:I4108|1277,IN_METRO_AREA,MetroArea:수도권,,,
Station:I4108|1278,ON_LINE,Line:I4108,,,
Station:I4108|1278,OPERATED_BY,Operator:한국철도공사,,,
Station:I4108|1278,LOCATED_IN,Region:경기도,,,
Station:I4108|1278,IN_METRO_AREA,MetroArea:수도권,,,
Station:I4108|1279,ON_LINE,Line:I4108,,,
Station:I4108|1279,OPERATED_BY,Operator:한국철도공사,,,
Station:I4108|1279,LOCATED_IN,Region:경기도,,,
Station:I4108|1279,IN_METRO_AREA,MetroArea:수도권,,,
Station:I4108|1280,ON_LINE,Line:I4108,,,
Station:I4108|1280,OPERATED_BY,Operator:한국철도공사,,,
Station:I4108|1280,LOCATED_IN,Region:경기도,,,
Station:I4108|1280,IN_METRO_AREA,MetroArea:수도권,,,
Station:I4108|1282,ON_LINE,Line:I4108,,,
Station:I4108|1282,OPERATED_BY,Operator:한국철도공사,,,
Station:I4108|1282,LOCATED_IN,Region:경기도,,,
Station:I4108|1282,IN_METRO_AREA,MetroArea:수도권,,,
Station:I4108|1283,ON_LINE,Line:I4108,,,
Station:I4108|1283,OPERATED_BY,Operator:한국철도공사,,,
Station:I4108|1283,LOCATED_IN,Region:경기도,,,
Station:I4108|1283,IN_METRO_AREA,MetroArea:수도권,,,
Station:I4108|1284,ON_LINE,Line:I4108,,,
Station:I4108|1284,OPERATED_BY,Operator:한국철도공사,,,
Station:I4108|1284,LOCATED_IN,Region:경기도,,,
Station:I4108|1284,IN_METRO_AREA,MetroArea:수도권,,,
Station:I4108|1285,ON_LINE,Line:I4108,,,
Station:I4108|1285,OPERATED_BY,Operator:한국철도공사,,,
Station:I4108|1285,LOCATED_IN,Region:경기도,,,
Station:I4108|1285,IN_METRO_AREA,MetroArea:수도권,,,
Station:I4108|1286,ON_LINE,Line:I4108,,,
Station:I4108|1286,OPERATED_BY,Operator:한국철도공사,,,
Station:I4108|1286,LOCATED_IN,Region:경기도,,,
Station:I4108|1286,IN_METRO_AREA,MetroArea:수도권,,,
Station:I41K2|1311,ON_LINE,Line:I41K2,,,
Station:I41K2|1311,OPERATED_BY,Operator:한국철도공사,,,
Station:I41K2|1311,LOCATED_IN,Region:서울특별시,,,
Station:I41K2|1311,IN_METRO_AREA,MetroArea:수도권,,,
Station:I41K2|1312,ON_LINE,Line:I41K2,,,
Station:I41K2|1312,OPERATED_BY,Operator:한국철도공사,,,
Station:I41K2|1312,LOCATED_IN,Region:경기도,,,
Station:I41K2|1312,IN_METRO_AREA,MetroArea:수도권,,,
Station:I41K2|1313,ON_LINE,Line:I41K2,,,
Station:I41K2|1313,OPERATED_BY,Operator:한국철도공사,,,
Station:I41K2|1313,LOCATED_IN,Region:경기도,,,
Station:I41K2|1313,IN_METRO_AREA,MetroArea:수도권,,,
Station:I41K2|1314,ON_LINE,Line:I41K2,,,
Station:I41K2|1314,OPERATED_BY,Operator:한국철도공사,,,
Station:I41K2|1314,LOCATED_IN,Region:경기도,,,
Station:I41K2|1314,IN_METRO_AREA,MetroArea:수도권,,,
Station:I41K2|1315,ON_LINE,Line:I41K2,,,
Station:I41K2|1315,OPERATED_BY,Operator:한국철도공사,,,
Station:I41K2|1315,LOCATED_IN,Region:경기도,,,
Station:I41K2|1315,IN_METRO_AREA,MetroArea:수도권,,,
Station:I41K2|1316,ON_LINE,Line:I41K2,,,
Station:I41K2|1316,OPERATED_BY,Operator:한국철도공사,,,
Station:I41K2|1316,LOCATED_IN,Region:경기도,,,
Station:I41K2|1316,IN_METRO_AREA,MetroArea:수도권,,,
Station:I41K2|1317,ON_LINE,Line:I41K2,,,
Station:I41K2|1317,OPERATED_BY,Operator:한국철도공사,,,
Station:I41K2|1317,LOCATED_IN,Region:경기도,,,
Station:I41K2|1317,IN_METRO_AREA,MetroArea:수도권,,,
Station:I41K2|1318,ON_LINE,Line:I41K2,,,
Station:I41K2|1318,OPERATED_BY,Operator:한국철도공사,,,
Station:I41K2|1318,LOCATED_IN,Region:경기도,,,
Station:I41K2|1318,IN_METRO_AREA,MetroArea:수도권,,,
Station:I41K2|1319,ON_LINE,Line:I41K2,,,
Station:I41K2|1319,OPERATED_BY,Operator:한국철도공사,,,
Station:I41K2|1319,LOCATED_IN,Region:경기도,,,
Station:I41K2|1319,IN_METRO_AREA,MetroArea:수도권,,,
Station:I41K2|1320,ON_LINE,Line:I41K2,,,
Station:I41K2|1320,OPERATED_BY,Operator:한국철도공사,,,
Station:I41K2|1320,LOCATED_IN,Region:경기도,,,
Station:I41K2|1320,IN_METRO_AREA,MetroArea:수도권,,,
Station:I41K2|1321,ON_LINE,Line:I41K2,,,
Station:I41K2|1321,OPERATED_BY,Operator:한국철도공사,,,
Station:I41K2|1321,LOCATED_IN,Region:경기도,,,
Station:I41K2|1321,IN_METRO_AREA,MetroArea:수도권,,,
Station:I41K2|1322,ON_LINE,Line:I41K2,,,
Station:I41K2|1322,OPERATED_BY,Operator:한국철도공사,,,
Station:I41K2|1322,LOCATED_IN,Region:경기도,,,
Station:I41K2|1322,IN_METRO_AREA,MetroArea:수도권,,,
Station:I41K2|1323,ON_LINE,Line:I41K2,,,
Station:I41K2|1323,OPERATED_BY,Operator:한국철도공사,,,
Station:I41K2|1323,LOCATED_IN,Region:경기도,,,
Station:I41K2|1323,IN_METRO_AREA,MetroArea:수도권,,,
Station:I41K2|1324,ON_LINE,Line:I41K2,,,
Station:I41K2|1324,OPERATED_BY,Operator:한국철도공사,,,
Station:I41K2|1324,LOCATED_IN,Region:강원특별자치도,,,
Station:I41K2|1324,IN_METRO_AREA,MetroArea:수도권,,,
Station:I41K2|1325,ON_LINE,Line:I41K2,,,
Station:I41K2|1325,OPERATED_BY,Operator:한국철도공사,,,
Station:I41K2|1325,LOCATED_IN,Region:강원특별자치도,,,
Station:I41K2|1325,IN_METRO_AREA,MetroArea:수도권,,,
Station:I41K2|1326,ON_LINE,Line:I41K2,,,
Station:I41K2|1326,OPERATED_BY,Operator:한국철도공사,,,
Station:I41K2|1326,LOCATED_IN,Region:강원특별자치도,,,
Station:I41K2|1326,IN_METRO_AREA,MetroArea:수도권,,,
Station:I41K2|1327,ON_LINE,Line:I41K2,,,
Station:I41K2|1327,OPERATED_BY,Operator:한국철도공사,,,
Station:I41K2|1327,LOCATED_IN,Region:강원특별자치도,,,
Station:I41K2|1327,IN_METRO_AREA,MetroArea:수도권,,,
Station:I41K2|1328,ON_LINE,Line:I41K2,,,
Station:I41K2|1328,OPERATED_BY,Operator:한국철도공사,,,
Station:I41K2|1328,LOCATED_IN,Region:강원특별자치도,,,
Station:I41K2|1328,IN_METRO_AREA,MetroArea:수도권,,,
Station:I41K2|1329,ON_LINE,Line:I41K2,,,
Station:I41K2|1329,OPERATED_BY,Operator:한국철도공사,,,
Station:I41K2|1329,LOCATED_IN,Region:강원특별자치도,,,
Station:I41K2|1329,IN_METRO_AREA,MetroArea:수도권,,,
Station:I4401|1401,ON_LINE,Line:I4401,,,
Station:I4401|1401,OPERATED_BY,Operator:한국철도공사,,,
Station:I4401|1401,LOCATED_IN,Region:충청남도,,,
Station:I4401|1401,IN_METRO_AREA,MetroArea:수도권,,,
Station:I4401|1402,ON_LINE,Line:I4401,,,
Station:I4401|1402,OPERATED_BY,Operator:한국철도공사,,,
Station:I4401|1402,LOCATED_IN,Region:충청남도,,,
Station:I4401|1402,IN_METRO_AREA,MetroArea:수도권,,,
Station:I4401|1403,ON_LINE,Line:I4401,,,
Station:I4401|1403,OPERATED_BY,Operator:한국철도공사,,,
Station:I4401|1403,LOCATED_IN,Region:충청남도,,,
Station:I4401|1403,IN_METRO_AREA,MetroArea:수도권,,,
Station:I4401|1404,ON_LINE,Line:I4401,,,
Station:I4401|1404,OPERATED_BY,Operator:한국철도공사,,,
Station:I4401|1404,LOCATED_IN,Region:충청남도,,,
Station:I4401|1404,IN_METRO_AREA,MetroArea:수도권,,,
Station:I4401|1405,ON_LINE,Line:I4401,,,
Station:I4401|1405,OPERATED_BY,Operator:한국철도공사,,,
Station:I4401|1405,LOCATED_IN,Region:충청남도,,,
Station:I4401|1405,IN_METRO_AREA,MetroArea:수도권,,,
Station:I4401|1407,ON_LINE,Line:I4401,,,
Station:I4401|1407,OPERATED_BY,Operator:한국철도공사,,,
Station:I4401|1407,LOCATED_IN,Region:충청남도,,,
Station:I4401|1407,IN_METRO_AREA,MetroArea:수도권,,,
Station:I4401|1408,ON_LINE,Line:I4401,,,
Station:I4401|1408,OPERATED_BY,Operator:한국철도공사,,,
Station:I4401|1408,LOCATED_IN,Region:충청남도,,,
Station:I4401|1408,IN_METRO_AREA,MetroArea:수도권,,,
Station:I4103|1450,ON_LINE,Line:I4103,,,
Station:I4103|1450,OPERATED_BY,Operator:한국철도공사,,,
Station:I4103|1450,LOCATED_IN,Region:경기도,,,
Station:I4103|1450,IN_METRO_AREA,MetroArea:수도권,,,
Station:I4103|1451,ON_LINE,Line:I4103,,,
Station:I4103|1451,OPERATED_BY,Operator:한국철도공사,,,
Station:I4103|1451,LOCATED_IN,Region:경기도,,,
Station:I4103|1451,IN_METRO_AREA,MetroArea:수도권,,,
Station:I4103|1452,ON_LINE,Line:I4103,,,
Station:I4103|1452,OPERATED_BY,Operator:한국철도공사,,,
Station:I4103|1452,LOCATED_IN,Region:경기도,,,
Station:I4103|1452,IN_METRO_AREA,MetroArea:수도권,,,
Station:I4103|1453,ON_LINE,Line:I4103,,,
Station:I4103|1453,OPERATED_BY,Operator:한국철도공사,,,
Station:I4103|1453,LOCATED_IN,Region:경기도,,,
Station:I4103|1453,IN_METRO_AREA,MetroArea:수도권,,,
Station:I4103|1454,ON_LINE,Line:I4103,,,
Station:I4103|1454,OPERATED_BY,Operator:한국철도공사,,,
Station:I4103|1454,LOCATED_IN,Region:경기도,,,
Station:I4103|1454,IN_METRO_AREA,MetroArea:수도권,,,
Station:I4103|1455,ON_LINE,Line:I4103,,,
Station:I4103|1455,OPERATED_BY,Operator:한국철도공사,,,
Station:I4103|1455,LOCATED_IN,Region:경기도,,,
Station:I4103|1455,IN_METRO_AREA,MetroArea:수도권,,,
Station:I4103|1456,ON_LINE,Line:I4103,,,
Station:I4103|1456,OPERATED_BY,Operator:한국철도공사,,,
Station:I4103|1456,LOCATED_IN,Region:경기도,,,
Station:I4103|1456,IN_METRO_AREA,MetroArea:수도권,,,
Station:I4103|1457,ON_LINE,Line:I4103,,,
Station:I4103|1457,OPERATED_BY,Operator:한국철도공사,,,
Station:I4103|1457,LOCATED_IN,Region:경기도,,,
Station:I4103|1457,IN_METRO_AREA,MetroArea:수도권,,,
Station:I41K5|1501,ON_LINE,Line:I41K5,,,
Station:I41K5|1501,OPERATED_BY,Operator:한국철도공사,,,
Station:I41K5|1501,LOCATED_IN,Region:경기도,,,
Station:I41K5|1501,IN_METRO_AREA,MetroArea:수도권,,,
Station:I41K5|1502,ON_LINE,Line:I41K5,,,
Station:I41K5|1502,OPERATED_BY,Operator:한국철도공사,,,
Station:I41K5|1502,LOCATED_IN,Region:경기도,,,
Station:I41K5|1502,IN_METRO_AREA,MetroArea:수도권,,,
Station:I41K5|1503,ON_LINE,Line:I41K5,,,
Station:I41K5|1503,OPERATED_BY,Operator:한국철도공사,,,
Station:I41K5|1503,LOCATED_IN,Region:경기도,,,
Station:I41K5|1503,IN_METRO_AREA,MetroArea:수도권,,,
Station:I41K5|1504,ON_LINE,Line:I41K5,,,
Station:I41K5|1504,OPERATED_BY,Operator:한국철도공사,,,
Station:I41K5|1504,LOCATED_IN,Region:경기도,,,
Station:I41K5|1504,IN_METRO_AREA,MetroArea:수도권,,,
Station:I41K5|1505,ON_LINE,Line:I41K5,,,
Station:I41K5|1505,OPERATED_BY,Operator:한국철도공사,,,
Station:I41K5|1505,LOCATED_IN,Region:경기도,,,
Station:I41K5|1505,IN_METRO_AREA,MetroArea:수도권,,,
Station:I41K5|1506,ON_LINE,Line:I41K5,,,
Station:I41K5|1506,OPERATED_BY,Operator:한국철도공사,,,
Station:I41K5|1506,LOCATED_IN,Region:경기도,,,
Station:I41K5|1506,IN_METRO_AREA,MetroArea:수도권,,,
Station:I41K5|1507,ON_LINE,Line:I41K5,,,
Station:I41K5|1507,OPERATED_BY,Operator:한국철도공사,,,
Station:I41K5|1507,LOCATED_IN,Region:경기도,,,
Station:I41K5|1507,IN_METRO_AREA,MetroArea:수도권,,,
Station:I41K5|1508,ON_LINE,Line:I41K5,,,
Station:I41K5|1508,OPERATED_BY,Operator:한국철도공사,,,
Station:I41K5|1508,LOCATED_IN,Region:경기도,,,
Station:I41K5|1508,IN_METRO_AREA,MetroArea:수도권,,,
Station:I41K5|1509,ON_LINE,Line:I41K5,,,
Station:I41K5|1509,OPERATED_BY,Operator:한국철도공사,,,
Station:I41K5|1509,LOCATED_IN,Region:경기도,,,
Station:I41K5|1509,IN_METRO_AREA,MetroArea:수도권,,,
Station:I41K5|1510,ON_LINE,Line:I41K5,,,
Station:I41K5|1510,OPERATED_BY,Operator:한국철도공사,,,
Station:I41K5|1510,LOCATED_IN,Region:경기도,,,
Station:I41K5|1510,IN_METRO_AREA,MetroArea:수도권,,,
Station:I41K5|1511,ON_LINE,Line:I41K5,,,
Station:I41K5|1511,OPERATED_BY,Operator:한국철도공사,,,
Station:I41K5|1511,LOCATED_IN,Region:경기도,,,
Station:I41K5|1511,IN_METRO_AREA,MetroArea:수도권,,,
Station:I41K5|1512,ON_LINE,Line:I41K5,,,
Station:I41K5|1512,OPERATED_BY,Operator:한국철도공사,,,
Station:I41K5|1512,LOCATED_IN,Region:경기도,,,
Station:I41K5|1512,IN_METRO_AREA,MetroArea:수도권,,,
Station:I4101|1701,ON_LINE,Line:I4101,,,
Station:I4101|1701,OPERATED_BY,Operator:한국철도공사,,,
Station:I4101|1701,LOCATED_IN,Region:서울특별시,,,
Station:I4101|1701,IN_METRO_AREA,MetroArea:수도권,,,
Station:I4101|1702,ON_LINE,Line:I4101,,,
Station:I4101|1702,OPERATED_BY,Operator:한국철도공사,,,
Station:I4101|1702,LOCATED_IN,Region:서울특별시,,,
Station:I4101|1702,IN_METRO_AREA,MetroArea:수도권,,,
Station:I4101|1703,ON_LINE,Line:I4101,,,
Station:I4101|1703,OPERATED_BY,Operator:한국철도공사,,,
Station:I4101|1703,LOCATED_IN,Region:서울특별시,,,
Station:I4101|1703,IN_METRO_AREA,MetroArea:수도권,,,
Station:I4101|1704,ON_LINE,Line:I4101,,,
Station:I4101|1704,OPERATED_BY,Operator:한국철도공사,,,
Station:I4101|1704,LOCATED_IN,Region:경기도,,,
Station:I4101|1704,IN_METRO_AREA,MetroArea:수도권,,,
Station:I4101|1705,ON_LINE,Line:I4101,,,
Station:I4101|1705,OPERATED_BY,Operator:한국철도공사,,,
Station:I4101|1705,LOCATED_IN,Region:경기도,,,
Station:I4101|1705,IN_METRO_AREA,MetroArea:수도권,,,
Station:I4101|1706,ON_LINE,Line:I4101,,,
Station:I4101|1706,OPERATED_BY,Operator:한국철도공사,,,
Station:I4101|1706,LOCATED_IN,Region:경기도,,,
Station:I4101|1706,IN_METRO_AREA,MetroArea:수도권,,,
Station:I4101|1707,ON_LINE,Line:I4101,,,
Station:I4101|1707,OPERATED_BY,Operator:한국철도공사,,,
Station:I4101|1707,LOCATED_IN,Region:경기도,,,
Station:I4101|1707,IN_METRO_AREA,MetroArea:수도권,,,
Station:I4101|1708,ON_LINE,Line:I4101,,,
Station:I4101|1708,OPERATED_BY,Operator:한국철도공사,,,
Station:I4101|1708,LOCATED_IN,Region:경기도,,,
Station:I4101|1708,IN_METRO_AREA,MetroArea:수도권,,,
Station:I4103|1708,ON_LINE,Line:I4103,,,
Station:I4103|1708,OPERATED_BY,Operator:한국철도공사,,,
Station:I4103|1708,LOCATED_IN,Region:경기도,,,
Station:I4103|1708,IN_METRO_AREA,MetroArea:수도권,,,
Station:I4101|1709,ON_LINE,Line:I4101,,,
Station:I4101|1709,OPERATED_BY,Operator:한국철도공사,,,
Station:I4101|1709,LOCATED_IN,Region:경기도,,,
Station:I4101|1709,IN_METRO_AREA,MetroArea:수도권,,,
Station:I4101|1710,ON_LINE,Line:I4101,,,
Station:I4101|1710,OPERATED_BY,Operator:한국철도공사,,,
Station:I4101|1710,LOCATED_IN,Region:경기도,,,
Station:I4101|1710,IN_METRO_AREA,MetroArea:수도권,,,
Station:I4101|1711,ON_LINE,Line:I4101,,,
Station:I4101|1711,OPERATED_BY,Operator:한국철도공사,,,
Station:I4101|1711,LOCATED_IN,Region:경기도,,,
Station:I4101|1711,IN_METRO_AREA,MetroArea:수도권,,,
Station:I4101|1712,ON_LINE,Line:I4101,,,
Station:I4101|1712,OPERATED_BY,Operator:한국철도공사,,,
Station:I4101|1712,LOCATED_IN,Region:경기도,,,
Station:I4101|1712,IN_METRO_AREA,MetroArea:수도권,,,
Station:I4101|1713,ON_LINE,Line:I4101,,,
Station:I4101|1713,OPERATED_BY,Operator:한국철도공사,,,
Station:I4101|1713,LOCATED_IN,Region:경기도,,,
Station:I4101|1713,IN_METRO_AREA,MetroArea:수도권,,,
Station:I4101|1714,ON_LINE,Line:I4101,,,
Station:I4101|1714,OPERATED_BY,Operator:한국철도공사,,,
Station:I4101|1714,LOCATED_IN,Region:서울특별시,,,
Station:I4101|1714,IN_METRO_AREA,MetroArea:수도권,,,
Station:I4101|1715,ON_LINE,Line:I4101,,,
Station:I4101|1715,OPERATED_BY,Operator:한국철도공사,,,
Station:I4101|1715,LOCATED_IN,Region:경기도,,,
Station:I4101|1715,IN_METRO_AREA,MetroArea:수도권,,,
Station:I4101|1716,ON_LINE,Line:I4101,,,
Station:I4101|1716,OPERATED_BY,Operator:한국철도공사,,,
Station:I4101|1716,LOCATED_IN,Region:경기도,,,
Station:I4101|1716,IN_METRO_AREA,MetroArea:수도권,,,
Station:I4101|1717,ON_LINE,Line:I4101,,,
Station:I4101|1717,OPERATED_BY,Operator:한국철도공사,,,
Station:I4101|1717,LOCATED_IN,Region:경기도,,,
Station:I4101|1717,IN_METRO_AREA,MetroArea:수도권,,,
Station:I4101|1718,ON_LINE,Line:I4101,,,
Station:I4101|1718,OPERATED_BY,Operator:한국철도공사,,,
Station:I4101|1718,LOCATED_IN,Region:경기도,,,
Station:I4101|1718,IN_METRO_AREA,MetroArea:수도권,,,
Station:I4101|1719,ON_LINE,Line:I4101,,,
Station:I4101|1719,OPERATED_BY,Operator:한국철도공사,,,
Station:I4101|1719,LOCATED_IN,Region:경기도,,,
Station:I4101|1719,IN_METRO_AREA,MetroArea:수도권,,,
Station:I4101|1720,ON_LINE,Line:I4101,,,
Station:I4101|1720,OPERATED_BY,Operator:한국철도공사,,,
Station:I4101|1720,LOCATED_IN,Region:경기도,,,
Station:I4101|1720,IN_METRO_AREA,MetroArea:수도권,,,
Station:I4101|1721,ON_LINE,Line:I4101,,,
Station:I4101|1721,OPERATED_BY,Operator:한국철도공사,,,
Station:I4101|1721,LOCATED_IN,Region:경기도,,,
Station:I4101|1721,IN_METRO_AREA,MetroArea:수도권,,,
Station:I4101|1722,ON_LINE,Line:I4101,,,
Station:I4101|1722,OPERATED_BY,Operator:한국철도공사,,,
Station:I4101|1722,LOCATED_IN,Region:경기도,,,
Station:I4101|1722,IN_METRO_AREA,MetroArea:수도권,,,
Station:I4101|1723,ON_LINE,Line:I4101,,,
Station:I4101|1723,OPERATED_BY,Operator:한국철도공사,,,
Station:I4101|1723,LOCATED_IN,Region:경기도,,,
Station:I4101|1723,IN_METRO_AREA,MetroArea:수도권,,,
Station:I4101|1724,ON_LINE,Line:I4101,,,
Station:I4101|1724,OPERATED_BY,Operator:한국철도공사,,,
Station:I4101|1724,LOCATED_IN,Region:경기도,,,
Station:I4101|1724,IN_METRO_AREA,MetroArea:수도권,,,
Station:I4101|1725,ON_LINE,Line:I4101,,,
Station:I4101|1725,OPERATED_BY,Operator:한국철도공사,,,
Station:I4101|1725,LOCATED_IN,Region:충청남도,,,
Station:I4101|1725,IN_METRO_AREA,MetroArea:수도권,,,
Station:I4101|1726,ON_LINE,Line:I4101,,,
Station:I4101|1726,OPERATED_BY,Operator:한국철도공사,,,
Station:I4101|1726,LOCATED_IN,Region:충청남도,,,
Station:I4101|1726,IN_METRO_AREA,MetroArea:수도권,,,
Station:I4101|1727,ON_LINE,Line:I4101,,,
Station:I4101|1727,OPERATED_BY,Operator:한국철도공사,,,
Station:I4101|1727,LOCATED_IN,Region:충청남도,,,
Station:I4101|1727,IN_METRO_AREA,MetroArea:수도권,,,
Station:I4401|1728,ON_LINE,Line:I4401,,,
Station:I4401|1728,OPERATED_BY,Operator:한국철도공사,,,
Station:I4401|1728,LOCATED_IN,Region:충청남도,,,
Station:I4401|1728,IN_METRO_AREA,MetroArea:수도권,,,
Station:I4101|1729,ON_LINE,Line:I4101,,,
Station:I4101|1729,OPERATED_BY,Operator:한국철도공사,,,
Station:I4101|1729,LOCATED_IN,Region:경기도,,,
Station:I4101|1729,IN_METRO_AREA,MetroArea:수도권,,,
Station:I4101|1749,ON_LINE,Line:I4101,,,
Station:I4101|1749,OPERATED_BY,Operator:한국철도공사,,,
Station:I4101|1749,LOCATED_IN,Region:경기도,,,
Station:I4101|1749,IN_METRO_AREA,MetroArea:수도권,,,
Station:I4101|1750,ON_LINE,Line:I4101,,,
Station:I4101|1750,OPERATED_BY,Operator:한국철도공사,,,
Station:I4101|1750,LOCATED_IN,Region:경기도,,,
Station:I4101|1750,IN_METRO_AREA,MetroArea:수도권,,,
Station:I4103|1751,ON_LINE,Line:I4103,,,
Station:I4103|1751,OPERATED_BY,Operator:한국철도공사,,,
Station:I4103|1751,LOCATED_IN,Region:경기도,,,
Station:I4103|1751,IN_METRO_AREA,MetroArea:수도권,,,
Station:I4103|1752,ON_LINE,Line:I4103,,,
Station:I4103|1752,OPERATED_BY,Operator:한국철도공사,,,
Station:I4103|1752,LOCATED_IN,Region:경기도,,,
Station:I4103|1752,IN_METRO_AREA,MetroArea:수도권,,,
Station:I4103|1753,ON_LINE,Line:I4103,,,
Station:I4103|1753,OPERATED_BY,Operator:한국철도공사,,,
Station:I4103|1753,LOCATED_IN,Region:경기도,,,
Station:I4103|1753,IN_METRO_AREA,MetroArea:수도권,,,
Station:I4103|1754,ON_LINE,Line:I4103,,,
Station:I4103|1754,OPERATED_BY,Operator:한국철도공사,,,
Station:I4103|1754,LOCATED_IN,Region:경기도,,,
Station:I4103|1754,IN_METRO_AREA,MetroArea:수도권,,,
Station:I28K1|1755,ON_LINE,Line:I28K1,,,
Station:I28K1|1755,OPERATED_BY,Operator:한국철도공사,,,
Station:I28K1|1755,LOCATED_IN,Region:경기도,,,
Station:I28K1|1755,IN_METRO_AREA,MetroArea:수도권,,,
Station:I4103|1755,ON_LINE,Line:I4103,,,
Station:I4103|1755,OPERATED_BY,Operator:한국철도공사,,,
Station:I4103|1755,LOCATED_IN,Region:경기도,,,
Station:I4103|1755,IN_METRO_AREA,MetroArea:수도권,,,
Station:I28K1|1756,ON_LINE,Line:I28K1,,,
Station:I28K1|1756,OPERATED_BY,Operator:한국철도공사,,,
Station:I28K1|1756,LOCATED_IN,Region:경기도,,,
Station:I28K1|1756,IN_METRO_AREA,MetroArea:수도권,,,
Station:I4103|1756,ON_LINE,Line:I4103,,,
Station:I4103|1756,OPERATED_BY,Operator:한국철도공사,,,
Station:I4103|1756,LOCATED_IN,Region:경기도,,,
Station:I4103|1756,IN_METRO_AREA,MetroArea:수도권,,,
Station:I28K1|1757,ON_LINE,Line:I28K1,,,
Station:I28K1|1757,OPERATED_BY,Operator:한국철도공사,,,
Station:I28K1|1757,LOCATED_IN,Region:경기도,,,
Station:I28K1|1757,IN_METRO_AREA,MetroArea:수도권,,,
Station:I4103|1757,ON_LINE,Line:I4103,,,
Station:I4103|1757,OPERATED_BY,Operator:한국철도공사,,,
Station:I4103|1757,LOCATED_IN,Region:경기도,,,
Station:I4103|1757,IN_METRO_AREA,MetroArea:수도권,,,
Station:I28K1|1758,ON_LINE,Line:I28K1,,,
Station:I28K1|1758,OPERATED_BY,Operator:한국철도공사,,,
Station:I28K1|1758,LOCATED_IN,Region:경기도,,,
Station:I28K1|1758,IN_METRO_AREA,MetroArea:수도권,,,
Station:I4103|1758,ON_LINE,Line:I4103,,,
Station:I4103|1758,OPERATED_BY,Operator:한국철도공사,,,
Station:I4103|1758,LOCATED_IN,Region:경기도,,,
Station:I4103|1758,IN_METRO_AREA,MetroArea:수도권,,,
Station:I28K1|1759,ON_LINE,Line:I28K1,,,
Station:I28K1|1759,OPERATED_BY,Operator:한국철도공사,,,
Station:I28K1|1759,LOCATED_IN,Region:경기도,,,
Station:I28K1|1759,IN_METRO_AREA,MetroArea:수도권,,,
Station:I4103|1759,ON_LINE,Line:I4103,,,
Station:I4103|1759,OPERATED_BY,Operator:한국철도공사,,,
Station:I4103|1759,LOCATED_IN,Region:경기도,,,
Station:I4103|1759,IN_METRO_AREA,MetroArea:수도권,,,
Station:I28K1|1760,ON_LINE,Line:I28K1,,,
Station:I28K1|1760,OPERATED_BY,Operator:한국철도공사,,,
Station:I28K1|1760,LOCATED_IN,Region:경기도,,,
Station:I28K1|1760,IN_METRO_AREA,MetroArea:수도권,,,
Station:I4103|1760,ON_LINE,Line:I4103,,,
Station:I4103|1760,OPERATED_BY,Operator:한국철도공사,,,
Station:I4103|1760,LOCATED_IN,Region:경기도,,,
Station:I4103|1760,IN_METRO_AREA,MetroArea:수도권,,,
Station:I28K1|1761,ON_LINE,Line:I28K1,,,
Station:I28K1|1761,OPERATED_BY,Operator:한국철도공사,,,
Station:I28K1|1761,LOCATED_IN,Region:경기도,,,
Station:I28K1|1761,IN_METRO_AREA,MetroArea:수도권,,,
Station:I4103|1761,ON_LINE,Line:I4103,,,
Station:I4103|1761,OPERATED_BY,Operator:한국철도공사,,,
Station:I4103|1761,LOCATED_IN,Region:경기도,,,
Station:I4103|1761,IN_METRO_AREA,MetroArea:수도권,,,
Station:I28K1|1762,ON_LINE,Line:I28K1,,,
Station:I28K1|1762,OPERATED_BY,Operator:한국철도공사,,,
Station:I28K1|1762,LOCATED_IN,Region:경기도,,,
Station:I28K1|1762,IN_METRO_AREA,MetroArea:수도권,,,
Station:I4103|1762,ON_LINE,Line:I4103,,,
Station:I4103|1762,OPERATED_BY,Operator:한국철도공사,,,
Station:I4103|1762,LOCATED_IN,Region:경기도,,,
Station:I4103|1762,IN_METRO_AREA,MetroArea:수도권,,,
Station:I4103|1763,ON_LINE,Line:I4103,,,
Station:I4103|1763,OPERATED_BY,Operator:한국철도공사,,,
Station:I4103|1763,LOCATED_IN,Region:경기도,,,
Station:I4103|1763,IN_METRO_AREA,MetroArea:수도권,,,
Station:I1101|1801,ON_LINE,Line:I1101,,,
Station:I1101|1801,OPERATED_BY,Operator:한국철도공사,,,
Station:I1101|1801,LOCATED_IN,Region:서울특별시,,,
Station:I1101|1801,IN_METRO_AREA,MetroArea:수도권,,,
Station:I1101|1802,ON_LINE,Line:I1101,,,
Station:I1101|1802,OPERATED_BY,Operator:한국철도공사,,,
Station:I1101|1802,LOCATED_IN,Region:서울특별시,,,
Station:I1101|1802,IN_METRO_AREA,MetroArea:수도권,,,
Station:I1101|1803,ON_LINE,Line:I1101,,,
Station:I1101|1803,OPERATED_BY,Operator:한국철도공사,,,
Station:I1101|1803,LOCATED_IN,Region:경기도,,,
Station:I1101|1803,IN_METRO_AREA,MetroArea:수도권,,,
Station:I1101|1804,ON_LINE,Line:I1101,,,
Station:I1101|1804,OPERATED_BY,Operator:한국철도공사,,,
Station:I1101|1804,LOCATED_IN,Region:경기도,,,
Station:I1101|1804,IN_METRO_AREA,MetroArea:수도권,,,
Station:I1101|1805,ON_LINE,Line:I1101,,,
Station:I1101|1805,OPERATED_BY,Operator:한국철도공사,,,
Station:I1101|1805,LOCATED_IN,Region:경기도,,,
Station:I1101|1805,IN_METRO_AREA,MetroArea:수도권,,,
Station:I1101|1806,ON_LINE,Line:I1101,,,
Station:I1101|1806,OPERATED_BY,Operator:한국철도공사,,,
Station:I1101|1806,LOCATED_IN,Region:인천광역시,,,
Station:I1101|1806,IN_METRO_AREA,MetroArea:수도권,,,
Station:I1101|1807,ON_LINE,Line:I1101,,,
Station:I1101|1807,OPERATED_BY,Operator:한국철도공사,,,
Station:I1101|1807,LOCATED_IN,Region:인천광역시,,,
Station:I1101|1807,IN_METRO_AREA,MetroArea:수도권,,,
Station:I1101|1808,ON_LINE,Line:I1101,,,
Station:I1101|1808,OPERATED_BY,Operator:한국철도공사,,,
Station:I1101|1808,LOCATED_IN,Region:인천광역시,,,
Station:I1101|1808,IN_METRO_AREA,MetroArea:수도권,,,
Station:I1101|1809,ON_LINE,Line:I1101,,,
Station:I1101|1809,OPERATED_BY,Operator:한국철도공사,,,
Station:I1101|1809,LOCATED_IN,Region:인천광역시,,,
Station:I1101|1809,IN_METRO_AREA,MetroArea:수도권,,,
Station:I1101|1810,ON_LINE,Line:I1101,,,
Station:I1101|1810,OPERATED_BY,Operator:한국철도공사,,,
Station:I1101|1810,LOCATED_IN,Region:인천광역시,,,
Station:I1101|1810,IN_METRO_AREA,MetroArea:수도권,,,
Station:I1101|1811,ON_LINE,Line:I1101,,,
Station:I1101|1811,OPERATED_BY,Operator:한국철도공사,,,
Station:I1101|1811,LOCATED_IN,Region:인천광역시,,,
Station:I1101|1811,IN_METRO_AREA,MetroArea:수도권,,,
Station:I1101|1812,ON_LINE,Line:I1101,,,
Station:I1101|1812,OPERATED_BY,Operator:한국철도공사,,,
Station:I1101|1812,LOCATED_IN,Region:인천광역시,,,
Station:I1101|1812,IN_METRO_AREA,MetroArea:수도권,,,
Station:I1101|1813,ON_LINE,Line:I1101,,,
Station:I1101|1813,OPERATED_BY,Operator:한국철도공사,,,
Station:I1101|1813,LOCATED_IN,Region:서울특별시,,,
Station:I1101|1813,IN_METRO_AREA,MetroArea:수도권,,,
Station:I1101|1815,ON_LINE,Line:I1101,,,
Station:I1101|1815,OPERATED_BY,Operator:한국철도공사,,,
Station:I1101|1815,LOCATED_IN,Region:인천광역시,,,
Station:I1101|1815,IN_METRO_AREA,MetroArea:수도권,,,
Station:I1101|1816,ON_LINE,Line:I1101,,,
Station:I1101|1816,OPERATED_BY,Operator:한국철도공사,,,
Station:I1101|1816,LOCATED_IN,Region:인천광역시,,,
Station:I1101|1816,IN_METRO_AREA,MetroArea:수도권,,,
Station:I1101|1817,ON_LINE,Line:I1101,,,
Station:I1101|1817,OPERATED_BY,Operator:한국철도공사,,,
Station:I1101|1817,LOCATED_IN,Region:인천광역시,,,
Station:I1101|1817,IN_METRO_AREA,MetroArea:수도권,,,
Station:I1101|1821,ON_LINE,Line:I1101,,,
Station:I1101|1821,OPERATED_BY,Operator:한국철도공사,,,
Station:I1101|1821,LOCATED_IN,Region:서울특별시,,,
Station:I1101|1821,IN_METRO_AREA,MetroArea:수도권,,,
Station:I1101|1822,ON_LINE,Line:I1101,,,
Station:I1101|1822,OPERATED_BY,Operator:한국철도공사,,,
Station:I1101|1822,LOCATED_IN,Region:경기도,,,
Station:I1101|1822,IN_METRO_AREA,MetroArea:수도권,,,
Station:I1101|1823,ON_LINE,Line:I1101,,,
Station:I1101|1823,OPERATED_BY,Operator:한국철도공사,,,
Station:I1101|1823,LOCATED_IN,Region:인천광역시,,,
Station:I1101|1823,IN_METRO_AREA,MetroArea:수도권,,,
Station:I4105|1846,ON_LINE,Line:I4105,,,
Station:I4105|1846,OPERATED_BY,Operator:한국철도공사,,,
Station:I4105|1846,LOCATED_IN,Region:경기도,,,
Station:I4105|1846,IN_METRO_AREA,MetroArea:수도권,,,
Station:I4105|1847,ON_LINE,Line:I4105,,,
Station:I4105|1847,OPERATED_BY,Operator:한국철도공사,,,
Station:I4105|1847,LOCATED_IN,Region:서울특별시,,,
Station:I4105|1847,IN_METRO_AREA,MetroArea:수도권,,,
Station:I4105|1848,ON_LINE,Line:I4105,,,
Station:I4105|1848,OPERATED_BY,Operator:한국철도공사,,,
Station:I4105|1848,LOCATED_IN,Region:서울특별시,,,
Station:I4105|1848,IN_METRO_AREA,MetroArea:수도권,,,
Station:I4105|1849,ON_LINE,Line:I4105,,,
Station:I4105|1849,OPERATED_BY,Operator:한국철도공사,,,
Station:I4105|1849,LOCATED_IN,Region:서울특별시,,,
Station:I4105|1849,IN_METRO_AREA,MetroArea:수도권,,,
Station:I4105|1850,ON_LINE,Line:I4105,,,
Station:I4105|1850,OPERATED_BY,Operator:한국철도공사,,,
Station:I4105|1850,LOCATED_IN,Region:서울특별시,,,
Station:I4105|1850,IN_METRO_AREA,MetroArea:수도권,,,
Station:I4105|1851,ON_LINE,Line:I4105,,,
Station:I4105|1851,OPERATED_BY,Operator:한국철도공사,,,
Station:I4105|1851,LOCATED_IN,Region:경기도,,,
Station:I4105|1851,IN_METRO_AREA,MetroArea:수도권,,,
Station:I4105|1852,ON_LINE,Line:I4105,,,
Station:I4105|1852,OPERATED_BY,Operator:한국철도공사,,,
Station:I4105|1852,LOCATED_IN,Region:경기도,,,
Station:I4105|1852,IN_METRO_AREA,MetroArea:수도권,,,
Station:I4105|1853,ON_LINE,Line:I4105,,,
Station:I4105|1853,OPERATED_BY,Operator:한국철도공사,,,
Station:I4105|1853,LOCATED_IN,Region:경기도,,,
Station:I4105|1853,IN_METRO_AREA,MetroArea:수도권,,,
Station:I4105|1854,ON_LINE,Line:I4105,,,
Station:I4105|1854,OPERATED_BY,Operator:한국철도공사,,,
Station:I4105|1854,LOCATED_IN,Region:경기도,,,
Station:I4105|1854,IN_METRO_AREA,MetroArea:수도권,,,
Station:I4105|1855,ON_LINE,Line:I4105,,,
Station:I4105|1855,OPERATED_BY,Operator:한국철도공사,,,
Station:I4105|1855,LOCATED_IN,Region:경기도,,,
Station:I4105|1855,IN_METRO_AREA,MetroArea:수도권,,,
Station:I4105|1856,ON_LINE,Line:I4105,,,
Station:I4105|1856,OPERATED_BY,Operator:한국철도공사,,,
Station:I4105|1856,LOCATED_IN,Region:경기도,,,
Station:I4105|1856,IN_METRO_AREA,MetroArea:수도권,,,
Station:I4105|1857,ON_LINE,Line:I4105,,,
Station:I4105|1857,OPERATED_BY,Operator:한국철도공사,,,
Station:I4105|1857,LOCATED_IN,Region:경기도,,,
Station:I4105|1857,IN_METRO_AREA,MetroArea:수도권,,,
Station:I4105|1858,ON_LINE,Line:I4105,,,
Station:I4105|1858,OPERATED_BY,Operator:한국철도공사,,,
Station:I4105|1858,LOCATED_IN,Region:경기도,,,
Station:I4105|1858,IN_METRO_AREA,MetroArea:수도권,,,
Station:I4105|1859,ON_LINE,Line:I4105,,,
Station:I4105|1859,OPERATED_BY,Operator:한국철도공사,,,
Station:I4105|1859,LOCATED_IN,Region:경기도,,,
Station:I4105|1859,IN_METRO_AREA,MetroArea:수도권,,,
Station:I4105|1860,ON_LINE,Line:I4105,,,
Station:I4105|1860,OPERATED_BY,Operator:한국철도공사,,,
Station:I4105|1860,LOCATED_IN,Region:경기도,,,
Station:I4105|1860,IN_METRO_AREA,MetroArea:수도권,,,
Station:I4105|1861,ON_LINE,Line:I4105,,,
Station:I4105|1861,OPERATED_BY,Operator:한국철도공사,,,
Station:I4105|1861,LOCATED_IN,Region:경기도,,,
Station:I4105|1861,IN_METRO_AREA,MetroArea:수도권,,,
Station:I4105|1862,ON_LINE,Line:I4105,,,
Station:I4105|1862,OPERATED_BY,Operator:한국철도공사,,,
Station:I4105|1862,LOCATED_IN,Region:경기도,,,
Station:I4105|1862,IN_METRO_AREA,MetroArea:수도권,,,
Station:I4105|1863,ON_LINE,Line:I4105,,,
Station:I4105|1863,OPERATED_BY,Operator:한국철도공사,,,
Station:I4105|1863,LOCATED_IN,Region:경기도,,,
Station:I4105|1863,IN_METRO_AREA,MetroArea:수도권,,,
Station:I4105|1864,ON_LINE,Line:I4105,,,
Station:I4105|1864,OPERATED_BY,Operator:한국철도공사,,,
Station:I4105|1864,LOCATED_IN,Region:경기도,,,
Station:I4105|1864,IN_METRO_AREA,MetroArea:수도권,,,
Station:I4105|1865,ON_LINE,Line:I4105,,,
Station:I4105|1865,OPERATED_BY,Operator:한국철도공사,,,
Station:I4105|1865,LOCATED_IN,Region:경기도,,,
Station:I4105|1865,IN_METRO_AREA,MetroArea:수도권,,,
Station:I4105|1866,ON_LINE,Line:I4105,,,
Station:I4105|1866,OPERATED_BY,Operator:한국철도공사,,,
Station:I4105|1866,LOCATED_IN,Region:경기도,,,
Station:I4105|1866,IN_METRO_AREA,MetroArea:수도권,,,
Station:I4105|1867,ON_LINE,Line:I4105,,,
Station:I4105|1867,OPERATED_BY,Operator:한국철도공사,,,
Station:I4105|1867,LOCATED_IN,Region:경기도,,,
Station:I4105|1867,IN_METRO_AREA,MetroArea:수도권,,,
Station:I4105|1868,ON_LINE,Line:I4105,,,
Station:I4105|1868,OPERATED_BY,Operator:한국철도공사,,,
Station:I4105|1868,LOCATED_IN,Region:경기도,,,
Station:I4105|1868,IN_METRO_AREA,MetroArea:수도권,,,
Station:I4105|1869,ON_LINE,Line:I4105,,,
Station:I4105|1869,OPERATED_BY,Operator:한국철도공사,,,
Station:I4105|1869,LOCATED_IN,Region:경기도,,,
Station:I4105|1869,IN_METRO_AREA,MetroArea:수도권,,,
Station:I4105|1870,ON_LINE,Line:I4105,,,
Station:I4105|1870,OPERATED_BY,Operator:한국철도공사,,,
Station:I4105|1870,LOCATED_IN,Region:경기도,,,
Station:I4105|1870,IN_METRO_AREA,MetroArea:수도권,,,
Station:I4105|1871,ON_LINE,Line:I4105,,,
Station:I4105|1871,OPERATED_BY,Operator:한국철도공사,,,
Station:I4105|1871,LOCATED_IN,Region:경기도,,,
Station:I4105|1871,IN_METRO_AREA,MetroArea:수도권,,,
Station:I4105|1872,ON_LINE,Line:I4105,,,
Station:I4105|1872,OPERATED_BY,Operator:한국철도공사,,,
Station:I4105|1872,LOCATED_IN,Region:경기도,,,
Station:I4105|1872,IN_METRO_AREA,MetroArea:수도권,,,
Station:I28K1|1873,ON_LINE,Line:I28K1,,,
Station:I28K1|1873,OPERATED_BY,Operator:한국철도공사,,,
Station:I28K1|1873,LOCATED_IN,Region:경기도,,,
Station:I28K1|1873,IN_METRO_AREA,MetroArea:수도권,,,
Station:I28K1|1874,ON_LINE,Line:I28K1,,,
Station:I28K1|1874,OPERATED_BY,Operator:한국철도공사,,,
Station:I28K1|1874,LOCATED_IN,Region:경기도,,,
Station:I28K1|1874,IN_METRO_AREA,MetroArea:수도권,,,
Station:I28K1|1875,ON_LINE,Line:I28K1,,,
Station:I28K1|1875,OPERATED_BY,Operator:한국철도공사,,,
Station:I28K1|1875,LOCATED_IN,Region:경기도,,,
Station:I28K1|1875,IN_METRO_AREA,MetroArea:수도권,,,
Station:I28K1|1876,ON_LINE,Line:I28K1,,,
Station:I28K1|1876,OPERATED_BY,Operator:한국철도공사,,,
Station:I28K1|1876,LOCATED_IN,Region:경기도,,,
Station:I28K1|1876,IN_METRO_AREA,MetroArea:수도권,,,
Station:I28K1|1877,ON_LINE,Line:I28K1,,,
Station:I28K1|1877,OPERATED_BY,Operator:한국철도공사,,,
Station:I28K1|1877,LOCATED_IN,Region:경기도,,,
Station:I28K1|1877,IN_METRO_AREA,MetroArea:수도권,,,
Station:I28K1|1878,ON_LINE,Line:I28K1,,,
Station:I28K1|1878,OPERATED_BY,Operator:한국철도공사,,,
Station:I28K1|1878,LOCATED_IN,Region:경기도,,,
Station:I28K1|1878,IN_METRO_AREA,MetroArea:수도권,,,
Station:I28K1|1879,ON_LINE,Line:I28K1,,,
Station:I28K1|1879,OPERATED_BY,Operator:한국철도공사,,,
Station:I28K1|1879,LOCATED_IN,Region:경기도,,,
Station:I28K1|1879,IN_METRO_AREA,MetroArea:수도권,,,
Station:I28K1|1880,ON_LINE,Line:I28K1,,,
Station:I28K1|1880,OPERATED_BY,Operator:한국철도공사,,,
Station:I28K1|1880,LOCATED_IN,Region:인천광역시,,,
Station:I28K1|1880,IN_METRO_AREA,MetroArea:수도권,,,
Station:I28K1|1881,ON_LINE,Line:I28K1,,,
Station:I28K1|1881,OPERATED_BY,Operator:한국철도공사,,,
Station:I28K1|1881,LOCATED_IN,Region:인천광역시,,,
Station:I28K1|1881,IN_METRO_AREA,MetroArea:수도권,,,
Station:I28K1|1882,ON_LINE,Line:I28K1,,,
Station:I28K1|1882,OPERATED_BY,Operator:한국철도공사,,,
Station:I28K1|1882,LOCATED_IN,Region:인천광역시,,,
Station:I28K1|1882,IN_METRO_AREA,MetroArea:수도권,,,
Station:I28K1|1883,ON_LINE,Line:I28K1,,,
Station:I28K1|1883,OPERATED_BY,Operator:한국철도공사,,,
Station:I28K1|1883,LOCATED_IN,Region:인천광역시,,,
Station:I28K1|1883,IN_METRO_AREA,MetroArea:수도권,,,
Station:I28K1|1884,ON_LINE,Line:I28K1,,,
Station:I28K1|1884,OPERATED_BY,Operator:한국철도공사,,,
Station:I28K1|1884,LOCATED_IN,Region:인천광역시,,,
Station:I28K1|1884,IN_METRO_AREA,MetroArea:수도권,,,
Station:I28K1|1885,ON_LINE,Line:I28K1,,,
Station:I28K1|1885,OPERATED_BY,Operator:한국철도공사,,,
Station:I28K1|1885,LOCATED_IN,Region:인천광역시,,,
Station:I28K1|1885,IN_METRO_AREA,MetroArea:수도권,,,
Station:I28K1|1886,ON_LINE,Line:I28K1,,,
Station:I28K1|1886,OPERATED_BY,Operator:한국철도공사,,,
Station:I28K1|1886,LOCATED_IN,Region:인천광역시,,,
Station:I28K1|1886,IN_METRO_AREA,MetroArea:수도권,,,
Station:I28K1|1888,ON_LINE,Line:I28K1,,,
Station:I28K1|1888,OPERATED_BY,Operator:한국철도공사,,,
Station:I28K1|1888,LOCATED_IN,Region:인천광역시,,,
Station:I28K1|1888,IN_METRO_AREA,MetroArea:수도권,,,
Station:I28K1|1889,ON_LINE,Line:I28K1,,,
Station:I28K1|1889,OPERATED_BY,Operator:한국철도공사,,,
Station:I28K1|1889,LOCATED_IN,Region:인천광역시,,,
Station:I28K1|1889,IN_METRO_AREA,MetroArea:수도권,,,
Station:I28K1|1890,ON_LINE,Line:I28K1,,,
Station:I28K1|1890,OPERATED_BY,Operator:한국철도공사,,,
Station:I28K1|1890,LOCATED_IN,Region:인천광역시,,,
Station:I28K1|1890,IN_METRO_AREA,MetroArea:수도권,,,
Station:I28K1|1891,ON_LINE,Line:I28K1,,,
Station:I28K1|1891,OPERATED_BY,Operator:한국철도공사,,,
Station:I28K1|1891,LOCATED_IN,Region:인천광역시,,,
Station:I28K1|1891,IN_METRO_AREA,MetroArea:수도권,,,
Station:I4102|1901,ON_LINE,Line:I4102,,,
Station:I4102|1901,OPERATED_BY,Operator:한국철도공사,,,
Station:I4102|1901,LOCATED_IN,Region:서울특별시,,,
Station:I4102|1901,IN_METRO_AREA,MetroArea:수도권,,,
Station:I4102|1902,ON_LINE,Line:I4102,,,
Station:I4102|1902,OPERATED_BY,Operator:한국철도공사,,,
Station:I4102|1902,LOCATED_IN,Region:서울특별시,,,
Station:I4102|1902,IN_METRO_AREA,MetroArea:수도권,,,
Station:I4102|1903,ON_LINE,Line:I4102,,,
Station:I4102|1903,OPERATED_BY,Operator:한국철도공사,,,
Station:I4102|1903,LOCATED_IN,Region:서울특별시,,,
Station:I4102|1903,IN_METRO_AREA,MetroArea:수도권,,,
Station:I4102|1904,ON_LINE,Line:I4102,,,
Station:I4102|1904,OPERATED_BY,Operator:한국철도공사,,,
Station:I4102|1904,LOCATED_IN,Region:경기도,,,
Station:I4102|1904,IN_METRO_AREA,MetroArea:수도권,,,
Station:I4102|1905,ON_LINE,Line:I4102,,,
Station:I4102|1905,OPERATED_BY,Operator:한국철도공사,,,
Station:I4102|1905,LOCATED_IN,Region:경기도,,,
Station:I4102|1905,IN_METRO_AREA,MetroArea:수도권,,,
Station:I4102|1906,ON_LINE,Line:I4102,,,
Station:I4102|1906,OPERATED_BY,Operator:한국철도공사,,,
Station:I4102|1906,LOCATED_IN,Region:경기도,,,
Station:I4102|1906,IN_METRO_AREA,MetroArea:수도권,,,
Station:I4102|1907,ON_LINE,Line:I4102,,,
Station:I4102|1907,OPERATED_BY,Operator:한국철도공사,,,
Station:I4102|1907,LOCATED_IN,Region:경기도,,,
Station:I4102|1907,IN_METRO_AREA,MetroArea:수도권,,,
Station:I4102|1908,ON_LINE,Line:I4102,,,
Station:I4102|1908,OPERATED_BY,Operator:한국철도공사,,,
Station:I4102|1908,LOCATED_IN,Region:경기도,,,
Station:I4102|1908,IN_METRO_AREA,MetroArea:수도권,,,
Station:I4102|1909,ON_LINE,Line:I4102,,,
Station:I4102|1909,OPERATED_BY,Operator:한국철도공사,,,
Station:I4102|1909,LOCATED_IN,Region:경기도,,,
Station:I4102|1909,IN_METRO_AREA,MetroArea:수도권,,,
Station:I4102|1910,ON_LINE,Line:I4102,,,
Station:I4102|1910,OPERATED_BY,Operator:한국철도공사,,,
Station:I4102|1910,LOCATED_IN,Region:경기도,,,
Station:I4102|1910,IN_METRO_AREA,MetroArea:수도권,,,
Station:I4102|1911,ON_LINE,Line:I4102,,,
Station:I4102|1911,OPERATED_BY,Operator:한국철도공사,,,
Station:I4102|1911,LOCATED_IN,Region:경기도,,,
Station:I4102|1911,IN_METRO_AREA,MetroArea:수도권,,,
Station:I4102|1912,ON_LINE,Line:I4102,,,
Station:I4102|1912,OPERATED_BY,Operator:한국철도공사,,,
Station:I4102|1912,LOCATED_IN,Region:경기도,,,
Station:I4102|1912,IN_METRO_AREA,MetroArea:수도권,,,
Station:I4102|1913,ON_LINE,Line:I4102,,,
Station:I4102|1913,OPERATED_BY,Operator:한국철도공사,,,
Station:I4102|1913,LOCATED_IN,Region:경기도,,,
Station:I4102|1913,IN_METRO_AREA,MetroArea:수도권,,,
Station:I4102|1914,ON_LINE,Line:I4102,,,
Station:I4102|1914,OPERATED_BY,Operator:한국철도공사,,,
Station:I4102|1914,LOCATED_IN,Region:경기도,,,
Station:I4102|1914,IN_METRO_AREA,MetroArea:수도권,,,
Station:I4102|1915,ON_LINE,Line:I4102,,,
Station:I4102|1915,OPERATED_BY,Operator:한국철도공사,,,
Station:I4102|1915,LOCATED_IN,Region:경기도,,,
Station:I4102|1915,IN_METRO_AREA,MetroArea:수도권,,,
Station:I4102|1916,ON_LINE,Line:I4102,,,
Station:I4102|1916,OPERATED_BY,Operator:한국철도공사,,,
Station:I4102|1916,LOCATED_IN,Region:경기도,,,
Station:I4102|1916,IN_METRO_AREA,MetroArea:수도권,,,
Station:I4102|1917,ON_LINE,Line:I4102,,,
Station:I4102|1917,OPERATED_BY,Operator:한국철도공사,,,
Station:I4102|1917,LOCATED_IN,Region:경기도,,,
Station:I4102|1917,IN_METRO_AREA,MetroArea:수도권,,,
Station:I4102|1918,ON_LINE,Line:I4102,,,
Station:I4102|1918,OPERATED_BY,Operator:한국철도공사,,,
Station:I4102|1918,LOCATED_IN,Region:경기도,,,
Station:I4102|1918,IN_METRO_AREA,MetroArea:수도권,,,
Station:I4102|1919,ON_LINE,Line:I4102,,,
Station:I4102|1919,OPERATED_BY,Operator:한국철도공사,,,
Station:I4102|1919,LOCATED_IN,Region:경기도,,,
Station:I4102|1919,IN_METRO_AREA,MetroArea:수도권,,,
Station:I4106|1948,ON_LINE,Line:I4106,,,
Station:I4106|1948,OPERATED_BY,Operator:한국철도공사,,,
Station:I4106|1948,LOCATED_IN,Region:경기도,,,
Station:I4106|1948,IN_METRO_AREA,MetroArea:수도권,,,
Station:I4106|1949,ON_LINE,Line:I4106,,,
Station:I4106|1949,OPERATED_BY,Operator:한국철도공사,,,
Station:I4106|1949,LOCATED_IN,Region:경기도,,,
Station:I4106|1949,IN_METRO_AREA,MetroArea:수도권,,,
Station:I4106|1950,ON_LINE,Line:I4106,,,
Station:I4106|1950,OPERATED_BY,Operator:한국철도공사,,,
Station:I4106|1950,LOCATED_IN,Region:경기도,,,
Station:I4106|1950,IN_METRO_AREA,MetroArea:수도권,,,
Station:I4106|1951,ON_LINE,Line:I4106,,,
Station:I4106|1951,OPERATED_BY,Operator:한국철도공사,,,
Station:I4106|1951,LOCATED_IN,Region:경기도,,,
Station:I4106|1951,IN_METRO_AREA,MetroArea:수도권,,,
Station:I4106|1952,ON_LINE,Line:I4106,,,
Station:I4106|1952,OPERATED_BY,Operator:한국철도공사,,,
Station:I4106|1952,LOCATED_IN,Region:경기도,,,
Station:I4106|1952,IN_METRO_AREA,MetroArea:수도권,,,
Station:I4108|1953,ON_LINE,Line:I4108,,,
Station:I4108|1953,OPERATED_BY,Operator:한국철도공사,,,
Station:I4108|1953,LOCATED_IN,Region:경기도,,,
Station:I4108|1953,IN_METRO_AREA,MetroArea:수도권,,,
Station:I41WS|1953,ON_LINE,Line:I41WS,,,
Station:I41WS|1953,OPERATED_BY,Operator:한국철도공사,,,
Station:I41WS|1953,LOCATED_IN,Region:경기도,,,
Station:I41WS|1953,IN_METRO_AREA,MetroArea:수도권,,,
Station:I4106|1953,ON_LINE,Line:I4106,,,
Station:I4106|1953,OPERATED_BY,Operator:한국철도공사,,,
Station:I4106|1953,LOCATED_IN,Region:경기도,,,
Station:I4106|1953,IN_METRO_AREA,MetroArea:수도권,,,
Station:I4106|1954,ON_LINE,Line:I4106,,,
Station:I4106|1954,OPERATED_BY,Operator:한국철도공사,,,
Station:I4106|1954,LOCATED_IN,Region:경기도,,,
Station:I4106|1954,IN_METRO_AREA,MetroArea:수도권,,,
Station:I4106|1955,ON_LINE,Line:I4106,,,
Station:I4106|1955,OPERATED_BY,Operator:한국철도공사,,,
Station:I4106|1955,LOCATED_IN,Region:경기도,,,
Station:I4106|1955,IN_METRO_AREA,MetroArea:수도권,,,
Station:I4106|1956,ON_LINE,Line:I4106,,,
Station:I4106|1956,OPERATED_BY,Operator:한국철도공사,,,
Station:I4106|1956,LOCATED_IN,Region:경기도,,,
Station:I4106|1956,IN_METRO_AREA,MetroArea:수도권,,,
Station:I4106|1957,ON_LINE,Line:I4106,,,
Station:I4106|1957,OPERATED_BY,Operator:한국철도공사,,,
Station:I4106|1957,LOCATED_IN,Region:경기도,,,
Station:I4106|1957,IN_METRO_AREA,MetroArea:수도권,,,
Station:I4106|1958,ON_LINE,Line:I4106,,,
Station:I4106|1958,OPERATED_BY,Operator:한국철도공사,,,
Station:I4106|1958,LOCATED_IN,Region:경기도,,,
Station:I4106|1958,IN_METRO_AREA,MetroArea:수도권,,,
Station:I41WS|1980,ON_LINE,Line:I41WS,,,
Station:I41WS|1980,OPERATED_BY,Operator:한국철도공사,,,
Station:I41WS|1980,LOCATED_IN,Region:서울특별시,,,
Station:I41WS|1980,IN_METRO_AREA,MetroArea:수도권,,,
Station:I41WS|1981,ON_LINE,Line:I41WS,,,
Station:I41WS|1981,OPERATED_BY,Operator:한국철도공사,,,
Station:I41WS|1981,LOCATED_IN,Region:경기도,,,
Station:I41WS|1981,IN_METRO_AREA,MetroArea:수도권,,,
Station:I41WS|1982,ON_LINE,Line:I41WS,,,
Station:I41WS|1982,OPERATED_BY,Operator:한국철도공사,,,
Station:I41WS|1982,LOCATED_IN,Region:경기도,,,
Station:I41WS|1982,IN_METRO_AREA,MetroArea:수도권,,,
Station:I1101|4804,ON_LINE,Line:I1101,,,
Station:I1101|4804,OPERATED_BY,Operator:한국철도공사,,,
Station:I1101|4804,LOCATED_IN,Region:경기도,,,
Station:I1101|4804,IN_METRO_AREA,MetroArea:수도권,,,
Station:I41WS|4804,ON_LINE,Line:I41WS,,,
Station:I41WS|4804,OPERATED_BY,Operator:한국철도공사,,,
Station:I41WS|4804,LOCATED_IN,Region:경기도,,,
Station:I41WS|4804,IN_METRO_AREA,MetroArea:수도권,,,
Station:I41WS|4805,ON_LINE,Line:I41WS,,,
Station:I41WS|4805,OPERATED_BY,Operator:한국철도공사,,,
Station:I41WS|4805,LOCATED_IN,Region:경기도,,,
Station:I41WS|4805,IN_METRO_AREA,MetroArea:수도권,,,
Station:I41WS|4806,ON_LINE,Line:I41WS,,,
Station:I41WS|4806,OPERATED_BY,Operator:한국철도공사,,,
Station:I41WS|4806,LOCATED_IN,Region:경기도,,,
Station:I41WS|4806,IN_METRO_AREA,MetroArea:수도권,,,
Station:I41WS|4807,ON_LINE,Line:I41WS,,,
Station:I41WS|4807,OPERATED_BY,Operator:한국철도공사,,,
Station:I41WS|4807,LOCATED_IN,Region:경기도,,,
Station:I41WS|4807,IN_METRO_AREA,MetroArea:수도권,,,
Station:I41WS|4808,ON_LINE,Line:I41WS,,,
Station:I41WS|4808,OPERATED_BY,Operator:한국철도공사,,,
Station:I41WS|4808,LOCATED_IN,Region:경기도,,,
Station:I41WS|4808,IN_METRO_AREA,MetroArea:수도권,,,
Station:I41WS|4809,ON_LINE,Line:I41WS,,,
Station:I41WS|4809,OPERATED_BY,Operator:한국철도공사,,,
Station:I41WS|4809,LOCATED_IN,Region:경기도,,,
Station:I41WS|4809,IN_METRO_AREA,MetroArea:수도권,,,
Station:I41WS|4810,ON_LINE,Line:I41WS,,,
Station:I41WS|4810,OPERATED_BY,Operator:한국철도공사,,,
Station:I41WS|4810,LOCATED_IN,Region:경기도,,,
Station:I41WS|4810,IN_METRO_AREA,MetroArea:수도권,,,
Station:I41WS|4811,ON_LINE,Line:I41WS,,,
Station:I41WS|4811,OPERATED_BY,Operator:한국철도공사,,,
Station:I41WS|4811,LOCATED_IN,Region:경기도,,,
Station:I41WS|4811,IN_METRO_AREA,MetroArea:수도권,,,
Station:I41WS|4812,ON_LINE,Line:I41WS,,,
Station:I41WS|4812,OPERATED_BY,Operator:한국철도공사,,,
Station:I41WS|4812,LOCATED_IN,Region:경기도,,,
Station:I41WS|4812,IN_METRO_AREA,MetroArea:수도권,,,
Station:I41WS|4813,ON_LINE,Line:I41WS,,,
Station:I41WS|4813,OPERATED_BY,Operator:한국철도공사,,,
Station:I41WS|4813,LOCATED_IN,Region:경기도,,,
Station:I41WS|4813,IN_METRO_AREA,MetroArea:수도권,,,
Station:I41WS|4814,ON_LINE,Line:I41WS,,,
Station:I41WS|4814,OPERATED_BY,Operator:한국철도공사,,,
Station:I41WS|4814,LOCATED_IN,Region:경기도,,,
Station:I41WS|4814,IN_METRO_AREA,MetroArea:수도권,,,
Station:I41WS|4815,ON_LINE,Line:I41WS,,,
Station:I41WS|4815,OPERATED_BY,Operator:한국철도공사,,,
Station:I41WS|4815,LOCATED_IN,Region:경기도,,,
Station:I41WS|4815,IN_METRO_AREA,MetroArea:수도권,,,
Station:I27K7|7001,ON_LINE,Line:I27K7,,,
Station:I27K7|7001,OPERATED_BY,Operator:한국철도공사,,,
Station:I27K7|7001,LOCATED_IN,Region:경상북도,,,
Station:I27K7|7001,IN_METRO_AREA,MetroArea:수도권,,,
Station:I27K7|7002,ON_LINE,Line:I27K7,,,
Station:I27K7|7002,OPERATED_BY,Operator:한국철도공사,,,
Station:I27K7|7002,LOCATED_IN,Region:경상북도,,,
Station:I27K7|7002,IN_METRO_AREA,MetroArea:수도권,,,
Station:I27K7|7003,ON_LINE,Line:I27K7,,,
Station:I27K7|7003,OPERATED_BY,Operator:한국철도공사,,,
Station:I27K7|7003,LOCATED_IN,Region:경상북도,,,
Station:I27K7|7003,IN_METRO_AREA,MetroArea:수도권,,,
Station:I27K7|7004,ON_LINE,Line:I27K7,,,
Station:I27K7|7004,OPERATED_BY,Operator:한국철도공사,,,
Station:I27K7|7004,LOCATED_IN,Region:경상북도,,,
Station:I27K7|7004,IN_METRO_AREA,MetroArea:수도권,,,
Station:I27K7|7005,ON_LINE,Line:I27K7,,,
Station:I27K7|7005,OPERATED_BY,Operator:한국철도공사,,,
Station:I27K7|7005,LOCATED_IN,Region:대구광역시,,,
Station:I27K7|7005,IN_METRO_AREA,MetroArea:수도권,,,
Station:I27K7|7006,ON_LINE,Line:I27K7,,,
Station:I27K7|7006,OPERATED_BY,Operator:한국철도공사,,,
Station:I27K7|7006,LOCATED_IN,Region:대구광역시,,,
Station:I27K7|7006,IN_METRO_AREA,MetroArea:수도권,,,
Station:I27K7|7007,ON_LINE,Line:I27K7,,,
Station:I27K7|7007,OPERATED_BY,Operator:한국철도공사,,,
Station:I27K7|7007,LOCATED_IN,Region:대구광역시,,,
Station:I27K7|7007,IN_METRO_AREA,MetroArea:수도권,,,
Station:I27K7|7008,ON_LINE,Line:I27K7,,,
Station:I27K7|7008,OPERATED_BY,Operator:한국철도공사,,,
Station:I27K7|7008,LOCATED_IN,Region:경상북도,,,
Station:I27K7|7008,IN_METRO_AREA,MetroArea:수도권,,,
Station:I26K6|8001,ON_LINE,Line:I26K6,,,
Station:I26K6|8001,OPERATED_BY,Operator:한국철도공사,,,
Station:I26K6|8001,LOCATED_IN,Region:부산광역시,,,
Station:I26K6|8001,IN_METRO_AREA,MetroArea:수도권,,,
Station:I26K6|8002,ON_LINE,Line:I26K6,,,
Station:I26K6|8002,OPERATED_BY,Operator:한국철도공사,,,
Station:I26K6|8002,LOCATED_IN,Region:부산광역시,,,
Station:I26K6|8002,IN_METRO_AREA,MetroArea:수도권,,,
Station:I26K6|8003,ON_LINE,Line:I26K6,,,
Station:I26K6|8003,OPERATED_BY,Operator:한국철도공사,,,
Station:I26K6|8003,LOCATED_IN,Region:부산광역시,,,
Station:I26K6|8003,IN_METRO_AREA,MetroArea:수도권,,,
Station:I26K6|8004,ON_LINE,Line:I26K6,,,
Station:I26K6|8004,OPERATED_BY,Operator:한국철도공사,,,
Station:I26K6|8004,LOCATED_IN,Region:부산광역시,,,
Station:I26K6|8004,IN_METRO_AREA,MetroArea:수도권,,,
Station:I26K6|8005,ON_LINE,Line:I26K6,,,
Station:I26K6|8005,OPERATED_BY,Operator:한국철도공사,,,
Station:I26K6|8005,LOCATED_IN,Region:부산광역시,,,
Station:I26K6|8005,IN_METRO_AREA,MetroArea:수도권,,,
Station:I26K6|8006,ON_LINE,Line:I26K6,,,
Station:I26K6|8006,OPERATED_BY,Operator:한국철도공사,,,
Station:I26K6|8006,LOCATED_IN,Region:부산광역시,,,
Station:I26K6|8006,IN_METRO_AREA,MetroArea:수도권,,,
Station:I26K6|8007,ON_LINE,Line:I26K6,,,
Station:I26K6|8007,OPERATED_BY,Operator:한국철도공사,,,
Station:I26K6|8007,LOCATED_IN,Region:부산광역시,,,
Station:I26K6|8007,IN_METRO_AREA,MetroArea:수도권,,,
Station:I26K6|8008,ON_LINE,Line:I26K6,,,
Station:I26K6|8008,OPERATED_BY,Operator:한국철도공사,,,
Station:I26K6|8008,LOCATED_IN,Region:부산광역시,,,
Station:I26K6|8008,IN_METRO_AREA,MetroArea:수도권,,,
Station:I26K6|8009,ON_LINE,Line:I26K6,,,
Station:I26K6|8009,OPERATED_BY,Operator:한국철도공사,,,
Station:I26K6|8009,LOCATED_IN,Region:부산광역시,,,
Station:I26K6|8009,IN_METRO_AREA,MetroArea:수도권,,,
Station:I26K6|8010,ON_LINE,Line:I26K6,,,
Station:I26K6|8010,OPERATED_BY,Operator:한국철도공사,,,
Station:I26K6|8010,LOCATED_IN,Region:부산광역시,,,
Station:I26K6|8010,IN_METRO_AREA,MetroArea:수도권,,,
Station:I26K6|8011,ON_LINE,Line:I26K6,,,
Station:I26K6|8011,OPERATED_BY,Operator:한국철도공사,,,
Station:I26K6|8011,LOCATED_IN,Region:부산광역시,,,
Station:I26K6|8011,IN_METRO_AREA,MetroArea:수도권,,,
Station:I26K6|8012,ON_LINE,Line:I26K6,,,
Station:I26K6|8012,OPERATED_BY,Operator:한국철도공사,,,
Station:I26K6|8012,LOCATED_IN,Region:부산광역시,,,
Station:I26K6|8012,IN_METRO_AREA,MetroArea:수도권,,,
Station:I26K6|8013,ON_LINE,Line:I26K6,,,
Station:I26K6|8013,OPERATED_BY,Operator:한국철도공사,,,
Station:I26K6|8013,LOCATED_IN,Region:부산광역시,,,
Station:I26K6|8013,IN_METRO_AREA,MetroArea:수도권,,,
Station:I26K6|8014,ON_LINE,Line:I26K6,,,
Station:I26K6|8014,OPERATED_BY,Operator:한국철도공사,,,
Station:I26K6|8014,LOCATED_IN,Region:부산광역시,,,
Station:I26K6|8014,IN_METRO_AREA,MetroArea:수도권,,,
Station:I26K6|8015,ON_LINE,Line:I26K6,,,
Station:I26K6|8015,OPERATED_BY,Operator:한국철도공사,,,
Station:I26K6|8015,LOCATED_IN,Region:부산광역시,,,
Station:I26K6|8015,IN_METRO_AREA,MetroArea:수도권,,,
Station:I26K6|8016,ON_LINE,Line:I26K6,,,
Station:I26K6|8016,OPERATED_BY,Operator:한국철도공사,,,
Station:I26K6|8016,LOCATED_IN,Region:부산광역시,,,
Station:I26K6|8016,IN_METRO_AREA,MetroArea:수도권,,,
Station:I26K6|8017,ON_LINE,Line:I26K6,,,
Station:I26K6|8017,OPERATED_BY,Operator:한국철도공사,,,
Station:I26K6|8017,LOCATED_IN,Region:부산광역시,,,
Station:I26K6|8017,IN_METRO_AREA,MetroArea:수도권,,,
Station:I26K6|8018,ON_LINE,Line:I26K6,,,
Station:I26K6|8018,OPERATED_BY,Operator:한국철도공사,,,
Station:I26K6|8018,LOCATED_IN,Region:울산광역시,,,
Station:I26K6|8018,IN_METRO_AREA,MetroArea:수도권,,,
Station:I26K6|8019,ON_LINE,Line:I26K6,,,
Station:I26K6|8019,OPERATED_BY,Operator:한국철도공사,,,
Station:I26K6|8019,LOCATED_IN,Region:울산광역시,,,
Station:I26K6|8019,IN_METRO_AREA,MetroArea:수도권,,,
Station:I26K6|8020,ON_LINE,Line:I26K6,,,
Station:I26K6|8020,OPERATED_BY,Operator:한국철도공사,,,
Station:I26K6|8020,LOCATED_IN,Region:울산광역시,,,
Station:I26K6|8020,IN_METRO_AREA,MetroArea:수도권,,,
Station:I26K6|8021,ON_LINE,Line:I26K6,,,
Station:I26K6|8021,OPERATED_BY,Operator:한국철도공사,,,
Station:I26K6|8021,LOCATED_IN,Region:울산광역시,,,
Station:I26K6|8021,IN_METRO_AREA,MetroArea:수도권,,,
Station:I26K6|8022,ON_LINE,Line:I26K6,,,
Station:I26K6|8022,OPERATED_BY,Operator:한국철도공사,,,
Station:I26K6|8022,LOCATED_IN,Region:울산광역시,,,
Station:I26K6|8022,IN_METRO_AREA,MetroArea:수도권,,,
Station:I26K6|8023,ON_LINE,Line:I26K6,,,
Station:I26K6|8023,OPERATED_BY,Operator:한국철도공사,,,
Station:I26K6|8023,LOCATED_IN,Region:울산광역시,,,
Station:I26K6|8023,IN_METRO_AREA,MetroArea:수도권,,,
Line:I1101,LINE_OPERATED_BY,Operator:한국철도공사,,,
Line:I1103,LINE_OPERATED_BY,Operator:서울교통공사,,,
Line:I1104,LINE_OPERATED_BY,Operator:서울교통공사,,,
Line:I11D1,LINE_OPERATED_BY,Operator:경기도_신분당선,,,
Line:I26K6,LINE_OPERATED_BY,Operator:한국철도공사,,,
Line:I27K7,LINE_OPERATED_BY,Operator:한국철도공사,,,
Line:I28A1,LINE_OPERATED_BY,Operator:공항철도주식회사,,,
Line:I28K1,LINE_OPERATED_BY,Operator:한국철도공사,,,
Line:I4101,LINE_OPERATED_BY,Operator:한국철도공사,,,
Line:I4102,LINE_OPERATED_BY,Operator:한국철도공사,,,
Line:I4103,LINE_OPERATED_BY,Operator:한국철도공사,,,
Line:I4104,LINE_OPERATED_BY,Operator:남양주도시공사,,,
Line:I4105,LINE_OPERATED_BY,Operator:한국철도공사,,,
Line:I4106,LINE_OPERATED_BY,Operator:한국철도공사,,,
Line:I4108,LINE_OPERATED_BY,Operator:한국철도공사,,,
Line:I41K2,LINE_OPERATED_BY,Operator:한국철도공사,,,
Line:I41K5,LINE_OPERATED_BY,Operator:한국철도공사,,,
Line:I41WS,LINE_OPERATED_BY,Operator:한국철도공사,,,
Line:I4401,LINE_OPERATED_BY,Operator:한국철도공사,,,
Line:L11SL,LINE_OPERATED_BY,Operator:남서울경전철_주식회사,,,
Line:L11UI,LINE_OPERATED_BY,Operator:우이신설경전철운영,,,
Line:L2604,LINE_OPERATED_BY,Operator:부산광역시_부산교통공사,,,
Line:L41E1,LINE_OPERATED_BY,Operator:경기도_용인경전철,,,
Line:L41G1,LINE_OPERATED_BY,Operator:김포골드라인에스알에스,,,
Line:L41U1,LINE_OPERATED_BY,Operator:의정부경량전철,,,
Line:L48B1,LINE_OPERATED_BY,Operator:부산-김해경전철,,,
Line:S1102,LINE_OPERATED_BY,Operator:서울교통공사,,,
Line:S1105,LINE_OPERATED_BY,Operator:서울교통공사,,,
Line:S1106,LINE_OPERATED_BY,Operator:서울교통공사,,,
Line:S1107,LINE_OPERATED_BY,Operator:서울교통공사,,,
Line:S1108,LINE_OPERATED_BY,Operator:서울교통공사,,,
Line:S1109,LINE_OPERATED_BY,Operator:서울특별시_서울시메트로9호선,,,
Line:S1121,LINE_OPERATED_BY,Operator:서울교통공사,,,
Line:S1122,LINE_OPERATED_BY,Operator:서울교통공사,,,
Line:S2601,LINE_OPERATED_BY,Operator:부산광역시_부산교통공사,,,
Line:S2602,LINE_OPERATED_BY,Operator:부산광역시_부산교통공사,,,
Line:S2603,LINE_OPERATED_BY,Operator:부산광역시_부산교통공사,,,
Line:S2701,LINE_OPERATED_BY,Operator:대구교통공사,,,
Line:S2702,LINE_OPERATED_BY,Operator:대구교통공사,,,
Line:S2703,LINE_OPERATED_BY,Operator:대구교통공사,,,
Line:S2801,LINE_OPERATED_BY,Operator:인천교통공사,,,
Line:S2802,LINE_OPERATED_BY,Operator:인천교통공사,,,
Line:S28M1,LINE_OPERATED_BY,Operator:인천광역시_인천국제공항공사,,,
Line:S2901,LINE_OPERATED_BY,Operator:광주교통공사,,,
Line:S3001,LINE_OPERATED_BY,Operator:대전교통공사,,,
Line:S4108,LINE_OPERATED_BY,Operator:남양주도시공사,,,
Station:I1101|1801,CONNECTS_TO,Station:I1101|1802,1000.0,120.0,601.0
Station:I1101|1801,CONNECTS_TO,Station:I1101|1813,1400.0,90.0,599.0
Station:I1101|1802,CONNECTS_TO,Station:I1101|1821,1300.0,150.0,346.0
Station:I1101|1803,CONNECTS_TO,Station:I1101|1821,1900.0,90.0,295.0
Station:I1101|1803,CONNECTS_TO,Station:I1101|4804,1300.0,120.0,295.0
Station:I1101|1804,CONNECTS_TO,Station:I1101|1822,1100.0,120.0,594.0
Station:I1101|1804,CONNECTS_TO,Station:I1101|4804,1500.0,90.0,295.0
Station:I1101|1804,CONNECTS_TO,Station:I41WS|4804,1094.0,90.0,299.0
Station:I1101|1805,CONNECTS_TO,Station:I1101|1815,1000.0,90.0,594.0
Station:I1101|1805,CONNECTS_TO,Station:I1101|1822,1700.0,90.0,595.0
Station:I1101|1806,CONNECTS_TO,Station:I1101|1807,1500.0,150.0,290.0
Station:I1101|1806,CONNECTS_TO,Station:I1101|1815,1200.0,120.0,306.0
Station:I1101|1807,CONNECTS_TO,Station:I1101|1808,1700.0,120.0,578.0
Station:I1101|1808,CONNECTS_TO,Station:I1101|1816,1500.0,120.0,586.0
Station:I1101|1809,CONNECTS_TO,Station:I1101|1816,1200.0,120.0,290.0
Station:I1101|1809,CONNECTS_TO,Station:I1101|1823,1200.0,90.0,290.0
Station:I1101|1810,CONNECTS_TO,Station:I1101|1817,1000.0,90.0,628.0
Station:I1101|1810,CONNECTS_TO,Station:I1101|1823,1000.0,90.0,584.0
Station:I1101|1811,CONNECTS_TO,Station:I1101|1817,1400.0,90.0,592.0
Station:I1101|1811,CONNECTS_TO,Station:I28K1|1891,1200.0,210.0,574.0
Station:I1101|4804,CONNECTS_TO,Station:I41WS|1982,2573.0,,
Station:I1101|4804,CONNECTS_TO,Station:I41WS|4805,1591.0,,
Station:I1103|0319,CONNECTS_TO,Station:I1103|0320,1359.0,180.0,311.0
Station:I1103|0319,CONNECTS_TO,Station:I4106|1950,1693.0,150.0,311.0
Station:I1103|0320,CONNECTS_TO,Station:I1103|0321,2000.0,120.0,490.0
Station:I1103|0320,CONNECTS_TO,Station:I4106|1949,1500.0,180.0,304.0
Station:I1103|0321,CONNECTS_TO,Station:S1106|0612,1300.0,90.0,490.0
Station:I1103|0321,CONNECTS_TO,Station:S1106|0613,900.0,,165.0
Station:I1103|0321,CONNECTS_TO,Station:S1106|0615,1400.0,,165.0
Station:I1103|0322,CONNECTS_TO,Station:S1106|0611,1100.0,,165.0
Station:I1103|0322,CONNECTS_TO,Station:S1106|0613,800.0,,165.0
Station:I1103|0322,CONNECTS_TO,Station:S1106|0614,1265.0,90.0,495.0
Station:I1103|0323,CONNECTS_TO,Station:I1103|0324,1600.0,120.0,985.0
Station:I1103|0323,CONNECTS_TO,Station:S1106|0612,1100.0,90.0,490.0
Station:I1103|0324,CONNECTS_TO,Station:I1103|0325,900.0,90.0,985.0
Station:I1103|0325,CONNECTS_TO,Station:I1103|0326,1100.0,90.0,985.0
Station:I1103|0326,CONNECTS_TO,Station:I1103|0327,1600.0,120.0,991.0
Station:I1103|0327,CONNECTS_TO,Station:I1103|0328,1100.0,90.0,991.0
Station:I1103|0328,CONNECTS_TO,Station:S1105|0534,1000.0,,192.0
Station:I1103|0330,CONNECTS_TO,Station:I4101|0130,462.0,,192.0
Station:I1103|0331,CONNECTS_TO,Station:I1103|0332,900.0,,192.0
Station:I1103|0331,CONNECTS_TO,Station:S1102|0203,700.0,,192.0
Station:I1103|0332,CONNECTS_TO,Station:I1103|0333,700.0,,193.0
Station:I1103|0333,CONNECTS_TO,Station:I1103|0334,800.0,,191.0
Station:I1103|0333,CONNECTS_TO,Station:S1105|0537,683.0,,165.0
Station:I1103|0334,CONNECTS_TO,Station:I1103|0335,800.0,,191.0
Station:I1103|0334,CONNECTS_TO,Station:I4102|1011,900.0,,191.0
Station:I1103|0335,CONNECTS_TO,Station:I1103|0336,2100.0,,191.0
Station:I1103|0336,CONNECTS_TO,Station:I1103|0337,1500.0,120.0,493.0
Station:I1103|0337,CONNECTS_TO,Station:I1103|0338,900.0,90.0,493.0
Station:I1103|0338,CONNECTS_TO,Station:S1109|4123,1200.0,,192.0
Station:I1103|0339,CONNECTS_TO,Station:S1107|0733,900.0,,199.0
Station:I1103|0339,CONNECTS_TO,Station:S1107|0735,2200.0,,199.0
Station:I1103|0340,CONNECTS_TO,Station:S1102|0224,700.0,,240.0
Station:I1103|0341,CONNECTS_TO,Station:I11D1|D008,1800.0,,192.0
Station:I1103|0341,CONNECTS_TO,Station:S1102|0223,900.0,,192.0
Station:I1103|0342,CONNECTS_TO,Station:I11D1|D009,1600.0,,165.0
Station:I1103|0342,CONNECTS_TO,Station:S1102|0222,1500.0,,165.0
Station:I1103|0343,CONNECTS_TO,Station:I11D1|D008,1200.0,,192.0
Station:I1103|0343,CONNECTS_TO,Station:I4105|1025,900.0,,193.0
Station:I1103|0344,CONNECTS_TO,Station:I4105|1024,700.0,60.0,291.0
Station:I1103|0344,CONNECTS_TO,Station:I4105|1026,600.0,60.0,291.0
Station:I1103|0345,CONNECTS_TO,Station:I1103|0346,800.0,60.0,986.0
Station:I1103|0345,CONNECTS_TO,Station:I4105|1025,800.0,,191.0
Station:I1103|0346,CONNECTS_TO,Station:I1103|0347,900.0,90.0,986.0
Station:I1103|0347,CONNECTS_TO,Station:I1103|0348,1100.0,90.0,986.0
Station:I1103|0348,CONNECTS_TO,Station:I4105|1030,1800.0,,212.0
Station:I1103|0349,CONNECTS_TO,Station:S1108|0817,1567.0,,170.0
Station:I1103|0350,CONNECTS_TO,Station:I1103|0351,800.0,,163.0
Station:I1103|0350,CONNECTS_TO,Station:I4105|1030,1400.0,,163.0
Station:I1103|0351,CONNECTS_TO,Station:S1105|P552,800.0,,333.0
Station:I1103|0352,CONNECTS_TO,Station:S1105|P553,737.0,,98.0
Station:I1104|0409,CONNECTS_TO,Station:I1104|0410,1175.0,,457.0
Station:I1104|0409,CONNECTS_TO,Station:I4104|0408,3281.0,,158.0
Station:I1104|0410,CONNECTS_TO,Station:I1104|0411,1200.0,90.0,950.0
Station:I1104|0411,CONNECTS_TO,Station:I1104|0412,1000.0,,224.0
Station:I1104|0411,CONNECTS_TO,Station:S1107|0712,1200.0,,198.0
Station:I1104|0411,CONNECTS_TO,Station:S1107|0714,1100.0,,198.0
Station:I1104|0412,CONNECTS_TO,Station:I1104|0413,1400.0,,225.0
Station:I1104|0412,CONNECTS_TO,Station:I4102|1021,1000.0,90.0,643.0
Station:I1104|0412,CONNECTS_TO,Station:I4102|1901,1700.0,120.0,643.0
Station:I1104|0412,CONNECTS_TO,Station:S1107|0713,1086.0,,1.0
Station:I1104|0413,CONNECTS_TO,Station:I1104|0414,1300.0,120.0,1212.0
Station:I1104|0414,CONNECTS_TO,Station:I1104|0415,1500.0,90.0,1212.0
Station:I1104|0415,CONNECTS_TO,Station:I1104|0416,1400.0,,472.0
Station:I1104|0416,CONNECTS_TO,Station:I1104|0417,1500.0,,472.0
Station:I1104|0417,CONNECTS_TO,Station:I1104|0418,1300.0,,236.0
Station:I1104|0418,CONNECTS_TO,Station:I1104|0419,1400.0,,236.0
Station:I1104|0418,CONNECTS_TO,Station:L11UI|S119,1142.0,,258.0
Station:I1104|0418,CONNECTS_TO,Station:L11UI|S121,848.0,,258.0
Station:I1104|0419,CONNECTS_TO,Station:I1104|0420,1000.0,,474.0
Station:I1104|0420,CONNECTS_TO,Station:I1104|0421,900.0,,474.0
Station:I1104|0421,CONNECTS_TO,Station:S1102|0205,1500.0,,237.0
Station:I1104|0423,CONNECTS_TO,Station:I1104|0424,1300.0,,237.0
Station:I1104|0423,CONNECTS_TO,Station:S1102|0205,700.0,,237.0
Station:I1104|0424,CONNECTS_TO,Station:I1104|0425,700.0,60.0,1218.0
Station:I1104|0425,CONNECTS_TO,Station:I1104|0426,790.0,,236.0
Station:I1104|0425,CONNECTS_TO,Station:I4101|0133,700.0,,238.0
Station:I1104|0427,CONNECTS_TO,Station:I4101|0133,900.0,,236.0
Station:I1104|0427,CONNECTS_TO,Station:S1106|0628,1000.0,,236.0
Station:I1104|0428,CONNECTS_TO,Station:S1106|0627,900.0,,165.0
Station:I1104|0428,CONNECTS_TO,Station:S1106|0629,1200.0,,165.0
Station:I1104|0429,CONNECTS_TO,Station:I1104|0430,700.0,,472.0
Station:I1104|0429,CONNECTS_TO,Station:S1106|0628,1200.0,,236.0
Station:I1104|0430,CONNECTS_TO,Station:I1104|0431,1300.0,,236.0
Station:I1104|0430,CONNECTS_TO,Station:I4102|1009,1700.0,120.0,310.0
Station:I1104|0431,CONNECTS_TO,Station:I1104|0432,2700.0,,236.0
Station:I1104|0432,CONNECTS_TO,Station:I1104|0433,1253.0,,127.0
Station:I1104|0432,CONNECTS_TO,Station:S1102|0226,1800.0,,345.0
Station:I1104|0434,CONNECTS_TO,Station:S1102|0226,1100.0,,125.0
Station:I11D1|D004,CONNECTS_TO,Station:I11D1|D005,700.0,,165.0
Station:I11D1|D005,CONNECTS_TO,Station:I11D1|D006,800.0,,165.0
Station:I11D1|D006,CONNECTS_TO,Station:S1102|0222,900.0,,165.0
Station:I11D1|D007,CONNECTS_TO,Station:S1102|0221,800.0,,240.0
Station:I11D1|D009,CONNECTS_TO,Station:I11D1|D010,2900.0,,330.0
Station:I11D1|D010,CONNECTS_TO,Station:I11D1|D011,8200.0,,166.0
Station:I11D1|D011,CONNECTS_TO,Station:I11D1|D012,3100.0,,165.0
Station:I11D1|D012,CONNECTS_TO,Station:I11D1|D013,1800.0,120.0,452.0
Station:I11D1|D012,CONNECTS_TO,Station:I4105|1856,1600.0,120.0,291.0
Station:I11D1|D013,CONNECTS_TO,Station:I11D1|D014,1700.0,,162.0
Station:I11D1|D013,CONNECTS_TO,Station:I4105|1859,1100.0,90.0,291.0
Station:I11D1|D014,CONNECTS_TO,Station:I11D1|D015,2100.0,,324.0
Station:I11D1|D015,CONNECTS_TO,Station:I11D1|D016,1700.0,,324.0
Station:I11D1|D016,CONNECTS_TO,Station:I11D1|D017,2100.0,,324.0
Station:I11D1|D017,CONNECTS_TO,Station:I11D1|D018,2300.0,,324.0
Station:I11D1|D018,CONNECTS_TO,Station:I11D1|D019,2000.0,,324.0
Station:I26K6|8001,CONNECTS_TO,Station:I26K6|8002,2300.0,,
Station:I26K6|8002,CONNECTS_TO,Station:S2603|0306,1000.0,,
Station:I26K6|8003,CONNECTS_TO,Station:S2603|0307,653.0,,160.0
Station:I26K6|8004,CONNECTS_TO,Station:L2604|0402,1200.0,,177.0
Station:I26K6|8004,CONNECTS_TO,Station:S2603|0305,869.0,,177.0
Station:I26K6|8004,CONNECTS_TO,Station:S2603|0306,700.0,,
Station:I26K6|8005,CONNECTS_TO,Station:L2604|0401,811.0,,155.0
Station:I26K6|8005,CONNECTS_TO,Station:L2604|0403,666.0,,155.0
Station:I26K6|8006,CONNECTS_TO,Station:I26K6|8015,1300.0,,
Station:I26K6|8006,CONNECTS_TO,Station:L2604|0402,2355.0,,
Station:I26K6|8007,CONNECTS_TO,Station:I26K6|8008,1000.0,90.0,189.0
Station:I26K6|8007,CONNECTS_TO,Station:I26K6|8015,2300.0,,
Station:I26K6|8008,CONNECTS_TO,Station:I26K6|8009,1400.0,120.0,189.0
Station:I26K6|8009,CONNECTS_TO,Station:I26K6|8010,4500.0,,
Station:I26K6|8009,CONNECTS_TO,Station:S2602|0206,491.0,,169.0
Station:I26K6|8010,CONNECTS_TO,Station:I26K6|8011,2900.0,,
Station:I26K6|8011,CONNECTS_TO,Station:I26K6|8012,1100.0,,
Station:I26K6|8012,CONNECTS_TO,Station:I26K6|8013,5700.0,,
Station:I26K6|8013,CONNECTS_TO,Station:I26K6|8014,3000.0,180.0,189.0
Station:I26K6|8014,CONNECTS_TO,Station:I26K6|8016,5300.0,270.0,189.0
Station:I26K6|8016,CONNECTS_TO,Station:I26K6|8017,3400.0,210.0,189.0
Station:I26K6|8017,CONNECTS_TO,Station:I26K6|8018,2900.0,180.0,189.0
Station:I26K6|8018,CONNECTS_TO,Station:I26K6|8019,8500.0,420.0,189.0
Station:I26K6|8019,CONNECTS_TO,Station:I26K6|8020,4400.0,240.0,189.0
Station:I26K6|8020,CONNECTS_TO,Station:I26K6|8021,4500.0,240.0,177.0
Station:I26K6|8021,CONNECTS_TO,Station:I26K6|8022,2400.0,150.0,177.0
Station:I26K6|8022,CONNECTS_TO,Station:I26K6|8023,4900.0,270.0,177.0
Station:I27K7|7001,CONNECTS_TO,Station:I27K7|7002,4600.0,330.0,184.0
Station:I27K7|7002,CONNECTS_TO,Station:I27K7|7003,5200.0,300.0,184.0
Station:I27K7|7003,CONNECTS_TO,Station:I27K7|7004,9500.0,,
Station:I27K7|7004,CONNECTS_TO,Station:I27K7|7005,22900.0,,
Station:I27K7|7005,CONNECTS_TO,Station:I27K7|7006,5084.0,330.0,92.0
Station:I27K7|7006,CONNECTS_TO,Station:S2701|0131,700.0,,148.0
Station:I27K7|7006,CONNECTS_TO,Station:S2701|0133,800.0,,148.0
Station:I27K7|7006,CONNECTS_TO,Station:S2701|0135,2804.0,300.0,92.0
Station:I27K7|7007,CONNECTS_TO,Station:S2701|0136,649.0,,148.0
Station:I27K7|7008,CONNECTS_TO,Station:S2701|0135,12300.0,,4.0
Station:I28A1|A01,CONNECTS_TO,Station:I4101|1002,1387.0,,239.0
Station:I28A1|A01,CONNECTS_TO,Station:I4108|1201,10471.0,,
Station:I28A1|A01,CONNECTS_TO,Station:S1102|0240,2908.0,330.0,39.0
Station:I28A1|A01,CONNECTS_TO,Station:S1106|0626,1909.0,,182.0
Station:I28A1|A02,CONNECTS_TO,Station:S1105|0528,800.0,,198.0
Station:I28A1|A02,CONNECTS_TO,Station:S1105|0530,1100.0,,198.0
Station:I28A1|A04,CONNECTS_TO,Station:I4108|1267,600.0,,
Station:I28A1|A04,CONNECTS_TO,Station:S1102|0239,3217.0,,181.0
Station:I28A1|A042,CONNECTS_TO,Station:S1105|0512,2359.0,,182.0
Station:I28A1|A06,CONNECTS_TO,Station:S2801|3109,3045.0,,139.0
Station:I28A1|A06,CONNECTS_TO,Station:S2801|3111,811.0,,139.0
Station:I28A1|A07,CONNECTS_TO,Station:S2802|3206,1767.0,,233.0
Station:I28A1|A07,CONNECTS_TO,Station:S2802|3208,963.0,,232.0
Station:I28A1|A071,CONNECTS_TO,Station:I28A1|A072,10143.0,,274.0
Station:I28A1|A071,CONNECTS_TO,Station:S2802|3207,4689.0,,134.0
Station:I28A1|A072,CONNECTS_TO,Station:I28A1|A08,3444.0,,274.0
Station:I28A1|A08,CONNECTS_TO,Station:I28A1|A09,4024.0,,274.0
Station:I28A1|A09,CONNECTS_TO,Station:I28A1|A10,2553.0,,274.0
Station:I28A1|A10,CONNECTS_TO,Station:I28A1|A11,2876.0,,274.0
Station:I28A1|A10,CONNECTS_TO,Station:S28M1|102,511.0,,
Station:I28K1|1755,CONNECTS_TO,Station:I4103|1754,1399.0,90.0,298.0
Station:I28K1|1756,CONNECTS_TO,Station:I28K1|1757,1400.0,90.0,780.0
Station:I28K1|1756,CONNECTS_TO,Station:I4103|1755,1600.0,120.0,392.0
Station:I28K1|1757,CONNECTS_TO,Station:I28K1|1758,1556.0,120.0,388.0
Station:I28K1|1757,CONNECTS_TO,Station:I41WS|4813,1500.0,120.0,392.0
Station:I28K1|1758,CONNECTS_TO,Station:I41WS|4812,1594.0,,
Station:I28K1|1758,CONNECTS_TO,Station:I41WS|4814,1257.0,,
Station:I28K1|1759,CONNECTS_TO,Station:I28K1|1760,2200.0,,
Station:I28K1|1759,CONNECTS_TO,Station:I41WS|4813,1800.0,120.0,395.0
Station:I28K1|1760,CONNECTS_TO,Station:I28K1|1761,2900.0,,
Station:I28K1|1761,CONNECTS_TO,Station:I28K1|1762,1400.0,150.0,701.0
Station:I28K1|1873,CONNECTS_TO,Station:I28K1|1874,1600.0,120.0,180.0
Station:I28K1|1874,CONNECTS_TO,Station:I28K1|1875,5100.0,240.0,180.0
Station:I28K1|1875,CONNECTS_TO,Station:I28K1|1876,2600.0,150.0,180.0
Station:I28K1|1876,CONNECTS_TO,Station:I28K1|1877,4700.0,240.0,180.0
Station:I28K1|1877,CONNECTS_TO,Station:I28K1|1878,13998.0,,
Station:I28K1|1878,CONNECTS_TO,Station:I28K1|1879,1500.0,120.0,263.0
Station:I28K1|1879,CONNECTS_TO,Station:I28K1|1880,1300.0,,
Station:I28K1|1880,CONNECTS_TO,Station:I28K1|1881,1000.0,,
Station:I28K1|1881,CONNECTS_TO,Station:I28K1|1882,1300.0,,
Station:I28K1|1882,CONNECTS_TO,Station:I28K1|1883,1300.0,,
Station:I28K1|1883,CONNECTS_TO,Station:S2801|3130,1000.0,,
Station:I28K1|1884,CONNECTS_TO,Station:I28K1|1885,886.0,90.0,263.0
Station:I28K1|1885,CONNECTS_TO,Station:I28K1|1886,2700.0,180.0,263.0
Station:I28K1|1885,CONNECTS_TO,Station:S2801|3130,900.0,,
Station:I28K1|1886,CONNECTS_TO,Station:I28K1|1888,2400.0,120.0,263.0
Station:I28K1|1888,CONNECTS_TO,Station:I28K1|1889,1800.0,120.0,263.0
Station:I28K1|1889,CONNECTS_TO,Station:I28K1|1890,1500.0,120.0,263.0
Station:I28K1|1890,CONNECTS_TO,Station:I28K1|1891,1100.0,,
Station:I4101|0124,CONNECTS_TO,Station:I4101|0125,1000.0,,264.0
Station:I4101|0125,CONNECTS_TO,Station:I4101|0126,900.0,90.0,575.0
Station:I4101|0126,CONNECTS_TO,Station:I4101|0127,700.0,90.0,575.0
Station:I4101|0127,CONNECTS_TO,Station:I4101|0128,600.0,,232.0
Station:I4101|0128,CONNECTS_TO,Station:I4101|0129,800.0,,240.0
Station:I4101|0129,CONNECTS_TO,Station:I4101|0130,900.0,,240.0
Station:I4101|0130,CONNECTS_TO,Station:I4101|0131,800.0,,240.0
Station:I4101|0131,CONNECTS_TO,Station:I4101|0132,1000.0,120.0,956.0
Station:I4101|0132,CONNECTS_TO,Station:I4108|1251,1100.0,,240.0
Station:I4101|0132,CONNECTS_TO,Station:S1102|0202,481.0,,240.0
Station:I4101|1002,CONNECTS_TO,Station:I4101|1003,1700.0,120.0,1177.0
Station:I4101|1003,CONNECTS_TO,Station:I4101|1004,1500.0,180.0,595.0
Station:I4101|1004,CONNECTS_TO,Station:I4101|1005,2600.0,120.0,595.0
Station:I4101|1005,CONNECTS_TO,Station:I4101|1032,1500.0,60.0,669.0
Station:I4101|1005,CONNECTS_TO,Station:L11SL|S403,877.0,,182.0
Station:I4101|1005,CONNECTS_TO,Station:S1109|4116,469.0,,182.0
Station:I4101|1006,CONNECTS_TO,Station:I4101|1007,1000.0,120.0,742.0
Station:I4101|1006,CONNECTS_TO,Station:I4101|1032,800.0,120.0,669.0
Station:I4101|1007,CONNECTS_TO,Station:I4101|1701,1500.0,120.0,742.0
Station:I4101|1701,CONNECTS_TO,Station:I4101|1702,1100.0,,153.0
Station:I4101|1702,CONNECTS_TO,Station:I4101|1714,2000.0,,129.0
Station:I4101|1702,CONNECTS_TO,Station:S1107|0745,800.0,,199.0
Station:I4101|1702,CONNECTS_TO,Station:S1107|0747,1400.0,,199.0
Station:I4101|1703,CONNECTS_TO,Station:I4101|1704,1900.0,,222.0
Station:I4101|1703,CONNECTS_TO,Station:I4101|1750,1900.0,,40.0
Station:I4101|1704,CONNECTS_TO,Station:I4101|1705,1900.0,120.0,603.0
Station:I4101|1705,CONNECTS_TO,Station:I4101|1706,2400.0,150.0,593.0
Station:I4101|1706,CONNECTS_TO,Station:I4101|1707,2200.0,150.0,593.0
Station:I4101|1707,CONNECTS_TO,Station:I4101|1708,1400.0,120.0,297.0
Station:I4101|1707,CONNECTS_TO,Station:I4103|1708,1558.0,120.0,296.0
Station:I4101|1708,CONNECTS_TO,Station:I4101|1709,2200.0,180.0,297.0
Station:I4101|1709,CONNECTS_TO,Station:I4101|1729,1600.0,90.0,602.0
Station:I4101|1710,CONNECTS_TO,Station:I4101|1711,2900.0,,236.0
Station:I4101|1710,CONNECTS_TO,Station:I4101|1729,2600.0,120.0,602.0
Station:I4101|1711,CONNECTS_TO,Station:I4101|1712,2600.0,,220.0
Station:I4101|1712,CONNECTS_TO,Station:I4101|1713,2100.0,150.0,297.0
Station:I4101|1713,CONNECTS_TO,Station:I4101|1715,2900.0,180.0,297.0
Station:I4101|1714,CONNECTS_TO,Station:I4101|1750,5577.0,,
Station:I4101|1715,CONNECTS_TO,Station:I4101|1716,4300.0,240.0,593.0
Station:I4101|1716,CONNECTS_TO,Station:I4101|1749,2400.0,330.0,243.0
Station:I4101|1717,CONNECTS_TO,Station:I4101|1718,2700.0,150.0,375.0
Station:I4101|1717,CONNECTS_TO,Station:I4101|1749,1205.0,,
Station:I4101|1718,CONNECTS_TO,Station:I4101|1719,2700.0,210.0,355.0
Station:I4101|1719,CONNECTS_TO,Station:I4101|1720,4000.0,180.0,355.0
Station:I4101|1720,CONNECTS_TO,Station:I4101|1721,3800.0,180.0,359.0
Station:I4101|1721,CONNECTS_TO,Station:I4101|1722,2200.0,150.0,355.0
Station:I4101|1722,CONNECTS_TO,Station:I4101|1723,4800.0,,124.0
Station:I4101|1723,CONNECTS_TO,Station:I4101|1724,3700.0,,124.0
Station:I4101|1724,CONNECTS_TO,Station:I4101|1725,9400.0,390.0,405.0
Station:I4101|1725,CONNECTS_TO,Station:I4101|1726,5400.0,240.0,355.0
Station:I4101|1726,CONNECTS_TO,Station:I4101|1727,3800.0,270.0,355.0
Station:I4101|1727,CONNECTS_TO,Station:I4401|1728,3100.0,240.0,392.0
Station:I4102|1010,CONNECTS_TO,Station:I4102|1011,1600.0,120.0,310.0
Station:I4102|1012,CONNECTS_TO,Station:S1102|0208,1400.0,120.0,155.0
Station:I4102|1013,CONNECTS_TO,Station:I4108|1014,2191.0,300.0,1.0
Station:I4102|1013,CONNECTS_TO,Station:S1105|0541,625.0,,200.0
Station:I4102|1014,CONNECTS_TO,Station:I4102|1015,1400.0,180.0,22.0
Station:I4102|1015,CONNECTS_TO,Station:I4102|1016,882.0,,188.0
Station:I4102|1016,CONNECTS_TO,Station:I4102|1017,800.0,60.0,990.0
Station:I4102|1016,CONNECTS_TO,Station:I4108|1015,800.0,90.0,802.0
Station:I4102|1017,CONNECTS_TO,Station:S1106|0644,1463.0,120.0,497.0
Station:I4102|1018,CONNECTS_TO,Station:I4108|1019,1100.0,120.0,294.0
Station:I4102|1018,CONNECTS_TO,Station:S1106|0643,800.0,,166.0
Station:I4102|1018,CONNECTS_TO,Station:S1106|0645,1000.0,,166.0
Station:I4102|1019,CONNECTS_TO,Station:I4102|1020,1093.0,90.0,284.0
Station:I4102|1019,CONNECTS_TO,Station:S1106|0644,1026.0,120.0,497.0
Station:I4102|1020,CONNECTS_TO,Station:I4102|1021,1400.0,120.0,648.0
Station:I4102|1022,CONNECTS_TO,Station:S1107|0713,1144.0,,236.0
Station:I4102|1901,CONNECTS_TO,Station:I4102|1902,1300.0,90.0,644.0
Station:I4102|1902,CONNECTS_TO,Station:S1107|0710,1081.0,90.0,323.0
Station:I4102|1903,CONNECTS_TO,Station:S1107|0709,1400.0,,85.0
Station:I4102|1903,CONNECTS_TO,Station:S1107|0711,1600.0,,85.0
Station:I4102|1904,CONNECTS_TO,Station:I4102|1905,1505.0,120.0,323.0
Station:I4102|1904,CONNECTS_TO,Station:S1107|0710,2377.0,150.0,323.0
Station:I4102|1905,CONNECTS_TO,Station:I4102|1906,1639.0,150.0,330.0
Station:I4102|1906,CONNECTS_TO,Station:I4102|1907,1200.0,120.0,507.0
Station:I4102|1906,CONNECTS_TO,Station:L41U1|U111,1600.0,150.0,328.0
Station:I4102|1907,CONNECTS_TO,Station:I4102|1908,1300.0,90.0,509.0
Station:I4102|1908,CONNECTS_TO,Station:I4102|1909,1600.0,120.0,507.0
Station:I4102|1909,CONNECTS_TO,Station:I4102|1910,5300.0,,121.0
Station:I4102|1910,CONNECTS_TO,Station:I4102|1911,2900.0,180.0,323.0
Station:I4102|1911,CONNECTS_TO,Station:I4102|1912,5600.0,270.0,338.0
Station:I4102|1912,CONNECTS_TO,Station:I4102|1913,1000.0,,136.0
Station:I4102|1913,CONNECTS_TO,Station:I4102|1914,1400.0,,123.0
Station:I4102|1914,CONNECTS_TO,Station:I4102|1915,1600.0,120.0,325.0
Station:I4102|1915,CONNECTS_TO,Station:I4102|1916,2400.0,180.0,203.0
Station:I4102|1916,CONNECTS_TO,Station:I4102|1917,5800.0,315.0,113.0
Station:I4102|1917,CONNECTS_TO,Station:I4102|1918,3300.0,225.0,113.0
Station:I4102|1918,CONNECTS_TO,Station:I4102|1919,8700.0,450.0,113.0
Station:I4103|1450,CONNECTS_TO,Station:I4103|1451,900.0,,252.0
Station:I4103|1451,CONNECTS_TO,Station:I4103|1452,1000.0,,252.0
Station:I4103|1452,CONNECTS_TO,Station:I4103|1453,1000.0,90.0,598.0
Station:I4103|1453,CONNECTS_TO,Station:I4103|1454,1000.0,,252.0
Station:I4103|1454,CONNECTS_TO,Station:I4103|1455,3000.0,,252.0
Station:I4103|1455,CONNECTS_TO,Station:I4103|1456,1600.0,,252.0
Station:I4103|1456,CONNECTS_TO,Station:I4103|1457,1300.0,,252.0
Station:I4103|1457,CONNECTS_TO,Station:I4103|1751,3866.0,,
Station:I4103|1751,CONNECTS_TO,Station:I4103|1763,1100.0,90.0,600.0
Station:I4103|1752,CONNECTS_TO,Station:I4103|1753,2000.0,120.0,601.0
Station:I4103|1752,CONNECTS_TO,Station:I4103|1763,2600.0,180.0,602.0
Station:I4103|1753,CONNECTS_TO,Station:I4103|1754,3700.0,180.0,600.0
Station:I4103|1754,CONNECTS_TO,Station:I4103|1755,1500.0,90.0,302.0
Station:I4104|0405,CONNECTS_TO,Station:I4104|0406,1958.0,150.0,434.0
Station:I4104|0406,CONNECTS_TO,Station:I4104|0408,7846.0,,158.0
Station:I4105|1013,CONNECTS_TO,Station:S1102|0209,1000.0,,240.0
Station:I4105|1023,CONNECTS_TO,Station:S1102|0219,1348.0,,239.0
Station:I4105|1023,CONNECTS_TO,Station:S1102|0221,1183.0,,239.0
Station:I4105|1024,CONNECTS_TO,Station:S1102|0220,1000.0,90.0,291.0
Station:I4105|1026,CONNECTS_TO,Station:I4105|1027,700.0,90.0,582.0
Station:I4105|1027,CONNECTS_TO,Station:I4105|1028,600.0,,
Station:I4105|1028,CONNECTS_TO,Station:I4105|1030,3000.0,,
Station:I4105|1030,CONNECTS_TO,Station:S1108|0820,3200.0,,
Station:I4105|1031,CONNECTS_TO,Station:S1108|0819,985.0,,159.0
Station:I4105|1846,CONNECTS_TO,Station:I4105|1872,1500.0,,
Station:I4105|1847,CONNECTS_TO,Station:I4105|1848,1900.0,,
Station:I4105|1848,CONNECTS_TO,Station:S1107|0730,1200.0,,
Station:I4105|1849,CONNECTS_TO,Station:S1107|0729,1100.0,,199.0
Station:I4105|1849,CONNECTS_TO,Station:S1107|0731,900.0,,199.0
Station:I4105|1850,CONNECTS_TO,Station:S1102|0220,700.0,,
Station:I4105|1850,CONNECTS_TO,Station:S1107|0730,700.0,,
Station:I4105|1851,CONNECTS_TO,Station:I4105|1852,1000.0,90.0,582.0
Station:I4105|1851,CONNECTS_TO,Station:S1108|0820,2400.0,150.0,291.0
Station:I4105|1852,CONNECTS_TO,Station:I4105|1853,866.0,90.0,291.0
Station:I4105|1852,CONNECTS_TO,Station:S1108|0827,900.0,90.0,291.0
Station:I4105|1854,CONNECTS_TO,Station:I4105|1860,1700.0,120.0,291.0
Station:I4105|1854,CONNECTS_TO,Station:S1108|0827,2300.0,150.0,291.0
Station:I4105|1855,CONNECTS_TO,Station:I4105|1856,1100.0,90.0,582.0
Station:I4105|1855,CONNECTS_TO,Station:I4105|1860,1400.0,90.0,291.0
Station:I4105|1855,CONNECTS_TO,Station:I41K5|1502,1141.0,90.0,291.0
Station:I4105|1856,CONNECTS_TO,Station:I4105|1857,1481.0,120.0,291.0
Station:I4105|1858,CONNECTS_TO,Station:I4105|1859,1139.0,90.0,291.0
Station:I4105|1859,CONNECTS_TO,Station:I4105|1862,1800.0,180.0,582.0
Station:I4105|1861,CONNECTS_TO,Station:I4105|1862,1300.0,120.0,362.0
Station:I4105|1861,CONNECTS_TO,Station:I4105|1863,1600.0,120.0,362.0
Station:I4105|1863,CONNECTS_TO,Station:I4105|1864,1600.0,120.0,362.0
Station:I4105|1864,CONNECTS_TO,Station:I4105|1865,1400.0,120.0,362.0
Station:I4105|1865,CONNECTS_TO,Station:I4105|1866,1900.0,120.0,362.0
Station:I4105|1866,CONNECTS_TO,Station:I4105|1867,2800.0,180.0,362.0
Station:I4105|1867,CONNECTS_TO,Station:I4105|1868,1100.0,90.0,362.0
Station:I4105|1868,CONNECTS_TO,Station:I4105|1869,1500.0,120.0,362.0
Station:I4105|1869,CONNECTS_TO,Station:I4105|1870,1800.0,,
Station:I4105|1870,CONNECTS_TO,Station:I4105|1871,1400.0,,
Station:I4105|1871,CONNECTS_TO,Station:I4105|1872,1400.0,,
Station:I4106|1948,CONNECTS_TO,Station:I4106|1950,2100.0,120.0,660.0
Station:I4106|1948,CONNECTS_TO,Station:I4106|1951,2900.0,150.0,660.0
Station:I4106|1951,CONNECTS_TO,Station:I4106|1952,2600.0,180.0,660.0
Station:I4106|1952,CONNECTS_TO,Station:I4106|1953,1922.0,,132.0
Station:I4106|1953,CONNECTS_TO,Station:I4106|1954,2380.0,,132.0
Station:I4106|1954,CONNECTS_TO,Station:I4106|1955,1400.0,120.0,660.0
Station:I4106|1955,CONNECTS_TO,Station:I4106|1956,900.0,90.0,660.0
Station:I4106|1956,CONNECTS_TO,Station:I4106|1957,1600.0,120.0,660.0
Station:I4106|1957,CONNECTS_TO,Station:I4106|1958,1400.0,120.0,660.0
Station:I4108|1201,CONNECTS_TO,Station:S1107|0720,800.0,90.0,173.0
Station:I4108|1202,CONNECTS_TO,Station:I41K2|1203,675.0,90.0,103.0
Station:I4108|1202,CONNECTS_TO,Station:S1107|0719,1000.0,,199.0
Station:I4108|1202,CONNECTS_TO,Station:S1107|0721,800.0,,199.0
Station:I4108|1203,CONNECTS_TO,Station:I4108|1204,1700.0,,
Station:I4108|1203,CONNECTS_TO,Station:S1107|0720,600.0,90.0,173.0
Station:I4108|1204,CONNECTS_TO,Station:S1108|807,3200.0,,
Station:I4108|1205,CONNECTS_TO,Station:I4108|1206,1677.0,150.0,304.0
Station:I4108|1206,CONNECTS_TO,Station:I4108|1207,3700.0,,
Station:I4108|1206,CONNECTS_TO,Station:S1108|807,1700.0,,
Station:I4108|1207,CONNECTS_TO,Station:I4108|1208,2300.0,,
Station:I4108|1208,CONNECTS_TO,Station:I4108|1209,1500.0,120.0,186.0
Station:I4108|1209,CONNECTS_TO,Station:I4108|1210,4200.0,240.0,186.0
Station:I4108|1210,CONNECTS_TO,Station:I4108|1211,6400.0,300.0,166.0
Station:I4108|1211,CONNECTS_TO,Station:I4108|1212,1900.0,120.0,166.0
Station:I4108|1212,CONNECTS_TO,Station:I4108|1213,4700.0,240.0,166.0
Station:I4108|1213,CONNECTS_TO,Station:I4108|1214,2900.0,180.0,166.0
Station:I4108|1214,CONNECTS_TO,Station:I4108|1215,4100.0,210.0,166.0
Station:I4108|1215,CONNECTS_TO,Station:I4108|1216,2800.0,180.0,166.0
Station:I4108|1216,CONNECTS_TO,Station:I4108|1217,2200.0,150.0,166.0
Station:I4108|1217,CONNECTS_TO,Station:I4108|1218,5800.0,330.0,166.0
Station:I4108|1218,CONNECTS_TO,Station:I4108|1219,4800.0,270.0,166.0
Station:I4108|1219,CONNECTS_TO,Station:I4108|1220,3600.0,270.0,23.0
Station:I4108|1252,CONNECTS_TO,Station:S1102|0241,800.0,,240.0
Station:I4108|1261,CONNECTS_TO,Station:I4108|1262,1000.0,,165.0
Station:I4108|1262,CONNECTS_TO,Station:S1106|0627,898.0,,1.0
Station:I4108|1263,CONNECTS_TO,Station:S1102|0239,900.0,,
Station:I4108|1263,CONNECTS_TO,Station:S1105|0529,1900.0,150.0,303.0
Station:I4108|1264,CONNECTS_TO,Station:S1106|0618,3046.0,,182.0
Station:I4108|1264,CONNECTS_TO,Station:S1106|0626,2685.0,,182.0
Station:I4108|1265,CONNECTS_TO,Station:S1102|0240,2453.0,180.0,39.0
Station:I4108|1265,CONNECTS_TO,Station:S1106|0627,5239.0,,
Station:I4108|1266,CONNECTS_TO,Station:S1106|0617,900.0,,166.0
Station:I4108|1266,CONNECTS_TO,Station:S1106|0619,1100.0,,166.0
Station:I4108|1267,CONNECTS_TO,Station:I4108|1268,3400.0,,
Station:I4108|1268,CONNECTS_TO,Station:I4108|1269,2400.0,,
Station:I4108|1269,CONNECTS_TO,Station:I4108|1270,1000.0,90.0,377.0
Station:I4108|1270,CONNECTS_TO,Station:I4108|1271,1374.0,150.0,193.0
Station:I4108|1270,CONNECTS_TO,Station:I41WS|1271,1500.0,150.0,184.0
Station:I4108|1272,CONNECTS_TO,Station:I4108|1273,1600.0,120.0,470.0
Station:I4108|1272,CONNECTS_TO,Station:I41WS|1271,3424.0,,
Station:I4108|1272,CONNECTS_TO,Station:I41WS|1953,1700.0,150.0,234.0
Station:I4108|1273,CONNECTS_TO,Station:I4108|1274,1700.0,120.0,470.0
Station:I4108|1274,CONNECTS_TO,Station:I4108|1275,1900.0,120.0,470.0
Station:I4108|1275,CONNECTS_TO,Station:I4108|1276,1700.0,120.0,332.0
Station:I4108|1276,CONNECTS_TO,Station:I4108|1277,2100.0,120.0,332.0
Station:I4108|1277,CONNECTS_TO,Station:I4108|1278,1500.0,90.0,332.0
Station:I4108|1278,CONNECTS_TO,Station:I4108|1279,3100.0,180.0,332.0
Station:I4108|1279,CONNECTS_TO,Station:I4108|1280,2100.0,120.0,332.0
Station:I4108|1280,CONNECTS_TO,Station:I4108|1282,4100.0,210.0,332.0
Station:I4108|1282,CONNECTS_TO,Station:I4108|1283,2200.0,150.0,332.0
Station:I4108|1283,CONNECTS_TO,Station:I4108|1284,4400.0,210.0,332.0
Station:I4108|1284,CONNECTS_TO,Station:I4108|1286,3700.0,360.0,8.0
Station:I4108|1285,CONNECTS_TO,Station:I4108|1286,2300.0,240.0,8.0
Station:I41K2|1203,CONNECTS_TO,Station:S1106|0648,1769.0,150.0,103.0
Station:I41K2|1311,CONNECTS_TO,Station:S1106|0647,700.0,,118.0
Station:I41K2|1312,CONNECTS_TO,Station:I41K2|1313,1400.0,90.0,103.0
Station:I41K2|1312,CONNECTS_TO,Station:S1106|0648,2569.0,180.0,103.0
Station:I41K2|1312,CONNECTS_TO,Station:S4108|804,1442.0,90.0,103.0
Station:I41K2|1313,CONNECTS_TO,Station:I41K2|1314,1600.0,120.0,103.0
Station:I41K2|1313,CONNECTS_TO,Station:S4108|805,2810.0,,319.0
Station:I41K2|1314,CONNECTS_TO,Station:I41K2|1315,3300.0,180.0,206.0
Station:I41K2|1315,CONNECTS_TO,Station:I41K2|1316,3600.0,180.0,206.0
Station:I41K2|1316,CONNECTS_TO,Station:I41K2|1317,4000.0,,
Station:I41K2|1317,CONNECTS_TO,Station:I41K2|1318,4200.0,,
Station:I41K2|1318,CONNECTS_TO,Station:I41K2|1319,2200.0,120.0,199.0
Station:I41K2|1319,CONNECTS_TO,Station:I41K2|1320,7400.0,330.0,182.0
Station:I41K2|1320,CONNECTS_TO,Station:I41K2|1321,7500.0,360.0,182.0
Station:I41K2|1321,CONNECTS_TO,Station:I41K2|1322,4800.0,240.0,182.0
Station:I41K2|1322,CONNECTS_TO,Station:I41K2|1323,7100.0,330.0,182.0
Station:I41K2|1323,CONNECTS_TO,Station:I41K2|1324,4700.0,240.0,182.0
Station:I41K2|1324,CONNECTS_TO,Station:I41K2|1325,2900.0,180.0,182.0
Station:I41K2|1325,CONNECTS_TO,Station:I41K2|1326,5300.0,270.0,182.0
Station:I41K2|1326,CONNECTS_TO,Station:I41K2|1327,7600.0,330.0,182.0
Station:I41K2|1327,CONNECTS_TO,Station:I41K2|1328,5900.0,300.0,182.0
Station:I41K2|1328,CONNECTS_TO,Station:I41K2|1329,2700.0,180.0,182.0
Station:I41K5|1501,CONNECTS_TO,Station:I41K5|1512,700.0,,
Station:I41K5|1502,CONNECTS_TO,Station:I41K5|1503,6900.0,,
Station:I41K5|1502,CONNECTS_TO,Station:I41K5|1512,800.0,,
Station:I41K5|1503,CONNECTS_TO,Station:I41K5|1504,4900.0,,
Station:I41K5|1504,CONNECTS_TO,Station:I41K5|1505,5000.0,,
Station:I41K5|1505,CONNECTS_TO,Station:I41K5|1506,4900.0,240.0,220.0
Station:I41K5|1506,CONNECTS_TO,Station:I41K5|1507,6800.0,,
Station:I41K5|1507,CONNECTS_TO,Station:I41K5|1508,7800.0,,
Station:I41K5|1508,CONNECTS_TO,Station:I41K5|1509,4500.0,210.0,220.0
Station:I41K5|1509,CONNECTS_TO,Station:I41K5|1510,8300.0,,
Station:I41K5|1510,CONNECTS_TO,Station:I41K5|1511,5400.0,,
Station:I41WS|1980,CONNECTS_TO,Station:I41WS|1981,4300.0,,
Station:I41WS|1980,CONNECTS_TO,Station:S1105|0511,1200.0,,395.0
Station:I41WS|1980,CONNECTS_TO,Station:S1105|0513,1200.0,,395.0
Station:I41WS|1980,CONNECTS_TO,Station:S1109|4105,2138.0,,182.0
Station:I41WS|1980,CONNECTS_TO,Station:S2801|3110,6061.0,,182.0
Station:I41WS|1981,CONNECTS_TO,Station:I41WS|1982,2100.0,,
Station:I41WS|1982,CONNECTS_TO,Station:S1107|3753,1187.0,,252.0
Station:I41WS|1982,CONNECTS_TO,Station:S1107|3755,952.0,,252.0
Station:I41WS|4805,CONNECTS_TO,Station:I41WS|4806,2037.0,,
Station:I41WS|4806,CONNECTS_TO,Station:I41WS|4807,1381.0,,
Station:I41WS|4807,CONNECTS_TO,Station:I41WS|4808,3334.0,,
Station:I41WS|4808,CONNECTS_TO,Station:I41WS|4809,3472.0,,
Station:I41WS|4809,CONNECTS_TO,Station:I41WS|4810,1291.0,,
Station:I41WS|4810,CONNECTS_TO,Station:I41WS|4811,2335.0,,
Station:I41WS|4811,CONNECTS_TO,Station:I41WS|4812,1603.0,150.0,320.0
Station:I41WS|4814,CONNECTS_TO,Station:I41WS|4815,1394.0,150.0,320.0
Station:I4401|1401,CONNECTS_TO,Station:I4401|1402,1600.0,,84.0
Station:I4401|1401,CONNECTS_TO,Station:I4401|1728,1300.0,120.0,204.0
Station:I4401|1402,CONNECTS_TO,Station:I4401|1403,1600.0,,84.0
Station:I4401|1403,CONNECTS_TO,Station:I4401|1404,1800.0,150.0,204.0
Station:I4401|1404,CONNECTS_TO,Station:I4401|1405,3100.0,180.0,204.0
Station:I4401|1405,CONNECTS_TO,Station:I4401|1407,4900.0,,84.0
Station:I4401|1407,CONNECTS_TO,Station:I4401|1408,5100.0,,74.0
Station:L11SL|S401,CONNECTS_TO,Station:S1105|0526,669.0,,125.0
Station:L11SL|S402,CONNECTS_TO,Station:S1109|4116,566.0,,192.0
Station:L11SL|S403,CONNECTS_TO,Station:L11SL|S404,669.0,,182.0
Station:L11SL|S404,CONNECTS_TO,Station:L11SL|S405,599.0,,182.0
Station:L11SL|S404,CONNECTS_TO,Station:S1107|0741,800.0,,199.0
Station:L11SL|S404,CONNECTS_TO,Station:S1107|0743,900.0,,199.0
Station:L11SL|S405,CONNECTS_TO,Station:L11SL|S406,557.0,,374.0
Station:L11SL|S405,CONNECTS_TO,Station:S1107|0742,547.0,,192.0
Station:L11SL|S406,CONNECTS_TO,Station:L11SL|S407,459.0,,384.0
Station:L11SL|S407,CONNECTS_TO,Station:L11SL|S408,600.0,,192.0
Station:L11SL|S408,CONNECTS_TO,Station:L11SL|S409,802.0,,192.0
Station:L11SL|S409,CONNECTS_TO,Station:L11SL|S410,696.0,,384.0
Station:L11SL|S410,CONNECTS_TO,Station:L11SL|S411,1020.0,,384.0
Station:L11UI|S110,CONNECTS_TO,Station:L11UI|S111,754.0,,516.0
Station:L11UI|S111,CONNECTS_TO,Station:L11UI|S112,727.0,,
Station:L11UI|S112,CONNECTS_TO,Station:L11UI|S113,922.0,,
Station:L11UI|S113,CONNECTS_TO,Station:L11UI|S114,818.0,,516.0
Station:L11UI|S114,CONNECTS_TO,Station:L11UI|S115,805.0,,516.0
Station:L11UI|S115,CONNECTS_TO,Station:L11UI|S116,657.0,,516.0
Station:L11UI|S116,CONNECTS_TO,Station:L11UI|S117,621.0,,516.0
Station:L11UI|S117,CONNECTS_TO,Station:L11UI|S118,1013.0,,516.0
Station:L11UI|S118,CONNECTS_TO,Station:L11UI|S119,1160.0,,516.0
Station:L11UI|S120,CONNECTS_TO,Station:S1106|0638,831.0,,258.0
Station:L11UI|S121,CONNECTS_TO,Station:L11UI|S122,1048.0,,258.0
Station:L11UI|S121,CONNECTS_TO,Station:S1106|0637,900.0,,165.0
Station:L11UI|S121,CONNECTS_TO,Station:S1106|0639,800.0,,165.0
Station:L2604|0402,CONNECTS_TO,Station:S2601|0126,861.0,,177.0
Station:L2604|0403,CONNECTS_TO,Station:L2604|0404,660.0,,310.0
Station:L2604|0403,CONNECTS_TO,Station:S2601|0125,637.0,,155.0
Station:L2604|0404,CONNECTS_TO,Station:L2604|0405,625.0,,310.0
Station:L2604|0405,CONNECTS_TO,Station:L2604|0406,679.0,,310.0
Station:L2604|0406,CONNECTS_TO,Station:L2604|0407,1074.0,,310.0
Station:L2604|0407,CONNECTS_TO,Station:L2604|0408,735.0,,310.0
Station:L2604|0408,CONNECTS_TO,Station:L2604|0409,828.0,,310.0
Station:L2604|0409,CONNECTS_TO,Station:L2604|0410,1200.0,,310.0
Station:L2604|0410,CONNECTS_TO,Station:L2604|0411,1170.0,,310.0
Station:L2604|0411,CONNECTS_TO,Station:L2604|0412,1033.0,,310.0
Station:L2604|0412,CONNECTS_TO,Station:L2604|0413,707.0,,310.0
Station:L2604|0413,CONNECTS_TO,Station:L2604|0414,1039.0,,310.0
Station:L41E1|Y110,CONNECTS_TO,Station:L41E1|Y111,991.0,,132.0
Station:L41E1|Y111,CONNECTS_TO,Station:L41E1|Y112,909.0,,132.0
Station:L41E1|Y112,CONNECTS_TO,Station:L41E1|Y113,876.0,,132.0
Station:L41E1|Y113,CONNECTS_TO,Station:L41E1|Y114,1024.0,,132.0
Station:L41E1|Y114,CONNECTS_TO,Station:L41E1|Y115,1100.0,,132.0
Station:L41E1|Y115,CONNECTS_TO,Station:L41E1|Y116,2223.0,,132.0
Station:L41E1|Y116,CONNECTS_TO,Station:L41E1|Y117,991.0,,132.0
Station:L41E1|Y117,CONNECTS_TO,Station:L41E1|Y118,1021.0,,132.0
Station:L41E1|Y118,CONNECTS_TO,Station:L41E1|Y119,741.0,,132.0
Station:L41E1|Y119,CONNECTS_TO,Station:L41E1|Y120,927.0,,132.0
Station:L41E1|Y120,CONNECTS_TO,Station:L41E1|Y121,875.0,,132.0
Station:L41E1|Y121,CONNECTS_TO,Station:L41E1|Y122,1638.0,,132.0
Station:L41E1|Y122,CONNECTS_TO,Station:L41E1|Y123,1012.0,,132.0
Station:L41E1|Y123,CONNECTS_TO,Station:L41E1|Y124,2089.0,,132.0
Station:L41G1|G100,CONNECTS_TO,Station:L41G1|G101,1284.0,,201.0
Station:L41G1|G101,CONNECTS_TO,Station:L41G1|G102,1459.0,,517.0
Station:L41G1|G102,CONNECTS_TO,Station:L41G1|G103,2239.0,,517.0
Station:L41G1|G103,CONNECTS_TO,Station:L41G1|G104,1703.0,,518.0
Station:L41G1|G104,CONNECTS_TO,Station:L41G1|G105,3135.0,,518.0
Station:L41G1|G105,CONNECTS_TO,Station:L41G1|G106,1757.0,,518.0
Station:L41G1|G106,CONNECTS_TO,Station:L41G1|G107,1442.0,,518.0
Station:L41G1|G107,CONNECTS_TO,Station:L41G1|G108,3549.0,,518.0
Station:L41G1|G108,CONNECTS_TO,Station:S1105|0512,5129.0,,518.0
Station:L41G1|G109,CONNECTS_TO,Station:S1109|4101,1844.0,,124.0
Station:L41G1|G109,CONNECTS_TO,Station:S1109|4103,795.0,,124.0
Station:L41U1|U110,CONNECTS_TO,Station:L41U1|U111,578.0,,439.0
Station:L41U1|U111,CONNECTS_TO,Station:L41U1|U112,490.0,,439.0
Station:L41U1|U112,CONNECTS_TO,Station:L41U1|U113,954.0,,439.0
Station:L41U1|U113,CONNECTS_TO,Station:L41U1|U114,775.0,,439.0
Station:L41U1|U114,CONNECTS_TO,Station:L41U1|U115,487.0,,439.0
Station:L41U1|U115,CONNECTS_TO,Station:L41U1|U117,1097.0,,439.0
Station:L41U1|U117,CONNECTS_TO,Station:L41U1|U118,671.0,,439.0
Station:L41U1|U118,CONNECTS_TO,Station:L41U1|U119,729.0,,439.0
Station:L41U1|U119,CONNECTS_TO,Station:L41U1|U120,699.0,,439.0
Station:L41U1|U120,CONNECTS_TO,Station:L41U1|U121,628.0,,439.0
Station:L41U1|U121,CONNECTS_TO,Station:L41U1|U122,691.0,,439.0
Station:L41U1|U122,CONNECTS_TO,Station:L41U1|U123,878.0,,439.0
Station:L41U1|U123,CONNECTS_TO,Station:L41U1|U124,644.0,,439.0
Station:L41U1|U124,CONNECTS_TO,Station:L41U1|U125,427.0,,439.0
Station:L48B1|0001,CONNECTS_TO,Station:S2602|0226,889.0,,340.0
Station:L48B1|0001,CONNECTS_TO,Station:S2602|0228,1289.0,,340.0
Station:L48B1|0002,CONNECTS_TO,Station:L48B1|0003,2101.0,,394.0
Station:L48B1|0002,CONNECTS_TO,Station:S2602|0227,646.0,,394.0
Station:L48B1|0003,CONNECTS_TO,Station:L48B1|0004,838.0,,394.0
Station:L48B1|0004,CONNECTS_TO,Station:L48B1|0005,1233.0,,394.0
Station:L48B1|0005,CONNECTS_TO,Station:L48B1|0006,1790.0,,394.0
Station:L48B1|0006,CONNECTS_TO,Station:L48B1|0007,1902.0,,394.0
Station:L48B1|0007,CONNECTS_TO,Station:L48B1|0008,892.0,,394.0
Station:L48B1|0008,CONNECTS_TO,Station:L48B1|0009,1194.0,,394.0
Station:L48B1|0009,CONNECTS_TO,Station:L48B1|0010,1079.0,,394.0
Station:L48B1|0010,CONNECTS_TO,Station:L48B1|0011,704.0,,394.0
Station:L48B1|0011,CONNECTS_TO,Station:L48B1|0012,755.0,,394.0
Station:L48B1|0012,CONNECTS_TO,Station:L48B1|0013,1264.0,,394.0
Station:L48B1|0013,CONNECTS_TO,Station:L48B1|0014,1035.0,,394.0
Station:L48B1|0014,CONNECTS_TO,Station:L48B1|0015,596.0,,394.0
Station:L48B1|0015,CONNECTS_TO,Station:L48B1|0016,876.0,,394.0
Station:L48B1|0016,CONNECTS_TO,Station:L48B1|0017,648.0,,394.0
Station:L48B1|0017,CONNECTS_TO,Station:L48B1|0018,806.0,,394.0
Station:L48B1|0018,CONNECTS_TO,Station:L48B1|0019,1092.0,,394.0
Station:L48B1|0019,CONNECTS_TO,Station:L48B1|0020,1118.0,,394.0
Station:L48B1|0020,CONNECTS_TO,Station:L48B1|0021,819.0,,394.0
Station:S1102|0201,CONNECTS_TO,Station:S1102|0202,699.0,,239.0
Station:S1102|0202,CONNECTS_TO,Station:S1102|0203,733.0,,239.0
Station:S1102|0203,CONNECTS_TO,Station:S1102|0204,596.0,,239.0
Station:S1102|0203,CONNECTS_TO,Station:S1105|0534,600.0,,192.0
Station:S1102|0204,CONNECTS_TO,Station:S1105|0536,712.0,,239.0
Station:S1102|0206,CONNECTS_TO,Station:S1102|0207,900.0,,240.0
Station:S1102|0207,CONNECTS_TO,Station:S1105|0540,752.0,,239.0
Station:S1102|0207,CONNECTS_TO,Station:S1106|0635,1176.0,,239.0
Station:S1102|0208,CONNECTS_TO,Station:S1105|0539,900.0,,199.0
Station:S1102|0208,CONNECTS_TO,Station:S1105|0541,700.0,,198.0
Station:S1102|0209,CONNECTS_TO,Station:S1102|0210,1100.0,,479.0
Station:S1102|0209,CONNECTS_TO,Station:S1105|0540,892.0,,239.0
Station:S1102|0210,CONNECTS_TO,Station:S1102|0211,800.0,,479.0
Station:S1102|0211,CONNECTS_TO,Station:S1102|0212,1259.0,,239.0
Station:S1102|0211,CONNECTS_TO,Station:S1121|2111,800.0,,226.0
Station:S1102|0212,CONNECTS_TO,Station:S1102|0213,1540.0,,239.0
Station:S1102|0213,CONNECTS_TO,Station:S1102|0214,900.0,,479.0
Station:S1102|0214,CONNECTS_TO,Station:S1102|0215,1800.0,,479.0
Station:S1102|0215,CONNECTS_TO,Station:S1102|0216,1000.0,,240.0
Station:S1102|0215,CONNECTS_TO,Station:S1108|0814,673.0,,239.0
Station:S1102|0217,CONNECTS_TO,Station:S1108|0814,1626.0,,239.0
Station:S1102|0217,CONNECTS_TO,Station:S1109|4130,823.0,,239.0
Station:S1102|0218,CONNECTS_TO,Station:S1109|4129,1247.0,,125.0
Station:S1102|0218,CONNECTS_TO,Station:S1109|4131,1389.0,,125.0
Station:S1102|0219,CONNECTS_TO,Station:S1109|4130,1237.0,,239.0
Station:S1102|0221,CONNECTS_TO,Station:S1102|0222,802.0,,239.0
Station:S1102|0222,CONNECTS_TO,Station:S1102|0223,1277.0,,239.0
Station:S1102|0223,CONNECTS_TO,Station:S1102|0224,637.0,,239.0
Station:S1102|0223,CONNECTS_TO,Station:S1109|4123,1600.0,,192.0
Station:S1102|0224,CONNECTS_TO,Station:S1102|0225,1700.0,,479.0
Station:S1102|0225,CONNECTS_TO,Station:S1102|0226,1600.0,,479.0
Station:S1102|0226,CONNECTS_TO,Station:S1102|0227,1700.0,,479.0
Station:S1102|0227,CONNECTS_TO,Station:S1102|0228,1000.0,,479.0
Station:S1102|0228,CONNECTS_TO,Station:S1102|0229,1000.0,,479.0
Station:S1102|0229,CONNECTS_TO,Station:S1102|0230,1088.0,,239.0
Station:S1102|0230,CONNECTS_TO,Station:S1102|0231,1469.0,,239.0
Station:S1102|0231,CONNECTS_TO,Station:S1102|0232,1100.0,,479.0
Station:S1102|0232,CONNECTS_TO,Station:S1107|0744,941.0,,239.0
Station:S1102|0233,CONNECTS_TO,Station:S1107|0745,1036.0,,198.0
Station:S1102|0234,CONNECTS_TO,Station:S1102|0235,1067.0,,221.0
Station:S1102|0234,CONNECTS_TO,Station:S1107|0744,1833.0,,239.0
Station:S1102|0235,CONNECTS_TO,Station:S1105|0523,692.0,,239.0
Station:S1102|0236,CONNECTS_TO,Station:S1105|0524,822.0,,198.0
Station:S1102|0237,CONNECTS_TO,Station:S1109|4112,837.0,,126.0
Station:S1102|0237,CONNECTS_TO,Station:S1109|4114,1538.0,,124.0
Station:S1102|0238,CONNECTS_TO,Station:S1106|0621,1000.0,,332.0
Station:S1102|0238,CONNECTS_TO,Station:S1106|0623,800.0,,332.0
Station:S1102|0239,CONNECTS_TO,Station:S1102|0240,1181.0,,238.0
Station:S1102|0239,CONNECTS_TO,Station:S1106|0622,1236.0,,239.0
Station:S1102|0240,CONNECTS_TO,Station:S1102|0241,813.0,,239.0
Station:S1102|0241,CONNECTS_TO,Station:S1102|0242,900.0,,479.0
Station:S1102|0242,CONNECTS_TO,Station:S1105|0531,661.0,,239.0
Station:S1102|0243,CONNECTS_TO,Station:S1105|0532,702.0,,198.0
Station:S1105|0510,CONNECTS_TO,Station:S1105|0511,900.0,,395.0
Station:S1105|0513,CONNECTS_TO,Station:S1105|0514,1100.0,,395.0
Station:S1105|0514,CONNECTS_TO,Station:S1105|0515,1200.0,,395.0
Station:S1105|0515,CONNECTS_TO,Station:S1105|0516,1100.0,,395.0
Station:S1105|0516,CONNECTS_TO,Station:S1105|0517,1000.0,,395.0
Station:S1105|0517,CONNECTS_TO,Station:S1105|0518,1200.0,,396.0
Station:S1105|0518,CONNECTS_TO,Station:S1105|0519,1300.0,,396.0
Station:S1105|0518,CONNECTS_TO,Station:S1122|2343,1900.0,,222.0
Station:S1105|0519,CONNECTS_TO,Station:S1105|0520,800.0,,396.0
Station:S1105|0520,CONNECTS_TO,Station:S1105|0521,900.0,,396.0
Station:S1105|0521,CONNECTS_TO,Station:S1105|0522,1000.0,,396.0
Station:S1105|0522,CONNECTS_TO,Station:S1105|0523,800.0,,198.0
Station:S1105|0523,CONNECTS_TO,Station:S1105|0524,900.0,,198.0
Station:S1105|0523,CONNECTS_TO,Station:S1109|4113,1245.0,,239.0
Station:S1105|0524,CONNECTS_TO,Station:S1105|0525,1100.0,,198.0
Station:S1105|0525,CONNECTS_TO,Station:S1109|4115,1000.0,,198.0
Station:S1105|0526,CONNECTS_TO,Station:S1109|4116,605.0,,1.0
Station:S1105|0527,CONNECTS_TO,Station:S1105|0528,1800.0,,396.0
Station:S1105|0527,CONNECTS_TO,Station:S1109|4115,1000.0,,198.0
Station:S1105|0529,CONNECTS_TO,Station:S1106|0625,1000.0,,166.0
Station:S1105|0529,CONNECTS_TO,Station:S1106|0627,1000.0,,164.0
Station:S1105|0530,CONNECTS_TO,Station:S1105|0531,900.0,,198.0
Station:S1105|0531,CONNECTS_TO,Station:S1105|0532,700.0,,198.0
Station:S1105|0532,CONNECTS_TO,Station:S1105|0533,1100.0,,396.0
Station:S1105|0533,CONNECTS_TO,Station:S1105|0534,1200.0,,198.0
Station:S1105|0534,CONNECTS_TO,Station:S1105|0535,1000.0,,198.0
Station:S1105|0535,CONNECTS_TO,Station:S1105|0536,900.0,,198.0
Station:S1105|0536,CONNECTS_TO,Station:S1106|0634,900.0,,198.0
Station:S1105|0536,CONNECTS_TO,Station:S1106|0635,969.0,,239.0
Station:S1105|0538,CONNECTS_TO,Station:S1105|0539,900.0,,396.0
Station:S1105|0538,CONNECTS_TO,Station:S1106|0634,900.0,,396.0
Station:S1105|0541,CONNECTS_TO,Station:S1105|0542,1000.0,,398.0
Station:S1105|0542,CONNECTS_TO,Station:S1105|0543,1200.0,,398.0
Station:S1105|0543,CONNECTS_TO,Station:S1107|0725,1500.0,,200.0
Station:S1105|0544,CONNECTS_TO,Station:S1105|0545,1052.0,,199.0
Station:S1105|0545,CONNECTS_TO,Station:S1105|0546,1500.0,,396.0
Station:S1105|0545,CONNECTS_TO,Station:S1107|0725,1000.0,,197.0
Station:S1105|0546,CONNECTS_TO,Station:S1105|0547,2000.0,,395.0
Station:S1105|0547,CONNECTS_TO,Station:S1105|0548,800.0,,395.0
Station:S1105|0547,CONNECTS_TO,Station:S1108|0810,1400.0,,160.0
Station:S1105|0547,CONNECTS_TO,Station:S1108|0812,1300.0,,160.0
Station:S1105|0548,CONNECTS_TO,Station:S1105|0549,900.0,,209.0
Station:S1105|0549,CONNECTS_TO,Station:S1105|0550,800.0,,209.0
Station:S1105|0550,CONNECTS_TO,Station:S1105|0551,800.0,,209.0
Station:S1105|0551,CONNECTS_TO,Station:S1105|0552,1200.0,,209.0
Station:S1105|0552,CONNECTS_TO,Station:S1105|0553,1100.0,,209.0
Station:S1105|0553,CONNECTS_TO,Station:S1105|0554,800.0,,188.0
Station:S1105|0554,CONNECTS_TO,Station:S1105|0555,1700.0,,188.0
Station:S1105|0555,CONNECTS_TO,Station:S1105|0556,2100.0,,188.0
Station:S1105|0556,CONNECTS_TO,Station:S1105|0557,1300.0,,189.0
Station:S1105|0557,CONNECTS_TO,Station:S1105|0558,1600.0,,189.0
Station:S1105|0558,CONNECTS_TO,Station:S1105|P549,7804.0,,
Station:S1105|P549,CONNECTS_TO,Station:S1105|P550,1400.0,,114.0
Station:S1105|P550,CONNECTS_TO,Station:S1105|P551,800.0,,114.0
Station:S1105|P551,CONNECTS_TO,Station:S1105|P552,900.0,,114.0
Station:S1105|P552,CONNECTS_TO,Station:S1105|P553,900.0,,114.0
Station:S1105|P553,CONNECTS_TO,Station:S1105|P554,900.0,,212.0
Station:S1105|P554,CONNECTS_TO,Station:S1105|P555,900.0,,212.0
Station:S1106|0610,CONNECTS_TO,Station:S1106|0611,1500.0,,165.0
Station:S1106|0615,CONNECTS_TO,Station:S1106|0616,900.0,,
Station:S1106|0616,CONNECTS_TO,Station:S1106|0617,900.0,,332.0
Station:S1106|0618,CONNECTS_TO,Station:S1109|4105,6581.0,,182.0
Station:S1106|0619,CONNECTS_TO,Station:S1106|0620,800.0,,332.0
Station:S1106|0620,CONNECTS_TO,Station:S1106|0621,800.0,,332.0
Station:S1106|0622,CONNECTS_TO,Station:S1109|4113,1962.0,,239.0
Station:S1106|0623,CONNECTS_TO,Station:S1106|0624,800.0,,332.0
Station:S1106|0624,CONNECTS_TO,Station:S1106|0625,900.0,,332.0
Station:S1106|0629,CONNECTS_TO,Station:S1106|0630,1100.0,,330.0
Station:S1106|0630,CONNECTS_TO,Station:S1106|0631,800.0,,330.0
Station:S1106|0631,CONNECTS_TO,Station:S1106|0632,1000.0,,330.0
Station:S1106|0632,CONNECTS_TO,Station:S1106|0633,1000.0,,165.0
Station:S1106|0633,CONNECTS_TO,Station:S1106|0634,700.0,,165.0
Station:S1106|0634,CONNECTS_TO,Station:S1106|0635,800.0,,165.0
Station:S1106|0635,CONNECTS_TO,Station:S1106|0636,700.0,,165.0
Station:S1106|0636,CONNECTS_TO,Station:S1106|0637,600.0,,165.0
Station:S1106|0637,CONNECTS_TO,Station:S1106|0638,742.0,,165.0
Station:S1106|0639,CONNECTS_TO,Station:S1106|0640,900.0,,331.0
Station:S1106|0640,CONNECTS_TO,Station:S1106|0641,800.0,,331.0
Station:S1106|0641,CONNECTS_TO,Station:S1106|0642,1400.0,,331.0
Station:S1106|0642,CONNECTS_TO,Station:S1106|0643,800.0,,330.0
Station:S1106|0645,CONNECTS_TO,Station:S1106|0646,800.0,,166.0
Station:S1106|0646,CONNECTS_TO,Station:S1106|0647,900.0,,330.0
Station:S1107|0711,CONNECTS_TO,Station:S1107|0712,1400.0,,397.0
Station:S1107|0714,CONNECTS_TO,Station:S1107|0715,1000.0,,397.0
Station:S1107|0715,CONNECTS_TO,Station:S1107|0716,1300.0,,397.0
Station:S1107|0716,CONNECTS_TO,Station:S1107|0717,800.0,,199.0
Station:S1107|0717,CONNECTS_TO,Station:S1107|0718,900.0,,198.0
Station:S1107|0718,CONNECTS_TO,Station:S1107|0719,900.0,,398.0
Station:S1107|0721,CONNECTS_TO,Station:S1107|0722,900.0,,398.0
Station:S1107|0722,CONNECTS_TO,Station:S1107|0723,800.0,,398.0
Station:S1107|0723,CONNECTS_TO,Station:S1107|0724,900.0,,398.0
Station:S1107|0724,CONNECTS_TO,Station:S1107|0725,1100.0,,199.0
Station:S1107|0725,CONNECTS_TO,Station:S1107|0726,1100.0,,199.0
Station:S1107|0726,CONNECTS_TO,Station:S1107|0727,800.0,,200.0
Station:S1107|0727,CONNECTS_TO,Station:S1107|0728,1000.0,,198.0
Station:S1107|0728,CONNECTS_TO,Station:S1107|0729,2000.0,,398.0
Station:S1107|0731,CONNECTS_TO,Station:S1107|0732,1000.0,,199.0
Station:S1107|0732,CONNECTS_TO,Station:S1107|0733,900.0,,199.0
Station:S1107|0733,CONNECTS_TO,Station:S1107|0734,793.0,,199.0
Station:S1107|0735,CONNECTS_TO,Station:S1107|0736,1072.0,,398.0
Station:S1107|0736,CONNECTS_TO,Station:S1107|0737,943.0,,398.0
Station:S1107|0737,CONNECTS_TO,Station:S1107|0738,2000.0,,398.0
Station:S1107|0738,CONNECTS_TO,Station:S1107|0739,900.0,,398.0
Station:S1107|0739,CONNECTS_TO,Station:S1107|0740,900.0,,398.0
Station:S1107|0740,CONNECTS_TO,Station:S1107|0741,1200.0,,398.0
Station:S1107|0743,CONNECTS_TO,Station:S1107|0744,1400.0,,199.0
Station:S1107|0744,CONNECTS_TO,Station:S1107|0745,1100.0,,199.0
Station:S1107|0745,CONNECTS_TO,Station:S1107|0746,766.0,,198.0
Station:S1107|0747,CONNECTS_TO,Station:S1107|0748,1300.0,,397.0
Station:S1107|0748,CONNECTS_TO,Station:S1107|0749,1700.0,,397.0
Station:S1107|0749,CONNECTS_TO,Station:S1107|0750,1500.0,,269.0
Station:S1107|3754,CONNECTS_TO,Station:S1107|3755,927.0,,252.0
Station:S1107|3755,CONNECTS_TO,Station:S1107|3756,964.0,,504.0
Station:S1107|3756,CONNECTS_TO,Station:S1107|3757,1124.0,,504.0
Station:S1107|3757,CONNECTS_TO,Station:S1107|3758,933.0,,504.0
Station:S1107|3758,CONNECTS_TO,Station:S1107|3759,973.0,,504.0
Station:S1107|3759,CONNECTS_TO,Station:S1107|3760,937.0,,504.0
Station:S1107|3760,CONNECTS_TO,Station:S1107|3761,895.0,,252.0
Station:S1107|3761,CONNECTS_TO,Station:S1107|3762,1578.0,,252.0
Station:S1107|3762,CONNECTS_TO,Station:S2802|3213,2404.0,,504.0
Station:S1107|3763,CONNECTS_TO,Station:S2802|3214,658.0,,231.0
Station:S1108|0809,CONNECTS_TO,Station:S1108|0810,3500.0,,320.0
Station:S1108|0811,CONNECTS_TO,Station:S1108|0812,875.0,,160.0
Station:S1108|0812,CONNECTS_TO,Station:S1108|0813,900.0,,320.0
Station:S1108|0813,CONNECTS_TO,Station:S1108|0814,1600.0,,320.0
Station:S1108|0814,CONNECTS_TO,Station:S1108|0815,800.0,,160.0
Station:S1108|0815,CONNECTS_TO,Station:S1108|0816,1300.0,,160.0
Station:S1108|0816,CONNECTS_TO,Station:S1108|0817,900.0,,161.0
Station:S1108|0817,CONNECTS_TO,Station:S1108|0818,800.0,,159.0
Station:S1108|0818,CONNECTS_TO,Station:S1108|0819,900.0,,319.0
Station:S1108|0819,CONNECTS_TO,Station:S1108|0820,900.0,,160.0
Station:S1108|0820,CONNECTS_TO,Station:S1108|0821,900.0,,160.0
Station:S1108|0821,CONNECTS_TO,Station:S1108|0822,1400.0,,319.0
Station:S1108|0822,CONNECTS_TO,Station:S1108|0823,1300.0,,319.0
Station:S1108|0823,CONNECTS_TO,Station:S1108|0824,1300.0,,319.0
Station:S1108|0824,CONNECTS_TO,Station:S1108|0825,800.0,,319.0
Station:S1108|0825,CONNECTS_TO,Station:S1108|0826,800.0,,319.0
Station:S1108|0826,CONNECTS_TO,Station:S1108|0827,800.0,,319.0
Station:S1108|806,CONNECTS_TO,Station:S1108|807,1020.0,,319.0
Station:S1108|807,CONNECTS_TO,Station:S1108|808,1723.0,,320.0
Station:S1109|4103,CONNECTS_TO,Station:S1109|4104,674.0,,248.0
Station:S1109|4104,CONNECTS_TO,Station:S1109|4105,968.0,,248.0
Station:S1109|4105,CONNECTS_TO,Station:S1109|4106,1228.0,,250.0
Station:S1109|4106,CONNECTS_TO,Station:S1109|4107,1449.0,,250.0
Station:S1109|4107,CONNECTS_TO,Station:S1109|4108,640.0,,248.0
Station:S1109|4108,CONNECTS_TO,Station:S1109|4109,816.0,,248.0
Station:S1109|4109,CONNECTS_TO,Station:S1109|4110,996.0,,248.0
Station:S1109|4110,CONNECTS_TO,Station:S1109|4111,797.0,,250.0
Station:S1109|4111,CONNECTS_TO,Station:S1109|4112,1190.0,,250.0
Station:S1109|4114,CONNECTS_TO,Station:S1109|4115,899.0,,124.0
Station:S1109|4115,CONNECTS_TO,Station:S1109|4116,619.0,,124.0
Station:S1109|4116,CONNECTS_TO,Station:S1109|4117,1176.0,,125.0
Station:S1109|4117,CONNECTS_TO,Station:S1109|4118,1079.0,,125.0
Station:S1109|4118,CONNECTS_TO,Station:S1109|4119,1021.0,,250.0
Station:S1109|4119,CONNECTS_TO,Station:S1109|4120,1456.0,,126.0
Station:S1109|4120,CONNECTS_TO,Station:S1109|4121,806.0,,124.0
Station:S1109|4121,CONNECTS_TO,Station:S1109|4122,813.0,,250.0
Station:S1109|4122,CONNECTS_TO,Station:S1109|4123,756.0,,125.0
Station:S1109|4123,CONNECTS_TO,Station:S1109|4124,1005.0,,125.0
Station:S1109|4124,CONNECTS_TO,Station:S1109|4125,812.0,,126.0
Station:S1109|4125,CONNECTS_TO,Station:S1109|4126,892.0,,124.0
Station:S1109|4126,CONNECTS_TO,Station:S1109|4127,934.0,,125.0
Station:S1109|4127,CONNECTS_TO,Station:S1109|4128,893.0,,125.0
Station:S1109|4128,CONNECTS_TO,Station:S1109|4129,629.0,,250.0
Station:S1109|4131,CONNECTS_TO,Station:S1109|4132,861.0,,250.0
Station:S1109|4132,CONNECTS_TO,Station:S1109|4133,958.0,,125.0
Station:S1109|4133,CONNECTS_TO,Station:S1109|4134,779.0,,125.0
Station:S1109|4134,CONNECTS_TO,Station:S1109|4135,727.0,,250.0
Station:S1109|4135,CONNECTS_TO,Station:S1109|4136,1246.0,,125.0
Station:S1109|4136,CONNECTS_TO,Station:S1109|4137,814.0,,125.0
Station:S1109|4137,CONNECTS_TO,Station:S1109|4138,1366.0,,250.0
Station:S1121|2111,CONNECTS_TO,Station:S1121|2112,1000.0,,226.0
Station:S1121|2112,CONNECTS_TO,Station:S1121|2113,900.0,,226.0
Station:S1121|2113,CONNECTS_TO,Station:S1121|2114,1200.0,,226.0
Station:S1122|2341,CONNECTS_TO,Station:S1122|2342,1000.0,,222.0
Station:S1122|2342,CONNECTS_TO,Station:S1122|2343,1700.0,,222.0
Station:S2601|0095,CONNECTS_TO,Station:S2601|0096,1114.0,,358.0
Station:S2601|0096,CONNECTS_TO,Station:S2601|0097,1173.0,,358.0
Station:S2601|0097,CONNECTS_TO,Station:S2601|0098,1046.0,,358.0
Station:S2601|0098,CONNECTS_TO,Station:S2601|0099,818.0,,358.0
Station:S2601|0099,CONNECTS_TO,Station:S2601|0100,966.0,,358.0
Station:S2601|0100,CONNECTS_TO,Station:S2601|0101,1382.0,,358.0
Station:S2601|0101,CONNECTS_TO,Station:S2601|0102,1298.0,,353.0
Station:S2601|0102,CONNECTS_TO,Station:S2601|0103,749.0,,353.0
Station:S2601|0103,CONNECTS_TO,Station:S2601|0104,925.0,,353.0
Station:S2601|0104,CONNECTS_TO,Station:S2601|0105,835.0,,353.0
Station:S2601|0105,CONNECTS_TO,Station:S2601|0106,740.0,,353.0
Station:S2601|0106,CONNECTS_TO,Station:S2601|0107,1408.0,,353.0
Station:S2601|0107,CONNECTS_TO,Station:S2601|0108,513.0,,353.0
Station:S2601|0108,CONNECTS_TO,Station:S2601|0109,1099.0,,353.0
Station:S2601|0109,CONNECTS_TO,Station:S2601|0110,754.0,,353.0
Station:S2601|0110,CONNECTS_TO,Station:S2601|0111,708.0,,353.0
Station:S2601|0111,CONNECTS_TO,Station:S2601|0112,696.0,,353.0
Station:S2601|0112,CONNECTS_TO,Station:S2601|0113,1302.0,,353.0
Station:S2601|0113,CONNECTS_TO,Station:S2601|0114,712.0,,353.0
Station:S2601|0114,CONNECTS_TO,Station:S2601|0115,862.0,,353.0
Station:S2601|0115,CONNECTS_TO,Station:S2601|0116,918.0,,353.0
Station:S2601|0116,CONNECTS_TO,Station:S2601|0117,935.0,,353.0
Station:S2601|0117,CONNECTS_TO,Station:S2601|0118,649.0,,353.0
Station:S2601|0118,CONNECTS_TO,Station:S2602|0219,1165.0,,177.0
Station:S2601|0119,CONNECTS_TO,Station:S2602|0218,764.0,,170.0
Station:S2601|0119,CONNECTS_TO,Station:S2602|0220,817.0,,170.0
Station:S2601|0120,CONNECTS_TO,Station:S2601|0121,1399.0,,177.0
Station:S2601|0120,CONNECTS_TO,Station:S2602|0219,661.0,,177.0
Station:S2601|0121,CONNECTS_TO,Station:S2601|0122,894.0,,353.0
Station:S2601|0122,CONNECTS_TO,Station:S2603|0305,837.0,,353.0
Station:S2601|0123,CONNECTS_TO,Station:S2603|0304,1099.0,,160.0
Station:S2601|0123,CONNECTS_TO,Station:S2603|0306,754.0,,160.0
Station:S2601|0124,CONNECTS_TO,Station:S2603|0305,1086.0,,176.0
Station:S2601|0125,CONNECTS_TO,Station:S2601|0126,746.0,,176.0
Station:S2601|0126,CONNECTS_TO,Station:S2601|0127,1136.0,,353.0
Station:S2601|0127,CONNECTS_TO,Station:S2601|0128,1079.0,,353.0
Station:S2601|0128,CONNECTS_TO,Station:S2601|0129,905.0,,353.0
Station:S2601|0129,CONNECTS_TO,Station:S2601|0130,1081.0,,353.0
Station:S2601|0130,CONNECTS_TO,Station:S2601|0131,1060.0,,353.0
Station:S2601|0131,CONNECTS_TO,Station:S2601|0132,933.0,,353.0
Station:S2601|0132,CONNECTS_TO,Station:S2601|0133,895.0,,353.0
Station:S2601|0133,CONNECTS_TO,Station:S2601|0134,1162.0,,353.0
Station:S2602|0201,CONNECTS_TO,Station:S2602|0202,821.0,,338.0
Station:S2602|0202,CONNECTS_TO,Station:S2602|0203,999.0,,338.0
Station:S2602|0203,CONNECTS_TO,Station:S2602|0204,999.0,,338.0
Station:S2602|0204,CONNECTS_TO,Station:S2602|0205,1209.0,,169.0
Station:S2602|0205,CONNECTS_TO,Station:S2602|0206,606.0,,169.0
Station:S2602|0206,CONNECTS_TO,Station:S2602|0207,918.0,,338.0
Station:S2602|0207,CONNECTS_TO,Station:S2602|0208,659.0,,338.0
Station:S2602|0208,CONNECTS_TO,Station:S2602|0209,887.0,,338.0
Station:S2602|0209,CONNECTS_TO,Station:S2602|0210,915.0,,338.0
Station:S2602|0210,CONNECTS_TO,Station:S2602|0211,902.0,,338.0
Station:S2602|0211,CONNECTS_TO,Station:S2602|0212,847.0,,
Station:S2602|0212,CONNECTS_TO,Station:S2602|0213,808.0,,
Station:S2602|0213,CONNECTS_TO,Station:S2602|0214,707.0,,338.0
Station:S2602|0214,CONNECTS_TO,Station:S2602|0215,920.0,,338.0
Station:S2602|0215,CONNECTS_TO,Station:S2602|0216,748.0,,338.0
Station:S2602|0216,CONNECTS_TO,Station:S2602|0217,749.0,,
Station:S2602|0217,CONNECTS_TO,Station:S2602|0218,819.0,,
Station:S2602|0220,CONNECTS_TO,Station:S2602|0221,691.0,,340.0
Station:S2602|0221,CONNECTS_TO,Station:S2602|0222,960.0,,340.0
Station:S2602|0222,CONNECTS_TO,Station:S2602|0223,1090.0,,340.0
Station:S2602|0223,CONNECTS_TO,Station:S2602|0224,785.0,,340.0
Station:S2602|0224,CONNECTS_TO,Station:S2602|0225,842.0,,340.0
Station:S2602|0225,CONNECTS_TO,Station:S2602|0226,1220.0,,340.0
Station:S2602|0228,CONNECTS_TO,Station:S2602|0229,747.0,,340.0
Station:S2602|0229,CONNECTS_TO,Station:S2602|0230,1071.0,,340.0
Station:S2602|0230,CONNECTS_TO,Station:S2602|0231,978.0,,340.0
Station:S2602|0231,CONNECTS_TO,Station:S2602|0232,751.0,,340.0
Station:S2602|0232,CONNECTS_TO,Station:S2602|0233,1005.0,,170.0
Station:S2602|0233,CONNECTS_TO,Station:S2602|0234,1515.0,,170.0
Station:S2602|0234,CONNECTS_TO,Station:S2602|0235,1452.0,,339.0
Station:S2602|0235,CONNECTS_TO,Station:S2602|0236,1212.0,,339.0
Station:S2602|0236,CONNECTS_TO,Station:S2602|0237,1326.0,,339.0
Station:S2602|0237,CONNECTS_TO,Station:S2602|0238,1047.0,,339.0
Station:S2602|0238,CONNECTS_TO,Station:S2602|0239,1521.0,,339.0
Station:S2602|0239,CONNECTS_TO,Station:S2602|0240,3104.0,,308.0
Station:S2602|0240,CONNECTS_TO,Station:S2602|0241,1019.0,,308.0
Station:S2602|0241,CONNECTS_TO,Station:S2602|0242,1059.0,,308.0
Station:S2602|0242,CONNECTS_TO,Station:S2602|0243,1598.0,,308.0
Station:S2603|0301,CONNECTS_TO,Station:S2603|0302,715.0,,320.0
Station:S2603|0302,CONNECTS_TO,Station:S2603|0303,1177.0,,320.0
Station:S2603|0303,CONNECTS_TO,Station:S2603|0304,960.0,,320.0
Station:S2603|0306,CONNECTS_TO,Station:S2603|0307,656.0,,160.0
Station:S2603|0307,CONNECTS_TO,Station:S2603|0308,891.0,,320.0
Station:S2603|0308,CONNECTS_TO,Station:S2603|0309,774.0,,320.0
Station:S2603|0309,CONNECTS_TO,Station:S2603|0310,2986.0,,320.0
Station:S2603|0310,CONNECTS_TO,Station:S2603|0311,1143.0,,320.0
Station:S2603|0311,CONNECTS_TO,Station:S2603|0312,1026.0,,320.0
Station:S2603|0312,CONNECTS_TO,Station:S2603|0313,686.0,,160.0
Station:S2603|0313,CONNECTS_TO,Station:S2603|0314,934.0,,160.0
Station:S2603|0314,CONNECTS_TO,Station:S2603|0315,1427.0,,320.0
Station:S2603|0315,CONNECTS_TO,Station:S2603|0316,1174.0,,320.0
Station:S2603|0316,CONNECTS_TO,Station:S2603|0317,751.0,,320.0
Station:S2701|0115,CONNECTS_TO,Station:S2701|0116,1200.0,,294.0
Station:S2701|0116,CONNECTS_TO,Station:S2701|0117,1300.0,,294.0
Station:S2701|0117,CONNECTS_TO,Station:S2701|0118,1000.0,,294.0
Station:S2701|0118,CONNECTS_TO,Station:S2701|0119,800.0,,294.0
Station:S2701|0119,CONNECTS_TO,Station:S2701|0120,700.0,,294.0
Station:S2701|0120,CONNECTS_TO,Station:S2701|0121,900.0,,294.0
Station:S2701|0121,CONNECTS_TO,Station:S2701|0122,1000.0,,294.0
Station:S2701|0122,CONNECTS_TO,Station:S2701|0123,800.0,,294.0
Station:S2701|0123,CONNECTS_TO,Station:S2701|0124,800.0,,294.0
Station:S2701|0124,CONNECTS_TO,Station:S2701|0125,800.0,,294.0
Station:S2701|0125,CONNECTS_TO,Station:S2701|0126,700.0,,294.0
Station:S2701|0126,CONNECTS_TO,Station:S2701|0127,700.0,,294.0
Station:S2701|0127,CONNECTS_TO,Station:S2701|0128,900.0,,294.0
Station:S2701|0128,CONNECTS_TO,Station:S2701|0129,699.0,,148.0
Station:S2701|0128,CONNECTS_TO,Station:S2703|0331,653.0,,148.0
Station:S2701|0130,CONNECTS_TO,Station:S2701|0131,778.0,,148.0
Station:S2701|0130,CONNECTS_TO,Station:S2702|0231,892.0,,296.0
Station:S2701|0130,CONNECTS_TO,Station:S2703|0329,986.0,,296.0
Station:S2701|0130,CONNECTS_TO,Station:S2703|0331,826.0,,148.0
Station:S2701|0131,CONNECTS_TO,Station:S2701|0132,670.0,,148.0
Station:S2701|0131,CONNECTS_TO,Station:S2702|0230,589.0,,148.0
Station:S2701|0133,CONNECTS_TO,Station:S2701|0134,1200.0,,296.0
Station:S2701|0134,CONNECTS_TO,Station:S2701|0135,900.0,,148.0
Station:S2701|0135,CONNECTS_TO,Station:S2701|0136,900.0,,148.0
Station:S2701|0136,CONNECTS_TO,Station:S2701|0137,800.0,,296.0
Station:S2701|0137,CONNECTS_TO,Station:S2701|0138,1000.0,,296.0
Station:S2701|0138,CONNECTS_TO,Station:S2701|0139,1000.0,,296.0
Station:S2701|0139,CONNECTS_TO,Station:S2701|0140,1000.0,,296.0
Station:S2701|0140,CONNECTS_TO,Station:S2701|0141,1100.0,,294.0
Station:S2701|0141,CONNECTS_TO,Station:S2701|0142,1200.0,,294.0
Station:S2701|0142,CONNECTS_TO,Station:S2701|0143,1100.0,,294.0
Station:S2701|0143,CONNECTS_TO,Station:S2701|0144,1000.0,,294.0
Station:S2701|0144,CONNECTS_TO,Station:S2701|0145,1000.0,,294.0
Station:S2701|0145,CONNECTS_TO,Station:S2701|0146,900.0,,294.0
Station:S2701|0146,CONNECTS_TO,Station:S2701|0147,1600.0,,153.0
Station:S2701|0147,CONNECTS_TO,Station:S2701|0148,5900.0,,153.0
Station:S2701|0148,CONNECTS_TO,Station:S2701|0149,1700.0,,153.0
Station:S2702|0216,CONNECTS_TO,Station:S2702|0217,2900.0,,294.0
Station:S2702|0217,CONNECTS_TO,Station:S2702|0218,1000.0,,294.0
Station:S2702|0218,CONNECTS_TO,Station:S2702|0219,1400.0,,294.0
Station:S2702|0219,CONNECTS_TO,Station:S2702|0220,1200.0,,294.0
Station:S2702|0220,CONNECTS_TO,Station:S2702|0221,1370.0,,294.0
Station:S2702|0221,CONNECTS_TO,Station:S2702|0222,787.0,,294.0
Station:S2702|0222,CONNECTS_TO,Station:S2702|0223,1300.0,,296.0
Station:S2702|0223,CONNECTS_TO,Station:S2702|0224,900.0,,296.0
Station:S2702|0224,CONNECTS_TO,Station:S2702|0225,900.0,,296.0
Station:S2702|0225,CONNECTS_TO,Station:S2702|0226,800.0,,296.0
Station:S2702|0226,CONNECTS_TO,Station:S2702|0227,900.0,,296.0
Station:S2702|0227,CONNECTS_TO,Station:S2702|0228,800.0,,296.0
Station:S2702|0228,CONNECTS_TO,Station:S2703|0329,887.0,,296.0
Station:S2702|0229,CONNECTS_TO,Station:S2703|0328,519.0,,
Station:S2702|0229,CONNECTS_TO,Station:S2703|0330,930.0,,
Station:S2702|0231,CONNECTS_TO,Station:S2702|0232,1100.0,,296.0
Station:S2702|0232,CONNECTS_TO,Station:S2702|0233,1000.0,,296.0
Station:S2702|0233,CONNECTS_TO,Station:S2702|0234,900.0,,296.0
Station:S2702|0234,CONNECTS_TO,Station:S2702|0235,900.0,,294.0
Station:S2702|0235,CONNECTS_TO,Station:S2702|0236,900.0,,294.0
Station:S2702|0236,CONNECTS_TO,Station:S2702|0237,1800.0,,294.0
Station:S2702|0237,CONNECTS_TO,Station:S2702|0238,1000.0,,294.0
Station:S2702|0238,CONNECTS_TO,Station:S2702|0239,1200.0,,294.0
Station:S2702|0239,CONNECTS_TO,Station:S2702|0240,1100.0,,294.0
Station:S2702|0240,CONNECTS_TO,Station:S2702|0241,1100.0,,294.0
Station:S2702|0241,CONNECTS_TO,Station:S2702|0242,1200.0,,294.0
Station:S2702|0242,CONNECTS_TO,Station:S2702|0243,1100.0,,294.0
Station:S2702|0243,CONNECTS_TO,Station:S2702|0244,1100.0,,294.0
Station:S2703|0312,CONNECTS_TO,Station:S2703|0313,800.0,,312.0
Station:S2703|0313,CONNECTS_TO,Station:S2703|0314,800.0,,312.0
Station:S2703|0314,CONNECTS_TO,Station:S2703|0315,700.0,,312.0
Station:S2703|0315,CONNECTS_TO,Station:S2703|0316,700.0,,312.0
Station:S2703|0316,CONNECTS_TO,Station:S2703|0317,700.0,,312.0
Station:S2703|0317,CONNECTS_TO,Station:S2703|0318,700.0,,312.0
Station:S2703|0318,CONNECTS_TO,Station:S2703|0319,900.0,,312.0
Station:S2703|0319,CONNECTS_TO,Station:S2703|0320,1100.0,,312.0
Station:S2703|0320,CONNECTS_TO,Station:S2703|0321,800.0,,312.0
Station:S2703|0321,CONNECTS_TO,Station:S2703|0322,900.0,,312.0
Station:S2703|0322,CONNECTS_TO,Station:S2703|0323,700.0,,312.0
Station:S2703|0323,CONNECTS_TO,Station:S2703|0324,600.0,,312.0
Station:S2703|0324,CONNECTS_TO,Station:S2703|0325,600.0,,312.0
Station:S2703|0325,CONNECTS_TO,Station:S2703|0326,900.0,,312.0
Station:S2703|0326,CONNECTS_TO,Station:S2703|0327,900.0,,312.0
Station:S2703|0327,CONNECTS_TO,Station:S2703|0328,700.0,,312.0
Station:S2703|0330,CONNECTS_TO,Station:S2703|0331,595.0,,
Station:S2703|0331,CONNECTS_TO,Station:S2703|0332,886.0,,
Station:S2703|0332,CONNECTS_TO,Station:S2703|0333,600.0,,156.0
Station:S2703|0333,CONNECTS_TO,Station:S2703|0334,900.0,,156.0
Station:S2703|0334,CONNECTS_TO,Station:S2703|0335,1000.0,,156.0
Station:S2703|0335,CONNECTS_TO,Station:S2703|0336,800.0,,312.0
Station:S2703|0336,CONNECTS_TO,Station:S2703|0337,700.0,,312.0
Station:S2703|0337,CONNECTS_TO,Station:S2703|0338,900.0,,312.0
Station:S2703|0338,CONNECTS_TO,Station:S2703|0339,1100.0,,312.0
Station:S2703|0339,CONNECTS_TO,Station:S2703|0340,900.0,,312.0
Station:S2703|0340,CONNECTS_TO,Station:S2703|0341,700.0,,312.0
Station:S2801|3107,CONNECTS_TO,Station:S2801|3108,930.0,,274.0
Station:S2801|3108,CONNECTS_TO,Station:S2801|3109,1736.0,,274.0
Station:S2801|3110,CONNECTS_TO,Station:S2801|3111,792.0,,137.0
Station:S2801|3110,CONNECTS_TO,Station:S2802|3207,5354.0,,227.0
Station:S2801|3111,CONNECTS_TO,Station:S2801|3112,1444.0,,276.0
Station:S2801|3112,CONNECTS_TO,Station:S2801|3113,1093.0,,307.0
Station:S2801|3113,CONNECTS_TO,Station:S2801|3114,922.0,,307.0
Station:S2801|3114,CONNECTS_TO,Station:S2801|3115,755.0,,307.0
Station:S2801|3115,CONNECTS_TO,Station:S2801|3116,890.0,,307.0
Station:S2801|3116,CONNECTS_TO,Station:S2801|3117,1464.0,,306.0
Station:S2801|3117,CONNECTS_TO,Station:S2801|3118,933.0,,153.0
Station:S2801|3118,CONNECTS_TO,Station:S2801|3119,1153.0,,153.0
Station:S2801|3119,CONNECTS_TO,Station:S2801|3120,890.0,,153.0
Station:S2801|3120,CONNECTS_TO,Station:S2801|3121,720.0,,153.0
Station:S2801|3121,CONNECTS_TO,Station:S2801|3122,1061.0,,306.0
Station:S2801|3122,CONNECTS_TO,Station:S2801|3123,1283.0,,306.0
Station:S2801|3123,CONNECTS_TO,Station:S2801|3124,1148.0,,153.0
Station:S2801|3124,CONNECTS_TO,Station:S2801|3125,927.0,,153.0
Station:S2801|3125,CONNECTS_TO,Station:S2801|3126,832.0,,305.0
Station:S2801|3126,CONNECTS_TO,Station:S2801|3127,782.0,,305.0
Station:S2801|3127,CONNECTS_TO,Station:S2801|3128,888.0,,305.0
Station:S2801|3128,CONNECTS_TO,Station:S2801|3129,1090.0,,305.0
Station:S2801|3129,CONNECTS_TO,Station:S2801|3130,821.0,,306.0
Station:S2801|3130,CONNECTS_TO,Station:S2801|3131,1058.0,,306.0
Station:S2801|3131,CONNECTS_TO,Station:S2801|3132,967.0,,306.0
Station:S2801|3132,CONNECTS_TO,Station:S2801|3133,1508.0,,304.0
Station:S2801|3133,CONNECTS_TO,Station:S2801|3134,823.0,,304.0
Station:S2801|3134,CONNECTS_TO,Station:S2801|3135,1078.0,,304.0
Station:S2801|3135,CONNECTS_TO,Station:S2801|3136,1059.0,,304.0
Station:S2801|3136,CONNECTS_TO,Station:S2801|3137,828.0,,303.0
Station:S2801|3137,CONNECTS_TO,Station:S2801|3138,948.0,,303.0
Station:S2801|3138,CONNECTS_TO,Station:S2801|3139,802.0,,301.0
Station:S2802|3201,CONNECTS_TO,Station:S2802|3202,1258.0,,464.0
Station:S2802|3202,CONNECTS_TO,Station:S2802|3203,1459.0,,464.0
Station:S2802|3203,CONNECTS_TO,Station:S2802|3204,1035.0,,464.0
Station:S2802|3204,CONNECTS_TO,Station:S2802|3205,744.0,,464.0
Station:S2802|3205,CONNECTS_TO,Station:S2802|3206,922.0,,464.0
Station:S2802|3208,CONNECTS_TO,Station:S2802|3209,1081.0,,464.0
Station:S2802|3209,CONNECTS_TO,Station:S2802|3210,838.0,,464.0
Station:S2802|3210,CONNECTS_TO,Station:S2802|3211,2120.0,,465.0
Station:S2802|3211,CONNECTS_TO,Station:S2802|3212,820.0,,465.0
Station:S2802|3212,CONNECTS_TO,Station:S2802|3213,1146.0,,234.0
Station:S2802|3213,CONNECTS_TO,Station:S2802|3214,770.0,,234.0
Station:S2802|3214,CONNECTS_TO,Station:S2802|3215,1150.0,,465.0
Station:S2802|3215,CONNECTS_TO,Station:S2802|3216,996.0,,465.0
Station:S2802|3216,CONNECTS_TO,Station:S2802|3217,1199.0,,465.0
Station:S2802|3217,CONNECTS_TO,Station:S2802|3218,948.0,,236.0
Station:S2802|3218,CONNECTS_TO,Station:S2802|3219,786.0,,235.0
Station:S2802|3219,CONNECTS_TO,Station:S2802|3220,1007.0,,464.0
Station:S2802|3220,CONNECTS_TO,Station:S2802|3221,811.0,,236.0
Station:S2802|3221,CONNECTS_TO,Station:S2802|3222,782.0,,235.0
Station:S2802|3222,CONNECTS_TO,Station:S2802|3223,821.0,,464.0
Station:S2802|3223,CONNECTS_TO,Station:S2802|3224,1080.0,,464.0
Station:S2802|3224,CONNECTS_TO,Station:S2802|3225,866.0,,464.0
Station:S2802|3225,CONNECTS_TO,Station:S2802|3226,1454.0,,464.0
Station:S2802|3226,CONNECTS_TO,Station:S2802|3227,1151.0,,464.0
Station:S28M1|102,CONNECTS_TO,Station:S28M1|103,454.0,,
Station:S28M1|103,CONNECTS_TO,Station:S28M1|104,382.0,,
Station:S28M1|104,CONNECTS_TO,Station:S28M1|105,2435.0,,
Station:S28M1|105,CONNECTS_TO,Station:S28M1|106,1053.0,,
Station:S2901|100,CONNECTS_TO,Station:S2901|101,1907.0,300.0,6.0
Station:S2901|101,CONNECTS_TO,Station:S2901|102,1045.0,,
Station:S2901|102,CONNECTS_TO,Station:S2901|103,814.0,,
Station:S2901|103,CONNECTS_TO,Station:S2901|104,894.0,80.0,34.0
Station:S2901|104,CONNECTS_TO,Station:S2901|105,704.0,,
Station:S2901|105,CONNECTS_TO,Station:S2901|106,500.0,,
Station:S2901|106,CONNECTS_TO,Station:S2901|107,815.0,,
Station:S2901|107,CONNECTS_TO,Station:S2901|108,549.0,,
Station:S2901|108,CONNECTS_TO,Station:S2901|109,1070.0,100.0,34.0
Station:S2901|109,CONNECTS_TO,Station:S2901|110,677.0,60.0,34.0
Station:S2901|110,CONNECTS_TO,Station:S2901|111,653.0,50.0,34.0
Station:S2901|111,CONNECTS_TO,Station:S2901|112,995.0,70.0,34.0
Station:S2901|112,CONNECTS_TO,Station:S2901|113,1002.0,80.0,34.0
Station:S2901|113,CONNECTS_TO,Station:S2901|114,766.0,,
Station:S2901|114,CONNECTS_TO,Station:S2901|115,2722.0,,
Station:S2901|115,CONNECTS_TO,Station:S2901|116,1119.0,70.0,34.0
Station:S2901|116,CONNECTS_TO,Station:S2901|117,974.0,80.0,34.0
Station:S2901|117,CONNECTS_TO,Station:S2901|118,723.0,70.0,34.0
Station:S2901|118,CONNECTS_TO,Station:S2901|119,1843.0,130.0,34.0
Station:S3001|101,CONNECTS_TO,Station:S3001|102,902.0,,239.0
Station:S3001|102,CONNECTS_TO,Station:S3001|103,1221.0,,239.0
Station:S3001|103,CONNECTS_TO,Station:S3001|104,901.0,,239.0
Station:S3001|104,CONNECTS_TO,Station:S3001|105,728.0,,239.0
Station:S3001|105,CONNECTS_TO,Station:S3001|106,701.0,,239.0
Station:S3001|106,CONNECTS_TO,Station:S3001|107,691.0,,239.0
Station:S3001|107,CONNECTS_TO,Station:S3001|108,958.0,,240.0
Station:S3001|108,CONNECTS_TO,Station:S3001|109,1503.0,,240.0
Station:S3001|109,CONNECTS_TO,Station:S3001|110,1117.0,,240.0
Station:S3001|110,CONNECTS_TO,Station:S3001|111,719.0,,240.0
Station:S3001|111,CONNECTS_TO,Station:S3001|112,839.0,,240.0
Station:S3001|112,CONNECTS_TO,Station:S3001|113,754.0,,241.0
Station:S3001|113,CONNECTS_TO,Station:S3001|114,743.0,,241.0
Station:S3001|114,CONNECTS_TO,Station:S3001|115,978.0,,241.0
Station:S3001|115,CONNECTS_TO,Station:S3001|116,1163.0,,241.0
Station:S3001|116,CONNECTS_TO,Station:S3001|117,1011.0,,241.0
Station:S3001|117,CONNECTS_TO,Station:S3001|118,875.0,,240.0
Station:S3001|118,CONNECTS_TO,Station:S3001|119,928.0,,240.0
Station:S3001|119,CONNECTS_TO,Station:S3001|120,815.0,,240.0
Station:S3001|120,CONNECTS_TO,Station:S3001|121,1117.0,,240.0
Station:S3001|121,CONNECTS_TO,Station:S3001|122,995.0,,240.0
Station:I1101|1806,TRANSFERS_TO,Station:S2801|3120,,,
Station:I1101|1809,TRANSFERS_TO,Station:S2802|3218,,,
Station:I1101|1812,TRANSFERS_TO,Station:I28K1|1891,,,
Station:I1101|1821,TRANSFERS_TO,Station:S1107|0750,,,
Station:I1101|4804,TRANSFERS_TO,Station:I41WS|4804,,,
Station:I1103|0319,TRANSFERS_TO,Station:I4106|1949,,,
Station:I1103|0321,TRANSFERS_TO,Station:S1106|0614,,,
Station:I1103|0322,TRANSFERS_TO,Station:S1106|0612,,,
Station:I1103|0329,TRANSFERS_TO,Station:I4101|0130,,,
Station:I1103|0329,TRANSFERS_TO,Station:S1105|0534,,,
Station:I1103|0330,TRANSFERS_TO,Station:S1102|0203,,,
Station:I1103|0331,TRANSFERS_TO,Station:I1104|0423,,,
Station:I1103|0333,TRANSFERS_TO,Station:S1106|0633,,,
Station:I1103|0335,TRANSFERS_TO,Station:I4102|1011,,,
Station:I1103|0337,TRANSFERS_TO,Station:I11D1|D004,,,
Station:I1103|0339,TRANSFERS_TO,Station:S1107|0734,,,
Station:I1103|0339,TRANSFERS_TO,Station:S1109|4123,,,
Station:I1103|0340,TRANSFERS_TO,Station:S1102|0223,,,
Station:I1103|0342,TRANSFERS_TO,Station:I11D1|D008,,,
Station:I1103|0344,TRANSFERS_TO,Station:I4105|1025,,,
Station:I1103|0349,TRANSFERS_TO,Station:I4105|1030,,,
Station:I1103|0350,TRANSFERS_TO,Station:S1108|0817,,,
Station:I1103|0352,TRANSFERS_TO,Station:S1105|P552,,,
Station:I1104|0411,TRANSFERS_TO,Station:S1107|0713,,,
Station:I1104|0412,TRANSFERS_TO,Station:I4102|1022,,,
Station:I1104|0418,TRANSFERS_TO,Station:L11UI|S120,,,
Station:I1104|0421,TRANSFERS_TO,Station:I4101|0128,,,
Station:I1104|0422,TRANSFERS_TO,Station:S1102|0205,,,
Station:I1104|0422,TRANSFERS_TO,Station:S1105|0536,,,
Station:I1104|0426,TRANSFERS_TO,Station:I28A1|A01,,,
Station:I1104|0426,TRANSFERS_TO,Station:I4101|0133,,,
Station:I1104|0426,TRANSFERS_TO,Station:I4108|1251,,,
Station:I1104|0428,TRANSFERS_TO,Station:S1106|0628,,,
Station:I1104|0430,TRANSFERS_TO,Station:I4102|1008,,,
Station:I1104|0431,TRANSFERS_TO,Station:S1109|4120,,,
Station:I1104|0433,TRANSFERS_TO,Station:S1102|0226,,,
Station:I11D1|D005,TRANSFERS_TO,Station:S1107|0732,,,
Station:I11D1|D006,TRANSFERS_TO,Station:S1109|4125,,,
Station:I11D1|D007,TRANSFERS_TO,Station:S1102|0222,,,
Station:I11D1|D011,TRANSFERS_TO,Station:I41K5|1501,,,
Station:I11D1|D012,TRANSFERS_TO,Station:I4105|1857,,,
Station:I11D1|D013,TRANSFERS_TO,Station:I4105|1858,,,
Station:I26K6|8001,TRANSFERS_TO,Station:S2601|0120,,,
Station:I26K6|8003,TRANSFERS_TO,Station:S2603|0306,,,
Station:I26K6|8004,TRANSFERS_TO,Station:S2601|0124,,,
Station:I26K6|8005,TRANSFERS_TO,Station:L2604|0402,,,
Station:I26K6|8005,TRANSFERS_TO,Station:S2601|0125,,,
Station:I26K6|8009,TRANSFERS_TO,Station:S2602|0205,,,
Station:I27K7|7006,TRANSFERS_TO,Station:S2701|0132,,,
Station:I27K7|7007,TRANSFERS_TO,Station:S2701|0135,,,
Station:I28A1|A01,TRANSFERS_TO,Station:I4101|0133,,,
Station:I28A1|A01,TRANSFERS_TO,Station:I4108|1251,,,
Station:I28A1|A02,TRANSFERS_TO,Station:I4108|1262,,,
Station:I28A1|A02,TRANSFERS_TO,Station:S1105|0529,,,
Station:I28A1|A02,TRANSFERS_TO,Station:S1106|0626,,,
Station:I28A1|A03,TRANSFERS_TO,Station:I4108|1264,,,
Station:I28A1|A03,TRANSFERS_TO,Station:S1102|0239,,,
Station:I28A1|A04,TRANSFERS_TO,Station:I4108|1266,,,
Station:I28A1|A04,TRANSFERS_TO,Station:S1106|0618,,,
Station:I28A1|A042,TRANSFERS_TO,Station:S1109|4105,,,
Station:I28A1|A05,TRANSFERS_TO,Station:I41WS|1980,,,
Station:I28A1|A05,TRANSFERS_TO,Station:L41G1|G109,,,
Station:I28A1|A05,TRANSFERS_TO,Station:S1105|0512,,,
Station:I28A1|A05,TRANSFERS_TO,Station:S1109|4102,,,
Station:I28A1|A06,TRANSFERS_TO,Station:S2801|3110,,,
Station:I28A1|A07,TRANSFERS_TO,Station:S2802|3207,,,
Station:I28K1|1755,TRANSFERS_TO,Station:I4103|1755,,,
Station:I28K1|1756,TRANSFERS_TO,Station:I4103|1756,,,
Station:I28K1|1757,TRANSFERS_TO,Station:I4103|1757,,,
Station:I28K1|1758,TRANSFERS_TO,Station:I4103|1758,,,
Station:I28K1|1758,TRANSFERS_TO,Station:I41WS|4813,,,
Station:I28K1|1759,TRANSFERS_TO,Station:I4103|1759,,,
Station:I28K1|1760,TRANSFERS_TO,Station:I4103|1760,,,
Station:I28K1|1761,TRANSFERS_TO,Station:I4103|1761,,,
Station:I28K1|1762,TRANSFERS_TO,Station:I4103|1762,,,
Station:I28K1|1884,TRANSFERS_TO,Station:S2801|3130,,,
Station:I4101|0124,TRANSFERS_TO,Station:I4102|1014,,,
Station:I4101|0124,TRANSFERS_TO,Station:I4108|1014,,,
Station:I4101|0126,TRANSFERS_TO,Station:L11UI|S122,,,
Station:I4101|0126,TRANSFERS_TO,Station:S1121|2114,,,
Station:I4101|0127,TRANSFERS_TO,Station:S1106|0636,,,
Station:I4101|0130,TRANSFERS_TO,Station:S1105|0534,,,
Station:I4101|0132,TRANSFERS_TO,Station:S1102|0201,,,
Station:I4101|0133,TRANSFERS_TO,Station:I4108|1251,,,
Station:I4101|1003,TRANSFERS_TO,Station:I4102|1003,,,
Station:I4101|1004,TRANSFERS_TO,Station:S1109|4117,,,
Station:I4101|1005,TRANSFERS_TO,Station:L11SL|S402,,,
Station:I4101|1007,TRANSFERS_TO,Station:S1102|0234,,,
Station:I4101|1032,TRANSFERS_TO,Station:S1105|0525,,,
Station:I4101|1702,TRANSFERS_TO,Station:S1107|0746,,,
Station:I4101|1708,TRANSFERS_TO,Station:I4103|1708,,,
Station:I4101|1713,TRANSFERS_TO,Station:I4105|1846,,,
Station:I4102|1013,TRANSFERS_TO,Station:I4105|1013,,,
Station:I4102|1013,TRANSFERS_TO,Station:S1102|0208,,,
Station:I4102|1013,TRANSFERS_TO,Station:S1105|0540,,,
Station:I4102|1014,TRANSFERS_TO,Station:I4108|1014,,,
Station:I4102|1015,TRANSFERS_TO,Station:I4108|1015,,,
Station:I4102|1018,TRANSFERS_TO,Station:S1106|0644,,,
Station:I4102|1019,TRANSFERS_TO,Station:I4108|1019,,,
Station:I4102|1903,TRANSFERS_TO,Station:S1107|0710,,,
Station:I4102|1905,TRANSFERS_TO,Station:L41U1|U111,,,
Station:I4103|1758,TRANSFERS_TO,Station:I41WS|4813,,,
Station:I4105|1013,TRANSFERS_TO,Station:S1102|0208,,,
Station:I4105|1013,TRANSFERS_TO,Station:S1105|0540,,,
Station:I4105|1023,TRANSFERS_TO,Station:S1102|0220,,,
Station:I4105|1031,TRANSFERS_TO,Station:S1108|0820,,,
Station:I4105|1849,TRANSFERS_TO,Station:S1107|0730,,,
Station:I4105|1850,TRANSFERS_TO,Station:S1109|4127,,,
Station:I4105|1853,TRANSFERS_TO,Station:S1108|0827,,,
Station:I4105|1860,TRANSFERS_TO,Station:I41K5|1502,,,
Station:I4105|1865,TRANSFERS_TO,Station:L41E1|Y110,,,
Station:I4106|1953,TRANSFERS_TO,Station:I4108|1953,,,
Station:I4106|1953,TRANSFERS_TO,Station:I41WS|1953,,,
Station:I4108|1202,TRANSFERS_TO,Station:S1107|0720,,,
Station:I4108|1203,TRANSFERS_TO,Station:I41K2|1203,,,
Station:I4108|1205,TRANSFERS_TO,Station:S1108|807,,,
Station:I4108|1252,TRANSFERS_TO,Station:S1102|0240,,,
Station:I4108|1261,TRANSFERS_TO,Station:S1106|0627,,,
Station:I4108|1262,TRANSFERS_TO,Station:S1105|0529,,,
Station:I4108|1262,TRANSFERS_TO,Station:S1106|0626,,,
Station:I4108|1264,TRANSFERS_TO,Station:S1102|0239,,,
Station:I4108|1266,TRANSFERS_TO,Station:S1106|0618,,,
Station:I4108|1271,TRANSFERS_TO,Station:I41WS|1271,,,
Station:I4108|1272,TRANSFERS_TO,Station:I41WS|1272,,,
Station:I4108|1273,TRANSFERS_TO,Station:I41WS|1273,,,
Station:I4108|1274,TRANSFERS_TO,Station:I41WS|1274,,,
Station:I4108|1275,TRANSFERS_TO,Station:I41WS|1275,,,
Station:I4108|1953,TRANSFERS_TO,Station:I41WS|1953,,,
Station:I41K2|1311,TRANSFERS_TO,Station:S1106|0648,,,
Station:I41K2|1313,TRANSFERS_TO,Station:S4108|804,,,
Station:I41WS|1980,TRANSFERS_TO,Station:L41G1|G109,,,
Station:I41WS|1980,TRANSFERS_TO,Station:S1105|0512,,,
Station:I41WS|1980,TRANSFERS_TO,Station:S1109|4102,,,
Station:I41WS|1982,TRANSFERS_TO,Station:S1107|3754,,,
Station:L11SL|S401,TRANSFERS_TO,Station:S1109|4116,,,
Station:L11SL|S404,TRANSFERS_TO,Station:S1107|0742,,,
Station:L11SL|S408,TRANSFERS_TO,Station:S1102|0230,,,
Station:L11UI|S121,TRANSFERS_TO,Station:S1106|0638,,,
Station:L11UI|S122,TRANSFERS_TO,Station:S1121|2114,,,
Station:L2604|0401,TRANSFERS_TO,Station:S2603|0309,,,
Station:L2604|0402,TRANSFERS_TO,Station:S2601|0125,,,
Station:L41G1|G109,TRANSFERS_TO,Station:S1105|0512,,,
Station:L41G1|G109,TRANSFERS_TO,Station:S1109|4102,,,
Station:L48B1|0001,TRANSFERS_TO,Station:S2602|0227,,,
Station:L48B1|0007,TRANSFERS_TO,Station:S2603|0317,,,
Station:S1102|0204,TRANSFERS_TO,Station:S1105|0535,,,
Station:S1102|0205,TRANSFERS_TO,Station:S1105|0536,,,
Station:S1102|0206,TRANSFERS_TO,Station:S1106|0635,,,
Station:S1102|0208,TRANSFERS_TO,Station:S1105|0540,,,
Station:S1102|0212,TRANSFERS_TO,Station:S1107|0727,,,
Station:S1102|0216,TRANSFERS_TO,Station:S1108|0814,,,
Station:S1102|0218,TRANSFERS_TO,Station:S1109|4130,,,
Station:S1102|0233,TRANSFERS_TO,Station:S1107|0744,,,
Station:S1102|0236,TRANSFERS_TO,Station:S1105|0523,,,
Station:S1102|0237,TRANSFERS_TO,Station:S1109|4113,,,
Station:S1102|0238,TRANSFERS_TO,Station:S1106|0622,,,
Station:S1102|0243,TRANSFERS_TO,Station:S1105|0531,,,
Station:S1105|0512,TRANSFERS_TO,Station:S1109|4102,,,
Station:S1105|0526,TRANSFERS_TO,Station:S1109|4115,,,
Station:S1105|0529,TRANSFERS_TO,Station:S1106|0626,,,
Station:S1105|0537,TRANSFERS_TO,Station:S1106|0634,,,
Station:S1105|0544,TRANSFERS_TO,Station:S1107|0725,,,
Station:S1105|0547,TRANSFERS_TO,Station:S1108|0811,,,
Station:S1105|P550,TRANSFERS_TO,Station:S1109|4136,,,
Station:S1106|0645,TRANSFERS_TO,Station:S1107|0717,,,
Station:S1107|0734,TRANSFERS_TO,Station:S1109|4123,,,
Station:S1107|3761,TRANSFERS_TO,Station:S2801|3118,,,
Station:S1107|3763,TRANSFERS_TO,Station:S2802|3213,,,
Station:S1108|0815,TRANSFERS_TO,Station:S1109|4133,,,
Station:S2601|0119,TRANSFERS_TO,Station:S2602|0219,,,
Station:S2601|0123,TRANSFERS_TO,Station:S2603|0305,,,
Station:S2602|0208,TRANSFERS_TO,Station:S2603|0301,,,
Station:S2602|0233,TRANSFERS_TO,Station:S2603|0313,,,
Station:S2701|0129,TRANSFERS_TO,Station:S2703|0331,,,
Station:S2701|0130,TRANSFERS_TO,Station:S2702|0230,,,
Station:S2702|0229,TRANSFERS_TO,Station:S2703|0329,,,
Station:S2801|3124,TRANSFERS_TO,Station:S2802|3221,,,
