id,type,label,역사명,역번호,lat,lon,환승역,주소,매개중심성,연결중심성,효율저하율,승객가중효율저하율,단절유발,노선번호,역수,altLabel,노선연장_m,개통일자
Station:I11D1|D004,Station,신사,신사,D004,37.5161252633129,127.019760916726,도시철도 환승역,서울특별시 강남구 강남대로 620-2,0.027088,2.0,0.4024,0.2731,0.0,,,,,
Station:I11D1|D005,Station,논현,논현,D005,37.5111153846379,127.021365807131,도시철도 환승역,서울특별시 강남구 강남대로 492-2,0.028692,3.0,0.4775,0.3163,0.0,,,,,
Station:I11D1|D006,Station,신논현,신논현,D006,37.504555429592,127.024530640799,도시철도 환승역,서울특별시 강남구 강남대로 302-2,0.02583,3.0,0.3686,0.2077,0.0,,,,,
Station:I11D1|D007,Station,강남,강남,D007,37.4973854397871,127.02787893753,도시철도 환승역,서울특별시 강남구 강남대로 지하 396,0.0,2.0,0.1401,0.0538,0.0,,,,,
Station:I11D1|D008,Station,양재(서초구청),양재(서초구청),D008,37.4844535239588,127.034099452522,도시철도 환승역,서울시 서초구 남부순환로 지하 2585,0.024209,3.0,0.1702,0.1136,0.0,,,,,
Station:I11D1|D009,Station,양재시민의숲(매헌),양재시민의숲(매헌),D009,37.4709638768813,127.038420263319,도시철도 일반역,서울특별시 서초구 매헌로 지하 116,0.083278,2.0,0.4586,0.3603,0.0,,,,,
Station:I11D1|D010,Station,청계산입구,청계산입구,D010,37.4487148450701,127.054339616958,도시철도 일반역,서울특별시 서초구 청계산로 지하 179,0.081295,2.0,0.311,0.2355,0.0,,,,,
Station:I11D1|D011,Station,판교,판교,D011,37.3957147534829,127.111210738619,도시철도 환승역,경기도 성남시 분당구 판교역로 지하 160,0.080429,3.0,0.3099,0.2247,0.0,,,,,
Station:I11D1|D012,Station,정자,정자,D012,37.3682101915529,127.108385905864,도시철도 환승역,경기도 성남시 분당구 성남대로 지하 333 ,0.097409,4.0,1.4241,1.213,0.0,,,,,
Station:I11D1|D013,Station,미금,미금,D013,37.3511833209472,127.108902778591,도시철도 환승역,경기도 성남시 성남대로 지하 163 (금곡동),0.095057,4.0,1.7659,1.518,1.0,,,,,
Station:I11D1|D014,Station,동천,동천,D014,37.3386841329961,127.102793673668,도시철도 일반역,경기도 용인시 수지구 신수로 지하760,0.012594,2.0,0.5293,0.5442,1.0,,,,,
Station:I11D1|D015,Station,수지구청,수지구청,D015,37.3230089609191,127.095581285703,도시철도 일반역,경기도 용인시 수지구 풍덕천로 지하120 ,0.010088,2.0,0.3777,0.3457,1.0,,,,,
Station:I11D1|D016,Station,성복,성복,D016,37.3140425091456,127.080757826931,도시철도 일반역,경기도 용인시 수지구 수지로 지하134,0.007576,2.0,0.2391,0.192,1.0,,,,,
Station:I11D1|D017,Station,상현,상현,D017,37.2986852587224,127.06957991138,도시철도 일반역,경기도 용인시 수지구 광교중앙로 지하312,0.005057,2.0,0.1063,0.044,1.0,,,,,
Station:I11D1|D018,Station,광교중앙(아주대),광교중앙(아주대),D018,37.2877375194967,127.052625032841,도시철도 일반역,경기도 수원시 영통구 도청로 지하45,0.002532,2.0,-0.0185,-0.0965,1.0,,,,,
Station:I11D1|D019,Station,광교(경기대),광교(경기대),D019,37.3017347422146,127.044856131638,도시철도 일반역,경기도 수원시 영통구 대학로 55 신분당선 광교역,0.0,1.0,-0.1385,-0.083,0.0,,,,,
Station:L41E1|Y110,Station,기흥(백남준아트센터),기흥(백남준아트센터),Y110,37.27545288,127.1170465,환승역,경기도 용인시 기흥구 중부대로 460,0.034859,2.0,1.3497,0.6172,1.0,,,,,
Station:L41E1|Y111,Station,강남대,강남대,Y111,37.27017073,127.1260669,일반역,경기도 용인시 기흥구 중부대로 578,0.032411,2.0,1.2076,0.5223,1.0,,,,,
Station:L41E1|Y112,Station,지석,지석,Y112,37.26973732,127.1363256,일반역,경기도 용인시 기흥구 어정로 28,0.029956,2.0,1.0913,0.4653,1.0,,,,,
Station:L41E1|Y113,Station,어정,어정,Y113,37.27495132,127.1437499,일반역,경기도 용인시 기흥구 어정로 128,0.027495,2.0,0.9759,0.4103,1.0,,,,,
Station:L41E1|Y114,Station,동백(용인세브란스),동백(용인세브란스),Y114,37.26910138,127.1526906,일반역,경기도 용인시 기흥구 동백죽전대로 314,0.025028,2.0,0.8605,0.3567,1.0,,,,,
Station:L41E1|Y115,Station,초당,초당,Y115,37.26080647,127.1594692,일반역,경기도 용인시 기흥구 동백죽전대로 204,0.022554,2.0,0.7461,0.3044,1.0,,,,,
Station:L41E1|Y116,Station,삼가,삼가,Y116,37.24205993,127.16818,일반역,경기도 용인시 처인구 중부대로 1098,0.020073,2.0,0.6413,0.2553,1.0,,,,,
Station:L41E1|Y117,Station,시청·용인대,시청·용인대,Y117,37.23944203,127.1788851,일반역,경기도 용인시 처인구 중부대로 1199-1,0.017587,2.0,0.5471,0.2102,1.0,,,,,
Station:L41E1|Y118,Station,명지대,명지대,Y118,37.23807629,127.1902913,일반역,경기도 용인시 처인구 금학로 241,0.015094,2.0,0.4527,0.1657,1.0,,,,,
Station:L41E1|Y119,Station,김량장,김량장,Y119,37.23732377,127.1986109,일반역,경기도 용인시 처인구 금학로 315,0.012594,2.0,0.3554,0.1212,1.0,,,,,
Station:L41E1|Y120,Station,용인중앙시장(용인예술과학대),용인중앙시장(용인예술과학대),Y120,37.2379113,127.2090526,일반역,경기도 용인시 처인구 금학로 409,0.010088,2.0,0.2536,0.0762,1.0,,,,,
Station:L41E1|Y121,Station,고진,고진,Y121,37.24463834,127.2141836,일반역,경기도 용인시 처인구 경안천로 141,0.007576,2.0,0.1493,0.0311,1.0,,,,,
Station:L41E1|Y122,Station,보평,보평,Y122,37.25896427,127.2184808,일반역,경기도 용인시 처인구 경안천로 313,0.005057,2.0,0.0462,-0.0133,1.0,,,,,
Station:L41E1|Y123,Station,둔전,둔전,Y123,37.26721222,127.2136387,일반역,경기도 용인시 처인구 포곡읍 포곡로 70,0.002532,2.0,-0.0539,-0.0564,1.0,,,,,
Station:L41E1|Y124,Station,전대·에버랜드,전대·에버랜드,Y124,37.28541327,127.219509,일반역,경기도 용인시 처인구 포곡읍 에버랜드로 143,0.0,1.0,-0.1577,-0.0396,0.0,,,,,
Station:I28A1|A01,Station,서울,서울,A01,37.55301784,126.9697643,환승역,서울특별시 용산구 청파로 378,0.184807,7.0,1.083,1.1823,0.0,,,,,
Station:I28A1|A02,Station,공덕,공덕,A02,37.5427105,126.9516296,환승역,서울특별시 마포구 마포대로 92,0.126714,5.0,0.7822,0.6402,0.0,,,,,
Station:I28A1|A03,Station,홍대입구,홍대입구,A03,37.55774103,126.9264939,환승역,서울특별시 마포구 양화로 188,0.0,2.0,0.1623,-0.0,0.0,,,,,
Station:I28A1|A04,Station,디지털미디어시티,디지털미디어시티,A04,37.577355,126.898025,환승역,서울특별시 마포구 성암로 184,0.081581,4.0,1.0713,0.5415,0.0,,,,,
Station:I28A1|A042,Station,마곡나루,마곡나루,A042,37.56581914,126.8276358,환승역,서울특별시 강서구 마곡중앙로 지하 135,0.0,2.0,0.0395,0.0145,0.0,,,,,
Station:I28A1|A05,Station,김포공항,김포공항,A05,37.56211652,126.8015442,환승역,서울특별시 강서구 하늘길 77,0.0,4.0,0.1244,-0.0,0.0,,,,,
Station:I28A1|A06,Station,계양,계양,A06,37.571769,126.736319,환승역,인천광역시 계양구 다남로 24,0.007576,3.0,0.4675,0.3422,1.0,,,,,
Station:I28A1|A07,Station,검암,검암,A07,37.56915547,126.6735357,환승역,인천광역시 서구 검바위로 26,0.02857,3.0,0.9375,1.3346,1.0,,,,,
Station:I28A1|A071,Station,청라국제도시,청라국제도시,A071,37.556509,126.624725,일반역,인천광역시 서구 에코로 163,0.025028,2.0,0.7441,0.3186,1.0,,,,,
Station:I28A1|A072,Station,영종,영종,A072,37.51209814,126.5242471,일반역,인천광역시 중구 백운로414번길 75,0.022554,2.0,0.6081,0.1541,1.0,,,,,
Station:I28A1|A08,Station,운서,운서,A08,37.49284463,126.4936619,일반역,인천광역시 중구 흰바위로59번길 26,0.020073,2.0,0.5105,0.0553,1.0,,,,,
Station:I28A1|A09,Station,공항화물청사,공항화물청사,A09,37.45902611,126.4774333,일반역,인천광역시 중구 공항동로135번길 86,0.017587,2.0,0.4234,-0.0369,1.0,,,,,
Station:I28A1|A10,Station,인천공항1터미널,인천공항1터미널,A10,37.44760672,126.4523433,환승역,인천광역시 중구 공항로 271,0.01511,3.0,0.3678,-0.1235,1.0,,,,,
Station:I28A1|A11,Station,인천공항2터미널,인천공항2터미널,A11,37.46866,126.433415,일반역,인천광역시 중구 공항로 272,0.0,1.0,-0.1627,-0.0839,0.0,,,,,
Station:S2901|100,Station,녹동,녹동,100,35.107028,126.933932,일반역,광주광역시 동구 녹동길 45(용산동),,,,,,,,,,
Station:S2901|101,Station,소태,소태,101,35.124108,126.932013,일반역,광주광역시 동구 남문로 지하 587(소태동),,,,,,,,,,
Station:S2901|102,Station,학동증심사입구,학동증심사입구,102,35.133023,126.928382,일반역,광주광역시 동구 남문로 지하 700(학동),,,,,,,,,,
Station:S2901|103,Station,남광주,남광주,103,35.1389849,126.92318,일반역,광주광역시 동구 제봉로 지하 14(학동),,,,,,,,,,
Station:S2901|104,Station,문화전당(구도청),문화전당(구도청),104,35.14661,126.92005,일반역,광주광역시 동구 문화전당로 26번길 지하 7(광산동),,,,,,,,,,
Station:S2901|105,Station,금남로4가,금남로4가,105,35.150976,126.914446,일반역,광주광역시 동구 금남로 지하 210(금남로4가),,,,,,,,,,
Station:S2901|106,Station,금남로5가,금남로5가,106,35.153658,126.910033,일반역,광주광역시 북구 금남로 지하 138(북동),,,,,,,,,,
Station:S2901|107,Station,양동시장,양동시장,107,35.154176,126.901089,일반역,광주광역시 서구 경열로 지하 152(양동),,,,,,,,,,
Station:S2901|108,Station,돌고개,돌고개,108,35.152047,126.895637,일반역,광주광역시 서구 경열로 지하 87(농성동),,,,,,,,,,
Station:S2901|109,Station,농성,농성,109,35.153363,126.883973,일반역,광주광역시 서구 상무대로 지하 1123(농성동),,,,,,,,,,
Station:S2901|110,Station,화정,화정,110,35.152085,126.876698,일반역,광주광역시 서구 상무대로 지하 1041(화정동),,,,,,,,,,
Station:S2901|111,Station,쌍촌,쌍촌,111,35.151793,126.869519,일반역,광주광역시 서구 상무대로 지하 983(쌍촌동),,,,,,,,,,
Station:S2901|112,Station,운천,운천,112,35.150486,126.858694,일반역,광주광역시 서구 상무대로 지하 883(쌍촌동),,,,,,,,,,
Station:S2901|113,Station,상무,상무,113,35.146784,126.848641,일반역,광주광역시 서구 상무대로 지하 777(마륵동),,,,,,,,,,
Station:S2901|114,Station,김대중컨벤션센터(마륵),김대중컨벤션센터(마륵),114,35.143214,126.841442,일반역,광주광역시 서구 상무대로 지하 705(마륵동),,,,,,,,,,
Station:S2901|115,Station,공항,공항,115,35.144179,126.81153,일반역,광주광역시 광산구 상무대로 지하 416-99(신촌동),,,,,,,,,,
Station:S2901|116,Station,송정공원,송정공원,116,35.143565,126.799245,일반역,광주광역시 광산구 상무대로 지하 314-99(송정동),,,,,,,,,,
Station:S2901|117,Station,광주송정역,광주송정역,117,35.137529,126.791488,일반역,광주광역시 광산구 상무대로 지하 201-99(송정동),,,,,,,,,,
Station:S2901|118,Station,도산,도산,118,35.131713,126.787942,일반역,광주광역시 광산구 상무대로 지하 125-99(도산동),,,,,,,,,,
Station:S2901|119,Station,평동,평동,119,35.1247,126.769586,일반역,광주광역시 광산구 평동로 870(월전동),,,,,,,,,,
Station:S1108|806,Station,동구릉,동구릉,806,37.610556,127.135056,일반역,인창동 679-8 일원(구리도매시장),0.0,1.0,-0.0496,-0.0352,0.0,,,,,
Station:S1108|807,Station,구리(구리전통시장),구리(구리전통시장),807,37.60256,127.14073,일반역,인창동 675-1 일원(구리역공원),0.044694,5.0,2.0481,0.9594,1.0,,,,,
Station:S1108|808,Station,장자호수공원,장자호수공원,808,37.587222,127.13793,일반역,수택동 870-3 일원(장자2사거리),0.0,1.0,-0.0611,-0.041,0.0,,,,,
Station:L41G1|G100,Station,양촌역,양촌역,G100,37.641639,126.614694,일반역,경기도 김포시 양촌읍 양촌역길 107,0.0,1.0,-0.1376,-0.0486,0.0,,,,,
Station:L41G1|G101,Station,구래역,구래역,G101,37.645354,126.6285,일반역,경기도 김포시 김포한강7로 87,0.002532,2.0,-0.0204,-0.1281,1.0,,,,,
Station:L41G1|G102,Station,마산역,마산역,G102,37.640606,126.643944,일반역,경기도 김포시 김포한강3로 지하 442,0.005057,2.0,0.0936,-0.0502,1.0,,,,,
Station:L41G1|G103,Station,장기역,장기역,G103,37.644028,126.669,일반역,경기도 김포시 김포한강1로 지하 59,0.007576,2.0,0.2129,0.1751,1.0,,,,,
Station:L41G1|G104,Station,운양역,운양역,G104,37.653861,126.683833,일반역,경기도 김포시 김포한강1로 지하 235,0.010088,2.0,0.3366,0.4009,1.0,,,,,
Station:L41G1|G105,Station,걸포북변역,걸포북변역,G105,37.631639,126.70575,일반역,경기도 김포시 김포대로 지하 1040,0.012594,2.0,0.4729,0.6486,1.0,,,,,
Station:L41G1|G106,Station,사우역,사우역,G106,37.620361,126.719722,일반역,경기도 김포시 김포대로 지하 852,0.015094,2.0,0.6187,0.9136,1.0,,,,,
Station:L41G1|G107,Station,풍무역,풍무역,G107,37.612333,126.732583,일반역,경기도 김포시 김포대로 지하 710,0.017587,2.0,0.7667,1.1734,1.0,,,,,
Station:L41G1|G108,Station,고촌역,고촌역,G108,37.60125,126.770361,일반역,경기도 김포시 고촌읍 김포대로 지하 350,0.020073,2.0,0.9372,1.4672,1.0,,,,,
Station:L41G1|G109,Station,김포공항역,김포공항역,G109,37.562309,126.801833,환승역,서울특별시 강서구 하늘길 지하 77,0.003786,6.0,0.4015,0.1258,1.0,,,,,
Station:L11SL|S401,Station,샛강,샛강,S401,37.517219937,126.929403964,환승역,서울특별시 영등포구 의사당대로 지하166 (여의도동),0.0,2.0,0.168,0.038,0.0,,,,,
Station:L11SL|S402,Station,대방,대방,S402,37.512840166,126.925316781,환승역,서울특별시 영등포구 여의대방로 300 (신길동),0.0,2.0,0.1607,0.07,0.0,,,,,
Station:L11SL|S403,Station,서울지방병무청,서울지방병무청,S403,37.50604687,126.922783404,일반역,서울특별시 동작구 여의대방로 지하218 (대방동),0.070633,2.0,0.6482,0.6764,0.0,,,,,
Station:L11SL|S404,Station,보라매,보라매,S404,37.500312709,126.920485864,환승역,서울특별시 동작구 상도로 지하2 (대방동),0.076556,5.0,1.0188,1.1386,0.0,,,,,
Station:L11SL|S405,Station,보라매공원,보라매공원,S405,37.495225405,126.918258811,일반역,서울특별시 동작구 여의대방로20길 지하11 (신대방동),0.013403,3.0,0.4004,0.4677,0.0,,,,,
Station:L11SL|S406,Station,보라매병원,보라매병원,S406,37.4929607,126.923886,일반역,서울특별시 동작구 보라매로5길 지하24 (신대방동),0.011725,2.0,0.3349,0.3835,0.0,,,,,
Station:L11SL|S407,Station,당곡,당곡,S407,37.490039105,126.927568759,일반역,서울특별시 관악구 보라매로 6 (봉천동),0.010207,2.0,0.2952,0.3201,0.0,,,,,
Station:L11SL|S408,Station,신림,신림,S408,37.484890755,126.92960992,환승역,서울특별시 관악구 남부순환로 지하1614 (신림동),0.013313,3.0,0.9931,1.0137,1.0,,,,,
Station:L11SL|S409,Station,서원,서원,S409,37.47827336,126.933228219,일반역,서울특별시 관악구 신림로 258 (신림동),0.005057,2.0,0.5547,0.5718,1.0,,,,,
Station:L11SL|S410,Station,서울대벤처타운,서울대벤처타운,S410,37.47204068,126.933976556,일반역,서울특별시 관악구 신림로 144 (신림동),0.002532,2.0,0.2714,0.1957,1.0,,,,,
Station:L11SL|S411,Station,관악산,관악산,S411,37.46916896,126.944954837,일반역,서울특별시 관악구 신림로 23 (신림동),0.0,1.0,-0.0023,-0.0025,0.0,,,,,
Station:I4104|0405,Station,진접역,진접역,0405,37.720472,127.203167,일반역,경기도 남양주시 진접읍 경복대로 지하 244,0.0,1.0,-0.13,-0.1014,0.0,,,,,
Station:I4104|0406,Station,오남역,오남역,0406,37.7054056,127.191644,일반역,경기도 남양주시 오남읍 진건오남로 지하 929,0.002532,2.0,-0.0022,-0.0378,1.0,,,,,
Station:I4104|0408,Station,별내별가람역,별내별가람역,0408,37.667833,127.116167,일반역,경기도 남양주시 별내3로 지하 345,0.005057,2.0,0.1676,0.1857,1.0,,,,,
Station:S4108|804,Station,별내역,별내역,804,37.642517,127.1273,환승역,경기도 남양주시 경춘북로 375(별내동),0.0,2.0,-0.0118,-0.0047,0.0,,,,,
Station:S4108|805,Station,다산역,다산역,805,37.62437,127.1498,일반역,경기도 남양주 다산중앙로 123번길(다산동),0.0,1.0,-0.0729,-0.0461,0.0,,,,,
Station:S2701|0115,Station,설화명곡,설화명곡,0115,35.7986179,128.4893927,일반역,달성군 화원읍 비슬로 2476,,,,,,,,,,
Station:S2701|0116,Station,화원,화원,0116,35.804349,128.500409,일반역,달성군 화원읍 비슬로 지하2600,,,,,,,,,,
Station:S2701|0117,Station,대곡(정부대구청사),대곡(정부대구청사),0117,35.809571,128.51257,일반역,달서구 비슬로 지하2718 (대곡동),,,,,,,,,,
Station:S2701|0118,Station,진천,진천,0118,35.813815,128.522374,일반역,달서구 월배로 지하76 (진천동),,,,,,,,,,
Station:S2701|0119,Station,월배,월배,0119,35.816123,128.530119,일반역,달서구 월배로 지하143 (진천동),,,,,,,,,,
Station:S2701|0120,Station,상인,상인,0120,35.8188583,128.5375588,일반역,달서구 월배로 지하223 (상인동),,,,,,,,,,
Station:S2701|0121,Station,월촌,월촌,0121,35.823695,128.545465,일반역,달서구 월배로 지하311 (송현동),,,,,,,,,,
Station:S2701|0122,Station,송현,송현,0122,35.831092,128.551755,일반역,달서구 월배로 지하412 (송현동),,,,,,,,,,
Station:S2701|0123,Station,서부정류장(관문시장),서부정류장(관문시장),0123,35.8373375,128.5570702,일반역,남구 월배로 지하501 (대명동),,,,,,,,,,
Station:S2701|0124,Station,대명,대명,0124,35.8392924,128.5652846,일반역,남구 대명로 지하71 (대명동),,,,,,,,,,
Station:S2701|0125,Station,안지랑,안지랑,0125,35.8392,128.574,일반역,남구 대명로 지하141 (대명동),,,,,,,,,,
Station:S2701|0126,Station,현충로,현충로,0126,35.84072,128.58085,일반역,남구 대명로 지하222 (대명동),,,,,,,,,,
Station:S2701|0127,Station,영대병원,영대병원,0127,35.8442516,128.5882407,일반역,남구 대명로 지하292 (대명동),,,,,,,,,,
Station:S2701|0128,Station,교대,교대,0128,35.8510953,128.590643,일반역,남구 중앙대로 지하194 (대명동),,,,,,,,,,
Station:S2701|0129,Station,명덕(2.28민주운동기념회관),명덕(2.28민주운동기념회관),0129,35.857382,128.59088,환승역,중구 명덕로 지하185 (남산동),,,,,,,,,,
Station:S2701|0130,Station,반월당,반월당,0130,35.86389,128.593312,환승역,중구 달구벌대로 지하2100 (덕산동),,,,,,,,,,
Station:S2701|0131,Station,중앙로,중앙로,0131,35.870873,128.593888,일반역,중구 중앙대로 지하424 (남일동),,,,,,,,,,
Station:S2701|0132,Station,대구역,대구역,0132,35.876379,128.596919,일반역,북구 칠성남로30길 지하24 (칠성동),,,,,,,,,,
Station:S2701|0133,Station,칠성시장,칠성시장,0133,35.876159,128.604885,일반역,북구 칠성남로 지하222 (칠성동),,,,,,,,,,
Station:S2701|0134,Station,신천(경북대입구),신천(경북대입구),0134,35.874527,128.617244,일반역,동구 동부로 지하41 (신천동),,,,,,,,,,
Station:S2701|0135,Station,동대구역,동대구역,0135,35.877626,128.627152,일반역,동구 동대구로 지하530 (신천동),,,,,,,,,,
Station:S2701|0136,Station,동구청(큰고개),동구청(큰고개),0136,35.884485,128.632295,일반역,동구 신암남로 지하169 (신암동),,,,,,,,,,
Station:S2701|0137,Station,아양교(대구국제공항입구),아양교(대구국제공항입구),0137,35.887208,128.639572,일반역,동구 아양로 지하245 (신암동),,,,,,,,,,
Station:S2701|0138,Station,동촌(동촌유원지),동촌(동촌유원지),0138,35.886039,128.650455,일반역,동구 해동로 지하197 (검사동),,,,,,,,,,
Station:S2701|0139,Station,해안,해안,0139,35.883765,128.659079,일반역,동구 동촌로 지하167 (방촌동),,,,,,,,,,
Station:S2701|0140,Station,방촌,방촌,0140,35.879929,128.669767,일반역,동구 동촌로 지하275 (방촌동),,,,,,,,,,
Station:S2701|0141,Station,용계,용계,0141,35.876256,128.681414,일반역,동구 동촌로 지하383 (용계동),,,,,,,,,,
Station:S2701|0142,Station,율하,율하,0142,35.869751,128.692775,일반역,동구 안심로 지하57 (율하동),,,,,,,,,,
Station:S2701|0143,Station,신기,신기,0143,35.866761,128.701724,일반역,동구 안심로 지하159 (신기동),,,,,,,,,,
Station:S2701|0144,Station,반야월,반야월,0144,35.865948,128.713663,일반역,동구 안심로 지하261 (동호동),,,,,,,,,,
Station:S2701|0145,Station,각산,각산,0145,35.867852,128.723843,일반역,동구 안심로 지하363 (신서동),,,,,,,,,,
Station:S2701|0146,Station,안심(혁신도시·첨복단지),안심(혁신도시·첨복단지),0146,35.8712,128.7338,일반역,동구 안심로 지하455 (괴전동),,,,,,,,,,
Station:S2701|0147,Station,대구한의대병원,대구한의대병원,0147,35.8717089,128.7508237,일반역,동구 안심로 610 (사복동),,,,,,,,,,
Station:S2701|0148,Station,부호(경일대·호산대),부호(경일대·호산대),0148,35.9002809,128.8031144,일반역,경산시 하양읍 대경로 528,,,,,,,,,,
Station:S2701|0149,Station,하양(대구가톨릭대),하양(대구가톨릭대),0149,35.9094258,128.8175403,일반역,경산시 하양읍 하양역길 3,,,,,,,,,,
Station:S2702|0216,Station,문양,문양,0216,35.86414313,128.4370043,일반역,달성군 다사읍 문양역길 71,,,,,,,,,,
Station:S2702|0217,Station,다사,다사,0217,35.86495301,128.4582876,일반역,달성군 다사읍 다사역로 지하30 ,,,,,,,,,,
Station:S2702|0218,Station,대실,대실,0218,35.8573333,128.4656264,일반역,달성군 다사읍 달구벌대로 지하888 ,,,,,,,,,,
Station:S2702|0219,Station,강창,강창,0219,35.8531116,128.4789997,일반역,달서구 달구벌대로 지하1014 (호산동),,,,,,,,,,
Station:S2702|0220,Station,계명대,계명대,0220,35.85146491,128.491969,일반역,달서구 달구벌대로 지하1140 (신당동),,,,,,,,,,
Station:S2702|0221,Station,성서산업단지,성서산업단지,0221,35.8518236,128.5071662,일반역,달서구 달구벌대로 지하1280 (이곡동),,,,,,,,,,
Station:S2702|0222,Station,이곡,이곡,0222,35.85062003,128.5157686,일반역,달서구 달구벌대로 지하1357 (이곡동),,,,,,,,,,
Station:S2702|0223,Station,용산(서부법원․검찰청입구),용산(서부법원․검찰청입구),0223,35.84912,128.5287686,일반역,달서구 달구벌대로 지하1476 (용산동),,,,,,,,,,
Station:S2702|0224,Station,죽전,죽전,0224,35.8503505,128.537089,일반역,달서구 달구벌대로 지하1560 (죽전동),,,,,,,,,,
Station:S2702|0225,Station,감삼,감삼,0225,35.8543251,128.547905,일반역,달서구 달구벌대로 지하1665 (감삼동),,,,,,,,,,
Station:S2702|0226,Station,두류,두류,0226,35.8572405,128.555509,일반역,달서구 달구벌대로 지하1760 (두류동),,,,,,,,,,
Station:S2702|0227,Station,내당,내당,0227,35.860194,128.564593,일반역,달서구 달구벌대로 지하1900 (두류동),,,,,,,,,,
Station:S2702|0228,Station,반고개,반고개,0228,35.8623,128.572817,일반역,서구 달구벌대로 지하1827 (내당동),,,,,,,,,,
Station:S2702|0229,Station,청라언덕,청라언덕,0229,35.865,128.58232271,환승역,중구 달구벌대로 지하2000 (동산동),,,,,,,,,,
Station:S2702|0230,Station,반월당,반월당,0230,35.865592,128.593334,환승역,중구 달구벌대로 지하2100 (덕산동),,,,,,,,,,
Station:S2702|0231,Station,경대병원,경대병원,0231,35.863102,128.60316,일반역,중구 달구벌대로 지하2190 (삼덕동),,,,,,,,,,
Station:S2702|0232,Station,대구은행(대구교육청),대구은행(대구교육청),0232,35.859868,128.613975,일반역,수성구 달구벌대로 지하2300 (수성동),,,,,,,,,,
Station:S2702|0233,Station,범어,범어,0233,35.8591,128.6257,일반역,수성구 달구벌대로 지하2396 (범어동),,,,,,,,,,
Station:S2702|0234,Station,수성구청(KBS),수성구청(KBS),0234,35.85874022,128.6359517,일반역,수성구 달구벌대로 지하2500 (범어동),,,,,,,,,,
Station:S2702|0235,Station,만촌,만촌,0235,35.858841,128.644951,일반역,수성구 달구벌대로 지하2584 (만촌동),,,,,,,,,,
Station:S2702|0236,Station,담티(수성대·대륜),담티(수성대·대륜),0236,35.854841,128.654151,일반역,수성구 달구벌대로 지하2672 (만촌동),,,,,,,,,,
Station:S2702|0237,Station,연호,연호,0237,35.8465,128.67185,일반역,수성구 달구벌대로 지하2870 (연호동),,,,,,,,,,
Station:S2702|0238,Station,수성알파시티(삼성라이온즈파크),수성알파시티(삼성라이온즈파크),0238,35.842718,128.67999,일반역,수성구 달구벌대로 지하2950 (연호동),,,,,,,,,,
Station:S2702|0239,Station,고산,고산,0239,35.842955,128.69335,일반역,수성구 달구벌대로 지하3080 (시지동),,,,,,,,,,
Station:S2702|0240,Station,신매,신매,0240,35.8408,128.705,일반역,수성구 달구벌대로 지하3180 (매호동),,,,,,,,,,
Station:S2702|0241,Station,사월,사월,0241,35.837066,128.715173,일반역,수성구달구벌대로 지하3290 (신매동),,,,,,,,,,
Station:S2702|0242,Station,정평,정평,0242,35.83407,128.728695,일반역,"경상북도 경산시 대학로 지하60(정평동, 정평역)",,,,,,,,,,
Station:S2702|0243,Station,임당,임당,0243,35.834131,128.741076,일반역,"경상북도 경산시 대학로 지하170(중방동, 임당역)",,,,,,,,,,
Station:S2702|0244,Station,영남대,영남대,0244,35.836373,128.752966,일반역,"경상북도 경산시 대학로 지하270 (대동, 영남대역)",,,,,,,,,,
Station:S2703|0312,Station,칠곡경대병원,칠곡경대병원,0312,35.95838748,128.5598908,일반역, 북구 팔거천동로 386(동호동),,,,,,,,,,
Station:S2703|0313,Station,학정,학정,0313,35.95155512,128.5591934,일반역, 북구 팔거천동로 310(학정동),,,,,,,,,,
Station:S2703|0314,Station,팔거(국립농관원통계청),팔거(국립농관원통계청),0314,35.94404716,128.5583366,일반역, 북구 팔거천동로 226(동천동),,,,,,,,,,
Station:S2703|0315,Station,동천,동천,0315,35.93770658,128.556683,일반역, 북구 팔거천동로 147(동천동),,,,,,,,,,
Station:S2703|0316,Station,칠곡운암,칠곡운암,0316,35.93145534,128.5545305,일반역, 북구 팔거천동로 79(구암동),,,,,,,,,,
Station:S2703|0317,Station,구암(과학대보건대입구),구암(과학대보건대입구),0317,35.92574223,128.5503415,일반역, 북구 팔거천동로 1(구암동),,,,,,,,,,
Station:S2703|0318,Station,태전,태전,0318,35.9196172,128.547388,일반역, 북구 칠곡중앙대로 262(태전동),,,,,,,,,,
Station:S2703|0319,Station,매천,매천,0319,35.91265,128.5434,일반역, 북구 학정로 6(매천동),,,,,,,,,,
Station:S2703|0320,Station,매천시장,매천시장,0320,35.90443,128.545755,일반역, 북구 매천로 18길 39(매천동),,,,,,,,,,
Station:S2703|0321,Station,팔달,팔달,0321,35.89777,128.5468,일반역, 북구 매천로2길 43(팔달동),,,,,,,,,,
Station:S2703|0322,Station,공단,공단,0322,35.892,128.5536,일반역, 북구 팔달로 28(비산동),,,,,,,,,,
Station:S2703|0323,Station,만평,만평,0323,35.889893,128.561002,일반역, 북구 팔달로 105(노원동3가),,,,,,,,,,
Station:S2703|0324,Station,팔달시장,팔달시장,0324,35.88883085,128.5678716,일반역, 북구 팔달로 163-1(노원동3가),,,,,,,,,,
Station:S2703|0325,Station,원대,원대,0325,35.887886,128.574392,일반역, 서구 팔달로 224-2(원대동3가),,,,,,,,,,
Station:S2703|0326,Station,북구청 (대구iM뱅크파크),북구청 (대구iM뱅크파크),0326,35.88381395,128.5814483,일반역, 서구 원대로 71(원대동2가),,,,,,,,,,
Station:S2703|0327,Station,달성공원,달성공원,0327,35.87573001,128.5821218,일반역, 중구 달성로 116(수창동),,,,,,,,,,
Station:S2703|0328,Station,서문시장(동산병원),서문시장(동산병원),0328,35.86966429,128.582241,일반역, 중구 달성로 50(대신동),,,,,,,,,,
Station:S2703|0329,Station,청라언덕(신남),청라언덕(신남),0329,35.86419437,128.5823758,환승역, 중구 남산로 80(남산동),,,,,,,,,,
Station:S2703|0330,Station,남산(계명네거리),남산(계명네거리),0330,35.85668979,128.5834576,일반역, 중구 남산로 2(남산동),,,,,,,,,,
Station:S2703|0331,Station,명덕(2·28민주운동기념회관),명덕(2·28민주운동기념회관),0331,35.85694518,128.5900469,환승역, 남구 명덕로 186(대명동),,,,,,,,,,
Station:S2703|0332,Station,건들바위,건들바위,0332,35.85538252,128.5996903,일반역, 남구 명덕로 260(이천동),,,,,,,,,,
Station:S2703|0333,Station,대봉교,대봉교,0333,35.85499783,128.6063685,일반역, 남구 명덕로 330(이천동),,,,,,,,,,
Station:S2703|0334,Station,수성시장,수성시장,0334,35.85431676,128.6160292,일반역, 수성구 명덕로 420(수성동2가),,,,,,,,,,
Station:S2703|0335,Station,수성구민운동장,수성구민운동장,0335,35.85240979,128.6251246,일반역, 수성구 동대구로 248(범어동),,,,,,,,,,
Station:S2703|0336,Station,어린이세상,어린이세상,0336,35.84516989,128.6244677,일반역, 수성구 동대구로 166(황금동),,,,,,,,,,
Station:S2703|0337,Station,황금,황금,0337,35.83907838,128.6239185,일반역, 수성구 동대구로 100(두산동),,,,,,,,,,
Station:S2703|0338,Station,수성못(TBC),수성못(TBC),0338,35.83135605,128.6232167,일반역, 수성구 동대구로 14(지산동),,,,,,,,,,
Station:S2703|0339,Station,지산,지산,0339,35.82515322,128.6319513,일반역, 수성구 지범로 100(지산동),,,,,,,,,,
Station:S2703|0340,Station,범물,범물,0340,35.82083917,128.6401127,일반역, 수성구 지범로 194(범물동),,,,,,,,,,
Station:S2703|0341,Station,용지,용지,0341,35.8182678,128.6465345,일반역, 수성구 범안로 83(범물동),,,,,,,,,,
Station:S3001|101,Station,판암,판암,101,36.316896,127.458264,일반역,대전광역시 동구 옥천로 지하162 (판암동),,,,,,,,,,
Station:S3001|102,Station,신흥,신흥,102,36.319652,127.448792,일반역,대전광역시 동구 옥천로 지하 70 (판암동),,,,,,,,,,
Station:S3001|103,Station,대동,대동,103,36.329532,127.442848,일반역,대전광역시 동구 계족로 지하 176 (대동),,,,,,,,,,
Station:S3001|104,Station,대전,대전,104,36.331583,127.433118,일반역,대전광역시 동구 중앙로 지하 218 (중동),,,,,,,,,,
Station:S3001|105,Station,중앙로,중앙로,105,36.328664,127.425842,일반역,대전광역시 중구 중앙로 지하 145 (은행동),,,,,,,,,,
Station:S3001|106,Station,중구청,중구청,106,36.324831,127.419627,일반역,대전광역시 중구 중앙로 지하 71 (선화동),,,,,,,,,,
Station:S3001|107,Station,서대전네거리,서대전네거리,107,36.322416,127.412518,일반역,대전광역시 중구 계룡로 지하 889(용두동),,,,,,,,,,
Station:S3001|108,Station,오룡,오룡,108,36.328582,127.405046,일반역,대전광역시 중구 계룡로 지하 793(오류동),,,,,,,,,,
Station:S3001|109,Station,용문,용문,109,36.338252,127.393317,일반역,대전광역시 서구 계룡로 지하 644(용문동),,,,,,,,,,
Station:S3001|110,Station,탄방,탄방,110,36.34544,127.384603,일반역,대전광역시 서구 문정로48번길 지하 19(탄방동),,,,,,,,,,
Station:S3001|111,Station,시청,시청,111,36.351673,127.386739,일반역,대전광역시 서구 둔산중로 지하 55(둔산동),,,,,,,,,,
Station:S3001|112,Station,정부청사,정부청사,112,36.357661,127.381047,일반역,대전광역시 서구 한밭대로 지하 744(둔산동),,,,,,,,,,
Station:S3001|113,Station,갈마,갈마,113,36.357522,127.372632,일반역,대전광역시 서구 한밭대로 지하 666(갈마동),,,,,,,,,,
Station:S3001|114,Station,월평,월평,114,36.358272,127.364382,일반역,대전광역시 서구 한밭대로 지하 595(월평동),,,,,,,,,,
Station:S3001|115,Station,갑천,갑천,115,36.354578,127.354467,일반역,대전광역시 서구 갑천도시고속도로 지하 1833(월평동),,,,,,,,,,
Station:S3001|116,Station,유성온천,유성온천,116,36.353689,127.341524,일반역,대전광역시 유성구 계룡로 지하 97(봉명동),,,,,,,,,,
Station:S3001|117,Station,구암,구암,117,36.356605,127.33083,일반역,대전광역시 유성구 유성대로 703(구암동),,,,,,,,,,
Station:S3001|118,Station,현충원,현충원,118,36.359021,127.321525,일반역,대전광역시 유성구 현충원로 지하 455(구암동),,,,,,,,,,
Station:S3001|119,Station,월드컵경기장,월드컵경기장,119,36.366825,127.317859,일반역,대전광역시 유성구 한밭대로 지하 155(노은동),,,,,,,,,,
Station:S3001|120,Station,노은,노은,120,36.37415,127.317835,일반역,대전광역시 유성구 노은로 지하 161(지족동),,,,,,,,,,
Station:S3001|121,Station,지족,지족,121,36.384106,127.319501,일반역,대전광역시 유성구 노은로 273(지족동),,,,,,,,,,
Station:S3001|122,Station,반석,반석,122,36.392128,127.314581,일반역,대전광역시 유성구 북유성대로 지하 303(반석동),,,,,,,,,,
Station:S2601|0095,Station,다대포해수욕장,다대포해수욕장,0095,35.048229,128.965919,일반역,부산광역시 사하구 다대로 지하 692,,,,,,,,,,
Station:S2601|0096,Station,다대포항,다대포항,0096,35.057288,128.971151,일반역,부산광역시 사하구 다대로 지하 548,,,,,,,,,,
Station:S2601|0097,Station,낫개,낫개,0097,35.065179,128.979702,일반역,부산광역시 사하구 다대로 지하422,,,,,,,,,,
Station:S2601|0098,Station,신장림,신장림,0098,35.074222,128.976538,일반역,부산광역시 사하구 다대로 지하310,,,,,,,,,,
Station:S2601|0099,Station,장림,장림,0099,35.081555,128.9773083,일반역,부산광역시 사하구 다대로 지하230,,,,,,,,,,
Station:S2601|0100,Station,동매,동매,0100,35.089819,128.974029,일반역,부산광역시 사하구 신산로 지하168,,,,,,,,,,
Station:S2601|0101,Station,신평,신평,0101,35.09556,128.96056,일반역,부산광역시 사하구 하신번영로 140,,,,,,,,,,
Station:S2601|0102,Station,하단,하단,0102,35.10611,128.96667,일반역,부산광역시 사하구 낙동남로 지하 1415,,,,,,,,,,
Station:S2601|0103,Station,당리,당리,0103,35.10333,128.97417,일반역,부산광역시 사하구 낙동대로 지하 405,,,,,,,,,,
Station:S2601|0104,Station,사하,사하,0104,35.09972,128.98333,일반역,부산광역시 사하구 낙동대로 지하 309,,,,,,,,,,
Station:S2601|0105,Station,괴정,괴정,0105,35.1,128.9925,일반역,부산광역시 사하구 낙동대로 지하 221,,,,,,,,,,
Station:S2601|0106,Station,대티,대티,0106,35.10306,128.99972,일반역,부산광역시 사하구 낙동대로 지하 141,,,,,,,,,,
Station:S2601|0107,Station,서대신,서대신,0107,35.11083,129.01194,일반역,부산광역시 서구 대영로 지하 1,,,,,,,,,,
Station:S2601|0108,Station,동대신,동대신,0108,35.11056,129.01757,일반역,부산광역시 서구 구덕로 지하 290,,,,,,,,,,
Station:S2601|0109,Station,토성,토성,0109,35.10083,129.01972,일반역,부산광역시 서구 구덕로 지하 170,,,,,,,,,,
Station:S2601|0110,Station,자갈치,자갈치,0110,35.0975,129.02694,일반역,부산광역시 중구 구덕로 지하 80,,,,,,,,,,
Station:S2601|0111,Station,남포,남포,0111,35.09778,129.03472,일반역,부산광역시 중구 구덕로 지하 12,,,,,,,,,,
Station:S2601|0112,Station,중앙,중앙,0112,35.10389,129.03639,일반역,부산광역시 중구 중앙대로 지하 83,,,,,,,,,,
Station:S2601|0113,Station,부산역,부산역,0113,35.11528,129.03972,일반역,부산광역시 동구 중앙대로 지하 200,,,,,,,,,,
Station:S2601|0114,Station,초량,초량,0114,35.12111,129.04296,일반역,부산광역시 동구 중앙대로 지하 264,,,,,,,,,,
Station:S2601|0115,Station,부산진,부산진,0115,35.12778,129.04778,일반역,부산광역시 동구 중앙대로 지하 350,,,,,,,,,,
Station:S2601|0116,Station,좌천,좌천,0116,35.13417,129.05417,일반역,부산광역시 동구 중앙대로 지하 446,,,,,,,,,,
Station:S2601|0117,Station,범일,범일,0117,35.14139,129.05944,일반역,부산광역시 동구 범일로 지하 108,,,,,,,,,,
Station:S2601|0118,Station,범내골,범내골,0118,35.14722,129.05917,일반역,부산광역시 부산진구 중앙대로 지하 612,,,,,,,,,,
Station:S2601|0119,Station,서면,서면,0119,35.15778,129.05917,환승역,부산광역시 부산진구 중앙대로 지하 730,,,,,,,,,,
Station:S2601|0120,Station,부전,부전,0120,35.1625,129.06278,일반역,부산광역시 부산진구 중앙대로 지하 786,,,,,,,,,,
Station:S2601|0121,Station,양정,양정,0121,35.17304,129.07119,일반역,부산광역시 부산진구 중앙대로 지하930 ,,,,,,,,,,
Station:S2601|0122,Station,시청(연제),시청(연제),0122,35.17972,129.07667,일반역,부산광역시 연제구 중앙대로 지하 1017,,,,,,,,,,
Station:S2601|0123,Station,연산,연산,0123,35.18611,129.08167,환승역,부산광역시 연제구 중앙대로 지하 1101,,,,,,,,,,
Station:S2601|0124,Station,교대,교대,0124,35.19583,129.08,환승역,부산광역시 연제구 중앙대로 지하 1217,,,,,,,,,,
Station:S2601|0125,Station,동래,동래,0125,35.20556,129.078461,환승역,부산광역시 동래구 중앙대로 1324,,,,,,,,,,
Station:S2601|0126,Station,명륜,명륜,0126,35.21222,129.07944,일반역,부산광역시 동래구 중앙대로 1414,,,,,,,,,,
Station:S2601|0127,Station,온천장,온천장,0127,35.22056,129.08667,일반역,부산광역시 동래구 중앙대로 1520,,,,,,,,,,
Station:S2601|0128,Station,부산대,부산대,0128,35.23,129.08944,일반역,부산광역시 금정구 장전온천천로 48,,,,,,,,,,
Station:S2601|0129,Station,장전,장전,0129,35.23806,129.08806,일반역,부산광역시 금정구 장전온천천로 144,,,,,,,,,,
Station:S2601|0130,Station,구서,구서,0130,35.247407,129.091327,일반역,부산광역시 금정구 금정로 233번길 46,,,,,,,,,,
Station:S2601|0131,Station,두실,두실,0131,35.25694,129.09139,일반역,부산광역시 금정구 중앙대로 1927-1,,,,,,,,,,
Station:S2601|0132,Station,남산,남산,0132,35.26528,129.0925,일반역,부산광역시 금정구 중앙대로 지하2019-1 ,,,,,,,,,,
Station:S2601|0133,Station,범어사,범어사,0133,35.27333,129.09268,일반역,부산광역시 금정구 중앙대로 지하 2107,,,,,,,,,,
Station:S2601|0134,Station,노포,노포,0134,35.28361,129.095,일반역,부산광역시 금정구 중앙대로 2238,,,,,,,,,,
Station:S2602|0201,Station,장산,장산,0201,35.17,129.17694,일반역,부산광역시 해운대구 해운대로 지하 820,,,,,,,,,,
Station:S2602|0202,Station,중동,중동,0202,35.16669,129.16887,일반역,부산광역시 해운대구 해운대로 지하 730,,,,,,,,,,
Station:S2602|0203,Station,해운대,해운대,0203,35.163518,129.158584,일반역,부산광역시 해운대구 해운대로 지하 626,,,,,,,,,,
Station:S2602|0204,Station,동백,동백,0204,35.16147,129.147887,일반역,부산광역시 해운대구 해운대로 지하 522,,,,,,,,,,
Station:S2602|0205,Station,벡스코,벡스코,0205,35.16911,129.138431,환승역,부산광역시 해운대구 해운대로 지하 396,,,,,,,,,,
Station:S2602|0206,Station,센텀시티,센텀시티,0206,35.16892,129.131764,일반역,부산광역시 해운대구 센텀남대로 지하 76,,,,,,,,,,
Station:S2602|0207,Station,민락,민락,0207,35.16722,129.121878,일반역,부산광역시 수영구 수영로 지하 769,,,,,,,,,,
Station:S2602|0208,Station,수영,수영,0208,35.16578,129.114842,환승역,부산광역시 수영구 수영로 지하 677,,,,,,,,,,
Station:S2602|0209,Station,광안,광안,0209,35.15792,129.113197,일반역,부산광역시 수영구 수영로 지하 576,,,,,,,,,,
Station:S2602|0210,Station,금련산,금련산,0210,35.14989,129.111008,일반역,부산광역시 수영구 수영로 지하 482,,,,,,,,,,
Station:S2602|0211,Station,남천,남천,0211,35.14217,129.10797,일반역,부산광역시 수영구 수영로 지하 410,,,,,,,,,,
Station:S2602|0212,Station,경성대·부경대,경성대·부경대,0212,35.13757,129.10055,일반역,부산광역시 남구 수영로 지하 324,,,,,,,,,,
Station:S2602|0213,Station,대연,대연,0213,35.13512,129.09218,일반역,부산광역시 남구 수영로 지하 242,,,,,,,,,,
Station:S2602|0214,Station,못골,못골,0214,35.13472,129.08442,일반역,부산광역시 남구 수영로 지하 170,,,,,,,,,,
Station:S2602|0215,Station,지게골,지게골,0215,35.13558,129.07436,일반역,부산광역시 남구 수영로 지하 70,,,,,,,,,,
Station:S2602|0216,Station,문현,문현,0216,35.13911,129.06736,일반역,부산광역시 남구 전포대로 지하 17,,,,,,,,,,
Station:S2602|0217,Station,국제금융센터·부산은행,국제금융센터·부산은행,0217,35.14583,129.06672,일반역,부산광역시 남구 전포대로 지하97 ,,,,,,,,,,
Station:S2602|0218,Station,전포,전포,0218,35.15311,129.06533,일반역,부산광역시 부산진구 전포대로 지하 181,,,,,,,,,,
Station:S2602|0219,Station,서면,서면,0219,35.15768,129.058517,환승역,부산광역시 부산진구 부전동 573번지,,,,,,,,,,
Station:S2602|0220,Station,부암,부암,0220,35.15744,129.05019,일반역,부산광역시 부산진구 가야대로 지하 719,,,,,,,,,,
Station:S2602|0221,Station,가야,가야,0221,35.15589,129.04283,일반역,부산광역시 부산진구 가야대로 지하 650,,,,,,,,,,
Station:S2602|0222,Station,동의대,동의대,0222,35.15411,129.0325,일반역,부산광역시 부산진구 가야대로 지하 554,,,,,,,,,,
Station:S2602|0223,Station,개금,개금,0223,35.15325,129.02056,일반역,부산광역시 부산진구 가야대로 지하 442,,,,,,,,,,
Station:S2602|0224,Station,냉정,냉정,0224,35.15125,129.01228,일반역,부산광역시 사상구 가야대로 지하 362-1,,,,,,,,,,
Station:S2602|0225,Station,주례,주례,0225,35.1505,129.00306,일반역,부산광역시 사상구 가야대로 지하 292,,,,,,,,,,
Station:S2602|0226,Station,감전,감전,0226,35.15553,128.99114,일반역,부산광역시 사상구 사상로 지하 93-1,,,,,,,,,,
Station:S2602|0227,Station,사상,사상,0227,35.16218,128.98467,환승역,부산광역시 사상구 사상로 지하 203,,,,,,,,,,
Station:S2602|0228,Station,덕포,덕포,0228,35.17378,128.98394,일반역,부산광역시 사상구 사상로 지하 320-1,,,,,,,,,,
Station:S2602|0229,Station,모덕,모덕,0229,35.18036,128.98561,일반역,부산광역시 사상구 사상로 지하 409,,,,,,,,,,
Station:S2602|0230,Station,모라,모라,0230,35.18967,128.98864,일반역,부산광역시 사상구 사상로 지하 498,,,,,,,,,,
Station:S2602|0231,Station,구남,구남,0231,35.19681,128.99492,일반역,부산광역시 북구 백양대로 지하 1026,,,,,,,,,,
Station:S2602|0232,Station,구명,구명,0232,35.20253,128.99931,일반역,부산광역시 북구 백양대로 지하 1094,,,,,,,,,,
Station:S2602|0233,Station,덕천,덕천,0233,35.21011,129.00533,환승역,부산광역시 북구 금곡대로 지하 14,,,,,,,,,,
Station:S2602|0234,Station,수정,수정,0234,35.22336,129.00922,일반역,부산광역시 북구 금곡대로 지하160 ,,,,,,,,,,
Station:S2602|0235,Station,화명,화명,0235,35.23585,129.01387,일반역,부산광역시 북구 금곡대로 지하 311,,,,,,,,,,
Station:S2602|0236,Station,율리,율리,0236,35.24672,129.01292,일반역,부산광역시 북구 금곡대로 지하 440,,,,,,,,,,
Station:S2602|0237,Station,동원,동원,0237,35.25864,129.01242,일반역,부산광역시 북구 금곡대로 575,,,,,,,,,,
Station:S2602|0238,Station,금곡,금곡,0238,35.26733,129.01686,일반역,부산광역시 북구 금곡대로 685,,,,,,,,,,
Station:S2602|0239,Station,호포,호포,0239,35.281,129.017525,일반역,경상남도 양산시 동면 양산대로 62,,,,,,,,,,
Station:S2602|0240,Station,증산,증산,0240,35.30828,129.01028,일반역,경상남도 양산시 물금읍 메기로 168,,,,,,,,,,
Station:S2602|0241,Station,부산대양산캠퍼스,부산대양산캠퍼스,0241,35.31697,129.01383,일반역,경상남도 양산시 물금읍 메기로 270,,,,,,,,,,
Station:S2602|0242,Station,남양산,남양산,0242,35.32533,129.01942,일반역,경상남도 양산시 동면 메기로 380,,,,,,,,,,
Station:S2602|0243,Station,양산,양산,0243,35.33851,129.02643,일반역,경상남도 양산시 강변로 441,,,,,,,,,,
Station:S2603|0301,Station,수영,수영,0301,35.16775,129.11458,환승역,부산광역시 수영구 수영로 677,,,,,,,,,,
Station:S2603|0302,Station,망미,망미,0302,35.17153,129.10822,일반역,부산광역시 수영구 연수로 지하 337,,,,,,,,,,
Station:S2603|0303,Station,배산,배산,0303,35.1735,129.0955,일반역,부산광역시 연제구 연수로 지하 229,,,,,,,,,,
Station:S2603|0304,Station,물만골,물만골,0304,35.17681,129.08575,일반역,부산광역시 연제구 월드컵대로 지하 23,,,,,,,,,,
Station:S2603|0305,Station,연산,연산,0305,35.18614,129.08147,환승역,부산광역시 연제구 연산동 1515-1번지,,,,,,,,,,
Station:S2603|0306,Station,거제,거제,0306,35.18858,129.07394,환승역,부산광역시 연제구 월드컵대로 지하 209,,,,,,,,,,
Station:S2603|0307,Station,종합운동장,종합운동장,0307,35.19125,129.0675,일반역,부산광역시 연제구 아시아드대로 지하 73,,,,,,,,,,
Station:S2603|0308,Station,사직,사직,0308,35.199,129.065,일반역,부산광역시 동래구 아시아드대로 지하 153,,,,,,,,,,
Station:S2603|0309,Station,미남,미남,0309,35.2055,129.06806,환승역,부산광역시 동래구 아시아드대로 지하 232,,,,,,,,,,
Station:S2603|0310,Station,만덕,만덕,0310,35.213,129.0365,일반역,부산광역시 북구 만덕대로 지하 291,,,,,,,,,,
Station:S2603|0311,Station,남산정,남산정,0311,35.21333,129.02392,일반역,부산광역시 북구 만덕대로 지하 179,,,,,,,,,,
Station:S2603|0312,Station,숙등,숙등,0312,35.21197,129.01275,일반역,부산광역시 북구 만덕대로 지하 79,,,,,,,,,,
Station:S2603|0313,Station,덕천,덕천,0313,35.210139,129.005545,환승역,부산광역시 북구 덕천동 327번지,,,,,,,,,,
Station:S2603|0314,Station,구포,구포,0314,35.20644,128.99631,일반역,부산광역시 북구 낙동대로 1697,,,,,,,,,,
Station:S2603|0315,Station,강서구청,강서구청,0315,35.21125,128.98175,일반역,부산광역시 강서구 낙동북로 485,,,,,,,,,,
Station:S2603|0316,Station,체육공원,체육공원,0316,35.21261,128.96894,일반역,부산광역시 강서구 낙동북로 371,,,,,,,,,,
Station:S2603|0317,Station,대저,대저,0317,35.21343,128.96074,환승역,부산광역시 강서구 낙동북로 295,,,,,,,,,,
Station:L2604|0401,Station,미남,미남,0401,35.20643,129.06868,환승역,부산광역시 동래구 충렬대로 지하 147,,,,,,,,,,
Station:L2604|0402,Station,동래,동래,0402,35.20466,129.07741,환승역,부산광역시 동래구 온천2동 1486번지,,,,,,,,,,
Station:L2604|0403,Station,수안,수안,0403,35.20183,129.08378,일반역,부산광역시 동래구 충렬대로 지하 223,,,,,,,,,,
Station:L2604|0404,Station,낙민,낙민,0404,35.20025,129.09078,일반역,부산광역시 동래구 충렬대로 지하 285,,,,,,,,,,
Station:L2604|0405,Station,충렬사,충렬사,0405,35.19986,129.09764,일반역,부산광역시 동래구 반송로 지하 205,,,,,,,,,,
Station:L2604|0406,Station,명장,명장,0406,35.20503,129.10161,일반역,부산광역시 동래구 반송로 지하 281,,,,,,,,,,
Station:L2604|0407,Station,서동,서동,0407,35.21331,129.10769,일반역,부산광역시 금정구 반송로 지하 387,,,,,,,,,,
Station:L2604|0408,Station,금사,금사,0408,35.21583,129.11517,일반역,부산광역시 금정구 반송로 지하 465,,,,,,,,,,
Station:L2604|0409,Station,반여농산물시장,반여농산물시장,0409,35.21778,129.12397,일반역,부산광역시 해운대구 반송로 550,,,,,,,,,,
Station:L2604|0410,Station,석대,석대,0410,35.21825,129.13717,일반역,부산광역시 해운대구 석대천로 121,,,,,,,,,,
Station:L2604|0411,Station,영산대,영산대,0411,35.22578,129.14617,일반역,부산광역시 해운대구 반송로 803,,,,,,,,,,
Station:L2604|0412,Station,윗반송,윗반송,0412,35.2325,129.15403,일반역,부산광역시 해운대구 반송로 917,,,,,,,,,,
Station:L2604|0413,Station,고촌,고촌,0413,35.23603,129.1605,일반역,부산광역시 기장군 철마면 반송로 991,,,,,,,,,,
Station:L2604|0414,Station,안평,안평,0414,35.23733,129.17183,일반역,부산광역시 기장군 철마면 반송로 1001,,,,,,,,,,
Station:L48B1|0001,Station,사상,사상,0001,35.1623018,128.9859408,환승역,부산광역시 사상구 광장로 83,,,,,,,,,,
Station:L48B1|0002,Station,괘법르네시떼,괘법르네시떼,0002,35.1632616,128.9776836,일반역,부산광역시 사상구 광장로 9,,,,,,,,,,
Station:L48B1|0003,Station,서부산유통지구,서부산유통지구,0003,35.16640204,128.9548881,일반역,부산광역시 강서구 유통단지1로 57번길 7,,,,,,,,,,
Station:L48B1|0004,Station,공항,공항,0004,35.171906,128.948586,일반역,부산광역시 강서구 공항진입로 165,,,,,,,,,,
Station:L48B1|0005,Station,덕두,덕두,0005,35.182001,128.954198,일반역,부산광역시 강서구 경전철로 10,,,,,,,,,,
Station:L48B1|0006,Station,등구,등구,0006,35.196143,128.963599,일반역,부산광역시 강서구 경전철로 194,,,,,,,,,,
Station:L48B1|0007,Station,대저,대저,0007,35.213066,128.960562,환승역,부산광역시 강서구 낙동북로 294,,,,,,,,,,
Station:L48B1|0008,Station,평강,평강,0008,35.214105,128.950825,일반역,부산광역시 강서구 낙동북로 203,,,,,,,,,,
Station:L48B1|0009,Station,대사,대사,0009,35.217657,128.938417,일반역,부산광역시 강서구 낙동북로 82,,,,,,,,,,
Station:L48B1|0010,Station,불암,불암,0010,35.222162,128.927893,일반역,경상남도 김해시 김해대로 2787,,,,,,,,,,
Station:L48B1|0011,Station,지내,지내,0011,35.2275,128.923721,일반역,경상남도 김해시 김해대로 2718,,,,,,,,,,
Station:L48B1|0012,Station,김해대학,김해대학,0012,35.22899,128.915612,일반역,경상남도 김해시 김해대로 2641,,,,,,,,,,
Station:L48B1|0013,Station,인제대,인제대,0013,35.228099,128.901736,일반역,경상남도 김해시 김해대로 2515,,,,,,,,,,
Station:L48B1|0014,Station,김해시청,김해시청,0014,35.227103,128.89041,일반역,경상남도 김해시 김해대로 2408,,,,,,,,,,
Station:L48B1|0015,Station,부원,부원,0015,35.22646624,128.8838997,일반역,경상남도 김해시 김해대로 2350,,,,,,,,,,
Station:L48B1|0016,Station,봉황,봉황,0016,35.22726757,128.8743069,일반역,경상남도 김해시 김해대로 2249,,,,,,,,,,
Station:L48B1|0017,Station,수로왕릉,수로왕릉,0017,35.2328215,128.8721409,일반역,경상남도 김해시 김해대로 2181,,,,,,,,,,
Station:L48B1|0018,Station,박물관,박물관,0018,35.24006467,128.8718628,일반역,경상남도 김해시 김해대로 2103,,,,,,,,,,
Station:L48B1|0019,Station,연지공원,연지공원,0019,35.24965763,128.8692908,일반역,경상남도 김해시 해반천로 5,,,,,,,,,,
Station:L48B1|0020,Station,장신대,장신대,0020,35.25955642,128.8671142,일반역,경상남도 김해시 해반천로 129,,,,,,,,,,
Station:L48B1|0021,Station,가야대,가야대,0021,35.26672721,128.8650703,일반역,경상남도 김해시 해반천로 211,,,,,,,,,,
Station:I4101|0124,Station,청량리(서울시립대입구),청량리(서울시립대입구),0124,37.580148,127.045063,환승역,서울특별시 동대문구 왕산로 지하205(전농동),0.012533,3.0,0.3187,0.2165,0.0,,,,,
Station:I4101|0125,Station,제기동,제기동,0125,37.578116,127.034902,일반역,서울특별시 동대문구 왕산로 지하93(제기동),0.013669,2.0,0.3105,0.3576,0.0,,,,,
Station:I4101|0126,Station,신설동,신설동,0126,37.576117,127.02471,환승역,서울특별시 동대문구 왕산로 지하1(신설동),0.029963,4.0,0.6744,0.8137,0.0,,,,,
Station:I4101|0127,Station,동묘앞,동묘앞,0127,37.573265,127.016459,환승역,서울특별시 종로구 종로 359(숭인동),0.083275,3.0,0.7769,0.9146,0.0,,,,,
Station:I4101|0128,Station,동대문,동대문,0128,37.571646,127.01069,환승역,서울특별시 종로구 종로 지하302(창신동),0.084237,3.0,0.535,0.6271,0.0,,,,,
Station:I4101|0129,Station,종로5가,종로5가,0129,37.570971,127.0019,일반역,서울특별시 종로구 종로 지하216(종로5가),0.082537,2.0,0.3898,0.4693,0.0,,,,,
Station:I4101|0130,Station,종로3가,종로3가,0130,37.570429,126.992095,환승역,서울특별시 종로구 종로 지하129(종로3가),0.084379,5.0,0.5489,0.7184,0.0,,,,,
Station:I4101|0131,Station,종각,종각,0131,37.570203,126.983116,일반역,서울특별시 종로구 종로 지하55(종로1가),0.004114,2.0,0.1688,0.3673,0.0,,,,,
Station:I4101|0132,Station,시청,시청,0132,37.565211,126.977207,환승역,서울특별시 중구 세종대로 지하101(정동),0.016236,4.0,0.4216,0.7138,0.0,,,,,
Station:I4101|0133,Station,서울역,서울역,0133,37.55585,126.972103,환승역,서울특별시 중구 세종대로 지하2(남대문로 5가),0.120056,5.0,0.4712,0.4296,0.0,,,,,
Station:S1102|0201,Station,시청,시청,0201,37.563534,126.975271,환승역,서울특별시 중구 서소문로 지하127(서소문동),0.0,2.0,0.1847,0.0988,0.0,,,,,
Station:S1102|0202,Station,을지로입구,을지로입구,0202,37.565998,126.982569,일반역,서울특별시 중구 을지로 지하42(을지로1가),0.009196,3.0,0.2837,0.3699,0.0,,,,,
Station:S1102|0203,Station,을지로3가,을지로3가,0203,37.566292,126.990873,환승역,서울특별시 중구 을지로 지하106(을지로3가),0.01998,5.0,0.5216,0.6534,0.0,,,,,
Station:S1102|0204,Station,을지로4가,을지로4가,0204,37.566611,126.997622,환승역,서울특별시 중구 을지로 지하178(을지로4가),0.005137,3.0,0.2794,0.2423,0.0,,,,,
Station:S1102|0205,Station,동대문역사문화공원(DDP),동대문역사문화공원(DDP),0205,37.565609,127.009083,환승역,서울특별시 중구 을지로 지하279(을지로7가),0.102482,4.0,0.3705,0.3591,0.0,,,,,
Station:S1102|0206,Station,신당,신당,0206,37.565675,127.0194259,환승역,서울특별시 중구 퇴계로 지하431-1(신당동),0.042743,2.0,0.2544,0.131,0.0,,,,,
Station:S1102|0207,Station,상왕십리,상왕십리,0207,37.564444,127.029322,일반역,서울특별시 성동구 왕십리로 지하374(하왕십리동),0.041552,3.0,0.4112,0.4532,0.0,,,,,
Station:S1102|0208,Station,왕십리(성동구청),왕십리(성동구청),0208,37.561289,127.0370615,환승역,서울특별시 성동구 왕십리로 지하300(행당동),0.006254,6.0,0.6135,0.3382,1.0,,,,,
Station:S1102|0209,Station,한양대,한양대,0209,37.555758,127.0436594,일반역,서울특별시 성동구 왕십리로 206(행당동),0.018944,3.0,0.2945,0.3738,0.0,,,,,
Station:S1102|0210,Station,뚝섬,뚝섬,0210,37.54718,127.047413,일반역,서울특별시 성동구 아차산로 18(성수동1가),0.018139,2.0,0.254,0.3115,0.0,,,,,
Station:S1102|0211,Station,성수,성수,0211,37.544628,127.055983,일반역,서울특별시 성동구 아차산로 100(성수동2가),0.03742,3.0,0.6568,0.7098,0.0,,,,,
Station:S1102|0212,Station,건대입구,건대입구,0212,37.540408,127.069231,환승역,서울특별시 광진구 아차산로 243(화양동),0.083509,3.0,0.9229,0.9258,0.0,,,,,
Station:S1102|0213,Station,구의(광진구청),구의(광진구청),0213,37.537157,127.0862124,일반역,서울특별시 광진구 아차산로 384-1(구의동),0.07216,2.0,0.5428,0.5624,0.0,,,,,
Station:S1102|0214,Station,강변(동서울터미널),강변(동서울터미널),0214,37.535161,127.094684,일반역,서울특별시 광진구 강변역로 53(구의동),0.070687,2.0,0.4982,0.486,0.0,,,,,
Station:S1102|0215,Station,잠실나루,잠실나루,0215,37.520688,127.103836,일반역,서울특별시 송파구 오금로 20(신천동),0.070296,3.0,0.5228,0.4988,0.0,,,,,
Station:S1102|0216,Station,잠실(송파구청),잠실(송파구청),0216,37.513305,127.100129,환승역,서울특별시 송파구 올림픽로 지하265(신천동),0.0,2.0,0.1,0.0415,0.0,,,,,
Station:S1102|0217,Station,잠실새내,잠실새내,0217,37.511653,127.086224,일반역,서울특별시 송파구 올림픽로 지하140(잠실동),0.019303,2.0,0.1803,0.1346,0.0,,,,,
Station:S1102|0218,Station,종합운동장,종합운동장,0218,37.511128,127.073841,환승역,서울특별시 송파구 올림픽로 지하23(잠실동),0.042813,3.0,0.2562,0.1192,0.0,,,,,
Station:S1102|0219,Station,삼성(무역센터),삼성(무역센터),0219,37.508827,127.063203,일반역,서울특별시 강남구 테헤란로 지하538(삼성동),0.00429,2.0,0.1284,0.0863,0.0,,,,,
Station:S1102|0220,Station,선릉,선릉,0220,37.504257,127.048174,환승역,서울특별시 강남구 테헤란로 지하340(삼성동),0.031464,3.0,0.4717,0.3405,0.0,,,,,
Station:S1102|0221,Station,역삼,역삼,0221,37.500658,127.03643,일반역,서울특별시 강남구 테헤란로 지하156(역삼동),0.013396,3.0,0.1711,0.1507,0.0,,,,,
Station:S1102|0222,Station,강남,강남,0222,37.49805,127.02795,환승역,서울특별시 강남구 강남대로 지하396(역삼동),0.099597,5.0,0.4718,0.3822,0.0,,,,,
Station:S1102|0223,Station,교대(법원·검찰청),교대(법원·검찰청),0223,37.493957,127.014431,환승역,서울특별시 서초구 서초대로 지하294(서초동),0.100637,5.0,0.6285,0.6221,0.0,,,,,
Station:S1102|0224,Station,서초,서초,0224,37.49191,127.007685,일반역,서울특별시 서초구 서초대로 지하233(서초동),0.054868,3.0,0.3026,0.3641,0.0,,,,,
Station:S1102|0225,Station,방배,방배,0225,37.481469,126.997627,일반역,서울특별시 서초구 방배로 지하80(방배동),0.054239,2.0,0.2171,0.2462,0.0,,,,,
Station:S1102|0226,Station,사당,사당,0226,37.476536,126.981631,환승역,서울특별시 동작구 남부순환로 지하2089(사당동),0.059131,5.0,0.5773,0.4297,1.0,,,,,
Station:S1102|0227,Station,낙성대(강감찬),낙성대(강감찬),0227,37.47713,126.963583,일반역,서울특별시 관악구 남부순환로 지하1928(봉천동),0.054854,2.0,0.224,0.2795,0.0,,,,,
Station:S1102|0228,Station,서울대입구(관악구청),서울대입구(관악구청),0228,37.481233,126.952745,일반역,서울특별시 관악구 남부순환로 지하1822(봉천동),0.054697,2.0,0.2275,0.2929,0.0,,,,,
Station:S1102|0229,Station,봉천,봉천,0229,37.482416,126.941696,일반역,서울특별시 관악구 남부순환로 지하1721(봉천동),0.055258,2.0,0.2632,0.3476,0.0,,,,,
Station:S1102|0230,Station,신림,신림,0230,37.484216,126.929573,일반역,서울특별시 관악구 남부순환로 지하1614(신림동),0.059988,3.0,0.3968,0.4754,0.0,,,,,
Station:S1102|0231,Station,신대방,신대방,0231,37.487604,126.913479,일반역,서울특별시 동작구 대림로 2(신대방동),0.053089,2.0,0.1104,0.1329,0.0,,,,,
Station:S1102|0232,Station,구로디지털단지,구로디지털단지,0232,37.4852931,126.901456,일반역,서울특별시 구로구 도림천로 477(구로동),0.05366,2.0,0.139,0.1726,0.0,,,,,
Station:S1102|0233,Station,대림(구로구청),대림(구로구청),0233,37.4932826,126.8949793,환승역,서울특별시 구로구 도림천로 351(구로동),0.0,2.0,0.0976,0.0406,0.0,,,,,
Station:S1102|0234,Station,신도림,신도림,0234,37.508815,126.891222,환승역,서울특별시 구로구 새말로 지하 117-21(신도림동),0.035382,3.0,0.3341,0.403,0.0,,,,,
Station:S1102|0235,Station,문래,문래,0235,37.517993,126.894766,일반역,서울특별시 영등포구 당산로 지하28(문래동3가),0.035019,2.0,0.2874,0.2936,0.0,,,,,
Station:S1102|0236,Station,영등포구청,영등포구청,0236,37.525766,126.896627,환승역,서울특별시 영등포구 당산로 지하121(당산동3가),0.0,2.0,0.1275,0.0494,0.0,,,,,
Station:S1102|0237,Station,당산,당산,0237,37.534807,126.902611,환승역,서울특별시 영등포구 당산로 229(당산동6가),0.06478,3.0,0.8568,0.6499,0.0,,,,,
Station:S1102|0238,Station,합정,합정,0238,37.550025,126.914557,환승역,서울특별시 마포구 양화로 지하55(서교동),0.029173,3.0,0.4049,0.422,0.0,,,,,
Station:S1102|0239,Station,홍대입구,홍대입구,0239,37.556748,126.923643,환승역,서울특별시 마포구 양화로 지하160(동교동),0.13325,6.0,0.5481,0.3972,0.0,,,,,
Station:S1102|0240,Station,신촌(지하),신촌(지하),0240,37.555153,126.93689,일반역,서울특별시 마포구 신촌로 지하90(노고산동),0.116051,5.0,0.4415,0.3441,0.0,,,,,
Station:S1102|0241,Station,이대,이대,0241,37.556734,126.945897,일반역,서울특별시 마포구 신촌로 지하180(염리동),0.054384,3.0,0.2038,0.2515,0.0,,,,,
Station:S1102|0242,Station,아현,아현,0242,37.557407,126.956079,일반역,서울특별시 마포구 신촌로 지하270(아현동),0.054974,2.0,0.2223,0.2586,0.0,,,,,
Station:S1102|0243,Station,충정로(경기대입구),충정로(경기대입구),0243,37.559742,126.964455,환승역,서울특별시 서대문구 서소문로 지하17(충정로3가),0.0,2.0,0.1525,0.0543,0.0,,,,,
Station:I1103|0319,Station,지축,지축,0319,37.648151,126.913751,일반역,경기도 고양시 덕양구 삼송로 300(지축동),0.009376,3.0,0.1712,0.3586,0.0,,,,,
Station:I1103|0320,Station,구파발,구파발,0320,37.636612,126.918827,일반역,서울특별시 은평구 진관2로 지하15-25 (진관동),0.014044,3.0,0.3363,0.4866,0.0,,,,,
Station:I1103|0321,Station,연신내,연신내,0321,37.619295,126.920959,환승역,서울특별시 은평구 통일로 지하849(갈현동),0.027091,5.0,0.7749,1.1308,0.0,,,,,
Station:I1103|0322,Station,불광,불광,0322,37.610154,126.930183,환승역,서울특별시 은평구 통일로 지하723-1(대조동),0.007386,4.0,0.5018,0.3313,1.0,,,,,
Station:I1103|0323,Station,녹번,녹번,0323,37.600882,126.935758,일반역,서울특별시 은평구 통일로 지하602-1(녹번동),0.019352,2.0,0.2729,0.5708,0.0,,,,,
Station:I1103|0324,Station,홍제,홍제,0324,37.588851,126.944092,일반역,서울특별시 서대문구 통일로 지하440-1(홍제동),0.019679,2.0,0.2966,0.7071,0.0,,,,,
Station:I1103|0325,Station,무악재,무악재,0325,37.582658,126.950131,일반역,서울특별시 서대문구 통일로 지하361(홍제동),0.020375,2.0,0.3542,0.9544,0.0,,,,,
Station:I1103|0326,Station,독립문,독립문,0326,37.574534,126.957902,일반역,서울특별시 서대문구 통일로 지하247(현저동),0.021678,2.0,0.4352,1.2062,0.0,,,,,
Station:I1103|0327,Station,경복궁(정부서울청사),경복궁(정부서울청사),0327,37.575844,126.973576,일반역,서울특별시 종로구 사직로 지하130(적선동),0.023372,2.0,0.5704,1.622,0.0,,,,,
Station:I1103|0328,Station,안국,안국,0328,37.576562,126.98547,일반역,서울특별시 종로구 율곡로 지하62(안국동),0.025416,2.0,0.7673,2.0869,0.0,,,,,
Station:I1103|0329,Station,종로3가,종로3가,0329,37.571537,126.991837,환승역,서울특별시 종로구 돈화문로 지하30(묘동),0.0,2.0,0.2345,-0.0,0.0,,,,,
Station:I1103|0330,Station,을지로3가,을지로3가,0330,37.566299,126.992616,환승역,서울특별시 중구 을지로 지하129(을지로3가),0.001425,2.0,0.2515,0.1055,0.0,,,,,
Station:I1103|0331,Station,충무로,충무로,0331,37.561382,126.994173,환승역,서울특별시 중구 퇴계로 지하214(필동2가),0.020109,3.0,0.3907,0.3416,0.0,,,,,
Station:I1103|0332,Station,동대입구,동대입구,0332,37.55906,127.005273,일반역,서울특별시 중구 동호로 지하256(장충동2가),0.018838,2.0,0.2649,0.2189,0.0,,,,,
Station:I1103|0333,Station,약수,약수,0333,37.554554,127.010858,환승역,서울특별시 중구 다산로 지하122(신당동),0.040362,4.0,1.0241,0.9489,0.0,,,,,
Station:I1103|0334,Station,금호,금호,0334,37.548269,127.015785,일반역,서울특별시 성동구 동호로 지하104(금호동4가),0.03639,3.0,0.7997,0.7373,0.0,,,,,
Station:I1103|0335,Station,옥수,옥수,0335,37.541653,127.017303,환승역,서울특별시 성동구 동호로 21(옥수동),0.032574,3.0,0.5821,0.5188,0.0,,,,,
Station:I1103|0336,Station,압구정,압구정,0336,37.526169,127.028502,일반역,서울특별시 강남구 압구정로 지하172(신사동),0.032347,2.0,0.5104,0.4709,0.0,,,,,
Station:I1103|0337,Station,신사,신사,0337,37.516438,127.020247,일반역,서울특별시 강남구 도산대로 지하102(신사동),0.035324,3.0,0.6332,0.5887,0.0,,,,,
Station:I1103|0338,Station,잠원,잠원,0338,37.512989,127.011613,일반역,서울특별시 서초구 잠원로4길 지하46(잠원동),0.009071,2.0,0.1466,0.1469,0.0,,,,,
Station:I1103|0339,Station,고속터미널,고속터미널,0339,37.504953,127.004916,환승역,서울특별시 서초구 신반포로 지하188(반포동),0.007781,4.0,0.4545,0.4074,0.0,,,,,
Station:I1103|0340,Station,교대(법원·검찰청),교대(법원·검찰청),0340,37.49306,127.013796,환승역,서울특별시 서초구 서초대로 지하294(서초동),0.0,2.0,0.1253,0.0531,0.0,,,,,
Station:I1103|0341,Station,남부터미널(예술의전당),남부터미널(예술의전당),0341,37.48494,127.016289,일반역,서울특별시 서초구 서초중앙로 지하31(서초동),0.021944,2.0,0.0886,0.0569,0.0,,,,,
Station:I1103|0342,Station,양재(서초구청),양재(서초구청),0342,37.48458,127.03423,환승역,서울특별시 서초구 남부순환로 지하2585(서초동),0.087539,3.0,0.7177,0.5473,0.0,,,,,
Station:I1103|0343,Station,매봉,매봉,0343,37.487114,127.046907,일반역,서울특별시 강남구 남부순환로 지하2744(도곡동),0.022291,2.0,0.1218,0.0955,0.0,,,,,
Station:I1103|0344,Station,도곡,도곡,0344,37.491129,127.055694,환승역,서울특별시 강남구 남부순환로 지하2814(도곡동),0.032786,3.0,0.5055,0.5101,0.0,,,,,
Station:I1103|0345,Station,대치,대치,0345,37.494601,127.063449,일반역,서울특별시 강남구 남부순환로 지하2952(대치동),0.006042,2.0,0.1994,0.535,0.0,,,,,
Station:I1103|0346,Station,학여울,학여울,0346,37.496787,127.0708601,일반역,서울특별시 강남구 남부순환로 지하3104(대치동),0.004123,2.0,0.1153,0.364,0.0,,,,,
Station:I1103|0347,Station,대청,대청,0347,37.493607,127.079526,일반역,서울특별시 강남구 일원로 지하2(일원동),0.002484,2.0,0.0618,0.1827,0.0,,,,,
Station:I1103|0348,Station,일원,일원,0348,37.48389,127.08416,일반역,서울특별시 강남구 일원로 지하121(일원동),0.001052,2.0,0.042,0.0938,0.0,,,,,
Station:I1103|0349,Station,수서,수서,0349,37.4875,127.101924,환승역,서울특별시 강남구 광평로 지하270(수서동),0.0,2.0,0.05,0.0078,0.0,,,,,
Station:I1103|0350,Station,가락시장,가락시장,0350,37.492318,127.1177,환승역,서울특별시 송파구 송파대로 지하257(가락동),0.019759,3.0,0.296,0.1715,0.0,,,,,
Station:I1103|0351,Station,경찰병원,경찰병원,0351,37.495754,127.124198,일반역,서울특별시 송파구 중대로 지하149(가락동),0.015662,2.0,0.2075,0.1018,0.0,,,,,
Station:I1103|0352,Station,오금,오금,0352,37.502288,127.128344,환승역,서울특별시 송파구 오금로 지하321(오금동),0.0,2.0,0.0472,0.0033,0.0,,,,,
Station:I1104|0409,Station,불암산,불암산,0409,37.67009,127.079004,일반역,서울특별시 노원구 상계로 305(상계동),0.007576,2.0,0.3781,0.302,1.0,,,,,
Station:I1104|0410,Station,상계,상계,0410,37.660576,127.073199,일반역,서울특별시 노원구 상계로 182(상계동),0.010088,2.0,0.606,0.5683,1.0,,,,,
Station:I1104|0411,Station,노원,노원,0411,37.656274,127.063183,환승역,서울특별시 노원구 상계로 69-1(상계동),0.045191,5.0,1.0817,1.5229,1.0,,,,,
Station:I1104|0412,Station,창동,창동,0412,37.653315,127.048304,환승역,서울특별시 도봉구 마들로11길 77(창동),0.079739,6.0,0.4507,1.0841,0.0,,,,,
Station:I1104|0413,Station,쌍문,쌍문,0413,37.648274,127.034381,일반역,서울특별시 도봉구 도봉로 지하 486-1(창동),0.074396,2.0,0.1739,0.536,0.0,,,,,
Station:I1104|0414,Station,수유(강북구청),수유(강북구청),0414,37.637727,127.025371,일반역,서울특별시 강북구 도봉로 지하338(수유동),0.076081,2.0,0.1689,0.4591,0.0,,,,,
Station:I1104|0415,Station,미아(서울사이버대학),미아(서울사이버대학),0415,37.626435,127.026151,일반역,서울특별시 강북구 도봉로 지하198(미아동),0.077859,2.0,0.204,0.5734,0.0,,,,,
Station:I1104|0416,Station,미아사거리,미아사거리,0416,37.613276,127.030083,일반역,서울특별시 강북구 도봉로 지하50(미아동),0.079838,2.0,0.2808,0.7321,0.0,,,,,
Station:I1104|0417,Station,길음,길음,0417,37.603387,127.025053,일반역,서울특별시 성북구 동소문로 지하248(길음동),0.082014,2.0,0.4092,0.8993,0.0,,,,,
Station:I1104|0418,Station,성신여대입구(돈암),성신여대입구(돈암),0418,37.592882,127.016908,일반역,서울특별시 성북구 동소문로 지하102(동선동4가),0.108232,5.0,2.8507,4.2478,1.0,,,,,
Station:I1104|0419,Station,한성대입구(삼선교),한성대입구(삼선교),0419,37.58838,127.005951,일반역,서울특별시 성북구 삼선교로 지하1(삼선동1가),0.000626,2.0,0.1003,0.1501,0.0,,,,,
Station:I1104|0420,Station,혜화,혜화,0420,37.582116,127.001929,일반역,서울특별시 종로구 대학로 지하120(명륜4가),0.002002,2.0,0.1587,0.2668,0.0,,,,,
Station:I1104|0421,Station,동대문,동대문,0421,37.57099,127.00925,환승역,서울특별시 종로구 율곡로 지하308(종로6가),0.003943,3.0,0.3321,0.4595,0.0,,,,,
Station:I1104|0422,Station,동대문역사문화공원(DDP),동대문역사문화공원(DDP),0422,37.565141,127.007808,환승역,서울특별시 중구 장충단로 지하230(광희동2가),0.0,2.0,0.2482,-0.0,0.0,,,,,
Station:I1104|0423,Station,충무로,충무로,0423,37.561352,126.994573,환승역,서울특별시 중구 퇴계로 지하214(필동2가),0.112548,3.0,0.3677,0.4467,0.0,,,,,
Station:I1104|0424,Station,명동,명동,0424,37.560955,126.986271,일반역,서울특별시 중구 퇴계로 지하126(충무로2가),0.111813,2.0,0.2176,0.5226,0.0,,,,,
Station:I1104|0425,Station,회현(남대문시장),회현(남대문시장),0425,37.558698,126.978346,일반역,서울특별시 중구 퇴계로 지하54(남창동),0.112426,3.0,0.2509,0.632,0.0,,,,,
Station:I1104|0426,Station,서울역,서울역,0426,37.553172,126.972706,환승역,서울특별시 용산구 한강대로 지하392(동자동),0.0,4.0,0.2459,0.0984,0.0,,,,,
Station:I1104|0427,Station,숙대입구(갈월),숙대입구(갈월),0427,37.5447834,126.9721,일반역,서울특별시 용산구 한강대로 지하306(갈월동),0.011978,2.0,0.2997,0.2788,0.0,,,,,
Station:I1104|0428,Station,삼각지(전쟁기념관),삼각지(전쟁기념관),0428,37.534457,126.972992,환승역,서울특별시 용산구 한강대로 지하180(한강로1가),0.041017,3.0,0.5903,0.4028,0.0,,,,,
Station:I1104|0429,Station,신용산,신용산,0429,37.52909,126.96788,일반역,서울특별시 용산구 한강대로 지하112(한강로2가),0.04351,2.0,0.6801,0.5501,0.0,,,,,
Station:I1104|0430,Station,이촌(국립중앙박물관),이촌(국립중앙박물관),0430,37.522476,126.973816,환승역,서울특별시 용산구 서빙고로 지하83(용산동5가),0.04583,4.0,1.2206,0.6589,1.0,,,,,
Station:I1104|0431,Station,동작(현충원),동작(현충원),0431,37.503567,126.980171,환승역,서울특별시 동작구 현충로 257(동작동),0.045478,3.0,0.7383,0.5438,0.0,,,,,
Station:I1104|0432,Station,총신대입구(이수),총신대입구(이수),0432,37.487521,126.982309,환승역,서울특별시 동작구 동작대로 지하117(사당동),0.004852,3.0,0.1067,0.1142,0.0,,,,,
Station:I1104|0433,Station,사당,사당,0433,37.476263,126.981636,환승역,서울특별시 동작구  동작대로 지하3(사당동),0.004933,2.0,0.085,0.0453,0.0,,,,,
Station:I1104|0434,Station,남태령,남태령,0434,37.464339,126.989081,일반역,서울특별시 서초구 과천대로 지하816(방배동),0.0,1.0,0.0187,0.0038,0.0,,,,,
Station:S1105|0510,Station,방화,방화,0510,37.577669,126.812822,일반역,서울특별시 강서구 금낭화로 지하132(방화동),0.0,1.0,-0.024,-0.0201,0.0,,,,,
Station:S1105|0511,Station,개화산,개화산,0511,37.572458,126.806838,일반역,서울특별시 강서구 양천로 22(방화동),0.002532,2.0,0.2216,0.1355,1.0,,,,,
Station:S1105|0512,Station,김포공항,김포공항,0512,37.56217,126.801273,환승역,서울특별시 강서구 하늘길 지하77(방화동),0.022554,6.0,1.3043,1.9939,1.0,,,,,
Station:S1105|0513,Station,송정,송정,0513,37.561201,126.812052,일반역,서울특별시 강서구 공항대로 지하33(공항동),0.00661,2.0,0.1919,0.2292,0.0,,,,,
Station:S1105|0514,Station,마곡,마곡,0514,37.56018,126.825484,일반역,서울특별시 강서구 공항대로 지하163(마곡동),0.006645,2.0,0.1401,0.1719,0.0,,,,,
Station:S1105|0515,Station,발산,발산,0515,37.558692,126.837633,일반역,서울특별시 강서구 공항대로 지하267(마곡동),0.007556,2.0,0.1193,0.1515,0.0,,,,,
Station:S1105|0516,Station,우장산,우장산,0516,37.548864,126.83633,일반역,서울특별시 강서구 강서로 지하262(화곡동),0.008484,2.0,0.1247,0.1646,0.0,,,,,
Station:S1105|0517,Station,화곡,화곡,0517,37.541585,126.840436,일반역,서울특별시 강서구 화곡로 지하168(화곡동),0.009613,2.0,0.1496,0.2026,0.0,,,,,
Station:S1105|0518,Station,까치산,까치산,0518,37.5322,126.84645,환승역,서울특별시 강서구 강서로 지하54(화곡동),0.016704,3.0,0.7613,0.633,1.0,,,,,
Station:S1105|0519,Station,신정(은행정),신정(은행정),0519,37.525001,126.856176,일반역,서울특별시 양천구 오목로 지하179(신정동),0.016204,2.0,0.3792,0.4632,0.0,,,,,
Station:S1105|0520,Station,목동,목동,0520,37.526088,126.864296,일반역,서울특별시 양천구 오목로 지하245(목동),0.01785,2.0,0.4716,0.5901,0.0,,,,,
Station:S1105|0521,Station,오목교(목동운동장앞),오목교(목동운동장앞),0521,37.524557,126.875049,일반역,서울특별시 양천구 오목로 지하342(목동),0.019839,2.0,0.5833,0.7391,0.0,,,,,
Station:S1105|0522,Station,양평,양평,0522,37.525614,126.886177,일반역,서울특별시 영등포구 양산로 지하21(양평동2가),0.021864,2.0,0.7313,0.9178,0.0,,,,,
Station:S1105|0523,Station,영등포구청,영등포구청,0523,37.524209,126.895022,환승역,서울특별시 영등포구 양산로 지하116(당산동3가),0.057846,5.0,1.1913,1.3678,0.0,,,,,
Station:S1105|0524,Station,영등포시장,영등포시장,0524,37.52276,126.905143,일반역,서울특별시 영등포구 양산로 지하200(영등포동5가),0.011753,3.0,0.1747,0.1876,0.0,,,,,
Station:S1105|0525,Station,신길,신길,0525,37.51763,126.914886,환승역,서울특별시 영등포구 경인로114가길 지하9(영등포동1가),0.133592,3.0,0.4177,0.4742,0.0,,,,,
Station:S1105|0526,Station,여의도,여의도,0526,37.521678,126.924318,환승역,서울특별시 영등포구 여의나루로 지하40(여의도동),0.0,3.0,0.1753,0.0393,0.0,,,,,
Station:S1105|0527,Station,여의나루,여의나루,0527,37.527045,126.932807,일반역,서울특별시 영등포구 여의동로 지하343(여의도동),0.122427,2.0,0.4429,0.4403,0.0,,,,,
Station:S1105|0528,Station,마포,마포,0528,37.539718,126.946043,일반역,서울특별시 마포구 마포대로 지하33(도화동),0.122491,2.0,0.4688,0.4548,0.0,,,,,
Station:S1105|0529,Station,공덕,공덕,0529,37.544005,126.951058,환승역,서울특별시 마포구 마포대로 지하100(공덕동),0.026087,6.0,0.4589,0.3956,0.0,,,,,
Station:S1105|0530,Station,애오개,애오개,0530,37.553592,126.956733,일반역,서울특별시 마포구 마포대로 지하210(아현동),0.019817,2.0,0.2549,0.1961,0.0,,,,,
Station:S1105|0531,Station,충정로(경기대입구),충정로(경기대입구),0531,37.560061,126.962783,환승역,서울특별시 서대문구 충정로 지하 28-1(충정로3가),0.074143,4.0,0.4611,0.449,0.0,,,,,
Station:S1105|0532,Station,서대문,서대문,0532,37.565812,126.966639,일반역,서울특별시 종로구 통일로 지하126(평동),0.071152,3.0,0.3422,0.4023,0.0,,,,,
Station:S1105|0533,Station,광화문(세종문화회관),광화문(세종문화회관),0533,37.571645,126.976568,일반역,서울특별시 종로구 세종대로 지하172(세종로),0.071072,2.0,0.374,0.4373,0.0,,,,,
Station:S1105|0534,Station,종로3가(탑골공원),종로3가(탑골공원),0534,37.572546,126.990447,환승역,서울특별시 종로구 돈화문로11길 지하 26(돈의동),0.096665,6.0,1.4097,2.8518,0.0,,,,,
Station:S1105|0535,Station,을지로4가,을지로4가,0535,37.56728,126.998127,환승역,서울특별시 중구 창경궁로 지하51(주교동),0.00413,3.0,0.2145,0.1524,0.0,,,,,
Station:S1105|0536,Station,동대문역사문화공원(DDP),동대문역사문화공원(DDP),0536,37.564682,127.00533,환승역,서울특별시 중구 마른내로 지하162(광희동1가),0.112262,6.0,0.7125,0.7883,0.0,,,,,
Station:S1105|0537,Station,청구,청구,0537,37.560237,127.01379,환승역,서울특별시 중구 청구로 지하77(신당동),0.021177,2.0,0.2199,0.0711,0.0,,,,,
Station:S1105|0538,Station,신금호,신금호,0538,37.554504,127.020403,일반역,서울특별시 성동구 금호로 지하154(금호동2가),0.004444,2.0,0.1848,0.2407,0.0,,,,,
Station:S1105|0539,Station,행당,행당,0539,37.557297,127.029482,일반역,서울특별시 성동구 행당로 지하89(행당동),0.003244,2.0,0.1564,0.1618,0.0,,,,,
Station:S1105|0540,Station,왕십리(성동구청),왕십리(성동구청),0540,37.56197,127.037264,환승역,서울특별시 성동구 왕십리로 지하300(행당동),0.046991,5.0,0.5086,0.4606,0.0,,,,,
Station:S1105|0541,Station,마장,마장,0541,37.566066,127.042921,일반역,서울특별시 성동구 마장로 지하296(마장동),0.024039,3.0,0.3973,0.4661,0.0,,,,,
Station:S1105|0542,Station,답십리,답십리,0542,37.566833,127.05266,일반역,서울특별시 성동구 천호대로 지하300(용답동),0.02257,2.0,0.2793,0.3045,0.0,,,,,
Station:S1105|0543,Station,장한평,장한평,0543,37.561438,127.064601,일반역,서울특별시 동대문구 천호대로 지하405(장안동),0.021906,2.0,0.237,0.2315,0.0,,,,,
Station:S1105|0544,Station,군자(능동),군자(능동),0544,37.557102,127.079559,환승역,서울특별시 광진구 천호대로 지하550(능동),0.0,2.0,0.1053,0.0379,0.0,,,,,
Station:S1105|0545,Station,아차산(어린이대공원후문),아차산(어린이대공원후문),0545,37.552005,127.089609,일반역,서울특별시 광진구 천호대로 지하657(능동),0.020356,3.0,0.3723,0.3711,0.0,,,,,
Station:S1105|0546,Station,광나루(장신대),광나루(장신대),0546,37.545301,127.103478,일반역,서울특별시 광진구 아차산로 지하571(광장동),0.018745,2.0,0.2917,0.2574,0.0,,,,,
Station:S1105|0547,Station,천호(풍납토성),천호(풍납토성),0547,37.538566,127.123539,환승역,서울특별시 강동구 천호대로 지하997(천호동),0.032019,5.0,1.294,0.9628,1.0,,,,,
Station:S1105|0548,Station,강동,강동,0548,37.53581,127.13249,일반역,서울특별시 강동구 천호대로 지하1097(천호동),0.021286,2.0,0.6332,0.4433,0.0,,,,,
Station:S1105|0549,Station,길동,길동,0549,37.538022,127.140085,일반역,서울특별시 강동구 양재대로 지하1480(길동),0.018812,2.0,0.4974,0.34,0.0,,,,,
Station:S1105|0550,Station,굽은다리(강동구민회관앞),굽은다리(강동구민회관앞),0550,37.545442,127.142844,일반역,서울특별시 강동구 양재대로 지하1572(명일동),0.016332,2.0,0.3795,0.2509,0.0,,,,,
Station:S1105|0551,Station,명일,명일,0551,37.551317,127.144002,일반역,서울특별시 강동구 양재대로 지하1632(명일동),0.013845,2.0,0.27,0.1703,0.0,,,,,
Station:S1105|0552,Station,고덕,고덕,0552,37.555002,127.154214,일반역,서울특별시 강동구 고덕로 지하253(고덕동),0.011352,2.0,0.1735,0.0995,0.0,,,,,
Station:S1105|0553,Station,상일동,상일동,0553,37.556714,127.166381,일반역,서울특별시 강동구 고덕로 지하359(상일동),0.008853,2.0,0.0975,0.0478,0.0,,,,,
Station:S1105|0554,Station,강일,강일,0554,37.557521,127.176018,일반역,서울특별시 강동구 고덕로 지하456(강일동),0.00635,2.0,0.0285,0.0054,0.0,,,,,
Station:S1105|0555,Station,미사,미사,0555,37.56309,127.192954,일반역,경기도 하남시 미사강변동로 지하90(망월동),0.003876,2.0,-0.0319,-0.0332,0.0,,,,,
Station:S1105|0556,Station,하남풍산,하남풍산,0556,37.552201,127.203897,일반역,경기도 하남시 덕풍서로 지하50(덕풍동),0.001778,2.0,-0.0641,-0.0552,0.0,,,,,
Station:S1105|0557,Station,하남시청(덕풍∙신장),하남시청(덕풍∙신장),0557,37.541723,127.206901,일반역,경기도 하남시 하남대로 지하820(덕풍동),0.000934,2.0,-0.0775,-0.0653,0.0,,,,,
Station:S1105|0558,Station,하남검단산,하남검단산,0558,37.539729,127.223427,일반역,경기도 하남시 대청로 지하100(창우동),0.00172,2.0,-0.0808,-0.0298,0.0,,,,,
Station:S1106|0610,Station,응암,응암,0610,37.59859,126.915583,일반역,서울특별시 은평구 증산로 지하477(신사동),0.0,1.0,-0.0368,-0.0094,0.0,,,,,
Station:S1106|0611,Station,역촌,역촌,0611,37.60605,126.922764,일반역,서울특별시 은평구 서오릉로 지하63(녹번동),0.002532,2.0,0.2044,0.066,1.0,,,,,
Station:S1106|0612,Station,불광,불광,0612,37.610919,126.929504,환승역,서울특별시 은평구 통일로 지하723-1(대조동),0.019191,3.0,0.3179,0.6461,0.0,,,,,
Station:S1106|0613,Station,독바위,독바위,0613,37.618413,126.933035,일반역,서울특별시 은평구 불광로 지하129-1(불광동),0.0,2.0,0.0177,0.0214,0.0,,,,,
Station:S1106|0614,Station,연신내,연신내,0614,37.618483,126.920403,환승역,서울특별시 은평구 통일로 지하849(갈현동),0.0036,2.0,0.043,0.0752,0.0,,,,,
Station:S1106|0615,Station,구산,구산,0615,37.611196,126.9172519,일반역,서울특별시 은평구 연서로 지하137-1(구산동),0.019031,2.0,0.4272,0.5436,0.0,,,,,
Station:S1106|0616,Station,새절(신사),새절(신사),0616,37.591148,126.913613,일반역,서울특별시 은평구 증산로 지하400(신사동),0.020722,2.0,0.4843,0.551,0.0,,,,,
Station:S1106|0617,Station,증산(명지대앞),증산(명지대앞),0617,37.583989,126.909785,일반역,서울특별시 은평구 증산로 지하306(증산동),0.023122,2.0,0.5687,0.5903,0.0,,,,,
Station:S1106|0618,Station,디지털미디어시티,디지털미디어시티,0618,37.5760805,126.901343,환승역,서울특별시 은평구 수색로 지하175(증산동),0.099835,4.0,0.5149,0.4551,0.0,,,,,
Station:S1106|0619,Station,월드컵경기장(성산),월드컵경기장(성산),0619,37.569439,126.899077,일반역,서울특별시 마포구 월드컵로 지하240(성산동),0.021136,2.0,0.1398,0.1193,0.0,,,,,
Station:S1106|0620,Station,마포구청,마포구청,0620,37.563529,126.903356,일반역,서울특별시 마포구 월드컵로 지하190(성산동),0.022458,2.0,0.1538,0.1484,0.0,,,,,
Station:S1106|0621,Station,망원,망원,0621,37.556031,126.910129,일반역,서울특별시 마포구 월드컵로 지하77(망원동),0.024126,2.0,0.2042,0.2105,0.0,,,,,
Station:S1106|0622,Station,합정,합정,0622,37.549033,126.913546,환승역,서울특별시 마포구 양화로 지하45(합정동),0.050248,3.0,0.6219,0.5582,0.0,,,,,
Station:S1106|0623,Station,상수,상수,0623,37.547704,126.92292,일반역,서울특별시 마포구 독막로 지하85(상수동),0.004698,2.0,0.1597,0.1625,0.0,,,,,
Station:S1106|0624,Station,광흥창(서강),광흥창(서강),0624,37.547464,126.931971,일반역,서울특별시 마포구 독막로 지하165(창전동),0.004973,2.0,0.1589,0.1607,0.0,,,,,
Station:S1106|0625,Station,대흥(서강대앞),대흥(서강대앞),0625,37.547732,126.942214,일반역,서울특별시 마포구 대흥로 지하85(대흥동),0.00591,2.0,0.2177,0.1958,0.0,,,,,
Station:S1106|0626,Station,공덕,공덕,0626,37.543592,126.951664,환승역,서울특별시 마포구 백범로 지하200(공덕동),0.109628,5.0,0.4217,0.3039,0.0,,,,,
Station:S1106|0627,Station,효창공원앞,효창공원앞,0627,37.539279,126.961348,환승역,서울특별시 용산구 백범로 지하287(효창동),0.039736,5.0,0.4752,0.2829,0.0,,,,,
Station:S1106|0628,Station,삼각지(전쟁기념관),삼각지(전쟁기념관),0628,37.535563,126.973996,환승역,서울특별시 용산구 한강대로 지하185(한강로1가),0.04615,3.0,0.8229,0.6522,0.0,,,,,
Station:S1106|0629,Station,녹사평(용산구청),녹사평(용산구청),0629,37.53469,126.98665,일반역,서울특별시 용산구 녹사평대로 지하195(용산동4가),0.005516,2.0,0.2098,0.1835,0.0,,,,,
Station:S1106|0630,Station,이태원,이태원,0630,37.534485,126.994369,일반역,서울특별시 용산구 이태원로 지하177(이태원동),0.004778,2.0,0.1749,0.1734,0.0,,,,,
Station:S1106|0631,Station,한강진,한강진,0631,37.53956,127.001729,일반역,서울특별시 용산구 이태원로 지하287(한남동),0.004653,2.0,0.1941,0.2027,0.0,,,,,
Station:S1106|0632,Station,버티고개,버티고개,0632,37.547933,127.006948,일반역,서울특별시 중구 다산로 지하38(신당동),0.004707,2.0,0.2686,0.264,0.0,,,,,
Station:S1106|0633,Station,약수,약수,0633,37.554087,127.010237,환승역,서울특별시 중구 다산로 지하115(신당동),0.005962,3.0,0.4529,0.372,0.0,,,,,
Station:S1106|0634,Station,청구,청구,0634,37.560221,127.013776,환승역,서울특별시 중구 청구로 지하77(신당동),0.030922,5.0,0.786,0.8424,0.0,,,,,
Station:S1106|0635,Station,신당,신당,0635,37.566174,127.016158,환승역,서울특별시 중구 다산로 지하260(흥인동),0.129124,5.0,0.9895,1.0504,0.0,,,,,
Station:S1106|0636,Station,동묘앞,동묘앞,0636,37.572275,127.015666,환승역,서울특별시 종로구 지봉로 지하24(숭인동),0.137781,3.0,0.8264,0.8137,0.0,,,,,
Station:S1106|0637,Station,창신,창신,0637,37.579772,127.015246,일반역,서울특별시 종로구 지봉로 지하112(창신동),0.131524,3.0,0.3957,0.424,0.0,,,,,
Station:S1106|0638,Station,보문,보문,0638,37.585426,127.019722,일반역,서울특별시 성북구 보문로 지하116(보문동1가),0.002317,3.0,0.1924,0.1549,0.0,,,,,
Station:S1106|0639,Station,안암(고대병원앞),안암(고대병원앞),0639,37.586261,127.02903,일반역,서울특별시 성북구 고려대로 지하89(안암동5가),0.034179,2.0,0.4555,0.4922,0.0,,,,,
Station:S1106|0640,Station,고려대(종암),고려대(종암),0640,37.59034,127.03626,일반역,서울특별시 성북구 종암로 지하1(종암동),0.032398,2.0,0.3315,0.3704,0.0,,,,,
Station:S1106|0641,Station,월곡(동덕여대),월곡(동덕여대),0641,37.60192,127.041492,일반역,서울특별시 성북구 월곡로 지하107(하월곡동),0.030627,2.0,0.2511,0.2736,0.0,,,,,
Station:S1106|0642,Station,상월곡(한국과학기술연구원),상월곡(한국과학기술연구원),0642,37.606392,127.048509,일반역,서울특별시 성북구 화랑로 지하157(상월곡동),0.028942,2.0,0.2222,0.2387,0.0,,,,,
Station:S1106|0643,Station,돌곶이,돌곶이,0643,37.610522,127.056419,일반역,서울특별시 성북구 화랑로 지하243(석관동),0.027453,2.0,0.2482,0.2643,0.0,,,,,
Station:S1106|0644,Station,석계,석계,0644,37.614937,127.065922,환승역,서울특별시 노원구 화랑로 지하 347-1(월계동) ,0.013345,3.0,0.2865,0.5118,0.0,,,,,
Station:S1106|0645,Station,태릉입구,태릉입구,0645,37.617319,127.074741,환승역,서울특별시 노원구 동일로 지하 992-1(공릉동),0.03004,3.0,0.624,0.5343,0.0,,,,,
Station:S1106|0646,Station,화랑대(서울여대입구),화랑대(서울여대입구),0646,37.619875,127.084106,일반역,서울특별시 노원구 화랑로 지하510(공릉동),0.012588,2.0,0.1915,0.128,0.0,,,,,
Station:S1106|0647,Station,봉화산(서울의료원),봉화산(서울의료원),0647,37.617429,127.0912326,일반역,서울특별시 중랑구 신내로 지하232(신내동),0.012154,2.0,0.1523,0.0766,0.0,,,,,
Station:S1106|0648,Station,신내,신내,0648,37.612571,127.104326,일반역,서울특별시 중랑구 용마산로136길 33 신내차량기지,0.053274,3.0,2.2667,1.1817,1.0,,,,,
Station:S1107|0709,Station,장암,장암,0709,37.70015,127.053126,일반역,경기도 의정부시 동일로 121(장암동),0.0,1.0,-0.0567,-0.0074,0.0,,,,,
Station:S1107|0710,Station,도봉산,도봉산,0710,37.689131,127.046548,환승역,서울특별시 도봉구 도봉로 964-40(도봉동),0.078779,3.0,3.6089,4.7341,1.0,,,,,
Station:S1107|0711,Station,수락산,수락산,0711,37.677804,127.055314,일반역,서울특별시 노원구 동일로 지하1662(상계동),0.024274,2.0,0.011,0.0264,0.0,,,,,
Station:S1107|0712,Station,마들,마들,0712,37.664985,127.057701,일반역,서울특별시 노원구 동일로 지하1530-1(상계동),0.026577,2.0,0.0535,0.0745,0.0,,,,,
Station:S1107|0713,Station,노원,노원,0713,37.654478,127.060555,환승역,서울특별시 노원구 동일로 지하1409(상계동),0.0,3.0,0.0366,0.0484,0.0,,,,,
Station:S1107|0714,Station,중계,중계,0714,37.645052,127.064084,일반역,서울특별시 노원구 동일로 지하1308-1(중계동),0.034378,2.0,0.1614,0.2211,0.0,,,,,
Station:S1107|0715,Station,하계,하계,0715,37.636363,127.067999,일반역,서울특별시 노원구 동일로 지하1196(하계동),0.036518,2.0,0.1818,0.2121,0.0,,,,,
Station:S1107|0716,Station,공릉(서울과학기술대),공릉(서울과학기술대),0716,37.625642,127.072969,일반역,서울특별시 노원구 동일로 지하1074(공릉동),0.038703,2.0,0.2534,0.2772,0.0,,,,,
Station:S1107|0717,Station,태릉입구,태릉입구,0717,37.618519,127.075361,환승역,서울특별시 노원구 동일로 지하 992-1(공릉동),0.051419,3.0,0.5755,0.5802,0.0,,,,,
Station:S1107|0718,Station,먹골,먹골,0718,37.610638,127.077719,일반역,서울특별시 중랑구 동일로 지하901(묵동),0.042659,2.0,0.2925,0.3005,0.0,,,,,
Station:S1107|0719,Station,중화,중화,0719,37.602604,127.079254,일반역,서울특별시 중랑구 동일로 지하797(중화동),0.044045,2.0,0.2893,0.2789,0.0,,,,,
Station:S1107|0720,Station,상봉,상봉,0720,37.595673,127.085708,환승역,서울특별시 중랑구 망우로 297(상봉동),0.083714,3.0,0.3776,0.165,0.0,,,,,
Station:S1107|0721,Station,면목,면목,0721,37.588671,127.087503,일반역,서울특별시 중랑구 면목로 지하407(면목동) ,0.071807,2.0,0.7798,0.5418,0.0,,,,,
Station:S1107|0722,Station,사가정,사가정,0722,37.580912,127.088502,일반역,서울특별시 중랑구 사가정로 지하393(면목동),0.07129,2.0,0.7749,0.5465,0.0,,,,,
Station:S1107|0723,Station,용마산(용마폭포공원),용마산(용마폭포공원),0723,37.573752,127.086802,일반역,서울특별시 중랑구 용마산로 지하227(면목동),0.071942,2.0,0.8023,0.589,0.0,,,,,
Station:S1107|0724,Station,중곡,중곡,0724,37.565877,127.084291,일반역,서울특별시 광진구 능동로 지하417(중곡동),0.073697,2.0,0.8591,0.6574,0.0,,,,,
Station:S1107|0725,Station,군자(능동),군자(능동),0725,37.557151,127.079484,환승역,서울특별시 광진구 천호대로 지하550(능동),0.094037,5.0,1.4252,1.1912,0.0,,,,,
Station:S1107|0726,Station,어린이대공원(세종대),어린이대공원(세종대),0726,37.547962,127.07465,일반역,서울특별시 광진구 능동로 지하210(화양동),0.066509,2.0,0.5242,0.3994,0.0,,,,,
Station:S1107|0727,Station,건대입구,건대입구,0727,37.540882,127.071103,환승역,서울특별시 광진구 능동로 지하110(화양동),0.076338,3.0,0.8296,0.6719,0.0,,,,,
Station:S1107|0728,Station,자양(뚝섬한강공원),자양(뚝섬한강공원),0728,37.531558,127.066714,일반역,서울특별시 광진구 능동로 10(자양동),0.028086,2.0,0.5194,0.4091,0.0,,,,,
Station:S1107|0729,Station,청담,청담,0729,37.519097,127.051851,일반역,서울특별시 강남구 학동로 지하508(청담동),0.028432,2.0,0.5232,0.3937,0.0,,,,,
Station:S1107|0730,Station,강남구청,강남구청,0730,37.517185,127.04122,환승역,서울특별시 강남구 학동로 지하346(삼성동),0.024755,3.0,0.9487,0.2003,1.0,,,,,
Station:S1107|0731,Station,학동,학동,0731,37.514262,127.031738,일반역,서울특별시 강남구 학동로 지하180(논현동),0.018245,2.0,0.223,0.124,0.0,,,,,
Station:S1107|0732,Station,논현,논현,0732,37.511108,127.021385,일반역,서울특별시 강남구 학동로 지하102(논현동),0.021325,3.0,0.3415,0.202,0.0,,,,,
Station:S1107|0733,Station,반포,반포,0733,37.508171,127.011717,일반역,서울특별시 서초구 신반포로 지하241(잠원동),0.016647,3.0,0.2055,0.15,0.0,,,,,
Station:S1107|0734,Station,고속터미널,고속터미널,0734,37.503387,127.005055,환승역,서울특별시 서초구 신반포로 지하188(반포동),0.015623,3.0,0.1907,0.0602,0.0,,,,,
Station:S1107|0735,Station,내방,내방,0735,37.48764,126.993541,일반역,서울특별시 서초구 서초대로 지하103(방배동),0.005997,2.0,0.2286,0.2586,0.0,,,,,
Station:S1107|0736,Station,이수,이수,0736,37.485258,126.981766,환승역,서울특별시 동작구 사당로 지하310(사당동),0.005156,2.0,0.1537,0.1804,0.0,,,,,
Station:S1107|0737,Station,남성,남성,0737,37.484688,126.971108,일반역,서울특별시 동작구 사당로 지하218(사당동),0.004787,2.0,0.1056,0.1279,0.0,,,,,
Station:S1107|0738,Station,숭실대입구(살피재),숭실대입구(살피재),0738,37.496258,126.953649,일반역,서울특별시 동작구 상도로 지하378(상도동),0.004813,2.0,0.1046,0.1388,0.0,,,,,
Station:S1107|0739,Station,상도,상도,0739,37.50279,126.947949,일반역,서울특별시 동작구 상도로 지하272(상도1동),0.005362,2.0,0.1502,0.2121,0.0,,,,,
Station:S1107|0740,Station,장승배기,장승배기,0740,37.504845,126.939025,일반역,서울특별시 동작구 상도로 지하188(상도동) ,0.006482,2.0,0.2185,0.3107,0.0,,,,,
Station:S1107|0741,Station,신대방삼거리,신대방삼거리,0741,37.499717,126.928218,일반역,서울특별시 동작구 상도로 지하76(대방동),0.007842,2.0,0.3351,0.452,0.0,,,,,
Station:S1107|0742,Station,보라매,보라매,0742,37.499916,126.920112,일반역,서울특별시 동작구 상도로 지하2(대방동),0.0,2.0,0.1366,0.0504,0.0,,,,,
Station:S1107|0743,Station,신풍,신풍,0743,37.500107,126.909806,일반역,서울특별시 영등포구 신풍로 지하27(신길동),0.054682,2.0,0.1964,0.1876,0.0,,,,,
Station:S1107|0744,Station,대림(구로구청),대림(구로구청),0744,37.492984,126.896997,환승역,서울특별시 영등포구 도림로 지하137(대림동),0.109636,5.0,0.483,0.533,0.0,,,,,
Station:S1107|0745,Station,남구로,남구로,0745,37.486181,126.887372,일반역,서울특별시 구로구 도림로 지하7(구로동) ,0.104255,4.0,0.2438,0.2736,0.0,,,,,
Station:S1107|0746,Station,가산디지털단지,가산디지털단지,0746,37.480376,126.882704,환승역,서울특별시 금천구 벚꽃로 309(가산동),0.0,2.0,0.0763,0.03,0.0,,,,,
Station:S1107|0747,Station,철산,철산,0747,37.47616,126.868217,일반역,경기도 광명시 철산로 지하13(철산동),0.215411,2.0,1.5453,1.6571,0.0,,,,,
Station:S1107|0748,Station,광명사거리,광명사거리,0748,37.47927,126.854854,일반역,경기도 광명시 오리로 지하980(광명동),0.21407,2.0,1.4545,1.5266,0.0,,,,,
Station:S1107|0749,Station,천왕,천왕,0749,37.486699,126.838684,일반역,서울특별시 구로구 오리로 지하1154(천왕동),0.212742,2.0,1.398,1.4653,0.0,,,,,
Station:S1107|0750,Station,온수(성공회대입구),온수(성공회대입구),0750,37.492059,126.823294,환승역,서울특별시 구로구 경인로3길 지하64(온수동),0.211426,2.0,1.4034,1.5048,0.0,,,,,
Station:S1108|0809,Station,암사역사공원,암사역사공원,0809,37.557167,127.137556,일반역,서울시 강동구 아리수로 27번길 2,0.0,1.0,-0.0568,-0.0375,0.0,,,,,
Station:S1108|0810,Station,암사,암사,0810,37.550127,127.127521,일반역,서울특별시 강동구 올림픽로 지하776(암사동),0.002532,2.0,0.1936,0.0961,1.0,,,,,
Station:S1108|0811,Station,천호(풍납토성),천호(풍납토성),0811,37.53792,127.123179,환승역,서울특별시 강동구 천호대로 지하997(천호동),0.017272,2.0,0.085,0.0428,0.0,,,,,
Station:S1108|0812,Station,강동구청,강동구청,0812,37.530348,127.120461,일반역,서울특별시 강동구 올림픽로 지하550(성내동),0.017641,3.0,0.3082,0.2345,0.0,,,,,
Station:S1108|0813,Station,몽촌토성(평화의문),몽촌토성(평화의문),0813,37.517692,127.11274,일반역,서울특별시 송파구 올림픽로 지하383(신천동),0.0188,2.0,0.3405,0.2636,0.0,,,,,
Station:S1108|0814,Station,잠실(송파구청),잠실(송파구청),0814,37.514649,127.104267,환승역,서울특별시 송파구 올림픽로 305(신천동),0.093867,5.0,1.2614,1.035,0.0,,,,,
Station:S1108|0815,Station,석촌,석촌,0815,37.505396,127.106995,일반역,서울특별시 송파구 송파대로 지하439(석촌동),0.083557,3.0,1.019,0.7511,0.0,,,,,
Station:S1108|0816,Station,송파,송파,0816,37.49978,127.11212,일반역,서울특별시 송파구 송파대로 지하354(가락동),0.072362,2.0,0.5292,0.4437,0.0,,,,,
Station:S1108|0817,Station,가락시장,가락시장,0817,37.493004,127.118279,환승역,서울특별시 송파구 송파대로 지하257(가락동),0.075699,4.0,0.7072,0.5643,0.0,,,,,
Station:S1108|0818,Station,문정,문정,0818,37.485931,127.122473,일반역,서울특별시 송파구 송파대로 지하179(문정동),0.060827,2.0,0.3047,0.2489,0.0,,,,,
Station:S1108|0819,Station,장지,장지,0819,37.478609,127.126229,일반역,서울특별시 송파구 송파대로 지하82(장지동),0.058905,3.0,0.2592,0.2055,0.0,,,,,
Station:S1108|0820,Station,복정,복정,0820,37.471016,127.126746,환승역,서울특별시 송파구 송파대로 지하6(장지동),0.073989,5.0,0.9123,0.8656,0.0,,,,,
Station:S1108|0821,Station,남위례,남위례,0821,37.462839,127.139047,일반역,경기도 성남시 수정구 공원로 601(복정동),0.00892,2.0,0.0916,0.0851,0.0,,,,,
Station:S1108|0822,Station,산성,산성,0822,37.456886,127.149927,일반역,경기도 성남시 수정구 수정로 지하365(신흥동),0.00669,2.0,0.0179,0.0023,0.0,,,,,
Station:S1108|0823,Station,남한산성입구(성남법원·검찰청),남한산성입구(성남법원·검찰청),0823,37.451568,127.159845,일반역,경기도 성남시 수정구 산성대로 지하445(단대동),0.004746,2.0,-0.0201,-0.0349,0.0,,,,,
Station:S1108|0824,Station,단대오거리,단대오거리,0824,37.445057,127.156735,일반역,경기도 성남시 수정구 산성대로 지하365(신흥동),0.002811,2.0,-0.0282,-0.0403,0.0,,,,,
Station:S1108|0825,Station,신흥,신흥,0825,37.440952,127.14759,일반역,경기도 성남시 수정구 산성대로 지하280(신흥동),0.000873,2.0,-0.0171,-0.0251,0.0,,,,,
Station:S1108|0826,Station,수진,수진,0826,37.437575,127.140936,일반역,경기도 성남시 수정구 산성대로 지하200(수진동),0.001155,2.0,0.0056,0.003,0.0,,,,,
Station:S1108|0827,Station,모란,모란,0827,37.433988,127.129921,환승역,경기도 성남시 수정구 산성대로 지하100(수진동),0.055218,4.0,0.4117,0.3141,0.0,,,,,
Station:S1121|2111,Station,용답,용답,2111,37.562066,127.05087863,일반역,서울특별시 성동구 용답길 86(용답동),0.019153,2.0,0.2541,0.2372,0.0,,,,,
Station:S1121|2112,Station,신답,신답,2112,37.569847,127.047048,일반역,서울특별시 성동구 천호대로 232(용답동),0.019884,2.0,0.2458,0.2336,0.0,,,,,
Station:S1121|2113,Station,용두(동대문구청),용두(동대문구청),2113,37.574012,127.03811,일반역,서울특별시 동대문구 천호대로 지하129(용두동),0.020786,2.0,0.2964,0.2819,0.0,,,,,
Station:S1121|2114,Station,신설동,신설동,2114,37.574653,127.025158,일반역,서울특별시 동대문구 왕산로 지하 1(신설동),0.022069,3.0,0.4838,0.3648,0.0,,,,,
Station:S1122|2341,Station,도림천,도림천,2341,37.5145589,126.882586,일반역,서울특별시 구로구 경인로67길 160(신도림동),0.0,1.0,-0.0563,-0.0238,0.0,,,,,
Station:S1122|2342,Station,양천구청,양천구청,2342,37.5123294,126.865593,일반역,서울특별시 양천구 목동로3길 지하33(신정동),0.002532,2.0,0.1463,0.035,1.0,,,,,
Station:S1122|2343,Station,신정네거리,신정네거리,2343,37.520218,126.852849,일반역,서울특별시 양천구 중앙로 지하261(신정동),0.005057,2.0,0.3613,0.2097,1.0,,,,,
Station:S1105|P549,Station,둔촌동,둔촌동,P549,37.527787,127.136219,일반역,서울특별시 강동구 양재대로 지하1369(둔촌동),0.003725,2.0,0.0089,0.0014,0.0,,,,,
Station:S1105|P550,Station,올림픽공원(한국체대),올림픽공원(한국체대),P550,37.516217,127.130957,일반역,서울특별시 송파구 양재대로 지하1233(방이동),0.009511,3.0,0.256,0.0542,0.0,,,,,
Station:S1105|P551,Station,방이,방이,P551,37.508752,127.126054,일반역,서울특별시 송파구 양재대로 지하1127(방이동),0.00309,2.0,0.0935,0.0216,0.0,,,,,
Station:S1105|P552,Station,오금,오금,P552,37.502228,127.127701,환승역,서울특별시 송파구 오금로 지하321(오금동),0.01338,4.0,1.0118,0.4531,1.0,,,,,
Station:S1105|P553,Station,개롱,개롱,P553,37.498097,127.134817,일반역,서울특별시 송파구 오금로 지하402(가락동),0.005057,3.0,0.436,0.2129,1.0,,,,,
Station:S1105|P554,Station,거여,거여,P554,37.493208,127.143983,일반역,서울특별시 송파구 오금로 지하499(거여동),0.002532,2.0,0.1936,0.0439,1.0,,,,,
Station:S1105|P555,Station,마천,마천,P555,37.494972,127.152784,일반역,서울특별시 송파구 마천로57길 지하7(마천동),0.0,1.0,-0.0363,-0.0202,0.0,,,,,
Station:S1109|4126,Station,언주,언주,4126,37.507287,127.033868,일반역,서울특별시 강남구 봉은사로 201,0.061334,2.0,0.2681,0.119,0.0,,,,,
Station:S1109|4127,Station,선정릉,선정릉,4127,37.51028,127.0437593,환승역,서울특별시 강남구 선릉로 580,0.062775,3.0,0.4498,0.1945,0.0,,,,,
Station:S1109|4128,Station,삼성중앙,삼성중앙,4128,37.513011,127.053282,일반역,서울특별시 강남구 봉은사로 501,0.044581,2.0,0.2425,0.12,0.0,,,,,
Station:S1109|4129,Station,봉은사,봉은사,4129,37.514219,127.060245,일반역,서울특별시 강남구 봉은사로 601,0.042547,2.0,0.1859,0.0895,0.0,,,,,
Station:S1109|4130,Station,종합운동장,종합운동장,4130,37.511156,127.076917,환승역,서울특별시 송파구 올림픽로 23,0.021161,3.0,0.2963,0.2004,0.0,,,,,
Station:S1109|4131,Station,삼전,삼전,4131,37.504531,127.087211,일반역,서울특별시 송파구 백제고분로 지하 187,0.024238,2.0,0.0889,0.0328,0.0,,,,,
Station:S1109|4132,Station,석촌고분,석촌고분,4132,37.502439,127.096611,일반역,서울특별시 송파구 삼학사로 지하 53 ,0.023943,2.0,0.1019,0.0399,0.0,,,,,
Station:S1109|4133,Station,석촌,석촌,4133,37.505078,127.106944,환승역,서울특별시 송파구 석촌동 209,0.031689,3.0,0.4705,0.2241,0.0,,,,,
Station:S1109|4134,Station,송파나루,송파나루,4134,37.51055,127.112451,일반역,서울특별시 송파구 백제고분로 지하 446,0.01767,2.0,0.2741,0.1187,0.0,,,,,
Station:S1109|4135,Station,한성백제,한성백제,4135,37.516369,127.116211,일반역,서울특별시 송파구 위례성대로 지하 51,0.015232,2.0,0.1979,0.0689,0.0,,,,,
Station:S1109|4136,Station,올림픽공원(한국체대),올림픽공원(한국체대),4136,37.516111,127.130333,환승역,서울특별시 송파구 양재대로 지하 1233,0.013945,3.0,0.6005,0.269,1.0,,,,,
Station:S1109|4137,Station,둔촌오륜,둔촌오륜,4137,37.519339,127.138619,일반역,서울특별시 강동구 강동대로 지하 327,0.002532,2.0,0.2254,0.0751,1.0,,,,,
Station:S1109|4138,Station,중앙보훈병원,중앙보훈병원,4138,37.528807,127.148488,일반역,서울특별시 강동구 명일로 지하 117,0.0,1.0,-0.0289,-0.0212,0.0,,,,,
Station:S1109|4101,Station,개화,개화,4101,37.578591,126.797833,일반역,서울특별시 강서구 개화동로8길 19,0.0,1.0,-0.0259,-0.0072,0.0,,,,,
Station:S1109|4102,Station,김포공항,김포공항,4102,37.562056,126.801633,환승역,서울특별시 강서구 하늘길 지하77,0.0,4.0,0.1244,0.0,0.0,,,,,
Station:S1109|4103,Station,공항시장,공항시장,4103,37.563726,126.810678,일반역,서울특별시 강서구 방화동로 지하30,0.000632,2.0,0.0487,0.0247,0.0,,,,,
Station:S1109|4104,Station,신방화,신방화,4104,37.5675,126.816667,일반역,서울특별시 강서구 방화대로 지하301,0.001896,2.0,0.0378,0.0181,0.0,,,,,
Station:S1109|4105,Station,마곡나루(서울식물원),마곡나루(서울식물원),4105,37.566717,126.8276071,환승역,서울특별시 강서구 마곡중앙5로 지하2,0.143437,5.0,0.9188,0.8301,0.0,,,,,
Station:S1109|4106,Station,양천향교,양천향교,4106,37.568333,126.841389,일반역,서울특별시 강서구 양천로 지하341,0.048303,2.0,0.2321,0.1898,0.0,,,,,
Station:S1109|4107,Station,가양,가양,4107,37.561111,126.855078,일반역,서울특별시 강서구 양천로 지하485,0.049228,2.0,0.2381,0.1943,0.0,,,,,
Station:S1109|4108,Station,증미,증미,4108,37.55785,126.861067,일반역,서울특별시 강서구 양천로 지하560,0.050187,2.0,0.269,0.2207,0.0,,,,,
Station:S1109|4109,Station,등촌,등촌,4109,37.551111,126.864722,일반역,서울특별시 강서구 공항대로 지하529,0.051332,2.0,0.3092,0.2561,0.0,,,,,
Station:S1109|4110,Station,염창,염창,4110,37.546944,126.874722,일반역,서울특별시 강서구 공항대로 지하631,0.052658,2.0,0.3751,0.3135,0.0,,,,,
Station:S1109|4111,Station,신목동,신목동,4111,37.544167,126.883056,일반역,서울특별시 양천구 목동중앙로 지하217,0.053983,2.0,0.4636,0.3907,0.0,,,,,
Station:S1109|4112,Station,선유도,선유도,4112,37.537778,126.893889,일반역,서울특별시 영등포구 양평로 지하124,0.055645,2.0,0.5916,0.4899,0.0,,,,,
Station:S1109|4113,Station,당산,당산,4113,37.533844,126.902222,환승역,서울특별시 영등포구 양평로 지하40,0.058244,3.0,0.6559,0.5675,0.0,,,,,
Station:S1109|4114,Station,국회의사당,국회의사당,4114,37.528105,126.917874,일반역,서울특별시 영등포구 국회대로 지하758,0.046548,2.0,0.3314,0.2248,0.0,,,,,
Station:S1109|4115,Station,여의도,여의도,4115,37.521744,126.924167,환승역,서울특별시 영등포구 의사당대로 지하101 (여의도동),0.184058,5.0,0.933,0.8419,0.0,,,,,
Station:S1109|4116,Station,샛강,샛강,4116,37.5173,126.9284,환승역,서울특별시 영등포구 의사당대로 지하166,0.12558,6.0,0.897,0.81,0.0,,,,,
Station:S1109|4117,Station,노량진,노량진,4117,37.513667,126.940917,환승역,서울특별시 동작구 노량진로 지하130,0.115684,3.0,0.8221,0.7258,0.0,,,,,
Station:S1109|4118,Station,노들,노들,4118,37.512726,126.953096,일반역,서울특별시 동작구 노량진로 지하238 (본동),0.093977,2.0,0.6361,0.5194,0.0,,,,,
Station:S1109|4119,Station,흑석(중앙대입구),흑석(중앙대입구),4119,37.508889,126.963611,일반역,서울특별시 동작구 현충로 지하90 (흑석동),0.093403,2.0,0.6246,0.5008,0.0,,,,,
Station:S1109|4120,Station,동작(현충원),동작(현충원),4120,37.502878,126.978278,환승역,서울특별시 동작구 현충로 지하220 (동작동),0.130088,3.0,1.3045,0.9352,0.0,,,,,
Station:S1109|4121,Station,구반포,구반포,4121,37.501389,126.987222,일반역,서울특별시 서초구 신반포로 지하17,0.124346,2.0,1.1564,0.8352,0.0,,,,,
Station:S1109|4122,Station,신반포,신반포,4122,37.5035033,126.996044,일반역,서울특별시 서초구 신반포로 지하105,0.124224,2.0,1.1767,0.843,0.0,,,,,
Station:S1109|4123,Station,고속터미널,고속터미널,4123,37.505933,127.004044,환승역,서울특별시 서초구 신반포로 지하188,0.133898,6.0,1.428,1.0531,0.0,,,,,
Station:S1109|4124,Station,사평,사평,4124,37.504161,127.015219,일반역,서울특별시 서초구 사평대로 지하285,0.060419,2.0,0.2656,0.123,0.0,,,,,
Station:S1109|4125,Station,신논현,신논현,4125,37.504444,127.024417,환승역,서울특별시 강남구 봉은사로 지하102,0.064446,3.0,0.39,0.1668,0.0,,,,,
Station:L11UI|S110,Station,북한산우이,북한산우이,S110,37.66284,127.01272,일반역,서울특별시 강북구 삼양로 지하 676,0.0,1.0,-0.0508,-0.0486,0.0,,,,,
Station:L11UI|S111,Station,솔밭공원,솔밭공원,S111,37.65607,127.01326,일반역,서울특별시 강북구 삼양로 595,0.002532,2.0,0.1574,0.1403,1.0,,,,,
Station:L11UI|S112,Station,4.19민주묘지,4.19민주묘지,S112,37.64954,127.01371,일반역,서울특별시 강북구 삼양로 519,0.005057,2.0,0.3614,0.3671,1.0,,,,,
Station:L11UI|S113,Station,가오리,가오리,S113,37.64162,127.01681,일반역,서울특별시 강북구 삼양로 426,0.007576,2.0,0.5713,0.3514,1.0,,,,,
Station:L11UI|S114,Station,화계,화계,S114,37.63428,127.0175,일반역,서울특별시 강북구 삼양로 341,0.010088,2.0,0.7903,0.5659,1.0,,,,,
Station:L11UI|S115,Station,삼양,삼양,S115,37.62706,127.01817,일반역,서울특별시 강북구 삼양로 지하 259,0.012594,2.0,1.0185,1.0222,1.0,,,,,
Station:L11UI|S116,Station,삼양사거리,삼양사거리,S116,37.62144,127.02049,일반역,서울특별시 강북구 삼양로 197,0.015094,2.0,1.2525,1.4718,1.0,,,,,
Station:L11UI|S117,Station,솔샘,솔샘,S117,37.62037,127.01357,일반역,서울특별시 강북구 솔샘로 지하 189,0.017587,2.0,1.487,1.9028,1.0,,,,,
Station:L11UI|S118,Station,북한산보국문,북한산보국문,S118,37.61233,127.00816,일반역,서울특별시 성북구 보국문로 지하 88,0.020073,2.0,1.7377,2.3517,1.0,,,,,
Station:L11UI|S119,Station,정릉,정릉,S119,37.60278,127.01345,일반역,서울특별시 성북구 아리랑로 지하 122,0.022554,2.0,2.0251,2.843,1.0,,,,,
Station:L11UI|S120,Station,성신여대입구,성신여대입구,S120,37.59247,127.01656,환승역,서울특별시 성북구 동선동1가 116-1,0.000205,2.0,0.1443,0.0811,0.0,,,,,
Station:L11UI|S121,Station,보문,보문,S121,37.58551,127.01939,환승역,서울특별시 성북구 보문동1가 127-6,0.141137,5.0,0.7643,0.9049,0.0,,,,,
Station:L11UI|S122,Station,신설동,신설동,S122,37.57659,127.023221,환승역,서울특별시 동대문구 신설동 132-259,0.010743,3.0,0.3337,0.2523,0.0,,,,,
Station:L41U1|U110,Station,발곡,발곡,U110,37.726983,127.052889,일반역,경기도 의정부시 장곡로 258,0.0,1.0,-0.0517,-0.0196,0.0,,,,,
Station:L41U1|U111,Station,회룡,회룡,U111,37.72505255,127.0467864,환승역,경기도 의정부시 평화로 363,0.034901,4.0,1.9435,2.8927,1.0,,,,,
Station:L41U1|U112,Station,범골,범골,U112,37.7287279,127.0437202,일반역,경기도 의정부시 신흥로 141,0.029956,2.0,1.5867,2.4825,1.0,,,,,
Station:L41U1|U113,Station,경전철의정부,경전철의정부,U113,37.73729974,127.043321,일반역,경기도 의정부시 신흥로 237,0.027495,2.0,1.4222,2.2147,1.0,,,,,
Station:L41U1|U114,Station,의정부시청,의정부시청,U114,37.73924874,127.034854,일반역,경기도 의정부시 의정로 69,0.025028,2.0,1.2798,1.9956,1.0,,,,,
Station:L41U1|U115,Station,흥선,흥선,U115,37.74322487,127.0371765,일반역,경기도 의정부시 호국로 1197,0.022554,2.0,1.1325,1.7618,1.0,,,,,
Station:L41U1|U117,Station,의정부중앙,의정부중앙,U117,37.74371903,127.0496332,일반역,경기도 의정부시 호국로 1305,0.020073,2.0,0.9858,1.5269,1.0,,,,,
Station:L41U1|U118,Station,동오,동오,U118,37.74519123,127.05703,일반역,경기도 의정부시 장곡로 471,0.017587,2.0,0.8517,1.3175,1.0,,,,,
Station:L41U1|U119,Station,새말,새말,U119,37.74889941,127.063869,일반역,경기도 의정부시 장곡로 551,0.015094,2.0,0.7163,1.1023,1.0,,,,,
Station:L41U1|U120,Station,경기도청북부청사,경기도청북부청사,U120,37.75073213,127.0714795,일반역,경기도 의정부시 장곡로 615,0.012594,2.0,0.583,0.8893,1.0,,,,,
Station:L41U1|U121,Station,효자,효자,U121,37.75398452,127.0773155,일반역,경기도 의정부시 부용로 159-40,0.010088,2.0,0.448,0.6697,1.0,,,,,
Station:L41U1|U122,Station,곤제,곤제,U122,37.75054343,127.0838651,일반역,경기도 의정부시 천보로 173,0.007576,2.0,0.3093,0.4386,1.0,,,,,
Station:L41U1|U123,Station,어룡,어룡,U123,37.74272184,127.0852045,일반역,경기도 의정부시 충의로 125,0.005057,2.0,0.1745,0.2116,1.0,,,,,
Station:L41U1|U124,Station,송산,송산,U124,37.7371698,127.0872755,일반역,경기도 의정부시 충의로 59,0.002532,2.0,0.0447,-0.0162,1.0,,,,,
Station:L41U1|U125,Station,탑석,탑석,U125,37.73355362,127.0889064,일반역,경기도 의정부시 충의로 20,0.0,1.0,-0.101,-0.0662,0.0,,,,,
Station:S28M1|101,Station,인천국제공항역,인천국제공항역,101,37.447222,126.4525,환승역,인천시 중구 공항로 271,,,,,,,,,,
Station:S28M1|102,Station,장기주차장역,장기주차장역,102,37.44385,126.455671,일반역,인천시 중구 공항로 271,0.010088,2.0,0.2203,0.0,1.0,,,,,
Station:S28M1|103,Station,합동청사역,합동청사역,103,37.440519,126.458654,일반역,인천시 중구 공항로 271,0.007576,2.0,0.1397,-0.0,1.0,,,,,
Station:S28M1|104,Station,파라다이스시티역,파라다이스시티역,104,37.437217,126.459858,일반역,인천시 중구 공항로 271,0.005057,2.0,0.0366,-0.0,1.0,,,,,
Station:S28M1|105,Station,워터파크역,워터파크역,105,37.429227,126.434183,일반역,인천시 중구 공항로 271,0.002532,2.0,-0.0722,-0.0,1.0,,,,,
Station:S28M1|106,Station,용유역,용유역,106,37.424805,126.423637,일반역,인천시 중구 용유로 44,0.0,1.0,-0.1618,-0.0,0.0,,,,,
Station:S2801|3107,Station,검단호수공원,검단호수공원,3107,37.6025,126.688056,일반역,인천광역시 서구 불로동 608-16,0.0,1.0,-0.0915,-0.0467,0.0,,,,,
Station:S2801|3108,Station,신검단중앙,신검단중앙,3108,37.6026,126.698611,일반역,인천광역시 서구 원당로652,0.002532,2.0,0.0711,-0.015,1.0,,,,,
Station:S2801|3109,Station,"아라(북부법원, 검찰청)","아라(북부법원, 검찰청)",3109,37.592222,126.713333,일반역,인천광역시 서구 당하동 1238,0.005057,2.0,0.2374,0.169,1.0,,,,,
Station:S2801|3110,Station,계양,계양,3110,37.571539,126.736319,환승역,인천광역시 계양구 다남로 24,0.067822,4.0,0.6894,0.6292,0.0,,,,,
Station:S2801|3111,Station,귤현,귤현,3111,37.566362,126.742498,일반역,인천광역시 계양구 장제로 1136,0.011728,3.0,0.1215,0.1105,0.0,,,,,
Station:S2801|3112,Station,박촌,박촌,3112,37.553525,126.744946,일반역,인천광역시 계양구 장제로 992,0.010056,2.0,0.0847,0.0763,0.0,,,,,
Station:S2801|3113,Station,임학,임학,3113,37.545058,126.738642,일반역,인천광역시 계양구 장제로 875,0.008712,2.0,0.0744,0.0658,0.0,,,,,
Station:S2801|3114,Station,계산,계산,3114,37.543243,126.728436,일반역,인천광역시 계양구 경명대로 1089,0.007431,2.0,0.0774,0.0738,0.0,,,,,
Station:S2801|3115,Station,경인교대입구,경인교대입구,3115,37.538272,126.722603,일반역,인천광역시 계양구 계양대로 162,0.006254,2.0,0.0868,0.0881,0.0,,,,,
Station:S2801|3116,Station,작전,작전,3116,37.530271,126.722548,일반역,인천광역시 계양구 게양대로 73,0.00514,2.0,0.1022,0.1085,0.0,,,,,
Station:S2801|3117,Station,갈산,갈산,3117,37.517124,126.721566,일반역,인천광역시 부평구 부평대로 286,0.004707,2.0,0.1458,0.1726,0.0,,,,,
Station:S2801|3118,Station,부평구청,부평구청,3118,37.508768,126.720547,환승역,인천광역시 부평구 부평대로 189,0.034865,3.0,0.3708,0.4306,0.0,,,,,
Station:S2801|3119,Station,부평시장,부평시장,3119,37.498495,126.722282,일반역,인천광역시 부평구 부평대로 69,0.035311,2.0,0.2081,0.2601,0.0,,,,,
Station:S2801|3120,Station,부평,부평,3120,37.490541,126.723437,환승역,인천광역시 부평구 광장로 15,0.117749,3.0,0.7353,0.7352,0.0,,,,,
Station:S2801|3121,Station,동수,동수,3121,37.485409,126.718464,일반역,인천광역시 부평구 경인로 877,0.095221,2.0,0.5103,0.4809,0.0,,,,,
Station:S2801|3122,Station,부평삼거리,부평삼거리,3122,37.478267,126.710494,일반역,인천광역시 부평구 경인로 765,0.093036,2.0,0.4578,0.4117,0.0,,,,,
Station:S2801|3123,Station,간석오거리,간석오거리,3123,37.466921,126.707861,일반역,인천광역시 남동구 경인로 674,0.090937,2.0,0.4417,0.4134,0.0,,,,,
Station:S2801|3124,Station,인천시청,인천시청,3124,37.457615,126.702216,일반역,인천광역시 남동구 예술로 264,0.09326,3.0,1.1137,1.0116,0.0,,,,,
Station:S2801|3125,Station,예술회관,예술회관,3125,37.449334,126.700991,일반역,인천광역시 남동구 예술로 172,0.070238,2.0,0.8385,0.7033,0.0,,,,,
Station:S2801|3126,Station,인천터미널,인천터미널,3126,37.441917,126.699727,일반역,인천광역시 미추홀구 예술로 85,0.067892,2.0,0.7664,0.6008,0.0,,,,,
Station:S2801|3127,Station,문학경기장,문학경기장,3127,37.434964,126.698373,일반역,인천광역시 연수구 예술로 2,0.065544,2.0,0.706,0.5263,0.0,,,,,
Station:S2801|3128,Station,선학,선학,3128,37.426985,126.698872,일반역,인천광역시 연수구 경원대로 480,0.063192,2.0,0.6551,0.4596,0.0,,,,,
Station:S2801|3129,Station,신연수,신연수,3129,37.418032,126.693853,일반역,인천광역시 연수구 경원대로 368,0.06084,2.0,0.624,0.4097,0.0,,,,,
Station:S2801|3130,Station,원인재,원인재,3130,37.412364,126.687893,환승역,인천광역시 연수구 경원대로 285,0.059386,5.0,2.3659,1.4584,1.0,,,,,
Station:S2801|3131,Station,동춘,동춘,3131,37.404676,126.680835,일반역,인천광역시 연수구 경원대로 180,0.020073,2.0,0.9347,0.9062,1.0,,,,,
Station:S2801|3132,Station,동막,동막,3132,37.398173,126.673561,일반역,인천광역시 연수구 경원대로 80,0.017587,2.0,0.7812,0.7499,1.0,,,,,
Station:S2801|3133,Station,캠퍼스타운,캠퍼스타운,3133,37.388209,126.661985,일반역,인천광역시 연수구 송도국제대로 66,0.015094,2.0,0.6409,0.6052,1.0,,,,,
Station:S2801|3134,Station,테크노파크,테크노파크,3134,37.382311,126.656355,일반역,인천광역시 연수구 송도국제대로 150,0.012594,2.0,0.511,0.4692,1.0,,,,,
Station:S2801|3135,Station,지식정보단지,지식정보단지,3135,37.378021,126.645412,일반역,인천광역시 연수구 인천타워대로 57,0.010088,2.0,0.3804,0.3314,1.0,,,,,
Station:S2801|3136,Station,인천대입구,인천대입구,3136,37.386239,126.639351,일반역,인천광역시 연수구 인천타워대로 155,0.007576,2.0,0.2562,0.1999,1.0,,,,,
Station:S2801|3137,Station,센트럴파크,센트럴파크,3137,37.392833,126.635002,일반역,인천광역시 연수구 인천타워대로 240,0.005057,2.0,0.1325,0.0681,1.0,,,,,
Station:S2801|3138,Station,국제업무지구,국제업무지구,3138,37.400421,126.630105,일반역,인천광역시 연수구 인천타워대로 334,0.002532,2.0,0.0067,-0.0682,1.0,,,,,
Station:S2801|3139,Station,송도달빛축제공원,송도달빛축제공원,3139,37.40687495,126.6260537,일반역,인천광역시 연수구 송도동 340,0.0,1.0,-0.1236,-0.0682,0.0,,,,,
Station:S2802|3201,Station,검단오류,검단오류,3201,37.5950162,126.62801,일반역,인천광역시 서구 검단로 187 (오류동),0.0,1.0,-0.1136,-0.0914,0.0,,,,,
Station:S2802|3202,Station,왕길,왕길,3202,37.5950191,126.642284,일반역,인천광역시 서구 검단로 323 (왕길동),0.002532,2.0,0.0308,-0.0572,1.0,,,,,
Station:S2802|3203,Station,검단사거리,검단사거리,3203,37.601693,126.656545,일반역,인천광역시 서구 검단로 473 (왕길동),0.005057,2.0,0.1797,0.1982,1.0,,,,,
Station:S2802|3204,Station,마전,마전,3204,37.597756,126.667195,일반역,인천광역시 서구 완정로 68 (마전동),0.007576,2.0,0.3339,0.4568,1.0,,,,,
Station:S2802|3205,Station,완정,완정,3205,37.592867,126.672961,일반역,인천광역시 서구 원당대로 650 (당하동),0.010088,2.0,0.4847,0.6984,1.0,,,,,
Station:S2802|3206,Station,독정,독정,3206,37.584927,126.675981,일반역,인천광역시 서구 서곶로 760 (백석동),0.012594,2.0,0.6327,0.9648,1.0,,,,,
Station:S2802|3207,Station,검암,검암,3207,37.568611,126.675682,환승역,인천광역시 서구 검바위로 4 (검암동),0.049975,3.0,1.1992,0.8059,1.0,,,,,
Station:S2802|3208,Station,검바위,검바위,3208,37.561091,126.677529,일반역,인천광역시 서구 서곶로 492 (검암동),0.014625,2.0,0.0821,0.1289,0.0,,,,,
Station:S2802|3209,Station,아시아드경기장,아시아드경기장,3209,37.551373,126.677075,일반역,인천광역시 서구 서곶로 382 (연희동),0.013278,2.0,0.065,0.0798,0.0,,,,,
Station:S2802|3210,Station,서구청,서구청,3210,37.543839,126.676795,일반역,인천광역시 서구 서곶로 294 (심곡동),0.012,2.0,0.0555,0.0716,0.0,,,,,
Station:S2802|3211,Station,가정(루원시티),가정(루원시티),3211,37.524805,126.675387,일반역,인천광역시 서구 봉오대로 234 (가정동),0.011067,2.0,0.0699,0.0989,0.0,,,,,
Station:S2802|3212,Station,가정중앙시장,가정중앙시장,3212,37.517511,126.676784,일반역,인천광역시 서구 가남로 400 (가정동),0.010788,2.0,0.1063,0.1958,0.0,,,,,
Station:S2802|3213,Station,석남(거북시장),석남(거북시장),3213,37.507211,126.676304,환승역,인천광역시 서구 가석로 257 (석남동),0.019682,4.0,0.2578,0.3412,0.0,,,,,
Station:S2802|3214,Station,서부여성회관,서부여성회관,3214,37.500298,126.675875,일반역,인천광역시 서구 가석로 169 (석남동),0.007791,3.0,0.0697,0.1127,0.0,,,,,
Station:S2802|3215,Station,인천가좌,인천가좌,3215,37.489962,126.675284,일반역,인천광역시 서구 가석로 67 (가좌동),0.005618,2.0,0.0484,0.0822,0.0,,,,,
Station:S2802|3216,Station,가재울,가재울,3216,37.484152,126.683883,일반역,인천광역시 서구 열우물로 252 (가좌동),0.005281,2.0,0.0516,0.0855,0.0,,,,,
Station:S2802|3217,Station,주안국가산단,주안국가산단,3217,37.473599,126.681102,일반역,인천광역시 서구 방축로 343 (가좌동),0.006818,2.0,0.0785,0.1525,0.0,,,,,
Station:S2802|3218,Station,주안,주안,3218,37.465234,126.679041,환승역,인천광역시 미추홀구 주안로 지하 91-1 (주안동),0.009828,3.0,0.2455,0.3986,0.0,,,,,
Station:S2802|3219,Station,시민공원,시민공원,3219,37.458339,126.6810091,일반역,인천광역시 미추홀구 경인로 371 (주안동),0.004912,2.0,0.1253,0.1784,0.0,,,,,
Station:S2802|3220,Station,석바위시장,석바위시장,3220,37.457659,126.692387,일반역,인천광역시 미추홀구 구월로 19 (주안동),0.007159,2.0,0.1383,0.1803,0.0,,,,,
Station:S2802|3221,Station,인천시청,인천시청,3221,37.456904,126.701523,환승역,인천광역시 남동구 구월로 지하 99 (간석동),0.023654,3.0,1.1297,1.5603,1.0,,,,,
Station:S2802|3222,Station,석천사거리,석천사거리,3222,37.4569323,126.710383,일반역,인천광역시 남동구 구월로 지하 181 (구월동),0.012594,2.0,0.7615,1.1482,1.0,,,,,
Station:S2802|3223,Station,모래내시장,모래내시장,3223,37.455842,126.719578,일반역,인천광역시 남동구 구월로 지하 255 (구월동),0.010088,2.0,0.5698,0.8262,1.0,,,,,
Station:S2802|3224,Station,만수,만수,3224,37.454962,126.731764,일반역,인천광역시 남동구 구월로 지하 367 (만수동),0.007576,2.0,0.3906,0.5396,1.0,,,,,
Station:S2802|3225,Station,남동구청,남동구청,3225,37.448179,126.736581,일반역,인천광역시 남동구 인주대로 지하 889 (만수동),0.005057,2.0,0.2206,0.2577,1.0,,,,,
Station:S2802|3226,Station,인천대공원,인천대공원,3226,37.448475,126.753051,일반역,인천광역시 남동구 수인로 3677 (장수동),0.002532,2.0,0.0548,-0.0266,1.0,,,,,
Station:S2802|3227,Station,운연,운연,3227,37.439533,126.759609,일반역,인천광역시 남동구 매소홀로 1229 (운연동),0.0,1.0,-0.1022,-0.0817,0.0,,,,,
Station:S1107|3753,Station,까치울,까치울,3753,37.506236,126.81095,일반역,경기도 부천시 원미구 길주로 지하 626 (춘의동),0.0,1.0,-0.0384,-0.0185,0.0,,,,,
Station:S1107|3754,Station,부천종합운동장,부천종합운동장,3754,37.505381,126.79735,일반역,경기도 부천시 원미구 길주로 지하 502 (춘의동),0.0,2.0,0.0078,0.0022,0.0,,,,,
Station:S1107|3755,Station,춘의,춘의,3755,37.50365,126.787069,일반역,경기도 부천시 원미구 길주로 지하 406 (춘의동),0.033014,3.0,0.1566,0.2241,0.0,,,,,
Station:S1107|3756,Station,신중동,신중동,3756,37.503081,126.776161,일반역,경기도 부천시 원미구 길주로 지하 314 (중동),0.031163,2.0,0.1078,0.1658,0.0,,,,,
Station:S1107|3757,Station,부천시청,부천시청,3757,37.504611,126.763561,일반역,경기도 부천시 원미구 길주로 지하 202 (중동),0.029327,2.0,0.0807,0.1323,0.0,,,,,
Station:S1107|3758,Station,상동,상동,3758,37.505769,126.753081,일반역,경기도 부천시 원미구 길주로 지하 104 (상동),0.027489,2.0,0.0725,0.1242,0.0,,,,,
Station:S1107|3759,Station,삼산체육관,삼산체육관,3759,37.506431,126.742081,일반역,인천광역시 부평구 길주로 지하 713 (삼산동),0.025647,2.0,0.0802,0.1331,0.0,,,,,
Station:S1107|3760,Station,굴포천,굴포천,3760,37.50695,126.731481,일반역,인천광역시 부평구 길주로 지하 623 (삼산동),0.023805,2.0,0.1077,0.1925,0.0,,,,,
Station:S1107|3761,Station,부평구청,부평구청,3761,37.507523,126.721356,환승역,인천광역시 부평구 길주로 지하 527 (갈산동),0.035876,3.0,0.3027,0.4304,0.0,,,,,
Station:S1107|3762,Station,산곡,산곡,3762,37.508547,126.70351,일반역,인천광역시 부평구 길주로 지하 379 (산곡동),0.017353,2.0,0.0738,0.1115,0.0,,,,,
Station:S1107|3763,Station,석남(거북시장),석남(거북시장),3763,37.506208,126.676213,환승역,인천광역시 서구 길주로 지하 120 (석남동),0.0,2.0,-0.0229,0.0041,0.0,,,,,
Station:I4101|1002,Station,남영역,남영역,1002,37.540597,126.971171,일반역,서울시 용산구 한강대로 77길 25(갈월동),0.020776,2.0,0.2796,0.5325,0.0,,,,,
Station:I4101|1003,Station,용산역,용산역,1003,37.52989,126.964775,환승역,서울시 용산구 한강대로 23길 55(한강로 3가 40-999),0.022047,3.0,0.5452,0.4228,1.0,,,,,
Station:I4102|1003,Station,용산역,용산역,1003,37.52989,126.964775,환승역,서울시 용산구 한강대로 23길 55(한강로 3가 40-999),0.0,1.0,0.1124,-0.0,0.0,,,,,
Station:I4101|1004,Station,노량진역,노량진역,1004,37.514072,126.941671,환승역,서울시 동작구 노량진로 151,0.021784,3.0,0.3165,0.5015,0.0,,,,,
Station:I4101|1005,Station,대방역,대방역,1005,37.513392,126.926407,환승역,서울시 영등포구 여의대방로 300,0.071894,5.0,0.7624,0.9888,0.0,,,,,
Station:I4101|1006,Station,영등포역,영등포역,1006,37.515756,126.907411,일반역,서울시 영등포구 경인로 846(영등포동 1가 618-496),0.11896,2.0,0.2756,0.5024,0.0,,,,,
Station:I4101|1007,Station,신도림역,신도림역,1007,37.508983,126.891513,환승역,서울시 구로구 새말로 117-21,0.150533,3.0,0.3791,0.6239,0.0,,,,,
Station:I4102|1008,Station,이촌역,이촌역,1008,37.522476,126.973816,환승역,서울시 용산구 이촌로 71길 42,0.0,1.0,0.1257,-0.0,0.0,,,,,
Station:I4102|1009,Station,서빙고역,서빙고역,1009,37.51961,126.988358,일반역,서울시 용산구 서빙고로 238(서빙고동 241-11),0.0,1.0,0.0439,0.0187,0.0,,,,,
Station:I4102|1010,Station,한남역,한남역,1010,37.529361,127.008984,일반역,서울시 용산구 독서당로6길 12-13(한남동),0.0,1.0,0.0427,0.0205,0.0,,,,,
Station:I4102|1011,Station,옥수역,옥수역,1011,37.540514,127.018698,환승역,서울시 성동구 동호로 지하21(옥수동),0.002532,3.0,0.4218,0.2595,1.0,,,,,
Station:I4102|1012,Station,응봉역,응봉역,1012,37.550433,127.034824,일반역,서울시 성동구 고산자로 123(응봉동),0.0,1.0,0.0737,0.0193,0.0,,,,,
Station:I4102|1013,Station,왕십리역,왕십리역,1013,37.561728,127.038405,환승역,서울시 성동구 왕십리 광장로 17(행당동),0.028471,5.0,0.3451,0.1855,0.0,,,,,
Station:I4105|1013,Station,왕십리역,왕십리역,1013,37.5610128,127.038705,환승역,서울시 성동구 왕십리 광장로 17(행당동),0.0,4.0,0.2252,0.0863,0.0,,,,,
Station:I4102|1014,Station,청량리역,청량리역,1014,37.580543,127.048077,환승역,서울시 동대문구 왕산로 214,0.014968,3.0,0.4765,0.4778,0.0,,,,,
Station:I4108|1014,Station,청량리역,청량리역,1014,37.580043,127.047588,환승역,서울시 동대문구 왕산로 214,0.006196,3.0,0.2562,0.1011,0.0,,,,,
Station:I4102|1015,Station,회기역,회기역,1015,37.589602,127.057936,환승역,서울시 동대문구 회기로196(휘경동 317-101),0.013194,3.0,0.3519,0.4908,0.0,,,,,
Station:I4108|1015,Station,회기역,회기역,1015,37.589802,127.057936,환승역,서울시 동대문구 회기로196(휘경동 317-101),0.0,2.0,0.097,0.1339,0.0,,,,,
Station:I4102|1016,Station,외대앞역,외대앞역,1016,37.596157,127.063572,일반역,서울시 동대문구 휘경로 27(이문동 360-5),0.009658,3.0,0.2301,0.4631,0.0,,,,,
Station:I4102|1017,Station,신이문역,신이문역,1017,37.601829,127.067347,일반역,서울시 동대문구 한천로 472(이문로 7),0.007897,2.0,0.2104,0.4176,0.0,,,,,
Station:I4102|1018,Station,석계역,석계역,1018,37.615206,127.065594,환승역,서울시 노원구 화랑로 341(월계동 36-4),0.032218,4.0,0.6473,0.69,0.0,,,,,
Station:I4102|1019,Station,광운대역,광운대역,1019,37.62357,127.06181,환승역,서울시 노원구 석계로 98-2(광운대역),0.008724,3.0,0.1794,0.3005,0.0,,,,,
Station:I4108|1019,Station,광운대역,광운대역,1019,37.6239,127.062,환승역,서울시 노원구 석계로 98-2(광운대역),0.0,2.0,0.0661,0.0473,0.0,,,,,
Station:I4102|1020,Station,월계역,월계역,1020,37.633114,127.058835,일반역,서울시 노원구 월계로 53길 40(월계2동 261),0.006462,2.0,0.0861,0.2022,0.0,,,,,
Station:I4102|1021,Station,녹천역,녹천역,1021,37.644599,127.051406,일반역,서울시 도봉구 덕릉로 376(창동),0.004325,2.0,0.0708,0.2215,0.0,,,,,
Station:I4102|1022,Station,창동역,창동역,1022,37.653181,127.047663,환승역,서울시 도봉구 마들로 11길 77(창1동 135-86),0.0,2.0,0.037,0.0543,0.0,,,,,
Station:I4105|1023,Station,선릉역,선릉역,1023,37.504479,127.048941,환승역,서울시 강남구 테헤란로 지하 340,0.015087,3.0,0.2753,0.1894,0.0,,,,,
Station:I4105|1024,Station,한티역,한티역,1024,37.496208,127.052883,일반역,서울시 강남구 선릉로 지하 228,0.019939,2.0,0.3085,0.2886,0.0,,,,,
Station:I4105|1025,Station,도곡역,도곡역,1025,37.490914,127.055393,환승역,서울시 강남구 남부순환로 지하 2814,0.023879,3.0,0.4103,0.6994,0.0,,,,,
Station:I4105|1026,Station,구룡역,구룡역,1026,37.486985,127.059496,일반역,서울시 강남구 개포동 175-3,0.026558,2.0,0.2405,0.1789,0.0,,,,,
Station:I4105|1027,Station,개포동역,개포동역,1027,37.489112,127.066027,일반역,서울시 강남구 개포동 지하 420(개포동),0.024633,2.0,0.1464,0.053,0.0,,,,,
Station:I4105|1028,Station,대모산입구역,대모산입구역,1028,37.491347,127.072702,일반역,서울특별시 강남구 개포로 522,0.022987,2.0,0.0735,0.0289,0.0,,,,,
Station:I4105|1030,Station,수서역,수서역,1030,37.487633,127.101118,환승역,서울시 강남구 광평로 지하 270(수서동),0.024152,5.0,0.2238,0.2157,0.0,,,,,
Station:I4105|1031,Station,복정역,복정역,1031,37.469753,127.126627,환승역,서울특별시 송파구 송파대로 6,0.0,2.0,0.0307,0.0055,0.0,,,,,
Station:I4101|1032,Station,신길역,신길역,1032,37.517018,126.917743,환승역,서울시 영등포구 영등포로 327,0.120734,3.0,0.3797,0.6878,0.0,,,,,
Station:I4108|1201,Station,중랑역,중랑역,1201,37.594948,127.076152,환승역,서울특별시 중랑구 중랑역로 9,0.058436,2.0,0.2228,0.1067,0.0,,,,,
Station:I4108|1202,Station,상봉역,상봉역,1202,37.596754,127.085553,환승역,서울시 중랑구 망우로 297(상봉1동 100-9번지),0.083894,4.0,0.9576,0.638,0.0,,,,,
Station:I4108|1203,Station,망우역,망우역,1203,37.599288,127.092318,환승역,서울시 중랑구 망우로 55길 11-10,0.076395,3.0,2.5239,1.2228,1.0,,,,,
Station:I41K2|1203,Station,망우역,망우역,1203,37.599988,127.092031,환승역,서울시 중랑구 망우로 55길 11-10,0.04401,3.0,0.2458,0.081,0.0,,,,,
Station:I4108|1204,Station,양원역,양원역,1204,37.6013,127.1067,일반역,서울시 중랑구 송림길 147(망우동),0.047004,2.0,2.2154,1.2107,1.0,,,,,
Station:I4108|1205,Station,구리역,구리역,1205,37.60326,127.143373,환승역,경기도 구리시 건원대로 34번길 32-29(인창동 244-2),0.0,2.0,-0.0133,-0.0137,0.0,,,,,
Station:I4108|1206,Station,도농역,도농역,1206,37.608756,127.161105,일반역,경기도 남양주시 경춘로 433(도농동 56-1),0.034859,3.0,1.265,0.5684,1.0,,,,,
Station:I4108|1207,Station,양정역,양정역,1207,37.604269,127.194602,일반역,경기도 남양주시 경강로 237(이패동 398-32),0.032411,2.0,1.0838,0.6072,1.0,,,,,
Station:I4108|1208,Station,덕소역,덕소역,1208,37.586892,127.208835,일반역,경기도 남양주시 와부읍 덕서로 56(덕소리 590-17),0.029956,2.0,0.9348,0.5248,1.0,,,,,
Station:I4108|1209,Station,도심역,도심역,1209,37.579628,127.222798,일반역,경기도 남양주시 와부읍 덕소로 237(도곡리 1024-2),0.027495,2.0,0.7935,0.3964,1.0,,,,,
Station:I4108|1210,Station,팔당역,팔당역,1210,37.547321,127.243896,일반역,경기도 남양주시 와부읍 팔당로 107번길,0.025028,2.0,0.6562,0.3183,1.0,,,,,
Station:I4108|1211,Station,운길산역,운길산역,1211,37.554659,127.310089,일반역,경기도 남양주시 조안면 운길산로 20,0.022554,2.0,0.5405,0.2558,1.0,,,,,
Station:I4108|1212,Station,양수역,양수역,1212,37.545998,127.328948,일반역,경기도 양평군 양서면 목왕로 55-10,0.020073,2.0,0.4412,0.198,1.0,,,,,
Station:I4108|1213,Station,신원역,신원역,1213,37.525921,127.372745,일반역,경기도 양평군 양서면 신원역길 7  _x000D_,0.017587,2.0,0.3442,0.142,1.0,,,,,
Station:I4108|1214,Station,국수역,국수역,1214,37.516171,127.399402,일반역,경기도 양평군 양서면 국수역길 45,0.015094,2.0,0.2568,0.0914,1.0,,,,,
Station:I4108|1215,Station,아신역,아신역,1215,37.513954,127.443238,일반역,경기도 양평군 옥천면 아신역길 1길 23-3,0.012594,2.0,0.1737,0.0433,1.0,,,,,
Station:I4108|1216,Station,오빈역,오빈역,1216,37.506061,127.474053,일반역,경기도 양평군 양평읍 덕바위길 58,0.010088,2.0,0.0966,-0.0013,1.0,,,,,
Station:I4108|1217,Station,양평역,양평역,1217,37.492674,127.491858,일반역,경기도 양평군 양평읍 역전길 30,0.007576,2.0,0.0195,-0.0452,1.0,,,,,
Station:I4108|1218,Station,원덕역,원덕역,1218,37.468585,127.547468,일반역,경기도 양평군 양평읍 원덕흑천길 138,0.005057,2.0,-0.0564,-0.0883,1.0,,,,,
Station:I4108|1219,Station,용문역,용문역,1219,37.482085,127.594251,일반역,경기도 양평군 용문면 다문리 748-2,0.002532,2.0,-0.1244,-0.0624,1.0,,,,,
Station:I4108|1220,Station,지평역,지평역,1220,37.476496,127.629681,일반역,경기도 양평군 지평면 지평역길 32,0.0,1.0,-0.19,-0.008,0.0,,,,,
Station:I4108|1251,Station,서울역(경의선),서울역(경의선),1251,37.556713,126.971387,환승역,서울시 중구 한강대로 405,0.015719,4.0,0.495,0.4386,0.0,,,,,
Station:I4108|1252,Station,신촌역,신촌역,1252,37.559768,126.942308,일반역,서울특별시 서대문구 신촌역로 30 신촌민자역사,0.0,2.0,0.1317,0.0532,0.0,,,,,
Station:I4108|1261,Station,효창공원앞역,효창공원앞역,1261,37.538789,126.962339,환승역,서울시 용산구 용문동 5-157,0.0,2.0,0.1566,0.0373,0.0,,,,,
Station:I4108|1262,Station,공덕역,공덕역,1262,37.542711,126.952134,환승역,서울시 마포구 공덕동 마포대로 92,0.018151,5.0,0.2587,0.0724,0.0,,,,,
Station:I4108|1263,Station,서강대역,서강대역,1263,37.552132,126.935389,일반역,서울시 마포구 서강로 지하 118,0.01691,2.0,0.1122,0.0516,0.0,,,,,
Station:I4108|1264,Station,홍대입구역,홍대입구역,1264,37.55758,126.926833,환승역,서울시 마포구 양화로 지하 188,0.066955,4.0,0.1927,0.1043,0.0,,,,,
Station:I4108|1265,Station,가좌역,가좌역,1265,37.568611,126.914841,일반역,서울시 서대문구 수색로 27(남가좌동),0.0,2.0,0.0277,0.0015,0.0,,,,,
Station:I4108|1266,Station,디지털미디어시티역,디지털미디어시티역,1266,37.577964,126.900421,환승역,서울시 은평구 수색로 193(수색동 37-2),0.040205,4.0,0.7865,0.7117,0.0,,,,,
Station:I4108|1267,Station,수색역,수색역,1267,37.580855,126.895681,일반역,서울시 은평구 수색로 261-1,0.075343,2.0,0.8181,0.5165,0.0,,,,,
Station:I4108|1268,Station,한국항공대,한국항공대,1268,37.603102,126.868291,일반역,경기도 고양시 덕양구 화랑로 53(화전동 183-10),0.073013,2.0,0.6325,0.5165,0.0,,,,,
Station:I4108|1269,Station,강매역,강매역,1269,37.612396,126.844537,일반역,경기도 고양시 덕양구 소원로 202,0.070684,2.0,0.5405,0.4308,0.0,,,,,
Station:I4108|1270,Station,행신역,행신역,1270,37.612125,126.834063,일반역,경기도 고양시 덕양구 행신동 충경로 124번지(행신2동 812),0.068354,3.0,0.476,0.2986,0.0,,,,,
Station:I4108|1271,Station,능곡역,능곡역,1271,37.618741,126.82089,환승역,경기도 고양시 덕양구 토당로 35(토당동 454-3),0.0,2.0,-0.0267,-0.0185,0.0,,,,,
Station:I41WS|1271,Station,능곡역,능곡역,1271,37.618741,126.8206,환승역,경기도 고양시 덕양구 토당로 35(토당동 454-3),0.063686,3.0,0.3944,0.3366,0.0,,,,,
Station:I4108|1272,Station,곡산역,곡산역,1272,37.645729,126.801877,환승역,경기도 고양시 일산동구 경의로 160(백석동),0.062916,4.0,2.0776,1.6026,1.0,,,,,
Station:I41WS|1272,Station,곡산역,곡산역,1272,37.645729,126.801877,환승역,경기도 고양시 일산동구 경의로 160(백석동),0.0,1.0,-0.0379,-0.0,0.0,,,,,
Station:I4108|1273,Station,백마역,백마역,1273,37.658346,126.794401,환승역,경기도 고양시 일산동구 경의로 318(풍동 482-8),0.037346,3.0,1.6621,1.206,1.0,,,,,
Station:I41WS|1273,Station,백마역,백마역,1273,37.658346,126.794401,환승역,경기도 고양시 일산동구 경의로 318(풍동 482-8),0.0,1.0,-0.0487,-0.0,0.0,,,,,
Station:I4108|1274,Station,풍산역,풍산역,1274,37.672173,126.786355,환승역,경기도 고양시 일산동구 경의로 486(풍동),0.032449,3.0,1.3655,0.9624,1.0,,,,,
Station:I41WS|1274,Station,풍산역,풍산역,1274,37.672173,126.786355,환승역,경기도 고양시 일산동구 경의로 486(풍동),0.0,1.0,-0.0593,-0.0,0.0,,,,,
Station:I4108|1275,Station,일산역,일산역,1275,37.682231,126.769521,환승역,경기도 고양시 일산서구 경의로 672,0.027527,3.0,1.079,0.7889,1.0,,,,,
Station:I41WS|1275,Station,일산역,일산역,1275,37.682231,126.769521,환승역,경기도 고양시 일산서구 경의로 672,0.0,1.0,-0.0704,-0.0,0.0,,,,,
Station:I4108|1276,Station,탄현역,탄현역,1276,37.694114,126.761075,일반역,경기도 고양시 일산서구 경의로 856(덕이동),0.022554,2.0,0.7681,0.6597,1.0,,,,,
Station:I4108|1277,Station,야당역,야당역,1277,37.712749,126.761535,일반역,경기도 파주시 소리천로 10,0.020073,2.0,0.6366,0.5104,1.0,,,,,
Station:I4108|1278,Station,운정역,운정역,1278,37.725441,126.767076,일반역,경기도 파주시 운정역길 368(야당동 299-4번지),0.017587,2.0,0.5129,0.3675,1.0,,,,,
Station:I4108|1279,Station,금릉역,금릉역,1279,37.751295,126.765401,일반역,경기도 파주시 금릉역로85,0.015094,2.0,0.3935,0.2285,1.0,,,,,
Station:I4108|1280,Station,금촌역,금촌역,1280,37.766106,126.774515,일반역,경기도 파주시 새꽃로 193,0.012594,2.0,0.2842,0.1006,1.0,,,,,
Station:I4108|1282,Station,월롱역,월롱역,1282,37.796201,126.792574,일반역,경기도 파주시 월롱면 통일로 980,0.010088,2.0,0.1802,-0.0219,1.0,,,,,
Station:I4108|1283,Station,파주역,파주역,1283,37.815391,126.792426,일반역,경기도 파주시 파주읍 주라위길 38,0.007576,2.0,0.0851,-0.135,1.0,,,,,
Station:I4108|1284,Station,문산역,문산역,1284,37.854565,126.787531,일반역,경기도 파주시 문산읍 문산역로 94,0.005057,2.0,-0.0076,-0.0993,1.0,,,,,
Station:I4108|1285,Station,임진강역,임진강역,1285,37.888364,126.746777,일반역,경기도 파주시 문산읍 임진각로 115(문산읍),0.0,1.0,-0.1731,-0.0025,0.0,,,,,
Station:I4108|1286,Station,운천역,운천역,1286,37.880008,126.769713,일반역,경기도 파주시 문산읍 통일로2033번길3,0.002532,2.0,-0.0915,-0.0039,1.0,,,,,
Station:I41K2|1311,Station,신내역,신내역,1311,37.612855,127.103277,환승역,서울시 중랑구 망우동 320-2,0.013547,2.0,0.1678,0.0692,0.0,,,,,
Station:I41K2|1312,Station,갈매역,갈매역,1312,37.634135,127.114803,일반역,경기도 구리시 갈매동 경춘북로 229(갈매동 502-18),0.047004,3.0,1.9483,1.0313,1.0,,,,,
Station:I41K2|1313,Station,별내역,별내역,1313,37.642221,127.127208,환승역,경기도 남양주시 경춘북로 375(별내동 182-5),0.042217,4.0,1.5885,0.7944,1.0,,,,,
Station:I41K2|1314,Station,퇴계원역,퇴계원역,1314,37.648316,127.143858,일반역,경기도 남양주시 퇴계원면 경춘북로 545(퇴계원리 218-8),0.037301,2.0,1.1861,0.607,1.0,,,,,
Station:I41K2|1315,Station,사릉역,사릉역,1315,37.651145,127.176839,일반역,경기도 남양주시 진건읍 진건우회로 72-8(사능리 590-2),0.034859,2.0,1.0002,0.4606,1.0,,,,,
Station:I41K2|1316,Station,금곡역,금곡역,1316,37.637414,127.207931,일반역,경기도 남양주시 경춘로 903(금곡동 404-276),0.032411,2.0,0.8436,0.4391,1.0,,,,,
Station:I41K2|1317,Station,평내호평역,평내호평역,1317,37.653229,127.244452,일반역,경기도 남양주시 경춘로 1375(평내동 156),0.029956,2.0,0.7069,0.4817,1.0,,,,,
Station:I41K2|1318,Station,천마산역,천마산역,1318,37.658995,127.285731,일반역,경기도 남양주시 화도읍 묵현로 25번길 37,0.027495,2.0,0.5874,0.393,1.0,,,,,
Station:I41K2|1319,Station,마석역,마석역,1319,37.652328,127.311713,일반역,경기도 남양주시 화도읍 마석우리 241-4,0.025028,2.0,0.4783,0.2737,1.0,,,,,
Station:I41K2|1320,Station,대성리역,대성리역,1320,37.683909,127.379165,일반역,경기도 가평군 청평면 경춘로 88(대성리 393),0.022554,2.0,0.373,0.2128,1.0,,,,,
Station:I41K2|1321,Station,청평역,청평역,1321,37.735484,127.426541,일반역,경기도 가평군 청평면 청평역로 97-33(청평리 125-1),0.020073,2.0,0.2858,0.1576,1.0,,,,,
Station:I41K2|1322,Station,상천역,상천역,1322,37.770305,127.4542,일반역,경기도 가평군 청평면 상천역로 29(상천리 1261),0.017587,2.0,0.2096,0.1093,1.0,,,,,
Station:I41K2|1323,Station,가평역,가평역,1323,37.814515,127.510693,일반역,경기도 가평군 가평읍 문화로 13-42(달전리 567),0.015094,2.0,0.1391,0.0646,1.0,,,,,
Station:I41K2|1324,Station,굴봉산역,굴봉산역,1324,37.832086,127.557732,일반역,강원도 춘천시 남산면 서백길 192(백양리 588-30),0.012594,2.0,0.0764,0.0247,1.0,,,,,
Station:I41K2|1325,Station,백양리역,백양리역,1325,37.830881,127.589085,일반역,강원도 춘천시 남산면 북한강변길 690(강촌리 680-7),0.010088,2.0,0.0154,-0.0136,1.0,,,,,
Station:I41K2|1326,Station,강촌역,강촌역,1326,37.805728,127.634054,일반역,강원도 춘춘시 남산면 강촌로 150(방곡리 409),0.007576,2.0,-0.0455,-0.0514,1.0,,,,,
Station:I41K2|1327,Station,김유정역,김유정역,1327,37.818475,127.714302,일반역,강원도 춘천시 신동면 김유정로 1435(신동면 증리 859-3),0.005057,2.0,-0.1017,-0.0866,1.0,,,,,
Station:I41K2|1328,Station,남춘천역,남춘천역,1328,37.864071,127.723761,일반역,강원도 춘천시 영서로 2260(퇴계동 633-2),0.002532,2.0,-0.1524,-0.1189,1.0,,,,,
Station:I41K2|1329,Station,춘천역,춘천역,1329,37.884391,127.716603,일반역,강원도 춘천시 평화로 1(근화동 190),0.0,1.0,-0.2027,-0.0672,0.0,,,,,
Station:I4401|1401,Station,봉명역,봉명역,1401,36.801578,127.136319,일반역,충남 천안시 동남구 차돌로 51(봉명동 20-2),0.015094,2.0,0.083,0.0094,1.0,,,,,
Station:I4401|1402,Station,쌍용(나사렛대)역,쌍용(나사렛대)역,1402,36.793745,127.121363,일반역,충청남도 천안시 서북구 쌍용19로 20  _x000D_,0.012594,2.0,0.0364,0.0377,1.0,,,,,
Station:I4401|1403,Station,아산역,아산역,1403,36.792195,127.104384,일반역,충남 아산시 배방읍 희망로 90(장재리 325-3),0.010088,2.0,-0.0119,-0.0303,1.0,,,,,
Station:I4401|1404,Station,탕정역,탕정역,1404,36.788272,127.084446,일반역,충청남도 아산시 탕정면 매곡중앙6로 11,0.007576,2.0,-0.0629,-0.109,1.0,,,,,
Station:I4401|1405,Station,배방역,배방역,1405,36.777541,127.052751,일반역,충남 아산시 배방읍 온천대로 1967,0.005057,2.0,-0.1144,-0.0895,1.0,,,,,
Station:I4401|1407,Station,온양온천역,온양온천역,1407,36.780419,127.003707,일반역,충남 아산시 온천대로 1496(온천동 56-9),0.002532,2.0,-0.1632,-0.0542,1.0,,,,,
Station:I4401|1408,Station,신창(순천향대)역,신창(순천향대)역,1408,36.769213,126.950129,일반역,충남 아산시 신창면 행목로 50,0.0,1.0,-0.2095,-0.0282,0.0,,,,,
Station:I4103|1450,Station,선바위역,선바위역,1450,37.451854,127.002164,일반역,경기도 과천시 중앙로 440,0.0,1.0,-0.1683,-0.0765,0.0,,,,,
Station:I4103|1451,Station,경마공원역,경마공원역,1451,37.443987,127.007899,일반역,경기도 과천시 경마공원대로 105,0.002532,2.0,-0.0844,-0.114,1.0,,,,,
Station:I4103|1452,Station,대공원역,대공원역,1452,37.435724,127.006474,일반역,경기도 과천시 대공원로 50,0.005057,2.0,-0.0078,-0.147,1.0,,,,,
Station:I4103|1453,Station,과천역,과천역,1453,37.432805,126.996404,일반역,경기도 과천시 별양로 지하 177,0.007576,2.0,0.0649,-0.0373,1.0,,,,,
Station:I4103|1454,Station,정부과천청사역,정부과천청사역,1454,37.426445,126.989802,일반역,경기도 과천시 중앙로 지하 100,0.010088,2.0,0.1317,0.1684,1.0,,,,,
Station:I4103|1455,Station,인덕원역,인덕원역,1455,37.401901,126.976718,일반역,경기도 안양시 동안구 흥안대로 529,0.012594,2.0,0.203,0.2272,1.0,,,,,
Station:I4103|1456,Station,평촌역,평촌역,1456,37.394346,126.963881,일반역,경기도 안양시 동안구 부림로 지하 123,0.015094,2.0,0.2822,0.2949,1.0,,,,,
Station:I4103|1457,Station,범계역,범계역,1457,37.389783,126.950752,일반역,경기도 안양시 동안구 동안로 지하 130,0.017587,2.0,0.3574,0.4386,1.0,,,,,
Station:I41K5|1501,Station,판교역,판교역,1501,37.394798,127.111135,환승역,경기도 성남시 분당구 판교역로 160,0.022194,2.0,0.0651,0.0409,0.0,,,,,
Station:I41K5|1502,Station,이매역,이매역,1502,37.394736,127.127048,환승역,경기도 성남시 분당구 성남대로 738,0.071582,4.0,0.8363,0.1465,1.0,,,,,
Station:I41K5|1503,Station,삼동역,삼동역,1503,37.408731,127.203447,일반역,경기도 광주시 순암로 451,0.020073,2.0,0.5325,0.1258,1.0,,,,,
Station:I41K5|1504,Station,경기광주역,경기광주역,1504,37.398974,127.253201,일반역,경기도 광주시 광주역로 10 경기광주역사,0.017587,2.0,0.3979,0.1258,1.0,,,,,
Station:I41K5|1505,Station,초월역,초월역,1505,37.373389,127.299996,일반역,경기도 광주시 초월읍 경충대로 1066,0.015094,2.0,0.2821,0.0264,1.0,,,,,
Station:I41K5|1506,Station,곤지암역,곤지암역,1506,37.350525,127.346186,일반역,경기도 광주시 곤지암천로 333,0.012594,2.0,0.1795,-0.0125,1.0,,,,,
Station:I41K5|1507,Station,신둔도예촌역,신둔도예촌역,1507,37.315499,127.405251,일반역,경기도 이천시 신둔면 남정로 55,0.010088,2.0,0.0869,0.0522,1.0,,,,,
Station:I41K5|1508,Station,이천역,이천역,1508,37.264222,127.442135,일반역,경기도 이천시 이섭대천로 1063,0.007576,2.0,0.0062,-0.0474,1.0,,,,,
Station:I41K5|1509,Station,부발역,부발역,1509,37.260411,127.490303,일반역,경기도 이천시 부발읍 신아로 87,0.005057,2.0,-0.0655,-0.0744,1.0,,,,,
Station:I41K5|1510,Station,세종대왕릉역,세종대왕릉역,1510,37.293636,127.570764,일반역,경기도 여주시 능서면 양화로 877,0.002532,2.0,-0.1336,-0.0,1.0,,,,,
Station:I41K5|1511,Station,여주역,여주역,1511,37.282881,127.628571,일반역,경기도 여주시 교동로 80(교동 403-1),0.0,1.0,-0.1952,0.0,0.0,,,,,
Station:I41K5|1512,Station,성남역,성남역,1512,37.394709,127.11949,환승역,경기도 성남시 분당구 백현동 545-1,0.021187,2.0,0.0465,0.0409,0.0,,,,,
Station:I4101|1701,Station,구로역,구로역,1701,37.503178,126.882037,일반역,서울시 구로구 구로중앙로 174,0.147426,2.0,0.2376,0.2861,0.0,,,,,
Station:I4101|1702,Station,가산디지털단지역,가산디지털단지역,1702,37.481568,126.882628,환승역,서울시 금천구 벚꽃로 309,0.271645,5.0,2.6964,2.8117,0.0,,,,,
Station:I4101|1703,Station,금천구청역,금천구청역,1703,37.45576,126.894344,일반역,서울시 금천구 시흥대로 63길 91,0.067693,2.0,0.6442,0.982,0.0,,,,,
Station:I4101|1704,Station,석수역,석수역,1704,37.435161,126.902233,일반역,경기도 안양시 만안구 경수대로 1431,0.065582,2.0,0.5509,0.7654,0.0,,,,,
Station:I4101|1705,Station,관악역,관악역,1705,37.419578,126.908476,일반역,경기도 안양시 만안구 경수대로 1273번길 46,0.063503,2.0,0.4687,0.5363,0.0,,,,,
Station:I4101|1706,Station,안양역,안양역,1706,37.401929,126.922647,일반역,경기도 안양시 만안구 만안로 232,0.061478,2.0,0.3988,0.3953,0.0,,,,,
Station:I4101|1707,Station,명학역,명학역,1707,37.384435,126.935579,일반역,경기도 안양시 만안구 만안로 20,0.059511,3.0,0.346,0.2757,0.0,,,,,
Station:I4101|1708,Station,금정역,금정역,1708,37.371957,126.943411,환승역,경기도 군포시 군포로 750,0.055622,3.0,0.2797,0.3386,0.0,,,,,
Station:I4103|1708,Station,금정역,금정역,1708,37.371957,126.943611,환승역,경기도 군포시 군포로 750,0.0,2.0,-0.083,-0.0414,0.0,,,,,
Station:I4101|1709,Station,군포역,군포역,1709,37.353732,126.948517,일반역,경기도 군포시 군포역1길 27,0.053688,2.0,0.2042,0.1765,0.0,,,,,
Station:I4101|1710,Station,의왕역,의왕역,1710,37.320648,126.948099,일반역,경기도 의왕시 철도박물관로 66(삼동),0.049908,2.0,0.1332,0.0404,0.0,,,,,
Station:I4101|1711,Station,성균관대역,성균관대역,1711,37.300344,126.970861,일반역,경기도 수원시 장안구 서부로 2149,0.048239,2.0,0.1161,0.1157,0.0,,,,,
Station:I4101|1712,Station,화서역,화서역,1712,37.28399,126.989581,일반역,경기도 수원시 팔달구 덕영대로 692,0.046831,2.0,0.1137,0.087,0.0,,,,,
Station:I4101|1713,Station,수원역,수원역,1713,37.266162,126.999821,환승역,경기도 수원시 팔달구 덕영대로 924,0.064552,3.0,1.344,1.1286,1.0,,,,,
Station:I4101|1714,Station,독산역,독산역,1714,37.465994,126.889508,일반역,서울시 금천구 벚꽃로 115,0.071974,2.0,0.9248,1.0714,0.0,,,,,
Station:I4101|1715,Station,세류역,세류역,1715,37.244102,127.013772,일반역,경기도 수원시 권선구 정조로 393-1,0.051817,2.0,1.0909,0.831,1.0,,,,,
Station:I4101|1716,Station,병점역,병점역,1716,37.206821,127.033268,일반역,경기도 화성시 떡전골로 97,0.049414,2.0,0.9938,0.7093,1.0,,,,,
Station:I4101|1717,Station,세마역,세마역,1717,37.187288,127.043279,일반역,경기도 오산시 세마역로 88,0.044588,2.0,0.8273,0.7543,1.0,,,,,
Station:I4101|1718,Station,오산대역,오산대역,1718,37.169401,127.063081,일반역,경기도 오산시 청학로 236,0.042165,2.0,0.7412,0.5452,1.0,,,,,
Station:I4101|1719,Station,오산역,오산역,1719,37.145472,127.066708,일반역,경기도 오산시 오산동 역광장로 59,0.039736,2.0,0.6608,0.4552,1.0,,,,,
Station:I4101|1720,Station,진위역,진위역,1720,37.109771,127.062342,일반역,경기도 평택시 경기대로 1855,0.037301,2.0,0.5844,0.36,1.0,,,,,
Station:I4101|1721,Station,송탄역,송탄역,1721,37.075376,127.054397,일반역,경기도 평택시 신장동 송탄공원로 43,0.034859,2.0,0.5148,0.273,1.0,,,,,
Station:I4101|1722,Station,서정리역,서정리역,1722,37.056459,127.052844,일반역,경기도 평택시 탄현로 51,0.032411,2.0,0.4474,0.2934,1.0,,,,,
Station:I4101|1723,Station,평택지제역,평택지제역,1723,37.018822,127.070269,일반역,경기도 평택시 경기대로 777,0.029956,2.0,0.3804,0.3401,1.0,,,,,
Station:I4101|1724,Station,평택역,평택역,1724,36.990559,127.085496,일반역,경기도 평택시 평택로 51,0.027495,2.0,0.3182,0.1877,1.0,,,,,
Station:I4101|1725,Station,성환역,성환역,1725,36.915781,127.127007,일반역,충남 천안시 서북구 성환읍 성환1로 237-5(성환리 449-128),0.025028,2.0,0.26,0.0318,1.0,,,,,
Station:I4101|1726,Station,직산역,직산역,1726,36.870921,127.143774,일반역,충남 천안시 서북구 직산읍 천안대로 1471-33,0.022554,2.0,0.211,-0.0112,1.0,,,,,
Station:I4101|1727,Station,두정역,두정역,1727,36.833791,127.148905,일반역,충남 천안시 서북구 두정로 289(두정동 84-1),0.020073,2.0,0.1657,-0.0864,1.0,,,,,
Station:I4401|1728,Station,천안역,천안역,1728,36.810238,127.146417,일반역,충남 천안시 동남구 대흥로 239(대흥동 57-1),0.017587,2.0,0.1251,-0.0793,1.0,,,,,
Station:I4101|1729,Station,당정역,당정역,1729,37.34338,126.948388,일반역,경기도 군포시 당정역로 91,0.051766,2.0,0.1649,0.0116,0.0,,,,,
Station:I4101|1749,Station,서동탄역,서동탄역,1749,37.195675,127.051893,일반역,경기도 오산시 외삼미로 15번길 75-60,0.047004,2.0,0.911,0.8468,1.0,,,,,
Station:I4101|1750,Station,광명역,광명역,1750,37.415995,126.884523,일반역,경기도 광명시 광명역로 21,0.06983,2.0,0.7497,1.0598,0.0,,,,,
Station:I4103|1751,Station,산본역,산본역,1751,37.358019,126.932969,일반역,경기도 군포시 번영로 504,0.020073,2.0,0.4413,0.3839,1.0,,,,,
Station:I4103|1752,Station,대야미역,대야미역,1752,37.328304,126.917161,일반역,경기도 군포시 대야1로 28,0.025028,2.0,0.6144,0.4917,1.0,,,,,
Station:I4103|1753,Station,반월역,반월역,1753,37.312244,126.903684,일반역,경기도 안산시 상록구 건건로 119-10,0.027495,2.0,0.7075,0.6798,1.0,,,,,
Station:I4103|1754,Station,상록수역,상록수역,1754,37.302845,126.866533,일반역,경기도 안산시 상록구 상록수로 61,0.029956,3.0,0.8181,0.8905,1.0,,,,,
Station:I28K1|1755,Station,한대앞역,한대앞역,1755,37.309985,126.853506,환승역,경기도 안산시 상록구 충장로 337,0.0,2.0,-0.0923,-0.0466,0.0,,,,,
Station:I4103|1755,Station,한대앞역,한대앞역,1755,37.309685,126.853656,환승역,경기도 안산시 상록구 충장로 337,0.034859,3.0,1.0731,1.307,1.0,,,,,
Station:I28K1|1756,Station,중앙역,중앙역,1756,37.316055,126.838532,환승역,경기도 안산시 단원구 중앙대로 918,0.039784,3.0,1.3149,1.3012,1.0,,,,,
Station:I4103|1756,Station,중앙역,중앙역,1756,37.316055,126.838532,환승역,경기도 안산시 단원구 중앙대로 918,0.0,1.0,-0.0842,0.0,0.0,,,,,
Station:I28K1|1757,Station,고잔역,고잔역,1757,37.316821,126.823094,환승역,경기도 안산시 단원구 중앙대로 784 ,0.044642,4.0,1.548,1.4147,1.0,,,,,
Station:I4103|1757,Station,고잔역,고잔역,1757,37.316821,126.823094,환승역,경기도 안산시 단원구 중앙대로 784,0.0,1.0,-0.0763,-0.0,0.0,,,,,
Station:I28K1|1758,Station,초지역,초지역,1758,37.320583,126.806151,환승역,경기도 안산시 단원구 중앙대로 620,0.075683,5.0,2.8123,2.4859,1.0,,,,,
Station:I4103|1758,Station,초지역,초지역,1758,37.320583,126.806151,환승역,경기도 안산시 단원구 중앙대로 620,0.0,2.0,-0.0406,0.0,0.0,,,,,
Station:I28K1|1759,Station,안산역,안산역,1759,37.327006,126.788748,환승역,경기도 안산시 단원구 중앙대로 462,0.017606,3.0,0.6945,0.1592,1.0,,,,,
Station:I4103|1759,Station,안산역,안산역,1759,37.327006,126.788748,환승역,경기도 안산시 단원구 중앙대로 462,0.0,1.0,-0.0837,-0.0,0.0,,,,,
Station:I28K1|1760,Station,능길역,능길역,1760,37.337488,126.767306,환승역,경기도 안산시 단원구 황고개로 2,0.012607,3.0,0.4468,0.2494,1.0,,,,,
Station:I4103|1760,Station,능길역,능길역,1760,37.337488,126.767306,환승역,경기도 안산시 단원구 황고개로 2,0.0,1.0,-0.0962,-0.0,0.0,,,,,
Station:I28K1|1761,Station,정왕역,정왕역,1761,37.351816,126.742844,환승역,경기도 시흥시 마유로 418길 15,0.007582,3.0,0.222,-0.0615,1.0,,,,,
Station:I4103|1761,Station,정왕역,정왕역,1761,37.351816,126.742844,환승역,경기도 시흥시 마유로 418길 15,0.0,1.0,-0.1054,-0.0,0.0,,,,,
Station:I28K1|1762,Station,오이도역,오이도역,1762,37.361773,126.738437,환승역,경기도 시흥시 역전로 430,0.002532,2.0,0.0018,-0.1892,1.0,,,,,
Station:I4103|1762,Station,오이도역,오이도역,1762,37.361773,126.738437,환승역,경기도 시흥시 역전로 430,0.0,1.0,-0.1111,0.0,0.0,,,,,
Station:I4103|1763,Station,수리산역,수리산역,1763,37.350297,126.925537,일반역,경기도 군포시 번영로 385,0.022554,2.0,0.5274,0.3051,1.0,,,,,
Station:I1101|1801,Station,개봉역,개봉역,1801,37.494698,126.858504,일반역,서울시 구로구 경인로 40길 47,0.002532,2.0,0.1515,0.118,1.0,,,,,
Station:I1101|1802,Station,오류동역,오류동역,1802,37.4944,126.844551,일반역,서울시 구로구 경인로 20길 13,0.005057,2.0,0.3666,0.5872,1.0,,,,,
Station:I1101|1803,Station,역곡역,역곡역,1803,37.48514,126.811622,일반역,경기도 부천시 원미구 역곡로 1(역곡동),0.205025,2.0,1.3122,1.3553,0.0,,,,,
Station:I1101|1804,Station,부천역,부천역,1804,37.484066,126.782779,일반역,경기도 부천시 소사구 부천로 1,0.141069,3.0,0.6553,0.7313,0.0,,,,,
Station:I1101|1805,Station,송내역,송내역,1805,37.487626,126.753045,일반역,경기도 부천시 소사구 송내대로 43,0.137389,2.0,0.586,0.6157,0.0,,,,,
Station:I1101|1806,Station,부평역,부평역,1806,37.489457,126.724584,환승역,인천시 부평구 광장로 16,0.134883,3.0,0.7687,0.9174,0.0,,,,,
Station:I1101|1807,Station,백운역,백운역,1807,37.483301,126.707179,일반역,인천시 부평구 마장로 55번길 14,0.030835,2.0,0.06,0.1054,0.0,,,,,
Station:I1101|1808,Station,동암역,동암역,1808,37.470835,126.703016,일반역,인천시 부평구 동암광장로 10,0.028618,2.0,0.0207,0.0054,0.0,,,,,
Station:I1101|1809,Station,주안역,주안역,1809,37.465041,126.680702,환승역,인천시 남구 주안로 95-19,0.02618,3.0,0.3709,0.6374,0.0,,,,,
Station:I1101|1810,Station,제물포역,제물포역,1810,37.466809,126.657165,일반역,인천시 남구 경인로 129,0.014779,2.0,0.1331,0.1738,0.0,,,,,
Station:I1101|1811,Station,동인천역,동인천역,1811,37.475414,126.632598,일반역,인천시 중구 참외전로 119,0.00988,2.0,0.0273,-0.0969,0.0,,,,,
Station:I1101|1812,Station,인천역,인천역,1812,37.476364,126.616936,환승역,인천시 중구 제물량로 269,0.0,1.0,-0.0675,-0.0,0.0,,,,,
Station:I1101|1813,Station,구일역,구일역,1813,37.495973,126.869201,일반역,서울시 구로구 구일로 133,0.0,1.0,-0.0585,-0.0604,0.0,,,,,
Station:I1101|1815,Station,부개역,부개역,1815,37.488479,126.740549,일반역,인천시 부평구 수변로 22,0.135554,2.0,0.5968,0.6661,0.0,,,,,
Station:I1101|1816,Station,간석역,간석역,1816,37.464689,126.693408,일반역,인천시 남동구 석정로 522-14,0.026606,2.0,0.0223,0.0508,0.0,,,,,
Station:I1101|1817,Station,도원역,도원역,1817,37.468604,126.642824,일반역,인천시 동구 참외전로 245,0.012296,2.0,0.0729,0.0273,0.0,,,,,
Station:I1101|1821,Station,온수역,온수역,1821,37.492267,126.823399,환승역,서울시 구로구 부일로 872,0.211927,3.0,1.8493,2.1903,1.0,,,,,
Station:I1101|1822,Station,중동역,중동역,1822,37.486664,126.764474,일반역,경기도 부천시 소사구 중동로 73,0.139228,2.0,0.6048,0.6493,0.0,,,,,
Station:I1101|1823,Station,도화역,도화역,1823,37.466154,126.66846,일반역,인천시 남구 숙골로 24번길 9,0.017259,2.0,0.2043,0.3662,0.0,,,,,
Station:I4105|1846,Station,수원역(분당),수원역(분당),1846,37.266162,127.000082,환승역,경기도 수원시 팔달구 덕영대로 944,0.02832,2.0,0.1362,0.1663,0.0,,,,,
Station:I4105|1847,Station,서울숲역,서울숲역,1847,37.543647,127.044686,일반역,서울시 성동구 왕십리로 지하 77,0.0,1.0,0.0064,-0.0,0.0,,,,,
Station:I4105|1848,Station,압구정로데오역,압구정로데오역,1848,37.527385,127.040555,일반역,서울시 강남구 압구정동 495(강남구 압구정로 지하 402),0.002532,2.0,0.3182,-0.0,1.0,,,,,
Station:I4105|1849,Station,강남구청역,강남구청역,1849,37.516572,127.041575,환승역,서울시 강남구 학동로 지하 364,0.036059,3.0,0.7115,0.4576,0.0,,,,,
Station:I4105|1850,Station,선정릉역,선정릉역,1850,37.510775,127.043717,환승역,서울시 강남구 선릉로 지하 580(삼성동),0.03474,3.0,0.5305,0.246,0.0,,,,,
Station:I4105|1851,Station,가천대역,가천대역,1851,37.448784,127.126677,일반역,경기도 성남시 수정구 성남대로 1332,0.05963,2.0,0.2076,0.1784,0.0,,,,,
Station:I4105|1852,Station,태평역,태평역,1852,37.439842,127.127746,일반역,경기도 성남시 수정구 성남대로 지하 1229번지,0.057695,3.0,0.19,0.118,0.0,,,,,
Station:I4105|1853,Station,모란역,모란역,1853,37.432124,127.129064,환승역,경기도 성남시 중원구 성남대로 지하 1147(성남동 1575),0.0,2.0,-0.0044,0.005,0.0,,,,,
Station:I4105|1854,Station,야탑역,야탑역,1854,37.41132,127.128661,일반역,경기도 성남시 성남대로 지하 903(야탑동 688-1),0.05217,2.0,0.3097,0.2297,0.0,,,,,
Station:I4105|1855,Station,서현역,서현역,1855,37.384931,127.123249,일반역,경기도 성남시 분당구 성남대로 지하 601,0.04435,3.0,0.0097,-0.0654,0.0,,,,,
Station:I4105|1856,Station,수내역,수내역,1856,37.378435,127.114216,일반역,경기도 성남시 분당구 성남대로 지하 491(수내동),0.042278,3.0,-0.0099,-0.0912,0.0,,,,,
Station:I4105|1857,Station,정자역,정자역,1857,37.366037,127.108091,환승역,경기도 성남시 분당구 성남대로 지하 333(정자동),0.0,2.0,-0.0388,-0.0137,0.0,,,,,
Station:I4105|1858,Station,미금역,미금역,1858,37.350078,127.108952,환승역,경기도 성남시 수정구 성남대로 지하 156,0.0,2.0,-0.0457,-0.0163,0.0,,,,,
Station:I4105|1859,Station,오리역,오리역,1859,37.339832,127.108985,일반역,경기도 성남시 분당구 성남대로 지하 55(구미동 795),0.076934,3.0,0.889,0.5791,0.0,,,,,
Station:I4105|1860,Station,이매역,이매역,1860,37.395846,127.128272,환승역,경기도 성남시 성남대로 지하 738,0.052783,3.0,0.346,0.2443,0.0,,,,,
Station:I4105|1861,Station,보정역,보정역,1861,37.31274,127.108219,일반역,경기도 용인시 기흥구 용구대로 2560  _x000D_,0.07266,2.0,0.7643,0.4692,0.0,,,,,
Station:I4105|1862,Station,죽전역,죽전역,1862,37.324575,127.107385,일반역,경기도 용인시 수지구 포은대로 530(죽전동 1014),0.074797,2.0,0.8184,0.5003,0.0,,,,,
Station:I4105|1863,Station,구성역,구성역,1863,37.299013,127.105664,환승역,경기도 용인시 기흥구 용구대로 2403,0.07052,2.0,0.7185,0.4006,0.0,,,,,
Station:I4105|1864,Station,신갈역,신갈역,1864,37.286127,127.111311,일반역,경기도 용인시 기흥구 기흥로 136,0.068374,2.0,0.6865,0.3468,0.0,,,,,
Station:I4105|1865,Station,기흥역,기흥역,1865,37.275657,127.115944,환승역,경기도 용인시 중부대로 460,0.06839,3.0,1.7253,0.7519,1.0,,,,,
Station:I4105|1866,Station,상갈역,상갈역,1866,37.261797,127.108718,일반역,경기도 용인시 기흥구 금화로 지하 40,0.031445,2.0,0.203,0.0631,0.0,,,,,
Station:I4105|1867,Station,청명역,청명역,1867,37.259485,127.078945,일반역,경기도 수원시 영통구 봉영로 지하 1670,0.03012,2.0,0.1679,0.0238,0.0,,,,,
Station:I4105|1868,Station,영통역,영통역,1868,37.251521,127.071341,일반역,경기도 수원시 영통구 봉영로 지하 1560,0.028913,2.0,0.1459,-0.0061,0.0,,,,,
Station:I4105|1869,Station,망포역,망포역,1869,37.245793,127.057367,일반역,경기도 수원시 영통구 봉영로 지하 1520,0.028185,2.0,0.1245,0.0707,0.0,,,,,
Station:I4105|1870,Station,매탄권선역,매탄권선역,1870,37.252458,127.040824,일반역,경기도 수원시 영통구 권선로 841,0.027967,2.0,0.1119,0.1663,0.0,,,,,
Station:I4105|1871,Station,수원시청역,수원시청역,1871,37.261941,127.030736,일반역,경기도 수원시 권선구 효원로 270,0.027896,2.0,0.1067,0.1663,0.0,,,,,
Station:I4105|1872,Station,매교역,매교역,1872,37.265502,127.015657,일반역,경기도 수원시 팔달구 효원로 126,0.027948,2.0,0.106,0.1663,0.0,,,,,
Station:I28K1|1873,Station,고색역,고색역,1873,37.249829,126.9805899,일반역,경기도 수원시 권선구 매송고색로 지하690(고색동),0.0,1.0,-0.1812,-0.0599,0.0,,,,,
Station:I28K1|1874,Station,오목천역,오목천역,1874,37.243011,126.9636354,일반역,경기도 수원시 권선구 삼천병마로 1576(오목천동),0.002532,2.0,-0.1107,-0.0983,1.0,,,,,
Station:I28K1|1875,Station,어천역,어천역,1875,37.250076,126.908805,일반역,경기도 화성시 매송면 화성로 2227-5(어천리),0.005057,2.0,-0.0376,-0.052,1.0,,,,,
Station:I28K1|1876,Station,야목역,야목역,1876,37.261211,126.884029,일반역,경기도 화성시 매송면 본오매송로 286(야목리),0.007576,2.0,0.0387,-0.0042,1.0,,,,,
Station:I28K1|1877,Station,사리역,사리역,1877,37.290809,126.857172,일반역,경기도 안산시 상록구 충장로 103(사동),0.010088,2.0,0.1193,0.1023,1.0,,,,,
Station:I28K1|1878,Station,달월역,달월역,1878,37.379993,126.745431,일반역,경기도 시흥시 서해안로 736번길 55(월곶동),0.012594,2.0,0.2433,0.1197,1.0,,,,,
Station:I28K1|1879,Station,월곶역,월곶역,1879,37.39189,126.742741,일반역,경기도 시흥시 월곶중앙로 14번길 56,0.015094,2.0,0.3759,0.1774,1.0,,,,,
Station:I28K1|1880,Station,소래포구역,소래포구역,1880,37.400963,126.733533,일반역,인천시 남동구 소래역로 51,0.017587,2.0,0.5116,0.2952,1.0,,,,,
Station:I28K1|1881,Station,인천논현역,인천논현역,1881,37.400641,126.722495,일반역,인천시 남동구 청능대로 567,0.020073,2.0,0.6478,0.2952,1.0,,,,,
Station:I28K1|1882,Station,호구포역,호구포역,1882,37.401622,126.708682,일반역,인천시 남동구 호구포로 205,0.022554,2.0,0.7895,0.2952,1.0,,,,,
Station:I28K1|1883,Station,남동인더스파크역,남동인더스파크역,1883,37.407668,126.695613,일반역,인천시 남동구 은청로 17,0.025028,2.0,0.9471,0.2952,1.0,,,,,
Station:I28K1|1884,Station,원인재역,원인재역,1884,37.412921,126.686952,환승역,인천시 연수구 벚꽃로 195,0.0,2.0,-0.0339,-0.0206,0.0,,,,,
Station:I28K1|1885,Station,연수역,연수역,1885,37.417769,126.678991,일반역,인천시 연수구 벚꽃로 115,0.005269,3.0,-0.0192,-0.0404,0.0,,,,,
Station:I28K1|1886,Station,송도역,송도역,1886,37.429714,126.654486,일반역,인천시 연수구 비류대로 175(옥련동),0.002788,2.0,-0.0799,-0.0888,0.0,,,,,
Station:I28K1|1888,Station,인하대역,인하대역,1888,37.448191,126.649832,일반역,인천시 남구 용현동 294-3,0.00043,2.0,-0.0955,-0.0998,0.0,,,,,
Station:I28K1|1889,Station,숭의역,숭의역,1889,37.460891,126.638035,일반역,인천시 남구 인주대로 지하6,0.000481,2.0,-0.0884,-0.0908,0.0,,,,,
Station:I28K1|1890,Station,신포역,신포역,1890,37.468442,126.624509,일반역,인천시 중구 우현로 지하 3,0.002827,2.0,-0.064,-0.0139,0.0,,,,,
Station:I28K1|1891,Station,인천역,인천역,1891,37.476364,126.6174236,환승역,인천시 중구 제물량로 269,0.007621,3.0,0.1397,-0.0491,1.0,,,,,
Station:I4102|1901,Station,방학역,방학역,1901,37.667471,127.044295,일반역,서울시 도봉구 도봉로 150다길 3,0.060403,2.0,0.1116,0.2213,0.0,,,,,
Station:I4102|1902,Station,도봉역,도봉역,1902,37.679441,127.045521,일반역,서울시 도봉구 도봉로 170길 2,0.0581,2.0,0.0851,0.158,0.0,,,,,
Station:I4102|1903,Station,도봉산역,도봉산역,1903,37.689603,127.046047,환승역,서울시 도봉구 도봉로 964-33,0.025336,3.0,0.2284,0.0867,1.0,,,,,
Station:I4102|1904,Station,망월사역,망월사역,1904,37.710499,127.047361,일반역,경기도 의정부시 평화로 221,0.073158,2.0,3.3981,4.5351,1.0,,,,,
Station:I4102|1905,Station,회룡역,회룡역,1905,37.724037,127.047319,환승역,경기도 의정부시 평화로 363,0.070812,3.0,3.307,4.4836,1.0,,,,,
Station:I4102|1906,Station,의정부역,의정부역,1906,37.73873,127.045891,일반역,경기도 의정부시 평화로 525,0.032411,3.0,1.222,1.2124,1.0,,,,,
Station:I4102|1907,Station,가능역,가능역,1907,37.748362,127.044251,일반역,경기도 의정부시 평화로 633,0.029956,2.0,1.0611,0.9225,1.0,,,,,
Station:I4102|1908,Station,녹양역,녹양역,1908,37.759416,127.042272,일반역,경기도 의정부시 평화로 757(녹양동 973),0.027495,2.0,0.9074,0.6188,1.0,,,,,
Station:I4102|1909,Station,양주역,양주역,1909,37.774281,127.044719,일반역,경기도 양주시 평화로 919(남방동 94-1),0.025028,2.0,0.759,0.4995,1.0,,,,,
Station:I4102|1910,Station,덕계역,덕계역,1910,37.818761,127.056676,일반역,경기도 양주시 고덕로 139번길 317,0.022554,2.0,0.6218,0.4151,1.0,,,,,
Station:I4102|1911,Station,덕정역,덕정역,1911,37.843216,127.061511,일반역,경기도 양주시 화합로 1356,0.020073,2.0,0.5099,0.2257,1.0,,,,,
Station:I4102|1912,Station,지행역,지행역,1912,37.892361,127.055734,일반역,경기도 동두천시 평화로 2285(지행동),0.017587,2.0,0.4133,0.1859,1.0,,,,,
Station:I4102|1913,Station,동두천중앙역,동두천중앙역,1913,37.901818,127.056528,일반역,경기도 동두천시 동두천로 228(생연동 682),0.015094,2.0,0.3272,0.2052,1.0,,,,,
Station:I4102|1914,Station,보산역,보산역,1914,37.914268,127.057134,일반역,경기도 동두천시 평화로 2539(보산동),0.012594,2.0,0.2351,0.0781,1.0,,,,,
Station:I4102|1915,Station,동두천역,동두천역,1915,37.927569,127.054825,일반역,경기도 동두천시 평화로 2687(동두천동 245-210),0.010088,2.0,0.1424,-0.0317,1.0,,,,,
Station:I4102|1916,Station,소요산역,소요산역,1916,37.948608,127.061007,일반역,경기도 동두천시 평화로 2925(상봉암동 126),0.007576,2.0,0.0502,-0.0218,1.0,,,,,
Station:I4102|1917,Station,청산역,청산역,1917,37.995138,127.074097,일반역,경기도 연천군 청산면 초성리 170-1,0.005057,2.0,-0.0364,-0.0299,1.0,,,,,
Station:I4102|1918,Station,전곡역,전곡역,1918,38.024041,127.071913,일반역,경기도 연천군 전곡읍 전곡역로 75(전곡리),0.002532,2.0,-0.1137,-0.0607,1.0,,,,,
Station:I4102|1919,Station,연천역,연천역,1919,38.100485,127.07368,일반역,경기도 연천군 연천읍 연천로 273-7(차탄리),0.0,1.0,-0.1887,-0.0386,0.0,,,,,
Station:I4106|1948,Station,원흥역,원흥역,1948,37.650709,126.873239,일반역,"경기도 고양시 덕양구 권율대로 681 (원흥동, 원흥역) 원흥역",0.004714,2.0,-0.0143,-0.0406,0.0,,,,,
Station:I4106|1949,Station,지축역,지축역,1949,37.648114,126.913746,일반역,경기도 고양시 덕양구 삼송로 300(지축동),0.0,2.0,-0.0084,0.0009,0.0,,,,,
Station:I4106|1950,Station,삼송역,삼송역,1950,37.653096,126.895559,일반역,경기도 고양시 덕양구 삼송로 194,0.007043,2.0,0.053,0.1585,0.0,,,,,
Station:I4106|1951,Station,원당역,원당역,1951,37.653103,126.842891,일반역,경기도 고양시 덕양구 덕양대로 1429(성사1동 4100-7),0.002384,2.0,-0.0499,-0.1376,0.0,,,,,
Station:I4106|1952,Station,화정역,화정역,1952,37.634708,126.832503,일반역,경기도 고양시 덕양구 화정로 60 화정역,0.001595,2.0,-0.048,-0.059,0.0,,,,,
Station:I4108|1953,Station,대곡역,대곡역,1953,37.631629,126.810225,환승역,경기도 고양시 덕양구 대주로 107번길 71-81(대장동 420-1),0.0,2.0,-0.0195,-0.0,0.0,,,,,
Station:I41WS|1953,Station,대곡역,대곡역,1953,37.631629,126.809802,환승역,경기도 고양시 덕양구 대주로 107번길 71-81(대장동 420-1),0.019814,3.0,0.156,0.1581,0.0,,,,,
Station:I4106|1953,Station,대곡역,대곡역,1953,37.631629,126.811025,환승역,경기도 고양시 덕양구 대주로 107번길 71-81(대장동 420-1),0.015427,4.0,0.6958,1.2628,1.0,,,,,
Station:I4106|1954,Station,백석역,백석역,1954,37.642973,126.788109,일반역,경기도 고양시 일산동구 중앙로 1042,0.010088,2.0,0.4365,0.9306,1.0,,,,,
Station:I4106|1955,Station,마두역,마두역,1955,37.652185,126.777641,일반역,경기도 고양시 일산동구 중앙로 지하 1180(마두동),0.007576,2.0,0.2954,0.5435,1.0,,,,,
Station:I4106|1956,Station,정발산역,정발산역,1956,37.659709,126.773254,일반역,경기도 고양시 일산동구 마두 1동 1123(일산동구 중앙로 1270),0.005057,2.0,0.1555,0.236,1.0,,,,,
Station:I4106|1957,Station,주엽역,주엽역,1957,37.670138,126.761232,일반역,경기도 고양시 일산서구 중앙로 1432(주엽동 166-7),0.002532,2.0,0.0142,-0.1064,1.0,,,,,
Station:I4106|1958,Station,대화역,대화역,1958,37.675883,126.747756,일반역,경기도 고양시 일산서구 중앙로 1569(대화동 2221),0.0,1.0,-0.1219,-0.1372,0.0,,,,,
Station:I41WS|1980,Station,김포공항역,김포공항역,1980,37.5621179,126.804056,환승역,서울특별시 강서구 하늘길 지하 77,0.153497,9.0,2.014,1.9522,1.0,,,,,
Station:I41WS|1981,Station,원종역,원종역,1981,37.5240628,126.8048386,일반역,경기도 부천시 원종동 404,0.051271,2.0,0.2578,0.3028,0.0,,,,,
Station:I41WS|1982,Station,부천종합운동장역,부천종합운동장역,1982,37.505852,126.797498,환승역,경기도 부천시 길주로 지하 502,0.059463,5.0,0.6866,0.6103,1.0,,,,,
Station:I1101|4804,Station,소사역,소사역,4804,37.482755,126.795654,환승역,경기도 부천시 소사구 경인로 363,0.237291,5.0,5.0828,4.0782,1.0,,,,,
Station:I41WS|4804,Station,소사역,소사역,4804,37.482755,126.7950654,환승역,경기도 부천시 소사구 경인로 363,0.142927,2.0,0.0577,0.0575,0.0,,,,,
Station:I41WS|4805,Station,소새울역,소새울역,4805,37.4685046,126.797228,일반역,경기도 부천시 소사로 지하 284,0.093979,2.0,3.7047,2.6799,1.0,,,,,
Station:I41WS|4806,Station,시흥대야역,시흥대야역,4806,37.4504787,126.793142,일반역,경기도 부천시 소사로 지하 120,0.091691,2.0,3.5182,2.6799,1.0,,,,,
Station:I41WS|4807,Station,신천역,신천역,4807,37.4391147,126.786835,일반역,경기도 시흥시 서해안로 지하 1670,0.089397,2.0,3.352,2.6799,1.0,,,,,
Station:I41WS|4808,Station,신현역,신현역,4808,37.4091399,126.78788,일반역,경기도 시승시 신현로 12번길 지하 2-10,0.087096,2.0,3.1968,2.6799,1.0,,,,,
Station:I41WS|4809,Station,시흥시청역,시흥시청역,4809,37.3814109,126.805946,일반역,경기도 시흥시 시흥대로 지하 467,0.084789,2.0,3.0725,2.6799,1.0,,,,,
Station:I41WS|4810,Station,시흥능곡역,시흥능곡역,4810,37.3699903,126.808594,일반역,경기도 시흥시 시흥대로 지하 327,0.082476,2.0,2.9632,2.6799,1.0,,,,,
Station:I41WS|4811,Station,달미역,달미역,4811,37.3490003,126.809318,일반역,경기도 안산시 단원구 순환로 지하 160,0.080156,2.0,2.8614,2.5512,1.0,,,,,
Station:I41WS|4812,Station,선부역,선부역,4812,37.33459,126.81,일반역,경기도 안산시 단원구 선부광장로 34,0.07783,2.0,2.7761,2.5021,1.0,,,,,
Station:I41WS|4813,Station,초지역,초지역,4813,37.320083,126.808051,환승역,경기도 안산시 단원구 중앙대로 620,0.020134,4.0,0.8469,0.2002,1.0,,,,,
Station:I41WS|4814,Station,시우역,시우역,4814,37.3130967,126.795503,일반역,경기도 안산시 단원구 동산로 지하 50,0.002532,2.0,0.0243,0.0007,1.0,,,,,
Station:I41WS|4815,Station,원시역,원시역,4815,37.302654,126.7867897,일반역,경기도 안산시 단원구 선단로 지하 70,0.0,1.0,-0.1205,-0.0752,0.0,,,,,
Station:I27K7|7001,Station,구미역,구미역,7001,36.128278,128.331071,일반역,경북 구미시 구미중앙로 76,,,,,,,,,,
Station:I27K7|7002,Station,사곡역,사곡역,7002,36.098508,128.356416,일반역,경북 구미시 상사서로 173-16,,,,,,,,,,
Station:I27K7|7003,Station,북삼역,북삼역,7003,36.0560326479866,128.345278,일반역,경북 칠곡군 북삼읍 율리 847,,,,,,,,,,
Station:I27K7|7004,Station,왜관역,왜관역,7004,35.991821,128.400391,일반역,경북 칠곡군 왜관읍 중앙로8길 10,,,,,,,,,,
Station:I27K7|7005,Station,서대구역,서대구역,7005,35.881734,128.540121,일반역,대구 서구 와룡로 527,,,,,,,,,,
Station:I27K7|7006,Station,대구역,대구역,7006,35.876,128.5961,환승역,대구 북구 태평로 161,,,,,,,,,,
Station:I27K7|7007,Station,동대구역,동대구역,7007,35.879376,128.628807,환승역,대구 동구 동대구로 550,,,,,,,,,,
Station:I27K7|7008,Station,경산역,경산역,7008,35.8192,128.7276,일반역,경북 경산시 중앙로1,,,,,,,,,,
Station:I26K6|8001,Station,부전역,부전역,8001,35.164668,129.06011,일반역,부산광역시 부산진구 부전로 181,,,,,,,,,,
Station:I26K6|8002,Station,거제해맞이역,거제해맞이역,8002,35.181197,129.069015,일반역,부산광역시 연제구 거제동 619-1,,,,,,,,,,
Station:I26K6|8003,Station,거제역,거제역,8003,35.18958,129.074385,환승역,부산광역시 연제구 거제동 419-2,,,,,,,,,,
Station:I26K6|8004,Station,교대역,교대역,8004,35.1938,129.07958,환승역,부산시 연제구 중앙대로 1196,,,,,,,,,,
Station:I26K6|8005,Station,동래역,동래역,8005,35.204714,129.0773502,일반역,부산광역시 동래구 낙민동 130-4,,,,,,,,,,
Station:I26K6|8006,Station,안락역,안락역,8006,35.196007,129.101062,일반역,부산광역시 동래구 안락동 201-2,,,,,,,,,,
Station:I26K6|8007,Station,재송역,재송역,8007,35.188,129.120109,일반역,부산시 해운대구 해운대로 100,,,,,,,,,,
Station:I26K6|8008,Station,센텀역,센텀역,8008,35.1793,129.1245,일반역,부산시 해운대구 해운대로 210,,,,,,,,,,
Station:I26K6|8009,Station,벡스코역,벡스코역,8009,35.1717,129.135958,환승역,부산광역시 해운대구 우동 1111-2,,,,,,,,,,
Station:I26K6|8010,Station,신해운대역,신해운대역,8010,35.181832,129.176696,일반역,부산시 해운대구 장산로 427,,,,,,,,,,
Station:I26K6|8011,Station,송정역,송정역,8011,35.187832,129.202069,일반역,부산시 해운대구 해운대로 1147,,,,,,,,,,
Station:I26K6|8012,Station,오시리아역,오시리아역,8012,35.196256,129.208291,일반역,부산광역시 기장군 기장읍 당사리 261-8,,,,,,,,,,
Station:I26K6|8013,Station,기장역,기장역,8013,35.244627,129.2188951,일반역,부산시 기장군 기장읍 차성로288번길 86,,,,,,,,,,
Station:I26K6|8014,Station,일광역,일광역,8014,35.2675565,129.2330307,일반역,부산광역시 기장군 일광면 이천리 750-4,,,,,,,,,,
Station:I26K6|8015,Station,부산원동역,부산원동역,8015,35.1938,129.113709,일반역,부산시 동래구 안락동 52-2,,,,,,,,,,
Station:I26K6|8016,Station,좌천역,좌천역,8016,35.311838,129.245197,일반역,부산시 기장군 장안읍 좌천리 239-4,,,,,,,,,,
Station:I26K6|8017,Station,월내역,월내역,8017,35.328177,129.276626,일반역,부산시 기장군 장안읍 월내리 141-4,,,,,,,,,,
Station:I26K6|8018,Station,서생역,서생역,8018,35.346121,129.29304,일반역,울산시 울주군 서생면 화산리 1228-5,,,,,,,,,,
Station:I26K6|8019,Station,남창역,남창역,8019,35.419713,129.28223,일반역,울산시 울주군 온양읍 남창리 42-36,,,,,,,,,,
Station:I26K6|8020,Station,망양역,망양역,8020,35.456519,129.287856,일반역,울산시 울주군 온양읍 망양리 484-1,,,,,,,,,,
Station:I26K6|8021,Station,덕하역,덕하역,8021,35.494007,129.303094,일반역,울산시 울주군 청량읍 상남리 533-15,,,,,,,,,,
Station:I26K6|8022,Station,개운포역,개운포역,8022,35.507884,129.321097,일반역,울산시 남구 상개리 97-1,,,,,,,,,,
Station:I26K6|8023,Station,태화강역,태화강역,8023,35.538669,129.353269,일반역,울산광역시 남구 산업로 654,,,,,,,,,,
Line:I1101,Line,경인선,,,,,,,,,,,,I1101,20.0,,27000.0,1974-08-15
Line:I1103,Line,3호선,,,,,,,,,,,,I1103,34.0,,,
Line:I1104,Line,4호선,,,,,,,,,,,,I1104,26.0,,,
Line:I11D1,Line,신분당선,,,,,,,,,,,,I11D1,16.0,,33500.0,22.05.28
Line:I26K6,Line,동해선,,,,,,,,,,,,I26K6,23.0,,63800.0,2016-12-30
Line:I27K7,Line,대경선,,,,,,,,,,,,I27K7,8.0,,61900.0,2024-12-14
Line:I28A1,Line,인천국제공항선,,,,,,,,,,,,I28A1,14.0,,63800.0,2007-03-23
Line:I28K1,Line,수인선,,,,,,,,,,,,I28K1,26.0,,38800.0,2012-06-30
Line:I4101,Line,경부선,,,,,,,,,,,,I4101,47.0,1호선,122900.0,1974-08-15
Line:I4102,Line,경원선,,,,,,,,,,,,I4102,35.0,,60600.0,1974-08-15
Line:I4103,Line,안산과천선,,,,,,,,,,,,I4103,22.0,,,
Line:I4104,Line,진접선,,,,,,,,,,,,I4104,3.0,,14892.0,2022-03-19
Line:I4105,Line,분당선,,,,,,,,,,,,I4105,36.0,,52900.0,1994-09-01
Line:I4106,Line,일산선,,,,,,,,,,,,I4106,11.0,,19200.0,1996-01-30
Line:I4108,Line,경의중앙선,,,,,,,,,,,,I4108,51.0,,,
Line:I41K2,Line,경춘선,,,,,,,,,,,,I41K2,20.0,,80700.0,2010-12-21
Line:I41K5,Line,경강선,,,,,,,,,,,,I41K5,12.0,,57000.0,2016-09-24
Line:I41WS,Line,서해선,,,,,,,,,,,,I41WS,21.0,,40300.0,2021-05-01
Line:I4401,Line,장항선,,,,,,,,,,,,I4401,8.0,경부선,,
Line:L11SL,Line,수도권 경량도시철도 신림선,,,,,,,,,,,,L11SL,11.0,,7760.0,2022-05-28
Line:L11UI,Line,우이신설선,,,,,,,,,,,,L11UI,13.0,,,
Line:L2604,Line,부산 경량도시철도 4호선,,,,,,,,,,,,L2604,14.0,,12000.0,2011-03-30
Line:L41E1,Line,에버라인,,,,,,,,,,,,L41E1,15.0,,,
Line:L41G1,Line,김포도시철도,,,,,,,,,,,,L41G1,10.0,,23670.0,2019-09-28
Line:L41U1,Line,의정부,,,,,,,,,,,,L41U1,15.0,,,2012-07-01
Line:L48B1,Line,부산김해경전철,,,,,,,,,,,,L48B1,21.0,,22361.0,2011-09-16
Line:S1102,Line,2호선,,,,,,,,,,,,S1102,43.0,,,
Line:S1105,Line,5호선,,,,,,,,,,,,S1105,56.0,,,
Line:S1106,Line,6호선,,,,,,,,,,,,S1106,39.0,,,
Line:S1107,Line,7호선,,,,,,,,,,,,S1107,53.0,도시철도 7호선,,
Line:S1108,Line,8호선,,,,,,,,,,,,S1108,22.0,,,
Line:S1109,Line,서울 도시철도 9호선,,,,,,,,,,,,S1109,38.0,수도권  도시철도 9호선,40700.0,"4101~4104,"
Line:S1121,Line,2호선,,,,,,,,,,,,S1121,4.0,,,
Line:S1122,Line,2호선,,,,,,,,,,,,S1122,3.0,,,
Line:S2601,Line,부산 도시철도 1호선,,,,,,,,,,,,S2601,40.0,,39900.0,1985-07-19
Line:S2602,Line,부산 도시철도 2호선,,,,,,,,,,,,S2602,43.0,,45200.0,1999-06-30
Line:S2603,Line,부산 도시철도 3호선,,,,,,,,,,,,S2603,17.0,,18100.0,2005-11-28
Line:S2701,Line,대구 도시철도 1호선,,,,,,,,,,,,S2701,35.0,,28400.0,1997-11-26
Line:S2702,Line,대구 도시철도 2호선,,,,,,,,,,,,S2702,29.0,,31400.0,2012-09-19
Line:S2703,Line,대구 도시철도 3호선,,,,,,,,,,,,S2703,30.0,,23100.0,2015-04-23
Line:S2801,Line,인천지하철 1호선,,,,,,,,,,,,S2801,33.0,,30300.0,1999-10-06
Line:S2802,Line,인천지하철 2호선,,,,,,,,,,,,S2802,27.0,,29100.0,2016-07-30
Line:S28M1,Line,자기부상철도,,,,,,,,,,,,S28M1,6.0,,,2016-02-03
Line:S2901,Line,광주도시철도 1호선,,,,,,,,,,,,S2901,20.0,,,
Line:S3001,Line,대전 도시철도 1호선,,,,,,,,,,,,S3001,22.0,,20470.0,2006-03-16
Line:S4108,Line,수도권 광역철도 8호선,,,,,,,,,,,,S4108,2.0,,,
Operator:경기도_신분당선,Operator,경기도 신분당선,,,,,,,,,,,,,16.0,,,
Operator:경기도_용인경전철,Operator,경기도 용인경전철,,,,,,,,,,,,,15.0,,,
Operator:공항철도주식회사,Operator,공항철도주식회사,,,,,,,,,,,,,14.0,,,
Operator:광주교통공사,Operator,광주교통공사,,,,,,,,,,,,,20.0,,,
Operator:구리도시공사,Operator,구리도시공사,,,,,,,,,,,,,3.0,,,
Operator:김포골드라인에스알에스,Operator,김포골드라인에스알에스㈜,,,,,,,,,,,,,10.0,,,
Operator:남서울경전철_주식회사,Operator,남서울경전철 주식회사,,,,,,,,,,,,,11.0,,,
Operator:남양주도시공사,Operator,남양주도시공사,,,,,,,,,,,,,5.0,,,
Operator:대구교통공사,Operator,대구교통공사,,,,,,,,,,,,,94.0,,,
Operator:대전교통공사,Operator,대전교통공사,,,,,,,,,,,,,22.0,,,
Operator:부산-김해경전철,Operator,부산-김해경전철㈜,,,,,,,,,,,,,21.0,,,
Operator:부산광역시_부산교통공사,Operator,부산광역시 부산교통공사,,,,,,,,,,,,,114.0,,,
Operator:서울교통공사,Operator,서울교통공사,,,,,,,,,,,,,276.0,,,
Operator:서울시메트로9호선,Operator,서울시메트로9호선㈜,,,,,,,,,,,,,13.0,,,
Operator:서울특별시_서울시메트로9호선,Operator,서울특별시 서울시메트로9호선㈜,,,,,,,,,,,,,25.0,,,
Operator:우이신설경전철운영,Operator,우이신설경전철운영㈜,,,,,,,,,,,,,13.0,,,
Operator:의정부경량전철,Operator,의정부경량전철㈜,,,,,,,,,,,,,15.0,,,
Operator:인천광역시_인천국제공항공사,Operator,인천광역시 인천국제공항공사,,,,,,,,,,,,,6.0,,,
Operator:인천교통공사,Operator,인천교통공사,,,,,,,,,,,,,71.0,,,
Operator:한국철도공사,Operator,한국철도공사,,,,,,,,,,,,,330.0,,,
Region:강원특별자치도,Region,강원특별자치도,,,,,,,,,,,,,6.0,,,
Region:경기도,Region,경기도,,,,,,,,,,,,,271.0,,,
Region:경상남도,Region,경상남도,,,,,,,,,,,,,17.0,,,
Region:경상북도,Region,경상북도,,,,,,,,,,,,,10.0,,,
Region:광주광역시,Region,광주광역시,,,,,,,,,,,,,20.0,,,
Region:대구광역시,Region,대구광역시,,,,,,,,,,,,,92.0,,,
Region:대전광역시,Region,대전광역시,,,,,,,,,,,,,22.0,,,
Region:부산광역시,Region,부산광역시,,,,,,,,,,,,,135.0,,,
Region:서울특별시,Region,서울특별시,,,,,,,,,,,,,403.0,,,
Region:울산광역시,Region,울산광역시,,,,,,,,,,,,,6.0,,,
Region:인천광역시,Region,인천광역시,,,,,,,,,,,,,101.0,,,
Region:충청남도,Region,충청남도,,,,,,,,,,,,,11.0,,,
MetroArea:광주권,MetroArea,광주권,,,,,,,,,,,,,20.0,,,
MetroArea:대구권,MetroArea,대구권,,,,,,,,,,,,,94.0,,,
MetroArea:대전권,MetroArea,대전권,,,,,,,,,,,,,22.0,,,
MetroArea:부산김해권,MetroArea,부산·김해권,,,,,,,,,,,,,135.0,,,
MetroArea:수도권,MetroArea,수도권,,,,,,,,,,,,,823.0,,,
